time_since_start,accel_x,accel_y,accel_z,gyro_x,gyro_y,gyro_z,lat,lon,speed_gt,heading_gt
0.069,0.50278,3.82115,9.98861,-0.30299,-0.86254,0.12339,31.2510617,75.7054269,0.530,258.00
0.177,0.32561,3.45723,9.69173,0.39706,1.26938,0.29444,31.2510617,75.7054269,0.530,258.00
0.280,-0.90022,2.23618,11.02290,0.04765,0.11973,-0.05131,31.2510617,75.7054269,0.530,258.00
0.381,-1.43173,1.60412,9.19852,-0.28344,-0.05253,0.43982,31.2510617,75.7054269,0.530,258.00
0.484,-0.98162,2.31759,7.81946,0.22113,0.56444,0.46914,31.2510617,75.7054269,0.530,258.00
0.587,-0.88585,3.38061,8.56167,0.06720,0.10018,0.30665,31.2510617,75.7054269,0.530,258.00
0.690,-0.25857,3.73974,9.67736,0.08674,-0.37141,0.35919,31.2510617,75.7054269,0.530,258.00
0.792,0.39265,2.94966,10.15141,0.51801,0.04643,0.43982,31.2510617,75.7054269,0.530,258.00
0.896,1.55144,2.11647,11.72680,-0.76358,-1.07634,-0.31154,31.2510617,75.7054269,0.530,258.00
0.999,0.69432,3.04064,7.29274,0.06231,0.44349,0.20159,31.2510395,75.7054178,0.540,255.00
1.102,0.66080,2.87783,8.37971,0.03665,0.27245,-0.17471,31.2510395,75.7054178,0.540,255.00
1.206,-0.07661,4.10366,7.93438,-0.22113,-0.22235,0.06353,31.2510395,75.7054178,0.540,255.00
1.308,0.62728,3.73974,10.77391,0.16371,0.08919,0.31643,31.2510395,75.7054178,0.540,255.00
1.410,-0.20111,3.24654,9.71567,-0.41539,0.49114,0.32620,31.2510395,75.7054178,0.540,255.00
1.512,-1.29287,0.43096,10.49139,0.43371,0.96639,0.59254,31.2510395,75.7054178,0.540,255.00
1.614,-0.52672,2.77727,7.94875,-0.16982,-0.30177,0.39340,31.2510395,75.7054178,0.540,255.00
1.716,-0.55067,1.82917,8.35098,0.17226,0.11484,0.33842,31.2510395,75.7054178,0.540,255.00
1.817,0.04310,2.93050,7.51779,0.00489,-0.26634,0.18082,31.2510395,75.7054178,0.540,255.00
1.918,-0.82839,3.18429,8.22648,0.43738,-0.33720,-0.23824,31.2510404,75.7054228,0.010,256.50
2.021,-2.38462,2.35111,12.59350,-0.99938,0.73182,-1.81793,31.2510404,75.7054228,0.010,256.50
2.122,-2.18830,3.58173,10.49618,1.72386,-1.73730,0.64996,31.2510404,75.7054228,0.010,256.50
2.224,0.93374,3.51469,7.76679,-1.31825,-0.73059,0.03054,31.2510404,75.7054228,0.010,256.50
2.327,-1.20189,2.94487,9.89284,0.28466,-0.30543,-0.46426,31.2510404,75.7054228,0.010,256.50
2.430,-1.85790,3.06458,7.71412,0.40928,0.43738,-0.10873,31.2510404,75.7054228,0.010,256.50
2.535,-0.69911,4.01747,10.98460,-0.18082,-0.34331,0.53878,31.2510404,75.7054228,0.010,256.50
2.637,-0.14844,1.85311,13.12501,-0.78069,-1.11544,0.79901,31.2510404,75.7054228,0.010,256.50
2.739,-0.07183,3.33273,8.26957,0.67073,-0.13806,0.25534,31.2510404,75.7054228,0.010,256.50
2.840,-0.49321,2.58095,8.32224,-0.29077,0.21014,0.09163,31.2510404,75.7054228,0.010,256.50
2.941,-0.03831,3.64876,6.85699,0.27245,-0.49602,0.38362,31.2510259,75.7054199,0.370,256.50
3.043,0.15323,3.37582,9.97903,0.39340,0.47281,-0.20159,31.2510259,75.7054199,0.370,256.50
3.145,-1.81480,3.99353,10.99417,-0.26145,1.51250,0.09041,31.2510259,75.7054199,0.370,256.50
3.249,-0.73741,3.36146,8.90164,0.46181,-1.07146,0.36041,31.2510259,75.7054199,0.370,256.50
3.349,0.07183,2.54264,10.42914,-1.07268,-0.19181,-0.14416,31.2510259,75.7054199,0.370,256.50
3.451,-0.27294,3.17950,7.27837,0.64752,0.46548,-0.29077,31.2510259,75.7054199,0.370,256.50
3.552,-1.32160,4.17070,8.36534,-0.02077,-0.44715,-0.01833,31.2510259,75.7054199,0.370,256.50
3.653,0.33998,3.69665,11.11867,-0.01710,-0.52412,0.23213,31.2510259,75.7054199,0.370,256.50
3.754,-0.79966,3.82115,9.29429,-0.20036,0.31765,0.06964,31.2510259,75.7054199,0.370,256.50
3.856,-2.05422,3.13162,7.13472,0.91874,0.05131,0.29932,31.2510259,75.7054199,0.370,256.50
3.958,-0.23463,2.65278,8.98304,-1.05558,-0.68417,0.56322,,,,
4.059,0.60813,3.97437,7.44597,0.25168,-0.07453,0.18082,,,,
4.160,0.04310,3.22260,10.06522,0.38607,0.00244,-0.34575,,,,
4.262,-0.14365,4.17070,8.83460,0.50091,-0.00977,-0.12339,,,,
4.364,0.64643,3.61524,10.43393,0.17226,-0.27245,-0.04276,,,,
4.466,1.18274,2.52349,8.99741,-0.62553,0.13195,-0.30788,,,,
4.572,0.54109,3.63440,6.51702,0.54000,0.19426,-0.31643,,,,
4.674,-0.33998,3.81157,9.53371,-0.60109,0.09529,0.09529,,,,
4.780,-0.04788,3.96480,9.28471,0.12706,-0.24679,0.44960,,,,
4.883,-1.55623,2.34153,11.17134,0.10873,0.33231,-0.09163,,,,
4.989,-2.89220,2.71981,8.16902,-0.02566,0.33720,0.35797,31.2510152,75.7054050,0.560,256.50
5.090,-0.13408,2.69587,6.79953,-0.32865,-0.76480,0.68906,31.2510152,75.7054050,0.560,256.50
5.192,0.66559,3.17471,9.32302,0.25534,0.01344,0.02077,31.2510152,75.7054050,0.560,256.50
5.296,0.39265,3.77805,11.28627,0.33842,-0.35797,-0.35430,31.2510152,75.7054050,0.560,256.50
5.401,-0.29688,2.94966,10.52970,0.51191,-0.19426,0.05742,31.2510152,75.7054050,0.560,256.50
5.505,1.46525,2.19309,8.66701,-1.26449,1.15576,0.43249,31.2510152,75.7054050,0.560,256.50
5.611,-0.13408,2.92093,8.95431,0.64874,0.11484,-0.34331,31.2510152,75.7054050,0.560,256.50
5.714,-0.67516,3.55778,9.38527,0.06720,-0.00733,0.03054,31.2510152,75.7054050,0.560,256.50
5.818,0.22505,4.06057,9.00699,0.50824,-0.24923,0.29322,31.2510152,75.7054050,0.560,256.50
5.922,-0.69432,2.93050,10.16578,-0.83200,0.86743,0.19181,31.2510152,75.7054050,0.560,256.50
6.024,-1.41258,2.70545,9.01656,0.37507,-0.54123,-0.19426,31.2510168,75.7053973,0.700,256.50
6.127,-2.26491,2.98796,8.81545,-0.21869,-0.16738,0.30665,31.2510168,75.7053973,0.700,256.50
6.234,0.51236,3.67749,7.43160,-0.21502,0.20769,0.03299,31.2510168,75.7053973,0.700,256.50
6.338,-1.40300,2.71502,10.53928,-0.21136,-0.21258,-0.75503,31.2510168,75.7053973,0.700,256.50
6.442,-1.50835,3.33273,9.70131,0.43738,0.07086,0.16249,31.2510168,75.7053973,0.700,256.50
6.546,0.01915,3.03106,9.78750,0.28466,-0.58277,-0.11606,31.2510168,75.7053973,0.700,256.50
6.653,-0.25379,1.70467,10.96544,-1.22540,1.02503,-0.73793,31.2510168,75.7053973,0.700,256.50
6.761,-1.07739,2.84431,8.46590,0.89553,-0.52657,-0.51557,31.2510168,75.7053973,0.700,256.50
6.870,-1.32160,3.69665,8.19775,0.75869,-0.26145,0.45937,31.2510168,75.7053973,0.700,256.50
6.978,-0.09098,3.49553,9.54808,1.23150,-1.66888,-0.70738,31.2510179,75.7053879,0.760,256.50
7.084,-1.32160,2.15957,11.42034,-1.25227,0.01588,-0.57055,31.2510179,75.7053879,0.760,256.50
7.189,-2.37505,3.07894,7.43639,0.08308,0.39828,0.01710,31.2510179,75.7053879,0.760,256.50
7.293,-0.18675,3.42850,8.10198,-0.30421,0.07086,0.69516,31.2510179,75.7053879,0.760,256.50
7.396,0.69432,4.09408,9.76834,-0.03421,-0.00977,0.06842,31.2510179,75.7053879,0.760,256.50
7.499,1.15879,4.81235,10.33337,0.91263,0.04032,-0.44471,31.2510179,75.7053879,0.760,256.50
7.603,1.79565,3.38061,12.12424,-0.28222,-0.05620,-0.12706,31.2510179,75.7053879,0.760,256.50
7.707,1.55144,3.50511,8.14986,0.00122,-0.12950,-0.39951,31.2510179,75.7053879,0.760,256.50
7.811,-0.17238,2.35111,8.37013,0.39095,-0.60109,-1.00304,31.2510179,75.7053879,0.760,256.50
7.914,-1.77650,4.87459,6.96713,0.65851,0.21258,-0.59498,31.2510179,75.7053879,0.760,256.50
8.018,-1.53708,5.21936,8.21211,0.27978,0.16982,0.55344,31.2510191,75.7053753,0.800,256.50
8.121,-0.35434,5.93283,8.05888,0.12462,-0.30177,0.54856,31.2510191,75.7053753,0.800,256.50
8.224,-0.18675,4.55856,9.12670,-0.37385,0.03665,0.45448,31.2510191,75.7053753,0.800,256.50
8.327,0.07661,3.42850,9.75398,-0.36163,0.15516,-0.09285,31.2510191,75.7053753,0.800,256.50
8.431,-1.82438,4.34308,7.08684,0.38851,0.45448,-0.00977,31.2510191,75.7053753,0.800,256.50
8.535,-0.11013,6.12437,7.72848,0.27733,0.05253,0.15149,31.2510191,75.7053753,0.800,256.50
8.638,0.84755,7.90087,8.20253,-0.51924,-0.20281,0.21747,31.2510191,75.7053753,0.800,256.50
8.741,1.45567,3.28484,11.87045,0.20036,-0.97250,-0.37141,31.2510191,75.7053753,0.800,256.50
8.846,1.75256,4.55856,6.39731,-0.37629,0.05620,-0.58521,31.2510191,75.7053753,0.800,256.50
8.949,0.60813,3.17471,8.20253,-0.07819,-0.36896,-0.69394,31.2510241,75.7053496,0.960,256.50
9.052,-0.28730,3.70144,8.24563,-0.05253,-0.22846,-0.54856,31.2510241,75.7053496,0.960,256.50
9.154,-1.79565,3.65834,11.07558,-0.68417,-0.25779,0.65118,31.2510241,75.7053496,0.960,256.50
9.258,-0.03831,1.85311,12.53125,0.31154,-0.49724,-0.06597,31.2510241,75.7053496,0.960,256.50
9.363,-2.13084,3.45723,6.20577,0.32254,0.66829,0.56200,31.2510241,75.7053496,0.960,256.50
9.468,0.35434,3.75890,7.32626,0.18937,0.09652,0.81245,31.2510241,75.7053496,0.960,256.50
9.573,1.11570,4.63996,7.92002,0.13928,0.00489,0.38973,31.2510241,75.7053496,0.960,256.50
9.677,2.15478,6.29196,8.87770,0.32987,-0.51068,0.01955,31.2510241,75.7053496,0.960,256.50
9.779,3.05979,3.16992,12.55041,-0.16127,-0.10873,-0.04520,31.2510241,75.7053496,0.960,256.50
9.883,2.86825,3.86424,7.39329,-0.15394,0.14416,-0.37018,31.2510241,75.7053496,0.960,256.50
9.985,2.30322,3.63919,7.22570,0.10018,-0.19792,-0.70127,31.2510300,75.7053227,0.970,283.70
10.088,1.18274,4.06057,8.68138,-0.02199,-0.10996,-0.29322,31.2510300,75.7053227,0.970,283.70
10.192,0.17717,4.44364,9.27993,0.32987,0.45082,0.22113,31.2510300,75.7053227,0.970,283.70
10.298,0.56024,4.61123,9.50977,-0.56322,0.44227,0.64630,31.2510300,75.7053227,0.970,283.70
10.403,0.24421,3.73495,7.59441,0.70127,-0.07697,-0.05009,31.2510300,75.7053227,0.970,283.70
10.507,0.31125,4.90811,6.07170,-0.38118,0.63530,0.55100,31.2510300,75.7053227,0.970,283.70
10.610,1.07739,4.17549,9.46667,-0.46548,0.28100,0.49358,31.2510300,75.7053227,0.970,283.70
10.713,0.97205,4.82192,7.83383,0.15394,-0.01710,-0.01588,31.2510300,75.7053227,0.970,283.70
10.817,1.32160,5.45878,9.16500,0.21991,-0.23946,-0.28222,31.2510300,75.7053227,0.970,283.70
10.922,1.13964,6.23929,9.29908,0.21380,-0.64996,-0.35797,31.2510300,75.7053227,0.970,283.70
11.025,1.41258,3.64398,8.47547,0.21869,-0.35919,-0.47770,31.2510332,75.7053056,0.800,284.90
11.129,1.24977,3.21781,8.33182,-0.50702,0.14539,-0.20403,31.2510332,75.7053056,0.800,284.90
11.235,0.95768,3.23217,8.03494,-0.03054,-0.00122,-0.26878,31.2510332,75.7053056,0.800,284.90
11.339,1.09176,3.83072,8.64307,0.02566,-0.21991,-0.12339,31.2510332,75.7053056,0.800,284.90
11.443,0.20590,4.21858,11.62624,-0.22358,0.33353,0.34208,31.2510332,75.7053056,0.800,284.90
11.548,0.36871,3.73495,9.71567,-1.00793,0.35552,0.94073,31.2510332,75.7053056,0.800,284.90
11.652,0.25379,3.33752,8.44674,0.63163,0.65485,0.31276,31.2510332,75.7053056,0.800,284.90
11.756,-0.67038,3.57694,7.75721,-0.28588,0.38240,0.97005,31.2510332,75.7053056,0.800,284.90
11.860,1.68073,3.96480,6.09564,-0.38118,-0.19548,0.66951,31.2510332,75.7053056,0.800,284.90
11.964,1.16358,4.47716,9.62948,0.18570,0.96150,0.10140,31.2510355,75.7052887,0.870,281.00
12.066,1.07739,4.73573,10.31901,0.35675,-0.83566,0.08308,31.2510355,75.7052887,0.870,281.00
12.168,2.46124,2.71024,10.80264,-0.52901,0.44349,0.02566,31.2510355,75.7052887,0.870,281.00
12.274,1.80044,4.08930,7.18261,1.12033,0.26145,-0.77213,31.2510355,75.7052887,0.870,281.00
12.379,0.49799,2.77249,8.04931,-0.90164,-0.02810,-0.38362,31.2510355,75.7052887,0.870,281.00
12.483,0.18675,3.50990,8.13550,0.22235,0.09285,0.06231,31.2510355,75.7052887,0.870,281.00
12.588,-0.46448,4.35266,10.03649,-0.14294,0.48136,0.38973,31.2510355,75.7052887,0.870,281.00
12.694,-0.63686,4.18028,10.88404,-0.24312,-0.15394,0.69883,31.2510355,75.7052887,0.870,281.00
12.798,-1.51792,1.33596,9.63427,0.35797,-0.20281,0.39706,31.2510355,75.7052887,0.870,281.00
12.901,-1.64721,2.55701,6.78517,0.28100,0.73059,0.70983,31.2510355,75.7052887,0.870,281.00
13.006,-0.16281,3.70144,7.79073,-0.19303,0.35186,0.90408,31.2510361,75.7052678,0.990,270.00
13.110,0.53630,4.15155,9.94073,-0.10140,0.00489,0.33842,31.2510361,75.7052678,0.990,270.00
13.214,0.04788,4.91290,11.07558,0.58277,-0.09285,0.00122,31.2510361,75.7052678,0.990,270.00
13.319,1.04387,3.40455,11.44907,-0.57177,-0.00244,-0.15760,31.2510361,75.7052678,0.990,270.00
13.424,1.28808,3.67749,7.53216,0.25412,0.57299,-0.51924,31.2510361,75.7052678,0.990,270.00
13.528,0.10534,1.88663,8.60476,0.17837,-0.59865,-0.58521,31.2510361,75.7052678,0.990,270.00
13.633,-0.33040,3.36146,7.59441,0.19548,-0.16493,-0.30055,31.2510361,75.7052678,0.990,270.00
13.738,-0.60813,4.08451,10.14663,-0.14172,0.16616,0.00122,31.2510361,75.7052678,0.990,270.00
13.843,-0.96726,4.62081,10.97023,0.16982,-0.25656,0.22846,31.2510361,75.7052678,0.990,270.00
13.946,-0.96247,2.39899,8.81545,0.37996,-0.16860,0.00733,31.2510331,75.7052479,1.010,259.70
14.048,-1.02472,3.65834,5.72693,0.03665,0.67684,0.64141,31.2510331,75.7052479,1.010,259.70
14.152,-0.25379,3.56257,7.56568,-0.53390,0.41417,0.85399,31.2510331,75.7052479,1.010,259.70
14.256,0.12929,3.59130,9.37091,-0.65729,0.13928,0.28711,31.2510331,75.7052479,1.010,259.70
14.362,-0.81403,3.78763,10.64462,0.68050,0.01222,0.02077,31.2510331,75.7052479,1.010,259.70
14.465,0.19154,2.15478,12.84729,-0.64874,0.28833,-0.16616,31.2510331,75.7052479,1.010,259.70
14.566,-0.53151,2.67193,9.50498,0.56322,0.36774,-0.25045,31.2510331,75.7052479,1.010,259.70
14.671,-2.05901,1.01993,8.64307,0.60598,-0.66218,-0.29444,31.2510331,75.7052479,1.010,259.70
14.774,-1.25935,2.88741,7.65187,-0.22846,0.10629,0.38485,31.2510331,75.7052479,1.010,259.70
14.879,-2.57616,3.15077,8.70532,0.76603,0.44960,1.09589,31.2510331,75.7052479,1.010,259.70
14.984,-0.37350,2.08296,10.48660,-1.49784,-0.64141,0.61697,31.2510278,75.7052278,0.950,256.40
15.088,-2.88741,3.49553,9.06445,-0.65729,0.83689,0.77213,31.2510278,75.7052278,0.950,256.40
15.192,0.34955,3.96959,7.20176,0.17104,0.12584,0.91630,31.2510278,75.7052278,0.950,256.40
15.296,-0.80924,3.17950,9.24641,-0.35186,-0.01344,0.43982,31.2510278,75.7052278,0.950,256.40
15.400,-1.46525,3.85466,12.16733,0.53878,0.29322,0.17226,31.2510278,75.7052278,0.950,256.40
15.502,-0.89064,2.58574,13.26867,-0.85032,0.12950,0.49114,31.2510278,75.7052278,0.950,256.40
15.605,1.15879,2.13084,6.80432,1.64567,-0.11729,-0.44838,31.2510278,75.7052278,0.950,256.40
15.708,0.58419,2.58095,7.17782,-0.81245,-0.32865,-0.14539,31.2510278,75.7052278,0.950,256.40
15.810,1.05824,2.51870,9.30387,-0.24190,0.32742,-0.22358,31.2510278,75.7052278,0.950,256.40
15.914,-1.20189,3.39977,11.41555,0.16371,-0.12828,-0.05009,31.2510278,75.7052278,0.950,256.40
16.017,-1.30723,4.07014,10.43872,0.61331,0.05498,0.39584,31.2510241,75.7052158,0.830,240.20
16.120,-1.18274,0.80445,10.74039,-0.89064,-0.61575,0.29077,31.2510241,75.7052158,0.830,240.20
16.223,-2.79643,2.64320,6.61278,0.92974,0.60598,0.09041,31.2510241,75.7052158,0.830,240.20
16.327,-1.47004,3.27527,7.51300,-0.07697,-0.34331,0.38240,31.2510241,75.7052158,0.830,240.20
16.430,0.05267,5.00867,8.16902,0.09896,0.33964,0.33720,31.2510241,75.7052158,0.830,240.20
16.534,-1.55623,4.24253,11.31021,0.60476,0.55589,0.14661,31.2510241,75.7052158,0.830,240.20
16.639,0.69432,7.06768,9.08839,0.31398,-0.88087,-0.22358,31.2510241,75.7052158,0.830,240.20
16.743,0.69911,3.23696,9.97903,0.31887,-0.80390,-0.44227,31.2510241,75.7052158,0.830,240.20
16.848,1.06303,3.13640,8.88249,-0.01833,0.05498,-0.52168,31.2510241,75.7052158,0.830,240.20
16.951,1.09176,4.58729,6.27760,0.32620,-0.52779,-0.29444,31.2510170,75.7052063,0.870,231.60
17.053,1.44610,4.26647,9.11712,-0.18692,-0.61697,0.02077,31.2510170,75.7052063,0.870,231.60
17.158,-0.36392,4.54419,10.93192,0.49358,0.71838,-0.01466,31.2510170,75.7052063,0.870,231.60
17.262,-1.17795,5.23373,7.80510,-0.71227,0.32987,0.27245,31.2510170,75.7052063,0.870,231.60
17.366,-0.31125,4.39097,7.17782,-0.27733,0.70983,0.21502,31.2510170,75.7052063,0.870,231.60
17.470,-0.03352,3.52426,8.73884,-0.48258,0.27122,0.22969,31.2510170,75.7052063,0.870,231.60
17.572,0.30646,4.98473,6.74686,0.02566,-0.01222,0.29810,31.2510170,75.7052063,0.870,231.60
17.676,1.10612,5.38695,8.13550,-0.08552,-0.21991,-0.06842,31.2510170,75.7052063,0.870,231.60
17.781,2.63362,6.40688,10.07959,-0.18570,-0.50091,-0.35308,31.2510170,75.7052063,0.870,231.60
17.884,2.75812,0.69432,13.01488,-0.17471,-0.66462,-1.20829,31.2510170,75.7052063,0.870,231.60
17.988,0.91459,2.00155,8.03494,-0.50580,0.55100,-1.25960,31.2510121,75.7051952,1.030,231.40
18.090,1.30245,1.90100,8.48505,0.17715,-0.74403,-1.75318,31.2510121,75.7051952,1.030,231.40
18.193,0.06225,2.81558,10.01255,0.05742,-0.71105,-1.19852,31.2510121,75.7051952,1.030,231.40
18.297,-1.58017,1.57060,13.28782,-0.16127,-1.25960,-0.58277,31.2510121,75.7051952,1.030,231.40
18.406,-2.39899,0.05267,12.63660,-0.28833,-0.17471,-0.55711,31.2510121,75.7051952,1.030,231.40
18.511,-2.88262,2.71981,5.35344,1.14354,0.31643,-0.00855,31.2510121,75.7051952,1.030,231.40
18.615,-0.06704,2.70545,6.76601,-0.11118,0.84422,0.87476,31.2510121,75.7051952,1.030,231.40
18.719,1.24498,4.09887,7.42681,-0.87842,0.77946,0.92363,31.2510121,75.7051952,1.030,231.40
18.823,1.87705,3.66313,12.66054,-0.36530,-0.16371,-0.15394,31.2510121,75.7051952,1.030,231.40
18.928,1.98719,5.31513,12.57435,-0.02321,-0.47525,-0.69516,31.2510121,75.7051952,1.030,231.40
19.031,1.41258,0.64165,12.11466,1.18997,-0.23335,-1.54549,31.2510089,75.7051826,1.080,249.70
19.135,-0.68953,1.75734,6.59842,1.16675,-0.48014,-1.25838,31.2510089,75.7051826,1.080,249.70
19.237,-0.28730,2.61447,7.46033,0.22724,-0.88698,-0.70005,31.2510089,75.7051826,1.080,249.70
19.343,-0.85712,3.39498,9.28471,0.09529,-0.72571,-0.13195,31.2510089,75.7051826,1.080,249.70
19.446,-1.49877,3.10767,11.62146,-0.40684,0.15516,0.22480,31.2510089,75.7051826,1.080,249.70
19.551,-1.20668,2.28407,10.65420,-1.15087,0.27978,-0.06720,31.2510089,75.7051826,1.080,249.70
19.657,-2.20267,3.05500,6.84263,0.24190,0.71349,0.11240,31.2510089,75.7051826,1.080,249.70
19.762,-1.55623,3.75411,7.17782,-0.35797,0.50335,0.76480,31.2510089,75.7051826,1.080,249.70
19.867,-0.09098,3.84509,8.41323,-0.60109,0.29077,0.90042,31.2510089,75.7051826,1.080,249.70
19.971,0.36392,3.81636,12.31577,0.48503,-0.05009,0.04154,31.2510100,75.7051692,1.050,271.60
20.074,0.11013,4.74531,10.94629,-0.81367,0.76114,0.01344,31.2510100,75.7051692,1.050,271.60
20.178,0.10534,2.83473,8.26478,0.38973,0.27000,-0.43005,31.2510100,75.7051692,1.050,271.60
20.283,-0.44053,1.67594,7.75721,0.20525,-0.78679,-0.31154,31.2510100,75.7051692,1.050,271.60
20.388,-1.94409,2.42772,8.44196,0.13317,-0.09163,-0.05009,31.2510100,75.7051692,1.050,271.60
20.492,-3.28006,2.96881,9.27035,0.71593,0.23213,0.74281,31.2510100,75.7051692,1.050,271.60
20.596,-0.32082,4.04620,8.69574,-1.63101,0.22113,1.10444,31.2510100,75.7051692,1.050,271.60
20.700,-1.03908,3.36625,10.11790,0.28833,0.74648,0.16860,31.2510100,75.7051692,1.050,271.60
20.805,-2.37984,3.28006,8.01100,0.09896,0.11484,0.65729,31.2510100,75.7051692,1.050,271.60
20.910,-0.43096,4.46279,6.69898,-0.02443,0.46181,0.81001,31.2510100,75.7051692,1.050,271.60
21.014,-0.21069,4.39097,9.29429,-0.49602,0.03543,0.32498,31.2510095,75.7051552,0.990,278.50
21.119,-0.45969,4.91769,11.76990,-0.58887,0.48869,0.25045,31.2510095,75.7051552,0.990,278.50
21.222,0.35434,1.76213,9.95509,1.21929,-0.32009,-0.37385,31.2510095,75.7051552,0.990,278.50
21.326,-1.65200,2.15478,8.53772,-0.12828,0.25168,-0.30543,31.2510095,75.7051552,0.990,278.50
21.430,-0.47405,2.90177,7.66145,0.36652,0.03421,-0.27611,31.2510095,75.7051552,0.990,278.50
21.533,-1.62327,2.97360,9.38527,-0.05742,-0.08919,-0.00489,31.2510095,75.7051552,0.990,278.50
21.638,-2.44209,3.50990,11.24796,0.01588,0.43249,0.20525,31.2510095,75.7051552,0.990,278.50
21.742,-3.59609,2.85868,9.69173,-0.94440,0.22358,0.54611,31.2510095,75.7051552,0.990,278.50
21.847,-2.36547,2.72460,7.01022,0.25045,0.65851,0.54367,31.2510095,75.7051552,0.990,278.50
21.951,-2.78206,2.84431,7.76200,-0.77336,0.12462,0.89919,31.2510069,75.7051437,0.880,267.30
22.054,-0.82839,3.40934,7.87214,-0.36285,0.37507,0.93585,31.2510069,75.7051437,0.880,267.30
22.157,-1.35512,4.05578,9.09797,-0.12828,0.30055,0.40684,31.2510069,75.7051437,0.880,267.30
22.262,-1.72383,4.84108,10.36211,0.20892,0.19792,0.05131,31.2510069,75.7051437,0.880,267.30
22.365,0.79966,5.11880,10.28070,-0.00611,-1.30359,-0.55589,31.2510069,75.7051437,0.880,267.30
22.470,-0.04788,1.85790,9.40442,0.57544,-0.60964,-0.98838,31.2510069,75.7051437,0.880,267.30
22.578,-0.56503,1.71425,9.26556,0.03665,-0.47770,-0.89064,31.2510069,75.7051437,0.880,267.30
22.681,-1.55144,2.64320,8.01579,0.65851,-0.47525,-0.41661,31.2510069,75.7051437,0.880,267.30
22.784,-0.50757,3.75411,7.74764,-0.17226,-0.46670,-0.24679,31.2510069,75.7051437,0.880,267.30
22.889,-2.02549,3.05021,12.19606,-0.26634,0.54245,-0.23579,31.2510069,75.7051437,0.880,267.30
22.993,-2.10211,3.26569,10.27112,-0.41050,0.38729,0.17349,31.2510050,75.7051333,0.980,253.80
23.096,-1.75734,2.98318,7.83862,0.30910,0.41294,0.34086,31.2510050,75.7051333,0.980,253.80
23.197,-0.98162,2.74376,6.32069,-0.09285,0.22602,0.49358,31.2510050,75.7051333,0.980,253.80
23.303,-0.18675,4.39097,6.90967,-0.44104,0.57421,0.54123,31.2510050,75.7051333,0.980,253.80
23.410,0.89064,4.32393,9.81623,-0.51313,-0.23824,0.21258,31.2510050,75.7051333,0.980,253.80
23.513,-0.06225,4.60166,12.20564,-0.22969,-0.29566,-0.36285,31.2510050,75.7051333,0.980,253.80
23.616,0.20590,1.01035,12.79940,-0.31765,-0.43494,-0.81001,31.2510050,75.7051333,0.980,253.80
23.720,0.81882,2.78206,8.33182,0.85032,0.65607,-1.29870,31.2510050,75.7051333,0.980,253.80
23.825,-1.70467,1.08218,8.92080,0.82345,-0.62797,-1.16675,31.2510050,75.7051333,0.980,253.80
23.929,-1.91536,2.80122,8.11156,0.68906,-0.70127,-0.41539,31.2510028,75.7051227,1.040,254.50
24.031,-2.17394,3.15556,9.87369,0.28344,-0.86132,0.30665,31.2510028,75.7051227,1.040,254.50
24.134,-1.57538,1.19231,11.13304,-1.85703,-0.80146,-0.14783,31.2510028,75.7051227,1.040,254.50
24.236,-4.20901,3.39498,6.79474,1.24006,0.87965,-0.16493,31.2510028,75.7051227,1.040,254.50
24.339,-2.27449,3.90255,7.30232,-0.48747,0.08308,0.51435,31.2510028,75.7051227,1.040,254.50
24.444,-0.83797,3.96001,8.65743,-0.76725,0.22724,0.87476,31.2510028,75.7051227,1.040,254.50
24.548,-0.44532,4.41491,10.75954,0.23213,0.05742,0.28711,31.2510028,75.7051227,1.040,254.50
24.650,1.29287,4.91290,11.32936,-0.27367,-0.25045,0.18326,31.2510028,75.7051227,1.040,254.50
24.757,1.48919,1.69509,9.73004,1.16187,-0.42028,-0.49724,31.2510028,75.7051227,1.040,254.50
24.862,0.06225,2.22661,8.14507,-0.05253,-0.22846,-0.59498,31.2510028,75.7051227,1.040,254.50
24.966,-0.74220,3.34709,7.52737,0.77946,-0.10507,-0.41905,31.2510020,75.7051142,0.860,262.70
25.069,-0.26336,5.01346,7.83862,0.03421,-0.26145,0.06842,31.2510020,75.7051142,0.860,262.70
25.172,-1.08697,5.43963,10.40520,-0.64752,0.50213,0.47037,31.2510020,75.7051142,0.860,262.70
25.275,-2.21224,1.30245,12.44027,-0.75869,-0.08186,0.27733,31.2510020,75.7051142,0.860,262.70
25.378,-2.49955,3.09331,7.05332,0.67684,0.61697,0.14416,31.2510020,75.7051142,0.860,262.70
25.482,-1.14443,3.44286,6.98628,-0.15638,0.35064,0.56200,31.2510020,75.7051142,0.860,262.70
25.585,0.08619,4.19464,8.50899,-0.31398,0.32254,0.36408,31.2510020,75.7051142,0.860,262.70
25.690,0.40223,4.14676,11.41077,0.39951,-0.43738,-0.61820,31.2510020,75.7051142,0.860,262.70
25.795,-1.50835,1.02951,13.08671,-0.60964,-0.26512,-0.79046,31.2510020,75.7051142,0.860,262.70
25.899,0.27773,2.79164,8.03973,1.18997,0.23091,-1.29992,31.2510020,75.7051142,0.860,262.70
26.002,-0.83318,3.00712,7.95354,0.24312,-0.77091,-0.67073,31.2510009,75.7051035,0.950,266.30
26.106,-0.47405,3.16992,8.77714,0.16371,-0.48625,-0.34208,31.2510009,75.7051035,0.950,266.30
26.209,-1.66158,3.61524,11.29106,-0.07941,0.34086,-0.01833,31.2510009,75.7051035,0.950,266.30
26.313,-1.54187,4.70221,7.54174,0.08186,0.23213,0.29077,31.2510009,75.7051035,0.950,266.30
26.419,-2.13563,1.73340,9.74919,-0.40684,-0.14294,0.29688,31.2510009,75.7051035,0.950,266.30
26.524,-2.75333,3.27048,7.31189,0.37996,0.98105,0.28955,31.2510009,75.7051035,0.950,266.30
26.626,-1.04387,3.69665,7.91044,-0.35186,0.21747,0.51435,31.2510009,75.7051035,0.950,266.30
26.730,-1.03908,4.72137,7.79073,-0.19548,0.48381,0.22724,31.2510009,75.7051035,0.950,266.30
26.833,-0.75657,5.29597,9.96467,0.11362,-0.00489,-0.09041,31.2510009,75.7051035,0.950,266.30
26.937,0.37350,6.42125,10.63983,-0.19426,-0.62308,-0.33964,31.2510022,75.7050927,0.820,273.10
27.039,-0.30167,1.53708,11.21444,0.19670,-0.97616,-0.96028,31.2510022,75.7050927,0.820,273.10
27.142,-0.20590,2.93529,9.04051,0.68295,0.24679,-1.17408,31.2510022,75.7050927,0.820,273.10
27.246,-0.37350,2.78685,8.24084,0.68295,-0.63041,-0.92363,31.2510022,75.7050927,0.820,273.10
27.348,-1.65679,3.72059,8.65265,0.21625,-0.58399,-0.36163,31.2510022,75.7050927,0.820,273.10
27.454,-2.52828,4.70221,9.63906,0.06842,-0.04032,0.10507,31.2510022,75.7050927,0.820,273.10
27.559,-2.82037,1.58017,13.50330,-2.02319,-0.34331,-0.13073,31.2510022,75.7050927,0.820,273.10
27.663,-3.09331,2.69587,8.67180,1.05069,0.91141,-0.22846,31.2510022,75.7050927,0.820,273.10
27.767,-2.07817,3.53384,5.53539,0.49480,-0.06964,0.40561,31.2510022,75.7050927,0.820,273.10
27.876,-0.42138,5.16669,6.75644,0.04398,0.38851,0.59620,31.2510022,75.7050927,0.820,273.10
27.979,-0.02873,5.79397,9.73961,-0.24190,-0.14416,0.26145,31.2510025,75.7050816,1.010,288.50
28.083,0.72784,6.72292,11.38682,-0.18570,0.31521,-0.23335,31.2510025,75.7050816,1.010,288.50
28.189,1.30723,3.12204,8.20732,0.78069,-0.76480,-1.15209,31.2510025,75.7050816,1.010,288.50
28.292,-1.01514,2.96402,9.06445,0.38118,-0.09407,-0.98349,31.2510025,75.7050816,1.010,288.50
28.396,-1.01993,3.60088,7.71891,1.04336,-0.80879,-0.52779,31.2510025,75.7050816,1.010,288.50
28.499,-0.77093,4.16112,7.11557,0.38973,-1.15820,-0.33598,31.2510025,75.7050816,1.010,288.50
28.602,-2.61926,4.87938,9.67736,0.39706,0.25534,-0.02321,31.2510025,75.7050816,1.010,288.50
28.706,-2.04465,4.84108,8.47069,-0.91141,0.30543,0.15882,31.2510025,75.7050816,1.010,288.50
28.810,-1.59933,4.25210,9.39006,-0.70738,0.35919,-0.40317,31.2510025,75.7050816,1.010,288.50
28.914,-0.84755,4.78840,6.33985,0.12217,0.28588,-0.00611,31.2510025,75.7050816,1.010,288.50
29.018,0.90022,5.33428,7.63750,-0.13806,0.03543,0.05253,31.2510086,75.7050720,1.050,303.00
29.122,-1.14922,5.64553,10.51533,-0.04398,-0.07330,-0.22724,31.2510086,75.7050720,1.050,303.00
29.223,-0.86191,5.92325,9.12670,0.99815,-1.05680,-0.55222,31.2510086,75.7050720,1.050,303.00
29.330,0.79487,3.88340,9.73482,-0.40317,-1.03114,-0.70738,31.2510086,75.7050720,1.050,303.00
29.435,2.05901,2.63841,9.40442,-0.17593,-0.16371,-1.47096,31.2510086,75.7050720,1.050,303.00
29.539,-0.86670,2.54743,8.57603,0.82467,-0.95539,-1.67866,31.2510086,75.7050720,1.050,303.00
29.642,-1.98719,4.67827,7.63750,0.50946,-0.85888,-0.92118,31.2510086,75.7050720,1.050,303.00
29.747,-2.28407,6.11479,7.59920,0.12217,-0.21258,-0.19792,31.2510086,75.7050720,1.050,303.00
29.852,-2.68629,6.60321,7.93438,-1.00671,0.31887,0.10751,31.2510086,75.7050720,1.050,303.00
29.957,-0.99599,4.30477,8.38928,-0.19914,0.31521,0.00733,31.2510164,75.7050635,1.030,327.30
30.059,-1.33118,3.68228,8.07325,-0.53878,0.22969,0.27122,31.2510164,75.7050635,1.030,327.30
30.162,-0.14365,4.83150,7.02459,0.14172,0.35430,0.28588,31.2510164,75.7050635,1.030,327.30
30.265,0.00479,5.43963,8.38928,-0.29322,-0.12706,0.06475,31.2510164,75.7050635,1.030,327.30
30.369,-0.25857,6.40688,10.94629,0.36408,-0.07330,-0.57177,31.2510164,75.7050635,1.030,327.30
30.473,-0.21069,1.77650,11.44428,-0.16616,-0.74403,-0.49724,31.2510164,75.7050635,1.030,327.30
30.578,-0.27294,4.41970,7.00065,0.63897,0.63408,-0.83444,31.2510164,75.7050635,1.030,327.30
30.683,-0.75657,3.65834,8.59040,0.47159,-0.70494,-0.59376,31.2510164,75.7050635,1.030,327.30
30.787,-1.77171,4.71658,6.87615,0.56688,-0.53756,-0.10996,31.2510164,75.7050635,1.030,327.30
30.891,-2.22661,5.47315,8.06367,0.23091,0.04765,0.34697,31.2510164,75.7050635,1.030,327.30
30.996,-4.04141,3.62961,9.96946,-1.35856,0.43860,0.32865,31.2510258,75.7050587,0.950,347.80
31.100,-2.03028,5.38695,6.26323,0.32254,1.14232,0.27855,31.2510258,75.7050587,0.950,347.80
31.204,-1.57538,4.00311,7.90087,-0.74281,0.23213,0.43005,31.2510258,75.7050587,0.950,347.80
31.310,-1.80044,5.13317,7.18261,-0.18692,0.22113,0.39951,31.2510258,75.7050587,0.950,347.80
31.415,-1.42694,4.72137,11.34852,-0.09285,-0.49724,-0.14783,31.2510258,75.7050587,0.950,347.80
31.518,-0.70390,3.20344,11.43471,-0.68295,-0.42638,-0.67684,31.2510258,75.7050587,0.950,347.80
31.623,0.00479,3.75411,7.98706,0.74648,0.03054,-0.86132,31.2510258,75.7050587,0.950,347.80
31.726,-0.55545,2.67193,7.63272,-0.25656,-0.84055,-0.73059,31.2510258,75.7050587,0.950,347.80
31.828,-0.09098,4.12282,7.03895,0.21258,-0.56444,-0.46059,31.2510258,75.7050587,0.950,347.80
31.931,-1.69031,4.63517,10.15141,0.00733,-0.33598,-0.06842,31.2510354,75.7050561,1.060,354.40
32.033,-1.30245,4.40533,10.87925,0.45448,-1.12888,0.02932,31.2510354,75.7050561,1.060,354.40
32.136,-1.90578,1.01993,10.57758,0.11973,-0.71716,0.84177,31.2510354,75.7050561,1.060,354.40
32.240,-1.29287,3.28963,6.31112,-0.34331,1.10200,0.38607,31.2510354,75.7050561,1.060,354.40
32.344,0.09098,3.76847,6.87136,-0.07453,1.41354,0.51435,31.2510354,75.7050561,1.060,354.40
32.448,-0.81882,4.38618,11.57836,-0.36285,0.30299,0.09163,31.2510354,75.7050561,1.060,354.40
32.551,-3.33752,5.89931,10.31901,0.99938,0.82711,-1.13743,31.2510354,75.7050561,1.060,354.40
32.658,-3.08852,3.03106,14.21677,-0.41783,-0.24679,-0.36652,31.2510354,75.7050561,1.060,354.40
32.761,-0.90022,3.72538,3.62003,0.83811,-1.70431,-0.00367,31.2510354,75.7050561,1.060,354.40
32.866,-2.29365,2.87304,7.76679,-0.58765,-0.50213,-0.02566,31.2510354,75.7050561,1.060,354.40
32.968,-0.29688,4.46279,8.13071,-0.93707,-1.72875,0.47770,31.2510460,75.7050560,1.060,359.70
33.070,-0.26815,2.85868,12.43070,-0.52779,0.37141,0.76969,31.2510460,75.7050560,1.060,359.70
33.171,1.30245,4.60166,10.24239,1.39155,1.36712,0.08919,31.2510460,75.7050560,1.060,359.70
33.276,0.85234,2.67193,8.87770,0.36896,1.54305,0.64874,31.2510460,75.7050560,1.060,359.70
33.379,0.74220,2.83952,7.23528,0.13439,-0.28222,-0.31521,31.2510460,75.7050560,1.060,359.70
33.486,1.76213,4.09887,5.71735,0.66096,-0.81612,-0.30177,31.2510460,75.7050560,1.060,359.70
33.590,-0.01915,5.37259,8.67659,-0.13561,-0.34575,-0.13683,31.2510460,75.7050560,1.060,359.70
33.695,1.75734,4.74052,13.05798,-0.12828,-0.48869,-0.71227,31.2510460,75.7050560,1.060,359.70
33.799,1.81002,4.00789,10.52012,0.10996,-0.30177,-0.69272,31.2510460,75.7050560,1.060,359.70
33.906,-0.07183,4.83629,5.17626,-0.04887,-0.49480,-0.80146,31.2510460,75.7050560,1.060,359.70
34.009,-0.67038,4.25689,7.73327,0.27611,0.27733,-0.40561,31.2510562,75.7050540,1.150,356.90
34.113,-0.98162,6.04296,7.66145,0.12706,-0.76358,-0.18204,31.2510562,75.7050540,1.150,356.90
34.216,0.11971,6.87136,9.76355,0.57910,0.04154,0.40806,31.2510562,75.7050540,1.150,356.90
34.322,-0.30646,4.73573,10.24239,-1.00426,-0.37018,-0.06109,31.2510562,75.7050540,1.150,356.90
34.426,-1.24498,4.64475,6.78996,0.11362,1.04091,0.51801,31.2510562,75.7050540,1.150,356.90
34.530,-0.01437,4.26168,7.11078,-0.02321,0.53145,0.03910,31.2510562,75.7050540,1.150,356.90
34.635,-1.70946,4.77883,6.76601,-0.35186,-0.01344,0.00611,31.2510562,75.7050540,1.150,356.90
34.741,-0.57940,5.73172,9.04051,0.24801,-0.35186,-0.13928,31.2510562,75.7050540,1.150,356.90
34.845,-0.79966,6.64152,9.37569,0.20036,0.73426,0.00977,31.2510562,75.7050540,1.150,356.90
34.949,0.01915,3.39977,10.74039,0.29932,0.27855,-0.15027,31.2510667,75.7050527,0.990,354.70
35.051,0.85234,4.45800,5.84185,0.31887,-0.71227,-0.21991,31.2510667,75.7050527,0.990,354.70
35.153,-0.14365,4.49631,6.63194,-0.87720,-0.16860,0.14539,31.2510667,75.7050527,0.990,354.70
35.256,-0.28730,6.60321,7.43639,-0.97738,-0.35430,0.13928,31.2510667,75.7050527,0.990,354.70
35.361,1.44131,5.69341,10.07959,0.01222,-0.72204,0.23579,31.2510667,75.7050527,0.990,354.70
35.467,1.14443,4.44843,10.75954,-0.77458,-0.17104,0.21625,31.2510667,75.7050527,0.990,354.70
35.572,0.58897,4.31435,7.99663,0.63774,-0.34941,0.47892,31.2510667,75.7050527,0.990,354.70
35.675,-0.71826,1.57060,7.84340,-0.23335,0.87109,0.03543,31.2510667,75.7050527,0.990,354.70
35.779,-0.11013,3.23696,6.28717,-0.05986,-0.19670,0.48258,31.2510667,75.7050527,0.990,354.70
35.882,2.02549,4.43885,11.63103,-0.03054,-0.47403,0.09529,31.2510667,75.7050527,0.990,354.70
35.986,1.79086,4.04620,10.69729,-0.00367,-0.54978,-0.20403,31.2510763,75.7050505,1.030,350.70
36.088,3.68707,2.75333,13.60864,-0.61453,0.45815,0.21747,31.2510763,75.7050505,1.030,350.70
36.191,2.20745,3.73017,5.82749,0.10507,-0.61453,-0.15394,31.2510763,75.7050505,1.030,350.70
36.296,1.47004,3.14119,6.95276,0.32742,-0.72693,-0.12584,31.2510763,75.7050505,1.030,350.70
36.400,3.03585,4.33351,8.21690,0.33720,-1.69943,0.40806,31.2510763,75.7050505,1.030,350.70
36.505,4.24253,5.55934,10.39084,0.13806,0.89309,0.42883,31.2510763,75.7050505,1.030,350.70
36.608,2.38462,4.69742,15.03559,-0.83078,0.79168,-0.06964,31.2510763,75.7050505,1.030,350.70
36.712,-1.67594,1.55144,7.94396,0.27855,2.16491,0.31643,31.2510763,75.7050505,1.030,350.70
36.816,-0.75178,-0.04788,6.50265,-0.38362,1.11544,1.44409,31.2510763,75.7050505,1.030,350.70
36.919,0.02873,2.56180,7.23528,0.11606,-1.47952,1.51006,31.2510763,75.7050505,1.030,350.70
37.021,1.20668,3.35188,5.90410,-2.44835,3.36831,-0.20769,31.2510869,75.7050489,1.010,349.30
37.125,2.00634,3.83072,10.98460,1.35734,-2.77088,-0.92729,31.2510869,75.7050489,1.010,349.30
37.230,1.82438,-0.72784,9.02614,1.05924,-0.35430,-1.02137,31.2510869,75.7050489,1.010,349.30
37.333,1.76692,2.34153,6.14352,-0.51068,1.12277,-0.93585,31.2510869,75.7050489,1.010,349.30
37.438,1.06303,2.25055,7.40766,-0.31398,0.21014,-0.41783,31.2510869,75.7050489,1.010,349.30
37.544,1.78129,2.56180,11.20486,-0.46792,-0.16860,-0.61453,31.2510869,75.7050489,1.010,349.30
37.648,-2.05901,3.72538,11.76990,0.19181,1.56137,0.65240,31.2510869,75.7050489,1.010,349.30
37.753,-2.23140,0.82839,12.70363,0.14050,0.26878,1.10322,31.2510869,75.7050489,1.010,349.30
37.855,-0.86191,0.44532,5.71257,0.34575,-0.40928,0.25779,31.2510869,75.7050489,1.010,349.30
37.958,-0.17238,1.67115,7.49864,-0.10385,-0.61453,0.57299,31.2510956,75.7050474,0.980,348.70
38.062,0.34477,3.45244,7.74764,0.13073,0.47403,0.61575,31.2510956,75.7050474,0.980,348.70
38.166,0.59855,5.10923,12.53125,0.36896,-0.13928,-0.06597,31.2510956,75.7050474,0.980,348.70
38.271,-0.28252,4.84108,14.76744,0.23946,1.82038,-0.69639,31.2510956,75.7050474,0.980,348.70
38.375,0.13408,0.68474,5.18584,1.50151,-0.19670,-0.30055,31.2510956,75.7050474,0.980,348.70
38.481,-0.08140,2.69108,6.86657,-0.32009,-0.31398,-0.50946,31.2510956,75.7050474,0.980,348.70
38.583,-0.90501,3.28484,7.76200,-0.85888,-0.73304,-0.16493,31.2510956,75.7050474,0.980,348.70
38.690,-2.54264,4.37181,10.90798,-0.75747,-0.43616,-0.09163,31.2510956,75.7050474,0.980,348.70
38.793,-1.51792,3.68228,9.76355,-0.18570,-0.88209,0.04032,31.2510956,75.7050474,0.980,348.70
38.899,-2.66714,0.64643,12.01410,-0.36652,-0.12950,0.81489,31.2510956,75.7050474,0.980,348.70
39.002,-1.73819,1.50835,6.35421,0.44838,-0.71593,0.56322,31.2511056,75.7050454,1.060,350.90
39.109,1.37427,2.29365,6.33027,-0.51068,0.12217,1.19852,31.2511056,75.7050454,1.060,350.90
39.212,1.72861,3.68228,10.13705,0.56566,1.02014,0.28466,31.2511056,75.7050454,1.060,350.90
39.317,1.28808,4.25210,12.22001,0.28466,-0.03543,-0.11851,31.2511056,75.7050454,1.060,350.90
39.421,2.58095,4.32393,13.54639,-0.41050,0.30177,0.10140,31.2511056,75.7050454,1.060,350.90
39.524,2.32716,1.49877,7.01501,0.52657,-1.81549,-0.74159,31.2511056,75.7050454,1.060,350.90
39.626,1.23062,1.25935,7.38372,-0.18082,0.74281,-0.35919,31.2511056,75.7050454,1.060,350.90
39.728,0.57940,2.56658,7.59920,-0.12095,-0.60476,-0.51068,31.2511056,75.7050454,1.060,350.90
39.832,0.38786,4.18028,10.65420,0.14661,0.47281,-0.03543,31.2511056,75.7050454,1.060,350.90
39.936,0.30167,4.91769,10.26634,-0.18326,0.22358,0.51801,31.2511146,75.7050438,1.060,347.30
40.039,0.89543,1.85790,11.69807,0.21869,-0.47403,0.44349,31.2511146,75.7050438,1.060,347.30
40.145,-0.58897,2.78685,6.93361,0.56322,0.21747,0.04643,31.2511146,75.7050438,1.060,347.30
40.248,-0.09577,2.73897,5.79397,0.11729,-0.18570,0.55833,31.2511146,75.7050438,1.060,347.30
40.351,1.40779,4.01747,9.02135,-0.28222,0.99571,0.30177,31.2511146,75.7050438,1.060,347.30
40.456,1.51792,5.53539,11.07079,-0.11118,-0.31398,-0.28833,31.2511146,75.7050438,1.060,347.30
40.559,2.25055,3.47638,14.84405,-0.86132,0.04643,0.17959,31.2511146,75.7050438,1.060,347.30
40.667,2.48997,2.12605,7.46991,0.62675,-0.98471,-1.00304,31.2511146,75.7050438,1.060,347.30
40.771,1.47962,1.47483,8.00142,-0.14905,-0.66096,-0.37751,31.2511146,75.7050438,1.060,347.30
40.875,2.09732,2.38941,6.92882,-1.01526,-0.24923,-0.45937,31.2511146,75.7050438,1.060,347.30
40.979,0.45490,2.65756,11.65497,0.72204,0.00855,-0.32742,31.2511237,75.7050404,1.110,348.40
41.081,0.56503,3.25611,11.31979,-0.17471,-0.37263,0.28833,31.2511237,75.7050404,1.110,348.40
41.184,0.10534,1.81959,10.09395,0.54000,-0.01466,0.07453,31.2511237,75.7050404,1.110,348.40
41.289,-0.89543,3.23217,6.78038,0.01344,0.94318,0.37018,31.2511237,75.7050404,1.110,348.40
41.392,0.66080,3.03585,7.97748,-0.05253,0.02932,0.31276,31.2511237,75.7050404,1.110,348.40
41.497,0.98641,3.88340,8.57124,-0.26756,0.07941,0.57421,31.2511237,75.7050404,1.110,348.40
41.601,1.32639,4.45800,11.73159,0.46792,0.36896,-0.24435,31.2511237,75.7050404,1.110,348.40
41.705,0.61770,5.25767,11.25275,-0.12462,0.82955,0.05376,31.2511237,75.7050404,1.110,348.40
41.807,1.18752,2.65278,6.96713,0.47647,-1.26693,-0.44715,31.2511237,75.7050404,1.110,348.40
41.912,0.72784,2.32238,9.01178,-0.08796,1.19974,0.08674,31.2511237,75.7050404,1.110,348.40
42.017,0.62728,3.20344,7.09163,-0.04520,-0.61820,-0.09285,31.2511334,75.7050378,1.030,350.50
42.119,0.50278,3.72538,9.94073,0.04765,0.17349,-0.01344,31.2511334,75.7050378,1.030,350.50
42.223,-0.14365,4.12760,11.00375,-0.48991,0.13928,0.46059,31.2511334,75.7050378,1.030,350.50
42.328,0.31125,1.21625,10.63504,0.14783,-1.08856,0.10140,31.2511334,75.7050378,1.030,350.50
42.431,-0.84276,3.13640,6.41167,0.16371,0.51435,-0.22724,31.2511334,75.7050378,1.030,350.50
42.536,-0.04310,3.55300,7.77637,0.02199,0.17959,0.32376,31.2511334,75.7050378,1.030,350.50
42.640,0.43096,4.78362,9.03093,0.28955,0.61820,0.31032,31.2511334,75.7050378,1.030,350.50
42.744,1.34554,5.05177,10.90319,0.18448,-0.40439,-0.04520,31.2511334,75.7050378,1.030,350.50
42.847,1.29287,3.44765,12.96700,-0.04643,0.74403,-0.15638,31.2511334,75.7050378,1.030,350.50
42.954,1.97282,3.15077,7.12993,0.15394,-0.24068,-0.83811,31.2511430,75.7050352,1.050,349.70
43.058,0.83318,1.82917,7.56089,0.27000,-0.91996,-1.09834,31.2511430,75.7050352,1.050,349.70
43.161,0.17717,3.56736,7.58962,-0.32498,-0.49114,-0.77458,31.2511430,75.7050352,1.050,349.70
43.262,-1.66636,4.09408,11.95185,0.02932,0.09407,-0.14050,31.2511430,75.7050352,1.050,349.70
43.370,-2.45645,3.96480,11.53048,-0.24679,0.37751,0.59132,31.2511430,75.7050352,1.050,349.70
43.475,-1.98719,2.18830,8.97826,0.37507,-0.17349,0.23091,31.2511430,75.7050352,1.050,349.70
43.580,-0.77572,2.43251,5.36780,0.12828,0.07208,0.52412,31.2511430,75.7050352,1.050,349.70
43.685,1.18274,3.40455,6.81869,-0.29322,0.49847,0.87720,31.2511430,75.7050352,1.050,349.70
43.787,1.63285,4.50589,10.12747,-0.29077,-0.03543,0.55467,31.2511430,75.7050352,1.050,349.70
43.892,1.72383,5.37259,12.77067,-0.17837,-0.68295,-0.35552,31.2511430,75.7050352,1.050,349.70
43.995,0.84276,2.52349,12.72279,1.04580,-1.27793,-0.96517,31.2511536,75.7050334,1.180,354.90
44.097,1.47004,3.13640,7.03895,0.49602,0.01222,-0.65363,31.2511536,75.7050334,1.180,354.90
44.199,0.69911,2.49955,6.19141,-0.01222,-1.12399,-0.50335,31.2511536,75.7050334,1.180,354.90
44.303,0.00958,4.65433,7.81467,0.25534,0.43982,-0.37507,31.2511536,75.7050334,1.180,354.90
44.409,-1.20189,5.31513,9.27514,-0.05131,1.21562,0.81856,31.2511536,75.7050334,1.180,354.90
44.513,-0.71826,3.69665,12.23437,-1.08490,1.52594,0.71349,31.2511536,75.7050334,1.180,354.90
44.616,-2.06859,3.33752,7.79073,-0.13561,0.31521,0.02077,31.2511536,75.7050334,1.180,354.90
44.720,-0.67516,2.72939,5.81791,0.14294,-0.08796,0.40806,31.2511536,75.7050334,1.180,354.90
44.823,0.20590,4.07493,7.17782,-0.37385,0.52657,0.83566,31.2511536,75.7050334,1.180,354.90
44.925,1.66636,3.58651,13.54639,-1.59802,-1.33657,0.21014,31.2511653,75.7050324,1.190,359.60
45.028,0.53151,3.63440,15.42824,-0.70127,0.86987,-0.11851,31.2511653,75.7050324,1.190,359.60
45.130,2.07817,1.87227,7.23528,0.92485,-1.26327,-1.27671,31.2511653,75.7050324,1.190,359.60
45.235,1.09176,1.40779,8.53294,0.45326,1.21562,-0.85032,31.2511653,75.7050324,1.190,359.60
45.342,0.12450,1.99676,7.35020,0.37018,-0.73670,-0.79779,31.2511653,75.7050324,1.190,359.60
45.449,-1.30245,3.15077,9.36612,0.09407,-0.13439,-0.07208,31.2511653,75.7050324,1.190,359.60
45.553,-1.41258,3.57694,10.42914,-0.72571,0.22724,0.54245,31.2511653,75.7050324,1.190,359.60
45.655,-1.48919,1.82917,11.49217,-0.04520,-0.61942,-0.13317,31.2511653,75.7050324,1.190,359.60
45.758,-1.47962,3.38540,6.02860,0.12950,0.67440,0.23579,31.2511653,75.7050324,1.190,359.60
45.862,0.41180,3.28484,7.36935,-0.10385,0.08919,0.73915,31.2511653,75.7050324,1.190,359.60
45.966,1.48441,4.08451,9.71088,0.04154,0.04643,0.24923,31.2511767,75.7050323,1.160,6.40
46.069,1.22583,4.96079,12.50731,0.50091,-0.24190,-0.66218,31.2511767,75.7050323,1.160,6.40
46.171,-0.22027,2.79643,11.41077,0.89675,-0.37141,-0.37018,31.2511767,75.7050323,1.160,6.40
46.275,0.60813,2.92571,7.05811,0.35675,-0.29199,-0.53512,31.2511767,75.7050323,1.160,6.40
46.379,-0.21548,2.12605,5.93283,0.16860,-0.54367,-0.52412,31.2511767,75.7050323,1.160,6.40
46.484,0.06225,3.68228,7.52258,0.11729,-0.02443,-0.17959,31.2511767,75.7050323,1.160,6.40
46.587,-1.22583,4.29999,11.66455,-0.45082,0.27611,0.54734,31.2511767,75.7050323,1.160,6.40
46.691,-1.14922,3.53863,13.34049,-0.85399,0.03665,1.00793,31.2511767,75.7050323,1.160,6.40
46.793,-0.83318,3.37104,7.80989,0.37507,-0.07330,0.03787,31.2511767,75.7050323,1.160,6.40
46.895,-0.40223,3.19865,5.24809,0.69394,0.47281,0.27000,31.2511767,75.7050323,1.160,6.40
46.999,0.05746,4.23774,6.28717,0.00855,0.72937,0.91508,31.2511868,75.7050344,1.220,9.80
47.104,2.01592,5.67426,11.23359,-0.53878,-0.16371,0.40195,31.2511868,75.7050344,1.220,9.80
47.209,1.89142,5.02304,14.70519,-0.72815,0.65607,-0.29444,31.2511868,75.7050344,1.220,9.80
47.312,1.73340,4.13239,8.03494,0.61087,-0.55222,-1.25716,31.2511868,75.7050344,1.220,9.80
47.416,-0.04310,1.77171,8.03015,0.06109,-0.40195,-0.62308,31.2511868,75.7050344,1.220,9.80
47.520,-0.36871,2.71024,6.76601,0.58765,-0.77824,-0.70250,31.2511868,75.7050344,1.220,9.80
47.624,-1.34075,4.29520,9.70131,-0.07330,0.06842,0.06597,31.2511868,75.7050344,1.220,9.80
47.728,-0.82839,3.93128,11.24796,-1.41599,0.92118,0.83444,31.2511868,75.7050344,1.220,9.80
47.832,-0.69432,3.47159,9.20331,0.17593,-0.59498,-0.29444,31.2511868,75.7050344,1.220,9.80
47.935,-1.62327,3.70622,6.97192,0.32620,0.78069,0.38362,31.2511986,75.7050371,1.260,9.80
48.037,-0.35434,4.18028,7.19218,0.49847,0.78069,0.80146,31.2511986,75.7050371,1.260,9.80
48.141,-0.14365,5.43963,9.64863,0.06720,0.87109,0.47403,31.2511986,75.7050371,1.260,9.80
48.247,1.45089,6.79953,10.56322,-0.72693,0.01344,0.10385,31.2511986,75.7050371,1.260,9.80
48.350,1.67594,2.98318,8.86333,0.50946,-1.44409,-0.61209,31.2511986,75.7050371,1.260,9.80
48.454,1.14443,2.63362,8.01579,0.24679,0.06597,-0.70494,31.2511986,75.7050371,1.260,9.80
48.557,0.38786,3.33273,7.08684,-0.00733,-0.73548,-0.56444,31.2511986,75.7050371,1.260,9.80
48.660,0.12929,4.25210,9.31823,0.10018,-0.67195,-0.32987,31.2511986,75.7050371,1.260,9.80
48.763,-1.66158,5.23373,8.67659,0.05986,0.80634,0.52290,31.2511986,75.7050371,1.260,9.80
48.867,-0.80924,2.72460,10.67814,-0.22724,-1.46852,0.14050,31.2511986,75.7050371,1.260,9.80
48.969,-1.35033,3.75411,5.93762,0.49724,1.40621,0.09041,31.2512104,75.7050391,1.230,6.30
49.072,-0.83318,3.73017,6.89530,-0.16005,0.58643,0.73182,31.2512104,75.7050391,1.230,6.30
49.174,0.07661,4.08930,8.23605,-0.46914,0.49847,0.67684,31.2512104,75.7050391,1.230,6.30
49.277,0.94810,5.26724,11.17613,-0.49847,-0.10629,-0.13317,31.2512104,75.7050391,1.230,6.30
49.381,1.24020,4.90811,13.82891,-0.91385,-0.05986,-0.28955,31.2512104,75.7050391,1.230,6.30
49.485,0.61292,2.91614,8.78672,0.52290,0.27978,-0.78557,31.2512104,75.7050391,1.230,6.30
49.590,-1.03430,2.13563,7.45076,0.67317,-0.86865,-0.70494,31.2512104,75.7050391,1.230,6.30
49.693,-1.42694,3.04064,6.94318,0.67562,-0.56077,-0.24190,31.2512104,75.7050391,1.230,6.30
49.797,-1.51792,4.21858,8.65265,0.24923,0.19670,0.28955,31.2512104,75.7050391,1.230,6.30
49.901,-1.58496,5.14753,9.38527,-1.44164,1.32924,0.85155,31.2512104,75.7050391,1.230,6.30
50.003,-1.30723,3.16035,11.84172,-0.17226,-0.92607,-0.00244,31.2512219,75.7050405,1.120,5.40
50.105,-3.00712,4.04620,5.24809,0.83933,0.95539,0.68783,31.2512219,75.7050405,1.120,5.40
50.211,-0.14365,3.67749,6.17704,-0.16982,0.36163,1.25350,31.2512219,75.7050405,1.120,5.40
50.316,0.62249,4.55377,9.63906,-0.36652,0.58032,0.86987,31.2512219,75.7050405,1.120,5.40
50.420,1.47004,6.10043,10.25676,-0.89309,0.01955,0.23824,31.2512219,75.7050405,1.120,5.40
50.523,1.19710,2.95444,10.62547,0.13561,-0.91263,-0.41783,31.2512219,75.7050405,1.120,5.40
50.627,1.27372,2.46603,8.65265,0.03787,0.35308,-0.48136,31.2512219,75.7050405,1.120,5.40
50.730,0.68474,2.73897,7.35020,0.20525,-0.60231,-0.60476,31.2512219,75.7050405,1.120,5.40
50.834,-0.29209,2.75812,9.87848,0.02566,-0.58521,-0.33842,31.2512219,75.7050405,1.120,5.40
50.938,-1.53229,3.52426,9.98382,0.32620,0.01344,0.11851,31.2512324,75.7050385,1.010,350.50
51.040,-1.81002,2.49476,12.50252,-1.27426,0.47403,0.80146,31.2512324,75.7050385,1.010,350.50
51.142,-1.44131,2.83952,7.90565,0.70250,0.28955,-0.06109,31.2512324,75.7050385,1.010,350.50
51.247,-0.28730,2.84910,6.29675,-0.19181,0.28466,0.62797,31.2512324,75.7050385,1.010,350.50
51.352,1.13964,3.83551,8.76278,-0.33353,0.40195,0.67928,31.2512324,75.7050385,1.010,350.50
51.455,1.33596,5.11401,11.18092,0.15027,0.07697,-0.16493,31.2512324,75.7050385,1.010,350.50
51.559,1.00078,5.31992,11.88482,-0.44471,0.23946,-0.46304,31.2512324,75.7050385,1.010,350.50
51.664,1.11091,2.42772,9.05487,0.90775,-1.04458,-1.36467,31.2512324,75.7050385,1.010,350.50
51.769,-0.85712,2.15478,8.52336,0.73426,0.04643,-0.79168,31.2512324,75.7050385,1.010,350.50
51.874,0.31603,3.15077,5.74608,0.00000,-0.90897,-0.52046,31.2512324,75.7050385,1.010,350.50
51.977,0.08140,4.36224,8.52815,0.10873,-0.17471,-0.47159,31.2512422,75.7050341,1.120,345.30
52.078,-1.61848,5.58807,10.97981,-0.38118,0.57910,0.24190,31.2512422,75.7050341,1.120,345.30
52.179,-0.99599,2.58095,12.39718,0.12462,-1.16553,0.06964,31.2512422,75.7050341,1.120,345.30
52.287,-1.67594,3.49553,5.48751,0.90042,0.73793,-0.41172,31.2512422,75.7050341,1.120,345.30
52.391,-1.16837,4.18506,6.68940,-0.34208,0.37751,0.76114,31.2512422,75.7050341,1.120,345.30
52.496,-0.12929,4.60166,8.52336,-0.14172,0.28466,0.76236,31.2512422,75.7050341,1.120,345.30
52.599,0.43574,6.27281,9.35175,0.10385,0.14172,0.16493,31.2512422,75.7050341,1.120,345.30
52.701,-0.72305,4.08451,14.85842,-0.30055,1.17408,0.33720,31.2512422,75.7050341,1.120,345.30
52.805,0.67038,4.35745,6.11479,0.77946,-0.19059,-0.77336,31.2512422,75.7050341,1.120,345.30
52.909,-1.00556,3.70622,8.05409,0.08186,-0.10996,-0.34941,31.2512422,75.7050341,1.120,345.30
53.014,-0.41180,4.62081,7.17303,0.61209,-0.34453,-0.46059,31.2512516,75.7050308,1.030,343.60
53.120,-2.07338,6.00945,8.12113,0.35552,0.29199,0.14661,31.2512516,75.7050308,1.030,343.60
53.223,-2.57616,6.24408,9.44752,-0.63286,0.10018,0.56322,31.2512516,75.7050308,1.030,343.60
53.327,-2.03507,3.71580,8.70053,-0.39462,-0.59743,0.39951,31.2512516,75.7050308,1.030,343.60
53.432,-2.41814,4.12282,6.28239,0.05742,0.66706,0.46670,31.2512516,75.7050308,1.030,343.60
53.536,-0.51715,4.21380,5.77481,-0.12950,0.05498,0.94928,31.2512516,75.7050308,1.030,343.60
53.642,1.44610,5.59764,8.81545,-0.28344,0.59865,0.47281,31.2512516,75.7050308,1.030,343.60
53.746,1.43652,7.13472,11.26232,-0.21991,-0.42394,-0.33720,31.2512516,75.7050308,1.030,343.60
53.850,-0.05746,3.11725,11.55921,0.41783,-1.18264,-0.57421,31.2512516,75.7050308,1.030,343.60
53.955,0.67995,3.54821,7.10120,0.34086,0.19548,-0.69761,31.2512617,75.7050271,1.150,343.60
54.058,0.32561,3.44765,7.36935,0.26267,-0.85032,-0.73793,31.2512617,75.7050271,1.150,343.60
54.162,-0.57461,4.97994,7.40287,-0.06720,-0.25656,-0.26389,31.2512617,75.7050271,1.150,343.60
54.267,-0.81882,5.67905,10.42435,-0.24435,0.11484,0.62308,31.2512617,75.7050271,1.150,343.60
54.370,0.09577,2.16436,14.08748,-1.46852,-0.14172,0.93218,31.2512617,75.7050271,1.150,343.60
54.475,-1.11091,3.51948,5.62637,0.74648,0.52779,-0.41661,31.2512617,75.7050271,1.150,343.60
54.579,-0.08140,4.35266,5.66468,0.20159,0.44838,0.51313,31.2512617,75.7050271,1.150,343.60
54.684,1.63763,5.03261,8.48505,-0.09041,1.40132,0.90408,31.2512617,75.7050271,1.150,343.60
54.787,2.64799,5.39174,11.00854,-0.84299,-1.32191,-0.04154,31.2512617,75.7050271,1.150,343.60
54.891,1.70946,4.03662,15.99327,-0.73670,0.64752,-0.53145,31.2512617,75.7050271,1.150,343.60
54.994,1.01993,2.69108,8.03015,1.02870,0.35797,-1.07146,31.2512729,75.7050240,1.200,349.00
55.096,0.33519,1.75256,5.38695,0.38485,-0.96639,-0.53145,31.2512729,75.7050240,1.200,349.00
55.199,0.86191,2.69587,7.10120,0.17226,-0.47647,-0.33842,31.2512729,75.7050240,1.200,349.00
55.307,-0.91459,5.32470,10.06044,-0.32009,1.02503,-0.10629,31.2512729,75.7050240,1.200,349.00
55.411,-2.13563,5.38695,13.09628,-1.88391,1.33657,0.97128,31.2512729,75.7050240,1.200,349.00
55.514,-0.99599,3.19387,9.29908,0.65363,-1.47463,-0.16005,31.2512729,75.7050240,1.200,349.00
55.616,-0.17238,3.37582,3.98874,0.14661,0.20403,0.78435,31.2512729,75.7050240,1.200,349.00
55.720,1.80044,4.15155,6.52659,-0.24679,0.65240,1.11300,31.2512729,75.7050240,1.200,349.00
55.824,3.69665,5.82270,11.58315,-0.31765,0.38240,0.35797,31.2512729,75.7050240,1.200,349.00
55.927,3.85466,6.88572,12.67012,-0.10385,0.20403,-0.43616,31.2512839,75.7050226,1.220,352.40
56.030,2.54264,3.86424,8.77236,1.02748,-0.93829,-1.10567,31.2512839,75.7050226,1.220,352.40
56.134,0.67038,2.28407,6.33985,0.32376,-0.32498,-0.52901,31.2512839,75.7050226,1.220,352.40
56.240,0.22984,3.43329,6.34463,0.77336,-0.49114,-0.73670,31.2512839,75.7050226,1.220,352.40
56.343,-0.02873,5.83228,8.04452,0.25168,0.23824,-0.03054,31.2512839,75.7050226,1.220,352.40
56.447,0.09098,6.57448,9.21289,-0.90042,0.27000,0.75381,31.2512839,75.7050226,1.220,352.40
56.549,1.20189,4.06535,10.12268,-0.52779,-1.24617,-0.13928,31.2512839,75.7050226,1.220,352.40
56.657,0.33998,3.67749,5.78918,0.16860,0.81001,-0.29199,31.2512839,75.7050226,1.220,352.40
56.762,0.00479,4.93684,7.19697,0.28588,0.81856,0.17837,31.2512839,75.7050226,1.220,352.40
56.866,0.41659,5.99508,10.86489,-0.16616,-0.24801,0.78069,31.2512839,75.7050226,1.220,352.40
56.971,2.64799,7.10599,10.48660,-1.06779,-0.06597,0.31765,31.2512947,75.7050219,1.240,356.70
57.074,1.92973,3.67271,10.11311,0.30177,-0.53023,-0.72204,31.2512947,75.7050219,1.240,356.70
57.178,1.31681,1.98240,7.20655,0.50824,0.45693,-0.24923,31.2512947,75.7050219,1.240,356.70
57.282,0.52672,3.00233,5.98550,0.24312,0.00489,-0.42883,31.2512947,75.7050219,1.240,356.70
57.386,-1.93930,5.20021,11.30063,0.07086,1.00548,0.36774,31.2512947,75.7050219,1.240,356.70
57.491,-0.50278,6.05254,10.58716,-0.57299,0.09529,0.99449,31.2512947,75.7050219,1.240,356.70
57.594,0.25857,4.08451,9.73004,-0.11484,-0.89309,-0.03787,31.2512947,75.7050219,1.240,356.70
57.696,-0.72784,3.47638,6.29675,0.52412,0.41294,-0.13439,31.2512947,75.7050219,1.240,356.70
57.802,0.03831,4.55856,4.92727,0.28344,0.42516,0.64263,31.2512947,75.7050219,1.240,356.70
57.905,2.44687,5.70299,10.29028,-0.37629,0.22358,0.56810,31.2512947,75.7050219,1.240,356.70
58.008,2.78685,7.73327,9.95509,-0.17959,-0.63774,-0.37996,31.2513071,75.7050201,1.320,358.40
58.113,2.83952,4.22816,10.70687,0.16860,-1.23028,-0.83200,31.2513071,75.7050201,1.320,358.40
58.215,0.89064,3.22738,8.35576,0.22235,0.31154,-0.58765,31.2513071,75.7050201,1.320,358.40
58.319,0.08619,3.05979,6.07170,0.38362,-0.84177,-0.74892,31.2513071,75.7050201,1.320,358.40
58.422,-0.46926,5.55455,7.35020,0.60353,0.19059,-0.36896,31.2513071,75.7050201,1.320,358.40
58.527,-0.66080,7.12514,8.10677,-1.20096,0.38851,0.72449,31.2513071,75.7050201,1.320,358.40
58.630,-1.69031,3.35667,11.54963,-1.32436,-0.26389,0.30788,31.2513071,75.7050201,1.320,358.40
58.735,-0.56024,3.52426,7.99663,0.46304,0.54611,0.11851,31.2513071,75.7050201,1.320,358.40
58.838,0.58897,4.67827,5.26246,0.30055,1.09711,0.47525,31.2513071,75.7050201,1.320,358.40
58.942,0.79966,4.96079,11.00854,-0.27245,0.17593,0.65973,31.2513203,75.7050189,1.310,359.10
59.046,1.76213,6.05254,8.22169,0.59010,-0.56810,-0.26634,31.2513203,75.7050189,1.310,359.10
59.148,1.81480,5.05655,12.04762,-0.44227,0.15638,-0.10263,31.2513203,75.7050189,1.310,359.10
59.252,1.87705,3.76847,10.61589,0.11118,-0.14294,-0.73304,31.2513203,75.7050189,1.310,359.10
59.355,-0.13886,2.66235,7.11557,0.96150,-0.77580,-0.90897,31.2513203,75.7050189,1.310,359.10
59.459,-1.17316,3.70622,6.70376,0.56566,-0.59498,-0.47403,31.2513203,75.7050189,1.310,359.10
59.562,-2.49476,4.95121,8.79630,0.30055,0.64630,0.53390,31.2513203,75.7050189,1.310,359.10
59.665,-1.12049,4.15155,10.57279,-1.73730,0.64141,0.76969,31.2513203,75.7050189,1.310,359.10
59.769,-1.64721,4.88417,9.01656,-0.93585,-0.10140,0.06353,31.2513203,75.7050189,1.310,359.10
59.872,-0.06225,4.73573,6.67982,0.28833,0.52779,0.61331,31.2513203,75.7050189,1.310,359.10
59.976,1.45567,5.43963,7.17782,0.55589,0.66218,0.86254,31.2513320,75.7050189,1.260,1.20
60.079,3.10289,5.24809,11.43471,-0.41783,-0.15394,0.22846,31.2513320,75.7050189,1.260,1.20
60.184,1.52750,5.09007,12.61744,-0.24068,0.04520,-0.32742,31.2513320,75.7050189,1.260,1.20
60.287,1.93930,4.06057,7.61835,0.60353,-0.24068,-0.98227,31.2513320,75.7050189,1.260,1.20
60.392,0.09098,2.31280,6.68940,0.12584,-1.14354,-0.84299,31.2513320,75.7050189,1.260,1.20
60.496,0.08140,4.43406,6.25365,0.13073,-0.59987,-0.84788,31.2513320,75.7050189,1.260,1.20
60.599,-0.58897,5.60243,10.48660,-0.08796,0.24801,-0.02566,31.2513320,75.7050189,1.260,1.20
60.703,-0.51715,6.28239,9.28471,-0.00122,0.08430,0.35552,31.2513320,75.7050189,1.260,1.20
60.807,-1.32639,4.38618,8.31746,-0.04154,-0.40439,-0.07330,31.2513320,75.7050189,1.260,1.20
60.913,-1.03430,3.47638,6.82826,-0.28833,0.56322,0.91019,31.2513320,75.7050189,1.260,1.20
61.015,1.15401,3.93607,6.25844,0.29566,0.71593,0.81856,31.2513440,75.7050214,1.260,8.60
61.118,2.24097,5.63595,7.25443,0.41050,0.94928,0.14905,31.2513440,75.7050214,1.260,8.60
61.223,1.31202,6.96713,10.27591,-0.71227,-0.33353,-0.05864,31.2513440,75.7050214,1.260,8.60
61.329,0.91459,4.43885,13.11065,0.10507,-0.49480,-0.40195,31.2513440,75.7050214,1.260,8.60
61.434,0.86670,3.85466,6.59842,0.40561,0.27122,-0.65363,31.2513440,75.7050214,1.260,8.60
61.537,0.39744,2.99275,6.76601,0.01344,-1.18141,-0.81734,31.2513440,75.7050214,1.260,8.60
61.642,-0.67038,4.84108,6.77080,0.63286,-0.38607,-0.78802,31.2513440,75.7050214,1.260,8.60
61.748,-0.83318,6.07170,9.90721,0.08186,-0.04032,-0.10751,31.2513440,75.7050214,1.260,8.60
61.851,-1.50835,4.93206,12.56477,-1.18141,0.72693,0.50824,31.2513440,75.7050214,1.260,8.60
61.954,-2.39420,4.26168,7.17782,0.66462,0.24435,-0.34331,31.2513564,75.7050234,1.230,8.10
62.056,-1.83396,4.23295,4.20422,-0.01466,-0.02566,0.67073,31.2513564,75.7050234,1.230,8.10
62.161,1.20189,5.33907,5.83706,-0.26756,1.15942,1.08856,31.2513564,75.7050234,1.230,8.10
62.267,2.45645,6.13873,10.50097,-0.86987,0.12950,0.69516,31.2513564,75.7050234,1.230,8.10
62.371,1.94888,5.52582,13.91510,-0.43494,0.38118,-0.05253,31.2513564,75.7050234,1.230,8.10
62.477,1.76213,3.59609,8.46590,0.37751,-0.15882,-0.64263,31.2513564,75.7050234,1.230,8.10
62.582,1.48441,2.47560,5.37259,0.14294,-0.48136,-0.41417,31.2513564,75.7050234,1.230,8.10
62.687,1.66158,4.07493,7.11078,-0.19426,-0.33475,-0.32620,31.2513564,75.7050234,1.230,8.10
62.791,2.04465,5.03740,11.76032,-0.25168,-0.26145,0.09163,31.2513564,75.7050234,1.230,8.10
62.893,-0.24421,4.53462,12.33972,-0.33842,0.58765,0.37996,31.2513564,75.7050234,1.230,8.10
62.997,-1.18752,2.92571,7.74764,1.15698,-0.61575,-0.48014,31.2513677,75.7050234,1.100,6.30
63.099,-0.67995,3.58651,4.17070,-0.16493,0.46059,0.29077,31.2513677,75.7050234,1.100,6.30
63.201,0.79009,4.31914,6.38773,-0.02810,0.86499,0.66829,31.2513677,75.7050234,1.100,6.30
63.305,1.37906,5.76045,9.17937,-0.11606,0.30421,0.73304,31.2513677,75.7050234,1.100,6.30
63.411,2.81079,6.91924,11.37246,-0.28833,0.27978,-0.01833,31.2513677,75.7050234,1.100,6.30
63.517,2.44687,3.12683,8.89207,0.17349,-1.02503,-0.55467,31.2513677,75.7050234,1.100,6.30
63.621,1.91057,3.17471,8.26000,0.14172,0.65729,-0.46670,31.2513677,75.7050234,1.100,6.30
63.725,0.75178,3.20823,7.95354,0.54611,-0.73793,-0.59376,31.2513677,75.7050234,1.100,6.30
63.827,0.01915,4.86023,6.28239,0.33598,-0.48014,-0.13317,31.2513677,75.7050234,1.100,6.30
63.933,0.16281,5.62637,8.72926,0.07330,0.66096,0.10385,31.2513788,75.7050234,1.110,4.70
64.035,-0.82361,3.46202,11.71243,-0.46181,0.07086,0.19914,31.2513788,75.7050234,1.110,4.70
64.138,-0.82361,4.11324,6.79953,-0.08919,-0.05498,-0.30788,31.2513788,75.7050234,1.110,4.70
64.242,-0.14844,4.01268,6.99107,-0.68050,0.07086,0.39706,31.2513788,75.7050234,1.110,4.70
64.350,1.52271,4.76446,8.29830,-0.12584,0.10873,0.45082,31.2513788,75.7050234,1.110,4.70
64.453,0.97683,6.15310,11.12346,0.31276,0.07453,-0.23702,31.2513788,75.7050234,1.110,4.70
64.558,1.13006,4.39575,13.01009,-0.50213,0.37874,0.24801,31.2513788,75.7050234,1.110,4.70
64.665,2.03986,3.72538,6.90488,0.47525,-0.41783,-0.82222,31.2513788,75.7050234,1.110,4.70
64.770,0.29209,2.48518,7.81467,0.09774,-0.28955,-0.43738,31.2513788,75.7050234,1.110,4.70
64.874,0.41180,3.81157,7.07726,0.25045,-0.24312,-0.44593,31.2513788,75.7050234,1.110,4.70
64.978,-0.59855,4.87459,12.18649,0.14172,-0.00367,0.02321,31.2513900,75.7050234,1.210,1.80
65.079,-0.81882,5.47315,9.97424,-0.57177,1.26449,0.60720,31.2513900,75.7050234,1.210,1.80
65.186,-0.28252,3.57694,8.24084,-0.15394,-0.87232,-0.26145,31.2513900,75.7050234,1.210,1.80
65.290,-1.22104,3.87382,5.20978,0.03910,0.47037,0.30543,31.2513900,75.7050234,1.210,1.80
65.392,0.14365,4.52504,6.65588,0.02077,0.75503,0.85032,31.2513900,75.7050234,1.210,1.80
65.497,1.56581,5.50188,10.30464,-0.14294,-0.32865,0.22724,31.2513900,75.7050234,1.210,1.80
65.599,0.87149,6.78517,8.75320,0.06842,0.00855,0.00611,31.2513900,75.7050234,1.210,1.80
65.700,1.58017,4.17070,9.14106,0.60231,-0.70372,-0.31398,31.2513900,75.7050234,1.210,1.80
65.804,1.35033,3.29921,8.28873,-0.43249,0.76480,-0.05131,31.2513900,75.7050234,1.210,1.80
65.908,1.53708,2.27928,6.86657,0.11851,-1.27426,-0.88209,31.2513900,75.7050234,1.210,1.80
66.011,-0.13886,5.09486,8.66701,0.65607,0.10018,-0.97738,31.2514009,75.7050236,1.120,3.00
66.116,-1.69509,5.83706,9.39964,0.05009,-0.56933,0.70372,31.2514009,75.7050236,1.120,3.00
66.219,-0.96247,4.17549,10.69250,-0.66829,0.15516,0.85765,31.2514009,75.7050236,1.120,3.00
66.322,-0.67516,4.41970,6.07170,0.34819,0.43982,0.07575,31.2514009,75.7050236,1.120,3.00
66.426,-0.21548,3.67749,6.63673,-0.06842,0.43738,0.83200,31.2514009,75.7050236,1.120,3.00
66.528,1.35033,4.55377,6.67503,-0.28466,0.64263,1.05069,31.2514009,75.7050236,1.120,3.00
66.632,2.81079,6.09564,11.84172,-0.62919,0.81001,0.19303,31.2514009,75.7050236,1.120,3.00
66.736,3.00233,4.74531,14.59984,-0.13317,-0.26634,-0.52779,31.2514009,75.7050236,1.120,3.00
66.840,2.34153,4.05578,8.32703,0.60231,-0.06842,-1.09223,31.2514009,75.7050236,1.120,3.00
66.944,1.35033,1.79086,6.28239,0.10018,-0.83811,-1.15942,31.2514122,75.7050235,1.130,2.70
67.046,0.03352,3.23217,7.63750,0.48136,-0.81612,-1.28526,31.2514122,75.7050235,1.130,2.70
67.150,-1.83875,4.71179,10.32859,0.11729,0.36774,-0.00244,31.2514122,75.7050235,1.130,2.70
67.252,-2.19788,5.09486,10.17057,-0.89309,0.59254,0.83200,31.2514122,75.7050235,1.130,2.70
67.355,-2.47560,4.42448,8.86812,-0.17593,0.27245,0.01222,31.2514122,75.7050235,1.130,2.70
67.458,-0.81882,3.14119,7.03895,-0.19670,0.55711,0.85277,31.2514122,75.7050235,1.130,2.70
67.561,0.33040,4.55377,6.53617,0.17226,1.40499,1.07879,31.2514122,75.7050235,1.130,2.70
67.665,1.76213,5.39174,10.27112,-0.52412,-0.37018,0.85765,31.2514122,75.7050235,1.130,2.70
67.774,1.12527,6.22492,12.11945,0.30177,-0.25656,-0.32498,31.2514122,75.7050235,1.130,2.70
67.878,1.24020,3.56736,8.45632,0.80390,-1.15820,-0.67806,31.2514122,75.7050235,1.130,2.70
67.983,0.49321,2.99754,8.39886,0.15638,0.08919,-0.29444,31.2514229,75.7050246,1.130,2.80
68.085,-0.02873,3.46202,6.65588,0.32376,-0.93829,-0.54978,31.2514229,75.7050246,1.130,2.80
68.191,-0.56024,4.74052,7.51779,0.20159,-0.17226,-0.20769,31.2514229,75.7050246,1.130,2.80
68.295,-0.29688,5.72214,8.97826,-0.13561,0.30788,0.21991,31.2514229,75.7050246,1.130,2.80
68.400,-0.71826,3.62003,12.42591,-0.54611,-0.36896,0.51191,31.2514229,75.7050246,1.130,2.80
68.505,-1.66158,4.11803,6.66546,0.48869,0.70250,0.05742,31.2514229,75.7050246,1.130,2.80
68.609,0.01437,4.04141,5.37738,-0.07330,0.36041,0.74037,31.2514229,75.7050246,1.130,2.80
68.713,1.08218,4.85065,7.29753,-0.21625,0.60476,0.83689,31.2514229,75.7050246,1.130,2.80
68.818,2.26491,5.56412,10.81700,-0.40073,-0.50213,0.15760,31.2514229,75.7050246,1.130,2.80
68.922,2.13084,4.16591,14.92066,-0.13928,-0.34208,-0.27245,31.2514229,75.7050246,1.130,2.80
69.026,1.64242,4.08451,8.77236,0.62430,0.35919,-0.68173,31.2514348,75.7050244,1.140,1.90
69.130,0.95768,2.18830,7.08684,0.63041,-0.95417,-0.72449,31.2514348,75.7050244,1.140,1.90
69.234,0.04310,3.07894,6.93361,0.58643,-0.61087,-0.57177,31.2514348,75.7050244,1.140,1.90
69.339,-0.37828,4.33351,9.17458,0.12217,-0.13928,0.15760,31.2514348,75.7050244,1.140,1.90
69.442,-0.73263,5.53061,10.92235,-1.05435,1.13377,0.64752,31.2514348,75.7050244,1.140,1.90
69.547,-1.39821,4.89375,8.81545,0.24923,-0.02077,-0.51801,31.2514348,75.7050244,1.140,1.90
69.652,-1.14922,4.63996,5.31992,0.16127,0.22969,0.29444,31.2514348,75.7050244,1.140,1.90
69.756,0.80924,5.30076,6.22014,-0.03910,0.52046,0.96639,31.2514348,75.7050244,1.140,1.90
69.864,3.09810,6.38294,8.67180,-0.10140,-0.53634,0.06964,31.2514348,75.7050244,1.140,1.90
69.967,0.70868,6.41167,14.06354,-0.58277,1.12644,0.09041,31.2514466,75.7050243,1.190,1.70
70.069,2.37984,3.29921,8.25042,0.50335,-1.18019,-0.95661,31.2514466,75.7050243,1.190,1.70
70.173,0.61770,3.24654,7.00543,0.39951,0.53390,-0.55711,31.2514466,75.7050243,1.190,1.70
70.279,0.72784,4.07972,6.77559,-0.02077,-0.69761,-0.34575,31.2514466,75.7050243,1.190,1.70
70.385,-0.66080,4.97036,9.79707,0.10263,-0.20647,0.19792,31.2514466,75.7050243,1.190,1.70
70.490,0.39744,6.40688,8.87770,-0.15394,0.41417,0.47281,31.2514466,75.7050243,1.190,1.70
70.591,0.11971,3.72059,10.12747,-0.26756,-0.78802,0.00977,31.2514466,75.7050243,1.190,1.70
70.694,-1.05824,4.47237,5.97114,0.20892,1.06535,0.16371,31.2514466,75.7050243,1.190,1.70
70.800,0.50757,4.53462,6.73250,0.04887,0.50702,0.65729,31.2514466,75.7050243,1.190,1.70
70.905,1.43173,5.61201,9.04051,0.03543,0.04643,0.34575,31.2514466,75.7050243,1.190,1.70
71.012,0.55545,6.71813,9.32302,0.28466,-0.03787,0.01100,31.2514586,75.7050232,1.180,2.50
71.115,2.62405,4.67348,12.41633,-0.09163,0.14905,-0.05742,31.2514586,75.7050232,1.180,2.50
71.218,1.79086,4.27604,8.22169,0.22602,0.05253,-0.68173,31.2514586,75.7050232,1.180,2.50
71.323,0.27294,2.82037,7.62793,0.38118,-0.78435,-0.81367,31.2514586,75.7050232,1.180,2.50
71.428,-1.06303,4.37660,7.04374,0.23946,-0.29566,-0.13195,31.2514586,75.7050232,1.180,2.50
71.533,-0.33040,5.51624,8.30788,0.46914,-0.02566,0.10507,31.2514586,75.7050232,1.180,2.50
71.637,-1.12049,4.05578,10.73081,-1.18752,0.01344,0.46181,31.2514586,75.7050232,1.180,2.50
71.739,-2.66714,5.34386,8.52336,0.10996,1.34879,-0.14172,31.2514586,75.7050232,1.180,2.50
71.845,-0.29688,4.69264,5.72693,-0.02688,0.51435,1.00304,31.2514586,75.7050232,1.180,2.50
71.949,1.20189,5.29597,7.94396,-0.21258,0.40439,1.00671,31.2514703,75.7050206,1.180,0.70
72.053,3.02148,6.67503,11.58315,-0.31032,-0.09529,0.13561,31.2514703,75.7050206,1.180,0.70
72.155,1.87227,4.12282,12.90475,0.56200,-0.05376,-0.46059,31.2514703,75.7050206,1.180,0.70
72.260,2.10211,4.21858,6.67982,0.24068,0.00367,-0.87109,31.2514703,75.7050206,1.180,0.70
72.364,0.50278,3.01191,8.99262,-0.25045,-0.54245,-0.48381,31.2514703,75.7050206,1.180,0.70
72.467,0.34955,3.81636,7.35499,0.17837,-0.91996,-0.36041,31.2514703,75.7050206,1.180,0.70
72.571,0.30167,4.72137,10.56322,0.09163,-0.21258,-0.04520,31.2514703,75.7050206,1.180,0.70
72.673,-1.09654,3.72059,12.63181,-1.31825,0.75381,0.58154,31.2514703,75.7050206,1.180,0.70
72.781,-1.79565,3.33752,7.87692,0.98227,0.15394,-0.83200,31.2514703,75.7050206,1.180,0.70
72.885,-1.54665,4.35745,4.71179,-0.25656,0.68783,0.44715,31.2514703,75.7050206,1.180,0.70
72.988,0.71347,5.40611,7.43160,-0.37141,0.68295,1.08978,31.2514816,75.7050193,1.170,359.60
73.091,3.08373,6.09564,10.35253,-0.25779,-0.39828,0.42638,31.2514816,75.7050193,1.170,359.60
73.195,2.57616,6.98628,13.57512,-0.37018,1.64445,-0.20403,31.2514816,75.7050193,1.170,359.60
73.299,1.17316,3.16992,9.42358,0.95173,-1.36834,-1.14354,31.2514816,75.7050193,1.170,359.60
73.406,-1.17316,2.44209,6.34942,0.43127,-0.30910,-0.52412,31.2514816,75.7050193,1.170,359.60
73.510,1.59454,3.02148,5.25288,-0.17593,-0.54734,-0.31154,31.2514816,75.7050193,1.170,359.60
73.612,-0.97205,3.88818,14.02044,-0.98960,0.17471,-0.23824,31.2514816,75.7050193,1.170,359.60
73.718,-0.95768,5.95677,9.45710,0.00855,0.53390,0.08308,31.2514816,75.7050193,1.170,359.60
73.822,-1.47962,3.10289,9.54329,-0.38240,-0.82100,0.24190,31.2514816,75.7050193,1.170,359.60
73.926,-1.38864,3.30879,5.79876,0.35308,0.82100,0.08063,31.2514920,75.7050203,1.190,1.20
74.028,-0.34477,4.54419,6.59363,-0.08063,0.46670,0.70494,31.2514920,75.7050203,1.190,1.20
74.132,1.52750,4.80277,9.39964,-0.80879,-0.75503,0.48136,31.2514920,75.7050203,1.190,1.20
74.234,2.60489,6.15310,10.74039,0.02688,-0.52657,-0.31887,31.2514920,75.7050203,1.190,1.20
74.337,1.47483,2.98796,12.55998,0.36163,-1.02014,-0.49724,31.2514920,75.7050203,1.190,1.20
74.442,1.57060,2.74854,6.22014,0.62797,0.52657,-0.76480,31.2514920,75.7050203,1.190,1.20
74.546,1.03908,2.51391,6.79953,0.14294,-0.79168,-0.54734,31.2514920,75.7050203,1.190,1.20
74.649,0.22505,4.66391,8.72447,-0.10996,0.10629,-0.10751,31.2514920,75.7050203,1.190,1.20
74.754,0.49321,5.18584,11.48259,-0.20036,-0.12462,0.38973,31.2514920,75.7050203,1.190,1.20
74.859,-0.03352,3.83551,12.65575,-0.30299,0.98716,0.68295,31.2514920,75.7050203,1.190,1.20
74.962,-0.65601,3.25133,6.76601,0.51801,-0.03910,-0.16127,31.2515031,75.7050190,1.220,1.00
75.065,0.36871,3.36146,5.65510,-0.33598,0.24557,0.54734,31.2515031,75.7050190,1.220,1.00
75.166,1.05824,4.75967,6.61757,-0.30299,0.52290,0.66584,31.2515031,75.7050190,1.220,1.00
75.270,2.16915,5.84185,11.15698,-0.21991,-0.34941,0.17715,31.2515031,75.7050190,1.220,1.00
75.374,2.71502,5.23851,11.77947,-0.37507,0.23091,-0.17837,31.2515031,75.7050190,1.220,1.00
75.476,1.61369,3.26569,7.99185,0.42638,-0.64630,-0.82955,31.2515031,75.7050190,1.220,1.00
75.579,0.63207,3.10289,8.05409,0.11973,-0.19792,-0.38973,31.2515031,75.7050190,1.220,1.00
75.686,1.10133,3.78284,6.52181,0.48869,-0.27122,-0.55467,31.2515031,75.7050190,1.220,1.00
75.790,0.20111,4.52983,9.39964,0.14172,0.05742,-0.14905,31.2515031,75.7050190,1.220,1.00
75.894,0.04788,5.27682,9.26556,-0.34697,0.10996,0.38485,31.2515031,75.7050190,1.220,1.00
75.997,-0.25379,2.74854,10.92714,-0.43371,-0.72693,-0.03665,31.2515132,75.7050179,1.170,1.40
76.101,-1.57060,4.11803,5.85622,0.54367,0.73793,-0.34331,31.2515132,75.7050179,1.170,1.40
76.205,-0.48363,4.36702,6.52181,0.00733,0.27000,0.62064,31.2515132,75.7050179,1.170,1.40
76.309,0.88585,4.94163,8.56167,-0.07330,-0.01588,0.71593,31.2515132,75.7050179,1.170,1.40
76.414,2.41814,6.27281,11.02290,0.37385,-1.10444,-0.15638,31.2515132,75.7050179,1.170,1.40
76.519,1.89621,4.47716,11.94707,0.13928,0.60353,-0.15027,31.2515132,75.7050179,1.170,1.40
76.620,1.86748,4.51068,6.02860,0.55344,0.43005,-0.71349,31.2515132,75.7050179,1.170,1.40
76.726,0.43096,3.31358,6.12437,-0.30421,-0.11851,-0.10751,31.2515132,75.7050179,1.170,1.40
76.830,0.55545,4.51068,7.53695,-0.51801,0.15516,0.03787,31.2515132,75.7050179,1.170,1.40
76.934,-0.01437,4.87459,10.86010,-0.02932,0.07697,0.14172,31.2515237,75.7050174,1.100,359.80
77.037,-1.12527,4.06057,11.43471,-0.80879,0.64996,0.43005,31.2515237,75.7050174,1.100,359.80
77.140,-0.97683,3.32794,8.28873,0.30665,-0.28711,-0.05131,31.2515237,75.7050174,1.100,359.80
77.245,-1.52750,3.61046,6.67025,-0.32498,0.53878,0.75014,31.2515237,75.7050174,1.100,359.80
77.349,0.12929,4.17549,6.95276,0.23091,0.50335,0.80023,31.2515237,75.7050174,1.100,359.80
77.454,1.20668,5.20021,8.72926,0.12584,0.34941,0.49358,31.2515237,75.7050174,1.100,359.80
77.558,1.68073,6.88572,11.60230,-0.34819,0.11729,-0.02566,31.2515237,75.7050174,1.100,359.80
77.660,2.14042,2.47560,9.83059,0.62797,-1.48318,-0.67928,31.2515237,75.7050174,1.100,359.80
77.765,1.58975,3.03585,7.35978,0.25168,0.37874,-0.81123,31.2515237,75.7050174,1.100,359.80
77.870,1.08697,2.92571,7.35978,0.16371,-0.90652,-0.84177,31.2515237,75.7050174,1.100,359.80
77.974,0.12450,4.18985,7.87692,-0.13806,-0.33109,-0.43616,31.2515341,75.7050166,1.080,359.80
78.077,-0.13886,5.22415,11.29106,0.28588,-0.08186,-0.04765,31.2515341,75.7050166,1.080,359.80
78.179,-1.79086,3.66313,11.98537,-0.80512,0.25290,0.75381,31.2515341,75.7050166,1.080,359.80
78.284,-0.38786,3.50990,5.98550,0.48503,0.12950,-0.03299,31.2515341,75.7050166,1.080,359.80
78.387,-0.18196,3.44765,7.03895,-0.46059,0.74648,0.59254,31.2515341,75.7050166,1.080,359.80
78.491,0.39265,4.52025,6.82347,-0.05131,0.67440,0.60598,31.2515341,75.7050166,1.080,359.80
78.593,1.48441,4.75010,9.65821,-0.40684,-0.04520,0.47159,31.2515341,75.7050166,1.080,359.80
78.697,1.99198,6.39252,10.57758,-0.38240,0.11729,-0.30665,31.2515341,75.7050166,1.080,359.80
78.801,1.57538,3.12204,10.25197,0.48747,-1.32802,-0.91019,31.2515341,75.7050166,1.080,359.80
78.906,0.67995,3.00712,8.97347,0.47892,0.52534,-0.73059,31.2515341,75.7050166,1.080,359.80
79.010,-0.11971,3.30879,6.14831,0.56933,-0.65118,-0.65607,31.2515445,75.7050152,1.060,0.10
79.112,-0.50278,4.30477,8.34140,-0.07575,-0.04887,-0.08063,31.2515445,75.7050152,1.060,0.10
79.217,-0.46926,4.78362,9.76355,0.27978,-0.16127,0.26512,31.2515445,75.7050152,1.060,0.10
79.322,-1.44610,3.28484,11.71722,-0.64996,0.21136,0.71349,31.2515445,75.7050152,1.060,0.10
79.426,-1.58496,4.04141,6.90488,0.42516,0.60476,-0.23457,31.2515445,75.7050152,1.060,0.10
79.531,-0.69911,4.17070,5.69820,-0.36896,0.43127,0.63408,31.2515445,75.7050152,1.060,0.10
79.635,0.92416,4.51546,6.96234,-0.34697,0.26267,0.84910,31.2515445,75.7050152,1.060,0.10
79.738,1.69509,5.55934,11.34373,-0.35797,-0.36774,0.19059,31.2515445,75.7050152,1.060,0.10
79.843,1.33596,5.37259,12.17691,-0.45448,0.45815,-0.13195,31.2515445,75.7050152,1.060,0.10
79.947,1.75734,3.71101,8.39407,0.62186,-0.43371,-0.97005,31.2515547,75.7050155,1.050,4.50
80.050,0.30167,3.20823,8.41323,0.49480,-0.33598,-0.65973,31.2515547,75.7050155,1.050,4.50
80.155,-0.21548,3.91213,7.04374,0.61331,-0.31887,-0.38485,31.2515547,75.7050155,1.050,4.50
80.259,-0.38786,4.54898,8.44674,0.12462,-0.31276,0.14416,31.2515547,75.7050155,1.050,4.50
80.363,-1.02472,5.74608,8.87291,-0.31032,0.62308,0.28344,31.2515547,75.7050155,1.050,4.50
80.467,-1.39821,4.16591,9.55765,-0.32254,-0.33964,0.35308,31.2515547,75.7050155,1.050,4.50
80.571,-0.72784,4.03662,5.90889,-0.14905,0.80023,0.29077,31.2515547,75.7050155,1.050,4.50
80.674,0.87149,3.79242,7.19697,-0.39706,0.21380,0.57177,31.2515547,75.7050155,1.050,4.50
80.778,0.90022,4.80277,8.34619,-0.24557,0.19914,0.54978,31.2515547,75.7050155,1.050,4.50
80.882,0.47405,6.29196,10.85052,0.09652,-0.23579,-0.29199,31.2515547,75.7050155,1.050,4.50
80.986,1.15401,3.70144,13.01009,-0.13683,-0.51679,-0.28588,31.2515661,75.7050163,1.110,3.90
81.088,1.46046,3.67749,7.86256,0.53634,0.48258,-0.63408,31.2515661,75.7050163,1.110,3.90
81.192,0.34955,2.69587,7.97748,0.49602,-0.94562,-0.54734,31.2515661,75.7050163,1.110,3.90
81.296,-0.24900,4.14676,6.54575,0.51435,-0.31521,-0.27733,31.2515661,75.7050163,1.110,3.90
81.400,-0.43574,4.97994,9.66300,0.15760,-0.06231,0.08308,31.2515661,75.7050163,1.110,3.90
81.503,-1.43173,4.77404,13.23994,-1.20340,0.94928,0.71716,31.2515661,75.7050163,1.110,3.90
81.608,-1.40300,4.75010,6.85221,0.78313,0.12584,-0.39951,31.2515661,75.7050163,1.110,3.90
81.712,-0.75657,3.86903,5.42526,-0.16005,0.14294,0.61453,31.2515661,75.7050163,1.110,3.90
81.816,0.25857,4.54898,6.11000,0.04032,0.72937,0.80634,31.2515661,75.7050163,1.110,3.90
81.920,1.30723,5.67905,9.89284,-0.60353,0.07697,0.61697,31.2515661,75.7050163,1.110,3.90
82.022,2.14042,6.73250,10.56801,-0.56933,0.01344,-0.10263,31.2515770,75.7050170,1.180,1.40
82.123,2.03986,3.67271,9.98382,0.27733,-0.92607,-0.91630,31.2515770,75.7050170,1.180,1.40
82.226,0.95289,3.12204,8.89207,0.37751,-0.13561,-0.47892,31.2515770,75.7050170,1.180,1.40
82.331,0.97683,3.40934,6.94797,0.43982,-0.69150,-0.58277,31.2515770,75.7050170,1.180,1.40
82.436,-0.16759,4.34787,8.71489,0.10507,-0.30665,-0.39218,31.2515770,75.7050170,1.180,1.40
82.538,-0.48363,5.40132,8.93037,0.28833,-0.14661,-0.20647,31.2515770,75.7050170,1.180,1.40
82.641,-1.30723,3.44286,12.25352,-1.15087,0.15027,0.68295,31.2515770,75.7050170,1.180,1.40
82.746,-0.75178,3.50032,5.56891,0.38729,0.74892,-0.19426,31.2515770,75.7050170,1.180,1.40
82.850,0.04788,4.34787,6.90967,-0.41294,0.23213,0.60109,31.2515770,75.7050170,1.180,1.40
82.955,1.26893,5.06613,8.15944,-0.38118,0.26878,0.50702,31.2515900,75.7050164,1.230,3.10
83.056,1.07260,5.70299,11.26711,0.26878,-0.25168,-0.25412,31.2515900,75.7050164,1.230,3.10
83.160,0.90980,4.49631,12.88559,-0.25901,-0.03054,0.04276,31.2515900,75.7050164,1.230,3.10
83.263,1.51792,3.99832,7.26880,0.69516,-0.01466,-0.56322,31.2515900,75.7050164,1.230,3.10
83.368,1.06303,2.88741,7.70454,0.03054,-0.77458,-0.18692,31.2515900,75.7050164,1.230,3.10
83.473,0.55067,3.61046,7.08684,0.43616,-0.06964,-0.32742,31.2515900,75.7050164,1.230,3.10
83.577,-0.58897,4.42448,10.18972,0.00367,0.33231,0.00855,31.2515900,75.7050164,1.230,3.10
83.682,-0.74220,5.42047,8.08282,-0.71349,0.92852,0.43982,31.2515900,75.7050164,1.230,3.10
83.786,-0.17717,3.22738,11.04685,-0.44593,-0.65607,0.34941,31.2515900,75.7050164,1.230,3.10
83.889,-1.61848,3.74453,7.02459,-0.01100,0.44227,0.42883,31.2515900,75.7050164,1.230,3.10
83.993,-0.07183,3.89776,6.57927,0.45082,0.46304,0.47892,31.2516005,75.7050183,1.110,5.70
84.097,0.24421,4.53462,7.87214,-0.40561,0.43371,0.56688,31.2516005,75.7050183,1.110,5.70
84.199,1.43652,5.10923,10.68772,-0.13195,-0.42150,-0.17593,31.2516005,75.7050183,1.110,5.70
84.304,0.74699,4.98473,13.55118,-0.34575,0.23824,-0.29199,31.2516005,75.7050183,1.110,5.70
84.408,1.33596,4.10845,8.64786,0.41417,0.14172,-0.79412,31.2516005,75.7050183,1.110,5.70
84.512,-0.01915,2.82516,7.61356,0.73915,-0.87598,-0.64630,31.2516005,75.7050183,1.110,5.70
84.618,-0.02394,3.94564,6.70376,0.63774,-0.13683,-0.21258,31.2516005,75.7050183,1.110,5.70
84.723,0.05746,4.28562,10.93671,-0.08796,-0.13561,0.09652,31.2516005,75.7050183,1.110,5.70
84.827,-1.78607,4.47237,10.38605,-0.70983,0.73548,0.24312,31.2516005,75.7050183,1.110,5.70
84.928,-1.85311,3.94564,7.79552,-0.02443,0.08552,-0.32132,31.2516110,75.7050189,1.130,3.90
85.030,-1.40779,4.01747,6.47392,-0.51068,0.22113,0.42150,31.2516110,75.7050189,1.130,3.90
85.133,-0.27773,4.57293,6.18662,-0.09285,0.64996,0.80268,31.2516110,75.7050189,1.130,3.90
85.238,0.85712,5.06134,10.77870,-0.09774,0.20892,0.55100,31.2516110,75.7050189,1.130,3.90
85.342,1.44610,6.20098,10.76433,-0.22846,-0.17104,-0.02566,31.2516110,75.7050189,1.130,3.90
85.447,1.35991,3.74453,10.59195,0.53390,-0.72937,-0.55955,31.2516110,75.7050189,1.130,3.90
85.551,0.01915,2.59053,7.68539,-0.11362,0.88453,-0.06597,31.2516110,75.7050189,1.130,3.90
85.656,0.65601,1.62327,7.79073,0.44471,-0.77458,-0.74281,31.2516110,75.7050189,1.130,3.90
85.760,-1.20668,4.35745,7.09641,0.28344,0.02321,-0.64507,31.2516110,75.7050189,1.130,3.90
85.865,-1.56581,5.56891,9.83538,-0.32987,-0.17349,0.22113,31.2516110,75.7050189,1.130,3.90
85.970,-2.38941,3.50032,13.72835,-0.79168,0.06842,0.70005,31.2516210,75.7050191,1.090,2.40
86.073,-3.02627,3.98874,6.25365,0.72326,0.84788,0.00855,31.2516210,75.7050191,1.090,2.40
86.176,-1.28329,3.80678,6.83784,-0.23213,0.05253,0.95417,31.2516210,75.7050191,1.090,2.40
86.280,-0.00958,5.17148,6.60800,0.62553,0.83811,0.63774,31.2516210,75.7050191,1.090,2.40
86.383,1.02472,6.25365,9.42837,-0.35186,-0.11362,0.63041,31.2516210,75.7050191,1.090,2.40
86.487,1.31202,5.03261,14.97813,-0.93218,0.47159,0.40806,31.2516210,75.7050191,1.090,2.40
86.591,2.03986,3.03106,8.49942,0.92118,-0.98960,-1.29748,31.2516210,75.7050191,1.090,2.40
86.695,0.64165,2.99275,7.39329,0.08430,-0.78191,-0.75992,31.2516210,75.7050191,1.090,2.40
86.799,1.05345,3.08852,7.45076,0.15638,-0.74648,-0.64019,31.2516210,75.7050191,1.090,2.40
86.903,-1.47004,4.60166,9.43794,-0.11973,0.13317,-0.36896,31.2516210,75.7050191,1.090,2.40
87.009,-1.26893,5.76524,8.92558,-0.43738,-0.20647,0.37141,31.2516308,75.7050200,1.090,1.30
87.111,-0.80924,3.40455,12.08114,-0.71716,-0.68539,0.46426,31.2516308,75.7050200,1.090,1.30
87.215,-1.54665,3.28484,6.75644,0.74037,0.83200,0.01710,31.2516308,75.7050200,1.090,1.30
87.320,-0.26815,3.71101,5.78918,0.35064,0.81489,0.72326,31.2516308,75.7050200,1.090,1.30
87.423,1.03908,4.67827,7.68539,-0.41172,0.41539,0.67073,31.2516308,75.7050200,1.090,1.30
87.525,0.74699,6.44519,10.86968,-0.09896,0.05376,-0.31765,31.2516308,75.7050200,1.090,1.30
87.629,0.67516,6.04775,14.45619,-0.66584,0.19426,0.01100,31.2516308,75.7050200,1.090,1.30
87.734,0.82361,3.60567,8.83460,0.88209,0.12095,-0.62553,31.2516308,75.7050200,1.090,1.30
87.840,0.37350,2.61447,6.91924,0.83200,-0.75136,-0.65118,31.2516308,75.7050200,1.090,1.30
87.944,-0.69432,4.00789,6.47392,0.65363,-0.25045,-0.34941,31.2516405,75.7050218,1.120,2.40
88.047,-0.85234,5.16190,7.73806,-0.12217,-0.10629,-0.05376,31.2516405,75.7050218,1.120,2.40
88.151,-1.71904,6.88572,8.99262,-0.45204,0.56933,0.12950,31.2516405,75.7050218,1.120,2.40
88.258,-0.60813,4.55856,8.82982,-0.49236,-0.69272,0.26512,31.2516405,75.7050218,1.120,2.40
88.361,-1.02951,4.22337,6.33506,0.17837,0.58277,0.44838,31.2516405,75.7050218,1.120,2.40
88.465,0.48363,4.49152,5.64074,0.21258,0.56933,0.76847,31.2516405,75.7050218,1.120,2.40
88.571,1.30245,5.89931,7.44597,-0.04276,0.39462,0.61209,31.2516405,75.7050218,1.120,2.40
88.676,1.62327,7.11557,10.64462,-0.01833,-0.58521,0.04887,31.2516405,75.7050218,1.120,2.40
88.780,2.40857,3.66313,10.76433,0.07819,-1.14843,-0.36408,31.2516405,75.7050218,1.120,2.40
88.884,1.71904,4.84108,7.23049,0.47281,0.55955,-0.84422,31.2516405,75.7050218,1.120,2.40
88.986,0.42138,3.71580,7.76679,0.16738,-0.95051,-0.54245,31.2516497,75.7050238,0.940,3.10
89.090,0.10534,4.62081,6.63673,0.49358,-0.36408,-0.28222,31.2516497,75.7050238,0.940,3.10
89.193,-0.40223,6.02381,8.94474,0.01466,0.10629,0.21136,31.2516497,75.7050238,0.940,3.10
89.298,-1.12049,4.80277,13.18726,-1.17408,0.37629,0.65973,31.2516497,75.7050238,0.940,3.10
89.402,-1.48919,4.86502,6.87615,1.04947,0.28466,-0.54978,31.2516497,75.7050238,0.940,3.10
89.510,-1.00556,4.99430,5.36301,0.08919,0.71227,0.41294,31.2516497,75.7050238,0.940,3.10
89.614,0.09577,5.76524,6.93840,-0.18448,0.44471,0.80146,31.2516497,75.7050238,0.940,3.10
89.718,0.48842,7.17303,8.59518,0.22602,-0.15027,0.43005,31.2516497,75.7050238,0.940,3.10
89.821,1.82917,8.24084,8.31746,-0.11118,-0.23579,0.38851,31.2516497,75.7050238,0.940,3.10
89.925,3.42850,4.89854,7.96790,0.22480,-1.13010,-0.24190,31.2516584,75.7050247,0.900,1.00
90.027,1.50356,4.23295,7.18739,-0.21136,0.49358,-0.43982,31.2516584,75.7050247,0.900,1.00
90.129,1.35991,4.72615,5.89452,0.16371,-0.54978,-0.71838,31.2516584,75.7050247,0.900,1.00
90.234,1.16358,6.02381,7.27358,0.05742,-0.48014,-0.32742,31.2516584,75.7050247,0.900,1.00
90.338,0.67516,6.88572,9.30387,-0.27245,0.01466,0.22235,31.2516584,75.7050247,0.900,1.00
90.443,-0.11492,5.35344,9.81623,-1.09467,0.50946,0.51435,31.2516584,75.7050247,0.900,1.00
90.547,-0.13408,4.44364,7.56568,-0.29322,0.33475,-0.20892,31.2516584,75.7050247,0.900,1.00
90.651,-1.28808,4.73094,6.81390,-0.12584,0.64752,0.33353,31.2516584,75.7050247,0.900,1.00
90.756,0.09577,4.92727,7.03416,-0.24190,0.67440,0.75503,31.2516584,75.7050247,0.900,1.00
90.859,1.16358,5.54976,9.60075,-0.23457,0.37874,0.31765,31.2516584,75.7050247,0.900,1.00
90.963,2.00634,7.36456,9.50498,-0.05864,0.30788,-0.06842,31.2516671,75.7050238,0.980,0.30
91.065,2.53307,3.05979,10.65899,0.10996,-1.65667,-0.77824,31.2516671,75.7050238,0.980,0.30
91.168,1.36948,4.19943,7.63272,0.59498,0.49480,-1.21929,31.2516671,75.7050238,0.980,0.30
91.272,0.80445,3.44286,7.18739,0.21014,-0.92363,-0.81245,31.2516671,75.7050238,0.980,0.30
91.376,-0.13886,4.19943,7.94396,0.19914,-0.44838,-0.47403,31.2516671,75.7050238,0.980,0.30
91.479,-0.65601,4.50110,10.64941,-0.12095,-0.78557,0.07697,31.2516671,75.7050238,0.980,0.30
91.586,-2.99275,4.20422,10.99896,-0.44349,0.33475,0.19181,31.2516671,75.7050238,0.980,0.30
91.693,-2.75333,4.49631,7.37414,0.08552,0.67195,-0.11240,31.2516671,75.7050238,0.980,0.30
91.798,-0.83318,4.32872,6.69898,-0.27367,0.52779,0.61087,31.2516671,75.7050238,0.980,0.30
91.902,0.47405,5.02782,8.15944,0.08796,0.38607,0.59254,31.2516671,75.7050238,0.980,0.30
92.005,1.07260,6.55532,9.69173,0.17593,-0.18692,-0.10018,31.2516772,75.7050262,1.070,3.90
92.109,0.50757,6.04296,13.16811,-0.39218,0.62064,0.19426,31.2516772,75.7050262,1.070,3.90
92.214,1.00078,3.62003,7.91523,0.95417,-0.74037,-0.75625,31.2516772,75.7050262,1.070,3.90
92.319,-0.74699,3.69186,7.19218,0.26512,0.32620,-0.15638,31.2516772,75.7050262,1.070,3.90
92.423,-0.17238,4.21858,6.43561,0.29199,-0.49114,-0.27611,31.2516772,75.7050262,1.070,3.90
92.527,-0.58419,5.96156,8.61434,-0.34331,-0.03176,0.32132,31.2516772,75.7050262,1.070,3.90
92.629,0.05746,6.39252,8.43717,-0.70127,0.59865,0.54734,31.2516772,75.7050262,1.070,3.90
92.731,0.47884,3.15077,10.64462,-0.51557,-1.13010,-0.22724,31.2516772,75.7050262,1.070,3.90
92.835,-2.33674,4.68785,6.70376,0.31521,1.18264,-0.01833,31.2516772,75.7050262,1.070,3.90
92.938,-0.82839,4.51068,6.55532,0.32132,-0.10385,0.76603,31.2516868,75.7050278,1.010,5.30
93.041,0.33040,5.23373,8.44674,0.00122,0.65973,0.80146,31.2516868,75.7050278,1.010,5.30
93.144,1.19231,6.78996,10.74518,0.03299,-0.13195,-0.09652,31.2516868,75.7050278,1.010,5.30
93.249,2.17394,4.36224,11.89439,0.27367,-0.27855,-0.11240,31.2516868,75.7050278,1.010,5.30
93.355,2.11647,3.89297,7.71891,0.21869,0.37996,-0.52534,31.2516868,75.7050278,1.010,5.30
93.458,1.06303,2.28886,6.69898,-0.05620,-1.13132,-0.56077,31.2516868,75.7050278,1.010,5.30
93.561,-0.40701,4.47716,6.61757,0.14294,-0.43127,-0.54000,31.2516868,75.7050278,1.010,5.30
93.664,0.05746,5.98550,10.36211,-0.43860,-0.07819,0.25045,31.2516868,75.7050278,1.010,5.30
93.769,-0.22984,5.45878,10.53449,-0.71105,0.78435,0.50702,31.2516868,75.7050278,1.010,5.30
93.873,0.00479,3.87861,8.59518,0.30177,-0.15027,-0.06842,31.2516868,75.7050278,1.010,5.30
93.976,-1.05345,4.03184,6.00466,0.26267,0.72449,0.45815,31.2516967,75.7050295,1.000,6.40
94.079,0.45969,4.01747,5.88495,0.05253,0.48869,0.71838,31.2516967,75.7050295,1.000,6.40
94.183,0.79487,5.23373,8.01100,-0.11484,0.64385,0.30543,31.2516967,75.7050295,1.000,6.40
94.287,0.72784,7.22091,10.18493,0.12828,-0.14539,-0.16249,31.2516967,75.7050295,1.000,6.40
94.391,1.02472,4.63517,13.27345,-0.75503,-0.12828,0.21991,31.2516967,75.7050295,1.000,6.40
94.497,1.75256,3.53384,7.22091,0.92363,0.00367,-0.95539,31.2516967,75.7050295,1.000,6.40
94.601,0.62728,2.81558,7.62793,0.20281,-0.83200,-0.64507,31.2516967,75.7050295,1.000,6.40
94.706,0.54588,4.52025,5.96156,0.46792,-0.31276,-0.73304,31.2516967,75.7050295,1.000,6.40
94.810,-0.00479,6.22492,9.20331,-0.16005,-0.29199,-0.27611,31.2516967,75.7050295,1.000,6.40
94.913,-1.09654,7.11078,9.86411,-0.44104,0.19303,0.23213,31.2517071,75.7050291,1.050,3.80
95.015,-1.00556,3.56257,10.58716,-0.07575,-0.92485,0.40806,31.2517071,75.7050291,1.050,3.80
95.117,-1.95846,3.93128,5.10923,0.75381,1.02137,0.20281,31.2517071,75.7050291,1.050,3.80
95.222,-0.05746,4.05099,5.96635,-0.39095,0.60842,0.96028,31.2517071,75.7050291,1.050,3.80
95.326,1.01514,5.74130,7.32147,-0.35430,0.86010,0.83566,31.2517071,75.7050291,1.050,3.80
95.429,2.49955,6.25844,11.43471,-0.01710,-0.02443,0.05131,31.2517071,75.7050291,1.050,3.80
95.534,2.40378,5.93762,12.57914,-0.63408,0.27000,0.02321,31.2517071,75.7050291,1.050,3.80
95.637,2.73418,3.73974,7.47470,0.80146,-0.89675,-1.26938,31.2517071,75.7050291,1.050,3.80
95.743,0.68953,3.24654,8.95910,0.60353,-0.07575,-0.93951,31.2517071,75.7050291,1.050,3.80
95.848,0.78051,4.06535,6.70855,0.70494,-0.77824,-1.02381,31.2517071,75.7050291,1.050,3.80
95.953,-0.82839,5.54497,7.92481,-0.04398,-0.38240,-0.28466,31.2517174,75.7050284,1.070,0.20
96.056,-1.36469,7.02938,9.82580,-0.97861,0.53390,0.37874,31.2517174,75.7050284,1.070,0.20
96.160,-1.01035,4.31435,11.42513,-0.17959,-0.83322,-0.30177,31.2517174,75.7050284,1.070,0.20
96.264,-2.57137,5.39174,4.13718,0.63163,1.35856,-0.14661,31.2517174,75.7050284,1.070,0.20
96.367,-0.29209,4.67827,6.21056,-0.24312,0.35919,1.00793,31.2517174,75.7050284,1.070,0.20
96.470,1.36469,5.36301,6.84263,-0.47159,0.15638,0.76725,31.2517174,75.7050284,1.070,0.20
96.572,1.54665,7.37893,11.13783,-0.55100,-0.34086,0.05376,31.2517174,75.7050284,1.070,0.20
96.676,0.81882,3.56257,13.26867,-0.86987,-0.07330,0.05498,31.2517174,75.7050284,1.070,0.20
96.781,1.35512,4.13718,6.45956,0.65973,0.38973,-1.17286,31.2517174,75.7050284,1.070,0.20
96.884,1.10133,3.13162,8.68138,-0.08063,-0.82345,-0.47037,31.2517174,75.7050284,1.070,0.20
96.987,0.42138,3.56257,8.34140,0.60720,-0.00244,-0.48991,31.2517276,75.7050290,1.090,358.90
97.091,-1.13964,4.19943,10.63026,0.43371,0.12828,0.10385,31.2517276,75.7050290,1.090,358.90
97.194,-1.72861,3.49553,12.62223,-1.50884,0.32376,0.60231,31.2517276,75.7050290,1.090,358.90
97.300,-3.28006,4.71179,7.67102,1.13987,0.69883,-0.67317,31.2517276,75.7050290,1.090,358.90
97.405,-1.68552,4.65912,5.17148,-0.40806,0.08430,1.14232,31.2517276,75.7050290,1.090,358.90
97.509,1.03908,5.00388,7.12514,-0.00489,0.44104,0.76236,31.2517276,75.7050290,1.090,358.90
97.612,0.66559,6.54575,8.06367,0.10629,0.10873,0.02199,31.2517276,75.7050290,1.090,358.90
97.715,-0.00958,7.24485,12.86644,-0.36652,1.00304,0.33598,31.2517276,75.7050290,1.090,358.90
97.819,1.47962,2.49955,8.44674,0.76236,-1.85825,-0.72571,31.2517276,75.7050290,1.090,358.90
97.924,-0.60813,4.73094,5.40611,0.92118,1.20585,-0.82467,31.2517373,75.7050299,0.950,0.80
98.026,0.38307,5.14275,7.71412,-0.16371,-0.82100,-0.41539,31.2517373,75.7050299,0.950,0.80
98.129,-0.19632,5.89931,8.17380,-0.02321,-0.38607,-0.14172,31.2517373,75.7050299,0.950,0.80
98.234,-0.70868,6.96234,8.41801,0.17349,0.04154,0.29322,31.2517373,75.7050299,0.950,0.80
98.337,-0.95768,4.30477,10.86489,-0.62430,-0.48136,0.61209,31.2517373,75.7050299,0.950,0.80
98.439,-2.76770,5.14753,6.94797,0.70005,0.88820,-0.45448,31.2517373,75.7050299,0.950,0.80
98.542,-1.92973,5.06613,4.79798,-0.41905,0.20892,0.70127,31.2517373,75.7050299,0.950,0.80
98.647,0.78051,5.81312,5.89452,-0.42272,0.67073,0.72571,31.2517373,75.7050299,0.950,0.80
98.750,1.04866,7.08684,9.29429,-0.34086,0.17471,0.36652,31.2517373,75.7050299,0.950,0.80
98.855,1.80523,7.37893,11.85609,-0.29688,-0.05620,0.23213,31.2517373,75.7050299,0.950,0.80
98.958,2.23140,3.65355,8.09240,0.70738,-1.07024,-0.95051,31.2517474,75.7050307,0.970,2.20
99.063,1.14922,3.67271,7.48427,-0.00489,-0.39095,-0.60109,31.2517474,75.7050307,0.970,2.20
99.166,0.81882,4.29520,6.67982,0.27733,-0.48625,-0.75381,31.2517474,75.7050307,0.970,2.20
99.275,-0.23942,5.44441,8.68616,0.15272,0.20769,-0.26634,31.2517474,75.7050307,0.970,2.20
99.378,-1.16358,7.12514,8.77714,-0.58277,0.28344,0.41539,31.2517474,75.7050307,0.970,2.20
99.482,-0.52194,3.91213,9.95988,-0.98594,-0.92118,0.41417,31.2517474,75.7050307,0.970,2.20
99.585,-1.29766,4.52504,6.01423,0.35797,1.02503,0.07208,31.2517474,75.7050307,0.970,2.20
99.689,-0.39744,4.59208,6.80911,-0.24679,0.40073,0.88575,31.2517474,75.7050307,0.970,2.20
99.793,0.35434,5.32470,7.77637,-0.43371,0.18204,0.57788,31.2517474,75.7050307,0.970,2.20
99.897,0.62249,6.83305,9.76834,0.20281,0.15882,0.11973,31.2517474,75.7050307,0.970,2.20
100.000,2.20745,4.39575,14.60942,-0.48258,0.01344,0.28711,31.2517574,75.7050308,0.960,4.20
100.104,2.91614,3.88818,6.10043,0.77824,-0.44960,-1.08856,31.2517574,75.7050308,0.960,4.20
100.209,2.21703,2.95923,7.79552,0.10873,-0.70616,-0.98471,31.2517574,75.7050308,0.960,4.20
100.313,1.07739,3.95522,7.52258,0.09652,-0.48014,-0.88575,31.2517574,75.7050308,0.960,4.20
100.418,-0.39265,5.30076,9.87848,-0.21258,0.12462,-0.09529,31.2517574,75.7050308,0.960,4.20
100.520,-1.35991,5.87537,9.29429,-0.63286,0.48747,0.61820,31.2517574,75.7050308,0.960,4.20
100.625,-0.89064,3.62003,9.68694,-0.26389,-0.76725,0.08308,31.2517574,75.7050308,0.960,4.20
100.729,-1.48919,4.56335,5.19542,0.15882,1.05558,0.40806,31.2517574,75.7050308,0.960,4.20
100.832,1.13964,4.28083,7.23049,-0.21136,0.43982,1.00793,31.2517574,75.7050308,0.960,4.20
100.937,2.26013,5.00867,8.27915,-0.21502,-0.09652,0.56933,31.2517671,75.7050308,1.080,2.20
101.039,2.24576,6.47392,9.78750,0.18082,-0.01710,-0.28833,31.2517671,75.7050308,1.080,2.20
101.142,2.25055,3.95043,15.05474,-0.62919,-0.49358,0.01710,31.2517671,75.7050308,1.080,2.20
101.247,2.59053,3.61524,7.20655,1.02381,-0.13683,-1.21196,31.2517671,75.7050308,1.080,2.20
101.351,1.43652,3.21302,7.00543,0.41417,-0.81001,-1.02503,31.2517671,75.7050308,1.080,2.20
101.455,0.99599,4.22337,6.54575,0.46304,-0.50824,-0.93462,31.2517671,75.7050308,1.080,2.20
101.560,-1.14922,5.36301,10.07001,0.06231,0.18082,-0.19670,31.2517671,75.7050308,1.080,2.20
101.666,-1.50835,6.70376,7.92002,-0.51191,0.62675,0.52779,31.2517671,75.7050308,1.080,2.20
101.771,-0.26336,4.29999,9.94551,-0.43494,-0.42516,0.23213,31.2517671,75.7050308,1.080,2.20
101.878,-2.23140,4.88896,6.51223,0.55467,0.93829,0.46914,31.2517671,75.7050308,1.080,2.20
101.982,1.35033,4.22816,5.68384,-0.03054,0.57177,1.20218,31.2517794,75.7050297,1.170,0.90
102.084,2.42772,6.35421,7.48427,-0.16249,0.40317,0.57177,31.2517794,75.7050297,1.170,0.90
102.189,2.19309,7.50822,10.29028,0.04032,-0.20647,0.00855,31.2517794,75.7050297,1.170,0.90
102.293,3.21302,5.39174,11.00375,-0.27733,-0.64507,-0.25779,31.2517794,75.7050297,1.170,0.90
102.398,3.71580,4.38618,9.98861,-0.17593,-0.00611,-0.97616,31.2517794,75.7050297,1.170,0.90
102.501,0.30646,3.53863,7.24485,0.81489,-1.02381,-1.31825,31.2517794,75.7050297,1.170,0.90
102.604,-0.08140,4.40533,5.45878,0.66340,-0.62675,-0.60720,31.2517794,75.7050297,1.170,0.90
102.710,0.03352,6.39252,7.90087,-0.03665,0.55589,0.11484,31.2517794,75.7050297,1.170,0.90
102.814,-1.66636,6.94797,10.81221,-0.92729,0.31765,0.70250,31.2517794,75.7050297,1.170,0.90
102.918,-1.09654,4.31435,10.36689,-0.08430,-0.17349,0.44593,31.2517896,75.7050303,1.050,2.40
103.022,-0.66080,4.34787,4.67348,0.01955,1.28037,1.08490,31.2517896,75.7050303,1.050,2.40
103.126,2.18830,4.15155,6.64630,-0.18692,1.16064,1.18141,31.2517896,75.7050303,1.050,2.40
103.230,2.34632,5.94720,7.72369,-0.33720,0.35064,0.78191,31.2517896,75.7050303,1.050,2.40
103.334,4.37660,6.65588,10.57758,-0.51801,-0.24801,0.00489,31.2517896,75.7050303,1.050,2.40
103.438,3.02627,4.77883,13.67089,0.10263,-0.39218,-0.90652,31.2517896,75.7050303,1.050,2.40
103.543,1.29287,4.03184,7.40287,0.96517,-0.47037,-1.55038,31.2517896,75.7050303,1.050,2.40
103.648,0.07661,3.17950,6.05733,0.59376,-1.08245,-1.20340,31.2517896,75.7050303,1.050,2.40
103.752,-0.81403,4.75967,6.20577,0.25901,-0.82222,-0.55955,31.2517896,75.7050303,1.050,2.40
103.857,-1.24498,5.78918,9.16979,-0.30788,-0.04398,0.13073,31.2517896,75.7050303,1.050,2.40
103.960,-1.57538,6.23450,8.94953,-1.39399,1.23273,0.65973,31.2518007,75.7050308,1.110,1.30
104.063,-1.69988,5.55455,7.74285,0.39951,0.92974,-0.13317,31.2518007,75.7050308,1.110,1.30
104.168,-0.16759,4.07493,7.46512,-0.18204,0.33964,0.72693,31.2518007,75.7050308,1.110,1.30
104.272,0.18196,5.09486,5.74130,0.33842,0.40684,0.38362,31.2518007,75.7050308,1.110,1.30
104.376,0.21069,7.06289,9.46189,0.20036,-0.05620,0.09529,31.2518007,75.7050308,1.110,1.30
104.480,0.56503,8.04452,10.56322,-0.25290,0.80268,-0.23702,31.2518007,75.7050308,1.110,1.30
104.582,-0.95289,4.03662,6.63194,0.59743,-1.06779,-0.92974,31.2518007,75.7050308,1.110,1.30
104.687,-0.80924,4.40533,7.45076,-0.40073,-0.35797,-0.43494,31.2518007,75.7050308,1.110,1.30
104.792,-0.23463,5.29119,6.34942,-0.43127,-0.80634,-0.18937,31.2518007,75.7050308,1.110,1.30
104.897,-0.63686,5.60243,9.30387,-0.21258,-0.18937,-0.01344,31.2518007,75.7050308,1.110,1.30
105.002,-1.47004,6.21535,9.31344,0.06842,0.51313,0.23579,31.2518118,75.7050306,1.090,1.30
105.105,-0.90980,2.59053,10.45308,-0.86621,-1.12399,0.83566,31.2518118,75.7050306,1.090,1.30
105.210,-0.93374,3.33273,7.00543,0.42150,0.82222,0.22235,31.2518118,75.7050306,1.090,1.30
105.313,0.01437,3.92170,6.87136,-0.06475,0.41172,0.66706,31.2518118,75.7050306,1.090,1.30
105.419,0.45969,5.20499,7.87692,-0.03054,0.78435,0.56200,31.2518118,75.7050306,1.090,1.30
105.522,0.87628,6.09564,10.46266,-0.08186,-0.15149,0.16493,31.2518118,75.7050306,1.090,1.30
105.626,0.68474,5.69820,12.66533,-0.48747,0.27855,0.15272,31.2518118,75.7050306,1.090,1.30
105.729,1.84832,3.70622,7.65187,0.45693,-0.08430,-0.82711,31.2518118,75.7050306,1.090,1.30
105.833,0.90022,2.26491,7.93917,-0.23579,-0.94195,-0.46059,31.2518118,75.7050306,1.090,1.30
105.936,-0.17238,4.02705,6.94797,0.19059,-0.40439,-0.62186,31.2518215,75.7050306,1.100,0.00
106.041,-1.66158,5.43484,9.12191,-0.24312,-0.20525,0.35919,31.2518215,75.7050306,1.100,0.00
106.145,0.35434,4.22816,11.52090,-0.24190,0.09652,0.58032,31.2518215,75.7050306,1.100,0.00
106.247,-0.02394,2.52828,10.13705,0.39218,-0.09407,0.07453,31.2518215,75.7050306,1.100,0.00
106.351,-1.42694,3.61524,6.37815,0.05131,1.06535,0.22113,31.2518215,75.7050306,1.100,0.00
106.456,-0.08140,4.36224,5.81312,-0.24068,0.62064,0.67440,31.2518215,75.7050306,1.100,0.00
106.560,1.12527,5.13796,9.12670,-0.66218,0.24557,0.69639,31.2518215,75.7050306,1.100,0.00
106.664,0.91937,5.69341,11.76511,0.17104,-0.25412,-0.23457,31.2518215,75.7050306,1.100,0.00
106.766,1.56581,2.84431,13.64216,-0.26756,-0.64874,-0.15760,31.2518215,75.7050306,1.100,0.00
106.869,0.90501,2.65756,6.77080,0.19303,0.88331,-0.96150,31.2518215,75.7050306,1.100,0.00
106.969,-1.11570,2.81558,7.74764,0.40317,0.03910,-0.71471,31.2518320,75.7050311,1.140,359.80
107.073,-1.13485,3.33273,8.12592,0.30177,-0.38362,-0.16860,31.2518320,75.7050311,1.140,359.80
107.176,-1.16837,3.25611,9.49062,-0.33842,0.28955,0.23579,31.2518320,75.7050311,1.140,359.80
107.278,-1.94409,2.23618,12.89996,-1.67011,1.12766,0.63163,31.2518320,75.7050311,1.140,359.80
107.380,-0.44532,2.51870,9.18416,-0.33475,-0.91019,-0.36163,31.2518320,75.7050311,1.140,359.80
107.484,-1.56581,3.31836,7.45554,0.50824,1.14476,0.10751,31.2518320,75.7050311,1.140,359.80
107.587,-0.66080,3.68707,8.71011,0.41294,0.11729,0.59498,31.2518320,75.7050311,1.140,359.80
107.694,-1.22583,4.17070,9.59117,0.42028,0.19670,0.23213,31.2518320,75.7050311,1.140,359.80
107.797,-0.82839,5.08050,12.06678,-0.96883,0.17349,0.18448,31.2518320,75.7050311,1.140,359.80
107.901,1.87227,2.86347,10.10832,-0.45693,-1.26327,-0.47647,31.2518320,75.7050311,1.140,359.80
108.005,0.27294,1.21625,10.16578,0.42638,0.68295,-0.94073,31.2518429,75.7050314,1.140,0.70
108.108,1.32639,1.69509,7.00543,0.54367,-1.10567,-0.99082,31.2518429,75.7050314,1.140,0.70
108.214,-2.06859,2.47082,10.86010,0.05498,0.30421,-0.18326,31.2518429,75.7050314,1.140,0.70
108.317,-2.45645,2.48518,9.96946,-0.52290,0.60842,0.49969,31.2518429,75.7050314,1.140,0.70
108.422,-1.35033,0.86191,10.19930,-0.91630,-1.11055,0.09407,31.2518429,75.7050314,1.140,0.70
108.527,-2.68629,3.00712,7.58962,0.02810,1.54671,0.04887,31.2518429,75.7050314,1.140,0.70
108.635,-0.16281,2.93529,8.53294,-0.59376,-0.84910,1.42820,31.2518429,75.7050314,1.140,0.70
108.740,1.33596,2.52828,10.48660,0.48869,0.37141,0.70250,31.2518429,75.7050314,1.140,0.70
108.846,0.49799,4.20901,10.66856,0.67195,0.69883,-0.42638,31.2518429,75.7050314,1.140,0.70
108.949,-0.12450,2.61447,10.69729,0.73059,-0.93340,-0.30543,31.2518544,75.7050313,1.100,1.80
109.050,1.09176,2.40857,9.46189,0.15272,0.00611,-0.09285,31.2518544,75.7050313,1.100,1.80
109.154,0.63686,1.83396,7.12514,0.58643,-1.17164,-0.66706,31.2518544,75.7050313,1.100,1.80
109.259,-0.13886,2.68151,7.87214,-0.00367,-0.60109,-0.31643,31.2518544,75.7050313,1.100,1.80
109.363,-1.00556,3.14598,10.54885,-0.42883,-0.12584,0.16005,31.2518544,75.7050313,1.100,1.80
109.469,0.24900,0.63686,12.59829,-0.65363,-1.37200,0.50213,31.2518544,75.7050313,1.100,1.80
109.572,-1.09176,4.40533,5.88016,0.28955,0.89186,-0.30910,31.2518544,75.7050313,1.100,1.80
109.677,2.21703,3.00233,7.80031,-0.28344,-0.94562,1.00060,31.2518544,75.7050313,1.100,1.80
109.781,1.72383,2.89220,8.33182,0.50091,0.27000,0.31521,31.2518544,75.7050313,1.100,1.80
109.886,2.08296,5.02782,10.70687,0.01466,-0.27855,-0.10751,31.2518544,75.7050313,1.100,1.80
109.990,3.17950,3.05979,13.30219,0.06842,0.05009,-0.03665,31.2518656,75.7050310,1.180,0.90
110.093,2.71024,3.30400,6.83784,0.32498,0.85032,-0.96272,31.2518656,75.7050310,1.180,0.90
110.199,1.17316,2.04944,7.56089,0.37507,-1.08612,-0.93462,31.2518656,75.7050310,1.180,0.90
110.302,0.01915,3.03106,8.27436,0.34453,-0.52412,-0.17837,31.2518656,75.7050310,1.180,0.90
110.406,0.18196,3.28484,10.97023,0.00244,-0.05498,0.65607,31.2518656,75.7050310,1.180,0.90
110.510,0.88107,2.26970,12.97657,-0.92607,0.44104,1.11177,31.2518656,75.7050310,1.180,0.90
110.615,-0.33998,3.47159,5.47793,0.00733,0.70860,-0.29810,31.2518656,75.7050310,1.180,0.90
110.718,1.10612,3.13640,7.88650,-0.70127,0.78435,0.76480,31.2518656,75.7050310,1.180,0.90
110.821,1.17316,4.04141,10.24718,0.47770,0.68050,0.47037,31.2518656,75.7050310,1.180,0.90
110.925,1.24498,4.24731,11.79384,0.71838,-0.36652,0.27489,31.2518762,75.7050319,1.160,1.30
111.027,1.25456,5.11401,11.60709,-0.43982,0.28344,0.04032,31.2518762,75.7050319,1.160,1.30
111.131,2.61447,2.99754,7.75721,0.97494,-0.86010,-1.01526,31.2518762,75.7050319,1.160,1.30
111.234,0.87628,2.23618,6.68940,0.48625,-0.45693,-0.63286,31.2518762,75.7050319,1.160,1.30
111.338,1.16358,4.14197,5.97593,0.10140,-0.16738,-0.53023,31.2518762,75.7050319,1.160,1.30
111.442,0.33519,4.99909,10.86489,-0.15272,0.00000,-0.04520,31.2518762,75.7050319,1.160,1.30
111.547,-0.11971,4.54898,10.63983,-0.96150,0.61820,0.68173,31.2518762,75.7050319,1.160,1.30
111.650,0.20590,2.89698,9.61990,-0.28100,-0.73426,-0.27978,31.2518762,75.7050319,1.160,1.30
111.755,-1.79565,3.49553,6.46913,0.12462,0.81734,0.40806,31.2518762,75.7050319,1.160,1.30
111.859,1.04866,3.42371,6.52659,0.01222,0.37385,0.97738,31.2518762,75.7050319,1.160,1.30
111.964,2.25534,4.67348,8.94953,-0.14539,0.13317,0.40439,31.2518883,75.7050319,1.160,2.40
112.068,2.61926,5.86101,12.26789,-0.30910,-0.01588,-0.16371,31.2518883,75.7050319,1.160,2.40
112.170,1.88184,2.11169,11.55442,1.17775,-1.05435,-0.56688,31.2518883,75.7050319,1.160,2.40
112.276,1.17795,3.07894,5.51145,0.53634,0.36652,-0.44104,31.2518883,75.7050319,1.160,2.40
112.381,0.93853,2.84910,6.68461,-0.52168,-1.17164,-0.21136,31.2518883,75.7050319,1.160,2.40
112.485,0.74220,3.94564,8.34140,0.17226,0.30177,-0.26389,31.2518883,75.7050319,1.160,2.40
112.588,0.11492,4.95121,9.83538,-0.32254,0.28466,0.65973,31.2518883,75.7050319,1.160,2.40
112.693,0.49321,1.74777,10.99417,-1.21196,-0.41417,1.31336,31.2518883,75.7050319,1.160,2.40
112.796,0.18675,2.02549,8.94474,0.09285,0.52534,0.23824,31.2518883,75.7050319,1.160,2.40
112.902,1.47962,2.10211,7.36935,0.15882,0.10263,0.77091,31.2518883,75.7050319,1.160,2.40
113.005,1.85311,3.25133,8.27436,0.26512,0.29444,0.46059,31.2519004,75.7050301,1.120,358.30
113.108,3.45723,3.82593,11.53526,-0.40439,-0.01710,0.15638,31.2519004,75.7050301,1.120,358.30
113.213,3.01669,0.87628,13.77624,0.23335,-0.39706,-0.62430,31.2519004,75.7050301,1.120,358.30
113.319,1.17316,1.22583,8.96868,0.75136,1.16553,-1.28648,31.2519004,75.7050301,1.120,358.30
113.424,0.53630,1.73819,6.94797,0.32376,-0.71716,-1.47829,31.2519004,75.7050301,1.120,358.30
113.527,-1.00078,3.73974,9.59117,0.03543,0.38729,-0.70860,31.2519004,75.7050301,1.120,358.30
113.630,-1.33596,3.73495,10.32380,0.42272,0.02321,-0.00733,31.2519004,75.7050301,1.120,358.30
113.736,-0.36392,1.01035,11.91834,-0.50335,-1.64567,0.58887,31.2519004,75.7050301,1.120,358.30
113.841,-1.73819,3.16035,5.03740,0.72082,0.80756,-0.01466,31.2519004,75.7050301,1.120,358.30
113.945,0.19632,3.42850,6.48829,-0.30421,-0.27489,0.69639,31.2519120,75.7050293,1.090,358.90
114.048,0.58897,3.55300,8.48984,-0.08674,0.29199,0.41661,31.2519120,75.7050293,1.090,358.90
114.150,0.26336,5.16190,10.17057,-0.05986,0.22358,-0.07941,31.2519120,75.7050293,1.090,358.90
114.257,2.08296,3.27527,12.19606,-0.78557,-0.09774,0.43249,31.2519120,75.7050293,1.090,358.90
114.361,2.70545,2.92093,8.02058,0.30421,0.22358,-1.00548,31.2519120,75.7050293,1.090,358.90
114.465,1.75734,2.19309,7.49385,0.14050,-0.76358,-0.77336,31.2519120,75.7050293,1.090,358.90
114.569,0.80445,3.39498,8.22169,0.34208,0.00000,-0.67440,31.2519120,75.7050293,1.090,358.90
114.672,0.58897,3.53384,10.89362,-0.27733,-0.30788,0.06597,31.2519120,75.7050293,1.090,358.90
114.774,-0.53630,3.60567,11.39161,-0.27245,0.52657,0.45937,31.2519120,75.7050293,1.090,358.90
114.876,-0.44053,1.65679,9.95509,0.17349,-0.77336,0.35675,31.2519120,75.7050293,1.090,358.90
114.980,0.15323,2.50433,5.98072,0.22724,0.54734,0.30543,31.2519227,75.7050272,0.980,353.90
115.082,1.40300,3.48117,6.42125,0.35430,0.43738,0.10629,31.2519227,75.7050272,0.980,353.90
115.185,1.97282,4.54898,9.52892,-0.19914,-0.12095,0.09163,31.2519227,75.7050272,0.980,353.90
115.289,3.31358,5.75087,13.31176,-0.90164,-0.39095,0.04765,31.2519227,75.7050272,0.980,353.90
115.392,3.30400,1.42694,9.94073,0.52046,-1.30970,-1.35123,31.2519227,75.7050272,0.980,353.90
115.494,1.72861,2.38462,7.40287,0.18082,0.43738,-1.05435,31.2519227,75.7050272,0.980,353.90
115.598,1.46046,2.33674,6.95276,0.26878,-0.49969,-0.85032,31.2519227,75.7050272,0.980,353.90
115.700,0.21548,3.14119,8.30788,0.02443,-0.48381,-0.12828,31.2519227,75.7050272,0.980,353.90
115.806,1.58017,3.47638,10.43872,-0.28466,-0.08796,0.44349,31.2519227,75.7050272,0.980,353.90
115.907,0.51236,1.07739,11.51132,-0.39828,0.11240,-0.24801,31.2519333,75.7050241,1.080,351.30
116.009,-1.47004,3.19387,5.68384,0.18570,0.41172,0.18937,31.2519333,75.7050241,1.080,351.30
116.112,1.00556,3.29921,7.36935,0.16005,0.69394,1.06901,31.2519333,75.7050241,1.080,351.30
116.217,1.76213,3.44765,8.38449,0.14539,0.33353,1.03847,31.2519333,75.7050241,1.080,351.30
116.323,3.12204,4.59208,10.70687,-0.43860,-0.56688,0.04032,31.2519333,75.7050241,1.080,351.30
116.427,4.40054,1.80044,15.43781,-0.10140,-0.76358,-0.39828,31.2519333,75.7050241,1.080,351.30
116.531,2.07338,1.98719,7.47470,1.06535,0.70738,-1.27915,31.2519333,75.7050241,1.080,351.30
116.636,0.24421,1.34554,5.83228,0.41294,-1.01770,-0.70860,31.2519333,75.7050241,1.080,351.30
116.741,0.59376,2.86825,6.42604,0.08308,0.02199,-0.22113,31.2519333,75.7050241,1.080,351.30
116.845,1.65200,3.78284,10.80264,-0.69028,0.22480,0.73548,31.2519333,75.7050241,1.080,351.30
116.949,3.56257,1.34554,15.27501,-1.58092,-0.22113,1.40255,31.2519436,75.7050239,1.030,351.60
117.052,0.42617,2.68151,8.14507,1.13254,0.24068,-1.38544,31.2519436,75.7050239,1.030,351.60
117.156,-0.57940,2.79164,5.93762,0.33109,0.16127,0.45937,31.2519436,75.7050239,1.030,351.60
117.260,0.90501,3.50032,6.84742,0.34697,0.61820,0.75992,31.2519436,75.7050239,1.030,351.60
117.364,2.86825,4.41491,9.28471,-0.41294,-0.51557,0.66951,31.2519436,75.7050239,1.030,351.60
117.469,4.41970,5.06134,13.09149,-0.06842,0.51435,-0.26389,31.2519436,75.7050239,1.030,351.60
117.573,3.27527,2.62883,6.69419,0.52901,-0.81489,-0.90652,31.2519436,75.7050239,1.030,351.60
117.677,2.51391,1.97761,8.28394,-0.03665,0.56200,-0.37141,31.2519436,75.7050239,1.030,351.60
117.782,1.75256,2.70066,6.99107,0.31154,-0.83078,-0.96517,31.2519436,75.7050239,1.030,351.60
117.887,0.73263,3.39977,11.00375,-0.19181,-0.20281,0.05864,31.2519436,75.7050239,1.030,351.60
117.990,1.22104,4.07972,9.73004,-0.59132,-0.01955,0.62675,31.2519535,75.7050226,0.990,349.80
118.091,1.83396,1.72383,11.25275,-0.19670,-1.23028,0.01833,31.2519535,75.7050226,0.990,349.80
118.198,-0.63686,3.09810,6.44998,0.26023,1.52228,-0.22969,31.2519535,75.7050226,0.990,349.80
118.302,0.52194,3.38061,6.91924,0.07453,-0.01344,0.66462,31.2519535,75.7050226,0.990,349.80
118.406,1.93451,4.16112,8.07804,0.15516,0.47037,0.81123,31.2519535,75.7050226,0.990,349.80
118.513,4.14676,5.02782,11.70765,-0.42516,-0.09774,0.28344,31.2519535,75.7050226,0.990,349.80
118.616,2.93529,2.56180,11.10910,0.65607,-0.54856,-0.79046,31.2519535,75.7050226,0.990,349.80
118.719,2.23140,3.18429,6.99107,0.08308,1.32924,-0.27000,31.2519535,75.7050226,0.990,349.80
118.824,2.44209,2.16915,7.48427,0.18692,-0.84422,-0.69150,31.2519535,75.7050226,0.990,349.80
118.929,0.51715,3.54342,8.24084,0.23213,-0.43982,-0.09774,31.2519639,75.7050215,1.000,351.20
119.031,1.29287,3.79242,9.90721,0.08186,-0.17226,0.40195,31.2519639,75.7050215,1.000,351.20
119.134,0.95768,3.37104,13.26388,-0.69883,1.36223,1.08612,31.2519639,75.7050215,1.000,351.20
119.239,-0.10056,3.17471,7.74285,0.03543,0.05009,0.02321,31.2519639,75.7050215,1.000,351.20
119.344,0.11013,2.66714,7.23049,-0.14661,0.56566,0.75014,31.2519639,75.7050215,1.000,351.20
119.449,1.13964,3.21302,7.12993,0.01344,0.57788,0.76114,31.2519639,75.7050215,1.000,351.20
119.555,2.48039,4.40054,10.84095,-0.08186,-0.32498,0.23457,31.2519639,75.7050215,1.000,351.20
119.658,2.78685,5.19542,11.34373,-0.45082,-0.10507,0.07697,31.2519639,75.7050215,1.000,351.20
119.763,2.93050,1.99676,8.49463,0.47647,-1.23883,-0.93707,31.2519639,75.7050215,1.000,351.20
119.867,1.60890,2.36547,9.20810,0.37629,1.25838,-0.50091,31.2519639,75.7050215,1.000,351.20
119.970,1.10133,2.82995,7.38851,0.49236,-0.36285,-0.68906,31.2519723,75.7050209,0.980,356.10
120.073,0.86191,3.40934,9.07402,-0.07575,-0.46548,0.00122,31.2519723,75.7050209,0.980,356.10
120.175,0.61770,3.81157,10.49618,-0.05131,0.14539,0.20403,31.2519723,75.7050209,0.980,356.10
120.279,0.42617,1.32639,11.71243,-0.47281,-0.19426,0.64507,31.2519723,75.7050209,0.980,356.10
120.384,-0.97205,3.34709,7.14909,0.23335,0.83689,-0.15760,31.2519723,75.7050209,0.980,356.10
120.487,0.80445,3.65834,7.36456,-0.18448,0.22724,0.74770,31.2519723,75.7050209,0.980,356.10
120.591,1.89142,4.00311,8.83939,-0.06109,0.66096,0.70005,31.2519723,75.7050209,0.980,356.10
120.700,3.50990,4.73573,10.49139,-0.06109,-0.60353,-0.25656,31.2519723,75.7050209,0.980,356.10
120.804,1.58017,1.01035,13.98693,-0.16982,0.56200,-0.33842,31.2519723,75.7050209,0.980,356.10
120.908,2.07817,2.12126,8.64307,0.12950,0.40806,-1.38178,31.2519723,75.7050209,0.980,356.10
121.010,1.92973,2.34632,6.96234,0.24557,-1.23639,-1.45264,31.2519813,75.7050210,1.010,359.60
121.114,0.36392,3.67271,9.05487,0.51924,0.19914,-1.17530,31.2519813,75.7050210,1.010,359.60
121.219,-0.88585,3.73017,10.45787,0.17593,-0.78557,0.02077,31.2519813,75.7050210,1.010,359.60
121.323,-1.17795,3.39498,9.99819,-0.41294,0.19426,0.35430,31.2519813,75.7050210,1.010,359.60
121.429,-0.45490,2.07338,8.37971,-0.22358,-1.19119,0.05253,31.2519813,75.7050210,1.010,359.60
121.533,0.27294,3.20823,7.49864,-0.18815,0.35186,0.63408,31.2519813,75.7050210,1.010,359.60
121.638,0.92895,3.23696,8.84418,0.03543,0.32987,0.55100,31.2519813,75.7050210,1.010,359.60
121.742,0.67516,4.03662,9.14585,-0.01100,0.22480,0.43127,31.2519813,75.7050210,1.010,359.60
121.846,1.08697,5.15232,8.39407,0.04643,-0.13683,0.16493,31.2519813,75.7050210,1.010,359.60
121.951,4.04141,5.09965,12.81856,-0.44471,1.05313,0.15882,31.2519906,75.7050204,0.950,4.70
122.055,3.13162,2.53307,7.83383,0.59620,-1.18508,-1.27304,31.2519906,75.7050204,0.950,4.70
122.159,1.28329,2.57137,7.65666,0.15882,-0.98716,-0.71471,31.2519906,75.7050204,0.950,4.70
122.264,1.26893,3.24654,8.73405,0.19303,-0.47281,-0.45815,31.2519906,75.7050204,0.950,4.70
122.368,0.78051,3.80678,9.52413,0.27489,-0.44471,-0.04032,31.2519906,75.7050204,0.950,4.70
122.472,-0.00479,4.26647,9.79707,-0.11606,1.00671,0.27733,31.2519906,75.7050204,0.950,4.70
122.575,-0.83318,3.36625,7.76679,0.24068,-0.19548,0.08674,31.2519906,75.7050204,0.950,4.70
122.679,0.83318,4.18506,8.31267,-0.43249,0.84544,0.86254,31.2519906,75.7050204,0.950,4.70
122.784,0.90980,5.03261,7.04374,-0.04887,0.43371,0.85032,31.2519906,75.7050204,0.950,4.70
122.888,2.70545,4.81235,9.37569,0.08796,-0.30910,0.42883,31.2519906,75.7050204,0.950,4.70
122.992,1.61369,5.98550,8.73884,0.44593,-0.27733,-0.31032,31.2520010,75.7050210,0.960,4.70
123.095,2.73418,3.34709,11.53526,-0.00367,-0.39584,0.34331,31.2520010,75.7050210,0.960,4.70
123.201,2.95444,3.93607,6.94797,0.04276,0.28344,-0.07453,31.2520010,75.7050210,0.960,4.70
123.304,2.61447,3.90255,4.86023,-0.11606,-0.96761,-0.34819,31.2520010,75.7050210,0.960,4.70
123.407,2.79164,4.84586,9.82102,-0.50091,0.55833,0.00611,31.2520010,75.7050210,0.960,4.70
123.511,1.83875,4.47237,10.79306,0.12828,0.25290,0.10873,31.2520010,75.7050210,0.960,4.70
123.614,1.31681,3.23217,12.32535,-0.81489,0.44104,0.94806,31.2520010,75.7050210,0.960,4.70
123.722,-0.67038,3.86424,5.75087,0.62797,0.52901,-0.26023,31.2520010,75.7050210,0.960,4.70
123.825,1.68552,2.98318,6.95276,-0.27733,0.32498,0.89797,31.2520010,75.7050210,0.960,4.70
123.930,1.93930,4.38139,8.07325,-0.29932,0.33231,0.31887,31.2520106,75.7050195,0.950,2.20
124.033,1.93451,5.42047,10.29507,0.49480,-0.44960,-0.51191,31.2520106,75.7050195,0.950,2.20
124.137,3.31836,6.02860,13.07234,-0.56444,0.82955,0.43982,31.2520106,75.7050195,0.950,2.20
124.241,3.42371,3.25133,7.74764,0.32987,-0.73182,-0.79168,31.2520106,75.7050195,0.950,2.20
124.343,2.11647,2.48997,6.19141,0.28588,-0.58887,-0.39095,31.2520106,75.7050195,0.950,2.20
124.449,2.21703,3.56257,7.36456,0.16982,0.14294,-0.35186,31.2520106,75.7050195,0.950,2.20
124.557,2.79643,3.86903,10.20888,-0.10018,-0.12095,0.31887,31.2520106,75.7050195,0.950,2.20
124.661,1.36948,5.12359,10.10832,-0.25290,0.81978,0.57177,31.2520106,75.7050195,0.950,2.20
124.765,2.14520,3.04064,7.52258,-0.28222,-0.84055,0.11118,31.2520106,75.7050195,0.950,2.20
124.870,0.96726,3.55300,7.71412,0.36530,1.24617,0.06842,31.2520106,75.7050195,0.950,2.20
124.974,2.30801,4.29999,6.77080,0.01833,0.02688,0.58887,31.2520200,75.7050199,1.000,2.00
125.076,1.98240,5.52582,7.54652,0.17104,-0.14905,0.17226,31.2520200,75.7050199,1.000,2.00
125.178,4.23295,6.71813,9.02135,0.21258,-0.06109,-0.30421,31.2520200,75.7050199,1.000,2.00
125.280,3.76368,2.75333,11.88482,0.09041,-0.34697,-0.24923,31.2520200,75.7050199,1.000,2.00
125.386,3.18908,3.61524,6.90488,0.15272,0.43982,-0.86865,31.2520200,75.7050199,1.000,2.00
125.490,2.25055,3.05021,7.40766,0.10140,-0.81489,-0.90775,31.2520200,75.7050199,1.000,2.00
125.592,1.28329,4.46758,6.47871,0.20036,-0.02443,-0.67195,31.2520200,75.7050199,1.000,2.00
125.697,0.65122,5.21457,9.60554,-0.03421,0.40561,0.13073,31.2520200,75.7050199,1.000,2.00
125.802,0.79487,3.89776,12.83771,-1.51617,0.50335,1.51250,31.2520200,75.7050199,1.000,2.00
125.906,0.73263,3.75411,8.48026,0.17471,0.13195,-0.49236,31.2520200,75.7050199,1.000,2.00
126.008,-0.51715,3.44765,6.58405,-0.14172,0.12584,0.85765,31.2520294,75.7050216,1.110,5.10
126.113,1.96325,3.68707,6.61278,0.28344,0.64385,0.74159,31.2520294,75.7050216,1.110,5.10
126.219,2.56180,5.05655,8.70532,-0.57544,0.15149,0.72693,31.2520294,75.7050216,1.110,5.10
126.322,4.73573,5.48751,11.71722,-0.37874,-0.05986,-0.25901,31.2520294,75.7050216,1.110,5.10
126.426,1.45567,2.17394,8.82503,0.81734,0.06231,-1.48807,31.2520294,75.7050216,1.110,5.10
126.530,1.38864,2.21703,8.12592,-0.11973,-0.05131,-0.55222,31.2520294,75.7050216,1.110,5.10
126.633,0.43096,2.33195,6.32069,-0.21625,-0.61575,-0.86621,31.2520294,75.7050216,1.110,5.10
126.738,-0.08140,2.40378,8.82982,-0.58277,0.31521,-0.41294,31.2520294,75.7050216,1.110,5.10
126.840,-1.04387,3.31836,10.43872,-0.61331,0.16249,0.10507,31.2520294,75.7050216,1.110,5.10
126.944,-1.71904,0.62249,14.75307,-0.62919,-0.35919,0.44715,31.2520405,75.7050228,1.160,5.90
127.046,-2.01113,1.90100,4.99909,1.11666,0.74281,-0.48136,31.2520405,75.7050228,1.160,5.90
127.151,-0.10534,1.56102,7.93917,-0.78557,-0.18204,1.18630,31.2520405,75.7050228,1.160,5.90
127.256,0.95768,2.20745,9.16979,-0.17349,0.11729,0.57910,31.2520405,75.7050228,1.160,5.90
127.360,-1.62327,4.85065,12.25831,0.99082,1.60902,-0.57544,31.2520405,75.7050228,1.160,5.90
127.463,-2.53785,6.10043,14.36521,-0.42394,0.28344,0.11362,31.2520405,75.7050228,1.160,5.90
127.566,1.74777,0.51236,6.04296,0.91141,-2.49600,-0.58643,31.2520405,75.7050228,1.160,5.90
127.669,0.51715,1.92494,6.37815,0.16860,0.35308,-0.02443,31.2520405,75.7050228,1.160,5.90
127.776,0.63686,2.40857,8.49942,-0.04520,-1.00671,-0.35430,31.2520405,75.7050228,1.160,5.90
127.880,0.62249,3.67271,8.80109,0.01222,-0.06353,-0.21869,31.2520405,75.7050228,1.160,5.90
127.985,-0.87149,4.41012,9.02135,0.33353,0.21014,-0.00122,31.2520515,75.7050234,1.110,5.10
128.088,-1.01514,1.90578,12.17212,-0.45693,-0.33964,1.11300,31.2520515,75.7050234,1.110,5.10
128.192,-0.66559,2.92571,6.66546,0.45937,0.57055,0.26145,31.2520515,75.7050234,1.110,5.10
128.297,1.06781,3.04542,6.88094,-0.07819,0.28222,0.82222,31.2520515,75.7050234,1.110,5.10
128.402,1.34554,4.02705,8.79630,-0.02321,0.66340,0.75014,31.2520515,75.7050234,1.110,5.10
128.506,2.97839,4.56814,10.66856,0.02199,-0.28955,-0.27978,31.2520515,75.7050234,1.110,5.10
128.608,2.33195,4.05578,14.24550,-0.41905,0.60353,-0.14783,31.2520515,75.7050234,1.110,5.10
128.711,2.48997,2.83952,8.05409,0.81367,-0.37629,-1.41476,31.2520515,75.7050234,1.110,5.10
128.815,0.51715,2.25055,7.96311,0.28711,-0.80390,-0.94928,31.2520515,75.7050234,1.110,5.10
128.918,-0.08140,3.16513,7.25443,0.36041,-0.41783,-0.66829,31.2520611,75.7050224,1.100,1.20
129.021,-0.18675,4.40054,7.94875,0.23702,-0.50457,-0.27978,31.2520611,75.7050224,1.100,1.20
129.126,-1.36948,5.02782,9.47146,-1.35001,0.80879,0.94195,31.2520611,75.7050224,1.100,1.20
129.231,0.28252,2.39420,10.89841,-0.05498,-0.75747,0.33720,31.2520611,75.7050224,1.100,1.20
129.333,-1.19710,3.38540,5.90889,0.16493,0.97861,0.76725,31.2520611,75.7050224,1.100,1.20
129.436,1.83396,2.35589,6.62236,-0.26145,0.26878,1.30725,31.2520611,75.7050224,1.100,1.20
129.539,2.92093,3.84509,8.43238,-0.06597,1.01526,0.50457,31.2520611,75.7050224,1.100,1.20
129.643,1.80523,5.36780,11.14740,-0.47037,-0.32132,-0.26634,31.2520611,75.7050224,1.100,1.20
129.745,3.05979,5.02782,13.70441,-0.60353,-0.46548,-0.83444,31.2520611,75.7050224,1.100,1.20
129.850,2.43251,2.49476,9.94551,0.37874,0.27122,-1.36956,31.2520611,75.7050224,1.100,1.20
129.954,1.22104,0.11013,8.04452,0.83200,-1.10567,-1.10200,31.2520712,75.7050217,1.010,2.80
130.058,0.90980,1.75734,4.69742,0.63286,-1.32924,-0.77336,31.2520712,75.7050217,1.010,2.80
130.161,-0.02394,3.93128,7.75721,-0.20036,1.02625,0.03299,31.2520712,75.7050217,1.010,2.80
130.265,-0.94332,3.87861,11.18092,-1.97187,1.14232,1.27671,31.2520712,75.7050217,1.010,2.80
130.367,1.76213,2.40857,11.25754,-0.91019,-0.64630,0.50946,31.2520712,75.7050217,1.010,2.80
130.471,1.35512,2.26013,8.39886,0.17349,0.43738,0.23091,31.2520712,75.7050217,1.010,2.80
130.573,-0.48842,2.31759,7.37414,0.36896,0.69761,0.69272,31.2520712,75.7050217,1.010,2.80
130.679,0.87628,3.34709,10.21366,0.07697,0.36408,1.04702,31.2520712,75.7050217,1.010,2.80
130.782,2.58574,4.83629,11.55921,-0.25412,-0.22113,0.39340,31.2520712,75.7050217,1.010,2.80
130.885,3.77326,1.36469,12.34450,0.55955,-1.09956,-0.37263,31.2520712,75.7050217,1.010,2.80
130.989,3.03585,1.59454,8.36055,0.44104,0.52657,-0.49847,31.2520806,75.7050213,0.960,1.20
131.091,1.42216,1.54187,6.61757,0.64385,-0.96517,-1.07024,31.2520806,75.7050213,0.960,1.20
131.194,0.86670,2.90177,8.05888,0.22846,-0.42394,-0.53267,31.2520806,75.7050213,0.960,1.20
131.300,0.59376,2.89698,10.52012,-0.34086,-0.21869,0.16493,31.2520806,75.7050213,0.960,1.20
131.406,0.16759,1.55623,12.32535,-1.15698,0.22113,0.59620,31.2520806,75.7050213,0.960,1.20
131.510,-1.47004,3.07894,8.21690,-0.18448,0.93951,0.20403,31.2520806,75.7050213,0.960,1.20
131.612,1.53229,2.30801,7.90087,0.01588,-0.02932,0.64752,31.2520806,75.7050213,0.960,1.20
131.716,1.30723,2.91614,8.91122,0.32498,1.34390,0.62186,31.2520806,75.7050213,0.960,1.20
131.819,1.92494,4.02226,11.39640,-0.03787,-1.00671,0.10629,31.2520806,75.7050213,0.960,1.20
131.923,3.61046,2.37505,15.08826,-1.05802,0.24801,0.73426,31.2520903,75.7050211,0.990,3.30
132.026,3.81636,1.47962,8.17859,0.53756,-0.52901,-1.31703,31.2520903,75.7050211,0.990,3.30
132.132,1.55144,1.06781,9.31823,0.36163,-0.09285,-1.10933,31.2520903,75.7050211,0.990,3.30
132.236,0.68953,2.23618,7.12514,0.68173,-0.07086,-0.86376,31.2520903,75.7050211,0.990,3.30
132.342,0.98162,2.41336,10.79785,0.08186,-0.20281,0.14661,31.2520903,75.7050211,0.990,3.30
132.447,1.10612,2.47082,12.25831,-0.97738,0.40073,1.05680,31.2520903,75.7050211,0.990,3.30
132.549,1.14922,1.51792,9.08360,0.43005,-0.45448,-0.71227,31.2520903,75.7050211,0.990,3.30
132.653,-2.46124,2.90177,5.07092,0.58643,1.09467,-0.14539,31.2520903,75.7050211,0.990,3.30
132.756,0.41659,3.48117,6.42125,-0.12828,0.59254,1.42454,31.2520903,75.7050211,0.990,3.30
132.861,1.98719,3.63440,10.20888,-0.65363,0.32620,1.29870,31.2520903,75.7050211,0.990,3.30
132.965,2.92093,4.36702,11.88482,-0.75503,1.19119,0.15394,31.2521009,75.7050209,1.100,3.60
133.068,2.74376,0.91459,14.32690,-0.01466,-0.16616,-0.56444,31.2521009,75.7050209,1.100,3.60
133.172,1.14443,0.90022,9.35654,0.87109,0.46670,-1.04580,31.2521009,75.7050209,1.100,3.60
133.277,0.41180,0.53151,6.64152,0.80512,-1.11666,-1.24983,31.2521009,75.7050209,1.100,3.60
133.386,-2.29365,1.80044,8.37492,0.48503,-0.09407,-1.02992,31.2521009,75.7050209,1.100,3.60
133.490,-2.60489,2.55222,11.11867,-0.43371,-0.24801,0.27122,31.2521009,75.7050209,1.100,3.60
133.594,-1.05824,0.79009,12.73236,-1.15698,-0.43127,1.08856,31.2521009,75.7050209,1.100,3.60
133.699,-0.60813,1.91057,7.05332,-0.15638,0.20403,0.37629,31.2521009,75.7050209,1.100,3.60
133.802,1.18752,3.13640,8.36055,-0.07819,0.50213,0.73304,31.2521009,75.7050209,1.100,3.60
133.907,1.68073,4.46279,11.01333,0.64141,0.84544,0.29444,31.2521009,75.7050209,1.100,3.60
134.009,0.45011,3.01669,13.32134,0.86621,-0.52046,0.22480,31.2521105,75.7050222,1.030,1.90
134.112,1.43173,2.87304,11.74117,-0.10263,-0.03054,-0.10629,31.2521105,75.7050222,1.030,1.90
134.215,1.40779,2.75333,5.93762,0.59376,-0.54611,-1.08734,31.2521105,75.7050222,1.030,1.90
134.323,0.51715,2.01113,7.54174,-0.09041,-0.20036,-0.59132,31.2521105,75.7050222,1.030,1.90
134.426,0.23942,3.30400,7.28795,0.08919,0.06109,-0.31765,31.2521105,75.7050222,1.030,1.90
134.528,-0.93853,3.70144,10.45308,-0.29810,0.30910,-0.16005,31.2521105,75.7050222,1.030,1.90
134.631,-2.28886,1.92973,12.83771,-1.34879,0.95784,0.81123,31.2521105,75.7050222,1.030,1.90
134.736,-1.50356,1.64242,7.82425,0.16249,-0.69394,-0.20525,31.2521105,75.7050222,1.030,1.90
134.842,-1.21625,2.43730,6.34942,-0.51557,0.57055,0.86132,31.2521105,75.7050222,1.030,1.90
134.946,-0.09098,3.15556,7.90565,-0.07330,0.64141,0.72693,31.2521222,75.7050192,1.230,358.70
135.047,0.69432,3.64876,9.86890,-0.07575,-0.53267,0.49114,31.2521222,75.7050192,1.230,358.70
135.158,2.14999,3.82593,15.04037,-0.69516,0.54856,-0.21380,31.2521222,75.7050192,1.230,358.70
135.263,0.75657,0.77093,9.43794,1.09223,-0.39095,-1.50151,31.2521222,75.7050192,1.230,358.70
135.370,1.08697,1.65679,8.09240,0.47770,-0.31398,-0.07819,31.2521222,75.7050192,1.230,358.70
135.474,-0.26815,1.61848,7.54174,0.16738,-0.94440,-0.87598,31.2521222,75.7050192,1.230,358.70
135.579,-0.77093,3.44286,11.06121,-0.12339,-0.16127,-0.06842,31.2521222,75.7050192,1.230,358.70
135.686,-3.75411,4.45322,8.68138,0.54489,2.35550,1.21929,31.2521222,75.7050192,1.230,358.70
135.788,-5.53539,4.15633,8.89685,0.43249,-2.02196,0.62919,31.2521222,75.7050192,1.230,358.70
135.893,-3.97916,4.48195,6.78038,-0.49236,-0.43249,-0.04765,31.2521222,75.7050192,1.230,358.70
135.997,-1.58017,3.47638,5.93762,-0.73548,-0.82833,-0.43249,31.2521326,75.7050200,1.190,359.50
136.099,-0.11013,4.93684,12.15776,-0.65363,-0.17593,-0.14539,31.2521326,75.7050200,1.190,359.50
136.203,-2.35111,4.43406,11.04206,0.08186,1.78861,-0.71593,31.2521326,75.7050200,1.190,359.50
136.305,-2.43730,2.82516,14.48013,-0.30910,-1.88635,-0.59987,31.2521326,75.7050200,1.190,359.50
136.408,0.11971,3.86424,7.50343,0.59743,0.90164,-0.90530,31.2521326,75.7050200,1.190,359.50
136.513,-4.65912,1.11091,5.47793,0.06720,-0.63774,-1.49906,31.2521326,75.7050200,1.190,359.50
136.619,-1.62327,3.35667,8.40365,0.09285,-2.11237,-0.25045,31.2521326,75.7050200,1.190,359.50
136.725,-2.46124,3.36146,13.68526,0.67562,-3.14840,-1.03969,31.2521326,75.7050200,1.190,359.50
136.829,-1.43652,2.57616,12.65575,1.08001,-1.25105,-0.19548,31.2521326,75.7050200,1.190,359.50
136.934,0.12450,3.43807,6.59842,0.30910,0.07819,0.44471,31.2521434,75.7050195,1.120,358.90
137.037,0.36392,2.53785,6.50744,-0.19426,0.96639,1.06901,31.2521434,75.7050195,1.120,358.90
137.140,-0.88585,3.24654,4.65433,-0.43494,0.48136,0.40928,31.2521434,75.7050195,1.120,358.90
137.245,2.41336,4.48673,15.03080,-0.36285,-0.99449,-0.21014,31.2521434,75.7050195,1.120,358.90
137.350,0.86191,4.30956,13.31176,-1.16553,-0.97738,-1.13743,31.2521434,75.7050195,1.120,358.90
137.457,1.68552,2.13563,4.73094,0.39218,1.41354,-0.23335,31.2521434,75.7050195,1.120,358.90
137.561,-0.25857,1.97282,8.26000,-0.11118,-0.67073,-0.78435,31.2521434,75.7050195,1.120,358.90
137.665,0.14844,4.07972,8.80587,-0.10140,-0.55222,-0.39095,31.2521434,75.7050195,1.120,358.90
137.769,0.96726,5.00388,9.78271,0.47403,-0.01833,0.19059,31.2521434,75.7050195,1.120,358.90
137.875,-1.01514,4.18028,11.32936,-0.68295,0.04032,0.02566,31.2521434,75.7050195,1.120,358.90
137.978,-0.19632,2.80122,10.47703,0.57544,-0.46181,-0.01710,31.2521536,75.7050189,1.050,359.00
138.083,-0.11013,2.47560,4.95121,0.28100,0.37874,0.20159,31.2521536,75.7050189,1.050,359.00
138.190,0.72784,4.72137,6.72771,0.25779,-1.03603,0.54734,31.2521536,75.7050189,1.050,359.00
138.294,2.60968,4.86502,11.68849,0.14172,-0.65363,0.28344,31.2521536,75.7050189,1.050,359.00
138.397,3.23696,5.63595,9.10754,-0.70127,0.09163,-0.33964,31.2521536,75.7050189,1.050,359.00
138.500,2.68151,1.88663,8.06846,1.13132,0.35675,-0.37141,31.2521536,75.7050189,1.050,359.00
138.603,2.77249,3.35188,7.07247,0.02688,-0.49847,-0.12462,31.2521536,75.7050189,1.050,359.00
138.707,1.73340,5.11401,5.42047,-0.21625,-0.24068,-0.11362,31.2521536,75.7050189,1.050,359.00
138.811,3.20823,6.02860,9.10754,-0.22846,-1.08245,-0.06842,31.2521536,75.7050189,1.050,359.00
138.915,3.18429,6.25844,8.65743,-0.33598,1.35001,-0.18937,31.2521648,75.7050172,1.180,358.10
139.018,1.81002,2.02549,10.09395,0.71471,0.76725,-0.56566,31.2521648,75.7050172,1.180,358.10
139.122,2.07817,1.90100,6.98628,0.06597,0.17593,0.09041,31.2521648,75.7050172,1.180,358.10
139.224,1.96803,4.45322,6.59842,-0.13439,-0.37507,0.39951,31.2521648,75.7050172,1.180,358.10
139.329,1.97282,5.28640,8.95431,-0.21869,0.04887,0.18204,31.2521648,75.7050172,1.180,358.10
139.434,4.40054,6.50744,11.55442,0.18815,-0.50457,0.49724,31.2521648,75.7050172,1.180,358.10
139.535,5.28161,2.40857,10.54885,-0.94562,0.00122,-0.46670,31.2521648,75.7050172,1.180,358.10
139.639,2.44687,2.03028,5.62637,0.36285,-0.10385,-0.19914,31.2521648,75.7050172,1.180,358.10
139.744,2.09253,3.57694,6.15789,-0.07086,-0.18692,-0.36896,31.2521648,75.7050172,1.180,358.10
139.848,1.67594,5.12838,9.43316,-0.05620,-0.23457,-0.03176,31.2521648,75.7050172,1.180,358.10
139.953,2.92571,5.83706,11.69328,-0.08186,0.10629,-0.40317,31.2521769,75.7050168,1.160,357.50
140.056,3.45244,3.97437,12.94784,-0.90897,-0.45326,-0.28955,31.2521769,75.7050168,1.160,357.50
140.161,2.07817,2.59053,6.63673,0.37996,0.27367,-0.30299,31.2521769,75.7050168,1.160,357.50
140.266,2.07817,3.86903,5.13317,0.22235,0.16616,0.25901,31.2521769,75.7050168,1.160,357.50
140.371,1.89142,4.28083,6.97192,0.14294,-0.42150,0.15027,31.2521769,75.7050168,1.160,357.50
140.475,3.66792,4.87938,11.39161,-0.40317,-0.03054,-0.23579,31.2521769,75.7050168,1.160,357.50
140.578,2.88262,4.84586,8.87291,-0.80634,-0.30421,-0.22724,31.2521769,75.7050168,1.160,357.50
140.683,3.52426,3.05979,7.76200,1.11788,0.39828,-0.21625,31.2521769,75.7050168,1.160,357.50
140.788,2.25055,3.39498,6.82347,0.49480,0.11606,-0.07819,31.2521769,75.7050168,1.160,357.50
140.895,0.40223,4.52504,5.80833,-0.06475,-0.28466,0.47037,31.2521769,75.7050168,1.160,357.50
140.998,3.75890,5.29597,11.16656,0.25534,-0.07819,0.69394,31.2521880,75.7050170,1.150,358.20
141.100,7.66623,7.40766,8.39886,-0.47770,0.31521,0.37385,31.2521880,75.7050170,1.150,358.20
141.204,2.27928,5.46357,7.66145,0.38729,1.54549,0.29810,31.2521880,75.7050170,1.150,358.20
141.309,1.29287,3.66792,5.64553,0.72571,0.15760,0.48991,31.2521880,75.7050170,1.150,358.20
141.414,4.32872,4.57293,7.34541,0.48503,-0.56077,-0.16493,31.2521880,75.7050170,1.150,358.20
141.517,1.14443,5.92804,8.16423,-0.15516,0.03787,-0.14783,31.2521880,75.7050170,1.150,358.20
141.619,3.36146,6.36379,6.73728,-0.59987,-0.31643,0.83444,31.2521880,75.7050170,1.150,358.20
141.722,4.20422,3.97437,9.35654,0.16982,0.10140,-0.14172,31.2521880,75.7050170,1.150,358.20
141.825,2.53307,4.10366,6.45956,-0.14050,-0.01710,-0.21136,31.2521880,75.7050170,1.150,358.20
141.930,2.20267,4.58250,5.16669,0.14294,0.01955,0.15149,31.2521997,75.7050172,1.130,359.90
142.032,3.64398,5.63116,8.19775,0.15516,-0.48136,0.50702,31.2521997,75.7050172,1.130,359.90
142.134,4.69742,5.63116,7.72369,0.04887,0.91141,0.39340,31.2521997,75.7050172,1.130,359.90
142.238,2.39420,3.74932,8.88249,-0.23702,0.68173,-0.38607,31.2521997,75.7050172,1.130,359.90
142.342,3.11246,2.91135,8.94953,0.42883,-1.18141,0.05498,31.2521997,75.7050172,1.130,359.90
142.447,3.61524,5.07571,6.21535,0.30910,0.22724,0.40073,31.2521997,75.7050172,1.130,359.90
142.551,4.18985,4.54898,7.94396,0.37996,0.22724,-0.02077,31.2521997,75.7050172,1.130,359.90
142.655,2.89698,5.34865,9.52413,-0.31643,0.74648,-0.10507,31.2521997,75.7050172,1.130,359.90
142.760,5.30076,5.43005,9.94551,0.17959,-0.99693,0.08919,31.2521997,75.7050172,1.130,359.90
142.863,1.38864,3.84509,5.93762,-0.20647,0.51924,-0.28466,31.2521997,75.7050172,1.130,359.90
142.968,3.03106,4.70700,5.52582,0.63774,-0.09163,0.16860,31.2522099,75.7050170,1.110,359.30
143.071,3.84509,5.92804,7.25922,0.39340,-0.15638,0.11851,31.2522099,75.7050170,1.110,359.30
143.174,3.31836,6.16746,6.67025,0.36163,0.91019,-0.11362,31.2522099,75.7050170,1.110,359.30
143.278,4.15155,5.13796,9.50019,-0.47892,-0.21502,-0.03665,31.2522099,75.7050170,1.110,359.30
143.383,2.59531,5.02782,8.04452,-0.13928,-0.28955,-0.25656,31.2522099,75.7050170,1.110,359.30
143.487,1.35991,5.14753,5.02782,-0.27855,0.60842,-0.16982,31.2522099,75.7050170,1.110,359.30
143.589,2.51870,6.22014,7.33583,0.11729,-0.11362,-0.04154,31.2522099,75.7050170,1.110,359.30
143.694,3.24175,6.29675,8.29830,-0.18937,0.48625,-0.28955,31.2522099,75.7050170,1.110,359.30
143.796,3.83551,4.76925,12.32056,-1.05069,-0.99571,-0.29077,31.2522099,75.7050170,1.110,359.30
143.901,2.85868,4.04141,4.63517,0.34575,0.58154,-0.49114,31.2522099,75.7050170,1.110,359.30
144.004,1.93930,3.90255,6.02860,0.18937,-0.00977,-0.27489,31.2522211,75.7050161,1.140,357.90
144.106,0.97205,6.36858,6.39252,0.08308,-0.71593,0.04520,31.2522211,75.7050161,1.140,357.90
144.212,2.67672,7.78594,9.26556,0.25168,-0.10996,0.42150,31.2522211,75.7050161,1.140,357.90
144.316,1.93930,6.70376,7.80031,0.07453,0.53878,0.31887,31.2522211,75.7050161,1.140,357.90
144.420,2.28886,6.00945,6.39731,0.52534,0.57177,0.44960,31.2522211,75.7050161,1.140,357.90
144.523,2.68629,4.96557,5.12838,0.41783,0.53390,0.35430,31.2522211,75.7050161,1.140,357.90
144.626,2.75812,6.34942,4.78362,0.42516,-0.33109,0.24312,31.2522211,75.7050161,1.140,357.90
144.730,2.82037,6.79953,7.83383,0.20769,-0.20892,0.01344,31.2522211,75.7050161,1.140,357.90
144.834,3.30400,8.42759,6.50744,-0.29932,0.22358,-0.04765,31.2522211,75.7050161,1.140,357.90
144.935,4.28083,6.22971,8.45153,0.14905,-0.15638,-0.43494,31.2522312,75.7050158,1.100,358.00
145.038,3.83551,6.04775,7.26401,0.20281,-0.83322,-0.09041,31.2522312,75.7050158,1.100,358.00
145.142,2.88741,6.88572,4.68785,0.44349,-0.24190,0.05009,31.2522312,75.7050158,1.100,358.00
145.245,1.79565,8.26957,4.04620,0.60964,-0.09896,0.16616,31.2522312,75.7050158,1.100,358.00
145.347,2.02549,9.16022,6.42125,0.62308,-0.21014,-0.57910,31.2522312,75.7050158,1.100,358.00
145.450,3.85945,8.69574,10.10832,0.78802,-0.46181,0.42761,31.2522312,75.7050158,1.100,358.00
145.555,2.04944,6.33985,4.96079,0.65485,0.19181,0.39828,31.2522312,75.7050158,1.100,358.00
145.658,3.56257,6.17225,3.10289,0.51191,0.80390,0.81489,31.2522312,75.7050158,1.100,358.00
145.763,4.34787,7.46512,3.19865,0.48747,0.04032,0.43127,31.2522312,75.7050158,1.100,358.00
145.867,4.62081,7.70933,2.98796,0.05620,0.35675,-0.19914,31.2522312,75.7050158,1.100,358.00
145.969,4.92248,8.02058,2.17872,-0.19914,-0.16127,-0.10385,31.2522411,75.7050159,1.040,354.70
146.072,5.32470,7.14430,3.76847,-1.10322,-0.31765,-0.76236,31.2522411,75.7050159,1.040,354.70
146.176,3.12683,6.84263,4.67827,-0.91752,0.05253,-1.02381,31.2522411,75.7050159,1.040,354.70
146.280,2.15478,6.37815,5.42526,-0.49358,-0.19059,-0.61942,31.2522411,75.7050159,1.040,354.70
146.383,2.34153,7.83862,4.11803,-0.57421,-0.24312,-0.21625,31.2522411,75.7050159,1.040,354.70
146.486,2.93050,8.37492,6.85221,-0.47770,0.43005,-0.27122,31.2522411,75.7050159,1.040,354.70
146.587,1.05824,8.83939,6.16746,-0.05009,0.42272,-0.00122,31.2522411,75.7050159,1.040,354.70
146.693,0.26815,5.14753,9.51456,-0.58643,-0.04398,-0.25534,31.2522411,75.7050159,1.040,354.70
146.798,1.17316,4.19464,7.35978,-0.39951,-0.14783,-0.13073,31.2522411,75.7050159,1.040,354.70
146.902,2.00634,5.30076,6.56011,-0.35308,0.25045,0.66951,31.2522411,75.7050159,1.040,354.70
147.006,2.42772,7.04374,6.69419,0.15638,-0.49724,0.11362,31.2522515,75.7050174,1.010,357.70
147.109,1.84354,6.41646,8.92080,-0.48136,-0.23091,-0.32254,31.2522515,75.7050174,1.010,357.70
147.213,1.91057,6.66546,8.56167,-0.61820,0.48014,0.21380,31.2522515,75.7050174,1.010,357.70
147.322,2.58095,3.44765,6.31590,0.84422,0.60598,-0.01344,31.2522515,75.7050174,1.010,357.70
147.425,1.86269,3.55300,7.19697,-0.34941,-0.25901,-0.00489,31.2522515,75.7050174,1.010,357.70
147.528,1.99676,5.82270,5.76045,-0.21991,-0.29810,0.17349,31.2522515,75.7050174,1.010,357.70
147.631,2.16436,6.77080,9.51456,0.28344,-0.32009,0.28711,31.2522515,75.7050174,1.010,357.70
147.735,2.80600,6.41646,8.69574,1.30359,0.98716,0.26634,31.2522515,75.7050174,1.010,357.70
147.840,3.15556,5.14753,7.95833,0.62919,0.44960,0.05253,31.2522515,75.7050174,1.010,357.70
147.944,1.36469,4.43885,7.25922,-0.09163,-0.26023,-0.36408,31.2522618,75.7050200,1.050,359.00
148.047,1.07739,6.12437,5.75566,-0.06475,0.31398,-0.16982,31.2522618,75.7050200,1.050,359.00
148.154,2.17394,5.77960,7.32626,0.57055,-0.29932,0.17349,31.2522618,75.7050200,1.050,359.00
148.259,2.42772,7.42203,6.18183,-0.12339,-0.16738,0.33353,31.2522618,75.7050200,1.050,359.00
148.363,4.54898,6.67982,8.29351,-1.52716,-0.72082,-0.62675,31.2522618,75.7050200,1.050,359.00
148.467,2.44687,4.26168,7.78594,0.16249,0.64507,-0.37507,31.2522618,75.7050200,1.050,359.00
148.571,2.94008,5.08528,7.04374,0.29810,-0.48258,-0.27245,31.2522618,75.7050200,1.050,359.00
148.674,1.62806,5.95199,5.15711,0.12095,-0.35552,-0.46548,31.2522618,75.7050200,1.050,359.00
148.780,2.53307,6.92882,6.51223,-0.25534,-0.23824,-0.16860,31.2522618,75.7050200,1.050,359.00
148.885,2.67672,8.43717,7.13951,0.13439,0.57055,-0.24801,31.2522618,75.7050200,1.050,359.00
148.991,0.34477,4.20901,10.61589,0.01588,0.72204,-0.68661,31.2522720,75.7050215,1.050,0.80
149.095,0.13408,3.73974,9.14585,0.08796,-0.30177,-0.01100,31.2522720,75.7050215,1.050,0.80
149.200,0.60334,5.06134,4.93684,0.37018,0.57544,0.63286,31.2522720,75.7050215,1.050,0.80
149.306,0.54588,6.10521,5.44441,-0.25412,-0.59132,0.43371,31.2522720,75.7050215,1.050,0.80
149.409,2.41814,7.01501,9.61033,-0.29199,0.40928,0.15027,31.2522720,75.7050215,1.050,0.80
149.514,4.11803,5.48751,14.09227,-0.29077,-0.58277,-0.26634,31.2522720,75.7050215,1.050,0.80
149.618,3.08373,5.10444,3.51948,0.74526,0.50702,-0.09529,31.2522720,75.7050215,1.050,0.80
149.724,1.47962,5.16669,4.20422,0.07941,-0.11729,-0.43249,31.2522720,75.7050215,1.050,0.80
149.828,0.22027,6.55532,6.20577,-0.06842,-0.48503,-0.31643,31.2522720,75.7050215,1.050,0.80
149.932,2.45166,8.88249,9.91678,0.32376,-0.54000,0.50580,31.2522833,75.7050233,1.070,1.00
150.035,1.79565,6.97192,9.02614,-0.78191,0.12828,0.01955,31.2522833,75.7050233,1.070,1.00
150.137,0.79487,4.98473,7.07726,0.72449,0.52901,0.35919,31.2522833,75.7050233,1.070,1.00
150.242,1.47483,5.37738,5.92804,-0.22235,0.98838,0.53267,31.2522833,75.7050233,1.070,1.00
150.346,1.35991,6.67982,7.01501,0.31398,-0.24801,0.36285,31.2522833,75.7050233,1.070,1.00
150.450,2.54264,7.99185,7.17782,0.33964,0.27489,-0.23457,31.2522833,75.7050233,1.070,1.00
150.555,1.05345,8.00621,6.76123,0.08186,-0.28344,-0.20892,31.2522833,75.7050233,1.070,1.00
150.659,3.69665,5.60243,8.93037,0.35797,-0.38118,-0.04887,31.2522833,75.7050233,1.070,1.00
150.763,1.55144,5.50666,5.49709,0.08308,-0.48014,-0.20159,31.2522833,75.7050233,1.070,1.00
150.868,1.47004,7.01022,5.20978,-0.01466,-0.25656,-0.10140,31.2522833,75.7050233,1.070,1.00
150.970,1.10612,8.32703,5.31513,0.23579,0.15027,-0.01222,31.2522939,75.7050251,1.120,2.00
151.073,2.01113,9.72525,6.76601,0.24801,0.38973,0.21991,31.2522939,75.7050251,1.120,2.00
151.177,0.99120,6.24408,8.63828,0.00855,0.49480,0.02321,31.2522939,75.7050251,1.120,2.00
151.282,1.48919,6.23929,6.86178,0.30788,-0.47525,0.14050,31.2522939,75.7050251,1.120,2.00
151.387,1.70946,5.86101,4.05099,0.00122,0.32376,0.39706,31.2522939,75.7050251,1.120,2.00
151.491,2.02549,7.72848,5.41568,0.12950,-0.09163,0.23946,31.2522939,75.7050251,1.120,2.00
151.594,3.24175,8.26478,7.05332,-0.75503,0.43982,-0.59254,31.2522939,75.7050251,1.120,2.00
151.697,2.61447,6.68461,7.24007,-0.79168,-0.29932,0.00489,31.2522939,75.7050251,1.120,2.00
151.801,2.55701,6.35421,4.61123,0.64507,-0.08674,-0.31398,31.2522939,75.7050251,1.120,2.00
151.906,1.85311,5.37259,6.06691,-0.32132,-0.01588,-0.44715,31.2523039,75.7050241,1.110,0.50
152.007,0.80924,7.24007,5.16190,-0.24679,-0.43494,-0.22846,31.2523039,75.7050241,1.110,0.50
152.112,2.14520,8.49463,9.30866,-0.12095,-0.80146,0.31521,31.2523039,75.7050241,1.110,0.50
152.216,1.14443,7.78116,8.14507,-0.64385,0.23946,0.40684,31.2523039,75.7050241,1.110,0.50
152.320,2.52828,6.13873,6.04775,0.32498,0.45693,-0.11729,31.2523039,75.7050241,1.110,0.50
152.425,0.64643,4.84108,6.84263,-0.15760,0.29444,-0.23457,31.2523039,75.7050241,1.110,0.50
152.528,1.97282,6.00945,6.16268,0.03054,0.05253,0.02566,31.2523039,75.7050241,1.110,0.50
152.633,0.97683,6.96234,7.33105,0.05376,-0.44715,0.34819,31.2523039,75.7050241,1.110,0.50
152.738,2.12605,7.50343,9.03093,-0.16127,0.51435,0.08430,31.2523039,75.7050241,1.110,0.50
152.841,3.21781,4.28083,11.16656,0.31398,0.38729,-0.14661,31.2523039,75.7050241,1.110,0.50
152.944,1.94409,5.43005,4.65912,-0.37507,0.20036,0.32009,31.2523137,75.7050266,1.090,0.60
153.047,0.82361,5.34865,5.83706,-0.24923,0.10140,0.28588,31.2523137,75.7050266,1.090,0.60
153.151,1.38385,7.06768,7.56089,-0.60109,0.49480,0.16982,31.2523137,75.7050266,1.090,0.60
153.255,0.13886,7.27837,10.09395,0.84299,1.21318,0.14905,31.2523137,75.7050266,1.090,0.60
153.362,2.13563,5.43484,11.11867,0.62308,-0.52168,-0.13073,31.2523137,75.7050266,1.090,0.60
153.467,0.48363,3.87382,6.25844,0.08186,0.26634,-0.43860,31.2523137,75.7050266,1.090,0.60
153.571,-0.07661,4.86023,4.83629,-0.06231,0.02443,0.10140,31.2523137,75.7050266,1.090,0.60
153.675,1.31681,6.94318,7.13951,-0.04765,-0.53756,0.26512,31.2523137,75.7050266,1.090,0.60
153.779,0.76614,7.07726,10.06044,-0.40561,-0.31032,-0.11973,31.2523137,75.7050266,1.090,0.60
153.883,2.38462,6.48829,8.60955,-0.21014,-0.71960,-0.15027,31.2523137,75.7050266,1.090,0.60
153.987,0.56024,3.54821,5.26724,-0.44593,0.72082,0.03054,31.2523244,75.7050272,1.110,358.20
154.089,1.40779,3.18908,7.57047,-0.89431,-0.24679,0.46059,31.2523244,75.7050272,1.110,358.20
154.194,1.28329,5.33428,7.11078,-0.64385,-0.37018,0.28711,31.2523244,75.7050272,1.110,358.20
154.299,2.37026,5.52103,10.53449,-0.71471,-0.39462,0.47037,31.2523244,75.7050272,1.110,358.20
154.403,2.99754,5.88974,10.09395,-0.04276,0.92363,0.40928,31.2523244,75.7050272,1.110,358.20
154.507,2.59531,2.83952,8.63828,0.65240,0.45082,0.21502,31.2523244,75.7050272,1.110,358.20
154.611,1.80523,2.35111,7.75721,0.16493,-0.12584,-0.30665,31.2523244,75.7050272,1.110,358.20
154.715,0.92416,3.50032,6.22014,0.18082,0.05742,0.06720,31.2523244,75.7050272,1.110,358.20
154.819,2.82516,4.97036,8.71489,0.33720,-0.23457,0.01466,31.2523244,75.7050272,1.110,358.20
154.922,2.27928,5.38695,10.95587,0.28100,-0.01466,-0.29566,31.2523353,75.7050257,1.050,355.50
155.026,3.13162,3.23696,14.88236,-0.28711,-0.28100,-0.03176,31.2523353,75.7050257,1.050,355.50
155.127,1.75734,3.96480,4.43885,0.17349,-0.00855,0.01466,31.2523353,75.7050257,1.050,355.50
155.231,1.72861,3.93607,6.26802,-0.20769,-0.09529,-0.09041,31.2523353,75.7050257,1.050,355.50
155.334,1.35033,5.21457,8.42280,0.27978,-0.34697,0.26267,31.2523353,75.7050257,1.050,355.50
155.439,1.89142,5.67426,10.32859,0.44104,0.75136,0.70005,31.2523353,75.7050257,1.050,355.50
155.542,3.48117,6.13394,13.68526,-0.02077,0.60964,0.63652,31.2523353,75.7050257,1.050,355.50
155.646,1.92973,3.84030,7.89129,0.49847,0.40195,0.05864,31.2523353,75.7050257,1.050,355.50
155.750,1.26893,2.97360,7.10120,-0.14172,-0.12828,0.42150,31.2523353,75.7050257,1.050,355.50
155.854,1.76213,5.40132,6.79953,-0.16371,0.19426,-0.11118,31.2523353,75.7050257,1.050,355.50
155.958,1.72383,6.21056,8.37013,0.05131,0.00122,-0.34697,31.2523457,75.7050238,0.980,354.20
156.061,1.48441,7.70933,7.79073,0.72449,-0.39706,0.19059,31.2523457,75.7050238,0.980,354.20
156.166,2.48039,5.55934,8.10677,0.93340,0.16493,0.03543,31.2523457,75.7050238,0.980,354.20
156.270,1.56581,5.12838,6.84263,0.82833,-0.09163,0.32865,31.2523457,75.7050238,0.980,354.20
156.374,2.81079,7.57047,4.29041,1.46119,-0.61697,1.01159,31.2523457,75.7050238,0.980,354.20
156.478,5.00867,8.48026,5.44920,0.43616,-0.74403,0.83322,31.2523457,75.7050238,0.980,354.20
156.583,5.37738,8.34619,4.09408,0.19426,0.52046,-0.26267,31.2523457,75.7050238,0.980,354.20
156.687,2.13084,7.01022,4.85065,-0.13561,0.50335,-0.67684,31.2523457,75.7050238,0.980,354.20
156.792,3.14598,5.08528,5.00388,-0.14539,-0.19914,-0.24679,31.2523457,75.7050238,0.980,354.20
156.896,3.31836,7.52737,4.38618,0.42028,-0.49602,0.24679,31.2523457,75.7050238,0.980,354.20
156.998,3.24175,7.43639,5.66947,0.30421,-0.14294,-0.16493,31.2523549,75.7050229,1.010,353.80
157.101,3.14598,7.64708,4.21380,-0.22846,0.08186,0.09652,31.2523549,75.7050229,1.010,353.80
157.206,6.97192,7.62793,6.31590,-0.43249,-1.07390,0.36652,31.2523549,75.7050229,1.010,353.80
157.311,3.76368,5.80354,4.13239,-0.53390,1.12644,-0.51924,31.2523549,75.7050229,1.010,353.80
157.415,3.99832,4.80277,5.51624,-0.08552,-0.74648,0.03910,31.2523549,75.7050229,1.010,353.80
157.522,4.98473,6.98149,3.83551,-0.49480,-0.63041,-0.07941,31.2523549,75.7050229,1.010,353.80
157.625,3.58651,7.36935,5.73651,-0.38118,-0.54856,-0.62797,31.2523549,75.7050229,1.010,353.80
157.729,3.13162,7.78116,3.22260,-0.19059,-0.28466,-0.54611,31.2523549,75.7050229,1.010,353.80
157.833,3.53863,6.16746,7.69496,-1.37445,0.44715,-0.32254,31.2523549,75.7050229,1.010,353.80
157.938,4.58250,5.38217,7.06768,-0.39584,0.43982,0.09041,31.2523649,75.7050233,0.960,358.40
158.040,5.31034,5.56412,6.41167,0.10140,-0.36896,-0.25779,31.2523649,75.7050233,0.960,358.40
158.142,3.74932,6.33027,5.04219,-0.05131,0.45937,-0.57177,31.2523649,75.7050233,0.960,358.40
158.247,3.38061,7.33583,8.35576,0.08796,-0.24801,-0.60842,31.2523649,75.7050233,0.960,358.40
158.352,4.56335,5.08050,8.51378,-0.87842,-0.44104,-0.19670,31.2523649,75.7050233,0.960,358.40
158.456,2.97360,5.32470,4.26168,0.66951,0.41050,-0.00733,31.2523649,75.7050233,0.960,358.40
158.560,3.37582,6.81869,5.60243,-0.18570,-0.91996,0.20525,31.2523649,75.7050233,0.960,358.40
158.664,2.93529,5.55455,8.34140,0.10018,-0.51924,-0.06109,31.2523649,75.7050233,0.960,358.40
158.767,4.40533,6.87136,5.89452,0.97616,-0.09041,-0.11118,31.2523649,75.7050233,0.960,358.40
158.876,3.22260,7.74285,5.08528,-0.15760,0.11484,-0.57421,31.2523649,75.7050233,0.960,358.40
158.979,0.35434,6.19619,6.70855,-1.39888,0.24923,-0.57666,31.2523739,75.7050241,1.010,8.30
159.081,0.30167,5.04698,5.72693,-0.65607,1.31214,0.16127,31.2523739,75.7050241,1.010,8.30
159.189,2.34632,7.10599,6.63194,-0.02810,-0.78924,0.35430,31.2523739,75.7050241,1.010,8.30
159.293,1.04387,8.31746,6.97670,-0.64507,0.42028,-0.11973,31.2523739,75.7050241,1.010,8.30
159.398,3.50032,6.30633,9.57681,-0.56810,-0.60964,0.11729,31.2523739,75.7050241,1.010,8.30
159.503,3.21302,4.90333,6.85221,0.88087,0.01833,-0.03176,31.2523739,75.7050241,1.010,8.30
159.608,3.78763,4.05099,6.82347,-0.09896,-0.50213,-0.54245,31.2523739,75.7050241,1.010,8.30
159.712,1.62327,5.77481,3.31836,-0.15027,-0.45815,-0.23213,31.2523739,75.7050241,1.010,8.30
159.817,1.90578,7.52258,8.60955,-0.32132,0.19914,0.34819,31.2523739,75.7050241,1.010,8.30
159.920,2.89220,8.68138,8.00621,0.60231,0.30665,0.37751,31.2523838,75.7050265,1.100,13.10
160.022,2.37505,4.97036,9.61033,0.74037,0.74159,0.08796,31.2523838,75.7050265,1.100,13.10
160.124,1.94409,4.70221,6.21535,0.08063,0.15516,0.02688,31.2523838,75.7050265,1.100,13.10
160.227,1.21625,4.86023,5.08050,-0.32742,0.89431,0.09652,31.2523838,75.7050265,1.100,13.10
160.332,2.72939,6.67982,7.14430,0.15516,-0.10996,0.30788,31.2523838,75.7050265,1.100,13.10
160.436,3.14119,7.77158,7.08205,-0.16860,-0.03665,-0.08674,31.2523838,75.7050265,1.100,13.10
160.540,4.86981,6.47871,9.88326,-1.24372,-0.99205,-0.02199,31.2523838,75.7050265,1.100,13.10
160.643,3.04064,4.79319,3.10289,0.43494,0.12706,-0.10629,31.2523838,75.7050265,1.100,13.10
160.747,3.18908,4.72615,7.23049,-0.56444,-0.17715,-0.47159,31.2523838,75.7050265,1.100,13.10
160.852,1.57538,5.66468,5.46836,-0.13317,-0.43738,-0.46059,31.2523838,75.7050265,1.100,13.10
160.956,0.91937,7.76200,6.56490,-0.52290,0.51557,-0.02566,31.2523939,75.7050292,1.020,10.00
161.058,1.80523,8.61913,8.15944,-0.18448,0.62064,0.46426,31.2523939,75.7050292,1.020,10.00
161.163,0.76614,5.09007,8.03973,0.63041,0.83566,0.37996,31.2523939,75.7050292,1.020,10.00
161.267,1.31681,4.58729,7.41245,0.13073,0.58277,-0.05986,31.2523939,75.7050292,1.020,10.00
161.371,0.63686,5.14753,6.07648,-0.06109,1.04214,0.03176,31.2523939,75.7050292,1.020,10.00
161.476,2.10211,6.29196,7.82904,0.35552,-0.25168,0.04398,31.2523939,75.7050292,1.020,10.00
161.582,2.13563,7.33105,7.47949,-0.19548,-0.16738,-0.20036,31.2523939,75.7050292,1.020,10.00
161.686,2.45645,5.07571,9.09797,0.17226,0.38607,-0.43371,31.2523939,75.7050292,1.020,10.00
161.790,1.61848,5.06134,6.05733,-0.72571,-0.43616,-0.51801,31.2523939,75.7050292,1.020,10.00
161.894,0.76614,5.18105,6.39731,-0.25779,0.37629,-0.43738,31.2523939,75.7050292,1.020,10.00
162.000,-0.87628,7.09641,7.80510,-0.44960,0.04520,-0.00367,31.2524037,75.7050307,1.110,4.10
162.103,0.82839,8.09240,11.10431,1.09223,0.11851,0.67317,31.2524037,75.7050307,1.110,4.10
162.208,0.29688,4.23295,12.98136,0.27489,0.83811,0.31887,31.2524037,75.7050307,1.110,4.10
162.314,0.11013,4.68306,6.63194,0.18326,-0.31276,0.21380,31.2524037,75.7050307,1.110,4.10
162.418,0.54588,4.90811,5.40611,-0.47403,0.70983,0.30543,31.2524037,75.7050307,1.110,4.10
162.522,-1.09654,4.91290,8.05888,-0.26267,0.07697,-0.04276,31.2524037,75.7050307,1.110,4.10
162.626,-0.53151,6.11479,8.66701,-0.22113,-0.39218,0.37751,31.2524037,75.7050307,1.110,4.10
162.730,2.93050,6.12916,9.74919,-0.71227,-1.11666,-0.10507,31.2524037,75.7050307,1.110,4.10
162.833,2.60010,4.84586,5.52582,0.25412,0.50457,-0.14050,31.2524037,75.7050307,1.110,4.10
162.939,1.24977,4.53462,6.47871,0.19792,-0.69150,-0.48381,31.2524145,75.7050294,1.120,354.40
163.042,0.41659,6.92403,7.45076,-0.24435,0.05376,0.21136,31.2524145,75.7050294,1.120,354.40
163.144,1.97282,8.00621,9.84496,0.27978,0.14539,0.07330,31.2524145,75.7050294,1.120,354.40
163.249,1.48919,8.72447,7.45076,-0.06964,0.57910,-0.12339,31.2524145,75.7050294,1.120,354.40
163.353,0.98162,3.36146,8.24084,0.20647,0.40928,-0.19914,31.2524145,75.7050294,1.120,354.40
163.458,0.42617,3.75411,6.88572,0.50457,-0.23946,0.02810,31.2524145,75.7050294,1.120,354.40
163.562,0.45490,4.41012,5.09965,-0.18570,1.04947,0.45448,31.2524145,75.7050294,1.120,354.40
163.666,1.35991,6.76123,6.41646,-0.27489,-0.73548,0.05742,31.2524145,75.7050294,1.120,354.40
163.769,0.50278,6.67025,8.20732,-0.63897,0.63041,-0.07086,31.2524145,75.7050294,1.120,354.40
163.872,2.84910,3.35188,15.13135,-0.56322,-1.26816,0.67195,31.2524145,75.7050294,1.120,354.40
163.974,1.92494,4.05099,8.07804,-0.72815,0.09163,0.00733,31.2524268,75.7050293,1.120,355.20
164.076,1.56581,4.89375,6.39252,0.02688,0.00122,0.34575,31.2524268,75.7050293,1.120,355.20
164.179,2.02071,5.76524,8.35576,-0.28588,-0.49236,0.12095,31.2524268,75.7050293,1.120,355.20
164.283,2.86825,5.28161,10.92714,0.45204,-0.20525,0.04765,31.2524268,75.7050293,1.120,355.20
164.388,1.48441,3.71580,10.35253,-0.57910,-0.04520,-0.06231,31.2524268,75.7050293,1.120,355.20
164.492,1.74777,2.98318,10.67335,-0.35552,-0.40195,0.26023,31.2524268,75.7050293,1.120,355.20
164.597,1.12049,2.21703,6.76123,-0.13195,0.93462,0.55222,31.2524268,75.7050293,1.120,355.20
164.701,2.99754,4.47716,6.28717,0.31032,-0.28711,0.58643,31.2524268,75.7050293,1.120,355.20
164.803,3.50032,4.97994,10.24239,-0.88087,0.61087,-0.32620,31.2524268,75.7050293,1.120,355.20
164.906,1.65679,4.00311,9.94073,-0.58765,-0.11729,-0.25534,31.2524382,75.7050284,1.060,355.40
165.009,2.48039,1.51792,8.83460,1.09101,0.53512,0.45693,31.2524382,75.7050284,1.060,355.40
165.110,2.71502,2.57137,7.86256,-0.15394,-1.17408,-0.49358,31.2524382,75.7050284,1.060,355.40
165.213,2.40378,3.59130,6.33027,0.07697,0.16127,-0.38851,31.2524382,75.7050284,1.060,355.40
165.315,1.69031,4.23774,9.05008,-0.26023,-0.61820,-0.18815,31.2524382,75.7050284,1.060,355.40
165.416,2.21703,5.66468,11.17134,0.78435,-0.26634,0.23335,31.2524382,75.7050284,1.060,355.40
165.519,1.82917,3.83072,13.52245,-0.06964,-0.25779,-0.45937,31.2524382,75.7050284,1.060,355.40
165.623,0.93374,3.35188,7.02938,0.57544,0.12217,0.23213,31.2524382,75.7050284,1.060,355.40
165.726,1.62327,2.56658,6.72292,0.17715,0.48747,0.29444,31.2524382,75.7050284,1.060,355.40
165.831,2.73897,4.50589,6.37336,0.29322,-0.21747,0.44715,31.2524382,75.7050284,1.060,355.40
165.938,3.79720,5.69820,9.52413,0.00733,-0.33231,-0.19181,31.2524473,75.7050285,1.030,356.60
166.040,2.96402,6.30154,8.59040,-0.27122,0.08552,-0.33475,31.2524473,75.7050285,1.030,356.60
166.143,2.37026,3.10289,8.73884,0.34208,0.63041,-0.28466,31.2524473,75.7050285,1.030,356.60
166.248,2.43730,3.04064,9.48104,0.07086,-0.19914,-0.31276,31.2524473,75.7050285,1.030,356.60
166.352,1.07260,5.37738,5.10923,0.02932,-0.01588,-0.17837,31.2524473,75.7050285,1.030,356.60
166.454,2.18830,6.70855,9.66779,-0.06109,-0.04887,0.07208,31.2524473,75.7050285,1.030,356.60
166.557,2.33674,7.14430,8.37971,1.03481,0.71227,-0.10263,31.2524473,75.7050285,1.030,356.60
166.659,-0.03352,2.47082,11.19529,0.63408,0.76847,-0.10018,31.2524473,75.7050285,1.030,356.60
166.763,0.88107,2.87783,6.77080,0.40928,0.22846,0.45204,31.2524473,75.7050285,1.030,356.60
166.867,1.47004,4.49631,4.20422,-0.29932,0.56933,0.43616,31.2524473,75.7050285,1.030,356.60
166.968,1.35033,6.13394,7.06768,-0.26512,-0.59132,0.25412,31.2524587,75.7050313,1.110,355.80
167.071,2.44687,7.06289,10.42914,-0.21014,-0.12950,-0.06109,31.2524587,75.7050313,1.110,355.80
167.176,2.74854,5.52103,11.25754,-1.30847,-0.30788,-0.42394,31.2524587,75.7050313,1.110,355.80
167.282,2.25534,4.47716,5.94241,0.71105,0.51068,0.00489,31.2524587,75.7050313,1.110,355.80
167.389,1.76692,4.16591,6.18662,0.44838,-0.01344,-0.33964,31.2524587,75.7050313,1.110,355.80
167.492,0.73263,6.44519,6.80911,0.11362,-0.27855,-0.08430,31.2524587,75.7050313,1.110,355.80
167.596,1.08697,7.20655,10.43872,0.53023,0.27000,0.06597,31.2524587,75.7050313,1.110,355.80
167.701,0.67038,6.28717,9.34696,-0.49969,-0.12462,0.07086,31.2524587,75.7050313,1.110,355.80
167.805,-0.07661,4.63996,6.55054,-0.02810,0.83811,0.34331,31.2524587,75.7050313,1.110,355.80
167.907,0.05267,4.23774,4.51068,-0.33231,1.02381,0.30665,31.2524587,75.7050313,1.110,355.80
168.008,0.97205,5.67426,7.23049,0.04765,-0.41783,0.40073,31.2524708,75.7050332,1.100,355.80
168.112,2.59531,7.41245,8.52815,0.31521,-0.68417,0.14294,31.2524708,75.7050332,1.100,355.80
168.218,2.15957,6.46913,8.84418,-0.08308,-0.31276,-0.46426,31.2524708,75.7050332,1.100,355.80
168.322,1.64242,3.62482,10.09874,0.17715,-0.25168,-0.25412,31.2524708,75.7050332,1.100,355.80
168.427,1.98719,4.92248,6.99107,-0.41905,-0.48136,-0.58399,31.2524708,75.7050332,1.100,355.80
168.532,-0.15323,5.67905,6.06212,-0.04643,-0.08430,-0.32009,31.2524708,75.7050332,1.100,355.80
168.635,-0.69432,6.97670,7.13951,0.18082,0.00977,-0.03787,31.2524708,75.7050332,1.100,355.80
168.739,1.85311,8.26478,9.95988,0.90897,0.35797,0.33353,31.2524708,75.7050332,1.100,355.80
168.844,1.36469,4.97515,10.99417,1.18508,-0.08186,-0.30421,31.2524708,75.7050332,1.100,355.80
168.948,0.27294,4.18506,7.22091,-0.24923,-0.10018,-0.32132,31.2524814,75.7050355,1.060,359.10
169.051,0.14365,4.08451,4.56335,0.03910,0.29444,0.51068,31.2524814,75.7050355,1.060,359.10
169.158,0.84755,6.18183,6.46913,-0.29688,-0.20159,0.27733,31.2524814,75.7050355,1.060,359.10
169.261,1.82438,6.32548,9.17458,-0.31032,-0.32742,-0.02321,31.2524814,75.7050355,1.060,359.10
169.367,2.43730,6.77080,7.52258,-1.55404,-0.52901,-0.35552,31.2524814,75.7050355,1.060,359.10
169.473,2.67193,4.20901,8.01100,0.07330,0.15516,0.12217,31.2524814,75.7050355,1.060,359.10
169.575,2.33674,4.07493,4.84108,0.43249,0.16493,-0.42272,31.2524814,75.7050355,1.060,359.10
169.679,-0.13886,5.44920,5.62637,-0.01100,-0.56566,-0.26512,31.2524814,75.7050355,1.060,359.10
169.786,1.42216,6.86657,9.30387,-0.02566,0.36652,0.39095,31.2524814,75.7050355,1.060,359.10
169.890,1.13964,7.66623,9.23683,-1.01159,1.56992,-0.35552,31.2524814,75.7050355,1.060,359.10
169.992,-1.21625,3.51469,8.92080,0.66706,0.60842,0.40073,31.2524919,75.7050359,1.110,358.20
170.097,0.49799,3.57694,5.24809,0.30299,0.09163,0.23335,31.2524919,75.7050359,1.110,358.20
170.201,1.21147,4.77883,8.38928,0.23579,-0.27245,0.02199,31.2524919,75.7050359,1.110,358.20
170.305,-0.60334,5.06134,10.74518,-0.29932,0.07941,-0.30421,31.2524919,75.7050359,1.110,358.20
170.410,-0.66080,7.75721,7.30232,-0.40317,-0.09529,-0.27733,31.2524919,75.7050359,1.110,358.20
170.514,2.48518,2.97360,11.33415,0.80390,0.26389,0.13195,31.2524919,75.7050359,1.110,358.20
170.620,1.63763,4.61123,6.12437,0.00855,-0.07453,-0.10629,31.2524919,75.7050359,1.110,358.20
170.723,1.64721,6.43083,5.02304,0.20892,-0.83933,-0.21014,31.2524919,75.7050359,1.110,358.20
170.827,1.01514,7.09641,8.17380,-0.06964,-0.64019,-0.16982,31.2524919,75.7050359,1.110,358.20
170.932,-0.50278,8.67659,7.51300,0.19670,-0.30788,-0.06231,31.2525029,75.7050371,1.080,355.20
171.033,-0.85234,4.86502,11.44428,0.28466,-0.01833,0.11362,31.2525029,75.7050371,1.080,355.20
171.136,0.11013,3.97437,7.89129,0.56200,-0.26145,-0.41539,31.2525029,75.7050371,1.080,355.20
171.239,-0.55545,3.89297,5.40611,0.35552,0.65729,0.92363,31.2525029,75.7050371,1.080,355.20
171.344,2.68151,6.11958,8.27915,-0.22846,-0.31765,0.76603,31.2525029,75.7050371,1.080,355.20
171.450,2.75333,7.07247,10.28549,-0.31276,0.42150,0.21502,31.2525029,75.7050371,1.080,355.20
171.554,5.48751,4.68785,15.25585,-0.65729,-0.67684,0.20647,31.2525029,75.7050371,1.080,355.20
171.659,3.24654,4.76925,4.15155,0.07330,-0.28711,-0.37263,31.2525029,75.7050371,1.080,355.20
171.763,1.05824,4.91769,5.20499,-0.35919,-0.44715,-0.72693,31.2525029,75.7050371,1.080,355.20
171.867,-1.47004,6.12437,8.24084,-0.25290,-0.36652,-1.35734,31.2525029,75.7050371,1.080,355.20
171.970,2.64799,7.85298,8.09719,0.97494,0.00367,0.31276,31.2525131,75.7050371,1.050,352.70
172.073,1.21625,6.93361,8.02058,-0.93340,0.02443,-0.28344,31.2525131,75.7050371,1.050,352.70
172.179,0.05267,5.10923,7.85777,0.13683,0.63286,0.53512,31.2525131,75.7050371,1.050,352.70
172.283,0.40701,4.24731,5.66947,-0.33964,0.66951,0.20769,31.2525131,75.7050371,1.050,352.70
172.388,1.41737,6.32548,6.10043,0.28955,-0.43494,0.33353,31.2525131,75.7050371,1.050,352.70
172.494,1.47483,7.41245,8.25521,0.00122,-0.30543,-0.18570,31.2525131,75.7050371,1.050,352.70
172.597,0.58897,7.48906,7.81946,-0.32742,0.45815,-0.38240,31.2525131,75.7050371,1.050,352.70
172.702,2.61447,4.84586,7.24964,0.71838,0.57421,0.48381,31.2525131,75.7050371,1.050,352.70
172.805,2.19309,4.25210,7.10120,-0.27611,-0.19181,-0.37874,31.2525131,75.7050371,1.050,352.70
172.907,0.65601,5.28161,5.11880,0.22113,-0.33353,-0.30910,31.2525221,75.7050357,1.100,349.80
173.010,0.12450,7.17782,6.76123,-0.38851,-0.31765,0.12095,31.2525221,75.7050357,1.100,349.80
173.112,2.59531,9.07402,10.51533,0.20892,-0.19914,0.13195,31.2525221,75.7050357,1.100,349.80
173.218,0.70390,4.70221,13.93425,0.17226,-0.44349,-0.31643,31.2525221,75.7050357,1.100,349.80
173.325,1.55144,4.97036,6.78517,0.20036,-0.22480,0.24801,31.2525221,75.7050357,1.100,349.80
173.429,1.45089,3.95043,6.79953,-0.19670,0.81245,0.44593,31.2525221,75.7050357,1.100,349.80
173.533,2.30801,5.92325,6.76123,0.70005,-0.02810,0.48625,31.2525221,75.7050357,1.100,349.80
173.636,2.50433,7.32626,8.27915,-0.12706,-0.63774,-0.07575,31.2525221,75.7050357,1.100,349.80
173.741,1.92494,7.67581,6.77080,-0.98349,0.37018,0.03054,31.2525221,75.7050357,1.100,349.80
173.846,4.39097,4.36224,5.70778,0.91874,0.86987,-0.16738,31.2525221,75.7050357,1.100,349.80
173.951,2.35589,4.38139,4.70700,-0.04520,-1.00304,-0.56933,31.2525334,75.7050340,1.040,348.60
174.054,1.21625,6.14831,5.17626,-0.50824,-0.54611,-0.43982,31.2525334,75.7050340,1.040,348.60
174.158,0.51715,7.71891,7.98706,-0.52168,0.13073,0.00855,31.2525334,75.7050340,1.040,348.60
174.265,-0.08619,9.29429,11.37725,-0.62186,0.16371,-0.56200,31.2525334,75.7050340,1.040,348.60
174.370,-0.20111,4.17070,9.61990,0.67317,1.12644,0.07941,31.2525334,75.7050340,1.040,348.60
174.476,2.23618,3.14119,7.93917,0.89064,0.17959,0.40317,31.2525334,75.7050340,1.040,348.60
174.580,0.22027,4.98473,4.13718,0.17593,0.67440,0.32865,31.2525334,75.7050340,1.040,348.60
174.684,0.72305,7.22091,6.65109,-0.41050,-0.38362,0.22969,31.2525334,75.7050340,1.040,348.60
174.788,1.21625,7.99663,8.01579,-0.47525,0.03299,0.56444,31.2525334,75.7050340,1.040,348.60
174.892,3.52905,4.22337,14.29817,-0.23824,-0.84544,0.19914,31.2525334,75.7050340,1.040,348.60
174.994,2.70545,4.33351,5.20978,-0.10140,-0.01833,-0.30299,31.2525429,75.7050343,1.080,354.30
175.097,1.85790,4.55377,5.55455,-0.17593,-0.28711,-0.32620,31.2525429,75.7050343,1.080,354.30
175.201,1.18274,6.15310,6.76601,-0.29688,-0.56688,-0.27733,31.2525429,75.7050343,1.080,354.30
175.305,2.05901,7.77637,10.21366,-0.17593,-0.54245,0.05986,31.2525429,75.7050343,1.080,354.30
175.410,1.42694,6.52181,12.29183,-0.79168,-0.12095,0.15882,31.2525429,75.7050343,1.080,354.30
175.513,1.62327,5.04698,7.80510,0.37751,1.18752,0.42150,31.2525429,75.7050343,1.080,354.30
175.617,1.49398,2.67193,7.27358,0.65363,0.71471,0.26512,31.2525429,75.7050343,1.080,354.30
175.721,2.08774,4.92248,4.07972,0.70250,0.29077,0.55222,31.2525429,75.7050343,1.080,354.30
175.823,3.08373,6.61757,7.69496,0.03054,-0.48747,-0.09407,31.2525429,75.7050343,1.080,354.30
175.928,1.50835,7.21134,8.51378,-0.92241,-0.67562,-0.69639,31.2525529,75.7050343,1.100,355.30
176.031,2.38941,3.98874,8.83939,0.56688,0.59010,-0.36163,31.2525529,75.7050343,1.100,355.30
176.134,1.51792,3.85466,7.17782,-0.06109,-0.57544,-0.18326,31.2525529,75.7050343,1.100,355.30
176.236,1.90578,5.64074,4.49631,0.16982,-0.40195,-0.24190,31.2525529,75.7050343,1.100,355.30
176.340,1.24020,7.78594,7.40766,0.05498,-0.88331,-0.38362,31.2525529,75.7050343,1.100,355.30
176.444,1.18274,8.65265,9.30387,0.30299,0.03421,-0.01588,31.2525529,75.7050343,1.100,355.30
176.547,0.01915,6.15310,10.26155,-0.58521,0.54000,0.04520,31.2525529,75.7050343,1.100,355.30
176.650,0.98162,5.62637,6.99107,-0.00855,0.22358,0.25656,31.2525529,75.7050343,1.100,355.30
176.751,0.89064,4.44364,6.02860,0.24923,0.51191,0.49114,31.2525529,75.7050343,1.100,355.30
176.857,3.22260,5.96156,5.62159,1.03236,-1.28404,0.30788,31.2525529,75.7050343,1.100,355.30
176.961,3.17471,7.53216,4.88896,0.03421,0.64874,-0.04032,31.2525631,75.7050348,1.130,359.00
177.064,1.26414,8.80109,5.10923,-0.73670,0.45937,-0.32620,31.2525631,75.7050348,1.130,359.00
177.169,1.19231,6.02860,7.47949,0.75381,0.47525,0.09529,31.2525631,75.7050348,1.130,359.00
177.274,0.69432,4.45800,7.95833,0.37874,-0.37141,0.25901,31.2525631,75.7050348,1.130,359.00
177.379,2.30801,6.48350,4.54419,0.24923,-0.08186,0.25045,31.2525631,75.7050348,1.130,359.00
177.485,1.82917,7.53695,6.16746,0.02077,-0.02077,-0.46914,31.2525631,75.7050348,1.130,359.00
177.587,0.11013,7.66623,6.75165,-0.27978,0.56566,-0.70616,31.2525631,75.7050348,1.130,359.00
177.692,2.48518,5.56412,9.60554,-0.85155,0.94073,-0.32376,31.2525631,75.7050348,1.130,359.00
177.794,-0.18196,3.71101,8.11634,-0.62675,-0.21625,0.06109,31.2525631,75.7050348,1.130,359.00
177.898,0.91459,4.07972,6.85699,-0.18815,-0.04276,0.14539,31.2525631,75.7050348,1.130,359.00
178.000,0.45969,5.60243,7.53216,-0.91752,-0.37996,-0.08552,31.2525738,75.7050341,1.160,358.00
178.103,-0.35434,6.12916,12.26789,-0.39706,-0.44227,0.45571,31.2525738,75.7050341,1.160,358.00
178.206,2.79643,4.38618,14.27423,-0.52290,-0.72571,0.15760,31.2525738,75.7050341,1.160,358.00
178.309,2.55222,4.21858,7.31189,1.25350,-0.01466,0.16982,31.2525738,75.7050341,1.160,358.00
178.415,2.57137,3.16035,6.48829,0.46304,-0.14783,-0.17226,31.2525738,75.7050341,1.160,358.00
178.518,1.78607,4.84586,5.51624,0.53634,-0.57421,0.01588,31.2525738,75.7050341,1.160,358.00
178.623,2.28407,6.06212,9.09797,0.23824,-0.14416,0.44838,31.2525738,75.7050341,1.160,358.00
178.727,3.21781,5.73651,11.65497,-1.05680,-1.02870,0.11362,31.2525738,75.7050341,1.160,358.00
178.830,0.68953,5.29119,7.09163,-0.60476,0.47281,0.34453,31.2525738,75.7050341,1.160,358.00
178.934,2.16915,4.09887,6.87615,-0.60598,0.15027,0.25779,31.2525840,75.7050345,1.110,359.40
179.038,3.18429,4.74531,9.16022,-0.09896,-0.56322,0.01710,31.2525840,75.7050345,1.110,359.40
179.141,3.61524,5.55934,11.08994,-0.44593,0.17349,-0.16371,31.2525840,75.7050345,1.110,359.40
179.245,4.13718,5.81791,10.07001,0.15516,-0.05864,-0.13561,31.2525840,75.7050345,1.110,359.40
179.350,3.32794,2.34153,7.19697,0.80146,0.18692,-0.52290,31.2525840,75.7050345,1.110,359.40
179.455,2.01113,3.01669,7.33105,0.01710,0.03421,-0.33475,31.2525840,75.7050345,1.110,359.40
179.560,0.95289,5.04219,5.75087,0.13439,-0.02810,-0.24679,31.2525840,75.7050345,1.110,359.40
179.665,2.87304,6.65109,9.85932,0.43616,-0.67317,-0.02566,31.2525840,75.7050345,1.110,359.40
179.769,1.36948,6.66546,7.37893,0.20036,0.77946,-0.23335,31.2525840,75.7050345,1.110,359.40
179.873,0.05267,4.29999,8.74841,0.05376,0.61575,-0.01833,31.2525840,75.7050345,1.110,359.40
179.977,1.10612,3.77326,7.17303,0.39951,0.29932,0.45082,31.2525952,75.7050341,1.130,357.80
180.079,1.29766,5.31513,5.23851,0.09774,0.06231,0.24679,31.2525952,75.7050341,1.130,357.80
180.184,1.16358,6.03818,8.47069,-0.13806,0.13561,-0.06109,31.2525952,75.7050341,1.130,357.80
180.290,0.83797,5.82749,9.76834,-0.37141,0.46914,0.09041,31.2525952,75.7050341,1.130,357.80
180.394,4.29999,4.42927,11.83693,-0.58643,-0.13195,0.28711,31.2525952,75.7050341,1.130,357.80
180.500,2.60010,3.89776,6.99586,-0.28588,-0.42761,-0.37874,31.2525952,75.7050341,1.130,357.80
180.603,1.38864,4.37660,6.05254,0.02077,-0.58277,-0.51557,31.2525952,75.7050341,1.130,357.80
180.707,1.14443,6.14831,8.21690,-0.15760,-0.34086,-0.35919,31.2525952,75.7050341,1.130,357.80
180.811,1.54187,6.02381,10.80264,0.25534,0.02077,-0.04765,31.2525952,75.7050341,1.130,357.80
180.914,1.54187,4.75967,11.89439,-0.37751,-0.13683,-0.00489,31.2526052,75.7050331,1.000,356.10
181.016,1.05824,4.07493,9.19373,0.21136,-0.51068,0.01588,31.2526052,75.7050331,1.000,356.10
181.119,0.23942,3.34709,5.10444,0.24312,0.64263,0.22480,31.2526052,75.7050331,1.000,356.10
181.224,0.59376,5.00867,6.70855,0.40073,-0.27733,0.54367,31.2526052,75.7050331,1.000,356.10
181.328,2.87783,6.30154,10.58716,0.11851,0.05620,-0.18082,31.2526052,75.7050331,1.000,356.10
181.431,2.30801,5.67905,8.22169,-0.47647,-0.17715,0.13683,31.2526052,75.7050331,1.000,356.10
181.535,4.04141,4.29041,6.21056,0.92118,0.34575,0.03787,31.2526052,75.7050331,1.000,356.10
181.640,2.54264,3.79242,8.02536,-0.28466,-0.19303,-0.35552,31.2526052,75.7050331,1.000,356.10
181.746,0.99599,5.78918,5.32470,-0.22969,-0.34575,-0.45326,31.2526052,75.7050331,1.000,356.10
181.848,1.24498,6.79474,9.13627,-0.32132,-0.26267,0.13195,31.2526052,75.7050331,1.000,356.10
181.952,1.12527,7.69018,7.95833,-0.49969,0.15272,0.10140,31.2526150,75.7050329,1.140,353.60
182.056,1.44610,3.98874,10.08917,0.52290,0.69150,0.37751,31.2526150,75.7050329,1.140,353.60
182.158,0.72305,3.12683,4.27126,0.44960,0.40928,0.22358,31.2526150,75.7050329,1.140,353.60
182.262,1.24977,4.41970,4.81235,0.26634,-0.05986,0.40317,31.2526150,75.7050329,1.140,353.60
182.366,3.87382,7.59441,9.20810,-0.32865,-0.12584,0.12950,31.2526150,75.7050329,1.140,353.60
182.469,2.65756,7.90565,9.64384,0.08796,-0.08919,-0.45326,31.2526150,75.7050329,1.140,353.60
182.572,5.02782,4.03184,9.65342,1.25472,-0.02443,-0.24923,31.2526150,75.7050329,1.140,353.60
182.677,3.51948,3.30879,4.39097,0.04032,-0.19059,-0.58643,31.2526150,75.7050329,1.140,353.60
182.782,0.60813,4.34308,3.62482,-0.34941,-0.60598,-0.50335,31.2526150,75.7050329,1.140,353.60
182.886,1.00556,7.57047,7.78116,-0.52657,-0.44838,0.24312,31.2526150,75.7050329,1.140,353.60
182.990,1.95846,7.79073,10.37168,-0.03176,0.19548,0.31276,31.2526256,75.7050334,1.170,353.90
183.093,1.89621,5.19063,9.36133,0.35430,0.90408,0.84055,31.2526256,75.7050334,1.170,353.90
183.196,2.25534,4.64475,6.01902,0.32865,-0.06353,0.47037,31.2526256,75.7050334,1.170,353.90
183.303,1.90100,5.10444,5.31513,0.09774,0.87354,0.57544,31.2526256,75.7050334,1.170,353.90
183.407,1.97761,6.78038,6.94797,0.37141,0.74037,0.16371,31.2526256,75.7050334,1.170,353.90
183.511,1.81002,7.70454,9.15064,0.25656,-0.02810,0.07453,31.2526256,75.7050334,1.170,353.90
183.613,4.04141,3.96480,14.58069,-0.02443,-0.03299,0.40561,31.2526256,75.7050334,1.170,353.90
183.720,3.11725,5.50666,4.36702,0.45448,-0.12828,0.53145,31.2526256,75.7050334,1.170,353.90
183.825,2.09732,4.43406,5.55934,0.13928,0.24801,0.07086,31.2526256,75.7050334,1.170,353.90
183.929,2.64320,5.64553,7.85777,-0.26634,-0.37141,-0.43005,31.2526377,75.7050335,1.140,354.90
184.031,2.24576,6.52181,8.61913,-0.32376,0.35308,-0.68173,31.2526377,75.7050335,1.140,354.90
184.136,1.50835,6.99107,10.03649,-1.21318,-0.63286,-0.23335,31.2526377,75.7050335,1.140,354.90
184.241,0.92416,4.34308,9.11712,-0.16860,-0.15638,-0.19181,31.2526377,75.7050335,1.140,354.90
184.345,0.66559,3.96001,4.43406,-0.03299,0.78435,0.12584,31.2526377,75.7050335,1.140,354.90
184.450,1.36469,5.92325,7.51779,-0.10873,-0.24435,-0.15394,31.2526377,75.7050335,1.140,354.90
184.553,0.82361,6.04296,10.89841,-0.04276,-0.26023,-0.07575,31.2526377,75.7050335,1.140,354.90
184.659,4.91769,5.90410,9.90242,-0.56077,-1.54060,0.43860,31.2526377,75.7050335,1.140,354.90
184.762,2.64799,4.82192,3.45723,0.40439,0.41539,-0.42516,31.2526377,75.7050335,1.140,354.90
184.865,1.51792,4.17549,5.88974,0.12706,0.11362,-0.45204,31.2526377,75.7050335,1.140,354.90
184.967,1.47004,5.75087,5.46836,0.40195,-0.28833,0.16616,31.2526482,75.7050340,1.170,359.00
185.070,4.51546,6.54096,9.40442,-0.07819,-0.13073,0.24068,31.2526482,75.7050340,1.170,359.00
185.174,3.10289,7.56089,5.60722,-0.70983,0.77458,-0.17349,31.2526482,75.7050340,1.170,359.00
185.278,0.48363,5.85143,7.03895,0.09041,-0.09652,-0.06353,31.2526482,75.7050340,1.170,359.00
185.382,1.13485,3.46202,8.26478,-0.36774,0.27367,-0.00733,31.2526482,75.7050340,1.170,359.00
185.485,1.72383,4.85065,6.15310,0.41294,-0.32987,0.19059,31.2526482,75.7050340,1.170,359.00
185.588,2.40378,6.72292,7.94396,0.11362,-0.12217,0.04643,31.2526482,75.7050340,1.170,359.00
185.692,1.50835,6.52181,8.66222,-0.51435,0.18448,0.25534,31.2526482,75.7050340,1.170,359.00
185.796,4.51546,4.14676,9.38527,0.93096,0.10996,0.23335,31.2526482,75.7050340,1.170,359.00
185.898,2.89220,3.71580,6.94797,-0.43982,-0.09041,-0.34331,31.2526482,75.7050340,1.170,359.00
186.005,1.27372,4.61602,5.90410,0.34941,-0.28466,-0.03787,31.2526587,75.7050330,1.180,1.90
186.108,2.92093,6.36379,6.97670,0.16005,-0.01466,0.19548,31.2526587,75.7050330,1.180,1.90
186.213,2.88262,7.42203,8.44196,0.32987,0.50213,0.16493,31.2526587,75.7050330,1.180,1.90
186.318,3.01191,4.72137,10.69250,-0.07697,0.49724,-0.16982,31.2526587,75.7050330,1.180,1.90
186.425,0.57940,3.70622,8.71968,-0.12950,-0.53267,-0.24557,31.2526587,75.7050330,1.180,1.90
186.529,1.74298,4.45322,6.18662,0.36774,-0.05131,0.18815,31.2526587,75.7050330,1.180,1.90
186.632,1.83396,5.66947,8.10677,-0.05009,-0.11240,0.25290,31.2526587,75.7050330,1.180,1.90
186.736,2.84910,6.08606,8.62870,0.24801,0.06964,-0.07086,31.2526587,75.7050330,1.180,1.90
186.838,3.94564,5.41090,10.29507,-0.32132,-0.25534,0.34086,31.2526587,75.7050330,1.180,1.90
186.942,3.38540,4.85544,4.52504,0.40806,0.27245,0.13806,31.2526709,75.7050329,1.190,1.60
187.043,3.18429,4.30477,4.91769,-0.11973,0.21869,-0.09407,31.2526709,75.7050329,1.190,1.60
187.147,1.68552,5.81312,7.76679,-0.34086,-0.36896,-0.02932,31.2526709,75.7050329,1.190,1.60
187.251,4.76446,6.60321,11.00375,-0.24435,-0.24923,0.19303,31.2526709,75.7050329,1.190,1.60
187.354,4.31435,6.38294,12.16733,-0.57055,-0.40195,-0.14661,31.2526709,75.7050329,1.190,1.60
187.458,1.72861,4.92727,7.38851,-0.05009,-0.38973,-0.05131,31.2526709,75.7050329,1.190,1.60
187.562,1.81480,4.32393,5.17626,-0.02688,0.44593,0.11240,31.2526709,75.7050329,1.190,1.60
187.666,2.11169,5.68862,5.90889,0.48747,-0.05864,0.09163,31.2526709,75.7050329,1.190,1.60
187.771,4.38618,6.43083,9.62469,0.45204,-0.27245,-0.64263,31.2526709,75.7050329,1.190,1.60
187.876,2.82516,6.02381,5.90410,-0.49480,-0.66584,-0.47159,31.2526709,75.7050329,1.190,1.60
187.979,3.84030,4.17070,4.52504,1.06779,0.37629,-0.06109,31.2526822,75.7050332,1.210,358.10
188.082,2.91614,3.72538,5.38695,-0.64996,-0.16616,-0.56566,31.2526822,75.7050332,1.210,358.10
188.184,2.07817,5.73651,5.93283,-0.45937,-0.40073,-0.36896,31.2526822,75.7050332,1.210,358.10
188.286,4.28083,8.35576,8.56167,-0.37874,-0.55100,0.47525,31.2526822,75.7050332,1.210,358.10
188.390,4.55377,7.05332,11.72680,-0.26878,-0.31887,-0.03665,31.2526822,75.7050332,1.210,358.10
188.496,2.21224,4.43406,7.16345,0.16616,0.15027,-0.11484,31.2526822,75.7050332,1.210,358.10
188.599,1.81002,3.87861,4.01268,0.10996,0.50580,-0.08674,31.2526822,75.7050332,1.210,358.10
188.704,1.83396,4.91290,5.65032,0.05864,-0.04520,-0.04643,31.2526822,75.7050332,1.210,358.10
188.809,3.10289,6.98149,7.10120,0.21991,0.01466,0.05498,31.2526822,75.7050332,1.210,358.10
188.912,3.31836,7.13951,9.07402,-0.47647,0.21258,0.00611,31.2526942,75.7050321,1.240,355.80
189.014,5.13317,5.37738,7.28316,0.96395,0.25412,0.29199,31.2526942,75.7050321,1.240,355.80
189.118,3.28484,4.41970,5.16669,-0.09285,-0.06964,-0.16738,31.2526942,75.7050321,1.240,355.80
189.223,1.93930,5.33907,4.34308,-0.29077,-0.59010,-0.46181,31.2526942,75.7050321,1.240,355.80
189.328,1.67594,7.17303,7.75721,-0.37385,-0.16738,-0.27489,31.2526942,75.7050321,1.240,355.80
189.431,2.85389,9.63906,7.14909,0.39340,0.50091,0.37385,31.2526942,75.7050321,1.240,355.80
189.534,1.76692,4.80277,10.26634,0.11240,0.60109,0.17349,31.2526942,75.7050321,1.240,355.80
189.636,1.04387,3.71101,6.52181,0.95417,0.47892,-0.00367,31.2526942,75.7050321,1.240,355.80
189.741,1.55623,5.39174,4.17070,0.06842,0.46792,0.33964,31.2526942,75.7050321,1.240,355.80
189.845,2.17394,6.75165,7.24007,0.14172,0.02199,0.04154,31.2526942,75.7050321,1.240,355.80
189.948,3.07894,7.71891,7.92481,-0.12462,0.11484,-0.13806,31.2527066,75.7050314,1.250,355.00
190.050,5.27203,6.44519,10.77870,-0.90775,-0.86376,0.16493,31.2527066,75.7050314,1.250,355.00
190.153,3.04064,5.32949,3.72059,-0.21869,-0.25901,-0.17226,31.2527066,75.7050314,1.250,355.00
190.258,2.13563,5.38695,4.01268,0.24312,-0.12584,-0.35186,31.2527066,75.7050314,1.250,355.00
190.362,2.28407,7.77158,5.88495,-0.17349,-0.61209,-0.24435,31.2527066,75.7050314,1.250,355.00
190.467,3.13640,8.86333,9.38527,0.22724,0.31521,0.07330,31.2527066,75.7050314,1.250,355.00
190.572,2.70545,6.84742,11.57357,-0.84544,-0.09285,0.10263,31.2527066,75.7050314,1.250,355.00
190.676,1.61848,5.06134,6.71334,0.18815,-0.28833,0.26634,31.2527066,75.7050314,1.250,355.00
190.780,0.64643,4.60166,4.15155,-0.29566,0.82100,0.23091,31.2527066,75.7050314,1.250,355.00
190.885,2.01592,6.26802,5.84185,0.45448,-0.19181,0.12706,31.2527066,75.7050314,1.250,355.00
190.990,4.13718,7.81946,8.83939,0.09285,-0.45204,-0.21625,31.2527174,75.7050305,1.230,356.10
191.094,3.40934,6.66067,7.63750,-0.95417,-0.73304,-0.18326,31.2527174,75.7050305,1.230,356.10
191.199,3.23217,5.18584,4.89854,0.51801,0.34697,-0.01588,31.2527174,75.7050305,1.230,356.10
191.304,2.63362,4.52983,5.66947,-0.31032,-0.04398,-0.27245,31.2527174,75.7050305,1.230,356.10
191.408,1.01514,6.45477,6.01902,-0.34453,-0.34941,-0.33353,31.2527174,75.7050305,1.230,356.10
191.513,2.24576,8.48984,8.53294,0.28222,0.13317,0.32620,31.2527174,75.7050305,1.230,356.10
191.619,0.25857,7.31668,5.90410,-0.76969,0.69150,0.34086,31.2527174,75.7050305,1.230,356.10
191.724,1.99198,4.75010,7.45554,0.53145,0.74281,0.54978,31.2527174,75.7050305,1.230,356.10
191.829,1.64721,3.79720,4.96557,0.26756,0.37629,0.53023,31.2527174,75.7050305,1.230,356.10
191.932,0.78051,5.05655,5.90889,-0.04643,0.24190,0.45326,31.2527292,75.7050308,1.220,358.40
192.033,3.10289,7.74764,8.56167,0.26389,0.28466,0.45571,31.2527292,75.7050308,1.220,358.40
192.136,3.02148,7.88650,8.16902,0.21747,-0.08308,0.16982,31.2527292,75.7050308,1.220,358.40
192.240,3.08852,3.68228,5.63595,0.31887,1.11055,0.06353,31.2527292,75.7050308,1.220,358.40
192.343,3.08373,4.48195,5.99029,0.07697,-0.18448,-0.11729,31.2527292,75.7050308,1.220,358.40
192.449,2.38462,5.77960,4.88417,-0.28344,-0.51801,-0.57055,31.2527292,75.7050308,1.220,358.40
192.553,0.56024,6.96713,7.54652,-0.18692,0.00611,-0.20769,31.2527292,75.7050308,1.220,358.40
192.657,0.55067,7.85298,6.98628,0.09163,0.60598,0.21991,31.2527292,75.7050308,1.220,358.40
192.760,0.59855,5.40132,8.10677,-0.21625,0.45082,0.34697,31.2527292,75.7050308,1.220,358.40
192.866,0.91459,3.48117,8.03015,0.09407,0.47892,0.06231,31.2527292,75.7050308,1.220,358.40
192.971,1.33596,5.02782,5.20021,0.18692,-0.02443,0.59010,31.2527404,75.7050305,1.230,358.30
193.073,2.48518,7.92960,8.35576,0.03665,-0.46914,0.25168,31.2527404,75.7050305,1.230,358.30
193.177,1.40300,7.26401,8.36534,-0.14661,0.49847,-0.65851,31.2527404,75.7050305,1.230,358.30
193.280,3.62003,3.12204,12.77067,0.62430,0.89431,0.30421,31.2527404,75.7050305,1.230,358.30
193.384,3.73017,3.45244,4.40533,0.15638,-0.04154,0.11362,31.2527404,75.7050305,1.230,358.30
193.487,2.34153,4.66869,4.06535,-0.38118,-0.14661,-0.83078,31.2527404,75.7050305,1.230,358.30
193.589,1.36948,6.88572,7.61835,-0.53634,-0.89309,-0.31398,31.2527404,75.7050305,1.230,358.30
193.694,1.64721,7.93438,10.39562,0.33109,-0.01100,-0.15394,31.2527404,75.7050305,1.230,358.30
193.800,0.58419,6.36858,11.77468,-0.00855,0.05742,-0.16127,31.2527404,75.7050305,1.230,358.30
193.905,0.92895,4.80756,8.76757,0.35797,-0.08308,0.03176,31.2527404,75.7050305,1.230,358.30
194.010,0.39265,4.06057,3.84030,0.06964,0.70250,0.28955,31.2527526,75.7050319,1.180,359.10
194.113,0.12929,6.27281,5.93283,0.37385,-0.74526,0.14661,31.2527526,75.7050319,1.180,359.10
194.217,2.78206,8.02058,6.96713,-0.22358,-0.12706,-0.11484,31.2527526,75.7050319,1.180,359.10
194.320,2.42293,7.74285,7.58004,-0.20647,-0.18082,0.04032,31.2527526,75.7050319,1.180,359.10
194.425,3.34231,5.07571,7.15866,0.76480,0.14050,-0.36041,31.2527526,75.7050319,1.180,359.10
194.530,1.21625,4.75488,6.64630,-0.07819,-0.29566,-0.66829,31.2527526,75.7050319,1.180,359.10
194.633,0.41659,6.14352,4.77883,-0.03543,-0.13928,-0.60598,31.2527526,75.7050319,1.180,359.10
194.736,-0.21548,7.25443,5.49709,-0.28222,0.13195,-0.13806,31.2527526,75.7050319,1.180,359.10
194.841,1.14443,9.78271,6.54096,-0.25656,-0.11729,0.09041,31.2527526,75.7050319,1.180,359.10
194.943,0.19632,4.72137,8.31267,0.54978,0.84910,0.19303,31.2527632,75.7050320,1.140,357.00
195.047,1.78607,4.90333,6.57448,0.93218,-0.41050,0.30788,31.2527632,75.7050320,1.140,357.00
195.151,0.64165,5.75087,3.88818,0.04887,0.39218,0.32987,31.2527632,75.7050320,1.140,357.00
195.253,0.95768,7.15387,7.66623,-0.18815,-0.03910,0.24312,31.2527632,75.7050320,1.140,357.00
195.359,2.58574,8.05409,8.85376,0.06597,0.03299,-0.21136,31.2527632,75.7050320,1.140,357.00
195.463,2.44209,5.79876,9.88326,-0.43860,-0.00244,-0.27367,31.2527632,75.7050320,1.140,357.00
195.567,1.73340,6.03339,3.91213,-0.04887,-0.28711,0.02077,31.2527632,75.7050320,1.140,357.00
195.675,1.58975,5.95677,4.82671,-0.06231,0.01833,-0.11240,31.2527632,75.7050320,1.140,357.00
195.778,0.61770,7.03895,4.90333,-0.17715,-0.27733,-0.03665,31.2527632,75.7050320,1.140,357.00
195.880,2.23140,8.54730,9.16500,0.00733,0.04032,0.25534,31.2527632,75.7050320,1.140,357.00
195.984,1.82438,6.85221,11.31021,-0.49969,0.25168,-0.11973,31.2527741,75.7050308,1.090,352.40
196.089,0.35434,5.36301,6.91445,-0.19426,-0.26634,0.04276,31.2527741,75.7050308,1.090,352.40
196.193,1.38864,5.77003,4.84586,-0.06109,-0.04887,0.41172,31.2527741,75.7050308,1.090,352.40
196.298,2.41336,5.82749,5.24809,0.31765,-0.35430,-0.17349,31.2527741,75.7050308,1.090,352.40
196.401,-0.17717,7.36935,7.58483,-0.38362,0.06353,-0.04276,31.2527741,75.7050308,1.090,352.40
196.509,-0.03831,9.22246,7.36456,-0.06231,0.41050,0.38118,31.2527741,75.7050308,1.090,352.40
196.612,4.30477,4.34787,10.29028,0.85277,0.70127,-0.67684,31.2527741,75.7050308,1.090,352.40
196.716,1.34075,4.86023,5.10923,-0.18204,-0.42028,-0.00855,31.2527741,75.7050308,1.090,352.40
196.822,-0.05746,5.83706,5.21457,0.00489,-0.02688,-0.24679,31.2527741,75.7050308,1.090,352.40
196.924,0.89064,6.45956,7.00543,-0.06231,0.05253,0.17104,31.2527848,75.7050306,1.140,351.20
197.027,1.18752,8.92080,6.67982,-0.21502,0.50702,0.08308,31.2527848,75.7050306,1.140,351.20
197.129,0.89543,4.19943,11.26232,-0.46426,0.46181,-0.45082,31.2527848,75.7050306,1.140,351.20
197.233,-0.00479,4.23295,9.74919,0.15149,-0.70616,0.20647,31.2527848,75.7050306,1.140,351.20
197.338,1.52271,4.75488,5.07571,0.09774,-0.10385,0.33109,31.2527848,75.7050306,1.140,351.20
197.442,1.95846,6.13394,6.11958,0.15272,-0.45571,0.12095,31.2527848,75.7050306,1.140,351.20
197.545,1.12527,6.96713,8.96389,0.03543,0.09774,-0.20159,31.2527848,75.7050306,1.140,351.20
197.651,3.19865,5.85622,12.13860,-0.59987,-1.20340,-0.25168,31.2527848,75.7050306,1.140,351.20
197.754,1.12049,5.74608,2.10690,0.79779,1.07146,-0.11851,31.2527848,75.7050306,1.140,351.20
197.859,3.55778,5.78918,7.05332,0.40439,-0.39218,0.04765,31.2527848,75.7050306,1.140,351.20
197.963,2.36547,5.99029,7.06289,-0.48136,-0.19059,-0.11973,31.2527949,75.7050283,1.120,353.30
198.065,3.73974,6.69419,7.71891,0.18692,0.06109,0.06964,31.2527949,75.7050283,1.120,353.30
198.166,0.13886,7.14430,6.78517,-0.55833,0.52046,-0.11851,31.2527949,75.7050283,1.120,353.30
198.268,-0.89543,5.99987,6.55054,-0.04398,0.73670,-0.26267,31.2527949,75.7050283,1.120,353.30
198.377,1.57538,4.85065,8.14507,0.40561,0.02199,0.24923,31.2527949,75.7050283,1.120,353.30
198.480,1.60412,6.42125,5.91847,0.44960,-0.52657,0.09652,31.2527949,75.7050283,1.120,353.30
198.583,1.95367,7.33583,6.30154,0.29444,-1.35490,-0.37385,31.2527949,75.7050283,1.120,353.30
198.686,1.89142,7.35499,8.12113,0.14416,-0.33231,-0.07086,31.2527949,75.7050283,1.120,353.30
198.790,4.81713,6.21535,9.47146,0.18937,-0.22358,-0.30788,31.2527949,75.7050283,1.120,353.30
198.894,-0.82361,5.33428,5.65510,-0.93829,0.19426,-1.03725,31.2527949,75.7050283,1.120,353.30
198.997,-0.45011,6.06691,7.74285,0.23213,-0.42638,0.10873,31.2528056,75.7050292,1.100,1.10
199.100,2.00634,7.72848,6.01902,0.53634,0.06597,0.57544,31.2528056,75.7050292,1.100,1.10
199.202,2.95923,8.61913,5.65989,0.44227,0.51557,0.06597,31.2528056,75.7050292,1.100,1.10
199.306,0.51236,6.51223,7.16824,-0.31276,0.73548,-0.33353,31.2528056,75.7050292,1.100,1.10
199.411,1.81959,5.34386,8.33182,-0.15027,-0.17715,0.22846,31.2528056,75.7050292,1.100,1.10
199.514,1.65200,6.75644,5.48272,0.30299,-0.21747,0.42883,31.2528056,75.7050292,1.100,1.10
199.617,2.38462,7.33583,8.19296,0.12584,-0.59132,-0.02688,31.2528056,75.7050292,1.100,1.10
199.720,1.29287,8.13550,4.70221,-0.77091,0.18937,-0.09407,31.2528056,75.7050292,1.100,1.10
199.825,3.59609,6.07170,8.06367,-0.07819,0.03910,-0.48503,31.2528056,75.7050292,1.100,1.10
199.928,1.82438,5.21457,6.51702,0.06842,-0.34331,-0.31398,31.2528056,75.7050292,1.100,1.10
200.030,0.45011,6.73250,5.51145,0.17837,-0.28100,-0.14294,31.2528167,75.7050307,1.100,3.40
200.132,1.01993,7.67102,7.13951,0.18326,0.00244,0.22846,31.2528167,75.7050307,1.100,3.40
200.236,0.43096,7.13472,7.35499,0.43860,0.58154,0.15882,31.2528167,75.7050307,1.100,3.40
200.340,1.60890,5.37259,7.74285,-0.89431,1.12766,0.62553,31.2528167,75.7050307,1.100,3.40
200.443,3.52426,6.15310,9.04051,0.20036,-0.12462,0.82711,31.2528167,75.7050307,1.100,3.40
200.547,0.62249,5.53539,4.52025,-0.32132,0.77946,0.50702,31.2528167,75.7050307,1.100,3.40
200.651,1.52271,6.31590,8.57603,-0.84422,0.35675,0.36041,31.2528167,75.7050307,1.100,3.40
200.754,0.86670,5.49709,9.96467,-0.09163,0.10873,0.01100,31.2528167,75.7050307,1.100,3.40
200.860,3.12683,4.91769,10.32859,-0.50091,-0.53267,0.16493,31.2528167,75.7050307,1.100,3.40
200.963,2.63362,3.64398,5.75566,0.57544,0.10996,-0.17104,31.2528281,75.7050324,1.130,1.50
201.066,2.20745,3.70622,7.74764,-0.36041,0.41539,-0.17715,31.2528281,75.7050324,1.130,1.50
201.170,1.01514,4.96557,6.56969,-0.10873,-0.22602,-0.07575,31.2528281,75.7050324,1.130,1.50
201.275,1.79565,6.34463,8.89685,-0.22969,0.16249,0.14905,31.2528281,75.7050324,1.130,1.50
201.378,1.11570,5.73172,9.14585,-0.20892,0.08308,0.13928,31.2528281,75.7050324,1.130,1.50
201.483,1.30245,2.93050,9.55287,-0.15638,0.45693,-0.12950,31.2528281,75.7050324,1.130,1.50
201.588,2.04465,3.12683,9.31823,-0.15149,-0.91141,-0.01100,31.2528281,75.7050324,1.130,1.50
201.694,1.06781,3.76368,6.70855,0.28955,-0.16005,0.37874,31.2528281,75.7050324,1.130,1.50
201.798,1.79565,4.46279,8.25042,0.36530,-0.15882,0.17471,31.2528281,75.7050324,1.130,1.50
201.903,2.26491,5.01825,9.94073,0.48136,-0.10263,-0.21258,31.2528281,75.7050324,1.130,1.50
202.006,1.47962,6.19141,8.43717,0.20403,-0.09896,-0.55589,31.2528386,75.7050350,1.040,359.10
202.110,1.98719,3.01191,10.12268,0.99815,0.70250,-0.02566,31.2528386,75.7050350,1.040,359.10
202.214,0.53151,2.77727,5.91847,-0.53512,0.86254,0.21747,31.2528386,75.7050350,1.040,359.10
202.316,-1.74298,4.68306,6.43083,-0.57299,0.70983,0.63897,31.2528386,75.7050350,1.040,359.10
202.421,1.94888,5.03740,10.29028,-0.81367,0.12706,1.97187,31.2528386,75.7050350,1.040,359.10
202.526,3.79720,3.50990,11.31021,-0.26145,-0.31521,1.20707,31.2528386,75.7050350,1.040,359.10
202.630,1.83875,3.12204,16.78335,0.52046,-1.29137,2.30174,31.2528386,75.7050350,1.040,359.10
202.733,0.75178,5.84664,2.69108,-0.54489,-1.35368,0.43127,31.2528386,75.7050350,1.040,359.10
202.839,1.66636,1.83396,7.35020,-0.71716,-0.27978,1.63834,31.2528386,75.7050350,1.040,359.10
202.942,2.52828,3.96959,7.48427,0.20036,0.83444,0.40073,31.2528475,75.7050354,0.970,343.50
203.046,2.65278,4.14197,11.17613,0.83444,1.91079,-0.28955,31.2528475,75.7050354,0.970,343.50
203.151,1.10612,3.89776,13.34528,0.24679,2.90039,0.62675,31.2528475,75.7050354,0.970,343.50
203.254,2.53307,4.20422,9.21289,-0.59254,-0.79290,0.04154,31.2528475,75.7050354,0.970,343.50
203.360,1.22104,2.91135,7.57525,0.49969,-0.56444,-0.29566,31.2528475,75.7050354,0.970,343.50
203.464,-0.62249,4.24253,7.13472,-0.01955,-0.39218,-0.11851,31.2528475,75.7050354,0.970,343.50
203.567,-0.16759,4.33351,9.45231,-0.11484,-0.12950,0.54978,31.2528475,75.7050354,0.970,343.50
203.669,-0.22027,4.68306,10.13705,-0.22724,0.20159,0.53390,31.2528475,75.7050354,0.970,343.50
203.774,-1.04866,2.39420,10.75475,-0.26145,0.56077,0.99938,31.2528475,75.7050354,0.970,343.50
203.879,-0.67516,2.83952,8.50420,0.00122,0.80023,0.96272,31.2528475,75.7050354,0.970,343.50
203.982,0.98162,3.10289,8.73884,-0.17837,-0.06597,0.66218,31.2528559,75.7050343,0.940,334.00
204.085,0.98641,4.04141,8.28873,0.04154,0.41783,0.30665,31.2528559,75.7050343,0.940,334.00
204.187,0.18196,4.96079,9.35654,0.06353,0.07086,-0.00244,31.2528559,75.7050343,0.940,334.00
204.292,1.72383,4.10366,12.03326,-0.75992,-0.28588,0.40317,31.2528559,75.7050343,0.940,334.00
204.396,0.86670,2.05422,8.03494,0.92485,-0.74403,-0.48869,31.2528559,75.7050343,0.940,334.00
204.500,0.30167,1.40779,9.54808,0.33598,0.92607,0.26878,31.2528559,75.7050343,0.940,334.00
204.605,0.72784,3.12683,7.96790,-0.06475,-0.92974,-0.28466,31.2528559,75.7050343,0.940,334.00
204.708,0.00000,3.51469,8.80109,0.13683,-0.06964,0.23702,31.2528559,75.7050343,0.940,334.00
204.813,0.08140,3.98874,10.16099,0.14416,0.09774,0.47770,31.2528559,75.7050343,0.940,334.00
204.918,0.29688,2.73418,11.89439,-0.51679,0.69639,0.97372,31.2528559,75.7050343,0.940,334.00
205.024,-1.10612,3.94564,6.52659,0.42761,0.09896,0.27367,31.2528623,75.7050306,0.820,331.20
205.126,-0.78051,3.16992,8.09240,-0.42394,0.68050,1.37445,31.2528623,75.7050306,0.820,331.20
205.228,0.81403,3.32315,8.24084,-0.07330,0.27000,0.98960,31.2528623,75.7050306,0.820,331.20
205.334,1.58496,4.14676,8.93516,0.00244,0.17471,0.40561,31.2528623,75.7050306,0.820,331.20
205.441,2.76770,3.96001,13.28303,-0.82100,1.05680,0.35186,31.2528623,75.7050306,0.820,331.20
205.545,1.92015,1.54187,10.24239,0.47647,-0.96272,-1.03603,31.2528623,75.7050306,0.820,331.20
205.651,1.10133,2.10690,9.64863,0.87232,0.73548,-1.02137,31.2528623,75.7050306,0.820,331.20
205.757,1.74777,2.16436,7.35499,-0.03054,-1.34513,-0.88942,31.2528623,75.7050306,0.820,331.20
205.858,0.35913,3.12204,8.73405,0.46670,-0.29566,-0.98349,31.2528623,75.7050306,0.820,331.20
205.963,-0.76614,3.86903,10.62547,-0.02199,-0.45204,-0.10996,31.2528680,75.7050259,0.910,315.00
206.066,-1.69509,4.63517,8.16902,-0.25779,0.59254,0.43127,31.2528680,75.7050259,0.910,315.00
206.170,-2.05422,2.60968,11.68370,-0.13806,0.06597,0.03176,31.2528680,75.7050259,0.910,315.00
206.273,-1.21147,2.78206,7.53695,-0.05986,0.50824,0.73182,31.2528680,75.7050259,0.910,315.00
206.377,-0.13408,2.45166,7.14430,0.11362,0.05986,1.12888,31.2528680,75.7050259,0.910,315.00
206.482,1.34075,3.38540,8.17380,-0.58765,0.41172,0.80512,31.2528680,75.7050259,0.910,315.00
206.586,0.63686,5.43005,9.35654,-0.01588,0.35186,-0.16982,31.2528680,75.7050259,0.910,315.00
206.691,3.06937,4.00311,9.67257,-0.75747,-0.92241,0.29566,31.2528680,75.7050259,0.910,315.00
206.794,2.41814,0.86670,13.48893,0.19670,-0.16493,-0.33964,31.2528680,75.7050259,0.910,315.00
206.900,1.33118,2.18830,9.06924,0.85399,0.11973,-0.92118,31.2528680,75.7050259,0.910,315.00
207.003,0.59855,1.90578,7.20655,0.14905,-1.14354,-0.87842,31.2528730,75.7050199,0.980,305.20
207.106,0.04310,3.39498,7.01022,-0.01466,-0.65607,-0.74159,31.2528730,75.7050199,0.980,305.20
207.210,0.12450,4.30956,9.80186,0.18326,0.06353,0.19303,31.2528730,75.7050199,0.980,305.20
207.313,0.09577,3.72538,12.01889,-0.84299,0.53145,1.12399,31.2528730,75.7050199,0.980,305.20
207.417,0.24421,2.14520,10.29986,0.18937,-0.15027,0.39462,31.2528730,75.7050199,0.980,305.20
207.521,-0.07661,3.07894,6.78517,0.40806,1.08978,1.43187,31.2528730,75.7050199,0.980,305.20
207.623,2.41814,2.63841,7.26880,0.19670,0.10751,1.15698,31.2528730,75.7050199,0.980,305.20
207.728,3.21781,4.16112,7.84340,0.34453,0.32009,0.02810,31.2528730,75.7050199,0.980,305.20
207.829,3.84988,4.76925,10.55843,-0.70616,-0.71960,-0.48625,31.2528730,75.7050199,0.980,305.20
207.932,2.22182,1.93930,12.87602,0.16005,-0.08674,-1.00060,31.2528771,75.7050113,0.950,296.00
208.036,2.23140,2.47560,8.26000,0.12095,0.15638,-1.29381,31.2528771,75.7050113,0.950,296.00
208.140,1.19710,2.33674,7.26880,0.45815,-0.36652,-1.33291,31.2528771,75.7050113,0.950,296.00
208.244,-0.11971,3.49075,8.11156,0.19792,-0.52168,-0.65729,31.2528771,75.7050113,0.950,296.00
208.348,-0.86670,4.53462,9.48104,-0.51924,-0.39584,0.29810,31.2528771,75.7050113,0.950,296.00
208.452,-0.54109,3.58173,12.94305,-0.70860,0.88087,0.79168,31.2528771,75.7050113,0.950,296.00
208.554,-1.53229,3.27527,7.05811,0.16738,-0.78435,-0.04765,31.2528771,75.7050113,0.950,296.00
208.662,0.16281,2.74376,7.61835,0.06475,0.93585,1.32313,31.2528771,75.7050113,0.950,296.00
208.767,1.40300,2.99754,8.50899,0.14783,0.48381,1.25960,31.2528771,75.7050113,0.950,296.00
208.873,2.15478,4.30477,8.26478,-0.09407,0.21869,0.55344,31.2528771,75.7050113,0.950,296.00
208.977,4.19464,6.17704,11.75553,-0.64752,0.82711,0.21625,31.2528815,75.7050023,1.010,293.40
209.080,-0.20111,1.71904,15.84962,1.42209,1.73974,-0.78557,31.2528815,75.7050023,1.010,293.40
209.182,-1.09176,3.03585,5.62637,0.94684,-1.19607,-0.86621,31.2528815,75.7050023,1.010,293.40
209.287,-1.48441,3.51469,6.62236,0.34819,-0.34208,-0.32498,31.2528815,75.7050023,1.010,293.40
209.390,-1.39343,4.97515,6.59363,0.43005,-0.44593,0.00122,31.2528815,75.7050023,1.010,293.40
209.494,-0.74220,5.81312,8.29830,0.07819,0.38362,0.27855,31.2528815,75.7050023,1.010,293.40
209.597,-2.20745,5.55455,8.67659,-0.87842,0.21869,0.21380,31.2528815,75.7050023,1.010,293.40
209.701,-3.20344,3.12204,7.31189,-0.08308,0.41294,0.22602,31.2528815,75.7050023,1.010,293.40
209.805,-3.49075,2.93529,6.93840,-1.12888,0.56810,0.95295,31.2528815,75.7050023,1.010,293.40
209.907,-1.41737,3.04542,7.81946,-1.20951,0.59743,1.10200,31.2528815,75.7050023,1.010,293.40
210.013,-1.06303,4.08930,11.40119,-1.05313,1.86558,1.11177,31.2528860,75.7049944,1.050,290.40
210.117,-0.92895,4.21858,14.38436,-0.12462,0.35675,0.41905,31.2528860,75.7049944,1.050,290.40
210.223,-0.98641,2.71502,13.72356,0.35308,-0.81001,-0.46426,31.2528860,75.7049944,1.050,290.40
210.327,-0.89064,2.27928,8.50420,1.70676,-0.44715,-1.18997,31.2528860,75.7049944,1.050,290.40
210.432,-2.20745,1.65679,8.79151,1.16797,-0.32865,-0.56322,31.2528860,75.7049944,1.050,290.40
210.534,-2.26970,2.79164,6.41646,0.21991,-1.88635,-0.52046,31.2528860,75.7049944,1.050,290.40
210.637,-1.81002,4.16591,6.95755,-0.12584,-0.32132,-0.09041,31.2528860,75.7049944,1.050,290.40
210.739,-3.58651,5.24809,8.06367,-1.02137,0.68173,0.21014,31.2528860,75.7049944,1.050,290.40
210.843,-3.84988,3.66313,10.33816,-0.34208,0.56933,0.22480,31.2528860,75.7049944,1.050,290.40
210.946,-2.71981,3.39498,7.46033,0.00367,0.66706,1.04336,31.2528888,75.7049858,0.990,285.00
211.049,-0.99120,3.21302,7.57047,0.08796,0.50213,1.20463,31.2528888,75.7049858,0.990,285.00
211.151,-0.49321,4.19464,8.61434,-0.07941,0.28222,0.74403,31.2528888,75.7049858,0.990,285.00
211.255,-0.12929,5.72693,10.01734,-0.07941,-0.27855,-0.33842,31.2528888,75.7049858,0.990,285.00
211.359,-1.66636,3.34231,13.26388,0.73426,0.17959,-0.76603,31.2528888,75.7049858,0.990,285.00
211.463,-0.00958,3.82115,7.46033,0.37507,-1.27549,-1.28282,31.2528888,75.7049858,0.990,285.00
211.568,-1.55623,3.43807,7.61835,0.47892,0.51068,-0.70983,31.2528888,75.7049858,0.990,285.00
211.672,-1.20668,3.71101,7.53695,0.05498,-1.04947,-0.50213,31.2528888,75.7049858,0.990,285.00
211.776,-3.26090,5.18105,9.60075,-0.11729,0.08063,0.01833,31.2528888,75.7049858,0.990,285.00
211.879,-3.97916,4.54419,10.94629,-1.05680,-0.50091,0.50946,31.2528888,75.7049858,0.990,285.00
211.981,-3.12683,2.47560,8.59040,-0.03543,-0.51679,0.30299,31.2528899,75.7049758,1.020,277.30
212.083,-1.90100,2.70066,6.21535,-0.35430,0.46792,1.23395,31.2528899,75.7049758,1.020,277.30
212.186,0.13408,2.74376,6.87136,-0.23335,0.59620,1.43065,31.2528899,75.7049758,1.020,277.30
212.289,0.87149,3.93128,8.83939,-0.34819,0.72082,1.08612,31.2528899,75.7049758,1.020,277.30
212.394,2.76291,5.43484,11.28627,-0.32132,-0.40073,-0.29077,31.2528899,75.7049758,1.020,277.30
212.497,1.31681,1.16837,13.89116,0.39706,0.11606,-1.21318,31.2528899,75.7049758,1.020,277.30
212.599,0.77572,1.36469,9.04051,0.78557,-0.45571,-1.81793,31.2528899,75.7049758,1.020,277.30
212.702,-0.60334,0.80445,6.88572,0.76236,-0.92118,-1.48929,31.2528899,75.7049758,1.020,277.30
212.808,-1.14443,2.05901,7.51779,0.10263,-0.82345,-0.88575,31.2528899,75.7049758,1.020,277.30
212.915,-1.14922,2.64799,10.10832,-0.62064,-0.62919,0.11240,31.2528899,75.7049758,1.020,277.30
213.019,-1.63285,2.58574,12.71800,-1.38666,-0.28588,0.29322,31.2528914,75.7049650,1.050,276.40
213.122,-2.04944,2.28407,9.40921,0.82955,0.00733,-0.27245,31.2528914,75.7049650,1.050,276.40
213.227,-0.70868,2.70545,8.13550,0.71227,0.65240,0.92607,31.2528914,75.7049650,1.050,276.40
213.331,1.85790,3.77326,6.17704,0.18204,-0.39095,0.86865,31.2528914,75.7049650,1.050,276.40
213.436,2.11647,4.25689,8.30788,0.17837,0.96395,0.15638,31.2528914,75.7049650,1.050,276.40
213.540,4.22337,3.79242,14.16889,-1.38300,0.33109,0.63408,31.2528914,75.7049650,1.050,276.40
213.642,3.12683,-0.41180,9.82102,1.66888,1.45997,-1.20463,31.2528914,75.7049650,1.050,276.40
213.747,-1.04387,2.12605,6.00945,-0.28588,1.70309,-0.61209,31.2528914,75.7049650,1.050,276.40
213.851,-0.98641,1.80044,6.39731,-0.67928,-1.62490,-0.62064,31.2528914,75.7049650,1.050,276.40
213.955,-2.06380,3.64398,9.93594,-0.64141,1.42454,0.33720,31.2528938,75.7049547,1.020,278.90
214.058,-1.89142,3.98874,11.14261,0.46670,0.05742,0.35552,31.2528938,75.7049547,1.020,278.90
214.161,-0.69911,2.71981,11.97101,1.36834,0.12950,-0.16982,31.2528938,75.7049547,1.020,278.90
214.268,0.27294,2.79164,8.63349,0.91874,-1.15331,-1.66888,31.2528938,75.7049547,1.020,278.90
214.372,-2.14042,2.94008,4.48673,0.36530,0.81123,-0.59743,31.2528938,75.7049547,1.020,278.90
214.476,1.21147,6.34942,6.90009,0.92241,-1.24006,1.46852,31.2528938,75.7049547,1.020,278.90
214.579,-0.80445,6.17704,8.20732,-0.88575,0.59620,-0.92729,31.2528938,75.7049547,1.020,278.90
214.683,-0.00958,4.91769,11.72680,-0.24068,-0.79535,0.07086,31.2528938,75.7049547,1.020,278.90
214.789,1.29287,4.63996,8.24084,0.32009,-0.50824,-0.35186,31.2528938,75.7049547,1.020,278.90
214.893,0.20590,4.75967,6.25844,0.38607,-0.16371,-0.56200,31.2528938,75.7049547,1.020,278.90
214.996,-0.26815,5.78439,7.44597,0.21625,-0.63530,-0.09407,31.2528947,75.7049433,1.090,285.60
215.098,0.79966,7.35978,8.35098,0.05986,-0.36041,-0.28955,31.2528947,75.7049433,1.090,285.60
215.202,0.76614,7.93438,7.23049,-0.11851,0.01955,-0.42516,31.2528947,75.7049433,1.090,285.60
215.305,-1.51792,4.33829,7.85777,0.19914,0.50091,-0.40806,31.2528947,75.7049433,1.090,285.60
215.410,-0.88585,4.49631,7.33583,-0.22724,-0.66462,-0.38362,31.2528947,75.7049433,1.090,285.60
215.515,0.28252,5.93283,7.07726,0.30299,-0.03421,0.37141,31.2528947,75.7049433,1.090,285.60
215.620,0.22027,7.28316,7.90565,0.34208,0.15516,-0.45448,31.2528947,75.7049433,1.090,285.60
215.724,-1.02951,8.73884,9.08360,0.46548,-0.15149,-0.75136,31.2528947,75.7049433,1.090,285.60
215.828,2.16436,4.33351,12.28226,-0.00733,-0.32620,-0.20281,31.2528947,75.7049433,1.090,285.60
215.931,0.62728,5.54976,4.31914,0.14661,-0.50824,-0.18204,31.2528986,75.7049338,1.070,288.80
216.033,-0.72305,6.07170,4.50589,0.18448,-0.28100,-0.50580,31.2528986,75.7049338,1.070,288.80
216.135,-2.16436,7.88171,6.46913,-0.21869,-0.21991,-0.42028,31.2528986,75.7049338,1.070,288.80
216.240,-2.86347,8.18817,7.69018,0.43005,0.08674,0.30055,31.2528986,75.7049338,1.070,288.80
216.343,1.94888,9.57681,6.77559,-0.31032,-1.11177,0.01222,31.2528986,75.7049338,1.070,288.80
216.444,0.46448,5.46836,7.63750,-0.27245,0.32376,-0.71105,31.2528986,75.7049338,1.070,288.80
216.548,-4.31435,3.78763,6.81390,-0.97861,1.05191,0.38240,31.2528986,75.7049338,1.070,288.80
216.653,0.64165,6.87136,6.45956,0.78435,-0.63652,1.12644,31.2528986,75.7049338,1.070,288.80
216.755,-0.67516,9.18895,6.16268,0.03787,0.42516,-0.40317,31.2528986,75.7049338,1.070,288.80
216.859,-0.43574,8.93516,8.94953,0.06109,-0.72815,0.59620,31.2528986,75.7049338,1.070,288.80
216.962,2.61926,5.19542,9.72525,0.24312,-0.31154,0.17471,31.2529017,75.7049231,1.010,288.10
217.065,0.65122,7.01501,3.83072,-0.01466,-0.20525,-0.16127,31.2529017,75.7049231,1.010,288.10
217.167,-0.60334,6.36379,5.31513,-0.29932,-0.02077,-0.18204,31.2529017,75.7049231,1.010,288.10
217.271,0.26336,7.99663,6.15310,0.01955,-0.10140,0.02321,31.2529017,75.7049231,1.010,288.10
217.374,-0.17717,9.91678,7.64708,0.50702,0.30421,0.36285,31.2529017,75.7049231,1.010,288.10
217.477,1.23541,8.62391,7.55610,-0.21502,-0.10507,-0.23946,31.2529017,75.7049231,1.010,288.10
217.582,-1.46046,4.53941,5.44441,-0.24923,0.10873,-0.21380,31.2529017,75.7049231,1.010,288.10
217.686,-0.42138,6.15310,3.81157,-0.37751,0.48991,0.52168,31.2529017,75.7049231,1.010,288.10
217.792,0.72784,8.20253,6.79474,0.09285,-0.21258,0.08186,31.2529017,75.7049231,1.010,288.10
217.896,-1.96803,9.05008,6.66067,0.09529,0.33353,-0.36896,31.2529017,75.7049231,1.010,288.10
217.998,1.35512,9.16979,8.24563,-1.12399,-1.13865,0.26512,31.2529051,75.7049128,1.110,287.90
218.102,1.03908,6.18183,6.29675,0.66951,1.52838,-0.79168,31.2529051,75.7049128,1.110,287.90
218.206,0.11013,5.85143,4.66869,0.71471,-0.23335,-0.28222,31.2529051,75.7049128,1.110,287.90
218.311,-0.84276,7.31668,3.22260,0.26389,0.38607,-0.46792,31.2529051,75.7049128,1.110,287.90
218.416,-2.11169,8.08761,6.30633,-0.16860,0.22846,-0.66584,31.2529051,75.7049128,1.110,287.90
218.520,-2.99754,10.43872,6.09085,0.29322,-0.34819,0.67562,31.2529051,75.7049128,1.110,287.90
218.624,-2.95444,6.17704,7.61835,-0.40928,0.84177,-0.72326,31.2529051,75.7049128,1.110,287.90
218.729,-4.22337,4.60166,5.97593,0.19426,0.09529,0.26267,31.2529051,75.7049128,1.110,287.90
218.833,-1.44131,6.67503,4.31914,-0.09774,-0.42638,0.88820,31.2529051,75.7049128,1.110,287.90
218.938,-0.67995,9.60075,5.80833,0.24801,0.10629,-0.32865,31.2529085,75.7049014,1.170,289.60
219.040,-3.47159,10.29028,6.52659,-0.08186,0.69516,0.48991,31.2529085,75.7049014,1.170,289.60
219.143,-0.05267,5.74608,11.48259,0.24312,-1.98043,-0.04154,31.2529085,75.7049014,1.170,289.60
219.246,-0.18196,6.57927,2.49955,-0.10751,0.41050,0.24923,31.2529085,75.7049014,1.170,289.60
219.350,-0.16759,7.15866,2.82995,0.02566,-0.25656,0.29810,31.2529085,75.7049014,1.170,289.60
219.456,-0.69432,8.80109,4.69264,-0.14539,-0.24312,-0.00611,31.2529085,75.7049014,1.170,289.60
219.559,-0.10056,9.54329,7.52737,0.40073,0.17349,-0.05498,31.2529085,75.7049014,1.170,289.60
219.663,-2.97839,7.14430,7.72848,-0.31154,0.31765,-0.35308,31.2529085,75.7049014,1.170,289.60
219.767,-1.10133,6.56490,6.80911,-0.63286,-0.70738,0.00855,31.2529085,75.7049014,1.170,289.60
219.876,-0.88107,5.60722,3.53863,-0.46426,0.35430,0.26512,31.2529085,75.7049014,1.170,289.60
219.981,-0.77572,7.96311,5.37259,0.61697,-0.39706,0.27122,31.2529116,75.7048899,1.170,285.60
220.085,-0.69911,10.00297,7.65187,-0.29444,-0.48503,-0.33353,31.2529116,75.7048899,1.170,285.60
220.191,0.28252,8.65265,8.00621,-0.84544,-1.76662,0.11606,31.2529116,75.7048899,1.170,285.60
220.296,1.83396,6.68461,4.50110,0.19548,1.02014,0.44349,31.2529116,75.7048899,1.170,285.60
220.400,0.48842,5.64074,6.29196,0.16860,-0.30299,-0.14416,31.2529116,75.7048899,1.170,285.60
220.505,0.25379,8.54730,4.86502,-0.05376,-0.14539,-0.09163,31.2529116,75.7048899,1.170,285.60
220.607,0.17717,9.15064,6.40688,0.06842,0.21991,-0.29444,31.2529116,75.7048899,1.170,285.60
220.711,0.27294,10.37168,2.58574,0.04887,0.78191,-1.25105,31.2529116,75.7048899,1.170,285.60
220.816,-4.71179,4.81235,9.09797,-0.48625,0.37996,-0.45082,31.2529116,75.7048899,1.170,285.60
220.919,0.50757,5.46836,8.31267,0.52779,-1.08978,0.66462,31.2529116,75.7048899,1.170,285.60
221.020,0.10056,6.05733,5.31513,0.55467,-0.67317,0.21625,31.2529151,75.7048778,1.210,286.40
221.125,0.67038,8.35098,6.36858,0.67684,0.11484,0.13195,31.2529151,75.7048778,1.210,286.40
221.229,-1.07739,8.52336,6.72292,-0.11118,0.55589,0.24679,31.2529151,75.7048778,1.210,286.40
221.333,0.29688,6.39731,10.55364,-0.51924,-0.46059,0.21136,31.2529151,75.7048778,1.210,286.40
221.438,1.33118,8.73405,3.88818,-0.03299,-0.06109,0.14783,31.2529151,75.7048778,1.210,286.40
221.542,-0.41659,7.10599,4.01268,0.32009,0.10018,-0.43249,31.2529151,75.7048778,1.210,286.40
221.645,-0.65122,8.18817,3.28963,0.42883,0.31521,-0.00733,31.2529151,75.7048778,1.210,286.40
221.748,-0.23463,9.26556,6.51223,-0.08919,0.36163,0.22358,31.2529151,75.7048778,1.210,286.40
221.851,1.78607,9.33739,6.87136,-0.16249,-0.00977,0.01710,31.2529151,75.7048778,1.210,286.40
221.953,-0.65122,6.69419,7.45076,-0.52534,-0.67684,-0.43860,31.2529176,75.7048661,1.130,282.20
222.055,0.32082,8.05409,5.48751,-0.06231,-0.11240,0.28344,31.2529176,75.7048661,1.130,282.20
222.158,-0.23463,7.85298,5.65989,0.39706,-0.34331,-0.63897,31.2529176,75.7048661,1.130,282.20
222.263,-1.59454,8.65265,5.91368,0.39340,0.15149,-0.85521,31.2529176,75.7048661,1.130,282.20
222.364,-2.70066,8.37971,4.11324,-0.44471,-0.31154,0.78679,31.2529176,75.7048661,1.130,282.20
222.467,1.23541,7.65187,4.23774,0.59254,-0.62675,0.55344,31.2529176,75.7048661,1.130,282.20
222.571,0.22984,7.35978,2.83952,0.05986,0.27733,-0.02932,31.2529176,75.7048661,1.130,282.20
222.676,0.15323,9.00220,2.56180,0.14172,-0.35797,-0.03665,31.2529176,75.7048661,1.130,282.20
222.781,0.43096,10.16099,4.73573,0.16127,-0.14539,0.19670,31.2529176,75.7048661,1.130,282.20
222.885,-0.19154,11.59751,3.87861,0.54856,1.00671,-0.41905,31.2529176,75.7048661,1.130,282.20
222.989,-2.37984,7.10120,4.99909,0.36285,0.41172,-0.35430,31.2529198,75.7048542,1.140,283.30
223.092,-1.53229,5.84664,3.91213,-0.18570,0.04032,0.19914,31.2529198,75.7048542,1.140,283.30
223.196,-1.47483,6.91924,1.51314,-0.71593,0.10140,0.59743,31.2529198,75.7048542,1.140,283.30
223.300,-1.45567,8.99741,5.98072,-0.23335,-0.13683,0.42761,31.2529198,75.7048542,1.140,283.30
223.405,0.02394,9.59117,8.66222,0.07086,-0.32132,0.91019,31.2529198,75.7048542,1.140,283.30
223.508,4.90333,7.59441,7.26880,0.40684,-1.40743,-0.18204,31.2529198,75.7048542,1.140,283.30
223.613,2.00634,5.98072,4.41491,-0.47525,0.51435,-0.20525,31.2529198,75.7048542,1.140,283.30
223.716,1.52750,6.88572,3.28006,-0.21747,-0.10263,-0.02810,31.2529198,75.7048542,1.140,283.30
223.820,0.70390,8.84897,3.99832,-0.27611,-0.91019,0.16005,31.2529198,75.7048542,1.140,283.30
223.923,2.94487,10.09874,8.34619,-0.22113,-0.75381,0.07697,31.2529198,75.7048542,1.140,283.30
224.025,1.37906,9.95509,6.59842,-0.86621,0.70494,-0.39706,31.2529225,75.7048423,1.250,281.80
224.129,0.93374,6.60321,7.62793,-0.12462,0.62553,0.19548,31.2529225,75.7048423,1.250,281.80
224.233,0.30167,5.02782,3.94086,0.44593,0.78435,0.40684,31.2529225,75.7048423,1.250,281.80
224.336,0.45490,6.96713,5.37738,0.22724,-0.20403,0.38240,31.2529225,75.7048423,1.250,281.80
224.443,2.63841,9.23683,7.75243,0.01588,-0.34819,0.08308,31.2529225,75.7048423,1.250,281.80
224.548,2.18830,9.63427,6.48829,-0.47403,-0.29932,0.07453,31.2529225,75.7048423,1.250,281.80
224.653,2.76770,6.06212,2.33195,1.16920,0.73548,-0.04032,31.2529225,75.7048423,1.250,281.80
224.757,1.48441,5.42047,4.54898,-0.13561,-0.24190,-0.33964,31.2529225,75.7048423,1.250,281.80
224.863,1.15401,8.08282,3.62482,-0.00489,-0.75381,-0.08552,31.2529225,75.7048423,1.250,281.80
224.966,1.94409,9.85453,6.42604,-0.13439,-0.19426,0.11484,31.2529257,75.7048289,1.180,280.20
225.069,-0.00479,11.05642,4.90333,-0.29077,0.42028,0.15516,31.2529257,75.7048289,1.180,280.20
225.172,0.27773,7.24485,6.00466,0.26756,1.01892,0.15272,31.2529257,75.7048289,1.180,280.20
225.277,0.93374,6.18183,5.06134,0.31032,0.41661,0.01833,31.2529257,75.7048289,1.180,280.20
225.382,-0.01915,6.49307,3.87861,0.24557,0.38973,0.23091,31.2529257,75.7048289,1.180,280.20
225.488,1.18274,8.58082,5.77481,0.14416,-0.38485,0.41905,31.2529257,75.7048289,1.180,280.20
225.590,1.96803,10.18493,6.83784,-0.15638,0.14416,-0.03176,31.2529257,75.7048289,1.180,280.20
225.693,5.19063,6.74207,11.30063,0.14661,-0.80023,-0.10140,31.2529257,75.7048289,1.180,280.20
225.796,2.02549,6.90488,2.05901,-0.54000,0.14294,-0.09529,31.2529257,75.7048289,1.180,280.20
225.901,0.76136,6.90009,3.86903,-0.21380,-0.34819,-0.10507,31.2529257,75.7048289,1.180,280.20
226.005,0.81403,8.70053,5.20021,-0.29810,-0.64752,-0.19914,31.2529276,75.7048166,1.170,279.40
226.107,0.81882,9.57681,7.16345,0.26145,0.11973,0.05376,31.2529276,75.7048166,1.170,279.40
226.213,2.29843,10.17057,5.49230,-0.13195,-0.44838,0.18204,31.2529276,75.7048166,1.170,279.40
226.317,-0.03831,7.24964,5.10444,0.09774,1.39766,-0.01710,31.2529276,75.7048166,1.170,279.40
226.422,-0.05746,5.77960,4.26647,0.29688,0.83200,0.07697,31.2529276,75.7048166,1.170,279.40
226.525,0.59855,7.06768,4.47716,0.32742,0.07208,0.33109,31.2529276,75.7048166,1.170,279.40
226.628,1.37906,9.06445,5.33428,0.06475,-0.14661,0.05742,31.2529276,75.7048166,1.170,279.40
226.732,1.90578,10.98460,5.46836,-0.54367,0.14172,-0.16738,31.2529276,75.7048166,1.170,279.40
226.834,1.26893,5.93762,5.80354,0.35919,0.84055,-0.15760,31.2529276,75.7048166,1.170,279.40
226.935,1.29766,5.50188,5.28640,-0.86987,-0.71960,-0.37996,31.2529289,75.7048048,1.160,274.00
227.037,0.99120,7.72369,3.35188,0.03787,-0.53756,-0.18326,31.2529289,75.7048048,1.160,274.00
227.140,-0.61770,8.76278,6.43083,-0.55711,-0.28100,-0.08552,31.2529289,75.7048048,1.160,274.00
227.244,0.51236,9.83059,9.46667,0.44227,-0.56200,-0.10751,31.2529289,75.7048048,1.160,274.00
227.347,0.77572,7.54652,8.62870,-0.88698,0.05009,-0.30299,31.2529289,75.7048048,1.160,274.00
227.451,-0.30646,6.56490,5.58328,0.18082,0.41661,0.45326,31.2529289,75.7048048,1.160,274.00
227.553,-0.01437,5.39653,5.07092,-0.09163,0.41050,0.23457,31.2529289,75.7048048,1.160,274.00
227.655,0.33040,6.90488,5.69341,0.30788,-0.15638,0.23091,31.2529289,75.7048048,1.160,274.00
227.762,1.41258,8.19775,7.39808,0.09407,-0.39218,0.05009,31.2529289,75.7048048,1.160,274.00
227.865,0.15802,9.53850,6.22014,-0.32620,0.30299,0.30543,31.2529289,75.7048048,1.160,274.00
227.971,3.01191,4.43885,9.46667,0.52534,0.71227,0.18937,31.2529285,75.7047925,1.170,271.00
228.074,2.90656,6.05254,4.43885,-0.31643,-0.68295,-0.20159,31.2529285,75.7047925,1.170,271.00
228.177,1.45567,7.53216,3.72538,0.00855,-0.25290,-0.30177,31.2529285,75.7047925,1.170,271.00
228.282,0.85712,8.87770,6.41646,-0.07941,-0.34331,-0.06475,31.2529285,75.7047925,1.170,271.00
228.386,1.96803,10.29507,8.53772,0.42028,-0.22969,-0.12095,31.2529285,75.7047925,1.170,271.00
228.488,0.06225,6.14352,10.03170,-0.08919,0.20159,-0.34453,31.2529285,75.7047925,1.170,271.00
228.596,0.58897,5.40132,8.04931,-0.07086,-0.71471,0.00855,31.2529285,75.7047925,1.170,271.00
228.699,0.45969,5.80354,4.20422,-0.06109,0.72326,0.39218,31.2529285,75.7047925,1.170,271.00
228.802,1.23541,7.43639,7.68060,-0.02566,-0.03787,0.13561,31.2529285,75.7047925,1.170,271.00
228.908,2.59531,9.22725,8.37013,0.29688,-0.45571,-0.05376,31.2529285,75.7047925,1.170,271.00
229.011,3.64398,7.23528,9.40921,-1.17164,-0.62675,-0.43127,31.2529283,75.7047792,1.160,269.10
229.113,2.44209,6.08127,2.33674,0.84177,0.67195,0.40806,31.2529283,75.7047792,1.160,269.10
229.217,2.27928,5.88495,5.41568,-0.46670,-0.09163,-0.40561,31.2529283,75.7047792,1.160,269.10
229.321,0.31125,7.99663,5.10444,-0.13806,-0.44471,-0.32620,31.2529283,75.7047792,1.160,269.10
229.425,0.24900,8.78193,8.94953,0.04765,-0.07941,-0.07208,31.2529283,75.7047792,1.160,269.10
229.528,-0.24421,9.25119,7.64708,-0.50091,-0.19792,0.06842,31.2529283,75.7047792,1.160,269.10
229.631,-1.13964,5.77481,6.81390,0.38973,1.28893,0.52779,31.2529283,75.7047792,1.160,269.10
229.735,0.77093,5.35344,5.41568,0.45693,0.41050,0.52779,31.2529283,75.7047792,1.160,269.10
229.841,0.60334,6.76123,5.31034,0.17349,0.47892,0.37263,31.2529283,75.7047792,1.160,269.10
229.945,1.19231,8.45632,6.61757,0.10996,0.20525,0.35675,31.2529292,75.7047682,1.110,268.40
230.047,1.83396,8.71968,8.13550,-0.09407,0.00489,0.30421,31.2529292,75.7047682,1.110,268.40
230.150,3.98874,5.87537,11.28148,-0.66218,-0.94073,-0.11240,31.2529292,75.7047682,1.110,268.40
230.253,1.86269,6.64630,3.14598,-0.13195,0.06475,-0.20159,31.2529292,75.7047682,1.110,268.40
230.358,1.47004,5.99987,5.57849,-0.12828,-0.31643,-0.23213,31.2529292,75.7047682,1.110,268.40
230.465,0.49321,7.50822,6.25844,-0.09285,-0.44593,-0.19792,31.2529292,75.7047682,1.110,268.40
230.568,1.35512,9.50977,8.07325,0.19670,-0.43616,0.10385,31.2529292,75.7047682,1.110,268.40
230.672,1.95367,9.36133,6.88094,-0.66951,0.04765,-0.19059,31.2529292,75.7047682,1.110,268.40
230.776,-0.22984,5.89452,6.68940,0.59132,0.95295,0.25779,31.2529292,75.7047682,1.110,268.40
230.881,0.60334,4.38618,4.31435,0.39828,0.43860,0.27000,31.2529292,75.7047682,1.110,268.40
230.983,1.86748,7.29274,4.31914,0.06353,-0.21136,0.46426,31.2529286,75.7047553,1.120,267.40
231.087,3.11725,9.15543,7.91044,-0.20159,-0.40684,0.01466,31.2529286,75.7047553,1.120,267.40
231.192,2.21703,10.36211,7.18261,0.09163,0.22235,-0.18082,31.2529286,75.7047553,1.120,267.40
231.296,3.41892,4.54898,10.30943,0.29932,-0.02199,-0.47403,31.2529286,75.7047553,1.120,267.40
231.403,1.20189,5.98072,2.06380,-0.56322,-0.18326,-0.22724,31.2529286,75.7047553,1.120,267.40
231.508,0.82361,7.15387,4.64954,-0.44960,-0.20403,-0.18937,31.2529286,75.7047553,1.120,267.40
231.612,0.89543,8.67180,6.47392,-0.07330,-0.09041,-0.09041,31.2529286,75.7047553,1.120,267.40
231.719,1.27850,9.54329,7.05811,0.68783,0.32865,0.09041,31.2529286,75.7047553,1.120,267.40
231.823,0.37828,5.93283,10.42914,-0.06475,0.17349,-0.15516,31.2529286,75.7047553,1.120,267.40
231.927,1.85790,6.94318,5.47315,0.23335,-0.01344,-0.03787,31.2529292,75.7047438,1.090,267.20
232.029,0.01437,6.31590,5.07571,-0.41294,0.78435,-0.77580,31.2529292,75.7047438,1.090,267.20
232.131,-2.09732,6.06691,5.79876,0.47403,0.10873,-0.16005,31.2529292,75.7047438,1.090,267.20
232.235,-1.01514,8.78193,6.51223,0.35186,-0.23213,-0.03910,31.2529292,75.7047438,1.090,267.20
232.340,-1.47962,10.15620,6.68461,-0.08796,0.25290,0.13683,31.2529292,75.7047438,1.090,267.20
232.444,2.64320,5.91847,7.24485,0.67440,0.29444,-0.05498,31.2529292,75.7047438,1.090,267.20
232.549,0.24421,5.80354,4.85065,-0.64630,-0.59498,-0.10140,31.2529292,75.7047438,1.090,267.20
232.653,-1.56581,6.07170,6.14831,-0.40806,0.10385,-0.04520,31.2529292,75.7047438,1.090,267.20
232.757,-1.55623,7.66145,6.55532,-0.31398,-0.32742,0.91874,31.2529292,75.7047438,1.090,267.20
232.861,0.79966,8.71968,9.03093,-0.03421,0.65729,0.69394,31.2529292,75.7047438,1.090,267.20
232.966,0.65122,4.80756,10.97502,-0.55589,0.16127,0.57055,31.2529284,75.7047310,1.200,265.20
233.068,1.62806,5.09007,7.03416,-0.01344,0.25290,0.14783,31.2529284,75.7047310,1.200,265.20
233.171,-1.03908,4.34308,4.29520,-0.85032,0.45204,0.32987,31.2529284,75.7047310,1.200,265.20
233.274,-0.17717,6.01902,8.64307,-1.13377,0.35308,0.67440,31.2529284,75.7047310,1.200,265.20
233.379,1.54187,5.63116,13.05798,-0.45571,0.21625,-0.00122,31.2529284,75.7047310,1.200,265.20
233.483,0.71347,5.23851,7.92002,-0.79046,-0.75503,0.13806,31.2529284,75.7047310,1.200,265.20
233.586,1.39343,3.28963,5.47315,1.37567,0.21502,0.19548,31.2529284,75.7047310,1.200,265.20
233.690,1.90100,3.90255,7.31189,-0.78435,-0.39462,-0.27000,31.2529284,75.7047310,1.200,265.20
233.794,-0.78051,4.94163,6.21056,0.01100,-1.38911,-0.17349,31.2529284,75.7047310,1.200,265.20
233.897,1.81959,5.92325,10.75954,-0.05986,-0.49847,0.88698,31.2529284,75.7047310,1.200,265.20
234.001,-1.80523,3.51469,8.65743,-1.24617,0.98227,1.83504,31.2529274,75.7047186,1.190,260.50
234.103,1.76692,0.60334,10.45308,0.16127,0.63530,0.40439,31.2529274,75.7047186,1.190,260.50
234.208,3.35667,1.09654,7.51779,-0.06231,-0.65607,0.39095,31.2529274,75.7047186,1.190,260.50
234.311,3.98874,2.13563,5.89452,0.01955,1.75807,0.20159,31.2529274,75.7047186,1.190,260.50
234.416,0.57461,2.86825,11.10431,-0.48503,0.65729,0.31521,31.2529274,75.7047186,1.190,260.50
234.521,4.32393,4.76925,12.15297,-0.30543,-0.87720,0.24435,31.2529274,75.7047186,1.190,260.50
234.623,4.85065,1.49877,12.31577,0.62919,0.62797,-0.34819,31.2529274,75.7047186,1.190,260.50
234.726,2.71981,1.77171,6.82347,0.37874,-0.30543,-0.92729,31.2529274,75.7047186,1.190,260.50
234.831,0.98641,1.01514,5.84185,0.43738,-0.66584,-0.73670,31.2529274,75.7047186,1.190,260.50
234.934,-0.03352,2.23618,8.13550,-0.00855,-0.03665,-0.16005,31.2529234,75.7047071,1.180,256.10
235.037,0.05267,2.65278,10.84095,-0.46914,0.02077,0.31643,31.2529234,75.7047071,1.180,256.10
235.139,2.76291,2.03028,15.91186,-1.53816,0.43249,1.47829,31.2529234,75.7047071,1.180,256.10
235.243,0.46926,1.87227,7.04374,0.75136,0.59498,-0.22724,31.2529234,75.7047071,1.180,256.10
235.348,0.17717,1.67594,6.12437,-0.27611,0.82955,0.97861,31.2529234,75.7047071,1.180,256.10
235.453,-0.07183,2.43251,9.35654,0.26145,0.61575,0.81489,31.2529234,75.7047071,1.180,256.10
235.558,2.39899,3.23217,11.29584,-0.34453,-0.43371,0.59743,31.2529234,75.7047071,1.180,256.10
235.662,4.83629,3.34231,15.51922,-0.72815,1.04824,0.54367,31.2529234,75.7047071,1.180,256.10
235.767,3.73495,0.88107,9.02614,1.15942,-1.45264,-1.27304,31.2529234,75.7047071,1.180,256.10
235.872,1.78129,0.50278,7.63272,1.18264,0.20647,-1.11177,31.2529234,75.7047071,1.180,256.10
235.976,0.71826,1.89621,6.75165,-0.02566,-0.78313,-0.57544,31.2529190,75.7046959,1.130,253.10
236.080,0.08619,2.51391,9.53850,0.18326,0.26389,-0.48503,31.2529190,75.7046959,1.130,253.10
236.185,-0.84755,3.23696,8.85855,-0.89186,0.53023,0.40195,31.2529190,75.7046959,1.130,253.10
236.291,-0.33998,1.96325,9.68215,-0.83933,-1.22906,0.05131,31.2529190,75.7046959,1.130,253.10
236.395,0.00000,2.47560,7.78116,-0.05620,1.00671,0.46304,31.2529190,75.7046959,1.130,253.10
236.500,1.60890,2.29365,7.37414,-0.10996,-0.44349,0.68783,31.2529190,75.7046959,1.130,253.10
236.602,2.13563,2.36068,10.51055,-0.03054,0.22724,0.10873,31.2529190,75.7046959,1.130,253.10
236.705,0.85234,3.90734,12.13381,0.08430,-0.24923,-0.44471,31.2529190,75.7046959,1.130,253.10
236.806,1.18274,1.87705,15.97890,0.49236,0.53023,-0.35064,31.2529190,75.7046959,1.130,253.10
236.909,1.50356,2.37984,6.21535,0.91752,0.48381,-0.93707,31.2529190,75.7046959,1.130,253.10
237.013,0.81882,1.27850,7.95354,0.43982,-0.81612,-0.36285,31.2529156,75.7046843,1.170,259.20
237.116,-0.04788,2.31280,7.77637,0.19181,-0.67073,0.04887,31.2529156,75.7046843,1.170,259.20
237.218,-0.34955,2.78685,8.84418,-0.12095,-0.75625,0.10385,31.2529156,75.7046843,1.170,259.20
237.327,1.39821,2.26970,14.23114,-1.78250,1.55648,1.13865,31.2529156,75.7046843,1.170,259.20
237.430,-0.45490,2.81558,9.06445,0.36530,-0.08308,-0.66462,31.2529156,75.7046843,1.170,259.20
237.533,-1.04866,2.71502,6.26802,0.10996,0.11362,0.90530,31.2529156,75.7046843,1.170,259.20
237.634,0.78051,2.80122,7.79073,0.03543,0.60231,1.17897,31.2529156,75.7046843,1.170,259.20
237.738,1.93451,3.78284,12.21522,-0.23213,0.23213,0.63163,31.2529156,75.7046843,1.170,259.20
237.842,3.74453,3.96480,14.07312,-0.50824,-0.02321,0.09407,31.2529156,75.7046843,1.170,259.20
237.944,3.17950,2.23140,7.02938,0.91752,-0.95661,-1.14476,31.2529131,75.7046724,1.110,260.20
238.047,2.55222,1.29287,9.17937,0.69883,0.84177,-0.65973,31.2529131,75.7046724,1.110,260.20
238.149,1.30245,2.47082,5.92804,0.07208,-1.11788,-0.65363,31.2529131,75.7046724,1.110,260.20
238.256,1.13964,3.03585,9.02614,-0.06597,-0.79412,-0.29322,31.2529131,75.7046724,1.110,260.20
238.360,0.53630,3.96959,10.46266,-0.67195,-0.14539,0.52901,31.2529131,75.7046724,1.110,260.20
238.464,1.02951,2.08296,11.10910,0.05376,-0.63897,0.16616,31.2529131,75.7046724,1.110,260.20
238.568,-1.25456,3.12683,7.04853,0.53145,1.35246,0.10751,31.2529131,75.7046724,1.110,260.20
238.672,0.42138,2.90656,6.41167,-0.04887,0.13928,0.94073,31.2529131,75.7046724,1.110,260.20
238.776,2.39899,4.12760,9.34218,-0.38362,0.45326,0.69150,31.2529131,75.7046724,1.110,260.20
238.880,3.33752,4.89375,11.92791,-0.04643,-0.46548,-0.31398,31.2529131,75.7046724,1.110,260.20
238.985,2.84431,3.39019,12.15297,0.23824,0.40317,-0.43005,31.2529112,75.7046615,1.150,258.20
239.089,3.45244,3.24654,8.02058,0.10751,0.34208,-0.85032,31.2529112,75.7046615,1.150,258.20
239.196,1.06303,1.87227,9.34218,0.72815,-0.28711,-0.94195,31.2529112,75.7046615,1.150,258.20
239.301,-0.03352,2.80600,6.25844,0.41417,-0.94440,-0.50824,31.2529112,75.7046615,1.150,258.20
239.406,-0.52194,3.81157,10.25676,-0.11851,-0.02810,0.15272,31.2529112,75.7046615,1.150,258.20
239.512,-0.10056,4.10366,12.15776,-1.30359,0.81612,1.04947,31.2529112,75.7046615,1.150,258.20
239.616,-0.23463,3.16035,8.08761,0.28833,-0.70372,0.27122,31.2529112,75.7046615,1.150,258.20
239.720,0.47884,2.89698,7.56568,-0.10140,1.41110,1.15942,31.2529112,75.7046615,1.150,258.20
239.824,1.67115,2.84910,8.01100,0.37629,0.57421,1.00915,31.2529112,75.7046615,1.150,258.20
239.929,3.15556,3.93607,9.15064,-0.34453,0.01344,0.80634,31.2529079,75.7046501,1.140,256.90
240.031,3.64876,5.13796,11.25275,-0.11973,-0.83933,-0.57421,31.2529079,75.7046501,1.140,256.90
240.134,3.29921,3.24175,12.55041,0.51435,0.27855,-1.04214,31.2529079,75.7046501,1.140,256.90
240.236,2.84910,3.61524,8.65265,0.47403,0.62553,-1.47829,31.2529079,75.7046501,1.140,256.90
240.339,-0.03831,2.43251,5.88016,0.76114,-1.48685,-1.16187,31.2529079,75.7046501,1.140,256.90
240.442,0.36871,3.19387,7.28795,0.23946,-0.86254,-0.33109,31.2529079,75.7046501,1.140,256.90
240.548,0.07183,4.71179,10.03649,-0.33598,-0.34575,0.21991,31.2529079,75.7046501,1.140,256.90
240.652,-0.13408,4.77883,10.88404,-1.24006,0.56322,0.85521,31.2529079,75.7046501,1.140,256.90
240.756,-0.42617,3.21781,8.48026,0.13928,-0.10507,0.13928,31.2529079,75.7046501,1.140,256.90
240.860,-0.53151,3.15077,7.29753,-0.34453,1.00793,0.96639,31.2529079,75.7046501,1.140,256.90
240.964,1.38864,3.73017,7.87692,-0.13683,1.03725,1.02870,31.2529060,75.7046389,1.170,262.90
241.066,2.44687,4.80756,8.77236,0.05376,-0.10751,0.42394,31.2529060,75.7046389,1.170,262.90
241.170,2.45166,5.33907,11.48738,-0.09285,-0.50580,-0.06597,31.2529060,75.7046389,1.170,262.90
241.274,1.10133,2.51870,11.77468,0.96517,-0.72326,-0.69028,31.2529060,75.7046389,1.170,262.90
241.379,1.53708,3.77326,8.65743,0.67073,0.83933,-0.71349,31.2529060,75.7046389,1.170,262.90
241.484,-0.08140,3.06458,6.57448,0.34697,-2.18323,-0.60964,31.2529060,75.7046389,1.170,262.90
241.588,-0.29688,4.03662,6.55054,0.38485,-0.40684,-0.35186,31.2529060,75.7046389,1.170,262.90
241.691,-0.79009,5.74608,9.21289,-0.17593,0.13439,0.03299,31.2529060,75.7046389,1.170,262.90
241.795,0.83318,5.25767,12.39718,-1.40988,0.76236,1.22662,31.2529060,75.7046389,1.170,262.90
241.897,0.06704,3.86903,8.05409,0.38973,-0.32987,0.14416,31.2529060,75.7046389,1.170,262.90
241.999,-0.40223,3.51948,6.46913,0.03054,1.28526,1.05435,31.2529038,75.7046282,1.090,266.90
242.102,2.26970,4.14197,7.21612,0.03299,0.96028,1.08245,31.2529038,75.7046282,1.090,266.90
242.206,3.13640,5.55934,9.61990,-0.30177,0.27367,0.70372,31.2529038,75.7046282,1.090,266.90
242.310,5.10923,5.77003,8.50420,-0.42028,-0.88942,0.20403,31.2529038,75.7046282,1.090,266.90
242.414,4.52504,2.33674,12.24395,0.69761,-0.13073,-1.02503,31.2529038,75.7046282,1.090,266.90
242.517,2.86825,3.54342,8.56645,0.66951,0.59620,-1.36712,31.2529038,75.7046282,1.090,266.90
242.622,1.21147,2.33674,7.39808,0.50457,-1.52228,-1.29381,31.2529038,75.7046282,1.090,266.90
242.726,0.10534,3.59130,7.36935,0.36285,-0.48014,-0.77091,31.2529038,75.7046282,1.090,266.90
242.831,-1.01993,4.87459,9.03093,-0.04765,-0.03787,-0.21380,31.2529038,75.7046282,1.090,266.90
242.935,-1.40779,4.75967,12.55519,-1.18752,0.98349,0.79657,31.2529025,75.7046163,1.110,266.50
243.037,-1.65679,4.42448,5.75087,-0.17226,-0.25901,-0.01222,31.2529025,75.7046163,1.110,266.50
243.139,-0.36392,4.03184,7.61356,-0.63652,1.07146,1.18019,31.2529025,75.7046163,1.110,266.50
243.245,2.03986,4.22816,8.14507,0.10018,0.22969,0.93462,31.2529025,75.7046163,1.110,266.50
243.347,3.16035,5.20499,10.59195,-0.04887,-0.25901,0.30055,31.2529025,75.7046163,1.110,266.50
243.454,3.37104,5.75566,13.84327,-0.54734,0.62430,0.27611,31.2529025,75.7046163,1.110,266.50
243.557,2.54264,2.68151,7.21134,0.46914,-1.37567,-0.94318,31.2529025,75.7046163,1.110,266.50
243.663,1.75734,2.98796,8.15944,0.45204,1.11422,-0.73426,31.2529025,75.7046163,1.110,266.50
243.770,1.62806,3.97916,6.74686,-0.05009,-0.54856,-0.57910,31.2529025,75.7046163,1.110,266.50
243.873,0.23942,4.55377,9.95988,-0.05498,0.63774,-0.32009,31.2529025,75.7046163,1.110,266.50
243.977,-0.67995,4.85065,9.85932,-0.57666,-0.40561,0.22113,31.2529017,75.7046035,1.000,266.40
244.080,-0.33998,2.79643,10.09395,-0.15638,-0.98227,0.30055,31.2529017,75.7046035,1.000,266.40
244.184,-1.34075,3.93128,6.90488,0.31398,1.06535,0.12584,31.2529017,75.7046035,1.000,266.40
244.289,0.72305,3.66792,7.37893,-0.27000,0.00977,0.83322,31.2529017,75.7046035,1.000,266.40
244.394,1.38385,4.67827,8.53772,-0.02321,0.12462,0.36041,31.2529017,75.7046035,1.000,266.40
244.498,1.60412,5.63595,9.93594,0.13928,0.01833,0.01588,31.2529017,75.7046035,1.000,266.40
244.599,3.04064,5.16190,14.17367,-0.74648,0.99449,0.35186,31.2529017,75.7046035,1.000,266.40
244.705,2.86825,3.77805,7.28316,0.42638,-0.95906,-1.03114,31.2529017,75.7046035,1.000,266.40
244.810,1.20189,2.42293,7.58004,0.75014,-0.46304,-0.81489,31.2529017,75.7046035,1.000,266.40
244.914,1.14922,3.56257,7.32626,0.25045,-0.83078,-0.47281,31.2529017,75.7046035,1.000,266.40
245.017,-0.10056,4.46758,9.54329,0.12217,0.25534,0.06231,31.2528993,75.7045923,1.070,264.50
245.119,-0.18196,4.57771,9.13627,-0.88698,-0.02566,0.56566,31.2528993,75.7045923,1.070,264.50
245.222,-0.53630,3.76847,10.03649,0.04765,-0.15149,0.15027,31.2528993,75.7045923,1.070,264.50
245.327,-0.72305,4.11803,6.26802,-0.04520,0.99205,0.44227,31.2528993,75.7045923,1.070,264.50
245.432,1.15401,3.80678,7.92960,-0.14294,0.31765,0.83811,31.2528993,75.7045923,1.070,264.50
245.534,1.95367,4.44843,7.77158,-0.31521,0.18692,0.74281,31.2528993,75.7045923,1.070,264.50
245.638,2.40857,5.60722,11.50653,-0.08063,0.04154,-0.13806,31.2528993,75.7045923,1.070,264.50
245.745,2.33674,3.94086,13.90073,-0.01222,0.18448,0.01710,31.2528993,75.7045923,1.070,264.50
245.850,2.55222,3.52905,7.35499,0.41783,1.05069,-0.66584,31.2528993,75.7045923,1.070,264.50
245.955,1.42216,1.67594,7.69018,0.26267,-1.24006,-0.75869,31.2528972,75.7045812,1.020,263.70
246.057,0.92895,2.87783,6.99107,0.23091,-0.55833,-0.85521,31.2528972,75.7045812,1.020,263.70
246.161,-0.70868,3.94086,11.12825,-0.40073,0.32620,-0.24435,31.2528972,75.7045812,1.020,263.70
246.267,-1.32639,4.20901,12.67012,-0.77336,0.13317,0.40073,31.2528972,75.7045812,1.020,263.70
246.370,-1.17795,3.43329,7.11078,0.35064,-0.82222,-0.55711,31.2528972,75.7045812,1.020,263.70
246.475,-0.62249,3.87861,5.80354,0.19548,1.08367,0.17226,31.2528972,75.7045812,1.020,263.70
246.578,0.59376,4.20422,6.79953,-0.09652,0.33720,0.55955,31.2528972,75.7045812,1.020,263.70
246.682,2.11647,4.08451,9.94551,-0.43982,-0.13195,0.59254,31.2528972,75.7045812,1.020,263.70
246.788,1.75734,5.27682,11.43471,-0.26512,-0.26756,-0.23946,31.2528972,75.7045812,1.020,263.70
246.894,2.13563,2.82037,9.28950,0.40928,-0.63163,-0.91996,31.2528972,75.7045812,1.020,263.70
246.997,0.42617,2.45166,8.63349,0.34941,0.97494,-0.60720,31.2528959,75.7045686,1.150,267.40
247.099,0.45011,2.45645,6.88094,0.23579,-1.11666,-0.70983,31.2528959,75.7045686,1.150,267.40
247.202,-0.01915,3.19865,8.30309,0.33231,-0.31398,-0.27367,31.2528959,75.7045686,1.150,267.40
247.304,-0.44532,3.76368,10.05086,-0.14783,0.61453,0.40073,31.2528959,75.7045686,1.150,267.40
247.408,-1.18752,3.97437,11.38682,-1.34146,0.84299,0.71349,31.2528959,75.7045686,1.150,267.40
247.511,-0.64643,3.52426,7.67102,0.32009,0.24190,0.09407,31.2528959,75.7045686,1.150,267.40
247.616,-0.22027,2.71502,8.53772,-0.30421,0.31398,0.86499,31.2528959,75.7045686,1.150,267.40
247.719,0.57940,2.99754,7.58004,0.26023,0.18692,0.42516,31.2528959,75.7045686,1.150,267.40
247.824,0.98162,4.18028,8.85855,-0.17226,0.15882,0.22846,31.2528959,75.7045686,1.150,267.40
247.928,1.51792,5.19063,10.86010,-0.55100,-0.33964,0.09896,31.2528942,75.7045561,1.080,269.80
248.031,1.35033,2.68151,13.54160,0.40073,-0.94318,-0.32498,31.2528942,75.7045561,1.080,269.80
248.135,0.82361,3.02627,8.03015,0.31643,1.40499,-0.52290,31.2528942,75.7045561,1.080,269.80
248.239,0.68953,1.87705,7.72369,-0.19059,-1.93889,-0.71593,31.2528942,75.7045561,1.080,269.80
248.343,-0.50278,2.82037,7.76200,0.81123,0.12828,-0.39095,31.2528942,75.7045561,1.080,269.80
248.447,-0.58419,2.77249,7.49864,-0.32009,0.14416,0.31154,31.2528942,75.7045561,1.080,269.80
248.549,-0.18675,3.65834,14.24071,-2.03785,1.55526,0.80390,31.2528942,75.7045561,1.080,269.80
248.651,-0.71347,3.00233,10.04128,0.44471,-1.17897,-0.32498,31.2528942,75.7045561,1.080,269.80
248.756,-1.68073,2.29365,7.00065,0.52046,0.32865,1.09467,31.2528942,75.7045561,1.080,269.80
248.862,0.77093,2.57137,6.32069,0.13195,-0.07330,1.23517,31.2528942,75.7045561,1.080,269.80
248.965,3.09331,3.47638,9.80665,-0.77702,0.63774,0.76480,31.2528938,75.7045432,1.110,271.00
249.067,3.52426,4.82192,10.46745,-0.57788,-0.86010,-0.49236,31.2528938,75.7045432,1.110,271.00
249.170,3.22260,1.42694,13.10586,0.57910,-0.74770,-0.44960,31.2528938,75.7045432,1.110,271.00
249.274,2.04465,2.46124,7.12514,1.10811,0.34208,-1.23028,31.2528938,75.7045432,1.110,271.00
249.377,0.85712,1.96803,6.41167,0.33353,-1.13987,-0.63530,31.2528938,75.7045432,1.110,271.00
249.481,0.56982,3.16035,6.72292,0.23579,0.11240,-0.19059,31.2528938,75.7045432,1.110,271.00
249.586,1.09654,3.77326,12.16254,-0.70494,0.67562,0.39706,31.2528938,75.7045432,1.110,271.00
249.691,0.49799,3.81157,12.23916,-1.02992,0.38607,0.73059,31.2528938,75.7045432,1.110,271.00
249.797,0.58419,3.29921,7.46991,0.13073,-0.49847,0.15394,31.2528938,75.7045432,1.110,271.00
249.901,0.50757,2.89220,8.23605,0.06475,1.09467,0.40317,31.2528938,75.7045432,1.110,271.00
250.006,0.36392,3.56257,7.24964,0.45937,0.45815,0.27245,31.2528935,75.7045312,1.100,269.90
250.109,2.41814,3.60088,8.76757,-0.70860,-0.74648,0.32132,31.2528935,75.7045312,1.100,269.90
250.211,2.77727,4.76446,12.10508,-0.26023,-0.68906,-0.69883,31.2528935,75.7045312,1.100,269.90
250.316,0.91937,2.15957,11.42992,0.80879,-0.86743,-0.89309,31.2528935,75.7045312,1.100,269.90
250.419,0.67516,2.15957,8.61434,0.55100,1.59314,-0.40317,31.2528935,75.7045312,1.100,269.90
250.523,1.29287,2.43730,6.23929,-0.04520,-1.63223,-0.83444,31.2528935,75.7045312,1.100,269.90
250.627,2.16436,3.54821,7.68060,-0.04154,-0.65729,-0.16249,31.2528935,75.7045312,1.100,269.90
250.731,1.11091,3.69186,11.14740,0.06231,-0.49358,0.28955,31.2528935,75.7045312,1.100,269.90
250.835,0.46448,2.74376,12.36845,-1.35734,0.25168,0.42028,31.2528935,75.7045312,1.100,269.90
250.937,-1.40779,3.17471,7.49385,0.91019,0.29566,-0.69150,31.2528934,75.7045184,1.150,268.70
251.038,0.70390,3.39977,6.65588,-0.10629,0.05498,1.28648,31.2528934,75.7045184,1.150,268.70
251.139,3.19865,3.48596,7.76200,0.57544,0.46304,0.57788,31.2528934,75.7045184,1.150,268.70
251.243,2.31759,5.20499,9.93594,-0.43860,-0.07330,0.10873,31.2528934,75.7045184,1.150,268.70
251.347,2.32238,3.81636,15.78737,-0.22969,1.21562,-0.23946,31.2528934,75.7045184,1.150,268.70
251.452,1.72861,3.85466,5.44441,0.57910,-0.57177,-1.10933,31.2528934,75.7045184,1.150,268.70
251.558,1.36469,3.10289,6.93840,0.29566,0.14905,-0.05620,31.2528934,75.7045184,1.150,268.70
251.663,2.47082,3.62482,8.39886,-0.13317,-0.37385,0.13439,31.2528934,75.7045184,1.150,268.70
251.764,1.30723,3.97437,11.16656,0.27367,-0.12950,0.13073,31.2528934,75.7045184,1.150,268.70
251.871,0.47884,4.46279,10.24718,-0.40561,0.64507,0.68050,31.2528934,75.7045184,1.150,268.70
251.974,1.12527,2.60010,8.18338,-0.03787,-0.83322,-0.03665,31.2528915,75.7045060,0.980,263.50
252.077,-0.67995,3.68228,6.17225,0.37263,1.03114,-0.01100,31.2528915,75.7045060,0.980,263.50
252.181,0.89064,3.77805,6.69419,-0.09652,0.09041,1.02625,31.2528915,75.7045060,0.980,263.50
252.285,2.76770,3.91691,9.60554,-0.28222,-0.25290,0.64141,31.2528915,75.7045060,0.980,263.50
252.390,2.65756,5.36301,10.66377,-0.20525,0.05620,-0.09652,31.2528915,75.7045060,0.980,263.50
252.495,3.74932,2.40857,12.72758,0.17959,-0.45693,-0.53512,31.2528915,75.7045060,0.980,263.50
252.603,2.07817,3.22738,8.22169,0.67562,0.88942,-0.76603,31.2528915,75.7045060,0.980,263.50
252.707,1.64242,2.90656,7.37893,0.27367,-0.87232,-0.20647,31.2528915,75.7045060,0.980,263.50
252.811,1.35991,3.56257,6.96234,0.22846,-0.43860,-0.09896,31.2528915,75.7045060,0.980,263.50
252.916,0.63207,4.80756,11.09952,0.12706,0.79779,0.09652,31.2528915,75.7045060,0.980,263.50
253.017,0.44532,4.95600,11.74117,-0.57666,0.35797,0.86987,31.2528897,75.7044952,0.980,259.20
253.120,1.19710,4.13239,6.84742,0.26878,-0.48747,0.01710,31.2528897,75.7044952,0.980,259.20
253.223,0.59855,3.80199,6.51702,0.01710,0.17715,0.52412,31.2528897,75.7044952,0.980,259.20
253.330,1.39343,4.08930,6.34942,0.05620,0.46548,0.58643,31.2528897,75.7044952,0.980,259.20
253.436,2.54743,4.80277,9.48104,-0.50457,0.07208,0.02443,31.2528897,75.7044952,0.980,259.20
253.539,2.62405,6.26802,9.69652,-0.60231,-0.11973,-0.32132,31.2528897,75.7044952,0.980,259.20
253.645,3.85945,2.91135,9.58638,0.57177,-0.96883,-1.15087,31.2528897,75.7044952,0.980,259.20
253.753,2.44209,3.49553,9.56244,1.00060,0.93340,-1.10567,31.2528897,75.7044952,0.980,259.20
253.857,1.36469,3.03585,7.14430,0.29810,-1.48807,-0.40928,31.2528897,75.7044952,0.980,259.20
253.961,0.46448,3.37582,7.98227,0.36652,-0.53023,-0.37996,31.2528879,75.7044842,0.960,258.20
254.064,-0.61292,4.80277,8.47069,0.20036,-0.33109,-0.06353,31.2528879,75.7044842,0.960,258.20
254.166,0.12450,4.85544,11.42513,-1.20096,1.30359,0.87842,31.2528879,75.7044842,0.960,258.20
254.270,0.30646,5.22894,7.24007,0.04276,0.59376,0.17715,31.2528879,75.7044842,0.960,258.20
254.374,1.19231,3.92170,7.33583,-0.18204,0.20036,1.16920,31.2528879,75.7044842,0.960,258.20
254.479,2.71981,4.41491,6.94797,0.05620,0.33475,0.64630,31.2528879,75.7044842,0.960,258.20
254.582,2.57616,4.89375,9.54808,-0.06720,-0.14416,-0.00489,31.2528879,75.7044842,0.960,258.20
254.688,2.68151,4.89375,12.58871,-0.38240,0.79779,-0.07086,31.2528879,75.7044842,0.960,258.20
254.793,2.53307,3.25133,7.86735,0.10507,-0.92729,-1.03969,31.2528879,75.7044842,0.960,258.20
254.896,0.89064,3.45244,8.16423,0.51924,0.22480,-0.72693,31.2528879,75.7044842,0.960,258.20
255.000,1.61848,4.00311,7.21134,0.12339,-0.42883,-0.47647,31.2528864,75.7044729,0.930,257.00
255.101,0.11971,4.48195,8.31746,0.06964,-0.25412,-0.08796,31.2528864,75.7044729,0.930,257.00
255.204,0.35913,5.19542,8.57124,-0.23213,0.27489,0.34331,31.2528864,75.7044729,0.930,257.00
255.308,0.48363,3.59130,11.40598,0.03299,-0.41783,0.34208,31.2528864,75.7044729,0.930,257.00
255.413,-1.31681,4.20422,7.07726,0.67317,1.07268,-0.15149,31.2528864,75.7044729,0.930,257.00
255.517,0.65601,3.88340,6.47871,-0.30910,-0.24679,0.95173,31.2528864,75.7044729,0.930,257.00
255.620,2.21224,4.72137,7.14909,-0.18692,0.27245,0.41050,31.2528864,75.7044729,0.930,257.00
255.726,1.17795,6.03818,8.78672,-0.06842,-0.10263,-0.11606,31.2528864,75.7044729,0.930,257.00
255.827,2.63841,5.99508,13.29261,-0.63530,-0.21747,0.33964,31.2528864,75.7044729,0.930,257.00
255.930,2.10211,3.71101,6.87136,0.60720,-0.81489,-0.75381,31.2528849,75.7044624,0.960,258.00
256.032,1.83875,2.94008,8.18817,0.10629,0.14050,-0.36530,31.2528849,75.7044624,0.960,258.00
256.135,2.25534,3.70144,7.23528,0.05498,-0.59743,-0.68539,31.2528849,75.7044624,0.960,258.00
256.238,1.15879,4.56814,8.70532,0.01100,-0.16371,-0.29932,31.2528849,75.7044624,0.960,258.00
256.342,0.73263,5.07092,9.45710,-0.28222,-0.00244,0.15149,31.2528849,75.7044624,0.960,258.00
256.448,0.60334,3.47159,11.56399,-0.50335,-0.18448,0.47281,31.2528849,75.7044624,0.960,258.00
256.552,-1.46525,4.21858,7.86256,0.23946,1.24983,-0.14294,31.2528849,75.7044624,0.960,258.00
256.653,0.11013,3.75411,7.17782,-0.28711,-0.24312,0.90775,31.2528849,75.7044624,0.960,258.00
256.757,1.83396,4.25689,7.07726,-0.19670,0.49847,0.79168,31.2528849,75.7044624,0.960,258.00
256.860,2.17872,5.47315,9.62469,-0.18937,0.22602,-0.00367,31.2528849,75.7044624,0.960,258.00
256.963,2.97839,6.07170,11.97101,-0.78191,-0.06109,0.48625,31.2528842,75.7044516,1.000,266.40
257.065,3.08852,2.38462,8.62391,0.58521,-1.26449,-0.56933,31.2528842,75.7044516,1.000,266.40
257.167,1.81959,2.89698,8.95431,0.79168,0.90530,-0.73304,31.2528842,75.7044516,1.000,266.40
257.274,1.37427,2.80600,7.63272,0.38607,-0.86621,-0.51557,31.2528842,75.7044516,1.000,266.40
257.379,0.30167,3.48117,8.40844,0.31887,-0.18815,-0.03176,31.2528842,75.7044516,1.000,266.40
257.483,0.77572,4.64475,7.72369,-0.00733,0.00977,-0.15638,31.2528842,75.7044516,1.000,266.40
257.587,0.31603,3.68707,13.98693,-1.02014,0.79901,0.75014,31.2528842,75.7044516,1.000,266.40
257.691,-1.24020,4.07493,7.41724,0.28222,0.86865,0.21991,31.2528842,75.7044516,1.000,266.40
257.795,0.79009,3.52905,6.08606,-0.13439,-0.07819,1.09223,31.2528842,75.7044516,1.000,266.40
257.899,2.87304,4.12760,7.78594,-0.04765,0.38240,0.67928,31.2528842,75.7044516,1.000,266.40
258.004,2.79643,5.59764,10.63026,-0.21258,0.16982,-0.00733,31.2528836,75.7044398,1.060,269.90
258.106,4.21858,4.97994,13.12980,-0.52168,-0.25045,0.16371,31.2528836,75.7044398,1.060,269.90
258.208,2.74376,3.47159,6.82347,0.88820,-0.78924,-1.06779,31.2528836,75.7044398,1.060,269.90
258.314,1.94409,2.29843,7.35020,0.63041,-0.10751,-0.44838,31.2528836,75.7044398,1.060,269.90
258.418,1.20189,3.83551,6.56011,0.45448,-0.17959,-0.70738,31.2528836,75.7044398,1.060,269.90
258.523,0.40223,4.75967,8.73884,-0.27855,0.60353,-0.00733,31.2528836,75.7044398,1.060,269.90
258.627,0.10534,4.49631,10.74039,-1.03236,0.36652,0.52779,31.2528836,75.7044398,1.060,269.90
258.730,-0.10534,3.22260,8.95431,-0.66218,-0.62430,0.16616,31.2528836,75.7044398,1.060,269.90
258.835,-0.60334,3.68707,8.59997,-0.05986,0.35064,0.49480,31.2528836,75.7044398,1.060,269.90
258.938,0.99599,3.92649,6.59363,0.52779,0.31032,0.65607,31.2528837,75.7044274,1.100,270.90
259.040,2.05901,5.15232,8.78672,0.13806,0.43249,0.37996,31.2528837,75.7044274,1.100,270.90
259.142,3.06458,5.87058,10.28070,-0.20647,-0.36041,0.16493,31.2528837,75.7044274,1.100,270.90
259.243,3.35188,3.51469,10.67814,0.57544,-0.86865,-0.83444,31.2528837,75.7044274,1.100,270.90
259.350,2.50433,3.61524,9.36612,0.40684,0.45204,-0.92974,31.2528837,75.7044274,1.100,270.90
259.455,0.60813,2.98796,6.28239,0.47037,-1.17775,-0.83078,31.2528837,75.7044274,1.100,270.90
259.558,0.87149,4.14676,8.29351,0.28588,-0.41417,-0.22113,31.2528837,75.7044274,1.100,270.90
259.663,0.22027,5.19063,8.75320,-0.07453,-0.09774,0.05009,31.2528837,75.7044274,1.100,270.90
259.768,0.15323,3.97916,9.64863,-0.71593,-0.09163,0.45326,31.2528837,75.7044274,1.100,270.90
259.873,-0.19632,4.63517,7.93438,-0.54123,0.77213,-0.14172,31.2528837,75.7044274,1.100,270.90
259.978,1.56102,4.88896,7.60877,-0.09163,0.33231,0.47159,31.2528836,75.7044146,1.090,268.30
260.079,3.42850,6.34942,8.28873,0.38485,-0.40561,0.03910,31.2528836,75.7044146,1.090,268.30
260.181,5.24330,4.91769,10.69250,0.33109,-0.64263,-0.50702,31.2528836,75.7044146,1.090,268.30
260.286,3.03585,3.61524,10.58716,0.67195,2.57907,-0.46426,31.2528836,75.7044146,1.090,268.30
260.390,-0.90022,4.24253,5.78439,-0.26389,-1.77762,-1.53327,31.2528836,75.7044146,1.090,268.30
260.494,1.58496,3.07894,8.02058,-0.23457,-0.40684,-0.34331,31.2528836,75.7044146,1.090,268.30
260.597,0.92895,4.43406,8.20253,0.16005,-0.63286,-0.42394,31.2528836,75.7044146,1.090,268.30
260.702,1.62806,6.37336,8.37971,-0.98105,-1.29015,-0.38240,31.2528836,75.7044146,1.090,268.30
260.807,0.92895,6.88094,10.62547,0.47159,0.22724,-0.25656,31.2528836,75.7044146,1.090,268.30
260.912,0.04310,4.35745,10.39562,0.58643,0.41050,0.21502,31.2528836,75.7044146,1.090,268.30
261.016,0.51236,3.18908,6.32069,0.60720,-0.26267,-0.25656,31.2528846,75.7044022,1.090,274.40
261.118,-0.54109,5.24809,4.71179,0.22235,0.43982,-0.02199,31.2528846,75.7044022,1.090,274.40
261.223,1.23541,5.99987,10.16578,-0.37385,0.12462,-0.49114,31.2528846,75.7044022,1.090,274.40
261.326,-0.26815,5.58328,9.78271,-0.07575,0.71593,-0.13806,31.2528846,75.7044022,1.090,274.40
261.430,0.83318,3.94086,11.66455,-0.64874,-0.68173,-0.71960,31.2528846,75.7044022,1.090,274.40
261.533,0.69432,4.43406,5.14753,0.54489,0.31643,-0.47403,31.2528846,75.7044022,1.090,274.40
261.635,0.09577,4.59208,6.38773,0.21258,-0.21258,-0.33964,31.2528846,75.7044022,1.090,274.40
261.739,-1.10133,6.43561,8.14029,-0.05620,-0.85399,-0.31521,31.2528846,75.7044022,1.090,274.40
261.843,-1.72383,7.41245,11.30542,0.39584,-0.45937,0.44593,31.2528846,75.7044022,1.090,274.40
261.947,-0.94810,6.02381,10.86968,0.06353,-0.36896,-0.04276,31.2528862,75.7043912,1.030,277.50
262.049,-1.31681,5.32949,5.90889,0.08186,0.43371,0.07086,31.2528862,75.7043912,1.030,277.50
262.153,0.39265,4.33351,6.25844,0.15638,0.32865,0.11118,31.2528862,75.7043912,1.030,277.50
262.257,-0.02873,5.80354,5.89931,0.08674,-0.25656,0.24190,31.2528862,75.7043912,1.030,277.50
262.362,1.01035,7.84340,9.05966,-0.23213,-0.46059,-0.23824,31.2528862,75.7043912,1.030,277.50
262.467,0.49321,7.30710,7.28795,-0.31521,0.08674,-0.68417,31.2528862,75.7043912,1.030,277.50
262.571,0.88107,4.11803,9.71567,0.32132,0.45937,0.08308,31.2528862,75.7043912,1.030,277.50
262.677,0.07661,4.13718,6.47871,-0.30421,-0.37385,-0.63041,31.2528862,75.7043912,1.030,277.50
262.782,-0.94332,6.53138,5.04219,0.09896,-0.86987,-0.07575,31.2528862,75.7043912,1.030,277.50
262.887,-0.56982,7.65187,9.29429,-0.04154,0.05864,-0.13073,31.2528862,75.7043912,1.030,277.50
262.992,-0.93374,8.18338,8.41801,0.52779,0.93218,0.05498,31.2528874,75.7043792,1.110,275.20
263.096,-0.88107,6.36379,9.81623,0.10629,0.31276,-0.37996,31.2528874,75.7043792,1.110,275.20
263.199,0.47405,5.59764,5.03261,0.31765,-2.02196,-1.27915,31.2528874,75.7043792,1.110,275.20
263.303,-0.26336,3.44286,4.78362,-1.47219,-1.43798,0.42394,31.2528874,75.7043792,1.110,275.20
263.407,3.22738,6.78996,8.49942,-0.32376,-1.01526,0.34208,31.2528874,75.7043792,1.110,275.20
263.510,3.81636,6.34463,14.25987,0.29566,-1.02014,-1.51495,31.2528874,75.7043792,1.110,275.20
263.616,2.55701,2.63362,14.22635,0.97983,-0.24679,0.08063,31.2528874,75.7043792,1.110,275.20
263.720,1.08697,0.89064,2.73418,1.15698,1.57848,0.09774,31.2528874,75.7043792,1.110,275.20
263.823,2.10690,4.83629,2.55222,0.24679,-0.51801,0.63408,31.2528874,75.7043792,1.110,275.20
263.926,2.02071,9.46189,6.77559,-0.35186,-0.56810,0.24923,31.2528887,75.7043664,1.160,275.20
264.028,2.30801,8.91122,9.96946,0.19792,-0.36041,0.15394,31.2528887,75.7043664,1.160,275.20
264.131,2.79164,7.54652,7.39808,0.02810,0.24435,0.56444,31.2528887,75.7043664,1.160,275.20
264.235,1.55623,6.39252,6.04775,0.50580,0.41905,0.34453,31.2528887,75.7043664,1.160,275.20
264.338,1.12049,4.70221,5.87058,-0.00122,0.45693,0.39340,31.2528887,75.7043664,1.160,275.20
264.443,2.86347,6.43561,5.27682,0.29199,0.08796,0.41661,31.2528887,75.7043664,1.160,275.20
264.546,4.40533,8.02058,7.75721,-0.15638,-0.39218,-0.04887,31.2528887,75.7043664,1.160,275.20
264.650,2.72460,8.63349,6.18183,-0.18326,0.22113,0.03176,31.2528887,75.7043664,1.160,275.20
264.755,4.63039,4.49631,9.35654,0.16738,0.06842,-0.15149,31.2528887,75.7043664,1.160,275.20
264.859,3.02148,4.23774,5.12838,-0.53634,-0.13683,-0.30543,31.2528887,75.7043664,1.160,275.20
264.963,2.24576,6.61757,4.21380,0.11240,-0.33842,-0.08796,31.2528890,75.7043537,1.140,274.40
265.067,4.15633,8.18338,8.60955,0.12828,-0.06475,0.24923,31.2528890,75.7043537,1.140,274.40
265.171,2.97839,8.62870,6.91445,0.45326,0.18937,-0.31765,31.2528890,75.7043537,1.140,274.40
265.276,3.15077,4.84108,9.90242,0.21136,0.40195,-0.20769,31.2528890,75.7043537,1.140,274.40
265.380,2.29843,4.21858,7.06768,-0.34331,-0.17837,-0.21502,31.2528890,75.7043537,1.140,274.40
265.487,1.97282,5.32949,4.44364,0.16371,0.04887,0.45204,31.2528890,75.7043537,1.140,274.40
265.591,4.35745,7.89129,6.19141,0.40684,-0.60842,-0.10873,31.2528890,75.7043537,1.140,274.40
265.695,3.10767,8.69574,8.73884,-0.31765,0.04765,-0.20281,31.2528890,75.7043537,1.140,274.40
265.798,7.79552,6.38773,10.18972,-0.08552,-0.60231,-0.27611,31.2528890,75.7043537,1.140,274.40
265.901,2.90177,4.96079,4.78362,-0.43371,0.10996,-0.21502,31.2528890,75.7043537,1.140,274.40
266.005,2.14999,5.46836,4.37181,0.06475,-0.56444,-0.74770,31.2528906,75.7043409,1.180,277.30
266.110,2.64799,6.72292,7.07247,-0.10629,-0.06964,-0.08796,31.2528906,75.7043409,1.180,277.30
266.214,3.78763,8.92558,6.64630,0.21258,0.03176,0.09285,31.2528906,75.7043409,1.180,277.30
266.320,2.99754,5.49709,9.24162,-0.38607,0.19303,0.37263,31.2528906,75.7043409,1.180,277.30
266.425,3.80199,4.83629,6.65588,-0.39584,-0.64507,0.40317,31.2528906,75.7043409,1.180,277.30
266.531,2.55701,5.38695,4.56335,0.14050,0.12095,0.57055,31.2528906,75.7043409,1.180,277.30
266.635,3.95043,6.29675,6.36379,0.46548,-0.06353,0.22602,31.2528906,75.7043409,1.180,277.30
266.741,4.41491,7.94396,8.47069,0.08552,0.10263,-0.14905,31.2528906,75.7043409,1.180,277.30
266.844,5.92325,5.61680,9.27993,-0.50457,-0.73670,0.43738,31.2528906,75.7043409,1.180,277.30
266.948,2.78206,4.40533,3.98874,0.53756,0.24679,0.35552,31.2528925,75.7043282,1.180,283.20
267.052,2.88262,5.32470,5.31034,-0.16371,0.37141,0.59254,31.2528925,75.7043282,1.180,283.20
267.158,5.35822,5.66947,8.25042,-0.03176,0.80756,0.66584,31.2528925,75.7043282,1.180,283.20
267.262,5.71735,5.22894,8.13550,0.78802,0.54367,0.46548,31.2528925,75.7043282,1.180,283.20
267.367,3.87861,4.95121,8.89207,-0.49114,0.97616,0.09529,31.2528925,75.7043282,1.180,283.20
267.472,4.68785,4.22337,7.84819,0.15516,-1.17653,0.61575,31.2528925,75.7043282,1.180,283.20
267.576,3.67271,5.12359,6.58405,0.02810,0.68050,0.86499,31.2528925,75.7043282,1.180,283.20
267.679,3.57694,5.00388,6.96713,0.46670,-0.21869,0.66706,31.2528925,75.7043282,1.180,283.20
267.783,6.35421,5.51145,7.81946,0.59743,-0.09652,0.57177,31.2528925,75.7043282,1.180,283.20
267.888,6.74686,5.59764,9.25598,-0.25045,0.02443,0.26267,31.2528925,75.7043282,1.180,283.20
267.991,3.88340,4.11324,6.25365,-0.05376,0.07697,-0.09407,31.2528940,75.7043162,1.020,280.50
268.094,4.45800,4.68306,5.56412,0.45937,0.28833,0.33475,31.2528940,75.7043162,1.020,280.50
268.198,4.68785,5.43484,5.79397,0.76480,-0.00611,0.42883,31.2528940,75.7043162,1.020,280.50
268.302,7.45554,6.86657,6.43083,0.48869,-0.10263,0.49602,31.2528940,75.7043162,1.020,280.50
268.408,5.51145,7.01980,6.41646,0.20892,0.80512,0.58032,31.2528940,75.7043162,1.020,280.50
268.512,4.44843,5.18105,5.95199,0.88209,-0.00855,0.20403,31.2528940,75.7043162,1.020,280.50
268.615,4.67348,4.29520,4.91290,-0.09652,0.60842,0.10140,31.2528940,75.7043162,1.020,280.50
268.719,4.28083,5.76045,4.57771,0.16738,0.12217,0.39462,31.2528940,75.7043162,1.020,280.50
268.823,6.52659,6.38294,6.55054,0.03176,-0.05253,0.35064,31.2528940,75.7043162,1.020,280.50
268.927,6.19619,6.43561,6.14352,0.02443,-0.34453,0.02443,31.2528948,75.7043055,0.940,272.20
269.030,6.67025,3.30400,8.14507,-0.37751,-0.09896,-0.17104,31.2528948,75.7043055,0.940,272.20
269.134,5.28640,4.37181,4.44843,-0.30421,-0.07941,-0.17715,31.2528948,75.7043055,0.940,272.20
269.238,5.95199,4.86981,4.44364,-0.10873,-0.28222,-0.32865,31.2528948,75.7043055,0.940,272.20
269.342,6.53617,5.50666,4.69264,0.25901,-0.39706,0.05253,31.2528948,75.7043055,0.940,272.20
269.446,6.46434,6.28239,5.16190,-0.25901,0.24068,0.16493,31.2528948,75.7043055,0.940,272.20
269.552,5.72693,4.21858,7.92960,0.02566,0.25168,-0.00244,31.2528948,75.7043055,0.940,272.20
269.656,5.44920,3.90734,6.80911,-0.57544,-0.15638,-0.32376,31.2528948,75.7043055,0.940,272.20
269.760,5.51145,3.50511,1.69031,-0.27611,0.96761,-0.42883,31.2528948,75.7043055,0.940,272.20
269.863,5.89452,4.74531,5.21457,-0.46426,-0.24557,-0.04398,31.2528948,75.7043055,0.940,272.20
269.969,8.01100,5.72214,10.27591,-0.96761,-0.12339,-0.35919,31.2528935,75.7042947,1.040,263.80
270.073,8.83460,3.07894,9.55287,-0.39951,-0.81245,-0.59743,31.2528935,75.7042947,1.040,263.80
270.176,5.69820,2.04944,4.56814,-0.15760,-0.09896,-0.56200,31.2528935,75.7042947,1.040,263.80
270.281,4.18985,3.54821,4.09408,-0.26634,-0.09896,-0.55833,31.2528935,75.7042947,1.040,263.80
270.386,5.34386,5.24330,6.52181,-0.00733,-0.76114,-0.26756,31.2528935,75.7042947,1.040,263.80
270.489,6.29675,4.80756,8.94474,0.29932,0.34331,-0.22724,31.2528935,75.7042947,1.040,263.80
270.590,6.57927,4.25689,8.78672,-0.73426,0.64874,0.59376,31.2528935,75.7042947,1.040,263.80
270.693,5.34865,3.44765,6.87136,0.38362,-0.08919,0.37996,31.2528935,75.7042947,1.040,263.80
270.796,5.68384,3.72538,5.20978,0.20769,0.20403,0.10385,31.2528935,75.7042947,1.040,263.80
270.899,4.65912,4.19943,3.94564,-0.14905,0.07453,-0.21502,31.2528935,75.7042947,1.040,263.80
271.003,7.07726,4.72615,7.98227,-0.50091,-0.55222,-0.19426,31.2528932,75.7042823,1.160,261.80
271.108,9.18895,3.75411,8.31746,-0.95417,-0.91263,0.37385,31.2528932,75.7042823,1.160,261.80
271.210,5.86101,2.49955,5.23851,0.62064,0.70494,-0.31276,31.2528932,75.7042823,1.160,261.80
271.315,5.12359,2.52349,4.46279,-0.53512,-0.22969,-0.68539,31.2528932,75.7042823,1.160,261.80
271.420,5.06134,4.63039,5.66468,-0.32498,-0.54856,-0.27611,31.2528932,75.7042823,1.160,261.80
271.523,7.66145,5.72214,7.09163,0.17593,-0.37507,-0.04887,31.2528932,75.7042823,1.160,261.80
271.626,5.94720,5.11880,6.19619,0.18326,0.11729,-0.07941,31.2528932,75.7042823,1.160,261.80
271.730,5.44441,2.59053,8.47547,0.68295,0.69639,-0.40806,31.2528932,75.7042823,1.160,261.80
271.834,3.65355,2.84431,6.38773,0.42028,-0.27855,0.03176,31.2528932,75.7042823,1.160,261.80
271.938,4.94642,4.08930,4.41491,0.59743,0.65240,0.24068,31.2528917,75.7042693,1.160,262.40
272.041,7.73327,4.91290,5.41090,0.02077,0.36652,0.14905,31.2528917,75.7042693,1.160,262.40
272.144,6.46434,5.09486,6.25844,-0.24557,-0.46426,0.03787,31.2528917,75.7042693,1.160,262.40
272.248,10.46745,4.07014,10.17536,-0.41661,-0.31521,0.05376,31.2528917,75.7042693,1.160,262.40
272.354,6.01423,3.11725,3.07416,-0.17349,-0.34941,-0.54489,31.2528917,75.7042693,1.160,262.40
272.458,4.94163,4.79798,4.70221,-0.38362,-0.09407,-0.20769,31.2528917,75.7042693,1.160,262.40
272.564,5.59764,6.49786,6.92882,0.17104,-0.39951,-0.07086,31.2528917,75.7042693,1.160,262.40
272.668,5.92325,7.28795,7.34541,0.54367,-0.11484,-0.19303,31.2528917,75.7042693,1.160,262.40
272.771,7.83383,4.75967,11.08994,0.00244,0.05498,0.16616,31.2528917,75.7042693,1.160,262.40
272.874,4.72615,3.80199,5.12359,0.62308,0.24557,0.37141,31.2528917,75.7042693,1.160,262.40
272.980,3.84509,3.50032,3.62003,0.36530,1.12399,0.47647,31.2528901,75.7042564,1.080,261.30
273.082,6.48829,5.24809,5.75087,-0.14661,-0.27611,0.14661,31.2528901,75.7042564,1.080,261.30
273.185,7.09641,5.54018,6.20098,0.05986,0.23457,0.13317,31.2528901,75.7042564,1.080,261.30
273.291,10.39562,4.57293,8.42280,-1.20463,-1.13987,0.02932,31.2528901,75.7042564,1.080,261.30
273.396,6.38294,3.28963,2.82995,0.60109,0.07819,-0.47281,31.2528901,75.7042564,1.080,261.30
273.501,4.08930,3.35188,3.10289,-0.50946,0.02077,-0.55589,31.2528901,75.7042564,1.080,261.30
273.604,4.53462,5.79397,4.41491,-0.66951,-0.80756,-0.13561,31.2528901,75.7042564,1.080,261.30
273.708,7.43639,6.85699,9.21768,-0.42028,-0.24923,0.05986,31.2528901,75.7042564,1.080,261.30
273.812,7.77637,5.68862,8.64786,-0.62553,-0.15638,0.34575,31.2528901,75.7042564,1.080,261.30
273.916,4.24253,3.29442,6.36379,1.10689,0.81245,0.19059,31.2528901,75.7042564,1.080,261.30
274.020,3.55778,2.69108,4.17070,0.33353,1.24250,0.36652,31.2528890,75.7042436,1.170,261.60
274.123,5.44441,4.75488,2.96402,0.72571,0.18082,0.58765,31.2528890,75.7042436,1.170,261.60
274.227,9.47146,4.91769,7.09641,-0.53634,-0.81612,-0.13683,31.2528890,75.7042436,1.170,261.60
274.333,7.54652,5.79876,5.26246,-0.73426,-0.36285,-0.15882,31.2528890,75.7042436,1.170,261.60
274.438,8.26957,3.05500,9.47625,-0.38607,0.62553,-0.24923,31.2528890,75.7042436,1.170,261.60
274.543,5.00388,2.64320,4.87938,-0.28344,-0.63774,-0.73793,31.2528890,75.7042436,1.170,261.60
274.646,3.68228,4.45322,4.34787,-0.29077,-0.44104,-0.27489,31.2528890,75.7042436,1.170,261.60
274.752,5.81312,6.32069,8.65743,-0.11362,0.35919,0.27122,31.2528890,75.7042436,1.170,261.60
274.856,3.94564,5.36780,7.56089,0.29322,0.72082,0.31643,31.2528890,75.7042436,1.170,261.60
274.958,6.48350,2.85868,9.20810,1.32313,1.09711,0.15882,31.2528888,75.7042306,1.200,263.50
275.061,4.12282,2.85868,5.08050,0.42150,0.33842,0.14539,31.2528888,75.7042306,1.200,263.50
275.164,4.41491,4.25210,4.20901,0.43249,1.27304,0.16371,31.2528888,75.7042306,1.200,263.50
275.267,5.92804,5.55934,7.29274,-0.15516,0.68661,0.01466,31.2528888,75.7042306,1.200,263.50
275.372,3.94086,5.77003,8.00142,-0.42150,1.35490,-0.24190,31.2528888,75.7042306,1.200,263.50
275.478,4.01747,2.91135,13.30697,-0.92729,0.90164,-0.22602,31.2528888,75.7042306,1.200,263.50
275.586,1.97761,3.34709,7.72848,-0.11362,-0.19548,-0.54611,31.2528888,75.7042306,1.200,263.50
275.690,1.17316,3.96001,6.28239,0.16860,0.16982,-0.39462,31.2528888,75.7042306,1.200,263.50
275.791,1.40779,4.87459,7.92960,-0.09652,-0.50946,-0.04276,31.2528888,75.7042306,1.200,263.50
275.893,2.30322,5.72693,11.15219,0.04032,-0.01344,0.15760,31.2528888,75.7042306,1.200,263.50
275.999,1.25456,3.62961,12.39239,-0.69272,-0.17349,0.08796,31.2528871,75.7042174,1.160,262.40
276.102,1.64721,3.46202,8.30788,0.14661,-0.50946,0.31276,31.2528871,75.7042174,1.160,262.40
276.207,1.16837,3.28484,6.06691,0.11240,0.40439,0.47770,31.2528871,75.7042174,1.160,262.40
276.313,1.82438,4.87459,7.98227,-0.10629,0.06720,0.10629,31.2528871,75.7042174,1.160,262.40
276.417,2.84431,4.89854,10.99896,0.13683,0.12584,-0.16493,31.2528871,75.7042174,1.160,262.40
276.521,2.96881,3.63919,12.50731,-1.11544,-0.38729,-0.40195,31.2528871,75.7042174,1.160,262.40
276.626,2.56180,3.74932,3.30400,0.56566,0.07208,0.05253,31.2528871,75.7042174,1.160,262.40
276.731,2.20745,3.66792,6.40688,0.22235,-0.04398,-0.19792,31.2528871,75.7042174,1.160,262.40
276.835,2.12605,5.44920,7.58962,-0.10018,-0.30910,-0.22602,31.2528871,75.7042174,1.160,262.40
276.939,2.43730,6.07648,10.32380,0.15760,-0.05376,-0.05864,31.2528870,75.7042043,1.160,266.00
277.042,2.18351,5.99508,8.86333,-0.17593,-0.60598,0.12095,31.2528870,75.7042043,1.160,266.00
277.145,1.53229,4.18506,8.20253,-0.41417,0.30788,0.02932,31.2528870,75.7042043,1.160,266.00
277.248,1.33118,3.31836,5.17626,-0.02199,1.07634,0.35797,31.2528870,75.7042043,1.160,266.00
277.356,0.89064,4.44364,6.57927,0.10507,-0.34941,0.20159,31.2528870,75.7042043,1.160,266.00
277.460,2.52828,6.07648,9.54329,0.09285,-0.41661,0.16982,31.2528870,75.7042043,1.160,266.00
277.565,3.40934,5.01825,8.81066,-0.10263,-0.19792,0.05498,31.2528870,75.7042043,1.160,266.00
277.671,3.38540,3.84988,8.82503,0.26756,-0.25656,-0.13561,31.2528870,75.7042043,1.160,266.00
277.774,1.60412,3.49075,7.88171,-0.25779,0.07697,-0.38729,31.2528870,75.7042043,1.160,266.00
277.880,2.23618,5.01346,7.76679,0.06353,-0.91996,-0.36530,31.2528870,75.7042043,1.160,266.00
277.989,3.59609,5.69341,9.61990,0.46792,-0.47403,-0.05376,31.2528873,75.7041919,1.170,269.50
278.091,2.94008,6.04296,5.76524,0.12217,0.48869,-0.15272,31.2528873,75.7041919,1.170,269.50
278.194,1.56102,3.83551,8.01579,-0.33842,0.49969,-0.00489,31.2528873,75.7041919,1.170,269.50
278.302,2.16915,3.57694,8.26957,0.29199,0.02688,0.45448,31.2528873,75.7041919,1.170,269.50
278.407,2.69587,5.01346,6.33506,0.45571,0.12217,0.22113,31.2528873,75.7041919,1.170,269.50
278.511,3.64398,5.86579,7.92002,0.20036,-0.22113,-0.17593,31.2528873,75.7041919,1.170,269.50
278.613,3.27527,6.19141,9.09797,-0.10140,-0.19670,-0.08186,31.2528873,75.7041919,1.170,269.50
278.717,5.15232,5.04698,9.67257,-0.02566,-0.43249,-0.08552,31.2528873,75.7041919,1.170,269.50
278.824,3.02627,4.14676,5.71735,-0.33720,-0.47892,-0.26634,31.2528873,75.7041919,1.170,269.50
278.928,3.43807,5.20499,5.21457,0.21258,-0.21625,-0.09896,31.2528887,75.7041792,1.160,271.80
279.030,3.80678,6.01423,7.35020,-0.24679,-0.35186,-0.18204,31.2528887,75.7041792,1.160,271.80
279.132,3.59130,6.50744,8.79151,0.20159,0.33842,-0.07819,31.2528887,75.7041792,1.160,271.80
279.236,3.42371,5.90889,9.83538,0.14294,-0.36041,-0.11118,31.2528887,75.7041792,1.160,271.80
279.341,3.15077,4.50589,7.88650,-0.40684,-0.27733,-0.15149,31.2528887,75.7041792,1.160,271.80
279.446,1.64721,4.31435,5.33907,0.03665,0.63041,0.06353,31.2528887,75.7041792,1.160,271.80
279.551,2.57616,6.20577,7.28316,0.19303,0.08186,0.03421,31.2528887,75.7041792,1.160,271.80
279.655,4.57771,6.09564,10.40999,-0.29688,-0.20647,-0.17349,31.2528887,75.7041792,1.160,271.80
279.759,5.49709,5.08050,8.94474,-0.58765,-0.79290,-0.04154,31.2528887,75.7041792,1.160,271.80
279.863,3.66792,4.13718,4.03662,0.51313,0.12828,-0.06475,31.2528887,75.7041792,1.160,271.80
279.968,2.81558,4.02705,6.63673,-0.19914,0.12095,-0.30910,31.2528902,75.7041658,1.180,273.60
280.071,2.15478,6.44998,6.30154,-0.10385,-0.27855,-0.06475,31.2528902,75.7041658,1.180,273.60
280.175,4.49631,7.93917,9.36612,0.06964,-0.19059,0.19548,31.2528902,75.7041658,1.180,273.60
280.278,5.02304,6.68461,10.55843,-0.36774,-0.23335,0.39095,31.2528902,75.7041658,1.180,273.60
280.382,3.10289,4.93684,5.58328,0.66218,0.15516,0.20525,31.2528902,75.7041658,1.180,273.60
280.488,2.16436,3.62961,4.42448,-0.02077,0.45082,0.26267,31.2528902,75.7041658,1.180,273.60
280.592,3.20823,6.18183,5.48751,0.21502,-0.26389,0.12950,31.2528902,75.7041658,1.180,273.60
280.698,5.59285,8.32224,8.25042,-0.17471,-0.49358,-0.11362,31.2528902,75.7041658,1.180,273.60
280.802,4.70221,6.57927,7.96790,-0.81856,0.14050,-0.24801,31.2528902,75.7041658,1.180,273.60
280.906,4.71658,4.34308,6.29196,0.52779,0.42516,-0.26512,31.2528902,75.7041658,1.180,273.60
281.008,2.14042,3.50511,4.45800,-0.25779,0.06353,-0.21014,31.2528907,75.7041528,1.130,271.30
281.111,2.53785,5.97114,5.16190,-0.51801,-0.80879,-0.23946,31.2528907,75.7041528,1.130,271.30
281.214,3.78763,7.31189,9.56723,-0.23213,0.00122,-0.00489,31.2528907,75.7041528,1.130,271.30
281.318,1.72861,5.72693,8.09240,-0.57666,0.45204,0.62919,31.2528907,75.7041528,1.130,271.30
281.425,3.51948,4.09408,7.28316,0.54856,0.70738,0.58277,31.2528907,75.7041528,1.130,271.30
281.529,2.64320,2.64799,5.53061,-0.03176,0.63530,0.86743,31.2528907,75.7041528,1.130,271.30
281.632,4.30477,5.63116,5.38695,0.17226,-0.38729,0.73059,31.2528907,75.7041528,1.130,271.30
281.739,6.11479,6.22492,9.24641,-0.66218,-0.31521,-0.17837,31.2528907,75.7041528,1.130,271.30
281.843,5.09965,5.66947,8.63349,-0.20036,-0.74648,-0.05864,31.2528907,75.7041528,1.130,271.30
281.948,6.80432,2.45645,9.30387,0.64874,0.53023,-0.38729,31.2528906,75.7041387,1.190,269.30
282.050,3.98874,2.05422,3.00233,-0.11606,-0.32376,-0.74159,31.2528906,75.7041387,1.190,269.30
282.153,2.84910,4.13239,4.88896,-0.52657,-0.50824,-0.18204,31.2528906,75.7041387,1.190,269.30
282.259,5.61680,6.39252,10.08917,-0.42883,0.02321,0.08430,31.2528906,75.7041387,1.190,269.30
282.362,4.99909,5.97593,8.21211,0.14661,0.47281,-0.03543,31.2528906,75.7041387,1.190,269.30
282.465,3.80678,2.31280,9.78750,0.49602,0.87965,-0.08919,31.2528906,75.7041387,1.190,269.30
282.571,3.83072,3.37104,7.75243,0.35552,0.00733,-0.02688,31.2528906,75.7041387,1.190,269.30
282.676,3.22260,4.18506,6.26802,0.65851,0.02688,0.37263,31.2528906,75.7041387,1.190,269.30
282.778,5.86579,5.62637,6.54575,0.56933,-0.15516,-0.15882,31.2528906,75.7041387,1.190,269.30
282.882,5.01346,5.86579,7.44118,-0.21014,0.03054,-0.38851,31.2528906,75.7041387,1.190,269.30
282.987,8.35098,4.92727,11.08037,-0.26267,-0.04887,-0.10629,31.2528918,75.7041257,1.130,270.10
283.089,3.42850,4.13718,4.32872,-0.03421,-0.75136,-0.36774,31.2528918,75.7041257,1.130,270.10
283.194,2.48997,4.36702,5.52582,0.32865,-0.21991,-0.10140,31.2528918,75.7041257,1.130,270.10
283.298,3.84509,6.40210,6.95755,0.25779,-0.08186,0.13806,31.2528918,75.7041257,1.130,270.10
283.401,3.15077,6.70376,5.89931,0.45204,0.61575,0.51801,31.2528918,75.7041257,1.130,270.10
283.506,4.87938,6.16268,9.18895,-0.22235,0.52657,0.19548,31.2528918,75.7041257,1.130,270.10
283.612,5.40611,4.57771,8.59518,0.02199,0.40806,0.08674,31.2528918,75.7041257,1.130,270.10
283.714,3.63440,4.66391,3.61046,0.23457,0.35186,0.31765,31.2528918,75.7041257,1.130,270.10
283.818,5.32470,6.64630,6.41646,-0.03176,-0.46548,-0.15516,31.2528918,75.7041257,1.130,270.10
283.924,4.07493,6.24408,7.39808,0.31521,-0.05376,0.04643,31.2528907,75.7041134,1.080,268.80
284.026,8.10677,5.09007,6.81869,-0.77213,-0.81489,0.32254,31.2528907,75.7041134,1.080,268.80
284.130,4.62560,4.10845,5.24330,-0.10629,0.36896,-0.37263,31.2528907,75.7041134,1.080,268.80
284.233,3.26090,4.65433,5.29119,-0.13317,-0.01833,-0.09407,31.2528907,75.7041134,1.080,268.80
284.337,4.36224,5.82749,5.84664,0.06964,-0.79901,0.43005,31.2528907,75.7041134,1.080,268.80
284.442,6.41646,6.94797,5.95199,0.55955,0.38973,0.20769,31.2528907,75.7041134,1.080,268.80
284.546,7.27358,6.16268,6.20577,-0.35552,1.70676,0.58032,31.2528907,75.7041134,1.080,268.80
284.650,3.83551,4.84586,6.89530,0.29810,-0.06231,0.19548,31.2528907,75.7041134,1.080,268.80
284.754,3.18429,4.03184,4.78840,0.24435,1.21807,0.27855,31.2528907,75.7041134,1.080,268.80
284.859,5.56412,5.20021,6.86657,0.59376,-0.10385,-0.15638,31.2528907,75.7041134,1.080,268.80
284.962,4.97036,7.13951,6.03818,-0.15272,-0.14416,-0.34941,31.2528895,75.7041009,1.060,264.80
285.066,4.90811,6.23450,5.09486,-1.09956,0.37263,-0.01833,31.2528895,75.7041009,1.060,264.80
285.169,4.46279,3.75890,6.25365,-0.12950,-0.39706,0.09896,31.2528895,75.7041009,1.060,264.80
285.275,4.22337,4.25689,8.06846,-0.31765,-0.65485,-0.50824,31.2528895,75.7041009,1.060,264.80
285.379,3.97437,5.55455,7.04853,-0.13561,-0.45693,-0.37385,31.2528895,75.7041009,1.060,264.80
285.484,5.89452,6.78038,7.09163,0.57666,-0.49114,0.05009,31.2528895,75.7041009,1.060,264.80
285.587,3.56736,6.98628,5.43484,0.15638,0.09774,0.31154,31.2528895,75.7041009,1.060,264.80
285.690,3.29921,4.69742,7.00543,0.17104,0.85032,0.40561,31.2528895,75.7041009,1.060,264.80
285.793,5.53061,4.77404,6.74686,-0.12584,-0.31765,0.41172,31.2528895,75.7041009,1.060,264.80
285.898,3.67749,4.98952,4.77404,0.15394,0.31032,0.28100,31.2528895,75.7041009,1.060,264.80
286.003,5.00867,6.75165,6.35900,0.07208,-0.35552,0.10263,31.2528893,75.7040890,1.050,263.90
286.106,6.23450,6.87615,8.16423,-0.27245,-0.19059,-0.42516,31.2528893,75.7040890,1.050,263.90
286.211,6.63194,5.03261,8.98783,-0.73793,-0.23579,-0.33842,31.2528893,75.7040890,1.050,263.90
286.314,4.40054,3.70622,5.19063,0.01955,-0.57788,-0.22724,31.2528893,75.7040890,1.050,263.90
286.419,4.29999,4.22337,4.16591,-0.42272,-0.22480,-0.09529,31.2528893,75.7040890,1.050,263.90
286.524,3.76368,5.46836,6.41646,-0.59987,-0.57910,0.12095,31.2528893,75.7040890,1.050,263.90
286.627,6.36858,6.43083,8.54730,-0.27122,-0.25656,0.15516,31.2528893,75.7040890,1.050,263.90
286.732,8.03973,5.69820,8.44674,-0.53145,-0.29199,0.38240,31.2528893,75.7040890,1.050,263.90
286.837,4.27126,3.50511,7.20176,0.25290,0.42516,0.00977,31.2528893,75.7040890,1.050,263.90
286.940,3.22738,2.61926,6.70376,-0.10018,0.27367,0.06109,31.2528883,75.7040755,1.070,261.80
287.043,4.84586,4.31435,5.66947,0.69150,-0.41783,0.33598,31.2528883,75.7040755,1.070,261.80
287.146,8.03973,5.24330,8.15944,0.19792,-0.30910,-0.33964,31.2528883,75.7040755,1.070,261.80
287.251,6.74686,5.39174,4.09887,-0.66706,-0.66218,-0.28344,31.2528883,75.7040755,1.070,261.80
287.356,6.31112,2.71024,6.77080,0.32132,1.24128,-0.14416,31.2528883,75.7040755,1.070,261.80
287.461,5.81312,3.84030,3.75411,-0.05009,-0.62064,-0.67806,31.2528883,75.7040755,1.070,261.80
287.567,3.66792,5.05177,6.91924,-0.24435,-0.19670,-0.39462,31.2528883,75.7040755,1.070,261.80
287.671,5.52582,6.58405,7.28316,0.38362,0.13561,0.10263,31.2528883,75.7040755,1.070,261.80
287.775,3.42371,5.82749,6.55054,0.33353,-0.31276,-0.25045,31.2528883,75.7040755,1.070,261.80
287.878,3.81157,3.51948,7.90087,0.34208,1.36712,0.27245,31.2528883,75.7040755,1.070,261.80
287.982,4.38618,3.12204,6.57448,0.13073,0.43982,0.65485,31.2528868,75.7040640,1.000,260.00
288.085,5.06613,5.05655,4.75967,0.29566,-0.11851,0.69516,31.2528868,75.7040640,1.000,260.00
288.187,6.04775,5.92325,6.44998,0.00611,-0.13073,-0.03910,31.2528868,75.7040640,1.000,260.00
288.292,5.92325,5.62159,7.37414,-0.11240,-0.33720,-0.19426,31.2528868,75.7040640,1.000,260.00
288.397,8.04452,4.32872,10.19930,-1.03603,-0.30665,-0.37507,31.2528868,75.7040640,1.000,260.00
288.501,4.90333,3.76368,5.18105,-0.10263,-0.42638,-0.21747,31.2528868,75.7040640,1.000,260.00
288.605,4.06535,4.30956,4.75010,-0.07453,0.17593,-0.26145,31.2528868,75.7040640,1.000,260.00
288.710,4.13718,5.01825,6.62715,0.02077,-0.39218,0.12095,31.2528868,75.7040640,1.000,260.00
288.814,6.10521,6.12437,8.73884,0.45082,0.29077,0.02688,31.2528868,75.7040640,1.000,260.00
288.921,6.38773,5.86101,8.14507,-0.46670,0.97372,0.32620,31.2528855,75.7040528,0.930,257.00
289.022,2.70545,4.09887,7.15866,0.65973,0.84177,0.18937,31.2528855,75.7040528,0.930,257.00
289.126,3.98395,3.37582,6.42604,0.58521,0.67928,0.46304,31.2528855,75.7040528,0.930,257.00
289.231,3.45723,4.89854,4.76925,0.64385,0.00611,0.45448,31.2528855,75.7040528,0.930,257.00
289.333,5.82749,7.12036,6.60321,0.15394,0.17715,-0.12584,31.2528855,75.7040528,0.930,257.00
289.437,5.14275,6.86178,10.44351,0.26512,0.37996,-0.44227,31.2528855,75.7040528,0.930,257.00
289.539,4.97036,5.00867,10.13226,0.44838,0.47403,-0.17471,31.2528855,75.7040528,0.930,257.00
289.641,2.25055,4.68306,2.69587,0.59010,-0.20525,-0.11240,31.2528855,75.7040528,0.930,257.00
289.745,3.04064,5.93762,4.43406,-0.25901,-0.33353,-0.30665,31.2528855,75.7040528,0.930,257.00
289.851,2.06859,7.24485,6.30154,-0.02566,-0.39828,-0.10996,31.2528855,75.7040528,0.930,257.00
289.954,3.11246,7.66145,8.91601,0.40928,0.20159,0.00855,31.2528852,75.7040427,0.940,255.20
290.057,3.40934,6.91924,8.14029,-0.73915,0.12462,0.23702,31.2528852,75.7040427,0.940,255.20
290.164,2.31759,5.34865,6.42125,-0.15516,0.39828,0.35552,31.2528852,75.7040427,0.940,255.20
290.267,1.81002,4.46758,5.05655,0.01710,0.77946,0.57666,31.2528852,75.7040427,0.940,255.20
290.371,4.23295,6.94797,6.35421,-0.12828,-0.68783,0.42883,31.2528852,75.7040427,0.940,255.20
290.475,4.13239,7.28316,7.21134,-0.15760,-0.31276,-0.31765,31.2528852,75.7040427,0.940,255.20
290.578,4.60166,7.02938,6.18183,-0.33598,-0.34331,-0.34453,31.2528852,75.7040427,0.940,255.20
290.684,4.58729,4.12760,7.66145,0.08430,0.12462,-0.52412,31.2528852,75.7040427,0.940,255.20
290.788,4.17070,4.77404,5.85622,-0.29932,-0.23702,-0.47770,31.2528852,75.7040427,0.940,255.20
290.892,2.68151,5.73651,5.68862,-0.22113,-0.42761,-0.35308,31.2528852,75.7040427,0.940,255.20
290.995,3.80678,7.09163,6.97192,-0.13561,-0.33842,0.23579,31.2528849,75.7040321,0.960,258.30
291.098,3.60567,7.35978,7.27837,0.08430,0.21136,0.14783,31.2528849,75.7040321,0.960,258.30
291.201,3.20823,4.26168,9.28950,0.00855,0.88209,-0.09774,31.2528849,75.7040321,0.960,258.30
291.305,3.27527,4.54898,6.68461,-0.15149,-0.58154,0.34208,31.2528849,75.7040321,0.960,258.30
291.410,2.35589,4.16112,5.80354,0.32498,0.80879,0.32742,31.2528849,75.7040321,0.960,258.30
291.512,3.53384,5.45399,7.28795,0.24312,-0.21625,0.53390,31.2528849,75.7040321,0.960,258.30
291.616,5.52103,7.11557,6.45956,0.01588,-0.62675,-0.25779,31.2528849,75.7040321,0.960,258.30
291.722,5.75087,5.76524,7.67102,-0.79657,-0.39462,-0.49480,31.2528849,75.7040321,0.960,258.30
291.827,3.42850,4.07014,5.44920,-0.04276,0.14050,-0.37263,31.2528849,75.7040321,0.960,258.30
291.929,5.01346,4.30956,7.67102,-0.43860,-0.10140,-0.13806,31.2528841,75.7040212,0.990,261.90
292.031,2.88262,5.68384,5.02304,-0.11973,-0.30543,-0.19670,31.2528841,75.7040212,0.990,261.90
292.135,3.72059,6.60321,7.68060,-0.09652,0.04276,0.14416,31.2528841,75.7040212,0.990,261.90
292.239,4.10366,6.62236,8.03494,0.21991,0.38362,0.21258,31.2528841,75.7040212,0.990,261.90
292.343,3.62961,3.56736,9.22725,0.61575,1.09711,0.07575,31.2528841,75.7040212,0.990,261.90
292.448,4.45800,4.36224,7.01501,-0.08063,-0.48503,0.30299,31.2528841,75.7040212,0.990,261.90
292.553,2.77727,4.87938,5.25288,0.21625,0.49602,0.40561,31.2528841,75.7040212,0.990,261.90
292.658,4.71658,5.91368,7.24485,-0.09163,-0.40317,0.26267,31.2528841,75.7040212,0.990,261.90
292.762,5.31992,6.39731,7.78594,-0.01588,-0.41294,-0.29199,31.2528841,75.7040212,0.990,261.90
292.864,5.23851,5.54976,7.22570,-0.98838,-0.13317,-0.29077,31.2528841,75.7040212,0.990,261.90
292.967,4.31914,3.83551,6.14831,0.33598,0.16371,-0.48869,31.2528838,75.7040101,0.980,263.80
293.070,4.19943,4.30956,6.67982,-0.47770,-0.11606,-0.43494,31.2528838,75.7040101,0.980,263.80
293.174,2.73897,5.61680,5.57849,0.00977,-0.27245,-0.23579,31.2528838,75.7040101,0.980,263.80
293.278,3.99353,6.60800,7.66623,-0.02199,-0.16982,-0.00244,31.2528838,75.7040101,0.980,263.80
293.382,3.41892,6.61757,7.44597,0.23213,0.41417,0.09163,31.2528838,75.7040101,0.980,263.80
293.486,3.18429,4.16591,10.47703,-0.04032,1.29015,0.03299,31.2528838,75.7040101,0.980,263.80
293.590,3.40934,4.65433,7.10599,0.21014,0.68661,0.31887,31.2528838,75.7040101,0.980,263.80
293.694,1.06781,3.92649,6.62715,0.29688,1.34757,0.43127,31.2528838,75.7040101,0.980,263.80
293.796,-0.77093,4.20901,4.83629,-0.32132,1.70798,1.99997,31.2528838,75.7040101,0.980,263.80
293.899,-0.15802,4.28562,9.48104,-3.71040,3.62976,2.66337,31.2528838,75.7040101,0.980,263.80
294.003,5.93283,2.80122,16.02679,0.95661,-1.39033,0.55100,31.2528829,75.7039991,0.950,265.70
294.106,2.56658,2.24576,9.72046,2.58763,-1.48562,-1.00915,31.2528829,75.7039991,0.950,265.70
294.211,2.32716,0.58897,7.82904,-0.77458,0.86499,0.64996,31.2528829,75.7039991,0.950,265.70
294.315,3.05979,2.43251,7.75243,0.58643,-0.43249,-0.48869,31.2528829,75.7039991,0.950,265.70
294.419,1.04387,4.63039,8.59518,0.70127,0.82711,0.25901,31.2528829,75.7039991,0.950,265.70
294.526,0.25379,3.35188,10.56801,-0.51435,1.57359,1.09101,31.2528829,75.7039991,0.950,265.70
294.627,0.02873,2.56180,9.41879,-0.59254,0.33598,-0.14661,31.2528829,75.7039991,0.950,265.70
294.730,-0.41180,3.25611,8.02536,0.49236,0.85032,0.48991,31.2528829,75.7039991,0.950,265.70
294.833,0.66080,3.80199,7.57047,-0.09041,0.58154,0.91019,31.2528829,75.7039991,0.950,265.70
294.938,1.99676,4.65912,8.98304,0.59132,0.22113,0.24679,31.2528821,75.7039877,0.970,263.40
295.043,0.23463,5.65989,11.47301,1.10689,-0.20769,-0.46548,31.2528821,75.7039877,0.970,263.40
295.145,-1.59454,4.62560,9.80186,0.56566,-0.74159,-0.24557,31.2528821,75.7039877,0.970,263.40
295.250,0.85234,3.57215,8.18338,-0.18570,-0.18204,-0.57055,31.2528821,75.7039877,0.970,263.40
295.353,-0.57461,3.79720,6.66067,0.42638,-0.62919,-0.71105,31.2528821,75.7039877,0.970,263.40
295.456,-0.90501,5.03261,7.41724,0.41417,-0.35186,-0.40317,31.2528821,75.7039877,0.970,263.40
295.558,-1.97761,6.19141,8.64786,0.52901,0.52901,0.25412,31.2528821,75.7039877,0.970,263.40
295.661,-3.84030,5.63595,9.84975,-0.64630,1.31336,0.51435,31.2528821,75.7039877,0.970,263.40
295.766,-1.97282,4.63039,7.56568,-0.30543,-0.04643,-0.12095,31.2528821,75.7039877,0.970,263.40
295.870,-1.04387,4.36224,5.36301,-0.26878,0.14539,0.34208,31.2528821,75.7039877,0.970,263.40
295.974,-0.28252,5.87058,7.10599,0.65729,0.37385,0.45082,31.2528816,75.7039749,1.130,263.60
296.077,-0.27773,7.04374,8.70532,-0.26267,0.23824,0.12462,31.2528816,75.7039749,1.130,263.60
296.182,-0.29688,7.77637,11.26232,-0.04154,0.52534,-0.36530,31.2528816,75.7039749,1.130,263.60
296.286,0.12929,4.38618,8.48984,0.22358,-1.72508,-0.78924,31.2528816,75.7039749,1.130,263.60
296.392,-0.90980,4.40054,8.58082,1.21196,-0.52534,-0.95417,31.2528816,75.7039749,1.130,263.60
296.496,-1.73819,4.95600,5.76045,-0.44349,-1.68232,-0.46059,31.2528816,75.7039749,1.130,263.60
296.600,-2.20745,4.76446,6.67982,-1.20585,-1.40499,-0.05864,31.2528816,75.7039749,1.130,263.60
296.701,-1.22104,3.08852,9.19373,-1.93522,-0.00611,-0.37507,31.2528816,75.7039749,1.130,263.60
296.807,-1.21147,0.38307,11.72201,-1.89124,0.09896,-0.49969,31.2528816,75.7039749,1.130,263.60
296.909,-0.89064,1.29766,9.31823,-1.06535,0.52412,0.26756,31.2528816,75.7039749,1.130,263.60
297.011,-0.10056,0.32082,7.62314,-0.76480,0.13439,1.86558,31.2528803,75.7039613,1.290,264.00
297.114,-0.06225,1.19231,10.97981,-0.64996,1.47219,0.92241,31.2528803,75.7039613,1.290,264.00
297.218,-1.16837,0.42138,15.16008,0.21014,-0.24801,0.63041,31.2528803,75.7039613,1.290,264.00
297.323,-1.81002,-2.17394,12.67490,0.54856,0.65851,1.00304,31.2528803,75.7039613,1.290,264.00
297.428,1.20189,-0.88107,6.89530,0.67073,-0.31765,-0.98105,31.2528803,75.7039613,1.290,264.00
297.533,0.42617,-1.31202,7.47949,-1.06046,-3.50392,-1.18752,31.2528803,75.7039613,1.290,264.00
297.636,1.39343,-0.14365,9.64384,-0.08430,1.09711,-0.91630,31.2528803,75.7039613,1.290,264.00
297.740,1.45567,0.19154,12.48816,-1.69088,-1.35490,0.23091,31.2528803,75.7039613,1.290,264.00
297.843,2.39420,-1.90578,14.09227,1.09589,1.68599,0.70983,31.2528803,75.7039613,1.290,264.00
297.946,-1.58496,0.14844,8.03015,0.77702,0.46426,0.16982,31.2528794,75.7039479,1.180,264.90
298.049,-0.38786,-0.16281,7.36456,-0.11362,-0.43127,1.21562,31.2528794,75.7039479,1.180,264.90
298.151,-0.48363,1.64721,6.89530,0.69394,-0.57055,0.73182,31.2528794,75.7039479,1.180,264.90
298.254,2.64799,1.42694,8.92558,-0.16616,-0.32254,-0.50091,31.2528794,75.7039479,1.180,264.90
298.356,3.56736,1.06303,11.76032,-0.53023,-0.12095,-0.17593,31.2528794,75.7039479,1.180,264.90
298.459,5.19542,-2.40857,13.46978,0.02199,-0.50335,-0.97983,31.2528794,75.7039479,1.180,264.90
298.564,1.69988,0.39265,4.35745,1.95477,1.78128,-0.75747,31.2528794,75.7039479,1.180,264.90
298.667,0.90022,-0.37828,8.80109,-0.90652,-2.22844,-1.05313,31.2528794,75.7039479,1.180,264.90
298.772,1.22583,0.61292,8.59997,0.37874,0.31643,-0.78435,31.2528794,75.7039479,1.180,264.90
298.875,-0.29209,1.49398,10.47703,-0.19059,0.70983,0.26145,31.2528794,75.7039479,1.180,264.90
298.981,-0.22027,-0.30646,12.68927,-1.82038,0.34208,1.30114,31.2528779,75.7039368,1.020,262.80
299.084,-0.47405,0.08619,9.86890,1.20829,-0.08430,0.25412,31.2528779,75.7039368,1.020,262.80
299.190,-0.35913,1.50835,6.37336,-0.15394,0.48747,1.16187,31.2528779,75.7039368,1.020,262.80
299.295,1.25935,1.49877,8.87770,0.00489,-0.05009,1.01404,31.2528779,75.7039368,1.020,262.80
299.399,2.61447,1.39821,10.61589,-0.34697,0.00122,0.88698,31.2528779,75.7039368,1.020,262.80
299.503,3.74932,0.53151,13.85764,-0.28344,0.06109,0.18937,31.2528779,75.7039368,1.020,262.80
299.606,3.80199,-0.45490,8.72926,0.58765,-0.33109,-1.34390,31.2528779,75.7039368,1.020,262.80
299.711,1.87705,-0.33519,8.01100,0.75259,0.23946,-1.24617,31.2528779,75.7039368,1.020,262.80
299.815,1.80523,1.18274,5.09965,0.21014,-0.43616,-1.29748,31.2528779,75.7039368,1.020,262.80
299.918,0.27294,1.05345,11.64061,-0.82955,0.81245,-0.07086,31.2528760,75.7039275,0.890,260.30
300.021,-0.58897,0.56503,13.38359,-0.33475,-0.25412,0.09163,31.2528760,75.7039275,0.890,260.30
300.123,-1.83875,-0.49799,11.97580,0.12706,-0.57544,-0.12339,31.2528760,75.7039275,0.890,260.30
300.227,-1.36469,1.90100,5.40132,0.80146,1.14598,0.24923,31.2528760,75.7039275,0.890,260.30
300.333,-0.25857,1.88663,7.03895,-0.46914,0.48136,1.19974,31.2528760,75.7039275,0.890,260.30
300.438,1.39343,1.58017,10.36211,-0.52046,0.15638,0.97494,31.2528760,75.7039275,0.890,260.30
300.542,1.74777,2.82037,13.26867,0.08919,-0.12095,-0.30543,31.2528760,75.7039275,0.890,260.30
300.646,1.37906,1.77650,16.66364,-0.09163,0.70005,-0.03910,31.2528760,75.7039275,0.890,260.30
300.751,1.65200,0.75657,7.94396,1.09467,-0.09041,-0.84055,31.2528760,75.7039275,0.890,260.30
300.856,0.44532,0.16759,6.44998,0.40928,-0.95906,-0.85888,31.2528760,75.7039275,0.890,260.30
300.960,-0.72784,1.74777,6.91924,0.21136,-0.12462,-0.13806,31.2528754,75.7039162,1.100,260.90
301.064,-0.83797,1.78129,10.80264,-0.65118,-0.41539,-0.03299,31.2528754,75.7039162,1.100,260.90
301.165,-0.82839,1.80044,11.51611,-1.78984,1.05558,0.61697,31.2528754,75.7039162,1.100,260.90
301.267,-0.62728,1.51792,11.20486,-0.57544,-0.57177,-0.13195,31.2528754,75.7039162,1.100,260.90
301.372,-0.32561,1.77650,6.24887,0.62675,0.16127,0.46426,31.2528754,75.7039162,1.100,260.90
301.475,0.55067,2.39899,7.43639,0.19914,0.36652,1.07634,31.2528754,75.7039162,1.100,260.90
301.580,2.41336,2.48997,11.31021,0.00367,-0.36896,0.30299,31.2528754,75.7039162,1.100,260.90
301.685,2.81558,4.02226,12.43070,-0.07697,0.18204,-0.21747,31.2528754,75.7039162,1.100,260.90
301.789,2.66235,0.74220,9.55287,0.58032,-1.40377,-0.97372,31.2528754,75.7039162,1.100,260.90
301.894,1.85311,0.58419,7.87692,0.60964,0.34941,-0.57788,31.2528754,75.7039162,1.100,260.90
301.998,1.26893,1.66636,6.59842,0.07453,-0.84177,-0.82955,31.2528751,75.7039050,1.020,260.60
302.101,0.71347,2.64799,8.77714,-0.00733,0.15149,-0.02077,31.2528751,75.7039050,1.020,260.60
302.206,0.58897,2.93529,11.01812,-0.72937,0.72937,0.62308,31.2528751,75.7039050,1.020,260.60
302.310,0.42138,0.94332,10.75475,-0.50457,-1.38422,-0.37018,31.2528751,75.7039050,1.020,260.60
302.413,-0.28730,2.50433,5.78439,1.06535,1.21684,0.21747,31.2528751,75.7039050,1.020,260.60
302.518,1.35033,2.68151,7.22091,-0.02321,-0.08552,0.89675,31.2528751,75.7039050,1.020,260.60
302.624,1.77171,3.07894,9.53371,0.20281,0.21380,0.58154,31.2528751,75.7039050,1.020,260.60
302.728,2.35589,4.14197,10.88404,-0.00489,-0.47892,-0.25168,31.2528751,75.7039050,1.020,260.60
302.832,3.28006,0.56982,12.57435,0.39584,-1.09589,-0.74648,31.2528751,75.7039050,1.020,260.60
302.936,2.73418,1.42694,8.99741,0.90042,0.69639,-0.98838,31.2528749,75.7038934,1.120,263.90
303.038,-0.38307,2.87304,6.61278,1.24494,-0.17959,-0.69639,31.2528749,75.7038934,1.120,263.90
303.142,0.45011,2.87304,7.40287,0.23702,-0.70372,0.33475,31.2528749,75.7038934,1.120,263.90
303.245,0.38307,3.35188,9.58160,0.12095,0.58765,0.53634,31.2528749,75.7038934,1.120,263.90
303.350,-0.88107,3.29921,12.53125,-1.06535,0.45204,0.61942,31.2528749,75.7038934,1.120,263.90
303.455,-0.91459,3.74453,7.54174,0.34697,0.66462,0.25779,31.2528749,75.7038934,1.120,263.90
303.558,1.03430,2.86347,6.44040,-0.28344,0.33353,1.11788,31.2528749,75.7038934,1.120,263.90
303.663,3.53863,3.48596,7.94875,0.02077,0.51191,0.84177,31.2528749,75.7038934,1.120,263.90
303.767,3.80678,4.72615,11.97101,-0.66218,0.02443,-0.24679,31.2528749,75.7038934,1.120,263.90
303.870,2.46603,1.81480,15.62456,-0.57421,0.07941,-0.21747,31.2528749,75.7038934,1.120,263.90
303.975,2.17872,1.66636,8.62391,1.10444,0.12095,-1.35856,31.2528746,75.7038800,1.150,265.50
304.078,1.10612,1.18752,6.70855,0.46059,-1.11911,-1.24372,31.2528746,75.7038800,1.150,265.50
304.182,0.84755,2.40857,8.17859,0.07208,-0.73304,-0.66584,31.2528746,75.7038800,1.150,265.50
304.288,0.09577,3.10289,9.87848,0.02443,-0.82711,-0.22113,31.2528746,75.7038800,1.150,265.50
304.395,-2.04944,3.49075,11.66934,-0.83689,0.77336,-0.55589,31.2528746,75.7038800,1.150,265.50
304.496,-2.48518,3.87861,7.74764,0.26878,0.28833,-0.07330,31.2528746,75.7038800,1.150,265.50
304.598,0.64643,3.61046,5.41568,-0.02810,0.59987,0.79412,31.2528746,75.7038800,1.150,265.50
304.702,1.60890,4.22816,8.26957,-0.45693,0.71716,0.98227,31.2528746,75.7038800,1.150,265.50
304.807,1.03430,4.46279,14.18325,-0.57544,0.14172,0.50457,31.2528746,75.7038800,1.150,265.50
304.909,0.79009,2.94487,12.58392,0.46792,0.09896,0.24068,31.2528764,75.7038673,1.190,275.10
305.010,2.01113,2.60489,6.87136,0.35430,-0.35308,0.14661,31.2528764,75.7038673,1.190,275.10
305.114,2.83473,1.92015,7.69975,-0.22113,-0.64019,-0.12950,31.2528764,75.7038673,1.190,275.10
305.218,1.39821,3.38061,7.70454,0.26267,0.43860,-0.77580,31.2528764,75.7038673,1.190,275.10
305.324,0.69432,4.00789,10.44830,-0.16982,0.16005,-0.10751,31.2528764,75.7038673,1.190,275.10
305.428,-0.51715,5.46836,8.27436,-1.08490,0.74037,0.57788,31.2528764,75.7038673,1.190,275.10
305.531,-1.15401,4.18506,10.04607,-0.47159,-0.58277,-0.30543,31.2528764,75.7038673,1.190,275.10
305.634,0.48363,3.22738,7.70933,0.80023,-0.13439,-0.16493,31.2528764,75.7038673,1.190,275.10
305.739,-0.56503,4.50589,7.31668,0.40073,1.24739,0.10507,31.2528764,75.7038673,1.190,275.10
305.843,-0.84755,3.98395,12.44027,0.07941,0.85277,0.63530,31.2528764,75.7038673,1.190,275.10
305.947,-4.31914,1.43652,12.65575,2.65726,0.91141,-0.97494,31.2528789,75.7038535,1.290,280.10
306.051,-1.16837,0.71826,8.73405,0.44349,-0.65240,-0.15272,31.2528789,75.7038535,1.290,280.10
306.155,4.09408,-4.58250,3.81157,0.25656,0.00244,-0.42516,31.2528789,75.7038535,1.290,280.10
306.260,-1.45089,1.20189,5.89931,-2.33961,-0.73670,-1.80816,31.2528789,75.7038535,1.290,280.10
306.364,-4.06535,4.69742,16.07467,-2.04273,-0.31398,-1.40499,31.2528789,75.7038535,1.290,280.10
306.469,-8.08282,4.48195,17.19995,-0.97861,-1.37811,-0.55467,31.2528789,75.7038535,1.290,280.10
306.571,-5.24330,5.76524,17.28135,-0.33964,-0.95906,1.34024,31.2528789,75.7038535,1.290,280.10
306.676,-3.07894,3.38061,10.61110,2.48744,-0.31887,1.67377,31.2528789,75.7038535,1.290,280.10
306.781,-0.72784,-2.88262,7.52258,2.52532,-0.15760,1.10078,31.2528789,75.7038535,1.290,280.10
306.885,0.43574,-4.13239,5.84664,1.98287,-0.79046,-0.17104,31.2528789,75.7038535,1.290,280.10
306.988,0.68474,0.39744,2.54743,0.55711,-0.16127,-0.99693,31.2528832,75.7038412,1.180,287.00
307.092,1.08697,6.36858,6.42604,-1.41599,0.15149,-1.38422,31.2528832,75.7038412,1.180,287.00
307.201,0.35913,6.71813,11.26232,-3.11541,-0.78802,-0.32865,31.2528832,75.7038412,1.180,287.00
307.304,0.64643,5.83706,9.87848,-0.75014,-0.92118,-0.69394,31.2528832,75.7038412,1.180,287.00
307.406,-0.34955,4.12760,9.30866,0.50335,-0.42272,-0.77824,31.2528832,75.7038412,1.180,287.00
307.510,-1.03908,3.71101,9.44273,0.86621,0.95173,-0.03543,31.2528832,75.7038412,1.180,287.00
307.613,-2.35111,3.89776,10.77870,-0.27122,1.53572,1.39644,31.2528832,75.7038412,1.180,287.00
307.716,-1.53229,1.24020,10.22803,0.12828,-0.95295,1.16553,31.2528832,75.7038412,1.180,287.00
307.819,0.10056,1.63763,5.84664,-0.09285,0.69150,0.73304,31.2528832,75.7038412,1.180,287.00
307.922,-0.01437,4.28562,6.66067,0.11118,0.62797,0.28955,31.2528860,75.7038296,0.980,289.10
308.024,-1.01035,5.77960,10.09874,0.06475,0.87476,0.43005,31.2528860,75.7038296,0.980,289.10
308.128,1.13485,5.48272,10.25197,0.23579,-0.54734,0.33598,31.2528860,75.7038296,0.980,289.10
308.233,1.92015,2.15478,14.48492,0.34575,-0.07575,0.00977,31.2528860,75.7038296,0.980,289.10
308.338,2.14999,1.72861,9.51935,0.28466,-0.56200,-1.14598,31.2528860,75.7038296,0.980,289.10
308.441,-0.91937,2.34153,6.01902,0.67073,-0.95295,-1.48685,31.2528860,75.7038296,0.980,289.10
308.546,-1.64242,4.24253,8.03015,0.39706,-0.13561,-0.66340,31.2528860,75.7038296,0.980,289.10
308.650,-2.52828,4.69742,10.47224,-0.27245,0.03910,0.11729,31.2528860,75.7038296,0.980,289.10
308.755,-3.68707,2.90177,13.57512,-0.57910,-0.21747,0.22235,31.2528860,75.7038296,0.980,289.10
308.859,-3.39019,4.04141,6.05733,0.39462,0.47281,-0.13806,31.2528860,75.7038296,0.980,289.10
308.962,-1.92973,3.71101,5.88016,-0.13439,0.65363,1.18264,31.2528873,75.7038166,1.160,286.60
309.071,0.18675,4.75488,8.24563,-0.07086,0.28833,1.10689,31.2528873,75.7038166,1.160,286.60
309.176,0.46926,6.47871,10.68772,-0.21502,0.34819,0.09529,31.2528873,75.7038166,1.160,286.60
309.282,-0.57461,3.77805,12.79940,0.23579,-0.33720,0.09774,31.2528873,75.7038166,1.160,286.60
309.387,0.95289,3.82593,7.07247,0.45815,0.52168,-0.32132,31.2528873,75.7038166,1.160,286.60
309.490,0.00000,3.50032,6.90488,0.24679,-0.81734,-0.78313,31.2528873,75.7038166,1.160,286.60
309.594,-0.75657,4.52025,6.54096,0.35675,-0.39828,-0.56322,31.2528873,75.7038166,1.160,286.60
309.698,-2.58095,5.03740,10.50576,0.01955,-0.05986,0.16249,31.2528873,75.7038166,1.160,286.60
309.804,-3.66792,4.22816,11.60709,-1.27182,0.69028,0.84666,31.2528873,75.7038166,1.160,286.60
309.908,-3.16035,3.98874,7.42203,0.02077,0.51801,0.15149,31.2528873,75.7038166,1.160,286.60
310.011,-1.54665,2.87304,6.06691,-0.61209,0.38362,1.23273,31.2528882,75.7038041,1.140,279.60
310.115,0.68953,3.77326,7.01980,-0.15027,0.90775,1.37933,31.2528882,75.7038041,1.140,279.60
310.220,2.25055,4.51068,10.05565,-0.86254,0.32009,0.55833,31.2528882,75.7038041,1.140,279.60
310.324,0.77093,4.44843,17.15206,-0.06475,0.73670,-0.67440,31.2528882,75.7038041,1.140,279.60
310.428,0.18196,1.94409,7.63750,1.05313,-1.59191,-1.19852,31.2528882,75.7038041,1.140,279.60
310.531,0.32561,1.34554,8.38928,0.58032,-0.71716,-1.21684,31.2528882,75.7038041,1.140,279.60
310.637,-1.72383,2.86825,6.58405,0.46304,-0.87965,-1.39399,31.2528882,75.7038041,1.140,279.60
310.742,-3.16513,3.70622,8.91122,-0.01344,0.04520,-0.40439,31.2528882,75.7038041,1.140,279.60
310.847,-3.02627,3.50990,11.46823,-1.80450,1.23883,0.63530,31.2528882,75.7038041,1.140,279.60
310.951,-3.01191,2.46603,7.43639,-0.22480,-0.80268,-0.15882,31.2528883,75.7037927,1.120,273.80
311.056,-2.00155,2.87783,6.53617,-1.02748,0.61087,0.99815,31.2528883,75.7037927,1.120,273.80
311.161,-0.45969,3.59609,8.07325,-0.32498,0.14050,1.17897,31.2528883,75.7037927,1.120,273.80
311.264,-0.67995,3.49075,10.58237,-0.03176,0.05376,1.07757,31.2528883,75.7037927,1.120,273.80
311.370,1.54187,3.46202,13.36443,-0.29199,-0.37751,0.15027,31.2528883,75.7037927,1.120,273.80
311.473,1.13485,0.50278,10.72124,1.00182,-1.19119,-0.66340,31.2528883,75.7037927,1.120,273.80
311.576,1.59933,0.78051,8.47547,0.45937,0.09163,-0.60720,31.2528883,75.7037927,1.120,273.80
311.681,0.39744,1.98240,5.86579,0.30055,-0.74159,-0.70005,31.2528883,75.7037927,1.120,273.80
311.785,0.50278,2.32238,7.95833,0.24435,-0.34941,-0.27000,31.2528883,75.7037927,1.120,273.80
311.890,-0.04788,2.73897,10.80264,-0.61820,0.73059,0.28344,31.2528883,75.7037927,1.120,273.80
311.995,-1.32160,1.45567,14.13537,-0.40073,-0.31887,-0.05498,31.2528878,75.7037796,1.150,266.80
312.096,-1.96803,2.88262,5.45399,0.18082,0.30543,0.03787,31.2528878,75.7037796,1.150,266.80
312.200,-0.14844,2.23140,6.63673,-0.30055,0.57055,0.92729,31.2528878,75.7037796,1.150,266.80
312.307,0.19154,2.13084,8.85855,-0.34575,0.64507,1.18997,31.2528878,75.7037796,1.150,266.80
312.410,0.75657,2.82037,10.97023,-0.42883,0.02321,0.26512,31.2528878,75.7037796,1.150,266.80
312.514,1.76692,2.51870,14.61900,-0.88331,0.95417,0.27245,31.2528878,75.7037796,1.150,266.80
312.618,1.58017,1.28329,10.51055,1.04947,-0.63041,-1.24617,31.2528878,75.7037796,1.150,266.80
312.724,0.14365,0.52194,8.06367,1.19607,-0.63408,-1.04458,31.2528878,75.7037796,1.150,266.80
312.829,0.25857,1.70946,7.00543,0.61331,-1.04947,-0.98349,31.2528878,75.7037796,1.150,266.80
312.932,-1.35033,2.30322,10.55364,0.06842,-0.31887,-0.19303,31.2528871,75.7037655,1.100,267.20
313.034,-0.97205,3.23217,9.19852,-0.65118,0.41905,0.30910,31.2528871,75.7037655,1.100,267.20
313.137,-2.91135,2.72460,10.49139,-0.47403,-0.11973,-0.02688,31.2528871,75.7037655,1.100,267.20
313.242,-1.75734,2.72460,7.14430,-0.54245,0.69028,0.98716,31.2528871,75.7037655,1.100,267.20
313.346,-0.03352,2.24576,7.82904,0.00000,0.71349,1.54305,31.2528871,75.7037655,1.100,267.20
313.450,1.97761,2.20745,10.81700,-0.39584,0.17959,1.58092,31.2528871,75.7037655,1.100,267.20
313.553,3.40455,3.78284,11.31500,-0.22724,-0.30665,-0.08430,31.2528871,75.7037655,1.100,267.20
313.656,2.27449,0.54109,12.31099,0.97983,-0.74648,-1.30114,31.2528871,75.7037655,1.100,267.20
313.760,1.29766,1.09176,8.59040,0.77213,0.19670,-1.25350,31.2528871,75.7037655,1.100,267.20
313.864,0.74220,1.44610,6.11479,0.53390,-0.92974,-1.44653,31.2528871,75.7037655,1.100,267.20
313.966,-0.56024,2.81558,8.39407,0.59498,-0.13439,-0.73304,31.2528864,75.7037520,1.140,264.50
314.069,-1.09176,3.61046,8.57603,0.05620,-0.92852,-0.09041,31.2528864,75.7037520,1.140,264.50
314.172,-2.26491,2.91135,14.20719,-1.16797,0.58643,0.57177,31.2528864,75.7037520,1.140,264.50
314.276,-2.70545,3.87382,7.10120,1.00060,0.75014,-0.10873,31.2528864,75.7037520,1.140,264.50
314.379,-0.67516,2.82516,5.77481,-0.70127,0.33475,1.54549,31.2528864,75.7037520,1.140,264.50
314.482,1.26414,2.80600,8.11634,-0.34697,0.60842,1.40132,31.2528864,75.7037520,1.140,264.50
314.584,2.94008,3.88340,11.43471,-0.60842,-0.16738,0.20892,31.2528864,75.7037520,1.140,264.50
314.687,1.74777,4.07493,15.20318,-0.18448,0.36530,-0.18815,31.2528864,75.7037520,1.140,264.50
314.792,1.72861,1.91057,8.16902,0.60720,-1.31214,-1.04091,31.2528864,75.7037520,1.140,264.50
314.895,1.09654,1.44610,7.12993,0.55100,-0.26389,-0.59987,31.2528864,75.7037520,1.140,264.50
314.998,0.82361,2.68629,7.54652,0.28588,-0.80390,-0.67806,31.2528852,75.7037399,1.080,264.40
315.100,0.30167,3.56257,9.90242,0.07208,-0.08063,-0.12339,31.2528852,75.7037399,1.080,264.40
315.204,0.04788,4.29520,10.46745,-0.78191,0.62064,0.59132,31.2528852,75.7037399,1.080,264.40
315.307,-0.13408,2.36068,11.08515,-0.39462,-0.54489,-0.06231,31.2528852,75.7037399,1.080,264.40
315.411,-0.99120,3.27527,6.58405,0.74037,1.03358,0.09529,31.2528852,75.7037399,1.080,264.40
315.513,0.36871,2.86347,7.22570,-0.10873,0.37507,1.02992,31.2528852,75.7037399,1.080,264.40
315.616,1.26893,3.78284,8.71011,-0.08552,0.51801,1.00915,31.2528852,75.7037399,1.080,264.40
315.721,2.42772,4.26168,11.96143,-0.35919,0.11606,0.06842,31.2528852,75.7037399,1.080,264.40
315.827,1.88663,2.64320,14.02523,0.11729,0.14661,0.01222,31.2528852,75.7037399,1.080,264.40
315.931,2.32238,2.93529,7.21612,0.30421,-0.16005,-0.61942,31.2528851,75.7037269,1.110,264.30
316.034,1.69031,1.90100,7.31668,0.17104,-0.61575,-0.70738,31.2528851,75.7037269,1.110,264.30
316.137,0.51715,3.49553,8.56645,0.56200,-0.23946,-0.79046,31.2528851,75.7037269,1.110,264.30
316.241,0.44053,3.43807,10.01734,0.10140,-0.91874,0.08063,31.2528851,75.7037269,1.110,264.30
316.347,0.54109,2.53307,11.85130,-1.34146,0.04887,0.52412,31.2528851,75.7037269,1.110,264.30
316.450,-0.83318,3.03585,7.96790,0.39095,-0.50824,-0.98105,31.2528851,75.7037269,1.110,264.30
316.554,-1.33596,3.93128,5.75566,-0.19914,0.85765,0.21747,31.2528851,75.7037269,1.110,264.30
316.658,0.99120,4.39575,7.93438,-0.09896,0.43127,0.94073,31.2528851,75.7037269,1.110,264.30
316.763,2.03028,4.34787,11.26711,0.01466,0.47159,0.69883,31.2528851,75.7037269,1.110,264.30
316.868,3.59609,5.23851,12.33972,-0.49602,0.58032,0.30788,31.2528851,75.7037269,1.110,264.30
316.972,2.35111,2.08296,8.25042,0.71593,-0.99082,-0.70616,31.2528850,75.7037144,1.110,266.80
317.076,2.49955,1.90578,8.05888,0.23091,0.71716,-0.24190,31.2528850,75.7037144,1.110,266.80
317.179,1.90100,2.91614,7.49864,0.02443,-0.50335,-0.87476,31.2528850,75.7037144,1.110,266.80
317.284,0.85712,2.84910,11.90876,-0.36774,-0.65240,-0.25656,31.2528850,75.7037144,1.110,266.80
317.388,0.31125,3.95043,10.14663,-0.25045,0.00977,0.23335,31.2528850,75.7037144,1.110,266.80
317.490,-0.39265,2.29843,11.12825,-0.23091,-0.90652,-0.74281,31.2528850,75.7037144,1.110,266.80
317.594,-2.42293,3.68228,5.41568,0.79290,0.56322,0.00489,31.2528850,75.7037144,1.110,266.80
317.698,-0.03831,3.58651,6.20577,0.12339,0.26267,1.28160,31.2528850,75.7037144,1.110,266.80
317.803,2.18830,4.30477,9.25119,-0.16127,0.62553,1.12644,31.2528850,75.7037144,1.110,266.80
317.908,3.95043,5.23373,12.07635,-0.59987,-0.11118,0.27489,31.2528850,75.7037144,1.110,266.80
318.010,3.50511,2.40857,10.71645,0.64019,-0.59620,-0.46426,31.2528867,75.7037030,1.140,270.00
318.114,3.19387,2.24576,7.17782,0.16860,0.25412,-0.39706,31.2528867,75.7037030,1.140,270.00
318.218,2.04944,1.86748,6.45477,-0.21869,-0.60353,-0.71960,31.2528867,75.7037030,1.140,270.00
318.323,1.30245,3.13162,9.23683,-0.20159,-0.07086,-0.35797,31.2528867,75.7037030,1.140,270.00
318.426,0.68953,4.18028,10.46266,0.16982,-0.07453,0.01466,31.2528867,75.7037030,1.140,270.00
318.531,-0.53151,2.67193,12.81856,-0.53878,-0.17593,0.01588,31.2528867,75.7037030,1.140,270.00
318.634,-1.40779,3.59609,6.27281,0.82833,0.64752,-0.38729,31.2528867,75.7037030,1.140,270.00
318.739,-0.10056,3.39498,7.28795,-0.34331,0.16371,0.83322,31.2528867,75.7037030,1.140,270.00
318.842,2.01113,3.91691,7.22570,0.10629,0.49114,1.03481,31.2528867,75.7037030,1.140,270.00
318.947,2.92571,4.45322,12.74673,-0.51435,-0.45448,0.11362,31.2528872,75.7036911,1.110,269.70
319.050,1.29766,2.94487,14.03481,0.36652,0.37751,-0.03054,31.2528872,75.7036911,1.110,269.70
319.154,2.05422,2.61926,6.60800,0.80268,-0.05498,-0.59743,31.2528872,75.7036911,1.110,269.70
319.259,1.75734,1.57060,7.01501,0.08308,-0.27855,-0.35552,31.2528872,75.7036911,1.110,269.70
319.363,1.23062,2.97360,7.88650,0.25901,-0.12095,-0.33842,31.2528872,75.7036911,1.110,269.70
319.466,1.02472,4.22337,10.58237,-0.28955,0.08430,0.25656,31.2528872,75.7036911,1.110,269.70
319.570,0.36871,3.72059,13.73314,-1.17042,0.45326,0.57666,31.2528872,75.7036911,1.110,269.70
319.673,-0.51236,3.16513,8.64307,0.80756,-0.54489,-0.73059,31.2528872,75.7036911,1.110,269.70
319.779,-1.15879,2.77249,5.05177,-0.08674,0.42761,0.62430,31.2528872,75.7036911,1.110,269.70
319.884,0.84755,2.95923,6.67503,0.04887,0.40073,0.94318,31.2528872,75.7036911,1.110,269.70
319.988,2.22661,3.65355,10.34774,-0.57910,0.08063,0.54489,31.2528880,75.7036792,1.110,269.30
320.091,2.36068,4.67827,11.36288,0.04765,-0.20892,-0.25901,31.2528880,75.7036792,1.110,269.30
320.195,2.89698,2.46124,11.24796,0.45815,-0.74403,-0.50213,31.2528880,75.7036792,1.110,269.30
320.300,3.13162,2.74376,7.51300,0.21625,0.30543,-0.37996,31.2528880,75.7036792,1.110,269.30
320.407,1.69509,1.78129,7.75243,0.20159,-0.78191,-0.97616,31.2528880,75.7036792,1.110,269.30
320.513,0.44053,3.42371,7.02459,0.28344,-0.20036,-0.62186,31.2528880,75.7036792,1.110,269.30
320.618,0.34477,3.90734,9.43316,-0.18937,0.09529,0.27367,31.2528880,75.7036792,1.110,269.30
320.723,0.39265,3.29921,13.44105,-0.94806,0.53878,0.75992,31.2528880,75.7036792,1.110,269.30
320.827,-1.18752,3.87861,7.86735,0.48014,0.51435,-0.07819,31.2528880,75.7036792,1.110,269.30
320.930,-0.28730,2.57616,7.30232,-0.20525,0.16249,1.04336,31.2528878,75.7036667,1.120,269.00
321.033,1.27372,3.32315,6.54096,0.33353,0.57421,1.16187,31.2528878,75.7036667,1.120,269.00
321.137,3.58651,3.82115,10.52012,-0.49969,0.02688,0.81978,31.2528878,75.7036667,1.120,269.00
321.241,4.53462,4.38139,14.39873,-0.33475,0.29199,-0.22235,31.2528878,75.7036667,1.120,269.00
321.345,2.11169,1.79086,8.22169,1.06413,-1.10933,-1.32436,31.2528878,75.7036667,1.120,269.00
321.449,1.66158,1.92494,7.80031,0.39095,0.24923,-0.52779,31.2528878,75.7036667,1.120,269.00
321.551,1.35991,2.68629,6.91445,-0.24923,-0.79412,-0.74159,31.2528878,75.7036667,1.120,269.00
321.655,0.78530,3.85945,8.61434,-0.05986,-0.04276,-0.40806,31.2528878,75.7036667,1.120,269.00
321.759,0.83797,4.79319,10.19451,-0.60842,0.25045,0.16982,31.2528878,75.7036667,1.120,269.00
321.861,-0.08140,2.64320,13.16332,-0.29444,-0.70738,0.00489,31.2528878,75.7036667,1.120,269.00
321.966,-1.82917,3.87861,5.78918,1.24128,0.63286,-0.07208,31.2528867,75.7036541,1.120,268.20
322.068,0.59376,2.92571,6.42604,-0.24312,-0.08674,1.27060,31.2528867,75.7036541,1.120,268.20
322.173,2.97839,3.78763,7.21134,0.24190,0.36163,0.83078,31.2528867,75.7036541,1.120,268.20
322.282,4.27126,4.77404,12.22958,-0.79901,0.01833,0.27122,31.2528867,75.7036541,1.120,268.20
322.386,3.20344,2.44209,14.99249,0.44471,-0.06597,-0.54123,31.2528867,75.7036541,1.120,268.20
322.487,2.40857,3.39977,6.57927,0.65851,0.31521,-1.08734,31.2528867,75.7036541,1.120,268.20
322.589,1.42216,2.49476,5.64553,-0.13439,-0.95906,-0.88087,31.2528867,75.7036541,1.120,268.20
322.696,1.45567,3.33273,8.64786,-0.06231,-0.40928,-0.23335,31.2528867,75.7036541,1.120,268.20
322.800,0.90980,4.04141,9.53371,0.24190,-0.06475,0.18692,31.2528867,75.7036541,1.120,268.20
322.904,-0.50278,2.82037,13.23036,-1.54427,0.82589,1.16553,31.2528867,75.7036541,1.120,268.20
323.006,-0.56982,2.53307,10.35732,0.58765,0.13195,-0.73793,31.2528860,75.7036418,1.110,267.10
323.109,-1.05345,3.07894,4.77883,0.19670,0.66096,0.37263,31.2528860,75.7036418,1.110,267.10
323.213,1.46046,3.06458,7.32626,-0.39095,0.56322,1.22051,31.2528860,75.7036418,1.110,267.10
323.318,2.74854,3.34709,12.23437,-0.56933,-0.24923,0.37996,31.2528860,75.7036418,1.110,267.10
323.422,2.45166,4.25689,13.91989,-0.54856,-0.01833,-0.19303,31.2528860,75.7036418,1.110,267.10
323.526,2.10211,2.37984,9.00220,0.91263,-0.71471,-0.88453,31.2528860,75.7036418,1.110,267.10
323.628,1.76692,1.29766,8.71011,0.42272,0.07086,-0.33475,31.2528860,75.7036418,1.110,267.10
323.732,1.15401,1.99198,7.00065,0.33720,-0.71960,-0.95173,31.2528860,75.7036418,1.110,267.10
323.836,-0.41659,3.30400,9.02135,-0.15882,-0.07330,-0.32376,31.2528860,75.7036418,1.110,267.10
323.938,-0.29209,4.43406,9.85453,-0.42150,0.33598,0.24923,31.2528860,75.7036306,1.090,268.90
324.039,-1.10612,2.73418,11.87045,-0.53023,-0.44349,0.32009,31.2528860,75.7036306,1.090,268.90
324.141,-1.99198,3.30400,6.82826,0.74770,0.84666,0.52168,31.2528860,75.7036306,1.090,268.90
324.246,-0.42617,2.57616,6.31112,-0.08796,0.46304,1.42209,31.2528860,75.7036306,1.090,268.90
324.350,1.66158,2.58574,8.11634,-0.37141,0.75503,1.61391,31.2528860,75.7036306,1.090,268.90
324.454,4.25210,3.38540,12.61744,-0.74159,-0.30910,0.33109,31.2528860,75.7036306,1.090,268.90
324.558,5.13796,0.08140,14.98291,0.17715,-0.54856,-0.65607,31.2528860,75.7036306,1.090,268.90
324.666,2.38941,0.91937,9.51935,1.52838,0.32987,-1.73486,31.2528860,75.7036306,1.090,268.90
324.771,0.54588,0.85712,7.27358,0.68295,-1.30603,-1.45264,31.2528860,75.7036306,1.090,268.90
324.876,-0.31125,2.08774,5.84664,0.28100,-0.92241,-0.73548,31.2528860,75.7036306,1.090,268.90
324.980,-1.14922,3.23217,10.51055,-0.13317,-0.04643,-0.05131,31.2528849,75.7036182,1.130,267.40
325.084,-2.18351,3.49075,12.29183,-2.03785,1.61757,0.43494,31.2528849,75.7036182,1.130,267.40
325.186,-1.43652,3.05021,9.98861,-0.04520,-0.49724,-0.43249,31.2528849,75.7036182,1.130,267.40
325.290,-0.24421,3.13162,5.51145,-0.10751,0.80268,0.85155,31.2528849,75.7036182,1.130,267.40
325.395,1.63763,2.54743,7.96790,-0.22602,0.37141,1.28037,31.2528849,75.7036182,1.130,267.40
325.501,3.32315,2.46603,11.20486,-0.53390,-0.80512,0.30788,31.2528849,75.7036182,1.130,267.40
325.603,2.73897,4.00789,13.22557,-0.20647,0.50824,-0.41417,31.2528849,75.7036182,1.130,267.40
325.706,1.99198,1.00556,10.17057,0.49602,-0.18937,-1.02625,31.2528849,75.7036182,1.130,267.40
325.810,1.39821,0.58419,9.19373,0.55344,-0.18815,-0.77091,31.2528849,75.7036182,1.130,267.40
325.917,0.16759,1.81959,6.40688,0.64630,-0.81612,-0.91141,31.2528852,75.7036059,1.150,267.50
326.019,-0.33040,3.04064,7.50343,-0.12706,-0.05131,-0.18082,31.2528852,75.7036059,1.150,267.50
326.122,-0.46448,4.16112,10.82179,-0.90042,0.62186,0.68906,31.2528852,75.7036059,1.150,267.50
326.226,0.43096,1.20668,13.19205,-0.81245,-0.94195,0.25901,31.2528852,75.7036059,1.150,267.50
326.331,-1.31681,2.87304,6.68461,1.01892,0.94562,-0.06597,31.2528852,75.7036059,1.150,267.50
326.436,-0.32561,2.34632,7.05332,0.06964,0.52168,1.10322,31.2528852,75.7036059,1.150,267.50
326.541,0.78530,2.64320,9.95509,-0.23946,0.43249,1.11055,31.2528852,75.7036059,1.150,267.50
326.645,3.32794,3.96959,10.64462,-0.64507,-0.33109,0.15272,31.2528852,75.7036059,1.150,267.50
326.751,3.17950,1.39343,15.38993,0.46181,-0.29322,-0.52657,31.2528852,75.7036059,1.150,267.50
326.856,2.61926,1.43652,9.35175,1.04824,-0.31276,-1.21196,31.2528852,75.7036059,1.150,267.50
326.960,0.18675,1.08218,6.64630,0.97005,-1.29381,-1.10078,31.2528843,75.7035931,1.070,265.40
327.062,0.57940,2.64799,5.95199,0.49358,-0.91996,-0.39340,31.2528843,75.7035931,1.070,265.40
327.166,0.37828,3.49553,9.98861,-0.41172,0.43371,0.40928,31.2528843,75.7035931,1.070,265.40
327.273,-0.46448,2.73418,13.81933,-1.65422,0.81978,0.91508,31.2528843,75.7035931,1.070,265.40
327.377,-1.21625,3.60567,8.07804,0.55344,-0.08063,-0.52779,31.2528843,75.7035931,1.070,265.40
327.481,0.12450,3.03106,6.88094,-0.57910,0.46304,1.18874,31.2528843,75.7035931,1.070,265.40
327.587,1.74777,2.87783,8.30788,0.24068,0.77336,1.33413,31.2528843,75.7035931,1.070,265.40
327.691,2.57137,3.63919,10.44351,-0.24435,0.11606,0.73182,31.2528843,75.7035931,1.070,265.40
327.795,3.24175,3.25133,16.11777,-0.62553,0.61942,-0.09774,31.2528843,75.7035931,1.070,265.40
327.901,2.08774,3.04064,9.46189,0.97738,0.01100,-1.13743,31.2528843,75.7035931,1.070,265.40
328.004,1.15401,1.39821,7.19218,0.61575,-1.00426,-0.65729,31.2528844,75.7035796,1.130,264.00
328.107,0.01437,2.37026,5.45878,0.49236,-0.39462,-0.47281,31.2528844,75.7035796,1.130,264.00
328.211,-0.70390,2.84910,9.73004,-0.55589,0.35919,0.15394,31.2528844,75.7035796,1.130,264.00
328.315,-0.79487,3.15077,12.02847,-1.67988,1.29503,0.62675,31.2528844,75.7035796,1.130,264.00
328.421,-1.57060,3.11246,10.01734,-0.15516,-0.49114,-0.56322,31.2528844,75.7035796,1.130,264.00
328.524,-1.29287,3.53863,6.09085,0.29566,0.47647,0.82467,31.2528844,75.7035796,1.130,264.00
328.628,1.72383,2.77727,7.22091,0.30543,0.42394,1.39155,31.2528844,75.7035796,1.130,264.00
328.732,2.82995,3.43807,9.84017,-0.35064,0.26023,0.60353,31.2528844,75.7035796,1.130,264.00
328.836,3.59130,3.62961,14.99728,-1.06901,0.27122,-0.10507,31.2528844,75.7035796,1.130,264.00
328.939,2.85389,0.88107,10.82179,0.93829,-0.95661,-1.47829,31.2528823,75.7035679,1.110,262.40
329.042,0.82361,1.05345,7.73327,1.55282,-0.65851,-1.29870,31.2528823,75.7035679,1.110,262.40
329.146,0.01437,2.76770,5.44441,0.44838,-1.49784,-0.99815,31.2528823,75.7035679,1.110,262.40
329.252,-0.10534,4.03662,7.13951,-0.17226,0.02810,-0.08796,31.2528823,75.7035679,1.110,262.40
329.355,-0.11971,4.15155,9.44752,-1.28160,1.20340,0.44838,31.2528823,75.7035679,1.110,262.40
329.460,-0.54109,2.70066,12.46900,-0.97983,-0.49847,-0.04154,31.2528823,75.7035679,1.110,262.40
329.562,-1.21625,3.27048,6.12437,0.07697,0.68539,0.78069,31.2528823,75.7035679,1.110,262.40
329.666,0.61770,2.49955,7.75721,-0.25412,0.44593,1.33779,31.2528823,75.7035679,1.110,262.40
329.770,1.75734,2.63362,8.36055,-0.32376,0.34086,0.92485,31.2528823,75.7035679,1.110,262.40
329.876,1.27372,3.27048,13.30697,-0.11118,1.19485,0.08063,31.2528823,75.7035679,1.110,262.40
329.978,1.47004,2.56180,15.12657,-0.50091,-0.61820,-0.26023,31.2528808,75.7035561,1.120,265.20
330.081,2.53785,2.05422,9.87848,1.01281,-0.21014,-0.99693,31.2528808,75.7035561,1.120,265.20
330.186,0.17238,1.58975,8.71968,1.26816,-1.19241,-0.84910,31.2528808,75.7035561,1.120,265.20
330.291,-0.64643,2.64320,5.31513,1.37445,-0.34331,-0.16738,31.2528808,75.7035561,1.120,265.20
330.395,-0.35913,2.98796,8.03494,-0.93585,-0.43005,0.21625,31.2528808,75.7035561,1.120,265.20
330.499,-0.85712,3.61524,12.47379,-1.33291,1.58336,-0.06109,31.2528808,75.7035561,1.120,265.20
330.604,-2.02549,4.39097,7.44118,0.11484,-0.10873,-0.33720,31.2528808,75.7035561,1.120,265.20
330.711,-0.59855,3.37582,6.85699,-0.94928,0.62675,1.13621,31.2528808,75.7035561,1.120,265.20
330.814,1.48919,3.11725,8.70053,-0.25412,0.51924,0.86621,31.2528808,75.7035561,1.120,265.20
330.919,1.52750,3.70622,10.69250,-0.11851,-0.17593,0.05376,31.2528800,75.7035444,1.150,269.70
331.021,2.02071,4.73573,10.76433,0.06475,-0.45571,-0.16493,31.2528800,75.7035444,1.150,269.70
331.122,2.39899,1.04387,13.66131,-0.10263,-1.30847,-0.41172,31.2528800,75.7035444,1.150,269.70
331.227,1.21147,1.48919,8.16902,1.38666,0.42272,-0.97616,31.2528800,75.7035444,1.150,269.70
331.331,1.24498,1.05345,6.93361,-0.97128,-2.10749,-0.71227,31.2528800,75.7035444,1.150,269.70
331.435,0.93853,2.32238,7.92002,0.26878,-0.67806,-0.62553,31.2528800,75.7035444,1.150,269.70
331.539,0.42617,4.11803,9.33739,0.04887,1.13499,0.16860,31.2528800,75.7035444,1.150,269.70
331.644,-0.85234,2.69587,15.86398,-1.48807,1.67377,0.99815,31.2528800,75.7035444,1.150,269.70
331.747,-0.46926,2.88741,6.08606,0.78313,0.64996,0.47037,31.2528800,75.7035444,1.150,269.70
331.850,0.75657,2.01113,7.01980,-0.38607,0.51924,1.36345,31.2528800,75.7035444,1.150,269.70
331.953,2.15957,2.11169,8.71011,0.01955,0.56444,1.17653,31.2528791,75.7035309,1.110,272.80
332.056,2.97360,3.18429,9.94551,0.15516,0.09529,0.43616,31.2528791,75.7035309,1.110,272.80
332.159,3.81157,4.30956,13.41711,-0.54245,-0.02443,-0.02077,31.2528791,75.7035309,1.110,272.80
332.264,2.65756,0.78051,9.70131,0.97861,-1.32191,-1.47952,31.2528791,75.7035309,1.110,272.80
332.369,1.38864,1.39343,9.41879,0.85765,-0.10751,-1.25472,31.2528791,75.7035309,1.110,272.80
332.473,0.49321,2.40857,7.07247,0.55711,-1.04214,-1.39277,31.2528791,75.7035309,1.110,272.80
332.576,-0.16281,3.84988,7.40287,-0.04765,-0.55589,-0.42394,31.2528791,75.7035309,1.110,272.80
332.678,0.91459,4.72137,8.26478,-0.28588,-0.27245,0.08552,31.2528791,75.7035309,1.110,272.80
332.782,0.18196,2.26491,14.71955,-1.33779,-0.63408,0.11484,31.2528791,75.7035309,1.110,272.80
332.886,-2.29365,3.73495,7.04853,1.37689,0.97250,-0.54123,31.2528791,75.7035309,1.110,272.80
332.990,-0.18675,3.34231,6.13394,-0.63652,0.20159,1.42087,31.2528810,75.7035183,1.150,276.80
333.094,1.91536,3.39977,9.41400,-0.67317,0.51557,1.19607,31.2528810,75.7035183,1.150,276.80
333.196,2.65278,4.16112,11.54484,-0.25045,-0.19059,0.19181,31.2528810,75.7035183,1.150,276.80
333.300,2.00634,3.08852,15.57189,0.48381,0.98105,-0.05986,31.2528810,75.7035183,1.150,276.80
333.404,1.77171,2.60489,6.08127,0.87232,-0.43860,-0.76480,31.2528810,75.7035183,1.150,276.80
333.507,1.90578,1.80523,7.66145,-0.03787,-0.49602,-0.51068,31.2528810,75.7035183,1.150,276.80
333.610,0.75178,2.46124,7.54174,0.41783,-0.56688,-0.42272,31.2528810,75.7035183,1.150,276.80
333.715,0.55067,3.69665,8.65743,-0.19303,-0.08919,0.12706,31.2528810,75.7035183,1.150,276.80
333.818,0.16281,4.45322,10.31901,-0.96761,0.55711,0.31643,31.2528810,75.7035183,1.150,276.80
333.922,-0.18196,2.30322,11.57836,-0.28833,-0.25534,-0.02199,31.2528801,75.7035061,1.010,271.70
334.024,-0.99599,2.62405,6.28239,0.48381,0.47525,0.44593,31.2528801,75.7035061,1.010,271.70
334.127,0.99120,2.20745,6.40688,-0.21625,0.38362,1.02381,31.2528801,75.7035061,1.010,271.70
334.231,2.73418,3.01191,9.20331,-0.38851,0.44227,0.58765,31.2528801,75.7035061,1.010,271.70
334.335,2.48518,3.26090,12.83292,-0.28833,0.05742,-0.22358,31.2528801,75.7035061,1.010,271.70
334.438,1.53229,1.47004,14.91109,-0.03910,-0.33842,-0.69516,31.2528801,75.7035061,1.010,271.70
334.541,1.30723,2.04465,7.43160,0.69394,0.48747,-1.49295,31.2528801,75.7035061,1.010,271.70
334.646,-0.12929,1.15401,7.31668,0.81856,-0.39584,-1.27671,31.2528801,75.7035061,1.010,271.70
334.752,-0.25379,2.35111,7.81467,-0.17471,-0.45815,-0.32865,31.2528801,75.7035061,1.010,271.70
334.856,-0.35913,2.03028,12.00932,-0.33353,-0.48381,0.22846,31.2528801,75.7035061,1.010,271.70
334.959,-1.48919,2.13084,13.56076,-0.46304,0.48625,0.54367,31.2528802,75.7034940,1.120,270.70
335.063,-2.86825,2.31759,8.79630,0.85643,-0.26389,-0.36774,31.2528802,75.7034940,1.120,270.70
335.167,-1.62327,2.45166,4.97515,-0.11484,0.22235,0.87476,31.2528802,75.7034940,1.120,270.70
335.272,1.52750,2.87783,7.39329,-0.12339,0.48869,1.13499,31.2528802,75.7034940,1.120,270.70
335.376,2.49955,4.03662,10.52970,-0.05009,0.07208,0.14905,31.2528802,75.7034940,1.120,270.70
335.481,2.42293,5.59764,12.23916,-0.16738,0.14661,-0.11484,31.2528802,75.7034940,1.120,270.70
335.585,1.71425,1.87227,10.29028,0.47892,-1.58703,-1.03236,31.2528802,75.7034940,1.120,270.70
335.689,0.43096,2.26013,8.23127,0.75625,0.43249,-0.51435,31.2528802,75.7034940,1.120,270.70
335.794,0.61770,2.45166,6.81869,0.06475,-0.95661,-0.67073,31.2528802,75.7034940,1.120,270.70
335.900,0.60334,3.38540,8.20732,-0.00855,-0.06353,-0.17471,31.2528802,75.7034940,1.120,270.70
336.004,0.96726,4.34308,9.53371,-0.38362,0.65973,0.22480,31.2528814,75.7034821,1.110,273.50
336.105,0.22027,2.54743,13.81933,-0.73304,0.12462,0.23824,31.2528814,75.7034821,1.110,273.50
336.211,-1.23541,3.09810,7.48427,0.35064,0.28955,-0.37018,31.2528814,75.7034821,1.110,273.50
336.315,0.87628,2.69108,6.78038,-0.07086,0.23946,0.43738,31.2528814,75.7034821,1.110,273.50
336.419,1.77171,3.75411,8.45632,0.18570,0.44349,0.40806,31.2528814,75.7034821,1.110,273.50
336.521,1.70467,4.20901,12.14339,-0.32865,-0.18326,-0.16616,31.2528814,75.7034821,1.110,273.50
336.624,0.17238,1.98240,13.85764,0.04154,-0.16371,-0.42150,31.2528814,75.7034821,1.110,273.50
336.728,0.84755,2.37026,7.85777,0.26023,0.45937,-1.13254,31.2528814,75.7034821,1.110,273.50
336.832,0.71347,1.18274,6.73250,-0.16738,-1.02748,-1.18386,31.2528814,75.7034821,1.110,273.50
336.935,-0.86670,2.48039,8.89685,0.25290,0.81856,-0.36774,31.2528827,75.7034694,1.190,279.80
337.037,-1.08218,3.11246,11.93270,0.45204,-0.43371,0.10263,31.2528827,75.7034694,1.190,279.80
337.139,-3.95522,2.19788,13.03882,-0.43127,-0.31887,0.41783,31.2528827,75.7034694,1.190,279.80
337.243,-3.67749,3.56257,5.93762,0.61087,0.37507,-0.12339,31.2528827,75.7034694,1.190,279.80
337.346,0.40223,2.82995,6.52659,-0.31643,-0.55100,1.02381,31.2528827,75.7034694,1.190,279.80
337.450,1.67115,3.82115,7.68060,0.18937,0.39706,0.87965,31.2528827,75.7034694,1.190,279.80
337.552,1.02951,4.41491,10.82179,-0.34941,-0.30543,0.04887,31.2528827,75.7034694,1.190,279.80
337.658,-0.33040,6.04296,14.00608,0.56077,0.49847,-0.09529,31.2528827,75.7034694,1.190,279.80
337.762,2.22661,2.74376,9.10275,0.75136,-0.04398,0.20036,31.2528827,75.7034694,1.190,279.80
337.867,1.60412,1.71904,5.37738,0.35430,-0.53878,-0.18204,31.2528827,75.7034694,1.190,279.80
337.970,1.15401,2.46124,7.74285,-0.31643,-0.85032,-0.37874,31.2528870,75.7034565,1.210,287.00
338.073,-0.44053,3.63919,10.64462,0.19792,-0.35552,-0.06597,31.2528870,75.7034565,1.210,287.00
338.176,-2.16436,3.07894,11.40598,-1.32924,0.30788,0.71105,31.2528870,75.7034565,1.210,287.00
338.279,-3.66792,5.30076,8.06846,0.79290,1.84848,-0.39951,31.2528870,75.7034565,1.210,287.00
338.384,-1.66636,4.24253,6.37815,-0.65240,0.37507,1.36467,31.2528870,75.7034565,1.210,287.00
338.489,0.75657,3.41892,8.30309,-0.20281,0.65240,1.68110,31.2528870,75.7034565,1.210,287.00
338.591,2.68151,4.35266,11.76032,-0.38973,-0.12217,0.86010,31.2528870,75.7034565,1.210,287.00
338.696,1.93451,3.64398,14.84884,0.04765,0.04520,0.32865,31.2528870,75.7034565,1.210,287.00
338.803,3.18429,2.08774,6.05733,0.58277,0.01466,-0.38362,31.2528870,75.7034565,1.210,287.00
338.907,1.80044,2.12126,6.02381,0.14661,-0.13806,-0.51924,31.2528870,75.7034565,1.210,287.00
339.010,2.57137,2.91135,7.03895,-0.39951,-0.08919,-0.37507,31.2528876,75.7034423,1.050,279.80
339.113,0.78051,3.53863,12.89038,-0.56200,0.56444,-0.26145,31.2528876,75.7034423,1.050,279.80
339.215,-1.41258,2.96402,13.61343,-0.92485,0.29322,0.49602,31.2528876,75.7034423,1.050,279.80
339.321,-2.46603,2.29843,7.03416,0.81367,-0.32376,-0.43616,31.2528876,75.7034423,1.050,279.80
339.425,-2.18351,3.11246,6.20098,-0.05620,0.61697,0.82711,31.2528876,75.7034423,1.050,279.80
339.528,0.08619,3.02148,7.61356,-0.00367,0.71716,1.26571,31.2528876,75.7034423,1.050,279.80
339.632,1.59933,3.84988,10.30464,-0.53634,0.34086,1.05558,31.2528876,75.7034423,1.050,279.80
339.735,4.24731,4.70221,11.83693,-0.75381,-0.45571,0.23946,31.2528876,75.7034423,1.050,279.80
339.838,3.40934,1.51314,11.90397,0.78069,-0.77336,-0.84299,31.2528876,75.7034423,1.050,279.80
339.942,0.93374,0.73741,6.40688,0.91874,-1.09467,-1.09345,31.2528884,75.7034305,1.040,274.00
340.045,-0.02873,2.50433,6.19141,0.81612,-0.59743,-0.98349,31.2528884,75.7034305,1.040,274.00
340.148,0.58897,3.73495,7.73806,-0.24190,-0.01100,-0.17104,31.2528884,75.7034305,1.040,274.00
340.254,-1.52750,4.00311,12.24395,-1.69210,1.64445,0.66218,31.2528884,75.7034305,1.040,274.00
340.358,-1.25456,2.69108,10.43872,-0.42150,-1.34513,-0.34697,31.2528884,75.7034305,1.040,274.00
340.465,-0.57461,2.98318,6.31590,-0.34453,0.96517,0.85399,31.2528884,75.7034305,1.040,274.00
340.569,1.07739,2.95444,9.07881,0.16738,0.71838,1.06291,31.2528884,75.7034305,1.040,274.00
340.673,1.66158,3.70144,9.75398,-0.24557,-0.06597,0.81367,31.2528884,75.7034305,1.040,274.00
340.775,2.73897,4.20422,14.77701,-0.87232,0.50824,0.02566,31.2528884,75.7034305,1.040,274.00
340.880,2.00634,1.50835,10.03649,1.06779,-0.77336,-1.13132,31.2528884,75.7034305,1.040,274.00
340.985,0.81882,1.35033,6.54096,0.84055,-0.85888,-1.14232,31.2528887,75.7034191,1.120,270.70
341.087,0.33519,2.70066,6.79474,0.70372,-0.61453,-0.85765,31.2528887,75.7034191,1.120,270.70
341.191,-0.78530,3.06458,9.41400,-0.06597,-0.23579,-0.18082,31.2528887,75.7034191,1.120,270.70
341.296,-1.36469,4.15633,9.73961,-1.28160,1.08856,0.51557,31.2528887,75.7034191,1.120,270.70
341.400,-1.29287,2.99754,9.85932,-0.49358,-0.86254,-0.60231,31.2528887,75.7034191,1.120,270.70
341.506,-0.94810,3.16992,7.69018,-1.16431,0.31154,0.91752,31.2528887,75.7034191,1.120,270.70
341.612,0.34955,2.81079,8.70532,0.18326,0.62797,0.93585,31.2528887,75.7034191,1.120,270.70
341.717,0.33998,2.96402,10.49618,-0.55344,0.16371,0.84544,31.2528887,75.7034191,1.120,270.70
341.820,2.03986,4.02226,12.27268,-0.42516,0.62675,0.14050,31.2528887,75.7034191,1.120,270.70
341.922,1.65679,1.03430,11.09952,0.36774,-0.39340,-0.76358,31.2528885,75.7034063,1.110,269.30
342.025,1.39343,0.74699,8.11156,0.87720,-0.63774,-1.15454,31.2528885,75.7034063,1.110,269.30
342.128,0.44532,1.06303,6.97192,0.36774,-1.01037,-1.18630,31.2528885,75.7034063,1.110,269.30
342.234,-1.07739,2.11169,9.25119,0.16738,-0.21014,-0.70494,31.2528885,75.7034063,1.110,269.30
342.339,-1.89621,3.28484,9.64384,-0.91141,0.35064,0.26756,31.2528885,75.7034063,1.110,269.30
342.442,-2.67193,1.64721,13.46978,-0.36774,-1.26816,-0.12095,31.2528885,75.7034063,1.110,269.30
342.547,-2.86347,3.11725,3.76847,0.47159,0.68906,0.94684,31.2528885,75.7034063,1.110,269.30
342.652,0.92895,2.44687,7.49385,-0.13195,0.97738,1.86070,31.2528885,75.7034063,1.110,269.30
342.755,1.10612,2.69587,10.23282,-0.45815,0.56810,1.57725,31.2528885,75.7034063,1.110,269.30
342.859,4.07493,3.81636,10.45787,-0.96883,-0.12706,0.47525,31.2528885,75.7034063,1.110,269.30
342.962,2.58095,1.47962,12.99573,0.45082,-0.24557,-0.91508,31.2528870,75.7033933,1.070,263.40
343.066,0.98641,1.24020,9.51935,1.23028,-0.28344,-1.11788,31.2528870,75.7033933,1.070,263.40
343.170,-0.19154,1.56581,6.41646,0.98716,-0.99693,-0.81856,31.2528870,75.7033933,1.070,263.40
343.274,-0.20111,2.13563,7.40287,-0.04154,-0.38485,-0.18815,31.2528870,75.7033933,1.070,263.40
343.380,-1.00078,3.01669,9.82580,-0.50213,0.14050,-0.08186,31.2528870,75.7033933,1.070,263.40
343.485,-2.51870,2.47560,13.12980,-0.85399,-0.49480,-0.18815,31.2528870,75.7033933,1.070,263.40
343.589,-2.17872,3.35667,4.88896,-0.07330,0.97983,0.94684,31.2528870,75.7033933,1.070,263.40
343.693,1.01035,2.11647,7.88171,-0.27367,0.39340,1.82527,31.2528870,75.7033933,1.070,263.40
343.799,2.65756,2.77249,7.82904,0.02077,0.35430,1.34879,31.2528870,75.7033933,1.070,263.40
343.904,4.20901,3.75890,12.11466,-0.67440,0.41539,0.21747,31.2528870,75.7033933,1.070,263.40
344.007,1.91536,0.32082,16.80730,-0.16982,-0.80146,-1.03969,31.2528855,75.7033812,1.050,263.00
344.111,0.06225,0.61292,8.69574,1.49295,0.19914,-1.81183,31.2528855,75.7033812,1.050,263.00
344.215,-0.12929,1.13485,5.44441,0.59620,-1.04580,-1.57725,31.2528855,75.7033812,1.050,263.00
344.320,-0.12929,2.15478,7.41245,-0.05253,0.13439,-0.56444,31.2528855,75.7033812,1.050,263.00
344.424,-1.63763,3.71580,12.87123,-0.25779,0.36408,-0.00122,31.2528855,75.7033812,1.050,263.00
344.529,-4.64954,2.77249,11.18092,-0.10629,-0.94318,0.54611,31.2528855,75.7033812,1.050,263.00
344.633,-1.94888,2.90656,4.48673,0.23335,0.76725,0.69516,31.2528855,75.7033812,1.050,263.00
344.737,0.40701,1.85790,8.14029,-0.54489,0.28344,1.24006,31.2528855,75.7033812,1.050,263.00
344.841,1.37906,2.44687,7.66623,0.11973,0.24801,0.71838,31.2528855,75.7033812,1.050,263.00
344.944,1.51314,4.06057,9.39485,-0.66462,-0.10263,-0.04887,31.2528846,75.7033683,1.180,265.90
345.047,1.00078,2.52349,17.68357,-0.51313,-0.40439,-0.70250,31.2528846,75.7033683,1.180,265.90
345.149,0.36392,2.86347,6.62715,1.86436,-0.03176,-1.07512,31.2528846,75.7033683,1.180,265.90
345.254,1.14922,1.81480,7.61835,0.50946,-1.58825,-0.61697,31.2528846,75.7033683,1.180,265.90
345.359,0.17238,3.01669,7.08684,0.57544,-0.71716,-0.32865,31.2528846,75.7033683,1.180,265.90
345.465,-0.57940,3.22738,9.01178,-0.00489,-0.28711,-0.07575,31.2528846,75.7033683,1.180,265.90
345.570,-0.72784,3.96959,11.38204,-1.64811,1.99997,0.67195,31.2528846,75.7033683,1.180,265.90
345.676,-1.61369,3.56736,7.87692,-0.02932,0.16493,-0.14539,31.2528846,75.7033683,1.180,265.90
345.781,-1.27850,3.01191,6.39252,-0.40073,0.51313,0.91385,31.2528846,75.7033683,1.180,265.90
345.885,0.30167,2.80600,7.60877,-0.22480,0.73793,1.13743,31.2528846,75.7033683,1.180,265.90
345.988,1.30245,3.73974,10.86010,-0.31398,0.61575,0.65363,31.2528837,75.7033546,1.140,268.40
346.094,1.56581,2.53307,17.78413,-0.47647,0.18937,0.05864,31.2528837,75.7033546,1.140,268.40
346.196,1.46046,2.16436,8.10198,1.47707,-0.50213,-1.11300,31.2528837,75.7033546,1.140,268.40
346.300,0.38786,0.97683,7.48427,0.73059,-0.74648,-0.69761,31.2528837,75.7033546,1.140,268.40
346.404,-0.24421,2.29365,6.38294,0.37018,-1.02381,-1.14476,31.2528837,75.7033546,1.140,268.40
346.508,-0.95768,3.97437,7.57525,0.33598,0.10263,-0.46792,31.2528837,75.7033546,1.140,268.40
346.611,-1.11091,4.01268,12.39718,-2.19056,0.74281,0.94073,31.2528837,75.7033546,1.140,268.40
346.715,-1.19231,2.79164,11.99974,-0.11240,-0.80634,-0.24801,31.2528837,75.7033546,1.140,268.40
346.817,-1.59454,3.32794,4.61602,0.73915,0.76236,0.41539,31.2528837,75.7033546,1.140,268.40
346.920,0.29688,2.11169,6.82347,0.16127,0.61087,1.34268,31.2528829,75.7033417,1.110,267.60
347.022,1.51314,2.82516,8.69574,-0.08552,0.24801,1.08612,31.2528829,75.7033417,1.110,267.60
347.124,2.23618,4.35266,12.07156,-0.81123,-0.15272,0.14050,31.2528829,75.7033417,1.110,267.60
347.228,2.17394,1.92494,15.08347,0.34941,-0.58032,-0.44960,31.2528829,75.7033417,1.110,267.60
347.333,1.09654,2.14520,8.34619,0.85155,0.80756,-0.54611,31.2528829,75.7033417,1.110,267.60
347.435,0.59376,1.27850,5.83228,-0.09774,-1.51861,-1.11300,31.2528829,75.7033417,1.110,267.60
347.540,0.27294,3.32315,8.93995,0.73059,-0.34697,-0.79290,31.2528829,75.7033417,1.110,267.60
347.642,-0.69432,4.30477,10.14663,-0.07575,-0.22235,0.08552,31.2528829,75.7033417,1.110,267.60
347.747,-0.52672,3.39019,12.70363,-0.98105,0.03665,0.55833,31.2528829,75.7033417,1.110,267.60
347.851,-1.46046,3.95522,7.38372,0.21014,0.41661,-0.24557,31.2528829,75.7033417,1.110,267.60
347.956,-0.38307,2.83952,5.72693,0.06720,0.30299,0.71716,31.2528810,75.7033277,1.160,270.60
348.058,0.76136,3.32794,7.38851,-0.33353,0.80268,1.21196,31.2528810,75.7033277,1.160,270.60
348.163,2.79164,3.61046,13.29261,-0.90530,-0.01588,0.49724,31.2528810,75.7033277,1.160,270.60
348.268,2.19309,1.96803,16.06509,0.31765,0.05620,-0.44838,31.2528810,75.7033277,1.160,270.60
348.374,1.77171,2.65756,7.46033,0.87354,0.26878,-1.06779,31.2528810,75.7033277,1.160,270.60
348.478,0.74699,1.49877,6.73728,0.23091,-0.89431,-0.79412,31.2528810,75.7033277,1.160,270.60
348.585,0.42617,2.47560,7.40287,0.34086,-0.45082,-0.57910,31.2528810,75.7033277,1.160,270.60
348.690,-1.35991,3.10767,10.99417,0.18204,-0.13439,0.02443,31.2528810,75.7033277,1.160,270.60
348.798,-1.50356,2.97360,13.13938,-1.29748,0.45082,0.98838,31.2528810,75.7033277,1.160,270.60
348.903,-0.88585,3.47159,7.24964,0.49969,0.26389,0.00611,31.2528810,75.7033277,1.160,270.60
349.006,-0.68474,2.62405,6.51702,-0.31765,0.53634,0.82711,31.2528806,75.7033142,1.160,269.80
349.109,-0.60813,2.98796,7.12514,0.11484,0.97250,0.97372,31.2528806,75.7033142,1.160,269.80
349.215,2.09253,3.54821,12.99573,-0.76725,-0.10629,0.35186,31.2528806,75.7033142,1.160,269.80
349.320,0.50757,3.00712,15.82567,-0.19548,0.63286,-0.39340,31.2528806,75.7033142,1.160,269.80
349.427,1.59933,2.26970,7.29274,0.59010,-0.91019,-1.41721,31.2528806,75.7033142,1.160,269.80
349.532,0.12450,1.51792,8.48984,0.63897,-0.17349,-0.89309,31.2528806,75.7033142,1.160,269.80
349.633,-0.53630,2.04465,7.66145,0.55711,-0.61942,-0.58399,31.2528806,75.7033142,1.160,269.80
349.739,-1.86269,2.55222,10.30464,-0.08674,-0.02077,-0.05253,31.2528806,75.7033142,1.160,269.80
349.844,-2.26013,3.32315,10.09395,-0.96272,0.84055,0.40684,31.2528806,75.7033142,1.160,269.80
349.946,-2.13084,2.63362,10.03170,-0.44227,-0.41783,0.16249,31.2528779,75.7033008,1.170,268.20
350.049,-1.72383,2.80122,6.18662,-0.37751,0.44227,0.87232,31.2528779,75.7033008,1.170,268.20
350.152,-0.26336,2.51391,7.43639,0.12950,0.66340,1.23395,31.2528779,75.7033008,1.170,268.20
350.258,0.98641,2.75812,9.47625,-0.13439,0.15882,0.95784,31.2528779,75.7033008,1.170,268.20
350.362,2.21224,3.87861,13.46499,-0.66706,0.41172,-0.03176,31.2528779,75.7033008,1.170,268.20
350.467,0.87149,1.51314,11.91834,0.47159,-0.83689,-0.90408,31.2528779,75.7033008,1.170,268.20
350.573,1.29287,1.24498,10.36689,0.77458,0.01222,-1.11055,31.2528779,75.7033008,1.170,268.20
350.677,-0.37350,1.33596,7.37414,0.81734,-1.31092,-1.19241,31.2528779,75.7033008,1.170,268.20
350.780,-1.01035,2.16436,7.20176,0.55955,-0.71227,-0.32987,31.2528779,75.7033008,1.170,268.20
350.884,-0.57461,2.58095,9.52413,-0.52901,-0.13806,-0.06109,31.2528779,75.7033008,1.170,268.20
350.988,-1.51792,2.53785,13.71399,-1.07634,0.60598,-0.13806,31.2528779,75.7032879,1.170,271.00
351.091,-2.02071,3.33273,7.68539,-0.38362,0.46181,0.16127,31.2528779,75.7032879,1.170,271.00
351.194,-0.81403,2.50433,7.26880,-0.46670,0.25045,0.79535,31.2528779,75.7032879,1.170,271.00
351.301,-0.11013,2.39899,9.54329,-0.20281,0.52290,1.26449,31.2528779,75.7032879,1.170,271.00
351.406,1.01514,2.64320,13.00051,-0.37018,-0.21502,0.54978,31.2528779,75.7032879,1.170,271.00
351.511,0.80924,1.70467,16.58703,0.28466,0.20647,0.03787,31.2528779,75.7032879,1.170,271.00
351.617,1.52750,1.69988,8.19775,1.17164,0.18448,-0.76480,31.2528779,75.7032879,1.170,271.00
351.721,0.56503,0.95289,7.16345,0.77213,-0.86499,-0.94073,31.2528779,75.7032879,1.170,271.00
351.824,-0.15323,2.38462,6.72292,0.53145,-0.37263,-0.57299,31.2528779,75.7032879,1.170,271.00
351.928,-0.59376,3.22260,9.39964,-0.40439,0.03054,0.03665,31.2528779,75.7032879,1.170,271.00
352.029,-2.01113,3.38540,12.39718,-1.18997,0.79779,0.51679,31.2528776,75.7032755,1.050,270.70
352.134,-2.13563,3.14119,9.39485,0.41172,-0.42761,-0.41417,31.2528776,75.7032755,1.050,270.70
352.238,-0.79009,2.60010,6.43083,-0.81001,0.41050,1.03236,31.2528776,75.7032755,1.050,270.70
352.343,1.24020,1.89621,7.48427,-0.49969,0.54367,0.96395,31.2528776,75.7032755,1.050,270.70
352.447,0.22984,2.67672,10.89841,-0.53267,0.06109,0.47892,31.2528776,75.7032755,1.050,270.70
352.552,1.31202,4.06535,12.72758,-0.56810,-0.11484,-0.00367,31.2528776,75.7032755,1.050,270.70
352.656,0.77093,1.11091,10.35253,0.71838,-1.04458,-0.82711,31.2528776,75.7032755,1.050,270.70
352.760,1.42216,0.53151,8.53294,0.77213,-0.07453,-0.51679,31.2528776,75.7032755,1.050,270.70
352.864,0.72305,1.10133,6.83784,0.78435,-0.75136,-0.97861,31.2528776,75.7032755,1.050,270.70
352.968,-0.87149,2.38941,8.01100,0.60842,-0.21014,-0.43494,31.2528782,75.7032626,1.090,271.30
353.072,-0.92895,3.68228,9.51935,-0.01710,-0.16616,-0.01466,31.2528782,75.7032626,1.090,271.30
353.175,-1.34075,2.60010,13.89595,-1.18386,0.27611,0.66829,31.2528782,75.7032626,1.090,271.30
353.280,-1.20668,3.56257,5.80354,-0.02199,0.78069,0.23579,31.2528782,75.7032626,1.090,271.30
353.384,0.72305,2.09732,6.73250,-0.42028,0.30421,0.78435,31.2528782,75.7032626,1.090,271.30
353.488,0.28730,2.95444,9.38527,-0.28711,0.85399,0.69150,31.2528782,75.7032626,1.090,271.30
353.591,0.52194,3.46680,12.89038,-0.30299,-0.84422,0.27000,31.2528782,75.7032626,1.090,271.30
353.696,0.29209,1.66636,17.44415,0.01222,0.43738,0.18448,31.2528782,75.7032626,1.090,271.30
353.800,1.07739,1.57538,7.46512,1.08245,0.50702,-0.59987,31.2528782,75.7032626,1.090,271.30
353.904,0.46448,1.15401,6.29675,0.43127,-0.69272,-0.75625,31.2528782,75.7032626,1.090,271.30
354.009,0.05267,2.41814,6.96234,0.31032,-0.10385,-0.29932,31.2528788,75.7032509,1.110,272.40
354.111,-0.68474,3.06937,11.09473,0.02810,-0.30665,0.08919,31.2528788,75.7032509,1.110,272.40
354.215,-2.29365,3.64398,14.01566,-1.12277,1.17042,0.81856,31.2528788,75.7032509,1.110,272.40
354.319,-2.21703,3.11725,7.44597,0.92485,-0.06964,-0.23702,31.2528788,75.7032509,1.110,272.40
354.426,-0.73741,2.44209,5.86579,-0.22969,0.16493,0.77336,31.2528788,75.7032509,1.110,272.40
354.530,0.49799,3.05500,6.87136,-0.07941,0.65851,1.08856,31.2528788,75.7032509,1.110,272.40
354.634,2.00634,4.24731,10.55364,-0.57910,-0.02566,0.66340,31.2528788,75.7032509,1.110,272.40
354.738,1.54665,3.69186,15.45697,-0.72693,0.06109,0.28100,31.2528788,75.7032509,1.110,272.40
354.842,1.71425,2.35111,8.59040,0.95539,-0.63163,-0.91630,31.2528788,75.7032509,1.110,272.40
354.945,0.39265,1.80044,7.81467,0.25779,-0.02932,-0.30177,31.2528787,75.7032382,1.110,271.60
355.047,0.86191,1.93930,6.77559,0.09285,-0.68173,-0.74281,31.2528787,75.7032382,1.110,271.60
355.150,0.25379,3.40934,9.18895,-0.79290,-0.73915,-0.38973,31.2528787,75.7032382,1.110,271.60
355.254,0.35434,3.03106,11.58794,-0.52657,0.53390,0.68050,31.2528787,75.7032382,1.110,271.60
355.361,0.27294,1.72861,10.84095,0.48747,-0.50091,-0.44227,31.2528787,75.7032382,1.110,271.60
355.464,-0.92895,2.90656,6.05733,0.71960,1.33535,0.17349,31.2528787,75.7032382,1.110,271.60
355.570,0.38786,2.93050,6.31590,-0.11973,-0.26634,0.64874,31.2528787,75.7032382,1.110,271.60
355.677,2.27449,3.65834,10.76433,-0.18937,0.09652,0.73670,31.2528787,75.7032382,1.110,271.60
355.781,2.52349,5.15711,12.40197,-0.09652,0.06842,-0.35919,31.2528787,75.7032382,1.110,271.60
355.884,1.16837,2.70066,10.29986,0.49358,-0.49724,-0.66951,31.2528787,75.7032382,1.110,271.60
355.986,2.07338,2.82995,7.29753,0.11606,0.29444,-0.68173,31.2528787,75.7032254,1.130,268.90
356.088,0.64165,1.72861,8.64786,0.36163,-0.65240,-1.05802,31.2528787,75.7032254,1.130,268.90
356.193,-0.69432,3.74932,7.22570,0.46304,-0.46059,-0.72326,31.2528787,75.7032254,1.130,268.90
356.296,-1.44610,3.57694,10.62068,-0.27489,0.16249,0.22724,31.2528787,75.7032254,1.130,268.90
356.402,-1.52750,2.69108,15.64850,-1.25350,0.33720,0.98105,31.2528787,75.7032254,1.130,268.90
356.506,-1.22104,3.38061,6.78038,0.13073,-0.47525,0.13928,31.2528787,75.7032254,1.130,268.90
356.610,0.77572,2.17394,5.32470,-0.72082,-0.19670,1.19485,31.2528787,75.7032254,1.130,268.90
356.714,2.58574,1.63285,8.65265,-0.20647,0.40684,1.51250,31.2528787,75.7032254,1.130,268.90
356.819,3.49553,2.70545,12.22479,-0.44715,-0.02443,0.06964,31.2528787,75.7032254,1.130,268.90
356.923,3.77805,2.48997,15.38514,-0.26756,0.54734,-0.33353,31.2528787,75.7032254,1.130,268.90
357.028,2.88262,1.70946,7.93438,1.31580,-0.39828,-1.67133,31.2528788,75.7032130,1.210,267.90
357.131,0.43096,1.18752,6.74686,1.00915,0.11240,-0.95295,31.2528788,75.7032130,1.210,267.90
357.235,0.74220,2.33674,5.93283,0.12584,-0.83566,-0.80390,31.2528788,75.7032130,1.210,267.90
357.340,-0.14844,3.66313,9.69173,-0.14905,0.28344,-0.16493,31.2528788,75.7032130,1.210,267.90
357.445,-0.49321,3.55300,12.86644,-1.32802,1.08245,1.10200,31.2528788,75.7032130,1.210,267.90
357.548,-0.48363,1.98240,9.79707,-0.63897,-0.49847,0.00244,31.2528788,75.7032130,1.210,267.90
357.653,-0.67516,2.43251,5.72693,0.23946,0.34086,0.16005,31.2528788,75.7032130,1.210,267.90
357.756,1.17316,2.67672,7.39329,0.09774,0.56566,1.00426,31.2528788,75.7032130,1.210,267.90
357.860,1.93930,3.28006,10.06522,-0.11118,0.18082,0.93462,31.2528788,75.7032130,1.210,267.90
357.967,3.46202,2.26491,15.27022,-1.13377,-0.05009,0.11240,31.2528802,75.7032002,1.230,269.80
358.069,2.43730,1.01035,9.17937,0.77946,-0.34453,-1.44653,31.2528802,75.7032002,1.230,269.80
358.171,1.47483,0.77572,7.32147,0.67073,-0.14294,-0.98471,31.2528802,75.7032002,1.230,269.80
358.276,0.98162,1.36948,7.05811,0.31276,-0.64752,-0.92363,31.2528802,75.7032002,1.230,269.80
358.380,-0.00958,2.17872,9.59117,0.13073,-0.08186,-0.55589,31.2528802,75.7032002,1.230,269.80
358.483,-1.50835,3.93128,10.80264,-1.08856,0.74770,0.78557,31.2528802,75.7032002,1.230,269.80
358.584,-0.67516,1.80523,11.38204,-0.44715,-0.93585,0.08919,31.2528802,75.7032002,1.230,269.80
358.688,-1.03908,2.59053,5.21936,0.32620,0.84544,0.72082,31.2528802,75.7032002,1.230,269.80
358.793,1.41258,1.96803,7.11557,0.03299,0.60842,1.24128,31.2528802,75.7032002,1.230,269.80
358.897,3.64398,2.08774,9.37569,-0.47037,0.36652,1.14110,31.2528802,75.7032002,1.230,269.80
359.000,4.05099,2.53785,13.49851,-0.44960,-0.32865,-0.62553,31.2528790,75.7031866,1.160,268.40
359.103,0.99599,1.22583,11.42034,1.03847,-0.59132,-1.60169,31.2528790,75.7031866,1.160,268.40
359.205,0.58419,1.11091,8.90643,1.00426,0.14661,-0.93707,31.2528790,75.7031866,1.160,268.40
359.310,0.35913,1.21147,5.54976,0.57910,-0.73059,-1.14720,31.2528790,75.7031866,1.160,268.40
359.415,0.10534,2.53785,7.46033,0.09896,-0.04032,-0.69883,31.2528790,75.7031866,1.160,268.40
359.519,-1.34075,3.88818,10.68772,0.15394,0.17837,-0.29077,31.2528790,75.7031866,1.160,268.40
359.620,-1.90578,1.88184,14.74828,-0.89797,-0.72693,0.26756,31.2528790,75.7031866,1.160,268.40
359.726,-2.71502,3.62961,5.75566,0.65240,0.98960,-0.20647,31.2528790,75.7031866,1.160,268.40
359.829,0.09098,2.80600,7.13951,-0.23213,-0.00489,0.98838,31.2528790,75.7031866,1.160,268.40
359.934,0.85712,3.39977,8.72926,-0.02566,0.11851,0.74770,31.2528786,75.7031724,1.240,271.90
360.037,0.81882,4.55377,11.74595,-0.07086,0.18937,-0.10140,31.2528786,75.7031724,1.240,271.90
360.141,0.97683,3.25611,14.06354,-0.42272,0.19181,0.00122,31.2528786,75.7031724,1.240,271.90
360.250,0.89064,2.22182,6.48829,0.58765,0.13561,-0.82222,31.2528786,75.7031724,1.240,271.90
360.353,1.08218,1.82438,7.61356,-0.07941,-0.57666,-0.45326,31.2528786,75.7031724,1.240,271.90
360.457,-0.51715,2.49955,8.94474,0.15760,0.08063,-0.28955,31.2528786,75.7031724,1.240,271.90
360.561,-0.97205,2.73897,10.41957,0.22724,-0.43371,0.06842,31.2528786,75.7031724,1.240,271.90
360.663,-1.22104,2.73418,11.49217,-0.94440,0.80756,1.09467,31.2528786,75.7031724,1.240,271.90
360.765,-1.77171,2.71981,9.57202,-0.05864,-0.24312,-0.30543,31.2528786,75.7031724,1.240,271.90
360.868,-0.92895,3.01669,5.01346,-0.14783,0.05376,0.74526,31.2528786,75.7031724,1.240,271.90
360.973,1.17795,2.37026,7.59920,-0.20036,0.57544,1.22906,31.2528792,75.7031598,1.240,273.50
361.075,1.91536,3.58173,11.83214,-0.43616,0.32865,0.20281,31.2528792,75.7031598,1.240,273.50
361.180,1.59454,4.92248,13.21120,-0.06597,0.24190,-0.20769,31.2528792,75.7031598,1.240,273.50
361.284,0.62249,2.41336,9.93594,0.94562,-0.88209,-0.66829,31.2528792,75.7031598,1.240,273.50
361.389,0.42138,2.15478,7.17303,0.46304,-0.10873,-0.09774,31.2528792,75.7031598,1.240,273.50
361.494,0.69432,1.97282,7.70454,-0.05253,-0.95417,-0.50457,31.2528792,75.7031598,1.240,273.50
361.597,-0.28252,3.15077,7.69975,0.08796,-0.19426,-0.32987,31.2528792,75.7031598,1.240,273.50
361.701,-1.23062,3.59130,9.84017,-0.51679,0.64385,0.36041,31.2528792,75.7031598,1.240,273.50
361.806,-1.35991,2.31280,14.53280,-1.09345,0.27122,0.56688,31.2528792,75.7031598,1.240,273.50
361.911,-2.60489,3.75890,7.30710,0.85521,0.56933,0.69028,31.2528792,75.7031598,1.240,273.50
362.014,-0.12450,2.52349,6.64630,0.25779,0.58399,1.55526,31.2528784,75.7031464,1.190,270.80
362.117,1.84354,3.30879,7.62793,0.04276,0.65118,1.20218,31.2528784,75.7031464,1.190,270.80
362.222,2.64320,4.37181,12.29662,-0.44104,0.07941,0.37385,31.2528784,75.7031464,1.190,270.80
362.325,1.50356,2.85868,14.49929,0.33231,-0.48869,-0.37263,31.2528784,75.7031464,1.190,270.80
362.428,2.03986,3.00233,7.43639,0.72449,0.09407,-0.91263,31.2528784,75.7031464,1.190,270.80
362.533,0.79009,2.26013,6.68461,0.25656,-1.22417,-1.06535,31.2528784,75.7031464,1.190,270.80
362.634,-0.13408,3.28484,7.27837,0.11362,-0.72937,-0.45571,31.2528784,75.7031464,1.190,270.80
362.740,-0.04310,2.99754,10.86968,-0.40195,-0.33475,0.10385,31.2528784,75.7031464,1.190,270.80
362.842,-1.13964,3.54821,11.66455,-1.14476,0.67928,0.17104,31.2528784,75.7031464,1.190,270.80
362.946,-2.07817,3.21302,9.44273,0.40439,-0.23702,-0.37996,31.2528780,75.7031334,1.150,266.90
363.053,-1.62327,2.69108,6.06212,-0.51557,0.52534,1.30114,31.2528780,75.7031334,1.150,266.90
363.156,0.69432,2.01592,8.00142,-0.24190,0.76358,1.54060,31.2528780,75.7031334,1.150,266.90
363.260,2.13563,3.56736,10.05086,-0.07575,0.43371,0.50457,31.2528780,75.7031334,1.150,266.90
363.364,2.37026,4.96079,11.05163,0.08308,0.17593,-0.05986,31.2528780,75.7031334,1.150,266.90
363.469,2.14042,2.35589,13.49851,0.49724,-0.85032,-0.57421,31.2528780,75.7031334,1.150,266.90
363.572,1.15879,1.83875,8.87291,1.03114,0.14294,-0.89797,31.2528780,75.7031334,1.150,266.90
363.677,0.00958,1.64242,7.29274,0.43494,-1.36101,-1.20707,31.2528780,75.7031334,1.150,266.90
363.781,-0.61770,2.58574,8.49463,0.50091,-0.98105,-1.06046,31.2528780,75.7031334,1.150,266.90
363.884,-1.47483,3.94086,8.18817,-0.14172,-0.81978,-0.07575,31.2528780,75.7031334,1.150,266.90
363.986,-1.56581,2.37026,12.19127,-1.45752,-0.15516,-0.14172,31.2528780,75.7031212,1.150,265.60
364.089,-3.36146,4.26168,7.98227,0.50335,1.25838,-0.37629,31.2528780,75.7031212,1.150,265.60
364.191,-1.39821,3.23696,6.49307,-0.78924,0.35064,1.37811,31.2528780,75.7031212,1.150,265.60
364.296,1.84832,3.29921,7.96311,-0.15516,0.66340,1.23028,31.2528780,75.7031212,1.150,265.60
364.399,2.37984,3.62961,13.69005,-0.41294,0.19059,0.61820,31.2528780,75.7031212,1.150,265.60
364.503,0.40223,1.93451,16.54872,0.15272,-0.07819,-0.16249,31.2528780,75.7031212,1.150,265.60
364.606,0.94810,1.97761,6.24887,1.10200,-0.71471,-1.35856,31.2528780,75.7031212,1.150,265.60
364.711,0.33998,2.07338,6.95276,0.15516,-0.30788,-0.67317,31.2528780,75.7031212,1.150,265.60
364.817,0.95289,3.12683,8.54251,0.02077,-0.17471,-0.31398,31.2528780,75.7031212,1.150,265.60
364.921,-0.11492,3.73495,10.01255,-0.03054,0.01710,0.05498,31.2528760,75.7031100,1.030,261.80
365.022,-0.43574,3.99832,10.63504,-1.19730,-0.64019,0.34697,31.2528760,75.7031100,1.030,261.80
365.125,-0.99599,1.93451,10.66377,-0.14416,-0.56810,-0.14416,31.2528760,75.7031100,1.030,261.80
365.230,-0.09577,2.59053,6.13394,-0.20769,0.55100,0.42028,31.2528760,75.7031100,1.030,261.80
365.334,1.47483,2.76770,7.86256,-0.41539,0.04398,0.48014,31.2528760,75.7031100,1.030,261.80
365.439,0.52672,2.93050,10.79785,0.05009,0.28833,-0.01466,31.2528760,75.7031100,1.030,261.80
365.543,0.97205,3.69665,9.83059,0.35308,-0.86010,-0.59254,31.2528760,75.7031100,1.030,261.80
365.647,1.67115,1.92973,14.28860,0.50946,0.44715,-0.28344,31.2528760,75.7031100,1.030,261.80
365.750,-0.53151,3.85945,7.24485,0.91630,0.10140,-1.27426,31.2528760,75.7031100,1.030,261.80
365.853,0.55545,1.18274,6.81390,1.05558,0.23579,-1.00548,31.2528760,75.7031100,1.030,261.80
365.956,-4.54419,7.60398,6.92403,1.07146,-1.22051,-1.19607,31.2528750,75.7030981,1.130,265.40
366.058,-3.51948,7.07726,11.10910,0.48381,-1.97309,0.44104,31.2528750,75.7030981,1.130,265.40
366.161,-1.29766,8.38928,9.59596,-0.21014,0.97616,-0.47892,31.2528750,75.7030981,1.130,265.40
366.264,-1.66158,5.31992,5.42047,-0.03665,0.67073,-0.45937,31.2528750,75.7030981,1.130,265.40
366.367,-0.23463,3.42850,6.24408,-0.88820,1.23273,-0.46548,31.2528750,75.7030981,1.130,265.40
366.471,-3.14119,6.33985,3.90734,0.08552,-0.39340,-0.12339,31.2528750,75.7030981,1.130,265.40
366.575,-1.33118,7.11557,8.22169,0.32742,-0.84666,0.03421,31.2528750,75.7030981,1.130,265.40
366.678,-1.62806,5.69820,8.99262,0.06353,-2.26875,-0.63408,31.2528750,75.7030981,1.130,265.40
366.781,1.89621,2.46124,11.76990,-0.38118,-1.23517,0.85399,31.2528750,75.7030981,1.130,265.40
366.885,0.94332,4.23774,6.90967,-0.22358,-0.54978,-0.27489,31.2528750,75.7030981,1.130,265.40
366.991,0.03352,5.28640,4.81713,-0.02443,-0.09407,-0.45937,31.2528765,75.7030863,1.230,269.80
367.094,0.79009,6.51702,8.56645,-0.17104,-0.28955,-0.07208,31.2528765,75.7030863,1.230,269.80
367.200,0.29688,6.77080,10.17536,-0.22969,0.72082,0.57055,31.2528765,75.7030863,1.230,269.80
367.303,0.09098,2.97839,12.47858,-0.30421,-0.10629,-0.10751,31.2528765,75.7030863,1.230,269.80
367.408,0.29688,3.38061,9.26077,0.22969,-0.38240,0.15638,31.2528765,75.7030863,1.230,269.80
367.511,-0.11492,3.83551,4.82671,0.75381,0.12462,0.63041,31.2528765,75.7030863,1.230,269.80
367.615,1.06303,5.50666,7.31668,0.08552,-0.67684,-0.06353,31.2528765,75.7030863,1.230,269.80
367.718,2.98796,6.07170,12.67969,0.30665,0.43127,-0.18815,31.2528765,75.7030863,1.230,269.80
367.822,3.35188,3.88340,12.71800,-0.59743,-1.09956,-0.72693,31.2528765,75.7030863,1.230,269.80
367.924,2.86825,4.02226,3.86424,0.01955,-0.08186,-0.47281,31.2528775,75.7030734,1.210,269.20
368.026,1.09176,3.95522,6.25365,0.03421,0.11484,-0.55589,31.2528775,75.7030734,1.210,269.20
368.129,0.63686,6.00466,7.80989,0.31276,-1.85947,-0.34575,31.2528775,75.7030734,1.210,269.20
368.233,2.01592,7.80510,9.55765,-0.14294,0.15638,0.12584,31.2528775,75.7030734,1.210,269.20
368.335,2.17394,7.23049,10.65899,-0.69028,-0.31398,0.11606,31.2528775,75.7030734,1.210,269.20
368.441,0.88585,4.46279,6.28717,0.57544,0.30910,0.35064,31.2528775,75.7030734,1.210,269.20
368.544,0.31603,3.71580,4.72615,0.58154,0.47403,0.46548,31.2528775,75.7030734,1.210,269.20
368.650,1.98240,6.58405,5.94720,0.36408,0.01588,0.40195,31.2528775,75.7030734,1.210,269.20
368.753,2.63362,7.35499,9.56244,-0.13195,0.07819,-0.15394,31.2528775,75.7030734,1.210,269.20
368.855,2.54264,7.00543,9.71567,0.44960,-0.09896,-0.24312,31.2528775,75.7030734,1.210,269.20
368.959,2.79643,4.12282,8.47069,0.26634,-0.07697,-0.16982,31.2528778,75.7030612,1.160,270.20
369.061,2.49476,4.91290,6.42604,-0.45204,-0.12095,-0.17959,31.2528778,75.7030612,1.160,270.20
369.163,0.95768,6.23450,5.20021,0.10018,-0.61453,-0.52657,31.2528778,75.7030612,1.160,270.20
369.267,-0.11971,7.92002,6.77080,-0.02443,-0.22235,0.15516,31.2528778,75.7030612,1.160,270.20
369.370,2.30322,8.93037,8.59040,0.72815,-0.01466,0.56444,31.2528778,75.7030612,1.160,270.20
369.474,2.37984,5.97114,10.13226,0.42028,0.44715,0.00611,31.2528778,75.7030612,1.160,270.20
369.575,2.03986,5.05177,7.94396,0.17715,-0.06475,-0.15394,31.2528778,75.7030612,1.160,270.20
369.679,0.70390,4.51546,3.78284,0.07330,1.17408,0.30055,31.2528778,75.7030612,1.160,270.20
369.784,2.51391,7.13951,4.79798,0.50946,-0.64752,0.53512,31.2528778,75.7030612,1.160,270.20
369.888,3.96480,9.13148,7.26401,-0.61087,-0.48747,-0.40561,31.2528778,75.7030612,1.160,270.20
369.992,3.22260,7.75721,8.41801,-0.81367,-0.44349,-0.25534,31.2528796,75.7030489,1.120,270.30
370.095,2.55701,5.88495,5.39653,0.43127,0.15027,-0.07086,31.2528796,75.7030489,1.120,270.30
370.198,2.35111,4.66391,5.60722,-0.19181,-0.01955,-0.40928,31.2528796,75.7030489,1.120,270.30
370.303,0.49799,7.19697,4.69264,-0.06231,-0.36530,-0.28711,31.2528796,75.7030489,1.120,270.30
370.407,2.40857,9.50498,8.20253,-0.16860,-0.36652,0.43249,31.2528796,75.7030489,1.120,270.30
370.510,2.96402,9.53371,7.80510,-0.25534,-0.04032,0.19303,31.2528796,75.7030489,1.120,270.30
370.612,0.96726,5.45878,4.74052,0.34697,1.22662,0.23091,31.2528796,75.7030489,1.120,270.30
370.716,1.05824,4.54898,7.15866,0.09774,0.32742,0.06475,31.2528796,75.7030489,1.120,270.30
370.820,1.71904,5.99508,4.49152,0.14172,0.18570,0.48014,31.2528796,75.7030489,1.120,270.30
370.923,2.83473,7.63272,5.73651,-0.00855,-0.06353,-0.05131,31.2528802,75.7030370,1.150,271.80
371.025,2.60010,9.10275,8.59040,-0.33598,-0.34941,-0.21747,31.2528802,75.7030370,1.150,271.80
371.128,3.14119,6.23929,9.58638,-0.18448,-0.64752,-0.12217,31.2528802,75.7030370,1.150,271.80
371.234,2.88741,5.87537,3.91691,-0.12095,-0.28833,-0.38240,31.2528802,75.7030370,1.150,271.80
371.339,1.92494,5.13317,5.26724,-0.17959,-0.01100,-0.40561,31.2528802,75.7030370,1.150,271.80
371.441,1.45567,7.04374,4.40054,0.13439,-0.80023,-0.21136,31.2528802,75.7030370,1.150,271.80
371.547,2.95444,9.66300,8.21211,0.11729,-0.41417,0.32498,31.2528802,75.7030370,1.150,271.80
371.652,3.64398,7.47949,12.71800,-1.07146,-0.34453,-0.42761,31.2528802,75.7030370,1.150,271.80
371.755,0.79487,5.98072,6.52659,-0.03176,0.29322,0.10629,31.2528802,75.7030370,1.150,271.80
371.859,0.37350,3.54342,4.72137,-0.42883,0.84422,0.22235,31.2528802,75.7030370,1.150,271.80
371.962,-0.55545,3.97916,5.56412,-0.43005,0.53145,0.40439,31.2528819,75.7030248,1.200,276.90
372.065,2.68629,6.38773,9.20810,-1.06901,0.97983,0.46548,31.2528819,75.7030248,1.200,276.90
372.167,2.03028,4.70700,9.60554,-1.30725,0.03910,0.21014,31.2528819,75.7030248,1.200,276.90
372.271,3.48596,2.17872,9.50498,0.63286,0.14050,0.70983,31.2528819,75.7030248,1.200,276.90
372.376,3.40934,3.55300,6.91924,-0.17593,-0.33475,-0.21258,31.2528819,75.7030248,1.200,276.90
372.480,2.08296,4.93684,5.80354,-0.08430,-0.49480,-0.53878,31.2528819,75.7030248,1.200,276.90
372.584,0.43574,4.33829,9.07881,-0.76480,-0.26512,-0.33231,31.2528819,75.7030248,1.200,276.90
372.689,2.28407,5.56412,10.88404,0.03910,0.21380,0.33598,31.2528819,75.7030248,1.200,276.90
372.792,1.33596,1.49398,12.59829,0.90164,1.30725,0.24923,31.2528819,75.7030248,1.200,276.90
372.900,1.97282,3.16992,7.67102,0.87232,-0.70616,0.06353,31.2528819,75.7030248,1.200,276.90
373.004,0.56503,2.60968,6.21056,-0.31276,1.45875,0.06720,31.2528845,75.7030116,1.160,277.90
373.109,0.89064,4.21858,10.55364,1.04702,-0.50457,0.52901,31.2528845,75.7030116,1.160,277.90
373.210,2.93529,6.84742,9.55765,0.67073,-0.99327,0.06231,31.2528845,75.7030116,1.160,277.90
373.315,2.15957,4.44843,11.73638,-1.47341,-0.43494,-0.09896,31.2528845,75.7030116,1.160,277.90
373.419,3.20823,4.11803,6.54096,1.43187,-0.53145,-0.13317,31.2528845,75.7030116,1.160,277.90
373.521,1.30723,3.25133,5.82749,-0.89919,0.66218,-0.15027,31.2528845,75.7030116,1.160,277.90
373.624,1.45567,5.34865,5.68384,0.67928,-1.04824,-0.14416,31.2528845,75.7030116,1.160,277.90
373.727,3.24175,6.72771,9.60075,-0.26145,-0.13317,0.12706,31.2528845,75.7030116,1.160,277.90
373.829,1.29766,8.68138,8.57603,0.94440,0.03910,0.19303,31.2528845,75.7030116,1.160,277.90
373.934,2.12126,5.38695,5.82270,0.69150,0.02688,0.02810,31.2528861,75.7029996,1.080,275.60
374.037,3.88340,5.31992,5.35822,0.38729,-0.71349,-0.23457,31.2528861,75.7029996,1.080,275.60
374.140,1.59454,5.08050,5.08050,0.68417,-0.13928,-1.53938,31.2528861,75.7029996,1.080,275.60
374.246,2.82516,7.09641,6.44040,-0.16982,0.90408,-0.02199,31.2528861,75.7029996,1.080,275.60
374.352,3.99832,8.63828,9.56244,-0.46181,0.68906,-0.00489,31.2528861,75.7029996,1.080,275.60
374.455,4.09887,6.16268,10.50576,-0.13439,-0.00855,-0.02688,31.2528861,75.7029996,1.080,275.60
374.559,3.69186,6.19141,3.26569,0.27367,-0.93096,0.04154,31.2528861,75.7029996,1.080,275.60
374.665,2.79643,5.59764,3.35667,0.01588,0.00122,-0.37629,31.2528861,75.7029996,1.080,275.60
374.769,2.43730,8.06846,4.88896,-0.22113,-0.51068,-0.36163,31.2528861,75.7029996,1.080,275.60
374.872,3.05500,9.73004,8.68616,0.34208,-0.52168,-0.34941,31.2528861,75.7029996,1.080,275.60
374.976,2.11169,8.37013,9.13627,-0.73426,-0.53145,-0.40073,31.2528862,75.7029878,1.080,272.30
375.078,0.24421,6.22014,6.46434,0.19914,0.37507,-0.08674,31.2528862,75.7029878,1.080,272.30
375.181,0.86191,4.75967,4.61602,0.16493,0.57910,-0.00611,31.2528862,75.7029878,1.080,272.30
375.284,1.28808,6.15310,4.26647,0.10263,0.21625,0.20892,31.2528862,75.7029878,1.080,272.30
375.389,0.86191,8.28873,5.75087,-0.07941,-0.27000,0.10140,31.2528862,75.7029878,1.080,272.30
375.492,1.24020,8.94474,8.14507,-0.43494,0.03665,0.01710,31.2528862,75.7029878,1.080,272.30
375.596,3.40455,6.12916,9.27514,0.31276,0.65851,0.05620,31.2528862,75.7029878,1.080,272.30
375.700,3.24175,5.75566,5.91368,-0.12584,-0.42272,0.07453,31.2528862,75.7029878,1.080,272.30
375.805,1.36948,6.42125,2.71502,0.56688,-0.06720,0.07941,31.2528862,75.7029878,1.080,272.30
375.909,2.73418,8.45632,5.98550,0.32009,-1.04702,0.13439,31.2528862,75.7029878,1.080,272.30
376.013,1.66158,8.73884,5.63116,0.25779,0.24801,-0.16249,31.2528862,75.7029758,1.160,269.90
376.116,2.48997,5.82270,10.59674,-0.39218,0.52657,0.00855,31.2528862,75.7029758,1.160,269.90
376.218,2.78206,6.46434,7.10120,-0.03299,-0.61087,0.45693,31.2528862,75.7029758,1.160,269.90
376.323,2.69108,5.45878,5.55934,-0.30910,0.86865,0.24435,31.2528862,75.7029758,1.160,269.90
376.428,2.31759,5.86101,5.84664,0.33720,-0.77702,-0.03176,31.2528862,75.7029758,1.160,269.90
376.533,2.14520,8.61434,6.05733,-0.91385,0.29322,-0.30665,31.2528862,75.7029758,1.160,269.90
376.642,4.25210,7.76679,10.47703,-1.08367,-0.76969,0.02566,31.2528862,75.7029758,1.160,269.90
376.747,3.33752,4.51068,6.00945,0.51313,1.51861,0.03054,31.2528862,75.7029758,1.160,269.90
376.853,2.70066,4.50110,5.10923,0.51435,-0.11973,-0.18937,31.2528862,75.7029758,1.160,269.90
376.957,1.37906,6.16746,7.33583,0.86376,-2.20400,0.03665,31.2528852,75.7029633,1.200,269.70
377.060,4.10845,8.25042,6.31590,0.56077,-0.57666,0.22602,31.2528852,75.7029633,1.200,269.70
377.163,3.09810,9.39485,1.71425,-0.98838,1.31825,0.38118,31.2528852,75.7029633,1.200,269.70
377.270,3.01191,6.46913,7.84340,-0.61697,0.78313,-0.21502,31.2528852,75.7029633,1.200,269.70
377.372,3.20823,5.18584,8.26478,0.30665,-0.33720,0.11973,31.2528852,75.7029633,1.200,269.70
377.478,1.67594,6.69419,3.62961,-0.21502,0.16005,0.09652,31.2528852,75.7029633,1.200,269.70
377.583,3.32794,7.58004,6.11479,0.24923,-0.19670,-0.19059,31.2528852,75.7029633,1.200,269.70
377.688,2.36547,8.51857,7.95354,-0.44593,0.40317,0.00367,31.2528852,75.7029633,1.200,269.70
377.793,7.29753,6.05733,12.55998,0.55344,-0.44227,-0.03910,31.2528852,75.7029633,1.200,269.70
377.896,2.27449,5.00867,3.04542,-0.31276,-0.15027,-0.28344,31.2528852,75.7029633,1.200,269.70
378.000,2.41814,6.16268,4.99430,-0.14416,-0.45815,-0.41783,31.2528846,75.7029502,1.210,268.40
378.103,2.43251,7.88171,6.93361,-0.20403,-0.42272,-0.14539,31.2528846,75.7029502,1.210,268.40
378.206,1.33118,7.70933,6.90488,-0.27000,0.38240,0.10140,31.2528846,75.7029502,1.210,268.40
378.310,2.96881,6.56011,9.82102,-0.42638,0.55467,-0.06720,31.2528846,75.7029502,1.210,268.40
378.415,2.41814,5.78918,6.91924,0.56810,-0.38485,0.20281,31.2528846,75.7029502,1.210,268.40
378.518,0.49321,6.12437,5.43963,-0.36896,0.96761,0.25412,31.2528846,75.7029502,1.210,268.40
378.622,2.31280,5.95199,5.68384,0.72204,0.06964,0.08552,31.2528846,75.7029502,1.210,268.40
378.728,2.05901,7.18739,7.13472,-0.27978,-0.50091,0.21502,31.2528846,75.7029502,1.210,268.40
378.831,4.68785,7.33105,7.03416,-0.75259,-0.47159,0.40561,31.2528846,75.7029502,1.210,268.40
378.935,3.47638,5.49709,5.60243,0.45204,0.22358,-0.27122,31.2528844,75.7029376,1.160,267.50
379.037,1.54187,4.65912,5.09965,-0.16616,0.11729,-0.34575,31.2528844,75.7029376,1.160,267.50
379.144,2.64799,7.43160,6.13394,0.08919,-0.47159,0.03054,31.2528844,75.7029376,1.160,267.50
379.249,3.67271,8.21690,8.14986,-0.04765,0.08674,-0.17226,31.2528844,75.7029376,1.160,267.50
379.354,1.84354,7.65187,6.38294,-0.06720,0.42761,-0.04154,31.2528844,75.7029376,1.160,267.50
379.459,2.24097,5.58328,8.34619,0.33598,0.44349,0.13806,31.2528844,75.7029376,1.160,267.50
379.563,1.80044,4.63996,4.42448,0.26267,0.27489,0.13195,31.2528844,75.7029376,1.160,267.50
379.668,2.26013,6.10043,4.69264,0.43616,0.04276,0.20769,31.2528844,75.7029376,1.160,267.50
379.772,3.29921,8.53294,5.04698,-0.20892,0.02199,-0.13561,31.2528844,75.7029376,1.160,267.50
379.875,3.11725,8.30788,8.02058,-0.11729,-0.13928,-0.35919,31.2528844,75.7029376,1.160,267.50
379.977,4.77404,6.47392,8.96389,0.00367,-0.14294,-0.33720,31.2528854,75.7029246,1.160,266.30
380.081,3.10289,5.69820,5.30076,0.05620,-0.62186,-0.10140,31.2528854,75.7029246,1.160,266.30
380.184,1.01993,5.97114,3.11246,0.03787,0.03910,-0.12828,31.2528854,75.7029246,1.160,266.30
380.290,1.92973,8.19775,6.37336,-0.16127,-0.26145,0.04032,31.2528854,75.7029246,1.160,266.30
380.394,2.42772,8.81066,8.25042,0.19303,0.54245,0.06597,31.2528854,75.7029246,1.160,266.30
380.500,3.88340,7.38372,10.41957,-0.11484,0.50213,0.13561,31.2528854,75.7029246,1.160,266.30
380.603,2.42772,6.22492,6.29196,0.42516,-0.01955,0.35919,31.2528854,75.7029246,1.160,266.30
380.708,2.72939,6.17225,4.42927,0.37507,0.30299,0.30910,31.2528854,75.7029246,1.160,266.30
380.812,2.38941,7.96311,4.49152,-0.08063,0.09652,-0.05253,31.2528854,75.7029246,1.160,266.30
380.915,2.86347,8.36055,7.66145,-0.44838,0.00611,-0.56810,31.2528854,75.7029246,1.160,266.30
381.019,2.67193,7.51300,6.46434,0.01100,-0.49480,-0.34086,31.2528866,75.7029130,1.110,267.30
381.121,1.96803,6.11000,5.10923,0.42272,0.11484,-0.33598,31.2528866,75.7029130,1.110,267.30
381.227,1.92494,5.61201,4.45322,-0.12217,0.11118,-0.05498,31.2528866,75.7029130,1.110,267.30
381.330,0.96247,7.21134,3.92649,0.01344,-0.48625,-0.08674,31.2528866,75.7029130,1.110,267.30
381.436,2.26013,9.17937,6.61278,-0.31398,-0.21258,0.15394,31.2528866,75.7029130,1.110,267.30
381.540,2.43730,10.23282,7.35020,-0.32742,0.36041,0.33720,31.2528866,75.7029130,1.110,267.30
381.644,0.43574,7.01501,6.13394,0.36041,0.47892,0.05131,31.2528866,75.7029130,1.110,267.30
381.746,1.22104,5.35822,5.68384,0.21991,0.46304,0.05986,31.2528866,75.7029130,1.110,267.30
381.850,0.71347,5.88495,4.75488,0.29077,0.65240,0.23457,31.2528866,75.7029130,1.110,267.30
381.951,1.52271,8.24563,4.52504,0.29566,-0.06475,0.28100,31.2528856,75.7029006,1.120,268.40
382.054,2.56658,9.56723,7.86735,-0.43127,-0.46181,-0.04276,31.2528856,75.7029006,1.120,268.40
382.159,3.79242,8.08282,8.85855,-0.33231,-0.20647,-0.12706,31.2528856,75.7029006,1.120,268.40
382.263,1.66158,6.30633,2.73418,0.08186,-0.43982,-0.13195,31.2528856,75.7029006,1.120,268.40
382.368,1.35991,6.22014,4.34787,0.00489,-0.10751,-0.07330,31.2528856,75.7029006,1.120,268.40
382.472,1.01514,7.86735,5.26246,-0.14661,-0.23824,0.05376,31.2528856,75.7029006,1.120,268.40
382.578,1.81002,9.25119,7.89129,0.00000,0.17104,0.14661,31.2528856,75.7029006,1.120,268.40
382.682,1.95846,9.15064,9.13148,-0.53512,0.03421,0.35186,31.2528856,75.7029006,1.120,268.40
382.785,1.32160,5.62159,5.86579,0.70005,-0.08919,-0.51191,31.2528856,75.7029006,1.120,268.40
382.889,0.58897,4.20901,3.89297,0.12462,0.48258,0.35675,31.2528856,75.7029006,1.120,268.40
382.992,1.87705,7.30710,4.59208,-0.09896,0.15027,0.09652,31.2528875,75.7028885,1.130,269.40
383.096,1.21147,9.67257,6.60800,-0.42516,-0.03787,0.09163,31.2528875,75.7028885,1.130,269.40
383.199,3.01669,9.82580,5.91847,0.20159,-0.02566,0.27000,31.2528875,75.7028885,1.130,269.40
383.303,3.90255,7.16345,6.25844,0.34941,0.03421,-0.25045,31.2528875,75.7028885,1.130,269.40
383.410,2.44687,5.33428,5.51145,-0.14783,-0.30788,-0.49724,31.2528875,75.7028885,1.130,269.40
383.515,0.46448,5.93762,3.49075,-0.15149,-0.45571,-0.22480,31.2528875,75.7028885,1.130,269.40
383.620,0.96726,8.92558,6.10043,-0.25045,-0.27122,0.09896,31.2528875,75.7028885,1.130,269.40
383.724,0.68953,9.71088,7.08205,-0.25168,0.46792,-0.02199,31.2528875,75.7028885,1.130,269.40
383.825,1.04387,6.99586,7.95354,0.30543,0.76847,0.16005,31.2528875,75.7028885,1.130,269.40
383.927,1.98240,6.06212,6.05254,0.24923,0.15027,-0.03299,31.2528869,75.7028766,1.170,267.30
384.029,1.57060,6.98628,4.69264,0.22113,0.60598,-0.16005,31.2528869,75.7028766,1.170,267.30
384.132,0.97205,7.60398,6.14352,0.61453,0.31521,-0.49114,31.2528869,75.7028766,1.170,267.30
384.237,0.46926,8.89685,7.15866,-0.16371,-0.34453,-0.48136,31.2528869,75.7028766,1.170,267.30
384.342,2.86347,7.87214,9.89763,-0.78069,-0.41661,0.04154,31.2528869,75.7028766,1.170,267.30
384.447,1.41258,6.98149,2.37984,0.55711,-0.91874,0.04520,31.2528869,75.7028766,1.170,267.30
384.551,1.10612,6.40210,4.54419,-0.28466,-0.18326,-0.38485,31.2528869,75.7028766,1.170,267.30
384.656,-0.67038,7.53695,4.74052,0.14661,-0.65973,-0.17837,31.2528869,75.7028766,1.170,267.30
384.760,0.77093,9.43316,7.15387,0.04765,-0.25290,0.43494,31.2528869,75.7028766,1.170,267.30
384.866,2.84431,9.04051,9.57681,-0.39951,-0.69394,0.64507,31.2528869,75.7028766,1.170,267.30
384.970,1.55623,7.24007,5.28161,0.14905,-0.31521,0.41783,31.2528876,75.7028641,1.170,268.30
385.073,0.95289,5.08050,4.29041,-0.37385,0.85643,0.41050,31.2528876,75.7028641,1.170,268.30
385.177,1.08218,6.58884,5.74608,0.09529,0.36408,0.58521,31.2528876,75.7028641,1.170,268.30
385.285,3.54821,9.15543,6.96713,0.00489,0.07941,-0.06597,31.2528876,75.7028641,1.170,268.30
385.390,2.47560,9.03572,5.25288,-1.18630,0.19792,-0.00367,31.2528876,75.7028641,1.170,268.30
385.495,3.42371,4.98473,3.80678,0.82100,0.81489,0.22113,31.2528876,75.7028641,1.170,268.30
385.597,3.88818,5.55934,5.03261,-0.70372,-0.81245,-0.60353,31.2528876,75.7028641,1.170,268.30
385.700,1.73340,6.85699,5.18105,-0.33720,-1.04091,-0.63286,31.2528876,75.7028641,1.170,268.30
385.805,2.07338,8.22169,8.50420,-0.25779,-0.75381,-0.38485,31.2528876,75.7028641,1.170,268.30
385.909,0.52194,8.46590,6.88572,0.33720,0.04520,-0.21747,31.2528876,75.7028641,1.170,268.30
386.015,0.94332,5.13796,9.48104,0.33109,0.95173,0.34453,31.2528869,75.7028517,1.150,268.70
386.117,2.04944,4.56814,7.45554,1.16187,-0.11851,0.24923,31.2528869,75.7028517,1.150,268.70
386.220,2.75812,6.39252,3.19387,-0.10996,1.10322,-0.04154,31.2528869,75.7028517,1.150,268.70
386.323,0.95768,7.08684,5.62159,0.31765,0.04765,-0.06842,31.2528869,75.7028517,1.150,268.70
386.428,1.58496,8.61434,8.07804,-0.41050,-0.61575,0.12462,31.2528869,75.7028517,1.150,268.70
386.533,6.07170,7.66623,11.67413,0.04765,-0.04276,0.14783,31.2528869,75.7028517,1.150,268.70
386.638,2.16915,5.71735,2.06859,0.27855,-0.36530,-0.27978,31.2528869,75.7028517,1.150,268.70
386.744,2.18830,5.17626,4.39575,-0.00733,-0.03299,-0.17104,31.2528869,75.7028517,1.150,268.70
386.848,1.95367,7.78116,3.95043,-0.12217,-1.10444,0.09285,31.2528869,75.7028517,1.150,268.70
386.951,3.13640,9.67736,8.10677,-0.37018,-0.11362,-0.20281,31.2528872,75.7028390,1.160,267.90
387.053,2.85868,8.13071,8.46111,-0.48991,-0.19914,-0.07697,31.2528872,75.7028390,1.160,267.90
387.156,0.79966,6.25844,6.78517,-0.05986,0.09285,-0.06231,31.2528872,75.7028390,1.160,267.90
387.259,1.01035,3.94086,5.81791,0.27855,0.33842,-0.20403,31.2528872,75.7028390,1.160,267.90
387.363,0.76614,5.64074,4.72615,0.28222,0.27733,0.43982,31.2528872,75.7028390,1.160,267.90
387.467,2.56658,9.03572,6.55054,-0.09774,-0.10629,0.31276,31.2528872,75.7028390,1.160,267.90
387.569,3.42371,9.35654,8.99262,-0.09774,0.41905,0.19548,31.2528872,75.7028390,1.160,267.90
387.675,6.56490,6.60800,9.64384,0.61087,0.14539,-0.40073,31.2528872,75.7028390,1.160,267.90
387.778,2.18351,5.08050,2.74854,-0.44593,-0.67440,-0.20403,31.2528872,75.7028390,1.160,267.90
387.882,1.96803,6.24408,4.35745,0.00000,-0.20159,0.02688,31.2528872,75.7028390,1.160,267.90
387.984,1.70946,8.24084,4.40054,-0.53267,-0.43982,0.12828,31.2528884,75.7028256,1.200,268.90
388.087,2.61926,9.36133,10.75954,-0.12217,0.12095,0.04520,31.2528884,75.7028256,1.200,268.90
388.190,3.72059,6.86657,12.62223,-0.50091,0.32009,0.06964,31.2528884,75.7028256,1.200,268.90
388.295,1.53229,5.41568,6.16746,0.52534,-0.02932,0.27245,31.2528884,75.7028256,1.200,268.90
388.399,1.29766,4.34787,3.85945,0.17349,0.79535,0.52779,31.2528884,75.7028256,1.200,268.90
388.503,2.03986,6.88094,5.36780,0.18692,0.00367,0.57421,31.2528884,75.7028256,1.200,268.90
388.606,4.03662,8.73884,7.06768,0.14905,-0.61820,-0.01955,31.2528884,75.7028256,1.200,268.90
388.709,3.39019,7.86735,4.44843,-0.75259,-0.47892,0.12217,31.2528884,75.7028256,1.200,268.90
388.813,4.71179,5.06613,8.12113,-0.17226,1.26327,-0.27855,31.2528884,75.7028256,1.200,268.90
388.916,3.67749,5.11401,5.18584,-0.09041,-0.60720,-0.73304,31.2528884,75.7028256,1.200,268.90
389.018,1.09654,5.75087,4.19943,-0.12828,-0.56933,-0.47647,31.2528878,75.7028115,1.210,267.30
389.121,1.61848,7.02459,6.48829,-0.34575,-0.16249,0.05253,31.2528878,75.7028115,1.210,267.30
389.225,2.54743,8.72926,8.53294,-0.29077,0.03910,0.26512,31.2528878,75.7028115,1.210,267.30
389.329,1.73819,5.40132,11.35330,-0.01222,0.93096,0.29566,31.2528878,75.7028115,1.210,267.30
389.434,2.15957,4.41491,8.58082,0.92241,-0.12706,0.29077,31.2528878,75.7028115,1.210,267.30
389.542,1.67115,4.82671,4.63517,0.41539,0.45204,0.30910,31.2528878,75.7028115,1.210,267.30
389.645,2.29843,6.72771,5.31513,0.49236,-0.31887,0.32742,31.2528878,75.7028115,1.210,267.30
389.749,4.74052,8.37492,8.46590,-0.06109,0.08796,-0.07941,31.2528878,75.7028115,1.210,267.30
389.852,6.01423,5.40132,12.45464,-0.69394,0.02199,-0.68417,31.2528878,75.7028115,1.210,267.30
389.955,2.82037,4.56814,2.61447,0.30299,-0.20159,-0.13073,31.2528872,75.7027982,1.210,267.00
390.060,1.84354,5.50188,5.38695,-0.37141,-0.20769,-0.21380,31.2528872,75.7027982,1.210,267.00
390.162,2.02071,7.99185,7.23049,-0.46304,-0.32498,-0.16860,31.2528872,75.7027982,1.210,267.00
390.265,2.19309,9.06924,8.85376,0.30665,0.04520,-0.00977,31.2528872,75.7027982,1.210,267.00
390.369,2.57616,4.47716,13.27824,-0.45204,-0.06475,-0.06109,31.2528872,75.7027982,1.210,267.00
390.473,0.84755,4.59208,6.56969,0.08308,-0.32376,0.28588,31.2528872,75.7027982,1.210,267.00
390.578,1.28329,4.28562,4.87459,0.32742,0.63897,0.26023,31.2528872,75.7027982,1.210,267.00
390.683,2.40378,5.96156,5.47793,0.17593,0.43249,0.38118,31.2528872,75.7027982,1.210,267.00
390.785,3.26569,7.23528,8.60955,-0.39828,0.05498,-0.04887,31.2528872,75.7027982,1.210,267.00
390.888,4.55856,4.25210,12.55998,-1.30725,0.22480,0.00122,31.2528872,75.7027982,1.210,267.00
390.994,2.98318,4.61602,4.01268,0.33231,0.64996,0.32987,31.2528870,75.7027837,1.190,267.70
391.096,1.80523,4.61602,9.06445,-0.70738,0.73793,-0.48991,31.2528870,75.7027837,1.190,267.70
391.199,0.62249,4.94642,6.73728,0.22724,-0.65851,-0.25412,31.2528870,75.7027837,1.190,267.70
391.302,1.41258,5.77003,9.21768,-0.06353,0.10507,0.20159,31.2528870,75.7027837,1.190,267.70
391.405,2.28886,5.95199,12.67490,-1.37933,-0.28711,0.27489,31.2528870,75.7027837,1.190,267.70
391.506,-0.18196,4.53462,6.49786,0.00367,1.04947,0.18815,31.2528870,75.7027837,1.190,267.70
391.608,0.63686,2.87304,6.72292,-0.90775,0.36896,-0.09774,31.2528870,75.7027837,1.190,267.70
391.713,-0.39744,2.41814,9.06924,0.05864,0.59010,0.15760,31.2528870,75.7027837,1.190,267.70
391.815,-0.47405,2.92571,12.31099,0.01222,0.28588,0.24557,31.2528870,75.7027837,1.190,267.70
391.918,-0.35434,3.28963,10.00776,-1.11300,1.21807,-0.41172,31.2528871,75.7027699,1.200,268.80
392.020,-1.29287,0.54109,9.68694,0.01100,1.87902,0.55955,31.2528871,75.7027699,1.200,268.80
392.122,-1.90100,2.15478,7.97748,-0.10263,-0.18326,-0.45571,31.2528871,75.7027699,1.200,268.80
392.226,-2.96402,3.28963,8.56167,0.74770,-0.12584,0.00000,31.2528871,75.7027699,1.200,268.80
392.331,-3.78763,3.91213,8.98304,0.70738,0.14050,0.21136,31.2528871,75.7027699,1.200,268.80
392.435,-2.63362,5.64553,6.79474,0.46304,-0.31765,0.23702,31.2528871,75.7027699,1.200,268.80
392.540,-4.75010,1.53708,8.99262,-0.61209,1.45264,-0.44838,31.2528871,75.7027699,1.200,268.80
392.644,-2.29843,2.23140,7.33105,-0.42272,0.25534,0.41050,31.2528871,75.7027699,1.200,268.80
392.748,-2.57616,4.64954,7.88650,-0.30788,-0.20403,-0.08186,31.2528871,75.7027699,1.200,268.80
392.850,-5.22415,3.53384,9.91678,0.05253,-0.52412,0.29810,31.2528871,75.7027699,1.200,268.80
392.954,0.01437,4.74531,9.77313,0.49602,-1.03114,0.78924,31.2528861,75.7027559,1.110,268.80
393.057,-1.41737,1.04866,12.09072,0.01833,-0.05864,-0.23824,31.2528861,75.7027559,1.110,268.80
393.160,-0.29688,2.97360,8.12113,-0.37629,-0.40806,-0.32498,31.2528861,75.7027559,1.110,268.80
393.264,-2.52828,3.49075,7.79073,0.21869,-0.11362,-0.28466,31.2528861,75.7027559,1.110,268.80
393.369,-2.05422,3.89776,10.23282,0.01710,-0.11118,0.30665,31.2528861,75.7027559,1.110,268.80
393.475,-1.52750,5.72693,8.49463,0.35919,0.60964,0.70127,31.2528861,75.7027559,1.110,268.80
393.577,-1.20189,2.52828,10.09874,-0.14416,0.93707,-0.20281,31.2528861,75.7027559,1.110,268.80
393.682,-1.24977,0.54109,8.21211,-0.64996,-0.75503,0.39095,31.2528861,75.7027559,1.110,268.80
393.786,-0.41180,2.93529,7.44597,-0.35064,0.28955,0.69028,31.2528861,75.7027559,1.110,268.80
393.890,-0.30167,4.30956,10.05565,-0.39706,-0.11606,0.13683,31.2528861,75.7027559,1.110,268.80
393.996,-0.53630,3.22260,12.15776,-0.01222,-0.29199,0.16616,31.2528865,75.7027429,1.100,265.80
394.098,1.16837,2.49476,12.30620,-0.49969,-0.70494,-0.56688,31.2528865,75.7027429,1.100,265.80
394.202,0.32082,1.34554,7.46033,1.17286,-0.16982,0.03176,31.2528865,75.7027429,1.100,265.80
394.308,0.18196,2.45645,7.53695,0.18570,0.21869,-0.29932,31.2528865,75.7027429,1.100,265.80
394.413,-0.31125,3.76847,7.86256,0.18570,-0.63897,-0.04520,31.2528865,75.7027429,1.100,265.80
394.517,0.17238,4.36702,10.07001,0.03299,0.12828,0.30543,31.2528865,75.7027429,1.100,265.80
394.619,0.00958,4.73573,8.75320,-0.19426,0.12462,0.55589,31.2528865,75.7027429,1.100,265.80
394.724,-0.15802,3.80199,9.42358,0.19792,0.37874,0.33109,31.2528865,75.7027429,1.100,265.80
394.830,0.03831,2.56658,7.69975,0.45815,0.68417,0.12950,31.2528865,75.7027429,1.100,265.80
394.935,-0.58897,3.55778,6.19141,0.33842,0.12339,0.32376,31.2528862,75.7027314,1.030,263.70
395.037,0.28252,4.83150,11.02290,-0.20036,-0.15394,0.05498,31.2528862,75.7027314,1.030,263.70
395.141,0.76136,5.06613,9.23204,0.38607,0.06353,-0.16860,31.2528862,75.7027314,1.030,263.70
395.245,1.39343,2.54264,10.16578,0.35186,0.96883,-0.27000,31.2528862,75.7027314,1.030,263.70
395.348,2.16915,4.19464,6.99586,0.15516,-0.86621,-0.46792,31.2528862,75.7027314,1.030,263.70
395.454,-0.45011,5.19542,5.77960,0.28711,-0.20892,-0.48503,31.2528862,75.7027314,1.030,263.70
395.558,-0.70868,6.85221,7.88650,0.09407,-0.16738,-0.19548,31.2528862,75.7027314,1.030,263.70
395.662,-0.02394,6.84742,10.83137,0.23213,0.10873,0.10507,31.2528862,75.7027314,1.030,263.70
395.765,-0.11971,4.68785,11.83693,0.10629,-0.10629,-0.27367,31.2528862,75.7027314,1.030,263.70
395.868,-0.69432,3.47159,7.53216,0.75259,-0.00122,0.01100,31.2528862,75.7027314,1.030,263.70
395.972,-0.33040,4.57293,4.58250,-0.25656,0.42028,-0.16616,31.2528835,75.7027205,1.040,260.20
396.074,-1.69988,4.71658,6.22014,0.01710,-0.01588,0.11973,31.2528835,75.7027205,1.040,260.20
396.176,-0.66080,6.22971,9.33739,-0.37018,-0.08186,0.12584,31.2528835,75.7027205,1.040,260.20
396.283,0.39265,7.34541,11.66455,-0.37385,0.40928,-0.02810,31.2528835,75.7027205,1.040,260.20
396.388,2.21703,4.80277,13.01488,0.15394,0.02932,-0.59987,31.2528835,75.7027205,1.040,260.20
396.492,1.05345,3.88340,6.28717,0.65729,-0.19670,-0.20281,31.2528835,75.7027205,1.040,260.20
396.597,-0.01915,4.24731,5.13796,0.16860,-0.71105,-0.67440,31.2528835,75.7027205,1.040,260.20
396.701,-1.01993,5.81312,7.58483,0.07819,-0.72571,-0.36652,31.2528835,75.7027205,1.040,260.20
396.805,-1.07260,7.17782,8.71489,0.38973,0.62553,0.09285,31.2528835,75.7027205,1.040,260.20
396.910,-2.65278,5.42047,11.14740,-0.74403,0.27978,-0.26634,31.2528825,75.7027083,1.130,262.00
397.011,-1.66636,3.52426,9.97903,0.54123,0.00122,0.85155,31.2528825,75.7027083,1.130,262.00
397.115,0.66080,4.72137,4.46279,0.20403,0.93340,0.86865,31.2528825,75.7027083,1.130,262.00
397.219,0.40223,6.22014,7.67581,0.40317,-0.11240,0.34086,31.2528825,75.7027083,1.130,262.00
397.322,0.98162,7.31189,7.70454,0.11973,-0.46548,-0.04032,31.2528825,75.7027083,1.130,262.00
397.426,0.60334,6.79953,7.48427,-1.13621,-0.16860,-0.39951,31.2528825,75.7027083,1.130,262.00
397.529,0.77572,3.63919,8.01579,-0.13195,0.74526,-0.20403,31.2528825,75.7027083,1.130,262.00
397.633,1.46046,3.80678,8.88728,-0.11606,-0.49236,-0.23091,31.2528825,75.7027083,1.130,262.00
397.737,0.31125,5.33428,6.24887,0.41294,-1.26571,-0.07208,31.2528825,75.7027083,1.130,262.00
397.841,0.56503,7.32626,7.78594,-0.29322,-0.13683,-0.08186,31.2528825,75.7027083,1.130,262.00
397.946,-1.70467,6.83305,8.64307,-0.57299,0.74770,-0.00367,31.2528821,75.7026952,1.120,261.30
398.047,-1.34075,3.45244,9.84496,-0.05620,1.44042,0.59498,31.2528821,75.7026952,1.120,261.30
398.152,0.74699,3.92649,8.80587,0.24801,-0.56444,0.78191,31.2528821,75.7026952,1.120,261.30
398.256,1.36948,3.85945,6.04775,0.25168,0.47770,0.90408,31.2528821,75.7026952,1.120,261.30
398.360,2.48997,5.80833,8.17859,-0.26512,0.18692,0.49969,31.2528821,75.7026952,1.120,261.30
398.465,0.60334,5.04219,10.55843,-0.27978,0.21014,-0.15394,31.2528821,75.7026952,1.120,261.30
398.569,2.62883,2.03507,16.77378,-0.45448,-0.14294,-0.18448,31.2528821,75.7026952,1.120,261.30
398.672,3.44765,4.83629,2.64320,0.92729,-0.66096,-0.00733,31.2528821,75.7026952,1.120,261.30
398.777,2.00155,5.04219,6.65588,-0.48869,0.66340,-0.92118,31.2528821,75.7026952,1.120,261.30
398.880,0.44532,5.61680,8.58561,0.26023,0.01222,-0.36041,31.2528821,75.7026952,1.120,261.30
398.985,-1.81959,5.92804,8.36055,0.26389,0.43249,0.16249,31.2528840,75.7026821,1.100,260.40
399.088,-5.66468,3.00233,11.20486,-0.86010,0.88453,0.51924,31.2528840,75.7026821,1.100,260.40
399.192,-2.94008,2.33674,6.78517,-0.21136,0.78435,2.94681,31.2528840,75.7026821,1.100,260.40
399.296,3.87382,3.08852,7.98227,-1.33902,1.14232,1.88269,31.2528840,75.7026821,1.100,260.40
399.402,0.03352,1.75734,8.79151,-0.01710,-1.41232,1.98409,31.2528840,75.7026821,1.100,260.40
399.506,2.23140,4.07972,8.23605,-1.71042,-0.61331,0.32742,31.2528840,75.7026821,1.100,260.40
399.610,5.07571,3.04064,10.72602,0.96395,-0.62430,-0.81489,31.2528840,75.7026821,1.100,260.40
399.713,1.63763,1.92494,8.24084,0.33964,-1.12155,-0.80512,31.2528840,75.7026821,1.100,260.40
399.818,1.57060,3.36625,7.64708,0.64141,0.80146,-0.21747,31.2528840,75.7026821,1.100,260.40
399.922,1.76692,2.98318,7.88650,0.09407,0.48869,-0.27245,31.2528826,75.7026700,1.090,261.10
400.023,-0.44053,4.36224,8.45153,1.51495,1.41476,0.23457,31.2528826,75.7026700,1.090,261.10
400.127,-1.76213,8.84897,9.05008,1.19363,-0.63163,-0.66218,31.2528826,75.7026700,1.090,261.10
400.229,-1.19231,3.56257,13.28303,-0.34575,0.61820,-0.72204,31.2528826,75.7026700,1.090,261.10
400.334,-1.42694,3.50511,5.10444,0.33964,0.62308,-0.86010,31.2528826,75.7026700,1.090,261.10
400.438,-2.54743,3.36625,5.60722,-0.68173,-0.48136,-1.10444,31.2528826,75.7026700,1.090,261.10
400.542,-3.05021,3.68228,8.80109,-0.57299,0.10018,-0.78802,31.2528826,75.7026700,1.090,261.10
400.644,-3.46202,3.18908,10.72602,-0.34331,-1.05191,-0.75869,31.2528826,75.7026700,1.090,261.10
400.745,-0.90022,3.15556,8.34619,-0.04520,0.24557,-0.25901,31.2528826,75.7026700,1.090,261.10
400.849,-0.26815,2.19309,10.14184,0.33109,0.39218,-0.34575,31.2528826,75.7026700,1.090,261.10
400.953,-2.40857,1.37427,7.94396,-0.49847,0.06109,-0.77702,31.2528844,75.7026581,1.070,268.10
401.055,-1.69509,3.05979,8.46590,-0.24557,0.47281,-0.47770,31.2528844,75.7026581,1.070,268.10
401.160,-4.02226,3.27048,8.24563,-0.35675,0.49480,-0.22969,31.2528844,75.7026581,1.070,268.10
401.263,-4.74531,1.89142,11.06121,0.18570,-0.06109,0.11729,31.2528844,75.7026581,1.070,268.10
401.367,-4.52504,1.79086,10.14663,-0.33720,0.44349,-0.01710,31.2528844,75.7026581,1.070,268.10
401.470,-4.13239,1.13485,8.18338,0.13073,-0.18570,0.47525,31.2528844,75.7026581,1.070,268.10
401.575,-4.07493,0.49321,7.04853,0.16493,-0.01344,-0.02199,31.2528844,75.7026581,1.070,268.10
401.678,-3.49075,2.24576,8.14507,0.09774,0.02566,0.36774,31.2528844,75.7026581,1.070,268.10
401.784,-4.32872,2.87304,9.73482,0.59254,0.37751,0.05498,31.2528844,75.7026581,1.070,268.10
401.888,-2.10690,4.12760,9.62948,1.86925,0.93096,-0.17226,31.2528844,75.7026581,1.070,268.10
401.992,-5.65032,2.74854,7.29753,0.55955,-1.14720,-0.99327,31.2528856,75.7026477,1.000,269.10
402.095,-2.51870,3.02627,8.09719,-0.62797,-1.20096,-0.32254,31.2528856,75.7026477,1.000,269.10
402.199,-3.41892,3.23217,6.44519,0.12462,0.27855,0.01833,31.2528856,75.7026477,1.000,269.10
402.302,-5.26724,6.02381,7.41724,0.39340,-0.67073,0.09041,31.2528856,75.7026477,1.000,269.10
402.407,-4.39097,5.41090,9.75398,0.28711,0.20036,0.61697,31.2528856,75.7026477,1.000,269.10
402.510,-6.90488,2.68151,10.35253,-0.86621,0.94440,-0.64996,31.2528856,75.7026477,1.000,269.10
402.614,-3.18908,3.28484,6.76601,0.24801,-0.01222,0.25901,31.2528856,75.7026477,1.000,269.10
402.718,-3.87382,2.26013,5.31513,-0.20769,0.40439,-0.53512,31.2528856,75.7026477,1.000,269.10
402.823,-4.56814,2.39899,8.42280,0.10751,-0.52779,0.56566,31.2528856,75.7026477,1.000,269.10
402.927,-5.79876,3.41892,7.03416,-0.42150,0.36285,0.09652,31.2528868,75.7026373,1.090,268.30
403.028,-3.79242,5.90410,10.33337,-0.14172,-1.10200,0.36163,31.2528868,75.7026373,1.090,268.30
403.130,-4.71658,0.84276,10.44351,0.67440,0.85643,-0.06720,31.2528868,75.7026373,1.090,268.30
403.232,-3.13640,3.06458,7.01501,0.08063,-1.32924,0.14294,31.2528868,75.7026373,1.090,268.30
403.336,-2.86347,4.57771,6.05254,0.59254,0.48625,0.47159,31.2528868,75.7026373,1.090,268.30
403.439,-2.81558,6.40210,6.87615,0.15027,-0.20769,0.10996,31.2528868,75.7026373,1.090,268.30
403.545,-3.92649,5.77481,10.15141,0.65485,0.26756,0.57788,31.2528868,75.7026373,1.090,268.30
403.649,-4.86023,3.46202,9.61990,-0.49724,0.21747,-0.49236,31.2528868,75.7026373,1.090,268.30
403.753,-3.73974,3.65834,6.07648,-0.19303,-0.30421,0.13806,31.2528868,75.7026373,1.090,268.30
403.858,-3.40455,3.00712,5.69341,-0.41172,0.11240,0.61087,31.2528868,75.7026373,1.090,268.30
403.962,-1.66158,5.01346,8.93037,-0.15516,-0.62308,0.77946,31.2528878,75.7026269,1.070,267.10
404.064,-2.78685,5.96156,8.57124,0.05009,0.13806,-0.16982,31.2528878,75.7026269,1.070,267.10
404.168,-1.53229,7.26401,7.69496,-0.06231,0.28466,-0.23579,31.2528878,75.7026269,1.070,267.10
404.272,-2.27928,1.26893,9.58160,1.17042,0.54367,0.19548,31.2528878,75.7026269,1.070,267.10
404.376,-0.54109,3.65834,6.35421,-0.28466,-1.07879,-0.14416,31.2528878,75.7026269,1.070,267.10
404.480,-1.52271,5.07571,5.11401,0.23335,-0.28833,-0.04765,31.2528878,75.7026269,1.070,267.10
404.584,-2.59053,6.78038,8.92558,-0.71960,-0.67928,0.05253,31.2528878,75.7026269,1.070,267.10
404.687,-2.66235,6.56969,9.76355,0.51801,0.62308,0.15882,31.2528878,75.7026269,1.070,267.10
404.790,-3.92170,2.16436,9.52413,-0.05131,0.81001,-0.34575,31.2528878,75.7026269,1.070,267.10
404.895,-3.45244,2.61926,7.30710,-0.46426,-0.53390,0.33231,31.2528878,75.7026269,1.070,267.10
404.999,-1.33596,3.75411,6.74207,-0.44715,0.15027,1.05680,31.2528887,75.7026149,1.070,269.00
405.102,-0.67995,5.29119,10.13705,-0.14783,-0.06353,0.20036,31.2528887,75.7026149,1.070,269.00
405.204,-2.90656,4.87938,8.83460,0.18448,0.26389,-0.37263,31.2528887,75.7026149,1.070,269.00
405.308,-0.49799,4.61123,10.39084,-0.32132,-0.49236,-0.36163,31.2528887,75.7026149,1.070,269.00
405.412,-0.71826,3.21302,5.36780,0.89797,0.37629,0.23213,31.2528887,75.7026149,1.070,269.00
405.518,-1.64242,2.82516,7.40287,-0.45937,-0.26267,-0.32620,31.2528887,75.7026149,1.070,269.00
405.621,-1.35512,5.10923,5.61201,0.22235,-0.84299,0.35797,31.2528887,75.7026149,1.070,269.00
405.725,-1.03430,6.15310,10.16099,-0.62308,0.45326,-0.00855,31.2528887,75.7026149,1.070,269.00
405.829,-2.78685,6.03339,9.38527,-0.14661,0.91141,-0.05498,31.2528887,75.7026149,1.070,269.00
405.934,-3.15077,2.73418,8.13071,0.39218,0.74403,0.68661,31.2528893,75.7026034,1.130,270.60
406.036,-1.81002,2.37026,7.14430,0.35919,-0.01710,0.37263,31.2528893,75.7026034,1.130,270.60
406.139,-1.64242,3.92649,5.88974,-0.19792,-0.13928,0.58521,31.2528893,75.7026034,1.130,270.60
406.243,-1.48919,4.56335,11.00854,-0.00122,0.11362,0.23579,31.2528893,75.7026034,1.130,270.60
406.347,-0.93374,4.89854,11.91355,0.10996,-0.09774,-0.07453,31.2528893,75.7026034,1.130,270.60
406.451,-1.01035,0.58419,12.31099,0.29077,0.36041,-0.14294,31.2528893,75.7026034,1.130,270.60
406.557,1.07260,4.04141,6.73728,-0.46548,-0.64263,-0.23457,31.2528893,75.7026034,1.130,270.60
406.661,-1.13485,3.98395,5.61201,0.00367,-0.00244,-0.57788,31.2528893,75.7026034,1.130,270.60
406.766,-2.80122,4.67827,9.81144,-0.26267,-0.46670,-0.56688,31.2528893,75.7026034,1.130,270.60
406.871,-0.83318,6.57448,11.11867,0.49969,-0.64630,0.59010,31.2528893,75.7026034,1.130,270.60
406.974,-3.49075,3.03106,12.70363,-0.90530,0.36041,-0.75992,31.2528886,75.7025909,1.170,267.90
407.077,-2.25534,3.08852,6.74686,0.42272,0.16249,0.82222,31.2528886,75.7025909,1.170,267.90
407.181,-1.64721,2.46124,6.01423,-0.26389,0.76969,0.15272,31.2528886,75.7025909,1.170,267.90
407.286,-0.39744,5.03261,9.13627,-0.03543,-0.32987,0.42150,31.2528886,75.7025909,1.170,267.90
407.392,-0.17717,4.78362,11.23838,0.71838,-0.24312,-0.54611,31.2528886,75.7025909,1.170,267.90
407.495,-1.85790,4.09408,11.00854,-0.26878,-0.03299,-1.83870,31.2528886,75.7025909,1.170,267.90
407.598,-1.78129,1.59933,6.07170,1.34268,0.40073,-0.10263,31.2528886,75.7025909,1.170,267.90
407.703,-0.77093,2.77727,5.67905,-0.30299,-0.85521,-0.48991,31.2528886,75.7025909,1.170,267.90
407.806,-2.16436,5.31992,6.32548,0.42516,-0.87720,-0.43616,31.2528886,75.7025909,1.170,267.90
407.909,-3.37582,6.67025,9.50498,-0.19548,-0.24801,0.35308,31.2528886,75.7025909,1.170,267.90
408.011,-4.13239,6.55532,8.49942,-0.48869,0.76236,0.26023,31.2528893,75.7025785,1.180,270.30
408.114,-3.33273,1.52271,7.95833,-0.15882,1.60413,1.08123,31.2528893,75.7025785,1.180,270.30
408.220,-1.75256,2.58095,7.84819,-0.38240,0.55711,0.45082,31.2528893,75.7025785,1.180,270.30
408.325,-1.13006,4.05578,6.46434,-0.31887,0.09896,1.18874,31.2528893,75.7025785,1.180,270.30
408.430,-1.44131,4.15633,9.30387,0.15149,0.30665,0.34331,31.2528893,75.7025785,1.180,270.30
408.535,-1.16837,4.52504,10.01255,-0.31398,-0.10018,0.08186,31.2528893,75.7025785,1.180,270.30
408.640,-1.47962,-0.17717,15.19360,-0.45448,0.35552,-0.26756,31.2528893,75.7025785,1.180,270.30
408.745,0.37350,4.13239,5.43484,0.02566,-1.03847,-0.67684,31.2528893,75.7025785,1.180,270.30
408.851,-1.46525,3.07416,6.56490,0.50213,-0.16860,-0.35430,31.2528893,75.7025785,1.180,270.30
408.954,-2.60010,4.74531,9.43794,0.02688,-0.86743,-0.28222,31.2528873,75.7025642,1.220,266.50
409.058,-3.38061,4.75967,10.60153,0.25901,0.46426,0.30665,31.2528873,75.7025642,1.220,266.50
409.160,-5.09007,-0.07183,13.89116,-0.91263,0.10996,-0.31398,31.2528873,75.7025642,1.220,266.50
409.265,-1.32639,2.88741,7.57047,-0.48747,-0.39340,0.98349,31.2528873,75.7025642,1.220,266.50
409.370,-1.35033,2.06859,7.11078,0.04398,0.73793,0.46426,31.2528873,75.7025642,1.220,266.50
409.474,-1.15401,3.54342,6.66067,0.25534,-0.36774,0.42883,31.2528873,75.7025642,1.220,266.50
409.577,-1.78607,2.70545,12.08593,0.03421,0.08063,-0.35919,31.2528873,75.7025642,1.220,266.50
409.680,-0.57461,3.17471,12.52168,-0.33964,-1.15454,0.12828,31.2528873,75.7025642,1.220,266.50
409.783,1.06303,1.28329,8.81545,1.41232,0.42761,0.26145,31.2528873,75.7025642,1.220,266.50
409.891,0.25857,2.34632,6.43083,0.15272,-0.15394,-0.36041,31.2528873,75.7025642,1.220,266.50
409.995,-1.28329,3.60088,6.84742,0.29932,-0.59987,-0.11118,31.2528858,75.7025506,1.230,265.50
410.097,-0.29688,4.79319,9.73482,0.02932,-0.19059,0.44593,31.2528858,75.7025506,1.230,265.50
410.200,-1.93451,4.53462,7.13951,-0.75259,0.00489,0.19914,31.2528858,75.7025506,1.230,265.50
410.303,-1.97761,2.07338,10.48182,0.10629,1.01526,0.70983,31.2528858,75.7025506,1.230,265.50
410.408,0.78530,2.84910,8.51378,-0.02443,-0.20525,0.79168,31.2528858,75.7025506,1.230,265.50
410.512,1.11091,3.86424,7.10120,0.38118,-0.00367,0.44838,31.2528858,75.7025506,1.230,265.50
410.614,1.14443,4.28562,9.64863,0.02688,0.18326,-0.13561,31.2528858,75.7025506,1.230,265.50
410.718,-1.04866,3.32794,10.82179,0.36652,-0.28588,-0.37263,31.2528858,75.7025506,1.230,265.50
410.821,1.07739,0.20111,13.81454,0.18082,0.48258,-0.13928,31.2528858,75.7025506,1.230,265.50
410.925,2.10690,3.05500,6.31590,-0.17104,-1.02503,-0.15149,31.2528857,75.7025382,1.110,262.80
411.027,-0.10534,3.33752,6.04775,-0.15272,0.53512,-0.56322,31.2528857,75.7025382,1.110,262.80
411.131,-0.04310,4.54898,9.72046,-0.10507,-0.86010,-0.34331,31.2528857,75.7025382,1.110,262.80
411.237,-0.04310,4.73094,12.55041,0.10507,0.21869,0.08430,31.2528857,75.7025382,1.110,262.80
411.341,-1.73819,2.63841,11.87524,0.12462,0.46426,0.11973,31.2528857,75.7025382,1.110,262.80
411.445,0.07661,2.85868,9.28471,0.32742,-0.35675,0.20403,31.2528857,75.7025382,1.110,262.80
411.548,-0.33998,2.32716,5.23373,0.15516,1.09101,0.22235,31.2528857,75.7025382,1.110,262.80
411.651,-0.43096,3.76847,7.97269,0.29077,-0.29322,0.52901,31.2528857,75.7025382,1.110,262.80
411.756,0.67516,4.48195,12.08593,-0.54000,-0.35919,-0.32498,31.2528857,75.7025382,1.110,262.80
411.860,0.50278,3.87382,11.32457,-0.92974,0.09896,-0.79779,31.2528857,75.7025382,1.110,262.80
411.962,-0.04788,2.84431,6.71813,0.48503,0.15394,0.03054,31.2528846,75.7025257,1.160,262.10
412.064,0.26336,2.69108,6.52659,0.39828,0.25290,-0.47403,31.2528846,75.7025257,1.160,262.10
412.168,-1.43173,3.91691,5.99508,0.40806,-0.85399,-0.45326,31.2528846,75.7025257,1.160,262.10
412.272,-1.55623,5.45878,10.20888,-0.73304,0.15027,0.08063,31.2528846,75.7025257,1.160,262.10
412.377,-1.67115,5.67905,9.44752,-0.75625,-0.24557,0.22724,31.2528846,75.7025257,1.160,262.10
412.480,-1.16358,2.94008,6.87615,0.74892,-0.08186,0.75992,31.2528846,75.7025257,1.160,262.10
412.583,-0.64643,2.23140,6.98628,0.41417,0.02566,0.28833,31.2528846,75.7025257,1.160,262.10
412.690,-0.23942,4.18028,6.37336,-0.10873,-0.26512,0.48258,31.2528846,75.7025257,1.160,262.10
412.795,0.32561,4.73573,10.41478,-0.33475,-0.36896,0.39706,31.2528846,75.7025257,1.160,262.10
412.899,1.80044,4.24253,11.58794,0.10629,0.04643,-0.30910,31.2528846,75.7025257,1.160,262.10
413.001,1.00556,0.67038,12.80419,-0.10263,0.82589,-0.68906,31.2528842,75.7025128,1.140,263.20
413.104,2.20745,4.02226,5.79397,0.27489,-1.26205,-0.12095,31.2528842,75.7025128,1.140,263.20
413.206,-0.35913,3.68228,6.59842,-0.19426,0.12828,-0.74159,31.2528842,75.7025128,1.140,263.20
413.309,-0.80445,4.61123,9.87369,-0.32865,-0.59010,-0.38851,31.2528842,75.7025128,1.140,263.20
413.414,-0.27773,4.86502,11.31500,0.22969,0.06109,0.40195,31.2528842,75.7025128,1.140,263.20
413.519,-1.14443,3.41413,11.66934,-1.26083,0.38729,0.09041,31.2528842,75.7025128,1.140,263.20
413.621,-1.27850,2.90656,8.62391,0.10873,0.05376,0.55222,31.2528842,75.7025128,1.140,263.20
413.730,0.16759,3.50511,5.95199,0.39828,0.54245,0.55589,31.2528842,75.7025128,1.140,263.20
413.834,0.24900,4.57771,8.77714,0.77213,-0.53878,0.22113,31.2528842,75.7025128,1.140,263.20
413.937,1.12527,5.01346,10.55843,0.15394,-0.31398,-0.53512,31.2528831,75.7025004,1.120,265.20
414.040,0.88107,4.24731,9.42358,-0.76969,0.04276,-1.07512,31.2528831,75.7025004,1.120,265.20
414.144,0.17717,3.05021,5.43484,0.59010,-0.41050,-0.00489,31.2528831,75.7025004,1.120,265.20
414.248,-0.29209,3.30400,7.31189,-0.02810,0.24557,-0.81612,31.2528831,75.7025004,1.120,265.20
414.352,-1.27372,4.68306,7.65666,0.04765,-0.68906,-0.19303,31.2528831,75.7025004,1.120,265.20
414.456,-1.02951,5.17148,10.35253,-0.27122,0.21014,0.27367,31.2528831,75.7025004,1.120,265.20
414.565,-0.70390,5.67905,9.00220,-0.23824,-0.24557,0.51191,31.2528831,75.7025004,1.120,265.20
414.671,-2.00634,3.72059,8.39407,0.16982,0.30299,0.28588,31.2528831,75.7025004,1.120,265.20
414.775,-2.55222,1.51314,7.92481,0.09163,0.71593,0.78313,31.2528831,75.7025004,1.120,265.20
414.879,-0.31603,4.13239,7.46991,-0.24557,-0.24435,1.56504,31.2528831,75.7025004,1.120,265.20
414.985,1.67594,4.93206,9.37091,-0.58399,-0.04765,0.07208,31.2528849,75.7024883,1.080,270.00
415.087,2.13084,2.36547,7.70933,-0.78191,-1.18630,0.94562,31.2528849,75.7024883,1.080,270.00
415.191,0.26815,-0.22027,4.53941,-0.33475,0.15516,-1.31825,31.2528849,75.7024883,1.080,270.00
415.296,0.37828,1.58975,12.07156,1.24372,-1.59925,0.38485,31.2528849,75.7024883,1.080,270.00
415.402,1.96803,4.41970,7.52737,0.28344,-0.63163,0.61209,31.2528849,75.7024883,1.080,270.00
415.506,3.16035,1.50835,8.19775,-0.53512,-0.79046,1.23273,31.2528849,75.7024883,1.080,270.00
415.613,2.30322,1.30723,10.13226,0.00977,-0.38240,2.33473,31.2528849,75.7024883,1.080,270.00
415.718,3.39498,1.56102,8.95910,1.45875,1.31947,1.78495,31.2528849,75.7024883,1.080,270.00
415.823,3.53384,1.66158,8.46111,1.10322,0.09407,1.60047,31.2528849,75.7024883,1.080,270.00
415.927,5.00388,2.08296,7.43639,0.76847,1.15942,1.23273,31.2528822,75.7024794,0.440,271.30
416.029,5.45878,3.12683,7.94875,0.20036,-0.16371,0.11118,31.2528822,75.7024794,0.440,271.30
416.131,5.16669,3.50990,9.45231,0.06842,0.74159,0.34086,31.2528822,75.7024794,0.440,271.30
416.237,4.53941,2.47082,8.50420,0.13195,-0.80512,-0.15516,31.2528822,75.7024794,0.440,271.30
416.342,4.53462,2.95923,6.32548,0.32742,0.40317,0.06109,31.2528822,75.7024794,0.440,271.30
416.446,5.15711,3.11246,7.35978,0.00977,-0.20281,0.69516,31.2528822,75.7024794,0.440,271.30
416.550,3.45244,4.06057,8.65743,-0.15760,-0.11729,-0.16371,31.2528822,75.7024794,0.440,271.30
416.655,1.96803,4.37181,8.63828,0.03665,0.61820,0.17959,31.2528822,75.7024794,0.440,271.30
416.760,6.23450,5.23851,10.95108,0.43127,-1.07390,0.83322,31.2528822,75.7024794,0.440,271.30
416.863,4.10845,3.42850,8.62870,0.32254,3.04822,-0.37141,31.2528822,75.7024794,0.440,271.30
416.967,1.24977,1.52271,9.06924,0.40439,2.29319,0.69394,31.2528801,75.7024790,0.280,268.50
417.068,1.48919,4.07493,6.44040,-2.21378,0.19059,0.15394,31.2528801,75.7024790,0.280,268.50
417.172,-0.22984,2.82037,8.83939,-0.04643,0.32865,0.24557,31.2528801,75.7024790,0.280,268.50
417.277,-1.84832,2.21224,10.52491,0.15882,0.09774,-0.00733,31.2528801,75.7024790,0.280,268.50
417.382,-0.38786,2.31280,10.85052,1.10933,-1.04702,-0.10140,31.2528801,75.7024790,0.280,268.50
417.488,-0.77572,1.48919,13.26867,-0.83200,-0.50213,-1.02992,31.2528801,75.7024790,0.280,268.50
417.591,1.81480,1.62806,7.36935,0.51435,0.09407,-0.06231,31.2528801,75.7024790,0.280,268.50
417.696,-0.97205,1.46525,7.81946,-0.61087,-0.16738,-0.97005,31.2528801,75.7024790,0.280,268.50
417.800,-1.63285,2.60968,8.56645,-0.00244,-0.25412,0.07208,31.2528801,75.7024790,0.280,268.50
417.903,0.36392,3.75411,11.06600,0.14050,0.04887,0.07208,31.2528801,75.7024790,0.280,268.50
418.006,0.03831,3.54342,10.20888,0.95906,0.46059,-0.07941,31.2528751,75.7024794,0.530,202.40
418.109,-0.70868,1.33118,13.67089,-0.19426,-0.81978,-0.25412,31.2528751,75.7024794,0.530,202.40
418.213,-1.54665,2.86347,5.61201,0.49969,0.76725,0.81367,31.2528751,75.7024794,0.530,202.40
418.314,-0.40223,2.15957,8.30788,0.47525,0.32132,-0.21136,31.2528751,75.7024794,0.530,202.40
418.423,-0.43574,3.31836,6.40688,-0.27855,-0.03910,-0.11851,31.2528751,75.7024794,0.530,202.40
418.527,-1.17795,3.23217,10.01255,-0.70860,-0.11362,0.14294,31.2528751,75.7024794,0.530,202.40
418.630,0.01437,5.64074,10.49618,0.08308,0.15882,-0.07697,31.2528751,75.7024794,0.530,202.40
418.735,0.16759,1.44131,13.54639,-0.21747,-0.36652,-1.06779,31.2528751,75.7024794,0.530,202.40
418.838,1.13485,2.12605,7.79073,0.08430,-0.37629,0.09529,31.2528751,75.7024794,0.530,202.40
418.942,0.80924,2.61447,7.04853,0.18326,0.36041,-0.58643,,,,
419.045,0.03831,3.72538,7.45554,0.12706,-0.32742,-0.41661,,,,
419.147,-0.83797,3.71101,9.14106,-0.05009,-0.33475,-0.41905,,,,
419.251,-0.79009,4.74531,9.27993,0.63041,0.24679,0.24801,,,,
419.355,-0.81403,3.65834,11.58794,-0.25290,0.27978,-0.36408,,,,
419.459,-1.91057,2.85389,6.67025,0.47159,-0.14539,0.54123,,,,
419.562,-0.29688,2.33674,8.72447,0.08552,0.43982,-0.01588,,,,
419.665,-0.09098,3.34231,7.33105,0.10873,-0.15638,0.38362,,,,
419.771,-0.38307,3.90734,10.83616,-0.13439,-0.16616,0.18692,,,,
419.874,0.83318,5.50666,8.88249,0.02443,0.06964,-0.04032,,,,
419.978,0.47405,1.53229,10.67814,0.35308,0.74281,-0.70616,,,,
420.081,1.61848,4.41012,7.28316,-0.32498,-1.20096,-0.41417,,,,
420.188,-0.68474,3.44286,7.41245,-0.08063,-0.19303,-0.34819,,,,
420.291,-0.61770,4.44364,9.72525,-0.10507,-0.54367,-0.04887,,,,
420.396,-1.37427,4.80277,8.25521,0.30543,0.52412,0.60231,,,,
420.502,-0.42138,2.18830,11.23838,0.22724,0.86865,0.57055,,,,
420.607,3.11246,4.82671,8.76757,-0.24068,-1.12155,0.22235,,,,
420.711,-0.62728,1.57538,7.44118,0.09652,0.84910,-0.31154,,,,
420.815,0.25379,2.90656,9.94551,0.17593,-0.29444,-0.32254,,,,
420.919,0.70868,3.82115,10.50576,-0.54367,-0.73182,-0.43249,,,,
421.022,0.23463,3.63440,6.79474,-0.17837,-0.03787,-0.08063,,,,
421.125,0.98162,4.00311,8.08282,-0.27000,0.23213,-0.32987,,,,
421.229,-0.74699,3.57694,8.14986,0.08796,-0.01588,-0.10751,,,,
421.334,-0.37828,3.34709,9.65821,0.52412,0.46670,0.31643,,,,
421.438,0.34955,4.81713,10.55843,0.22358,0.23213,0.28588,,,,
421.542,1.15879,3.92649,12.90954,-0.85521,-0.83933,-0.49724,,,,
421.647,-1.38385,3.50990,4.98952,-0.10751,0.26634,0.50824,,,,
421.751,0.59376,4.41491,8.13550,0.19303,-0.82345,0.14416,,,,
421.855,-0.17717,2.80122,9.75877,0.53023,-0.11118,-0.35797,,,,
421.958,1.47962,5.77003,9.05966,0.25901,-0.38851,-0.53145,31.2528565,75.7024776,0.560,195.10
422.062,-1.14443,3.68707,9.12670,-1.54793,1.02381,0.29688,31.2528565,75.7024776,0.560,195.10
422.164,2.62883,4.29520,8.59040,0.50457,-0.23091,0.33598,31.2528565,75.7024776,0.560,195.10
422.268,-0.99599,3.31358,6.11479,0.12095,0.31398,-0.31643,31.2528565,75.7024776,0.560,195.10
422.370,-0.80924,3.16992,8.60476,0.53267,0.76847,0.36408,31.2528565,75.7024776,0.560,195.10
422.474,2.56180,5.29597,10.95108,-0.05009,-1.49784,-0.14539,31.2528565,75.7024776,0.560,195.10
422.579,-2.23618,3.46680,6.82347,-0.77458,0.69639,-0.74892,31.2528565,75.7024776,0.560,195.10
422.682,-0.32561,4.21380,8.44196,0.36530,-0.47892,0.11851,31.2528565,75.7024776,0.560,195.10
422.785,-0.40701,2.15478,6.84742,1.36956,-0.06720,-0.76114,31.2528565,75.7024776,0.560,195.10
422.888,-1.81002,5.12838,7.80031,0.24190,0.51924,-0.62553,31.2528565,75.7024776,0.560,195.10
422.989,-2.40378,4.14197,13.35965,-1.29503,-0.07453,-0.51313,31.2528513,75.7024770,0.560,187.50
423.092,1.93930,6.28717,6.89530,0.91630,-0.97128,1.07146,31.2528513,75.7024770,0.560,187.50
423.194,-0.72305,3.68228,4.80277,0.77213,0.31154,-0.19059,31.2528513,75.7024770,0.560,187.50
423.296,-1.69988,3.22738,9.27514,0.15272,0.26756,0.04887,31.2528513,75.7024770,0.560,187.50
423.401,-0.36871,7.24485,7.71412,0.47159,-0.17226,0.23091,31.2528513,75.7024770,0.560,187.50
423.503,-0.99120,4.56335,10.96544,-0.81245,0.48991,-0.16371,31.2528513,75.7024770,0.560,187.50
423.606,0.73741,4.43406,5.25288,-0.08430,-0.21258,0.53756,31.2528513,75.7024770,0.560,187.50
423.707,0.10534,3.90255,6.72771,0.33353,-0.17959,-0.39951,31.2528513,75.7024770,0.560,187.50
423.810,-0.29688,3.43807,8.66222,0.93951,0.00367,-0.67928,31.2528513,75.7024770,0.560,187.50
423.911,0.28730,7.92960,9.47625,0.13561,-0.72937,-0.99449,31.2528455,75.7024778,0.600,179.40
424.013,0.52194,6.02381,14.98291,-0.56200,-0.36408,0.92974,31.2528455,75.7024778,0.600,179.40
424.116,1.34075,5.18584,3.38061,1.16064,0.12339,-0.30910,31.2528455,75.7024778,0.600,179.40
424.219,-1.39821,4.20422,7.23528,0.08430,-0.13195,-0.61453,31.2528455,75.7024778,0.600,179.40
424.321,-1.24020,8.39407,7.29753,-0.01344,-0.03543,0.59254,31.2528455,75.7024778,0.600,179.40
424.424,-0.13886,5.69820,13.58949,-1.87536,0.47159,-0.98105,31.2528455,75.7024778,0.600,179.40
424.527,-0.22505,4.59687,8.34140,-0.37018,-0.10385,0.48136,31.2528455,75.7024778,0.600,179.40
424.629,1.44610,4.98473,7.79552,0.10507,-0.29322,-0.13561,31.2528455,75.7024778,0.600,179.40
424.732,0.00479,3.99353,10.06044,-0.02077,-0.53390,-1.12155,31.2528455,75.7024778,0.600,179.40
424.834,0.10056,3.96480,10.89841,-0.67440,-0.68173,-1.62612,31.2528455,75.7024778,0.600,179.40
424.937,0.51715,4.63039,6.10521,0.50091,-0.80512,-0.08674,,,,
425.038,0.80445,4.09408,8.22648,0.04154,0.24679,-0.78191,,,,
425.141,-1.57060,5.24809,7.78116,0.00489,-0.28711,-0.11240,,,,
425.242,-0.71347,5.02782,9.49062,0.61575,0.25168,0.62797,,,,
425.343,0.50757,4.41970,9.10754,-0.23213,0.84299,0.86987,,,,
425.446,-0.18675,4.66391,9.21289,-0.46670,-0.22480,0.48625,,,,
425.549,0.08140,4.14197,7.49864,-0.05376,0.55833,0.33353,,,,
425.651,-0.26815,4.97994,7.67102,-0.03787,-0.09774,0.06231,,,,
425.753,-0.15802,5.16190,10.26634,-0.02077,-0.04643,0.10873,,,,
425.855,0.91937,5.05655,9.30387,0.07941,-0.09041,0.04643,,,,
425.958,1.11091,3.24654,10.92714,-0.32009,0.22724,-0.19181,31.2528307,75.7024810,0.850,172.40
426.059,0.56982,3.39977,7.04853,0.08919,-0.33109,0.02443,31.2528307,75.7024810,0.850,172.40
426.161,0.18675,4.63996,7.22091,0.10629,-0.28588,0.15394,31.2528307,75.7024810,0.850,172.40
426.263,0.24421,5.43963,8.92558,0.38362,0.05864,0.09652,31.2528307,75.7024810,0.850,172.40
426.367,-1.09654,4.84586,9.75877,-0.06597,-0.06720,0.30421,31.2528307,75.7024810,0.850,172.40
426.470,-0.29209,4.94163,8.83939,-0.14172,0.14661,0.59987,31.2528307,75.7024810,0.850,172.40
426.572,-0.68474,3.26090,7.58004,0.00489,1.13865,0.62308,31.2528307,75.7024810,0.850,172.40
426.675,0.19632,3.46202,8.72447,-0.88331,0.26389,0.25656,31.2528307,75.7024810,0.850,172.40
426.777,-1.13485,2.19788,6.55532,-0.16249,0.39584,0.40195,31.2528307,75.7024810,0.850,172.40
426.881,2.58574,3.71101,11.70765,0.34453,-0.76725,0.32376,31.2528307,75.7024810,0.850,172.40
426.985,0.39265,4.33829,5.88974,0.15516,-0.42761,-0.17593,31.2528224,75.7024839,0.920,164.80
427.088,-0.29688,5.82749,8.87770,0.42272,-0.39584,0.25168,31.2528224,75.7024839,0.920,164.80
427.189,-0.00479,6.45956,8.16423,-0.44349,-0.18937,0.15882,31.2528224,75.7024839,0.920,164.80
427.291,1.16358,4.36702,9.99819,-0.45448,0.59620,0.22358,31.2528224,75.7024839,0.920,164.80
427.394,1.04387,3.69665,4.33829,0.60353,0.29077,-0.11729,31.2528224,75.7024839,0.920,164.80
427.495,0.80924,2.61447,10.58716,-0.15882,0.23457,-0.61575,31.2528224,75.7024839,0.920,164.80
427.598,-1.12527,6.15310,7.33583,0.62064,-0.59132,0.26267,31.2528224,75.7024839,0.920,164.80
427.703,-0.21548,3.61046,14.26465,-1.54060,-0.47403,-0.37874,31.2528224,75.7024839,0.920,164.80
427.805,0.48842,5.02304,9.24641,-0.32742,-0.64874,0.97494,31.2528224,75.7024839,0.920,164.80
427.907,0.37828,3.27527,7.73327,0.75869,0.44104,-0.53756,31.2528158,75.7024859,0.790,159.80
428.010,-0.35434,2.57616,6.76601,0.89431,0.22113,-0.01344,31.2528158,75.7024859,0.790,159.80
428.113,1.61848,6.94318,10.63983,0.26756,-0.02321,-0.08796,31.2528158,75.7024859,0.790,159.80
428.216,0.65601,5.50666,11.84172,-1.06291,0.47037,0.16738,31.2528158,75.7024859,0.790,159.80
428.318,1.43652,4.60166,7.19697,0.50457,0.03176,-0.00733,31.2528158,75.7024859,0.790,159.80
428.422,-1.43652,4.11324,3.95522,0.11240,-0.01100,-0.26512,31.2528158,75.7024859,0.790,159.80
428.524,-0.18196,4.71658,8.31746,0.71716,0.83078,0.14905,31.2528158,75.7024859,0.790,159.80
428.626,-0.63686,5.27203,6.77559,-0.02443,-0.42516,-0.15638,31.2528158,75.7024859,0.790,159.80
428.729,-0.49799,3.03106,11.62146,-0.36774,0.76725,0.25412,31.2528158,75.7024859,0.790,159.80
428.831,1.53708,5.33907,6.26802,-0.56077,-0.66218,0.41905,31.2528158,75.7024859,0.790,159.80
428.935,-0.31125,2.21224,7.86256,0.34697,0.23579,-0.46792,31.2528103,75.7024884,0.610,154.40
429.037,0.33040,2.89220,9.42358,0.46792,0.11362,0.37874,31.2528103,75.7024884,0.610,154.40
429.139,1.02472,5.79876,11.17134,-0.08674,-0.51924,0.25534,31.2528103,75.7024884,0.610,154.40
429.243,0.67995,3.66313,10.27112,-0.88698,0.84666,0.51679,31.2528103,75.7024884,0.610,154.40
429.344,3.09331,3.48596,8.57124,-0.29199,-1.03847,0.84299,31.2528103,75.7024884,0.610,154.40
429.446,0.55545,3.58651,9.48583,0.53390,-0.09652,0.03176,31.2528103,75.7024884,0.610,154.40
429.549,1.73819,4.08451,7.90087,0.21502,0.48014,-0.14783,31.2528103,75.7024884,0.610,154.40
429.652,0.00479,1.09176,12.21522,-1.51983,-0.60842,0.31643,31.2528103,75.7024884,0.610,154.40
429.755,0.92895,4.75488,8.28873,-0.11851,0.16860,0.58765,31.2528103,75.7024884,0.610,154.40
429.857,1.48919,3.93607,6.39731,0.77458,-0.34331,-0.21380,31.2528103,75.7024884,0.610,154.40
429.961,0.43096,2.60489,7.33583,0.06597,0.80390,-0.76114,31.2528036,75.7024909,0.840,148.60
430.064,1.83396,5.59764,11.09952,0.61820,0.26756,0.47892,31.2528036,75.7024909,0.840,148.60
430.165,2.93050,3.08373,12.23437,-0.32254,0.14050,0.40195,31.2528036,75.7024909,0.840,148.60
430.268,0.87628,3.13162,5.97593,0.18326,-0.32987,-0.22969,31.2528036,75.7024909,0.840,148.60
430.370,0.01915,2.69108,9.35175,-0.02443,0.27611,-0.16371,31.2528036,75.7024909,0.840,148.60
430.472,0.59855,3.91691,12.35408,0.57788,0.14539,0.10263,31.2528036,75.7024909,0.840,148.60
430.575,2.23140,4.66391,12.24395,-1.55282,-0.62553,-0.57177,31.2528036,75.7024909,0.840,148.60
430.676,-1.08218,4.78840,6.37815,-0.22358,-0.23091,0.22969,31.2528036,75.7024909,0.840,148.60
430.778,0.69432,4.28562,9.85453,0.44715,-0.52901,-0.54123,31.2528036,75.7024909,0.840,148.60
430.879,0.89543,3.55300,7.32626,1.29137,0.13195,0.22480,31.2528036,75.7024909,0.840,148.60
430.981,2.46603,5.10923,10.15141,-1.01037,0.18570,-0.08308,31.2528036,75.7024909,0.840,148.60
431.084,3.57215,4.32872,9.03093,0.21991,-0.15027,0.96639,31.2528036,75.7024909,0.840,148.60
431.188,0.31125,3.72059,5.25288,-0.38607,0.82467,-0.79290,31.2528036,75.7024909,0.840,148.60
431.291,-2.84431,4.05578,6.44998,0.82833,-0.00733,-0.10629,31.2528036,75.7024909,0.840,148.60
431.393,-1.50835,8.23127,8.93995,-0.46914,-0.87842,-0.07819,31.2528036,75.7024909,0.840,148.60
431.496,-1.83396,4.25210,10.09874,-0.17715,0.83200,0.43494,31.2528036,75.7024909,0.840,148.60
431.597,0.48363,4.16591,8.32703,0.22358,-0.51924,0.19914,31.2528036,75.7024909,0.840,148.60
431.700,-0.01915,3.85945,5.42047,0.68295,0.56810,-0.75259,31.2528036,75.7024909,0.840,148.60
431.802,-0.48842,6.92403,9.92157,-0.52412,0.47892,0.47525,31.2528036,75.7024909,0.840,148.60
431.908,0.08140,4.05578,12.19127,-0.93707,0.04887,0.27000,,,,
432.010,0.46926,3.62003,7.14430,0.27367,0.05864,-0.37385,,,,
432.113,-2.09732,4.16112,8.86812,-0.27245,-0.59132,-0.52412,,,,
432.217,-1.23062,5.58807,10.49139,0.58399,-0.44104,0.73426,,,,
432.319,-1.13006,3.50511,8.45153,0.70005,0.71960,-0.08186,,,,
432.424,-2.12126,2.54264,6.81390,0.11606,0.13195,0.00977,,,,
432.526,0.16281,3.35188,7.12993,-0.10996,0.16005,0.82100,,,,
432.631,1.93930,4.86502,8.76757,0.36163,-0.05253,0.60964,,,,
432.735,0.61292,4.65433,9.15543,-0.59010,-0.04276,-0.71349,,,,
432.838,0.27294,1.64721,12.34450,0.21625,0.19792,-0.04398,,,,
432.940,2.80122,4.05099,7.90087,-0.09285,-0.66829,-0.23091,,,,
433.044,0.17238,3.58173,6.53138,0.04765,-0.02443,-0.35919,,,,
433.147,-0.06225,4.90333,8.14507,-0.20159,-0.73793,-0.22358,,,,
433.249,-0.72305,4.20422,12.20085,-0.03543,-0.19548,0.12828,,,,
433.352,-0.51236,3.79720,10.90319,-0.06353,0.81856,0.33720,,,,
433.456,0.05267,2.39899,9.87848,-0.35308,0.53634,-0.02199,,,,
433.559,-0.17717,1.44610,7.30710,-0.29077,-0.31154,0.28466,,,,
433.661,1.29287,3.34231,9.05008,0.09774,-0.03176,0.44104,,,,
433.764,-0.05746,4.44843,11.65976,-0.32987,0.00367,0.00611,,,,
433.867,1.68552,3.21302,12.97657,-0.47525,-1.11422,0.27245,,,,
433.969,2.61926,1.65679,7.76679,1.00182,0.33842,0.09041,,,,
434.072,1.06781,1.88663,7.54652,0.34697,0.21625,-0.20647,,,,
434.174,0.47405,3.28006,7.52258,0.26267,-0.76725,0.27367,,,,
434.279,2.12605,3.52426,9.70609,0.14416,0.14172,0.54245,,,,
434.383,0.95289,3.62961,9.52413,-0.91019,-0.91996,0.43005,,,,
434.485,0.45490,3.93128,9.81144,-0.44227,0.75259,0.29077,,,,
434.587,1.76692,2.92093,8.71489,0.09529,0.41050,0.34453,,,,
434.690,1.42216,3.34709,7.54652,0.25656,-0.14050,0.19059,,,,
434.791,2.23618,3.38061,9.71088,-0.10751,0.10996,-0.25412,,,,
434.894,0.54588,3.43329,9.22246,0.16249,-0.38729,-0.57421,,,,
434.996,2.07817,0.79966,9.85453,0.87109,1.49662,-0.34697,,,,
435.098,1.92015,1.87227,7.31668,0.08796,-0.55833,-0.98838,,,,
435.201,1.18752,3.35188,8.11156,-0.02688,-0.42394,-0.57666,,,,
435.304,0.84276,5.09486,8.73405,0.18937,-0.51924,-0.24068,,,,
435.406,0.62728,4.97994,11.40119,0.73426,-0.21380,0.00733,,,,
435.509,0.33998,3.28484,10.98460,0.46426,0.64019,-0.08796,,,,
435.611,0.90501,3.23217,8.17859,-0.00489,-0.26634,-0.15760,,,,
435.718,0.05746,3.08852,6.62236,0.13317,0.53390,0.28833,,,,
435.821,1.61848,4.82671,8.04931,0.47403,-0.25290,0.02321,,,,
435.923,0.89543,5.58807,10.78827,-0.03176,-0.30910,-0.52901,,,,
436.027,2.00155,3.93607,12.29662,-1.10322,0.21747,-0.85399,,,,
436.128,1.59454,4.14676,5.59285,0.19426,-0.66706,-0.51313,,,,
436.230,-0.23942,3.03106,7.44118,0.19181,-0.14539,-0.34086,,,,
436.332,0.86670,4.90811,8.23127,0.17349,-0.83200,0.36163,,,,
436.436,0.08140,5.98550,8.32703,-0.04643,0.36163,-0.01100,,,,
436.538,0.05267,3.99832,9.44752,-0.22846,0.06475,0.36774,,,,
436.639,0.19154,2.90177,7.63750,-0.02566,0.08430,-0.12339,,,,
436.742,2.03507,3.25133,8.40365,-0.34575,-0.07941,0.05131,,,,
436.845,0.28730,4.29041,10.73081,-0.18815,-0.24679,-0.34575,,,,
436.947,-2.08296,2.98318,9.64384,-0.66706,0.69516,-1.95110,,,,
437.049,2.18351,2.47560,12.98136,-0.47525,-0.81978,0.16249,,,,
437.152,0.93853,1.55623,7.66623,0.09041,-0.43005,-0.32987,,,,
437.255,1.26893,2.72460,6.92403,-0.00489,-0.44349,-0.46792,,,,
437.357,0.51236,4.24253,8.57124,-0.24557,-0.24679,-0.63652,,,,
437.458,0.14365,4.11324,11.63103,0.28711,0.08430,-0.22113,,,,
437.562,-0.84755,2.14520,10.79306,0.38362,0.68783,-0.06597,,,,
437.665,0.75178,2.74376,9.06924,0.09163,-0.66829,-0.02810,,,,
437.767,0.47405,2.37026,6.97192,0.36163,0.39462,0.18937,,,,
437.870,2.51870,3.58173,9.62948,0.41417,-0.09896,-0.11973,,,,
437.972,2.26491,3.01669,9.78750,0.32742,-0.08063,-1.03236,,,,
438.073,1.23062,3.47159,7.94875,-0.77458,-0.66096,-0.93951,,,,
438.176,3.26090,2.82516,7.24007,1.16797,-0.26145,-0.52657,,,,
438.281,0.75657,2.78206,8.68138,-1.15698,0.35430,-1.14598,,,,
438.384,0.11492,4.26647,8.93995,0.11362,-0.73059,-0.59498,,,,
438.486,-0.44532,5.14275,10.60631,-0.43738,-0.32009,-0.14539,,,,
438.589,-0.65122,4.01747,11.10431,-0.46670,-0.05864,-0.20769,,,,
438.691,0.20590,2.39899,8.83460,0.76480,0.18082,0.35186,,,,
438.794,1.16837,2.53307,7.82904,0.69883,0.21258,0.15760,,,,
438.896,1.22583,3.66313,6.17225,0.25290,0.04154,0.35675,,,,
438.999,1.20668,3.93128,9.99819,-0.21747,-0.43249,0.06597,,,,
439.102,2.08296,4.87938,10.31422,-0.14416,-0.10018,-0.21991,,,,
439.207,1.30723,2.00634,12.10030,-0.14783,0.68783,-0.54978,,,,
439.311,2.06380,3.22260,7.39329,-0.08063,-0.70983,-0.36896,,,,
439.414,-0.61292,3.22738,6.46913,0.17349,-0.27978,-0.23824,,,,
439.517,0.55545,4.94642,9.77313,-0.11973,-0.18692,0.09041,,,,
439.620,-0.05267,4.99430,9.48583,0.33964,0.55100,0.19914,,,,
439.722,-0.48842,3.53384,8.86333,-0.03910,0.74037,0.45693,,,,
439.824,0.32082,3.13162,10.09395,-0.30421,-0.07208,0.22846,,,,
439.928,-0.33040,2.97360,7.23049,0.14905,0.38240,0.53390,,,,
440.031,0.45011,4.41970,8.32703,0.05620,-0.24435,0.17959,,,,
440.133,0.89064,4.58250,10.91756,-0.11729,-0.37018,-0.21869,,,,
440.236,1.03430,4.24731,10.04607,-0.38607,0.14905,-0.32987,,,,
440.339,1.19710,1.56102,8.77236,0.83933,0.15272,-0.10996,,,,
440.442,1.81959,2.88741,6.80432,-0.04276,-0.22113,-0.53634,,,,
440.544,0.20590,3.82593,7.76679,-0.05009,-0.26756,-0.37507,,,,
440.645,0.48842,5.29119,10.74518,-0.21502,-0.33353,0.06353,,,,
440.747,-0.55067,5.54976,10.32859,-0.33475,0.73426,0.01833,,,,
440.850,-1.38385,2.92093,8.68616,0.40195,0.19914,0.36530,,,,
440.952,0.29209,2.98318,8.34140,0.45571,-0.29199,0.06109,,,,
441.054,0.33040,3.37104,6.15310,0.31765,0.10996,0.26878,,,,
441.157,0.50278,4.19943,9.50498,0.04520,-0.32376,0.03543,,,,
441.260,1.47004,4.87459,12.05720,-0.02443,-0.33720,-0.44593,,,,
441.362,2.41336,4.27126,10.46745,-0.61942,-0.35430,-0.78313,,,,
441.466,2.07338,3.91691,5.17626,0.50091,-0.63530,-0.38362,,,,
441.567,-0.16759,2.95923,6.86178,-0.19181,-0.17837,-0.69394,,,,
441.670,0.01915,5.20499,7.87214,-0.34575,-0.48136,-0.19181,,,,
441.773,1.41258,6.05254,11.99974,-0.29688,0.04154,0.38240,,,,
441.876,0.00000,5.62637,11.03727,-0.06109,0.05986,0.42883,,,,
441.977,0.02394,3.66792,10.22324,0.18570,-0.00611,0.27733,,,,
442.080,-0.13408,2.66714,5.29119,0.54000,0.62553,0.27733,,,,
442.181,0.74220,3.80199,6.54575,0.09041,-0.00733,0.40317,,,,
442.285,0.83318,4.93684,9.79228,-0.37507,-0.30543,-0.02443,,,,
442.389,2.02071,4.06057,12.06199,-1.42698,-0.17837,-0.61087,,,,
442.492,2.59053,2.71502,7.08205,1.32558,-0.03543,0.65240,,,,
442.594,1.24498,2.56658,6.06691,0.03176,0.41417,-0.59498,,,,
442.697,0.48842,4.79798,5.19542,-0.15882,-0.29688,-0.38607,,,,
442.798,0.97683,5.83706,12.27747,-0.83566,-0.43982,-0.12217,,,,
442.900,-0.36392,5.34386,11.72680,-0.62919,0.26756,0.14416,,,,
443.002,-0.34477,3.86424,8.24084,0.17593,-0.13928,0.52534,,,,
443.103,0.69911,3.01669,7.09163,0.42761,0.00977,0.39218,,,,
443.205,2.31280,4.11324,7.66145,0.52168,-0.30177,0.35064,,,,
443.308,0.71826,4.43406,9.78271,-0.04643,-0.63774,-0.00977,,,,
443.410,2.56658,5.32949,10.06522,-0.83444,0.58277,-0.83811,,,,
443.511,0.21548,2.25534,9.77313,0.27245,0.37018,-0.25168,,,,
443.613,0.49799,2.75812,8.51378,-0.62430,-0.12217,0.21625,,,,
443.716,0.29688,3.76847,7.72848,0.13073,-0.21747,0.56444,,,,
443.819,2.54743,5.37738,8.99741,0.06231,0.20159,0.58277,,,,
443.923,0.87149,6.24408,8.56167,0.07697,0.39340,0.20281,,,,
444.025,-0.82361,3.71101,9.46667,0.23946,0.04032,0.21991,,,,
444.129,-0.68474,2.83952,7.04853,0.00611,0.53267,0.00489,,,,
444.231,0.84755,4.39097,7.59920,0.39951,-0.35675,0.41050,,,,
444.332,1.36469,4.62081,8.78672,0.08919,-0.11606,-0.21380,,,,
444.435,1.14922,4.68785,8.64307,-0.32620,0.09774,-0.13561,,,,
444.538,1.47483,2.37505,10.70687,0.12706,0.22724,0.19059,,,,
444.642,1.70467,3.10767,8.04931,-0.34575,-0.11729,-0.41050,,,,
444.744,0.38786,3.43329,6.69419,-0.00733,0.14905,-0.09529,,,,
444.846,0.04310,4.95600,8.25521,-0.09407,-0.03054,0.27733,,,,
444.948,1.93451,5.32470,11.94228,0.38240,0.16493,0.45693,,,,
445.050,-0.22505,2.71981,8.17859,-0.49847,0.82589,0.03054,,,,
445.152,-1.08697,2.11647,7.81946,-0.27245,0.13195,0.33964,,,,
445.254,0.72305,3.70144,8.87770,0.19792,-0.33109,0.55955,,,,
445.356,0.53630,4.76446,8.21690,0.26878,0.00733,0.09041,,,,
445.458,1.12527,3.30879,11.31500,-0.27122,-0.08430,-0.33109,,,,
445.561,0.53151,0.73263,12.49294,0.02321,-0.00977,-0.06842,,,,
445.664,2.63841,2.37505,6.67025,0.00367,-0.20403,-0.06964,,,,
445.765,0.19154,1.98240,7.37893,0.03665,0.04643,-0.18815,,,,
445.866,0.40701,4.38139,7.02938,-0.08674,-0.45571,0.09163,,,,
445.970,1.45089,4.02226,15.54795,-0.04154,0.40195,0.38607,,,,
446.074,0.61770,2.78685,9.84975,0.60353,0.37263,0.41905,,,,
446.177,0.48842,1.95846,8.67180,0.23213,-0.08674,0.02199,,,,
446.279,0.33040,2.13084,6.27760,0.26389,0.17104,0.41661,,,,
446.380,0.95768,3.65355,9.39485,0.09652,-0.15638,0.08430,,,,
446.482,1.70946,3.54821,11.44907,-0.25168,-0.19303,-0.25534,,,,
446.585,1.90100,2.48518,11.46823,-0.57055,-0.10385,-0.33598,,,,
446.686,3.18908,2.26491,7.22570,0.70616,-0.31398,0.00733,,,,
446.790,1.84354,2.41814,7.96311,-0.29322,0.17837,-0.75747,,,,
446.891,0.13408,3.70144,7.90565,-0.07575,-0.01588,-0.26267,,,,
446.994,-0.28730,3.84030,12.22001,-0.59865,-0.01833,-0.17837,,,,
447.096,-1.92015,0.83797,10.48182,-0.58521,-1.00182,0.82955,,,,
447.199,-0.23942,0.49799,8.47069,0.92118,-0.85888,1.65178,,,,
447.300,2.55701,2.43251,7.13472,0.32009,0.02443,0.69883,,,,
447.403,2.67672,3.18908,6.99107,-0.28955,0.74526,0.62919,,,,
447.505,3.22260,4.09408,9.95988,-0.81245,-1.44409,0.05864,,,,
447.607,3.90255,4.29999,12.22001,0.64507,0.78435,0.27000,,,,
447.710,3.89297,2.71981,8.43717,0.94318,-0.59010,-0.15394,,,,
447.812,3.88340,0.99599,8.18338,0.90408,1.43187,0.27122,,,,
447.916,2.52349,2.60968,7.50343,0.38240,0.29566,-0.13317,,,,
448.020,-0.23463,4.16112,10.37647,-0.30299,1.39155,0.50824,,,,
448.123,-0.30646,3.58651,11.54005,-0.67806,1.13254,-0.20525,,,,
448.226,-2.98796,2.96881,6.90967,0.67073,1.21440,0.24435,,,,
448.328,-0.22984,2.35111,6.67025,0.08552,0.89919,0.05498,,,,
448.431,2.68629,-0.80445,14.42267,0.10018,-0.31887,-0.63774,,,,
448.534,1.20668,-2.67672,10.43393,1.10444,-0.47403,-1.17775,,,,
448.637,2.10690,2.02549,9.66300,0.15027,-2.69758,-2.98469,,,,
448.738,-3.47638,5.95199,8.94474,0.37751,-2.01463,-2.23454,,,,
448.842,-2.57616,4.42927,11.08994,0.31032,-1.56992,-1.81671,,,,
448.944,-2.94008,3.84030,5.29597,-0.12095,-0.63897,-1.18264,,,,
449.046,-3.67271,2.86347,10.26155,0.72693,0.18815,-1.14476,,,,
449.150,-3.39977,4.06535,7.56089,0.45815,-0.84055,-0.65851,,,,
449.252,-1.73340,6.42604,4.14197,0.30543,-0.56322,-0.24923,,,,
449.355,-0.37350,5.78918,8.45153,-0.10018,-0.23702,-0.50824,,,,
449.459,-3.43329,4.03662,10.66377,0.03299,0.41661,-2.67070,,,,
449.561,-2.20745,5.25288,7.61356,-0.49602,-0.39584,-0.37018,,,,
449.663,-1.61848,2.78685,8.95910,-0.32009,0.88087,0.05620,,,,
449.765,-4.35266,3.50032,7.80510,-0.81612,-1.02992,0.26023,,,,
449.868,-5.56891,3.82115,7.02938,-0.60598,-0.22358,0.88575,,,,
449.970,-2.37505,3.91213,10.68293,-0.83444,0.59498,0.89919,,,,
450.073,0.33040,-1.12049,10.40520,-0.18326,-0.94073,0.23091,,,,
450.176,0.81882,-1.51314,11.03727,-0.27978,1.72508,0.29322,,,,
450.278,1.86269,-6.68461,12.05720,1.40132,-1.11177,-3.10075,,,,
450.382,0.26336,2.39899,10.31422,-0.16005,-2.32251,-3.24858,,,,
450.485,1.92494,1.96325,11.43471,-0.49847,-0.64630,-2.88328,,,,
450.588,-1.11091,1.07739,14.22156,-0.67684,-0.44593,-2.47156,,,,
450.690,-3.57694,0.17717,10.46745,1.21684,-0.94195,-2.20522,,,,
450.793,-2.69108,1.49398,8.73884,0.53023,-0.06720,-1.11177,,,,
450.896,-2.14999,0.98641,8.51378,0.41050,0.15638,-0.72693,,,,
450.998,-0.76614,1.83875,6.80911,0.01344,-0.30421,-0.93829,,,,
451.101,0.93853,3.72059,9.76834,-0.68783,0.19670,-0.17349,,,,
451.204,3.67271,5.86579,9.54329,-0.74770,-0.20769,-0.90775,,,,
451.306,1.71425,2.60489,12.50252,-0.07453,-0.09774,-0.78557,,,,
451.411,0.71826,0.19632,10.33337,0.99815,-0.57055,-1.32680,,,,
451.513,0.58419,-0.00479,8.03494,-0.29688,-1.14476,-0.68295,,,,
451.615,-2.53307,-0.99120,10.92714,-0.34331,0.75136,0.08919,,,,
451.718,-3.36625,2.58095,5.07571,0.81489,-1.59436,-0.38607,,,,
451.821,-2.94966,3.62961,7.01022,0.16860,1.02381,0.24190,,,,
451.923,-1.70946,2.16436,9.66300,0.24312,0.55467,0.92852,,,,
452.024,2.51870,0.55067,10.55843,0.12462,0.59376,1.06779,,,,
452.125,1.33118,1.72383,5.88495,0.64874,-1.51250,0.09163,,,,
452.230,2.88741,0.23942,11.02769,-0.27978,0.83078,0.17837,,,,
452.333,1.34075,1.26893,9.08839,-0.21991,-1.13621,-0.79657,,,,
452.436,-0.77093,2.23140,7.67581,0.14783,0.03910,-0.79779,,,,
452.539,-2.65756,1.23541,9.79228,-0.03665,0.00367,0.46426,,,,
452.643,-0.97683,1.24498,12.33493,-1.16064,1.15454,0.77824,,,,
452.744,-3.90255,2.40857,9.22246,-0.02199,-0.10140,0.72693,,,,
452.847,0.16759,1.10612,8.86812,0.08674,0.25412,1.82038,,,,
452.950,1.47483,2.01113,8.11634,0.45937,0.66584,1.32313,,,,
453.052,2.00155,2.51391,10.54406,0.02199,0.24923,0.47159,,,,
453.154,3.01191,2.12605,12.39718,-0.17959,0.44593,0.00122,,,,
453.256,0.89543,1.72861,12.92869,0.64507,-0.41783,-0.98838,,,,
453.358,-0.10056,1.21625,8.47069,0.42150,-0.63163,-0.59865,,,,
453.461,-1.45567,1.54187,8.87291,0.55711,-0.75992,-0.36041,,,,
453.563,-0.40223,2.14999,9.71567,0.27367,-0.99082,0.21136,,,,
453.665,-1.43652,4.33351,8.30309,-0.06109,0.01100,-0.13928,,,,
453.768,-2.95923,3.16035,7.90087,-0.24435,0.35064,-0.12950,,,,
453.873,-1.01993,2.49476,7.49864,0.10873,0.06597,0.32009,,,,
453.974,0.85234,3.80678,7.42681,0.04643,-0.07575,0.53756,,,,
454.077,2.13563,4.33351,9.20810,0.22358,-0.03543,0.08796,,,,
454.181,2.05422,2.98796,9.00220,-0.68539,0.08796,0.22602,,,,
454.282,2.05901,2.22182,11.48259,0.27855,-0.00977,-0.77091,,,,
454.384,1.59454,2.15957,9.73482,0.40317,-0.65851,-0.86376,,,,
454.488,-0.94810,2.47082,7.60877,0.82222,-0.60353,-0.66951,,,,
454.591,-0.20590,2.66714,8.39407,-0.26634,-0.41783,0.03054,,,,
454.693,-0.91937,3.29921,9.06924,-1.11911,1.06291,0.30299,,,,
454.795,-2.16915,2.84910,10.66377,-0.40195,0.72571,-0.51068,,,,
454.898,-1.84832,3.25611,6.88572,0.27245,0.42638,0.42394,,,,
455.000,0.88107,4.61123,8.43238,0.58643,0.88575,0.56933,,,,
455.102,1.32160,5.36301,9.37569,0.01466,-0.10018,0.45693,,,,
455.204,1.87705,3.10767,14.75786,-0.81001,0.16982,0.14172,,,,
455.306,0.54109,2.99754,8.55209,0.29199,-0.79168,-1.38544,,,,
455.409,0.01915,1.74298,7.79073,0.25045,-0.62308,-1.34879,,,,
455.511,-2.33674,2.71024,8.10198,0.32987,-0.46670,-0.72571,,,,
455.612,-2.47082,2.14999,10.45308,-0.33598,-0.25779,0.27489,,,,
455.714,-2.18351,2.97360,11.33415,-1.11055,0.49969,0.79168,,,,
455.816,-2.92093,2.88262,10.06044,-0.16249,0.29688,0.67684,,,,
455.917,-0.08140,2.07338,7.73327,0.27855,0.40684,1.06657,,,,
456.021,0.18675,3.88818,7.01501,0.58277,0.91752,0.80268,,,,
456.123,1.39821,4.59687,10.41478,0.04154,0.00489,0.54978,,,,
456.225,2.41814,3.73017,13.19684,-0.96639,0.04154,0.42638,,,,
456.327,1.37427,2.14999,11.06600,0.43616,-0.91141,-0.98349,,,,
456.431,0.11971,1.66158,6.78038,0.67928,-0.65240,-0.78191,,,,
456.534,-1.16837,3.03106,7.92481,0.82955,-0.98838,-0.41050,,,,
456.636,0.15802,2.29365,11.48738,-0.25290,-0.63163,0.61331,,,,
456.739,-0.98641,3.96001,12.57435,-0.89431,0.46426,0.51679,,,,
456.842,-1.42216,2.36068,7.42203,0.23335,-0.44227,-0.00977,,,,
456.948,-1.71904,4.07972,5.23851,0.99815,1.09589,0.12706,,,,
457.049,1.81002,5.13796,8.04931,0.14416,0.71960,1.13132,,,,
457.152,4.69742,6.61757,8.41323,0.10629,0.56322,0.41661,,,,
457.255,5.63116,4.20422,13.40753,0.50580,-0.41905,-0.86987,,,,
457.357,2.47560,3.41892,8.18338,-0.22724,-1.60291,-0.88331,,,,
457.460,-1.02951,2.88262,8.45632,0.20892,-0.59498,-0.58399,,,,
457.563,-1.84354,3.21302,8.40844,0.27611,-0.81612,0.27855,,,,
457.666,-0.62728,4.69264,7.28316,0.19426,0.65607,0.45815,,,,
457.770,1.32160,3.75890,9.58638,-0.94318,0.68173,0.73915,,,,
457.872,-0.18675,4.48195,9.47625,-0.03665,1.45508,0.43371,,,,
457.975,2.13084,4.75010,6.99586,0.44104,0.97494,0.56566,,,,
458.079,3.48596,5.34386,7.37414,-0.09163,-0.23702,0.28466,,,,
458.182,5.30555,4.29041,12.22958,-0.94806,-0.47892,0.02566,,,,
458.285,1.81959,3.14598,10.29028,0.36652,-0.90164,-1.32069,,,,
458.389,1.27372,2.78206,8.06367,0.35186,-0.40806,-0.89675,,,,
458.491,-0.05746,2.94008,8.30309,0.23579,-0.27855,-0.51557,,,,
458.595,-0.14844,2.89220,7.98706,-0.13683,0.02932,0.14416,,,,
458.698,0.26815,4.09408,10.76912,-1.19974,0.81612,0.54123,,,,
458.799,-0.62249,3.87382,10.01255,-0.24190,-0.00611,0.06720,,,,
458.903,-0.06225,3.92170,7.60877,0.25045,0.52779,0.24923,,,,
459.005,2.16915,4.52983,7.09641,0.48014,0.39951,0.29810,,,,
459.106,4.85065,4.40054,8.26957,0.04643,-0.70860,-0.05131,,,,
459.208,5.31992,4.51546,11.16177,-0.44715,-0.27611,-0.65363,,,,
459.310,3.14119,2.93529,9.83538,0.32865,-1.05191,-1.83382,,,,
459.412,1.93451,1.42216,9.75398,0.29566,-0.25534,-1.36345,,,,
459.515,-0.39744,2.07338,8.44674,0.37751,-1.02625,-1.19852,,,,
459.618,-0.12450,2.84431,8.49942,-0.31154,-0.61331,0.03910,,,,
459.722,0.52194,4.21380,12.11945,-1.32313,0.89919,0.29199,,,,
459.824,-1.11570,3.26569,8.12592,0.16860,0.29566,-0.68539,,,,
459.926,-0.35434,3.44765,6.67025,-0.44471,0.63408,0.36285,,,,
460.029,3.30879,4.16591,7.95354,-0.35308,0.14661,0.41661,,,,
460.131,3.96001,5.10444,9.61033,-0.19792,-0.26389,-0.31154,,,,
460.234,3.23696,3.59609,12.76110,-0.16616,-0.87109,-0.53390,,,,
460.337,2.39420,1.53229,9.90721,0.54367,-0.39218,-1.55771,,,,
460.439,0.93853,1.30723,7.64229,0.62064,-0.78191,-1.41476,,,,
460.543,-0.42617,2.92571,8.61913,0.36163,-0.71593,-1.05680,,,,
460.644,-1.45089,3.59609,8.32224,0.17593,-0.40928,0.01100,,,,
460.748,0.55067,3.63440,10.37168,-1.38178,0.54734,0.98105,,,,
460.850,-1.29287,3.66792,10.47703,0.15882,0.19303,-0.45082,,,,
460.953,-0.61292,3.69186,6.02860,-0.17837,0.43005,0.62186,,,,
461.058,2.93529,3.69665,7.29274,-0.02077,0.75747,0.65485,,,,
461.160,3.39498,4.40533,11.00854,-0.05498,0.37751,0.11729,,,,
461.264,2.60010,5.93283,11.08515,-0.11118,-0.28344,-0.25168,,,,
461.367,3.19865,3.00712,10.90319,0.27245,-0.90042,-0.86499,,,,
461.471,1.61369,2.11647,8.86812,0.34208,-0.22358,-0.86499,,,,
461.575,-0.27294,2.49476,7.59920,0.59010,-0.68906,-1.02992,,,,
461.679,-0.37828,2.59531,7.64229,-0.13928,-0.62553,-0.15760,,,,
461.783,-0.61292,3.69665,8.91601,-0.69639,-0.20036,-0.55222,,,,
461.887,-1.11570,4.96557,10.91277,-0.43738,0.52168,-0.22358,,,,
461.989,0.46926,4.80277,9.98861,0.14416,0.76603,0.01344,,,,
462.095,0.62249,4.33829,7.55131,0.81001,0.13317,0.26145,,,,
462.198,1.15401,5.01825,7.58483,0.58154,-0.27611,0.05376,,,,
462.302,1.27850,5.46357,10.65420,0.13806,0.04765,-0.17959,,,,
462.407,1.03430,4.60644,6.88572,0.42638,-0.81734,-0.52168,,,,
462.511,1.66158,3.16513,8.50899,-0.25290,0.01955,-0.40928,,,,
462.616,-0.01437,4.14197,7.73327,0.21380,-0.26023,-0.69150,,,,
462.720,-0.11492,5.33907,7.97269,0.12339,-0.15638,-0.17715,,,,
462.824,-0.74699,5.69341,11.22402,-0.75259,0.60231,0.28588,,,,
462.927,-1.69031,4.34308,7.47949,-0.14294,-0.50824,-0.19670,,,,
463.031,-0.79009,3.95043,7.20655,-0.03787,0.38851,-0.02077,,,,
463.135,0.61770,5.11880,7.15387,0.06353,0.00244,0.17349,,,,
463.239,0.69432,6.12916,8.01579,0.18326,0.02443,0.00122,,,,
463.343,0.27773,6.05733,8.74841,0.36408,-0.23335,-0.46304,,,,
463.446,1.07739,4.70221,7.35499,0.24312,-0.83444,-0.66829,,,,
463.551,1.66636,3.46680,9.71088,-0.08186,-0.08674,-0.63652,,,,
463.656,-1.30245,4.73573,7.60398,0.52290,-0.52046,-1.01892,,,,
463.761,-1.26893,5.23851,8.79630,-0.34453,-0.38607,0.15149,,,,
463.866,-1.18274,6.26323,8.43717,-0.30665,0.65729,0.66096,,,,
463.968,-1.86269,3.96959,7.08205,-0.75259,0.47525,0.23457,,,,
464.073,-1.30723,2.82037,7.81467,-0.13073,0.88209,0.30543,,,,
464.176,-0.70390,4.05578,7.74285,-0.03421,0.65240,0.39340,,,,
464.280,-1.58496,5.07571,9.34696,0.31765,0.25779,0.07208,,,,
464.383,-1.40779,5.22894,10.08438,0.00611,-0.25534,-0.27367,,,,
464.486,-0.86191,4.25210,8.94953,0.95173,0.06597,-0.58277,,,,
464.590,-0.96726,3.85945,7.97748,-0.17349,-0.55467,-0.40195,,,,
464.698,-1.78607,4.67348,7.56089,0.54000,-0.54611,-0.51557,,,,
464.803,-2.72460,5.81312,7.65666,-0.06720,-0.39095,-0.10751,,,,
464.907,-2.62883,5.56891,9.50977,-0.97372,0.62797,0.27000,,,,
465.011,-4.92248,4.04620,7.57047,-0.26023,0.64996,-0.06353,,,,
465.115,-3.02148,4.10366,6.48350,0.26389,0.21014,0.38729,,,,
465.218,-0.87149,5.01346,6.67025,0.06109,0.46548,0.53878,,,,
465.322,-1.58975,6.02860,8.24084,0.01466,0.23091,0.07330,,,,
465.426,-3.17950,6.51223,10.18015,-0.32987,0.07819,0.03543,,,,
465.529,-0.46926,3.92649,7.52258,-0.02810,-0.37507,0.05376,,,,
465.633,-0.86670,3.31358,8.61434,-0.39340,-0.07208,0.03665,,,,
465.737,-1.94888,4.27604,8.06367,0.09529,-0.33598,0.01222,,,,
465.842,-2.48039,4.35745,8.15944,-0.33109,-0.07697,0.39462,,,,
465.947,-2.34632,4.38139,9.98861,-1.03969,0.50213,0.56077,,,,
466.052,-2.42772,3.32794,9.47625,-0.01833,0.00000,0.09041,,,,
466.157,-2.55701,3.70622,6.60321,0.43738,0.17471,0.31887,,,,
466.262,-2.51391,5.93283,6.60321,0.64385,0.91141,0.43005,,,,
466.365,-2.67672,6.44519,8.44196,-0.01100,0.42761,0.71838,,,,
466.469,-1.64242,5.55934,9.73961,-0.50335,0.76114,0.65363,,,,
466.570,-0.81403,3.91691,8.91601,0.29077,-0.46792,0.09285,,,,
466.672,-0.60813,3.50511,8.57603,0.24312,-0.08186,0.13928,,,,
466.773,-1.78607,4.27126,7.84819,0.18570,-0.68783,-0.19059,,,,
466.875,-4.10845,5.71257,7.56568,0.13073,-0.05376,0.26267,,,,
466.977,-2.86347,6.02860,7.24485,0.08430,0.01833,0.80756,,,,
467.079,-0.74220,4.97036,10.09395,-0.34575,0.02932,0.38973,,,,
467.180,-2.60968,5.37738,6.52659,0.72449,0.75381,-0.15882,,,,
467.282,-0.87149,5.59764,6.33985,-0.22358,0.17715,0.26145,,,,
467.383,-0.81403,7.13472,7.72369,0.02810,0.76114,0.12950,,,,
467.486,-1.54187,6.94797,7.64229,0.08430,-0.26267,0.10996,,,,
467.588,-1.38385,5.32949,8.98304,0.43738,-0.29444,-0.06720,,,,
467.690,-1.38864,5.20021,7.87214,0.18937,0.03054,-0.25779,,,,
467.792,-2.94487,5.88974,6.63194,0.24435,-0.56322,-0.13073,,,,
467.895,-4.18506,6.64152,6.75165,-0.69394,-0.46792,0.74281,,,,
467.999,-4.04620,10.26634,9.93115,-0.31032,1.50517,1.25105,,,,
468.101,-4.10366,7.12036,8.37492,-0.14783,0.26267,1.82160,,,,
468.202,-1.21625,3.65834,6.41167,0.38973,1.29748,1.45630,,,,
468.306,-0.66080,0.53630,7.30710,-0.27245,1.50151,1.26571,,,,
468.408,1.42694,1.12527,10.66856,0.17104,-0.00244,-0.17349,,,,
468.510,-1.89621,6.15310,7.28795,0.17104,-1.13254,-1.02014,,,,
468.611,5.58807,7.77158,4.26647,-1.20096,-0.48503,-0.95906,,,,
468.714,0.22027,9.36612,5.83706,-0.94806,-0.77946,-0.25901,,,,
468.817,0.42617,5.60722,11.37725,0.05376,-0.90408,-0.46670,,,,
468.919,-0.37350,4.82192,8.84418,-0.02566,-0.66584,-0.07697,,,,
469.022,-0.27294,5.86101,7.36935,0.46426,0.05253,-0.19426,,,,
469.124,1.01993,6.38773,8.62870,0.22602,0.23579,0.08674,,,,
469.227,-0.57940,5.43005,9.51935,0.14661,0.90775,0.40317,,,,
469.330,-0.89064,3.73017,7.00543,0.29932,0.37874,0.39828,,,,
469.431,-0.08619,5.03740,5.99508,-0.20403,0.50091,0.36163,,,,
469.533,0.52194,6.54575,6.83305,-0.05620,0.31643,0.34086,,,,
469.635,-0.11492,6.41167,8.63349,-0.07941,0.62797,0.29810,,,,
469.736,-0.33519,6.70855,8.05888,0.00611,-0.20403,-0.09529,,,,
469.839,1.92973,5.31513,10.77870,0.03787,-0.19303,-0.01222,,,,
469.941,1.41258,4.21380,7.50822,-0.15882,-0.33842,-0.10018,,,,
470.043,0.25857,4.35745,7.69018,-0.07575,-0.70494,-0.34331,,,,
470.144,-0.23942,5.19542,7.30710,0.25901,-0.07086,-0.00855,,,,
470.248,0.15323,5.94720,9.67736,-0.08308,0.54245,0.31398,,,,
470.350,-1.39343,5.31513,9.42837,-0.55711,0.82467,0.49236,,,,
470.452,-1.65679,4.03662,8.13550,-0.31032,0.11484,0.30299,,,,
470.553,0.02873,4.15633,6.72292,-0.14661,0.28833,0.74403,,,,
470.655,2.90177,6.06691,6.63673,0.06597,0.16616,0.34819,,,,
470.758,1.06781,6.36379,11.35330,-0.07575,0.51924,-0.01344,,,,
470.859,0.72784,5.71257,11.17134,-0.37996,-0.15760,-0.19181,,,,
470.961,0.48363,3.81636,8.93995,0.30788,-0.31521,-0.48991,,,,
471.064,0.19632,3.67271,7.40287,0.26756,-0.44960,-0.54489,,,,
471.167,-1.49877,5.00867,7.68060,0.46548,-0.16371,-0.27000,,,,
471.269,-1.69509,5.06134,7.85298,-0.05620,-0.35552,0.24312,,,,
471.372,-0.97205,5.49709,7.79073,-0.37385,0.14905,0.39706,,,,
471.475,-2.41336,4.17070,9.52892,0.00855,0.34331,0.22602,,,,
471.577,-1.58975,4.04620,6.29196,0.34819,0.55467,0.14539,,,,
471.679,0.17717,5.12359,6.42125,-0.02932,0.55100,0.53145,,,,
471.781,1.14922,6.01902,7.96311,0.09407,0.20525,0.30665,,,,
471.883,1.14443,6.45477,10.48660,-0.29688,-0.68173,0.10507,,,,
471.986,-0.27294,7.14909,12.20564,0.06231,-0.08186,0.11240,,,,
472.089,1.48919,4.39097,7.48906,0.12462,-0.28588,0.24679,,,,
472.192,1.42216,3.89297,6.23450,0.04643,-0.57910,-0.26756,,,,
472.293,0.20590,4.69742,8.75320,0.21380,-0.17715,-0.40684,,,,
472.397,-0.69911,5.20021,9.21289,-0.13439,-0.00122,0.21625,,,,
472.499,-2.27928,6.19619,8.95431,-0.45937,0.72571,0.34697,,,,
472.602,-2.97839,5.54976,7.44597,0.23946,0.35430,0.28466,,,,
472.705,-0.78530,4.69742,6.03339,0.23702,0.76358,0.57055,,,,
472.808,1.89142,5.13317,5.91847,0.08796,0.53267,0.59132,,,,
472.909,1.65679,6.21056,8.42759,-0.06109,0.71105,-0.01222,,,,
473.013,0.09098,7.15387,9.93594,-0.07453,-0.57299,-0.19426,,,,
473.116,1.71904,5.65510,8.92558,0.35797,-0.90530,-0.44471,,,,
473.218,1.30723,3.97916,8.83939,-0.29322,-0.65118,-0.24312,,,,
473.322,0.16281,3.71101,7.94875,0.11973,-0.96761,-0.65607,,,,
473.423,-0.82839,4.57293,6.65588,0.07086,-0.74403,-0.53878,,,,
473.527,-0.74699,6.11958,8.78193,-0.13439,0.63408,-0.20036,,,,
473.630,1.23062,3.56736,12.05241,-1.32313,0.50824,0.32865,,,,
473.732,-1.84832,5.13317,7.93438,0.01588,0.37996,-0.24312,,,,
473.834,-0.66559,4.46279,7.11078,-0.35675,0.06353,0.53512,,,,
473.937,0.95289,4.71658,8.50899,-0.04765,0.37385,0.42150,,,,
474.039,1.35033,5.96635,10.67335,-0.44471,-0.11118,0.19059,,,,
474.140,1.81002,4.39097,12.35887,-0.16371,-0.33598,-0.05864,,,,
474.243,1.81002,3.19387,6.47871,0.65240,-0.64630,-0.66462,,,,
474.346,1.94409,2.80600,7.71891,0.19059,-0.56444,-0.52657,,,,
474.449,0.53151,3.71580,8.31746,0.32376,-0.50213,-0.57421,,,,
474.550,-0.18196,4.52504,8.30788,0.02321,-0.05742,-0.13683,,,,
474.653,-0.48842,6.06212,9.15543,-0.25779,0.37018,0.13683,,,,
474.756,-0.62728,4.49631,10.09395,0.48381,0.26756,0.17104,,,,
474.858,-0.44532,3.50511,7.62314,0.20647,0.22724,0.33109,,,,
474.962,1.29287,4.36224,5.90889,0.02932,0.46059,0.42638,,,,
475.065,1.73819,5.34865,8.30788,0.07086,0.45815,0.15027,,,,
475.166,1.67594,5.94720,9.74919,-0.25901,-0.20281,0.04154,,,,
475.269,0.60813,6.17704,11.02769,-0.34086,0.22846,0.17349,,,,
475.371,2.18351,4.49152,7.02459,0.25656,-0.57666,-0.53634,,,,
475.475,2.77727,2.74376,9.08360,-0.39828,-0.14539,-0.34575,,,,
475.581,0.62249,3.72538,8.26478,0.42150,-0.08552,-0.91019,,,,
475.685,-0.21069,4.83150,9.14106,0.05253,-0.10140,-0.23213,,,,
475.787,0.66559,5.46357,8.87770,-0.72082,-0.55833,0.15760,,,,
475.889,-0.16281,4.33829,9.89763,0.39218,0.20281,-0.43249,,,,
475.991,-0.01915,3.70622,7.32626,0.21869,-0.16860,-0.44349,,,,
476.094,1.08218,4.25210,6.84742,0.23457,-0.27122,-0.61087,,,,
476.198,0.30646,5.62159,7.43639,0.14661,-0.20647,-0.65729,,,,
476.303,-1.10133,5.04698,9.54329,-0.14416,-0.37141,-0.37996,,,,
476.406,-1.95846,5.01346,8.97826,0.01222,-0.62308,-0.48991,,,,
476.508,-0.94810,4.83629,6.84742,-0.27489,0.14661,0.24190,,,,
476.611,0.99120,4.33829,8.79151,-0.88331,0.12217,0.75992,,,,
476.714,0.03352,4.64475,8.86812,-0.21014,0.91874,0.86376,,,,
476.815,-0.96247,4.17549,9.15064,-0.44960,0.91263,1.36101,,,,
476.918,0.17717,3.96959,10.14663,0.25045,0.89675,1.12644,,,,
477.020,0.28252,4.41491,9.39006,0.59743,0.94684,-0.05498,,,,
477.124,-0.56024,4.01747,8.57603,0.54489,0.29810,-0.59865,,,,
477.227,-0.68953,4.05578,8.51378,-0.28344,0.44104,-0.07208,,,,
477.330,1.70467,2.37505,11.73159,-0.31398,0.79535,0.21991,,,,
477.432,4.05099,-2.11647,12.81377,1.51617,-0.59498,-2.24188,,,,
477.535,1.35512,-2.71981,12.22958,0.68417,-1.43553,-2.91016,,,,
477.638,-2.15478,-2.42293,15.96933,1.28770,-2.50699,-4.09646,,,,
477.740,-5.59764,-1.88184,11.54005,1.23028,-3.31578,-3.36342,,,,
477.843,-5.75566,0.01437,11.38682,0.85032,-1.85214,-2.30418,,,,
477.946,-4.45800,3.27048,7.82425,0.51068,-1.63468,-1.10689,,,,
478.050,-1.47962,5.09965,8.33661,-0.22358,-1.12399,-0.66340,,,,
478.153,-0.41659,6.02860,7.27837,-0.49480,-0.42516,-1.07146,,,,
478.254,-0.91459,5.01346,7.85777,0.10751,0.23335,-1.30114,,,,
478.357,0.67038,5.40132,6.82826,-0.05131,-0.57299,-0.77946,,,,
478.458,1.30245,4.99909,8.14986,0.33353,-0.76480,-1.00915,,,,
478.562,2.63362,4.46279,7.91044,-0.59865,-1.55282,-1.25472,,,,
478.665,0.74220,2.92571,12.36845,0.63897,-0.45571,-2.51676,,,,
478.766,-0.32561,3.68228,9.91678,-0.29932,-1.79106,-0.88575,,,,
478.867,-0.02873,4.24253,7.86735,0.16738,-0.74037,-0.79046,,,,
478.970,0.20111,4.67827,8.85855,-0.20525,-0.22602,-0.23946,,,,
479.072,-0.83797,4.91290,9.93115,0.05742,0.70250,0.18448,,,,
479.176,-0.88107,3.90734,9.87369,-0.04887,0.62797,0.63652,,,,
479.280,-0.49321,4.31914,6.53138,-0.06231,0.53512,0.63652,,,,
479.383,1.03908,4.13718,7.90087,-0.46548,0.47770,0.78435,,,,
479.486,2.12605,5.36780,7.12036,-0.05131,0.46059,0.39095,,,,
479.589,1.92015,5.28640,9.55287,0.18326,-0.24068,-0.31276,,,,
479.691,2.30322,5.46357,10.35253,-1.06168,0.15882,0.21991,,,,
479.793,2.08774,3.41892,8.82503,0.00489,-1.17286,-1.07879,,,,
479.895,1.95846,2.82037,9.25119,0.42150,-0.11729,-0.81978,,,,
479.996,0.94810,3.31358,7.56089,0.54734,-0.41905,-0.60231,,,,
480.098,1.01993,3.53863,8.54730,-0.29810,-0.46426,0.04398,,,,
480.200,-0.78051,2.71981,9.69652,0.02077,0.33475,0.32254,,,,
480.302,0.00000,2.82995,11.01812,-0.44349,0.20036,0.19426,,,,
480.404,-1.47962,3.80678,7.54652,0.20281,0.91019,0.23946,,,,
480.507,0.99120,3.30400,7.59920,-0.16127,0.23824,1.02503,,,,
480.611,2.28886,4.35745,8.88249,-0.40317,0.06842,0.72693,,,,
480.713,1.62327,5.08528,8.61434,0.21014,-0.13806,-0.26756,,,,
480.815,3.96480,2.95444,12.89996,-0.79535,0.04032,0.29810,,,,
480.919,3.69665,2.55701,8.93516,0.27611,-0.87720,-1.09711,,,,
481.023,2.02549,2.28886,10.53928,0.81123,-0.37507,-0.91874,,,,
481.126,1.37427,3.01191,8.66222,0.74281,-0.79412,-0.60720,,,,
481.229,0.43574,3.99832,7.85298,0.47281,-0.22113,-0.26145,,,,
481.334,-0.27773,5.34865,8.82982,-0.56444,1.15209,0.73793,,,,
481.436,-1.84832,3.39019,10.75475,0.10263,1.09467,0.36774,,,,
481.539,-0.98162,3.17471,5.87058,0.19426,0.30177,0.62553,,,,
481.641,1.73340,3.89776,6.27281,-0.06597,0.80512,0.63897,,,,
481.745,1.66158,5.97114,8.09240,-0.37263,0.53878,0.36530,,,,
481.848,2.66235,6.46434,9.29908,-0.19670,-0.43005,-0.02810,,,,
481.949,3.56257,3.12683,14.37479,-0.41539,-0.17593,-0.09041,,,,
482.052,2.49955,3.07416,8.20732,0.31154,-0.50457,-0.99327,,,,
482.154,1.42216,2.89698,8.14029,0.13683,-0.90408,-0.90042,,,,
482.257,0.52672,3.58173,8.53294,0.08919,-0.56810,-0.43860,,,,
482.360,-0.34477,4.73094,9.28950,0.32498,0.20281,-0.58521,,,,
482.462,-0.14365,4.47237,10.68293,-1.02870,0.40439,0.61087,,,,
482.564,-0.30646,3.62482,8.78193,0.31154,-0.16493,-0.36285,,,,
482.666,-0.32561,4.56814,6.21535,0.11118,0.21991,0.19059,,,,
482.769,1.53229,5.21457,6.86178,0.31643,0.15760,0.25045,,,,
482.871,1.81002,5.78918,7.41724,0.05986,-0.24190,0.07208,,,,
482.972,3.12204,6.34942,9.30387,-0.91141,-0.11851,0.32620,,,,
483.073,3.93607,2.96402,9.89763,-0.23213,-1.21073,-1.00793,,,,
483.176,2.52349,3.16035,6.90009,0.03910,-0.49358,-1.08612,,,,
483.280,1.97282,3.90255,8.04931,0.08674,-0.26389,-0.86132,,,,
483.383,1.64242,3.74453,10.52012,-0.49236,-0.80023,-0.00611,,,,
483.485,-0.11013,4.57771,9.14585,0.15516,0.60842,0.24435,,,,
483.586,0.62728,2.95444,10.13226,-0.12828,0.18204,0.18937,,,,
483.690,-0.26815,2.94487,7.30232,0.15027,0.24190,0.00489,,,,
483.793,1.53229,4.07014,6.19619,0.03176,0.39828,0.44960,,,,
483.896,3.52905,5.12838,8.86333,0.15272,0.39706,0.15882,,,,
483.998,3.18429,6.15789,11.28148,-0.11118,0.27978,-0.04032,,,,
484.099,2.28407,3.76368,9.52892,0.24557,-0.96272,-0.69150,,,,
484.202,3.84030,2.76770,8.39407,0.08796,-0.31887,-0.81489,,,,
484.303,2.08774,2.89698,7.57047,0.14661,-0.62308,-0.91752,,,,
484.406,1.12049,3.67749,7.99663,0.00122,-0.62675,-0.37141,,,,
484.508,0.77093,4.51068,11.85609,0.25168,0.30299,-0.32498,,,,
484.611,0.21548,3.10289,12.07156,-0.35797,-0.47159,0.19670,,,,
484.714,-0.63207,4.01268,6.15789,0.25412,0.50213,-0.16127,,,,
484.817,1.02951,4.45800,6.65109,-0.15760,0.70005,0.72937,,,,
484.920,3.29921,5.64074,8.58082,0.08186,0.42272,0.42638,,,,
485.023,4.19943,6.12437,10.33816,0.10873,-0.40806,-0.24190,,,,
485.125,4.41970,4.05099,11.27190,-0.22724,-0.34453,-0.47647,,,,
485.226,4.01747,3.15556,7.77158,-0.08063,-0.77458,-1.24861,,,,
485.330,2.87304,2.31280,8.08282,0.02688,-0.69028,-1.40743,,,,
485.431,0.78530,3.65355,8.73405,0.31887,-0.76480,-1.23395,,,,
485.535,0.56982,3.97916,10.52012,0.16371,-0.37507,-0.35430,,,,
485.638,0.64165,4.39575,10.71645,-0.69394,-0.24557,0.07575,,,,
485.739,-1.04387,4.37181,8.32703,0.07941,0.40195,-0.76480,,,,
485.842,0.45969,4.55856,6.56011,-0.30543,-0.07208,0.07086,,,,
485.946,1.16837,5.87537,7.54174,0.28711,0.55833,0.13439,,,,
486.050,2.47560,6.41646,8.66701,0.20036,-0.30543,0.03787,,,,
486.154,2.71024,6.52181,9.87369,-0.13928,-0.34331,0.13195,,,,
486.258,3.42850,4.27126,7.18739,0.22358,-1.04580,-0.85643,,,,
486.364,2.54743,3.88818,6.12916,-0.09285,-0.33842,-0.87842,,,,
486.467,1.66636,4.71179,7.69018,-0.14539,-0.40806,-0.94562,,,,
486.571,0.71826,5.05177,10.61110,-0.41417,0.10629,-0.08063,,,,
486.676,-0.29209,5.43005,9.28950,-0.46548,-0.10629,0.55344,,,,
486.780,-0.29688,3.70622,9.45231,-0.25656,-0.28588,0.17715,,,,
486.885,-0.14365,3.91213,6.04775,0.08919,0.21136,0.47159,,,,
486.988,2.03986,4.74052,6.45477,0.06231,0.70738,0.56077,,,,
487.092,3.16513,6.15310,8.47547,-0.12584,0.24068,0.18326,,,,
487.196,3.72538,6.27281,8.96868,0.03910,-0.29688,-0.37018,,,,
487.301,5.07092,2.39420,11.48259,-0.04520,-0.83933,-0.75503,,,,
487.406,3.28006,3.77805,8.51857,0.00122,0.33109,-1.04580,,,,
487.509,1.86269,3.16992,8.81545,0.15394,-1.18997,-1.16553,,,,
487.612,0.94332,4.04620,8.12592,0.00977,-0.58032,-0.71838,,,,
487.716,-1.06781,5.32949,8.25042,0.17593,-0.03665,-0.32132,,,,
487.819,-0.15802,3.88340,10.68772,-0.12950,-0.47403,-0.09041,,,,
487.923,-2.42772,4.66391,7.31668,0.56810,1.10200,0.01710,,,,
488.027,1.07739,4.00789,6.71334,-0.19426,0.19059,0.99327,,,,
488.129,1.81959,4.99430,8.10677,-0.29932,0.20892,0.53878,,,,
488.234,1.08218,5.93762,9.38527,0.09774,0.20403,0.05864,,,,
488.339,1.91536,6.22971,8.29351,0.01344,-0.43127,0.23579,,,,
488.444,3.76368,3.51948,10.01255,-0.36530,-0.46059,-0.09407,,,,
488.547,3.04542,5.33907,7.40766,-0.11484,0.46304,-0.41050,,,,
488.654,2.72460,3.96001,7.98706,-0.10263,-0.75136,-0.48136,,,,
488.759,1.54187,4.86502,6.62236,0.18326,-0.29688,-0.48258,,,,
488.862,1.23541,5.11401,9.66300,0.07941,0.09774,0.08308,,,,
488.963,0.12929,5.49709,9.74919,-0.04276,0.21625,0.29077,,,,
489.068,0.32082,3.63440,9.47625,-0.02566,0.06720,0.55589,,,,
489.173,-0.27773,3.95043,6.81869,0.34453,1.03114,0.74159,,,,
489.278,1.52750,4.14197,7.51779,-0.19181,0.75259,1.01526,,,,
489.384,1.96325,5.53539,7.85777,-0.07941,0.46426,0.61575,,,,
489.489,2.70545,5.99987,9.01178,0.08430,-0.15027,0.29444,,,,
489.593,3.84509,6.10043,9.53850,-0.58643,-0.01833,0.23457,,,,
489.696,3.59609,3.73017,7.22570,0.09163,-1.20951,-1.21318,,,,
489.799,4.07014,2.75333,10.21845,0.16738,-0.05986,-1.05680,,,,
489.903,1.57538,3.53863,8.05409,0.23091,-1.13254,-1.19974,,,,
490.010,0.17717,4.74052,7.97269,0.20159,-0.74403,-0.70005,,,,
490.115,-0.33519,5.49709,8.38449,-0.02932,0.01833,-0.05498,,,,
490.218,-0.58419,4.80756,9.62948,-0.55711,0.69516,0.51435,,,,
490.322,-0.45011,4.63039,8.13550,0.25290,1.20218,0.54611,,,,
490.426,0.88107,3.81157,7.93438,-0.30055,0.67806,1.08856,,,,
490.529,1.57060,5.24330,7.16345,0.20281,0.88453,0.65363,,,,
490.633,2.98796,5.73651,9.39964,0.23213,0.06231,0.35430,,,,
490.735,3.70144,7.12514,9.02135,-0.56077,-0.13928,0.20281,,,,
490.842,3.63919,3.57694,7.63750,-0.11606,-1.34146,-1.29748,,,,
490.946,3.16035,3.41413,8.12592,0.10263,0.16738,-1.38666,,,,
491.050,1.58975,3.73017,8.50899,0.09774,-0.60842,-1.27304,,,,
491.154,-0.38786,4.70221,10.02213,0.22358,-0.23091,-0.59376,,,,
491.257,-0.76136,5.67426,9.04051,-0.17837,-0.20281,0.17837,,,,
491.362,-0.69432,3.78284,10.44830,0.00367,-0.13195,0.00244,,,,
491.466,-2.14042,4.06535,7.01980,0.35552,0.91141,0.14905,,,,
491.570,-0.22984,4.38618,6.71334,-0.02077,0.55222,0.74526,,,,
491.675,1.55144,6.28717,7.63272,-0.05620,0.42150,0.67928,,,,
491.779,1.63285,6.97670,8.48505,0.03299,0.02443,0.27245,,,,
491.881,1.74777,6.15310,11.29106,-0.04398,0.12828,0.01222,,,,
491.986,2.12605,4.97994,6.61757,0.27367,-0.64385,-0.81612,,,,
492.090,1.24498,4.37660,7.93917,0.05009,-0.49114,-0.65240,,,,
492.195,-0.01915,4.90333,8.25042,0.62675,-0.57177,-0.75014,,,,
492.299,-1.34075,5.77960,8.14029,0.10996,-0.46914,-0.14905,,,,
492.403,-1.86748,6.22014,7.21612,-0.80023,0.07941,0.55833,,,,
492.505,-1.46046,4.86023,8.59040,-0.39706,0.17959,0.21380,,,,
492.610,-1.86269,4.34787,6.60321,-0.18082,0.96272,0.70738,,,,
492.714,0.21069,5.30076,7.17303,-0.22969,1.24006,0.99082,,,,
492.818,1.39343,6.31590,9.23683,-0.51679,0.29566,0.71838,,,,
492.923,1.64242,7.32147,12.09551,-0.31154,0.88575,0.03299,,,,
493.026,0.35913,3.72059,9.26556,0.64630,-0.76847,-0.87354,,,,
493.131,1.10133,3.47159,7.07247,0.59376,-0.41417,-0.92363,,,,
493.237,0.05746,4.14676,7.79552,0.42028,-0.74159,-0.77946,,,,
493.341,-1.10612,4.93684,8.14507,0.18204,-0.88331,-0.34208,,,,
493.445,-2.24097,6.31112,8.48984,-0.09163,-0.37507,-0.18815,,,,
493.546,-2.35111,3.32794,11.74117,-0.74403,-0.56444,0.11484,,,,
493.651,-2.26013,3.52426,6.43561,-0.28344,0.21380,0.35552,,,,
493.753,-0.16759,4.32393,6.93840,-0.49114,0.59987,1.06046,,,,
493.856,1.02951,4.49631,8.45632,-0.65118,0.31765,1.16553,,,,
493.958,3.12683,5.44441,11.70765,-0.04887,-0.00367,0.17104,,,,
494.060,2.71981,2.84910,12.50731,0.28100,-0.20647,-0.31521,,,,
494.163,2.42772,2.29365,8.73884,0.08063,-0.18082,-0.61453,,,,
494.266,1.24977,1.82917,6.53617,0.05864,-0.63530,-0.77213,,,,
494.370,-0.26336,3.60088,7.43160,0.06109,-0.28222,-0.37385,,,,
494.473,-0.89064,2.91135,11.97580,-0.23824,0.43127,0.44349,,,,
494.575,-1.57060,3.04542,10.59195,-0.26389,0.21014,0.39828,,,,
494.679,-2.62883,2.52349,8.94474,0.06720,0.84055,0.67440,,,,
494.782,0.19154,1.97761,6.73250,0.04032,0.24435,0.94684,,,,
494.887,0.46926,3.28963,6.27281,0.09041,1.36345,0.71716,,,,
494.990,2.20745,4.67348,11.60230,-0.61331,-0.28222,0.40806,,,,
495.094,2.02549,4.94642,12.93348,-0.13683,-0.29322,-0.09041,,,,
495.199,2.22182,2.06380,8.78672,0.37874,-0.73426,-1.05435,,,,
495.301,0.54588,1.81002,8.89685,0.17837,0.18815,-0.68417,,,,
495.408,-0.61292,2.31280,8.22169,0.37996,-0.71716,-0.77458,,,,
495.513,-1.04387,2.76291,8.91601,0.17959,-0.46304,-0.08796,,,,
495.616,-1.78129,3.50511,9.54329,0.08430,-0.01710,0.25045,,,,
495.720,-0.77093,2.67193,10.70208,-0.55222,-0.21991,0.64019,,,,
495.825,-0.58897,2.34153,7.77637,0.18448,1.00060,0.81245,,,,
495.931,0.58419,2.54743,7.11557,0.08430,0.91752,1.10689,,,,
496.035,2.53307,3.47159,8.78672,-0.17715,0.09163,0.57910,,,,
496.139,2.68151,5.08528,13.12501,-0.36652,-0.19303,-0.26634,,,,
496.244,2.74376,2.79643,11.97580,0.31643,-0.65973,-0.73426,,,,
496.347,2.11169,2.71981,9.69652,0.57788,0.45082,-0.91263,,,,
496.450,0.85234,2.03028,7.78116,0.80146,-0.51924,-0.87354,,,,
496.555,-0.03352,2.18351,8.03973,0.45204,-1.24128,-0.31398,,,,
496.657,0.10534,2.74376,9.16022,-0.36408,-0.86499,0.20525,,,,
496.761,-1.93451,2.57616,12.65575,-0.76236,0.39706,-0.11606,,,,
496.866,-3.32794,3.46202,8.08761,0.30299,0.63408,0.22724,,,,
496.970,0.17238,3.14598,6.69419,-0.04520,0.43738,1.27304,,,,
497.072,3.07894,3.97916,7.61356,-0.00611,0.95784,1.10322,,,,
497.175,4.65433,4.14676,12.61265,-0.52290,-0.02199,0.44471,,,,
497.277,4.01747,2.88741,14.57590,-0.29810,-0.09774,-0.20403,,,,
497.380,2.84910,2.03986,7.87692,0.41172,-0.90042,-1.73852,,,,
497.483,1.33596,1.52271,7.79073,0.19914,-0.54734,-1.21073,,,,
497.587,0.44053,3.43807,8.60476,0.29932,-0.09774,-0.77458,,,,
497.690,-0.09577,4.52983,10.86489,0.43249,0.30055,-0.45571,,,,
497.792,-0.95289,3.89776,10.14184,-0.35186,0.10263,0.14416,,,,
497.894,-2.10211,2.56180,8.23605,-0.23946,-0.07697,-0.06231,,,,
497.996,-0.60334,3.14598,6.72292,0.35186,0.52657,-0.06720,,,,
498.099,-0.30167,4.99430,7.35978,0.65607,0.64752,0.02321,,,,
498.201,-0.79487,6.47871,8.16423,0.18692,0.58643,0.05009,,,,
498.303,-0.38307,6.02860,11.19050,-0.73182,-0.62919,-0.42516,,,,
498.405,-0.18675,4.51068,7.19697,0.78435,0.73793,-0.62553,,,,
498.507,-1.04866,3.68707,6.68940,0.04032,0.21380,-0.37874,,,,
498.610,-1.07739,4.20901,7.41245,-0.35552,-0.66218,-0.28100,,,,
498.712,-0.66080,4.90811,6.85221,0.49236,0.73793,-0.45326,,,,
498.815,-4.96079,4.70221,10.45787,-0.46059,0.46181,-2.16491,,,,
498.917,-2.44687,6.73728,10.99896,0.29810,0.08674,-0.14416,,,,
499.020,-2.42293,6.67503,7.24964,0.51679,0.26267,0.68661,,,,
499.127,-1.25935,4.72615,5.51145,-0.23946,-0.42516,-0.33720,,,,
499.230,-1.16837,4.50110,7.77158,-0.57666,-0.44227,-0.95295,,,,
499.335,-2.59053,3.21302,10.06044,-0.02566,-0.70372,-0.99449,,,,
499.439,-2.42293,3.19387,9.76834,-0.78191,0.01100,-1.33413,,,,
499.543,-1.62806,1.30723,10.54406,0.57299,-0.37751,-0.32009,,,,
499.651,-2.28886,2.41814,7.35020,-0.15638,-0.18692,-0.54367,,,,
499.754,-2.82037,3.47638,7.48427,0.21258,-0.06964,-0.33964,,,,
499.858,-3.14598,4.48673,8.80109,-0.09529,-0.72204,0.21014,,,,
499.962,-2.00155,4.33351,9.66300,1.47585,0.30788,0.16005,,,,
500.067,-2.83952,4.07972,7.49864,0.43860,-0.36896,0.24190,,,,
500.169,-1.27372,3.90255,9.93115,-0.60842,-0.65607,0.01344,,,,
500.271,-0.90501,5.02304,6.45477,0.12584,1.30603,0.36530,,,,
500.373,-1.12527,5.24330,8.21690,0.30543,0.36652,-0.39462,,,,
500.474,-1.27850,5.26724,10.10353,-0.94684,-0.56566,-0.90042,,,,
500.577,-2.09732,3.87861,12.42112,-0.83933,-0.70372,-0.98227,,,,
500.682,-0.62728,3.13640,7.00065,1.02014,0.07208,-0.10751,,,,
500.786,-0.59855,3.70144,7.12036,0.09163,-0.26878,-0.43738,,,,
500.892,-1.67594,5.58328,6.67982,0.06842,-0.53634,-0.62675,,,,
500.994,-1.80044,5.61680,11.43471,-0.03787,-0.28955,-0.37507,,,,
501.099,-2.45645,4.75010,10.63026,0.34208,-0.84544,-0.25290,,,,
501.204,-3.34709,2.70545,8.49942,0.36896,0.34575,0.20525,,,,
501.310,-1.54187,3.02627,6.99586,0.38851,0.44960,0.82589,,,,
501.415,-0.78051,4.28562,5.92325,0.00367,0.22969,0.78557,,,,
501.520,0.83797,6.61278,7.40766,-0.36408,0.08919,0.07330,,,,
501.623,-1.01993,5.65989,12.05241,-0.11240,-0.22113,-0.00244,,,,
501.726,-0.45011,5.01346,11.59272,-0.13073,-0.16982,0.12706,,,,
501.830,0.67516,4.66869,7.51300,0.15272,-0.16982,0.19548,,,,
501.937,-0.52672,4.37181,6.85699,0.08063,-0.02566,0.05986,,,,
502.039,-0.85234,4.69742,5.93762,-0.12950,-0.22969,0.23457,,,,
502.143,1.31202,6.39731,11.04206,-0.68417,-0.29444,0.08430,,,,
502.250,-0.70868,5.73651,10.63983,-0.28466,0.10751,-0.25045,,,,
502.354,0.10056,2.37505,9.19373,0.67073,0.48869,0.59376,,,,
502.459,0.31603,2.99754,8.63828,0.04887,-0.29077,-0.04887,,,,
502.564,-0.22984,3.35188,7.13951,0.05498,0.32254,0.26267,,,,
502.668,0.18196,3.27527,9.41879,-0.42272,0.10385,0.26389,,,,
502.771,1.10612,3.83551,11.20486,0.04276,-0.33231,0.28222,,,,
502.876,2.29843,4.90333,9.56244,-0.71716,-0.98105,-0.17837,,,,
502.979,1.25935,3.09810,8.01100,0.06964,1.05435,-0.43127,,,,
503.084,2.67672,3.73495,7.73806,0.48747,-0.54000,0.08430,,,,
503.188,1.18752,4.07014,6.12437,0.10873,-0.10385,-0.33964,,,,
503.293,-0.31603,4.22337,6.85699,0.26023,0.05376,-0.41417,,,,
503.396,-0.20111,4.77883,12.59829,-0.49236,0.23579,-0.13561,,,,
503.499,1.70467,5.44441,9.72525,0.16738,-0.21014,0.51313,,,,
503.603,0.82361,3.52426,9.63906,-0.25656,0.74892,0.26756,,,,
503.707,0.07661,3.61046,7.34062,0.12706,-0.14783,0.22724,,,,
503.811,-0.54588,3.56257,7.49864,0.37751,0.43982,0.19426,,,,
503.916,0.01915,3.71101,8.57603,0.29199,0.51435,0.21014,,,,
504.021,1.19231,5.46357,9.31344,-0.01466,0.09041,0.43371,,,,
504.125,-0.35434,5.63116,10.93192,0.04765,0.51801,-0.31643,,,,
504.230,0.96247,4.99909,11.38204,-0.07208,-0.78313,-0.08430,,,,
504.335,-0.27294,3.26090,7.75243,0.60353,0.40317,-0.10140,,,,
504.438,1.63285,4.08930,5.27203,1.00915,-0.13683,0.00000,,,,
504.541,-0.30167,4.54898,5.69341,-0.19670,-0.09529,-0.47403,,,,
504.644,-0.21069,5.79397,7.34541,0.33842,-0.13928,-0.29932,,,,
504.748,0.00958,6.83784,7.33105,-0.43249,-0.31276,-0.28955,,,,
504.852,0.04310,6.24408,9.92636,-0.10263,0.10385,-0.33109,,,,
504.956,0.05267,3.73974,11.44907,-1.22051,-1.00793,-0.13561,,,,
505.059,-1.39343,3.80199,5.96156,-0.05620,0.19792,0.23824,,,,
505.162,-1.39343,3.15077,9.34696,-0.48747,0.45448,-0.05253,,,,
505.265,-0.62249,3.78284,9.12191,0.44715,-0.09041,0.67073,,,,
505.371,0.72305,4.77883,9.36612,0.18570,0.17959,0.30788,,,,
505.475,-0.41659,3.87861,10.92235,-0.15638,0.28222,0.02077,,,,
505.578,2.02549,1.75734,7.72848,-0.18570,-1.23150,0.66706,,,,
505.683,1.79086,2.48518,8.89207,-0.34819,0.37141,0.44593,,,,
505.787,1.82438,3.80678,8.84897,0.02932,-1.06413,0.16249,,,,
505.892,2.15957,4.02226,7.36456,0.08308,0.44593,-0.26145,,,,
505.994,1.38385,4.03184,5.89931,0.11606,-0.55222,-0.14172,,,,
506.098,1.63763,4.12760,12.43548,-0.48625,-0.16616,0.35308,,,,
506.201,2.09253,2.91135,11.81778,-0.24557,0.11118,0.65363,,,,
506.305,1.11570,1.11091,10.40999,-0.29932,1.81427,0.59620,,,,
506.408,2.15478,3.64876,8.26000,0.01466,0.27733,0.81001,,,,
506.510,1.10612,3.12683,8.28873,0.20892,0.61575,0.01588,,,,
506.613,-0.40701,2.29365,6.83784,0.55222,-0.00855,0.00855,,,,
506.716,0.01437,3.07894,8.66222,0.26634,-0.67562,0.51313,,,,
506.820,1.52750,3.03106,13.95820,-0.51435,0.50946,0.02688,,,,
506.923,2.93050,3.69186,8.53772,0.12339,-0.64752,0.02443,,,,
507.026,2.43251,0.85234,10.39562,-0.09041,1.45508,-0.89797,,,,
507.129,2.38941,2.20745,6.88572,0.35797,-0.37018,-0.38729,,,,
507.231,0.91459,2.38462,7.88650,0.43616,-0.28100,-0.50457,,,,
507.334,0.67038,3.55300,7.24007,0.57666,-0.77702,-0.24312,,,,
507.438,0.00958,4.52983,10.03649,-0.44960,-0.42516,-0.79168,,,,
507.539,-0.46926,4.76446,9.76355,0.46426,0.23091,-0.09529,,,,
507.641,0.35913,1.60890,14.25029,-0.99327,0.93218,-0.50335,,,,
507.744,-0.10534,2.94966,7.05332,0.15516,-0.18204,0.61209,,,,
507.848,-0.22027,3.53863,7.99663,0.18815,0.03054,0.47892,,,,
507.949,0.71826,4.07972,8.34619,0.47892,-0.22602,0.45571,,,,
508.052,0.51236,3.54821,8.59040,0.24312,-0.32865,0.04398,,,,
508.155,1.25935,4.03662,10.72124,-0.44349,-0.07697,-0.11484,,,,
508.258,1.88663,3.32315,11.19050,-0.59376,-0.16860,-1.08856,,,,
508.361,1.08218,1.99198,6.62715,0.54611,0.49847,-0.68173,,,,
508.463,1.94888,2.98318,7.46033,0.46914,-0.53878,-0.52657,,,,
508.565,-0.35434,3.60567,7.23049,0.59498,-0.29322,-0.95539,,,,
508.667,0.25857,5.13796,7.37893,0.05253,-0.46792,-0.29688,,,,
508.769,1.07739,6.65588,8.82503,-0.04520,-0.31887,-0.61697,,,,
508.871,-0.26336,7.31189,8.69574,0.46792,-0.17104,-0.40317,,,,
508.974,-0.15323,6.64630,10.19930,0.06720,0.60353,0.12217,,,,
509.077,0.09098,2.98318,10.51055,-0.09163,1.41843,-0.21136,,,,
509.179,-0.23463,4.59208,5.62159,-0.05864,-0.50702,0.32254,,,,
509.280,-1.96803,3.82593,8.04931,-0.01466,0.44593,-0.73059,,,,
509.383,-2.10211,3.83551,6.04775,0.33475,-0.02932,0.06475,,,,
509.486,-1.17795,4.89375,5.81791,-0.26634,0.03910,0.41172,,,,
509.589,-1.04866,6.54575,9.33260,-0.86987,-0.17104,0.16982,,,,
509.690,-2.21703,5.47315,12.32056,0.20281,0.28833,0.08552,,,,
509.795,1.57060,5.96156,8.95431,0.05009,-1.18997,-0.20525,,,,
509.899,0.45969,1.85311,6.03818,0.80390,0.70983,-0.62675,,,,
510.003,2.18351,3.38540,6.56011,0.11484,-1.33779,-0.41172,,,,
510.106,-0.51236,5.30076,8.22169,-0.91996,-0.54734,-0.54489,,,,
510.208,-0.42138,6.73728,9.33260,-0.30910,-0.14783,-0.58277,,,,
510.312,-1.89142,5.47315,11.02290,0.27367,0.11484,0.17104,,,,
510.417,-0.58897,5.39174,9.97424,-0.06597,0.17471,0.22724,,,,
510.519,-1.47483,1.99676,8.98304,0.71349,0.50335,0.61209,,,,
510.623,-0.49321,3.79720,6.89051,0.28466,-0.28466,0.76969,,,,
510.725,0.55545,4.54419,8.29351,-0.10873,0.37629,0.47892,,,,
510.829,1.37427,5.41568,7.53695,-0.05498,-0.18204,0.40684,,,,
510.933,-0.26336,5.52582,9.11233,-0.06353,-0.07330,-0.13806,,,,
511.037,0.59376,5.83228,9.08360,0.19303,-0.35308,0.24679,,,,
511.140,1.06781,2.95923,11.35809,0.09896,1.00304,-0.39706,,,,
511.243,0.90980,3.74932,5.60243,0.47159,-0.51191,0.29810,,,,
511.346,0.47405,4.69264,6.38773,-0.26878,-0.08919,0.00733,,,,
511.449,-0.13886,6.05254,9.70609,-0.29810,0.05620,0.39462,,,,
511.553,-0.69911,4.50589,9.65821,0.52534,0.64874,0.61697,,,,
511.657,1.41258,4.07493,10.70687,-0.48747,0.81612,0.96517,,,,
511.759,-0.09577,4.09408,7.82425,-0.24435,-0.17959,0.80634,,,,
511.864,1.37427,2.77249,8.05409,0.05986,0.73670,0.05742,,,,
511.967,0.04310,4.94163,7.67581,-0.68417,0.04276,0.55833,,,,
512.070,-0.65122,5.06613,11.64061,-0.28588,0.30299,0.34941,,,,
512.173,2.62883,5.19063,11.32457,0.40806,-0.47770,0.42638,,,,
512.276,3.21781,1.86269,13.85764,-0.87476,-0.43982,-0.58521,,,,
512.379,1.69509,0.88585,7.36935,0.52534,-0.76480,0.08186,,,,
512.482,1.84354,1.83875,7.17303,0.51435,-0.25045,-0.30299,,,,
512.586,0.95768,2.95444,7.91044,0.34819,-0.06353,0.27733,,,,
512.691,1.46046,4.41970,6.85221,0.48991,-0.16371,0.50580,,,,
512.794,2.14042,4.55856,11.28148,-0.23457,0.74281,-0.16738,,,,
512.898,2.23140,4.79798,8.45153,-0.31887,0.72815,0.08674,,,,
513.001,0.99599,2.46603,11.00375,-0.44349,0.82711,0.04765,,,,
513.105,0.52194,2.35589,8.14986,0.26145,-0.19792,0.62308,,,,
513.208,-0.46448,2.93529,6.90488,-0.37874,0.64507,0.34208,,,,
513.310,0.45969,3.36146,8.43717,0.46548,0.23579,0.32254,,,,
513.413,0.79009,3.99353,11.07558,-0.06353,-0.16982,0.49724,,,,
513.517,2.73418,3.97916,12.60308,0.30299,-0.11240,0.34575,,,,
513.620,3.53384,2.59053,11.00375,-0.02810,-0.24068,-0.90652,,,,
513.722,1.02472,2.14042,5.89452,0.63530,-0.39462,-0.23335,,,,
513.825,1.51314,4.14676,5.40611,0.03910,-0.24679,-0.28344,,,,
513.927,0.70390,4.43406,6.98628,-0.07330,-0.01955,-0.02199,,,,
514.030,1.52271,6.22971,9.21768,0.22969,-0.45937,0.11484,,,,
514.135,0.25857,6.16268,11.04206,0.01588,0.65118,0.09285,,,,
514.238,0.93853,6.53617,11.07079,-0.35308,0.03054,0.69394,,,,
514.341,0.85712,2.89698,6.37815,1.05558,1.67866,0.09285,,,,
514.444,0.59376,4.28083,5.99029,0.04765,-0.45937,0.54245,,,,
514.547,-0.97683,4.25689,8.93037,-0.00977,0.38118,-0.27367,,,,
514.651,0.28252,4.70700,7.34062,0.32498,0.09041,0.44471,,,,
514.755,1.42216,5.91368,10.18015,-0.19792,-0.26512,0.52290,,,,
514.858,0.48842,5.74608,9.52892,-0.42150,0.11973,0.34575,,,,
514.961,2.79643,3.72059,14.86799,-1.15454,0.04154,-1.05558,,,,
515.063,2.37984,2.93050,7.28795,0.77213,-0.18204,-0.47281,,,,
515.168,0.52194,2.69108,5.22415,0.22724,0.17226,-0.93829,,,,
515.271,-0.28730,4.63996,5.79876,-0.21258,-0.82345,0.02688,,,,
515.375,-0.17717,6.73250,9.91199,-0.39462,-0.42638,-0.51924,,,,
515.479,-1.44610,6.97192,11.10431,-0.07575,0.20892,0.04643,,,,
515.582,-0.61770,5.46357,10.81700,-0.17837,0.33353,0.31276,,,,
515.684,0.12929,4.23774,7.82904,0.09407,0.00000,0.10507,,,,
515.787,-0.26336,2.41336,8.72447,0.07208,0.55467,-0.19548,,,,
515.889,-1.35991,3.90734,4.45322,0.75259,0.21136,0.14416,,,,
515.991,-1.37906,4.24731,6.87136,-0.19792,-0.10140,0.17349,,,,
516.093,-0.22027,6.13873,8.79151,-0.32742,-0.42028,0.41661,,,,
516.196,0.78530,5.55455,12.38760,-0.37141,-0.68783,0.08186,,,,
516.300,1.47962,4.00789,10.39084,0.01344,0.25901,-0.39340,,,,
516.404,1.75734,3.68228,7.59920,0.14172,-0.46304,-0.15638,,,,
516.506,1.15401,3.23696,7.14909,0.00489,0.18448,-0.59987,,,,
516.609,0.94810,4.45800,5.49709,0.09774,0.05742,-0.14050,,,,
516.711,0.24421,5.14275,6.12916,-0.51557,-0.79535,-0.23335,,,,
516.814,0.72784,5.20499,10.31422,-0.68539,-0.01100,0.21014,,,,
516.917,-0.26336,4.43406,9.94551,0.39095,0.95784,0.17593,,,,
517.019,-0.50278,5.46357,8.28394,-0.56077,-0.18082,0.41172,,,,
517.120,-1.35991,2.92571,9.97903,0.67928,0.94684,0.21502,,,,
517.223,-0.49799,3.29442,8.67659,0.31032,-0.03421,0.59987,,,,
517.327,-0.67038,3.84988,7.33583,0.40073,0.35675,0.25779,,,,
517.430,-0.18196,4.90333,6.69419,0.13561,0.09163,0.37141,,,,
517.533,0.27294,4.94642,10.17057,-0.33231,-0.37141,0.18204,,,,
517.635,0.81403,4.71658,9.83059,-0.68417,-0.23946,-0.08796,,,,
517.737,1.39343,3.50990,6.98628,0.75136,0.58765,0.04154,,,,
517.839,1.51314,4.04620,7.75243,-0.24435,-0.31765,-0.34453,,,,
517.942,0.22984,4.41970,6.75644,-0.07941,-0.12217,-0.06353,,,,
518.045,0.60334,5.37738,8.06367,-0.27855,-0.39340,0.18326,,,,
518.146,0.59376,4.06057,12.23916,0.09163,0.57544,0.27733,,,,
518.249,-0.56024,4.30477,9.41879,-0.23946,-0.47525,0.23457,,,,
518.350,-0.94332,2.62883,7.69018,0.65973,1.16187,0.45693,,,,
518.453,0.36871,3.45244,8.80109,-0.29688,-0.15272,0.57910,,,,
518.557,-0.28252,3.16513,9.20331,-0.19426,0.59987,0.69516,,,,
518.659,0.57940,4.17549,9.46667,-0.03543,0.09285,0.59132,,,,
518.763,1.48919,4.26168,10.26634,-0.07697,-0.15272,0.25290,,,,
518.865,1.53708,2.50912,11.36288,0.18448,0.55833,0.00367,,,,
518.968,1.49398,4.15155,5.90889,0.37385,-0.32376,0.02810,,,,
519.071,-0.47405,3.46680,8.12592,-0.32009,0.45448,-0.10507,,,,
519.175,-0.00958,4.92727,6.75165,0.55955,-0.29322,0.68783,,,,
519.278,0.62728,5.41090,7.83862,0.58521,0.08796,0.36285,,,,
519.381,-1.18274,5.37738,6.34463,1.14110,0.82955,0.65118,,,,
519.483,0.58897,4.94642,12.13381,-1.16920,-0.73793,0.51557,,,,
519.587,-0.26815,4.40533,7.62314,-0.36408,1.50273,0.48136,,,,
519.689,1.30723,4.46758,8.41323,-0.31032,0.00977,0.68783,,,,
519.793,1.33118,4.84108,9.35175,0.58399,0.39095,0.34697,,,,
519.898,-0.32082,6.07648,8.84897,0.33598,-0.27122,0.13683,,,,
519.999,0.11492,3.00233,13.56555,0.11118,0.33598,-0.24923,,,,
520.103,1.58975,4.17070,7.70933,0.05376,-0.41050,0.78557,,,,
520.207,0.26336,4.94163,5.07092,0.34453,0.09285,0.22113,,,,
520.310,0.18196,6.56969,9.20810,-0.00855,0.57421,0.48014,,,,
520.413,-0.04788,6.48350,11.22881,0.70494,0.80268,0.68173,,,,
520.517,-0.02873,5.17626,11.03248,0.20892,0.53023,0.19059,,,,
520.620,-0.65601,3.83072,7.33105,0.20281,0.30910,0.39828,,,,
520.724,-0.49799,4.47716,5.77003,-0.48258,0.30299,0.86865,,,,
520.830,1.49877,5.79397,7.92960,0.00122,0.46548,0.63897,,,,
520.934,1.70467,6.25365,9.23683,-0.37751,-0.07575,-0.16860,,,,
521.035,0.99599,6.03818,7.64229,-0.43005,-0.21502,-0.43738,,,,
521.137,1.40300,2.40857,9.10754,0.24068,0.96150,0.36285,,,,
521.240,1.65200,4.81713,7.08205,-0.32742,-0.65118,-0.55222,,,,
521.344,-0.84755,6.39731,5.48751,0.55589,-0.42516,-0.26145,,,,
521.446,-0.44053,6.31112,12.36366,-0.14539,0.28711,-0.02077,,,,
521.551,0.53630,6.17704,8.69574,0.82222,0.49114,0.24679,,,,
521.656,-0.30646,3.47159,8.39886,0.31765,0.97738,0.11240,,,,
521.760,-0.26336,3.90255,7.65666,-0.02199,-0.52901,0.38973,,,,
521.865,-0.41180,4.61123,5.31034,-0.13317,0.50824,0.44104,,,,
521.970,-0.34477,5.37738,8.12592,-0.72449,1.64078,-0.07208,,,,
522.073,-1.77650,4.68785,10.47703,-0.47525,0.99205,-0.40806,,,,
522.176,-2.07338,4.23774,11.24317,-0.90164,-0.78191,-0.89797,,,,
522.279,-0.87628,3.17950,6.92403,0.69516,0.42394,-0.05742,,,,
522.386,-2.26491,3.37582,7.20655,0.24923,0.15638,-0.46059,,,,
522.489,-2.52349,5.45399,7.68539,0.05864,-0.92485,0.00367,,,,
522.591,-2.28886,5.65510,10.10832,-0.04032,0.02566,0.24801,,,,
522.699,-3.38540,4.91290,7.20176,0.45937,0.89309,0.33109,,,,
522.803,-2.60489,3.31836,8.92558,0.18082,0.02810,0.10018,,,,
522.907,-1.26414,3.73017,7.65187,0.09652,-0.26389,0.29444,31.2529184,75.7024344,1.070,168.90
523.010,-1.01035,4.80277,7.97269,-0.04765,0.04398,0.59498,31.2529184,75.7024344,1.070,168.90
523.112,-1.18752,4.98473,8.21690,0.17471,-0.12950,0.16616,31.2529184,75.7024344,1.070,168.90
523.215,-0.80445,5.66947,8.19775,-0.30788,-0.28833,0.02199,31.2529184,75.7024344,1.070,168.90
523.319,-0.69432,3.53863,11.22881,-0.99205,-0.59132,-0.42394,31.2529184,75.7024344,1.070,168.90
523.426,-0.16281,3.53384,7.84819,0.02443,0.06231,-0.26267,31.2529184,75.7024344,1.070,168.90
523.529,-0.80445,3.84030,7.68060,0.18937,-0.17959,-0.13073,31.2529184,75.7024344,1.070,168.90
523.634,-0.00479,4.97036,7.46991,0.42761,-0.30299,0.02321,31.2529184,75.7024344,1.070,168.90
523.741,-0.05746,5.07571,9.23683,-0.28466,-0.29199,0.40806,31.2529184,75.7024344,1.070,168.90
523.845,-1.47483,4.71658,7.90565,-0.29077,0.34086,0.61820,31.2529184,75.7024344,1.070,168.90
523.949,-1.49877,2.87304,7.19697,-0.40439,0.25168,0.22235,31.2529188,75.7024278,1.030,280.50
524.055,0.11971,1.95846,10.10832,-0.88820,0.78924,0.33598,31.2529188,75.7024278,1.030,280.50
524.159,0.17717,3.44765,8.04931,-0.36652,-0.29688,0.73304,31.2529188,75.7024278,1.030,280.50
524.263,0.26336,2.82995,10.70208,-0.61087,0.18326,0.10629,31.2529188,75.7024278,1.030,280.50
524.367,-1.50835,1.57060,12.96700,-0.14172,0.26756,0.02077,31.2529188,75.7024278,1.030,280.50
524.472,1.82917,0.67038,13.44584,0.18815,0.82222,-0.77702,31.2529188,75.7024278,1.030,280.50
524.576,0.00958,0.82839,8.23605,0.43005,-0.45326,-0.12339,31.2529188,75.7024278,1.030,280.50
524.679,1.01035,2.52349,6.66067,0.81245,-0.26389,-0.15394,31.2529188,75.7024278,1.030,280.50
524.784,0.14365,3.68228,8.19296,0.09652,-0.58032,-0.09896,31.2529188,75.7024278,1.030,280.50
524.889,0.73741,3.92170,11.27669,-0.03910,-0.06964,0.18082,31.2529188,75.7024278,1.030,280.50
524.993,1.02951,3.76368,11.28148,-0.49236,-0.51557,0.37996,31.2529213,75.7024159,1.060,282.30
525.094,-0.50278,2.13084,8.27436,-0.20647,-0.12950,-0.55589,31.2529213,75.7024159,1.060,282.30
525.198,-0.25379,1.46046,7.37414,-0.29810,-0.00855,0.00611,31.2529213,75.7024159,1.060,282.30
525.302,0.90022,4.12282,10.35253,-0.26389,0.05620,0.51924,31.2529213,75.7024159,1.060,282.30
525.407,2.12605,3.92170,10.67814,0.23702,-0.07697,-0.19303,31.2529213,75.7024159,1.060,282.30
525.510,0.91937,1.88663,9.72046,-0.58277,-0.29322,-0.27245,31.2529213,75.7024159,1.060,282.30
525.613,2.72460,0.77572,8.05888,1.24250,-0.04643,0.62553,31.2529213,75.7024159,1.060,282.30
525.717,0.69911,1.31681,9.11233,-0.86743,0.89064,-0.86987,31.2529213,75.7024159,1.060,282.30
525.821,-0.20590,3.05500,8.02536,0.62797,-0.40073,-0.26878,31.2529213,75.7024159,1.060,282.30
525.925,0.30646,4.17549,9.05487,0.40317,-0.04765,0.02932,31.2529221,75.7024031,1.040,283.30
526.027,0.31125,4.55377,11.87524,0.79657,-0.33475,0.44104,31.2529221,75.7024031,1.040,283.30
526.130,1.02951,4.18028,12.18170,-0.48747,-0.22358,0.00611,31.2529221,75.7024031,1.040,283.30
526.235,-0.51236,2.72460,8.29830,0.38973,-0.18937,0.08674,31.2529221,75.7024031,1.040,283.30
526.339,-0.21069,2.94966,5.28640,0.27245,0.59987,0.08674,31.2529221,75.7024031,1.040,283.30
526.445,0.42138,4.42927,6.86657,0.06597,0.01100,0.25412,31.2529221,75.7024031,1.040,283.30
526.549,1.27850,4.41012,11.65976,-0.43127,-0.08186,-0.01833,31.2529221,75.7024031,1.040,283.30
526.654,1.99198,5.60722,7.39329,-0.10140,-0.49236,-0.18326,31.2529221,75.7024031,1.040,283.30
526.758,0.93374,1.92973,9.48583,0.36652,0.97005,0.00489,31.2529221,75.7024031,1.040,283.30
526.860,3.00712,4.17549,6.32548,0.25412,-0.35552,-0.37141,31.2529221,75.7024031,1.040,283.30
526.964,0.31603,4.02226,6.94797,-0.20403,-0.64385,-1.26205,31.2529204,75.7023921,1.090,284.40
527.067,-1.35512,4.07014,9.79707,-0.12217,0.21747,-0.02688,31.2529204,75.7023921,1.090,284.40
527.171,-2.02549,6.52181,8.04931,0.72449,0.19303,0.51068,31.2529204,75.7023921,1.090,284.40
527.274,-1.22104,3.54342,11.60230,0.21136,0.75381,-0.07330,31.2529204,75.7023921,1.090,284.40
527.376,0.66080,2.82037,6.11479,0.83200,0.24801,0.72326,31.2529204,75.7023921,1.090,284.40
527.479,0.12450,3.68707,6.76123,-0.14661,0.27000,0.59498,31.2529204,75.7023921,1.090,284.40
527.581,1.16837,4.62560,8.56645,0.50580,-0.51313,0.43371,31.2529204,75.7023921,1.090,284.40
527.685,0.43096,5.87537,7.57525,-0.40684,0.21014,-0.33109,31.2529204,75.7023921,1.090,284.40
527.790,1.15879,1.58496,14.25029,-0.16249,1.91567,0.22846,31.2529204,75.7023921,1.090,284.40
527.897,2.26491,3.07894,9.97424,-0.98960,1.13377,-0.72571,31.2529204,75.7023921,1.090,284.40
528.000,-0.72305,2.66714,5.96156,0.43982,-0.75014,-0.08674,31.2529214,75.7023805,1.220,280.50
528.104,0.52194,4.73094,8.59040,-0.01100,0.08674,0.32620,31.2529214,75.7023805,1.220,280.50
528.211,-3.14598,5.54497,9.85932,-0.29444,0.98227,0.77580,31.2529214,75.7023805,1.220,280.50
528.318,-2.60489,3.09331,11.40119,0.72815,0.00489,0.73304,31.2529214,75.7023805,1.220,280.50
528.424,-0.40701,2.39899,6.15789,1.29503,0.04154,0.42028,31.2529214,75.7023805,1.220,280.50
528.530,-0.09098,3.82593,5.12359,-0.02321,0.62919,0.35430,31.2529214,75.7023805,1.220,280.50
528.635,-0.12929,4.04620,9.16979,0.24923,-0.43005,-0.04276,31.2529214,75.7023805,1.220,280.50
528.739,-0.39744,4.07014,9.53371,-1.55282,-0.31032,-1.34268,31.2529214,75.7023805,1.220,280.50
528.843,-0.42617,3.12204,5.92804,0.46548,0.63408,0.66340,31.2529214,75.7023805,1.220,280.50
528.948,1.79086,2.66714,9.06445,-0.02688,0.12462,-0.73304,31.2529176,75.7023669,1.230,270.20
529.051,-1.16837,3.75411,5.46836,-0.27611,-0.92974,-0.69516,31.2529176,75.7023669,1.230,270.20
529.156,-0.52194,5.13796,11.93270,-0.42272,-0.40806,-0.11240,31.2529176,75.7023669,1.230,270.20
529.260,0.42138,5.61680,12.54083,-0.21258,-1.59558,-0.19059,31.2529176,75.7023669,1.230,270.20
529.363,-1.99676,2.61447,6.45477,1.19363,0.24801,0.07453,31.2529176,75.7023669,1.230,270.20
529.465,-0.53151,2.32238,7.95833,0.22358,-0.05742,-0.26023,31.2529176,75.7023669,1.230,270.20
529.567,-0.53630,2.89698,6.56490,-0.04032,0.32498,0.48991,31.2529176,75.7023669,1.230,270.20
529.669,0.98641,3.84030,8.77714,0.03665,-0.18815,-0.15516,31.2529176,75.7023669,1.230,270.20
529.771,-1.31202,4.52504,9.14106,-0.28222,0.11240,-0.04887,31.2529176,75.7023669,1.230,270.20
529.875,0.85712,3.43807,13.73793,-0.59620,0.18448,0.22480,31.2529176,75.7023669,1.230,270.20
529.978,1.98240,4.04620,9.74919,-0.22602,-0.99938,-0.14416,31.2529152,75.7023538,1.120,266.10
530.081,0.22984,3.84988,6.17704,0.38362,-0.17349,0.08063,31.2529152,75.7023538,1.120,266.10
530.183,-1.12527,4.93684,8.50420,0.21747,-0.15027,0.13195,31.2529152,75.7023538,1.120,266.10
530.288,-1.81480,5.77003,9.80186,0.43494,1.25960,0.59132,31.2529152,75.7023538,1.120,266.10
530.392,0.63207,3.39498,11.42992,0.38729,0.93829,1.00060,31.2529152,75.7023538,1.120,266.10
530.497,1.02951,3.21781,9.27993,-0.38118,0.02199,0.58399,31.2529152,75.7023538,1.120,266.10
530.602,0.08619,2.63362,6.74207,0.00611,-0.08919,0.82589,31.2529152,75.7023538,1.120,266.10
530.706,1.05824,4.43406,9.71567,0.07941,-0.24190,0.91141,31.2529152,75.7023538,1.120,266.10
530.811,2.77249,5.98072,9.39964,0.21258,-0.04032,-0.77091,31.2529152,75.7023538,1.120,266.10
530.915,0.29688,-0.04310,12.68927,0.00489,1.80327,-0.46548,31.2529105,75.7023396,1.110,260.10
531.018,2.25055,3.96480,4.41012,0.93462,-1.71531,1.27426,31.2529105,75.7023396,1.110,260.10
531.123,0.41180,2.69587,8.77236,-0.91752,1.35368,-0.67317,31.2529105,75.7023396,1.110,260.10
531.226,0.13886,4.30477,9.43316,0.31887,0.26389,0.09163,31.2529105,75.7023396,1.110,260.10
531.330,0.64643,4.88417,11.11388,0.54611,0.29077,0.22480,31.2529105,75.7023396,1.110,260.10
531.434,1.93451,3.82593,12.69406,-0.39340,0.29566,0.01955,31.2529105,75.7023396,1.110,260.10
531.539,-1.36948,2.14042,7.69496,-0.31398,-0.66340,0.20036,31.2529105,75.7023396,1.110,260.10
531.646,0.58897,4.51068,6.14352,-0.01833,-0.11606,0.47403,31.2529105,75.7023396,1.110,260.10
531.751,0.72305,4.75967,10.52970,-0.28711,-0.21136,-0.13683,31.2529105,75.7023396,1.110,260.10
531.857,0.98162,3.50032,10.12268,0.54000,-0.33109,-0.44838,31.2529105,75.7023396,1.110,260.10
531.962,2.02071,4.37660,8.66701,0.00122,-1.01281,-0.56933,31.2529069,75.7023279,0.980,253.80
532.064,-0.20111,2.46603,6.72771,0.23946,-0.48991,-0.38240,31.2529069,75.7023279,0.980,253.80
532.168,1.56581,2.84910,8.40365,-0.15027,0.24679,-0.35186,31.2529069,75.7023279,0.980,253.80
532.274,-0.27773,4.92727,6.26802,0.02810,-0.79290,0.27245,31.2529069,75.7023279,0.980,253.80
532.379,0.91937,6.28717,11.13304,0.24679,0.30055,0.74526,31.2529069,75.7023279,0.980,253.80
532.485,-0.89064,5.04219,9.52413,0.20403,0.47770,1.12644,31.2529069,75.7023279,0.980,253.80
532.589,-0.45969,1.87227,6.87615,0.01466,0.16005,1.50884,31.2529069,75.7023279,0.980,253.80
532.693,4.56335,4.01747,8.02058,-0.29077,1.83382,-0.25412,31.2529069,75.7023279,0.980,253.80
532.797,0.89543,3.38061,6.30633,0.58399,-1.42209,0.06964,31.2529069,75.7023279,0.980,253.80
532.902,5.79876,3.09331,8.75799,-1.86192,-0.75503,1.65911,31.2529069,75.7023279,0.980,253.80
533.005,2.67672,3.42850,12.61744,0.07453,2.69269,-0.47525,31.2528984,75.7023140,1.040,246.40
533.107,2.76770,3.34709,7.45076,-0.02688,-2.65482,-0.62919,31.2528984,75.7023140,1.040,246.40
533.212,1.81002,1.72383,8.75799,0.54856,1.23639,-0.19181,31.2528984,75.7023140,1.040,246.40
533.317,0.64165,3.34231,6.90009,-0.00611,-1.19852,-0.91385,31.2528984,75.7023140,1.040,246.40
533.419,0.59855,2.49955,10.46745,-0.08308,1.10444,-0.84299,31.2528984,75.7023140,1.040,246.40
533.522,0.97683,2.86347,8.29830,-0.31765,-0.17715,1.26571,31.2528984,75.7023140,1.040,246.40
533.624,0.69911,0.97205,12.33014,0.60476,-0.61942,0.12950,31.2528984,75.7023140,1.040,246.40
533.728,-1.33118,1.93451,5.92325,0.34331,0.38240,1.25105,31.2528984,75.7023140,1.040,246.40
533.834,0.93853,2.59053,6.94797,0.81489,2.24310,1.62612,31.2528984,75.7023140,1.040,246.40
533.938,2.01113,4.11324,9.43316,-0.56444,0.22724,0.64996,31.2528898,75.7023020,1.010,243.50
534.040,2.53785,6.55054,11.01812,0.02443,-0.11851,0.24557,31.2528898,75.7023020,1.010,243.50
534.141,2.04944,1.49398,14.57111,0.50946,-1.66278,-0.36530,31.2528898,75.7023020,1.010,243.50
534.245,-0.59376,2.30801,7.05811,0.77824,0.74892,-0.63774,31.2528898,75.7023020,1.010,243.50
534.350,-1.30245,3.14598,7.36456,0.78069,-0.33475,-0.46548,31.2528898,75.7023020,1.010,243.50
534.455,-1.76213,4.11324,7.16345,0.22235,-0.31154,0.32376,31.2528898,75.7023020,1.010,243.50
534.560,-0.64643,4.66869,9.06924,-0.85643,0.54489,1.05924,31.2528898,75.7023020,1.010,243.50
534.663,-0.70390,1.78607,15.36599,-1.70309,1.13010,1.12033,31.2528898,75.7023020,1.010,243.50
534.767,-2.56658,3.33273,8.17380,0.53023,0.86621,0.87476,31.2528898,75.7023020,1.010,243.50
534.871,-0.40223,2.61447,6.99107,0.39951,0.08674,1.50762,31.2528898,75.7023020,1.010,243.50
534.973,2.34153,3.45723,7.58004,-0.36652,0.18448,1.28770,31.2528827,75.7022920,0.960,237.70
535.075,3.55300,4.56335,11.73638,-0.21258,0.18326,0.35552,31.2528827,75.7022920,0.960,237.70
535.177,2.57137,1.05345,14.68124,-0.20647,-0.37141,0.08674,31.2528827,75.7022920,0.960,237.70
535.282,1.24977,2.51870,7.79073,1.22051,0.60842,-1.23517,31.2528827,75.7022920,0.960,237.70
535.386,-0.04310,2.68629,6.63673,0.27978,-0.59987,-0.82345,31.2528827,75.7022920,0.960,237.70
535.489,-0.60813,3.85945,7.86256,0.26878,0.41172,-0.14905,31.2528827,75.7022920,0.960,237.70
535.591,-0.85712,4.48195,8.81066,0.23335,0.61942,0.32132,31.2528827,75.7022920,0.960,237.70
535.696,-1.88663,5.57370,8.94474,-0.59254,1.07879,0.34208,31.2528827,75.7022920,0.960,237.70
535.800,-2.93050,3.28484,10.30464,-0.02321,-0.65973,0.59498,31.2528827,75.7022920,0.960,237.70
535.903,-2.31280,3.76847,6.54096,-0.18692,1.05191,1.07146,31.2528827,75.7022920,0.960,237.70
536.007,-0.65601,3.53384,8.15944,0.00489,0.26512,0.97128,31.2528702,75.7022864,0.900,225.80
536.110,-1.93930,5.13796,7.99663,0.23091,0.82955,0.41417,31.2528702,75.7022864,0.900,225.80
536.214,-0.92416,5.92804,8.97347,-0.07208,0.21258,0.81734,31.2528702,75.7022864,0.900,225.80
536.317,0.83318,6.62715,10.85052,-0.24435,0.84788,0.47281,31.2528702,75.7022864,0.900,225.80
536.421,-1.40300,2.52349,12.55519,-0.33353,-0.59620,-0.14294,31.2528702,75.7022864,0.900,225.80
536.525,-3.34231,4.12760,6.08606,1.39522,-0.35919,-0.25656,31.2528702,75.7022864,0.900,225.80
536.628,1.26414,5.00388,5.87537,-0.27855,-1.64078,1.03969,31.2528702,75.7022864,0.900,225.80
536.732,2.37984,5.60243,10.40041,0.30788,0.21502,0.00977,31.2528702,75.7022864,0.900,225.80
536.834,-2.01592,5.93762,9.56244,-0.57299,-0.30177,-0.21136,31.2528702,75.7022864,0.900,225.80
536.936,-3.81636,3.22260,9.61511,0.69883,0.44104,-0.05864,31.2528601,75.7022818,0.880,211.50
537.038,-2.72460,2.80122,5.04219,-0.15760,0.91508,1.35368,31.2528601,75.7022818,0.880,211.50
537.141,1.04866,2.10211,8.37013,-1.07634,1.07512,1.68965,31.2528601,75.7022818,0.880,211.50
537.246,2.66714,4.99909,8.67180,-0.80756,1.64811,1.01404,31.2528601,75.7022818,0.880,211.50
537.350,3.70144,6.22014,12.10030,-0.22480,0.42761,0.26878,31.2528601,75.7022818,0.880,211.50
537.453,4.98952,7.20176,9.49062,0.05742,-1.27304,0.05498,31.2528601,75.7022818,0.880,211.50
537.557,4.37660,0.51236,12.50252,-0.21625,-2.06228,-1.37323,31.2528601,75.7022818,0.880,211.50
537.659,1.47962,1.62327,7.46512,0.15027,0.05498,-1.89368,31.2528601,75.7022818,0.880,211.50
537.764,1.37906,2.43730,7.88650,0.04032,-0.91508,-1.48929,31.2528601,75.7022818,0.880,211.50
537.867,0.10534,3.50032,7.98706,0.45693,-0.41539,-0.76114,31.2528601,75.7022818,0.880,211.50
537.973,-0.10534,2.57616,10.30943,0.16127,0.02810,0.02566,31.2528455,75.7022779,0.910,196.30
538.074,-0.93374,2.26491,11.14261,-1.84726,0.78557,0.44838,31.2528455,75.7022779,0.910,196.30
538.176,-2.81558,3.20823,9.58160,0.30910,0.58399,-0.11484,31.2528455,75.7022779,0.910,196.30
538.280,-0.65601,3.71101,6.16746,-0.33109,0.61697,0.86743,31.2528455,75.7022779,0.910,196.30
538.383,1.36948,4.37181,8.12113,-0.05864,0.56077,1.14965,31.2528455,75.7022779,0.910,196.30
538.485,1.81480,4.39097,11.15698,-0.12584,0.09285,0.39095,31.2528455,75.7022779,0.910,196.30
538.587,1.91057,6.15789,12.06678,-0.14294,-0.28955,-0.23457,31.2528455,75.7022779,0.910,196.30
538.693,3.00712,1.19710,12.34450,0.79290,-1.23639,-1.02381,31.2528455,75.7022779,0.910,196.30
538.798,0.82361,1.95846,6.27281,0.70738,0.58399,-0.95784,31.2528455,75.7022779,0.910,196.30
538.902,0.56024,3.31836,5.95199,0.02688,-0.78435,-0.69639,31.2528455,75.7022779,0.910,196.30
539.004,0.23463,3.89297,8.22648,-0.03054,-0.76236,-0.27122,31.2528345,75.7022765,0.980,187.60
539.110,-1.14443,4.22816,11.22881,-1.01281,0.25412,0.41661,31.2528345,75.7022765,0.980,187.60
539.215,-0.58897,1.23541,15.50006,-1.16431,-0.75625,0.52168,31.2528345,75.7022765,0.980,187.60
539.319,-1.13485,3.09810,4.69742,0.97616,1.30970,0.23579,31.2528345,75.7022765,0.980,187.60
539.423,0.32082,2.71502,6.55054,-0.46304,0.43249,1.17042,31.2528345,75.7022765,0.980,187.60
539.527,1.28808,3.84030,7.88650,0.00122,0.97128,0.99205,31.2528345,75.7022765,0.980,187.60
539.631,1.78607,3.77326,13.21599,0.04520,-0.55222,0.34453,31.2528345,75.7022765,0.980,187.60
539.736,3.25133,4.30956,13.08671,-1.26327,0.36896,0.09163,31.2528345,75.7022765,0.980,187.60
539.838,2.79164,1.96325,8.29351,0.92363,0.05864,-1.35979,31.2528345,75.7022765,0.980,187.60
539.942,0.45969,1.98719,5.76524,1.01281,-0.15027,-1.02259,31.2528204,75.7022772,0.900,178.10
540.044,0.62249,3.09331,6.33985,0.05009,-0.53756,-0.34575,31.2528204,75.7022772,0.900,178.10
540.147,-0.76614,3.17471,13.57512,-0.16982,1.08612,0.23579,31.2528204,75.7022772,0.900,178.10
540.249,-0.36392,4.20422,10.86489,-0.93951,0.22235,0.42638,31.2528204,75.7022772,0.900,178.10
540.355,-1.35991,2.28407,8.32703,0.25534,-0.52779,-0.66951,31.2528204,75.7022772,0.900,178.10
540.458,-1.17316,3.41413,4.67348,-0.17104,0.24068,0.05620,31.2528204,75.7022772,0.900,178.10
540.563,0.28252,4.12282,8.28394,0.16616,0.75992,0.55222,31.2528204,75.7022772,0.900,178.10
540.666,0.40223,4.94642,10.95108,0.24801,-0.09041,0.32742,31.2528204,75.7022772,0.900,178.10
540.770,2.42293,6.89051,10.28549,-0.02443,-0.77824,-0.19670,31.2528204,75.7022772,0.900,178.10
540.875,2.90177,2.48518,12.50252,0.36408,-1.05802,-0.67684,31.2528204,75.7022772,0.900,178.10
540.978,1.21147,1.81002,7.76679,0.54123,0.20403,-0.72082,31.2528072,75.7022792,0.910,172.90
541.080,0.12450,2.85389,5.14275,0.55467,-0.69394,-0.87842,31.2528072,75.7022792,0.910,172.90
541.183,0.71347,3.79720,8.87291,-0.56566,-0.61453,-0.08430,31.2528072,75.7022792,0.910,172.90
541.288,0.22984,4.73573,11.14261,-0.28588,0.39340,0.23824,31.2528072,75.7022792,0.910,172.90
541.392,-1.80523,1.89142,13.34049,-0.40317,-0.67806,0.21502,31.2528072,75.7022792,0.910,172.90
541.497,-2.57616,3.59609,5.72693,0.55222,1.14110,0.39584,31.2528072,75.7022792,0.910,172.90
541.599,-0.21069,3.23696,6.38773,0.07208,0.31032,1.13254,31.2528072,75.7022792,0.910,172.90
541.702,1.78607,4.28562,8.16423,0.13683,0.62308,1.16064,31.2528072,75.7022792,0.910,172.90
541.806,3.42850,5.71735,11.88961,0.08796,-0.49236,-0.24190,31.2528072,75.7022792,0.910,172.90
541.909,2.13084,4.53462,14.13537,-0.44715,0.20769,-0.36041,31.2528072,75.7022792,0.910,172.90
542.011,2.18351,3.48117,8.34140,0.54245,-0.18692,-0.68783,31.2527960,75.7022818,0.910,167.80
542.115,0.85234,1.71425,6.18662,0.56566,-0.87354,-0.58765,31.2527960,75.7022818,0.910,167.80
542.219,0.31125,3.85945,5.11880,0.54978,-0.13073,-0.55711,31.2527960,75.7022818,0.910,167.80
542.325,0.90980,5.06134,10.65899,-0.31398,0.18937,-0.06475,31.2527960,75.7022818,0.910,167.80
542.428,-1.12527,6.15310,10.77870,-1.05558,1.27426,0.38240,31.2527960,75.7022818,0.910,167.80
542.532,-1.58017,3.66792,8.72447,0.28588,-0.77336,-0.08796,31.2527960,75.7022818,0.910,167.80
542.633,-1.42694,3.35667,4.65912,-0.14783,0.62064,0.79657,31.2527960,75.7022818,0.910,167.80
542.738,0.45011,4.00789,6.04775,-0.05620,0.96272,1.09101,31.2527960,75.7022818,0.910,167.80
542.842,2.14999,4.43885,9.65821,-0.84788,0.03054,0.69394,31.2527960,75.7022818,0.910,167.80
542.946,3.00712,7.33105,11.64061,-0.34697,0.32987,-0.41417,31.2527849,75.7022818,0.990,172.60
543.047,2.13084,2.46603,13.43147,1.04702,-1.63468,-1.02259,31.2527849,75.7022818,0.990,172.60
543.152,0.49321,3.39498,6.46913,1.19852,0.35797,-0.98960,31.2527849,75.7022818,0.990,172.60
543.257,0.29209,2.51870,6.00945,0.59254,-1.15087,-0.49602,31.2527849,75.7022818,0.990,172.60
543.362,0.37350,4.21380,5.52103,0.32865,-0.39340,-0.15638,31.2527849,75.7022818,0.990,172.60
543.465,0.06225,5.55455,10.33337,-0.62308,0.47403,0.08186,31.2527849,75.7022818,0.990,172.60
543.568,-4.24731,4.40054,13.77624,-1.04458,2.10993,0.38973,31.2527849,75.7022818,0.990,172.60
543.672,-2.07817,3.72059,7.71891,-0.28344,-0.30543,0.71349,31.2527849,75.7022818,0.990,172.60
543.776,-0.26815,3.02627,6.02860,-0.21136,0.63774,1.03969,31.2527849,75.7022818,0.990,172.60
543.879,0.32082,4.18028,7.66145,-0.21136,0.83444,1.04458,31.2527849,75.7022818,0.990,172.60
543.983,2.20745,5.48272,11.58794,-0.21502,-0.20403,0.21991,31.2527741,75.7022818,1.090,174.40
544.085,1.53229,5.97114,13.80497,-0.79901,0.39828,-0.27122,31.2527741,75.7022818,1.090,174.40
544.190,1.66636,2.95444,9.48104,1.00304,-1.07879,-1.15209,31.2527741,75.7022818,1.090,174.40
544.295,-0.61292,2.10211,5.99508,0.83078,-0.24801,-0.62064,31.2527741,75.7022818,1.090,174.40
544.401,-0.28252,3.24175,5.70299,0.52779,-0.50946,-0.42150,31.2527741,75.7022818,1.090,174.40
544.504,-0.11013,4.54898,9.22725,-0.31032,-0.26267,-0.08796,31.2527741,75.7022818,1.090,174.40
544.606,-1.33596,5.77481,12.02368,-1.53327,1.35490,0.32865,31.2527741,75.7022818,1.090,174.40
544.709,-2.43251,3.40455,10.41478,0.43371,-0.88575,-0.31521,31.2527741,75.7022818,1.090,174.40
544.812,-2.14999,3.64398,4.92727,0.27000,0.55833,0.70372,31.2527741,75.7022818,1.090,174.40
544.917,0.46926,3.75890,5.67905,0.01100,0.63286,1.37689,31.2527741,75.7022818,1.090,174.40
545.020,2.28407,5.20499,9.43794,-0.33720,0.19181,0.93707,31.2527631,75.7022815,1.130,176.50
545.122,3.23696,7.47470,10.70687,-0.96395,0.61209,-0.07819,31.2527631,75.7022815,1.130,176.50
545.224,1.98719,3.07416,12.75631,0.53390,-0.70250,-0.80390,31.2527631,75.7022815,1.130,176.50
545.329,0.55067,1.58975,6.97192,1.14965,-0.36652,-0.57421,31.2527631,75.7022815,1.130,176.50
545.434,0.44053,2.85389,5.63116,0.75136,-0.69150,-0.52901,31.2527631,75.7022815,1.130,176.50
545.538,-0.08140,3.82115,7.71412,-0.35797,-0.52901,-0.13561,31.2527631,75.7022815,1.130,176.50
545.644,-0.31603,5.23373,10.40041,0.22235,-0.17226,-0.44838,31.2527631,75.7022815,1.130,176.50
545.749,-1.79086,3.86424,10.74997,-0.72693,-0.01344,-0.14661,31.2527631,75.7022815,1.130,176.50
545.854,-2.07338,3.65355,4.90333,0.13073,0.65240,0.27245,31.2527631,75.7022815,1.130,176.50
545.957,-0.43574,4.00789,5.53061,-0.41783,0.87354,1.18752,31.2527527,75.7022812,1.060,176.60
546.060,2.21703,4.52025,9.84975,-0.93829,-0.31154,0.89919,31.2527527,75.7022812,1.060,176.60
546.163,2.82516,6.27760,12.91911,0.90652,-0.34697,-0.77946,31.2527527,75.7022812,1.060,176.60
546.267,1.02951,3.28484,14.49929,0.35430,-0.56077,-0.55955,31.2527527,75.7022812,1.060,176.60
546.372,0.04310,3.12204,6.72292,1.16309,0.12339,-0.81123,31.2527527,75.7022812,1.060,176.60
546.476,0.05746,2.88262,5.49230,0.43005,-1.26571,-0.27978,31.2527527,75.7022812,1.060,176.60
546.580,0.88585,4.64475,6.86657,0.52412,-0.28344,-0.11973,31.2527527,75.7022812,1.060,176.60
546.686,0.65601,6.98628,10.30464,-0.12828,0.21380,0.05742,31.2527527,75.7022812,1.060,176.60
546.790,-0.73741,7.42681,8.10198,-0.65363,1.16797,0.35919,31.2527527,75.7022812,1.060,176.60
546.894,-0.85234,4.42448,7.44118,0.03910,0.03787,0.34819,31.2527527,75.7022812,1.060,176.60
546.998,0.58897,4.26168,4.27604,0.17959,0.53390,0.65118,31.2527417,75.7022809,1.050,178.00
547.101,1.61848,5.59285,5.19542,-0.55711,1.24617,1.00915,31.2527417,75.7022809,1.050,178.00
547.207,2.88262,6.14352,11.42992,-0.77946,0.06964,0.21258,31.2527417,75.7022809,1.050,178.00
547.311,2.69587,8.89207,11.19529,-0.89064,0.35552,-0.18570,31.2527417,75.7022809,1.050,178.00
547.416,1.31681,3.63919,9.51935,0.08430,-0.50091,-0.74281,31.2527417,75.7022809,1.050,178.00
547.520,0.50278,1.76692,6.38773,0.60964,-0.80634,-0.76725,31.2527417,75.7022809,1.050,178.00
547.624,0.30167,3.44286,6.14352,0.57910,-0.37874,-0.74892,31.2527417,75.7022809,1.050,178.00
547.730,-0.67038,5.12359,11.03727,-0.32865,0.49969,-0.27367,31.2527417,75.7022809,1.050,178.00
547.834,-1.11570,5.85143,8.50899,-0.67928,0.46059,0.32254,31.2527417,75.7022809,1.050,178.00
547.937,-1.69031,3.02627,9.90721,-0.78802,-0.32132,0.01955,31.2527306,75.7022808,1.080,177.90
548.038,-1.80523,3.10767,4.89375,0.52901,0.30299,0.23213,31.2527306,75.7022808,1.080,177.90
548.141,-0.40223,4.32872,5.34865,-0.21991,1.18386,1.08001,31.2527306,75.7022808,1.080,177.90
548.246,2.20267,4.53462,10.32380,-0.96395,0.04887,0.70127,31.2527306,75.7022808,1.080,177.90
548.349,2.24097,6.59842,11.54484,0.40439,-0.06597,-0.74526,31.2527306,75.7022808,1.080,177.90
548.453,0.50278,2.72939,11.85130,0.93218,-1.11911,-0.95784,31.2527306,75.7022808,1.080,177.90
548.554,0.34477,2.32716,7.29753,0.45571,-0.54611,-0.51557,31.2527306,75.7022808,1.080,177.90
548.659,1.32160,1.58975,5.99987,0.44593,-1.28282,-0.92241,31.2527306,75.7022808,1.080,177.90
548.763,0.48363,3.95522,7.07247,-0.17349,-0.16493,-0.96883,31.2527306,75.7022808,1.080,177.90
548.867,-2.14042,5.15232,10.49618,0.03665,-0.21136,-0.47037,31.2527306,75.7022808,1.080,177.90
548.971,-2.25534,1.93930,14.54717,-1.30481,-0.91019,-0.36774,31.2527200,75.7022800,0.890,180.20
549.075,-3.13162,3.58173,4.07972,1.21684,0.93707,-0.45815,31.2527200,75.7022800,0.890,180.20
549.182,-0.50278,3.15077,5.99029,0.25779,-0.17226,0.61942,31.2527200,75.7022800,0.890,180.20
549.286,0.45969,4.59208,7.10599,-0.24312,0.45082,0.87232,31.2527200,75.7022800,0.890,180.20
549.389,0.63686,5.11880,11.80820,-0.45204,-0.29688,0.11240,31.2527200,75.7022800,0.890,180.20
549.492,0.39265,5.33907,14.26465,-0.54734,1.21073,0.04398,31.2527200,75.7022800,0.890,180.20
549.599,1.71904,4.28083,6.95755,1.02014,0.41783,-0.65973,31.2527200,75.7022800,0.890,180.20
549.702,-0.03352,2.73897,7.61356,0.24435,-0.77213,-0.22602,31.2527200,75.7022800,0.890,180.20
549.806,0.37350,4.49152,6.25365,0.29566,-0.57421,-0.10629,31.2527200,75.7022800,0.890,180.20
549.911,-0.49799,4.66869,10.11790,-0.04520,0.11118,0.09407,31.2527102,75.7022819,0.880,176.60
550.012,-1.20189,5.95677,10.35732,-0.71471,0.68783,0.64874,31.2527102,75.7022819,0.880,176.60
550.115,-0.63207,3.24175,9.38527,0.05742,-0.77458,0.28711,31.2527102,75.7022819,0.880,176.60
550.219,-1.18274,3.84509,4.51546,-0.29199,0.39218,0.64141,31.2527102,75.7022819,0.880,176.60
550.322,0.48842,4.44364,6.89051,-0.05986,0.63530,0.94318,31.2527102,75.7022819,0.880,176.60
550.424,2.08774,5.01825,10.79785,-0.53390,0.11973,0.59254,31.2527102,75.7022819,0.880,176.60
550.526,2.33195,6.52181,11.15219,0.09896,-0.06842,-0.32009,31.2527102,75.7022819,0.880,176.60
550.628,1.43652,3.33273,9.12670,1.13621,-0.80390,-0.87720,31.2527102,75.7022819,0.880,176.60
550.731,0.79966,4.29999,6.75644,-0.00855,0.24557,-0.34453,31.2527102,75.7022819,0.880,176.60
550.834,0.97205,3.72538,8.22648,0.03787,-0.56322,-0.25901,31.2527102,75.7022819,0.880,176.60
550.936,0.10534,4.08451,8.60955,0.25901,-0.20159,-0.18937,31.2527008,75.7022818,0.900,174.00
551.038,-0.06704,5.65032,8.55688,0.04643,0.21258,0.06842,31.2527008,75.7022818,0.900,174.00
551.138,-1.23062,3.05979,11.53526,-0.05498,-0.20769,-0.17959,31.2527008,75.7022818,0.900,174.00
551.240,-2.94008,5.31513,5.23373,0.45937,1.07879,0.15760,31.2527008,75.7022818,0.900,174.00
551.343,0.19154,4.19943,7.03416,-0.53512,-0.12339,1.22173,31.2527008,75.7022818,0.900,174.00
551.446,1.02472,5.17626,7.08205,-0.28588,0.63530,0.64263,31.2527008,75.7022818,0.900,174.00
551.549,1.18274,6.01902,10.35732,-0.12462,0.10507,-0.18326,31.2527008,75.7022818,0.900,174.00
551.651,1.63763,6.64152,11.35330,-0.94318,-0.10873,-0.13195,31.2527008,75.7022818,0.900,174.00
551.754,2.18351,2.79164,9.19373,0.55833,-1.30114,-1.14965,31.2527008,75.7022818,0.900,174.00
551.856,-0.78530,3.21781,9.45710,0.75136,0.73915,-0.54978,31.2527008,75.7022818,0.900,174.00
551.959,0.96247,3.63440,6.17225,0.11484,-1.44531,-0.31276,31.2526898,75.7022800,0.820,174.80
552.061,-0.85234,3.64876,8.96868,0.22724,-0.10751,-0.15149,31.2526898,75.7022800,0.820,174.80
552.162,-0.82839,5.23373,7.76679,0.14661,0.17715,0.29322,31.2526898,75.7022800,0.820,174.80
552.265,-0.97205,3.92170,12.17691,-1.61146,1.09223,0.93951,31.2526898,75.7022800,0.820,174.80
552.368,-1.14443,4.91769,8.38449,0.64996,1.07512,-0.15760,31.2526898,75.7022800,0.820,174.80
552.470,-1.41258,4.07014,6.19619,-0.23457,0.08919,0.98960,31.2526898,75.7022800,0.820,174.80
552.572,0.04788,4.70221,7.66145,-0.27611,0.59498,0.98105,31.2526898,75.7022800,0.820,174.80
552.674,0.67038,6.18662,9.98861,0.06353,-0.04887,0.22235,31.2526898,75.7022800,0.820,174.80
552.777,2.03986,7.34541,10.85052,-0.47892,-0.25290,0.26756,31.2526898,75.7022800,0.820,174.80
552.880,2.75333,3.37104,9.48104,0.93951,-1.18630,-0.65240,31.2526898,75.7022800,0.820,174.80
552.983,1.60412,2.57616,7.74285,0.72449,-0.55955,-0.80390,31.2526806,75.7022809,0.780,173.60
553.087,0.71826,4.51068,5.83228,0.24435,-0.44471,-0.70250,31.2526806,75.7022809,0.780,173.60
553.189,0.87149,5.29119,7.14430,-0.45815,-0.69639,-0.02443,31.2526806,75.7022809,0.780,173.60
553.292,0.21548,5.58328,12.55519,-0.77213,0.75625,0.16371,31.2526806,75.7022809,0.780,173.60
553.394,-1.54665,4.18028,13.11544,-0.44838,0.13195,0.28100,31.2526806,75.7022809,0.780,173.60
553.497,-1.26893,3.76368,4.72137,0.82589,0.25412,-0.05131,31.2526806,75.7022809,0.780,173.60
553.599,0.01915,3.88340,5.68862,-0.68906,0.69394,0.84177,31.2526806,75.7022809,0.780,173.60
553.701,0.95768,4.83150,8.03973,-0.13317,0.68295,0.62553,31.2526806,75.7022809,0.780,173.60
553.805,1.02472,6.37815,9.56244,-0.09407,-0.37263,0.05131,31.2526806,75.7022809,0.780,173.60
553.907,3.62961,7.71412,11.10910,-1.17042,-1.60413,0.06231,31.2526806,75.7022809,0.780,173.60
554.009,5.46357,2.71024,8.99262,0.40073,-2.38115,-1.71653,31.2526711,75.7022802,0.800,175.50
554.111,2.08774,2.62883,7.59920,0.72815,1.90712,-0.94195,31.2526711,75.7022802,0.800,175.50
554.215,2.26491,2.35111,5.36301,0.00367,-0.09652,-0.76114,31.2526711,75.7022802,0.800,175.50
554.319,-0.64165,2.61447,8.59518,-0.17471,1.34024,-0.91752,31.2526711,75.7022802,0.800,175.50
554.423,-1.79086,3.71580,9.03093,-2.31151,-1.72631,-1.18630,31.2526711,75.7022802,0.800,175.50
554.526,-2.52349,1.40300,16.58703,-0.71716,0.67806,-0.16860,31.2526711,75.7022802,0.800,175.50
554.628,-2.11647,1.77650,9.13148,1.63101,0.54367,1.07757,31.2526711,75.7022802,0.800,175.50
554.734,-1.70467,2.05901,5.49230,0.24190,0.90652,1.50151,31.2526711,75.7022802,0.800,175.50
554.838,1.24977,3.38540,7.83862,-0.05253,-0.22724,1.13621,31.2526711,75.7022802,0.800,175.50
554.942,0.87149,3.73495,10.10832,0.15638,0.37874,0.66462,31.2526621,75.7022807,0.870,175.50
555.044,4.06535,5.33907,10.00776,-0.56200,-2.17468,0.01955,31.2526621,75.7022807,0.870,175.50
555.148,3.79720,2.07338,10.82179,2.36405,0.55467,-0.53267,31.2526621,75.7022807,0.870,175.50
555.254,0.49799,3.15077,6.62236,0.33720,1.02992,-0.44349,31.2526621,75.7022807,0.870,175.50
555.359,1.06781,3.21302,5.97114,0.32009,0.32620,0.50946,31.2526621,75.7022807,0.870,175.50
555.463,-1.91536,5.09007,6.98149,-0.88331,0.24801,0.48258,31.2526621,75.7022807,0.870,175.50
555.569,-3.33752,5.60722,11.10431,0.11118,0.82589,0.09285,31.2526621,75.7022807,0.870,175.50
555.672,-3.75890,3.90255,14.31254,-1.14965,0.07330,0.09285,31.2526621,75.7022807,0.870,175.50
555.776,-2.76770,2.75333,6.04775,1.00793,0.29932,1.29748,31.2526621,75.7022807,0.870,175.50
555.878,3.56736,5.18584,7.81946,0.69639,0.33231,0.19670,31.2526621,75.7022807,0.870,175.50
555.986,2.37026,7.34062,8.31267,0.79412,-1.32924,-0.81367,31.2526517,75.7022800,0.960,174.80
556.089,0.34955,7.24485,9.28950,1.42087,-1.64934,-0.91630,31.2526517,75.7022800,0.960,174.80
556.193,-1.42694,6.56969,7.46033,1.49662,-1.99509,-0.84910,31.2526517,75.7022800,0.960,174.80
556.298,0.55067,5.18584,8.08761,0.58154,-0.61942,-0.77580,31.2526517,75.7022800,0.960,174.80
556.402,0.78051,6.13873,3.96480,-0.46426,-0.52901,-0.15149,31.2526517,75.7022800,0.960,174.80
556.507,-0.20590,8.14986,4.11324,-0.15272,1.56137,-0.84910,31.2526517,75.7022800,0.960,174.80
556.612,-0.95768,9.64863,5.37738,0.20036,-0.36041,-0.64507,31.2526517,75.7022800,0.960,174.80
556.716,-2.30801,9.05966,5.62159,0.89064,0.54000,-0.73182,31.2526517,75.7022800,0.960,174.80
556.820,-2.07338,9.58160,6.28239,-0.63041,1.77517,-0.61820,31.2526517,75.7022800,0.960,174.80
556.923,-4.87938,5.95677,4.10366,-0.45693,-0.48381,0.81734,31.2526427,75.7022802,1.020,181.20
557.025,-1.04866,5.91847,6.30154,-0.23702,0.51068,0.73304,31.2526427,75.7022802,1.020,181.20
557.129,-0.93853,6.71813,4.07014,-0.74037,-0.19670,1.38300,31.2526427,75.7022802,1.020,181.20
557.234,0.84755,8.28394,8.11156,-1.10322,-0.20647,0.48991,31.2526427,75.7022802,1.020,181.20
557.336,0.80445,7.07726,7.76200,0.07819,-0.25412,0.29444,31.2526427,75.7022802,1.020,181.20
557.440,2.26970,5.75566,9.43316,-0.28833,0.13073,0.01955,31.2526427,75.7022802,1.020,181.20
557.544,1.92973,5.41568,6.48829,0.16005,-0.27978,0.32865,31.2526427,75.7022802,1.020,181.20
557.648,0.92416,7.25922,4.08451,0.43616,-0.20769,0.01833,31.2526427,75.7022802,1.020,181.20
557.754,2.46124,8.30309,7.98227,-1.19974,-0.61820,0.39951,31.2526427,75.7022802,1.020,181.20
557.857,1.55144,7.15866,6.24408,0.35552,0.48258,-0.40439,31.2526427,75.7022802,1.020,181.20
557.961,0.44532,5.87537,11.80820,-0.73548,1.11055,-0.57299,31.2526318,75.7022820,1.100,180.70
558.064,-0.87149,3.75890,9.51935,-0.07941,0.17593,0.70983,31.2526318,75.7022820,1.100,180.70
558.167,0.85234,5.15711,3.94086,0.06597,-0.12950,0.68906,31.2526318,75.7022820,1.100,180.70
558.270,1.46046,5.88016,7.76200,-0.60964,-0.47281,0.17837,31.2526318,75.7022820,1.100,180.70
558.378,2.00634,6.03818,10.65420,-0.56322,-0.28344,0.04887,31.2526318,75.7022820,1.100,180.70
558.482,3.04064,4.23295,12.90954,-0.98716,1.01281,0.50213,31.2526318,75.7022820,1.100,180.70
558.585,2.10690,3.42371,9.60075,0.02688,-0.97128,0.13806,31.2526318,75.7022820,1.100,180.70
558.690,1.60412,3.13640,7.32626,0.48381,0.32865,-0.45815,31.2526318,75.7022820,1.100,180.70
558.792,1.96325,5.04219,6.48829,0.12339,-0.91874,0.35430,31.2526318,75.7022820,1.100,180.70
558.895,1.81959,6.11479,8.59518,0.05986,0.46914,0.06231,31.2526318,75.7022820,1.100,180.70
558.999,1.33596,5.32949,9.16979,-1.67988,0.30543,0.66706,31.2526216,75.7022818,1.090,179.20
559.102,0.64165,4.03184,8.71489,0.38973,0.62797,0.47647,31.2526216,75.7022818,1.090,179.20
559.208,3.14119,4.04620,8.29351,0.51557,-0.13439,0.72326,31.2526216,75.7022818,1.090,179.20
559.313,1.50835,4.66869,6.29196,-0.16982,-0.23702,0.35797,31.2526216,75.7022818,1.090,179.20
559.417,1.35991,4.80277,10.58716,-0.41417,0.70372,-0.25290,31.2526216,75.7022818,1.090,179.20
559.522,1.58975,4.46279,10.56801,0.52412,-0.21991,-0.05986,31.2526216,75.7022818,1.090,179.20
559.625,2.37505,2.00634,10.80264,0.85277,0.10751,-0.15516,31.2526216,75.7022818,1.090,179.20
559.729,2.42293,2.73897,5.65510,0.08186,-0.66096,0.02688,31.2526216,75.7022818,1.090,179.20
559.833,0.92416,4.65433,4.72615,-0.19792,-0.48258,-0.20525,31.2526216,75.7022818,1.090,179.20
559.936,2.15478,6.69898,9.09797,-0.31887,0.07941,-0.14539,31.2526118,75.7022816,1.050,177.30
560.038,0.72305,5.77003,10.79785,0.13683,0.57544,0.16982,31.2526118,75.7022816,1.050,177.30
560.142,1.07739,4.40533,10.15141,0.20647,0.72082,0.42761,31.2526118,75.7022816,1.050,177.30
560.246,2.29365,4.60166,9.32781,-0.27000,-0.42394,0.71105,31.2526118,75.7022816,1.050,177.30
560.350,0.01915,2.93529,4.73094,0.51557,1.28770,-0.18448,31.2526118,75.7022816,1.050,177.30
560.453,2.56658,5.64074,9.05487,-0.26634,-0.98349,0.81489,31.2526118,75.7022816,1.050,177.30
560.556,2.68629,5.22415,12.04283,-0.09529,-0.38485,-0.32620,31.2526118,75.7022816,1.050,177.30
560.658,2.21224,3.59609,11.94228,-0.61575,0.20769,-0.52290,31.2526118,75.7022816,1.050,177.30
560.761,1.12527,2.66714,5.96635,0.61331,-0.26756,-0.23457,31.2526118,75.7022816,1.050,177.30
560.866,2.10690,3.48117,6.11958,0.18692,0.35675,-0.69150,31.2526118,75.7022816,1.050,177.30
560.968,1.07739,5.03740,6.66067,-0.06597,-0.68050,-0.07453,31.2526018,75.7022823,1.070,174.70
561.071,0.52672,6.38294,10.85052,0.05009,0.47770,-0.17226,31.2526018,75.7022823,1.070,174.70
561.175,-0.10534,6.78517,7.72848,0.42272,0.46181,0.35675,31.2526018,75.7022823,1.070,174.70
561.280,-0.00958,4.12760,8.11156,0.61331,0.16371,0.29566,31.2526018,75.7022823,1.070,174.70
561.385,1.78607,3.64876,8.51857,0.26634,0.07453,0.41050,31.2526018,75.7022823,1.070,174.70
561.489,1.30723,4.56814,4.28562,0.27367,0.15027,0.12217,31.2526018,75.7022823,1.070,174.70
561.593,1.97761,6.05733,7.92002,-0.42761,-0.18082,-0.03299,31.2526018,75.7022823,1.070,174.70
561.697,2.20745,6.53138,10.25676,-0.07453,-0.15149,-0.47403,31.2526018,75.7022823,1.070,174.70
561.801,2.73418,3.59130,13.77624,-1.05802,-0.36041,-0.10385,31.2526018,75.7022823,1.070,174.70
561.903,1.16358,3.68228,4.93206,0.65851,-0.19303,0.19792,31.2525924,75.7022839,1.120,168.00
562.006,2.81558,4.73573,6.88572,-0.25656,0.25412,-0.16493,31.2525924,75.7022839,1.120,168.00
562.114,1.53708,5.57370,9.21768,-0.19059,-0.15516,0.14416,31.2525924,75.7022839,1.120,168.00
562.218,2.86825,5.58807,10.01255,0.23335,0.17715,0.28466,31.2525924,75.7022839,1.120,168.00
562.321,1.08697,5.64553,6.63673,-1.01526,0.21625,0.17837,31.2525924,75.7022839,1.120,168.00
562.424,-0.28252,4.23295,8.75799,0.07330,0.25779,0.16371,31.2525924,75.7022839,1.120,168.00
562.528,1.55144,3.11725,7.39329,0.20525,0.68539,0.21014,31.2525924,75.7022839,1.120,168.00
562.630,2.45645,4.78362,5.99029,0.06231,-0.27978,0.36896,31.2525924,75.7022839,1.120,168.00
562.735,2.12605,5.86579,8.31746,0.01955,-0.05253,-0.51801,31.2525924,75.7022839,1.120,168.00
562.839,-0.31125,6.75165,9.30866,-0.65851,-0.37629,-0.35308,31.2525924,75.7022839,1.120,168.00
562.944,0.89543,3.03106,11.07079,0.34941,1.14598,-0.59865,31.2525829,75.7022875,1.030,159.80
563.047,1.14443,2.87783,6.63673,0.69028,-1.46485,0.72571,31.2525829,75.7022875,1.030,159.80
563.152,0.70390,4.58250,5.55934,-0.08186,0.22969,0.01100,31.2525829,75.7022875,1.030,159.80
563.255,1.50356,6.14831,9.13627,-0.06964,-0.17471,0.44960,31.2525829,75.7022875,1.030,159.80
563.360,0.08140,5.81791,9.14106,0.44715,0.76480,0.07330,31.2525829,75.7022875,1.030,159.80
563.464,2.11647,5.05177,9.51456,-0.65607,0.88209,0.30055,31.2525829,75.7022875,1.030,159.80
563.567,0.98162,4.05099,10.30943,0.06109,0.01710,0.48136,31.2525829,75.7022875,1.030,159.80
563.671,1.41737,5.08050,4.05099,0.04154,0.40561,0.14050,31.2525829,75.7022875,1.030,159.80
563.774,0.69432,5.43484,9.17458,-0.32987,-0.08919,0.03543,31.2525829,75.7022875,1.030,159.80
563.877,2.91135,6.46913,9.60075,-0.37141,-0.84544,0.57177,31.2525829,75.7022875,1.030,159.80
563.981,2.87304,4.44364,11.09473,-0.83444,-0.41905,-0.08552,31.2525731,75.7022918,1.080,153.20
564.085,1.70946,2.46603,7.08684,0.78435,-0.46304,-0.22846,31.2525731,75.7022918,1.080,153.20
564.190,3.06937,3.55778,6.29196,-0.08186,-0.29322,-0.09407,31.2525731,75.7022918,1.080,153.20
564.294,2.26970,5.30076,5.62159,-0.18692,-0.79779,-0.03543,31.2525731,75.7022918,1.080,153.20
564.399,2.63841,7.08205,9.33739,-0.45571,0.16982,-0.16860,31.2525731,75.7022918,1.080,153.20
564.504,0.69432,6.59363,7.43639,0.51557,0.48503,0.13561,31.2525731,75.7022918,1.080,153.20
564.608,1.44610,4.02705,10.21366,0.97983,0.33353,0.41294,31.2525731,75.7022918,1.080,153.20
564.714,2.67672,3.53384,7.53695,0.89797,0.40073,0.31887,31.2525731,75.7022918,1.080,153.20
564.819,2.55701,4.01747,4.05578,0.64263,0.23457,0.53878,31.2525731,75.7022918,1.080,153.20
564.922,4.55377,6.77559,7.07247,0.07208,-0.23824,-0.11973,31.2525659,75.7022991,1.020,147.90
565.024,3.98395,6.68461,9.55287,-0.34697,-0.22969,-0.78435,31.2525659,75.7022991,1.020,147.90
565.127,3.29442,4.07014,11.14261,-0.05742,0.54734,-0.71227,31.2525659,75.7022991,1.020,147.90
565.232,2.86825,4.13718,4.79798,-0.04154,-0.68295,-0.04887,31.2525659,75.7022991,1.020,147.90
565.336,2.44687,5.08050,3.62961,-0.03421,-0.21869,-0.73915,31.2525659,75.7022991,1.020,147.90
565.441,3.46680,9.25598,7.68539,-0.48136,-0.18082,-0.81612,31.2525659,75.7022991,1.020,147.90
565.544,3.97437,10.93192,13.08671,0.58765,-0.52412,-1.15454,31.2525659,75.7022991,1.020,147.90
565.646,-0.12450,5.85622,13.06755,1.85337,0.60720,-1.86070,31.2525659,75.7022991,1.020,147.90
565.750,-3.63440,2.86825,4.08451,2.06228,0.30177,-1.04947,31.2525659,75.7022991,1.020,147.90
565.855,-4.05578,2.28886,-1.62327,0.70738,1.52838,0.58521,31.2525659,75.7022991,1.020,147.90
565.958,0.14365,5.30076,2.48997,-1.44042,-0.00244,1.99020,31.2525568,75.7023046,1.040,143.20
566.063,0.70390,9.74440,6.93361,-1.50762,1.09223,0.26634,31.2525568,75.7023046,1.040,143.20
566.167,3.99353,8.69574,10.81221,-1.61268,-0.25779,0.52901,31.2525568,75.7023046,1.040,143.20
566.271,1.57060,5.67426,6.82347,-0.03787,-0.11240,0.12462,31.2525568,75.7023046,1.040,143.20
566.374,2.78685,4.63517,6.51702,-0.14050,0.10140,-0.14539,31.2525568,75.7023046,1.040,143.20
566.477,1.74298,5.49709,4.98473,-0.71105,-1.07634,-0.15516,31.2525568,75.7023046,1.040,143.20
566.583,0.82839,7.66623,8.79630,-1.13499,0.19303,-0.60964,31.2525568,75.7023046,1.040,143.20
566.687,-0.07661,8.34140,9.88326,-0.17471,-0.15638,0.52290,31.2525568,75.7023046,1.040,143.20
566.791,-0.93853,4.30477,9.82580,0.84422,0.88575,0.54611,31.2525568,75.7023046,1.040,143.20
566.894,2.27928,4.03184,9.08360,0.85888,0.00122,0.86499,31.2525568,75.7023046,1.040,143.20
566.998,1.50356,3.79242,4.39575,0.88453,0.54978,0.12462,31.2525490,75.7023128,1.080,134.60
567.102,1.18274,5.31992,4.87459,0.31154,0.02077,-0.09652,31.2525490,75.7023128,1.080,134.60
567.207,1.37906,7.00543,9.16500,-0.61575,0.03910,-0.16616,31.2525490,75.7023128,1.080,134.60
567.312,2.57616,5.28640,14.36521,-1.57725,1.49295,-0.53756,31.2525490,75.7023128,1.080,134.60
567.415,-0.18675,3.73974,5.62637,0.89064,-0.49114,0.48014,31.2525490,75.7023128,1.080,134.60
567.520,1.65679,4.25210,6.12437,0.14172,0.22113,-0.22358,31.2525490,75.7023128,1.080,134.60
567.624,0.54588,5.53539,8.08282,-0.36530,-0.03176,-0.22846,31.2525490,75.7023128,1.080,134.60
567.729,-0.28730,6.09564,9.05008,-0.71105,0.33842,0.41294,31.2525490,75.7023128,1.080,134.60
567.833,-1.57538,4.68785,12.15297,-0.71960,2.12459,-0.11362,31.2525490,75.7023128,1.080,134.60
567.938,-3.05979,4.39097,6.75165,0.06109,0.44349,1.26205,31.2525419,75.7023215,1.020,128.80
568.040,-0.07661,3.01669,7.89129,-0.03543,0.30543,0.86499,31.2525419,75.7023215,1.020,128.80
568.143,0.75657,3.05979,7.55610,-0.00367,0.18570,0.43005,31.2525419,75.7023215,1.020,128.80
568.247,0.55545,5.86101,10.79306,-0.94928,-0.59865,0.35552,31.2525419,75.7023215,1.020,128.80
568.351,1.88663,4.15155,12.61744,-0.28955,-0.02077,-0.86987,31.2525419,75.7023215,1.020,128.80
568.456,0.71347,1.75734,7.76679,0.33720,-0.88209,-0.67806,31.2525419,75.7023215,1.020,128.80
568.559,0.96726,0.38786,8.36055,-1.00793,0.43738,-1.00426,31.2525419,75.7023215,1.020,128.80
568.661,-0.19154,2.33195,6.54575,-0.12217,0.00000,-1.15209,31.2525419,75.7023215,1.020,128.80
568.767,-1.15879,4.05099,7.91044,1.29015,-0.22602,0.08308,31.2525419,75.7023215,1.020,128.80
568.872,-2.78206,1.52750,9.60075,-1.99509,1.06413,0.64141,31.2525419,75.7023215,1.020,128.80
568.976,1.15879,1.80523,15.33247,0.68417,0.11973,0.15027,31.2525351,75.7023302,1.000,127.70
569.079,0.11492,2.19788,9.98382,0.49236,-1.04580,-0.89309,31.2525351,75.7023302,1.000,127.70
569.183,-1.77650,1.39821,4.36224,0.75259,-0.03910,-1.48929,31.2525351,75.7023302,1.000,127.70
569.285,0.03352,3.04542,7.64229,-0.42638,-1.06657,-0.49602,31.2525351,75.7023302,1.000,127.70
569.388,0.67516,3.55778,9.23683,1.50884,-2.52410,-1.42820,31.2525351,75.7023302,1.000,127.70
569.492,3.37104,4.26647,8.96389,-1.64567,-1.87413,-0.76358,31.2525351,75.7023302,1.000,127.70
569.595,2.63362,2.45645,7.85298,0.52412,-0.06842,-0.49114,31.2525351,75.7023302,1.000,127.70
569.699,3.72538,2.71024,9.41400,-1.09345,0.62308,0.35186,31.2525351,75.7023302,1.000,127.70
569.801,3.90734,4.68306,6.14352,-0.26512,-0.43249,-0.11729,31.2525351,75.7023302,1.000,127.70
569.909,3.70622,4.65433,12.72758,0.13195,-0.02321,-0.86743,31.2525351,75.7023302,1.000,127.70
570.013,-1.65200,2.55701,10.89841,-0.36896,0.59010,-0.24435,31.2525293,75.7023388,1.070,127.60
570.114,-1.03908,2.02071,8.49463,-0.36163,0.24679,-0.03665,31.2525293,75.7023388,1.070,127.60
570.218,1.79086,2.34153,5.77960,1.50395,0.22235,0.70983,31.2525293,75.7023388,1.070,127.60
570.325,1.54665,3.32315,7.07247,0.94806,0.52657,0.29810,31.2525293,75.7023388,1.070,127.60
570.430,1.91536,5.14275,7.95354,-0.23579,-0.21380,0.16860,31.2525293,75.7023388,1.070,127.60
570.535,0.93853,6.11958,8.71968,-0.45937,-0.48014,-0.27489,31.2525293,75.7023388,1.070,127.60
570.643,2.08774,3.96959,8.91122,0.43494,0.49724,0.09529,31.2525293,75.7023388,1.070,127.60
570.748,2.36068,4.14676,7.46033,0.06231,0.00611,0.18082,31.2525293,75.7023388,1.070,127.60
570.851,1.23062,5.41090,5.56412,-0.04398,-0.28955,0.07819,31.2525293,75.7023388,1.070,127.60
570.957,3.25133,5.95677,10.96066,-0.62186,-0.36530,0.31276,31.2525221,75.7023472,0.980,123.60
571.059,0.72305,5.85143,8.11634,-0.16127,0.44349,0.34941,31.2525221,75.7023472,0.980,123.60
571.163,1.75256,2.62405,10.39084,0.20281,0.00244,0.28222,31.2525221,75.7023472,0.980,123.60
571.268,1.26414,2.92093,7.87692,0.12217,0.68295,0.17715,31.2525221,75.7023472,0.980,123.60
571.372,1.47483,4.35266,5.65989,0.00244,-0.40928,0.22235,31.2525221,75.7023472,0.980,123.60
571.475,1.80523,3.84509,9.43794,-0.75136,-0.73059,0.06842,31.2525221,75.7023472,0.980,123.60
571.581,4.01268,3.70622,12.33972,-0.23824,-0.10018,0.14172,31.2525221,75.7023472,0.980,123.60
571.683,4.93206,1.89142,13.92947,-0.81734,-0.82711,-0.31643,31.2525221,75.7023472,0.980,123.60
571.787,3.59130,3.68707,3.77805,0.87842,-0.02566,0.09774,31.2525221,75.7023472,0.980,123.60
571.891,2.15478,3.56736,5.32949,-0.08674,-0.10385,-0.66218,31.2525221,75.7023472,0.980,123.60
571.996,2.29365,4.30477,8.51857,-0.74892,-0.32987,-0.27000,31.2525166,75.7023564,1.010,121.30
572.099,3.44286,4.67348,10.57758,0.20281,0.17349,0.42761,31.2525166,75.7023564,1.010,121.30
572.202,3.70622,4.33351,9.38048,-0.44960,0.12339,0.11606,31.2525166,75.7023564,1.010,121.30
572.305,1.99198,2.79164,9.62469,0.49724,0.19426,0.42394,31.2525166,75.7023564,1.010,121.30
572.412,0.86191,2.11647,6.69898,0.27000,1.13254,0.34575,31.2525166,75.7023564,1.010,121.30
572.514,1.78607,3.39019,6.13873,0.30177,-0.08674,0.51068,31.2525166,75.7023564,1.010,121.30
572.618,3.81157,3.66792,8.37013,0.01955,-0.35308,0.14294,31.2525166,75.7023564,1.010,121.30
572.720,4.03184,4.62081,11.05642,-0.58032,-0.26389,-0.02688,31.2525166,75.7023564,1.010,121.30
572.823,5.63116,1.96325,15.76821,-0.64996,-1.10567,-0.46304,31.2525166,75.7023564,1.010,121.30
572.926,3.82115,2.67672,3.84988,0.85521,0.32376,-0.16738,31.2525101,75.7023652,1.030,122.00
573.029,2.98318,2.13563,5.72214,-0.29077,-0.07575,-0.33475,31.2525101,75.7023652,1.030,122.00
573.133,2.60489,3.91691,7.80031,-0.87476,-0.44715,-0.13806,31.2525101,75.7023652,1.030,122.00
573.237,4.92248,5.48272,11.06600,0.13195,-0.19792,0.19914,31.2525101,75.7023652,1.030,122.00
573.342,3.50990,5.06134,9.53850,-0.53145,0.52046,-0.07819,31.2525101,75.7023652,1.030,122.00
573.447,1.95846,1.01993,9.87369,1.12155,0.64385,0.62064,31.2525101,75.7023652,1.030,122.00
573.551,2.29365,1.51314,7.00543,0.43005,0.27000,0.28833,31.2525101,75.7023652,1.030,122.00
573.655,3.01191,3.45244,6.20577,0.50580,0.23824,0.37751,31.2525101,75.7023652,1.030,122.00
573.758,2.35111,3.84030,6.77559,0.09285,0.04520,0.20159,31.2525101,75.7023652,1.030,122.00
573.862,3.67271,4.51068,9.55765,-0.04520,-0.08552,0.56566,31.2525101,75.7023652,1.030,122.00
573.965,6.97670,1.09654,16.61576,-1.19241,-0.67440,-0.27367,31.2525036,75.7023760,1.040,121.30
574.067,4.95600,2.77249,4.53462,0.95051,0.03421,-0.21747,31.2525036,75.7023760,1.040,121.30
574.168,3.73495,2.36547,5.49709,0.02199,0.25534,-0.42272,31.2525036,75.7023760,1.040,121.30
574.274,3.01669,4.24253,5.68862,-0.70494,-0.59987,-0.29444,31.2525036,75.7023760,1.040,121.30
574.378,4.52504,5.52103,10.42914,-0.24801,-0.08186,-0.17471,31.2525036,75.7023760,1.040,121.30
574.481,3.32315,2.10690,16.19438,-0.99327,-0.40561,-0.44960,31.2525036,75.7023760,1.040,121.30
574.585,2.18830,2.01113,9.06445,1.10811,0.30177,0.64630,31.2525036,75.7023760,1.040,121.30
574.688,2.12605,1.90578,5.26724,0.80146,0.28100,0.43127,31.2525036,75.7023760,1.040,121.30
574.792,2.65756,3.00712,5.52582,0.35430,0.10385,0.40195,31.2525036,75.7023760,1.040,121.30
574.895,4.90811,3.41892,9.80665,-0.18937,-0.36652,0.15516,31.2525036,75.7023760,1.040,121.30
575.000,5.96635,5.05177,8.94474,-0.64996,0.11851,-0.06353,31.2524967,75.7023845,0.900,119.40
575.102,6.18662,0.94332,10.47224,1.09345,0.93218,0.16371,31.2524967,75.7023845,0.900,119.40
575.206,5.15711,2.85868,4.39097,0.04643,-0.64874,-0.34941,31.2524967,75.7023845,0.900,119.40
575.312,3.31358,4.22337,4.97036,-0.17715,-0.31521,-0.81001,31.2524967,75.7023845,0.900,119.40
575.416,3.88340,5.54976,8.63828,-0.54245,-0.09041,-0.84910,31.2524967,75.7023845,0.900,119.40
575.521,1.87227,5.40132,9.57681,0.24068,0.61942,-0.23335,31.2524967,75.7023845,0.900,119.40
575.624,2.75333,2.66235,11.33894,0.63408,0.49480,-0.37751,31.2524967,75.7023845,0.900,119.40
575.730,1.69031,2.47082,8.15465,1.15209,-0.25656,0.18692,31.2524967,75.7023845,0.900,119.40
575.835,1.99198,3.59609,4.17549,0.54611,0.83689,0.66340,31.2524967,75.7023845,0.900,119.40
575.938,2.15478,5.20021,7.24007,-0.02077,0.92241,0.52412,31.2524910,75.7023932,0.880,115.10
576.040,1.79565,4.83629,7.88171,-0.27122,-0.37385,0.97372,31.2524910,75.7023932,0.880,115.10
576.143,6.75165,4.30477,10.01255,-1.78006,-0.34575,0.30543,31.2524910,75.7023932,0.880,115.10
576.249,4.53462,3.64398,6.32548,0.41539,0.10385,-0.40806,31.2524910,75.7023932,0.880,115.10
576.353,3.08373,3.06458,6.99107,-0.29444,-0.05986,-0.36652,31.2524910,75.7023932,0.880,115.10
576.458,2.10690,5.28161,7.67102,-0.37507,-0.48503,-0.10629,31.2524910,75.7023932,0.880,115.10
576.559,4.00789,5.47793,9.68215,0.09041,-0.15149,0.08796,31.2524910,75.7023932,0.880,115.10
576.662,2.36547,4.89854,8.31746,0.05742,0.53512,0.26878,31.2524910,75.7023932,0.880,115.10
576.765,2.94966,2.37026,9.67736,0.08430,0.80268,0.39095,31.2524910,75.7023932,0.880,115.10
576.869,2.70545,2.48039,8.99262,0.22235,-0.02077,0.24435,31.2524910,75.7023932,0.880,115.10
576.971,2.19309,3.53863,5.89452,0.21869,0.40684,0.67195,31.2524864,75.7024019,0.870,105.00
577.073,3.19387,5.02782,7.77637,0.63652,-0.10507,-0.26023,31.2524864,75.7024019,0.870,105.00
577.177,3.68707,4.47237,10.74518,-0.09774,-0.24190,-0.43860,31.2524864,75.7024019,0.870,105.00
577.279,5.53539,2.56658,13.25909,-0.91752,0.00611,-0.25412,31.2524864,75.7024019,0.870,105.00
577.382,4.21380,3.28006,4.54419,0.66706,-0.46304,-0.05986,31.2524864,75.7024019,0.870,105.00
577.483,2.96881,3.28484,4.01268,-0.12584,-0.32254,-0.27122,31.2524864,75.7024019,0.870,105.00
577.589,2.50912,4.74531,7.67102,-0.78802,-0.92852,-0.52168,31.2524864,75.7024019,0.870,105.00
577.693,3.53863,5.46836,11.29584,-0.17226,0.15394,0.20403,31.2524864,75.7024019,0.870,105.00
577.798,3.61046,6.12916,8.19296,0.25901,0.37141,0.51679,31.2524864,75.7024019,0.870,105.00
577.902,2.15478,3.22260,8.41323,0.34819,0.63530,0.56810,31.2524864,75.7024019,0.870,105.00
578.007,3.44765,3.24175,7.05811,0.66829,-0.32987,0.13683,31.2524824,75.7024103,0.810,98.50
578.109,2.43730,3.96001,5.12838,0.12095,0.37629,-0.08552,31.2524824,75.7024103,0.810,98.50
578.212,3.49553,5.27682,8.48505,0.26267,-0.34697,0.34208,31.2524824,75.7024103,0.810,98.50
578.319,4.29041,6.00945,10.95108,-0.28955,0.16493,-0.06475,31.2524824,75.7024103,0.810,98.50
578.424,4.58250,3.16513,9.34218,0.92852,0.49358,-0.38362,31.2524824,75.7024103,0.810,98.50
578.528,2.78685,3.16513,6.68940,-0.59865,-0.40317,-0.26512,31.2524824,75.7024103,0.810,98.50
578.634,2.09253,4.60644,5.14753,0.06597,-0.21258,0.27978,31.2524824,75.7024103,0.810,98.50
578.739,3.01191,5.29597,8.67180,0.07086,-0.60231,0.15516,31.2524824,75.7024103,0.810,98.50
578.843,2.28407,5.48751,8.19775,0.00489,0.28344,-0.28100,31.2524824,75.7024103,0.810,98.50
578.946,4.52504,2.65756,8.45632,-0.54000,0.91996,0.55711,31.2524794,75.7024193,0.910,93.60
579.049,4.70221,3.35667,5.23373,0.16738,-1.00182,0.97128,31.2524794,75.7024193,0.910,93.60
579.152,3.76368,3.22260,6.49786,-1.11177,0.21625,0.40561,31.2524794,75.7024193,0.910,93.60
579.256,3.58173,5.13796,8.82982,-0.13317,-0.32742,-0.10263,31.2524794,75.7024193,0.910,93.60
579.360,6.03818,3.92649,12.15776,0.08552,-0.18937,-0.12339,31.2524794,75.7024193,0.910,93.60
579.463,9.50977,1.92973,15.64371,-0.49969,-0.12950,-0.48258,31.2524794,75.7024193,0.910,93.60
579.569,4.11324,1.32639,3.25611,0.92729,-0.13439,-0.73548,31.2524794,75.7024193,0.910,93.60
579.672,3.82593,2.24576,4.46279,-0.09529,-0.01710,-0.52412,31.2524794,75.7024193,0.910,93.60
579.777,3.01191,4.75488,5.43484,-0.54489,-0.56810,-0.13561,31.2524794,75.7024193,0.910,93.60
579.885,4.53941,5.83228,9.95988,0.04032,0.00733,-0.07819,31.2524794,75.7024193,0.910,93.60
579.989,5.04698,5.00867,12.37323,-1.10200,0.20892,-0.11973,31.2524760,75.7024266,0.920,96.60
580.091,3.59130,2.78206,8.94953,0.89919,0.49602,0.26634,31.2524760,75.7024266,0.920,96.60
580.193,2.45166,2.00155,5.46357,0.73182,0.76480,0.08430,31.2524760,75.7024266,0.920,96.60
580.294,3.28006,4.15633,4.33829,0.58032,-0.04398,0.24068,31.2524760,75.7024266,0.920,96.60
580.397,4.11803,4.92727,7.05811,-0.19792,-0.29322,0.10263,31.2524760,75.7024266,0.920,96.60
580.504,5.27682,5.91368,8.65265,-0.37629,-0.20403,-0.17226,31.2524760,75.7024266,0.920,96.60
580.607,5.18105,3.08852,10.90798,0.04643,0.50091,-0.61697,31.2524760,75.7024266,0.920,96.60
580.709,5.47793,3.96959,6.18662,0.02321,-0.53634,-0.53267,31.2524760,75.7024266,0.920,96.60
580.813,4.37181,5.14275,5.08528,0.18692,-0.32865,-0.83811,31.2524760,75.7024266,0.920,96.60
580.917,2.22661,5.98550,6.14352,-0.00977,-0.57910,-0.87109,31.2524703,75.7024359,0.940,117.30
581.019,2.76291,6.66546,9.49540,-0.00855,-0.47770,-0.25656,31.2524703,75.7024359,0.940,117.30
581.122,2.62405,5.91847,10.57279,-0.96517,0.07208,-0.14905,31.2524703,75.7024359,0.940,117.30
581.226,2.39899,3.51948,8.52815,0.26756,0.08063,0.46304,31.2524703,75.7024359,0.940,117.30
581.331,2.27928,3.39977,5.25767,0.19792,1.04458,1.09711,31.2524703,75.7024359,0.940,117.30
581.435,3.40455,5.27203,5.41090,0.23457,-0.03910,0.67684,31.2524703,75.7024359,0.940,117.30
581.539,5.02782,6.09564,8.43238,-0.17959,-0.51924,0.31032,31.2524703,75.7024359,0.940,117.30
581.642,4.90811,6.00945,8.41323,-0.58643,0.55467,0.09652,31.2524703,75.7024359,0.940,117.30
581.747,3.80199,2.04944,6.75644,-0.09896,1.55282,0.54367,31.2524703,75.7024359,0.940,117.30
581.851,2.83952,2.71024,6.18662,-1.32680,-0.14783,-0.04520,31.2524703,75.7024359,0.940,117.30
581.957,1.25935,2.79643,8.58082,-1.13010,0.13317,-0.14905,31.2524622,75.7024436,1.090,128.50
582.060,0.89064,1.63285,11.54484,-0.45815,1.08856,1.02870,31.2524622,75.7024436,1.090,128.50
582.164,-0.44532,0.51236,8.66222,-0.54611,2.12459,2.32862,31.2524622,75.7024436,1.090,128.50
582.270,-2.54264,-1.71904,11.67413,-0.03787,-1.22540,2.80754,31.2524622,75.7024436,1.090,128.50
582.375,-0.81403,0.96726,9.17937,1.12277,-0.50702,-0.18692,31.2524622,75.7024436,1.090,128.50
582.479,0.35434,1.31202,7.45554,0.08063,1.08734,2.01586,31.2524622,75.7024436,1.090,128.50
582.582,1.56581,1.13006,7.83383,-0.19914,0.14661,1.58947,31.2524622,75.7024436,1.090,128.50
582.686,2.59531,1.56581,10.57758,-0.21747,-0.05620,0.07208,31.2524622,75.7024436,1.090,128.50
582.789,2.20745,-0.44053,15.96933,-0.77946,0.88209,0.63163,31.2524622,75.7024436,1.090,128.50
582.892,1.66158,-0.86670,7.35020,0.64263,-1.73119,-1.35856,31.2524622,75.7024436,1.090,128.50
582.996,1.71425,-0.42138,7.74285,0.38607,0.46548,-0.55467,31.2524536,75.7024524,0.810,126.60
583.099,1.55144,0.33040,7.77158,-0.53512,-0.56200,-0.93707,31.2524536,75.7024524,0.810,126.60
583.202,0.61770,0.43574,10.23282,-0.07086,0.39462,-0.18692,31.2524536,75.7024524,0.810,126.60
583.307,-0.81403,0.50278,11.34852,-0.03421,0.23579,0.02199,31.2524536,75.7024524,0.810,126.60
583.410,-1.76692,1.09654,10.94150,0.07941,0.67073,0.31032,31.2524536,75.7024524,0.810,126.60
583.515,-1.26414,2.04944,7.45076,0.47525,-0.08796,0.50335,31.2524536,75.7024524,0.810,126.60
583.618,0.18675,1.13964,8.38928,-0.10629,-0.05498,1.20707,31.2524536,75.7024524,0.810,126.60
583.724,0.89543,2.07338,7.92960,0.73182,0.05742,0.62797,31.2524536,75.7024524,0.810,126.60
583.830,2.96881,2.54264,11.47780,-0.49847,-1.01770,-0.38729,31.2524536,75.7024524,0.810,126.60
583.932,3.86903,0.54588,14.59984,-0.30665,-0.01955,-0.27978,31.2524480,75.7024605,0.800,121.50
584.034,1.92494,-0.46448,8.40844,0.27122,-1.52350,-1.37689,31.2524480,75.7024605,0.800,121.50
584.138,2.31280,0.08619,7.96790,0.16371,-0.31887,-0.80390,31.2524480,75.7024605,0.800,121.50
584.242,2.31280,1.24498,7.50822,-0.04520,-0.66462,-0.79535,31.2524480,75.7024605,0.800,121.50
584.345,2.10211,2.54743,8.22648,0.06964,0.08674,-0.26512,31.2524480,75.7024605,0.800,121.50
584.449,0.48363,2.85868,12.27747,0.46792,0.77336,0.29688,31.2524480,75.7024605,0.800,121.50
584.550,0.98162,2.95444,10.86010,-0.30177,0.79657,1.07024,31.2524480,75.7024605,0.800,121.50
584.653,1.27372,1.79086,8.36534,-0.05009,0.47647,1.05069,31.2524480,75.7024605,0.800,121.50
584.755,1.44131,1.32639,8.40844,-0.17104,0.50702,1.41110,31.2524480,75.7024605,0.800,121.50
584.859,1.79565,2.24576,7.44597,0.17837,0.12339,0.69516,31.2524480,75.7024605,0.800,121.50
584.962,2.15478,2.91614,7.92481,-0.05376,0.21869,0.46304,31.2524414,75.7024673,0.830,126.10
585.066,3.93128,2.86825,10.11311,-0.28466,0.22602,0.36652,31.2524414,75.7024673,0.830,126.10
585.167,8.20732,-0.19632,12.56956,-1.70309,-0.97616,-0.80146,31.2524414,75.7024673,0.830,126.10
585.269,1.88663,-0.96247,11.01333,0.96150,0.14294,-2.61695,31.2524414,75.7024673,0.830,126.10
585.372,1.30245,-0.74220,9.16500,-0.45571,-0.75869,-1.06901,31.2524414,75.7024673,0.830,126.10
585.473,2.12605,-1.03908,7.30710,-0.68295,-1.36345,-1.44775,31.2524414,75.7024673,0.830,126.10
585.575,0.44053,-0.08140,8.16902,0.21136,0.19792,-0.66584,31.2524414,75.7024673,0.830,126.10
585.679,-0.57940,0.25857,10.36211,-0.50580,0.08919,0.69883,31.2524414,75.7024673,0.830,126.10
585.782,1.08218,-0.45011,14.63815,-1.13254,1.25960,1.72753,31.2524414,75.7024673,0.830,126.10
585.886,-0.11971,0.86191,9.21768,0.71716,-0.01222,0.84422,31.2524414,75.7024673,0.830,126.10
585.991,0.80924,-0.73263,7.84819,0.55833,0.41050,2.06717,31.2524331,75.7024729,0.830,126.80
586.094,2.43251,-0.43096,7.93438,0.22113,0.06231,1.48196,31.2524331,75.7024729,0.830,126.80
586.197,3.31836,0.59855,8.67659,0.01955,-0.36163,0.59987,31.2524331,75.7024729,0.830,126.80
586.301,5.84185,0.59376,10.34295,-0.46792,-0.46914,-0.10263,31.2524331,75.7024729,0.830,126.80
586.404,4.68785,-2.24576,14.81532,1.42576,0.61820,-1.29381,31.2524331,75.7024729,0.830,126.80
586.508,2.62883,-0.18675,8.31746,0.49358,-0.85399,-1.57725,31.2524331,75.7024729,0.830,126.80
586.613,1.58017,0.23463,6.39731,0.05009,-0.87354,-1.43676,31.2524331,75.7024729,0.830,126.80
586.717,1.42694,1.28329,7.33583,-0.15027,-0.43738,-0.65363,31.2524331,75.7024729,0.830,126.80
586.822,2.04944,1.60412,11.26711,-0.21380,0.74526,0.22724,31.2524331,75.7024729,0.830,126.80
586.930,1.54187,2.82516,11.94707,-0.91874,0.54856,0.42516,31.2524256,75.7024792,0.800,127.10
587.032,-0.30646,1.78607,10.23282,0.16493,0.02077,0.16738,31.2524256,75.7024792,0.800,127.10
587.135,-0.22027,1.19231,7.64708,0.53390,0.70616,1.32924,31.2524256,75.7024792,0.800,127.10
587.237,1.22583,0.21069,8.54730,-0.14294,0.37263,1.37200,31.2524256,75.7024792,0.800,127.10
587.340,1.90100,1.72861,8.65743,-0.09896,0.70494,0.39218,31.2524256,75.7024792,0.800,127.10
587.443,1.44610,3.39498,9.87369,0.26634,0.54367,0.23091,31.2524256,75.7024792,0.800,127.10
587.548,2.66714,2.52828,10.38605,-0.27855,-0.92363,0.18937,31.2524256,75.7024792,0.800,127.10
587.651,2.51391,0.40223,13.88158,0.83444,0.17837,-0.23579,31.2524256,75.7024792,0.800,127.10
587.757,3.02148,0.63207,7.92002,0.10140,-0.53756,-0.81734,31.2524256,75.7024792,0.800,127.10
587.860,2.57137,0.14365,7.96790,-0.42150,-1.18019,-1.29259,31.2524256,75.7024792,0.800,127.10
587.965,3.27048,0.75657,7.30710,-0.73182,-1.21807,-1.23883,31.2524178,75.7024873,0.840,128.70
588.067,4.45322,0.19632,12.59350,-0.26267,0.34086,-1.28037,31.2524178,75.7024873,0.840,128.70
588.169,-0.38307,3.06458,11.58315,-0.72204,0.38485,-1.00060,31.2524178,75.7024873,0.840,128.70
588.273,-2.69108,1.88184,9.40442,-0.05376,-0.19548,-0.18326,31.2524178,75.7024873,0.840,128.70
588.376,-0.14365,1.14922,6.72292,-0.19303,0.66462,1.62001,31.2524178,75.7024873,0.840,128.70
588.479,2.02071,0.66080,8.39407,-0.21747,0.58399,1.64201,31.2524178,75.7024873,0.840,128.70
588.584,3.08373,1.47004,10.46266,-0.03421,0.25534,0.89186,31.2524178,75.7024873,0.840,128.70
588.687,2.92571,2.03507,11.28627,0.46792,-0.33475,-0.09652,31.2524178,75.7024873,0.840,128.70
588.790,3.65834,1.72861,12.82813,-0.20769,0.13317,0.31887,31.2524178,75.7024873,0.840,128.70
588.893,3.41892,1.35991,6.96234,0.10629,-1.11788,-0.52779,31.2524178,75.7024873,0.840,128.70
588.998,3.78763,0.01915,7.91044,0.34941,0.07330,-0.30421,31.2524098,75.7024936,0.860,128.50
589.099,3.11246,1.42694,8.14986,-0.13073,-0.22969,-0.17715,31.2524098,75.7024936,0.860,128.50
589.204,2.46603,2.27449,9.13627,0.37141,0.30543,0.08552,31.2524098,75.7024936,0.860,128.50
589.309,1.79565,2.38941,10.82658,0.12950,0.57544,0.54000,31.2524098,75.7024936,0.860,128.50
589.412,1.65200,1.83875,12.30620,-0.31154,1.14232,1.18752,31.2524098,75.7024936,0.860,128.50
589.515,0.60334,1.88663,7.45076,0.43005,-0.20769,0.49480,31.2524098,75.7024936,0.860,128.50
589.620,1.80044,0.73741,8.24563,0.00611,0.70860,1.47096,31.2524098,75.7024936,0.860,128.50
589.722,2.04465,1.67594,7.96790,-0.13073,0.43005,0.80634,31.2524098,75.7024936,0.860,128.50
589.827,2.29843,2.32238,8.75799,-0.24068,0.46059,0.24068,31.2524098,75.7024936,0.860,128.50
589.931,3.36625,1.80523,10.56322,0.08430,-0.11973,-0.22480,31.2524024,75.7025009,0.770,124.40
590.032,6.05254,0.77093,14.76744,-0.51435,0.64752,-0.22480,31.2524024,75.7025009,0.770,124.40
590.138,2.35589,0.19632,8.53294,-0.34941,-1.75685,-2.64016,31.2524024,75.7025009,0.770,124.40
590.244,1.81480,-0.14365,9.70609,0.69516,-0.14539,-1.65178,31.2524024,75.7025009,0.770,124.40
590.348,1.64242,-0.03831,7.97269,0.06964,-1.23639,-1.30114,31.2524024,75.7025009,0.770,124.40
590.451,0.06704,0.66080,9.24641,0.23824,-0.06353,-0.85643,31.2524024,75.7025009,0.770,124.40
590.556,-1.14443,2.79643,9.57202,-0.39584,0.07819,0.00855,31.2524024,75.7025009,0.770,124.40
590.659,-0.94810,1.74777,10.00776,-0.84544,0.08552,0.47770,31.2524024,75.7025009,0.770,124.40
590.767,0.52194,2.11647,8.24084,-0.16738,1.04947,1.49173,31.2524024,75.7025009,0.770,124.40
590.872,2.34153,0.87628,9.46667,-0.11851,-0.04887,1.30725,31.2524024,75.7025009,0.770,124.40
590.977,2.75333,1.28329,8.50420,0.13073,-0.25901,0.61820,31.2523958,75.7025089,0.870,132.00
591.079,4.21380,1.44610,10.89841,0.13317,-0.49602,-0.20036,31.2523958,75.7025089,0.870,132.00
591.181,3.87861,-1.38864,13.87200,0.68661,-0.11606,-0.93829,31.2523958,75.7025089,0.870,132.00
591.286,4.33829,-1.05345,9.20810,-0.17349,-0.28955,-1.68477,31.2523958,75.7025089,0.870,132.00
591.389,3.06458,-0.96726,5.58807,0.17959,-0.76236,-2.35061,31.2523958,75.7025089,0.870,132.00
591.494,2.68629,2.09253,7.53216,-0.84788,-0.95417,-1.52105,31.2523958,75.7025089,0.870,132.00
591.596,-0.21548,4.40054,10.57758,0.73059,-0.21136,-0.76725,31.2523958,75.7025089,0.870,132.00
591.699,1.27372,5.36301,6.98149,-0.19670,0.10629,-0.28711,31.2523958,75.7025089,0.870,132.00
591.803,0.67038,0.87628,8.80587,1.38911,1.69210,-0.28711,31.2523958,75.7025089,0.870,132.00
591.906,1.91536,1.17795,6.47871,-0.89186,-0.51801,0.63163,31.2523958,75.7025089,0.870,132.00
592.010,0.99120,2.52349,8.41323,-0.59620,0.67317,0.96028,31.2523874,75.7025167,0.940,138.90
592.115,-0.32082,2.92093,9.60554,-0.58887,0.36285,0.49724,31.2523874,75.7025167,0.940,138.90
592.219,1.10133,3.55300,9.47146,0.16493,0.75503,0.34819,31.2523874,75.7025167,0.940,138.90
592.322,6.43083,3.46680,12.84250,-0.46670,-0.64996,-0.29566,31.2523874,75.7025167,0.940,138.90
592.426,2.87783,0.89543,8.96389,1.73119,-0.48136,-2.38604,31.2523874,75.7025167,0.940,138.90
592.530,-2.43730,1.94888,6.73728,0.38729,0.01100,-1.58703,31.2523874,75.7025167,0.940,138.90
592.634,-2.99754,2.01113,8.30309,0.24679,-0.44349,-0.29444,31.2523874,75.7025167,0.940,138.90
592.738,-1.31202,2.26013,9.96467,-0.05253,-0.15882,0.29199,31.2523874,75.7025167,0.940,138.90
592.842,-0.72784,1.48441,14.06354,-0.54489,1.00426,0.89431,31.2523874,75.7025167,0.940,138.90
592.946,-2.26970,4.50110,8.10677,0.07941,0.57544,-0.20403,31.2523790,75.7025240,1.010,144.20
593.049,0.42138,2.78206,8.16902,0.05864,-0.12706,0.10507,31.2523790,75.7025240,1.010,144.20
593.151,0.90980,2.79643,10.01255,-0.12950,0.82711,0.57299,31.2523790,75.7025240,1.010,144.20
593.256,-1.52750,3.75890,11.89439,0.44593,-0.41905,-1.06291,31.2523790,75.7025240,1.010,144.20
593.360,0.96247,2.81558,7.33583,-0.07575,-1.29137,-0.87842,31.2523790,75.7025240,1.010,144.20
593.463,-1.25456,3.13640,10.04607,1.06413,0.61820,-0.86621,31.2523790,75.7025240,1.010,144.20
593.566,-1.62806,3.96001,6.29675,-0.20036,-1.40132,-0.05253,31.2523790,75.7025240,1.010,144.20
593.671,-1.70467,5.04219,5.05655,0.64263,0.25168,-0.15638,31.2523790,75.7025240,1.010,144.20
593.774,-0.74699,6.14831,10.17536,0.23946,0.43494,0.52779,31.2523790,75.7025240,1.010,144.20
593.877,-2.61447,7.65187,6.25844,2.33717,0.46059,1.04580,31.2523790,75.7025240,1.010,144.20
593.979,-1.51314,2.00155,13.88637,0.61575,1.62857,1.27182,31.2523719,75.7025278,0.790,148.10
594.083,-1.30245,6.01902,7.31668,-0.83322,-0.96028,0.08674,31.2523719,75.7025278,0.790,148.10
594.186,0.97205,4.34787,8.12592,-0.12950,1.24494,0.51679,31.2523719,75.7025278,0.790,148.10
594.290,0.67038,5.73651,9.80665,-0.49602,-0.45815,0.10018,31.2523719,75.7025278,0.790,148.10
594.397,0.71347,7.45554,10.29986,0.16493,-0.50946,-0.90164,31.2523719,75.7025278,0.790,148.10
594.502,-1.92973,3.43807,8.17859,0.08552,-0.43860,-0.04032,31.2523719,75.7025278,0.790,148.10
594.604,0.29688,1.12527,6.87615,0.26756,0.10996,0.33598,31.2523719,75.7025278,0.790,148.10
594.709,-0.40701,3.78284,7.59441,-0.01833,-0.04398,0.33964,31.2523719,75.7025278,0.790,148.10
594.815,-0.22027,3.81157,10.52012,-0.32865,0.75747,0.75503,31.2523719,75.7025278,0.790,148.10
594.917,-0.44053,4.47716,9.74919,0.22235,0.54123,0.63530,31.2523616,75.7025313,0.890,142.40
595.019,-2.30322,1.85790,10.96544,0.05131,0.90408,0.82467,31.2523616,75.7025313,0.890,142.40
595.123,-0.94810,2.30801,8.81545,-0.45815,0.42638,0.70738,31.2523616,75.7025313,0.890,142.40
595.231,0.14844,3.30400,7.83383,-0.26634,-0.13561,0.62919,31.2523616,75.7025313,0.890,142.40
595.335,-1.01035,3.79720,9.25598,-0.03543,0.15638,0.16249,31.2523616,75.7025313,0.890,142.40
595.439,-1.25456,3.82115,10.22803,0.06353,0.05620,0.04520,31.2523616,75.7025313,0.890,142.40
595.541,-0.10056,2.69587,12.20085,-0.85888,0.70005,0.29199,31.2523616,75.7025313,0.890,142.40
595.645,0.85234,2.67672,7.96311,-0.07819,-0.35430,-0.26023,31.2523616,75.7025313,0.890,142.40
595.746,-0.55545,2.51391,7.35978,0.21502,-0.13317,-0.20525,31.2523616,75.7025313,0.890,142.40
595.851,-0.79009,3.10289,8.19775,0.10385,-0.02077,0.06353,31.2523616,75.7025313,0.890,142.40
595.954,-1.44610,1.23062,10.38605,-0.61820,0.72082,0.47403,31.2523532,75.7025373,0.930,131.80
596.058,-1.15879,-1.07739,8.72926,-2.09160,0.24923,-0.25779,31.2523532,75.7025373,0.930,131.80
596.160,-4.31435,-0.88107,10.70208,-1.30970,-0.12584,-0.38485,31.2523532,75.7025373,0.930,131.80
596.264,0.60334,-0.55067,10.64462,0.05131,-0.35308,0.35675,31.2523532,75.7025373,0.930,131.80
596.367,-0.14365,4.36224,7.57047,0.30055,-0.37263,-0.51557,31.2523532,75.7025373,0.930,131.80
596.469,-4.48673,-3.54821,9.85932,-1.20829,0.35186,-1.24494,31.2523532,75.7025373,0.930,131.80
596.573,-4.29999,0.12450,13.91031,0.41905,-0.87842,0.67073,31.2523532,75.7025373,0.930,131.80
596.677,-1.08697,-3.10767,11.99974,2.75378,0.93951,1.19241,31.2523532,75.7025373,0.930,131.80
596.783,0.63686,-0.26336,8.41323,-0.55833,-0.63041,0.51313,31.2523532,75.7025373,0.930,131.80
596.887,0.35913,-0.79966,8.77714,0.75014,0.33109,0.13439,31.2523532,75.7025373,0.930,131.80
596.991,-0.83318,0.94810,7.80031,-0.24312,0.00122,0.04154,31.2523481,75.7025454,0.810,123.80
597.097,-2.57616,0.28252,11.02769,-0.28222,0.50946,0.59254,31.2523481,75.7025454,0.810,123.80
597.200,-2.09253,0.67038,11.52569,-0.90652,0.66706,0.77580,31.2523481,75.7025454,0.810,123.80
597.304,-2.36547,0.07183,10.01255,0.49236,-0.03054,0.43371,31.2523481,75.7025454,0.810,123.80
597.420,-2.43730,0.45969,8.22648,0.18937,0.40317,1.13010,31.2523481,75.7025454,0.810,123.80
597.535,-1.02472,0.92416,8.34619,-0.47647,-0.10263,0.58277,31.2523481,75.7025454,0.810,123.80
597.637,-1.82438,1.81959,9.26556,0.29077,0.64019,0.28344,31.2523481,75.7025454,0.810,123.80
597.754,-1.75256,1.81480,10.85052,0.05253,-0.36652,0.06353,31.2523481,75.7025454,0.810,123.80
597.870,-0.16281,-1.36948,15.86398,-0.18204,0.05742,-0.25412,31.2523481,75.7025454,0.810,123.80
597.971,-0.09098,0.50757,9.19373,0.80634,0.08552,-1.31580,31.2523443,75.7025529,0.740,116.30
598.074,-0.69911,-0.61292,9.47625,0.90408,-0.58032,-1.07757,31.2523443,75.7025529,0.740,116.30
598.178,-1.42694,-0.21069,8.22169,0.86376,-0.77458,-0.74892,31.2523443,75.7025529,0.740,116.30
598.282,-3.08852,0.29688,8.92080,0.26878,-0.39951,-0.29932,31.2523443,75.7025529,0.740,116.30
598.388,-3.31836,1.29287,8.26478,-1.38911,0.41294,0.24190,31.2523443,75.7025529,0.740,116.30
598.493,-3.54821,2.40857,7.63750,-0.07453,0.35430,-0.08796,31.2523443,75.7025529,0.740,116.30
598.597,-2.05901,0.73263,9.00220,-1.14720,0.32498,1.24006,31.2523443,75.7025529,0.740,116.30
598.699,-0.46448,0.16281,9.77313,-0.24435,0.32987,0.97861,31.2523443,75.7025529,0.740,116.30
598.800,-0.79966,1.23541,9.27993,-0.05986,-0.11484,0.51313,31.2523443,75.7025529,0.740,116.30
598.904,-1.16837,1.03908,11.25754,0.05742,-0.12217,0.15882,31.2523443,75.7025529,0.740,116.30
599.011,-1.26893,-0.35434,12.58392,0.08063,0.12584,0.07208,31.2523387,75.7025606,0.810,120.20
599.116,0.37828,0.65601,7.69018,0.13806,-0.44471,-0.51435,31.2523387,75.7025606,0.810,120.20
599.220,0.13408,-0.45490,9.89763,0.25168,0.06597,-0.83444,31.2523387,75.7025606,0.810,120.20
599.325,-1.24020,0.79009,8.40365,0.51924,0.07941,-0.90530,31.2523387,75.7025606,0.810,120.20
599.431,-2.24097,0.34955,10.51533,-0.03543,0.33475,0.05253,31.2523387,75.7025606,0.810,120.20
599.535,-2.25055,0.95768,9.72525,-0.70738,-0.33109,0.27733,31.2523387,75.7025606,0.810,120.20
599.639,-1.86269,-0.10534,11.29584,-0.13806,-0.52779,-0.45326,31.2523387,75.7025606,0.810,120.20
599.743,-4.54898,1.36469,8.18817,0.75503,0.87476,-0.27978,31.2523387,75.7025606,0.810,120.20
599.848,-2.68629,0.55067,7.41245,-0.36652,-0.45937,0.36774,31.2523387,75.7025606,0.810,120.20
599.951,-2.11169,1.54187,8.19775,-0.14783,0.39951,0.06842,31.2523320,75.7025677,0.790,128.20
600.055,-2.76291,2.25055,10.43872,-0.14539,-0.18815,-0.12950,31.2523320,75.7025677,0.790,128.20
600.158,-1.98719,1.62327,11.31021,-0.17715,-0.21625,0.34941,31.2523320,75.7025677,0.790,128.20
600.262,-2.53307,-1.07739,13.35965,0.32498,0.09896,0.09285,31.2523320,75.7025677,0.790,128.20
600.366,-1.32160,0.39265,6.53138,0.78313,-0.23335,-0.46059,31.2523320,75.7025677,0.790,128.20
600.469,-0.38307,-0.27773,8.93037,-0.22724,0.23213,-0.10263,31.2523320,75.7025677,0.790,128.20
600.571,0.66080,0.65122,9.46667,-0.20892,-0.72326,-0.64385,31.2523320,75.7025677,0.790,128.20
600.677,-0.91937,1.49398,9.82102,-0.01710,-0.15516,-0.39951,31.2523320,75.7025677,0.790,128.20
600.782,-2.49955,1.64242,11.40598,0.45082,-0.19670,-0.30421,31.2523320,75.7025677,0.790,128.20
600.886,-2.36068,2.14999,10.12268,-0.02321,0.30177,-0.01222,31.2523320,75.7025677,0.790,128.20
600.989,-2.74376,0.38307,10.02213,0.44227,0.18692,0.38485,31.2523267,75.7025746,0.730,129.80
601.091,-2.86347,0.22984,7.71412,0.04276,0.60353,1.15576,31.2523267,75.7025746,0.730,129.80
601.193,-1.55144,0.90501,7.43639,-0.68417,-0.08430,0.79168,31.2523267,75.7025746,0.730,129.80
601.297,-1.58975,2.24097,9.05487,-0.87232,0.25901,0.37996,31.2523267,75.7025746,0.730,129.80
601.401,-1.58496,1.87705,12.23437,-0.20647,-0.06109,0.27367,31.2523267,75.7025746,0.730,129.80
601.505,0.23942,1.83875,9.94073,0.21014,-1.13743,-0.26389,31.2523267,75.7025746,0.730,129.80
601.610,-0.43574,-0.13886,13.31176,0.39340,0.48625,-0.14783,31.2523267,75.7025746,0.730,129.80
601.713,0.70390,1.94888,8.53772,0.48381,-0.14294,-1.22662,31.2523267,75.7025746,0.730,129.80
601.817,-0.41659,0.23942,10.99417,0.96517,0.85032,-0.46059,31.2523267,75.7025746,0.730,129.80
601.922,-0.78051,1.37906,7.09163,0.21747,-0.85888,-0.53878,31.2523267,75.7025746,0.730,129.80
602.025,-0.94810,1.47004,8.43717,-0.07941,0.17593,-0.36652,31.2523246,75.7025834,0.710,123.50
602.129,-3.15077,1.66158,10.94629,-0.27367,0.08796,-0.44838,31.2523246,75.7025834,0.710,123.50
602.231,-4.44364,1.02472,12.36366,-1.12033,0.15027,0.28466,31.2523246,75.7025834,0.710,123.50
602.336,-3.02627,1.47004,7.09163,0.70494,0.02199,0.20036,31.2523246,75.7025834,0.710,123.50
602.440,-3.04064,1.39343,7.90087,-0.34086,0.94440,1.09345,31.2523246,75.7025834,0.710,123.50
602.544,-2.03986,0.76136,8.86812,-0.55344,-0.39462,0.99449,31.2523246,75.7025834,0.710,123.50
602.650,-1.40779,1.54187,8.14507,-0.31521,0.16249,0.64019,31.2523246,75.7025834,0.710,123.50
602.755,-2.31759,1.39343,11.64540,-0.46426,0.64752,0.22846,31.2523246,75.7025834,0.710,123.50
602.860,-1.77171,1.84832,13.65653,-0.36652,-0.37751,-0.41539,31.2523246,75.7025834,0.710,123.50
602.963,-1.57060,0.41659,8.96389,1.44409,-0.43249,-0.52046,31.2523224,75.7025918,0.560,117.00
603.065,-1.09176,0.44053,10.10353,0.64019,0.67440,-0.02688,31.2523224,75.7025918,0.560,117.00
603.167,-0.95768,1.47483,7.57047,0.30665,-0.48014,-0.37629,31.2523224,75.7025918,0.560,117.00
603.271,-1.05345,1.99198,8.35098,-0.12950,-0.30055,-0.03176,31.2523224,75.7025918,0.560,117.00
603.375,-2.05422,1.32160,11.55921,0.20159,0.03421,-0.02077,31.2523224,75.7025918,0.560,117.00
603.480,-4.11803,1.46525,11.83214,-0.29932,0.84910,-0.30665,31.2523224,75.7025918,0.560,117.00
603.584,-4.08930,1.13485,7.83862,0.70005,-0.26023,-0.12950,31.2523224,75.7025918,0.560,117.00
603.688,-3.52426,1.49398,6.23450,-0.19792,0.50824,0.99327,31.2523224,75.7025918,0.560,117.00
603.792,-2.04465,1.14443,7.68060,-0.92729,0.33353,1.01770,31.2523224,75.7025918,0.560,117.00
603.897,-2.52828,2.44687,9.33260,-0.62308,0.30788,0.38118,31.2523224,75.7025918,0.560,117.00
604.001,-2.22182,2.50912,11.15698,-0.36530,-0.07941,0.24923,31.2523203,75.7025988,0.640,111.10
604.104,-1.38385,2.51870,11.90876,-0.23579,-0.26634,0.03054,31.2523203,75.7025988,0.640,111.10
604.206,-1.93930,-0.35434,11.07079,1.25716,-0.34941,-0.68417,31.2523203,75.7025988,0.640,111.10
604.309,-1.95367,1.58975,8.73405,0.64141,0.82589,-0.36163,31.2523203,75.7025988,0.640,111.10
604.413,-0.99599,1.20189,9.04529,0.04520,-0.22846,-0.04765,31.2523203,75.7025988,0.640,111.10
604.516,-3.57215,1.30723,9.76834,1.52105,0.45448,0.34086,31.2523203,75.7025988,0.640,111.10
604.619,-5.09486,2.92571,7.81946,1.49173,0.06720,0.27611,31.2523203,75.7025988,0.640,111.10
604.723,-5.06613,3.89297,7.94875,-0.38362,0.76236,0.10507,31.2523203,75.7025988,0.640,111.10
604.826,-4.42927,3.42850,6.21535,0.61942,-0.39340,-0.24312,31.2523203,75.7025988,0.640,111.10
604.929,-3.65834,3.67271,6.28239,-0.29199,0.17837,0.31887,31.2523188,75.7026076,0.720,113.30
605.032,-3.03585,4.31435,7.35020,-0.42394,0.00977,0.20036,31.2523188,75.7026076,0.720,113.30
605.135,-3.88340,4.55377,7.36935,-0.00855,0.00977,-0.11484,31.2523188,75.7026076,0.720,113.30
605.240,-4.73094,4.07493,6.91445,-0.32009,-0.06109,0.13683,31.2523188,75.7026076,0.720,113.30
605.345,-2.34153,3.56257,7.65666,-0.59498,-0.90286,-0.33842,31.2523188,75.7026076,0.720,113.30
605.452,-2.83952,1.23541,13.67089,-1.96821,0.02199,0.16493,31.2523188,75.7026076,0.720,113.30
605.556,-0.62249,2.37984,9.38048,-1.06901,-0.10507,-0.56566,31.2523188,75.7026076,0.720,113.30
605.660,-1.84832,0.85234,8.94474,0.38118,0.00611,-0.53756,31.2523188,75.7026076,0.720,113.30
605.762,-2.53307,0.85234,8.91601,0.25901,0.24679,-0.13317,31.2523188,75.7026076,0.720,113.30
605.866,-3.89776,-0.11492,12.75631,0.47037,0.21502,0.01466,31.2523188,75.7026076,0.720,113.30
605.972,-4.62560,1.13485,10.24239,-0.08674,-0.26145,0.04765,31.2523156,75.7026173,0.630,113.50
606.074,-4.86981,0.15802,8.56645,0.36285,-0.66706,-0.22358,31.2523156,75.7026173,0.630,113.50
606.176,-5.30555,1.31681,4.91290,0.80512,1.01892,0.79535,31.2523156,75.7026173,0.630,113.50
606.281,-2.10211,1.33118,7.76200,-0.78924,0.11484,0.89186,31.2523156,75.7026173,0.630,113.50
606.386,-2.38462,2.51870,8.45153,-0.47281,0.53023,0.35919,31.2523156,75.7026173,0.630,113.50
606.491,-3.74932,3.18908,10.51055,0.00611,0.09407,0.24435,31.2523156,75.7026173,0.630,113.50
606.594,-2.14520,3.62482,12.39718,-0.33109,-0.23946,0.07330,31.2523156,75.7026173,0.630,113.50
606.698,-1.77171,1.16358,9.06924,1.24494,-1.15576,-0.77213,31.2523156,75.7026173,0.630,113.50
606.802,-1.57060,1.12527,10.81700,0.85155,0.76480,-0.38118,31.2523156,75.7026173,0.630,113.50
606.906,-1.84832,2.05422,7.43639,0.58765,-0.98838,-0.86621,31.2523156,75.7026173,0.630,113.50
607.009,-2.41814,2.45166,7.17782,0.48381,-0.46914,-0.43494,31.2523125,75.7026252,0.730,114.70
607.112,-3.15077,2.70066,10.29986,-0.23946,0.12584,-0.12706,31.2523125,75.7026252,0.730,114.70
607.215,-4.61123,4.07493,10.80264,-0.75747,0.05742,-0.20281,31.2523125,75.7026252,0.730,114.70
607.317,-3.78284,2.14520,8.12113,0.01222,-0.53634,0.12706,31.2523125,75.7026252,0.730,114.70
607.422,-4.69742,2.02549,6.24408,0.07819,0.97738,1.05435,31.2523125,75.7026252,0.730,114.70
607.524,-2.39420,1.60412,7.85777,-0.96517,0.18448,1.23517,31.2523125,75.7026252,0.730,114.70
607.629,-1.62327,2.98796,9.12191,-0.67806,0.52412,0.61820,31.2523125,75.7026252,0.730,114.70
607.733,-1.37906,3.68228,11.03248,0.04398,0.06720,0.11484,31.2523125,75.7026252,0.730,114.70
607.835,-0.49799,4.04620,11.49217,-0.07086,-0.65851,-0.19303,31.2523125,75.7026252,0.730,114.70
607.939,-1.21625,1.59454,8.01579,1.51861,-1.03603,-1.22784,31.2523106,75.7026339,0.750,115.60
608.042,-1.43173,1.88663,10.15620,0.77580,0.13561,-0.85277,31.2523106,75.7026339,0.750,115.60
608.145,-1.72861,1.93451,7.80510,0.48747,-1.47585,-1.05924,31.2523106,75.7026339,0.750,115.60
608.248,-1.42694,2.45645,7.41724,0.37385,-0.89797,-0.78557,31.2523106,75.7026339,0.750,115.60
608.352,-2.57616,3.29442,9.45710,-0.30177,-0.31521,-0.22969,31.2523106,75.7026339,0.750,115.60
608.456,-3.68707,4.27126,9.53850,-0.19792,0.34086,0.00977,31.2523106,75.7026339,0.750,115.60
608.558,-4.15155,2.77727,12.17691,-0.05253,0.86987,0.34453,31.2523106,75.7026339,0.750,115.60
608.659,-3.26569,3.85945,6.40210,0.27489,0.74037,0.85277,31.2523106,75.7026339,0.750,115.60
608.762,-0.79966,2.08774,8.69574,-1.12644,0.65118,1.70309,31.2523106,75.7026339,0.750,115.60
608.863,0.69432,3.16992,8.41323,-0.29444,0.15027,0.57544,31.2523106,75.7026339,0.750,115.60
608.965,-0.06704,4.84108,8.92558,-0.31276,-0.01344,-0.13439,31.2523066,75.7026419,0.790,116.90
609.066,-1.35512,3.74932,13.34528,-0.26878,0.38118,-0.03910,31.2523066,75.7026419,0.790,116.90
609.168,-2.04465,1.96803,9.86890,0.53390,-0.50580,-0.32987,31.2523066,75.7026419,0.790,116.90
609.272,0.26815,2.60968,8.19775,0.09652,0.14783,-0.69150,31.2523066,75.7026419,0.790,116.90
609.373,-0.53151,2.47082,9.39006,0.15516,-0.37507,-1.12399,31.2523066,75.7026419,0.790,116.90
609.473,-1.87705,3.25133,8.74362,0.43371,-0.43249,-0.78191,31.2523066,75.7026419,0.790,116.90
609.577,-1.81959,3.44765,9.25598,0.14661,-0.34697,-0.27489,31.2523066,75.7026419,0.790,116.90
609.681,-4.18985,3.33273,11.90876,0.04276,0.57299,-0.04520,31.2523066,75.7026419,0.790,116.90
609.785,-3.77326,1.91057,8.26478,0.34819,-0.16127,-0.25656,31.2523066,75.7026419,0.790,116.90
609.888,-3.28006,3.60567,5.67426,-0.03543,0.99082,0.45815,31.2523066,75.7026419,0.790,116.90
609.992,-0.97683,3.07416,8.65265,-0.48136,0.36530,0.21625,31.2523023,75.7026500,0.780,124.70
610.093,-0.93374,4.67348,8.00621,0.17471,0.17471,-0.30543,31.2523023,75.7026500,0.780,124.70
610.197,-0.94810,4.83150,10.23761,0.16371,-0.33720,-0.69639,31.2523023,75.7026500,0.780,124.70
610.302,-4.16591,1.37427,13.91031,1.09834,0.45448,-0.93340,31.2523023,75.7026500,0.780,124.70
610.404,-1.09176,2.21703,8.20253,0.92363,-0.83200,-1.44286,31.2523023,75.7026500,0.780,124.70
610.505,-2.36547,1.98240,8.75799,1.02137,-0.62797,-1.19607,31.2523023,75.7026500,0.780,124.70
610.607,-2.92571,3.15077,8.05409,0.56200,-1.02014,-0.88942,31.2523023,75.7026500,0.780,124.70
610.709,-3.78284,3.51469,8.81066,0.60964,-0.71105,-0.28100,31.2523023,75.7026500,0.780,124.70
610.811,-4.05578,4.76446,7.06768,-0.65973,-0.85521,-0.40561,31.2523023,75.7026500,0.780,124.70
610.913,-3.71101,4.04620,9.24641,0.34575,0.54367,-1.01892,31.2523023,75.7026500,0.780,124.70
611.015,-3.02627,4.56814,5.10444,-0.16493,0.33720,-0.45204,31.2522983,75.7026560,0.560,128.30
611.117,-1.85311,3.99353,8.19775,-0.35797,1.04580,0.06231,31.2522983,75.7026560,0.560,128.30
611.219,-2.38462,3.45723,11.45386,-0.03910,0.05498,-0.62186,31.2522983,75.7026560,0.560,128.30
611.322,-5.79397,3.24175,11.38204,1.08856,0.05986,-1.18874,31.2522983,75.7026560,0.560,128.30
611.424,-2.84431,2.13563,7.01022,0.75992,-1.21318,-1.00671,31.2522983,75.7026560,0.560,128.30
611.526,-1.94409,2.19788,7.56568,-0.07208,-0.88698,-1.06168,31.2522983,75.7026560,0.560,128.30
611.628,-1.47004,2.28407,8.90164,-0.27855,-1.27304,-1.48318,31.2522983,75.7026560,0.560,128.30
611.730,-3.59609,2.94966,9.39006,0.38729,-0.44349,-1.02748,31.2522983,75.7026560,0.560,128.30
611.834,-5.55934,2.41336,10.94150,-0.19426,0.05864,-0.19181,31.2522983,75.7026560,0.560,128.30
611.937,-4.71179,0.72784,10.06522,-0.02688,-0.89919,-0.51191,31.2522947,75.7026554,0.500,162.40
612.039,-3.75890,2.20745,5.15232,0.56566,-0.02810,-0.38729,31.2522947,75.7026554,0.500,162.40
612.140,-2.14999,1.94888,7.50343,-0.98838,0.10385,0.39218,31.2522947,75.7026554,0.500,162.40
612.242,-1.61369,1.97761,9.97903,-0.55100,0.39951,0.15394,31.2522947,75.7026554,0.500,162.40
612.345,-3.22260,2.32238,10.64941,0.44960,0.13439,-0.21991,31.2522947,75.7026554,0.500,162.40
612.447,-1.79565,2.88741,9.63906,0.15516,-0.65485,-0.51068,31.2522947,75.7026554,0.500,162.40
612.550,-2.30322,-0.65601,13.47457,-0.00122,-0.30055,-0.64630,31.2522947,75.7026554,0.500,162.40
612.652,-1.08218,1.26893,7.80031,0.75381,-0.16982,-1.81183,31.2522947,75.7026554,0.500,162.40
612.754,-1.32160,-0.11013,10.99896,0.36041,-0.50091,-0.91874,31.2522947,75.7026554,0.500,162.40
612.857,-2.05422,0.56982,8.87770,0.88942,-0.56444,-0.61453,31.2522947,75.7026554,0.500,162.40
612.959,-3.34231,1.59933,7.78594,0.49480,-0.26145,-0.25412,31.2522903,75.7026528,0.570,207.30
613.061,-3.92649,1.69988,9.53850,-0.38851,0.24557,-0.13806,31.2522903,75.7026528,0.570,207.30
613.162,-4.73094,0.89064,11.98059,-0.31887,-0.19426,0.39218,31.2522903,75.7026528,0.570,207.30
613.264,-3.42850,1.63285,6.53138,0.22846,0.32498,0.81245,31.2522903,75.7026528,0.570,207.30
613.369,-2.42772,1.14922,8.18817,-0.60598,0.10873,1.24739,31.2522903,75.7026528,0.570,207.30
613.471,-1.60890,2.07817,8.20253,-0.36652,0.34453,1.05558,31.2522903,75.7026528,0.570,207.30
613.574,-1.01993,2.50912,10.09395,-0.30177,0.02443,0.51435,31.2522903,75.7026528,0.570,207.30
613.677,-0.84276,2.77727,12.49773,-0.30421,-0.15027,0.07575,31.2522903,75.7026528,0.570,207.30
613.782,-0.90501,0.34955,11.63582,0.86254,-0.71105,-0.48869,31.2522903,75.7026528,0.570,207.30
613.885,-0.94810,0.86670,9.65821,0.69639,0.76114,-0.24435,31.2522903,75.7026528,0.570,207.30
613.987,-1.89142,1.47962,6.96713,0.41661,-0.95173,-0.85399,31.2522855,75.7026485,0.620,222.60
614.089,-2.05901,2.14042,7.24964,0.17593,-0.28955,-0.24435,31.2522855,75.7026485,0.620,222.60
614.194,-2.38941,1.99198,11.38204,-0.56322,0.09285,0.14050,31.2522855,75.7026485,0.620,222.60
614.295,-3.06458,1.40779,13.14417,-0.97372,-0.09652,0.29688,31.2522855,75.7026485,0.620,222.60
614.399,-2.21703,1.08697,8.41801,0.33231,-0.32620,-0.11729,31.2522855,75.7026485,0.620,222.60
614.503,-3.13640,1.69031,6.46913,-0.33720,0.75136,0.90897,31.2522855,75.7026485,0.620,222.60
614.606,-1.29766,1.88184,7.98227,-0.29077,0.17959,0.93585,31.2522855,75.7026485,0.620,222.60
614.711,-0.01915,2.33195,10.08438,-0.25168,-0.38973,0.42761,31.2522855,75.7026485,0.620,222.60
614.815,0.03352,2.85389,11.84172,0.22602,-0.49114,-0.07453,31.2522855,75.7026485,0.620,222.60
614.921,0.04788,0.22505,14.13058,0.33842,0.09163,-0.29199,31.2522796,75.7026437,0.680,229.30
615.023,0.22505,1.62806,8.16902,0.68661,0.44838,-0.74159,31.2522796,75.7026437,0.680,229.30
615.126,-1.33596,1.20189,7.76679,0.29199,0.21747,0.04032,31.2522796,75.7026437,0.680,229.30
615.230,-1.68073,1.31681,7.80031,0.24557,-0.06231,0.34086,31.2522796,75.7026437,0.680,229.30
615.337,-1.82438,1.66158,9.56244,-0.36530,0.06109,0.10751,31.2522796,75.7026437,0.680,229.30
615.442,-2.31759,2.93529,11.58794,-0.90408,0.41172,0.07086,31.2522796,75.7026437,0.680,229.30
615.544,-2.56180,1.35033,10.35732,0.63897,-0.00489,-0.11851,31.2522796,75.7026437,0.680,229.30
615.650,-2.21703,2.00634,5.51624,0.22724,0.01955,0.15027,31.2522796,75.7026437,0.680,229.30
615.755,0.38786,2.33674,8.23605,-0.15149,0.06597,0.67684,31.2522796,75.7026437,0.680,229.30
615.858,-1.59933,2.84910,9.63427,0.30910,0.68173,0.40073,31.2522796,75.7026437,0.680,229.30
615.962,-3.61524,3.28963,12.52168,-0.61697,-1.24494,-0.63041,31.2522741,75.7026376,0.760,225.90
616.066,-2.21703,1.35033,11.90397,2.99813,0.80879,-0.58521,31.2522741,75.7026376,0.760,225.90
616.171,-1.31681,2.57616,8.48505,-0.78069,-2.27242,-1.52105,31.2522741,75.7026376,0.760,225.90
616.276,-1.70946,2.22182,7.79552,1.18874,-0.06109,-0.11484,31.2522741,75.7026376,0.760,225.90
616.381,-0.37828,4.58729,7.52737,-0.29932,0.49969,-0.55589,31.2522741,75.7026376,0.760,225.90
616.483,-0.64165,4.98473,8.38449,0.36041,-0.64630,0.07208,31.2522741,75.7026376,0.760,225.90
616.585,-1.04866,6.83305,7.59920,-0.38973,0.13317,0.36774,31.2522741,75.7026376,0.760,225.90
616.690,-2.28886,2.48518,11.08515,0.49358,0.07086,0.49969,31.2522741,75.7026376,0.760,225.90
616.793,0.43574,3.24654,7.38851,0.16005,-0.10996,-0.32987,31.2522741,75.7026376,0.760,225.90
616.896,-0.26336,3.05500,6.33506,0.15638,0.48136,0.35430,31.2522741,75.7026376,0.760,225.90
616.998,0.33998,4.96557,7.62793,-0.12828,-0.38240,0.41905,31.2522683,75.7026290,0.960,233.40
617.102,0.24900,4.71658,12.22001,-0.70983,0.10018,-0.68783,31.2522683,75.7026290,0.960,233.40
617.207,0.17717,3.53384,12.50731,-0.37018,-0.30788,-0.82222,31.2522683,75.7026290,0.960,233.40
617.312,1.78607,3.45244,6.45477,0.65851,0.63530,0.44104,31.2522683,75.7026290,0.960,233.40
617.416,0.11013,2.31280,9.04051,-0.26023,-0.76603,-0.70738,31.2522683,75.7026290,0.960,233.40
617.518,0.25379,3.83551,6.51702,0.27611,-0.27245,-0.06597,31.2522683,75.7026290,0.960,233.40
617.622,0.14844,4.91290,9.62948,-0.43860,-0.72937,0.03543,31.2522683,75.7026290,0.960,233.40
617.726,-1.29287,4.44364,8.96389,-0.10873,1.33046,0.39340,31.2522683,75.7026290,0.960,233.40
617.829,-1.14922,2.98796,10.01734,-0.12706,0.57788,0.60476,31.2522683,75.7026290,0.960,233.40
617.933,0.53151,2.04944,9.93594,0.15516,-0.19548,-1.31580,31.2522623,75.7026200,1.060,239.70
618.035,1.15879,1.71425,6.59363,-0.78435,-0.37263,1.38789,31.2522623,75.7026200,1.060,239.70
618.137,0.78051,4.21858,10.39084,-0.91385,-0.15149,-0.01833,31.2522623,75.7026200,1.060,239.70
618.239,-1.12527,2.37984,11.95664,-0.36285,0.29688,-0.12828,31.2522623,75.7026200,1.060,239.70
618.343,2.61926,2.13563,13.93425,0.35675,-1.19730,-0.25412,31.2522623,75.7026200,1.060,239.70
618.448,1.29766,0.61292,6.52181,0.81978,0.52046,0.21625,31.2522623,75.7026200,1.060,239.70
618.552,1.63763,2.10690,7.24485,-0.24923,-0.18937,-0.48991,31.2522623,75.7026200,1.060,239.70
618.655,0.87149,3.87382,7.37414,-0.38607,-0.17349,-0.33231,31.2522623,75.7026200,1.060,239.70
618.759,1.08697,3.90255,11.01812,-0.10996,-0.48503,-0.03665,31.2522623,75.7026200,1.060,239.70
618.864,0.63207,4.95121,8.81066,-0.17226,1.29626,-0.01833,31.2522623,75.7026200,1.060,239.70
618.967,-1.99676,0.23942,11.10431,0.01833,0.75992,-0.36774,31.2522569,75.7026107,0.980,243.10
619.069,-0.84755,0.42138,9.96946,0.36652,-0.58154,0.26634,31.2522569,75.7026107,0.980,243.10
619.171,0.02873,1.88184,6.40688,0.21258,0.34208,0.83200,31.2522569,75.7026107,0.980,243.10
619.273,1.08697,2.53785,8.55209,-0.27000,-0.17349,0.40195,31.2522569,75.7026107,0.980,243.10
619.377,2.33674,4.17070,12.38281,0.12584,-0.03665,0.04765,31.2522569,75.7026107,0.980,243.10
619.481,1.44610,0.29688,15.00207,-0.34697,-0.48625,-1.13254,31.2522569,75.7026107,0.980,243.10
619.585,1.66158,-0.07661,5.83706,1.07390,0.45937,-0.04398,31.2522569,75.7026107,0.980,243.10
619.691,1.23541,2.08296,7.10120,-0.34575,-0.05620,-0.60598,31.2522569,75.7026107,0.980,243.10
619.795,0.29688,4.15633,7.84819,-0.33964,-0.74281,-0.47037,31.2522569,75.7026107,0.980,243.10
619.899,-0.75178,4.08451,11.24796,0.13561,-0.12584,0.03543,31.2522569,75.7026107,0.980,243.10
620.002,-0.04788,5.20021,8.22169,0.20159,0.51435,0.49236,31.2522517,75.7026013,1.030,239.50
620.107,-1.45567,0.38307,11.13304,0.59010,1.00793,0.15149,31.2522517,75.7026013,1.030,239.50
620.211,0.33040,1.99676,8.26957,0.73793,-0.03176,0.40317,31.2522517,75.7026013,1.030,239.50
620.315,0.10534,1.97761,6.71334,-0.08430,0.78924,0.74037,31.2522517,75.7026013,1.030,239.50
620.419,1.11570,3.88340,9.62948,-0.18082,-0.16860,0.29444,31.2522517,75.7026013,1.030,239.50
620.525,0.03831,4.11803,10.59674,-0.45571,-0.42272,-0.15760,31.2522517,75.7026013,1.030,239.50
620.628,1.00556,2.76770,13.10107,-0.70983,-0.99571,-0.57544,31.2522517,75.7026013,1.030,239.50
620.733,1.36948,1.42216,7.38372,0.66584,0.60964,0.15516,31.2522517,75.7026013,1.030,239.50
620.837,1.00556,1.99676,8.03494,-0.14783,-0.19059,-0.45326,31.2522517,75.7026013,1.030,239.50
620.942,0.72784,3.52905,7.58962,-0.42028,-0.75381,-0.26634,31.2522448,75.7025902,1.090,235.80
621.045,0.92416,3.54821,10.59195,-0.43127,0.00244,0.05376,31.2522448,75.7025902,1.090,235.80
621.150,-0.09577,3.60088,8.88728,-0.60720,0.49236,0.57177,31.2522448,75.7025902,1.090,235.80
621.253,-0.96726,0.84755,9.70131,0.42394,0.79168,0.50213,31.2522448,75.7025902,1.090,235.80
621.358,0.93374,1.45089,8.95910,0.51801,-1.14476,0.13561,31.2522448,75.7025902,1.090,235.80
621.461,0.44532,2.59053,7.26880,-0.17349,0.40684,0.47403,31.2522448,75.7025902,1.090,235.80
621.566,1.24977,1.70467,10.75954,-0.38851,0.87232,-0.08552,31.2522448,75.7025902,1.090,235.80
621.669,0.91459,1.28808,10.71166,-0.10263,0.01100,0.05742,31.2522448,75.7025902,1.090,235.80
621.773,4.13718,1.03908,13.91989,-1.39522,-1.45997,-0.43371,31.2522448,75.7025902,1.090,235.80
621.876,2.06380,0.35434,7.29753,0.67317,0.29444,-0.17959,31.2522448,75.7025902,1.090,235.80
621.981,-0.22505,0.67038,7.80510,0.13928,0.42883,-0.50946,31.2522395,75.7025807,1.030,232.40
622.085,0.04788,2.41814,8.56645,0.31643,-0.70494,-0.33109,31.2522395,75.7025807,1.030,232.40
622.190,0.00958,3.31358,10.37168,-0.26267,0.22602,0.33109,31.2522395,75.7025807,1.030,232.40
622.294,-0.61292,2.81558,10.07480,-1.24739,-0.07941,0.18204,31.2522395,75.7025807,1.030,232.40
622.398,-1.71904,-0.80445,11.63103,0.69639,0.46426,0.87842,31.2522395,75.7025807,1.030,232.40
622.501,0.40223,0.66080,7.80510,0.91141,0.25412,0.36041,31.2522395,75.7025807,1.030,232.40
622.604,0.48363,2.16915,6.21535,0.62430,-0.41539,0.72449,31.2522395,75.7025807,1.030,232.40
622.707,2.37505,3.17471,9.75877,-0.00977,-0.79657,0.47159,31.2522395,75.7025807,1.030,232.40
622.812,2.21703,3.07894,10.20409,-0.20769,0.17715,-0.03176,31.2522395,75.7025807,1.030,232.40
622.915,3.21302,0.86670,11.36767,-0.55833,1.17286,-0.10629,31.2522395,75.7025807,1.030,232.40
623.018,2.82516,1.66636,7.07726,0.39828,-0.83689,-0.29566,31.2522318,75.7025711,1.180,229.10
623.120,1.59454,2.20267,7.23049,-0.43494,0.10018,-0.64752,31.2522318,75.7025711,1.180,229.10
623.227,1.43173,3.36146,9.50019,-0.33475,-0.27367,-0.36408,31.2522318,75.7025711,1.180,229.10
623.333,1.73819,3.78284,12.88081,0.50580,-0.57788,0.28344,31.2522318,75.7025711,1.180,229.10
623.437,1.38864,1.10133,15.06432,-0.30543,0.85399,-0.06231,31.2522318,75.7025711,1.180,229.10
623.542,-0.69911,1.24498,7.06289,0.64263,-0.66951,0.55955,31.2522318,75.7025711,1.180,229.10
623.645,0.62728,2.23140,6.29196,-0.12584,0.09774,0.36285,31.2522318,75.7025711,1.180,229.10
623.748,1.19710,2.28407,9.55287,0.10507,-0.07819,0.36652,31.2522318,75.7025711,1.180,229.10
623.851,3.20823,3.06458,10.46266,-0.10263,-0.03543,0.41661,31.2522318,75.7025711,1.180,229.10
623.957,3.47638,3.23696,10.62547,-0.69150,-0.26023,-0.44104,31.2522249,75.7025597,1.090,229.70
624.058,1.78607,0.07183,10.15141,1.08734,1.00060,-0.09774,31.2522249,75.7025597,1.090,229.70
624.163,2.47560,2.91614,6.33506,0.14050,0.46059,-0.62064,31.2522249,75.7025597,1.090,229.70
624.267,0.25379,3.23696,6.28239,0.32865,-0.50824,-0.57910,31.2522249,75.7025597,1.090,229.70
624.371,0.59855,4.73573,10.32859,0.25656,-0.80023,0.07575,31.2522249,75.7025597,1.090,229.70
624.475,0.61292,5.09486,10.79785,0.05986,-0.44227,-0.28344,31.2522249,75.7025597,1.090,229.70
624.576,1.51792,0.54109,8.73405,-0.43860,1.09956,0.39462,31.2522249,75.7025597,1.090,229.70
624.678,2.06380,2.68151,8.15944,-0.37385,-0.39218,0.61575,31.2522249,75.7025597,1.090,229.70
624.782,1.61369,4.52025,7.34062,0.04765,-0.29199,0.50824,31.2522249,75.7025597,1.090,229.70
624.884,1.24020,3.72059,8.27436,-0.09529,-0.13928,-0.40073,31.2522249,75.7025597,1.090,229.70
624.987,1.12049,3.01669,10.18972,-0.63041,0.78557,-0.30543,31.2522179,75.7025491,1.010,229.10
625.089,1.52271,1.03908,16.59182,-1.62246,0.21502,-0.73915,31.2522179,75.7025491,1.010,229.10
625.192,1.70467,1.81959,7.24964,0.88942,-0.42394,0.41783,31.2522179,75.7025491,1.010,229.10
625.297,1.29766,1.13006,7.40287,0.38973,0.39218,-0.38729,31.2522179,75.7025491,1.010,229.10
625.401,1.21147,3.14119,6.46913,-0.17226,-0.66096,-0.21380,31.2522179,75.7025491,1.010,229.10
625.506,1.04866,3.24175,11.72680,-0.16249,0.17959,0.15027,31.2522179,75.7025491,1.010,229.10
625.609,0.81882,2.49476,10.96544,-0.58154,0.27733,-0.22358,31.2522179,75.7025491,1.010,229.10
625.712,-1.33118,0.33998,7.17782,0.25045,1.08123,0.55467,31.2522179,75.7025491,1.010,229.10
625.816,0.33998,1.46525,11.31500,-0.08552,-0.47159,0.02810,31.2522179,75.7025491,1.010,229.10
625.918,-1.56581,0.50278,9.09318,-0.51435,0.81856,0.61453,31.2522179,75.7025491,1.010,229.10
626.021,-0.55545,0.75178,8.69095,0.67317,-0.03054,0.96639,31.2522107,75.7025387,1.060,224.60
626.122,0.44532,1.24498,10.30943,0.28344,-0.13683,0.70372,31.2522107,75.7025387,1.060,224.60
626.228,3.53863,0.54109,17.04672,-1.41965,-0.30543,-0.33964,31.2522107,75.7025387,1.060,224.60
626.332,0.85234,1.17316,5.24330,0.78924,0.59376,0.17837,31.2522107,75.7025387,1.060,224.60
626.436,0.44053,1.83875,6.57927,0.06964,-0.72326,0.39218,31.2522107,75.7025387,1.060,224.60
626.540,1.22583,2.96881,8.43238,-0.08919,-0.91996,0.09896,31.2522107,75.7025387,1.060,224.60
626.644,0.40701,1.52750,9.78271,0.16249,-0.37996,0.66706,31.2522107,75.7025387,1.060,224.60
626.751,-1.69509,-3.75890,13.87200,-0.60109,-2.80754,0.62675,31.2522107,75.7025387,1.060,224.60
626.856,2.55701,0.80445,8.80109,-0.02321,0.19303,-1.10078,31.2522107,75.7025387,1.060,224.60
626.961,1.37906,1.85790,8.65743,0.91019,1.17408,0.96883,31.2522036,75.7025309,1.050,220.00
627.064,1.96803,3.14119,7.53695,0.56322,0.98105,1.08856,31.2522036,75.7025309,1.050,220.00
627.168,0.77093,1.35991,12.59829,-0.78679,1.40743,-0.04032,31.2522036,75.7025309,1.050,220.00
627.270,4.38618,0.84276,12.66054,0.16982,0.25656,0.00367,31.2522036,75.7025309,1.050,220.00
627.373,3.37582,0.65601,8.28394,0.61820,-2.32495,-1.89368,31.2522036,75.7025309,1.050,220.00
627.479,3.97437,0.08140,10.11311,0.58154,0.30788,-0.32865,31.2522036,75.7025309,1.050,220.00
627.583,1.51314,1.30723,7.32626,0.11851,-0.54856,-0.27855,31.2522036,75.7025309,1.050,220.00
627.689,0.23942,1.47962,9.27993,0.09407,0.49724,0.09529,31.2522036,75.7025309,1.050,220.00
627.791,-0.15323,2.95923,13.19684,-0.42394,1.27182,0.47037,31.2522036,75.7025309,1.050,220.00
627.896,-2.43251,3.14598,9.76355,0.67684,-0.95906,-0.10996,31.2522036,75.7025309,1.050,220.00
628.001,0.03352,2.05422,6.30633,0.68661,0.03054,0.87354,31.2521941,75.7025226,1.110,219.00
628.103,0.53630,3.21781,6.87615,0.85032,0.49847,0.95784,31.2521941,75.7025226,1.110,219.00
628.206,3.79242,3.41892,9.02614,-0.17715,-0.21380,1.46608,31.2521941,75.7025226,1.110,219.00
628.309,5.68862,5.18105,11.36288,-0.72082,0.41294,-0.11362,31.2521941,75.7025226,1.110,219.00
628.416,4.04141,2.44209,9.27514,0.51557,-1.37323,-1.56137,31.2521941,75.7025226,1.110,219.00
628.521,3.27527,1.50835,7.99663,0.70372,-0.09529,-1.03236,31.2521941,75.7025226,1.110,219.00
628.625,1.45567,2.87304,6.98628,0.05131,-0.94684,-1.13010,31.2521941,75.7025226,1.110,219.00
628.729,0.87149,3.86424,8.73405,-0.22358,-0.37263,-0.27000,31.2521941,75.7025226,1.110,219.00
628.831,0.15802,4.55377,11.07079,-0.43494,0.87598,0.46059,31.2521941,75.7025226,1.110,219.00
628.938,-0.97205,3.74932,11.21444,-0.10873,-0.13073,-0.37263,31.2521859,75.7025145,1.160,220.40
629.040,-0.35434,3.97916,5.65510,-0.22358,0.38362,0.57421,31.2521859,75.7025145,1.160,220.40
629.143,2.35589,2.58574,7.26401,-0.04520,0.42150,0.88209,31.2521859,75.7025145,1.160,220.40
629.246,3.57694,3.65834,9.08360,-0.45448,-0.01100,0.37385,31.2521859,75.7025145,1.160,220.40
629.352,1.84832,5.33428,10.59195,0.57788,0.08674,-0.68661,31.2521859,75.7025145,1.160,220.40
629.456,3.42371,1.98240,13.47457,-0.13073,-0.44960,-0.12584,31.2521859,75.7025145,1.160,220.40
629.559,3.43329,3.03106,7.55131,0.13928,-0.29688,-0.75259,31.2521859,75.7025145,1.160,220.40
629.663,1.71425,1.67115,8.68616,0.19914,-0.88453,-1.08001,31.2521859,75.7025145,1.160,220.40
629.768,0.13408,3.22738,7.46991,0.36285,-0.56810,-0.37874,31.2521859,75.7025145,1.160,220.40
629.872,0.76614,4.02226,7.85298,-0.14050,0.36163,0.29932,31.2521859,75.7025145,1.160,220.40
629.977,1.08697,4.54898,15.32768,-1.17897,2.37749,1.19363,31.2521786,75.7025061,1.040,224.60
630.080,-0.69432,4.12282,9.30387,0.72937,-1.04947,-0.05986,31.2521786,75.7025061,1.040,224.60
630.189,0.61292,2.46603,5.47315,-0.05009,0.88087,1.32069,31.2521786,75.7025061,1.040,224.60
630.293,2.23618,2.61926,7.03895,-0.06109,0.94684,1.09223,31.2521786,75.7025061,1.040,224.60
630.397,3.31358,4.18985,8.29351,-0.42150,0.06475,0.45082,31.2521786,75.7025061,1.040,224.60
630.501,2.82995,5.88974,11.41077,0.04398,0.84055,0.28222,31.2521786,75.7025061,1.040,224.60
630.604,2.78206,2.37505,13.74751,-0.05131,-0.33964,0.14539,31.2521786,75.7025061,1.040,224.60
630.709,2.80122,2.12126,8.06367,0.55222,0.42638,-0.94806,31.2521786,75.7025061,1.040,224.60
630.814,0.84755,1.39343,8.14029,-0.32132,-1.04947,-1.08856,31.2521786,75.7025061,1.040,224.60
630.920,-0.43096,2.37505,7.10599,0.10996,-0.79901,-0.86132,31.2521786,75.7025061,1.040,224.60
631.023,-0.81403,3.71580,9.08360,-0.13806,0.20647,-0.05498,31.2521715,75.7024972,1.070,225.60
631.126,-0.07661,3.28006,15.33726,-1.53572,1.16920,0.84299,31.2521715,75.7024972,1.070,225.60
631.228,-2.05901,3.83072,9.08360,0.97738,-0.62553,-0.75625,31.2521715,75.7024972,1.070,225.60
631.333,-0.47884,2.94008,5.30555,-0.13439,0.28833,0.98471,31.2521715,75.7024972,1.070,225.60
631.436,1.57060,2.56180,7.42203,-0.28100,0.53756,1.28648,31.2521715,75.7024972,1.070,225.60
631.539,3.09810,3.85945,9.97903,-0.50946,0.01588,0.51801,31.2521715,75.7024972,1.070,225.60
631.644,3.21302,4.91769,11.80341,-0.05376,0.25168,-0.03910,31.2521715,75.7024972,1.070,225.60
631.748,2.78685,1.13006,10.98460,0.32620,-1.25472,-0.73426,31.2521715,75.7024972,1.070,225.60
631.852,2.14999,1.54187,8.54730,0.55955,0.79412,-0.64263,31.2521715,75.7024972,1.070,225.60
631.954,1.18752,2.37026,7.13472,0.17593,-1.05924,-1.13499,31.2521648,75.7024891,1.010,225.50
632.058,0.17238,3.37582,8.18817,0.06720,-0.30788,-0.28344,31.2521648,75.7024891,1.010,225.50
632.162,0.32082,3.85466,9.61033,-0.37629,0.14050,0.49480,31.2521648,75.7024891,1.010,225.50
632.265,0.20590,1.77650,14.45619,-0.63530,0.17715,0.22480,31.2521648,75.7024891,1.010,225.50
632.373,-2.60968,4.37660,5.65989,1.11055,0.09652,-0.01344,31.2521648,75.7024891,1.010,225.50
632.477,2.02071,2.37026,7.03895,-0.34575,0.12217,1.64567,31.2521648,75.7024891,1.010,225.50
632.581,3.52426,2.78206,7.98227,-0.20159,0.32254,0.85888,31.2521648,75.7024891,1.010,225.50
632.685,3.75411,4.47716,10.09874,0.06475,0.13561,-0.32254,31.2521648,75.7024891,1.010,225.50
632.791,4.97994,1.92973,16.49126,-0.51068,0.96150,0.15149,31.2521648,75.7024891,1.010,225.50
632.896,2.37505,2.35589,8.07325,0.64752,-0.27733,-0.98349,31.2521648,75.7024891,1.010,225.50
632.999,1.39821,1.26893,6.70376,0.12584,-0.90652,-0.93707,31.2521598,75.7024815,0.930,226.50
633.102,0.56982,2.94487,6.27281,0.27611,0.05864,-0.76969,31.2521598,75.7024815,0.930,226.50
633.206,1.32639,4.24731,9.44752,-0.32987,0.87720,-0.10873,31.2521598,75.7024815,0.930,226.50
633.309,1.03430,4.46758,12.77546,-0.67806,0.97861,0.15638,31.2521598,75.7024815,0.930,226.50
633.412,-0.49321,3.13162,9.96467,0.15516,-0.31887,-0.56200,31.2521598,75.7024815,0.930,226.50
633.516,0.06225,2.27449,7.69018,-0.08308,0.09896,-0.12095,31.2521598,75.7024815,0.930,226.50
633.620,0.21069,3.32315,6.17225,0.41050,0.49724,0.07330,31.2521598,75.7024815,0.930,226.50
633.724,1.21625,4.56335,8.45153,0.03299,-0.01955,-0.28833,31.2521598,75.7024815,0.930,226.50
633.828,0.28730,6.34463,10.38605,0.28588,0.25045,-0.35552,31.2521598,75.7024815,0.930,226.50
633.932,0.14844,1.70946,12.17212,0.26512,-0.94562,-0.35552,31.2521598,75.7024815,0.930,226.50
634.036,0.04788,2.30322,7.02938,0.24679,-0.33231,-0.68783,31.2521541,75.7024727,1.000,227.90
634.140,0.90980,3.44765,7.05811,0.01344,-0.91141,-1.24494,31.2521541,75.7024727,1.000,227.90
634.244,-1.39821,4.65912,9.33739,0.70372,0.41661,-0.37018,31.2521541,75.7024727,1.000,227.90
634.349,-2.44687,4.85544,8.35098,0.14539,-0.28588,0.65118,31.2521541,75.7024727,1.000,227.90
634.454,-1.91057,4.11324,11.12346,-0.69150,1.21684,0.96517,31.2521541,75.7024727,1.000,227.90
634.557,-1.71425,3.25611,7.42203,-0.18204,0.15394,0.39462,31.2521541,75.7024727,1.000,227.90
634.661,-0.46448,3.51469,6.80911,-0.23824,0.75625,1.25594,31.2521541,75.7024727,1.000,227.90
634.765,1.03430,3.47159,7.47470,-0.70005,0.28100,1.45019,31.2521541,75.7024727,1.000,227.90
634.870,2.10211,4.43406,11.22881,-0.49480,0.32742,0.09163,31.2521541,75.7024727,1.000,227.90
634.973,2.26970,4.90333,14.19283,-1.03847,0.72571,0.18082,31.2521482,75.7024634,1.010,230.50
635.075,1.61369,-0.01915,11.20965,0.25412,-2.22233,-1.40377,31.2521482,75.7024634,1.010,230.50
635.179,-0.97205,0.56503,7.57525,1.24494,0.14905,-0.68661,31.2521482,75.7024634,1.010,230.50
635.283,1.07739,1.53708,6.27281,-0.20036,-1.25838,-0.41172,31.2521482,75.7024634,1.010,230.50
635.387,1.21625,2.68629,8.58082,-0.33598,-0.31154,-0.59010,31.2521482,75.7024634,1.010,230.50
635.492,-0.49799,4.41970,12.24395,-0.07697,0.47647,-0.09774,31.2521482,75.7024634,1.010,230.50
635.597,-1.58975,2.29843,12.09072,0.19059,-0.70372,0.22846,31.2521482,75.7024634,1.010,230.50
635.701,-2.05901,2.69108,5.15711,1.12033,0.24435,0.36896,31.2521482,75.7024634,1.010,230.50
635.806,-0.23942,2.62405,4.97994,-0.05742,0.91752,1.12033,31.2521482,75.7024634,1.010,230.50
635.911,0.99599,2.92571,7.59920,-1.03236,1.31580,1.80205,31.2521482,75.7024634,1.010,230.50
636.015,3.20823,1.23541,14.30775,-1.32802,1.42820,0.55955,31.2521430,75.7024537,0.990,237.70
636.119,1.91536,1.02472,14.99249,-0.96517,-0.63652,-0.61697,31.2521430,75.7024537,0.990,237.70
636.222,1.13006,0.51236,10.19451,0.74526,-1.14110,-1.61635,31.2521430,75.7024537,0.990,237.70
636.326,0.65122,-0.20111,8.37971,0.85032,-0.69639,-1.55038,31.2521430,75.7024537,0.990,237.70
636.430,0.46926,1.47962,6.40210,0.22358,-1.04336,-1.42576,31.2521430,75.7024537,0.990,237.70
636.534,0.14365,2.65756,8.59997,0.13683,-0.41539,-0.59620,31.2521430,75.7024537,0.990,237.70
636.639,-0.15802,2.61926,11.63582,-0.60842,-0.00122,0.48747,31.2521430,75.7024537,0.990,237.70
636.742,-0.92895,1.36469,12.65096,0.44349,-0.32498,0.10507,31.2521430,75.7024537,0.990,237.70
636.846,-1.08218,2.58574,6.07170,0.45937,0.20403,0.91874,31.2521430,75.7024537,0.990,237.70
636.949,1.13485,1.57060,6.65109,0.46304,0.93829,1.62979,31.2521386,75.7024433,1.050,241.40
637.053,2.48997,1.64242,7.52258,-0.19914,0.54611,1.58703,31.2521386,75.7024433,1.050,241.40
637.155,4.78362,2.50912,10.18493,-0.79779,-0.43005,0.06720,31.2521386,75.7024433,1.050,241.40
637.260,5.45399,1.69509,16.41944,-0.58643,0.59620,-0.16371,31.2521386,75.7024433,1.050,241.40
637.365,2.72939,0.00479,10.50097,1.10444,-1.28160,-1.93889,31.2521386,75.7024433,1.050,241.40
637.470,1.32639,0.09577,7.51300,0.92241,-0.97250,-1.20829,31.2521386,75.7024433,1.050,241.40
637.573,1.58496,1.22583,5.50188,-0.00244,-1.17408,-0.87720,31.2521386,75.7024433,1.050,241.40
637.678,1.25456,2.65756,6.02381,-0.38485,0.04520,-0.43616,31.2521386,75.7024433,1.050,241.40
637.782,-0.52672,4.37660,12.44506,-0.64019,1.46608,0.49969,31.2521386,75.7024433,1.050,241.40
637.887,-0.70868,2.87783,15.01643,-0.09285,0.21747,0.92363,31.2521386,75.7024433,1.050,241.40
637.990,-0.79487,2.38462,7.36456,0.85155,0.64630,1.37811,31.2521340,75.7024341,0.950,239.10
638.092,1.44610,0.67995,6.33027,0.12462,0.47037,1.96210,31.2521340,75.7024341,0.950,239.10
638.195,3.59609,1.29766,6.48829,-0.31521,0.58521,1.43187,31.2521340,75.7024341,0.950,239.10
638.299,4.38139,2.10690,12.14339,-0.91508,0.24557,0.18082,31.2521340,75.7024341,0.950,239.10
638.404,4.04141,3.74453,12.74194,-0.84544,-0.30055,-0.26756,31.2521340,75.7024341,0.950,239.10
638.508,3.74932,0.41659,10.29507,0.64752,-1.68965,-1.82649,31.2521340,75.7024341,0.950,239.10
638.611,1.46525,0.30167,9.65342,1.25472,0.43860,-1.22173,31.2521340,75.7024341,0.950,239.10
638.716,0.44053,1.38385,5.21936,0.37996,-1.53938,-1.15942,31.2521340,75.7024341,0.950,239.10
638.822,1.39821,3.40455,6.57448,0.03910,0.48625,-0.22480,31.2521340,75.7024341,0.950,239.10
638.926,2.06380,4.92248,11.10910,-0.62064,0.59620,0.13928,31.2521278,75.7024263,0.990,232.50
639.028,0.64165,3.41892,14.03960,0.35430,-0.22235,0.12217,31.2521278,75.7024263,0.990,232.50
639.131,-1.03908,3.76847,5.57370,0.59010,0.12095,0.26389,31.2521278,75.7024263,0.990,232.50
639.236,0.58897,2.54743,5.56891,0.06475,0.36163,0.96639,31.2521278,75.7024263,0.990,232.50
639.340,1.94888,3.58173,7.88171,-0.08430,0.77336,1.17653,31.2521278,75.7024263,0.990,232.50
639.445,3.32794,5.45878,10.55843,-0.09529,-0.04643,0.09652,31.2521278,75.7024263,0.990,232.50
639.552,5.41568,4.45800,15.82567,-0.50702,1.13499,0.37263,31.2521278,75.7024263,0.990,232.50
639.658,3.32794,3.05500,7.60877,0.71960,-1.31214,-1.31458,31.2521278,75.7024263,0.990,232.50
639.764,1.98719,1.45567,5.28640,0.71471,-0.43005,-0.75014,31.2521278,75.7024263,0.990,232.50
639.866,1.41737,3.11246,6.53138,-0.08063,-0.44960,-0.65240,31.2521278,75.7024263,0.990,232.50
639.970,1.16358,4.15155,11.07079,-0.42272,0.37141,-0.02566,31.2521212,75.7024191,0.990,224.40
640.073,0.69911,6.39731,11.14261,-1.01648,0.70738,0.18692,31.2521212,75.7024191,0.990,224.40
640.176,-1.58496,4.63039,9.71088,0.38729,0.13683,-0.04276,31.2521212,75.7024191,0.990,224.40
640.280,-0.51715,2.91614,4.65433,0.20281,0.19914,0.91630,31.2521212,75.7024191,0.990,224.40
640.385,1.72861,2.99754,6.77559,-0.13806,1.19607,1.42087,31.2521212,75.7024191,0.990,224.40
640.490,4.31914,3.50511,11.30542,-0.92485,-0.13073,0.64507,31.2521212,75.7024191,0.990,224.40
640.594,3.22738,5.87058,9.07402,-0.03910,-0.19792,-0.70738,31.2521212,75.7024191,0.990,224.40
640.697,3.42850,1.27372,14.27423,0.49969,0.33353,-1.14965,31.2521212,75.7024191,0.990,224.40
640.801,1.09176,2.72939,9.08360,0.69516,-0.03421,-1.03603,31.2521212,75.7024191,0.990,224.40
640.902,0.46448,1.57060,6.84263,0.20036,-1.68843,-1.08734,31.2521212,75.7024191,0.990,224.40
641.004,-0.12929,4.05578,6.11000,0.31398,-0.73548,-0.83689,31.2521141,75.7024113,1.030,221.80
641.106,-0.13886,5.59285,10.02213,-0.33475,0.26267,0.14783,31.2521141,75.7024113,1.030,221.80
641.211,-1.57538,3.73974,14.86799,-0.64874,1.35490,0.76725,31.2521141,75.7024113,1.030,221.80
641.315,-2.74376,4.25689,6.92882,1.08001,0.01466,0.34941,31.2521141,75.7024113,1.030,221.80
641.420,-0.51236,2.48039,5.26246,0.02810,0.96761,1.63834,31.2521141,75.7024113,1.030,221.80
641.525,-0.02394,2.88741,7.89608,-0.38851,1.35368,1.82038,31.2521141,75.7024113,1.030,221.80
641.627,3.30400,4.76446,10.43393,-0.67073,0.45571,0.63897,31.2521141,75.7024113,1.030,221.80
641.733,5.24330,5.56891,13.88637,-0.72693,0.46304,0.35430,31.2521141,75.7024113,1.030,221.80
641.839,4.53462,1.04387,11.78905,0.97616,-1.67133,-1.41843,31.2521141,75.7024113,1.030,221.80
641.942,1.53708,1.34554,7.27358,1.02259,-1.03236,-1.47341,31.2521070,75.7024041,0.980,217.40
642.046,0.94810,0.55545,4.55377,-0.65485,-2.22233,-1.33046,31.2521070,75.7024041,0.980,217.40
642.149,-1.10133,3.57215,7.42203,-0.08308,0.75747,-1.06901,31.2521070,75.7024041,0.980,217.40
642.254,-2.40378,5.28161,10.41478,-1.95110,0.17471,0.70127,31.2521070,75.7024041,0.980,217.40
642.359,0.86191,2.51391,19.02433,-0.68050,1.76174,1.12277,31.2521070,75.7024041,0.980,217.40
642.464,-1.87705,2.33195,8.37492,2.04640,0.23335,0.35430,31.2521070,75.7024041,0.980,217.40
642.569,-0.97683,0.64643,6.10521,0.50091,0.09407,1.68110,31.2521070,75.7024041,0.980,217.40
642.673,0.55545,2.26013,5.49709,-0.12095,0.21136,1.43065,31.2521070,75.7024041,0.980,217.40
642.778,2.40857,4.51546,7.45076,-0.71838,0.47525,0.82955,31.2521070,75.7024041,0.980,217.40
642.882,4.04141,4.50110,16.07467,-0.24923,0.45082,0.22480,31.2521070,75.7024041,0.980,217.40
642.984,2.51870,2.40857,9.93115,1.19119,-1.83870,-1.01526,31.2520998,75.7023976,0.960,216.50
643.088,3.11725,2.47560,8.08761,0.93829,-0.10873,-0.64752,31.2520998,75.7023976,0.960,216.50
643.191,-0.04310,2.59531,6.11000,0.50335,-0.62430,-0.63163,31.2520998,75.7023976,0.960,216.50
643.294,-0.12929,4.57771,5.73651,-0.34575,-0.62553,-0.26878,31.2520998,75.7023976,0.960,216.50
643.397,-0.19632,5.54018,9.37569,-0.35675,1.56626,0.30055,31.2520998,75.7023976,0.960,216.50
643.501,-0.37350,4.30477,12.16733,-0.67440,0.66829,0.81001,31.2520998,75.7023976,0.960,216.50
643.608,0.44532,4.36702,8.65743,-0.48014,-0.12095,0.56810,31.2520998,75.7023976,0.960,216.50
643.712,0.15323,2.71502,7.22091,0.13806,0.55711,0.61697,31.2520998,75.7023976,0.960,216.50
643.819,0.45490,3.39498,7.20176,-0.34086,0.29322,0.91141,31.2520998,75.7023976,0.960,216.50
643.923,2.11647,3.84509,9.54329,-0.53756,-0.18692,0.56200,31.2520934,75.7023902,0.980,215.20
644.026,2.98318,4.65912,10.03649,-0.04032,-0.20403,-0.27489,31.2520934,75.7023902,0.980,215.20
644.129,2.35589,1.74298,12.32056,0.18937,-0.25779,-0.52046,31.2520934,75.7023902,0.980,215.20
644.233,2.37984,1.65200,10.10353,0.41539,0.71471,-0.87476,31.2520934,75.7023902,0.980,215.20
644.338,0.42617,2.06859,7.75721,0.51191,-0.88087,-1.52350,31.2520934,75.7023902,0.980,215.20
644.445,-0.95289,3.08852,8.20732,0.46059,-0.03787,-0.75014,31.2520934,75.7023902,0.980,215.20
644.548,-1.56102,4.12282,6.88094,0.15272,0.10385,0.31643,31.2520934,75.7023902,0.980,215.20
644.651,-0.88585,2.38462,14.08269,-2.56686,1.39399,0.96272,31.2520934,75.7023902,0.980,215.20
644.755,-3.16513,4.33829,7.83862,0.47403,-0.09896,-0.36652,31.2520934,75.7023902,0.980,215.20
644.861,-1.63763,2.78206,7.24007,-0.48136,0.41783,1.63345,31.2520934,75.7023902,0.980,215.20
644.963,1.19710,2.03028,8.79630,-0.34208,0.35430,1.49295,31.2520854,75.7023833,1.020,212.40
645.066,2.41336,3.13162,10.55843,0.29688,0.07453,-0.06720,31.2520854,75.7023833,1.020,212.40
645.169,3.39019,4.22816,11.59751,-0.09041,-0.30788,-0.59620,31.2520854,75.7023833,1.020,212.40
645.272,2.35589,1.08218,9.53371,0.80146,-1.69698,-1.66522,31.2520854,75.7023833,1.020,212.40
645.375,2.03986,1.11570,10.39562,0.95295,0.73059,-1.45019,31.2520854,75.7023833,1.020,212.40
645.479,-0.34477,1.82438,8.71011,0.17104,-1.66522,-0.93585,31.2520854,75.7023833,1.020,212.40
645.582,-1.28808,2.16915,7.85298,0.51679,-1.08856,-0.33842,31.2520854,75.7023833,1.020,212.40
645.684,-1.39821,3.21302,7.32147,-0.43127,-0.03665,0.30788,31.2520854,75.7023833,1.020,212.40
645.786,-2.08296,2.63841,15.84962,-0.63652,1.78984,0.48747,31.2520854,75.7023833,1.020,212.40
645.891,-1.22104,3.51948,6.80432,0.07086,0.15272,0.74526,31.2520854,75.7023833,1.020,212.40
645.996,1.24498,1.54187,8.15465,-0.51801,1.18508,1.88391,31.2520770,75.7023772,1.010,210.70
646.099,3.13162,1.78129,9.47625,-0.56322,0.24068,1.42209,31.2520770,75.7023772,1.010,210.70
646.205,3.76368,3.07416,10.94150,-0.28588,-0.27245,-0.25534,31.2520770,75.7023772,1.010,210.70
646.312,3.62482,3.48596,10.38126,-0.05498,-0.97861,-0.91263,31.2520770,75.7023772,1.010,210.70
646.417,2.38941,1.13964,10.27112,0.91385,-1.26327,-1.50029,31.2520770,75.7023772,1.010,210.70
646.518,1.93451,0.12450,11.13304,0.46670,-0.18082,-0.99571,31.2520770,75.7023772,1.010,210.70
646.620,-0.07183,1.53708,6.95755,0.32132,-1.59680,-1.58581,31.2520770,75.7023772,1.010,210.70
646.723,-0.11013,3.39498,6.49307,0.09407,-0.44593,-0.57788,31.2520770,75.7023772,1.010,210.70
646.825,1.21625,4.28083,9.26077,-0.20036,0.54245,0.26756,31.2520770,75.7023772,1.010,210.70
646.929,1.93930,2.85389,14.72434,-1.26083,1.18019,1.03236,31.2520704,75.7023713,0.910,213.50
647.030,0.86670,4.08451,7.37893,0.35064,0.01833,-0.22602,31.2520704,75.7023713,0.910,213.50
647.133,1.40779,2.58574,8.60955,-0.02077,0.48258,0.69883,31.2520704,75.7023713,0.910,213.50
647.237,2.38462,2.93529,7.43639,0.15394,0.05009,0.55344,31.2520704,75.7023713,0.910,213.50
647.341,3.26569,4.13239,8.91601,0.12584,0.23702,-0.26878,31.2520704,75.7023713,0.910,213.50
647.445,2.97360,4.59208,10.07959,0.43982,-0.44838,-0.86865,31.2520704,75.7023713,0.910,213.50
647.547,3.69665,3.76847,11.20486,-0.21991,0.16371,-0.64752,31.2520704,75.7023713,0.910,213.50
647.651,3.51469,2.87783,8.48984,0.07941,-0.98227,-1.89490,31.2520704,75.7023713,0.910,213.50
647.754,0.38307,2.27928,8.73884,0.32620,-0.33475,-1.17530,31.2520704,75.7023713,0.910,213.50
647.858,0.84276,3.16035,6.82347,-0.32865,-0.84910,-0.50824,31.2520704,75.7023713,0.910,213.50
647.961,0.91459,3.98874,10.94629,0.08919,1.31947,0.19548,31.2520633,75.7023631,0.910,223.30
648.064,0.67038,4.67827,10.19930,-0.89797,-0.17715,0.31032,31.2520633,75.7023631,0.910,223.30
648.165,-0.53151,3.30400,10.55364,0.13317,-0.38485,-0.57055,31.2520633,75.7023631,0.910,223.30
648.273,-1.50356,3.79242,5.34865,0.52657,0.32376,0.41539,31.2520633,75.7023631,0.910,223.30
648.378,1.15879,2.12605,8.21690,-0.69639,0.06109,1.02625,31.2520633,75.7023631,0.910,223.30
648.482,0.84755,3.44286,8.03015,-0.14172,-0.15272,0.15760,31.2520633,75.7023631,0.910,223.30
648.586,0.37350,5.62159,7.80989,0.14661,0.45204,-0.01588,31.2520633,75.7023631,0.910,223.30
648.690,2.05901,4.78362,10.74997,-0.51191,-0.11973,0.54000,31.2520633,75.7023631,0.910,223.30
648.795,1.80523,2.48039,13.46978,0.07208,-0.09896,0.21991,31.2520633,75.7023631,0.910,223.30
648.899,2.47082,2.96881,7.95354,0.37629,0.50213,-0.62308,31.2520633,75.7023631,0.910,223.30
649.002,1.86269,2.25534,8.49463,-0.11606,-0.42272,-0.56566,31.2520590,75.7023548,0.700,236.40
649.106,1.38385,2.93050,7.94875,0.06842,-0.37263,-0.32132,31.2520590,75.7023548,0.700,236.40
649.208,1.21625,3.00712,10.26634,-0.52534,0.03910,0.14661,31.2520590,75.7023548,0.700,236.40
649.311,1.12527,4.07972,9.50977,0.10140,-0.00367,-0.15516,31.2520590,75.7023548,0.700,236.40
649.416,0.76136,2.48997,12.57914,-0.40806,0.11484,0.14294,31.2520590,75.7023548,0.700,236.40
649.522,-1.17795,2.89698,7.35020,0.88087,0.44349,0.11118,31.2520590,75.7023548,0.700,236.40
649.625,-0.24421,2.96402,7.16824,-0.26878,0.13195,0.97128,31.2520590,75.7023548,0.700,236.40
649.730,1.51314,3.59130,7.65187,-0.21380,0.13073,0.49480,31.2520590,75.7023548,0.700,236.40
649.835,2.51391,4.42927,7.66623,-0.01222,-0.08552,0.16005,31.2520590,75.7023548,0.700,236.40
649.940,5.58328,5.01825,9.47625,-0.75992,-1.23517,-0.47647,31.2520550,75.7023469,0.790,250.20
650.043,3.90255,0.96726,12.28704,0.51068,-0.68783,-1.38544,31.2520550,75.7023469,0.790,250.20
650.146,2.03028,1.83875,8.99741,0.70860,-0.14416,-1.49295,31.2520550,75.7023469,0.790,250.20
650.250,0.83797,2.19309,6.96713,0.20159,-0.99082,-0.85155,31.2520550,75.7023469,0.790,250.20
650.355,1.01514,2.25055,6.72771,-0.33109,-0.58399,0.11729,31.2520550,75.7023469,0.790,250.20
650.459,1.81002,3.11725,9.47146,-0.54856,0.40806,0.45204,31.2520550,75.7023469,0.790,250.20
650.564,1.02951,2.83473,13.94383,-0.66096,0.58154,0.49724,31.2520550,75.7023469,0.790,250.20
650.668,0.11013,3.42850,7.74764,0.63041,0.45448,0.41294,31.2520550,75.7023469,0.790,250.20
650.772,1.02951,1.89142,8.27915,0.14539,0.42272,1.08001,31.2520550,75.7023469,0.790,250.20
650.877,2.17872,2.40378,7.13472,-0.01710,0.02810,0.68295,31.2520550,75.7023469,0.790,250.20
650.981,3.29921,3.39498,9.73482,0.05498,0.11118,-0.17959,31.2520532,75.7023367,0.840,259.70
651.083,3.05021,3.07416,15.29416,-0.64996,1.00426,0.49847,31.2520532,75.7023367,0.840,259.70
651.187,2.32238,0.89543,7.46033,0.27611,-2.47400,-1.55160,31.2520532,75.7023367,0.840,259.70
651.291,1.25935,2.83952,7.11078,0.54000,0.97250,-0.71960,31.2520532,75.7023367,0.840,259.70
651.397,1.85311,2.27449,9.99819,-0.21625,-0.78313,-0.13317,31.2520532,75.7023367,0.840,259.70
651.502,1.47483,2.83473,7.58483,0.51924,-0.35186,-0.00367,31.2520532,75.7023367,0.840,259.70
651.610,2.00634,3.27527,9.87848,0.11362,0.75136,0.38607,31.2520532,75.7023367,0.840,259.70
651.714,0.91937,4.85544,9.77313,0.17715,0.98594,0.54123,31.2520532,75.7023367,0.840,259.70
651.819,0.75657,2.93529,8.95910,0.31643,-0.34819,0.22602,31.2520532,75.7023367,0.840,259.70
651.922,0.61770,2.98318,6.55054,-0.21136,0.65240,0.77458,31.2520503,75.7023280,0.850,262.30
652.023,1.90100,2.82995,7.30710,-0.24435,0.33720,0.81123,31.2520503,75.7023280,0.850,262.30
652.126,3.03106,3.74932,7.52258,-0.31154,0.12706,0.26634,31.2520503,75.7023280,0.850,262.30
652.230,3.23696,4.71658,9.52892,-0.00244,0.20525,-0.17715,31.2520503,75.7023280,0.850,262.30
652.334,8.31267,3.84509,11.20965,-1.38911,-1.99142,-0.33475,31.2520503,75.7023280,0.850,262.30
652.439,4.93206,-1.48441,12.22479,0.95661,-1.18019,-2.41658,31.2520503,75.7023280,0.850,262.30
652.542,0.61770,1.21147,8.92080,0.68417,-0.46426,-2.13436,31.2520503,75.7023280,0.850,262.30
652.643,0.20111,2.03507,6.63673,-0.35308,-1.19119,-1.30847,31.2520503,75.7023280,0.850,262.30
652.747,-0.11013,4.07493,6.60321,-0.16005,0.17104,-0.29566,31.2520503,75.7023280,0.850,262.30
652.852,0.96247,4.50589,9.80665,-0.82955,0.58399,0.67073,31.2520503,75.7023280,0.850,262.30
652.957,1.53229,2.41336,14.17367,-0.21991,0.24435,0.27367,31.2520489,75.7023148,0.990,268.90
653.060,-0.31603,3.92649,7.59441,0.29199,0.59987,0.19914,31.2520489,75.7023148,0.990,268.90
653.164,1.13964,2.72939,6.76123,-0.01710,0.61209,1.21562,31.2520489,75.7023148,0.990,268.90
653.269,2.53785,2.83952,7.68060,-0.07453,0.35186,1.09711,31.2520489,75.7023148,0.990,268.90
653.374,3.12683,3.70144,10.69729,-0.15638,-0.14416,0.07086,31.2520489,75.7023148,0.990,268.90
653.480,3.60567,5.15232,11.96143,-0.34941,-0.07208,-0.06353,31.2520489,75.7023148,0.990,268.90
653.584,2.26491,1.66158,9.32781,0.49480,-1.70798,-0.86010,31.2520489,75.7023148,0.990,268.90
653.689,2.24576,1.99676,8.22648,0.54489,0.64874,-0.43005,31.2520489,75.7023148,0.990,268.90
653.793,1.17795,2.22182,8.08761,0.06353,-0.90775,-0.57910,31.2520489,75.7023148,0.990,268.90
653.897,0.26336,3.79242,7.18739,0.19181,-0.17715,-0.08430,31.2520489,75.7023148,0.990,268.90
654.000,1.07260,4.29520,10.13705,0.01466,0.54245,0.62430,31.2520473,75.7023040,0.930,267.70
654.102,1.20189,3.69665,13.18247,-0.61331,1.44286,1.29748,31.2520473,75.7023040,0.930,267.70
654.205,0.18196,3.79242,7.37893,0.45448,-0.01588,0.39951,31.2520473,75.7023040,0.930,267.70
654.312,1.00078,2.52349,7.83383,-0.22235,0.81489,1.28648,31.2520473,75.7023040,0.930,267.70
654.415,2.12605,2.91135,7.42681,-0.15516,0.39340,1.20585,31.2520473,75.7023040,0.930,267.70
654.521,4.14676,4.07972,9.53371,-0.05009,0.22113,0.31154,31.2520473,75.7023040,0.930,267.70
654.626,3.98395,4.62560,10.35253,0.20647,-0.38973,-0.20769,31.2520473,75.7023040,0.930,267.70
654.730,3.03585,1.82917,10.65420,0.44838,-1.33291,-0.89309,31.2520473,75.7023040,0.930,267.70
654.834,3.07894,2.43251,8.02536,0.00122,0.40073,-0.74526,31.2520473,75.7023040,0.930,267.70
654.938,0.63686,1.94409,8.72447,0.17471,-0.70738,-1.19485,31.2520441,75.7022941,0.880,251.20
655.040,-0.45490,3.78284,6.79474,0.32376,-0.43738,-0.51557,31.2520441,75.7022941,0.880,251.20
655.146,0.21548,4.24731,8.09719,0.13073,0.07453,0.59254,31.2520441,75.7022941,0.880,251.20
655.249,1.33118,5.53539,8.20253,0.02688,0.62308,0.77091,31.2520441,75.7022941,0.880,251.20
655.355,-0.15802,3.73974,10.09874,-0.00733,0.64019,1.21440,31.2520441,75.7022941,0.880,251.20
655.459,0.71347,2.45166,8.64307,0.17593,1.16064,1.31214,31.2520441,75.7022941,0.880,251.20
655.563,2.33674,2.09253,7.98227,-0.05742,0.57788,1.04336,31.2520441,75.7022941,0.880,251.20
655.667,4.48673,4.25210,7.51779,0.04643,0.46426,0.30055,31.2520441,75.7022941,0.880,251.20
655.770,4.30477,4.66391,11.63582,0.25168,-0.19059,-0.26634,31.2520441,75.7022941,0.880,251.20
655.873,2.28886,3.00712,14.60942,0.52290,-0.05986,-0.34331,31.2520441,75.7022941,0.880,251.20
655.977,2.60010,2.87304,8.09719,-0.31032,-1.00793,-0.91996,31.2520400,75.7022852,0.980,241.90
656.081,0.16281,1.71425,8.48984,-0.04154,-0.62064,-1.43553,31.2520400,75.7022852,0.980,241.90
656.183,-0.72305,4.11803,6.47392,0.48503,-0.66584,-1.05069,31.2520400,75.7022852,0.980,241.90
656.287,-0.18196,4.54898,9.15543,0.00244,0.69150,0.43616,31.2520400,75.7022852,0.980,241.90
656.391,0.48363,5.06134,12.55041,-1.01281,1.15209,0.82833,31.2520400,75.7022852,0.980,241.90
656.495,-0.45011,4.83150,8.83939,0.07697,-0.22358,-0.05376,31.2520400,75.7022852,0.980,241.90
656.599,0.45969,3.32315,6.81869,0.07575,0.40073,0.90897,31.2520400,75.7022852,0.980,241.90
656.703,1.74298,3.28484,7.07247,0.09774,0.66951,1.16187,31.2520400,75.7022852,0.980,241.90
656.807,3.64876,4.28562,8.12113,-0.30299,-0.22969,0.21625,31.2520400,75.7022852,0.980,241.90
656.911,5.27682,5.45878,8.49463,-0.22602,-0.62675,-0.20647,31.2520400,75.7022852,0.980,241.90
657.015,4.47237,1.64721,13.36443,0.53145,-0.19670,-0.62186,31.2520366,75.7022751,1.000,241.70
657.119,3.34231,1.66158,9.53371,-0.22235,-0.23335,-1.20340,31.2520366,75.7022751,1.000,241.70
657.222,-0.23942,2.54743,7.65187,0.11118,-1.04947,-2.12825,31.2520366,75.7022751,1.000,241.70
657.326,-1.28329,4.56814,6.65109,0.21747,-0.69150,-0.57177,31.2520366,75.7022751,1.000,241.70
657.431,0.67995,4.37660,7.15387,-0.39218,-0.07575,0.87842,31.2520366,75.7022751,1.000,241.70
657.534,2.14999,3.77326,13.29261,-0.95173,1.41354,0.95539,31.2520366,75.7022751,1.000,241.70
657.639,-0.56024,4.86023,9.91678,0.16371,0.60842,-0.26389,31.2520366,75.7022751,1.000,241.70
657.743,-0.05267,3.25611,6.34942,0.07453,0.32987,0.88698,31.2520366,75.7022751,1.000,241.70
657.846,2.24097,2.99754,6.44998,0.20036,0.67684,1.20829,31.2520366,75.7022751,1.000,241.70
657.951,5.70299,3.65355,10.03649,-0.19792,-0.25534,-0.07208,31.2520339,75.7022631,1.110,248.50
658.055,5.96635,3.84509,15.04995,-1.16431,1.51983,0.19548,31.2520339,75.7022631,1.110,248.50
658.158,3.04542,0.77572,12.11466,0.00000,-1.35123,-1.58703,31.2520339,75.7022631,1.110,248.50
658.264,-0.33519,1.00556,6.64152,0.82833,-1.30236,-2.04884,31.2520339,75.7022631,1.110,248.50
658.368,-0.69432,3.04542,6.22014,0.18448,-0.65363,-1.18997,31.2520339,75.7022631,1.110,248.50
658.473,0.40701,3.71101,9.36612,-0.14172,-0.00977,0.06720,31.2520339,75.7022631,1.110,248.50
658.574,1.29766,3.67271,14.22635,-1.57970,1.48807,1.20707,31.2520339,75.7022631,1.110,248.50
658.678,-0.96726,3.94086,10.46745,0.26756,-0.28588,-0.75014,31.2520339,75.7022631,1.110,248.50
658.783,-1.46525,3.71101,5.64553,0.27367,0.49602,0.72693,31.2520339,75.7022631,1.110,248.50
658.886,1.52750,2.37505,6.22971,-0.10507,0.31887,1.51372,31.2520339,75.7022631,1.110,248.50
658.990,4.16591,2.81079,8.94953,-0.49724,0.08308,0.74281,31.2520306,75.7022512,1.170,256.20
659.093,3.68707,4.90811,10.12747,0.01466,-0.21502,-0.49724,31.2520306,75.7022512,1.170,256.20
659.195,3.43329,1.32160,14.14973,0.16371,-0.17959,-0.65363,31.2520306,75.7022512,1.170,256.20
659.299,2.21703,2.16436,7.60398,0.61942,-0.18570,-1.30603,31.2520306,75.7022512,1.170,256.20
659.401,0.96247,2.02071,7.46991,0.14172,-0.79290,-0.84055,31.2520306,75.7022512,1.170,256.20
659.507,1.20189,2.20745,7.36935,-0.07819,-0.71593,-0.37018,31.2520306,75.7022512,1.170,256.20
659.609,1.26414,3.27048,7.94396,-0.40561,-0.15516,-0.07819,31.2520306,75.7022512,1.170,256.20
659.712,1.04387,4.12760,12.30141,-0.79290,0.79168,0.40928,31.2520306,75.7022512,1.170,256.20
659.813,-0.72305,2.76770,11.26711,0.46059,-0.79168,0.20525,31.2520306,75.7022512,1.170,256.20
659.916,-0.55545,2.92093,6.15310,0.64019,0.55833,1.00793,31.2520276,75.7022403,1.050,259.80
660.019,1.21625,2.32238,6.76123,0.32132,0.74281,1.41599,31.2520276,75.7022403,1.050,259.80
660.121,3.38540,3.15556,7.46991,0.08674,0.57666,1.08856,31.2520276,75.7022403,1.050,259.80
660.226,5.44441,3.74932,10.71645,-0.54611,-0.25045,0.18082,31.2520276,75.7022403,1.050,259.80
660.328,3.67271,1.93451,16.12734,-0.16860,0.71227,-0.05498,31.2520276,75.7022403,1.050,259.80
660.432,2.04944,1.73819,6.99586,0.55955,-1.78128,-1.44775,31.2520276,75.7022403,1.050,259.80
660.537,1.72383,2.09253,6.71334,0.12950,-0.27245,-0.65118,31.2520276,75.7022403,1.050,259.80
660.642,1.76213,2.82995,7.96311,-0.00733,0.22846,-0.05376,31.2520276,75.7022403,1.050,259.80
660.744,2.16436,3.36625,8.71489,-0.25412,0.31643,0.29566,31.2520276,75.7022403,1.050,259.80
660.848,1.33596,3.55300,11.52569,-0.48991,1.01770,0.41905,31.2520276,75.7022403,1.050,259.80
660.954,1.40300,1.51792,11.60230,-0.48747,0.04398,0.37996,31.2520231,75.7022299,0.960,250.50
661.059,-0.73263,3.23696,6.45477,0.16249,0.36652,0.11973,31.2520231,75.7022299,0.960,250.50
661.162,0.79966,2.90656,7.96311,-0.14050,0.23946,0.77091,31.2520231,75.7022299,0.960,250.50
661.267,1.94409,3.16992,8.45632,-0.10507,0.29688,0.55467,31.2520231,75.7022299,0.960,250.50
661.372,2.74376,3.23696,11.29584,0.06720,0.07453,-0.11729,31.2520231,75.7022299,0.960,250.50
661.476,3.11246,2.27449,13.92468,-0.26634,-0.04887,-0.19548,31.2520231,75.7022299,0.960,250.50
661.577,2.79643,1.51314,7.36935,0.54489,-1.03725,-1.36834,31.2520231,75.7022299,0.960,250.50
661.682,2.08296,0.54109,8.26957,0.20281,-0.33353,-1.22173,31.2520231,75.7022299,0.960,250.50
661.789,1.55144,1.99676,7.69018,-0.06720,-0.58399,-1.20096,31.2520231,75.7022299,0.960,250.50
661.893,1.08218,3.15077,10.70208,-0.31643,-0.34208,-0.41539,31.2520231,75.7022299,0.960,250.50
661.997,0.65122,3.68707,9.88326,-0.00733,-0.06964,0.32498,31.2520187,75.7022203,0.980,254.00
662.099,0.58897,2.28407,10.35732,-0.10996,-0.30177,0.08063,31.2520187,75.7022203,0.980,254.00
662.202,-0.74699,3.44765,6.49307,0.36896,0.56444,0.18448,31.2520187,75.7022203,0.980,254.00
662.309,1.23541,2.72460,7.08684,-0.22846,0.21258,0.79046,31.2520187,75.7022203,0.980,254.00
662.413,2.35111,3.67749,7.32626,-0.02077,0.59010,0.48991,31.2520187,75.7022203,0.980,254.00
662.519,3.06458,3.85466,11.77468,-0.03421,0.13439,-0.01100,31.2520187,75.7022203,0.980,254.00
662.623,2.87304,3.89776,13.29261,-0.25168,-0.01466,0.01100,31.2520187,75.7022203,0.980,254.00
662.729,1.91057,1.88184,7.73327,0.46426,-1.54305,-1.07268,31.2520187,75.7022203,0.980,254.00
662.831,2.00155,1.97761,8.31746,0.31521,0.57421,-0.46426,31.2520187,75.7022203,0.980,254.00
662.936,2.17394,2.62883,7.39329,0.02932,-0.63408,-0.44838,31.2520156,75.7022110,0.930,260.40
663.037,0.94810,3.28484,8.19296,0.21502,-0.45815,-0.06597,31.2520156,75.7022110,0.930,260.40
663.140,1.58017,4.16591,10.10832,-0.48503,0.62064,0.70127,31.2520156,75.7022110,0.930,260.40
663.246,0.71826,2.58095,11.28627,-0.04398,-0.77946,-0.13561,31.2520156,75.7022110,0.930,260.40
663.352,-0.06704,3.45244,7.96790,0.36530,0.56688,0.26267,31.2520156,75.7022110,0.930,260.40
663.456,2.01113,2.17872,8.47069,0.08796,-0.06720,0.54123,31.2520156,75.7022110,0.930,260.40
663.561,2.95444,2.22661,8.87291,0.07453,-0.16005,-0.13317,31.2520156,75.7022110,0.930,260.40
663.666,2.51870,3.01191,9.72525,-0.13561,0.08919,-0.62064,31.2520156,75.7022110,0.930,260.40
663.767,1.60890,3.40934,8.74841,0.05620,-0.42272,-0.53023,31.2520156,75.7022110,0.930,260.40
663.874,2.36547,3.07416,7.14430,-0.14661,-0.18570,-0.01710,31.2520156,75.7022110,0.930,260.40
663.977,3.06937,1.92015,9.70131,-0.66218,0.32865,0.13073,31.2520135,75.7022024,0.660,263.00
664.079,2.36068,2.49476,9.06445,-0.21258,-0.14050,-0.27733,31.2520135,75.7022024,0.660,263.00
664.182,2.32716,2.45166,10.64941,-0.10629,0.10996,0.33964,31.2520135,75.7022024,0.660,263.00
664.289,2.59531,2.51391,10.03649,0.05131,-0.05131,0.32620,31.2520135,75.7022024,0.660,263.00
664.395,1.57060,3.09331,9.19852,0.38362,0.33842,0.03543,31.2520135,75.7022024,0.660,263.00
664.499,0.91459,3.64876,7.49385,0.31276,0.70616,0.47647,31.2520135,75.7022024,0.660,263.00
664.602,1.22583,2.48039,9.08839,-0.15394,0.41539,0.75869,31.2520135,75.7022024,0.660,263.00
664.708,0.89543,3.44286,8.25521,0.17104,0.57421,0.53145,31.2520135,75.7022024,0.660,263.00
664.815,2.27449,3.86424,8.44674,-0.26878,0.64507,0.60842,31.2520135,75.7022024,0.660,263.00
664.918,2.51391,3.50511,10.44830,-0.28955,-0.10018,0.28588,31.2520135,75.7022024,0.660,263.00
665.019,1.48441,3.96959,8.17859,0.10996,-0.12095,0.01344,31.2520141,75.7022006,0.100,265.10
665.122,1.45089,3.58651,9.42358,0.00122,-0.30177,-0.11606,31.2520141,75.7022006,0.100,265.10
665.227,2.16436,3.85466,9.14585,0.39706,-0.53634,-0.40439,31.2520141,75.7022006,0.100,265.10
665.330,2.38941,2.16915,11.42992,-0.13683,-0.44715,-0.19792,31.2520141,75.7022006,0.100,265.10
665.435,1.70946,2.64320,7.48906,0.61575,-0.50824,-0.84299,31.2520141,75.7022006,0.100,265.10
665.539,2.71502,2.39899,8.71011,-0.30543,-0.05253,-0.16127,31.2520141,75.7022006,0.100,265.10
665.643,2.68151,2.78685,8.08761,-0.05253,-0.44104,-0.69761,31.2520141,75.7022006,0.100,265.10
665.748,2.60489,3.29921,8.59518,-0.17471,-0.28222,-0.35675,31.2520141,75.7022006,0.100,265.10
665.851,2.34153,3.11725,11.10910,0.13806,0.05986,-0.15516,31.2520141,75.7022006,0.100,265.10
665.954,1.98719,4.39575,8.43238,0.12828,-0.25779,-0.06597,31.2520139,75.7021966,0.600,268.40
666.056,2.40857,3.28006,9.06445,-0.34819,0.06475,0.04276,31.2520139,75.7021966,0.600,268.40
666.162,1.23541,2.87783,8.63828,0.57910,0.15027,-0.31154,31.2520139,75.7021966,0.600,268.40
666.268,0.77093,3.49075,7.65666,-0.06842,0.20647,0.39828,31.2520139,75.7021966,0.600,268.40
666.373,2.16436,3.66792,8.14986,-0.24801,0.10140,-0.05620,31.2520139,75.7021966,0.600,268.40
666.476,1.93930,4.70221,8.80109,-0.04276,0.24801,-0.00611,31.2520139,75.7021966,0.600,268.40
666.579,2.39420,4.33829,9.39964,0.03054,-0.55833,-0.04276,31.2520139,75.7021966,0.600,268.40
666.684,2.74854,5.20978,9.16022,0.33109,-0.24557,-0.41783,31.2520139,75.7021966,0.600,268.40
666.788,2.14999,3.20823,7.48427,0.23335,-1.04824,-0.36530,31.2520139,75.7021966,0.600,268.40
666.893,3.41892,3.54821,7.04374,-0.02932,0.78435,0.11362,31.2520139,75.7021966,0.600,268.40
666.996,3.30879,3.45244,7.41245,-0.48014,-0.38607,0.00611,31.2520139,75.7021885,0.510,265.90
667.099,2.69587,4.29999,6.56490,-0.27122,-0.14172,-0.01100,31.2520139,75.7021885,0.510,265.90
667.204,3.94564,4.17070,9.88326,-0.59010,0.28222,0.17959,31.2520139,75.7021885,0.510,265.90
667.310,2.05901,4.87459,10.48660,0.17837,0.04643,0.08796,31.2520139,75.7021885,0.510,265.90
667.413,1.58017,2.06859,9.43794,0.20525,-0.54000,0.06231,31.2520139,75.7021885,0.510,265.90
667.516,-0.20590,3.40934,6.43561,0.56810,0.69883,-0.01100,31.2520139,75.7021885,0.510,265.90
667.620,1.03908,3.29921,7.84819,-0.61087,0.31032,0.87476,31.2520139,75.7021885,0.510,265.90
667.724,2.33674,3.97916,8.06367,-0.01955,0.29688,0.36285,31.2520139,75.7021885,0.510,265.90
667.829,2.95923,4.27126,10.08917,0.02077,-0.23335,0.09529,31.2520139,75.7021885,0.510,265.90
667.933,4.27126,3.92649,12.77546,-0.31032,0.33475,0.40561,31.2520117,75.7021785,0.850,260.90
668.035,3.84509,1.78607,7.26880,0.22235,-1.69210,-0.79290,31.2520117,75.7021785,0.850,260.90
668.137,3.66792,2.02549,7.35978,-0.02932,0.43616,-0.61697,31.2520117,75.7021785,0.850,260.90
668.242,3.18908,2.86347,7.63272,-0.27367,-0.27000,-0.64507,31.2520117,75.7021785,0.850,260.90
668.345,2.51870,3.65355,7.61835,0.12217,-0.11729,-0.24923,31.2520117,75.7021785,0.850,260.90
668.449,2.95444,3.82115,11.15219,-0.11606,0.63652,0.45693,31.2520117,75.7021785,0.850,260.90
668.553,1.60890,2.45166,12.01410,-0.33598,0.13561,0.54978,31.2520117,75.7021785,0.850,260.90
668.656,0.05746,3.14119,7.04853,0.66829,0.63897,-0.04643,31.2520117,75.7021785,0.850,260.90
668.760,0.79966,2.77249,7.09163,-0.60476,0.46792,1.02381,31.2520117,75.7021785,0.850,260.90
668.864,2.27928,2.97360,8.36534,-0.24435,0.53390,0.82222,31.2520117,75.7021785,0.850,260.90
668.967,3.28484,3.73974,8.96868,-0.14661,-0.04643,0.40928,31.2520114,75.7021715,0.610,275.70
669.071,4.13718,3.68228,10.94629,-0.00855,-0.61331,0.01588,31.2520114,75.7021715,0.610,275.70
669.176,4.09408,0.60813,13.08671,0.27245,-0.40561,-0.53267,31.2520114,75.7021715,0.610,275.70
669.281,3.39019,2.15957,6.59363,0.36285,0.06231,-1.10444,31.2520114,75.7021715,0.610,275.70
669.387,1.98240,1.29287,8.27436,0.20403,-0.71593,-0.93829,31.2520114,75.7021715,0.610,275.70
669.492,0.92895,3.23217,6.33027,0.21625,-0.59743,-0.35064,31.2520114,75.7021715,0.610,275.70
669.595,1.55144,4.07972,7.26880,0.10996,0.14172,0.50946,31.2520114,75.7021715,0.610,275.70
669.699,3.25611,4.95121,9.39964,0.26878,0.40928,0.53878,31.2520114,75.7021715,0.610,275.70
669.804,2.53785,3.66313,13.61343,0.11851,1.88757,1.22051,31.2520114,75.7021715,0.610,275.70
669.910,2.46603,2.77249,9.54808,-0.61209,-0.09285,0.08552,31.2520114,75.7021715,0.610,275.70
670.014,1.26893,3.77805,6.27760,0.56933,0.67684,0.44960,31.2520101,75.7021625,1.090,267.10
670.120,5.12838,3.06458,6.51702,-0.40073,-0.34331,0.61087,31.2520101,75.7021625,1.090,267.10
670.223,6.41167,2.80122,12.44027,-0.54000,-0.14416,-1.00671,31.2520101,75.7021625,1.090,267.10
670.327,5.23373,0.56982,14.16410,0.09529,-0.74159,-1.85581,31.2520101,75.7021625,1.090,267.10
670.433,2.71502,0.51236,9.08360,0.55711,-0.63774,-1.78617,31.2520101,75.7021625,1.090,267.10
670.538,1.15879,1.50356,6.57927,-0.00611,-1.41965,-1.41354,31.2520101,75.7021625,1.090,267.10
670.644,0.54588,2.74376,6.67503,-0.32498,-0.74281,-0.70983,31.2520101,75.7021625,1.090,267.10
670.748,0.88107,4.09408,9.51456,-0.61820,0.57177,0.11484,31.2520101,75.7021625,1.090,267.10
670.852,1.90578,3.44765,13.84806,-0.79779,0.86743,0.60964,31.2520101,75.7021625,1.090,267.10
670.955,0.90980,4.16591,7.97748,0.11362,0.17837,0.43371,31.2520105,75.7021507,0.970,270.90
671.057,1.45089,2.72460,7.08684,0.16493,0.40806,1.19363,31.2520105,75.7021507,0.970,270.90
671.162,3.50032,2.38941,7.13472,0.50457,0.37629,1.06046,31.2520105,75.7021507,0.970,270.90
671.265,5.98550,2.60489,8.05888,-0.03054,-0.11362,0.05009,31.2520105,75.7021507,0.970,270.90
671.370,5.88495,3.50032,9.85453,-0.65973,-0.44715,-0.92974,31.2520105,75.7021507,0.970,270.90
671.472,5.16190,0.70390,13.20642,-0.59010,-0.49969,-1.42820,31.2520105,75.7021507,0.970,270.90
671.577,3.39019,1.61369,9.02135,0.41417,0.45571,-2.49966,31.2520105,75.7021507,0.970,270.90
671.682,2.25055,1.84354,8.48505,0.12828,-0.75992,-1.60291,31.2520105,75.7021507,0.970,270.90
671.785,2.20267,1.83875,7.82425,0.04643,-1.06657,-0.88331,31.2520105,75.7021507,0.970,270.90
671.889,2.12126,2.63362,9.86411,-0.55222,-0.31765,0.01100,31.2520105,75.7021507,0.970,270.90
671.991,2.92093,1.07260,13.64216,-1.41721,0.23335,-0.07575,31.2520130,75.7021402,0.900,283.40
672.094,-2.01113,4.24731,6.55054,0.68050,-0.47281,-1.43920,31.2520130,75.7021402,0.900,283.40
672.198,0.52194,3.75411,5.72214,-0.10629,0.41294,1.01648,31.2520130,75.7021402,0.900,283.40
672.303,3.36625,2.70545,7.46991,-0.22358,0.20036,1.40377,31.2520130,75.7021402,0.900,283.40
672.407,5.75087,2.27449,10.60631,-0.35797,0.00489,0.42028,31.2520130,75.7021402,0.900,283.40
672.509,5.19063,4.02226,11.61667,-0.23824,0.14294,-0.79901,31.2520130,75.7021402,0.900,283.40
672.614,3.79242,0.56024,11.79384,0.15882,-0.58154,-1.48685,31.2520130,75.7021402,0.900,283.40
672.718,3.67271,1.87227,7.26401,0.38485,0.42272,-1.14843,31.2520130,75.7021402,0.900,283.40
672.822,3.73974,1.96803,6.92403,-0.10629,-0.82345,-0.70738,31.2520130,75.7021402,0.900,283.40
672.926,3.21781,2.00155,8.32224,-0.13683,-0.51435,-0.16371,31.2520182,75.7021324,0.840,305.10
673.028,1.97761,3.23696,11.01333,-0.40806,0.13806,0.32620,31.2520182,75.7021324,0.840,305.10
673.131,0.64643,4.03184,12.72279,-0.42394,0.84177,0.80879,31.2520182,75.7021324,0.840,305.10
673.233,0.10534,2.25534,9.08360,0.89919,-0.26756,0.37751,31.2520182,75.7021324,0.840,305.10
673.340,1.64721,1.70467,4.71179,0.37018,1.27915,1.36101,31.2520182,75.7021324,0.840,305.10
673.442,3.30400,1.50835,7.65187,-0.23579,1.14598,1.58092,31.2520182,75.7021324,0.840,305.10
673.545,4.63996,1.91057,11.95664,-0.49602,0.02321,0.82345,31.2520182,75.7021324,0.840,305.10
673.648,3.73495,5.06613,7.93438,-0.03421,-0.97005,-0.48014,31.2520182,75.7021324,0.840,305.10
673.751,5.41568,0.49321,15.65808,-0.01833,0.58277,-0.36285,31.2520182,75.7021324,0.840,305.10
673.857,3.52426,1.74298,8.19775,0.71105,-0.44227,-1.42087,31.2520182,75.7021324,0.840,305.10
673.960,2.44687,1.58017,5.79876,-0.07575,-1.07146,-0.95173,31.2520242,75.7021256,0.940,320.50
674.064,2.62405,1.66158,8.16423,-0.52534,-0.48503,-0.43860,31.2520242,75.7021256,0.940,320.50
674.170,1.99198,2.70066,10.64462,-0.10629,-0.33598,-0.38485,31.2520242,75.7021256,0.940,320.50
674.272,0.52672,2.71502,13.54160,-1.09956,0.92607,0.50213,31.2520242,75.7021256,0.940,320.50
674.378,-1.49398,3.56257,8.08282,0.66706,-0.14050,-0.42394,31.2520242,75.7021256,0.940,320.50
674.482,-0.44532,2.93529,6.51223,0.31032,0.32865,1.48562,31.2520242,75.7021256,0.940,320.50
674.586,2.13563,2.41814,7.49385,0.33720,0.54978,1.73974,31.2520242,75.7021256,0.940,320.50
674.691,3.91691,3.26090,8.48984,-0.05864,0.16738,0.90530,31.2520242,75.7021256,0.940,320.50
674.794,5.03740,4.37181,11.88961,-0.65729,1.03969,0.64874,31.2520242,75.7021256,0.940,320.50
674.897,4.56335,0.12929,11.10431,-0.11362,-1.26083,-1.11788,31.2520242,75.7021256,0.940,320.50
675.002,1.38385,1.32160,7.82904,1.02503,0.82467,-1.23150,31.2520305,75.7021196,0.870,329.90
675.105,1.32639,1.79565,7.23049,0.11851,-0.43982,-0.85277,31.2520305,75.7021196,0.870,329.90
675.209,1.59933,2.59531,8.47069,-0.23702,-0.19426,-0.34086,31.2520305,75.7021196,0.870,329.90
675.313,0.31603,2.70545,11.88961,0.04276,0.22113,-0.20769,31.2520305,75.7021196,0.870,329.90
675.418,-0.38307,2.88262,11.29584,-0.94928,0.17715,0.43982,31.2520305,75.7021196,0.870,329.90
675.522,-1.55144,3.03106,6.58405,0.31398,-0.43982,-0.07819,31.2520305,75.7021196,0.870,329.90
675.626,0.77572,2.04465,7.78594,-0.22235,0.19426,1.26327,31.2520305,75.7021196,0.870,329.90
675.730,2.42293,2.23618,8.84418,-0.41783,0.14539,1.14843,31.2520305,75.7021196,0.870,329.90
675.835,2.67193,3.11246,9.04051,-0.04643,0.10018,0.50091,31.2520305,75.7021196,0.870,329.90
675.939,3.90255,2.96402,11.00375,-0.19059,-0.16982,0.43860,31.2520364,75.7021129,0.880,330.10
676.041,3.96480,-0.66559,12.50252,0.21014,-0.72449,-0.68906,31.2520364,75.7021129,0.880,330.10
676.144,2.35111,1.62806,7.02938,0.62430,0.36285,-1.37689,31.2520364,75.7021129,0.880,330.10
676.247,3.19387,0.14844,7.49385,-0.32376,-0.56322,-0.74037,31.2520364,75.7021129,0.880,330.10
676.350,2.93050,0.72305,8.72926,0.00733,-0.17349,-0.70616,31.2520364,75.7021129,0.880,330.10
676.457,2.12126,1.71904,12.21043,0.07941,-0.55955,-0.15760,31.2520364,75.7021129,0.880,330.10
676.561,1.55144,0.72305,13.08192,-0.93951,0.18570,0.81001,31.2520364,75.7021129,0.880,330.10
676.666,-1.24498,2.67672,7.48427,0.90408,0.19792,-0.59498,31.2520364,75.7021129,0.880,330.10
676.769,0.99599,1.80523,6.71334,0.13561,0.17959,1.12521,31.2520364,75.7021129,0.880,330.10
676.874,2.39899,2.71024,6.34942,0.46914,0.78313,1.01037,31.2520364,75.7021129,0.880,330.10
676.977,3.54342,2.95923,9.95509,0.15882,1.14843,0.60964,31.2520431,75.7021075,0.970,334.70
677.082,3.26569,4.95121,13.60864,-0.39584,0.89675,0.26267,31.2520431,75.7021075,0.970,334.70
677.187,2.93050,0.50278,11.23838,0.17715,-1.99020,-0.84910,31.2520431,75.7021075,0.970,334.70
677.290,1.48441,1.51314,7.45076,0.92241,0.31643,-0.95539,31.2520431,75.7021075,0.970,334.70
677.396,2.10690,1.43173,5.27682,-0.21380,-1.35246,-0.52901,31.2520431,75.7021075,0.970,334.70
677.501,1.41737,2.02549,7.80989,-0.26634,0.27733,0.13073,31.2520431,75.7021075,0.970,334.70
677.604,0.98162,3.16513,11.41077,-0.51924,0.43982,0.43371,31.2520431,75.7021075,0.970,334.70
677.709,1.60412,2.76291,14.55675,-0.67684,1.23883,1.03847,31.2520431,75.7021075,0.970,334.70
677.814,0.75178,1.74298,8.79151,0.89675,-0.74403,0.20525,31.2520431,75.7021075,0.970,334.70
677.917,0.11971,1.46046,6.11958,0.34086,0.06109,0.93218,31.2520493,75.7021024,0.940,331.70
678.020,0.81882,2.67193,5.77481,0.13195,0.84788,1.00915,31.2520493,75.7021024,0.940,331.70
678.124,4.00311,2.90656,11.37246,-0.25656,-0.20403,0.36896,31.2520493,75.7021024,0.940,331.70
678.229,5.17626,4.23774,11.06600,0.01710,0.02688,-0.05131,31.2520493,75.7021024,0.940,331.70
678.333,3.95522,0.11971,12.70363,0.60353,-1.38300,-1.15331,31.2520493,75.7021024,0.940,331.70
678.438,2.23618,1.46525,8.38928,0.62797,-0.52290,-1.12888,31.2520493,75.7021024,0.940,331.70
678.541,1.63763,1.36469,5.83706,-0.03543,-1.48929,-0.95417,31.2520493,75.7021024,0.940,331.70
678.645,2.05422,2.40857,7.21612,-0.25412,-0.19426,-0.33231,31.2520493,75.7021024,0.940,331.70
678.751,2.62405,3.38061,10.99896,-0.50946,0.86132,0.21991,31.2520493,75.7021024,0.940,331.70
678.855,3.03585,3.30879,13.01967,-1.07390,0.88575,0.74770,31.2520493,75.7021024,0.940,331.70
678.958,1.31681,2.92093,8.75320,0.43371,-0.40073,-0.23213,31.2520546,75.7020958,0.970,325.50
679.060,0.01915,2.57616,6.77559,0.22358,0.48136,0.69761,31.2520546,75.7020958,0.970,325.50
679.163,1.75256,2.45645,6.78996,-0.01710,0.40806,1.04336,31.2520546,75.7020958,0.970,325.50
679.268,4.15155,2.90177,8.52336,0.00244,-0.04032,0.38851,31.2520546,75.7020958,0.970,325.50
679.372,4.86023,3.77805,9.90242,0.14172,-0.09285,-0.20403,31.2520546,75.7020958,0.970,325.50
679.476,5.67905,1.48441,14.82011,-0.53878,0.08796,-0.18326,31.2520546,75.7020958,0.970,325.50
679.579,3.96001,1.45567,7.83383,0.49724,-0.74892,-1.60413,31.2520546,75.7020958,0.970,325.50
679.683,2.68151,0.69911,8.09719,0.30055,-0.55344,-1.33413,31.2520546,75.7020958,0.970,325.50
679.786,1.09176,2.68151,6.56490,0.16371,-0.62430,-1.14110,31.2520546,75.7020958,0.970,325.50
679.890,1.58496,3.49553,8.48984,-0.24923,0.20403,0.04032,31.2520546,75.7020958,0.970,325.50
679.994,1.42694,4.52025,12.00932,-0.46792,0.72693,0.60842,31.2520609,75.7020891,0.950,323.50
680.097,1.14443,2.75812,10.26155,-0.23579,-0.52046,0.19792,31.2520609,75.7020891,0.950,323.50
680.201,-0.57461,3.80199,6.90488,0.92363,1.25105,0.54489,31.2520609,75.7020891,0.950,323.50
680.305,1.77650,2.07338,7.42203,-0.22235,0.24557,1.68110,31.2520609,75.7020891,0.950,323.50
680.409,3.77805,2.57616,8.06367,-0.11240,0.37018,0.81001,31.2520609,75.7020891,0.950,323.50
680.514,4.08451,3.96001,10.09395,-0.00367,0.11851,-0.06475,31.2520609,75.7020891,0.950,323.50
680.618,4.06535,1.80523,14.98770,-0.34086,0.36530,0.02688,31.2520609,75.7020891,0.950,323.50
680.722,2.94487,1.65200,6.97670,0.37385,-1.14843,-1.41110,31.2520609,75.7020891,0.950,323.50
680.827,2.88262,1.39343,8.05888,-0.01833,0.32376,-0.76847,31.2520609,75.7020891,0.950,323.50
680.934,2.75333,1.37906,8.85855,-0.05253,-0.41172,-0.69761,31.2520672,75.7020828,0.800,320.80
681.036,1.62806,2.15957,10.19930,-0.01710,0.00367,-0.19181,31.2520672,75.7020828,0.800,320.80
681.139,1.02951,3.28484,10.80264,-0.40928,0.22480,0.52901,31.2520672,75.7020828,0.800,320.80
681.243,0.56024,2.21703,10.29986,-0.06475,-0.32620,-0.01344,31.2520672,75.7020828,0.800,320.80
681.347,-1.18274,3.43329,7.21612,0.93462,1.08245,0.42516,31.2520672,75.7020828,0.800,320.80
681.450,2.36068,1.32639,9.48583,-0.51435,-0.02566,1.49051,31.2520672,75.7020828,0.800,320.80
681.553,2.78685,2.54743,8.38928,0.50335,0.48869,0.46181,31.2520672,75.7020828,0.800,320.80
681.657,2.21224,4.00311,8.71968,0.26634,0.19792,0.14783,31.2520672,75.7020828,0.800,320.80
681.759,3.39019,3.96959,9.57681,-0.04154,-0.46426,0.23946,31.2520672,75.7020828,0.800,320.80
681.862,2.97839,1.96325,12.43070,0.16493,0.00977,0.12217,31.2520672,75.7020828,0.800,320.80
681.965,2.59053,2.92093,7.44597,0.43371,-0.49236,-0.84666,31.2520724,75.7020786,0.650,320.70
682.067,0.80924,2.25534,8.96389,0.37996,0.24801,-0.32742,31.2520724,75.7020786,0.650,320.70
682.170,1.27372,3.09331,8.39407,0.39340,-0.30543,0.13439,31.2520724,75.7020786,0.650,320.70
682.275,1.96325,3.70144,8.99741,0.84177,-0.00733,0.97128,31.2520724,75.7020786,0.650,320.70
682.380,2.24576,3.84988,8.05888,0.61942,-0.10385,1.94744,31.2520724,75.7020786,0.650,320.70
682.486,3.55300,2.99754,9.48104,0.00244,0.21014,1.69698,31.2520724,75.7020786,0.650,320.70
682.591,1.24498,4.10366,9.14585,1.31214,1.50151,1.24494,31.2520724,75.7020786,0.650,320.70
682.697,2.51870,2.64320,9.35175,0.46670,1.11177,2.36527,31.2520724,75.7020786,0.650,320.70
682.804,3.53863,1.87227,8.46111,0.90164,1.57848,2.17224,31.2520724,75.7020786,0.650,320.70
682.907,3.92649,1.96325,6.75165,-0.10140,1.31336,2.06839,31.2520739,75.7020762,0.200,319.70
683.009,5.47315,1.71904,7.93917,-0.40684,1.40132,1.17530,31.2520739,75.7020762,0.200,319.70
683.110,3.48117,2.23618,6.55054,-0.07819,1.32313,-0.38729,31.2520739,75.7020762,0.200,319.70
683.214,0.64165,2.16436,12.46421,-0.56322,0.38485,-1.74952,31.2520739,75.7020762,0.200,319.70
683.318,-0.29209,1.44131,11.13304,0.27122,0.22480,-1.79350,31.2520739,75.7020762,0.200,319.70
683.423,-0.05746,0.60813,8.40365,-0.04520,-0.92852,-1.14476,31.2520739,75.7020762,0.200,319.70
683.527,-0.14365,-0.00479,10.38605,-0.20159,-0.58399,-1.10322,31.2520739,75.7020762,0.200,319.70
683.633,0.00479,1.35991,10.53449,-0.49358,-1.01892,-0.92607,31.2520739,75.7020762,0.200,319.70
683.737,-0.15323,2.36547,11.33894,-0.01955,-0.12095,-0.67684,31.2520739,75.7020762,0.200,319.70
683.839,0.01437,2.46603,9.71567,0.67806,-0.18815,-0.72082,31.2520739,75.7020762,0.200,319.70
683.945,0.49321,2.93050,8.47069,0.55589,0.13928,-0.13317,31.2520761,75.7020757,0.210,320.90
684.048,1.24498,1.94888,9.00220,0.11484,0.42883,0.81856,31.2520761,75.7020757,0.210,320.90
684.153,1.81002,1.13964,9.58638,-0.02443,-0.31276,0.89919,31.2520761,75.7020757,0.210,320.90
684.255,1.51314,1.90100,8.65743,-0.02566,0.28344,1.05435,31.2520761,75.7020757,0.210,320.90
684.359,1.54187,1.22583,8.96389,-0.37996,-0.46548,0.77946,31.2520761,75.7020757,0.210,320.90
684.461,0.69432,2.02549,10.45308,0.02443,0.69516,0.21991,31.2520761,75.7020757,0.210,320.90
684.566,-0.24900,3.16992,10.13705,-0.23702,0.93707,0.11606,31.2520761,75.7020757,0.210,320.90
684.671,0.92416,3.02627,9.56244,0.01588,-0.03054,0.02810,31.2520761,75.7020757,0.210,320.90
684.776,2.65278,2.94487,8.86812,0.39462,-0.45326,-0.88453,31.2520761,75.7020757,0.210,320.90
684.880,1.24977,2.03028,9.91678,0.43249,-0.17349,-1.35979,31.2520761,75.7020757,0.210,320.90
684.984,2.19309,1.83396,9.02614,0.14416,-1.47219,-1.32069,,,,
685.088,2.75812,1.76213,9.58160,-0.19181,-0.25534,-0.76114,,,,
685.191,3.12204,1.29766,9.40921,-0.56444,-1.04702,-1.11300,,,,
685.296,2.21703,3.02627,8.32703,-0.12584,0.02443,-0.94195,,,,
685.401,2.11647,2.79164,9.91678,-0.02810,0.45204,-0.23457,,,,
685.504,1.78129,2.82037,8.89207,0.24068,0.45693,-0.02932,,,,
685.609,1.00078,3.04064,9.52892,-0.42394,0.47159,0.63530,,,,
685.712,1.95846,1.86269,9.73482,-0.31887,-0.75992,0.14905,,,,
685.816,-0.10056,2.43730,9.12191,0.34575,0.47525,-0.11729,,,,
685.918,-0.22027,2.21703,8.70532,0.05253,-0.18082,-0.15149,31.2520789,75.7020778,0.580,307.80
686.021,0.40701,3.80678,6.29196,0.29444,0.45693,-0.39340,31.2520789,75.7020778,0.580,307.80
686.123,2.10211,4.23774,8.37013,-0.40317,0.24068,-0.01588,31.2520789,75.7020778,0.580,307.80
686.227,2.42772,3.82593,10.74039,0.47281,-0.67195,-0.78924,31.2520789,75.7020778,0.580,307.80
686.331,2.27449,2.92571,14.46098,-0.10873,0.03665,-0.50824,31.2520789,75.7020778,0.580,307.80
686.434,0.67995,1.56581,7.54652,0.67806,-1.48440,-1.79228,31.2520789,75.7020778,0.580,307.80
686.542,0.19632,1.97282,8.36055,-0.10385,0.38240,-0.32620,31.2520789,75.7020778,0.580,307.80
686.649,1.20189,2.81558,8.03015,-0.44593,-0.64507,-0.29322,31.2520789,75.7020778,0.580,307.80
686.755,1.41737,3.65834,9.55765,-0.20769,0.56933,0.01222,31.2520789,75.7020778,0.580,307.80
686.858,0.47405,3.93128,11.61667,-0.13073,-0.18937,0.06353,31.2520789,75.7020778,0.580,307.80
686.962,1.05345,3.31836,10.73560,-0.50091,-0.19670,0.57421,31.2520828,75.7020709,1.090,289.80
687.065,0.04310,2.02071,7.88171,0.17471,-0.15027,0.22602,31.2520828,75.7020709,1.090,289.80
687.171,0.14365,2.48518,8.46111,-0.15882,1.00793,0.34331,31.2520828,75.7020709,1.090,289.80
687.276,1.31681,3.10289,8.94953,0.00611,0.08186,0.46181,31.2520828,75.7020709,1.090,289.80
687.380,1.88184,3.11246,9.45710,0.06842,-0.11729,0.39951,31.2520828,75.7020709,1.090,289.80
687.484,1.97282,3.13640,8.98783,0.56322,0.13561,-0.24923,31.2520828,75.7020709,1.090,289.80
687.587,4.39097,2.67672,8.26957,-0.70860,-1.01526,-0.48747,31.2520828,75.7020709,1.090,289.80
687.691,0.16759,0.24900,10.38126,0.19303,0.88942,-1.52961,31.2520828,75.7020709,1.090,289.80
687.796,-1.46525,3.04542,7.74764,0.70860,0.76480,-1.52350,31.2520828,75.7020709,1.090,289.80
687.900,-2.30801,2.27449,7.89608,-1.73730,-0.50946,-1.50029,31.2520828,75.7020709,1.090,289.80
688.005,-1.39343,2.29843,8.35098,-0.14416,-1.15454,-0.31398,31.2520881,75.7020608,0.860,294.60
688.107,3.41892,3.27048,13.59428,-0.70494,-1.43065,0.47281,31.2520881,75.7020608,0.860,294.60
688.211,0.05267,4.29041,10.05565,2.26387,3.68230,0.31643,31.2520881,75.7020608,0.860,294.60
688.314,-2.84910,0.47884,10.32380,-0.58643,-1.30481,-0.11606,31.2520881,75.7020608,0.860,294.60
688.417,-0.44532,2.07338,7.63750,1.15576,0.36041,1.14598,31.2520881,75.7020608,0.860,294.60
688.521,1.10133,0.92416,8.10677,0.86254,-0.87354,0.59132,31.2520881,75.7020608,0.860,294.60
688.623,1.65679,4.56335,6.23450,0.35064,0.97738,0.37874,31.2520881,75.7020608,0.860,294.60
688.724,1.58496,6.14352,9.04051,0.36652,-0.61331,-0.10507,31.2520881,75.7020608,0.860,294.60
688.826,4.93206,4.60644,11.84172,0.04276,0.15272,-0.09407,31.2520881,75.7020608,0.860,294.60
688.927,2.94966,3.99832,7.78116,-0.35308,-0.76969,-0.96395,31.2520928,75.7020513,0.830,291.10
689.028,1.52271,2.81079,7.27837,-0.03665,-0.38118,-0.79901,31.2520928,75.7020513,0.830,291.10
689.130,1.78607,2.94966,7.34541,-0.49236,-0.70372,-0.71838,31.2520928,75.7020513,0.830,291.10
689.234,-0.08619,4.31914,6.17704,-0.63652,0.30055,-0.41294,31.2520928,75.7020513,0.830,291.10
689.338,0.83318,4.01747,9.11712,-0.90164,-0.47770,0.44715,31.2520928,75.7020513,0.830,291.10
689.442,4.06535,3.34709,9.37569,0.02321,0.43738,0.29444,31.2520928,75.7020513,0.830,291.10
689.546,0.75657,1.04866,11.56399,-1.29381,0.07697,-0.13317,31.2520928,75.7020513,0.830,291.10
689.651,0.36392,1.54665,11.41077,0.28955,0.19181,0.40195,31.2520928,75.7020513,0.830,291.10
689.755,0.67995,2.38462,8.76757,1.38056,0.28344,0.20892,31.2520928,75.7020513,0.830,291.10
689.860,-0.95289,2.73897,8.01100,-0.53878,-0.00977,-0.65118,31.2520928,75.7020513,0.830,291.10
689.963,-0.72784,1.21625,11.92791,-0.37874,0.07208,0.56933,31.2520981,75.7020457,0.850,300.10
690.066,2.35111,4.56814,9.15543,0.42883,-0.81978,0.39706,31.2520981,75.7020457,0.850,300.10
690.170,4.38139,3.55300,10.99896,-1.19607,-1.38178,-0.77458,31.2520981,75.7020457,0.850,300.10
690.275,3.50511,-0.61770,9.73961,0.62797,1.72020,-0.58032,31.2520981,75.7020457,0.850,300.10
690.378,1.36469,1.40300,5.19542,0.88209,-1.06291,-0.96517,31.2520981,75.7020457,0.850,300.10
690.481,1.86269,4.48673,7.98706,1.04702,-1.01648,-0.00244,31.2520981,75.7020457,0.850,300.10
690.584,2.69108,6.14831,7.89129,1.52105,-1.92789,0.00977,31.2520981,75.7020457,0.850,300.10
690.690,4.51068,7.51779,7.36935,1.02381,0.67684,-0.47037,31.2520981,75.7020457,0.850,300.10
690.794,4.22337,7.72369,7.03895,-0.94195,1.26693,-0.05742,31.2520981,75.7020457,0.850,300.10
690.898,0.51236,2.80122,7.43160,0.37751,1.44042,-0.13073,31.2520981,75.7020457,0.850,300.10
691.001,2.87304,3.15077,7.43639,-0.44838,0.14661,0.45204,31.2521002,75.7020369,0.590,283.60
691.104,2.04465,4.82192,7.01501,-0.08063,0.29444,0.46304,31.2521002,75.7020369,0.590,283.60
691.208,2.48518,6.67025,7.41245,-0.13806,0.20036,-0.03910,31.2521002,75.7020369,0.590,283.60
691.312,2.37026,5.47315,10.97023,-0.82955,-0.45204,-0.48258,31.2521002,75.7020369,0.590,283.60
691.417,2.39420,4.07014,7.29753,-0.05986,-0.20036,0.14783,31.2521002,75.7020369,0.590,283.60
691.521,1.98719,2.23618,6.99107,-0.42516,1.43187,-0.22724,31.2521002,75.7020369,0.590,283.60
691.623,1.66636,2.48518,8.74841,-1.14110,0.17837,-0.36774,31.2521002,75.7020369,0.590,283.60
691.730,1.66158,4.42448,8.02536,-0.70616,0.33475,0.80146,31.2521002,75.7020369,0.590,283.60
691.834,1.88184,4.39097,9.92157,-0.03543,0.27489,0.23946,31.2521002,75.7020369,0.590,283.60
691.937,0.17717,4.18985,11.89439,0.21136,0.96639,-0.09896,31.2521019,75.7020328,0.670,276.60
692.040,1.40779,1.55144,13.44584,0.48014,-0.44838,-0.50335,31.2521019,75.7020328,0.670,276.60
692.143,-3.16035,-0.92895,5.72693,0.20403,-0.23946,0.19914,31.2521019,75.7020328,0.670,276.60
692.247,1.35033,1.54665,8.97826,0.48503,-1.07879,1.30359,31.2521019,75.7020328,0.670,276.60
692.352,2.69108,4.52025,8.28873,-1.11422,0.65240,0.58887,31.2521019,75.7020328,0.670,276.60
692.457,2.16915,3.86424,9.79228,-0.30177,0.42516,0.36163,31.2521019,75.7020328,0.670,276.60
692.561,4.17070,3.49553,11.80820,0.65973,-0.56566,0.07330,31.2521019,75.7020328,0.670,276.60
692.666,3.71580,0.06704,12.44027,0.52290,-0.74037,-0.74892,31.2521019,75.7020328,0.670,276.60
692.770,2.29843,1.20189,3.89776,1.33779,-0.35430,0.02688,31.2521019,75.7020328,0.670,276.60
692.875,4.83150,2.38462,7.27837,-1.18752,-0.22480,-0.39218,31.2521019,75.7020328,0.670,276.60
692.978,3.76847,4.27126,7.93917,-0.93218,0.47647,0.30421,31.2521027,75.7020239,0.710,276.60
693.081,3.90734,4.44364,9.80665,0.32987,-0.31521,-0.03787,31.2521027,75.7020239,0.710,276.60
693.182,3.87382,5.00388,10.41478,-0.06720,0.46548,-0.31398,31.2521027,75.7020239,0.710,276.60
693.285,2.11647,0.53151,11.21923,0.44349,1.25594,-0.84666,31.2521027,75.7020239,0.710,276.60
693.389,-0.68953,1.65679,3.52426,1.00793,-0.37507,0.32865,31.2521027,75.7020239,0.710,276.60
693.492,2.12126,2.26013,9.61033,-0.83933,0.04520,0.47281,31.2521027,75.7020239,0.710,276.60
693.596,2.01113,3.24175,8.84897,-0.32742,0.20036,0.25290,31.2521027,75.7020239,0.710,276.60
693.698,3.02627,4.15633,8.81066,0.02321,-0.16616,0.15638,31.2521027,75.7020239,0.710,276.60
693.803,3.55300,4.37660,10.18972,0.14050,-0.28833,-0.31154,31.2521027,75.7020239,0.710,276.60
693.908,6.02381,0.09577,11.73638,0.58765,0.58277,-0.82345,31.2521043,75.7020155,0.830,282.80
694.010,3.43329,2.15957,1.28329,0.93707,-0.93096,-0.52901,31.2521043,75.7020155,0.830,282.80
694.112,3.82593,2.97360,6.62715,-1.48196,-0.85032,-1.02625,31.2521043,75.7020155,0.830,282.80
694.217,4.34787,4.93684,12.09551,-1.59680,-0.07819,-0.42638,31.2521043,75.7020155,0.830,282.80
694.320,2.98318,4.49631,10.31901,0.32009,-0.04765,-0.11851,31.2521043,75.7020155,0.830,282.80
694.425,3.69186,3.76847,12.60787,-0.41294,0.25045,-0.28222,31.2521043,75.7020155,0.830,282.80
694.527,1.14443,1.84832,5.23851,1.37933,0.58643,0.20525,31.2521043,75.7020155,0.830,282.80
694.630,2.67672,2.66235,9.77792,-0.14783,-0.34575,0.02566,31.2521043,75.7020155,0.830,282.80
694.738,0.60813,2.93050,7.45554,0.11973,0.91508,0.19792,31.2521043,75.7020155,0.830,282.80
694.842,1.33596,4.33829,7.39329,0.25045,-0.02077,0.42638,31.2521043,75.7020155,0.830,282.80
694.945,3.23217,5.09486,10.00776,-0.08674,-0.70250,0.18326,31.2521077,75.7020088,0.770,290.90
695.048,4.84586,4.47716,10.06522,-0.60231,-0.58643,-0.29322,31.2521077,75.7020088,0.770,290.90
695.152,3.79242,1.77650,7.82425,0.79535,0.93218,-0.46181,31.2521077,75.7020088,0.770,290.90
695.255,4.07493,3.60567,4.07014,0.10873,-1.56870,-0.55222,31.2521077,75.7020088,0.770,290.90
695.361,3.48117,4.04141,7.21134,-1.00060,0.07819,-0.91508,31.2521077,75.7020088,0.770,290.90
695.466,2.08296,4.86502,7.90565,-0.50580,-0.45815,-0.43127,31.2521077,75.7020088,0.770,290.90
695.570,0.51715,5.04698,10.58716,-0.11729,0.51679,-0.08308,31.2521077,75.7020088,0.770,290.90
695.674,1.29766,3.96480,14.55196,-0.89064,-0.71471,0.28588,31.2521077,75.7020088,0.770,290.90
695.777,-0.15802,1.49877,7.21134,1.13499,1.20096,0.86010,31.2521077,75.7020088,0.770,290.90
695.881,1.68552,2.53785,9.67736,0.84910,-0.00122,1.12888,31.2521077,75.7020088,0.770,290.90
695.985,1.06781,3.43329,8.56167,0.48869,0.84666,0.87842,31.2521119,75.7020015,0.800,307.70
696.089,2.45166,4.62081,8.13550,0.58643,0.58643,0.64752,31.2521119,75.7020015,0.800,307.70
696.192,4.45800,4.40533,9.83538,-0.02077,0.20159,-0.13317,31.2521119,75.7020015,0.800,307.70
696.297,5.06613,3.51469,10.37168,-0.99449,-0.55100,-0.30665,31.2521119,75.7020015,0.800,307.70
696.403,4.29520,3.10767,4.46279,0.83689,-0.37018,-0.70983,31.2521119,75.7020015,0.800,307.70
696.507,3.74453,2.25055,6.65588,-1.24861,-1.83260,-1.51617,31.2521119,75.7020015,0.800,307.70
696.612,0.70868,2.87783,8.26957,-0.90775,-0.95051,-1.15209,31.2521119,75.7020015,0.800,307.70
696.715,1.58496,4.88417,8.11156,-0.17349,-1.45019,-0.47037,31.2521119,75.7020015,0.800,307.70
696.819,1.89142,5.32470,10.19930,-0.78802,0.43127,-0.44715,31.2521119,75.7020015,0.800,307.70
696.924,2.85389,2.67672,18.16241,-0.39828,0.27978,0.04520,31.2521153,75.7019959,0.650,316.20
697.026,1.65200,0.35913,6.92882,2.32740,0.83689,1.03358,31.2521153,75.7019959,0.650,316.20
697.131,2.72939,1.82438,8.30788,0.84788,0.59132,0.83322,31.2521153,75.7019959,0.650,316.20
697.236,2.21703,3.36146,6.97192,0.35675,0.58399,0.69639,31.2521153,75.7019959,0.650,316.20
697.340,2.78685,4.40054,7.40287,0.52168,0.11606,0.55222,31.2521153,75.7019959,0.650,316.20
697.444,5.10923,5.41090,7.89129,-0.08430,-0.54000,0.59376,31.2521153,75.7019959,0.650,316.20
697.548,6.63673,4.57771,9.29429,-0.49847,-0.06475,-0.07330,31.2521153,75.7019959,0.650,316.20
697.652,4.75967,2.72460,4.97515,0.53512,0.01100,-0.73059,31.2521153,75.7019959,0.650,316.20
697.757,4.51068,3.28484,5.81312,-0.72326,-1.42820,-0.98716,31.2521153,75.7019959,0.650,316.20
697.861,2.72939,3.94564,7.21134,-1.02381,-0.22969,-0.66096,31.2521153,75.7019959,0.650,316.20
697.966,3.19387,5.62159,8.33661,-0.27978,-0.81856,-0.28222,31.2521193,75.7019901,0.700,313.60
698.071,3.21781,5.68384,8.59997,-0.42028,0.24190,-0.60720,31.2521193,75.7019901,0.700,313.60
698.173,3.74453,3.72059,11.98537,-1.04580,-0.74281,-0.17471,31.2521193,75.7019901,0.700,313.60
698.278,1.63285,1.47962,6.63194,0.52657,1.05924,0.64385,31.2521193,75.7019901,0.700,313.60
698.382,4.25689,2.61447,9.40442,0.63774,-0.28222,0.87720,31.2521193,75.7019901,0.700,313.60
698.485,2.99275,3.30400,7.08684,0.29932,0.46426,0.70005,31.2521193,75.7019901,0.700,313.60
698.588,3.02627,3.99353,7.01501,0.22235,0.19792,0.53878,31.2521193,75.7019901,0.700,313.60
698.693,4.66869,3.89776,11.00375,0.10996,-0.41905,0.10263,31.2521193,75.7019901,0.700,313.60
698.798,5.61680,3.45244,9.65821,-0.45571,0.07208,0.02443,31.2521193,75.7019901,0.700,313.60
698.902,4.72615,1.29287,7.55610,0.26634,1.06291,0.18570,31.2521193,75.7019901,0.700,313.60
699.005,6.15310,2.94487,4.74531,0.68417,-1.16797,-0.08674,31.2521229,75.7019833,0.580,308.30
699.110,4.18506,3.57694,5.43963,-0.56688,0.38729,-0.31643,31.2521229,75.7019833,0.580,308.30
699.213,4.46279,4.41491,7.43639,-0.66218,-0.56810,-0.19181,31.2521229,75.7019833,0.580,308.30
699.317,5.01825,4.54898,8.70532,0.33842,0.03176,-0.18570,31.2521229,75.7019833,0.580,308.30
699.420,5.30076,4.93684,9.71088,-0.90164,-0.70005,-0.35797,31.2521229,75.7019833,0.580,308.30
699.525,1.82438,1.18752,9.27035,0.30788,1.68843,0.05986,31.2521229,75.7019833,0.580,308.30
699.628,2.80600,2.38941,7.92960,0.75869,-0.97861,0.73670,31.2521229,75.7019833,0.580,308.30
699.730,4.00311,2.60010,8.21690,0.45693,0.69761,0.38729,31.2521229,75.7019833,0.580,308.30
699.834,3.46680,3.47638,6.26802,0.20403,-0.13073,0.24068,31.2521229,75.7019833,0.580,308.30
699.937,5.46357,4.17549,8.54251,-0.16127,-0.37874,-0.19303,31.2521272,75.7019777,0.730,306.00
700.039,6.26802,4.21380,10.23761,-0.99693,-0.34086,-0.59010,31.2521272,75.7019777,0.730,306.00
700.143,2.99275,1.91536,6.70855,-0.05131,1.43065,-0.31521,31.2521272,75.7019777,0.730,306.00
700.248,5.55934,3.20344,6.90009,0.42883,-1.38544,-0.08186,31.2521272,75.7019777,0.730,306.00
700.352,4.10366,3.80678,6.33985,-0.36163,0.67684,-0.48258,31.2521272,75.7019777,0.730,306.00
700.456,2.96402,5.28161,7.35499,-0.00733,-0.27489,-0.16493,31.2521272,75.7019777,0.730,306.00
700.559,3.67271,5.64553,10.17536,0.27855,0.02566,-0.07819,31.2521272,75.7019777,0.730,306.00
700.664,3.10289,3.89776,12.46421,-0.43005,0.10629,-0.08674,31.2521272,75.7019777,0.730,306.00
700.766,1.11570,1.92973,7.32626,0.75014,0.32865,0.57544,31.2521272,75.7019777,0.730,306.00
700.868,3.15556,2.37984,8.70053,0.91508,0.34331,0.63530,31.2521272,75.7019777,0.730,306.00
700.972,2.66235,3.01191,5.70778,0.32987,0.66340,0.51801,31.2521321,75.7019704,0.780,309.60
701.073,3.84988,3.81157,7.09641,0.03176,-0.31643,0.31154,31.2521321,75.7019704,0.780,309.60
701.176,5.40132,3.73495,7.90565,-0.30788,-0.11729,-0.36285,31.2521321,75.7019704,0.780,309.60
701.281,5.35344,3.13162,11.02290,-1.15576,-0.51557,-0.74403,31.2521321,75.7019704,0.780,309.60
701.386,3.80199,3.34231,5.39653,-0.27122,-0.56688,-0.41905,31.2521321,75.7019704,0.780,309.60
701.490,4.73094,2.55701,9.68215,-0.97616,-0.30421,-0.96272,31.2521321,75.7019704,0.780,309.60
701.593,2.48997,2.67672,7.09163,-0.31276,-0.46792,-0.66462,31.2521321,75.7019704,0.780,309.60
701.697,2.58095,4.18028,9.27035,-0.45082,0.07697,-0.14905,31.2521321,75.7019704,0.780,309.60
701.801,2.12605,4.98952,10.17057,-0.32254,0.57421,0.06475,31.2521321,75.7019704,0.780,309.60
701.905,1.11091,2.33674,13.49372,0.52779,1.37689,0.40806,31.2521349,75.7019652,0.700,309.90
702.008,4.00789,1.81002,12.11466,1.03358,-0.76114,0.80879,31.2521349,75.7019652,0.700,309.90
702.112,2.75812,1.19231,4.78362,1.03358,1.59680,0.74403,31.2521349,75.7019652,0.700,309.90
702.215,3.10767,2.89698,5.09007,0.41172,-0.24557,0.38485,31.2521349,75.7019652,0.700,309.90
702.319,3.60088,3.85466,9.45231,-0.72204,-0.32009,-0.18937,31.2521349,75.7019652,0.700,309.90
702.422,7.69975,4.19464,15.01164,-1.52228,-1.56748,-0.41661,31.2521349,75.7019652,0.700,309.90
702.524,4.97036,2.98318,4.41970,0.99571,0.48747,-0.84055,31.2521349,75.7019652,0.700,309.90
702.631,4.88896,2.61447,5.99987,-0.26389,-1.05313,-1.19607,31.2521349,75.7019652,0.700,309.90
702.737,3.36625,3.38061,6.41167,-0.53634,-0.66340,-0.86743,31.2521349,75.7019652,0.700,309.90
702.841,3.10289,4.76446,7.94875,-0.74648,-0.34697,-0.60842,31.2521349,75.7019652,0.700,309.90
702.947,2.73418,5.73172,9.48104,-0.21625,0.02566,-0.29810,31.2521402,75.7019601,0.720,314.70
703.050,5.46357,3.67271,16.42422,-0.32254,-0.22969,0.04276,31.2521402,75.7019601,0.720,314.70
703.155,3.05500,2.18351,7.00543,1.36345,0.27367,0.32132,31.2521402,75.7019601,0.720,314.70
703.257,2.83473,3.14119,6.44998,0.64630,0.71471,-0.01588,31.2521402,75.7019601,0.720,314.70
703.362,2.88741,3.72538,6.65109,0.40561,0.28955,-0.10751,31.2521402,75.7019601,0.720,314.70
703.468,3.65355,4.17549,7.22091,-0.07208,-0.17593,0.09529,31.2521402,75.7019601,0.720,314.70
703.572,4.86502,5.09486,7.91044,-0.16493,-0.52534,0.15760,31.2521402,75.7019601,0.720,314.70
703.675,7.62793,3.94564,11.92312,-1.79839,-1.10200,-0.35919,31.2521402,75.7019601,0.720,314.70
703.780,4.63517,2.89220,7.21612,-0.25534,-0.50091,-0.74037,31.2521402,75.7019601,0.720,314.70
703.882,4.29999,2.70545,6.59363,-0.40928,-0.51679,-0.99693,31.2521402,75.7019601,0.720,314.70
703.986,2.24097,3.61046,5.81791,-0.32987,-0.82955,-0.79779,31.2521458,75.7019570,0.790,337.80
704.089,1.64242,4.64954,7.81946,-0.34086,-0.27978,-0.35186,31.2521458,75.7019570,0.790,337.80
704.192,3.11725,6.78038,10.68293,-0.15149,-0.03665,0.31154,31.2521458,75.7019570,0.790,337.80
704.295,5.95677,3.96001,13.64695,0.08063,1.30236,0.85643,31.2521458,75.7019570,0.790,337.80
704.405,5.15232,-1.28329,6.98149,1.06779,1.98776,0.39706,31.2521458,75.7019570,0.790,337.80
704.507,2.65756,1.89621,7.42203,-0.14539,-1.34635,-0.43494,31.2521458,75.7019570,0.790,337.80
704.611,1.70467,3.62961,10.17057,-1.11300,0.54123,-0.48747,31.2521458,75.7019570,0.790,337.80
704.716,0.53630,2.93050,9.62469,0.33598,0.27489,0.20647,31.2521458,75.7019570,0.790,337.80
704.821,2.01592,4.13239,5.01825,0.92363,-0.19792,0.68906,31.2521458,75.7019570,0.790,337.80
704.923,3.28963,5.08050,8.72926,-0.24801,0.10263,0.21258,31.2521523,75.7019544,0.640,350.90
705.024,5.06613,3.64398,13.27345,0.44838,0.22969,-0.00977,31.2521523,75.7019544,0.640,350.90
705.127,4.45800,2.42772,11.76511,-0.59498,-0.09285,-0.55833,31.2521523,75.7019544,0.640,350.90
705.231,2.96402,2.89220,5.46357,-0.05864,-0.13073,-0.53878,31.2521523,75.7019544,0.640,350.90
705.335,3.61046,2.06380,7.03416,0.45326,-0.64996,-0.89553,31.2521523,75.7019544,0.640,350.90
705.438,2.26491,3.04064,5.43005,0.03176,0.08552,-0.50457,31.2521523,75.7019544,0.640,350.90
705.543,2.93529,5.11880,5.92804,-0.52779,-1.09467,-0.20281,31.2521523,75.7019544,0.640,350.90
705.645,4.06535,5.05655,10.69250,-0.93218,0.17471,-0.58277,31.2521523,75.7019544,0.640,350.90
705.749,3.00233,5.64553,7.80989,0.27489,0.17226,-0.35797,31.2521523,75.7019544,0.640,350.90
705.853,3.09331,5.10923,14.02523,-0.66218,-0.58277,-0.23946,31.2521523,75.7019544,0.640,350.90
705.955,1.26414,2.55701,8.66701,1.60169,0.56810,0.63652,31.2521568,75.7019542,0.470,2.20
706.058,1.02472,3.23217,7.05332,0.68050,-0.28588,0.32987,31.2521568,75.7019542,0.470,2.20
706.162,0.87149,3.82115,7.60398,0.31276,0.71716,0.34697,31.2521568,75.7019542,0.470,2.20
706.265,2.03507,4.98473,7.89129,0.10385,0.78802,0.22969,31.2521568,75.7019542,0.470,2.20
706.372,2.88262,5.37738,7.72369,-0.12950,0.50457,0.31521,31.2521568,75.7019542,0.470,2.20
706.475,4.01268,5.95677,7.64708,0.15149,-0.13806,0.33720,31.2521568,75.7019542,0.470,2.20
706.580,5.20978,4.94642,12.89517,-0.26023,-0.41417,-0.45937,31.2521568,75.7019542,0.470,2.20
706.685,2.74854,3.51948,3.89776,0.37629,-0.51068,-0.57910,31.2521568,75.7019542,0.470,2.20
706.788,3.42850,3.82115,7.38851,-0.95295,-0.72326,-0.64507,31.2521568,75.7019542,0.470,2.20
706.894,2.19788,5.26724,6.28717,-0.66218,-0.75625,-0.37018,31.2521568,75.7019542,0.470,2.20
706.999,2.09732,5.94720,8.86333,-0.59132,-0.35430,-0.47525,31.2521631,75.7019557,0.650,12.30
707.101,2.67672,6.45956,9.65821,0.02566,0.11362,-0.27611,31.2521631,75.7019557,0.650,12.30
707.202,2.23140,3.65355,12.23916,0.30665,0.50213,0.08186,31.2521631,75.7019557,0.650,12.30
707.305,0.21548,3.50032,5.52103,1.06657,0.19059,0.74648,31.2521631,75.7019557,0.650,12.30
707.410,1.16358,3.84030,9.27514,0.41539,0.60109,0.65363,31.2521631,75.7019557,0.650,12.30
707.514,1.25935,4.68306,7.08205,0.52412,0.94806,0.41783,31.2521631,75.7019557,0.650,12.30
707.618,2.02071,5.42526,7.49385,0.21258,0.95295,0.42516,31.2521631,75.7019557,0.650,12.30
707.720,3.88340,5.79876,9.45231,0.10018,-0.06964,0.17715,31.2521631,75.7019557,0.650,12.30
707.825,3.72538,5.51624,7.74764,-0.93585,-0.12095,-0.16249,31.2521631,75.7019557,0.650,12.30
707.929,3.57694,4.06535,4.74531,0.19181,-0.34819,-0.33109,31.2521709,75.7019561,0.710,9.00
708.031,2.62883,3.22738,6.48829,-0.92974,-0.77824,-0.80023,31.2521709,75.7019561,0.710,9.00
708.134,2.17394,4.76925,6.90488,-0.80879,-1.26571,-0.71349,31.2521709,75.7019561,0.710,9.00
708.238,1.96325,5.51624,10.67814,-0.51801,-0.50824,-0.64019,31.2521709,75.7019561,0.710,9.00
708.343,1.58017,5.82270,10.58716,0.27367,-0.22113,-0.30910,31.2521709,75.7019561,0.710,9.00
708.448,1.40300,3.80199,14.74349,0.24679,0.37874,0.04765,31.2521709,75.7019561,0.710,9.00
708.551,0.97205,3.28963,9.22246,1.55160,-0.19914,1.00915,31.2521709,75.7019561,0.710,9.00
708.656,2.80600,3.24175,7.18261,1.14843,0.86865,0.78191,31.2521709,75.7019561,0.710,9.00
708.761,2.67672,4.19464,4.57293,0.77213,1.09101,0.64630,31.2521709,75.7019561,0.710,9.00
708.866,3.09331,5.36301,6.61278,-0.09652,0.35797,0.49847,31.2521709,75.7019561,0.710,9.00
708.972,4.69742,6.75165,6.89530,-1.08367,0.11851,0.27978,31.2521793,75.7019565,0.790,7.80
709.073,5.33907,3.96480,7.89608,0.71105,1.46730,0.10018,31.2521793,75.7019565,0.790,7.80
709.175,5.27203,4.36224,3.68228,0.24923,-1.10444,-0.39584,31.2521793,75.7019565,0.790,7.80
709.280,3.55300,4.28562,4.97994,-1.02992,-0.58032,-0.93829,31.2521793,75.7019565,0.790,7.80
709.384,2.73897,5.74130,7.51779,-0.82833,-1.17530,-0.48136,31.2521793,75.7019565,0.790,7.80
709.488,1.35033,7.33105,10.86968,-0.68539,0.14172,-0.49847,31.2521793,75.7019565,0.790,7.80
709.593,0.84755,3.96001,16.95574,-0.28100,0.21747,-0.15027,31.2521793,75.7019565,0.790,7.80
709.699,0.17717,3.78763,7.88171,1.01159,0.53390,0.86865,31.2521793,75.7019565,0.790,7.80
709.803,1.97282,2.80122,7.57047,0.76847,0.95173,0.51801,31.2521793,75.7019565,0.790,7.80
709.907,2.41814,3.79720,4.41491,0.68173,0.85032,0.29199,31.2521793,75.7019565,0.790,7.80
710.011,3.25133,4.95121,7.46991,-0.65363,-0.31765,0.04154,31.2521875,75.7019559,0.880,5.00
710.114,4.18028,5.44441,7.69496,-0.85399,-0.56810,-0.34575,31.2521875,75.7019559,0.880,5.00
710.218,4.80756,3.81157,10.80743,-0.32498,0.25290,-0.71471,31.2521875,75.7019559,0.880,5.00
710.323,2.56180,2.40857,6.76601,-0.79779,-0.62553,-1.41110,31.2521875,75.7019559,0.880,5.00
710.428,0.50757,3.39019,8.59997,-0.75136,-0.78435,-0.42272,31.2521875,75.7019559,0.880,5.00
710.532,1.78607,4.69264,11.85609,-0.73059,-0.35552,-0.05864,31.2521875,75.7019559,0.880,5.00
710.634,0.57940,5.10444,11.30063,0.09774,1.10322,0.59865,31.2521875,75.7019559,0.880,5.00
710.738,-0.27773,2.21703,16.41944,0.69150,0.13928,0.65485,31.2521875,75.7019559,0.880,5.00
710.844,2.66714,2.12126,9.71088,1.92545,-0.04154,0.98227,31.2521875,75.7019559,0.880,5.00
710.950,1.98240,1.68073,5.51624,0.17471,1.02748,0.51801,31.2521964,75.7019569,0.870,8.00
711.056,1.69988,3.71580,6.88094,0.13317,0.24801,0.06231,31.2521964,75.7019569,0.870,8.00
711.159,1.57538,4.80756,11.20965,-0.46548,0.33475,-0.01710,31.2521964,75.7019569,0.870,8.00
711.264,2.15957,3.28963,11.60230,-1.31947,-0.66462,-0.66096,31.2521964,75.7019569,0.870,8.00
711.368,2.89220,2.92093,5.98072,0.51191,0.32009,0.14905,31.2521964,75.7019569,0.870,8.00
711.473,1.57538,3.36146,6.93361,-0.47770,-0.11240,-0.93218,31.2521964,75.7019569,0.870,8.00
711.580,-0.57940,2.41336,7.70933,-0.38362,-0.46792,-0.83200,31.2521964,75.7019569,0.870,8.00
711.682,0.82839,3.67271,9.77792,0.33475,-1.61513,0.59132,31.2521964,75.7019569,0.870,8.00
711.784,2.24576,5.25767,9.70131,-1.22417,-0.32009,0.53756,31.2521964,75.7019569,0.870,8.00
711.887,1.34554,3.15556,11.56399,0.29810,0.41417,0.70250,31.2521964,75.7019569,0.870,8.00
711.991,2.22182,2.83952,6.89530,0.82100,0.13806,0.22480,31.2522056,75.7019590,0.870,12.20
712.095,1.50835,2.73418,7.12514,0.52046,-0.08674,0.21136,31.2522056,75.7019590,0.870,12.20
712.198,2.90177,3.09331,9.64863,0.10873,0.11606,0.27733,31.2522056,75.7019590,0.870,12.20
712.301,4.50110,3.30400,8.98783,-0.01466,0.03665,-0.02321,31.2522056,75.7019590,0.870,12.20
712.406,4.25210,0.98162,11.61188,0.04032,1.21684,-0.08186,31.2522056,75.7019590,0.870,12.20
712.510,3.47638,2.69587,6.00466,-0.15638,-0.76358,-0.68906,31.2522056,75.7019590,0.870,12.20
712.615,2.15957,2.95923,6.98149,-0.35797,-0.20159,-0.85032,31.2522056,75.7019590,0.870,12.20
712.719,2.20745,4.04620,7.34541,-0.26145,-0.51435,-0.43616,31.2522056,75.7019590,0.870,12.20
712.823,2.13084,5.14753,11.64540,-0.67684,-0.27489,-0.15027,31.2522056,75.7019590,0.870,12.20
712.926,1.79086,2.99754,17.54950,-1.17775,-0.16371,-0.25779,31.2522152,75.7019596,0.970,8.20
713.028,0.65122,2.01113,9.68215,1.43920,-0.03176,0.78435,31.2522152,75.7019596,0.970,8.20
713.131,1.89142,1.93451,6.03339,1.16920,0.97494,0.59376,31.2522152,75.7019596,0.970,8.20
713.236,1.82438,2.97839,6.62236,0.50335,0.40806,0.29810,31.2522152,75.7019596,0.970,8.20
713.339,2.74376,3.29442,8.36055,-0.27367,-0.09041,0.31154,31.2522152,75.7019596,0.970,8.20
713.444,5.36780,3.83551,9.85932,-1.35001,-0.75381,0.26267,31.2522152,75.7019596,0.970,8.20
713.548,6.94318,3.18429,9.62948,-0.30177,1.86558,-0.10018,31.2522152,75.7019596,0.970,8.20
713.653,1.98719,1.86269,6.54096,-0.13317,-0.26267,-1.12399,31.2522152,75.7019596,0.970,8.20
713.758,1.50835,2.98796,6.69419,-0.16982,-0.82955,-1.04336,31.2522152,75.7019596,0.970,8.20
713.861,0.82361,4.22816,9.84975,-0.59254,-0.22358,-0.59498,31.2522152,75.7019596,0.970,8.20
713.964,0.73263,5.94720,10.63983,-0.02566,0.16493,-0.58521,31.2522247,75.7019586,0.990,4.80
714.067,-1.00556,2.04944,17.74104,0.27611,0.60842,-0.03787,31.2522247,75.7019586,0.990,4.80
714.170,0.75657,1.87227,10.13705,1.78495,-0.27245,0.74892,31.2522247,75.7019586,0.990,4.80
714.273,1.03908,1.82438,4.79798,0.89064,1.17653,0.72082,31.2522247,75.7019586,0.990,4.80
714.378,1.12527,3.82593,5.34865,0.09407,0.01710,0.42761,31.2522247,75.7019586,0.990,4.80
714.480,2.04465,4.86502,8.82024,-0.58032,-0.17593,0.22235,31.2522247,75.7019586,0.990,4.80
714.585,3.45244,5.91368,9.25598,-1.30359,-0.25656,-0.03421,31.2522247,75.7019586,0.990,4.80
714.689,3.47638,3.37582,8.87770,0.66829,1.27671,0.18082,31.2522247,75.7019586,0.990,4.80
714.793,1.93451,2.72939,5.86101,-0.61697,-0.41294,-0.75869,31.2522247,75.7019586,0.990,4.80
714.897,0.97683,4.15633,7.46512,-0.63530,-0.82711,-0.56810,31.2522247,75.7019586,0.990,4.80
715.001,1.01514,5.04219,11.08515,-0.52657,0.01100,-0.31765,31.2522343,75.7019580,1.010,1.70
715.105,0.59376,5.89452,9.83059,0.32254,0.36285,0.01466,31.2522343,75.7019580,1.010,1.70
715.211,-1.39343,1.08218,15.01164,0.63286,0.53756,0.20036,31.2522343,75.7019580,1.010,1.70
715.317,0.03352,0.96247,8.94474,1.00182,-0.07819,0.95051,31.2522343,75.7019580,1.010,1.70
715.422,1.38864,2.30801,6.20577,0.49236,0.81856,1.09101,31.2522343,75.7019580,1.010,1.70
715.527,1.84832,3.79720,7.38372,0.32009,0.25534,0.54978,31.2522343,75.7019580,1.010,1.70
715.631,3.59130,5.31034,9.91678,-0.40439,-0.58643,0.11606,31.2522343,75.7019580,1.010,1.70
715.733,3.03106,4.36224,9.57681,-0.96150,-0.44104,-0.36652,31.2522343,75.7019580,1.010,1.70
715.837,3.35188,2.59531,6.91924,0.92241,0.48381,-0.14050,31.2522343,75.7019580,1.010,1.70
715.942,1.85790,2.56180,5.31034,-0.28833,-0.44960,-0.73670,31.2522455,75.7019558,1.000,356.70
716.045,0.74699,3.85945,7.61835,-0.51924,-0.64996,-0.67806,31.2522455,75.7019558,1.000,356.70
716.148,1.38864,5.65032,9.95030,-0.72571,-0.16371,-0.31032,31.2522455,75.7019558,1.000,356.70
716.251,0.99599,5.82749,9.72525,-0.07330,0.12217,-0.19059,31.2522455,75.7019558,1.000,356.70
716.356,-0.61292,1.40300,11.19050,0.59254,1.15454,0.33231,31.2522455,75.7019558,1.000,356.70
716.460,0.77093,2.05422,8.51378,0.98594,-0.34086,0.67806,31.2522455,75.7019558,1.000,356.70
716.564,1.57538,2.70545,6.40688,0.57055,0.63163,0.66951,31.2522455,75.7019558,1.000,356.70
716.668,1.56102,4.07014,5.91847,0.19670,-0.16005,0.24679,31.2522455,75.7019558,1.000,356.70
716.774,2.68151,5.01346,8.87291,-0.27122,-0.45693,-0.03299,31.2522455,75.7019558,1.000,356.70
716.877,3.65834,4.37181,13.87200,-1.40255,-0.74892,-0.47403,31.2522455,75.7019558,1.000,356.70
716.982,3.35188,2.42772,6.78038,1.07024,0.82222,-0.01344,31.2522561,75.7019543,0.970,354.00
717.086,2.75812,2.85868,5.17626,-0.05376,-0.46181,-0.51435,31.2522561,75.7019543,0.970,354.00
717.191,1.25935,4.34308,5.30076,-0.43249,-0.90530,-0.57666,31.2522561,75.7019543,0.970,354.00
717.294,1.19710,6.08127,9.88326,-0.51801,-0.48625,-0.33964,31.2522561,75.7019543,0.970,354.00
717.398,0.96726,6.56969,11.51611,0.13683,0.23946,0.07575,31.2522561,75.7019543,0.970,354.00
717.502,0.88107,2.20745,8.11156,1.33902,1.45019,0.81245,31.2522561,75.7019543,0.970,354.00
717.606,1.81959,3.22260,6.75165,0.60598,-0.61697,0.60476,31.2522561,75.7019543,0.970,354.00
717.710,1.52750,2.57137,6.72292,0.09774,1.13743,0.71471,31.2522561,75.7019543,0.970,354.00
717.813,2.05901,4.28083,6.67503,0.01344,-0.07941,0.43616,31.2522561,75.7019543,0.970,354.00
717.917,3.55300,4.39575,11.20965,0.00611,-0.19303,0.30299,31.2522660,75.7019528,0.930,356.40
718.019,4.87459,3.99832,14.15452,-0.67317,-0.32009,-0.04154,31.2522660,75.7019528,0.930,356.40
718.122,3.55778,3.97437,3.57215,0.56933,0.80146,0.43127,31.2522660,75.7019528,0.930,356.40
718.227,3.97437,3.85945,6.72771,-0.59620,-0.64752,-0.52046,31.2522660,75.7019528,0.930,356.40
718.333,2.29365,4.30956,6.33506,-0.22969,-0.57788,-0.68050,31.2522660,75.7019528,0.930,356.40
718.439,2.46124,5.36301,11.34852,-0.45082,-0.30543,0.05131,31.2522660,75.7019528,0.930,356.40
718.543,2.66235,6.11479,10.67335,-0.61087,-0.38607,-0.09896,31.2522660,75.7019528,0.930,356.40
718.646,1.39821,3.15077,8.01579,0.75747,1.06168,0.29566,31.2522660,75.7019528,0.930,356.40
718.750,2.82037,2.98318,8.01579,0.47647,-0.53756,-0.08308,31.2522660,75.7019528,0.930,356.40
718.855,1.86269,2.45166,6.50265,0.17471,0.88698,0.21136,31.2522660,75.7019528,0.930,356.40
718.959,2.03507,4.33351,6.13873,-0.16860,0.05742,0.10507,31.2522737,75.7019528,0.880,359.30
719.061,3.81157,5.26246,10.90798,-0.87109,-0.48625,-0.24312,31.2522737,75.7019528,0.880,359.30
719.165,4.06057,3.03585,14.84884,-0.93829,-0.16616,-0.53634,31.2522737,75.7019528,0.880,359.30
719.269,4.77404,2.41336,4.66391,1.19363,0.50702,-0.15638,31.2522737,75.7019528,0.880,359.30
719.375,3.51469,1.87705,6.12916,-0.61331,-0.60964,-0.88575,31.2522737,75.7019528,0.880,359.30
719.480,1.91536,4.16112,7.33105,-0.73548,-1.27671,-0.87354,31.2522737,75.7019528,0.880,359.30
719.581,1.46046,5.75566,10.85052,-1.08123,-0.09163,-0.85521,31.2522737,75.7019528,0.880,359.30
719.687,-0.21548,5.49709,11.07079,-0.26512,0.58521,0.20036,31.2522737,75.7019528,0.880,359.30
719.791,1.18274,1.87227,11.66455,1.38666,0.66584,0.77091,31.2522737,75.7019528,0.880,359.30
719.894,1.15401,1.68073,7.33105,1.05558,-0.24312,0.73793,31.2522737,75.7019528,0.880,359.30
719.997,1.38864,1.72383,5.88495,0.58032,0.58887,0.65729,31.2522822,75.7019529,0.800,359.40
720.101,1.95367,3.40934,7.52737,-0.07819,0.09163,0.65240,31.2522822,75.7019529,0.800,359.40
720.204,4.77883,4.65433,11.14740,-0.13561,-0.22724,0.36163,31.2522822,75.7019529,0.800,359.40
720.313,4.97994,4.27604,10.33816,-0.98227,-0.36896,-0.18815,31.2522822,75.7019529,0.800,359.40
720.417,4.44843,2.78206,6.23929,0.65973,0.42638,-0.08552,31.2522822,75.7019529,0.800,359.40
720.520,2.43730,2.69108,6.24887,-0.62430,0.04887,-0.70616,31.2522822,75.7019529,0.800,359.40
720.623,1.13006,4.20422,8.01100,-0.47770,-0.59987,-0.48258,31.2522822,75.7019529,0.800,359.40
720.726,1.26414,5.48272,10.34295,-0.22969,0.19303,-0.14050,31.2522822,75.7019529,0.800,359.40
720.831,1.45089,5.86579,9.17458,-0.13073,0.32620,0.19914,31.2522822,75.7019529,0.800,359.40
720.935,0.30167,1.82917,11.14261,1.03114,0.98960,0.56810,31.2522909,75.7019523,0.920,1.90
721.038,1.50835,2.25534,8.76278,0.98838,-0.45937,0.58765,31.2522909,75.7019523,0.920,1.90
721.146,1.29766,3.00233,5.79876,0.33720,0.82345,0.59987,31.2522909,75.7019523,0.920,1.90
721.249,1.53229,3.68707,7.92960,0.30299,0.06353,0.37629,31.2522909,75.7019523,0.920,1.90
721.353,3.56257,5.00388,9.66779,-0.16982,-0.32987,0.11484,31.2522909,75.7019523,0.920,1.90
721.458,4.24253,4.80756,9.48104,-1.08367,-0.63530,-0.32742,31.2522909,75.7019523,0.920,1.90
721.562,3.15556,3.05979,5.56412,0.39828,0.65363,-0.13928,31.2522909,75.7019523,0.920,1.90
721.666,2.71502,3.03585,6.21056,-0.50335,-0.51557,-0.65851,31.2522909,75.7019523,0.920,1.90
721.771,1.44610,3.80199,7.46991,-0.60353,-0.75625,-0.53145,31.2522909,75.7019523,0.920,1.90
721.875,2.00634,5.35822,10.33816,-0.48625,-0.10507,-0.39584,31.2522909,75.7019523,0.920,1.90
721.979,1.36469,6.20098,9.96467,0.04887,0.44227,-0.19303,31.2523007,75.7019524,0.980,5.50
722.082,-0.00958,2.37505,12.16254,0.97616,0.54367,0.28466,31.2523007,75.7019524,0.980,5.50
722.186,2.43730,2.62405,9.89284,1.24739,-0.41783,0.36774,31.2523007,75.7019524,0.980,5.50
722.292,2.54264,2.56658,5.47315,0.69150,1.04214,0.28222,31.2523007,75.7019524,0.980,5.50
722.396,2.55222,4.06057,4.47716,-0.01588,-0.18204,0.00000,31.2523007,75.7019524,0.980,5.50
722.498,2.34153,5.10444,9.40442,-0.39340,-0.48014,-0.32132,31.2523007,75.7019524,0.980,5.50
722.604,3.55300,4.52504,16.59661,-0.90530,-0.40195,-0.21258,31.2523007,75.7019524,0.980,5.50
722.709,4.52025,2.77249,4.48195,1.72753,0.54856,0.08430,31.2523007,75.7019524,0.980,5.50
722.816,3.47159,3.49553,4.34787,-0.48258,-0.57910,-0.56322,31.2523007,75.7019524,0.980,5.50
722.919,1.66158,5.12359,6.39731,-0.89431,-0.90286,-0.71471,31.2523107,75.7019533,1.040,5.10
723.020,1.32160,7.12036,9.44273,-0.62308,-0.11851,-0.46426,31.2523107,75.7019533,1.040,5.10
723.122,0.71347,6.61278,10.09874,0.11973,0.23824,-0.44471,31.2523107,75.7019533,1.040,5.10
723.227,0.23942,2.46124,13.43626,0.39584,1.13377,0.00733,31.2523107,75.7019533,1.040,5.10
723.331,1.29287,2.32238,7.68539,0.70983,0.00489,0.23946,31.2523107,75.7019533,1.040,5.10
723.435,0.22984,2.35111,6.66067,-0.08063,1.00426,0.34941,31.2523107,75.7019533,1.040,5.10
723.540,0.96726,3.33273,7.08205,0.10996,0.05742,0.43860,31.2523107,75.7019533,1.040,5.10
723.644,2.07817,4.96557,10.44351,-0.13806,-0.40928,0.11973,31.2523107,75.7019533,1.040,5.10
723.748,1.76213,6.09085,8.92080,-0.60231,-0.47770,-0.70127,31.2523107,75.7019533,1.040,5.10
723.851,3.04542,3.45723,8.44674,0.97372,0.37996,-0.60476,31.2523107,75.7019533,1.040,5.10
723.954,2.35589,2.89220,5.88974,0.20525,-0.51313,-0.81612,31.2523212,75.7019541,0.960,4.20
724.056,0.91459,4.74531,5.86101,-0.37018,-0.64263,-0.68661,31.2523212,75.7019541,0.960,4.20
724.161,-0.49799,5.25767,9.17937,-0.59132,-0.20892,-0.32987,31.2523212,75.7019541,0.960,4.20
724.263,-0.15802,5.55455,11.59272,-0.21014,1.21807,-0.04520,31.2523212,75.7019541,0.960,4.20
724.365,-1.75734,3.12683,11.90397,-0.44715,0.22602,-0.23091,31.2523212,75.7019541,0.960,4.20
724.470,-1.48919,1.06781,9.64863,0.39584,0.76603,0.76236,31.2523212,75.7019541,0.960,4.20
724.575,-1.26893,0.29688,8.39407,0.69272,0.94440,1.29381,31.2523212,75.7019541,0.960,4.20
724.679,0.62728,2.73897,7.80510,-0.03787,0.82222,1.69943,31.2523212,75.7019541,0.960,4.20
724.783,1.14922,3.86424,8.96389,-0.04154,0.60598,1.05069,31.2523212,75.7019541,0.960,4.20
724.887,1.73340,5.69341,11.73159,-0.11484,-0.22846,0.59743,31.2523212,75.7019541,0.960,4.20
724.990,1.33118,5.36780,10.35253,-0.07208,-0.38851,0.37385,31.2523292,75.7019536,0.810,359.70
725.095,1.34554,4.51546,5.35344,0.82467,0.14783,0.58887,31.2523292,75.7019536,0.810,359.70
725.199,1.84354,4.22816,5.69820,-0.02199,0.09652,0.42883,31.2523292,75.7019536,0.810,359.70
725.305,1.05345,5.83228,5.56412,-0.01344,-0.48747,0.10873,31.2523292,75.7019536,0.810,359.70
725.409,0.35913,7.32147,8.96868,-0.23702,-0.36652,-0.06720,31.2523292,75.7019536,0.810,359.70
725.512,-0.02873,7.99663,8.57124,0.76358,0.27611,0.35919,31.2523292,75.7019536,0.810,359.70
725.620,-0.24900,3.85466,15.33726,-0.32742,-0.07575,0.45815,31.2523292,75.7019536,0.810,359.70
725.724,-0.32082,2.86347,6.97670,1.04091,1.28160,1.58825,31.2523292,75.7019536,0.810,359.70
725.826,1.09176,3.16035,8.30309,0.40806,1.57970,1.36712,31.2523292,75.7019536,0.810,359.70
725.930,1.05345,3.80678,6.89051,0.46059,1.54305,1.12644,31.2523326,75.7019490,0.640,335.70
726.033,1.96803,4.80277,8.74841,-0.20892,0.88820,1.00671,31.2523326,75.7019490,0.640,335.70
726.137,4.62560,6.39252,10.43393,0.05620,0.58887,1.03114,31.2523326,75.7019490,0.640,335.70
726.241,5.75566,6.61278,8.15944,-0.35797,-0.37507,0.44838,31.2523326,75.7019490,0.640,335.70
726.347,3.94564,4.77404,4.51546,1.07512,0.01955,-0.28833,31.2523326,75.7019490,0.640,335.70
726.449,1.60412,4.55856,5.92325,-0.71960,-0.99327,-0.86499,31.2523326,75.7019490,0.640,335.70
726.553,0.63686,5.97593,6.56969,-0.39584,-0.89309,-0.50946,31.2523326,75.7019490,0.640,335.70
726.658,-0.00479,8.35098,6.56969,-0.37385,-0.70127,-0.27000,31.2523326,75.7019490,0.640,335.70
726.761,1.32639,7.11078,10.82179,0.13317,-0.12462,-0.14294,31.2523326,75.7019490,0.640,335.70
726.865,1.59933,5.77960,9.20331,0.08796,0.14294,-0.21502,31.2523326,75.7019490,0.640,335.70
726.968,-0.55545,3.32794,5.32470,0.60964,1.01281,0.75625,31.2523357,75.7019418,0.800,310.80
727.073,1.44131,4.39097,9.05487,0.33109,0.43249,0.76603,31.2523357,75.7019418,0.800,310.80
727.177,0.48363,4.03662,9.02614,0.11606,1.50762,0.64874,31.2523357,75.7019418,0.800,310.80
727.282,0.76614,4.78362,6.43083,-0.04765,1.06291,0.71471,31.2523357,75.7019418,0.800,310.80
727.386,2.28407,5.92804,8.22648,-0.39218,0.39706,1.27304,31.2523357,75.7019418,0.800,310.80
727.487,6.31112,7.85298,9.72525,-0.33353,-0.76969,0.78069,31.2523357,75.7019418,0.800,310.80
727.589,5.47315,4.07493,6.93840,0.90286,0.97983,-0.47770,31.2523357,75.7019418,0.800,310.80
727.692,2.48039,3.37582,4.69264,-0.12950,-0.65851,-1.03969,31.2523357,75.7019418,0.800,310.80
727.795,0.95768,4.84586,6.12916,-0.53145,-0.77458,-0.54367,31.2523357,75.7019418,0.800,310.80
727.898,2.10690,6.65109,8.69095,-0.59987,-0.76603,-0.59132,31.2523357,75.7019418,0.800,310.80
728.003,-0.04310,6.70855,8.39407,-0.22235,0.04032,-0.93340,31.2523350,75.7019311,0.780,288.70
728.106,-1.36469,7.41245,8.37013,-0.46548,0.18326,-0.58277,31.2523350,75.7019311,0.780,288.70
728.210,-2.22182,2.37505,10.66856,0.43982,1.10689,0.40806,31.2523350,75.7019311,0.780,288.70
728.315,-0.14844,3.06937,9.62469,0.25045,0.28344,0.78435,31.2523350,75.7019311,0.780,288.70
728.423,-0.19632,2.75333,7.88171,0.20892,1.56137,0.98349,31.2523350,75.7019311,0.780,288.70
728.528,1.30723,4.60166,6.72292,0.40806,0.46426,0.68050,31.2523350,75.7019311,0.780,288.70
728.630,1.09176,6.28239,8.96868,-0.14905,-0.39095,-0.07697,31.2523350,75.7019311,0.780,288.70
728.739,2.75333,4.33351,17.20473,-0.94195,-0.62919,0.21502,31.2523350,75.7019311,0.780,288.70
728.843,3.60567,4.47716,4.02705,1.59069,0.41050,-0.01100,31.2523350,75.7019311,0.780,288.70
728.948,1.01993,4.16112,5.31513,-0.48258,-0.36652,-0.94440,31.2523351,75.7019212,0.800,271.50
729.049,-0.33040,5.93283,6.11000,-0.25290,-1.09589,-0.54611,31.2523351,75.7019212,0.800,271.50
729.154,-0.18675,7.30710,9.97903,0.05498,-0.45815,-0.32376,31.2523351,75.7019212,0.800,271.50
729.259,-0.98162,7.29274,7.92960,0.04643,-0.06231,-0.47159,31.2523351,75.7019212,0.800,271.50
729.361,-1.92973,2.15478,11.63582,-0.38851,0.90286,-0.03421,31.2523351,75.7019212,0.800,271.50
729.465,-0.30646,2.82995,9.33739,0.39095,0.48503,0.89675,31.2523351,75.7019212,0.800,271.50
729.569,0.55545,3.92170,6.66067,0.05009,0.90775,0.91019,31.2523351,75.7019212,0.800,271.50
729.672,0.53151,4.78362,6.67025,0.12584,0.12339,0.51068,31.2523351,75.7019212,0.800,271.50
729.776,1.13964,6.17225,9.71088,-0.13928,-0.67317,0.36774,31.2523351,75.7019212,0.800,271.50
729.881,3.96959,8.30788,8.23127,-0.02932,-0.34819,0.13439,31.2523351,75.7019212,0.800,271.50
729.985,2.98318,3.67271,11.04206,0.72815,0.01344,-0.81367,31.2523341,75.7019124,0.840,262.50
730.088,1.78129,4.13718,3.21781,0.33109,-0.47281,-0.22969,31.2523341,75.7019124,0.840,262.50
730.191,2.42772,4.64475,6.76601,-0.47647,-1.28770,-0.55711,31.2523341,75.7019124,0.840,262.50
730.295,1.18274,6.64630,8.68616,-0.77824,-0.80146,-0.60842,31.2523341,75.7019124,0.840,262.50
730.398,0.09577,7.03895,11.17134,0.14661,-0.58277,-0.36652,31.2523341,75.7019124,0.840,262.50
730.501,-0.56982,6.53138,11.79384,-0.44104,0.21625,-0.21625,31.2523341,75.7019124,0.840,262.50
730.607,-1.07260,2.35589,9.53371,0.76603,1.28648,0.70250,31.2523341,75.7019124,0.840,262.50
730.711,1.31202,2.83473,8.41323,0.97738,1.23761,0.93707,31.2523341,75.7019124,0.840,262.50
730.815,2.25055,4.61602,5.74608,0.59498,1.49295,0.65607,31.2523341,75.7019124,0.840,262.50
730.924,2.17872,5.81791,5.50666,0.09652,0.12339,0.36896,31.2523320,75.7019036,0.730,256.20
731.027,3.34709,7.57047,7.80031,-0.52412,-0.75503,0.13073,31.2523320,75.7019036,0.730,256.20
731.130,4.21858,7.24485,9.64863,-1.29748,-1.55282,-0.24923,31.2523320,75.7019036,0.730,256.20
731.233,3.16992,4.29041,6.10521,0.78435,0.15027,-0.90286,31.2523320,75.7019036,0.730,256.20
731.339,0.42138,2.82037,6.40688,-1.02748,-1.51983,-1.10322,31.2523320,75.7019036,0.730,256.20
731.443,-0.07661,4.60166,7.30710,-0.55589,-0.84788,-0.15027,31.2523320,75.7019036,0.730,256.20
731.548,0.54588,7.14909,7.26880,-0.42394,-0.98594,0.22235,31.2523320,75.7019036,0.730,256.20
731.653,-2.37505,6.75165,10.84095,-1.19974,0.41539,-0.25901,31.2523320,75.7019036,0.730,256.20
731.761,-1.03430,0.83318,16.92222,0.44838,2.12825,0.68661,31.2523320,75.7019036,0.730,256.20
731.863,0.52672,0.16759,9.21289,1.59925,1.23150,1.43920,31.2523320,75.7019036,0.730,256.20
731.967,0.94332,-1.13485,8.55209,0.02932,2.31396,2.28952,31.2523309,75.7018937,0.760,252.50
732.071,5.78918,3.79720,5.65032,0.55955,1.14476,2.54486,31.2523309,75.7018937,0.760,252.50
732.175,5.58328,7.96790,3.67749,0.12828,-0.91874,0.80268,31.2523309,75.7018937,0.760,252.50
732.278,3.35667,6.55532,10.15141,-1.28648,-0.60109,-0.45693,31.2523309,75.7018937,0.760,252.50
732.382,5.14753,4.10366,15.04995,0.66340,-0.84299,-0.40806,31.2523309,75.7018937,0.760,252.50
732.487,3.07416,3.22738,3.38540,0.53023,-0.23091,-1.11177,31.2523309,75.7018937,0.760,252.50
732.593,1.89621,3.16035,5.35344,-0.74403,-0.92118,-1.29381,31.2523309,75.7018937,0.760,252.50
732.698,2.50433,5.99508,6.99107,-0.49847,-1.04336,-0.37996,31.2523309,75.7018937,0.760,252.50
732.802,2.79643,6.70376,9.24162,-0.36163,-0.83933,-0.68539,31.2523309,75.7018937,0.760,252.50
732.906,0.36392,6.69898,8.31267,-0.68417,-0.19059,-0.60842,31.2523309,75.7018937,0.760,252.50
733.009,0.26815,2.95923,12.72758,0.28344,0.93462,-0.02810,31.2523303,75.7018817,0.820,246.00
733.112,0.88107,3.15077,8.00621,0.56566,0.81489,0.54245,31.2523303,75.7018817,0.820,246.00
733.215,1.67594,3.52426,6.48350,0.48136,0.82711,0.75136,31.2523303,75.7018817,0.820,246.00
733.319,2.56180,4.84108,6.11958,0.18815,-0.11606,0.57788,31.2523303,75.7018817,0.820,246.00
733.423,3.39977,5.61201,9.42358,-0.00122,-0.60231,0.37141,31.2523303,75.7018817,0.820,246.00
733.528,4.87459,5.77960,10.12747,-0.89309,-0.42516,-0.10507,31.2523303,75.7018817,0.820,246.00
733.631,4.30477,3.72538,6.93361,0.35064,1.10567,-0.09529,31.2523303,75.7018817,0.820,246.00
733.735,3.73017,4.03662,4.76925,0.35064,-0.88331,-0.39951,31.2523303,75.7018817,0.820,246.00
733.842,2.65756,5.31034,6.15789,-0.51924,-0.78802,-0.21625,31.2523303,75.7018817,0.820,246.00
733.945,2.89220,6.79474,7.12514,-0.38973,-0.52168,-0.20892,31.2523307,75.7018687,0.800,247.50
734.047,1.85790,6.31112,9.37569,-0.17349,0.37141,-0.42516,31.2523307,75.7018687,0.800,247.50
734.150,2.34632,5.33428,11.75553,-0.77458,-0.09163,-0.30299,31.2523307,75.7018687,0.800,247.50
734.255,0.66559,3.04064,9.74440,-0.04276,0.89553,0.42516,31.2523307,75.7018687,0.800,247.50
734.360,1.24020,2.94008,7.92960,0.57666,0.70616,0.78802,31.2523307,75.7018687,0.800,247.50
734.464,2.14042,4.50589,6.71334,0.53390,0.28711,0.57666,31.2523307,75.7018687,0.800,247.50
734.569,2.60489,4.94163,7.38851,0.24312,0.29322,0.21869,31.2523307,75.7018687,0.800,247.50
734.675,3.40455,4.91769,9.61990,-0.26145,-0.14783,-0.04520,31.2523307,75.7018687,0.800,247.50
734.776,4.62560,4.52025,10.89362,-1.31580,-1.15087,-0.19303,31.2523307,75.7018687,0.800,247.50
734.881,3.37104,3.44765,3.96480,0.41172,0.11362,-0.36285,31.2523307,75.7018687,0.800,247.50
734.986,3.16992,2.94966,6.70376,-0.72449,-1.08367,-1.01159,31.2523308,75.7018586,0.820,257.60
735.090,1.93930,4.43885,7.48906,-0.82467,-1.07757,-0.74526,31.2523308,75.7018586,0.820,257.60
735.198,2.34632,6.09085,10.88404,-0.58521,0.01222,-0.67073,31.2523308,75.7018586,0.820,257.60
735.302,0.33519,6.49307,9.48104,-0.05009,0.38485,-0.40928,31.2523308,75.7018586,0.820,257.60
735.406,-0.65122,2.46603,13.62780,0.42150,0.48136,-0.06597,31.2523308,75.7018586,0.820,257.60
735.509,0.33040,1.46046,11.44907,1.14598,0.57910,0.87109,31.2523308,75.7018586,0.820,257.60
735.612,1.51314,1.13485,7.30710,1.29259,1.18752,0.94195,31.2523308,75.7018586,0.820,257.60
735.716,1.30245,2.79643,4.47237,0.36530,1.03725,0.79168,31.2523308,75.7018586,0.820,257.60
735.821,2.72460,5.39653,7.60877,-0.43494,-0.35308,1.04702,31.2523308,75.7018586,0.820,257.60
735.926,4.92248,7.01501,8.32703,-0.81612,-0.49724,0.02932,31.2523308,75.7018586,0.820,257.60
736.027,5.08050,4.20901,12.77546,0.45693,0.57544,-0.22969,31.2523320,75.7018484,0.940,267.50
736.130,4.27604,4.21858,3.49553,0.51679,-0.94806,-0.64385,31.2523320,75.7018484,0.940,267.50
736.231,2.17394,3.82115,6.61278,-0.59987,-0.56810,-0.88331,31.2523320,75.7018484,0.940,267.50
736.336,2.24097,5.56891,7.40287,-0.35186,-0.76236,-0.63408,31.2523320,75.7018484,0.940,267.50
736.440,1.14922,6.68940,8.84418,-0.27855,-0.23457,-0.70250,31.2523320,75.7018484,0.940,267.50
736.545,-0.18675,6.57927,9.95509,-1.02137,0.01955,-0.40561,31.2523320,75.7018484,0.940,267.50
736.649,-0.43096,2.73418,9.84017,0.94073,1.49906,0.61697,31.2523320,75.7018484,0.940,267.50
736.753,0.83797,2.81558,8.56645,1.04702,0.26756,0.94073,31.2523320,75.7018484,0.940,267.50
736.858,0.84755,3.06458,6.97670,0.37263,1.25594,0.97861,31.2523320,75.7018484,0.940,267.50
736.963,1.84832,5.27203,6.43561,-0.07819,0.56933,0.76480,31.2523358,75.7018417,0.820,270.10
737.066,3.89297,7.33583,9.03572,-0.14050,-0.67806,0.36408,31.2523358,75.7018417,0.820,270.10
737.170,4.35745,7.88171,7.71891,-0.53023,-0.40684,-0.48625,31.2523358,75.7018417,0.820,270.10
737.276,3.42371,3.40455,8.67659,1.08123,0.50213,-0.62430,31.2523358,75.7018417,0.820,270.10
737.380,1.71904,3.34709,2.71024,-0.24557,-0.99082,-0.38240,31.2523358,75.7018417,0.820,270.10
737.483,1.47962,5.07092,5.57370,-0.76358,-0.83444,-0.27245,31.2523358,75.7018417,0.820,270.10
737.589,3.17950,7.84340,9.05487,-1.04947,-0.85277,-0.41783,31.2523358,75.7018417,0.820,270.10
737.694,0.56982,7.35020,10.72602,-0.36285,0.22724,-0.96028,31.2523358,75.7018417,0.820,270.10
737.798,0.33519,5.07571,15.22233,-0.22480,-0.42028,-0.47770,31.2523358,75.7018417,0.820,270.10
737.902,-0.43096,3.05500,8.47069,1.07146,0.92118,0.54245,31.2523358,75.7018417,0.820,270.10
738.005,0.53151,1.78607,6.32069,0.74037,1.00793,1.04336,31.2523364,75.7018317,0.880,272.30
738.108,1.91536,4.26168,4.68785,0.06597,0.78191,1.13987,31.2523364,75.7018317,0.880,272.30
738.212,3.47159,6.47392,7.35020,-0.22358,0.06353,0.76236,31.2523364,75.7018317,0.880,272.30
738.316,4.73573,7.62793,11.49696,-0.16616,-0.05009,0.02077,31.2523364,75.7018317,0.880,272.30
738.418,5.70778,6.09085,13.43626,-0.38362,-0.92118,-0.16249,31.2523364,75.7018317,0.880,272.30
738.523,2.63841,3.24654,2.08296,0.95051,-0.06353,-0.61087,31.2523364,75.7018317,0.880,272.30
738.626,2.49955,3.77805,4.52504,-0.77946,-0.98594,-0.66218,31.2523364,75.7018317,0.880,272.30
738.729,2.01592,5.77960,6.15789,-0.81978,-1.21196,-0.40073,31.2523364,75.7018317,0.880,272.30
738.833,1.98240,7.62314,8.41801,-0.63897,-0.39340,-0.48136,31.2523364,75.7018317,0.880,272.30
738.938,0.87149,7.82425,9.39485,-0.10751,0.24801,-0.16982,31.2523353,75.7018208,0.860,272.40
739.040,1.44610,5.25767,14.71476,-0.04154,-0.21625,-0.05131,31.2523353,75.7018208,0.860,272.40
739.143,0.48363,3.81636,7.58483,0.97983,0.59743,0.69028,31.2523353,75.7018208,0.860,272.40
739.248,1.67115,2.68151,8.35098,0.46426,1.48440,0.88820,31.2523353,75.7018208,0.860,272.40
739.351,2.04944,4.02705,5.04698,0.47281,1.01281,0.99693,31.2523353,75.7018208,0.860,272.40
739.456,3.19865,5.88974,7.56089,-0.08796,0.11240,0.65729,31.2523353,75.7018208,0.860,272.40
739.561,3.19865,6.86178,7.84819,-0.07208,0.11240,0.35675,31.2523353,75.7018208,0.860,272.40
739.666,3.70144,4.46758,10.19451,0.45937,0.77824,0.19670,31.2523353,75.7018208,0.860,272.40
739.771,3.73017,4.95121,4.41012,0.16005,-0.55100,0.03543,31.2523353,75.7018208,0.860,272.40
739.876,3.19865,4.76446,6.66067,-0.55467,-0.19303,-0.40073,31.2523353,75.7018208,0.860,272.40
739.980,2.64799,5.63116,7.38372,-0.39828,-0.40195,-0.14539,31.2523334,75.7018091,0.800,267.70
740.083,2.68151,6.82347,9.28950,-0.17226,-0.35797,-0.19548,31.2523334,75.7018091,0.800,267.70
740.186,1.58496,7.16824,8.57124,-0.17471,0.49358,-0.18937,31.2523334,75.7018091,0.800,267.70
740.291,0.66080,3.47638,11.37246,0.75869,0.74526,0.17349,31.2523334,75.7018091,0.800,267.70
740.396,0.28730,5.34865,6.53138,0.81612,0.32987,0.59254,31.2523334,75.7018091,0.800,267.70
740.498,1.87705,4.91290,10.81221,0.46792,0.80023,-0.02688,31.2523334,75.7018091,0.800,267.70
740.601,1.41258,6.18662,5.43963,0.82345,0.89186,0.05864,31.2523334,75.7018091,0.800,267.70
740.706,1.95846,7.68060,5.05655,0.07575,0.33720,-0.65240,31.2523334,75.7018091,0.800,267.70
740.810,2.15478,7.15387,7.90087,-0.24435,-0.41172,-1.34024,31.2523334,75.7018091,0.800,267.70
740.915,-0.74699,5.38217,6.05733,-0.18570,-1.32191,-1.07024,31.2523334,75.7018091,0.800,267.70
741.021,3.16992,4.26647,8.81545,0.28222,-0.50335,-0.20036,31.2523346,75.7017989,0.780,268.60
741.125,1.94409,4.60166,4.64954,-0.41783,-1.87536,-0.50091,31.2523346,75.7017989,0.780,268.60
741.227,1.62806,5.40611,9.15543,-1.17530,-1.64811,-0.41783,31.2523346,75.7017989,0.780,268.60
741.333,2.10690,6.35900,9.23683,-0.61575,-1.33413,-0.39706,31.2523346,75.7017989,0.780,268.60
741.437,1.40300,6.54575,7.88171,-0.42516,-0.64263,-0.48625,31.2523346,75.7017989,0.780,268.60
741.542,1.52271,6.08127,9.08839,-0.31154,-0.05742,-0.54123,31.2523346,75.7017989,0.780,268.60
741.647,2.03507,7.08205,8.00621,0.02077,0.05620,-0.14172,31.2523346,75.7017989,0.780,268.60
741.751,1.76213,4.56335,10.66856,0.03543,0.45448,0.08552,31.2523346,75.7017989,0.780,268.60
741.855,1.95846,4.08451,6.52181,0.89064,0.29322,0.48014,31.2523346,75.7017989,0.780,268.60
741.959,1.62327,4.45800,7.55131,-0.14294,0.21136,0.14050,31.2523366,75.7017898,0.570,273.50
742.063,1.66158,4.82192,7.48427,0.09529,0.90164,0.20892,31.2523366,75.7017898,0.570,273.50
742.165,2.64799,5.55934,6.49307,-0.00367,0.24312,0.51435,31.2523366,75.7017898,0.570,273.50
742.269,4.44364,6.51702,9.43316,0.11362,-0.75381,0.01955,31.2523366,75.7017898,0.570,273.50
742.373,3.47638,6.19619,6.95276,-0.00611,-0.66706,-0.38607,31.2523366,75.7017898,0.570,273.50
742.474,3.82593,3.72059,11.67413,-0.36163,-0.15882,-0.74281,31.2523366,75.7017898,0.570,273.50
742.578,3.50511,4.39575,3.58651,0.39951,-0.40317,-0.66340,31.2523366,75.7017898,0.570,273.50
742.682,2.45645,4.44843,6.27760,-0.87598,-0.71838,-1.14354,31.2523366,75.7017898,0.570,273.50
742.785,2.13563,6.09085,8.69574,-0.68050,-0.62553,-0.48625,31.2523366,75.7017898,0.570,273.50
742.889,1.86269,7.20176,7.83383,-0.03543,-0.50091,-0.28955,31.2523366,75.7017898,0.570,273.50
742.994,0.56982,6.84263,8.17859,-0.04398,0.16493,-0.09652,31.2523430,75.7017858,0.360,277.30
743.096,-0.06704,4.79798,10.52491,-0.65973,0.13317,0.61331,31.2523430,75.7017858,0.360,277.30
743.200,0.75178,2.80122,9.06445,1.10811,1.11055,1.39277,31.2523430,75.7017858,0.360,277.30
743.307,2.60489,4.22337,10.16578,0.69272,0.42272,0.96761,31.2523430,75.7017858,0.360,277.30
743.411,1.65200,4.48195,7.17303,0.69761,1.38544,0.63286,31.2523430,75.7017858,0.360,277.30
743.515,2.76291,5.43005,7.12993,0.23579,0.91630,0.68539,31.2523430,75.7017858,0.360,277.30
743.619,4.85065,5.68862,8.99741,0.15882,0.42638,0.38607,31.2523430,75.7017858,0.360,277.30
743.723,4.61123,5.25288,6.78996,-0.72082,-0.22480,0.16982,31.2523430,75.7017858,0.360,277.30
743.827,4.84108,5.25767,4.96557,0.55222,-0.32009,-0.03176,31.2523430,75.7017858,0.360,277.30
743.931,2.17872,4.92248,5.88495,-0.52534,-1.24494,-0.79046,31.2523451,75.7017760,0.600,286.50
744.033,0.62728,5.58807,7.54174,-0.28588,-0.26389,-0.29199,31.2523451,75.7017760,0.600,286.50
744.135,2.32238,7.05811,7.91523,0.11851,-0.09163,0.13806,31.2523451,75.7017760,0.600,286.50
744.238,1.71904,6.50744,9.46667,-0.07453,1.15087,-0.16982,31.2523451,75.7017760,0.600,286.50
744.341,0.55545,5.17626,10.58716,-0.97738,0.15272,0.27489,31.2523451,75.7017760,0.600,286.50
744.446,-0.06704,4.35745,6.16746,0.63774,0.89431,0.85399,31.2523451,75.7017760,0.600,286.50
744.549,-0.47884,4.37181,10.16578,0.08308,0.76358,0.71838,31.2523451,75.7017760,0.600,286.50
744.654,0.76614,5.72214,7.50822,0.34331,0.95295,0.59865,31.2523451,75.7017760,0.600,286.50
744.762,-0.00479,4.57771,7.82425,0.29566,0.72571,0.56200,31.2523451,75.7017760,0.600,286.50
744.866,0.15802,4.37660,7.74764,-0.34697,0.55100,1.02503,31.2523451,75.7017760,0.600,286.50
744.969,2.16436,4.41970,9.89284,-1.06657,0.73426,0.24312,31.2523449,75.7017696,0.600,320.10
745.071,-0.08619,3.25133,7.96790,0.20525,0.65118,0.33720,31.2523449,75.7017696,0.600,320.10
745.174,2.40857,3.67749,9.67257,-1.16431,-1.43309,-0.06720,31.2523449,75.7017696,0.600,320.10
745.280,-0.35913,2.32238,8.80109,-0.15638,-1.38789,0.65607,31.2523449,75.7017696,0.600,320.10
745.383,-0.71826,3.65834,7.88650,0.16493,-0.22113,-0.44104,31.2523449,75.7017696,0.600,320.10
745.489,2.89698,3.76368,13.25909,-0.18448,-0.77824,0.49358,31.2523449,75.7017696,0.600,320.10
745.593,-2.94966,5.12838,10.61589,0.07575,4.77819,1.52472,31.2523449,75.7017696,0.600,320.10
745.697,0.04310,0.31603,9.74440,0.26267,-1.80327,1.69943,31.2523449,75.7017696,0.600,320.10
745.800,0.88107,1.23541,8.35576,0.90164,0.97372,1.85581,31.2523449,75.7017696,0.600,320.10
745.904,1.59933,2.92571,7.67102,0.68661,0.70738,1.46241,31.2523449,75.7017696,0.600,320.10
746.006,3.05021,4.84108,7.74285,0.46670,1.30847,0.17593,31.2523484,75.7017663,0.690,335.30
746.109,4.75010,6.73728,7.68539,0.75381,-0.62186,0.71227,31.2523484,75.7017663,0.690,335.30
746.213,5.38217,6.19619,11.73638,-0.84055,0.26878,0.65851,31.2523484,75.7017663,0.690,335.30
746.318,2.95923,3.94086,7.83383,0.30543,-0.24068,-1.25960,31.2523484,75.7017663,0.690,335.30
746.423,0.09098,2.97360,6.17225,1.17164,1.27304,-0.91752,31.2523484,75.7017663,0.690,335.30
746.527,0.48363,5.33428,5.65510,0.44349,-0.32254,-0.05131,31.2523484,75.7017663,0.690,335.30
746.631,1.81959,6.02381,8.08761,-0.09407,-0.10140,0.39828,31.2523484,75.7017663,0.690,335.30
746.735,1.45567,6.69898,11.65019,-0.36285,-0.14783,0.29932,31.2523484,75.7017663,0.690,335.30
746.838,-0.70390,2.77249,12.18170,0.61942,-0.46426,-0.22969,31.2523484,75.7017663,0.690,335.30
746.941,-1.14922,4.63517,3.05021,0.58032,0.95173,-0.07575,31.2523510,75.7017627,0.980,317.70
747.045,1.25935,5.06134,6.35900,-0.03910,0.46548,0.49602,31.2523510,75.7017627,0.980,317.70
747.147,0.49799,6.87136,5.86101,0.19792,0.72815,0.39462,31.2523510,75.7017627,0.980,317.70
747.251,2.15957,8.53772,7.65187,0.11484,-0.81978,0.11851,31.2523510,75.7017627,0.980,317.70
747.356,4.01747,9.90721,10.64941,0.31398,-0.50946,-0.20647,31.2523510,75.7017627,0.980,317.70
747.460,2.09732,6.03818,4.49631,-0.33964,-0.60231,-0.50946,31.2523510,75.7017627,0.980,317.70
747.566,-0.42138,4.32872,5.79397,-1.15087,1.00915,-0.00855,31.2523510,75.7017627,0.980,317.70
747.670,1.13964,3.44765,9.19852,0.41661,-0.71105,0.11973,31.2523510,75.7017627,0.980,317.70
747.775,0.09577,4.86981,7.79552,0.05864,0.54856,0.41539,31.2523510,75.7017627,0.980,317.70
747.879,0.42138,5.19542,8.47547,-0.69516,0.36041,0.43249,31.2523510,75.7017627,0.980,317.70
747.981,-2.70066,3.38540,10.90319,-0.08796,0.43249,0.12095,31.2523517,75.7017534,0.860,298.30
748.082,-1.24020,4.19943,6.38294,-0.16371,0.69639,0.79290,31.2523517,75.7017534,0.860,298.30
748.186,-0.56982,4.46758,7.19218,0.12584,0.84666,1.26449,31.2523517,75.7017534,0.860,298.30
748.290,2.57616,4.86502,7.58962,-0.28833,-0.35064,1.10444,31.2523517,75.7017534,0.860,298.30
748.394,4.56335,6.45956,9.82580,-0.34208,-0.27855,0.14050,31.2523517,75.7017534,0.860,298.30
748.497,4.10845,1.74298,12.55041,0.06597,-0.57177,-0.79657,31.2523517,75.7017534,0.860,298.30
748.600,-0.15323,1.69509,10.38605,0.36530,0.77702,-1.49295,31.2523517,75.7017534,0.860,298.30
748.705,-0.14844,2.85389,5.77960,-0.06720,-1.24617,-0.83933,31.2523517,75.7017534,0.860,298.30
748.810,-0.07661,3.35667,8.26000,-0.10629,0.40195,-0.24923,31.2523517,75.7017534,0.860,298.30
748.914,0.50278,3.27048,12.40675,-0.57910,-0.00855,0.49847,31.2523517,75.7017534,0.860,298.30
749.018,0.19632,3.44765,11.65019,-0.63286,0.32742,0.35308,31.2523488,75.7017430,0.900,263.30
749.120,-0.94332,3.79242,7.41245,0.73182,0.35552,-0.36285,31.2523488,75.7017430,0.900,263.30
749.224,-0.78051,3.41892,7.57047,-0.20647,0.25779,0.39584,31.2523488,75.7017430,0.900,263.30
749.328,0.39744,3.80678,7.77637,0.02810,0.32376,0.35186,31.2523488,75.7017430,0.900,263.30
749.432,0.35913,4.52025,8.77236,0.28833,-0.20036,0.01710,31.2523488,75.7017430,0.900,263.30
749.537,1.08218,6.17225,8.03494,0.19548,-0.52779,0.07575,31.2523488,75.7017430,0.900,263.30
749.641,1.05345,2.80600,13.18247,0.15760,-0.53145,0.10385,31.2523488,75.7017430,0.900,263.30
749.747,0.31125,3.71101,8.14986,0.62797,0.81734,-0.73182,31.2523488,75.7017430,0.900,263.30
749.849,-0.54588,3.67749,6.98628,0.17959,-0.59498,-0.43616,31.2523488,75.7017430,0.900,263.30
749.954,-0.66559,4.38618,8.21690,-0.32009,0.04643,0.35308,31.2523443,75.7017343,0.700,248.30
750.059,0.11971,5.29119,9.94073,-0.01466,0.63774,0.43616,31.2523443,75.7017343,0.700,248.30
750.164,-1.17316,5.33428,10.73560,-0.76725,0.91752,0.79290,31.2523443,75.7017343,0.700,248.30
750.269,-1.23541,2.55701,8.98304,0.70860,-0.26145,0.24557,31.2523443,75.7017343,0.700,248.30
750.373,-2.48039,3.80199,5.18105,0.05864,1.32313,0.78191,31.2523443,75.7017343,0.700,248.30
750.477,1.07260,4.37181,8.54251,-0.44838,0.12706,0.72082,31.2523443,75.7017343,0.700,248.30
750.583,-0.04310,5.88495,7.25922,0.19548,0.44960,0.09041,31.2523443,75.7017343,0.700,248.30
750.685,0.72305,5.77960,9.90242,-0.25290,-0.42761,0.13561,31.2523443,75.7017343,0.700,248.30
750.788,2.41814,6.21535,11.21923,-0.48991,-0.34086,-0.51435,31.2523443,75.7017343,0.700,248.30
750.893,1.16837,1.65679,8.57124,0.83811,-1.98776,-1.37933,31.2523443,75.7017343,0.700,248.30
750.997,0.66559,2.88741,8.99741,-0.10018,0.32132,-1.26083,31.2523419,75.7017293,0.620,245.10
751.100,1.60412,3.59609,8.17380,0.02810,-0.92118,-0.92729,31.2523419,75.7017293,0.620,245.10
751.205,1.18752,4.23774,8.21690,-0.07819,-0.50091,-0.57177,31.2523419,75.7017293,0.620,245.10
751.309,0.68953,4.48673,11.50653,-0.15272,0.23702,-0.30421,31.2523419,75.7017293,0.620,245.10
751.414,-0.84276,3.05500,10.94629,-0.29810,-0.48503,0.24801,31.2523419,75.7017293,0.620,245.10
751.518,-0.61292,3.34709,7.38372,0.56810,0.34819,-0.39706,31.2523419,75.7017293,0.620,245.10
751.621,-0.34477,4.10366,6.59363,-0.17104,0.09896,0.38118,31.2523419,75.7017293,0.620,245.10
751.727,1.31681,4.97515,7.26880,-0.18082,0.30299,0.30177,31.2523419,75.7017293,0.620,245.10
751.834,1.16837,5.77003,8.60955,0.11973,0.08430,-0.12828,31.2523419,75.7017293,0.620,245.10
751.935,1.71425,6.37815,10.49139,0.25412,-0.60842,-0.30543,31.2523422,75.7017207,0.880,254.40
752.037,1.53708,3.37104,11.96622,0.27245,-0.87232,-0.60842,31.2523422,75.7017207,0.880,254.40
752.143,1.86748,4.16591,5.05655,0.43249,-0.45571,-1.17530,31.2523422,75.7017207,0.880,254.40
752.246,0.82839,3.74932,7.92960,-0.20403,-0.22235,-1.07512,31.2523422,75.7017207,0.880,254.40
752.352,-0.19632,5.47315,7.66145,0.30788,0.13195,-0.61942,31.2523422,75.7017207,0.880,254.40
752.457,-1.67115,5.62637,10.42914,0.13928,-0.21258,0.24435,31.2523422,75.7017207,0.880,254.40
752.561,-2.83952,3.05979,11.92312,-1.43431,0.15394,0.72326,31.2523422,75.7017207,0.880,254.40
752.665,-3.61046,3.12683,6.79474,0.38240,0.66096,0.30177,31.2523422,75.7017207,0.880,254.40
752.769,-1.21147,3.53863,7.17782,-0.27733,0.30177,1.06168,31.2523422,75.7017207,0.880,254.40
752.872,0.67995,4.68306,6.70376,-0.27245,0.60231,1.04947,31.2523422,75.7017207,0.880,254.40
752.975,1.46046,5.17626,10.14184,-0.61209,0.16493,0.27122,31.2523413,75.7017084,1.080,260.80
753.078,1.57538,7.11078,12.37323,-0.51557,0.08919,0.20647,31.2523413,75.7017084,1.080,260.80
753.180,1.95367,2.27449,11.65019,0.76480,-1.46241,-0.76969,31.2523413,75.7017084,1.080,260.80
753.283,-1.78129,2.05901,6.56490,0.95661,0.40806,-1.05558,31.2523413,75.7017084,1.080,260.80
753.386,-0.13886,2.94966,6.24887,0.37996,-0.41172,-0.69150,31.2523413,75.7017084,1.080,260.80
753.487,-1.11091,4.10366,9.67736,0.11729,0.19548,-0.32376,31.2523413,75.7017084,1.080,260.80
753.589,-0.97683,6.61757,10.06522,-0.22358,0.08308,0.37874,31.2523413,75.7017084,1.080,260.80
753.691,-1.57538,6.21056,12.64617,-0.48625,0.78069,0.70127,31.2523413,75.7017084,1.080,260.80
753.796,-0.76136,5.44441,6.64152,1.35979,-0.81489,0.76480,31.2523413,75.7017084,1.080,260.80
753.899,-0.75178,4.82192,5.91368,0.92729,0.51191,0.82345,31.2523413,75.7017084,1.080,260.80
754.002,1.96803,5.63116,5.02304,0.93096,0.30299,0.69639,31.2523422,75.7016966,0.880,261.30
754.105,1.78607,8.39407,6.23450,1.20829,0.29322,0.02810,31.2523422,75.7016966,0.880,261.30
754.208,4.07493,10.68293,2.40857,0.18815,-0.21258,0.21258,31.2523422,75.7016966,0.880,261.30
754.310,4.04141,6.95276,4.60644,-0.55833,-2.09893,0.54367,31.2523422,75.7016966,0.880,261.30
754.412,3.21781,5.37259,7.23528,0.07697,0.60720,-1.63956,31.2523422,75.7016966,0.880,261.30
754.515,2.47082,7.47470,4.08930,-0.48258,-0.84055,-0.98716,31.2523422,75.7016966,0.880,261.30
754.617,-0.51236,7.31668,6.46913,0.79779,0.57544,-1.26083,31.2523422,75.7016966,0.880,261.30
754.721,-1.23541,9.62948,4.32393,-0.44715,-0.21014,-0.32009,31.2523422,75.7016966,0.880,261.30
754.824,-1.07260,6.36379,9.15543,-1.45752,-0.34331,0.15027,31.2523422,75.7016966,0.880,261.30
754.926,0.36392,6.54575,5.52103,0.38607,0.72693,-0.91508,31.2523422,75.7016874,0.930,259.10
755.028,-0.36871,7.19218,6.07648,-0.25412,-0.44593,0.04276,31.2523422,75.7016874,0.930,259.10
755.129,0.01915,6.20098,5.88495,-0.32620,-0.76480,0.35064,31.2523422,75.7016874,0.930,259.10
755.230,-0.74220,6.44519,8.15465,-0.03910,-0.56200,0.39951,31.2523422,75.7016874,0.930,259.10
755.332,2.80600,8.24084,8.72447,-0.86010,-0.47037,-0.16493,31.2523422,75.7016874,0.930,259.10
755.433,0.80445,6.56490,5.10923,0.42761,-0.80634,-0.30543,31.2523422,75.7016874,0.930,259.10
755.536,2.74854,5.55934,6.78517,-0.59132,-0.00489,-0.32254,31.2523422,75.7016874,0.930,259.10
755.639,0.73741,6.34942,7.06289,-0.21258,0.15394,-0.58399,31.2523422,75.7016874,0.930,259.10
755.742,0.70868,6.65109,7.84340,0.10018,-0.32132,0.23946,31.2523422,75.7016874,0.930,259.10
755.843,0.92416,6.20577,9.08360,-0.11851,0.74526,0.29199,31.2523422,75.7016874,0.930,259.10
755.946,-1.46046,3.83551,11.65976,-0.35308,0.40806,0.37874,31.2523431,75.7016755,0.980,261.90
756.049,-1.42694,4.98473,5.54497,0.20647,0.82100,0.24557,31.2523431,75.7016755,0.980,261.90
756.151,0.07183,5.00388,7.34541,-0.45448,0.44227,0.76236,31.2523431,75.7016755,0.980,261.90
756.254,0.36871,6.33027,6.24408,-0.11484,0.70738,0.63530,31.2523431,75.7016755,0.980,261.90
756.356,1.59933,6.28717,8.30309,-0.00367,-0.10873,0.33842,31.2523431,75.7016755,0.980,261.90
756.460,1.48919,6.86657,7.19697,-0.02077,-0.03421,-0.08674,31.2523431,75.7016755,0.980,261.90
756.563,0.75657,3.73974,10.99896,-0.05253,-1.23517,-0.32987,31.2523431,75.7016755,0.980,261.90
756.665,1.34075,5.41090,7.13472,0.23213,0.23579,-1.14232,31.2523431,75.7016755,0.980,261.90
756.769,0.79009,4.10366,9.16022,-0.15394,-0.87598,-0.61820,31.2523431,75.7016755,0.980,261.90
756.872,-0.04310,4.99430,7.05811,0.26023,0.00122,-0.55344,31.2523431,75.7016755,0.980,261.90
756.973,-0.38786,5.63595,9.37091,-0.12950,0.10996,0.07208,31.2523433,75.7016640,0.890,261.90
757.076,-1.41258,6.21535,8.57603,-0.16738,0.68295,0.12462,31.2523433,75.7016640,0.890,261.90
757.178,-1.79565,3.61524,8.69574,-0.02810,-0.34453,0.41294,31.2523433,75.7016640,0.890,261.90
757.281,-1.92973,4.25689,6.67982,-0.33598,0.81245,0.40439,31.2523433,75.7016640,0.890,261.90
757.383,-0.79966,5.03740,7.40287,-0.23946,0.49847,0.63774,31.2523433,75.7016640,0.890,261.90
757.488,0.31125,5.52103,7.84340,-0.13073,-0.08186,0.53023,31.2523433,75.7016640,0.890,261.90
757.592,-0.27294,6.21535,9.12191,0.36408,0.03910,0.04765,31.2523433,75.7016640,0.890,261.90
757.695,1.10133,7.39808,9.40442,-0.28588,0.05376,0.26389,31.2523433,75.7016640,0.890,261.90
757.802,1.20189,3.50032,8.15465,1.06657,-1.31580,-0.45815,31.2523433,75.7016640,0.890,261.90
757.906,0.26336,4.06535,8.51857,-0.43371,-0.26267,-0.31765,31.2523433,75.7016640,0.890,261.90
758.011,0.85234,4.76446,6.77080,0.31276,-0.40317,-0.60964,31.2523437,75.7016534,0.780,263.70
758.113,-0.32082,5.53061,8.08761,-0.03054,-0.44593,-0.02321,31.2523437,75.7016534,0.780,263.70
758.219,-0.09577,5.91368,9.05008,-0.01955,0.25656,0.12950,31.2523437,75.7016534,0.780,263.70
758.324,-2.25055,6.02381,8.41323,-0.62919,1.32924,0.56322,31.2523437,75.7016534,0.780,263.70
758.427,-0.44053,4.01268,7.74764,0.48381,0.60842,0.60476,31.2523437,75.7016534,0.780,263.70
758.531,-1.21147,4.10366,8.04931,-0.22969,0.50457,0.87598,31.2523437,75.7016534,0.780,263.70
758.634,0.99120,5.11880,6.76601,0.00855,0.53634,0.65118,31.2523437,75.7016534,0.780,263.70
758.738,1.38385,5.93283,8.42280,0.25045,-0.17715,0.16493,31.2523437,75.7016534,0.780,263.70
758.843,1.10612,6.87136,8.40844,0.62430,-0.21258,-0.33353,31.2523437,75.7016534,0.780,263.70
758.946,0.27773,4.60166,10.76912,-0.16005,-0.71471,-0.25168,31.2523428,75.7016452,0.640,262.20
759.049,2.02549,5.59285,6.51702,0.23457,-0.30055,-0.78802,31.2523428,75.7016452,0.640,262.20
759.152,1.17316,4.40533,7.78594,-0.02932,-0.95906,-0.50946,31.2523428,75.7016452,0.640,262.20
759.260,0.65122,5.67905,6.92403,-0.04398,-0.17349,-0.43738,31.2523428,75.7016452,0.640,262.20
759.365,0.86670,6.54575,7.80510,0.00000,-0.32498,-0.00977,31.2523428,75.7016452,0.640,262.20
759.470,0.66080,6.22971,8.07325,0.19059,0.28711,0.09163,31.2523428,75.7016452,0.640,262.20
759.571,-0.31603,4.93684,9.18416,-0.74403,0.25290,0.17959,31.2523428,75.7016452,0.640,262.20
759.675,-0.17717,5.16190,6.63673,0.10751,0.53756,-0.05131,31.2523428,75.7016452,0.640,262.20
759.777,-0.54109,4.72615,8.57124,-0.31398,0.09652,0.20281,31.2523428,75.7016452,0.640,262.20
759.881,-0.15323,5.49709,6.29675,-0.16249,0.05986,0.08186,31.2523428,75.7016452,0.640,262.20
759.985,-0.27294,6.04296,7.63272,-0.08552,0.07697,-0.06475,31.2523423,75.7016387,0.710,265.50
760.088,-0.35913,6.65109,8.18338,0.08308,0.14783,0.07453,31.2523423,75.7016387,0.710,265.50
760.194,1.05824,7.05332,9.02614,0.27245,-0.20525,0.13439,31.2523423,75.7016387,0.710,265.50
760.298,0.44532,3.80199,10.64941,0.41172,-0.25168,-0.14416,31.2523423,75.7016387,0.710,265.50
760.402,1.06781,5.99987,5.70778,0.05131,0.07697,-0.66584,31.2523423,75.7016387,0.710,265.50
760.508,0.70390,4.32872,8.32703,-0.33475,-1.26327,-0.19792,31.2523423,75.7016387,0.710,265.50
760.610,0.33998,5.76045,7.28316,-0.10751,-0.01100,-0.04276,31.2523423,75.7016387,0.710,265.50
760.715,0.97205,6.17704,9.20331,-0.39462,0.24801,0.22724,31.2523423,75.7016387,0.710,265.50
760.818,0.69432,6.80432,8.26957,-0.07086,0.57788,-0.09041,31.2523423,75.7016387,0.710,265.50
760.921,-1.31202,3.82115,9.87369,-1.01648,0.82100,0.35430,31.2523423,75.7016387,0.710,265.50
761.024,-1.73819,3.87382,7.75243,0.69883,0.46059,0.04276,31.2523408,75.7016303,0.730,269.50
761.128,-1.40779,4.51546,7.18261,-0.12950,-0.10507,0.40317,31.2523408,75.7016303,0.730,269.50
761.232,-0.16281,5.25288,7.36935,-0.03176,0.16616,0.04154,31.2523408,75.7016303,0.730,269.50
761.337,-0.35913,6.46434,7.65666,0.16616,-0.08186,0.10140,31.2523408,75.7016303,0.730,269.50
761.443,0.19154,6.03339,9.81144,0.26267,-0.36774,0.12095,31.2523408,75.7016303,0.730,269.50
761.547,0.82361,7.35499,8.54730,-0.09285,0.01955,-0.10996,31.2523408,75.7016303,0.730,269.50
761.652,2.27928,5.33907,6.07648,0.23457,-1.04702,-0.63163,31.2523408,75.7016303,0.730,269.50
761.755,0.23942,3.74932,9.79228,-0.16982,-0.16616,-0.57544,31.2523408,75.7016303,0.730,269.50
761.861,0.27294,5.19542,5.48751,0.29077,-0.26389,-0.49969,31.2523408,75.7016303,0.730,269.50
761.965,0.21069,5.73651,8.25521,-0.09529,-0.44349,0.03543,31.2523390,75.7016206,0.730,270.60
762.068,-0.09098,5.60243,10.07480,-0.07086,0.13683,0.10507,31.2523390,75.7016206,0.730,270.60
762.170,-1.48919,5.07571,9.57202,-0.74892,0.47647,0.27000,31.2523390,75.7016206,0.730,270.60
762.275,-1.46525,3.90255,7.06289,0.39462,0.78435,0.48136,31.2523390,75.7016206,0.730,270.60
762.380,-1.55144,4.12760,8.60955,-0.09652,0.78435,0.81001,31.2523390,75.7016206,0.730,270.60
762.484,-0.49799,5.28640,7.67102,0.11606,0.38362,0.80512,31.2523390,75.7016206,0.730,270.60
762.586,0.30646,6.19619,6.48350,0.29199,0.42272,0.77702,31.2523390,75.7016206,0.730,270.60
762.691,0.40223,6.39252,8.93995,0.37874,0.16371,0.46914,31.2523390,75.7016206,0.730,270.60
762.799,1.95846,6.20098,10.45787,-0.05253,-0.29322,0.18082,31.2523390,75.7016206,0.730,270.60
762.902,2.49955,5.64553,6.13394,0.31887,-1.06657,-0.79412,31.2523390,75.7016206,0.730,270.60
763.006,-0.03352,4.33829,8.33661,-0.13439,-0.27611,-0.44593,31.2523382,75.7016130,0.660,268.10
763.110,0.55067,5.91368,5.98072,0.08796,-0.10263,-0.27489,31.2523382,75.7016130,0.660,268.10
763.213,1.15401,7.08205,8.80587,0.22846,0.36896,-0.05253,31.2523382,75.7016130,0.660,268.10
763.317,-0.65601,7.58004,7.55610,0.77091,0.59254,0.23457,31.2523382,75.7016130,0.660,268.10
763.421,0.21069,5.85622,7.54652,-1.10200,0.12706,0.96761,31.2523382,75.7016130,0.660,268.10
763.526,0.61292,5.27682,6.63673,0.63286,0.00855,-0.56933,31.2523382,75.7016130,0.660,268.10
763.632,-2.17394,6.84263,6.00466,-0.16249,0.47037,0.07575,31.2523382,75.7016130,0.660,268.10
763.734,-0.09577,6.52181,6.35421,-0.03543,-0.38729,0.19426,31.2523382,75.7016130,0.660,268.10
763.835,-0.55545,7.16824,6.22971,0.09652,-0.01466,-0.02566,31.2523382,75.7016130,0.660,268.10
763.940,-0.00479,7.66145,7.73327,0.32987,-0.19670,0.12706,31.2523372,75.7016068,0.650,267.50
764.042,1.44131,8.63828,8.41323,0.21258,0.10263,0.11240,31.2523372,75.7016068,0.650,267.50
764.146,0.77572,5.06134,5.60722,0.19059,-1.38422,-0.01588,31.2523372,75.7016068,0.650,267.50
764.250,1.33118,5.88495,6.49307,-0.69516,0.51435,-0.34697,31.2523372,75.7016068,0.650,267.50
764.354,1.64242,6.46913,6.99107,-0.26756,-0.57299,-0.21502,31.2523372,75.7016068,0.650,267.50
764.457,1.54187,7.12036,6.38773,0.12462,-0.04520,0.10263,31.2523372,75.7016068,0.650,267.50
764.560,1.75256,6.65588,9.25119,0.01588,0.29810,0.11362,31.2523372,75.7016068,0.650,267.50
764.665,0.13408,7.52258,7.16345,-0.29810,0.67317,0.27733,31.2523372,75.7016068,0.650,267.50
764.769,-0.53151,4.06535,10.09874,-0.19426,-0.04643,0.41905,31.2523372,75.7016068,0.650,267.50
764.872,-1.65200,5.20021,5.50188,0.21747,1.14476,0.48381,31.2523372,75.7016068,0.650,267.50
764.976,0.22984,5.54497,7.58962,-0.73426,0.70983,0.79168,31.2523370,75.7015994,0.730,265.60
765.079,0.38786,6.53138,6.65588,-0.07575,0.72449,0.20525,31.2523370,75.7015994,0.730,265.60
765.183,0.98162,7.31189,6.97670,-0.07575,0.25901,0.37263,31.2523370,75.7015994,0.730,265.60
765.286,1.47004,7.12036,9.50498,0.11118,-0.34941,0.18692,31.2523370,75.7015994,0.730,265.60
765.391,1.97761,9.15064,7.61356,0.16982,-0.24068,-0.40684,31.2523370,75.7015994,0.730,265.60
765.495,0.68474,4.64475,8.58561,0.27367,-1.62612,-0.69516,31.2523370,75.7015994,0.730,265.60
765.597,-0.84755,5.30076,7.98706,0.37385,1.26205,-0.70127,31.2523370,75.7015994,0.730,265.60
765.702,0.72305,4.07014,6.20577,0.14294,-0.81123,-0.01344,31.2523370,75.7015994,0.730,265.60
765.806,0.88107,4.86023,6.03818,-0.15638,-0.22724,0.08796,31.2523370,75.7015994,0.730,265.60
765.910,0.07661,6.09564,11.25275,-0.91019,0.65973,0.25901,31.2523370,75.7015994,0.730,265.60
766.016,-1.25935,7.85777,8.59518,-0.47403,0.53267,0.32865,31.2523364,75.7015916,0.800,260.70
766.119,-0.92416,3.98874,9.21768,0.72571,-0.31643,0.62186,31.2523364,75.7015916,0.800,260.70
766.222,-0.90501,3.99353,5.38217,0.20525,0.97738,0.67073,31.2523364,75.7015916,0.800,260.70
766.327,0.29688,4.47237,6.31590,-0.14539,1.04091,0.80879,31.2523364,75.7015916,0.800,260.70
766.431,1.61369,5.45399,6.77080,-0.47647,0.52290,0.38362,31.2523364,75.7015916,0.800,260.70
766.536,0.30646,7.16345,9.37091,0.00489,0.51557,-0.37629,31.2523364,75.7015916,0.800,260.70
766.639,0.82839,9.14106,9.27514,-0.00244,-0.64752,-0.18082,31.2523364,75.7015916,0.800,260.70
766.743,1.21147,4.19943,9.51456,0.53267,-1.24983,-0.66096,31.2523364,75.7015916,0.800,260.70
766.849,-0.39744,4.17549,9.27035,0.35919,0.59743,-0.82711,31.2523364,75.7015916,0.800,260.70
766.955,0.17717,4.03184,6.36858,0.25534,-1.31214,-0.61697,31.2523322,75.7015845,0.760,255.80
767.059,-0.50757,4.68785,7.14909,-0.12339,-0.62919,-0.23946,31.2523322,75.7015845,0.760,255.80
767.163,-0.88585,5.37738,10.03170,-0.31154,-0.11606,0.47403,31.2523322,75.7015845,0.760,255.80
767.270,-1.26893,5.81791,10.20888,-0.89309,1.09711,0.50091,31.2523322,75.7015845,0.760,255.80
767.374,-1.18274,4.55856,8.28873,0.36285,0.33720,0.20525,31.2523322,75.7015845,0.760,255.80
767.479,-2.04465,4.15155,6.80911,0.09896,0.63408,0.71105,31.2523322,75.7015845,0.760,255.80
767.582,0.55545,4.80756,6.71334,-0.30177,0.35675,0.90408,31.2523322,75.7015845,0.760,255.80
767.686,0.64165,6.07170,8.28873,0.12584,0.11118,0.24679,31.2523322,75.7015845,0.760,255.80
767.789,0.94810,7.69496,8.23127,0.16616,-0.23946,0.18570,31.2523322,75.7015845,0.760,255.80
767.893,1.26893,4.49152,12.35887,-0.57666,-0.40073,0.20647,31.2523322,75.7015845,0.760,255.80
767.999,1.46046,4.66869,6.23450,0.82345,0.42150,-0.82345,31.2523307,75.7015788,0.690,254.40
768.103,0.68953,3.53863,7.15866,-0.27122,-1.23761,-0.28344,31.2523307,75.7015788,0.690,254.40
768.208,1.18752,4.89854,7.17782,-0.21014,0.05742,-0.30299,31.2523307,75.7015788,0.690,254.40
768.312,0.97205,5.78439,11.08515,-0.46548,-0.30177,0.08308,31.2523307,75.7015788,0.690,254.40
768.416,1.04866,6.65109,10.19451,0.48136,0.09407,0.00244,31.2523307,75.7015788,0.690,254.40
768.519,-0.35434,3.55778,9.24162,0.43616,-0.51068,0.00733,31.2523307,75.7015788,0.690,254.40
768.623,-1.03430,4.72137,4.63039,0.79412,0.58643,-0.24679,31.2523307,75.7015788,0.690,254.40
768.726,0.47405,4.60644,8.16423,-0.82711,-0.02443,0.60109,31.2523307,75.7015788,0.690,254.40
768.829,0.79487,4.69742,7.59920,-0.38851,0.41294,-0.05864,31.2523307,75.7015788,0.690,254.40
768.933,-0.72305,5.77481,8.40365,-0.04276,0.25779,-0.33231,31.2523310,75.7015734,0.580,260.30
769.036,-0.68474,5.93762,8.56167,0.45082,-0.32376,0.07453,31.2523310,75.7015734,0.580,260.30
769.140,1.24977,7.42203,7.54652,0.21380,0.32132,-0.18448,31.2523310,75.7015734,0.580,260.30
769.244,1.01514,3.99832,7.96790,0.54123,-1.28037,-0.40195,31.2523310,75.7015734,0.580,260.30
769.347,0.21548,4.99909,8.06846,-0.51924,1.16064,-0.11362,31.2523310,75.7015734,0.580,260.30
769.451,1.41737,4.44364,7.56568,-0.21991,-0.78557,-0.02810,31.2523310,75.7015734,0.580,260.30
769.555,0.26336,4.93684,8.71011,-0.10629,0.33109,0.05864,31.2523310,75.7015734,0.580,260.30
769.662,0.25379,5.92804,10.03170,-0.04887,0.36774,0.45937,31.2523310,75.7015734,0.580,260.30
769.765,0.12450,5.41568,9.25119,-0.04032,0.41172,0.45571,31.2523310,75.7015734,0.580,260.30
769.869,-1.15401,3.73974,9.02135,0.06597,-0.03176,0.14172,31.2523310,75.7015734,0.580,260.30
769.973,-1.36469,4.14197,6.41646,0.40806,0.73548,0.27978,31.2523332,75.7015679,0.500,271.70
770.076,-0.82839,4.41970,7.85298,-0.85643,0.54367,0.30177,31.2523332,75.7015679,0.500,271.70
770.178,-0.29209,5.02304,8.15465,-0.11606,0.10996,-0.15149,31.2523332,75.7015679,0.500,271.70
770.281,-0.16281,5.41090,8.81066,0.02199,-0.45448,-0.20525,31.2523332,75.7015679,0.500,271.70
770.384,0.32082,4.00311,9.43316,0.18937,-0.92241,-0.29810,31.2523332,75.7015679,0.500,271.70
770.490,-0.27773,5.00388,9.14585,0.04154,0.31276,-0.35308,31.2523332,75.7015679,0.500,271.70
770.595,0.38786,4.16591,8.30309,-0.09896,-0.56077,0.02443,31.2523332,75.7015679,0.500,271.70
770.699,1.21625,4.77883,7.67581,-0.41172,0.26389,-0.24068,31.2523332,75.7015679,0.500,271.70
770.803,0.86191,5.08050,10.01255,-0.24801,0.14661,0.09041,31.2523332,75.7015679,0.500,271.70
770.906,1.69988,4.35266,10.51533,0.31032,-0.12706,0.07208,31.2523332,75.7015679,0.500,271.70
771.009,-1.12527,3.66313,6.61757,0.46548,0.22235,0.42638,31.2523340,75.7015650,0.240,275.60
771.112,-0.10056,3.74932,9.22246,-0.39340,0.03910,0.20647,31.2523340,75.7015650,0.240,275.60
771.216,-3.01191,4.28083,9.41400,0.03787,0.74281,0.08308,31.2523340,75.7015650,0.240,275.60
771.323,-1.48441,4.30477,8.91601,-0.15272,0.40684,0.56322,31.2523340,75.7015650,0.240,275.60
771.427,-2.34153,4.72137,9.61511,0.50213,1.13132,0.18082,31.2523340,75.7015650,0.240,275.60
771.531,-2.06380,5.03740,7.09641,0.48869,0.45693,0.43738,31.2523340,75.7015650,0.240,275.60
771.634,-2.90177,5.41568,8.24084,0.08063,-0.01955,0.60598,31.2523340,75.7015650,0.240,275.60
771.737,-2.89220,4.76925,9.14106,0.84055,0.04887,0.97861,31.2523340,75.7015650,0.240,275.60
771.840,-0.91459,6.47392,6.98149,0.84666,1.29137,0.92852,31.2523340,75.7015650,0.240,275.60
771.946,-0.86670,7.01980,7.45554,0.39462,1.18141,1.09711,31.2523352,75.7015650,0.060,276.40
772.047,0.19632,7.55610,6.81869,0.38729,0.62553,1.17653,31.2523352,75.7015650,0.060,276.40
772.150,1.32160,7.56568,4.51546,0.71471,1.35490,1.51006,31.2523352,75.7015650,0.060,276.40
772.257,1.58975,6.56011,5.11880,0.13073,1.44775,1.50639,31.2523352,75.7015650,0.060,276.40
772.362,1.10612,7.33583,6.17704,-0.49847,1.91323,1.01770,31.2523352,75.7015650,0.060,276.40
772.465,0.29688,6.98628,6.53138,-0.55955,2.00730,0.90286,31.2523352,75.7015650,0.060,276.40
772.566,-1.34075,6.41646,7.32147,-0.71349,2.30296,1.33291,31.2523352,75.7015650,0.060,276.40
772.670,-0.92895,5.77003,8.34140,-0.81856,1.31703,1.80572,31.2523352,75.7015650,0.060,276.40
772.780,0.24421,7.17303,6.81869,-0.06597,2.13436,1.22295,31.2523352,75.7015650,0.060,276.40
772.883,0.48363,6.87136,8.18817,-0.35675,1.29626,1.54671,31.2523352,75.7015650,0.060,276.40
772.988,0.99599,7.00065,5.77003,0.63652,0.48503,1.15698,,,,
773.091,0.65601,6.78996,5.33428,-0.10140,0.42516,1.03236,,,,
773.193,2.25055,6.74686,7.25922,0.05864,0.32742,0.19426,,,,
773.297,0.00958,8.44196,8.57603,-0.58887,0.56933,0.98227,,,,
773.402,1.65679,6.18662,7.50343,0.26267,0.18692,0.80634,,,,
773.505,1.30245,6.12916,5.85143,0.09896,1.56381,0.88209,,,,
773.608,1.80044,5.34865,8.64786,-0.50946,0.91141,1.08367,,,,
773.711,3.45723,7.17782,6.47871,-0.76725,-0.10507,-0.02566,,,,
773.816,1.27372,7.16824,7.18739,-0.13073,0.19303,-0.60842,,,,
773.919,-0.35913,6.36858,7.76200,-0.09285,-0.20892,-0.62430,,,,
774.023,-1.18752,5.99508,7.30710,-0.05742,-0.60964,-0.48258,,,,
774.127,-0.30646,6.04296,6.94797,-0.35308,-0.27367,-0.57299,,,,
774.232,-0.27773,5.90410,8.62391,-0.22602,-0.43005,-0.64385,,,,
774.335,-0.35434,5.53539,8.99741,0.24312,-0.64263,-0.60720,,,,
774.441,-0.80924,5.69820,7.86735,0.10385,-0.53390,-0.49236,,,,
774.545,-1.12049,5.74130,7.80031,-0.31398,-0.08919,-0.32865,,,,
774.648,-0.45490,5.79876,8.03494,0.07208,0.00122,-0.05742,,,,
774.753,0.60334,4.95121,8.93037,-0.00367,0.06597,0.17226,,,,
774.858,1.33118,5.29119,6.61757,0.32009,0.25779,-0.19303,,,,
774.962,0.24421,5.45878,8.23605,-0.58521,0.59865,0.42272,31.2523397,75.7015718,0.500,298.40
775.065,1.20189,4.85065,8.77236,-0.13439,0.49114,0.26023,31.2523397,75.7015718,0.500,298.40
775.169,0.97205,5.41568,8.21211,-0.08430,-0.10140,0.09041,31.2523397,75.7015718,0.500,298.40
775.274,0.12450,5.36301,8.82982,-0.00611,0.18692,0.01588,31.2523397,75.7015718,0.500,298.40
775.378,-0.47405,5.82749,8.07804,0.39462,0.17349,0.14539,31.2523397,75.7015718,0.500,298.40
775.482,0.79966,6.51223,6.60321,-0.04154,0.35308,0.22113,31.2523397,75.7015718,0.500,298.40
775.587,-0.17238,4.89375,10.62547,-1.23761,0.03543,0.00611,31.2523397,75.7015718,0.500,298.40
775.693,-3.31358,3.72538,7.53695,0.98960,0.35186,-0.27000,31.2523397,75.7015718,0.500,298.40
775.798,-2.52828,4.39575,5.72214,-0.40806,0.20525,0.65240,31.2523397,75.7015718,0.500,298.40
775.903,-1.92015,5.19542,7.58004,-0.30910,0.68417,0.38118,31.2523397,75.7015718,0.500,298.40
776.009,-1.15401,5.87537,7.76200,0.10018,1.04580,0.41294,31.2523387,75.7015788,0.440,267.90
776.112,-1.09176,6.06212,9.50019,0.05498,-0.20281,0.53756,31.2523387,75.7015788,0.440,267.90
776.215,0.93853,7.70454,8.79151,0.07575,-0.58032,0.02688,31.2523387,75.7015788,0.440,267.90
776.318,-0.13886,3.28963,9.57681,1.06168,-1.53938,-0.40806,31.2523387,75.7015788,0.440,267.90
776.424,-0.77093,4.66391,6.05733,0.03054,0.75014,-0.37018,31.2523387,75.7015788,0.440,267.90
776.528,-0.02873,4.59687,7.60398,0.09896,-0.81123,-0.52779,31.2523387,75.7015788,0.440,267.90
776.634,-1.29287,5.55934,7.21612,-0.06109,0.25656,-0.09163,31.2523387,75.7015788,0.440,267.90
776.738,-1.82438,4.60166,10.37647,-0.20892,0.11729,0.63041,31.2523387,75.7015788,0.440,267.90
776.842,-1.67115,6.43083,6.19619,0.00489,1.05191,0.82222,31.2523387,75.7015788,0.440,267.90
776.947,-0.30646,3.39498,11.16656,-1.44531,-0.67928,1.06046,31.2523397,75.7015864,0.410,281.10
777.049,-1.45567,3.97437,7.67581,0.94562,0.94440,0.20647,31.2523397,75.7015864,0.410,281.10
777.155,1.25456,4.49631,7.17782,-0.58032,-0.39095,0.78191,31.2523397,75.7015864,0.410,281.10
777.258,0.44532,4.52025,12.21522,-0.15760,0.08308,-0.50824,31.2523397,75.7015864,0.410,281.10
777.363,-1.15401,5.26724,7.01980,1.57237,-0.70860,-0.72082,31.2523397,75.7015864,0.410,281.10
777.468,-0.41180,5.43963,8.00142,-0.30055,-0.15394,0.56688,31.2523397,75.7015864,0.410,281.10
777.572,-0.40223,3.51469,10.54885,0.40439,0.12950,0.49480,31.2523397,75.7015864,0.410,281.10
777.678,-0.20111,5.02782,5.96635,0.16127,1.31336,0.57055,31.2523397,75.7015864,0.410,281.10
777.782,-0.04310,4.46279,8.66701,-0.59254,1.32313,1.60291,31.2523397,75.7015864,0.410,281.10
777.886,0.25379,4.42927,10.07001,-0.53390,0.72082,1.65789,31.2523397,75.7015864,0.410,281.10
777.989,-0.58419,6.69898,8.78193,-0.28100,1.49906,0.11729,31.2523427,75.7015887,0.110,281.10
778.090,-0.64643,4.84586,10.24239,-0.09896,-0.10263,0.82955,31.2523427,75.7015887,0.110,281.10
778.192,0.10056,5.10923,7.80510,0.38607,-0.16005,0.10996,31.2523427,75.7015887,0.110,281.10
778.294,-2.07817,5.65032,7.27837,0.54734,-0.19670,-0.02688,31.2523427,75.7015887,0.110,281.10
778.397,-0.70868,5.59285,6.67982,0.04520,-0.62797,0.30543,31.2523427,75.7015887,0.110,281.10
778.506,-2.20745,5.40132,8.30788,-0.41050,-0.43494,0.58154,31.2523427,75.7015887,0.110,281.10
778.610,-0.90501,5.08050,7.36456,0.48747,1.05558,0.39951,31.2523427,75.7015887,0.110,281.10
778.714,-1.89621,7.39808,9.11712,-0.67440,2.33717,1.33902,31.2523427,75.7015887,0.110,281.10
778.818,-2.35111,4.79798,13.60385,0.76847,1.93766,2.25531,31.2523427,75.7015887,0.110,281.10
778.923,-0.34955,1.31202,8.35098,0.59865,1.31947,2.44957,31.2523427,75.7015887,0.110,281.10
779.026,0.00000,0.78530,7.30232,-0.06964,2.07205,1.70309,31.2523441,75.7015872,0.370,266.50
779.129,-0.09098,6.11958,7.67581,-0.50580,1.90712,0.99571,31.2523441,75.7015872,0.370,266.50
779.231,-0.39744,6.13394,8.71011,-0.28955,1.17530,1.09589,31.2523441,75.7015872,0.370,266.50
779.336,-1.07260,5.30555,7.46512,-0.07208,0.21625,0.45082,31.2523441,75.7015872,0.370,266.50
779.439,-2.07817,5.83228,5.90410,0.01955,-0.19181,0.49602,31.2523441,75.7015872,0.370,266.50
779.544,-1.37427,7.00065,6.19619,-0.06475,0.41050,0.54123,31.2523441,75.7015872,0.370,266.50
779.647,-0.37828,7.39329,7.54652,-0.19792,0.67928,0.63163,31.2523441,75.7015872,0.370,266.50
779.752,0.41659,7.12514,6.29196,0.40806,0.26389,0.12462,31.2523441,75.7015872,0.370,266.50
779.856,-0.22984,5.75566,9.13627,-0.83566,0.27000,0.02688,31.2523441,75.7015872,0.370,266.50
779.960,0.26336,5.85622,7.91044,-0.27122,-0.11973,-0.20647,31.2523431,75.7015874,0.310,265.00
780.063,0.55545,6.08606,7.62793,-0.21869,-0.75014,-0.07086,31.2523431,75.7015874,0.310,265.00
780.165,1.02951,6.21535,7.86256,-0.21991,-0.87476,-0.11606,31.2523431,75.7015874,0.310,265.00
780.269,-0.36871,6.56011,10.98460,-0.40195,-0.42028,-0.17471,31.2523431,75.7015874,0.310,265.00
780.374,-1.81959,6.57927,9.32781,1.08123,0.26145,-0.18937,31.2523431,75.7015874,0.310,265.00
780.478,-1.21625,4.12760,9.86890,-0.38607,-0.26389,0.49969,31.2523431,75.7015874,0.310,265.00
780.583,-2.57137,4.01268,6.41167,1.45997,0.59254,-0.49969,31.2523431,75.7015874,0.310,265.00
780.688,-1.24498,5.36301,3.41413,-0.46304,-0.38362,0.43494,31.2523431,75.7015874,0.310,265.00
780.792,1.48441,6.26323,7.43639,-0.89553,0.03299,0.04032,31.2523431,75.7015874,0.310,265.00
780.896,0.56024,6.56490,9.84496,-0.04643,-0.71716,-0.66462,31.2523431,75.7015874,0.310,265.00
781.001,1.31681,7.37414,6.79474,0.72204,-1.29137,-0.92607,31.2523426,75.7015857,0.430,267.50
781.105,1.21147,4.36224,8.28394,0.44715,-1.32802,-0.98227,31.2523426,75.7015857,0.430,267.50
781.208,0.96726,5.72693,7.43160,-0.13561,-0.76969,-0.58154,31.2523426,75.7015857,0.430,267.50
781.315,1.14922,5.36780,10.04128,-0.65363,-0.84910,0.08063,31.2523426,75.7015857,0.430,267.50
781.419,1.92494,5.44920,8.48026,0.15638,-0.23457,-0.47892,31.2523426,75.7015857,0.430,267.50
781.523,1.25456,6.21056,7.68060,-0.05864,-0.08674,-0.14416,31.2523426,75.7015857,0.430,267.50
781.625,2.44209,5.69341,7.49385,-0.10751,-0.15149,0.07330,31.2523426,75.7015857,0.430,267.50
781.729,2.63841,5.45878,6.88572,-0.05498,0.15149,-0.13683,31.2523426,75.7015857,0.430,267.50
781.833,2.15957,6.07648,8.26000,-0.31154,0.45204,-0.40806,31.2523426,75.7015857,0.430,267.50
781.938,0.75657,5.34386,9.01656,-0.58032,-0.09774,-0.41294,31.2523461,75.7015830,0.250,295.40
782.041,-0.33519,5.88974,7.13472,-0.06964,0.10996,-0.86865,31.2523461,75.7015830,0.250,295.40
782.143,-1.56102,5.19063,7.79073,-0.50946,-0.17959,-0.59620,31.2523461,75.7015830,0.250,295.40
782.247,-2.99754,6.11958,8.84418,0.26145,0.05498,-0.68661,31.2523461,75.7015830,0.250,295.40
782.353,-2.04944,6.38294,7.48906,0.82100,-0.01710,-0.34331,31.2523461,75.7015830,0.250,295.40
782.458,1.11091,6.33027,5.80833,0.64019,-0.94806,-0.60476,31.2523461,75.7015830,0.250,295.40
782.563,2.37984,5.89931,6.67503,-0.52168,-1.55648,-1.77762,31.2523461,75.7015830,0.250,295.40
782.666,1.80523,4.18985,9.24162,0.02321,-1.66033,-2.56197,31.2523461,75.7015830,0.250,295.40
782.773,-0.56024,4.69264,9.67257,0.77336,-0.90897,-3.19727,31.2523461,75.7015830,0.250,295.40
782.875,-2.98796,5.32949,6.68940,0.97494,-2.03662,-2.43491,31.2523461,75.7015830,0.250,295.40
782.976,-0.25379,5.77481,7.30710,-0.08552,-2.22477,-1.47829,31.2523435,75.7015840,0.620,167.40
783.078,-1.07739,5.72214,8.59040,-0.92363,-1.66888,-0.98105,31.2523435,75.7015840,0.620,167.40
783.181,0.54109,3.87382,10.04128,-1.04214,0.27367,0.06231,31.2523435,75.7015840,0.620,167.40
783.286,-1.53229,3.45723,8.29351,0.35675,0.62553,0.49847,31.2523435,75.7015840,0.620,167.40
783.393,-2.26491,4.88896,6.80911,-0.12339,0.13806,-0.70494,31.2523435,75.7015840,0.620,167.40
783.497,-2.98796,4.06535,9.43316,-0.62797,0.06597,-0.21258,31.2523435,75.7015840,0.620,167.40
783.600,-2.95923,2.74854,10.44351,-0.42883,1.19974,0.54978,31.2523435,75.7015840,0.620,167.40
783.704,-2.33674,4.55377,8.93516,0.03299,-1.25960,0.28466,31.2523435,75.7015840,0.620,167.40
783.807,-1.83875,4.54419,9.43316,0.14661,-1.55282,-0.34086,31.2523435,75.7015840,0.620,167.40
783.911,0.28252,3.64876,8.76278,-0.28100,-0.03787,0.00122,31.2523439,75.7015929,0.390,148.80
784.013,-0.20111,3.73974,8.72926,-0.25779,0.69639,0.12462,31.2523439,75.7015929,0.390,148.80
784.116,-0.72305,3.60567,9.90242,0.03543,-0.04520,-0.21625,31.2523439,75.7015929,0.390,148.80
784.219,-0.17238,4.07014,10.74039,0.45815,-0.29566,-0.32132,31.2523439,75.7015929,0.390,148.80
784.322,-0.17717,4.15155,10.01734,0.50946,-0.52290,-0.40561,31.2523439,75.7015929,0.390,148.80
784.429,-1.07739,3.41892,5.66468,0.77580,-0.27489,-0.58521,31.2523439,75.7015929,0.390,148.80
784.533,-1.18274,5.04219,5.36780,0.08430,0.53267,-0.00855,31.2523439,75.7015929,0.390,148.80
784.637,0.86191,6.12916,9.29908,-0.15149,-0.02688,0.29810,31.2523439,75.7015929,0.390,148.80
784.742,0.49321,6.32548,8.40844,-0.07330,0.22724,0.27367,31.2523439,75.7015929,0.390,148.80
784.847,-0.03831,5.48272,8.17380,0.12950,0.51679,0.65973,31.2523439,75.7015929,0.390,148.80
784.950,1.03908,5.16669,6.86178,0.16493,0.19181,0.55955,31.2523455,75.7016001,0.160,141.80
785.052,1.65679,4.99430,8.14986,-0.16127,-0.27245,0.33720,31.2523455,75.7016001,0.160,141.80
785.155,-0.26815,6.37815,6.60800,0.01222,0.28466,0.01466,31.2523455,75.7016001,0.160,141.80
785.258,-1.97282,5.89931,8.95431,-1.06291,0.08430,-0.47770,31.2523455,75.7016001,0.160,141.80
785.363,-2.39899,4.94163,9.56244,-0.76358,0.06231,-0.25534,31.2523455,75.7016001,0.160,141.80
785.465,-1.10612,4.02705,9.76834,0.20769,-0.25045,0.04520,31.2523455,75.7016001,0.160,141.80
785.570,0.98162,5.25288,7.55131,0.87720,-0.64752,-0.15516,31.2523455,75.7016001,0.160,141.80
785.673,1.66636,5.31034,8.12592,0.11851,-0.36774,-0.42150,31.2523455,75.7016001,0.160,141.80
785.777,1.35991,5.12838,9.35654,0.34575,0.00733,-0.29566,31.2523455,75.7016001,0.160,141.80
785.880,2.10690,4.88896,8.70532,0.49236,-1.25472,-0.82222,31.2523455,75.7016001,0.160,141.80
785.983,0.49799,4.61123,6.89530,-0.34819,-0.53145,-1.16431,31.2523488,75.7016014,0.250,127.90
786.087,-0.00958,4.99909,8.29351,-0.48136,-0.62308,-0.55711,31.2523488,75.7016014,0.250,127.90
786.189,0.66559,6.40210,7.13951,0.17349,-0.32987,-0.25534,31.2523488,75.7016014,0.250,127.90
786.295,0.56982,6.02860,8.83460,0.27367,0.01833,-0.34575,31.2523488,75.7016014,0.250,127.90
786.400,-0.51715,6.46434,8.06367,0.10018,0.52412,-0.19914,31.2523488,75.7016014,0.250,127.90
786.504,-0.81403,4.89375,7.89129,-0.04887,0.42638,0.31154,31.2523488,75.7016014,0.250,127.90
786.608,0.04788,4.58729,7.83862,0.01588,0.25168,0.48991,31.2523488,75.7016014,0.250,127.90
786.716,-0.22027,4.88896,8.13071,-0.61331,0.16860,-0.08674,31.2523488,75.7016014,0.250,127.90
786.821,-1.23062,5.14275,8.41323,-0.53145,0.33109,0.16127,31.2523488,75.7016014,0.250,127.90
786.924,-0.18675,5.29597,9.03093,0.09163,-0.11606,0.20525,31.2523503,75.7016060,0.510,64.50
787.027,-0.74220,5.38217,8.72926,0.10018,0.32132,0.03054,31.2523503,75.7016060,0.510,64.50
787.131,-0.53151,5.17148,9.39485,-0.05986,0.75381,0.78802,31.2523503,75.7016060,0.510,64.50
787.234,1.75734,6.72292,7.99185,0.36041,-0.76603,0.69761,31.2523503,75.7016060,0.510,64.50
787.339,3.09331,4.18506,8.67659,-0.04887,-0.45082,-0.72937,31.2523503,75.7016060,0.510,64.50
787.442,1.96803,4.42927,5.70299,-0.08308,-0.45693,-0.79901,31.2523503,75.7016060,0.510,64.50
787.546,1.43173,4.99909,7.36456,-0.54367,-0.76847,-1.06291,31.2523503,75.7016060,0.510,64.50
787.649,0.94332,5.16190,8.85376,-0.27122,-0.85521,-0.61697,31.2523503,75.7016060,0.510,64.50
787.754,-0.28730,5.37738,8.23127,0.42883,-0.78557,0.12462,31.2523503,75.7016060,0.510,64.50
787.858,-0.50757,7.19697,8.36055,-0.58765,0.98716,0.21014,31.2523503,75.7016060,0.510,64.50
787.961,0.26336,2.70545,12.75631,0.12706,0.46548,0.59498,31.2523498,75.7016119,0.370,42.20
788.065,0.57461,5.10444,7.41724,0.05864,-0.32009,0.65118,31.2523498,75.7016119,0.370,42.20
788.171,1.03430,3.85466,9.06445,0.29810,0.79535,0.21747,31.2523498,75.7016119,0.370,42.20
788.275,-0.88107,4.31914,6.28239,0.02810,1.34757,0.40561,31.2523498,75.7016119,0.370,42.20
788.379,-1.12527,4.24731,9.40442,-0.28344,0.38362,0.46426,31.2523498,75.7016119,0.370,42.20
788.483,0.45011,5.35344,9.09797,-0.52168,1.23395,0.27000,31.2523498,75.7016119,0.370,42.20
788.584,1.16358,1.92494,9.45710,-1.24494,0.22969,0.35308,31.2523498,75.7016119,0.370,42.20
788.690,3.25611,3.15077,8.26000,0.07819,-4.19176,-0.38607,31.2523498,75.7016119,0.370,42.20
788.796,1.68552,2.99754,9.19852,-0.82100,-0.80390,-0.01710,31.2523498,75.7016119,0.370,42.20
788.900,6.14352,1.52750,11.01333,-1.25716,-0.03787,-0.95417,31.2523579,75.7016183,0.810,33.70
789.003,3.52426,1.72861,11.93749,-1.59314,0.38607,-1.07146,31.2523579,75.7016183,0.810,33.70
789.105,4.95121,1.19710,12.33972,1.52961,0.84910,0.42761,31.2523579,75.7016183,0.810,33.70
789.210,2.14999,1.13006,6.72771,2.25654,0.46670,-0.38118,31.2523579,75.7016183,0.810,33.70
789.316,2.23140,3.77326,5.63116,0.48503,0.65607,0.65607,31.2523579,75.7016183,0.810,33.70
789.419,3.13162,4.94642,6.23450,0.44471,0.57055,0.16738,31.2523579,75.7016183,0.810,33.70
789.522,2.71981,5.77003,6.44998,0.54123,0.78802,-0.28100,31.2523579,75.7016183,0.810,33.70
789.627,3.72059,8.23605,7.75721,0.05620,-0.12706,-0.28588,31.2523579,75.7016183,0.810,33.70
789.731,4.86023,3.22738,13.08192,-0.49847,-1.46363,-0.51924,31.2523579,75.7016183,0.810,33.70
789.835,2.42772,3.29442,4.89854,-1.00548,-1.49662,-0.93096,31.2523579,75.7016183,0.810,33.70
789.937,3.83072,5.52103,7.11557,-1.00548,-1.32680,0.42883,31.2523625,75.7016278,0.990,47.30
790.041,6.28717,3.51948,7.71891,0.43860,1.35490,-0.79290,31.2523625,75.7016278,0.990,47.30
790.147,2.07817,5.25288,8.28394,0.44349,2.12337,-1.04580,31.2523625,75.7016278,0.990,47.30
790.254,1.01035,7.85777,10.18493,-0.48136,0.49724,-0.59010,31.2523625,75.7016278,0.990,47.30
790.359,-1.17316,3.81636,9.62948,1.19485,-0.32254,-0.60109,31.2523625,75.7016278,0.990,47.30
790.465,-1.78607,4.35745,3.98874,0.21014,0.19181,0.37751,31.2523625,75.7016278,0.990,47.30
790.569,0.00479,4.79798,5.89931,-0.87598,0.44715,0.90652,31.2523625,75.7016278,0.990,47.30
790.674,0.28730,6.75165,8.59997,-0.18326,0.74281,0.35430,31.2523625,75.7016278,0.990,47.30
790.778,1.74298,7.13472,9.22246,0.38240,-0.41172,0.18692,31.2523625,75.7016278,0.990,47.30
790.882,1.65200,6.20098,10.12747,-0.58765,0.17471,0.21014,31.2523625,75.7016278,0.990,47.30
790.987,2.63362,4.48673,6.90967,-0.19914,-1.55404,-0.90408,31.2523638,75.7016351,0.950,58.30
791.089,1.67594,3.17950,8.05409,0.12095,0.00489,-0.73793,31.2523638,75.7016351,0.950,58.30
791.191,0.93374,4.69264,6.55532,0.03421,-0.49969,-0.87109,31.2523638,75.7016351,0.950,58.30
791.296,0.16281,5.72214,10.22324,0.14294,0.23213,-0.15516,31.2523638,75.7016351,0.950,58.30
791.400,-0.49799,6.13394,8.63349,-0.16005,-0.04643,0.46792,31.2523638,75.7016351,0.950,58.30
791.503,0.00958,3.68707,9.80665,-0.24435,-0.29322,0.51557,31.2523638,75.7016351,0.950,58.30
791.607,-0.28730,4.58250,6.64630,0.34941,1.05435,0.30910,31.2523638,75.7016351,0.950,58.30
791.711,1.33596,4.33829,8.39886,-0.27611,0.31887,0.73548,31.2523638,75.7016351,0.950,58.30
791.815,1.12049,6.48829,6.01902,0.74037,0.50335,0.09896,31.2523638,75.7016351,0.950,58.30
791.920,2.34153,6.36379,8.14029,0.05742,-0.36774,0.14050,31.2523638,75.7016351,0.950,58.30
792.022,2.31280,5.31513,11.96622,-0.40073,0.22969,-0.27245,31.2523644,75.7016448,0.900,69.70
792.126,1.25935,4.59208,6.25365,0.28833,-1.03481,-1.27915,31.2523644,75.7016448,0.900,69.70
792.229,0.44532,4.78362,7.65666,-0.51924,-0.23213,-0.44104,31.2523644,75.7016448,0.900,69.70
792.335,1.78129,5.38695,7.75243,-0.21625,-0.42272,-0.44715,31.2523644,75.7016448,0.900,69.70
792.441,0.31603,6.08127,7.51779,0.42272,-0.03910,-0.21991,31.2523644,75.7016448,0.900,69.70
792.546,-1.13485,6.45477,9.41400,-0.00122,0.88453,0.41783,31.2523644,75.7016448,0.900,69.70
792.650,-1.26414,3.24654,11.48738,-0.62308,0.18326,1.06291,31.2523644,75.7016448,0.900,69.70
792.756,-0.43574,3.60088,5.91847,0.34575,0.83200,0.48381,31.2523644,75.7016448,0.900,69.70
792.858,0.05746,4.00789,8.60476,-0.68783,0.76236,1.01648,31.2523644,75.7016448,0.900,69.70
792.962,0.31603,5.47315,8.12113,-0.08063,0.38973,0.55467,31.2523642,75.7016550,0.950,77.60
793.065,0.60334,5.90889,8.47069,-0.02932,-0.08308,0.59620,31.2523642,75.7016550,0.950,77.60
793.168,2.05422,6.01423,9.64863,0.41539,0.12217,0.18570,31.2523642,75.7016550,0.950,77.60
793.272,0.33998,4.17549,11.39640,-0.00977,-0.24923,0.29566,31.2523642,75.7016550,0.950,77.60
793.374,3.02148,4.30956,6.99107,0.05620,-0.62797,-0.52901,31.2523642,75.7016550,0.950,77.60
793.478,2.44687,2.33195,8.68138,-0.29077,-1.23150,-0.88331,31.2523642,75.7016550,0.950,77.60
793.583,-0.45011,3.73974,7.48427,0.25656,0.04643,-0.68539,31.2523642,75.7016550,0.950,77.60
793.687,-3.70622,6.21535,8.72447,0.08796,0.72082,0.71227,31.2523642,75.7016550,0.950,77.60
793.792,1.45089,4.08930,10.94629,-0.99205,0.08308,1.69088,31.2523642,75.7016550,0.950,77.60
793.895,3.18429,2.55701,9.98861,0.19426,0.63652,0.35552,31.2523642,75.7016550,0.950,77.60
794.001,2.08296,2.98318,6.19141,-0.38973,0.11362,0.15882,31.2523611,75.7016617,0.870,80.10
794.104,-0.03352,3.11725,10.37647,-0.43494,0.25901,-0.57177,31.2523611,75.7016617,0.870,80.10
794.208,-2.56180,6.13394,7.04853,0.05864,0.00855,-0.18937,31.2523611,75.7016617,0.870,80.10
794.314,1.02472,4.87938,9.47625,0.16982,-0.12095,0.39218,31.2523611,75.7016617,0.870,80.10
794.418,3.02627,5.09486,9.85453,0.59865,0.12339,-0.21991,31.2523611,75.7016617,0.870,80.10
794.522,2.05901,2.97839,10.58237,0.25534,-1.60291,-0.97494,31.2523611,75.7016617,0.870,80.10
794.627,0.63207,3.95043,7.10120,0.59010,0.44227,-0.98349,31.2523611,75.7016617,0.870,80.10
794.731,1.39821,2.82516,8.03494,-0.34331,-1.22051,-0.81612,31.2523611,75.7016617,0.870,80.10
794.836,-0.17238,3.98395,7.76679,0.11362,-0.07330,-0.46792,31.2523611,75.7016617,0.870,80.10
794.941,0.30646,4.54898,11.20965,-0.20647,0.34331,0.32132,31.2523597,75.7016680,0.900,87.60
795.044,-0.26336,4.93684,10.75954,-0.35919,0.57910,0.42028,31.2523597,75.7016680,0.900,87.60
795.148,-1.56581,3.64876,9.13148,0.78679,-0.18937,-0.37629,31.2523597,75.7016680,0.900,87.60
795.252,-1.30245,4.60644,5.57370,-0.01955,0.39218,0.84422,31.2523597,75.7016680,0.900,87.60
795.356,0.87149,5.12359,8.03494,0.11118,0.50213,0.36652,31.2523597,75.7016680,0.900,87.60
795.460,0.26815,7.14909,-1.51314,2.29074,0.77091,-2.25654,31.2523597,75.7016680,0.900,87.60
795.563,-0.56024,6.30633,5.31513,-0.54734,-1.82038,-0.30910,31.2523597,75.7016680,0.900,87.60
795.667,-3.47638,10.93192,3.10767,-0.29566,0.48381,-0.18692,31.2523597,75.7016680,0.900,87.60
795.771,-0.79487,5.55455,7.35499,-0.81489,-2.61573,0.43127,31.2523597,75.7016680,0.900,87.60
795.874,-1.06781,5.24330,6.63673,-0.46304,0.77946,0.23579,31.2523597,75.7016680,0.900,87.60
795.976,0.98641,5.35822,9.15543,-0.38973,-0.00244,0.04398,31.2523565,75.7016755,0.570,95.10
796.080,-0.80445,5.70299,6.22014,-0.17349,0.41905,-0.02566,31.2523565,75.7016755,0.570,95.10
796.183,0.36871,5.26724,9.60075,-1.00060,0.72449,0.60720,31.2523565,75.7016755,0.570,95.10
796.286,0.92416,4.89375,9.36612,-0.62308,0.00733,0.16127,31.2523565,75.7016755,0.570,95.10
796.391,-0.69432,3.36625,9.91199,-1.12766,-1.18508,-0.09652,31.2523565,75.7016755,0.570,95.10
796.496,-1.47483,2.91614,7.22091,0.55589,0.25779,-0.47403,31.2523565,75.7016755,0.570,95.10
796.600,-1.09176,3.39019,6.31590,-0.27122,-0.50457,0.13561,31.2523565,75.7016755,0.570,95.10
796.703,2.60489,4.07493,11.27669,-0.12584,0.68539,-0.42028,31.2523565,75.7016755,0.570,95.10
796.806,-3.59609,5.77003,8.36534,1.21684,0.04643,-0.70127,31.2523565,75.7016755,0.570,95.10
796.910,-1.71425,3.96001,7.24485,2.30418,0.04887,-0.48747,31.2523565,75.7016755,0.570,95.10
797.012,-1.64721,4.26168,7.85777,-1.48318,-1.72875,0.41783,31.2523573,75.7016815,0.660,99.40
797.114,-0.99120,5.46836,6.63673,-0.19914,-0.99815,-0.66829,31.2523573,75.7016815,0.660,99.40
797.216,0.98162,3.74453,10.47224,-0.99327,-0.79779,0.16982,31.2523573,75.7016815,0.660,99.40
797.320,2.14042,4.88417,7.46033,0.23335,0.34819,-0.24068,31.2523573,75.7016815,0.660,99.40
797.424,1.63285,4.55856,9.05008,-0.01710,-0.00367,0.12584,31.2523573,75.7016815,0.660,99.40
797.529,0.88107,4.68306,8.86333,0.05986,0.29688,-0.17837,31.2523573,75.7016815,0.660,99.40
797.633,-0.11492,3.80199,10.61110,-0.66584,0.37018,0.61209,31.2523573,75.7016815,0.660,99.40
797.737,0.31603,2.51391,8.67180,0.36285,-0.54489,0.28711,31.2523573,75.7016815,0.660,99.40
797.840,-0.54588,3.45723,6.78996,0.13683,0.52901,0.40561,31.2523573,75.7016815,0.660,99.40
797.944,0.74699,4.30956,7.91044,-0.43005,0.08186,0.45204,31.2523562,75.7016878,0.610,97.70
798.045,0.80445,5.31034,8.66701,-0.12339,0.14050,0.10263,31.2523562,75.7016878,0.610,97.70
798.149,2.16436,6.11958,10.44830,0.05498,-0.49969,-0.13561,31.2523562,75.7016878,0.610,97.70
798.253,0.99120,2.75812,13.61822,0.57788,0.37996,-0.29932,31.2523562,75.7016878,0.610,97.70
798.358,0.91937,3.22260,6.22014,0.52901,-0.32865,-0.67684,31.2523562,75.7016878,0.610,97.70
798.464,0.67516,2.64320,6.40688,-0.31276,-0.74159,-0.11851,31.2523562,75.7016878,0.610,97.70
798.566,1.61369,3.47159,9.41879,-0.60109,-0.31398,0.14905,31.2523562,75.7016878,0.610,97.70
798.671,0.97683,3.66313,11.98537,0.37507,0.42761,0.53390,31.2523562,75.7016878,0.610,97.70
798.775,0.62249,2.35589,12.03805,-0.86499,0.41539,1.40621,31.2523562,75.7016878,0.610,97.70
798.878,-1.46525,2.47560,8.03973,1.05435,0.38240,0.05742,31.2523562,75.7016878,0.610,97.70
798.982,-0.09577,2.75812,8.43717,-0.36041,0.33353,1.26327,31.2523552,75.7016962,0.930,95.10
799.083,2.23618,4.26647,7.64708,0.30788,0.82589,0.82711,31.2523552,75.7016962,0.930,95.10
799.187,2.37984,5.54497,8.28394,0.31398,0.24557,0.30665,31.2523552,75.7016962,0.930,95.10
799.288,3.14598,7.03895,7.91523,-0.06475,0.91019,0.32620,31.2523552,75.7016962,0.930,95.10
799.390,-1.25456,2.92093,13.80018,0.36285,0.78313,-0.33720,31.2523552,75.7016962,0.930,95.10
799.493,-1.06303,2.87783,9.09318,0.58887,0.02810,-0.39828,31.2523552,75.7016962,0.930,95.10
799.597,-0.76136,2.16915,7.56089,0.18204,-0.62919,-0.11729,31.2523552,75.7016962,0.930,95.10
799.702,-0.38307,2.93050,7.66623,-0.13195,0.01222,0.19548,31.2523552,75.7016962,0.930,95.10
799.806,-1.61369,3.11725,11.32457,-0.03299,0.26878,0.60109,31.2523552,75.7016962,0.930,95.10
799.912,-1.33118,4.12760,6.74207,-0.78557,1.08856,1.14354,31.2523559,75.7017054,0.770,93.90
800.015,0.67516,2.94966,11.34373,-0.87720,-0.40439,0.87109,31.2523559,75.7017054,0.770,93.90
800.117,-0.24421,3.60088,8.44196,0.22235,0.68539,0.38973,31.2523559,75.7017054,0.770,93.90
800.221,-0.27294,3.43329,9.69652,-0.16493,0.10263,0.27245,31.2523559,75.7017054,0.770,93.90
800.324,-0.77093,4.05578,8.35576,0.40439,0.36774,-0.06231,31.2523559,75.7017054,0.770,93.90
800.428,0.29209,4.52025,7.89129,0.08430,0.05253,-0.17837,31.2523559,75.7017054,0.770,93.90
800.532,1.57060,4.43406,9.70131,-0.11362,-0.39706,-0.38118,31.2523559,75.7017054,0.770,93.90
800.635,2.85389,5.18584,11.42513,-0.22724,-0.62919,-0.79412,31.2523559,75.7017054,0.770,93.90
800.739,2.50433,1.08218,9.42837,0.88453,-2.27486,-2.19178,31.2523559,75.7017054,0.770,93.90
800.844,0.07183,1.03430,8.66701,0.23702,-0.25656,-1.76418,31.2523559,75.7017054,0.770,93.90
800.950,1.69509,0.74699,7.59920,-0.80756,-1.44531,-1.41354,31.2523571,75.7017128,0.670,97.00
801.051,-0.25379,3.13162,8.56167,-0.49358,-0.64996,-1.23883,31.2523571,75.7017128,0.670,97.00
801.154,-2.97360,6.37336,12.65575,0.41661,0.80634,0.45204,31.2523571,75.7017128,0.670,97.00
801.257,-3.95522,3.47638,9.64384,0.26145,0.67073,1.15942,31.2523571,75.7017128,0.670,97.00
801.362,-0.82361,2.61926,7.48906,-0.08186,1.01648,1.08978,31.2523571,75.7017128,0.670,97.00
801.466,-1.54665,4.05099,7.46033,-0.66340,1.50151,0.54367,31.2523571,75.7017128,0.670,97.00
801.568,-1.11570,3.58173,10.33337,0.24679,1.29626,0.21625,31.2523571,75.7017128,0.670,97.00
801.671,-0.57461,4.41970,8.86812,0.23091,-0.22724,-0.13073,31.2523571,75.7017128,0.670,97.00
801.776,-1.58017,3.68707,11.22402,0.66706,-1.01770,0.02077,31.2523571,75.7017128,0.670,97.00
801.882,-0.00958,3.68228,10.56322,-0.36774,-1.24983,-0.76847,31.2523571,75.7017128,0.670,97.00
801.986,-0.41180,2.37026,7.29274,0.90775,0.74403,-0.59498,31.2523567,75.7017212,0.710,97.10
802.087,0.16759,2.90177,7.68539,-0.13317,-0.89553,-1.14354,31.2523567,75.7017212,0.710,97.10
802.192,-0.68474,3.88818,7.42203,-0.29932,-0.00733,-0.65851,31.2523567,75.7017212,0.710,97.10
802.296,-1.40779,5.27682,9.59596,0.28588,-0.41539,-0.29810,31.2523567,75.7017212,0.710,97.10
802.399,-2.58095,5.82749,10.99417,-0.27245,0.29444,-0.31032,31.2523567,75.7017212,0.710,97.10
802.503,-3.73495,2.67193,11.88961,0.17593,-0.58032,0.51924,31.2523567,75.7017212,0.710,97.10
802.604,-2.28886,4.54898,5.34386,0.14172,0.60964,1.19974,31.2523567,75.7017212,0.710,97.10
802.706,-2.85868,3.01191,9.74919,0.23946,0.12217,0.46059,31.2523567,75.7017212,0.710,97.10
802.814,-1.00078,4.82671,7.32147,0.16493,0.86499,0.40928,31.2523567,75.7017212,0.710,97.10
802.918,-0.97205,5.63595,7.98706,-0.13928,0.50824,0.02443,31.2523571,75.7017286,0.820,92.60
803.019,-1.52271,4.02226,11.20965,-0.06720,0.13195,-0.22969,31.2523571,75.7017286,0.820,92.60
803.122,-0.67038,4.72137,9.42837,-0.90408,-0.82833,-0.65973,31.2523571,75.7017286,0.820,92.60
803.226,1.02472,1.87227,8.90643,0.28344,0.07330,-0.52901,31.2523571,75.7017286,0.820,92.60
803.329,-0.69911,1.48441,6.97192,-0.23335,-0.45204,-1.46974,31.2523571,75.7017286,0.820,92.60
803.432,-1.73819,3.96480,6.91445,0.14661,-1.43431,-0.48258,31.2523571,75.7017286,0.820,92.60
803.536,-2.66235,5.02782,11.41555,-0.57299,0.49480,-0.51191,31.2523571,75.7017286,0.820,92.60
803.639,-3.87861,6.29196,11.37725,-0.01710,1.00182,0.38851,31.2523571,75.7017286,0.820,92.60
803.746,-4.02226,1.94409,13.57034,0.78313,0.30177,0.34453,31.2523571,75.7017286,0.820,92.60
803.849,-2.24576,4.05099,6.08606,0.74159,0.53512,0.87842,31.2523571,75.7017286,0.820,92.60
803.951,-2.10690,2.71502,7.26401,0.19426,0.68050,0.14905,31.2523576,75.7017377,0.880,85.40
804.053,-1.95846,3.71101,6.19619,0.17471,0.57299,0.31643,31.2523576,75.7017377,0.880,85.40
804.157,-2.01113,5.08050,6.83305,-0.28222,-0.60842,-0.11484,31.2523576,75.7017377,0.880,85.40
804.260,-1.91536,5.38217,10.41478,-0.09652,-0.33231,0.04032,31.2523576,75.7017377,0.880,85.40
804.363,-2.78685,2.03986,13.65653,-0.16493,-0.37996,-0.88575,31.2523576,75.7017377,0.880,85.40
804.467,-0.28252,4.73573,5.45878,0.32132,-0.11484,-0.17226,31.2523576,75.7017377,0.880,85.40
804.570,-2.05422,3.55300,7.50343,-0.26145,-0.44715,-0.59376,31.2523576,75.7017377,0.880,85.40
804.673,-2.56180,4.94163,8.89207,-0.26878,-0.67440,-0.36652,31.2523576,75.7017377,0.880,85.40
804.777,-3.64876,5.59764,9.53850,0.31154,0.13928,0.29810,31.2523576,75.7017377,0.880,85.40
804.879,-4.90333,4.05578,11.03248,-1.00182,-0.02932,-0.01955,31.2523576,75.7017377,0.880,85.40
804.984,-4.09887,2.19788,6.04775,0.37018,0.61453,2.05739,31.2523590,75.7017471,0.780,80.90
805.086,-2.26013,2.44687,9.95030,-0.18082,0.09774,0.88942,31.2523590,75.7017471,0.780,80.90
805.188,-2.90656,3.46680,7.21612,-0.16371,0.76236,1.00671,31.2523590,75.7017471,0.780,80.90
805.290,-2.07338,3.80199,9.64863,0.01588,0.35552,0.55100,31.2523590,75.7017471,0.780,80.90
805.392,-1.27850,4.42927,9.96946,0.13928,0.01222,-0.01833,31.2523590,75.7017471,0.780,80.90
805.493,-1.51792,3.80678,10.79306,-0.40317,-0.18326,-0.43127,31.2523590,75.7017471,0.780,80.90
805.595,-0.20111,4.45800,5.07092,0.17471,-0.09529,0.28344,31.2523590,75.7017471,0.780,80.90
805.700,-1.57538,2.79643,7.76200,-0.65607,-0.15394,-0.54367,31.2523590,75.7017471,0.780,80.90
805.801,-1.98719,4.34308,6.47871,-0.47525,-0.62186,-0.13561,31.2523590,75.7017471,0.780,80.90
805.905,-3.11246,4.55856,11.84651,-0.66462,-0.06109,-0.41661,31.2523590,75.7017471,0.780,80.90
806.010,-3.07894,4.36224,9.95509,0.26512,0.81123,0.87842,31.2523624,75.7017549,0.710,65.40
806.112,-3.71580,3.61524,12.15297,-0.71227,0.23335,0.32376,31.2523624,75.7017549,0.710,65.40
806.216,-2.14520,2.13084,6.78517,0.59743,0.90286,1.83137,31.2523624,75.7017549,0.710,65.40
806.318,-1.36948,1.64242,11.73159,0.59987,-0.26023,0.58887,31.2523624,75.7017549,0.710,65.40
806.422,-0.76136,3.54821,8.69095,0.36285,0.29444,0.48869,31.2523624,75.7017549,0.710,65.40
806.525,-0.54109,2.96402,8.18338,0.14905,0.07697,-0.12706,31.2523624,75.7017549,0.710,65.40
806.627,-1.17795,4.17549,6.42604,-0.02810,-0.29932,-0.47403,31.2523624,75.7017549,0.710,65.40
806.728,-1.14922,4.61123,9.06445,-0.59254,-0.65363,-0.51924,31.2523624,75.7017549,0.710,65.40
806.830,-0.38307,4.42927,9.16979,-0.09896,-0.82222,-0.73304,31.2523624,75.7017549,0.710,65.40
806.932,-1.10133,3.14119,11.54005,-0.57299,-0.99082,-1.46363,31.2523679,75.7017605,0.600,45.40
807.035,-0.98641,2.56658,8.35098,0.66706,0.42883,-0.64630,31.2523679,75.7017605,0.600,45.40
807.137,-0.54109,3.15556,8.42280,-0.58277,-0.49724,-0.87720,31.2523679,75.7017605,0.600,45.40
807.239,-0.65601,4.17549,8.19775,0.10873,-0.28100,-0.43860,31.2523679,75.7017605,0.600,45.40
807.343,-1.71425,4.44843,9.39964,0.00489,0.20281,-0.33964,31.2523679,75.7017605,0.600,45.40
807.446,-2.03986,6.08606,9.55287,-0.07330,0.36285,-0.14783,31.2523679,75.7017605,0.600,45.40
807.550,-4.77883,-0.33998,13.95820,0.07086,0.82345,-0.15882,31.2523679,75.7017605,0.600,45.40
807.652,-1.58496,3.38540,5.39653,0.20281,-0.47037,1.15087,31.2523679,75.7017605,0.600,45.40
807.755,-2.04465,2.13563,7.82904,0.06597,0.77458,0.63652,31.2523679,75.7017605,0.600,45.40
807.857,-1.47483,3.80199,7.82904,-0.22969,-0.17593,0.29444,31.2523679,75.7017605,0.600,45.40
807.960,-1.38385,4.73094,8.97826,-0.16860,-0.50946,-0.16249,31.2523705,75.7017661,0.600,48.30
808.062,-1.24498,3.35188,11.35330,0.39706,0.13317,-0.19914,31.2523705,75.7017661,0.600,48.30
808.165,-1.37427,0.16759,12.00932,-0.05498,0.23702,-1.03114,31.2523705,75.7017661,0.600,48.30
808.267,1.05345,2.88262,6.05254,-0.09285,-1.12521,-0.23946,31.2523705,75.7017661,0.600,48.30
808.369,-0.19154,2.48518,8.59518,-0.15272,0.32009,-0.59865,31.2523705,75.7017661,0.600,48.30
808.471,-0.54109,4.68306,8.03494,-0.34453,-0.54123,-0.78069,31.2523705,75.7017661,0.600,48.30
808.574,-1.82438,4.75967,10.27591,0.10629,-0.04520,-0.60109,31.2523705,75.7017661,0.600,48.30
808.677,-2.62883,3.94086,12.31099,-0.14783,-0.21136,-0.30910,31.2523705,75.7017661,0.600,48.30
808.780,-0.50278,1.25935,8.43238,1.01404,0.56566,0.48258,31.2523705,75.7017661,0.600,48.30
808.881,-1.42694,1.56102,8.62391,-0.11118,-0.48747,-0.20159,31.2523705,75.7017661,0.600,48.30
808.984,-0.79966,2.78685,6.28717,0.10263,0.07330,0.67440,31.2523744,75.7017734,0.650,53.40
809.087,0.58897,4.30956,9.32781,-0.36408,-0.33231,-0.30055,31.2523744,75.7017734,0.650,53.40
809.190,-0.77093,3.40934,11.52569,-0.12584,-0.28344,-0.73426,31.2523744,75.7017734,0.650,53.40
809.292,0.58897,4.92248,9.77792,-0.17959,-0.28588,-0.77824,31.2523744,75.7017734,0.650,53.40
809.396,-0.35434,0.25379,9.32302,0.85521,0.33720,-0.61820,31.2523744,75.7017734,0.650,53.40
809.499,2.03986,2.13563,8.15465,-0.58399,-1.11177,-1.44653,31.2523744,75.7017734,0.650,53.40
809.602,-0.34955,4.29041,6.85699,-0.16982,-0.50335,-0.99327,31.2523744,75.7017734,0.650,53.40
809.707,-1.95846,4.77404,10.54885,-0.03543,-0.10018,-0.63530,31.2523744,75.7017734,0.650,53.40
809.811,-2.14520,4.74531,11.52090,0.29199,0.30788,-0.13439,31.2523744,75.7017734,0.650,53.40
809.915,-3.61524,3.55300,11.27669,0.02199,0.30910,0.12706,31.2523744,75.7017734,0.650,53.40
810.019,-2.32238,2.66714,8.71011,0.82222,0.32865,1.40621,31.2523729,75.7017798,0.680,68.30
810.123,-0.86670,2.19788,8.03494,0.51679,0.87965,0.69394,31.2523729,75.7017798,0.680,68.30
810.227,-1.00556,3.45723,6.56969,0.04520,0.31765,0.74037,31.2523729,75.7017798,0.680,68.30
810.331,0.38786,4.86023,7.81467,-0.21380,-0.07575,0.43860,31.2523729,75.7017798,0.680,68.30
810.436,0.36392,4.06057,11.60709,-0.64874,-0.45815,-0.25168,31.2523729,75.7017798,0.680,68.30
810.539,-0.27294,4.31435,12.12903,-1.24861,-1.06413,-1.17653,31.2523729,75.7017798,0.680,68.30
810.643,0.54109,2.29843,8.27436,0.92607,-0.06597,-0.34453,31.2523729,75.7017798,0.680,68.30
810.747,0.22984,1.30723,7.94396,0.08308,0.00000,-0.84666,31.2523729,75.7017798,0.680,68.30
810.851,0.25857,4.40533,6.33985,-0.37874,-0.42761,-0.75992,31.2523729,75.7017798,0.680,68.30
810.955,-1.27850,5.68862,10.34774,-0.05864,-0.60109,-0.29810,31.2523713,75.7017876,0.850,82.50
811.059,-1.42694,6.55532,10.18972,0.35797,0.16493,0.21625,31.2523713,75.7017876,0.850,82.50
811.162,-3.71580,2.50912,12.54562,0.16005,0.16005,0.21014,31.2523713,75.7017876,0.850,82.50
811.268,-1.06303,2.89698,8.23605,0.86499,0.35308,1.22417,31.2523713,75.7017876,0.850,82.50
811.373,0.17717,3.11725,5.52582,-0.07208,1.45752,0.64874,31.2523713,75.7017876,0.850,82.50
811.476,0.06704,3.62482,8.23127,-0.21258,-0.24679,0.23824,31.2523713,75.7017876,0.850,82.50
811.579,0.61292,3.54821,10.27591,-0.20892,-0.27245,-0.01466,31.2523713,75.7017876,0.850,82.50
811.683,1.10133,3.99832,10.62068,-1.24128,-0.54367,-0.98471,31.2523713,75.7017876,0.850,82.50
811.788,0.60334,2.37505,8.08282,0.55955,0.01710,0.28833,31.2523713,75.7017876,0.850,82.50
811.893,0.42617,2.43730,7.43639,-0.10507,-0.27489,-0.89675,31.2523713,75.7017876,0.850,82.50
811.995,-0.43574,4.24731,7.58004,0.04154,-1.02625,-0.31887,31.2523698,75.7017970,1.090,92.00
812.099,-1.23541,6.12437,9.48583,-0.16738,-0.03299,-0.13195,31.2523698,75.7017970,1.090,92.00
812.203,-0.68953,7.08684,9.84975,0.06109,0.57299,0.51313,31.2523698,75.7017970,1.090,92.00
812.308,-2.92571,0.99599,9.48104,1.11788,1.35612,1.39888,31.2523698,75.7017970,1.090,92.00
812.416,0.32561,3.36625,7.85777,0.47770,0.20036,0.98594,31.2523698,75.7017970,1.090,92.00
812.519,-0.57461,2.44209,7.00543,-0.00855,1.44531,0.60353,31.2523698,75.7017970,1.090,92.00
812.621,1.18274,3.39019,7.55610,0.18448,0.43616,0.68050,31.2523698,75.7017970,1.090,92.00
812.725,1.09654,3.20344,9.93115,-0.59865,-0.38485,0.08308,31.2523698,75.7017970,1.090,92.00
812.828,-0.02873,1.97761,16.32367,-1.71531,-0.35675,-1.49784,31.2523698,75.7017970,1.090,92.00
812.931,1.86269,3.39977,5.89452,0.94318,0.18937,-0.25656,31.2523663,75.7018087,1.120,95.00
813.033,-0.33998,1.23541,8.36055,-0.05986,-0.44593,-1.49295,31.2523663,75.7018087,1.120,95.00
813.136,-0.90980,3.58173,7.12036,-0.03543,-1.11911,-0.98349,31.2523663,75.7018087,1.120,95.00
813.240,-2.40857,4.74052,10.86489,-0.62308,-0.27611,-0.61697,31.2523663,75.7018087,1.120,95.00
813.348,-2.83952,6.19141,13.12501,-0.96761,-0.23702,-0.50335,31.2523663,75.7018087,1.120,95.00
813.454,-3.28963,1.45567,10.39562,0.92852,1.13010,1.06901,31.2523663,75.7018087,1.120,95.00
813.559,-0.89543,0.50278,7.31189,1.21073,0.66462,0.89797,31.2523663,75.7018087,1.120,95.00
813.664,0.07661,2.63841,4.30477,0.16738,0.66829,0.83933,31.2523663,75.7018087,1.120,95.00
813.765,-0.57940,3.87382,7.15866,-0.61209,0.03054,0.11973,31.2523663,75.7018087,1.120,95.00
813.870,-0.20590,4.11324,12.10030,-1.12766,0.07086,-0.24190,31.2523663,75.7018087,1.120,95.00
813.975,-1.48919,-0.80924,15.13135,0.52901,0.65240,0.07941,31.2523626,75.7018206,1.080,100.80
814.079,0.93374,3.11725,5.23373,-0.06720,-0.21014,-0.64263,31.2523626,75.7018206,1.080,100.80
814.182,-0.87149,2.60010,7.29274,0.01955,0.02077,-0.45448,31.2523626,75.7018206,1.080,100.80
814.287,-2.46124,4.43406,8.65743,-0.11729,0.05864,-0.54367,31.2523626,75.7018206,1.080,100.80
814.392,-3.39498,3.85466,10.59674,0.37996,0.67684,0.49847,31.2523626,75.7018206,1.080,100.80
814.496,-4.02705,3.38540,11.08037,-0.41050,-0.36896,0.31398,31.2523626,75.7018206,1.080,100.80
814.600,-4.06057,2.59531,9.50019,0.21869,-0.31643,0.88942,31.2523626,75.7018206,1.080,100.80
814.705,-2.38462,1.89621,5.69820,0.68417,0.45937,1.16797,31.2523626,75.7018206,1.080,100.80
814.809,-1.53708,3.66792,8.70053,-0.06842,0.05742,0.34453,31.2523626,75.7018206,1.080,100.80
814.914,-1.08697,4.02226,9.31344,-0.15394,-0.22846,0.34086,31.2523607,75.7018312,0.970,103.50
815.016,0.56024,4.07014,9.73004,-0.51801,-0.05986,-0.08796,31.2523607,75.7018312,0.970,103.50
815.119,0.08140,1.06303,9.35654,0.67440,0.82955,0.10996,31.2523607,75.7018312,0.970,103.50
815.224,0.65122,2.89220,7.80031,-0.32987,-0.73670,-0.84299,31.2523607,75.7018312,0.970,103.50
815.327,0.29209,3.57694,7.52737,0.10018,-0.36041,-0.64019,31.2523607,75.7018312,0.970,103.50
815.434,-1.07739,4.61123,9.20331,-0.01222,-0.46059,-0.50457,31.2523607,75.7018312,0.970,103.50
815.538,-1.83396,5.06613,10.03649,0.38240,-0.23702,0.10507,31.2523607,75.7018312,0.970,103.50
815.640,-3.69186,4.40533,11.40598,-0.92485,-0.17959,-0.30055,31.2523607,75.7018312,0.970,103.50
815.745,-4.10366,3.62961,8.06367,0.23946,0.68661,1.45019,31.2523607,75.7018312,0.970,103.50
815.853,-1.42694,2.57616,7.94875,0.52901,0.98716,1.33169,31.2523607,75.7018312,0.970,103.50
815.957,-0.67995,4.07972,6.49786,0.36896,0.85399,1.03481,31.2523599,75.7018428,0.920,102.30
816.059,-1.19231,4.52025,9.40921,-0.15516,0.08430,0.35064,31.2523599,75.7018428,0.920,102.30
816.165,0.51236,3.98874,11.96143,-0.59743,-0.03299,-0.02566,31.2523599,75.7018428,0.920,102.30
816.269,1.06303,1.17795,8.85855,0.61087,0.87598,0.32742,31.2523599,75.7018428,0.920,102.30
816.373,0.29209,3.76847,7.39329,-0.36896,-1.26938,-0.66462,31.2523599,75.7018428,0.920,102.30
816.478,-0.41659,4.79319,7.37893,-0.14294,-0.63897,-0.53145,31.2523599,75.7018428,0.920,102.30
816.586,-1.27372,6.05733,10.42914,-0.03543,-0.33598,-0.16249,31.2523599,75.7018428,0.920,102.30
816.690,-2.22182,6.93840,8.09719,0.16005,0.76847,0.36041,31.2523599,75.7018428,0.920,102.30
816.794,-3.37582,4.58250,9.76355,0.20892,0.55467,0.95784,31.2523599,75.7018428,0.920,102.30
816.901,-1.47483,2.66235,7.17782,0.61331,0.51191,0.85888,31.2523599,75.7018428,0.920,102.30
817.005,-0.90501,4.90811,5.81791,0.41417,0.40439,0.58887,31.2523599,75.7018530,0.900,97.70
817.106,-1.08697,5.24809,9.06924,-0.08674,-0.14783,-0.12339,31.2523599,75.7018530,0.900,97.70
817.211,0.24421,5.16669,9.26556,-0.27978,0.29322,-0.22724,31.2523599,75.7018530,0.900,97.70
817.315,-0.64165,1.90578,12.06678,-0.09774,0.05253,-0.22969,31.2523599,75.7018530,0.900,97.70
817.418,0.46926,4.30956,5.88974,-0.10873,-0.46670,-0.41050,31.2523599,75.7018530,0.900,97.70
817.523,-0.89543,4.44843,6.86178,0.01222,-0.07330,-0.47281,31.2523599,75.7018530,0.900,97.70
817.628,-1.20668,4.97036,8.17380,-0.31521,0.13928,-0.52290,31.2523599,75.7018530,0.900,97.70
817.734,-1.00078,5.83228,10.38605,-0.24557,-0.03421,0.29566,31.2523599,75.7018530,0.900,97.70
817.838,-4.46758,4.37660,12.75631,-0.83078,-0.58765,-0.08796,31.2523599,75.7018530,0.900,97.70
817.941,-1.99198,4.68785,9.01178,0.53634,-0.35919,1.42209,31.2523605,75.7018631,0.980,88.60
818.042,-0.28252,3.26569,8.07325,0.74037,0.40684,0.45937,31.2523605,75.7018631,0.980,88.60
818.145,-0.23942,3.69665,6.09085,0.85521,0.22969,0.56322,31.2523605,75.7018631,0.980,88.60
818.251,0.82361,5.19542,7.41724,0.05620,-0.41417,-0.04887,31.2523605,75.7018631,0.980,88.60
818.356,1.02472,5.55934,9.55765,-0.45204,-0.11606,-0.39218,31.2523605,75.7018631,0.980,88.60
818.460,0.25857,2.42293,12.21522,0.13806,-0.16005,-0.81489,31.2523605,75.7018631,0.980,88.60
818.566,1.90578,4.52983,5.28161,0.01344,-1.04824,-1.03114,31.2523605,75.7018631,0.980,88.60
818.670,-0.38786,3.56736,6.41167,-0.18448,-0.34086,-1.37933,31.2523605,75.7018631,0.980,88.60
818.774,-1.95367,5.70299,9.02614,-0.82467,-0.71471,-0.96395,31.2523605,75.7018631,0.980,88.60
818.878,-2.50433,6.98628,10.61589,0.25412,0.32498,0.42028,31.2523605,75.7018631,0.980,88.60
818.979,-4.18506,2.49476,14.96376,0.19059,-0.03054,0.20769,31.2523599,75.7018735,0.970,87.30
819.083,-1.17316,4.25210,5.81791,0.90530,0.22969,1.30725,31.2523599,75.7018735,0.970,87.30
819.187,0.27773,3.36625,6.54096,0.30299,0.71716,0.45693,31.2523599,75.7018735,0.970,87.30
819.292,0.45011,4.37181,6.98149,-0.02688,-0.12462,0.43127,31.2523599,75.7018735,0.970,87.30
819.396,1.47962,5.29597,9.95509,-0.26023,-0.62430,0.01833,31.2523599,75.7018735,0.970,87.30
819.499,2.26491,6.36379,9.51935,-0.68295,-0.26267,-0.93707,31.2523599,75.7018735,0.970,87.30
819.603,-0.61770,2.04465,9.78271,0.43738,0.60720,-0.65240,31.2523599,75.7018735,0.970,87.30
819.709,2.08296,3.78763,6.75165,-0.03543,-0.96883,-0.53390,31.2523599,75.7018735,0.970,87.30
819.815,-0.25857,4.36702,6.11958,-0.30055,-0.45815,-0.73304,31.2523599,75.7018735,0.970,87.30
819.920,-1.51314,5.36780,10.04128,-0.51068,-0.29077,-0.16616,31.2523599,75.7018735,0.970,87.30
820.022,-0.22505,6.69898,9.39485,0.11484,0.06231,0.55955,31.2523594,75.7018838,0.980,82.10
820.125,-3.99832,3.67271,11.78426,-0.43738,0.82589,0.36041,31.2523594,75.7018838,0.980,82.10
820.230,-2.54264,4.26647,10.49618,0.49969,0.22846,1.78617,31.2523594,75.7018838,0.980,82.10
820.334,-0.60334,2.52349,9.63427,0.48258,1.35734,0.92241,31.2523594,75.7018838,0.980,82.10
820.441,0.29688,2.75333,6.49786,0.51435,0.47159,0.88209,31.2523594,75.7018838,0.980,82.10
820.545,1.47004,3.65834,8.78672,-0.25901,-0.24557,0.13195,31.2523594,75.7018838,0.980,82.10
820.648,1.87227,4.11803,8.57124,-0.31398,-0.66096,0.21747,31.2523594,75.7018838,0.980,82.10
820.753,1.44131,2.33195,11.57836,-0.53390,-0.39095,-0.65485,31.2523594,75.7018838,0.980,82.10
820.856,0.32082,3.76368,7.86735,-0.64874,-0.09774,-1.52350,31.2523594,75.7018838,0.980,82.10
820.960,-0.98641,3.31358,8.21690,0.06475,-0.42394,-0.64630,31.2523612,75.7018938,0.910,75.30
821.062,-0.74699,4.41970,8.61913,-0.19792,-0.17349,-0.09652,31.2523612,75.7018938,0.910,75.30
821.164,-0.79009,5.20978,10.57758,0.16860,0.48503,0.44471,31.2523612,75.7018938,0.910,75.30
821.267,-2.95444,1.87227,14.04918,-0.09529,-0.46426,0.24312,31.2523612,75.7018938,0.910,75.30
821.371,-0.57940,3.09331,7.76200,0.57177,0.48747,0.88331,31.2523612,75.7018938,0.910,75.30
821.474,-0.37350,2.16915,8.78193,0.48991,0.59376,0.61697,31.2523612,75.7018938,0.910,75.30
821.578,1.00556,4.18985,7.23049,0.48503,-0.24190,0.47770,31.2523612,75.7018938,0.910,75.30
821.683,1.28329,4.65912,8.96389,0.08186,-0.29810,-0.21136,31.2523612,75.7018938,0.910,75.30
821.786,1.47483,3.78763,9.90242,-0.20647,-0.30788,-0.49236,31.2523612,75.7018938,0.910,75.30
821.889,1.12527,1.74298,13.20642,0.00733,-0.43249,-0.91141,31.2523612,75.7018938,0.910,75.30
821.990,1.88663,3.62961,5.71735,0.31398,-0.54000,-0.85521,31.2523641,75.7019044,0.800,68.90
822.093,-0.47884,2.83473,8.67180,-0.03299,-0.12584,-1.38789,31.2523641,75.7019044,0.800,68.90
822.198,-1.50356,5.08528,7.40766,-0.08674,-0.21991,-0.73670,31.2523641,75.7019044,0.800,68.90
822.300,-1.90578,6.13873,10.62547,-0.24312,-0.01588,-0.22724,31.2523641,75.7019044,0.800,68.90
822.402,-2.42772,5.50666,9.99819,-0.08552,0.34453,0.13195,31.2523641,75.7019044,0.800,68.90
822.503,-2.79643,2.01113,8.95431,0.40439,0.48381,0.95051,31.2523641,75.7019044,0.800,68.90
822.605,-0.27773,3.35667,8.35576,0.13683,0.10629,0.54000,31.2523641,75.7019044,0.800,68.90
822.708,-1.59933,4.74052,6.66546,0.16738,0.39095,0.55344,31.2523641,75.7019044,0.800,68.90
822.814,-0.22027,5.64553,8.65265,-0.06475,0.03176,0.18326,31.2523641,75.7019044,0.800,68.90
822.919,-0.48363,5.65032,10.07001,-0.15394,0.15760,-0.07453,31.2523659,75.7019133,0.700,71.90
823.022,-0.35434,3.07894,12.20564,-0.21747,-0.42883,-0.46792,31.2523659,75.7019133,0.700,71.90
823.124,0.27294,3.78763,6.57448,-0.03054,-0.21747,-0.52657,31.2523659,75.7019133,0.700,71.90
823.231,-0.85234,2.11169,9.02614,0.21625,-0.31398,-0.66096,31.2523659,75.7019133,0.700,71.90
823.333,-0.65601,5.11401,6.41167,-0.12217,-0.41417,-0.36408,31.2523659,75.7019133,0.700,71.90
823.436,-1.26893,4.55377,9.25119,-0.06475,-0.27122,-0.10507,31.2523659,75.7019133,0.700,71.90
823.539,-0.47884,4.48195,11.12346,-0.21258,-0.10018,0.04520,31.2523659,75.7019133,0.700,71.90
823.640,-2.11169,2.54264,8.47547,0.07941,0.32498,0.27489,31.2523659,75.7019133,0.700,71.90
823.743,-0.80445,2.86347,9.59117,-0.09285,0.02810,0.23702,31.2523659,75.7019133,0.700,71.90
823.848,-0.64643,4.18506,6.51702,0.24923,0.00611,0.44593,31.2523659,75.7019133,0.700,71.90
823.951,-1.20189,4.54898,8.96868,-0.17349,-0.42883,-0.09652,31.2523649,75.7019212,0.660,90.00
824.052,-0.23942,4.55856,11.12346,0.09529,-0.28588,0.10507,31.2523649,75.7019212,0.660,90.00
824.156,0.78051,3.59130,10.26155,-0.74037,-0.57177,-0.35308,31.2523649,75.7019212,0.660,90.00
824.259,1.09176,1.98719,6.76601,0.53267,0.90042,-0.12095,31.2523649,75.7019212,0.660,90.00
824.360,0.25857,2.26970,8.57603,-0.19670,-0.07208,-0.61697,31.2523649,75.7019212,0.660,90.00
824.465,-0.60813,3.94086,8.00142,-0.36774,-0.14905,-0.10507,31.2523649,75.7019212,0.660,90.00
824.570,-0.78051,5.46836,10.41957,0.31276,-0.47770,0.42761,31.2523649,75.7019212,0.660,90.00
824.672,-1.78607,5.12838,9.71088,0.65118,0.68417,0.78802,31.2523649,75.7019212,0.660,90.00
824.777,-3.10767,0.89064,13.54639,0.48625,0.32987,1.64078,31.2523649,75.7019212,0.660,90.00
824.878,-1.35991,3.51469,7.77637,0.13439,2.15391,1.52716,31.2523649,75.7019212,0.660,90.00
824.981,-1.40779,1.55623,6.77559,-0.95539,3.31944,0.99938,31.2523625,75.7019306,0.810,98.20
825.082,-0.76136,0.78530,6.17225,-1.99997,-0.45571,0.23335,31.2523625,75.7019306,0.810,98.20
825.188,3.11246,4.88896,10.99896,-0.52657,-2.82220,-1.43309,31.2523625,75.7019306,0.810,98.20
825.292,-1.19231,0.62728,13.33570,0.22113,0.29199,-0.06597,31.2523625,75.7019306,0.810,98.20
825.396,2.12605,2.16915,9.96946,-1.10567,-2.50821,-1.84237,31.2523625,75.7019306,0.810,98.20
825.499,2.18830,0.82361,10.61589,0.38607,0.08308,-1.16797,31.2523625,75.7019306,0.810,98.20
825.601,1.70946,0.74699,7.59920,-0.39462,-0.47647,-0.32498,31.2523625,75.7019306,0.810,98.20
825.704,2.39420,-0.13886,9.16979,-0.43005,0.04276,-0.03176,31.2523625,75.7019306,0.810,98.20
825.808,5.04698,1.67115,8.27436,-0.32254,0.30543,0.08552,31.2523625,75.7019306,0.810,98.20
825.912,3.10289,1.57060,10.14663,0.51313,0.73793,0.20036,31.2523625,75.7019306,0.810,98.20
826.015,2.84910,1.79565,10.99896,0.86254,-0.16738,-0.43860,31.2523618,75.7019379,0.590,99.20
826.116,1.31681,-1.33596,8.31746,-1.89735,-0.80268,0.03299,31.2523618,75.7019379,0.590,99.20
826.221,2.33195,-0.32561,7.76200,0.84422,0.45815,-1.73241,31.2523618,75.7019379,0.590,99.20
826.326,1.73340,2.18351,9.33260,0.24312,-0.51313,-0.93951,31.2523618,75.7019379,0.590,99.20
826.429,3.67271,2.59053,7.56568,-0.65118,-0.24923,-0.69639,31.2523618,75.7019379,0.590,99.20
826.534,0.92416,0.19632,10.37647,0.06231,0.47647,-1.12644,31.2523618,75.7019379,0.590,99.20
826.637,2.40857,-0.45490,11.65976,-1.01037,0.11118,-0.45204,31.2523618,75.7019379,0.590,99.20
826.740,2.92093,-0.07183,7.74285,-0.04643,-0.87965,-0.93340,31.2523618,75.7019379,0.590,99.20
826.843,3.53384,-1.54187,9.70131,-0.71960,0.56322,-0.99205,31.2523618,75.7019379,0.590,99.20
826.946,2.40857,0.87628,9.05008,-0.18204,0.30299,-1.21684,31.2523589,75.7019426,0.490,103.40
827.049,1.50356,0.30646,10.39084,0.43005,0.04643,-0.40195,31.2523589,75.7019426,0.490,103.40
827.151,0.26336,-0.24900,11.00854,0.38118,0.41905,0.04276,31.2523589,75.7019426,0.490,103.40
827.254,0.04310,-0.75178,11.08515,-0.22602,0.07330,0.00855,31.2523589,75.7019426,0.490,103.40
827.355,-1.42216,0.14844,7.92960,0.48503,0.27611,0.02443,31.2523589,75.7019426,0.490,103.40
827.459,-1.19231,0.39265,9.11712,-0.32865,0.10140,0.50946,31.2523589,75.7019426,0.490,103.40
827.563,-0.56982,1.39821,8.49463,0.25412,0.34941,0.36408,31.2523589,75.7019426,0.490,103.40
827.667,0.53630,2.22182,8.98783,-0.01955,0.17837,0.47037,31.2523589,75.7019426,0.490,103.40
827.772,0.55545,2.51391,10.43872,0.32987,0.30788,0.20647,31.2523589,75.7019426,0.490,103.40
827.874,0.74220,2.54264,11.77468,0.51313,0.60353,-0.11973,31.2523589,75.7019426,0.490,103.40
827.978,-0.10534,0.47884,9.64863,0.08919,-1.32802,-1.02259,,,,
828.080,-0.77572,0.61292,9.16500,0.53634,0.96883,-0.58887,,,,
828.188,-0.74220,0.85234,8.19296,-0.20892,-0.77946,-0.61697,,,,
828.294,-0.49799,1.05345,9.20331,-0.46181,-0.45082,0.08308,,,,
828.398,-1.38385,0.51715,11.96143,0.43860,0.13561,0.21869,,,,
828.501,-1.63763,0.42617,11.88003,-1.17042,0.31154,1.11055,,,,
828.603,-2.11169,1.27850,8.67180,0.74770,0.20403,0.12462,,,,
828.707,-1.95367,0.81403,9.20331,-0.18326,-0.22480,0.95295,,,,
828.809,-0.57940,2.46124,8.80109,0.11973,0.34453,0.54734,,,,
828.911,-0.71347,3.57215,8.99741,0.22480,0.12706,0.05253,,,,
829.013,0.07183,3.16035,9.24162,0.52534,-0.24801,-0.28466,,,,
829.116,1.33118,2.78685,10.49139,0.79535,-0.34208,-0.91141,,,,
829.219,0.05267,0.79009,10.82179,0.21869,-0.58887,-1.23639,,,,
829.323,0.03831,2.17394,7.61356,0.72204,-0.51924,-1.41843,,,,
829.428,0.22984,2.04465,8.18817,0.18326,0.15394,-0.85643,,,,
829.532,-1.49398,3.91213,8.80587,0.04520,-0.74648,-0.83689,,,,
829.635,-0.11971,3.52905,8.67659,-0.07941,-0.30421,-1.27304,,,,
829.742,-1.29287,4.27126,10.03649,-0.21258,0.96761,-0.36041,,,,
829.846,-0.76614,3.65355,10.31901,0.16371,-0.02810,0.15394,,,,
829.950,-0.73741,2.36547,11.05163,-0.38851,0.55100,-0.19792,,,,
830.055,-1.38385,2.39420,7.67102,-0.37874,-0.40928,0.24190,,,,
830.159,-0.62728,2.05422,8.24563,-0.64752,-0.20769,0.54489,,,,
830.262,-0.30167,2.58574,8.18338,-0.56566,-0.03421,0.24068,,,,
830.366,-0.43096,3.64398,9.68694,-0.32132,0.13195,-0.18082,,,,
830.471,0.21069,1.59454,11.22402,0.01466,-0.37751,-0.02932,,,,
830.575,1.22104,2.64799,11.15219,-0.86987,-0.86254,0.27978,,,,
830.680,-0.12450,0.86191,7.79073,1.27549,-0.60353,-0.43982,,,,
830.784,0.61770,-0.31125,8.18817,-0.66218,0.08796,0.09285,,,,
830.887,1.17316,0.61292,9.06445,-0.55833,-0.60720,-0.35797,,,,
830.992,2.50433,1.15401,10.20888,-0.45937,-0.79168,0.22480,31.2523368,75.7019415,0.530,124.00
831.094,1.10612,0.22505,12.08593,0.43494,1.73974,0.30665,31.2523368,75.7019415,0.530,124.00
831.197,-0.94810,-1.23541,12.83771,-0.04032,0.47037,0.70372,31.2523368,75.7019415,0.530,124.00
831.302,-1.45089,-0.30646,6.91924,1.06657,0.23946,0.57177,31.2523368,75.7019415,0.530,124.00
831.406,-0.76614,0.45490,7.37414,-0.25045,0.40317,1.02381,31.2523368,75.7019415,0.530,124.00
831.510,0.19154,1.46046,8.26478,0.08552,0.65729,0.81978,31.2523368,75.7019415,0.530,124.00
831.612,0.95768,2.57137,9.73482,-0.05986,-0.04765,0.41294,31.2523368,75.7019415,0.530,124.00
831.716,1.21625,2.31759,12.53125,0.30055,-0.06475,-0.09163,31.2523368,75.7019415,0.530,124.00
831.821,0.06704,0.27773,14.54238,0.19548,-0.19181,-0.21625,31.2523368,75.7019415,0.530,124.00
831.923,1.43652,2.01113,7.69975,0.60842,-0.75259,-1.07634,31.2523304,75.7019413,0.600,146.60
832.025,0.21548,0.11492,8.62391,0.08186,-0.47037,-0.91141,31.2523304,75.7019413,0.600,146.60
832.129,-0.74699,1.01035,7.85298,0.21136,0.06475,-0.80023,31.2523304,75.7019413,0.600,146.60
832.231,-0.76614,1.39343,9.32302,-0.49480,0.18204,-0.18570,31.2523304,75.7019413,0.600,146.60
832.336,-1.54665,1.34554,12.18170,-0.57544,0.31643,0.30177,31.2523304,75.7019413,0.600,146.60
832.439,-2.34632,0.25379,10.11790,-0.19303,-0.67317,0.23824,31.2523304,75.7019413,0.600,146.60
832.544,-2.27449,0.95768,8.18817,-0.14294,0.17837,0.86865,31.2523304,75.7019413,0.600,146.60
832.649,0.04310,0.67995,8.51378,-0.12706,-0.25901,0.83322,31.2523304,75.7019413,0.600,146.60
832.754,1.17316,1.29287,8.59997,-0.24557,0.10507,0.70372,31.2523304,75.7019413,0.600,146.60
832.859,0.70868,1.19710,11.55442,-0.04520,0.17593,0.30910,31.2523304,75.7019413,0.600,146.60
832.961,1.66636,1.98719,11.34373,-0.19181,-0.41172,-0.00244,31.2523239,75.7019419,0.540,159.30
833.065,1.84832,-0.09577,9.95509,0.54000,-0.93340,-1.14476,31.2523239,75.7019419,0.540,159.30
833.169,1.41737,-0.33040,10.29028,0.49114,0.82222,-1.08245,31.2523239,75.7019419,0.540,159.30
833.275,0.66080,0.15323,8.37971,0.58277,-1.01037,-1.45019,31.2523239,75.7019419,0.540,159.30
833.380,-0.00479,1.23062,7.30710,0.16493,-0.56322,-0.58399,31.2523239,75.7019419,0.540,159.30
833.483,-0.59376,0.90501,11.18092,-0.27733,0.40195,0.29322,31.2523239,75.7019419,0.540,159.30
833.588,-1.90578,0.44532,12.84729,-1.40621,0.25534,0.83078,31.2523239,75.7019419,0.540,159.30
833.691,-1.64242,1.54665,7.86256,0.95295,-0.06597,0.08186,31.2523239,75.7019419,0.540,159.30
833.796,-0.52672,1.14443,8.02536,-0.58032,0.34086,1.35490,31.2523239,75.7019419,0.540,159.30
833.900,1.89142,1.46046,8.96868,0.16005,0.33720,1.27304,31.2523239,75.7019419,0.540,159.30
834.003,2.94008,2.07817,9.25598,-0.03176,-0.28222,0.47037,,,,
834.104,3.62482,1.69988,12.78504,-0.32620,0.13317,-0.16616,,,,
834.208,1.73819,-0.65122,10.90798,0.74770,-0.86865,-1.37445,,,,
834.312,1.21147,0.87628,7.68539,0.39951,0.71105,-0.88453,,,,
834.418,1.32160,0.56503,7.85298,-0.30910,-0.66340,-0.76847,,,,
834.519,1.73819,1.00556,9.61511,-0.28711,0.23091,-0.69150,,,,
834.622,-1.12527,0.91459,11.75553,-0.08430,0.20036,-0.21258,,,,
834.724,-1.81480,-0.88585,13.10107,-1.01892,-0.09407,0.57299,,,,
834.828,-1.41737,0.57940,7.36935,0.91996,-0.16371,0.00367,,,,
834.931,-0.21548,0.69432,7.52737,-0.25168,0.33475,0.78191,,,,
835.034,1.13006,2.10690,8.03015,0.05376,0.45815,0.53878,,,,
835.136,0.45011,1.52750,11.49217,-0.04887,-0.17471,0.06720,,,,
835.241,0.65601,2.19788,10.24239,0.04520,-0.46792,-0.12828,,,,
835.346,1.51792,-0.44532,12.67012,-0.50335,-0.28466,-0.09163,,,,
835.450,1.87705,1.08218,8.83939,0.32865,0.39218,-1.10567,,,,
835.555,-0.24900,-0.05746,9.64863,0.27489,-0.43371,-0.88331,,,,
835.660,-0.60334,1.07260,7.63750,0.58765,-0.00611,-0.15027,,,,
835.764,-0.50278,1.14922,10.21366,0.11973,0.77580,0.36408,,,,
835.868,-1.64721,2.08296,11.26232,-1.07024,1.04091,1.02992,,,,
835.970,-0.51715,0.71826,9.11712,0.09163,-0.80390,0.17593,,,,
836.073,-0.44532,1.91057,8.14029,0.06475,0.40195,0.52657,,,,
836.174,0.80924,1.83396,8.64786,0.15149,-0.26512,0.38973,,,,
836.279,0.76614,3.11246,9.52413,0.49602,0.15638,-0.24068,,,,
836.382,1.55144,3.21302,11.56878,-0.37263,-0.85888,-0.58154,,,,
836.487,1.62327,0.67516,12.51210,0.12584,-0.58277,-0.76969,,,,
836.592,1.51792,1.13006,8.28873,0.38118,0.19914,-0.83444,,,,
836.698,0.46926,1.08697,7.46033,0.12339,-0.55955,-0.92607,,,,
836.802,0.44053,2.63362,8.44196,-0.27978,0.04154,-0.09529,,,,
836.906,-0.12929,1.63763,12.11466,0.01833,0.14294,0.52290,,,,
837.011,-0.40223,0.90501,11.71722,-0.35064,0.05498,0.66584,31.2522961,75.7019445,0.700,162.30
837.114,-0.03352,1.72861,8.03015,0.13317,0.02077,0.37507,31.2522961,75.7019445,0.700,162.30
837.218,0.20590,1.19231,8.03973,-0.21991,0.19670,0.66829,31.2522961,75.7019445,0.700,162.30
837.323,1.23541,2.35589,8.11634,-0.07086,0.23091,0.70616,31.2522961,75.7019445,0.700,162.30
837.427,2.14520,2.37984,10.63983,0.06475,-0.02199,0.14050,31.2522961,75.7019445,0.700,162.30
837.532,2.60968,2.47082,12.34450,-0.18692,-0.35797,-0.32742,31.2522961,75.7019445,0.700,162.30
837.639,2.34153,0.93374,10.25676,0.62675,-0.68783,-0.99693,31.2522961,75.7019445,0.700,162.30
837.744,2.18351,-0.07661,8.97347,-0.18937,-0.26145,-0.61820,31.2522961,75.7019445,0.700,162.30
837.849,1.25935,1.20189,7.24485,0.43860,-0.19548,-1.09589,31.2522961,75.7019445,0.700,162.30
837.955,0.37828,2.37505,8.82503,-0.10385,-0.16738,-0.31032,31.2522865,75.7019433,0.830,174.80
838.058,0.96247,1.58975,11.09473,-0.02566,-0.00855,0.21625,31.2522865,75.7019433,0.830,174.80
838.161,-0.51236,1.08697,11.47780,-1.03847,0.46914,0.63530,31.2522865,75.7019433,0.830,174.80
838.265,-1.17795,1.40779,8.87770,0.20525,0.75503,0.56322,31.2522865,75.7019433,0.830,174.80
838.368,0.00000,1.23062,8.06846,0.04887,-0.16493,0.87109,31.2522865,75.7019433,0.830,174.80
838.472,1.02472,2.34153,8.07325,-0.07086,0.32742,0.87965,31.2522865,75.7019433,0.830,174.80
838.574,2.23140,2.53785,10.84573,0.02199,0.20403,0.33475,31.2522865,75.7019433,0.830,174.80
838.680,3.52426,2.94487,12.17691,-0.44838,-0.23091,-0.06475,31.2522865,75.7019433,0.830,174.80
838.785,2.62883,-0.02394,9.75398,0.64630,-0.60231,-1.36223,31.2522865,75.7019433,0.830,174.80
838.890,0.86670,0.35434,9.27035,0.83200,-0.01955,-1.06535,31.2522865,75.7019433,0.830,174.80
838.993,0.38786,0.90980,8.07325,0.56322,-0.86499,-0.86987,31.2522758,75.7019429,0.880,179.60
839.099,0.22027,2.21703,7.95354,0.20769,-0.42394,-0.09652,31.2522758,75.7019429,0.880,179.60
839.202,0.41180,2.53785,10.71645,-0.03421,0.06353,0.48503,31.2522758,75.7019429,0.880,179.60
839.303,-0.03352,1.55144,11.90876,-0.70005,0.32376,0.61820,31.2522758,75.7019429,0.880,179.60
839.409,0.34477,1.66158,8.03015,0.14172,0.68295,0.62797,31.2522758,75.7019429,0.880,179.60
839.512,0.96247,1.69509,6.88572,0.00244,0.05253,0.91996,31.2522758,75.7019429,0.880,179.60
839.616,2.58574,2.68151,8.80109,-0.25779,0.17959,0.76969,31.2522758,75.7019429,0.880,179.60
839.720,3.17950,3.67749,10.95587,0.16982,0.35919,-0.08430,31.2522758,75.7019429,0.880,179.60
839.825,4.68785,0.45011,14.12100,-1.23150,-0.22602,-0.45937,31.2522758,75.7019429,0.880,179.60
839.929,2.07338,0.01437,9.24162,1.22784,-0.00367,-1.72142,31.2522665,75.7019428,0.850,181.00
840.031,0.39744,0.20590,7.95354,0.27000,-0.52657,-1.55282,31.2522665,75.7019428,0.850,181.00
840.136,-0.09098,1.35033,7.04374,0.40439,-0.47892,-1.12521,31.2522665,75.7019428,0.850,181.00
840.241,-0.90022,3.04542,10.58237,0.00122,0.28222,-0.06109,31.2522665,75.7019428,0.850,181.00
840.343,-1.73340,3.30400,11.35809,-0.05376,-0.00122,0.95539,31.2522665,75.7019428,0.850,181.00
840.447,-1.27850,1.84832,12.05720,0.44227,-0.21380,0.60598,31.2522665,75.7019428,0.850,181.00
840.556,-0.40223,1.56581,6.77559,0.56810,0.22358,1.35490,31.2522665,75.7019428,0.850,181.00
840.661,2.07817,1.57060,5.57370,0.63286,0.56566,1.36589,31.2522665,75.7019428,0.850,181.00
840.768,3.47159,3.63440,7.02459,-0.51801,0.36530,0.35675,31.2522665,75.7019428,0.850,181.00
840.872,3.24654,5.76045,11.68370,-1.11666,0.21136,0.20159,31.2522665,75.7019428,0.850,181.00
840.975,2.90656,0.56982,15.06911,-0.48869,-0.16005,-0.58765,31.2522544,75.7019429,1.010,181.90
841.077,1.80044,1.69031,8.53294,0.63897,0.05376,-0.98227,31.2522544,75.7019429,1.010,181.90
841.181,0.28730,0.56503,8.97347,0.36163,-0.61942,-1.08734,31.2522544,75.7019429,1.010,181.90
841.286,-0.31125,1.63285,7.63750,0.37018,-0.64385,-0.62797,31.2522544,75.7019429,1.010,181.90
841.392,-0.45490,2.32238,9.33260,-0.17715,-0.02443,0.27367,31.2522544,75.7019429,1.010,181.90
841.496,-1.41737,2.45166,10.05086,-0.67195,0.79535,0.88820,31.2522544,75.7019429,1.010,181.90
841.598,-1.19710,2.40378,9.27993,-0.11118,0.52779,0.46426,31.2522544,75.7019429,1.010,181.90
841.703,-1.05345,1.82917,7.19218,0.16493,0.69394,1.24617,31.2522544,75.7019429,1.010,181.90
841.807,0.69432,2.87304,8.23605,0.06109,1.27549,1.27060,31.2522544,75.7019429,1.010,181.90
841.910,0.95289,3.41892,11.48738,-0.37018,-0.04765,0.52901,31.2522544,75.7019429,1.010,181.90
842.011,2.63841,3.02627,12.32056,-0.65363,-0.07697,0.32620,31.2522449,75.7019443,1.020,174.20
842.113,1.59454,-0.46926,10.93671,0.83200,-1.13132,-1.56259,31.2522449,75.7019443,1.020,174.20
842.217,-0.20111,0.26815,9.12670,0.74403,-0.33964,-1.64445,31.2522449,75.7019443,1.020,174.20
842.321,-1.39821,1.31202,8.43238,0.50091,-0.86865,-1.64811,31.2522449,75.7019443,1.020,174.20
842.426,-1.66636,2.80122,8.02536,0.31276,-0.50457,-0.56444,31.2522449,75.7019443,1.020,174.20
842.531,-1.96803,3.45723,10.06522,-0.10140,0.04154,0.46181,31.2522449,75.7019443,1.020,174.20
842.635,-2.72939,2.28886,13.05798,-0.64019,0.74648,1.29503,31.2522449,75.7019443,1.020,174.20
842.739,-1.92973,2.12605,8.19775,0.12584,0.63774,1.47096,31.2522449,75.7019443,1.020,174.20
842.844,0.91937,0.92895,7.46991,-0.05009,0.26267,1.67988,31.2522449,75.7019443,1.020,174.20
842.947,2.06859,2.53307,7.41245,-0.00489,0.58277,1.32680,31.2522360,75.7019465,1.130,178.60
843.050,3.15556,2.64320,10.25197,-0.53023,-0.29688,0.65240,31.2522360,75.7019465,1.130,178.60
843.152,4.14197,1.77171,13.76666,-1.27671,0.10018,0.49847,31.2522360,75.7019465,1.130,178.60
843.257,2.99275,0.21548,9.54808,0.90164,-0.83200,-1.51006,31.2522360,75.7019465,1.130,178.60
843.362,0.51715,0.20590,7.88650,-0.06842,-0.21258,-1.43431,31.2522360,75.7019465,1.130,178.60
843.465,-1.73819,2.03507,8.75799,0.47770,-0.14783,-0.90286,31.2522360,75.7019465,1.130,178.60
843.569,-0.79966,2.72460,8.57124,-0.05253,-0.62797,0.20159,31.2522360,75.7019465,1.130,178.60
843.674,0.04310,3.37582,10.31901,-0.17715,0.63163,1.06046,31.2522360,75.7019465,1.130,178.60
843.782,1.22583,0.60334,12.61744,0.00611,0.32498,0.98594,31.2522360,75.7019465,1.130,178.60
843.887,0.23463,1.65679,7.21134,0.25412,0.58765,0.72326,31.2522360,75.7019465,1.130,178.60
843.990,-0.09098,1.73819,7.24007,-0.26023,0.37874,0.88087,31.2522262,75.7019486,1.060,181.50
844.093,1.36469,2.83952,8.70053,-0.40439,0.56322,1.09467,31.2522262,75.7019486,1.060,181.50
844.199,3.30879,2.39899,11.13783,-0.28344,-0.23091,0.66829,31.2522262,75.7019486,1.060,181.50
844.302,4.64475,1.23062,11.76511,-0.94195,-0.27611,0.49847,31.2522262,75.7019486,1.060,181.50
844.410,3.33752,-1.19231,10.52012,0.92485,-0.57421,-1.39399,31.2522262,75.7019486,1.060,181.50
844.517,1.55144,-1.27372,9.95988,0.34941,-0.40439,-1.79717,31.2522262,75.7019486,1.060,181.50
844.620,-0.27294,0.95768,8.09240,0.43494,-0.76358,-1.71042,31.2522262,75.7019486,1.060,181.50
844.724,-0.54109,1.65679,9.50498,-0.24312,-0.56077,-0.43738,31.2522262,75.7019486,1.060,181.50
844.829,-0.48363,3.28484,10.63983,-0.01710,0.34941,0.31276,31.2522262,75.7019486,1.060,181.50
844.934,-1.64721,2.69108,12.65096,0.65607,0.40195,1.05435,31.2522154,75.7019476,1.090,183.10
845.036,-0.08140,1.03908,6.74207,0.75992,0.36041,1.22051,31.2522154,75.7019476,1.090,183.10
845.140,1.01993,1.64242,5.56891,0.04765,0.56322,1.12766,31.2522154,75.7019476,1.090,183.10
845.244,2.96402,3.01191,7.94396,-0.34453,0.70616,0.93829,31.2522154,75.7019476,1.090,183.10
845.348,3.64876,3.66313,10.53449,-0.24801,-0.10629,0.26145,31.2522154,75.7019476,1.090,183.10
845.454,5.14275,2.77249,10.82658,-0.70738,-0.72571,-0.07453,31.2522154,75.7019476,1.090,183.10
845.558,3.57694,-0.35434,10.26155,0.26267,-0.33598,-1.38056,31.2522154,75.7019476,1.090,183.10
845.663,1.75256,-0.84755,9.10275,-0.47770,-0.33598,-1.46119,31.2522154,75.7019476,1.090,183.10
845.767,1.84832,-1.21625,6.67982,-0.42150,-0.63163,-2.00730,31.2522154,75.7019476,1.090,183.10
845.872,-1.31681,0.71826,9.77792,-0.79901,0.41539,-1.97187,31.2522154,75.7019476,1.090,183.10
845.977,-2.62883,3.35188,11.46344,-0.22724,0.16493,0.21502,31.2522030,75.7019455,0.980,187.20
846.080,-1.00078,1.06781,11.76511,-0.21625,0.81856,1.12766,31.2522030,75.7019455,0.980,187.20
846.184,-0.21548,-0.08140,8.63828,0.27855,0.08796,0.85032,31.2522030,75.7019455,0.980,187.20
846.288,-0.42138,-0.07183,8.56167,0.02932,0.43494,1.10322,31.2522030,75.7019455,0.980,187.20
846.391,0.53151,0.97683,7.94875,-0.27611,0.27978,1.12399,31.2522030,75.7019455,0.980,187.20
846.494,1.71425,1.72861,9.65821,-0.27611,0.10996,0.52046,31.2522030,75.7019455,0.980,187.20
846.595,1.77650,1.68073,11.34373,0.10996,-0.19792,0.06720,31.2522030,75.7019455,0.980,187.20
846.700,2.35589,-0.42138,13.09149,-0.84299,-0.20892,0.31032,31.2522030,75.7019455,0.980,187.20
846.805,0.94332,-1.78607,10.79306,1.00426,-0.24679,-1.07024,31.2522030,75.7019455,0.980,187.20
846.909,-1.13006,-1.41737,7.67581,0.61453,-0.29566,-0.89431,31.2522030,75.7019455,0.980,187.20
847.011,-1.29766,0.53630,6.25844,0.35552,0.18204,-0.74770,31.2521940,75.7019465,0.920,184.10
847.114,-1.10133,-0.60334,10.51533,0.09529,-0.70250,0.25901,31.2521940,75.7019465,0.920,184.10
847.216,-0.62249,2.90656,6.90488,0.97861,0.65118,0.78924,31.2521940,75.7019465,0.920,184.10
847.320,1.19710,4.05099,9.37569,0.38851,0.31398,1.50762,31.2521940,75.7019465,0.920,184.10
847.425,6.51223,3.58651,10.13705,-0.90286,-0.34453,0.56933,31.2521940,75.7019465,0.920,184.10
847.529,-1.69031,1.22583,13.29740,0.09652,0.48747,-0.61697,31.2521940,75.7019465,0.920,184.10
847.631,-2.13563,2.16436,6.05733,1.09589,-0.48503,0.19059,31.2521940,75.7019465,0.920,184.10
847.735,0.60334,2.62405,4.90333,0.58887,0.01466,0.47892,31.2521940,75.7019465,0.920,184.10
847.842,2.93529,3.20823,8.72926,0.21258,-0.30177,-0.14905,31.2521940,75.7019465,0.920,184.10
847.946,5.77003,3.29921,12.10987,-0.14661,0.08919,-0.27245,31.2521852,75.7019477,0.790,178.60
848.047,2.17394,1.62806,13.87679,-0.63652,-0.56444,-1.22173,31.2521852,75.7019477,0.790,178.60
848.149,-2.84431,4.78840,7.38372,-0.09163,0.20647,-1.00182,31.2521852,75.7019477,0.790,178.60
848.251,-2.37984,2.40378,9.53850,-0.03910,-0.17349,0.14539,31.2521852,75.7019477,0.790,178.60
848.355,-0.96247,1.76213,8.75799,0.94928,0.09407,0.82222,31.2521852,75.7019477,0.790,178.60
848.458,1.77171,1.88184,11.04685,-1.44531,0.24801,1.01281,31.2521852,75.7019477,0.790,178.60
848.563,-2.77249,3.04064,12.02847,0.29932,1.05802,0.55711,31.2521852,75.7019477,0.790,178.60
848.665,0.43096,1.77171,6.48829,0.59010,-0.39095,1.06168,31.2521852,75.7019477,0.790,178.60
848.767,2.88741,3.25611,6.09085,-0.02443,0.58032,0.93585,31.2521852,75.7019477,0.790,178.60
848.871,2.65278,3.38540,11.14740,-0.29444,0.01466,-0.16738,31.2521852,75.7019477,0.790,178.60
848.976,2.98796,1.35512,14.25508,-0.58887,-0.62675,-0.22846,31.2521763,75.7019524,0.960,166.60
849.079,1.85311,1.27372,9.44752,0.15272,-0.47770,-1.04947,31.2521763,75.7019524,0.960,166.60
849.185,0.22505,1.88184,7.52258,-0.16738,-0.58521,-1.18141,31.2521763,75.7019524,0.960,166.60
849.288,-0.48842,2.05901,7.80031,0.02932,-0.31643,-0.39951,31.2521763,75.7019524,0.960,166.60
849.393,0.22505,1.60890,11.57357,0.15760,0.29932,0.43738,31.2521763,75.7019524,0.960,166.60
849.496,-0.05267,2.49955,10.54885,-0.66096,1.15698,0.82833,31.2521763,75.7019524,0.960,166.60
849.598,-1.38864,2.38941,9.86890,0.40684,0.46670,0.33964,31.2521763,75.7019524,0.960,166.60
849.704,0.33040,1.24498,7.54174,-0.30910,0.02199,1.24617,31.2521763,75.7019524,0.960,166.60
849.810,1.01514,2.17394,7.24964,0.53145,0.49114,0.97983,31.2521763,75.7019524,0.960,166.60
849.915,2.17394,3.08852,8.87770,-0.16738,-0.12950,0.63041,31.2521763,75.7019524,0.960,166.60
850.021,2.89698,3.16513,11.17613,0.09285,-0.01222,-0.10996,31.2521685,75.7019559,1.000,160.70
850.124,1.69031,0.62249,13.86722,0.08674,-0.14172,-0.61209,31.2521685,75.7019559,1.000,160.70
850.228,1.24977,2.03507,8.34140,0.38851,-0.24190,-1.15698,31.2521685,75.7019559,1.000,160.70
850.332,1.18752,0.71826,7.65666,0.09774,-0.81856,-1.16797,31.2521685,75.7019559,1.000,160.70
850.437,0.94810,1.35512,8.48984,-0.12706,-0.25779,-0.63652,31.2521685,75.7019559,1.000,160.70
850.541,0.81882,2.13563,10.95587,-0.45448,-0.34208,-0.06720,31.2521685,75.7019559,1.000,160.70
850.644,0.26336,3.39019,10.93671,0.02199,0.58521,0.15882,31.2521685,75.7019559,1.000,160.70
850.748,-0.85234,0.52194,12.08593,-0.21991,-0.02199,0.43860,31.2521685,75.7019559,1.000,160.70
850.852,-1.20189,1.69988,7.52258,0.44349,0.52657,0.77458,31.2521685,75.7019559,1.000,160.70
850.955,0.22984,2.23140,7.31668,0.18692,0.23824,0.85277,31.2521587,75.7019613,1.000,153.10
851.057,1.62806,3.15077,8.09240,-0.08919,0.41783,0.84177,31.2521587,75.7019613,1.000,153.10
851.161,2.46124,2.76291,11.19050,0.08063,-0.34086,0.32620,31.2521587,75.7019613,1.000,153.10
851.266,3.42850,3.25133,11.82257,-0.31765,0.22113,0.56810,31.2521587,75.7019613,1.000,153.10
851.372,2.49955,1.03430,8.96389,0.60476,-0.63897,-0.66706,31.2521587,75.7019613,1.000,153.10
851.476,1.25456,0.77093,8.86812,-0.15638,0.11484,-0.32009,31.2521587,75.7019613,1.000,153.10
851.581,-0.02394,1.95367,8.70053,0.33231,-0.78191,-0.75992,31.2521587,75.7019613,1.000,153.10
851.686,0.07661,3.37582,9.36612,0.53023,-0.40317,0.52046,31.2521587,75.7019613,1.000,153.10
851.789,1.64721,3.25611,9.76834,0.59620,0.32498,1.18141,31.2521587,75.7019613,1.000,153.10
851.894,1.08697,1.79086,8.72926,-0.47159,1.59558,1.63712,31.2521587,75.7019613,1.000,153.10
851.997,0.99599,1.05824,9.04529,0.13683,0.36163,0.59254,31.2521501,75.7019684,0.990,144.40
852.098,0.93374,1.48919,7.62793,-0.44593,0.26512,0.87965,31.2521501,75.7019684,0.990,144.40
852.203,1.91536,2.34632,8.29351,-0.36652,0.57666,0.71716,31.2521501,75.7019684,0.990,144.40
852.308,2.39420,2.48997,10.32859,0.02321,0.14416,0.49602,31.2521501,75.7019684,0.990,144.40
852.414,4.51068,1.87227,11.91355,0.24312,-0.77091,0.05620,31.2521501,75.7019684,0.990,144.40
852.518,6.34942,0.88107,11.43950,-0.22480,-0.52779,-0.24557,31.2521501,75.7019684,0.990,144.40
852.623,3.76847,-0.49799,9.18895,0.30421,-0.26756,-1.93766,31.2521501,75.7019684,0.990,144.40
852.727,0.68953,-0.84755,9.32781,-0.24679,-0.91996,-2.07694,31.2521501,75.7019684,0.990,144.40
852.829,-0.49321,1.24020,6.90967,0.32376,-0.44593,-1.42454,31.2521501,75.7019684,0.990,144.40
852.931,-0.26336,2.45645,11.20965,-0.60231,-0.10385,-0.13928,31.2521415,75.7019764,1.100,143.80
853.033,0.14365,5.69341,10.40041,0.57055,0.79046,0.38729,31.2521415,75.7019764,1.100,143.80
853.135,-0.49799,2.66235,12.13381,0.38607,0.16005,0.39828,31.2521415,75.7019764,1.100,143.80
853.242,-0.10534,1.74298,5.32470,0.67684,0.22724,1.11788,31.2521415,75.7019764,1.100,143.80
853.347,2.67193,2.71024,5.70778,0.09529,0.64019,1.15942,31.2521415,75.7019764,1.100,143.80
853.451,3.70622,4.01268,9.23204,-0.37874,-0.02077,0.63652,31.2521415,75.7019764,1.100,143.80
853.554,3.97437,4.46279,11.92791,0.01100,-0.27733,0.17349,31.2521415,75.7019764,1.100,143.80
853.659,4.60644,1.38385,14.23114,-0.23457,-0.10873,0.09529,31.2521415,75.7019764,1.100,143.80
853.763,3.27048,2.37505,7.24007,0.04765,-0.69028,-0.98227,31.2521415,75.7019764,1.100,143.80
853.866,1.90578,1.76692,7.23528,-0.69516,-0.69028,-1.06046,31.2521415,75.7019764,1.100,143.80
853.968,0.96726,2.26013,8.79151,-0.23457,-0.33842,-0.33475,31.2521329,75.7019846,0.980,142.20
854.069,1.94409,3.14598,10.95108,0.05498,0.31154,0.39095,31.2521329,75.7019846,0.980,142.20
854.174,1.72383,4.17070,10.87446,0.26878,0.66096,0.85765,31.2521329,75.7019846,0.980,142.20
854.279,1.78607,1.64721,10.12268,0.40317,-0.16982,0.46670,31.2521329,75.7019846,0.980,142.20
854.382,0.75178,2.41336,5.80833,0.24801,0.49602,0.88698,31.2521329,75.7019846,0.980,142.20
854.486,2.17394,2.76291,6.29196,0.14661,0.60109,0.96517,31.2521329,75.7019846,0.980,142.20
854.590,4.26168,3.46680,9.05487,-0.14539,0.21380,0.72449,31.2521329,75.7019846,0.980,142.20
854.695,4.68306,3.87382,11.11388,0.40195,-0.06842,0.12217,31.2521329,75.7019846,0.980,142.20
854.798,5.67905,1.61848,12.69406,-0.50213,-0.30665,0.14905,31.2521329,75.7019846,0.980,142.20
854.903,4.48195,1.22104,8.37971,0.02077,-0.54000,-1.19241,31.2521329,75.7019846,0.980,142.20
855.005,1.81480,1.10612,7.39808,-0.54245,-0.61575,-1.37567,31.2521258,75.7019918,0.980,134.90
855.110,0.65601,2.65756,7.43639,-0.09529,-0.45693,-0.60598,31.2521258,75.7019918,0.980,134.90
855.214,2.08774,2.93529,9.74919,0.07941,0.17226,0.43494,31.2521258,75.7019918,0.980,134.90
855.319,2.51870,3.41413,11.45865,-0.55711,0.88820,1.03358,31.2521258,75.7019918,0.980,134.90
855.421,1.00078,1.65679,11.09952,0.30177,0.17593,0.33109,31.2521258,75.7019918,0.980,134.90
855.525,-0.08619,1.98240,6.61278,0.58887,0.68173,1.12155,31.2521258,75.7019918,0.980,134.90
855.628,2.27928,1.71425,7.07726,0.18815,0.64630,1.33535,31.2521258,75.7019918,0.980,134.90
855.734,3.84509,2.73897,8.51378,-0.11851,0.39218,0.97128,31.2521258,75.7019918,0.980,134.90
855.838,5.87537,3.17950,10.41478,-0.04887,0.00367,0.28833,31.2521258,75.7019918,0.980,134.90
855.942,4.75488,-1.23062,14.55196,-0.11484,-0.59010,-0.68050,31.2521191,75.7020005,0.990,124.90
856.045,1.69031,1.61369,7.49864,0.68050,0.18326,-1.29626,31.2521191,75.7020005,0.990,124.90
856.146,1.46046,0.56503,7.55610,-0.58277,-1.00548,-1.23639,31.2521191,75.7020005,0.990,124.90
856.250,1.30723,1.27372,7.53695,-0.73059,0.20892,-0.51435,31.2521191,75.7020005,0.990,124.90
856.355,2.03028,0.79487,12.54562,-0.36530,-0.14905,0.02321,31.2521191,75.7020005,0.990,124.90
856.459,1.14922,2.99275,11.86566,-0.16005,0.68906,0.50335,31.2521191,75.7020005,0.990,124.90
856.562,-0.96247,0.29688,11.23838,0.45082,0.09285,-0.22602,31.2521191,75.7020005,0.990,124.90
856.669,-0.08619,0.97683,6.11000,-0.40195,0.05986,1.23395,31.2521191,75.7020005,0.990,124.90
856.772,1.93930,1.39821,7.78116,0.02688,0.50946,1.02259,31.2521191,75.7020005,0.990,124.90
856.875,2.88262,2.14520,9.59117,-0.37996,-0.07575,0.53023,31.2521191,75.7020005,0.990,124.90
856.980,4.13239,1.48441,12.27747,0.03299,-0.28588,-0.19914,31.2521137,75.7020114,1.080,117.50
857.083,3.45244,-0.49799,14.87757,0.12462,0.04643,-0.60476,31.2521137,75.7020114,1.080,117.50
857.187,1.24977,0.32561,8.41801,0.40195,-0.54123,-1.09589,31.2521137,75.7020114,1.080,117.50
857.292,1.36469,0.07183,7.24007,-0.01466,-0.68050,-1.02381,31.2521137,75.7020114,1.080,117.50
857.397,1.03908,1.18274,8.43717,-0.04520,-0.09041,-0.35675,31.2521137,75.7020114,1.080,117.50
857.502,2.13084,1.34554,11.20008,-0.10751,0.02199,0.30177,31.2521137,75.7020114,1.080,117.50
857.605,1.63763,2.20267,11.64540,-0.20525,0.60964,0.64019,31.2521137,75.7020114,1.080,117.50
857.710,-0.64165,1.13485,9.44752,0.57055,-0.22480,-0.26512,31.2521137,75.7020114,1.080,117.50
857.813,-0.11971,1.35512,7.48906,-0.37996,0.05620,1.22295,31.2521137,75.7020114,1.080,117.50
857.916,2.34153,1.93930,7.51300,0.10140,0.36530,1.10078,31.2521137,75.7020114,1.080,117.50
858.018,3.38061,2.74854,9.14585,-0.19548,0.15882,0.62430,31.2521090,75.7020231,1.110,113.20
858.123,4.58250,2.55701,10.46745,-0.06597,-0.27489,0.25779,31.2521090,75.7020231,1.110,113.20
858.227,4.74052,-1.33118,13.67568,-0.08796,-0.50946,-0.59987,31.2521090,75.7020231,1.110,113.20
858.331,1.57060,1.32160,7.79073,0.61331,0.27367,-1.15576,31.2521090,75.7020231,1.110,113.20
858.434,2.10690,0.36392,7.67102,-0.65118,-0.98471,-0.97861,31.2521090,75.7020231,1.110,113.20
858.538,1.54187,1.43652,8.22169,0.00855,0.04154,-0.47770,31.2521090,75.7020231,1.110,113.20
858.640,2.32716,1.29287,12.11945,-0.32742,-0.18815,0.17959,31.2521090,75.7020231,1.110,113.20
858.744,1.47483,2.48997,10.44830,0.12095,0.55955,0.64996,31.2521090,75.7020231,1.110,113.20
858.850,0.33040,0.83318,9.98382,0.31643,-0.24679,0.28466,31.2521090,75.7020231,1.110,113.20
858.952,0.89064,1.56102,7.45554,-0.20769,0.10140,0.98716,31.2521043,75.7020341,1.060,110.80
859.057,2.16436,1.97761,7.66623,-0.04643,0.47647,1.13254,31.2521043,75.7020341,1.060,110.80
859.159,3.28963,2.25055,9.40442,0.04643,0.00977,0.62430,31.2521043,75.7020341,1.060,110.80
859.264,4.08451,3.23217,8.94474,0.12095,-0.26756,0.57544,31.2521043,75.7020341,1.060,110.80
859.366,7.41724,1.69031,10.60153,-0.41783,-0.42394,0.30910,31.2521043,75.7020341,1.060,110.80
859.471,4.72615,-0.62249,9.46189,0.27978,-0.37996,-1.53816,31.2521043,75.7020341,1.060,110.80
859.574,1.69031,0.43574,8.45153,-0.26267,-0.39218,-1.40988,31.2521043,75.7020341,1.060,110.80
859.678,1.39343,1.41258,7.21134,0.07941,-0.40073,-1.13987,31.2521043,75.7020341,1.060,110.80
859.783,2.45645,2.25534,8.30788,-0.57788,-0.21991,-0.55344,31.2521043,75.7020341,1.060,110.80
859.887,2.23618,2.06380,12.39239,-0.13439,0.54489,0.12706,31.2521043,75.7020341,1.060,110.80
859.990,0.91459,1.57060,12.23437,-0.70860,0.55955,0.91385,31.2521004,75.7020450,1.040,110.00
860.095,-0.41659,2.23140,7.40287,1.04824,0.67317,0.41294,31.2521004,75.7020450,1.040,110.00
860.200,0.81882,1.83396,7.86735,-0.01466,0.50702,1.38178,31.2521004,75.7020450,1.040,110.00
860.305,2.07817,2.33674,7.28316,0.36530,0.65851,1.13499,31.2521004,75.7020450,1.040,110.00
860.409,3.29921,2.95923,9.25598,-0.20403,-0.06842,0.68661,31.2521004,75.7020450,1.040,110.00
860.510,5.35822,2.42293,11.93749,-0.43860,-0.00611,0.41661,31.2521004,75.7020450,1.040,110.00
860.613,5.12359,-0.18196,10.02692,0.45815,-0.58277,-1.51006,31.2521004,75.7020450,1.040,110.00
860.716,2.21224,-0.44053,8.96868,0.23335,-0.21869,-1.60169,31.2521004,75.7020450,1.040,110.00
860.821,0.82361,0.04310,7.50343,-0.32376,-0.78924,-1.41232,31.2521004,75.7020450,1.040,110.00
860.925,1.02951,1.84354,8.87291,-0.09529,0.19303,-0.82955,31.2520965,75.7020559,1.030,105.30
861.027,0.42617,2.79164,12.19127,0.25168,-0.33353,-0.29077,31.2520965,75.7020559,1.030,105.30
861.129,-1.84832,1.98719,12.12424,-0.28588,0.72693,0.72449,31.2520965,75.7020559,1.030,105.30
861.235,-1.62327,2.46603,8.14029,0.91141,0.93096,0.91019,31.2520965,75.7020559,1.030,105.30
861.340,1.90578,1.18274,7.13472,0.04520,0.24923,1.46485,31.2520965,75.7020559,1.030,105.30
861.443,3.88818,1.97761,7.70933,-0.26756,0.47403,0.93585,31.2520965,75.7020559,1.030,105.30
861.547,4.37660,2.62405,10.43393,-0.16371,0.06475,-0.43005,31.2520965,75.7020559,1.030,105.30
861.650,4.56814,1.59933,9.03572,-0.34208,-0.66218,-1.26693,31.2520965,75.7020559,1.030,105.30
861.754,1.69031,-0.18675,10.44830,-0.43249,-0.86376,-2.20156,31.2520965,75.7020559,1.030,105.30
861.858,1.67594,0.64643,9.38048,-0.61697,-0.22235,-1.50151,31.2520965,75.7020559,1.030,105.30
861.962,1.47962,0.16281,9.19852,-0.09652,-0.55833,-1.60902,31.2520929,75.7020664,0.980,106.70
862.064,1.13964,1.50835,9.20810,-0.14172,0.16249,-0.59498,31.2520929,75.7020664,0.980,106.70
862.165,1.54665,1.37906,11.35330,0.08430,0.02199,0.07330,31.2520929,75.7020664,0.980,106.70
862.270,1.15879,2.99754,10.51533,0.38851,0.70372,0.30910,31.2520929,75.7020664,0.980,106.70
862.375,0.85712,0.79487,10.18015,0.20036,-0.37996,0.21869,31.2520929,75.7020664,0.980,106.70
862.478,-0.15323,1.01514,7.26880,0.09774,-0.15149,0.29566,31.2520929,75.7020664,0.980,106.70
862.582,0.92895,2.55701,6.44519,-0.08674,0.20525,0.76236,31.2520929,75.7020664,0.980,106.70
862.686,3.14598,2.32716,9.80665,-0.63652,0.20647,0.56444,31.2520929,75.7020664,0.980,106.70
862.790,3.28006,2.77249,10.36211,0.35430,-0.04887,-0.11729,31.2520929,75.7020664,0.980,106.70
862.892,5.02304,2.64320,9.62948,-0.46914,-0.73426,-0.32987,31.2520929,75.7020664,0.980,106.70
862.996,4.36224,-0.61292,10.60153,-0.04643,-0.79535,-1.50273,31.2520888,75.7020758,0.960,123.60
863.099,2.56658,-0.67995,9.49062,-0.28711,-0.24435,-1.58947,31.2520888,75.7020758,0.960,123.60
863.202,0.53151,1.20189,8.24563,0.45571,-0.23946,-1.34635,31.2520888,75.7020758,0.960,123.60
863.307,0.60334,0.82361,8.54251,-0.44593,-0.71349,0.10873,31.2520888,75.7020758,0.960,123.60
863.413,2.59531,0.49799,9.40921,-0.18937,-0.09163,0.23335,31.2520888,75.7020758,0.960,123.60
863.517,0.26336,1.05345,12.32535,-0.69272,0.62553,0.35186,31.2520888,75.7020758,0.960,123.60
863.619,-0.33040,1.37427,8.59997,0.24801,0.74770,0.92974,31.2520888,75.7020758,0.960,123.60
863.725,0.93853,0.51715,9.18895,0.25290,0.27245,0.87965,31.2520888,75.7020758,0.960,123.60
863.829,1.42216,2.06859,7.74764,0.13561,0.39095,0.85888,31.2520888,75.7020758,0.960,123.60
863.932,3.38540,1.81002,9.11712,0.13317,-0.07697,0.53145,31.2520796,75.7020824,1.050,150.00
864.034,5.12838,1.28329,10.72124,-0.07697,-0.61820,-0.07819,31.2520796,75.7020824,1.050,150.00
864.137,5.83706,-1.40300,12.85686,-0.46059,-0.50091,-0.75992,31.2520796,75.7020824,1.050,150.00
864.241,1.98240,-1.00078,10.09874,0.07330,-0.24801,-1.78861,31.2520796,75.7020824,1.050,150.00
864.345,-0.03352,-0.22505,9.25119,0.37385,-0.85399,-1.84115,31.2520796,75.7020824,1.050,150.00
864.449,-0.18675,1.47483,7.47470,-0.07697,-0.73426,-0.60109,31.2520796,75.7020824,1.050,150.00
864.552,0.65601,2.13084,8.87291,0.19181,0.38362,0.33598,31.2520796,75.7020824,1.050,150.00
864.656,-0.17238,1.22104,11.53526,-0.88209,1.73730,1.43798,31.2520796,75.7020824,1.050,150.00
864.765,-0.20111,1.38385,9.35654,0.11362,0.89431,0.72937,31.2520796,75.7020824,1.050,150.00
864.871,0.67038,0.90501,8.20732,-0.16005,0.59987,1.45386,31.2520796,75.7020824,1.050,150.00
864.974,2.37984,1.44610,7.85777,0.07697,0.34453,1.30725,31.2520698,75.7020865,1.120,157.60
865.077,4.17070,1.83875,9.45231,-0.25045,-0.38118,0.44593,31.2520698,75.7020865,1.120,157.60
865.181,5.30076,1.11091,13.31655,-0.70983,-0.28833,-0.48258,31.2520698,75.7020865,1.120,157.60
865.283,3.26090,-2.54264,12.26310,0.79168,-1.06046,-2.13558,31.2520698,75.7020865,1.120,157.60
865.391,1.44610,-0.84755,8.72447,0.53512,-0.60964,-1.91323,31.2520698,75.7020865,1.120,157.60
865.495,1.30723,-1.00078,7.39329,-0.07208,-0.97983,-1.83260,31.2520698,75.7020865,1.120,157.60
865.599,-0.06704,1.61369,6.84742,-0.11118,-0.06475,-1.13132,31.2520698,75.7020865,1.120,157.60
865.703,0.06225,2.66714,11.37725,-0.14050,0.61453,0.43494,31.2520698,75.7020865,1.120,157.60
865.806,0.80924,0.58419,14.15452,-1.06901,0.62675,1.25350,31.2520698,75.7020865,1.120,157.60
865.910,0.22027,1.91057,9.02614,0.94928,0.51801,0.30788,31.2520698,75.7020865,1.120,157.60
866.013,0.72305,1.12049,6.69898,-0.06964,-0.10996,1.20585,31.2520595,75.7020923,1.190,159.00
866.117,4.24253,2.25534,6.24408,0.32376,0.30177,0.79046,31.2520595,75.7020923,1.190,159.00
866.220,4.29041,2.02071,10.99896,-0.21869,0.18570,-0.43494,31.2520595,75.7020923,1.190,159.00
866.324,3.10289,2.95444,12.42591,-0.24801,-0.32132,-0.63897,31.2520595,75.7020923,1.190,159.00
866.429,2.40378,-0.29688,10.79785,0.00733,-1.41354,-1.37689,31.2520595,75.7020923,1.190,159.00
866.533,2.06380,0.50757,6.81390,0.15149,-0.63163,-1.16675,31.2520595,75.7020923,1.190,159.00
866.639,1.73340,1.33118,6.98149,-0.47159,-0.37141,-1.03236,31.2520595,75.7020923,1.190,159.00
866.743,2.20267,2.27449,10.38126,-0.43860,0.01588,-0.36285,31.2520595,75.7020923,1.190,159.00
866.848,1.99676,2.26491,11.44907,0.33475,0.36408,0.18326,31.2520595,75.7020923,1.190,159.00
866.950,0.86191,0.37828,12.18170,0.06109,0.00977,0.58887,31.2520486,75.7020979,1.150,161.10
867.052,0.08140,1.70467,7.82904,0.37751,0.70738,0.53512,31.2520486,75.7020979,1.150,161.10
867.154,0.85234,1.87705,6.75644,0.01588,0.43982,0.91385,31.2520486,75.7020979,1.150,161.10
867.258,2.89698,2.23618,8.14029,-0.38729,0.11973,0.97372,31.2520486,75.7020979,1.150,161.10
867.362,4.05578,2.60968,10.02213,-0.07697,-0.05376,0.10385,31.2520486,75.7020979,1.150,161.10
867.467,4.07014,-0.23463,14.36042,-0.59620,-0.13561,0.10996,31.2520486,75.7020979,1.150,161.10
867.570,2.98796,0.57940,8.48505,0.48869,-0.21502,-0.95661,31.2520486,75.7020979,1.150,161.10
867.675,1.88184,0.24900,7.97748,-0.49602,-0.53145,-0.88575,31.2520486,75.7020979,1.150,161.10
867.778,0.97205,2.17394,6.99586,0.11484,0.10996,-0.73793,31.2520486,75.7020979,1.150,161.10
867.885,1.79565,1.69031,10.15620,0.39095,0.02321,0.22846,31.2520486,75.7020979,1.150,161.10
867.988,2.44687,2.10690,11.40119,-0.24557,0.44349,0.79168,31.2520391,75.7021020,1.120,160.80
868.091,1.03908,0.52672,11.54005,-0.08430,-0.20647,-0.17959,31.2520391,75.7021020,1.120,160.80
868.193,-1.06303,2.11169,6.67982,0.55467,0.58154,0.41661,31.2520391,75.7021020,1.120,160.80
868.299,1.24020,1.75734,7.03895,-0.08430,0.00244,1.24494,31.2520391,75.7021020,1.120,160.80
868.403,3.63919,2.81079,8.40844,0.01222,0.20036,0.74281,31.2520391,75.7021020,1.120,160.80
868.507,5.24330,2.52828,11.55442,-0.39095,-0.05864,-0.27122,31.2520391,75.7021020,1.120,160.80
868.611,3.73495,-0.63686,11.34373,0.43982,-0.63286,-1.31580,31.2520391,75.7021020,1.120,160.80
868.716,2.51870,-0.23942,8.83460,0.05376,-0.38973,-1.05435,31.2520391,75.7021020,1.120,160.80
868.821,0.73263,0.35434,6.43083,0.10385,-0.44227,-1.31214,31.2520391,75.7021020,1.120,160.80
868.924,0.74220,1.67594,9.60075,-0.04887,-0.13561,-0.35797,31.2520391,75.7021020,1.120,160.80
869.027,1.58017,2.50912,11.00375,0.10140,-0.10751,0.42516,31.2520286,75.7021053,1.150,163.30
869.130,1.60890,-0.08140,13.66610,-0.81123,0.10263,0.66340,31.2520286,75.7021053,1.150,163.30
869.236,-0.01437,2.42772,8.48984,0.83811,0.92118,0.18204,31.2520286,75.7021053,1.150,163.30
869.342,1.64721,1.56102,6.83784,-0.07330,-0.02566,0.89309,31.2520286,75.7021053,1.150,163.30
869.446,3.31836,2.92093,7.97748,0.14661,0.01100,0.37751,31.2520286,75.7021053,1.150,163.30
869.551,4.86023,2.44209,11.78426,-0.34086,-0.49358,-0.49358,31.2520286,75.7021053,1.150,163.30
869.655,4.57771,-0.80924,14.55196,0.18570,-0.52657,-1.03725,31.2520286,75.7021053,1.150,163.30
869.761,2.91614,-0.20111,8.59997,0.46914,-0.43982,-1.13743,31.2520286,75.7021053,1.150,163.30
869.865,1.11091,1.32160,6.30633,-0.30299,-0.43738,-1.27182,31.2520286,75.7021053,1.150,163.30
869.970,0.65122,2.42293,9.66779,-0.04520,-0.09529,-0.48991,31.2520178,75.7021082,1.240,165.90
870.073,1.51314,2.30801,11.19529,0.08186,-0.07086,0.45204,31.2520178,75.7021082,1.240,165.90
870.177,1.37906,1.42694,11.80820,-0.50091,0.16005,0.76480,31.2520178,75.7021082,1.240,165.90
870.282,0.49799,1.97761,7.92960,0.32376,0.89675,0.23824,31.2520178,75.7021082,1.240,165.90
870.386,1.60412,2.05901,6.77559,0.26389,0.70372,0.28344,31.2520178,75.7021082,1.240,165.90
870.490,2.90656,4.42927,7.37893,0.05498,-0.01710,0.45693,31.2520178,75.7021082,1.240,165.90
870.595,4.40054,3.69186,13.42190,-0.54611,-0.57177,-0.02932,31.2520178,75.7021082,1.240,165.90
870.699,3.41413,0.80924,12.43548,-0.08430,-0.65973,-0.25534,31.2520178,75.7021082,1.240,165.90
870.803,3.89297,0.88107,6.79953,0.09407,-0.29810,-0.76114,31.2520178,75.7021082,1.240,165.90
870.909,2.36068,0.21069,6.54096,-0.39951,-0.23946,-1.09345,31.2520178,75.7021082,1.240,165.90
871.011,1.65200,1.75734,9.00220,0.09529,0.46670,-0.57788,31.2520054,75.7021097,1.140,171.50
871.115,2.67193,1.31202,11.52090,-1.14965,-0.88453,0.35675,31.2520054,75.7021097,1.140,171.50
871.222,2.78685,0.86670,12.74673,-0.10018,0.79168,0.80512,31.2520054,75.7021097,1.140,171.50
871.328,0.28730,1.62806,8.97826,1.04824,0.19914,-0.44838,31.2520054,75.7021097,1.140,171.50
871.431,0.97683,1.63763,4.41491,-0.04765,0.09407,1.02381,31.2520054,75.7021097,1.140,171.50
871.535,2.96881,1.53229,6.85699,-0.49847,0.66829,1.30114,31.2520054,75.7021097,1.140,171.50
871.639,3.80678,2.03028,10.67814,-0.53267,-0.53756,0.67440,31.2520054,75.7021097,1.140,171.50
871.743,4.81235,2.74854,13.16811,-0.45571,0.75992,0.49236,31.2520054,75.7021097,1.140,171.50
871.850,5.97593,-1.33118,11.87045,0.67195,-0.34575,-1.27182,31.2520054,75.7021097,1.140,171.50
871.955,2.29365,0.01915,6.22971,1.05924,-0.52290,-1.55771,31.2519935,75.7021108,1.250,171.30
872.058,0.34477,1.02951,7.38372,0.04520,-1.13865,-1.05435,31.2519935,75.7021108,1.250,171.30
872.160,-1.05824,1.85311,9.75877,-0.10873,-0.42638,0.42761,31.2519935,75.7021108,1.250,171.30
872.266,1.27850,4.44364,9.46667,-0.11606,0.93340,0.96028,31.2519935,75.7021108,1.250,171.30
872.371,-3.08852,3.02627,13.96298,0.84666,1.89979,1.14232,31.2519935,75.7021108,1.250,171.30
872.476,0.64643,0.85712,5.52103,0.77336,0.25290,1.59925,31.2519935,75.7021108,1.250,171.30
872.579,3.50032,1.24498,4.43406,0.22235,0.82955,1.54305,31.2519935,75.7021108,1.250,171.30
872.683,5.31034,2.19309,10.78348,-0.66218,-0.17471,0.80146,31.2519935,75.7021108,1.250,171.30
872.787,6.51702,3.06458,12.31099,-1.13621,-0.57544,0.08430,31.2519935,75.7021108,1.250,171.30
872.893,3.03585,-1.21625,11.67413,0.45693,-0.70372,-2.22721,31.2519935,75.7021108,1.250,171.30
872.996,-0.17238,0.89543,7.41245,-0.03543,-0.78557,-2.25043,31.2519812,75.7021118,1.180,172.10
873.099,-1.77650,3.73974,7.44118,0.34453,-0.32376,-1.24372,31.2519812,75.7021118,1.180,172.10
873.202,-0.13886,2.71024,10.94629,0.07086,0.26634,0.35552,31.2519812,75.7021118,1.180,172.10
873.306,0.71826,1.84832,11.65976,-0.70005,0.86621,1.35123,31.2519812,75.7021118,1.180,172.10
873.409,1.87227,1.57060,9.81623,-0.70983,0.05376,-0.09407,31.2519812,75.7021118,1.180,172.10
873.514,0.06225,2.20745,6.12437,0.25779,0.40317,0.58399,31.2519812,75.7021118,1.180,172.10
873.619,1.99198,2.12126,7.03416,0.22602,0.22235,0.97616,31.2519812,75.7021118,1.180,172.10
873.722,2.16436,2.53307,10.37168,-0.35430,-0.34086,0.57544,31.2519812,75.7021118,1.180,172.10
873.825,3.72538,3.54821,11.89439,0.50580,-0.37018,-0.19670,31.2519812,75.7021118,1.180,172.10
873.928,4.74531,0.11971,11.17134,-0.10018,-0.83566,-0.91385,31.2519704,75.7021126,1.180,173.20
874.032,2.86825,-0.09098,9.21768,-0.29566,0.27000,-1.19607,31.2519704,75.7021126,1.180,173.20
874.136,0.75657,1.04866,8.43717,0.23213,-0.75381,-1.53938,31.2519704,75.7021126,1.180,173.20
874.243,0.37828,1.84354,8.46590,0.04032,-0.64385,-0.51313,31.2519704,75.7021126,1.180,173.20
874.348,0.79009,3.17471,9.34696,0.21014,0.07941,0.03176,31.2519704,75.7021126,1.180,173.20
874.451,0.39265,-0.39744,15.68202,-0.90652,0.36652,0.86743,31.2519704,75.7021126,1.180,173.20
874.557,-1.55623,2.92571,6.81390,0.93096,1.02503,0.68539,31.2519704,75.7021126,1.180,173.20
874.662,1.53708,1.92973,6.44519,-0.05376,0.32254,1.48929,31.2519704,75.7021126,1.180,173.20
874.766,2.58574,2.92093,8.26478,-0.03176,0.57299,1.09834,31.2519704,75.7021126,1.180,173.20
874.870,4.49152,2.32716,12.00453,0.09163,-0.46670,0.03176,31.2519704,75.7021126,1.180,173.20
874.974,5.16669,-0.44053,14.02523,-0.05620,-0.87720,-0.91508,31.2519598,75.7021125,1.160,174.60
875.075,3.03106,0.75657,7.58483,0.06231,-0.24679,-1.28160,31.2519598,75.7021125,1.160,174.60
875.180,0.45969,0.79009,7.55131,0.01833,-0.82589,-1.42087,31.2519598,75.7021125,1.160,174.60
875.286,0.50757,2.67193,7.65666,0.30055,-0.63163,-0.50091,31.2519598,75.7021125,1.160,174.60
875.389,1.32639,2.58095,10.86010,0.30299,0.21502,0.36163,31.2519598,75.7021125,1.160,174.60
875.494,0.74220,2.92093,10.63504,0.04765,0.96028,1.08123,31.2519598,75.7021125,1.160,174.60
875.599,0.48842,2.57137,8.77714,0.39095,0.44593,0.52290,31.2519598,75.7021125,1.160,174.60
875.704,1.24977,1.75256,6.57448,0.04398,0.54734,1.27915,31.2519598,75.7021125,1.160,174.60
875.808,3.04064,2.70545,6.55054,0.21747,0.60231,1.12033,31.2519598,75.7021125,1.160,174.60
875.911,5.03261,2.82995,8.85855,-0.52901,-0.17959,0.64507,31.2519598,75.7021125,1.160,174.60
876.014,6.81869,2.51870,12.28704,-1.27426,-0.11362,-0.04398,31.2519497,75.7021124,1.130,175.90
876.117,3.63919,-0.16281,10.14663,0.58521,-0.71960,-1.91323,31.2519497,75.7021124,1.130,175.90
876.223,1.92015,0.06225,8.76278,-0.10507,-0.41783,-2.01586,31.2519497,75.7021124,1.130,175.90
876.328,-0.04788,1.75734,7.72848,0.08063,-0.54245,-1.37078,31.2519497,75.7021124,1.130,175.90
876.432,1.93930,1.76213,8.13550,-0.43860,-0.76236,-0.06842,31.2519497,75.7021124,1.130,175.90
876.536,2.33674,2.12605,10.57758,-0.11973,-0.02932,0.41905,31.2519497,75.7021124,1.130,175.90
876.639,0.43096,0.97205,13.96777,-0.21258,0.56444,-0.04154,31.2519497,75.7021124,1.130,175.90
876.744,0.25857,1.86748,6.62715,0.48258,0.77946,0.48014,31.2519497,75.7021124,1.130,175.90
876.847,2.49955,1.05345,6.56011,0.23457,1.02381,1.13987,31.2519497,75.7021124,1.130,175.90
876.952,3.44765,2.40857,9.20331,-0.45204,-0.07941,0.77702,31.2519374,75.7021119,1.240,176.90
877.054,2.93529,3.73974,11.77947,0.41661,0.20892,-0.27855,31.2519374,75.7021119,1.240,176.90
877.157,4.15155,0.16759,14.70040,-0.30543,-0.49602,0.05131,31.2519374,75.7021119,1.240,176.90
877.261,3.68707,0.93853,8.14507,0.60842,-0.20769,-0.86010,31.2519374,75.7021119,1.240,176.90
877.365,1.90100,1.06781,6.51702,-0.28711,-0.65485,-0.91874,31.2519374,75.7021119,1.240,176.90
877.470,0.95289,2.15957,8.61434,0.19670,-0.09652,-0.84544,31.2519374,75.7021119,1.240,176.90
877.576,1.21147,2.07817,10.91756,0.24679,-0.20036,0.10751,31.2519374,75.7021119,1.240,176.90
877.680,1.44610,1.15879,12.28704,-0.97983,0.59376,1.12888,31.2519374,75.7021119,1.240,176.90
877.785,-0.11013,2.45645,9.18416,0.32254,0.61697,-0.11606,31.2519374,75.7021119,1.240,176.90
877.890,0.75178,1.86269,6.77080,-0.21258,0.22724,0.91630,31.2519374,75.7021119,1.240,176.90
877.995,2.71981,2.30322,6.84742,-0.02321,0.37751,1.04702,31.2519254,75.7021104,1.230,179.30
878.097,4.27604,2.86347,11.53048,-0.12217,-0.12950,-0.18570,31.2519254,75.7021104,1.230,179.30
878.202,4.75010,2.82516,11.93270,-0.68783,-0.47647,-0.17226,31.2519254,75.7021104,1.230,179.30
878.306,4.85544,0.99120,9.89763,0.25779,-0.51557,-0.80634,31.2519254,75.7021104,1.230,179.30
878.410,2.75812,0.04788,8.13071,-0.07208,-0.48991,-1.00304,31.2519254,75.7021104,1.230,179.30
878.514,1.12049,1.21625,8.24084,0.05986,-0.56322,-1.28770,31.2519254,75.7021104,1.230,179.30
878.618,1.14922,1.92973,9.35175,-0.01833,-0.17715,-0.11729,31.2519254,75.7021104,1.230,179.30
878.721,1.71904,1.63763,11.07558,-0.56322,0.73426,0.89064,31.2519254,75.7021104,1.230,179.30
878.825,0.49321,1.81480,11.07079,0.20525,0.25656,-0.12217,31.2519254,75.7021104,1.230,179.30
878.930,-0.00479,1.80044,7.22570,0.12950,0.13683,1.00060,31.2519145,75.7021090,1.230,179.20
879.031,2.61447,0.96247,6.45477,0.47647,0.42028,1.42576,31.2519145,75.7021090,1.230,179.20
879.136,4.19943,1.43173,8.69095,-0.15394,0.03299,0.98838,31.2519145,75.7021090,1.230,179.20
879.241,5.22894,3.22738,8.82024,0.12462,-0.17471,-0.14661,31.2519145,75.7021090,1.230,179.20
879.346,6.71813,-0.18675,13.41232,-0.91630,-0.41050,-0.33353,31.2519145,75.7021090,1.230,179.20
879.450,5.88974,-1.20189,9.73482,-0.19914,0.02321,-1.48562,31.2519145,75.7021090,1.230,179.20
879.554,1.44610,-0.56024,8.48026,0.41905,-0.37629,-2.31640,31.2519145,75.7021090,1.230,179.20
879.657,0.04788,1.55623,7.79073,0.39095,-0.72937,-0.99815,31.2519145,75.7021090,1.230,179.20
879.762,1.37906,1.70946,8.97347,0.22969,-0.30543,0.41172,31.2519145,75.7021090,1.230,179.20
879.866,1.74777,1.69988,10.36689,-0.79779,0.59987,0.95906,31.2519145,75.7021090,1.230,179.20
879.971,-0.19632,2.44687,9.94073,0.03665,1.09345,0.66951,31.2519041,75.7021078,1.190,180.90
880.075,1.68552,1.08218,7.63272,0.17226,0.34697,1.49906,31.2519041,75.7021078,1.190,180.90
880.179,3.16992,1.86748,7.69975,0.61209,0.32009,1.57115,31.2519041,75.7021078,1.190,180.90
880.283,6.45477,2.17872,10.92235,-0.10018,-0.53145,0.67928,31.2519041,75.7021078,1.190,180.90
880.387,6.56969,0.28730,11.89439,-0.70616,-0.09163,0.27855,31.2519041,75.7021078,1.190,180.90
880.492,5.15232,-0.00958,8.09240,0.34697,-0.34453,-1.34879,31.2519041,75.7021078,1.190,180.90
880.594,2.12605,-0.13408,7.68539,-0.17715,-0.24312,-1.59069,31.2519041,75.7021078,1.190,180.90
880.698,0.23942,2.70066,7.30710,0.60231,0.06475,-1.29015,31.2519041,75.7021078,1.190,180.90
880.807,0.90980,3.78284,10.96544,-0.19426,0.33720,0.35430,31.2519041,75.7021078,1.190,180.90
880.911,1.81002,3.98395,10.94150,0.32132,0.65973,0.83566,31.2518932,75.7021074,1.150,179.70
881.014,1.41737,2.19788,10.31901,0.03910,0.20769,0.80023,31.2518932,75.7021074,1.150,179.70
881.117,1.08697,2.13563,8.02536,0.27733,0.74770,0.68295,31.2518932,75.7021074,1.150,179.70
881.222,1.03908,3.04542,5.94720,1.01526,0.80268,0.74281,31.2518932,75.7021074,1.150,179.70
881.326,3.09810,4.53462,7.29274,-0.68050,0.03421,0.80023,31.2518932,75.7021074,1.150,179.70
881.431,5.40132,5.30555,11.69328,-0.27000,-0.25168,-0.10140,31.2518932,75.7021074,1.150,179.70
881.538,4.74052,0.85234,14.06354,1.10200,-0.06109,-0.97738,31.2518932,75.7021074,1.150,179.70
881.641,2.30801,2.52349,6.63194,-0.28466,-1.04824,-1.44286,31.2518932,75.7021074,1.150,179.70
881.745,1.57538,1.05345,7.48427,-1.57359,-1.16309,-1.03481,31.2518932,75.7021074,1.150,179.70
881.850,0.22984,1.59454,7.86735,-0.08430,0.54978,-0.11851,31.2518932,75.7021074,1.150,179.70
881.953,0.43574,2.42293,10.65420,-0.25045,-0.29077,0.17226,31.2518831,75.7021073,1.190,178.30
882.056,0.59376,2.08296,12.98136,-1.13865,1.22295,0.92974,31.2518831,75.7021073,1.190,178.30
882.160,0.06704,1.90100,10.07480,0.43982,-0.15149,-0.06964,31.2518831,75.7021073,1.190,178.30
882.265,1.18752,1.49877,5.39653,-0.16005,0.00000,1.00548,31.2518831,75.7021073,1.190,178.30
882.368,2.54743,1.92494,8.26957,-0.06964,0.57177,1.12644,31.2518831,75.7021073,1.190,178.30
882.472,3.59130,2.76770,11.26711,-0.20525,-0.13561,0.02321,31.2518831,75.7021073,1.190,178.30
882.575,4.09408,2.22661,13.47936,-0.87720,0.28466,0.27122,31.2518831,75.7021073,1.190,178.30
882.680,3.21781,-1.34554,9.54329,0.58765,-1.03114,-1.75441,31.2518831,75.7021073,1.190,178.30
882.783,1.70467,0.61770,7.37893,0.70616,0.35552,-1.18141,31.2518831,75.7021073,1.190,178.30
882.888,1.29287,0.91459,8.44196,0.00733,-0.84910,-1.10322,31.2518831,75.7021073,1.190,178.30
882.992,0.08619,1.79565,8.54251,-0.23946,0.11729,-0.41661,31.2518729,75.7021067,1.160,178.30
883.093,-0.06225,2.34153,10.36211,0.10873,0.37018,0.07575,31.2518729,75.7021067,1.160,178.30
883.197,-0.47884,0.85712,13.80976,-0.56566,0.58887,0.89064,31.2518729,75.7021067,1.160,178.30
883.302,-0.18675,1.84354,7.00543,0.17715,0.57055,1.08856,31.2518729,75.7021067,1.160,178.30
883.407,0.95289,1.10612,7.98706,-0.21502,0.37018,1.20829,31.2518729,75.7021067,1.160,178.30
883.511,2.50433,1.89621,9.33260,0.02077,0.08552,0.93462,31.2518729,75.7021067,1.160,178.30
883.615,3.49075,2.77249,10.77391,0.29199,-0.36041,0.03421,31.2518729,75.7021067,1.160,178.30
883.718,4.09887,3.12204,10.23761,-0.71471,0.16860,0.14294,31.2518729,75.7021067,1.160,178.30
883.822,4.16112,-1.73819,11.94228,0.01100,-1.17408,-1.33535,31.2518729,75.7021067,1.160,178.30
883.925,1.70946,-1.47483,7.68060,0.34819,-0.40317,-1.77517,31.2518628,75.7021066,1.120,176.00
884.028,-0.71826,1.20668,7.38851,0.43249,-0.51191,-1.65422,31.2518628,75.7021066,1.120,176.00
884.132,-0.89543,2.76770,8.25521,-0.22602,0.15516,0.07697,31.2518628,75.7021066,1.120,176.00
884.236,-0.00958,2.11647,11.32936,-0.56200,0.69028,1.10444,31.2518628,75.7021066,1.120,176.00
884.341,-0.58419,1.26414,14.20719,0.24557,0.09407,0.28466,31.2518628,75.7021066,1.120,176.00
884.445,-0.33519,2.12126,5.46357,0.51801,0.68050,1.17775,31.2518628,75.7021066,1.120,176.00
884.547,1.69031,1.12527,6.78038,0.08430,0.22969,1.36345,31.2518628,75.7021066,1.120,176.00
884.653,3.62003,2.79164,8.60476,-0.32620,-0.07941,1.16309,31.2518628,75.7021066,1.120,176.00
884.758,5.11880,4.42927,12.34929,0.05742,-0.37385,-0.47403,31.2518628,75.7021066,1.120,176.00
884.863,4.85544,-0.24900,13.70441,-0.23579,-0.88209,-0.66462,31.2518628,75.7021066,1.120,176.00
884.967,2.14999,0.68953,7.68060,0.76847,0.20647,-0.92363,31.2518525,75.7021072,1.130,172.80
885.072,1.05345,0.82839,6.72292,-0.63530,-0.97983,-0.83566,31.2518525,75.7021072,1.130,172.80
885.177,0.51715,2.54264,7.49864,-0.32009,-0.08186,-0.44227,31.2518525,75.7021072,1.130,172.80
885.282,1.35512,2.41814,11.42992,-0.25290,0.20647,0.53512,31.2518525,75.7021072,1.130,172.80
885.387,2.49955,-0.21548,14.03002,-1.22906,0.53512,1.39399,31.2518525,75.7021072,1.130,172.80
885.491,0.14365,2.16915,9.07402,0.63163,0.74281,-0.15638,31.2518525,75.7021072,1.130,172.80
885.595,0.37350,1.61369,6.66546,-0.19914,0.23091,1.15087,31.2518525,75.7021072,1.130,172.80
885.699,2.94966,1.69509,7.52737,0.17593,0.38485,1.08123,31.2518525,75.7021072,1.130,172.80
885.803,3.68707,1.91057,10.61589,-0.21747,-0.08919,0.24312,31.2518525,75.7021072,1.130,172.80
885.907,4.51068,1.45567,11.56878,-0.56077,-0.31276,-0.30299,31.2518424,75.7021078,1.130,171.70
886.008,4.20901,0.54588,9.54808,0.48503,-0.39828,-1.28770,31.2518424,75.7021078,1.130,171.70
886.112,3.05021,-0.49799,10.20888,-0.26389,-0.30910,-1.00304,31.2518424,75.7021078,1.130,171.70
886.217,1.51314,1.10133,7.17303,0.64752,-0.54978,-1.43309,31.2518424,75.7021078,1.130,171.70
886.320,1.10133,2.32716,8.97826,0.35919,-0.29077,-0.60720,31.2518424,75.7021078,1.130,171.70
886.423,1.37427,2.22661,9.94551,0.01100,-0.05009,0.35552,31.2518424,75.7021078,1.130,171.70
886.526,1.47962,1.05345,11.21923,-0.50824,-0.04032,0.38240,31.2518424,75.7021078,1.130,171.70
886.629,0.45490,2.26491,7.24007,-0.03787,0.93829,0.49358,31.2518424,75.7021078,1.130,171.70
886.733,2.07817,1.50835,8.12113,-0.12462,0.43494,0.91996,31.2518424,75.7021078,1.130,171.70
886.836,3.11246,2.42772,9.28471,0.02443,0.20647,0.76725,31.2518424,75.7021078,1.130,171.70
886.941,4.02705,2.42293,11.41077,0.16249,-0.09163,-0.03543,31.2518319,75.7021079,1.190,175.50
887.042,5.27682,1.13964,11.11867,-0.66096,0.05253,0.06964,31.2518319,75.7021079,1.190,175.50
887.145,3.76847,0.45011,9.62948,0.47159,-0.37141,-1.45630,31.2518319,75.7021079,1.190,175.50
887.250,2.00634,0.49799,8.26478,-0.18570,-0.80268,-1.11177,31.2518319,75.7021079,1.190,175.50
887.353,1.11091,2.02549,7.35978,0.33598,-0.31276,-0.85277,31.2518319,75.7021079,1.190,175.50
887.458,1.35033,2.26970,10.52012,0.09652,-0.12584,-0.01222,31.2518319,75.7021079,1.190,175.50
887.561,1.76213,3.01191,9.34218,0.05009,0.37018,0.60353,31.2518319,75.7021079,1.190,175.50
887.666,1.74777,1.29766,10.67335,-0.27000,0.03787,0.61942,31.2518319,75.7021079,1.190,175.50
887.768,0.69911,1.88663,7.91523,0.21869,0.58521,0.62430,31.2518319,75.7021079,1.190,175.50
887.871,2.36068,2.14520,6.62715,0.05620,0.43005,1.02625,31.2518319,75.7021079,1.190,175.50
887.976,4.16591,2.88741,9.59596,-0.12584,0.16249,0.55955,31.2518211,75.7021069,1.160,181.40
888.079,4.34308,3.06937,11.90397,0.14416,-0.19181,-0.30910,31.2518211,75.7021069,1.160,181.40
888.183,4.71179,1.33118,11.42992,-0.38240,-0.60353,-0.30788,31.2518211,75.7021069,1.160,181.40
888.287,4.67348,1.02951,7.99663,0.20525,-0.01222,-0.88209,31.2518211,75.7021069,1.160,181.40
888.392,1.69509,0.82361,7.03416,0.16860,-0.38118,-1.25350,31.2518211,75.7021069,1.160,181.40
888.495,1.46046,2.10211,8.06846,-0.12828,-0.20892,-0.65240,31.2518211,75.7021069,1.160,181.40
888.601,1.92015,2.29843,10.45787,0.09652,0.29444,0.17715,31.2518211,75.7021069,1.160,181.40
888.704,2.00634,3.23217,10.13226,-0.36652,0.75869,0.81489,31.2518211,75.7021069,1.160,181.40
888.807,1.25935,1.22583,10.44830,-0.39462,-0.04643,0.21625,31.2518211,75.7021069,1.160,181.40
888.910,0.28252,1.46525,8.00142,0.04398,0.24557,0.51313,31.2518102,75.7021060,1.220,181.50
889.012,1.99676,2.17394,7.09163,0.17104,0.19914,0.69272,31.2518102,75.7021060,1.220,181.50
889.114,3.16513,2.12605,9.15064,-0.52290,-0.05253,0.44715,31.2518102,75.7021060,1.220,181.50
889.219,3.64876,2.64320,11.49696,-0.23579,0.12828,-0.18326,31.2518102,75.7021060,1.220,181.50
889.322,3.50990,-1.12049,13.20163,-0.33109,-0.04276,-0.33231,31.2518102,75.7021060,1.220,181.50
889.426,3.04064,-0.11013,8.50899,0.51435,0.25412,-0.91996,31.2518102,75.7021060,1.220,181.50
889.530,1.24977,0.03831,6.59842,0.39095,-0.08186,-1.43553,31.2518102,75.7021060,1.220,181.50
889.633,-0.50278,0.87149,9.91199,0.27122,-0.12462,-0.73793,31.2518102,75.7021060,1.220,181.50
889.737,-0.45969,1.63285,9.79707,0.30177,-0.26634,0.28466,31.2518102,75.7021060,1.220,181.50
889.841,-0.18196,2.70545,9.53371,-0.44227,0.71593,1.13010,31.2518102,75.7021060,1.220,181.50
889.945,-0.03352,0.85234,11.56399,-0.40439,0.16738,0.73059,31.2517989,75.7021050,1.190,182.30
890.047,-0.69432,1.47483,7.86735,0.46792,0.73182,0.91263,31.2517989,75.7021050,1.190,182.30
890.152,0.96726,1.52271,7.69496,0.07208,0.24923,1.41232,31.2517989,75.7021050,1.190,182.30
890.256,2.99275,2.12605,9.93594,0.00611,-0.16371,0.60598,31.2517989,75.7021050,1.190,182.30
890.360,3.92649,2.78206,11.12825,-0.75259,-0.52046,0.01710,31.2517989,75.7021050,1.190,182.30
890.464,4.70221,-1.27850,13.47936,0.34208,-1.30725,-1.51006,31.2517989,75.7021050,1.190,182.30
890.570,3.23217,-0.70390,9.12191,1.02503,-0.12584,-1.98653,31.2517989,75.7021050,1.190,182.30
890.675,0.82361,0.12929,7.66623,0.62553,-0.65729,-1.93400,31.2517989,75.7021050,1.190,182.30
890.778,-1.95367,2.82995,7.67581,0.54978,-0.10996,-0.63163,31.2517989,75.7021050,1.190,182.30
890.882,-0.75657,3.13640,9.20331,-0.53756,-0.31032,0.74892,31.2517989,75.7021050,1.190,182.30
890.985,-0.12450,2.76291,11.54005,-1.36101,1.64934,1.68477,31.2517879,75.7021021,1.200,186.00
891.091,-0.62728,2.13563,11.18092,0.53634,0.71227,0.72204,31.2517879,75.7021021,1.200,186.00
891.195,1.57060,1.47962,6.56969,-0.00733,0.09896,1.31825,31.2517879,75.7021021,1.200,186.00
891.299,2.99275,2.35589,6.70855,-0.07941,0.34453,0.98471,31.2517879,75.7021021,1.200,186.00
891.404,3.97437,2.54264,9.50498,-0.76480,-0.10873,0.43616,31.2517879,75.7021021,1.200,186.00
891.508,5.99987,3.13162,12.17691,-0.45082,-0.64752,-0.33109,31.2517879,75.7021021,1.200,186.00
891.611,4.54898,-2.17872,12.66533,0.07208,-1.24250,-2.14292,31.2517879,75.7021021,1.200,186.00
891.716,0.73741,-0.21548,7.89129,0.15272,-1.09223,-2.43247,31.2517879,75.7021021,1.200,186.00
891.821,-0.12450,1.68073,7.33105,0.06597,-0.65851,-1.26205,31.2517879,75.7021021,1.200,186.00
891.926,0.02394,2.60489,7.75721,-0.05986,-0.31276,-0.28711,31.2517785,75.7020974,1.160,192.10
892.028,0.54109,3.05021,9.99819,-0.15394,0.34453,0.72326,31.2517785,75.7020974,1.160,192.10
892.129,1.15879,0.44532,13.36443,-1.26571,0.86010,1.34390,31.2517785,75.7020974,1.160,192.10
892.231,-0.28252,2.09253,9.72525,0.53634,0.98227,0.97494,31.2517785,75.7020974,1.160,192.10
892.333,1.29287,0.61770,8.04452,0.10996,0.20281,1.76907,31.2517785,75.7020974,1.160,192.10
892.435,3.00233,1.76213,7.31189,0.35064,0.30910,1.36345,31.2517785,75.7020974,1.160,192.10
892.539,5.57849,1.42694,10.99417,-0.23824,-0.22969,0.53390,31.2517785,75.7020974,1.160,192.10
892.643,6.66067,-1.00078,14.21198,-1.13499,0.06964,0.32620,31.2517785,75.7020974,1.160,192.10
892.747,3.42371,-0.51715,8.62870,1.08245,0.22969,-2.06106,31.2517785,75.7020974,1.160,192.10
892.851,0.18675,0.30646,7.53216,0.15516,-0.45448,-2.04518,31.2517785,75.7020974,1.160,192.10
892.955,-0.28730,2.31280,6.85699,0.21136,-0.12462,-1.30603,31.2517688,75.7020938,1.090,193.10
893.059,-0.21069,2.32238,11.39161,-0.03054,0.27367,0.09163,31.2517688,75.7020938,1.090,193.10
893.162,-0.30646,2.13084,11.14740,-1.03236,0.71593,1.04947,31.2517688,75.7020938,1.090,193.10
893.268,-1.04866,0.80924,10.94629,-0.14905,-0.37507,0.21014,31.2517688,75.7020938,1.090,193.10
893.372,-1.78607,1.75256,6.83305,0.18937,0.61209,1.44286,31.2517688,75.7020938,1.090,193.10
893.477,1.50835,1.27372,7.04853,0.21014,0.20281,1.63468,31.2517688,75.7020938,1.090,193.10
893.582,3.32315,1.26893,9.31344,-0.33109,-0.10996,1.23639,31.2517688,75.7020938,1.090,193.10
893.687,4.31435,1.40300,11.48738,-0.16493,-0.22602,0.33720,31.2517688,75.7020938,1.090,193.10
893.791,4.66869,-0.46926,14.34606,-0.54367,-0.40928,-0.02199,31.2517688,75.7020938,1.090,193.10
893.894,4.08930,0.51715,8.14029,0.32865,-0.06720,-1.45875,31.2517688,75.7020938,1.090,193.10
893.997,1.73340,-0.39744,9.91678,-0.06353,-0.38607,-1.62368,31.2517590,75.7020911,1.060,188.80
894.101,0.71347,1.59454,7.98706,0.27000,-0.77824,-0.82955,31.2517590,75.7020911,1.060,188.80
894.205,1.08218,1.35991,10.16099,0.14172,-0.39706,-0.07330,31.2517590,75.7020911,1.060,188.80
894.311,0.76614,2.48997,9.91678,0.10873,0.48625,0.53267,31.2517590,75.7020911,1.060,188.80
894.415,0.03831,1.46525,10.77391,-0.11118,0.53267,0.38729,31.2517590,75.7020911,1.060,188.80
894.517,-0.50278,1.96803,7.66145,0.20769,0.96395,1.12399,31.2517590,75.7020911,1.060,188.80
894.623,1.59454,1.75256,6.70376,0.19181,0.56444,1.62857,31.2517590,75.7020911,1.060,188.80
894.728,3.45244,2.08774,10.05086,-0.19670,0.32865,1.24983,31.2517590,75.7020911,1.060,188.80
894.833,4.18028,3.27527,11.92312,0.71716,0.28222,0.28711,31.2517590,75.7020911,1.060,188.80
894.935,4.75010,0.99599,12.82334,-0.98960,-0.85032,-0.02932,31.2517505,75.7020902,1.000,182.60
895.039,3.87382,0.51236,7.96311,0.71471,-0.11973,-1.63468,31.2517505,75.7020902,1.000,182.60
895.143,1.46046,0.02394,8.03494,-0.16860,-0.86865,-1.80572,31.2517505,75.7020902,1.000,182.60
895.247,0.35434,1.59454,7.65187,-0.03543,-0.52290,-1.09589,31.2517505,75.7020902,1.000,182.60
895.352,0.14844,2.53785,10.33337,-0.27000,-0.25412,0.13806,31.2517505,75.7020902,1.000,182.60
895.455,1.05824,3.07416,10.80264,-0.16738,0.60109,0.86987,31.2517505,75.7020902,1.000,182.60
895.557,0.21069,1.38385,11.08515,0.11118,0.10996,0.11851,31.2517505,75.7020902,1.000,182.60
895.665,0.76614,1.13485,6.63194,-0.27855,0.10996,1.11300,31.2517505,75.7020902,1.000,182.60
895.768,2.05422,1.72383,7.01501,0.22724,0.78435,1.31825,31.2517505,75.7020902,1.000,182.60
895.872,3.66313,2.23618,9.94551,-0.15027,-0.20525,0.65363,31.2517505,75.7020902,1.000,182.60
895.975,4.45800,2.95444,12.09072,-0.02199,-0.11973,0.14416,31.2517407,75.7020895,1.110,179.30
896.077,4.65433,-0.63686,12.91911,-0.08186,-0.91508,-0.62430,31.2517407,75.7020895,1.110,179.30
896.181,3.15077,0.55545,7.16345,0.26634,0.27733,-1.26449,31.2517407,75.7020895,1.110,179.30
896.287,1.81959,-0.12929,8.76278,-0.23579,-0.58032,-1.54182,31.2517407,75.7020895,1.110,179.30
896.392,0.45969,1.61848,7.71891,-0.02077,-0.49236,-0.81612,31.2517407,75.7020895,1.110,179.30
896.498,1.49877,1.17795,11.72201,-0.47281,-0.89553,0.51435,31.2517407,75.7020895,1.110,179.30
896.603,0.50757,1.54187,12.69885,-0.42516,0.99327,0.99693,31.2517407,75.7020895,1.110,179.30
896.706,-2.24576,2.30322,10.26155,1.81183,1.49295,1.22906,31.2517407,75.7020895,1.110,179.30
896.810,1.34554,0.87628,6.21535,0.42150,-0.15760,1.82160,31.2517407,75.7020895,1.110,179.30
896.915,3.92170,2.08296,6.32548,0.60353,0.81489,1.63345,31.2517306,75.7020892,1.090,177.80
897.017,5.93283,3.87861,7.73327,-0.18326,-0.01588,0.79168,31.2517306,75.7020892,1.090,177.80
897.119,8.63349,2.77727,9.98382,-1.79594,-0.18204,0.45326,31.2517306,75.7020892,1.090,177.80
897.222,4.59687,-2.45166,11.69328,1.20585,0.03787,-2.70002,31.2517306,75.7020892,1.090,177.80
897.327,0.95289,0.58897,6.35421,0.08552,-0.90408,-2.10504,31.2517306,75.7020892,1.090,177.80
897.434,0.60334,0.39265,8.24563,-0.56688,-1.07268,-1.94011,31.2517306,75.7020892,1.090,177.80
897.537,-0.26336,2.89220,7.87692,-0.16005,-0.23091,-1.11544,31.2517306,75.7020892,1.090,177.80
897.643,1.22104,3.93607,11.36767,-0.36163,0.05131,0.25534,31.2517306,75.7020892,1.090,177.80
897.748,0.06225,0.78051,14.10185,-0.32865,-0.04887,0.48747,31.2517306,75.7020892,1.090,177.80
897.852,-0.43574,2.56180,5.60722,1.40255,0.94440,1.04580,31.2517306,75.7020892,1.090,177.80
897.955,2.13084,1.17795,7.32626,-0.06353,0.52657,1.69088,31.2517194,75.7020886,1.160,177.80
898.057,3.07416,2.89220,7.79552,0.00489,0.75014,1.34268,31.2517194,75.7020886,1.160,177.80
898.161,4.32393,3.65834,9.57202,0.20892,0.10629,0.35186,31.2517194,75.7020886,1.160,177.80
898.264,5.57849,0.38307,14.40831,-1.09834,-0.41050,0.17349,31.2517194,75.7020886,1.160,177.80
898.370,4.46279,0.56982,8.84897,0.45448,-0.47403,-1.23395,31.2517194,75.7020886,1.160,177.80
898.474,1.61848,0.76614,7.29274,-0.11118,-0.99693,-1.56381,31.2517194,75.7020886,1.160,177.80
898.578,0.96247,2.26970,6.96713,-0.10507,-0.21869,-0.91019,31.2517194,75.7020886,1.160,177.80
898.682,1.60412,2.85868,10.16578,0.18937,-0.02932,-0.07819,31.2517194,75.7020886,1.160,177.80
898.785,2.05901,3.90255,10.59195,0.21747,0.55222,0.68173,31.2517194,75.7020886,1.160,177.80
898.889,2.14520,0.81882,10.79785,-0.39951,-0.06475,0.35919,31.2517194,75.7020886,1.160,177.80
898.992,0.21548,2.39899,6.74207,0.67684,0.97128,0.42516,31.2517096,75.7020885,1.040,176.00
899.095,1.81959,2.24576,6.81869,-0.19181,0.33842,0.83444,31.2517096,75.7020885,1.040,176.00
899.202,2.91135,3.95043,8.17859,-0.29322,0.78679,0.41905,31.2517096,75.7020885,1.040,176.00
899.308,2.68151,3.55778,12.17691,0.41539,-0.34453,-0.32987,31.2517096,75.7020885,1.040,176.00
899.412,3.36146,1.53708,12.52168,-0.33353,-0.31032,-0.02810,31.2517096,75.7020885,1.040,176.00
899.517,3.27048,1.06781,8.71489,0.18937,-0.18570,-0.91752,31.2517096,75.7020885,1.040,176.00
899.622,1.40779,0.68953,7.94875,-0.15760,-0.38729,-1.13743,31.2517096,75.7020885,1.040,176.00
899.726,-0.03831,2.77727,6.93840,0.16860,-0.13439,-0.95661,31.2517096,75.7020885,1.040,176.00
899.831,1.13006,2.39899,10.73560,-0.07086,0.05253,0.09652,31.2517096,75.7020885,1.040,176.00
899.934,1.86748,2.43251,12.28704,-0.89797,0.55955,0.86865,31.2517000,75.7020898,1.050,172.10
900.038,0.75178,1.03908,10.59674,0.01833,-0.37263,-0.24679,31.2517000,75.7020898,1.050,172.10
900.140,-0.52194,1.72383,6.54575,0.63774,0.27367,0.26756,31.2517000,75.7020898,1.050,172.10
900.243,0.96247,1.79565,7.22091,0.06597,0.13195,1.02259,31.2517000,75.7020898,1.050,172.10
900.349,3.58651,3.94086,10.30943,0.42638,0.20159,0.04520,31.2517000,75.7020898,1.050,172.10
900.452,3.14598,4.74531,11.56878,0.08674,0.02443,-0.25534,31.2517000,75.7020898,1.050,172.10
900.555,4.57771,1.28808,11.74117,0.30788,-0.79290,-0.54734,31.2517000,75.7020898,1.050,172.10
900.662,3.49553,1.17316,8.11156,0.03665,-0.09407,-0.54367,31.2517000,75.7020898,1.050,172.10
900.766,1.85790,0.46448,7.20655,-0.30421,-0.83444,-1.04824,31.2517000,75.7020898,1.050,172.10
900.870,0.67038,2.51870,9.17458,0.01588,-0.01833,-0.63652,31.2517000,75.7020898,1.050,172.10
900.974,-0.42138,3.43807,10.24718,0.35675,-0.06964,0.20769,31.2516912,75.7020904,1.110,169.70
901.077,0.22505,1.95367,10.29507,-1.02381,1.09956,1.66033,31.2516912,75.7020904,1.110,169.70
901.183,1.43652,0.27294,10.98460,-0.67073,0.52290,0.61820,31.2516912,75.7020904,1.110,169.70
901.289,0.62728,0.75657,8.12113,0.11240,0.48747,0.50946,31.2516912,75.7020904,1.110,169.70
901.393,1.82917,3.31358,7.27837,0.27611,0.28833,0.98716,31.2516912,75.7020904,1.110,169.70
901.496,3.83072,2.53785,10.49139,-0.05986,-0.34697,0.40806,31.2516912,75.7020904,1.110,169.70
901.601,4.24253,2.04944,12.67012,-0.47525,0.17349,-0.03054,31.2516912,75.7020904,1.110,169.70
901.706,2.63362,0.06704,9.59117,0.23824,-0.63774,-1.46608,31.2516912,75.7020904,1.110,169.70
901.811,1.50835,-0.53630,8.53294,-0.18082,-0.55344,-1.57725,31.2516912,75.7020904,1.110,169.70
901.914,0.16281,1.46525,7.30710,0.25290,-0.17104,-1.37200,31.2516811,75.7020903,1.090,170.90
902.018,-0.51236,2.05901,10.63026,-0.29688,-0.15394,-0.19548,31.2516811,75.7020903,1.090,170.90
902.120,-0.26815,1.69509,12.42112,0.09652,0.39462,0.78191,31.2516811,75.7020903,1.090,170.90
902.224,-1.13485,1.20189,10.74997,0.21869,-0.32987,-0.07819,31.2516811,75.7020903,1.090,170.90
902.329,-0.20111,1.99676,6.52181,0.03054,0.80512,0.94684,31.2516811,75.7020903,1.090,170.90
902.433,3.04064,2.69108,6.84742,0.55955,0.86376,0.59865,31.2516811,75.7020903,1.090,170.90
902.536,2.87304,3.20344,9.93115,0.43249,0.18570,-0.05620,31.2516811,75.7020903,1.090,170.90
902.639,1.76692,3.91691,12.20564,-0.07208,-0.69639,-0.81978,31.2516811,75.7020903,1.090,170.90
902.744,0.76136,1.47483,11.07558,0.19670,-1.26205,-1.28404,31.2516811,75.7020903,1.090,170.90
902.848,1.06303,1.67115,7.77158,-0.10873,0.12217,-0.88331,31.2516811,75.7020903,1.090,170.90
902.954,1.24498,2.88741,6.94797,-0.33475,-0.25412,-0.63774,31.2516720,75.7020882,1.130,175.60
903.057,1.27372,2.64799,10.53928,-0.01466,-0.11973,-0.00122,31.2516720,75.7020882,1.130,175.60
903.162,1.04866,2.75333,11.03727,-0.04032,-0.15394,0.50702,31.2516720,75.7020882,1.130,175.60
903.266,0.64643,0.46926,11.88003,-0.00122,-0.59620,0.03787,31.2516720,75.7020882,1.130,175.60
903.370,0.00958,2.55701,5.90410,0.58887,0.75869,0.07819,31.2516720,75.7020882,1.130,175.60
903.473,1.88184,2.47560,7.14909,-0.30910,0.33231,0.60476,31.2516720,75.7020882,1.130,175.60
903.578,3.16513,3.69665,9.18416,-0.14050,0.21625,0.17471,31.2516720,75.7020882,1.130,175.60
903.681,3.73017,3.03585,11.72680,0.15516,-0.57910,-0.52657,31.2516720,75.7020882,1.130,175.60
903.782,2.84910,2.07338,12.19606,-0.27367,-0.44227,-0.89797,31.2516720,75.7020882,1.130,175.60
903.887,1.24020,1.47483,9.22725,-0.04887,0.14539,-0.76236,31.2516720,75.7020882,1.130,175.60
903.990,0.84755,1.05345,6.52181,0.06353,-0.52534,-0.68539,31.2516616,75.7020860,1.190,177.40
904.094,0.86191,2.47082,7.92002,-0.12584,-0.33964,-0.22724,31.2516616,75.7020860,1.190,177.40
904.199,1.67594,2.30322,11.60230,-0.22358,0.05986,0.34941,31.2516616,75.7020860,1.190,177.40
904.304,0.45490,0.54109,14.32690,-0.67073,1.29626,1.25105,31.2516616,75.7020860,1.190,177.40
904.408,0.45490,1.76692,7.22091,0.53756,0.21380,0.14905,31.2516616,75.7020860,1.190,177.40
904.510,0.73263,1.55623,5.94720,-0.24435,0.36041,0.92729,31.2516616,75.7020860,1.190,177.40
904.613,1.99676,2.18830,8.40844,-0.09285,0.52290,0.94195,31.2516616,75.7020860,1.190,177.40
904.718,3.46202,3.00233,10.93671,-0.16249,-0.32376,-0.00977,31.2516616,75.7020860,1.190,177.40
904.823,5.05655,0.22505,10.56322,-2.15025,-1.01892,-0.37141,31.2516616,75.7020860,1.190,177.40
904.927,1.76692,0.03831,10.87925,1.71409,0.79168,-1.52838,31.2516512,75.7020862,1.150,174.90
905.029,0.00000,0.81882,7.37893,0.32498,0.02321,-0.61820,31.2516512,75.7020862,1.150,174.90
905.133,0.78051,1.67594,5.47315,1.21807,0.55222,0.11606,31.2516512,75.7020862,1.150,174.90
905.236,0.28252,2.18351,12.66533,-1.24739,-0.68295,-0.14539,31.2516512,75.7020862,1.150,174.90
905.341,0.80924,2.15957,12.61744,0.00122,1.13377,0.86376,31.2516512,75.7020862,1.150,174.90
905.446,0.13886,-1.33118,11.02290,0.09285,-0.91263,0.24068,31.2516512,75.7020862,1.150,174.90
905.551,-0.41659,1.67115,6.57927,0.33964,1.08001,0.59865,31.2516512,75.7020862,1.150,174.90
905.657,0.39744,2.07338,8.07804,-0.12095,0.14539,0.62308,31.2516512,75.7020862,1.150,174.90
905.763,1.31681,2.37984,9.95030,-0.15027,-0.19792,0.59987,31.2516512,75.7020862,1.150,174.90
905.868,2.67672,2.94008,11.72201,-0.36652,-0.28955,-0.07453,31.2516512,75.7020862,1.150,174.90
905.970,2.68629,-0.98641,14.94940,0.01833,-0.12950,-0.36041,31.2516417,75.7020834,1.070,183.10
906.074,2.23140,-0.25379,8.16902,1.18386,0.26267,-1.02748,31.2516417,75.7020834,1.070,183.10
906.177,0.63207,-0.51715,7.40287,0.09285,-0.20159,-0.90775,31.2516417,75.7020834,1.070,183.10
906.282,-1.16837,1.52271,7.28316,0.27489,-0.16493,-0.55589,31.2516417,75.7020834,1.070,183.10
906.386,-1.34554,1.90100,10.21845,-0.52779,0.24068,0.46181,31.2516417,75.7020834,1.070,183.10
906.490,-2.08296,-0.25379,13.76666,-1.58214,1.09345,1.25227,31.2516417,75.7020834,1.070,183.10
906.595,-1.96803,1.65200,8.96868,0.33720,0.18082,0.25534,31.2516417,75.7020834,1.070,183.10
906.700,-0.62249,0.81403,6.81390,-0.62919,0.55344,1.50517,31.2516417,75.7020834,1.070,183.10
906.805,0.44053,0.82839,9.26556,-0.00489,0.61087,1.43065,31.2516417,75.7020834,1.070,183.10
906.910,1.71904,1.24020,11.12346,-0.27611,-0.46059,0.46304,31.2516309,75.7020822,1.070,182.20
907.013,2.35111,1.82917,11.76511,-0.32132,-0.20036,-0.34941,31.2516309,75.7020822,1.070,182.20
907.116,1.24977,-1.70467,13.91989,0.65240,-0.93218,-1.29137,31.2516309,75.7020822,1.070,182.20
907.220,0.28252,-1.47962,8.84897,1.33779,-0.81734,-1.49051,31.2516309,75.7020822,1.070,182.20
907.323,-0.67038,0.90980,5.67426,1.07757,-0.90164,-1.50395,31.2516309,75.7020822,1.070,182.20
907.429,0.13886,1.23541,7.55610,-0.25534,-0.31765,-0.25779,31.2516309,75.7020822,1.070,182.20
907.533,0.56982,1.04866,9.71088,-1.13499,0.35919,0.24435,31.2516309,75.7020822,1.070,182.20
907.636,-2.56180,1.72861,15.19360,-1.10200,0.76603,0.05620,31.2516309,75.7020822,1.070,182.20
907.740,-2.39899,2.88262,8.52336,0.72937,0.72815,0.64630,31.2516309,75.7020822,1.070,182.20
907.844,0.31603,0.98641,6.99107,-0.16249,0.03421,1.36712,31.2516309,75.7020822,1.070,182.20
907.949,2.03028,1.81959,8.60476,-0.04643,0.12217,0.83933,31.2516195,75.7020805,1.220,187.40
908.053,3.13162,2.77727,11.72201,-0.15272,-0.63530,-0.43982,31.2516195,75.7020805,1.220,187.40
908.156,2.73418,-0.86670,16.56309,-0.16860,-0.51557,-0.48258,31.2516195,75.7020805,1.220,187.40
908.261,2.00155,0.43574,10.00297,0.94806,0.03421,-1.14232,31.2516195,75.7020805,1.220,187.40
908.363,0.32561,0.04310,6.67982,0.46670,-1.07879,-1.30603,31.2516195,75.7020805,1.220,187.40
908.467,-0.49321,2.03986,7.12036,0.15394,-0.19181,-0.60720,31.2516195,75.7020805,1.220,187.40
908.569,-0.07183,2.73418,10.04607,-0.26267,0.35552,0.33109,31.2516195,75.7020805,1.220,187.40
908.673,-0.49321,2.56180,12.10508,-1.26938,1.04214,1.25838,31.2516195,75.7020805,1.220,187.40
908.777,-0.16281,1.88184,8.91122,0.10018,-0.38485,0.31765,31.2516195,75.7020805,1.220,187.40
908.881,0.04310,1.06781,7.54174,-0.35308,0.54856,1.16675,31.2516195,75.7020805,1.220,187.40
908.985,0.86670,2.13563,8.15944,0.23213,0.50457,1.02381,31.2516085,75.7020789,1.150,190.70
909.087,2.38462,2.81558,9.61990,-0.11362,-0.17226,0.37385,31.2516085,75.7020789,1.150,190.70
909.192,3.82115,2.99754,10.44351,-0.15882,-0.62553,-0.09407,31.2516085,75.7020789,1.150,190.70
909.296,4.27604,-0.89064,13.03403,-0.21869,-1.04214,-1.05680,31.2516085,75.7020789,1.150,190.70
909.399,2.61926,0.62249,8.56167,0.44715,0.29444,-1.47341,31.2516085,75.7020789,1.150,190.70
909.505,0.86191,0.64165,7.73327,0.00855,-0.81245,-1.46608,31.2516085,75.7020789,1.150,190.70
909.609,0.61770,2.46124,6.14831,0.51557,-0.16860,-0.70127,31.2516085,75.7020789,1.150,190.70
909.714,0.84276,1.33596,11.66455,-0.21625,-0.08552,0.28955,31.2516085,75.7020789,1.150,190.70
909.817,0.33040,1.60412,12.16733,-0.38485,0.91508,0.67195,31.2516085,75.7020789,1.150,190.70
909.923,-1.24977,2.33195,9.66779,-0.33231,0.72449,0.37018,31.2515958,75.7020785,1.220,192.70
910.026,0.37828,1.92015,8.00142,0.18937,0.16616,1.07879,31.2515958,75.7020785,1.220,192.70
910.129,2.06380,2.65278,7.51300,0.16860,0.43127,0.92485,31.2515958,75.7020785,1.220,192.70
910.237,3.59609,2.66714,10.91756,-0.23946,-0.27733,0.03299,31.2515958,75.7020785,1.220,192.70
910.340,4.91290,1.09654,14.00608,-0.75869,-0.21014,-0.52779,31.2515958,75.7020785,1.220,192.70
910.443,2.62883,-0.11971,10.23761,0.77213,-0.41539,-2.02196,31.2515958,75.7020785,1.220,192.70
910.547,-0.16281,0.22027,7.89129,0.17104,-1.02503,-1.46363,31.2515958,75.7020785,1.220,192.70
910.654,-0.68953,1.82917,6.88094,0.25656,-0.41905,-0.85765,31.2515958,75.7020785,1.220,192.70
910.758,0.45490,1.68552,11.13304,-0.13195,0.19548,-0.03543,31.2515958,75.7020785,1.220,192.70
910.862,1.63285,3.98395,8.79630,0.08919,0.26145,0.44593,31.2515958,75.7020785,1.220,192.70
910.966,2.02071,2.33674,10.88883,-0.74159,0.34208,0.39828,31.2515849,75.7020792,1.120,195.10
911.069,1.63285,1.59933,7.91523,-0.30910,0.14783,-0.27000,31.2515849,75.7020792,1.120,195.10
911.172,1.57060,1.68073,7.45076,-0.17837,0.27611,-0.05620,31.2515849,75.7020792,1.120,195.10
911.276,1.84832,1.72383,9.11233,-0.40928,-0.08919,-0.14905,31.2515849,75.7020792,1.120,195.10
911.380,1.10133,2.15478,11.05163,-0.10018,0.01588,-0.67806,31.2515849,75.7020792,1.120,195.10
911.482,2.72939,2.67193,10.55364,-0.67562,-0.22846,-0.43371,31.2515849,75.7020792,1.120,195.10
911.589,3.59130,0.38786,8.27915,-0.20036,-0.24679,-1.20829,31.2515849,75.7020792,1.120,195.10
911.693,2.31280,-1.44610,10.23761,0.28833,-0.03299,-1.62124,31.2515849,75.7020792,1.120,195.10
911.796,0.86670,0.04788,7.25443,0.47281,-0.34941,-1.50151,31.2515849,75.7020792,1.120,195.10
911.900,0.67038,0.50278,8.92080,-0.26267,-0.21014,-0.53145,31.2515849,75.7020792,1.120,195.10
912.004,-0.02873,0.22984,11.32936,-0.10629,-0.24679,0.18570,31.2515754,75.7020751,1.070,209.80
912.107,-1.10612,0.35913,12.26789,-0.74403,0.60598,0.99693,31.2515754,75.7020751,1.070,209.80
912.212,-1.75256,1.79086,9.22246,0.74648,1.29137,0.63652,31.2515754,75.7020751,1.070,209.80
912.317,0.16281,0.28252,7.96790,-0.38607,-0.28222,1.43798,31.2515754,75.7020751,1.070,209.80
912.421,2.52828,1.22583,7.28316,-0.14661,0.33598,1.27182,31.2515754,75.7020751,1.070,209.80
912.523,3.73495,1.36469,9.87369,-0.20769,-0.10385,0.05986,31.2515754,75.7020751,1.070,209.80
912.628,4.70221,0.70868,12.37802,-0.80879,-0.44227,-0.42272,31.2515754,75.7020751,1.070,209.80
912.731,2.81079,-1.04387,10.32380,0.75503,-0.30177,-1.52838,31.2515754,75.7020751,1.070,209.80
912.839,0.94332,-1.00556,9.52892,0.32620,-0.84544,-1.37323,31.2515754,75.7020751,1.070,209.80
912.942,0.54109,1.06781,6.30633,0.47892,0.00244,-1.05069,31.2515682,75.7020711,0.920,222.10
913.044,0.57940,1.38385,9.62469,-0.36041,0.57421,0.02810,31.2515682,75.7020711,0.920,222.10
913.147,1.25935,0.86191,11.58315,-0.43371,0.47037,0.81612,31.2515682,75.7020711,0.920,222.10
913.252,0.61770,0.03831,10.64462,-0.16982,-0.45326,0.30177,31.2515682,75.7020711,0.920,222.10
913.355,-1.30245,1.25935,8.17859,0.60231,0.81489,0.40561,31.2515682,75.7020711,0.920,222.10
913.460,0.61292,1.22583,6.96234,-0.08430,0.17471,0.87476,31.2515682,75.7020711,0.920,222.10
913.564,1.74298,1.36469,8.82503,-0.23213,0.24801,0.74403,31.2515682,75.7020711,0.920,222.10
913.670,2.71981,1.53708,10.74039,-0.12462,-0.07330,0.11851,31.2515682,75.7020711,0.920,222.10
913.773,3.86903,-0.13408,13.26867,-0.86499,-0.00855,0.03910,31.2515682,75.7020711,0.920,222.10
913.878,2.04944,-0.84755,8.59997,0.78802,-0.49358,-1.61635,31.2515682,75.7020711,0.920,222.10
913.983,1.25456,-0.15323,8.48505,0.04398,0.09529,-1.33779,31.2515635,75.7020652,0.930,238.00
914.087,1.13485,0.53630,7.99185,0.16371,0.01466,-1.31458,31.2515635,75.7020652,0.930,238.00
914.190,2.70066,1.37427,8.27915,-0.67073,-0.42272,-0.64385,31.2515635,75.7020652,0.930,238.00
914.294,0.85234,-0.12929,12.36845,0.25412,-0.45448,-0.31032,31.2515635,75.7020652,0.930,238.00
914.399,-3.28006,0.96726,12.42591,-0.10507,-0.07453,-0.25656,31.2515635,75.7020652,0.930,238.00
914.506,-1.55623,1.39343,7.15387,0.63408,0.82955,1.15576,31.2515635,75.7020652,0.930,238.00
914.610,0.29209,0.34477,8.90164,0.26634,0.53634,1.57603,31.2515635,75.7020652,0.930,238.00
914.715,2.43251,1.99198,7.91044,0.51068,0.78069,0.89431,31.2515635,75.7020652,0.930,238.00
914.819,3.31836,2.90177,8.58082,-0.06109,-0.06231,0.17593,31.2515635,75.7020652,0.930,238.00
914.923,4.81235,0.70868,14.40352,-1.38666,-0.11606,0.03910,31.2515597,75.7020573,1.030,247.70
915.026,2.03028,-0.67038,10.77391,0.87476,-0.65240,-1.96699,31.2515597,75.7020573,1.030,247.70
915.129,0.39744,0.04310,8.97826,0.23946,-0.41905,-1.79717,31.2515597,75.7020573,1.030,247.70
915.234,-0.53630,1.97761,6.88572,0.44349,-0.28711,-1.44409,31.2515597,75.7020573,1.030,247.70
915.338,-0.71826,2.07338,10.24718,-0.05253,0.05131,0.11973,31.2515597,75.7020573,1.030,247.70
915.443,0.45490,2.25534,10.02213,0.27855,0.16616,0.77091,31.2515597,75.7020573,1.030,247.70
915.548,1.08697,0.87628,11.07079,-1.08856,0.28955,1.16553,31.2515597,75.7020573,1.030,247.70
915.651,0.90022,1.48919,9.77313,-0.41172,0.69761,-0.08063,31.2515597,75.7020573,1.030,247.70
915.755,1.15879,1.36948,7.58483,0.17104,-0.35186,0.04887,31.2515597,75.7020573,1.030,247.70
915.858,0.26336,2.50912,6.05733,-0.07330,-0.05253,0.05253,31.2515597,75.7020573,1.030,247.70
915.963,2.30322,2.72460,9.93115,-0.39218,0.04765,0.01710,31.2515564,75.7020467,1.100,257.80
916.065,4.40533,-0.96726,17.62611,-1.20096,-0.37874,-0.20159,31.2515564,75.7020467,1.100,257.80
916.168,3.04542,-0.40223,8.64786,1.60535,0.13317,-1.71164,31.2515564,75.7020467,1.100,257.80
916.275,0.59855,-0.74220,7.17303,0.69394,-0.40684,-1.32069,31.2515564,75.7020467,1.100,257.80
916.380,-0.31125,0.31603,7.01980,0.30665,-0.03543,-0.77458,31.2515564,75.7020467,1.100,257.80
916.482,-0.41659,0.88107,9.28950,-0.15516,-0.47525,-0.15027,31.2515564,75.7020467,1.100,257.80
916.584,-0.24421,2.45166,10.39084,-0.80390,0.63041,0.69883,31.2515564,75.7020467,1.100,257.80
916.690,-2.35111,1.82917,13.05798,-0.36530,-0.06475,-0.52046,31.2515564,75.7020467,1.100,257.80
916.794,-2.04944,2.27928,6.54096,0.62430,0.22480,0.87965,31.2515564,75.7020467,1.100,257.80
916.899,2.69108,1.62327,7.31189,0.10018,0.25656,1.39277,31.2515564,75.7020467,1.100,257.80
917.003,3.63440,2.23140,9.73004,-0.17349,-0.16738,0.25656,31.2515547,75.7020351,1.160,267.30
917.106,3.37582,0.38786,16.12734,-1.00793,-0.01466,-0.16738,31.2515547,75.7020351,1.160,267.30
917.208,1.80523,-0.00479,8.43717,0.83444,-0.76236,-1.59436,31.2515547,75.7020351,1.160,267.30
917.313,1.06303,0.52194,8.14029,-0.18570,0.07086,-1.20707,31.2515547,75.7020351,1.160,267.30
917.419,0.01437,1.64242,8.50899,0.22846,-0.07819,-0.80146,31.2515547,75.7020351,1.160,267.30
917.523,0.22984,1.35512,10.85052,0.25045,-0.31398,0.12462,31.2515547,75.7020351,1.160,267.30
917.624,1.79086,1.09654,11.39640,-0.31765,0.20281,0.77458,31.2515547,75.7020351,1.160,267.30
917.728,0.83318,0.70868,9.56244,0.21502,-0.31032,-0.67317,31.2515547,75.7020351,1.160,267.30
917.832,0.29688,2.72939,6.31590,-0.29810,0.42150,-0.23824,31.2515547,75.7020351,1.160,267.30
917.934,3.06458,2.90656,8.23127,-0.02077,0.70860,-0.48869,31.2515553,75.7020239,1.120,271.30
918.036,1.33596,2.56658,10.97981,0.65973,-0.03665,-0.66096,31.2515553,75.7020239,1.120,271.30
918.137,0.54109,3.27048,10.00776,0.34086,-1.18874,-0.78191,31.2515553,75.7020239,1.120,271.30
918.243,1.93451,0.54109,8.72447,-0.19670,-1.32802,-0.49114,31.2515553,75.7020239,1.120,271.30
918.348,1.54665,0.29688,9.04529,-0.60231,0.58765,-0.46914,31.2515553,75.7020239,1.120,271.30
918.452,2.14999,2.09253,8.72447,-0.37141,0.19059,-0.57910,31.2515553,75.7020239,1.120,271.30
918.557,1.55623,2.17872,9.72046,0.02688,0.09163,-0.01466,31.2515553,75.7020239,1.120,271.30
918.659,1.34554,0.39744,11.67892,0.03299,-0.21869,0.82222,31.2515553,75.7020239,1.120,271.30
918.762,0.80445,0.45011,10.74518,-0.29199,0.83078,1.06168,31.2515553,75.7020239,1.120,271.30
918.866,0.66080,1.07260,7.79552,0.37874,0.43860,0.56077,31.2515553,75.7020239,1.120,271.30
918.971,0.40223,0.86191,8.26000,-0.40928,0.36041,0.95417,31.2515542,75.7020143,0.950,270.30
919.074,0.95768,1.57538,8.08282,-0.21014,0.34086,0.99693,31.2515542,75.7020143,0.950,270.30
919.179,2.16436,1.25935,10.71166,-0.14661,-0.01466,0.44471,31.2515542,75.7020143,0.950,270.30
919.283,2.74376,1.74777,12.24395,-0.27733,0.02443,-0.18937,31.2515542,75.7020143,0.950,270.30
919.386,1.63285,-1.12049,11.64061,0.32498,-0.38607,-0.69150,31.2515542,75.7020143,0.950,270.30
919.491,1.24498,0.88107,8.23127,0.71716,0.42272,-1.15331,31.2515542,75.7020143,0.950,270.30
919.594,0.81882,-0.14365,8.81066,0.12950,-0.52046,-1.08001,31.2515542,75.7020143,0.950,270.30
919.697,0.62249,0.83797,8.80587,0.19914,-0.53634,-0.70860,31.2515542,75.7020143,0.950,270.30
919.801,0.64643,1.52750,10.39562,-0.10263,0.02321,-0.01833,31.2515542,75.7020143,0.950,270.30
919.905,0.44053,2.20267,10.65420,-0.29322,0.07575,0.31521,31.2515542,75.7020143,0.950,270.30
920.009,-0.29209,-0.18196,10.88883,-0.06964,-0.44471,0.04765,31.2515534,75.7020059,0.900,268.60
920.112,-1.04866,1.92015,7.24964,0.61942,0.83933,0.53023,31.2515534,75.7020059,0.900,268.60
920.218,0.86670,1.33596,8.54251,-0.08063,-0.01100,0.71960,31.2515534,75.7020059,0.900,268.60
920.321,1.99198,1.91057,8.73405,0.14539,0.05009,0.34819,31.2515534,75.7020059,0.900,268.60
920.428,2.51870,2.33674,10.60631,0.12462,-0.27122,-0.39706,31.2515534,75.7020059,0.900,268.60
920.532,2.83952,2.05422,12.74673,-0.64752,-0.11362,-0.45815,31.2515534,75.7020059,0.900,268.60
920.634,1.62806,0.92895,7.91523,0.41905,-0.67440,-1.39033,31.2515534,75.7020059,0.900,268.60
920.739,1.97761,0.54588,9.61033,-0.21136,0.19792,-0.81489,31.2515534,75.7020059,0.900,268.60
920.845,1.88663,0.86191,7.81946,0.65363,0.13561,-0.70127,31.2515534,75.7020059,0.900,268.60
920.948,1.11091,2.54743,8.93995,-0.48503,-0.14661,0.02321,31.2515543,75.7019983,0.890,272.00
921.051,1.60412,1.94888,11.60230,-0.63163,0.02443,0.50213,31.2515543,75.7019983,0.890,272.00
921.154,0.68953,0.61292,12.27747,-0.44593,0.14905,0.59010,31.2515543,75.7019983,0.890,272.00
921.258,0.21548,1.48919,7.76200,0.58643,0.49114,0.07819,31.2515543,75.7019983,0.890,272.00
921.364,0.71347,0.58897,8.15944,-0.22846,0.03421,0.48503,31.2515543,75.7019983,0.890,272.00
921.467,1.94409,1.45567,7.73806,-0.33109,0.21991,0.10507,31.2515543,75.7019983,0.890,272.00
921.570,1.48441,1.60890,10.39562,-0.52534,0.01466,-0.30177,31.2515543,75.7019983,0.890,272.00
921.675,1.80523,1.47483,11.89439,-0.37018,-0.36652,-0.66462,31.2515543,75.7019983,0.890,272.00
921.780,1.33118,-0.75178,12.25352,0.10507,-0.21869,-0.69150,31.2515543,75.7019983,0.890,272.00
921.881,2.37505,1.53229,6.52181,0.24801,0.07086,-1.13499,31.2515543,75.7019983,0.890,272.00
921.986,1.83875,-0.45011,9.82580,-0.20403,-0.26512,-1.02503,31.2515565,75.7019883,0.910,277.80
922.087,1.79086,0.87149,7.66623,0.16493,-0.05986,-0.69272,31.2515565,75.7019883,0.910,277.80
922.190,0.70390,0.69432,11.55921,-0.16005,0.04032,-0.10263,31.2515565,75.7019883,0.910,277.80
922.296,-1.17316,0.94332,13.26867,-0.29077,0.15760,0.49358,31.2515565,75.7019883,0.910,277.80
922.399,-2.00634,0.09098,10.35253,0.40928,-0.63897,0.09652,31.2515565,75.7019883,0.910,277.80
922.503,-1.00556,1.32639,6.47392,0.18692,0.84910,1.34635,31.2515565,75.7019883,0.910,277.80
922.607,1.02472,1.70946,8.12592,0.10873,0.36041,1.41110,31.2515565,75.7019883,0.910,277.80
922.712,1.36469,3.34231,9.05966,0.12584,0.32376,0.79046,31.2515565,75.7019883,0.910,277.80
922.816,2.53307,2.54264,10.97981,0.59498,-0.46304,0.31521,31.2515565,75.7019883,0.910,277.80
922.917,3.13162,-0.50757,13.87200,-0.69028,-0.39828,0.68539,31.2515565,75.7019883,0.910,277.80
923.020,2.60968,0.17238,6.37336,0.29932,-0.87476,-1.23395,31.2515596,75.7019802,0.830,291.30
923.127,1.21147,0.54588,8.66701,-0.71960,0.16371,-0.93585,31.2515596,75.7019802,0.830,291.30
923.232,1.11570,1.56102,8.96389,-0.26512,0.18326,-0.69639,31.2515596,75.7019802,0.830,291.30
923.334,1.39821,1.55144,10.06044,-0.34086,-0.08552,-0.09285,31.2515596,75.7019802,0.830,291.30
923.440,0.91937,1.03908,12.15297,0.70494,0.00000,-0.14539,31.2515596,75.7019802,0.830,291.30
923.543,0.23942,0.78530,10.98460,-0.59132,0.29932,0.99082,31.2515596,75.7019802,0.830,291.30
923.646,0.56982,0.63686,8.71968,0.13806,-0.05131,0.16860,31.2515596,75.7019802,0.830,291.30
923.752,-0.13408,1.15401,8.48026,-0.32132,-0.02077,0.74648,31.2515596,75.7019802,0.830,291.30
923.856,1.43173,1.56581,8.22169,-0.03421,0.15394,0.53390,31.2515596,75.7019802,0.830,291.30
923.959,2.26491,1.75256,9.44752,0.04643,-0.04032,0.13195,31.2515629,75.7019712,0.680,296.60
924.062,2.39899,1.58975,10.52491,0.23946,-0.20892,-0.19426,31.2515629,75.7019712,0.680,296.60
924.165,2.43251,-0.29688,14.38436,-0.42272,0.04765,-0.27855,31.2515629,75.7019712,0.680,296.60
924.270,1.50835,1.38385,7.63750,0.28344,0.11973,-0.89675,31.2515629,75.7019712,0.680,296.60
924.371,0.64165,0.01915,9.68215,-0.30177,-0.11729,-0.71716,31.2515629,75.7019712,0.680,296.60
924.476,0.48363,1.37906,8.14986,0.41417,-0.01222,-0.37996,31.2515629,75.7019712,0.680,296.60
924.579,0.87149,0.91459,10.62068,-0.00733,0.06109,0.26878,31.2515629,75.7019712,0.680,296.60
924.683,0.57461,1.41737,10.62068,-0.05376,0.32009,0.51435,31.2515629,75.7019712,0.680,296.60
924.786,0.24900,0.31603,11.53048,-0.61209,0.54489,0.83566,31.2515629,75.7019712,0.680,296.60
924.890,-0.31603,0.82839,8.39886,0.51924,0.22724,0.44104,31.2515629,75.7019712,0.680,296.60
924.993,0.54109,0.16281,8.00621,-0.61453,-0.14172,0.79779,31.2515644,75.7019646,0.580,299.60
925.097,1.65200,1.63763,8.76278,-0.34941,0.24312,0.39584,31.2515644,75.7019646,0.580,299.60
925.202,2.10211,2.29843,10.34774,-0.02077,-0.07453,0.00855,31.2515644,75.7019646,0.580,299.60
925.306,2.64320,1.13964,11.81778,0.20403,-0.34208,-0.55711,31.2515644,75.7019646,0.580,299.60
925.411,1.25935,-1.33118,12.64139,0.23091,-0.65607,-0.73915,31.2515644,75.7019646,0.580,299.60
925.515,1.42694,1.15879,7.29274,0.41417,0.51679,-0.84422,31.2515644,75.7019646,0.580,299.60
925.619,0.75657,-0.39744,10.38126,-0.16982,-0.35308,-0.73059,31.2515644,75.7019646,0.580,299.60
925.723,0.75657,1.17316,7.92481,0.31887,-0.10996,-0.20403,31.2515644,75.7019646,0.580,299.60
925.828,1.09176,1.27372,9.58160,0.01222,-0.05253,0.29444,31.2515644,75.7019646,0.580,299.60
925.931,0.08619,1.14443,12.37802,-0.38729,0.31032,0.82711,,,,
926.032,-0.14844,0.80924,9.50977,0.40561,-0.31765,0.53878,,,,
926.134,0.13408,1.70467,7.42681,0.15394,0.97983,1.05558,,,,
926.238,1.24020,1.04387,10.26634,-0.73059,0.21747,0.82100,,,,
926.343,0.87628,2.97360,8.36055,0.53023,0.55711,0.94684,,,,
926.447,1.06781,2.34153,10.40999,-0.25290,-0.05253,0.24801,,,,
926.551,1.59933,2.15478,11.69328,-0.57910,-1.33291,-0.21625,,,,
926.655,3.31358,-1.55623,12.48816,0.31765,-0.22113,0.08919,,,,
926.757,2.76291,-0.43096,7.50822,-0.47037,-0.33964,-0.93707,,,,
926.861,0.42138,-0.06225,9.19373,-0.55222,-0.46304,-1.06413,,,,
926.965,0.33519,0.89543,9.92157,-0.08308,1.22540,-0.01710,,,,
927.067,0.56024,0.68953,10.74518,1.15454,0.75259,0.36652,,,,
927.171,-0.33519,2.23618,8.94474,0.56444,0.52412,0.29810,,,,
927.276,-1.02951,0.07661,10.25197,-0.65118,-0.33598,0.54489,,,,
927.382,-0.06704,1.69988,8.47069,0.39095,0.47281,0.25779,,,,
927.486,-2.29843,2.53307,9.72525,-0.29077,0.81245,0.67195,,,,
927.591,-0.47405,2.03028,8.66701,-1.01892,-0.38973,0.95906,,,,
927.695,1.53708,-0.44532,11.63103,1.13377,0.71716,0.84299,,,,
927.798,-1.92973,3.88818,8.42280,0.90775,-0.35064,-0.31154,,,,
927.901,-1.91057,2.53307,10.78827,0.06475,-0.13928,-0.12706,,,,
928.004,-0.27294,1.91536,9.90242,-0.57299,-1.14110,-0.53878,,,,
928.108,-2.17394,0.93853,8.84418,-0.69272,-0.70005,-0.08308,,,,
928.213,1.01514,1.50835,9.68215,0.88331,0.80634,-0.51801,,,,
928.316,-1.11570,2.56180,9.67736,-0.58154,-1.09956,0.00367,,,,
928.420,0.52194,2.27928,9.80665,-0.05864,0.52046,0.25168,,,,
928.524,0.38307,1.40779,9.46667,0.36408,0.20525,0.19548,,,,
928.628,-0.09577,1.63285,9.07881,-0.38851,0.42272,-0.02443,,,,
928.731,-0.52672,1.63285,9.39006,0.15149,0.13439,0.27978,,,,
928.835,0.62728,1.24020,9.06924,0.10996,-0.01222,0.08674,,,,
928.938,-1.46046,1.57538,9.84017,-0.48747,0.41050,-0.18082,31.2515615,75.7019438,0.420,299.10
929.041,-0.07661,1.30245,8.97826,-0.17959,0.25412,-0.05620,31.2515615,75.7019438,0.420,299.10
929.143,-0.90501,1.30723,9.68694,0.37874,-0.24190,-0.42028,31.2515615,75.7019438,0.420,299.10
929.247,-0.84276,2.01113,9.93594,0.21869,-0.38118,-0.13561,31.2515615,75.7019438,0.420,299.10
929.351,0.10056,1.51314,9.82580,-0.24190,-0.19792,-0.12095,31.2515615,75.7019438,0.420,299.10
929.455,-0.26336,1.46046,10.15141,-0.19792,-0.32009,-0.09774,31.2515615,75.7019438,0.420,299.10
929.556,0.15323,1.46525,9.72046,0.19670,-0.03665,-0.05131,31.2515615,75.7019438,0.420,299.10
929.660,0.22984,2.06859,9.73961,0.14416,-0.05376,-0.18815,31.2515615,75.7019438,0.420,299.10
929.762,-0.11013,1.54665,9.81623,-0.05620,-0.20036,-0.04643,31.2515615,75.7019438,0.420,299.10
929.867,0.38307,2.02549,9.62469,0.01466,-0.02321,0.03421,31.2515615,75.7019438,0.420,299.10
929.971,0.42138,1.80044,9.63906,-0.19059,-0.14416,0.03910,31.2515619,75.7019420,0.060,300.10
930.073,0.31125,1.38385,9.77792,0.13561,-0.27000,0.08430,31.2515619,75.7019420,0.060,300.10
930.174,0.62249,1.79565,10.08917,-0.04398,-0.14905,0.05009,31.2515619,75.7019420,0.060,300.10
930.277,0.89543,1.73340,9.90721,0.11729,-0.21625,0.21258,31.2515619,75.7019420,0.060,300.10
930.380,0.96247,2.18830,9.23683,0.74526,0.14905,0.43982,31.2515619,75.7019420,0.060,300.10
930.486,0.95768,3.28006,8.81545,0.49724,0.17471,0.60353,31.2515619,75.7019420,0.060,300.10
930.590,1.71425,2.80600,9.56244,0.63163,0.37874,0.72204,31.2515619,75.7019420,0.060,300.10
930.693,0.85712,4.25210,6.31590,0.83078,0.96761,0.66340,31.2515619,75.7019420,0.060,300.10
930.797,-2.28886,4.61123,9.36612,-0.18448,2.46301,1.67499,31.2515619,75.7019420,0.060,300.10
930.898,-0.77572,3.98395,9.35654,0.04643,0.87965,1.26693,31.2515619,75.7019420,0.060,300.10
931.001,-0.98162,3.34231,9.43316,-0.56200,-0.21380,0.47892,31.2515624,75.7019426,0.100,300.70
931.103,-0.69432,3.55778,8.27915,-0.17959,0.53634,0.51435,31.2515624,75.7019426,0.100,300.70
931.204,-1.24020,3.53384,9.09318,-0.65973,0.20647,0.45204,31.2515624,75.7019426,0.100,300.70
931.308,-1.43652,3.46680,9.16022,-0.36652,0.53634,0.62064,31.2515624,75.7019426,0.100,300.70
931.415,-1.22583,3.26569,8.89207,-0.29566,0.41172,0.46670,31.2515624,75.7019426,0.100,300.70
931.520,-2.20267,3.45723,9.27514,-0.19792,0.07697,0.23946,31.2515624,75.7019426,0.100,300.70
931.623,-1.52750,3.82593,9.08360,-0.22846,-0.36041,0.18204,31.2515624,75.7019426,0.100,300.70
931.728,-1.14922,3.28006,9.23683,-0.03176,-0.35552,-0.05131,31.2515624,75.7019426,0.100,300.70
931.832,-0.34955,3.01191,9.31823,-0.31521,-0.14783,0.07941,31.2515624,75.7019426,0.100,300.70
931.936,0.28730,1.83396,8.90643,0.40684,0.09407,0.03421,,,,
932.037,-0.68474,2.50433,8.61434,0.35186,0.37874,-0.43249,,,,
932.142,-2.41814,2.83952,9.83538,0.09041,0.36041,-0.35797,,,,
932.246,-0.62249,2.16915,10.31422,0.08430,-0.02077,-0.21258,,,,
932.350,-1.13485,2.61926,9.78750,-0.23702,-0.29077,-0.34697,,,,
932.453,-1.11091,2.41336,9.58160,0.01710,-0.37141,-0.22602,,,,
932.559,-0.84276,2.34632,9.36612,-0.06109,-0.12950,-0.10751,,,,
