time_since_start,accel_x,accel_y,accel_z,gyro_x,gyro_y,gyro_z,lat,lon,speed_gt,heading_gt
0.073,-2.14520,5.21936,8.31267,-0.10324,0.02993,-0.06353,31.2576335,75.7077411,0.130,360.00
0.195,-1.85072,5.20739,7.63272,0.07086,-0.11240,-0.07208,31.2576335,75.7077411,0.130,360.00
0.309,-1.59214,5.26724,7.96790,0.02321,0.00122,-0.04093,31.2576335,75.7077411,0.130,360.00
0.424,-1.63524,5.37019,7.73806,0.02260,-0.14905,-0.13683,31.2576335,75.7077411,0.130,360.00
0.538,-1.31921,5.62877,7.78355,0.01955,-0.31215,-0.15088,31.2576335,75.7077411,0.130,360.00
0.648,-1.01035,5.82270,8.30070,0.05559,-0.25229,-0.19303,31.2576335,75.7077411,0.130,360.00
0.758,-1.00796,5.89692,7.60877,0.20281,-0.22113,-0.27306,31.2576335,75.7077411,0.130,360.00
0.867,-1.22823,5.38456,7.73088,0.12523,-0.28405,-0.49602,31.2576335,75.7077411,0.130,360.00
0.977,-1.68312,5.61680,7.49625,0.37446,-0.11118,-0.30482,31.2576335,75.7077411,0.130,360.00
1.088,-2.73657,5.02064,7.48188,-0.09346,0.03299,-0.40989,31.2576335,75.7077411,0.130,360.00
1.197,-3.06937,4.54898,8.75560,-0.22724,0.03421,-0.04581,31.2576335,75.7077411,0.130,360.00
1.307,-3.26090,4.37660,8.38210,-0.17287,0.07025,0.06170,31.2576335,75.7077411,0.130,360.00
1.420,-3.38301,4.43646,8.23127,0.00428,0.32132,0.16127,31.2576096,75.7077113,0.390,253.30
1.538,-3.72538,3.90255,8.33182,-0.28711,0.19975,0.29016,31.2576096,75.7077113,0.390,253.30
1.657,-3.26330,4.43406,8.46590,-0.04276,0.06903,0.79351,31.2576096,75.7077113,0.390,253.30
1.775,-3.06937,4.31435,8.66462,-0.22419,0.05742,0.64446,31.2576096,75.7077113,0.390,253.30
1.896,-2.58095,4.50349,8.81066,-0.05986,0.23335,0.72510,31.2576096,75.7077113,0.390,253.30
2.013,-1.96564,4.53222,8.26957,-0.14539,0.29383,0.49358,31.2576096,75.7077113,0.390,253.30
2.130,-1.86987,4.77404,7.49385,-0.08308,0.45509,0.60231,31.2576096,75.7077113,0.390,253.30
2.250,-2.30322,3.40216,9.67976,-0.63041,0.91019,0.93401,31.2576096,75.7077113,0.390,253.30
2.376,0.59376,4.71897,8.39647,0.39889,0.48136,2.52715,31.2576096,75.7077113,0.390,253.30
2.495,2.07817,5.43244,2.80122,0.06475,-0.43555,1.26938,31.2576152,75.7077114,0.320,221.50
2.613,2.37505,6.75404,9.64624,-0.43494,0.71166,0.58521,31.2576152,75.7077114,0.320,221.50
2.729,1.19471,5.76763,8.95910,0.12034,0.39828,0.59376,31.2576152,75.7077114,0.320,221.50
2.847,-0.73502,4.92248,7.97030,0.28772,0.82711,0.22235,31.2576152,75.7077114,0.320,221.50
2.963,-0.48123,4.39815,10.11790,0.22724,0.07819,0.82650,31.2576152,75.7077114,0.320,221.50
3.081,-0.11971,5.18584,7.14669,0.06414,0.35003,0.74403,31.2576152,75.7077114,0.320,221.50
3.200,0.07901,4.84347,8.88009,-0.48075,0.38546,0.14905,31.2576152,75.7077114,0.320,221.50
3.317,-0.05267,5.51624,8.44914,-0.16127,0.02077,0.15333,31.2576152,75.7077114,0.320,221.50
3.434,0.91698,5.71496,8.18578,0.11790,-0.16432,0.18631,31.2576167,75.7077188,0.570,176.30
3.551,0.98162,5.05416,8.41562,-0.06109,-0.43555,-0.01283,31.2576167,75.7077188,0.570,176.30
3.668,1.72861,5.09965,10.17775,-0.70005,-0.95051,-0.18998,31.2576167,75.7077188,0.570,176.30
3.787,1.51074,4.48673,8.00621,-0.14966,0.82406,-0.51129,31.2576167,75.7077188,0.570,176.30
3.907,1.71904,4.74770,7.31189,0.25962,-0.16677,-0.59132,31.2576167,75.7077188,0.570,176.30
4.025,1.07978,5.87537,8.77236,0.33475,0.04032,-0.06720,31.2576167,75.7077188,0.570,176.30
4.139,0.23942,6.15789,7.56328,0.61636,-0.04520,-0.33231,31.2576167,75.7077188,0.570,176.30
4.255,-0.22745,6.17225,8.58321,0.16554,0.25107,-0.10812,31.2576167,75.7077188,0.570,176.30
4.370,-0.95050,4.61123,9.32302,-0.23396,-0.10140,-0.16799,31.2576167,75.7077188,0.570,176.30
4.482,-1.84354,4.69264,7.24007,0.13806,0.09529,0.15394,31.2576136,75.7076954,0.520,168.50
4.597,-0.33040,5.01106,9.05727,-0.23579,-0.01038,0.04154,31.2576136,75.7076954,0.520,168.50
4.713,-0.07422,5.65989,7.66863,0.12034,-0.14783,-0.03543,31.2576136,75.7076954,0.520,168.50
4.833,-0.65362,5.92325,7.18500,-0.05803,-0.34025,0.01955,31.2576136,75.7076954,0.520,168.50
4.952,0.73981,5.60961,7.80270,0.03665,-0.10324,0.02321,31.2576136,75.7076954,0.520,168.50
5.074,1.97282,4.75728,10.51294,-0.57788,-0.64568,-0.17104,31.2576136,75.7076954,0.520,168.50
5.193,2.13563,4.55856,8.34379,-0.02382,-0.50457,-0.58032,31.2576136,75.7076954,0.520,168.50
5.308,1.79805,5.05416,8.71011,-0.06720,-0.17654,-0.61270,31.2576136,75.7076954,0.520,168.50
5.425,3.03106,5.66947,8.12113,-0.19364,0.04581,-0.80207,31.2576123,75.7077155,0.380,170.80
5.544,-0.45490,4.52504,7.12514,-0.14172,-0.27978,-0.92057,31.2576123,75.7077155,0.380,170.80
5.663,-0.50039,4.08690,8.03255,-0.01527,-0.01038,-0.85582,31.2576123,75.7077155,0.380,170.80
5.785,-0.69911,4.03902,9.44513,-0.07758,-0.50274,-0.86987,31.2576123,75.7077155,0.380,170.80
5.904,0.37350,3.11964,10.09156,-0.29077,-1.19546,-1.14904,31.2576123,75.7077155,0.380,170.80
6.023,-1.64960,2.99754,9.03811,0.84238,0.27794,-1.75196,31.2576123,75.7077155,0.380,170.80
6.143,-3.32315,3.37343,7.44836,-0.01038,-0.86499,-0.80817,31.2576123,75.7077155,0.380,170.80
6.264,-3.73495,2.80600,11.09473,1.09345,-0.90652,-1.86253,31.2576123,75.7077155,0.380,170.80
6.384,-2.41575,3.89058,1.41497,0.64202,-1.90162,-0.41661,31.2576123,75.7077155,0.380,170.80
6.505,-2.97360,2.70066,12.78983,-0.68845,0.35369,-1.69210,31.2576188,75.7077127,0.250,215.70
6.626,-1.23062,3.90255,1.92973,0.66096,-1.91384,-0.92974,31.2576188,75.7077127,0.250,215.70
6.739,-0.25379,5.16669,11.41077,0.32254,-0.30604,-0.69333,31.2576188,75.7077127,0.250,215.70
6.855,0.49081,6.52181,10.42675,-0.54000,-1.14843,-0.33231,31.2576188,75.7077127,0.250,215.70
6.974,0.15083,4.22337,8.46590,1.35001,-0.37202,-0.05315,31.2576188,75.7077127,0.250,215.70
7.096,0.99599,4.96318,6.01184,1.07696,-0.07269,-0.35369,31.2576188,75.7077127,0.250,215.70
7.216,-0.17478,5.78439,6.97431,0.03482,0.48319,0.30788,31.2576188,75.7077127,0.250,215.70
7.336,-0.25857,5.36541,7.12275,-0.18387,0.47525,0.86254,31.2576188,75.7077127,0.250,215.70
7.453,0.18675,6.56730,7.92002,-0.29688,0.83689,0.89370,31.2576237,75.7077167,0.190,223.80
7.574,-0.04310,5.61680,9.92397,-0.99021,0.69211,0.59498,31.2576237,75.7077167,0.190,223.80
7.693,-0.33519,5.87777,7.46273,0.52107,-0.07514,0.61820,31.2576237,75.7077167,0.190,223.80
7.808,0.84994,5.67186,6.80672,0.20464,-0.02505,0.54184,31.2576237,75.7077167,0.190,223.80
7.928,2.08296,4.86981,8.04452,-0.37874,0.10934,0.36041,31.2576237,75.7077167,0.190,223.80
8.109,2.90177,5.44441,8.39886,0.19181,-0.06536,0.33048,31.2576237,75.7077167,0.190,223.80
8.228,3.41892,4.35266,8.48744,0.07697,-0.36774,0.29016,31.2576237,75.7077167,0.190,223.80
8.343,2.21703,5.56173,6.70137,0.84299,-0.27245,-0.12095,31.2576237,75.7077167,0.190,223.80
8.456,1.59214,5.96635,7.80989,0.05376,0.43005,-0.17165,31.2576149,75.7077174,0.440,154.50
8.570,1.78368,5.48990,7.07726,-0.32803,-0.05559,0.01894,31.2576149,75.7077174,0.440,154.50
8.729,1.69270,5.42766,8.67419,-0.26450,-0.21564,0.04520,31.2576149,75.7077174,0.440,154.50
8.882,2.09971,5.35104,7.95354,-0.07514,-0.39584,0.18143,31.2576149,75.7077174,0.440,154.50
9.015,1.72861,5.18584,8.68616,0.19120,0.09285,-0.14539,31.2576149,75.7077174,0.440,154.50
9.135,1.30723,5.21218,8.18338,0.01894,-0.07453,-0.09896,31.2576149,75.7077174,0.440,154.50
9.249,1.45089,5.02304,7.27119,-0.08063,0.10690,0.06842,31.2576149,75.7077174,0.440,154.50
9.375,1.61609,5.23851,8.40365,0.13317,-0.05559,0.03238,31.2576149,75.7077174,0.440,154.50
9.532,0.93374,4.95839,8.01818,0.06109,0.04215,-0.15699,31.2576121,75.7077178,0.270,191.60
9.666,1.53468,5.08050,8.02058,0.01100,-0.05803,-0.01710,31.2576121,75.7077178,0.270,191.60
9.784,1.44370,5.01825,8.25281,-0.11301,0.00550,-0.05376,31.2576121,75.7077178,0.270,191.60
9.903,1.39582,5.52103,7.62074,0.41417,-0.10873,-0.02505,31.2576121,75.7077178,0.270,191.60
10.016,1.48680,5.44920,7.66623,0.16371,-0.04154,0.04520,31.2576121,75.7077178,0.270,191.60
10.127,1.61130,5.66947,6.91445,-0.06353,0.02993,0.13561,31.2576121,75.7077178,0.270,191.60
10.256,1.58257,5.60961,7.86974,0.12889,0.09102,0.08858,31.2576121,75.7077178,0.270,191.60
10.379,1.56581,5.41090,7.29753,0.15272,0.06842,0.09102,31.2576121,75.7077178,0.270,191.60
10.489,1.43413,5.51863,8.47308,-0.06903,0.05009,0.11057,31.2576144,75.7077131,0.280,108.30
10.598,1.42216,5.31992,8.15465,-0.01772,-0.01405,0.09652,31.2576144,75.7077131,0.280,108.30
10.705,1.49877,5.27682,7.65187,0.07269,-0.03299,0.05803,31.2576144,75.7077131,0.280,108.30
10.812,1.62806,5.31273,8.03255,-0.01283,0.01100,0.06720,31.2576144,75.7077131,0.280,108.30
10.920,1.60890,5.40611,8.19056,-0.05070,-0.01222,0.08491,31.2576144,75.7077131,0.280,108.30
11.034,0.84755,4.90093,8.40844,0.21625,0.95051,-0.11606,31.2576144,75.7077131,0.280,108.30
11.143,-0.96965,5.52342,7.11796,0.18204,0.77213,0.00611,31.2576144,75.7077131,0.280,108.30
11.250,4.09887,5.01106,8.51857,-1.85947,1.57115,1.16370,31.2576144,75.7077131,0.280,108.30
11.358,0.93374,3.93367,7.23767,-1.01709,-0.59376,0.23274,31.2576144,75.7077131,0.280,108.30
11.469,0.79248,2.29604,10.90559,-1.02076,-0.84727,0.39034,31.2576225,75.7077069,0.170,164.10
11.587,1.95846,2.39899,9.54089,-0.19975,0.38423,-0.00733,31.2576225,75.7077069,0.170,164.10
11.697,1.89142,2.66714,11.11388,-0.09896,-0.73793,0.35186,31.2576225,75.7077069,0.170,164.10
11.809,4.69264,3.31358,9.37091,0.72082,1.27793,0.32315,31.2576225,75.7077069,0.170,164.10
11.921,1.33118,2.91135,8.67898,-0.30971,-0.46731,0.31398,31.2576225,75.7077069,0.170,164.10
12.035,2.05183,2.11408,9.63666,-0.00428,-0.10385,0.18326,31.2576225,75.7077069,0.170,164.10
12.152,1.64242,2.35589,9.22965,-0.03543,0.01710,0.08247,31.2576225,75.7077069,0.170,164.10
12.265,1.70228,2.22661,9.45231,-0.07758,0.19853,0.20403,31.2576225,75.7077069,0.170,164.10
12.376,0.75896,1.57060,10.22564,-0.33781,-0.00977,0.35797,31.2576225,75.7077069,0.170,164.10
12.486,0.97683,1.29047,9.33739,-0.22785,0.22907,0.29322,31.2576194,75.7076999,0.140,360.00
12.594,-0.61770,2.08535,9.25359,0.17837,1.00548,0.14111,31.2576194,75.7076999,0.140,360.00
12.706,-2.02071,1.60412,8.31506,-0.11545,0.72021,0.59804,31.2576194,75.7076999,0.140,360.00
12.817,-1.87705,1.39582,8.92080,-0.22052,0.36652,1.42454,31.2576194,75.7076999,0.140,360.00
12.927,-2.27449,1.68791,9.82102,-0.44288,-0.03726,1.28770,,,,
13.042,-2.15957,2.82995,10.40281,0.16677,0.44227,0.63225,,,,
13.157,-2.18112,2.39181,7.36456,0.26023,-0.18815,1.33046,,,,
13.272,-0.57700,2.02549,10.08198,-0.28161,0.24435,1.05069,,,,
13.389,0.09337,1.75016,11.02530,-0.08735,0.39095,0.65179,,,,
13.505,0.56503,1.78847,10.23042,0.83017,0.20036,0.33598,31.2576224,75.7076941,0.250,301.00
13.643,-1.22104,2.59771,8.33422,-0.10568,-0.07758,0.50335,31.2576224,75.7076941,0.250,301.00
13.760,-0.24900,2.26013,9.17458,-0.17349,-0.09346,0.02566,31.2576224,75.7076941,0.250,301.00
13.878,-1.13485,2.95923,8.66462,0.23213,0.33414,0.46976,31.2576224,75.7076941,0.250,301.00
13.989,-2.32716,1.41258,9.06205,-1.22906,1.13193,0.87476,31.2576224,75.7076941,0.250,301.00
14.107,-2.64559,0.90980,10.59434,0.02260,-0.54306,-0.21319,31.2576224,75.7076941,0.250,301.00
14.214,-2.66714,0.96247,7.22331,0.42883,0.52718,0.92241,31.2576224,75.7076941,0.250,301.00
14.322,-0.63207,0.79727,9.78750,-1.31641,-0.19242,0.27122,31.2576224,75.7076941,0.250,301.00
14.435,-2.60968,2.50912,10.32859,1.05435,0.23640,-0.67623,31.2576224,75.7076912,0.580,228.10
14.544,-0.31125,1.18752,11.58315,-0.59254,-0.95356,-0.70433,31.2576224,75.7076912,0.580,228.10
14.657,0.90740,0.64643,8.96629,1.05069,-0.25045,-1.07024,31.2576224,75.7076912,0.580,228.10
14.769,-0.22984,1.53708,9.31344,0.75992,-0.14111,-1.12705,31.2576224,75.7076912,0.580,228.10
14.880,-0.58658,0.84755,11.13543,0.12034,-0.07880,-0.70494,31.2576224,75.7076912,0.580,228.10
14.993,-1.14682,2.53785,7.98945,0.68050,-0.37385,-0.53878,31.2576224,75.7076912,0.580,228.10
15.103,-1.99916,3.55778,7.19458,0.35491,0.07697,-0.30299,31.2576224,75.7076912,0.580,228.10
15.213,-2.52828,2.94247,9.12430,-0.51068,0.74220,0.13011,31.2576224,75.7076912,0.580,228.10
15.323,-2.93050,2.65996,7.75961,-0.06720,0.50702,0.47831,31.2576224,75.7076912,0.580,228.10
15.437,-2.90656,1.33357,9.28711,-0.52290,0.55833,0.74220,31.2576163,75.7076858,0.590,219.80
15.555,-3.32315,1.59693,9.13867,-0.41539,0.47464,0.39218,31.2576163,75.7076858,0.590,219.80
15.673,-3.90255,2.03747,9.62708,-0.73854,0.10446,0.21686,31.2576163,75.7076858,0.590,219.80
15.791,-3.52666,2.63123,7.76440,-0.14416,0.21930,0.28344,31.2576163,75.7076858,0.590,219.80
15.904,-2.98557,2.21942,9.14346,-0.19731,-0.14661,0.39034,31.2576163,75.7076858,0.590,219.80
16.021,-2.71263,2.26013,9.57441,0.05559,-0.33048,0.13500,31.2576163,75.7076858,0.590,219.80
16.138,-1.92973,0.36631,11.58554,-0.66218,0.41111,0.15333,31.2576163,75.7076858,0.590,219.80
16.255,-1.18513,0.46926,9.47386,0.76847,-1.00671,-0.99021,31.2576163,75.7076858,0.590,219.80
16.370,-3.18189,0.10056,13.59188,0.06414,-0.08002,-0.44715,31.2576163,75.7076858,0.590,219.80
16.484,-2.29125,0.83558,8.03015,1.33963,-1.03358,-0.15027,31.2576136,75.7076820,0.540,217.80
16.606,-1.19950,1.93691,7.14909,0.19975,-0.65057,0.09163,31.2576136,75.7076820,0.540,217.80
16.727,-0.72065,2.55940,8.68616,-0.22235,0.40623,-0.06658,31.2576136,75.7076820,0.540,217.80
16.848,-1.38864,1.78607,9.27753,-0.80146,0.80146,0.22969,31.2576136,75.7076820,0.540,217.80
16.965,-2.01352,1.23541,10.79067,-0.20708,0.90713,0.25229,31.2576136,75.7076820,0.540,217.80
17.085,-3.73017,1.25935,9.88326,-0.09468,0.48136,0.01405,31.2576136,75.7076820,0.540,217.80
17.203,-3.42131,0.91937,8.71729,-0.54917,-0.12767,-0.02138,31.2576136,75.7076820,0.540,217.80
17.321,-3.93846,1.99916,6.99107,0.40439,0.09163,-0.07819,31.2576136,75.7076820,0.540,217.80
17.438,-4.63278,2.05662,9.70849,-0.82345,0.40989,0.64568,31.2576113,75.7076864,0.440,252.80
17.554,-1.91297,2.13084,9.02853,0.67378,-0.26939,-0.20097,31.2576113,75.7076864,0.440,252.80
17.673,-2.50433,2.80840,8.76278,0.10751,-0.46853,-0.26695,31.2576113,75.7076864,0.440,252.80
17.792,-2.25773,1.54187,10.92235,0.20464,-0.03665,-0.63652,31.2576113,75.7076864,0.440,252.80
17.912,-3.46920,1.86508,11.84890,1.12338,-0.08674,-0.76603,31.2576113,75.7076864,0.440,252.80
18.034,-3.09091,1.72861,8.35098,0.93951,-0.28222,0.04765,31.2576113,75.7076864,0.440,252.80
18.158,-2.10929,1.26653,8.23127,-0.15333,-0.77580,0.25901,31.2576113,75.7076864,0.440,252.80
18.281,-1.84354,3.61524,7.26880,-0.27489,-0.14355,-0.18021,31.2576113,75.7076864,0.440,252.80
18.412,-1.35751,3.76608,8.65504,0.06964,0.58215,-0.12645,31.2576113,75.7076864,0.440,252.80
18.528,-1.80523,3.26330,9.43555,0.11301,0.16921,-0.08186,31.2576128,75.7076886,0.490,204.20
18.645,-3.64637,3.01669,5.35344,0.30360,0.16493,0.64630,31.2576128,75.7076886,0.490,204.20
18.765,-2.03507,1.05584,11.82017,-0.93218,-1.13560,-0.97433,31.2576128,75.7076886,0.490,204.20
18.885,-5.51624,3.58173,6.30393,0.77763,1.00182,-0.13806,31.2576128,75.7076886,0.490,204.20
19.003,-2.93290,2.85389,9.60554,-0.43005,-0.25290,-0.50457,31.2576128,75.7076886,0.490,204.20
19.124,-3.08373,3.30160,8.43238,0.21197,-0.24801,-0.20708,31.2576128,75.7076886,0.490,204.20
19.242,-3.24893,2.50912,9.37091,0.34697,-0.56627,-0.63958,31.2576128,75.7076886,0.490,204.20
19.364,-3.24175,0.16520,12.62702,-0.75747,0.07025,-0.60842,31.2576128,75.7076886,0.490,204.20
19.485,-2.69587,1.16837,6.81390,1.22723,-0.63163,-1.05802,31.2576080,75.7076834,0.630,233.40
19.604,-3.08373,0.16759,10.62547,-0.82955,0.47831,0.02627,31.2576080,75.7076834,0.630,233.40
19.722,-0.86191,0.16999,9.31823,-0.13683,-0.38973,-0.43738,31.2576080,75.7076834,0.630,233.40
19.843,-2.51631,1.79086,9.62230,0.10568,0.39156,-0.53023,31.2576080,75.7076834,0.630,233.40
19.962,-3.73974,1.94409,10.66377,0.37080,0.03421,-0.22297,31.2576080,75.7076834,0.630,233.40
20.084,-3.44286,2.02789,7.72848,0.44776,0.14233,0.16982,31.2576080,75.7076834,0.630,233.40
20.203,-3.52426,0.83318,11.02530,-0.44654,0.35552,-0.06597,31.2576080,75.7076834,0.630,233.40
20.320,-3.76368,1.70946,6.98149,0.57727,0.44654,-0.22846,31.2576080,75.7076834,0.630,233.40
20.432,-3.94804,0.66559,9.19613,-0.51679,0.06231,-0.06536,31.2576103,75.7076767,0.620,257.60
20.548,-5.66947,1.47962,7.99903,0.43433,0.18265,-0.48197,31.2576103,75.7076767,0.620,257.60
20.667,-5.07571,2.24576,7.85538,-0.32254,-0.06720,-0.34636,31.2576103,75.7076767,0.620,257.60
20.786,-4.61123,1.98719,7.49385,0.08063,0.08613,-0.18204,31.2576103,75.7076767,0.620,257.60
20.904,-4.75488,1.59933,9.99579,-0.20159,-0.08430,-0.23824,31.2576103,75.7076767,0.620,257.60
21.025,-3.24414,1.25217,7.80031,0.43310,-0.53695,-0.42699,31.2576103,75.7076767,0.620,257.60
21.144,-2.09971,0.67995,7.92241,-0.16371,-0.32254,-1.08367,31.2576103,75.7076767,0.620,257.60
21.264,-4.60405,2.12366,12.03086,0.83750,-0.10324,-1.35795,31.2576103,75.7076767,0.620,257.60
21.381,-4.82192,0.77093,12.70363,2.06595,-1.27182,-0.04276,31.2576103,75.7076767,0.620,257.60
21.499,-1.24498,-0.34955,7.95593,0.63774,-1.11849,0.49847,31.2576082,75.7076717,0.350,263.30
21.612,0.74460,0.05267,6.52420,-0.37141,-1.37567,-0.19975,31.2576082,75.7076717,0.350,263.30
21.731,0.23463,1.06542,8.76996,-0.94867,-0.38240,-0.71471,31.2576082,75.7076717,0.350,263.30
21.849,-0.10774,1.95846,9.48822,-0.32437,0.12645,-0.79351,31.2576082,75.7076717,0.350,263.30
21.962,-1.21865,0.95768,12.91672,-0.55405,0.62247,0.10812,31.2576082,75.7076717,0.350,263.30
22.079,-0.78769,1.34315,8.95192,0.43677,-0.20586,0.08858,31.2576082,75.7076717,0.350,263.30
22.189,-0.33279,1.13006,8.00621,-0.19426,0.42272,0.38423,31.2576082,75.7076717,0.350,263.30
22.305,-1.36948,0.82839,10.86489,-0.31154,0.56933,0.29444,31.2576082,75.7076717,0.350,263.30
22.420,-2.78446,1.89381,9.76355,0.05131,0.73243,0.61270,31.2576016,75.7076696,0.070,360.00
22.536,-1.04627,1.84354,7.81467,-0.27245,0.11973,0.48136,31.2576016,75.7076696,0.070,360.00
22.656,-1.36709,2.64559,10.45308,-0.14111,0.16738,-0.36041,31.2576016,75.7076696,0.070,360.00
22.775,-0.96486,1.91536,9.05966,0.66645,-0.44410,-0.82222,31.2576016,75.7076696,0.070,360.00
22.889,-2.20027,1.51553,9.41400,0.99815,-0.73854,-0.93768,31.2576016,75.7076696,0.070,360.00
23.004,-1.97761,1.42694,10.80503,-0.38973,0.28588,0.48747,31.2576016,75.7076696,0.070,360.00
23.120,1.24498,0.55785,7.39090,0.50396,-1.27488,0.59498,31.2576016,75.7076696,0.070,360.00
23.250,0.48123,2.99754,12.06438,-0.26206,-2.12092,-2.37565,31.2576016,75.7076696,0.070,360.00
23.367,0.20590,4.43406,7.87214,1.16797,0.42028,-0.53023,31.2576016,75.7076696,0.070,360.00
23.480,0.42377,3.27527,7.99663,-0.06475,0.10629,0.28527,31.2576017,75.7076792,0.220,207.00
23.595,1.77889,3.59370,7.77876,0.18021,0.06353,0.36285,31.2576017,75.7076792,0.220,207.00
23.713,2.56898,3.93128,8.87531,-0.22419,-0.00977,0.20831,31.2576017,75.7076792,0.220,207.00
23.830,3.08613,4.11563,7.94396,-0.33720,0.00244,-0.03665,31.2576017,75.7076792,0.220,207.00
23.949,0.77093,3.67031,9.49062,0.00855,0.66401,-0.26206,31.2576017,75.7076792,0.220,207.00
24.059,-0.78290,4.14197,7.31429,-0.12278,0.28650,-0.05681,31.2576017,75.7076792,0.220,207.00
24.170,-1.72622,2.03268,8.60715,-0.94745,1.33169,0.81367,31.2576017,75.7076792,0.220,207.00
24.287,-2.62165,0.47166,11.38682,-0.90347,1.31519,0.53084,31.2576017,75.7076792,0.220,207.00
24.401,-3.76608,0.52194,10.12508,-0.88453,0.80023,0.74098,31.2576017,75.7076792,0.220,207.00
24.517,-4.11803,0.27294,9.28711,-0.38546,0.33720,0.68967,31.2576013,75.7076793,0.320,358.80
24.633,-4.18028,0.32082,9.06684,-0.20281,0.05864,0.54672,31.2576013,75.7076793,0.320,358.80
24.748,-3.94086,1.03669,8.59518,-0.11179,-0.21319,0.43433,31.2576013,75.7076793,0.320,358.80
24.868,-2.99515,0.73263,8.72208,-0.17287,-0.24190,0.32315,31.2576013,75.7076793,0.320,358.80
24.989,-3.51948,0.55785,8.85855,0.05925,0.09652,0.14966,31.2576013,75.7076793,0.320,358.80
25.108,-2.48997,-0.09816,10.25676,-0.09468,-0.59865,0.05559,31.2576013,75.7076793,0.320,358.80
25.228,-2.02071,-0.34955,10.23521,0.21869,0.11545,-0.48564,31.2576013,75.7076793,0.320,358.80
25.346,-2.21703,-0.32561,10.57279,0.02810,-0.17410,-0.17349,31.2576013,75.7076793,0.320,358.80
25.461,-1.38145,0.28252,7.75482,0.18021,-0.14294,0.11423,31.2576063,75.7076919,0.190,300.40
25.578,-2.48997,-0.90740,11.24078,-0.82772,0.04643,0.29871,31.2576063,75.7076919,0.190,300.40
25.696,-1.42455,-0.30406,8.59040,0.10934,-0.67134,-0.20403,31.2576063,75.7076919,0.190,300.40
25.814,-2.75094,0.49321,8.25760,-0.27122,0.53206,-0.57910,31.2576063,75.7076919,0.190,300.40
25.935,-3.69425,-1.44370,10.95108,-0.49602,1.37445,0.25229,31.2576063,75.7076919,0.190,300.40
26.055,-3.70144,-1.12049,8.56406,0.04887,0.14539,-0.04826,31.2576063,75.7076919,0.190,300.40
26.176,-3.99832,-1.37188,9.31105,-0.31276,0.14905,-0.17104,31.2576063,75.7076919,0.190,300.40
26.298,-4.60884,-1.07739,8.73884,0.02810,-0.00122,-0.38362,31.2576063,75.7076919,0.190,300.40
26.418,-3.69665,-1.57778,9.04529,-0.01100,0.02382,0.11301,31.2576063,75.7076919,0.190,300.40
26.538,-3.76129,-1.47483,8.58800,0.01772,0.00855,0.03421,,,,
26.655,-3.46441,-1.71185,8.83460,-0.16860,-0.00244,0.00122,,,,
26.774,-3.80199,-1.45807,8.92080,-0.05192,0.08308,-0.18143,,,,
26.894,-4.24253,-1.58736,8.98783,-0.35186,-0.02627,-0.29749,,,,
27.016,-4.01986,-2.09493,9.72525,0.20097,-0.35125,-0.21197,,,,
27.133,-3.44286,-1.40779,8.69574,0.86132,-0.45143,-0.04887,,,,
27.250,-3.03345,-0.99599,8.83221,0.51374,-0.47647,-0.25045,,,,
27.364,-2.55940,-0.65841,8.70771,0.13378,0.10018,0.14844,,,,
27.481,-2.84431,-0.78290,9.63187,-0.19853,0.07697,-0.00733,31.2576026,75.7076805,0.050,360.00
27.602,-2.79882,-0.59616,9.01178,0.16493,0.18692,0.14172,31.2576026,75.7076805,0.050,360.00
27.716,-2.92811,-0.56024,9.54089,-0.13683,0.02932,0.01038,31.2576026,75.7076805,0.050,360.00
27.837,-2.76530,-0.73263,9.09557,-0.05070,0.10934,0.08369,31.2576026,75.7076805,0.050,360.00
27.959,-2.97599,-0.90980,9.74440,-0.14722,0.10751,-0.09529,31.2576026,75.7076805,0.050,360.00
28.081,-3.19147,-0.72784,9.30387,0.04154,-0.03360,-0.03726,31.2576026,75.7076805,0.050,360.00
28.200,-3.02627,-0.89304,9.18895,-0.05192,0.05070,-0.05192,31.2576026,75.7076805,0.050,360.00
28.323,-3.27766,-0.97444,9.30387,-0.10385,0.02138,-0.09774,31.2576026,75.7076805,0.050,360.00
28.443,-3.31118,-0.96247,9.26556,0.03421,0.03726,-0.08613,,,,
28.563,-3.32076,-1.00556,9.09078,0.06109,-0.01894,-0.03360,,,,
28.681,-3.16513,-1.13725,9.07881,-0.00244,-0.00122,-0.01894,,,,
28.796,-3.04064,-0.79727,9.09797,-0.17654,-0.35491,-0.05620,,,,
28.917,-2.63602,-0.79487,9.73004,0.02016,-0.03054,-0.04093,,,,
29.035,-2.54025,-0.33519,9.90242,0.19487,-0.08247,-0.16310,,,,
29.155,-2.12126,0.56264,9.65103,0.53756,-0.17654,0.00916,,,,
29.278,-1.48680,0.51475,10.11311,0.07819,-0.45693,0.18754,,,,
29.398,-1.83156,0.63446,9.99579,0.78374,-0.52962,0.07086,,,,
29.518,-2.31998,0.68953,8.28873,-0.02016,0.01466,0.38668,,,,
29.639,-2.95923,-0.08380,10.07241,-0.44043,0.89309,0.54550,,,,
29.761,-2.95444,0.11492,8.35576,0.33598,0.16738,0.64019,,,,
29.890,-3.68946,0.70150,9.67497,-0.31704,0.42822,0.40623,,,,
30.004,-3.16513,1.71185,8.45153,-0.21380,0.00916,0.53451,,,,
30.123,-2.34153,1.26653,9.08600,0.13073,-0.47281,0.57238,,,,
30.242,-1.38624,1.28329,8.64546,0.05376,-0.28772,0.02138,,,,
30.364,-0.33279,0.37828,10.40281,-0.26573,0.23457,-0.45326,,,,
30.485,-2.05662,0.35195,12.97178,0.61087,0.42822,-0.39706,31.2575964,75.7076789,0.270,271.90
30.604,-2.16436,0.41659,8.35337,0.86743,-0.74953,-0.18204,31.2575964,75.7076789,0.270,271.90
30.721,-2.76051,1.86748,7.39090,-0.02749,-0.52473,0.07941,31.2575964,75.7076789,0.270,271.90
30.840,-1.33596,1.11570,8.38928,-0.63774,-0.27122,0.81001,31.2575964,75.7076789,0.270,271.90
30.962,-1.92494,0.87388,10.14902,-0.27000,0.67378,0.47525,31.2575964,75.7076789,0.270,271.90
31.082,-2.85389,-0.45969,15.84722,0.00977,0.47770,0.36041,31.2575964,75.7076789,0.270,271.90
31.195,-1.21865,0.95768,3.80678,0.45998,0.11668,0.10079,31.2575964,75.7076789,0.270,271.90
31.313,-0.95529,-0.38786,10.95587,-1.18386,-0.01283,0.53756,31.2575964,75.7076789,0.270,271.90
31.425,-4.46758,2.68151,8.58321,0.68539,-0.06353,0.22480,31.2575938,75.7076728,0.480,278.20
31.555,1.58017,-1.24498,16.33324,-0.73793,0.03421,1.28526,31.2575938,75.7076728,0.480,278.20
31.666,0.50757,1.90818,6.34703,1.82832,0.06597,-1.12521,31.2575938,75.7076728,0.480,278.20
31.782,0.12210,1.15401,11.84651,-0.80451,-1.52533,-1.23150,31.2575938,75.7076728,0.480,278.20
31.901,1.44131,-0.15083,10.97263,1.25533,0.49786,-1.10933,31.2575938,75.7076728,0.480,278.20
32.020,1.16837,0.63925,8.46111,0.73426,-1.17775,-0.60720,31.2575938,75.7076728,0.480,278.20
32.137,1.30245,2.33435,6.55054,-0.20220,-1.45447,-0.35552,31.2575938,75.7076728,0.480,278.20
32.257,1.45328,1.59454,10.47703,-0.74587,0.69639,-0.53939,31.2575938,75.7076728,0.480,278.20
32.370,-0.24900,1.73101,11.48020,-1.05496,0.27550,-0.70555,31.2575938,75.7076728,0.480,278.20
32.486,-0.43574,1.90578,8.40365,0.56383,-0.47220,-0.95051,31.2575926,75.7076703,0.530,328.20
32.605,-2.58574,1.73580,9.53611,-0.17715,-0.71593,0.36591,31.2575926,75.7076703,0.530,328.20
32.721,2.03268,1.92254,9.87848,0.75014,0.38362,1.09834,31.2575926,75.7076703,0.530,328.20
32.842,1.31202,2.78924,15.19600,0.47831,-0.14416,-0.55589,31.2575926,75.7076703,0.530,328.20
32.955,0.30646,5.26006,5.32231,1.61268,0.52962,-0.95051,,,,
33.070,2.96642,1.62566,12.82813,-2.44529,-0.52107,-0.28833,,,,
33.185,0.81163,1.01993,9.37809,0.05192,1.80938,-0.79596,,,,
33.302,1.17795,1.60890,6.90248,0.41600,-0.55894,-1.99448,,,,
33.423,1.02472,2.76291,9.56244,0.30421,-1.24739,-1.10383,31.2575967,75.7076683,0.490,321.60
33.541,-1.18513,1.99437,9.69173,-0.26450,-0.44776,-1.11727,31.2575967,75.7076683,0.490,321.60
33.652,-2.32956,0.62010,12.24874,-0.88087,-0.17898,-0.86193,31.2575967,75.7076683,0.490,321.60
33.768,-2.30801,0.74699,8.90164,-0.01527,0.86376,0.60109,31.2575967,75.7076683,0.490,321.60
33.885,-1.51314,0.28970,9.55765,-0.33659,-0.42944,0.08613,31.2575967,75.7076683,0.490,321.60
34.005,-1.55863,0.62968,11.19768,0.28955,0.40989,0.54000,31.2575967,75.7076683,0.490,321.60
34.125,-0.04788,1.86987,9.05008,0.43555,-0.18631,0.22785,31.2575967,75.7076683,0.490,321.60
34.243,0.89543,1.79805,9.69173,0.35125,-0.72876,-0.30910,31.2575967,75.7076683,0.490,321.60
34.357,1.19950,2.02549,9.72046,-0.35736,-1.38972,-0.84727,31.2575967,75.7076683,0.490,321.60
34.475,2.08056,1.13485,8.90643,-0.11057,0.24190,-1.02381,31.2575973,75.7076665,0.570,328.90
34.586,2.16436,2.25534,7.27598,0.18204,-0.14478,-0.60415,31.2575973,75.7076665,0.570,328.90
34.696,1.14443,3.05500,8.89446,-0.44776,-0.56200,-0.46548,31.2575973,75.7076665,0.570,328.90
34.807,-0.42377,2.94487,10.03649,0.33781,0.39034,-0.65851,31.2575973,75.7076665,0.570,328.90
34.918,-0.28252,2.22661,11.17374,-0.20403,0.70433,-0.18692,31.2575973,75.7076665,0.570,328.90
35.029,-0.80206,2.16915,11.78905,-0.32498,-0.20708,0.18326,31.2575973,75.7076665,0.570,328.90
35.139,-0.22984,1.86269,8.28633,1.10872,-0.01161,0.35675,31.2575973,75.7076665,0.570,328.90
35.250,0.13886,1.64003,9.01896,0.16616,0.63286,0.11484,31.2575973,75.7076665,0.570,328.90
35.369,1.04387,2.48279,7.71172,0.33109,0.00794,0.13683,31.2575973,75.7076665,0.570,328.90
35.480,2.44687,2.32477,8.37492,-0.30849,-0.20281,-0.33109,31.2576071,75.7076646,0.580,333.20
35.590,2.76530,0.95529,9.69652,-0.76541,1.00060,-0.45143,31.2576071,75.7076646,0.580,333.20
35.709,-2.42293,2.09971,14.16889,-0.30177,0.79535,-0.29810,31.2576071,75.7076646,0.580,333.20
35.826,0.52433,3.25372,5.92565,1.12888,-1.28770,-0.46670,31.2576071,75.7076646,0.580,333.20
35.939,0.97205,5.90889,9.49780,0.61697,-1.01831,0.67989,31.2576071,75.7076646,0.580,333.20
36.056,-0.51475,5.07571,7.91523,0.60781,0.98716,-1.09650,31.2576071,75.7076646,0.580,333.20
36.173,-3.28484,3.73256,8.86094,0.43371,-0.62369,-0.43921,31.2576071,75.7076646,0.580,333.20
36.292,0.14844,3.24654,8.14029,0.95051,0.34941,0.98777,31.2576071,75.7076646,0.580,333.20
36.407,0.86910,4.09169,6.11240,-0.23518,0.71838,0.25840,31.2576071,75.7076646,0.580,333.20
36.525,2.10929,4.54898,8.78672,-0.12584,-0.00244,0.14600,31.2576119,75.7076620,0.870,343.90
36.647,1.65439,5.16908,7.68299,0.03299,-0.61820,-0.50152,31.2576119,75.7076620,0.870,343.90
36.767,3.28724,4.55617,9.28232,-0.81123,-0.55711,-1.41599,31.2576119,75.7076620,0.870,343.90
36.885,0.61292,3.69425,11.14980,-0.11057,0.96700,-0.32803,31.2576119,75.7076620,0.870,343.90
37.005,0.63446,3.68468,6.39970,0.81367,-0.55955,-0.80940,31.2576119,75.7076620,0.870,343.90
37.120,-0.67995,5.90171,8.28394,-0.14172,0.09896,-0.07819,31.2576119,75.7076620,0.870,343.90
37.238,-0.05507,5.50188,9.14824,0.44715,0.13683,-0.15944,31.2576119,75.7076620,0.870,343.90
37.356,-2.06859,3.80199,9.15543,-0.38729,-0.20525,-0.16738,31.2576119,75.7076620,0.870,343.90
37.474,-1.24498,3.89058,8.09480,0.41783,-0.23763,0.25595,31.2576140,75.7076515,1.100,302.40
37.595,-1.34315,4.61841,6.44040,0.18509,0.07514,0.60659,31.2576140,75.7076515,1.100,302.40
37.715,0.15562,5.09486,7.25204,-0.38973,-0.25717,0.69089,31.2576140,75.7076515,1.100,302.40
37.837,1.30245,5.33668,9.19852,0.01588,0.04398,0.05192,31.2576140,75.7076515,1.100,302.40
37.957,2.42293,4.31675,10.78348,-0.56077,-0.63408,-0.25840,31.2576140,75.7076515,1.100,302.40
38.076,2.31280,4.39575,7.35020,0.79840,-0.24496,-0.10324,31.2576140,75.7076515,1.100,302.40
38.199,0.69192,6.21295,7.98227,-0.57299,0.31582,-0.51862,31.2576140,75.7076515,1.100,302.40
38.315,0.49799,5.86819,8.84897,0.63286,0.09835,0.21808,31.2576140,75.7076515,1.100,302.40
38.426,-1.50595,5.03022,8.51139,0.05498,1.02686,-0.07025,31.2576181,75.7076427,0.920,331.20
38.543,-0.79248,3.75411,10.67335,0.28466,0.30421,0.51191,31.2576181,75.7076427,0.920,331.20
38.661,-0.47405,3.87861,7.46033,0.01527,0.15577,0.20464,31.2576181,75.7076427,0.920,331.20
38.789,-0.09577,5.46836,7.64229,0.19120,-0.09285,0.27611,31.2576181,75.7076427,0.920,331.20
38.907,0.71347,5.35822,8.81545,0.07269,-0.14172,-0.12462,31.2576181,75.7076427,0.920,331.20
39.029,0.73981,4.67109,8.43238,0.16982,-0.31398,0.16616,31.2576181,75.7076427,0.920,331.20
39.149,2.80600,4.61602,11.28866,-0.54184,-0.33475,-0.30238,31.2576181,75.7076427,0.920,331.20
39.271,2.58574,4.48195,5.95917,0.23030,-0.35186,-0.01772,31.2576181,75.7076427,0.920,331.20
39.391,2.14042,5.90889,7.31429,-0.73793,-0.23274,-0.42699,31.2576181,75.7076427,0.920,331.20
39.504,-0.41659,5.64074,9.14824,-0.24923,0.51191,0.07575,31.2576261,75.7076363,0.350,330.60
39.625,-0.36871,5.39174,10.14423,0.07330,0.67012,0.23091,31.2576261,75.7076363,0.350,330.60
39.750,0.26576,3.64876,9.93594,0.38790,-0.40134,0.32620,31.2576261,75.7076363,0.350,330.60
39.875,-0.06464,3.47638,8.51857,-0.40134,-0.00916,0.03787,31.2576261,75.7076363,0.350,330.60
39.985,0.40941,3.78284,7.44357,0.00977,0.26817,0.08369,31.2576261,75.7076363,0.350,330.60
40.093,0.81403,4.56095,8.24563,-0.06658,-0.16127,0.33109,31.2576261,75.7076363,0.350,330.60
40.203,2.38462,4.79798,10.45308,-0.22358,-0.40012,-0.32132,31.2576261,75.7076363,0.350,330.60
40.311,1.85551,3.83791,10.47463,-0.12095,-0.93462,-0.81428,31.2576261,75.7076363,0.350,330.60
40.424,1.56341,3.88579,7.68539,0.19548,0.28955,-0.16493,31.2576317,75.7076408,0.640,24.30
40.543,2.82276,5.36541,7.10838,0.40928,-0.52718,0.11973,31.2576317,75.7076408,0.640,24.30
40.659,2.38702,5.96635,7.07726,-0.04887,-0.01100,-0.13500,31.2576317,75.7076408,0.640,24.30
40.777,1.36709,5.64553,8.55927,0.09163,0.18754,-0.03299,31.2576317,75.7076408,0.640,24.30
40.896,1.23780,4.62320,9.87369,-0.41111,0.08552,-0.02321,31.2576317,75.7076408,0.640,24.30
41.012,1.47243,5.28879,8.68138,0.50580,0.00733,0.32498,31.2576317,75.7076408,0.640,24.30
41.131,-0.07422,4.13957,8.02536,-0.04581,0.60659,-0.33537,31.2576317,75.7076408,0.640,24.30
41.254,-0.16520,5.09486,6.98867,0.14355,0.38912,0.04154,31.2576317,75.7076408,0.640,24.30
41.375,0.88585,5.62159,7.81707,-0.02688,0.06597,-0.08308,31.2576317,75.7076408,0.640,24.30
41.494,2.68151,4.80516,7.90087,0.42761,-0.11240,-0.62247,31.2576330,75.7076433,0.590,48.60
41.613,1.73340,3.95522,10.36211,0.04459,0.16616,-0.07269,31.2576330,75.7076433,0.590,48.60
41.735,2.07817,5.21697,5.44202,0.33537,-0.52168,0.06231,31.2576330,75.7076433,0.590,48.60
41.856,2.69108,6.33985,6.57208,-0.34147,-0.05253,-0.41478,31.2576330,75.7076433,0.590,48.60
41.973,-0.54827,7.23049,8.77714,-0.38118,0.28039,0.32803,31.2576330,75.7076433,0.590,48.60
42.091,-0.67277,4.95360,10.19930,-0.44043,0.18937,-0.11668,31.2576330,75.7076433,0.590,48.60
42.210,-0.91937,3.74214,7.51779,0.25229,0.53390,0.44532,31.2576330,75.7076433,0.590,48.60
42.328,-0.48842,3.68707,8.49942,-0.14416,0.18754,0.52718,31.2576330,75.7076433,0.590,48.60
42.444,-0.80206,4.40294,8.00861,0.04276,0.31582,0.27122,31.2576425,75.7076484,0.930,48.60
42.562,0.78051,5.17148,8.48744,0.08308,-0.03299,0.32070,31.2576425,75.7076484,0.930,48.60
42.679,0.88825,4.92966,8.62870,-0.18143,-0.39889,0.16921,31.2576425,75.7076484,0.930,48.60
42.798,2.15239,4.57532,8.35816,-0.22052,-0.67623,0.10201,31.2576425,75.7076484,0.930,48.60
42.918,1.55623,3.93367,7.45794,0.13928,0.46120,-0.24068,31.2576425,75.7076484,0.930,48.60
43.030,3.03345,4.00071,7.27358,0.07758,-0.57544,-0.13439,31.2576425,75.7076484,0.930,48.60
43.150,1.04866,5.03979,7.11557,-0.18448,0.19242,-0.27794,31.2576425,75.7076484,0.930,48.60
43.272,0.73263,5.74130,8.38449,-0.20281,-0.01100,-0.32865,31.2576425,75.7076484,0.930,48.60
43.394,0.07422,4.34308,10.21366,-0.13989,0.79290,-0.36102,31.2576425,75.7076484,0.930,48.60
43.515,-1.30484,2.39420,9.98382,0.18876,0.73609,0.44776,31.2576504,75.7076497,0.870,48.60
43.649,-1.99676,2.14760,9.61511,-0.31765,-0.03726,0.54000,31.2576504,75.7076497,0.870,48.60
43.767,-0.88825,3.36385,8.93995,0.37202,0.54123,0.68783,31.2576504,75.7076497,0.870,48.60
43.875,0.86670,4.56574,9.16500,0.51740,0.09102,0.71166,31.2576504,75.7076497,0.870,48.60
43.984,2.48039,4.81713,6.89770,0.67684,-0.47403,-0.21869,31.2576504,75.7076497,0.870,48.60
44.093,1.41258,4.07014,6.93600,-1.54060,-0.50030,-1.05252,31.2576504,75.7076497,0.870,48.60
44.203,-0.40941,2.63602,9.57681,0.60964,0.36652,-0.66890,31.2576504,75.7076497,0.870,48.60
44.325,-0.25139,2.85389,8.56645,-0.15394,-0.44532,-0.37996,31.2576504,75.7076497,0.870,48.60
44.435,-0.44772,5.09726,9.99100,-0.01649,0.20953,0.04337,31.2576587,75.7076494,0.910,48.60
44.546,-1.24259,6.32548,8.38928,-0.96761,1.00793,0.72754,31.2576587,75.7076494,0.910,48.60
44.657,-4.22577,3.87621,9.38766,0.47281,-0.30604,0.30177,31.2576587,75.7076494,0.910,48.60
44.771,-0.67516,2.71263,15.95496,-1.75685,0.56077,1.11483,31.2576587,75.7076494,0.910,48.60
44.886,-1.83875,1.67594,7.39329,2.95170,3.02745,1.94988,31.2576587,75.7076494,0.910,48.60
45.001,1.96803,3.39258,3.07894,-2.10993,-3.69451,1.21562,31.2576587,75.7076494,0.910,48.60
45.120,4.35505,3.22978,12.14579,-1.22112,-0.03604,1.22417,31.2576587,75.7076494,0.910,48.60
45.237,5.21218,0.29688,12.36845,-0.23274,-1.08490,-1.68049,31.2576587,75.7076494,0.910,48.60
45.353,6.47153,2.11169,7.75961,-0.45082,0.75808,-1.13804,31.2576587,75.7076494,0.910,48.60
45.462,3.47399,1.29526,7.83622,-0.61331,0.42089,-0.42883,31.2576632,75.7076483,0.790,48.60
45.580,1.95606,1.61848,9.40203,0.05559,0.01344,-0.50457,31.2576632,75.7076483,0.790,48.60
45.698,2.20506,2.79643,8.85855,-0.53206,0.73793,0.41722,31.2576632,75.7076483,0.790,48.60
45.816,1.46046,-1.52271,11.83693,-0.34880,0.25595,0.23213,31.2576632,75.7076483,0.790,48.60
45.935,1.01514,-1.62806,11.87285,-0.33170,0.10263,-0.12278,31.2576632,75.7076483,0.790,48.60
46.052,-2.66714,1.01275,5.97832,-0.18265,0.11729,0.16799,31.2576632,75.7076483,0.790,48.60
46.171,1.13006,-0.90740,6.77559,-1.91201,-0.87904,1.24311,31.2576632,75.7076483,0.790,48.60
46.288,0.63925,-3.57454,13.53203,-0.99815,1.16675,1.56015,31.2576632,75.7076483,0.790,48.60
46.402,-0.74220,-2.44209,11.47780,0.22174,0.15088,-0.51435,31.2576632,75.7076483,0.790,48.60
46.520,-1.46765,-2.19069,10.82658,0.89186,-0.21686,-0.91935,31.2576682,75.7076412,0.410,48.60
46.637,1.75974,-3.30160,9.50737,1.21073,0.14478,-0.24374,31.2576682,75.7076412,0.410,48.60
46.756,-0.75896,-1.77410,8.04931,0.50030,-0.16982,-0.77030,31.2576682,75.7076412,0.410,48.60
46.872,-0.95050,-0.80445,8.24324,0.32742,-0.21197,-0.09163,31.2576682,75.7076412,0.410,48.60
46.991,-2.16196,-1.98240,8.98065,0.32193,-0.37202,1.34635,31.2576682,75.7076412,0.410,48.60
47.105,0.50278,-3.71341,10.07720,-1.45325,0.17959,1.61635,31.2576682,75.7076412,0.410,48.60
47.217,-2.42293,-1.39582,11.18092,-0.68845,0.89614,0.04704,31.2576682,75.7076412,0.410,48.60
47.333,-1.64003,-2.87065,9.27753,-0.61820,-0.21808,2.28219,31.2576682,75.7076412,0.410,48.60
47.447,-0.97205,-1.05105,11.23359,-0.44104,-0.21686,0.44471,31.2576740,75.7076300,0.430,10.60
47.557,-0.91937,-0.95529,9.10036,0.82039,-0.56139,0.59376,31.2576740,75.7076300,0.430,10.60
47.666,0.08140,-1.81720,10.46984,-0.01649,-0.53817,0.15638,31.2576740,75.7076300,0.430,10.60
47.775,-0.80445,-1.52271,12.25113,1.48685,0.67317,-0.19853,31.2576740,75.7076300,0.430,10.60
47.884,-1.94649,-0.52912,9.35415,0.72388,0.08735,0.06292,31.2576740,75.7076300,0.430,10.60
47.993,-1.62327,0.05267,8.02536,0.99510,0.02077,0.79351,31.2576740,75.7076300,0.430,10.60
48.101,-3.67749,0.57700,8.92080,0.20769,-0.67317,0.51435,31.2576740,75.7076300,0.430,10.60
48.218,-3.02627,0.54588,9.00699,-0.33903,0.32132,0.51740,31.2576740,75.7076300,0.430,10.60
48.338,-3.21302,0.04549,11.77708,-2.03601,2.27242,1.20218,31.2576740,75.7076300,0.430,10.60
48.458,-2.83952,0.32561,7.22331,0.06353,-0.48686,1.20402,31.2576797,75.7076302,0.600,340.50
48.577,-1.27132,0.16520,7.86016,-0.80023,0.91569,1.56870,31.2576797,75.7076302,0.600,340.50
48.699,0.02394,1.47243,11.51372,-0.31887,0.02993,0.35308,31.2576797,75.7076302,0.600,340.50
48.814,-2.37505,0.45011,12.02129,0.16432,0.00367,-0.60964,31.2576797,75.7076302,0.600,340.50
48.931,-2.04225,-2.92332,14.33887,0.70494,-1.12949,-0.83200,31.2576797,75.7076302,0.600,340.50
49.050,-3.96240,-0.77812,6.68222,1.20707,0.27855,-1.24250,31.2576797,75.7076302,0.600,340.50
49.171,-1.96803,-0.13886,6.39491,0.13134,-0.64202,-0.30604,31.2576797,75.7076302,0.600,340.50
49.295,-4.15633,0.76614,8.82263,-0.10507,0.27917,0.24557,31.2576797,75.7076302,0.600,340.50
49.406,-2.14760,-0.44772,11.25754,-1.45264,0.18265,0.63469,31.2576918,75.7076253,0.800,318.60
49.520,-2.23858,-0.15562,11.69567,-0.53756,0.34941,-0.32681,31.2576918,75.7076253,0.800,318.60
49.638,-3.82115,0.35913,7.45315,0.67806,0.47525,0.08308,31.2576918,75.7076253,0.800,318.60
49.759,-0.99359,0.63686,7.75482,-0.39340,-0.17349,0.10690,31.2576918,75.7076253,0.800,318.60
49.880,-1.00556,0.98641,11.08276,0.40928,0.10812,-0.80879,31.2576918,75.7076253,0.800,318.60
50.001,-0.63446,-0.26576,10.24718,0.48869,-0.61087,-1.24800,31.2576918,75.7076253,0.800,318.60
50.121,-2.06141,-1.76453,13.46020,1.24372,0.29871,-1.53266,31.2576918,75.7076253,0.800,318.60
50.244,-2.67193,-0.73023,7.93917,1.10689,-0.19120,-0.63469,31.2576918,75.7076253,0.800,318.60
50.361,-0.63207,-0.05507,7.67581,0.26512,-0.48869,-0.51068,31.2576918,75.7076253,0.800,318.60
50.478,-4.20422,0.32082,11.70765,0.55955,-0.02199,-0.41783,31.2576976,75.7076188,0.430,308.20
50.598,-3.38301,-0.34716,9.17219,0.19548,-1.77762,-0.29505,31.2576976,75.7076188,0.430,308.20
50.717,-2.37265,1.52271,10.29986,-0.34819,0.79351,0.12828,31.2576976,75.7076188,0.430,308.20
50.837,-2.63362,1.93212,8.12353,0.17349,-0.03176,0.16371,31.2576976,75.7076188,0.430,308.20
50.963,-0.43814,1.23541,9.29908,-0.46914,0.03726,0.15821,31.2576976,75.7076188,0.430,308.20
51.083,-0.87149,1.71664,10.45069,-0.09896,-0.43494,-0.24923,31.2576976,75.7076188,0.430,308.20
51.204,-0.14365,1.07021,8.93995,0.09529,-0.28222,0.11301,31.2576976,75.7076188,0.430,308.20
51.321,1.58736,1.00317,8.35576,-1.20157,0.77824,-0.70127,31.2576976,75.7076188,0.430,308.20
51.428,0.62249,1.81720,13.57991,0.21502,1.18813,-1.10750,31.2577082,75.7076103,0.450,303.30
51.541,-1.55144,0.75657,9.08360,0.77152,-0.40256,0.06109,31.2577082,75.7076103,0.450,303.30
51.659,-1.14443,0.21787,6.62954,0.45082,-0.63530,-0.14661,31.2577082,75.7076103,0.450,303.30
51.775,-4.43885,1.02711,9.74919,-0.02443,0.56566,-0.29871,31.2577082,75.7076103,0.450,303.30
51.891,-3.34949,0.51475,9.24880,-1.18202,0.67256,0.66890,31.2577082,75.7076103,0.450,303.30
52.005,-2.02310,0.67756,8.10916,0.37874,-0.47037,-0.27122,31.2577082,75.7076103,0.450,303.30
52.120,-2.12845,0.06225,8.90882,-0.53634,0.23640,0.35125,31.2577082,75.7076103,0.450,303.30
52.238,-1.94649,-0.74460,11.72680,-0.24251,-0.08125,-0.26084,31.2577082,75.7076103,0.450,303.30
52.356,-4.13479,1.68073,7.93199,0.31215,-0.21075,-0.46792,31.2577082,75.7076103,0.450,303.30
52.469,-3.79960,1.25935,10.33098,0.27733,-0.09163,-0.29138,31.2577103,75.7076076,0.190,294.30
52.585,-2.04225,0.93853,8.94713,0.46609,-0.12767,-0.31337,31.2577103,75.7076076,0.190,294.30
52.700,-1.46286,0.80924,9.25359,0.50213,0.04887,-0.07758,31.2577103,75.7076076,0.190,294.30
52.816,-1.64960,0.55785,10.18972,-0.21197,0.26084,0.41722,31.2577103,75.7076076,0.190,294.30
52.931,-1.37188,1.24498,7.63272,0.16921,-0.52962,0.29322,31.2577103,75.7076076,0.190,294.30
53.041,-2.10690,1.54187,7.73088,-0.25229,0.36408,0.27061,,,,
53.155,-2.86347,-0.36392,12.46661,-0.58277,0.00550,0.38240,,,,
53.266,-5.74608,2.18351,11.19529,-0.55222,0.39401,-0.02016,,,,
53.381,-2.50912,0.09337,8.14268,0.00855,-0.52840,0.73182,,,,
53.495,-3.32315,-0.24181,8.16662,0.15944,0.21869,0.45876,31.2577117,75.7076074,0.290,294.30
53.617,-2.58813,1.33118,9.65342,-0.39828,0.16310,0.33781,31.2577117,75.7076074,0.290,294.30
53.733,-1.01993,1.18992,9.23683,-0.08186,-0.07025,0.14905,31.2577117,75.7076074,0.290,294.30
53.842,-2.11647,0.01197,9.61033,-0.16066,-0.05192,-0.32254,31.2577117,75.7076074,0.290,294.30
53.953,-1.70467,-0.41899,12.05481,-0.10079,-0.00855,-0.18082,31.2577117,75.7076074,0.290,294.30
54.066,-1.30245,-1.18034,11.07079,0.16432,0.09468,0.08613,31.2577117,75.7076074,0.290,294.30
54.178,0.66798,-0.15802,8.69335,0.15882,-0.47098,-0.50274,31.2577117,75.7076074,0.290,294.30
54.291,-3.38061,1.06542,11.06839,0.89492,0.36530,-1.20463,31.2577117,75.7076074,0.290,294.30
54.401,-2.30562,1.51553,9.02614,0.15760,-0.96639,-0.05437,31.2577229,75.7075988,0.490,294.30
54.511,-0.12929,0.31125,8.65025,-0.06536,-0.31337,0.01038,31.2577229,75.7075988,0.490,294.30
54.620,-1.33357,-2.04704,9.70131,-0.73426,2.37993,0.21014,31.2577229,75.7075988,0.490,294.30
54.729,-5.22415,1.00078,11.92312,-1.91873,-0.70555,-0.09102,31.2577229,75.7075988,0.490,294.30
54.842,-0.78769,-2.22421,8.07804,0.49786,-0.85094,0.45448,31.2577229,75.7075988,0.490,294.30
54.952,-2.77488,-2.52588,7.90565,-0.12523,-0.46120,-0.21991,31.2577229,75.7075988,0.490,294.30
55.063,-4.51307,0.10534,7.28077,0.11484,-0.09529,-0.10996,31.2577229,75.7075988,0.490,294.30
55.178,-3.03106,0.30167,10.29986,-0.13806,0.33781,0.40928,31.2577229,75.7075988,0.490,294.30
55.290,-1.59454,-0.38068,9.73722,0.24190,0.24557,0.49847,31.2577229,75.7075988,0.490,294.30
55.404,-1.12288,0.62010,10.41717,-0.16066,-0.10873,-0.07086,31.2577229,75.7075988,0.490,294.30
55.516,-0.23463,-0.91459,11.09713,-0.29322,-0.07025,-0.10385,31.2577281,75.7076002,0.660,359.90
55.629,-0.36871,-1.02232,9.65342,1.27793,-0.08552,-0.97861,31.2577281,75.7076002,0.660,359.90
55.744,-0.33519,-1.13006,10.56561,0.62308,-1.06535,-0.38546,31.2577281,75.7076002,0.660,359.90
55.858,-0.96726,0.50039,8.25042,0.55772,-0.68478,-0.33842,31.2577281,75.7076002,0.660,359.90
55.970,-1.52032,0.87867,8.91122,0.35125,-0.04154,-0.03604,31.2577281,75.7076002,0.660,359.90
56.083,-2.54982,0.71347,9.46428,0.38423,0.77336,-0.15333,31.2577281,75.7076002,0.660,359.90
56.193,-3.12443,1.07500,9.36612,-0.89614,1.25166,0.58582,31.2577281,75.7076002,0.660,359.90
56.307,-2.31280,1.10612,6.22971,0.61820,-0.09407,-0.09591,31.2577281,75.7076002,0.660,359.90
56.420,-4.18506,0.19393,7.91523,-1.00060,0.18998,1.36712,31.2577343,75.7076010,0.610,14.90
56.529,-0.44532,0.64165,10.42435,-1.05496,-0.10507,0.65057,31.2577343,75.7076010,0.610,14.90
56.639,-1.15161,2.62165,9.07642,0.19426,0.31154,0.23152,31.2577343,75.7076010,0.610,14.90
56.750,-0.24181,0.50039,9.63906,-0.33231,-0.49724,-0.14966,31.2577343,75.7076010,0.610,14.90
56.862,-1.90339,-2.45166,16.41225,0.12217,0.10873,-1.50029,31.2577343,75.7076010,0.610,14.90
56.975,-4.53941,-0.76614,10.50336,1.86619,0.20464,-1.26877,31.2577343,75.7076010,0.610,14.90
57.088,-2.94966,-0.72305,7.36696,1.15270,-1.43614,-0.18815,31.2577343,75.7076010,0.610,14.90
57.197,-2.42054,0.79727,6.21774,0.46976,-0.52779,-0.29688,31.2577343,75.7076010,0.610,14.90
57.307,-3.08134,0.90740,7.98466,-0.05864,0.39706,0.12462,31.2577343,75.7076010,0.610,14.90
57.419,-4.90093,0.15802,9.12909,-0.34147,1.19241,0.16738,31.2577367,75.7076036,0.470,26.40
57.525,-4.50110,2.37505,8.77475,0.20403,1.82221,0.46120,31.2577367,75.7076036,0.470,26.40
57.634,-3.96959,2.27210,9.42118,-1.30908,0.22297,1.09223,31.2577367,75.7076036,0.470,26.40
57.745,-0.54588,1.59454,8.80587,-1.09589,-0.41600,1.21684,31.2577367,75.7076036,0.470,26.40
57.858,-2.01831,2.70305,10.69969,0.51740,0.21502,0.32193,31.2577367,75.7076036,0.470,26.40
57.972,-0.15802,0.41420,8.96150,0.02382,-1.53205,1.33352,31.2577367,75.7076036,0.470,26.40
58.089,0.75417,-2.08296,17.08502,-1.01526,0.31460,-0.30360,31.2577367,75.7076036,0.470,26.40
58.205,-2.06380,0.66559,8.53054,1.22601,-0.08491,-1.25044,31.2577367,75.7076036,0.470,26.40
58.322,0.03591,0.52672,7.27837,0.16799,-0.62614,-0.63530,31.2577367,75.7076036,0.470,26.40
58.436,-1.48680,1.42694,9.76116,0.52534,-0.13073,-0.67684,31.2577366,75.7076032,0.490,33.70
58.545,-2.07817,0.98881,8.92319,0.11912,-0.37202,0.13561,31.2577366,75.7076032,0.490,33.70
58.655,-0.83079,1.19231,12.71321,-1.16125,1.35918,0.44715,31.2577366,75.7076032,0.490,33.70
58.766,-3.84748,3.63919,7.12754,0.64263,0.27489,0.25473,31.2577366,75.7076032,0.490,33.70
58.877,0.11732,2.12605,8.29591,-0.04398,0.03726,0.38546,31.2577366,75.7076032,0.490,33.70
58.988,-1.32878,3.58891,10.61589,-0.15516,-0.23274,0.07147,31.2577366,75.7076032,0.490,33.70
59.100,-0.07901,2.86347,9.52174,0.34880,-0.55650,-0.14172,31.2577366,75.7076032,0.490,33.70
59.210,0.97683,1.92733,6.22253,-0.00244,-0.08125,-0.17715,31.2577366,75.7076032,0.490,33.70
59.321,-0.10295,0.60813,12.72518,-0.04765,-0.26939,-0.43860,31.2577366,75.7076032,0.490,33.70
59.428,-1.00556,0.40941,8.98065,0.42516,0.18021,-0.35369,31.2577454,75.7076052,0.370,35.50
59.537,-0.45729,1.39821,7.89129,0.36591,0.01283,-0.57238,31.2577454,75.7076052,0.370,35.50
59.651,-2.49476,1.56581,10.14423,0.34880,-0.30482,0.16249,31.2577454,75.7076052,0.370,35.50
59.762,-2.24816,1.57060,10.15620,-0.16127,-0.00611,0.32742,31.2577454,75.7076052,0.370,35.50
59.877,-2.01352,1.89621,12.82813,-1.51617,1.03297,0.42944,31.2577454,75.7076052,0.370,35.50
59.991,-3.60088,1.76692,8.42041,0.08002,0.32803,0.70494,31.2577454,75.7076052,0.370,35.50
60.107,-0.56743,1.08936,7.90565,-0.03054,-0.07269,0.49236,31.2577454,75.7076052,0.370,35.50
60.225,-0.30167,1.94409,9.03332,0.10751,-0.40806,0.15638,31.2577454,75.7076052,0.370,35.50
60.348,-0.34955,3.20105,8.14029,-0.45204,0.00977,-0.37080,31.2577454,75.7076052,0.370,35.50
60.455,-2.36068,-0.64883,17.89666,-0.49480,0.51801,-0.24801,,,,
60.563,-1.20907,-1.43413,10.40041,0.93218,-0.41050,-0.24496,,,,
60.670,-1.58975,0.71826,6.95994,0.46792,-0.72876,-0.18387,,,,
60.780,-3.20105,2.11169,7.76440,0.12767,-0.44899,-0.01588,,,,
60.903,-1.31681,1.63285,10.62786,-0.11240,0.36774,0.48503,,,,
61.013,-1.25696,1.34075,11.86327,-0.82222,0.23457,0.88453,,,,
61.128,-1.01035,1.25696,7.38372,0.38607,0.17776,0.56322,,,,
61.245,-0.01197,1.09176,8.09001,-0.35491,-0.50396,0.53451,,,,
61.360,0.72305,3.70383,10.01255,-0.10996,0.65668,-0.26328,,,,
61.478,0.77093,2.88501,10.23042,1.06779,-0.65240,-0.93585,31.2577525,75.7076021,0.340,28.50
61.593,0.29449,2.77727,8.45393,-0.43310,-0.55894,-0.25229,31.2577525,75.7076021,0.340,28.50
61.705,0.85952,0.93613,13.03882,0.15882,-0.24557,-1.02564,31.2577525,75.7076021,0.340,28.50
61.816,-1.88903,1.18752,8.79151,1.02625,-0.55955,-0.79290,31.2577525,75.7076021,0.340,28.50
61.933,0.59855,2.01831,5.87058,0.16249,-0.85765,-0.44166,31.2577525,75.7076021,0.340,28.50
62.049,-0.98162,1.74777,11.90637,-0.88759,-0.16982,0.45571,31.2577525,75.7076021,0.340,28.50
62.162,-1.70228,2.85149,8.55927,-0.45204,0.41233,0.25962,31.2577525,75.7076021,0.340,28.50
62.276,0.03112,-0.05507,14.17128,-1.00793,0.68906,0.50091,31.2577525,75.7076021,0.340,28.50
62.394,0.41899,1.95127,6.30393,0.02749,0.55894,0.34575,31.2577525,75.7076021,0.340,28.50
62.507,1.68552,0.75178,9.91678,-0.50519,-0.13500,0.48442,31.2577627,75.7075973,0.550,21.20
62.622,-0.71587,1.82678,11.15219,0.61881,0.01405,-0.69455,31.2577627,75.7075973,0.550,21.20
62.740,0.45969,1.67834,9.07402,-0.35186,-0.22724,-0.23152,31.2577627,75.7075973,0.550,21.20
62.857,3.29203,-1.56820,13.02925,-1.24311,-0.35369,-0.10324,31.2577627,75.7075973,0.550,21.20
62.975,1.42934,0.12210,8.96868,1.51800,0.47281,-1.30786,31.2577627,75.7075973,0.550,21.20
63.092,0.46926,-0.48602,6.89291,0.31154,-0.70677,-0.62797,31.2577627,75.7075973,0.550,21.20
63.206,1.15401,-0.20830,9.50977,0.23274,-0.50641,-0.44043,31.2577627,75.7075973,0.550,21.20
63.320,-2.05662,2.07817,9.48822,0.14722,0.22907,-0.12767,31.2577627,75.7075973,0.550,21.20
63.433,-1.57538,-0.22745,8.61913,-0.94134,0.56627,0.96639,31.2577693,75.7076020,0.360,15.70
63.545,-0.39025,-0.38547,12.29662,0.44838,0.38607,-0.20159,31.2577693,75.7076020,0.360,15.70
63.661,0.62249,-1.13006,7.44836,-1.15270,0.17043,0.75931,31.2577693,75.7076020,0.360,15.70
63.770,2.11647,-1.27611,12.43070,-0.54550,0.51191,-1.01404,31.2577693,75.7076020,0.360,15.70
63.878,-2.62644,1.41018,9.52892,1.28831,-0.35797,-0.45448,31.2577693,75.7076020,0.360,15.70
63.989,0.24421,-0.72305,10.49139,0.55833,-0.92913,-0.64996,31.2577693,75.7076020,0.360,15.70
64.102,-0.09816,-0.55545,9.96946,0.39095,-0.66890,-0.32132,31.2577693,75.7076020,0.360,15.70
64.215,1.23301,-1.17316,9.00220,0.03910,-0.14844,0.30421,31.2577693,75.7076020,0.360,15.70
64.331,1.50116,0.70390,8.28633,0.23640,-0.58765,-0.06292,31.2577693,75.7076020,0.360,15.70
64.444,0.78530,3.51708,9.20092,0.08247,0.45998,0.42883,31.2577722,75.7076029,0.520,61.40
64.552,3.53384,-0.79727,9.85453,0.09285,0.18815,0.59743,31.2577722,75.7076029,0.520,61.40
64.668,-1.17316,-0.00239,10.62068,-0.12462,1.96332,-1.66278,31.2577722,75.7076029,0.520,61.40
64.782,-2.15239,0.99838,13.38598,-0.31398,1.35795,-0.09591,31.2577722,75.7076029,0.520,61.40
64.893,-1.94888,1.57060,8.14986,1.16309,-0.13928,-0.01222,31.2577722,75.7076029,0.520,61.40
65.004,-1.27372,2.05662,7.74524,0.04459,-0.44227,0.43677,31.2577722,75.7076029,0.520,61.40
65.120,-1.82678,2.44927,9.90481,-1.28648,-0.12950,-0.14539,31.2577722,75.7076029,0.520,61.40
65.237,0.73023,2.41096,7.55371,0.39889,-0.47037,-0.06842,31.2577722,75.7076029,0.520,61.40
65.352,2.96642,0.00718,10.87207,-0.30177,-0.18998,-1.04886,31.2577722,75.7076029,0.520,61.40
65.466,0.38307,0.11492,12.94545,-0.69089,0.81612,-1.57053,31.2577772,75.7076018,0.280,76.80
65.577,-0.06464,0.84994,8.90643,1.24433,-0.11973,-0.49724,31.2577772,75.7076018,0.280,76.80
65.687,-1.56581,1.72383,7.95833,0.36224,-0.24557,-0.62553,31.2577772,75.7076018,0.280,76.80
65.797,0.90501,1.59214,6.18183,-0.20403,0.30665,0.33964,31.2577772,75.7076018,0.280,76.80
65.916,-2.58095,2.09971,12.35887,-0.67195,0.51007,0.17837,31.2577772,75.7076018,0.280,76.80
66.029,-2.91853,1.35512,11.08515,-0.52657,1.40743,1.05008,31.2577772,75.7076018,0.280,76.80
66.144,-1.98719,-0.79966,9.74201,0.09713,-0.30604,1.26816,31.2577772,75.7076018,0.280,76.80
66.259,-2.75573,0.46448,7.16824,0.17776,0.06720,0.65424,31.2577772,75.7076018,0.280,76.80
66.373,-0.37350,1.29766,9.46907,-0.93890,0.03360,0.59193,31.2577772,75.7076018,0.280,76.80
66.488,-1.08936,3.01430,9.62948,0.18326,-0.21258,0.06720,31.2577733,75.7076030,0.150,76.90
66.601,0.89543,1.48919,8.65983,0.73976,1.13010,-0.56994,31.2577733,75.7076030,0.150,76.90
66.717,-2.24097,2.39899,11.35330,-0.78802,0.05620,-0.77885,31.2577733,75.7076030,0.150,76.90
66.829,-0.75657,0.89064,12.09790,0.78985,0.58765,-0.54734,31.2577733,75.7076030,0.150,76.90
66.941,-2.28167,1.16598,9.47625,1.41171,-0.13867,-0.60231,31.2577733,75.7076030,0.150,76.90
67.057,-1.48441,2.43730,8.40125,0.11973,-1.09650,-0.23274,31.2577733,75.7076030,0.150,76.90
67.173,-3.58651,3.48356,8.37013,0.94134,-0.14539,-0.44532,31.2577733,75.7076030,0.150,76.90
67.290,-2.59292,4.11084,8.52575,0.36285,-0.43005,-0.48442,31.2577733,75.7076030,0.150,76.90
67.405,-2.18351,3.51708,12.24634,-0.23091,1.04702,0.89003,31.2577818,75.7075980,0.370,48.40
67.516,-1.09176,4.25928,6.55293,0.02321,-1.20585,-0.14905,31.2577818,75.7075980,0.370,48.40
67.629,0.01197,3.29682,8.72926,-0.84666,-3.65297,0.14783,31.2577818,75.7075980,0.370,48.40
67.741,4.70461,2.28407,4.79319,0.44776,1.29442,0.76664,31.2577818,75.7075980,0.370,48.40
67.855,-0.76614,4.49870,10.30704,0.97250,3.56134,0.20525,31.2577818,75.7075980,0.370,48.40
67.970,-2.15957,2.98557,10.23761,-0.28955,0.67989,-0.54428,31.2577818,75.7075980,0.370,48.40
68.082,-3.15556,2.53067,10.60631,-0.02688,0.39462,-1.17286,31.2577818,75.7075980,0.370,48.40
68.192,0.49560,2.07338,7.45076,1.56076,-1.48501,-1.38544,31.2577818,75.7075980,0.370,48.40
68.302,0.03352,2.32477,6.97431,-0.31582,-1.95233,-1.25472,31.2577818,75.7075980,0.370,48.40
68.414,-1.16837,1.55384,10.41478,-3.65786,1.04458,-2.37382,31.2577937,75.7075963,0.440,29.30
68.523,-9.74919,0.27773,14.22874,1.71470,-0.68173,-1.43614,31.2577937,75.7075963,0.440,29.30
68.637,-5.79157,1.93212,8.47308,0.16249,0.86437,0.55405,31.2577937,75.7075963,0.440,29.30
68.753,-2.94247,-0.70868,11.04206,0.61025,0.88942,1.95110,31.2577937,75.7075963,0.440,29.30
68.871,-0.83558,0.73981,7.26401,1.32130,-0.06414,1.38239,31.2577937,75.7075963,0.440,29.30
68.988,1.26893,2.61447,6.66306,0.86987,0.14539,0.85216,31.2577937,75.7075963,0.440,29.30
69.103,-1.58975,4.12521,6.02381,-0.26573,0.50763,0.13378,31.2577937,75.7075963,0.440,29.30
69.216,0.84276,4.39336,6.90009,-1.43553,-1.03786,-0.62003,31.2577937,75.7075963,0.440,29.30
69.332,-5.48272,0.10295,17.21431,-2.96636,0.98960,-2.51860,31.2577937,75.7075963,0.440,29.30
69.450,-2.46363,0.28491,6.21295,1.29442,-0.81001,-0.21686,31.2578069,75.7075961,0.640,21.00
69.556,-0.55545,1.09894,8.19535,-0.47403,-1.51983,0.15211,31.2578069,75.7075961,0.640,21.00
69.668,0.73981,1.66158,12.07396,1.63956,-0.84177,-0.78069,31.2578069,75.7075961,0.640,21.00
69.784,-1.26893,4.51546,5.89213,0.23885,1.16553,0.49236,31.2578069,75.7075961,0.640,21.00
69.902,-1.59214,2.23379,10.45069,-0.90408,1.22417,0.34819,31.2578069,75.7075961,0.640,21.00
70.015,-2.03028,-0.48602,13.74032,-0.56933,0.43799,0.73609,31.2578069,75.7075961,0.640,21.00
70.124,-0.50039,0.66559,9.92397,0.80879,-0.13317,0.84666,31.2578069,75.7075961,0.640,21.00
70.236,-1.15401,1.31442,7.19697,0.18448,0.53573,0.31215,31.2578069,75.7075961,0.640,21.00
70.350,-1.30245,2.35589,7.65666,0.05437,0.15149,0.39523,31.2578069,75.7075961,0.640,21.00
70.462,-3.29682,1.16837,9.44991,-2.00852,1.09711,-0.55222,31.2578173,75.7075969,0.710,7.20
70.571,1.45328,-0.07661,10.66138,0.87354,-1.07085,0.89370,31.2578173,75.7075969,0.710,7.20
70.683,3.84748,0.46208,6.08845,1.18202,-0.83383,1.27488,31.2578173,75.7075969,0.710,7.20
70.793,1.91057,-0.55785,13.39316,-0.59315,-1.83198,1.66461,31.2578173,75.7075969,0.710,7.20
70.908,3.73017,2.28886,12.48816,-1.28465,-0.98105,0.08186,31.2578173,75.7075969,0.710,7.20
71.023,2.79882,3.37104,8.63589,-0.37690,-0.59376,-0.00611,31.2578173,75.7075969,0.710,7.20
71.133,3.08373,3.45723,10.46506,0.04704,-0.19792,0.08002,31.2578173,75.7075969,0.710,7.20
71.245,1.26174,3.30160,13.86482,0.35247,1.81977,-0.62797,31.2578173,75.7075969,0.710,7.20
71.357,0.39744,1.35991,11.57836,1.79411,1.90651,0.07636,31.2578173,75.7075969,0.710,7.20
71.465,0.30646,1.28808,12.95742,1.78800,1.46119,0.41600,31.2578226,75.7075987,0.300,357.70
71.577,3.03585,2.47082,9.63427,2.61817,-0.11912,0.76358,31.2578226,75.7075987,0.300,357.70
71.690,1.76453,4.35266,5.07092,1.47463,0.45021,-0.07453,31.2578226,75.7075987,0.300,357.70
71.804,2.19309,6.67743,5.65989,1.32375,-0.18448,0.11240,31.2578226,75.7075987,0.300,357.70
71.919,-1.80523,7.99424,4.98473,0.00977,-0.15394,-1.05313,31.2578226,75.7075987,0.300,357.70
72.033,-2.20745,4.82671,1.35512,0.24923,-1.35429,-0.92302,31.2578226,75.7075987,0.300,357.70
72.152,-0.47645,3.79960,5.96396,-2.68842,-0.71654,-1.29503,31.2578226,75.7075987,0.300,357.70
72.269,-5.75327,7.58004,7.17542,-1.99814,1.16920,-0.62980,31.2578226,75.7075987,0.300,357.70
72.387,-7.32626,6.37097,8.00382,-0.96028,0.00428,1.61940,31.2578226,75.7075987,0.300,357.70
72.504,-1.76692,5.83946,10.83137,0.06964,-0.58765,2.17896,31.2578341,75.7075978,0.960,351.70
72.626,-4.68066,2.88741,8.51378,0.03238,0.96578,1.79472,31.2578341,75.7075978,0.960,351.70
72.738,2.41096,4.32632,10.75715,0.39706,1.70187,2.02135,31.2578341,75.7075978,0.960,351.70
72.851,0.23703,4.12282,8.32703,-1.60780,2.02380,-0.59376,31.2578341,75.7075978,0.960,351.70
72.968,-0.14365,5.13556,6.95516,0.79535,0.76419,1.69576,,,,
73.085,-2.85149,5.92325,9.46189,-0.29688,1.68171,0.49114,,,,
73.201,-0.11971,5.84185,7.65187,-0.64202,0.22785,-0.17532,,,,
73.314,-0.73502,5.71496,8.49463,-0.21075,0.43982,-0.28405,,,,
73.430,-4.40294,4.15155,6.13155,0.58215,0.77885,-0.58338,31.2578481,75.7075983,0.620,341.00
73.546,-2.34871,6.14592,3.82115,-0.60476,-0.96333,-0.73487,31.2578481,75.7075983,0.620,341.00
73.657,-5.73172,5.73651,8.01818,0.30482,-3.06838,0.08552,31.2578481,75.7075983,0.620,341.00
73.769,-2.59771,5.84664,11.30542,0.54550,0.19731,0.55772,31.2578481,75.7075983,0.620,341.00
73.884,-1.87945,4.52504,7.29034,1.30175,-0.42699,1.05985,31.2578481,75.7075983,0.620,341.00
73.993,-4.02226,3.98395,6.90727,-1.23212,1.43553,-0.23946,31.2578481,75.7075983,0.620,341.00
74.107,-3.99353,5.47554,9.06924,-1.43126,2.75867,-0.98044,31.2578481,75.7075983,0.620,341.00
74.219,-2.44687,5.53061,8.22887,0.28955,1.93889,0.26756,31.2578481,75.7075983,0.620,341.00
74.333,-1.17795,3.29442,7.34541,1.36101,-1.87658,-0.70616,31.2578481,75.7075983,0.620,341.00
74.444,-3.84269,0.74220,7.19458,0.28039,-2.35489,-2.81792,31.2578570,75.7075946,0.630,336.10
74.555,-4.07014,1.36469,6.37097,0.09468,-2.84969,-1.80266,31.2578570,75.7075946,0.630,336.10
74.671,-4.85544,2.43730,9.97664,-0.53267,-1.67866,-1.86314,31.2578570,75.7075946,0.630,336.10
74.783,-4.38618,4.04620,11.39401,-0.15272,-0.80512,-0.67989,31.2578570,75.7075946,0.630,336.10
74.899,-1.08936,4.30477,8.21451,1.02137,-0.31276,0.59437,31.2578570,75.7075946,0.630,336.10
75.008,-1.24259,3.22978,8.46829,0.24862,-0.41111,0.83627,31.2578570,75.7075946,0.630,336.10
75.115,-1.27132,2.33195,12.78743,0.56139,1.20646,1.16492,31.2578570,75.7075946,0.630,336.10
75.226,0.62489,3.05979,7.39090,0.36957,-0.03421,0.72143,31.2578570,75.7075946,0.630,336.10
75.343,-0.69911,3.67271,8.04212,-0.13378,0.41783,0.29627,31.2578570,75.7075946,0.630,336.10
75.456,1.29047,4.12760,8.87052,0.14844,-0.08858,0.47525,31.2578659,75.7075911,0.570,329.40
75.566,0.39265,3.56736,6.82826,-0.25168,-0.28894,-0.36957,31.2578659,75.7075911,0.570,329.40
75.681,2.73178,3.56018,12.87841,-0.86254,-2.29930,-0.58521,31.2578659,75.7075911,0.570,329.40
75.797,2.24576,1.17795,8.81306,1.89613,1.14476,-0.45021,31.2578659,75.7075911,0.570,329.40
75.910,2.41096,3.02627,4.11324,0.19853,-0.85277,-0.29077,31.2578659,75.7075911,0.570,329.40
76.023,1.50595,4.97036,5.53539,-0.41294,-0.55711,-0.25412,31.2578659,75.7075911,0.570,329.40
76.137,-0.42856,6.67025,9.43076,-0.19120,1.06963,-1.25166,31.2578659,75.7075911,0.570,329.40
76.251,-4.81713,4.55856,9.21528,-0.67073,0.00916,-0.32865,31.2578659,75.7075911,0.570,329.40
76.361,-1.08936,3.58173,18.22227,0.32559,1.36834,2.23210,31.2578659,75.7075911,0.570,329.40
76.471,-0.07183,2.83952,6.72052,0.82955,1.74952,1.92667,31.2578757,75.7075843,0.390,323.20
76.582,0.81403,3.38780,6.84502,1.63773,-0.42577,0.62919,31.2578757,75.7075843,0.390,323.20
76.696,2.54743,4.16831,4.07014,-0.01833,0.14355,0.26817,31.2578757,75.7075843,0.390,323.20
76.811,2.65278,4.27844,7.62793,-0.87354,0.20281,-0.46426,31.2578757,75.7075843,0.390,323.20
76.926,1.19231,4.50828,8.52096,-1.12766,-0.01894,-1.28954,31.2578757,75.7075843,0.390,323.20
77.041,0.16520,3.37104,10.34535,0.07086,0.14722,-0.90897,31.2578757,75.7075843,0.390,323.20
77.155,0.53870,2.32238,7.80270,-0.55161,-1.05008,-1.91384,31.2578757,75.7075843,0.390,323.20
77.270,-3.53384,2.38702,9.22246,-0.12095,0.26328,-0.86621,31.2578757,75.7075843,0.390,323.20
77.385,-1.86987,4.51786,7.14430,0.18876,0.37446,-0.20220,31.2578757,75.7075843,0.390,323.20
77.496,-5.61440,3.18429,11.27190,0.22541,0.58887,0.63530,31.2578843,75.7075800,0.440,323.70
77.606,-3.28006,3.25133,11.43231,0.18265,-0.98410,1.02442,31.2578843,75.7075800,0.440,323.70
77.718,-1.22104,3.47159,9.03093,0.22235,-0.04704,1.25105,31.2578843,75.7075800,0.440,323.70
77.833,-0.97444,3.13880,4.32872,0.34147,1.37078,0.78618,31.2578843,75.7075800,0.440,323.70
77.947,0.24421,2.76530,8.68856,-0.15394,-1.57725,-0.99815,31.2578843,75.7075800,0.440,323.70
78.063,1.16119,3.56736,10.64941,-0.45143,0.70983,0.18387,31.2578843,75.7075800,0.440,323.70
78.179,1.45567,2.57616,9.12909,-0.14478,-0.74342,-1.41965,31.2578843,75.7075800,0.440,323.70
78.291,0.67277,2.22661,10.49379,0.40928,2.72385,-0.74220,31.2578843,75.7075800,0.440,323.70
78.407,-0.84276,2.33674,9.34936,0.29260,-0.63591,-0.45876,31.2578896,75.7075775,0.430,324.80
78.513,-2.69348,4.22816,8.92080,0.40623,-0.41172,-0.23946,31.2578896,75.7075775,0.430,324.80
78.621,-3.25133,5.67186,9.14824,0.28100,0.21502,0.03421,31.2578896,75.7075775,0.430,324.80
78.730,-2.61926,4.93445,8.21211,0.63347,0.31643,1.04275,31.2578896,75.7075775,0.430,324.80
78.838,-2.28167,3.17711,11.57357,0.35858,0.66645,1.21135,31.2578896,75.7075775,0.430,324.80
78.953,-0.54827,3.79481,8.40604,0.34392,-0.04581,0.70494,31.2578896,75.7075775,0.430,324.80
79.070,-0.03352,3.26809,6.02860,-0.34453,1.16125,-0.31032,31.2578896,75.7075775,0.430,324.80
79.182,-2.79882,4.60644,8.29591,-0.02443,-0.87293,-0.42333,31.2578896,75.7075775,0.430,324.80
79.293,2.25773,6.50744,8.23605,1.70981,-3.65725,1.17347,31.2578896,75.7075775,0.430,324.80
79.407,1.41497,6.67982,7.74764,-0.99754,0.75931,-0.74159,31.2578998,75.7075801,0.490,334.40
79.514,1.87466,4.79080,7.35978,-0.08308,-0.06903,-0.70188,31.2578998,75.7075801,0.490,334.40
79.624,1.33357,5.00149,7.58004,-0.01588,-0.19242,-0.46181,31.2578998,75.7075801,0.490,334.40
79.731,0.90022,6.03818,8.02058,0.22480,-0.50824,-0.70921,31.2578998,75.7075801,0.490,334.40
79.839,2.49955,6.95994,5.75087,-0.21441,0.27245,0.22907,31.2578998,75.7075801,0.490,334.40
79.947,-0.08380,8.21211,9.12909,-0.38179,0.70616,0.20159,31.2578998,75.7075801,0.490,334.40
80.053,-0.52672,8.04452,10.74518,1.74830,2.61756,0.71960,31.2578998,75.7075801,0.490,334.40
80.161,-0.69192,4.95121,4.98712,1.24494,1.84420,0.56566,31.2578998,75.7075801,0.490,334.40
80.277,0.34955,4.04381,2.49476,0.07697,0.43005,0.67867,31.2578998,75.7075801,0.490,334.40
80.394,-0.02634,5.49948,5.28400,-1.32069,-0.10996,0.49297,31.2578998,75.7075801,0.490,334.40
80.508,-0.34237,4.88896,7.18739,-1.42393,0.03665,-0.04765,31.2579087,75.7075799,0.860,329.10
80.626,1.23541,2.31998,8.87770,-1.38361,-0.16249,0.73121,31.2579087,75.7075799,0.860,329.10
80.742,2.95444,-1.10852,9.68694,-2.84236,-0.87842,0.16432,31.2579087,75.7075799,0.860,329.10
80.857,3.36146,-3.83791,10.27112,-2.65787,-0.59682,0.03421,31.2579087,75.7075799,0.860,329.10
80.974,0.43814,-1.49398,15.24867,-2.27669,-0.62675,-0.90408,31.2579087,75.7075799,0.860,329.10
81.083,2.59053,0.50278,11.94707,-0.45021,0.36591,-0.14111,31.2579087,75.7075799,0.860,329.10
81.197,1.56581,0.07901,12.28944,-0.24374,0.07025,-0.17226,31.2579087,75.7075799,0.860,329.10
81.316,3.75890,-0.14126,15.76582,1.76723,-0.09468,-0.03910,31.2579087,75.7075799,0.860,329.10
81.434,-1.79326,-3.90255,10.82658,3.16306,1.27243,0.70433,31.2579140,75.7075776,0.650,328.90
81.551,-0.20351,-3.44765,6.45477,1.72508,0.50763,2.02685,31.2579140,75.7075776,0.650,328.90
81.668,1.32399,-2.59292,5.29837,-0.30604,-0.80879,1.91812,31.2579140,75.7075776,0.650,328.90
81.786,2.40138,-2.19309,7.58962,-1.16797,0.54917,-0.03115,31.2579140,75.7075776,0.650,328.90
81.904,-0.97205,-3.49793,13.56555,-2.14047,0.36713,-3.69696,31.2579140,75.7075776,0.650,328.90
82.028,-1.94649,0.79487,12.37084,-1.20402,0.28527,-0.75259,31.2579140,75.7075776,0.650,328.90
82.144,0.01915,-1.63763,10.00058,-0.47831,0.16982,0.37202,31.2579140,75.7075776,0.650,328.90
82.261,1.90339,-0.71108,9.24401,-0.63713,0.29016,0.19914,31.2579140,75.7075776,0.650,328.90
82.375,0.62968,-2.41096,10.85292,0.00794,-0.96089,0.52718,31.2579140,75.7075776,0.650,328.90
82.491,2.01113,-2.58813,8.63589,0.17226,-0.56139,0.56261,31.2579267,75.7075753,0.760,333.90
82.605,2.12845,-4.09408,11.21444,-0.44960,-1.70676,0.30910,,,,
82.716,-2.22661,-5.54737,11.31739,1.66888,-1.37078,-0.14416,,,,
82.826,-0.84276,-5.30555,8.69813,1.80694,0.24190,1.32436,,,,
82.939,2.50912,-4.29041,5.37259,0.69089,0.82100,2.69941,,,,
83.053,1.99916,-5.24570,6.44998,-0.45204,-0.51985,0.94867,,,,
83.170,1.57299,-5.62398,11.67413,-1.90468,0.08247,0.17471,,,,
83.284,3.16753,-4.38618,10.80743,-1.28160,1.67499,-2.21805,,,,
83.401,0.15802,-2.06141,7.51779,0.98716,1.61207,-2.18629,,,,
83.517,-0.35674,-1.75734,6.92882,0.16677,0.06353,-0.41600,31.2579414,75.7075758,0.930,340.20
83.640,1.88663,-2.42054,11.23359,0.43433,-0.08858,0.82161,31.2579414,75.7075758,0.930,340.20
83.754,1.24020,-3.80199,9.64384,0.75442,0.79474,-0.03176,31.2579414,75.7075758,0.930,340.20
83.867,-1.25696,-4.19225,11.30303,-0.75808,-0.50885,0.39889,31.2579414,75.7075758,0.930,340.20
83.984,1.78129,-3.57694,8.45632,0.59437,-0.95723,0.95295,31.2579414,75.7075758,0.930,340.20
84.100,-0.96965,-3.10289,8.61434,0.07208,-0.22419,-0.33353,31.2579414,75.7075758,0.930,340.20
84.229,0.63686,-2.97360,8.18578,-0.04765,-0.50641,0.82284,31.2579414,75.7075758,0.930,340.20
84.341,0.67516,-3.40934,10.07720,-0.35613,-0.29260,-0.36102,31.2579414,75.7075758,0.930,340.20
84.456,0.99838,-4.17070,10.49139,-0.15394,0.61758,-0.61820,31.2579506,75.7075757,0.680,344.80
84.566,-1.30723,-3.06937,10.07001,-0.75564,1.51433,-0.16860,31.2579506,75.7075757,0.680,344.80
84.679,3.02148,-4.29280,7.48906,0.35247,0.21136,-0.19975,31.2579506,75.7075757,0.680,344.80
84.793,-0.46448,-3.23696,7.72848,-0.38668,0.56200,-1.27854,31.2579506,75.7075757,0.680,344.80
84.906,2.29365,-3.09810,9.38288,-0.57910,-0.88575,0.71288,31.2579506,75.7075757,0.680,344.80
85.015,2.23379,-2.74136,9.17698,-0.65546,0.62736,-1.47035,31.2579506,75.7075757,0.680,344.80
85.130,0.87149,-4.13957,10.69969,0.22969,-0.05620,0.21380,31.2579506,75.7075757,0.680,344.80
85.243,0.83558,-1.24020,11.08515,0.76725,0.09957,1.52472,31.2579506,75.7075757,0.680,344.80
85.353,-1.42694,-4.84108,11.33415,1.62063,-0.87476,0.09529,31.2579506,75.7075757,0.680,344.80
85.465,-1.45567,-5.30795,9.95988,1.55771,-0.51374,1.47829,31.2579637,75.7075783,0.730,358.00
85.579,3.43568,-3.70622,4.58490,1.01098,0.52351,1.78861,31.2579637,75.7075783,0.730,358.00
85.697,0.78290,-3.69186,7.11557,-1.40132,-0.29871,-0.09102,31.2579637,75.7075783,0.730,358.00
85.808,-1.09894,-4.69982,11.15937,-1.61391,0.52840,-0.34575,31.2579637,75.7075783,0.730,358.00
85.923,1.44849,-2.93529,11.76511,-0.55833,1.40194,1.94683,31.2579637,75.7075783,0.730,358.00
86.035,1.55144,-3.16992,7.21612,-0.21319,0.70372,-0.10201,31.2579637,75.7075783,0.730,358.00
86.146,-1.66158,-2.91374,10.51055,0.37690,-0.14050,-1.05496,31.2579637,75.7075783,0.730,358.00
86.254,-0.46926,-3.16992,8.92558,-0.20281,0.69028,-0.13317,31.2579637,75.7075783,0.730,358.00
86.368,2.37744,-3.22020,8.92319,0.06597,-0.14233,1.30786,31.2579637,75.7075783,0.730,358.00
86.480,-0.09577,-1.77650,10.32619,0.52962,-0.83627,0.58887,31.2579705,75.7075852,0.340,4.40
86.594,-2.33674,-1.58496,13.57273,0.82100,-1.29565,2.46728,31.2579705,75.7075852,0.340,4.40
86.709,-0.93374,-2.62883,12.23916,1.31397,-1.56443,0.75869,31.2579705,75.7075852,0.340,4.40
86.822,-1.62327,-5.76284,2.66714,1.00976,2.91383,-3.50637,31.2579705,75.7075852,0.340,4.40
86.936,-1.21625,-2.70545,7.82186,0.73976,-0.76969,-1.07451,31.2579705,75.7075852,0.340,4.40
87.047,-2.23379,-2.75333,10.67575,-0.77152,-0.09285,-1.72753,31.2579705,75.7075852,0.340,4.40
87.161,-0.46448,-3.06937,12.35408,-1.38850,-0.59132,-1.97920,31.2579705,75.7075852,0.340,4.40
87.276,-0.37828,-0.45969,9.13867,-0.48564,1.15270,-0.79535,31.2579705,75.7075852,0.340,4.40
87.392,0.38068,-1.97282,9.51695,-0.40500,-0.70494,-0.51618,31.2579705,75.7075852,0.340,4.40
87.503,-1.41976,-1.78847,9.39964,-0.29749,0.14233,0.32376,31.2579731,75.7075929,0.370,8.60
87.617,1.19710,-2.40857,8.66462,0.07208,0.00855,0.94745,31.2579731,75.7075929,0.370,8.60
87.731,0.16999,-3.61285,10.79306,0.08552,-0.04704,1.01648,31.2579731,75.7075929,0.370,8.60
87.844,0.27294,-1.75734,11.78905,0.18387,-1.01465,0.94623,31.2579731,75.7075929,0.370,8.60
87.956,-2.40857,-2.26491,11.18332,0.65668,-0.55405,0.40317,31.2579731,75.7075929,0.370,8.60
88.069,-2.45645,-2.39899,7.57525,1.06107,0.34575,0.47525,31.2579731,75.7075929,0.370,8.60
88.183,-1.35512,-2.11169,6.93361,-0.10568,0.13561,0.52779,31.2579731,75.7075929,0.370,8.60
88.299,0.13886,-2.42293,9.46428,-0.34697,-0.31704,-0.17532,31.2579731,75.7075929,0.370,8.60
88.414,-1.81720,-3.22020,10.51055,-0.78435,0.44715,-1.80144,31.2579781,75.7075994,0.420,9.80
88.523,0.29449,-1.70228,10.76194,-0.20647,0.09957,0.05681,31.2579781,75.7075994,0.420,9.80
88.641,3.20105,-3.26809,10.18493,0.06475,-0.17226,-0.79840,31.2579781,75.7075994,0.420,9.80
88.757,-1.09894,-3.24654,7.01262,-0.03054,0.28100,-0.76175,31.2579781,75.7075994,0.420,9.80
88.873,1.51314,-2.38223,7.87453,-0.59559,-0.46120,0.93768,31.2579781,75.7075994,0.420,9.80
88.989,-0.56503,-6.29675,12.95263,-1.52594,-0.67073,1.67377,31.2579781,75.7075994,0.420,9.80
89.097,-1.25217,-3.71580,12.00213,-0.68906,-0.89064,1.75624,31.2579781,75.7075994,0.420,9.80
89.210,0.07661,-4.39815,8.51857,1.23761,-2.45629,0.41417,31.2579781,75.7075994,0.420,9.80
89.324,-2.14042,-3.85706,7.02698,0.83078,0.05742,-0.27184,31.2579781,75.7075994,0.420,9.80
89.440,-1.11091,-3.88100,7.48906,-0.11118,-0.13134,0.30910,31.2579863,75.7076033,0.420,8.80
89.554,-1.28090,-4.25210,9.37809,-0.41233,0.63347,-0.81489,31.2579863,75.7076033,0.420,8.80
89.669,-0.96486,-4.55617,9.98143,-0.05498,1.64811,-0.88026,31.2579863,75.7076033,0.420,8.80
89.785,-0.58419,-3.29442,9.70849,-0.17776,1.36345,-0.44899,31.2579863,75.7076033,0.420,8.80
89.903,-1.53947,-4.31435,8.74602,0.45937,-0.59620,-0.15699,31.2579863,75.7076033,0.420,8.80
90.018,0.16999,-3.97437,7.41484,0.47098,-0.33964,-0.34880,31.2579863,75.7076033,0.420,8.80
90.134,1.29047,-2.81319,7.06289,-0.04459,0.46487,0.12217,31.2579863,75.7076033,0.420,8.80
90.243,-0.77812,-3.70622,10.72363,-0.33659,-0.12278,-0.18204,31.2579863,75.7076033,0.420,8.80
90.358,-2.12366,-2.99036,13.88158,-0.48136,-0.95967,0.01710,31.2579863,75.7076033,0.420,8.80
90.475,-0.47405,-3.38301,10.15860,0.87170,-0.76908,-0.88759,31.2579881,75.7075973,0.470,9.50
90.593,-1.78847,-1.73101,11.43231,1.64201,0.75075,-0.34453,31.2579881,75.7075973,0.470,9.50
90.709,-0.43096,-0.41420,8.62870,1.25105,0.18754,-0.65790,31.2579881,75.7075973,0.470,9.50
90.830,-1.26653,-0.38547,10.33337,-0.12278,1.35490,-1.31886,31.2579881,75.7075973,0.470,9.50
90.945,-0.72305,-0.41420,11.21923,0.18387,0.72754,-1.76357,31.2579881,75.7075973,0.470,9.50
91.062,-0.48602,0.29688,9.78271,0.83811,-1.40621,0.13500,31.2579881,75.7075973,0.470,9.50
91.172,1.04866,-0.35434,9.34218,-0.53084,-0.60109,-0.32681,31.2579881,75.7075973,0.470,9.50
91.284,1.41737,0.27054,7.11557,-1.60963,-1.25288,-0.28466,31.2579881,75.7075973,0.470,9.50
91.396,3.29682,0.90980,9.82580,-0.58460,-0.82100,0.12278,31.2579881,75.7075973,0.470,9.50
91.508,0.73981,0.21787,10.93911,-0.49297,-0.48258,-1.04336,31.2580033,75.7076017,0.640,1.50
91.619,0.79966,-0.82600,12.65575,-1.02625,0.27000,-0.99571,31.2580033,75.7076017,0.640,1.50
91.730,4.98952,-2.22661,11.39640,-0.12523,0.21136,0.15027,31.2580033,75.7076017,0.640,1.50
91.844,-0.66798,-2.09253,9.67976,1.49234,0.92241,-0.88881,31.2580033,75.7076017,0.640,1.50
91.965,-0.23463,-1.52989,8.90643,1.76418,1.36589,-0.65424,31.2580033,75.7076017,0.640,1.50
92.082,0.39504,0.08140,7.82665,-0.17959,0.62492,-0.68783,31.2580033,75.7076017,0.640,1.50
92.199,-0.90501,1.02232,11.15698,-0.00916,0.19914,-1.74219,31.2580033,75.7076017,0.640,1.50
92.317,-3.18429,2.80840,10.38126,1.96943,1.00426,-0.92118,31.2580033,75.7076017,0.640,1.50
92.431,-5.26246,2.12126,7.18021,0.71899,0.68478,-0.72326,31.2580117,75.7076017,0.140,1.70
92.549,-2.36308,1.82438,5.60243,0.20586,-0.00122,0.63041,31.2580117,75.7076017,0.140,1.70
92.661,-2.58813,2.89938,7.45315,-0.54367,-0.54245,0.34758,31.2580117,75.7076017,0.140,1.70
92.777,-2.53307,3.58651,9.60554,-1.91812,-1.32436,0.41478,31.2580117,75.7076017,0.140,1.70
92.896,-2.19309,1.28329,11.90637,-0.42211,0.66523,1.29687,31.2580117,75.7076017,0.140,1.70
93.013,-2.22661,-1.59933,10.47703,0.03115,0.14844,4.73970,31.2580117,75.7076017,0.140,1.70
93.131,2.62644,-1.11091,8.12831,0.51007,-0.68661,4.19909,31.2580117,75.7076017,0.140,1.70
93.245,2.78446,-0.18914,8.28873,0.05681,-0.56872,2.24493,31.2580117,75.7076017,0.140,1.70
93.362,2.42772,-0.79487,9.65821,-0.70677,-0.69700,0.83994,31.2580117,75.7076017,0.140,1.70
93.475,2.87304,-1.77171,11.61667,0.12828,0.34270,-0.12278,31.2580164,75.7075991,0.170,1.90
93.588,3.99113,-2.43251,9.11951,-0.54245,0.52412,-2.69453,31.2580164,75.7075991,0.170,1.90
93.701,2.31280,-1.49398,9.20810,0.89736,0.53329,-0.84666,31.2580164,75.7075991,0.170,1.90
93.816,2.13323,-2.03268,6.98149,-0.14844,-0.19059,-0.87048,31.2580164,75.7075991,0.170,1.90
93.931,0.21787,-0.87628,8.79390,-1.22906,-0.43433,-0.70860,31.2580164,75.7075991,0.170,1.90
94.048,4.27365,-0.12210,10.51533,-0.40806,-0.73487,0.92913,31.2580164,75.7075991,0.170,1.90
94.165,4.98952,-1.20907,12.82095,-0.40134,-0.08002,0.50091,31.2580164,75.7075991,0.170,1.90
94.283,2.31759,-0.53870,10.93192,1.06474,-0.19303,2.22477,31.2580164,75.7075991,0.170,1.90
94.396,2.92332,-2.94487,9.20092,1.91690,-1.86864,1.55771,31.2580164,75.7075991,0.170,1.90
94.517,1.66876,-1.99198,7.25443,0.46976,-0.14722,-1.70859,31.2580302,75.7075978,0.770,8.40
94.629,3.31597,-1.92973,8.16662,0.00367,-0.19853,-1.21318,31.2580302,75.7075978,0.770,8.40
94.741,1.99676,-1.78368,9.72525,-1.55954,0.31704,-1.18508,31.2580302,75.7075978,0.770,8.40
94.852,3.31118,-0.60573,10.47942,-1.29259,0.23213,-1.26755,31.2580302,75.7075978,0.770,8.40
94.963,2.45166,-0.73502,8.90164,-0.25229,0.66829,-1.09589,31.2580302,75.7075978,0.770,8.40
95.070,2.88741,-0.64165,8.03973,-0.14905,0.58338,-0.72998,31.2580302,75.7075978,0.770,8.40
95.179,2.97599,-0.64165,9.52653,-0.54000,0.06231,0.34819,31.2580302,75.7075978,0.770,8.40
95.293,3.85466,0.62010,8.42280,0.16310,-0.41600,0.47220,31.2580302,75.7075978,0.770,8.40
95.407,2.66714,0.07183,11.80820,0.32193,-0.78191,1.14965,31.2580419,75.7076022,0.640,12.50
95.516,3.98156,-0.22984,11.93031,0.73182,-0.92974,1.62673,31.2580419,75.7076022,0.640,12.50
95.628,3.31358,-1.04866,9.02614,1.62246,-1.05558,0.00183,31.2580419,75.7076022,0.640,12.50
95.743,0.19393,-1.82678,11.71722,1.27732,-0.65057,0.32681,31.2580419,75.7076022,0.640,12.50
95.858,2.57137,-2.13802,6.85221,0.73121,0.92363,0.32742,31.2580419,75.7076022,0.640,12.50
95.972,3.13162,-2.06380,7.29034,-0.60842,0.64263,-0.48869,31.2580419,75.7076022,0.640,12.50
96.086,3.15077,-1.51792,10.89362,-1.44164,-0.46120,-0.03665,31.2580419,75.7076022,0.640,12.50
96.201,1.16598,0.18675,11.04685,-1.87108,-0.29077,0.33842,31.2580419,75.7076022,0.640,12.50
96.316,6.32548,-0.99838,8.12831,1.08367,-0.30604,0.15821,31.2580419,75.7076022,0.640,12.50
96.430,1.98000,-1.79805,7.92960,-0.53084,0.18509,-1.14537,31.2580512,75.7076082,0.810,7.10
96.543,4.04381,-1.96803,8.17380,0.97189,0.54306,0.96578,31.2580512,75.7076082,0.810,7.10
96.657,2.36547,-1.38624,10.92714,-0.85399,0.32865,-0.19242,31.2580512,75.7076082,0.810,7.10
96.770,-0.49081,-3.07416,11.03009,0.52901,-0.09591,1.34268,31.2580512,75.7076082,0.810,7.10
96.885,5.37259,-3.08852,6.31590,0.53512,0.35064,2.44407,31.2580512,75.7076082,0.810,7.10
96.999,-1.57299,-2.26013,13.18487,-1.35612,0.01772,0.77885,31.2580512,75.7076082,0.810,7.10
97.111,4.00071,-1.10373,6.91685,-0.03360,0.05070,0.62369,31.2580512,75.7076082,0.810,7.10
97.225,0.75178,-2.21942,11.16656,-0.36896,-0.20708,-1.31153,31.2580512,75.7076082,0.810,7.10
97.339,1.68073,-3.42850,9.80426,0.33842,0.80146,-1.99020,31.2580512,75.7076082,0.810,7.10
97.452,-1.07739,-3.08613,11.00854,-0.43982,0.51801,-2.12948,31.2580597,75.7076123,0.630,1.50
97.566,4.85305,-4.80037,6.22732,1.31092,1.08062,-1.29626,31.2580597,75.7076123,0.630,1.50
97.679,-0.39504,-2.70545,8.91840,-0.46059,-0.30849,-1.34451,31.2580597,75.7076123,0.630,1.50
97.793,2.18830,0.39265,9.09318,-0.64141,0.47159,-0.20281,31.2580597,75.7076123,0.630,1.50
97.907,1.75734,-0.10056,9.65821,0.15516,-0.81489,0.30727,31.2580597,75.7076123,0.630,1.50
98.021,1.28569,-0.71826,12.33493,0.56383,-0.78557,0.99876,31.2580597,75.7076123,0.630,1.50
98.137,0.58179,-1.86508,11.23359,0.43494,-0.14233,2.54364,31.2580597,75.7076123,0.630,1.50
98.251,2.11887,-4.30717,8.10437,1.07329,-0.25717,0.27855,31.2580597,75.7076123,0.630,1.50
98.366,-5.82749,-2.14999,7.51061,-1.62673,0.59010,0.28650,31.2580597,75.7076123,0.630,1.50
98.482,2.84431,2.22421,9.75637,1.90346,2.60656,-0.84544,31.2580689,75.7076136,0.760,355.40
98.597,-4.94403,-2.41575,13.98693,-0.26145,-0.70983,-2.66765,31.2580689,75.7076136,0.760,355.40
98.713,0.36392,-0.61531,9.62230,1.00304,-0.95539,-1.31764,31.2580689,75.7076136,0.760,355.40
98.826,1.58257,0.22984,8.75320,1.22478,0.67134,0.17959,31.2580689,75.7076136,0.760,355.40
98.941,-0.84515,-0.71587,8.65743,0.52840,-0.44104,-0.00428,31.2580689,75.7076136,0.760,355.40
99.057,1.24498,0.56264,8.36534,-0.34086,-0.37629,0.10934,31.2580689,75.7076136,0.760,355.40
99.172,0.66319,1.43652,7.64229,-0.79596,-0.14172,-0.53451,31.2580689,75.7076136,0.760,355.40
99.287,-1.13964,0.16281,12.99573,-0.74587,-0.27122,0.68417,31.2580689,75.7076136,0.760,355.40
99.400,0.36392,-0.28252,9.44991,0.04704,0.60659,1.80877,31.2580767,75.7076160,0.640,350.90
99.509,-1.13485,-3.95283,9.02135,-0.59559,-0.36530,0.79351,31.2580767,75.7076160,0.640,350.90
99.620,-0.27533,-1.13725,9.27753,-0.73426,0.01466,1.39033,31.2580767,75.7076160,0.640,350.90
99.736,1.18752,-0.98162,9.72525,-0.40561,-0.45937,0.34147,31.2580767,75.7076160,0.640,350.90
99.854,-0.82361,-1.49638,10.69490,-0.55711,0.47220,-0.59498,31.2580767,75.7076160,0.640,350.90
99.972,0.54588,-2.28646,10.65659,0.03971,-0.67317,-0.56077,31.2580767,75.7076160,0.640,350.90
100.087,0.12929,-2.66953,10.00537,1.35856,-0.15760,-0.64935,31.2580767,75.7076160,0.640,350.90
100.204,0.08380,-3.24175,6.84502,0.99754,0.34758,-0.44715,31.2580767,75.7076160,0.640,350.90
100.337,-0.88346,-1.54905,9.94791,-0.71899,-0.06658,1.15759,31.2580767,75.7076160,0.640,350.90
100.453,2.46603,-0.89783,8.79630,-0.46670,0.32865,0.55039,31.2580847,75.7076157,0.700,350.60
100.569,-0.12210,-0.92656,11.34852,-0.45754,0.43677,0.50091,31.2580847,75.7076157,0.700,350.60
100.687,0.24421,-1.91297,10.52970,-0.38485,0.54550,-1.19852,31.2580847,75.7076157,0.700,350.60
100.804,-1.08697,-2.30562,10.44830,0.41600,-1.24922,-0.72204,31.2580847,75.7076157,0.700,350.60
100.920,-2.26491,-1.15879,7.04135,0.42394,-0.52595,-0.07453,31.2580847,75.7076157,0.700,350.60
101.036,-0.42856,-1.25935,8.94474,-0.09529,-0.24618,1.08551,31.2580847,75.7076157,0.700,350.60
101.152,1.11091,-0.96247,10.57040,-0.31398,-0.57421,0.66462,31.2580847,75.7076157,0.700,350.60
101.270,0.39025,-1.21625,10.48900,0.32254,0.53145,-0.68722,31.2580847,75.7076157,0.700,350.60
101.388,1.30005,-1.74537,11.05163,0.06964,0.08674,-2.06106,31.2580847,75.7076157,0.700,350.60
101.507,0.53870,-2.40378,8.92319,1.10200,0.57605,-1.43492,31.2580863,75.7076155,0.510,353.90
101.625,1.44370,-0.57700,8.60955,1.00060,0.07758,-0.25656,31.2580863,75.7076155,0.510,353.90
101.743,-0.51236,0.00000,8.50899,-0.77091,-0.62797,0.08125,31.2580863,75.7076155,0.510,353.90
101.863,1.52989,0.32561,8.77475,-0.20953,-0.05437,0.29260,31.2580863,75.7076155,0.510,353.90
101.979,0.36871,-0.81642,13.33331,-0.83017,-0.20831,0.55467,31.2580863,75.7076155,0.510,353.90
102.092,1.31921,-0.41659,11.08276,0.19975,0.32132,2.12459,31.2580863,75.7076155,0.510,353.90
102.209,2.63602,-2.24097,9.04529,0.21502,0.15760,0.31215,31.2580863,75.7076155,0.510,353.90
102.323,-2.63123,-3.21302,8.31506,-0.75992,-0.62308,0.10873,31.2580863,75.7076155,0.510,353.90
102.439,0.50518,-1.85790,11.78666,-0.81489,0.42150,2.81181,31.2580965,75.7076214,0.930,5.00
102.561,0.00479,-2.20267,12.84489,-0.51557,-0.91813,-1.64934,31.2580965,75.7076214,0.930,5.00
102.672,-3.29682,-2.51631,7.69257,0.16432,0.50457,0.54000,31.2580965,75.7076214,0.930,5.00
102.784,3.67749,-3.45723,7.07247,0.49480,-0.35613,-0.13744,31.2580965,75.7076214,0.930,5.00
102.901,1.01275,-2.09493,8.21211,-0.00305,0.67928,-0.48381,31.2580965,75.7076214,0.930,5.00
103.020,2.38941,-1.72383,10.11550,-0.46304,-0.12278,0.54428,31.2580965,75.7076214,0.930,5.00
103.137,1.57299,-2.43011,11.21684,-0.07453,-0.74342,0.05315,31.2580965,75.7076214,0.930,5.00
103.251,0.32082,-2.91614,11.74835,0.22419,-0.09774,2.32068,31.2580965,75.7076214,0.930,5.00
103.367,-0.49321,-2.42533,9.00459,-0.09163,-0.77946,0.64080,31.2580965,75.7076214,0.930,5.00
103.486,-0.04549,-1.72622,7.10120,0.10568,0.57910,-0.70921,31.2581034,75.7076256,0.660,8.40
103.604,1.46525,-1.27850,8.70532,0.24374,0.73976,-0.51068,31.2581034,75.7076256,0.660,8.40
103.722,-0.66080,-2.24816,11.88721,-0.24984,-1.03908,0.43738,31.2581034,75.7076256,0.660,8.40
103.841,0.40701,-2.24816,10.98460,0.32009,0.25779,-0.06781,31.2581034,75.7076256,0.660,8.40
103.959,3.19147,-3.31836,8.10677,1.24250,0.15088,0.02566,31.2581034,75.7076256,0.660,8.40
104.074,-0.15802,-2.98796,8.96629,0.09529,0.42272,-1.17469,31.2581034,75.7076256,0.660,8.40
104.191,-0.84276,-1.20428,8.51857,0.76908,-0.31582,0.54367,31.2581034,75.7076256,0.660,8.40
104.306,1.00317,-0.95529,8.42280,0.02993,-0.00305,0.87354,31.2581034,75.7076256,0.660,8.40
104.419,1.38385,-0.76375,11.01572,-0.35491,-0.04826,0.02505,31.2581121,75.7076263,0.960,4.60
104.530,-1.14443,-1.42694,10.84813,-1.07451,0.49786,0.14172,31.2581121,75.7076263,0.960,4.60
104.644,0.01197,-3.79481,9.05487,-0.56444,-0.22969,1.57053,,,,
104.757,-0.02155,-0.98881,7.60159,0.17349,0.38729,-0.57360,,,,
104.868,-0.25857,-0.93853,9.38288,-0.26878,-0.24740,-0.84483,,,,
104.982,-0.86191,-1.30484,10.35492,-0.14111,0.18570,-1.04275,,,,
105.096,-0.33758,-2.50673,10.34295,-0.03360,0.44838,-1.77945,,,,
105.210,-2.77488,-0.34237,12.89278,0.24618,1.43737,-0.87781,,,,
105.325,1.16358,-1.30484,5.44920,0.35003,0.78802,-0.99999,,,,
105.439,-2.87304,-1.55384,9.51935,0.98899,-0.23152,0.46792,31.2581225,75.7076247,0.880,356.50
105.563,2.49476,0.45969,8.81306,-0.32987,-0.24923,1.25044,31.2581225,75.7076247,0.880,356.50
105.674,0.14126,-1.11330,8.60476,-0.36896,0.22846,-1.21073,31.2581225,75.7076247,0.880,356.50
105.786,-0.11253,-3.51708,12.02608,0.92974,0.02749,-0.88209,31.2581225,75.7076247,0.880,356.50
105.907,-3.36385,-0.97205,12.10508,-1.68538,-0.26084,1.40988,31.2581225,75.7076247,0.880,356.50
106.020,0.58658,-3.10049,6.03339,0.23702,-1.12277,1.69088,31.2581225,75.7076247,0.880,356.50
106.133,0.59137,-2.55701,9.50737,0.50580,-0.39706,1.75685,31.2581225,75.7076247,0.880,356.50
106.250,-0.23942,-1.41737,7.77397,-0.72876,-0.55405,-0.17410,31.2581225,75.7076247,0.880,356.50
106.363,0.97205,-2.42054,10.83855,-0.36530,-0.02382,0.77274,31.2581225,75.7076247,0.880,356.50
106.477,0.98162,-3.80918,14.36521,-0.04581,0.52595,-1.06840,31.2581329,75.7076268,0.880,354.70
106.588,1.78129,-2.92571,8.79869,1.04947,1.32802,-1.37384,31.2581329,75.7076268,0.880,354.70
106.700,-0.08619,-4.34069,6.37336,0.78618,0.67317,-1.47157,31.2581329,75.7076268,0.880,354.70
106.813,-0.29928,-0.72305,8.76038,0.82039,0.09957,0.29505,31.2581329,75.7076268,0.880,354.70
106.928,-0.12210,-0.88825,11.40119,-1.44164,0.35919,1.08429,31.2581329,75.7076268,0.880,354.70
107.045,-3.03824,-0.88107,8.71250,0.51007,-1.12705,0.73793,31.2581329,75.7076268,0.880,354.70
107.161,-2.17872,-0.62489,10.74039,0.78863,-1.35368,1.02870,31.2581329,75.7076268,0.880,354.70
107.278,-2.21942,-1.66397,9.38766,0.68906,-0.43616,0.63408,31.2581329,75.7076268,0.880,354.70
107.393,0.05507,-0.83797,9.22246,-0.24251,-0.55894,1.12949,31.2581329,75.7076268,0.880,354.70
107.506,-0.23942,-0.52672,10.78109,-0.52229,-0.14661,0.71716,31.2581461,75.7076236,0.790,346.20
107.618,-1.05105,-1.02711,10.63026,-0.21930,-0.43066,-1.06229,31.2581461,75.7076236,0.790,346.20
107.733,1.78368,-1.71904,7.47709,-0.22480,2.07877,-1.46363,31.2581461,75.7076236,0.790,346.20
107.847,-0.43814,-1.09415,11.79623,-0.95234,1.22234,0.40745,31.2581461,75.7076236,0.790,346.20
107.958,-0.42856,-0.81403,8.22169,0.73365,-0.80817,-0.60231,31.2581461,75.7076236,0.790,346.20
108.071,-0.01915,-0.11492,9.38048,1.03847,-0.47220,-0.65546,31.2581461,75.7076236,0.790,346.20
108.185,0.65362,0.63686,9.05248,0.73854,-0.55161,-0.95295,31.2581461,75.7076236,0.790,346.20
108.301,-0.90022,1.28808,11.53526,0.48625,-0.42883,-0.88026,31.2581461,75.7076236,0.790,346.20
108.416,-0.38547,2.51152,10.18972,0.10263,-0.57360,-0.41172,31.2581551,75.7076174,0.730,319.70
108.526,-1.79326,-0.57461,9.30866,0.27733,-0.21686,-0.44227,31.2581551,75.7076174,0.730,319.70
108.640,-0.31125,-0.58897,8.41801,-0.24984,-0.50641,1.28770,31.2581551,75.7076174,0.730,319.70
108.757,-0.05267,-3.02867,10.83376,-0.50213,-1.36467,3.97185,31.2581551,75.7076174,0.730,319.70
108.872,4.60644,-2.18591,9.56484,-0.93523,-0.27061,1.44531,31.2581551,75.7076174,0.730,319.70
108.985,2.94726,0.14605,9.80665,-0.97616,1.99997,-1.30542,31.2581551,75.7076174,0.730,319.70
109.099,1.22823,-1.56341,5.99508,3.40985,1.20768,-3.33166,31.2581551,75.7076174,0.730,319.70
109.212,-1.45807,-0.17478,10.07001,-1.07696,0.49786,-1.89735,31.2581551,75.7076174,0.730,319.70
109.327,0.80685,0.99120,6.95516,-0.87965,-0.69578,1.26266,31.2581551,75.7076174,0.730,319.70
109.440,3.17950,1.77889,8.91601,-0.46914,0.06964,0.31276,31.2581619,75.7076133,0.640,309.90
109.555,0.82600,0.78290,12.77307,-0.12584,-0.01222,-0.33598,31.2581619,75.7076133,0.640,309.90
109.667,1.76213,1.03430,11.65019,0.44043,0.59010,1.83198,31.2581619,75.7076133,0.640,309.90
109.781,2.09493,0.58658,12.63420,0.64935,-1.30114,1.72508,31.2581619,75.7076133,0.640,309.90
109.896,0.94571,-0.73502,8.47547,1.12888,-0.53756,0.91141,31.2581619,75.7076133,0.640,309.90
110.005,1.30963,-0.62968,7.58244,0.65546,-0.76541,0.72082,31.2581619,75.7076133,0.640,309.90
110.117,1.98719,-1.53947,8.28394,-0.15699,0.27550,-0.89370,31.2581619,75.7076133,0.640,309.90
110.231,2.90417,-2.09014,11.46344,-1.37017,-0.56566,-1.41782,31.2581619,75.7076133,0.640,309.90
110.346,2.51631,0.33758,10.27591,-1.50578,1.68477,0.83261,31.2581619,75.7076133,0.640,309.90
110.463,1.65679,-1.10612,7.68539,-0.08613,-0.76358,-1.27304,31.2581679,75.7076074,0.720,318.80
110.579,1.22344,-0.62968,8.93995,-1.06596,0.77946,-1.16920,31.2581679,75.7076074,0.720,318.80
110.695,7.86735,1.97043,11.23120,2.43430,0.45265,-2.07572,31.2581679,75.7076074,0.720,318.80
110.811,-0.89543,1.75974,10.80982,-0.91996,-0.10263,-2.87901,31.2581679,75.7076074,0.720,318.80
110.943,-1.75974,5.09007,10.23042,0.88575,0.27611,-0.20953,31.2581679,75.7076074,0.720,318.80
111.059,-1.24977,1.89142,10.13226,1.48135,-0.55833,0.70921,31.2581679,75.7076074,0.720,318.80
111.172,2.25055,2.09253,9.57441,1.46119,0.06475,0.01955,31.2581679,75.7076074,0.720,318.80
111.293,3.59609,2.15478,7.67581,1.36773,0.98349,-3.29195,31.2581679,75.7076074,0.720,318.80
111.411,-1.11570,0.94092,5.84664,0.28955,1.33413,-1.85275,31.2581679,75.7076074,0.720,318.80
111.530,-0.61292,1.10852,12.40675,-1.63406,-3.10747,0.39279,31.2581767,75.7076038,0.780,336.00
111.647,0.07422,3.95283,10.14902,-1.68477,-1.47524,0.52779,31.2581767,75.7076038,0.780,336.00
111.765,1.29287,3.50990,9.73722,-0.88881,-0.72265,-0.68600,31.2581767,75.7076038,0.780,336.00
111.883,-1.73580,3.94804,8.46829,-0.87048,-0.02260,-0.90897,31.2581767,75.7076038,0.780,336.00
112.002,-0.19154,4.83868,8.63589,-0.10446,0.35369,0.01894,31.2581767,75.7076038,0.780,336.00
112.119,-0.35195,3.55539,13.00291,0.25290,-0.04704,0.97433,31.2581767,75.7076038,0.780,336.00
112.236,-0.50757,2.06620,13.31416,0.98471,0.83505,2.33412,31.2581767,75.7076038,0.780,336.00
112.352,-1.07739,-0.17717,12.62463,1.66827,-0.11118,1.68721,31.2581767,75.7076038,0.780,336.00
112.467,-0.02873,-1.14682,9.27753,1.82465,0.63713,2.49538,31.2581834,75.7076001,0.640,348.00
112.584,1.46765,-0.36392,7.53695,0.54062,0.22846,1.23334,31.2581834,75.7076001,0.640,348.00
112.699,2.05183,-0.51236,7.45554,-0.37813,0.61942,-0.44227,31.2581834,75.7076001,0.640,348.00
112.810,-2.43011,-0.58897,10.94868,-3.41352,-0.73915,0.74464,31.2581834,75.7076001,0.640,348.00
112.929,7.60877,0.78290,9.98861,-1.25655,1.00121,0.70921,31.2581834,75.7076001,0.640,348.00
113.045,0.32561,-0.05267,9.88087,-1.28404,-0.49052,-1.29198,31.2581834,75.7076001,0.640,348.00
113.175,2.71024,0.27773,9.60793,-0.76725,0.43860,-0.96089,31.2581834,75.7076001,0.640,348.00
113.284,0.61770,-0.67277,11.56399,-0.12523,0.53451,-1.36040,31.2581834,75.7076001,0.640,348.00
113.398,1.66636,0.85473,13.21360,0.09285,0.59682,1.79594,31.2581834,75.7076001,0.640,348.00
113.513,-0.42377,-1.09176,10.44830,1.44470,-2.92299,2.40253,31.2581834,75.7076001,0.640,348.00
113.631,0.61531,-0.24900,8.70532,1.52167,-0.70555,0.77824,31.2581834,75.7076001,0.640,348.00
113.748,-1.55144,-0.75896,10.46266,0.83689,-0.70188,0.09529,31.2581834,75.7076001,0.640,348.00
113.865,0.03352,-2.14999,9.52892,0.79107,0.54184,-0.02932,31.2581834,75.7076001,0.640,348.00
113.984,0.34237,-2.41575,7.26401,-0.61270,0.32498,-3.10808,31.2581834,75.7076001,0.640,348.00
114.099,2.26013,-1.15640,11.98537,-0.16554,0.17654,1.42271,31.2581834,75.7076001,0.640,348.00
114.217,1.44849,0.45729,9.05008,-1.25472,0.40012,-0.67440,31.2581834,75.7076001,0.640,348.00
114.335,1.78607,0.19872,9.73243,-1.22601,-0.14966,0.89736,31.2581834,75.7076001,0.640,348.00
114.450,4.04859,1.00317,10.01255,-0.00244,-0.10324,-0.67195,31.2582140,75.7076086,0.250,25.20
114.563,-0.07422,-0.02155,12.22001,0.34819,0.28344,-0.29444,31.2582140,75.7076086,0.250,25.20
114.679,0.66559,0.72065,11.59272,0.42150,0.59437,2.14230,31.2582140,75.7076086,0.250,25.20
114.796,0.20111,-0.49560,10.67096,0.90530,-1.63345,1.26999,31.2582140,75.7076086,0.250,25.20
114.911,0.81882,-0.13168,11.18332,2.06045,-0.90103,0.05986,31.2582140,75.7076086,0.250,25.20
115.027,0.74220,-1.27132,8.41801,1.85581,-0.01222,-0.77824,31.2582140,75.7076086,0.250,25.20
115.140,1.67594,-2.48997,5.87058,0.38973,0.23946,-1.14598,31.2582140,75.7076086,0.250,25.20
115.255,2.13323,-3.12204,11.51372,-2.19667,-1.19974,-0.82284,31.2582140,75.7076086,0.250,25.20
115.386,2.93529,0.60334,11.06121,-1.64139,0.64630,0.60781,31.2582140,75.7076086,0.250,25.20
115.497,0.74699,-0.66798,11.54484,-1.38300,0.10568,-1.52105,31.2582224,75.7076019,1.020,352.50
115.607,1.00796,-1.11809,8.98544,-1.28954,0.99754,-2.45934,31.2582224,75.7076019,1.020,352.50
115.721,2.29365,0.39504,10.73560,-1.20524,0.55344,-1.34635,31.2582224,75.7076019,1.020,352.50
115.835,2.38223,2.23140,12.43070,-0.56077,0.55222,-0.03299,31.2582224,75.7076019,1.020,352.50
115.949,1.18992,1.90339,16.46014,0.28405,-1.10750,1.44470,31.2582224,75.7076019,1.020,352.50
116.062,0.29928,-0.31843,12.30620,3.49659,-1.92972,0.32498,31.2582224,75.7076019,1.020,352.50
116.176,-0.33998,-2.84671,11.29824,4.06348,-0.15027,-0.25534,31.2582224,75.7076019,1.020,352.50
116.291,0.61770,-1.14682,7.41724,2.08977,-0.50091,-0.25595,31.2582224,75.7076019,1.020,352.50
116.406,2.49715,-1.49398,5.67905,-0.07086,1.22845,-0.06109,31.2582285,75.7076020,0.730,356.30
116.516,3.45723,-2.85868,10.20648,-2.13986,-0.17410,0.25779,31.2582285,75.7076020,0.730,356.30
116.627,2.26731,-0.19632,11.75314,-3.22903,0.70372,0.54856,31.2582285,75.7076020,0.730,356.30
116.739,2.48997,-0.34237,12.10269,-2.38970,-0.56016,-0.47647,31.2582285,75.7076020,0.730,356.30
116.856,1.73580,0.34237,10.13944,-2.07816,0.34636,-1.26022,31.2582285,75.7076020,0.730,356.30
116.971,2.68629,1.91776,10.97023,-0.86682,0.97066,-0.59437,31.2582285,75.7076020,0.730,356.30
117.085,1.48201,1.97282,11.61667,-0.29627,0.01955,0.13378,31.2582285,75.7076020,0.730,356.30
117.203,1.84593,1.61369,16.47450,1.00060,-0.79657,1.75502,31.2582285,75.7076020,0.730,356.30
117.318,1.78368,-1.69509,15.59822,3.75865,-2.78188,0.31582,31.2582285,75.7076020,0.730,356.30
117.430,0.48363,-2.93050,13.51048,4.04087,-1.07573,-0.94257,31.2582340,75.7076045,0.630,14.70
117.542,1.78607,-2.49476,6.85699,1.63284,-0.23824,-1.56626,31.2582340,75.7076045,0.630,14.70
117.654,1.68312,-1.54905,3.96959,0.55589,1.17775,-0.57788,31.2582340,75.7076045,0.630,14.70
117.768,1.28569,-2.23618,6.82587,-2.61511,-0.31643,0.13744,31.2582340,75.7076045,0.630,14.70
117.880,2.65038,-1.97282,14.94221,-4.37013,-0.33414,1.64445,31.2582340,75.7076045,0.630,14.70
117.992,6.70855,0.21308,14.14494,-2.68170,-0.11301,-0.00916,31.2582340,75.7076045,0.630,14.70
118.106,1.18034,0.63925,11.45386,-2.40742,0.84727,-2.60778,31.2582340,75.7076045,0.630,14.70
118.224,0.93613,3.24414,10.76194,-0.87354,0.18204,-0.22480,31.2582340,75.7076045,0.630,14.70
118.340,2.05662,2.53546,11.38204,0.61636,-0.17654,0.52840,31.2582340,75.7076045,0.630,14.70
118.455,0.98162,-1.16598,15.64611,2.34694,0.32498,-0.11057,31.2582396,75.7076002,1.500,0.40
118.567,1.39582,-1.25217,12.54322,3.81974,1.49723,1.22234,31.2582396,75.7076002,1.500,0.40
118.682,-0.99838,-0.80445,12.93108,2.36527,1.46058,0.75198,31.2582396,75.7076002,1.500,0.40
118.798,0.21787,1.35272,7.70454,0.89980,0.06597,0.22235,31.2582396,75.7076002,1.500,0.40
118.909,-0.40701,2.49715,6.28478,0.11912,0.06903,0.22846,31.2582396,75.7076002,1.500,0.40
119.020,0.54827,3.42850,8.35816,-0.06597,-0.31704,-0.52534,31.2582396,75.7076002,1.500,0.40
119.136,3.51469,2.70545,7.38611,-0.36163,-0.14478,-0.74342,31.2582396,75.7076002,1.500,0.40
119.253,1.13725,2.81798,10.05804,-1.08551,-0.25534,-0.56872,31.2582396,75.7076002,1.500,0.40
119.367,0.98881,2.86107,7.95354,-0.72998,0.17593,-0.27000,31.2582396,75.7076002,1.500,0.40
119.481,-0.83079,0.16041,4.48673,-3.13313,1.11422,-1.43309,31.2582533,75.7075923,1.520,3.20
119.596,-3.80678,1.18752,14.07791,0.59437,0.28894,0.97189,31.2582533,75.7075923,1.520,3.20
119.712,-1.26174,0.89543,13.33810,1.47096,0.25840,-0.15455,31.2582533,75.7075923,1.520,3.20
119.826,-1.25935,0.35195,6.88812,1.17347,-1.23456,0.01161,31.2582533,75.7075923,1.520,3.20
119.941,-1.51074,1.77171,8.47787,-0.08308,-0.08674,-0.22541,31.2582533,75.7075923,1.520,3.20
120.056,-1.07500,1.53468,9.25119,-0.07697,-0.72388,0.41294,31.2582533,75.7075923,1.520,3.20
120.170,-0.33040,2.84192,8.79630,-0.01588,-0.12950,0.00672,31.2582533,75.7075923,1.520,3.20
120.285,1.37667,3.56257,9.54568,0.09224,-0.21441,0.16249,31.2582533,75.7075923,1.520,3.20
120.397,0.56024,3.78044,9.81862,0.18754,-0.21075,0.27061,31.2582533,75.7075923,1.520,3.20
120.508,2.70545,1.66158,9.65103,0.86682,0.28283,-0.10140,31.2582579,75.7075904,0.610,6.70
120.622,1.90339,2.14281,9.21289,0.21686,0.90652,-0.67440,31.2582579,75.7075904,0.610,6.70
120.738,1.43173,2.77727,7.39329,0.03787,-0.14172,-0.56688,31.2582579,75.7075904,0.610,6.70
120.853,1.19950,3.88100,8.50899,-0.21136,-0.67012,-1.13132,31.2582579,75.7075904,0.610,6.70
120.970,0.26815,4.22577,8.92558,0.10140,-0.26878,-0.61636,31.2582579,75.7075904,0.610,6.70
121.085,-1.65679,4.44843,10.12268,0.11545,-0.09591,-0.38118,31.2582579,75.7075904,0.610,6.70
121.195,-2.92571,3.74693,11.62146,0.12950,-0.31276,-0.43310,31.2582579,75.7075904,0.610,6.70
121.312,-1.86269,3.66552,6.95037,0.46609,1.90101,0.30604,31.2582579,75.7075904,0.610,6.70
121.428,-5.11641,2.29604,8.26000,-0.78069,0.87781,-0.95661,31.2582628,75.7075955,0.930,28.60
121.548,-3.60088,3.43089,8.80587,0.35186,1.46608,-0.05498,31.2582628,75.7075955,0.930,28.60
121.665,-5.06852,2.96642,8.00621,-0.10629,0.55528,-1.04030,31.2582628,75.7075955,0.930,28.60
121.782,-6.67264,2.80122,8.52815,0.29322,2.12948,-0.85643,31.2582628,75.7075955,0.930,28.60
121.889,-7.90565,2.91614,8.12353,1.18202,-0.05864,-0.67378,31.2582628,75.7075955,0.930,28.60
121.995,-5.31752,2.46124,4.61841,-0.52168,0.62308,-0.04398,31.2582628,75.7075955,0.930,28.60
122.102,-6.31351,1.41258,4.64715,0.85704,-1.06046,-1.39216,31.2582628,75.7075955,0.930,28.60
122.209,-5.59046,0.26576,6.45477,-2.12948,-2.54425,-0.78191,31.2582628,75.7075955,0.930,28.60
122.319,-4.96557,-0.36871,8.23127,-0.04520,-0.26512,0.49786,31.2582628,75.7075955,0.930,28.60
122.435,-4.04141,0.62489,6.31351,0.23030,-1.47280,0.48014,31.2582655,75.7076014,0.590,32.10
122.547,-5.88495,-3.07655,11.61667,-1.31397,-0.91935,-0.99815,31.2582655,75.7076014,0.590,32.10
122.660,-3.35907,-2.14042,9.11712,0.49297,-1.01037,0.41111,31.2582655,75.7076014,0.590,32.10
122.775,-5.77721,-1.89621,3.98635,0.74770,-1.99753,1.16248,31.2582655,75.7076014,0.590,32.10
122.892,-0.81403,-2.19788,11.28627,-0.64080,-0.60842,1.08673,31.2582655,75.7076014,0.590,32.10
123.010,1.44849,-0.05507,8.76038,0.07208,0.60781,1.59802,31.2582655,75.7076014,0.590,32.10
123.126,0.78290,-0.74460,10.99178,0.60353,-1.00793,-0.79962,31.2582655,75.7076014,0.590,32.10
123.242,2.37984,-1.64960,10.56322,-0.15394,0.14233,0.84055,31.2582655,75.7076014,0.590,32.10
123.352,2.19069,-1.67834,10.25437,0.84238,0.94928,-0.17959,31.2582655,75.7076014,0.590,32.10
123.465,-3.72777,0.11492,7.72369,-1.16064,2.29074,-0.41600,31.2582768,75.7076082,0.900,22.10
123.582,-3.79242,1.30005,8.26957,-0.03787,-1.10139,-0.29077,31.2582768,75.7076082,0.900,22.10
123.698,-3.24414,-0.84515,11.79144,1.47463,-0.43066,0.65118,31.2582768,75.7076082,0.900,22.10
123.817,-1.20907,-1.02232,12.30380,1.13254,-1.57725,0.98838,31.2582768,75.7076082,0.900,22.10
123.936,-0.64165,1.60172,8.24084,0.13744,0.26756,0.93951,31.2582768,75.7076082,0.900,22.10
124.052,0.62728,0.93374,10.23042,-0.14050,0.70860,-0.30665,31.2582768,75.7076082,0.900,22.10
124.169,-1.24259,1.46765,7.29513,0.29077,1.39522,-0.43677,31.2582768,75.7076082,0.900,22.10
124.289,-3.25611,-0.24900,9.72285,-0.31154,1.20402,-0.86560,31.2582768,75.7076082,0.900,22.10
124.402,-2.44687,-0.11013,8.10198,-0.19487,-0.75381,-0.49480,31.2582768,75.7076082,0.900,22.10
124.513,-2.32716,-0.70390,10.18493,0.71166,-0.25229,-0.08613,31.2582876,75.7076142,0.710,28.00
124.630,-0.27773,1.88424,9.05966,-0.07636,-0.08796,-0.27122,31.2582876,75.7076142,0.710,28.00
124.744,-3.71820,3.90973,7.11796,1.92300,-1.46852,-0.52351,31.2582876,75.7076142,0.710,28.00
124.851,-2.45645,2.57137,9.26556,0.47831,0.60415,0.07330,31.2582876,75.7076142,0.710,28.00
124.957,-2.52349,2.38941,7.81707,1.41415,-0.18509,0.63041,31.2582876,75.7076142,0.710,28.00
125.064,-1.53947,2.60010,11.66694,-1.27060,-0.47647,0.71349,31.2582876,75.7076142,0.710,28.00
125.170,-2.73178,2.96402,8.67419,0.17165,0.76725,0.54489,31.2582876,75.7076142,0.710,28.00
125.279,-1.46286,2.53067,8.90643,0.08552,0.43860,0.59498,31.2582876,75.7076142,0.710,28.00
125.396,-1.40540,3.62482,8.30788,0.28466,-0.29627,0.65912,31.2582876,75.7076142,0.710,28.00
125.505,1.19950,4.99430,7.91523,0.24312,-1.65544,-0.72815,31.2582933,75.7076199,0.660,32.90
125.619,1.51314,3.90973,9.19613,-0.30360,-0.64263,-0.22846,31.2582933,75.7076199,0.660,32.90
125.735,5.21218,4.19943,9.28232,0.18570,0.36408,0.41233,31.2582933,75.7076199,0.660,32.90
125.850,2.13563,1.06542,3.81636,-0.95539,-1.21745,-1.62918,31.2582933,75.7076199,0.660,32.90
125.964,-1.97043,1.28090,11.33654,-0.64019,-0.59254,-0.09713,31.2582933,75.7076199,0.660,32.90
126.072,0.97444,4.70221,13.24951,-0.29871,0.49847,0.26878,31.2582933,75.7076199,0.660,32.90
126.180,2.09253,3.64637,6.60081,1.24800,-0.35430,0.20525,31.2582933,75.7076199,0.660,32.90
126.292,1.20907,2.42054,9.57681,1.29870,-0.08980,1.06535,31.2582933,75.7076199,0.660,32.90
126.406,4.52504,4.33829,11.24557,1.25044,2.20217,1.34635,31.2583015,75.7076250,0.720,21.60
126.516,1.50835,4.19704,5.93523,0.19303,0.80879,0.59193,31.2583015,75.7076250,0.720,21.60
126.627,1.56102,3.68946,7.12275,0.21380,0.57360,0.15211,,,,
126.736,2.85389,4.85544,6.06451,0.22174,-0.49480,0.21686,,,,
126.849,2.96402,4.18028,7.44118,-1.18997,-0.33720,-0.32987,,,,
126.963,1.67594,3.30639,9.77792,-0.87537,-0.24251,-0.27122,,,,
127.078,4.26647,3.31597,12.30620,-0.13806,-0.03848,-0.05559,,,,
127.193,2.87544,3.17232,5.85622,0.27550,-0.64019,-0.31826,,,,
127.308,1.62566,3.62003,8.50660,-0.30971,0.05803,0.03360,,,,
127.423,3.13880,4.32872,9.40921,0.34270,0.18204,0.22174,31.2583090,75.7076253,0.800,0.70
127.537,0.49081,4.40773,9.49062,1.09284,0.66340,0.67012,31.2583090,75.7076253,0.800,0.70
127.648,0.26815,4.73094,9.17219,0.57238,0.60292,0.78130,31.2583090,75.7076253,0.800,0.70
127.757,0.89543,3.54581,10.84573,1.00487,1.71470,0.90897,31.2583090,75.7076253,0.800,0.70
127.871,3.44047,4.87220,6.91685,1.03481,0.58399,1.00610,31.2583090,75.7076253,0.800,0.70
127.984,2.42772,4.34308,7.80749,-0.08125,1.48807,-0.02871,31.2583090,75.7076253,0.800,0.70
128.099,2.30562,3.87142,5.47075,-0.04643,0.44532,0.00428,31.2583090,75.7076253,0.800,0.70
128.215,1.30963,4.39575,8.37252,-1.48685,0.43433,0.53878,31.2583090,75.7076253,0.800,0.70
128.328,3.44047,5.05416,11.97101,0.06414,0.10140,0.11790,31.2583090,75.7076253,0.800,0.70
128.441,1.80523,2.88262,7.87692,-0.08613,0.28161,-1.10628,31.2583136,75.7076178,1.240,334.60
128.553,-0.74939,2.82037,7.52976,-0.06903,0.38546,-0.94684,31.2583136,75.7076178,1.240,334.60
128.669,0.42617,4.75967,7.56568,0.27122,-0.53084,-0.08735,31.2583136,75.7076178,1.240,334.60
128.784,-0.96486,4.74291,10.29986,0.11729,-0.50213,-0.37813,31.2583136,75.7076178,1.240,334.60
128.897,-1.98240,5.50427,6.95037,0.34147,-0.16188,-0.33231,31.2583136,75.7076178,1.240,334.60
129.010,-1.37667,3.24414,10.03889,0.07819,1.38727,-0.11179,31.2583136,75.7076178,1.240,334.60
129.125,-2.67193,1.97761,10.70448,-1.14354,0.00794,0.27245,31.2583136,75.7076178,1.240,334.60
129.241,-2.17872,2.42293,9.87129,0.30910,1.01892,0.76236,31.2583136,75.7076178,1.240,334.60
129.355,1.59214,3.98395,5.78679,0.73121,-0.11057,0.31215,31.2583136,75.7076178,1.240,334.60
129.467,-0.22745,3.38061,7.30232,-0.66768,-0.98960,-0.82284,31.2583227,75.7076095,0.710,341.00
129.581,0.57940,3.97437,10.72842,0.34331,-1.32680,-0.65607,31.2583227,75.7076095,0.710,341.00
129.697,0.51475,2.56180,14.87996,-1.58581,-1.51617,-1.45019,31.2583227,75.7076095,0.710,341.00
129.812,-0.78530,2.11647,5.55215,1.46180,0.52412,-0.42944,31.2583227,75.7076095,0.710,341.00
129.923,0.84755,2.15239,8.12113,-1.28587,-0.55711,-0.20464,31.2583227,75.7076095,0.710,341.00
130.033,1.52511,4.53701,9.99340,0.34147,-0.44227,0.89858,31.2583227,75.7076095,0.710,341.00
130.145,2.45166,5.53300,7.21373,0.33353,-0.21197,-0.03665,31.2583227,75.7076095,0.710,341.00
130.257,-1.85790,3.20823,11.56160,0.65179,1.93644,1.10322,31.2583227,75.7076095,0.710,341.00
130.372,-0.60573,4.65912,11.91355,0.25840,1.14537,1.66705,31.2583227,75.7076095,0.710,341.00
130.483,-4.99909,3.42131,7.75243,0.01344,2.57480,1.02381,31.2583259,75.7076074,0.650,344.80
130.591,-2.96881,0.79966,8.43477,0.36774,2.98530,2.04884,31.2583259,75.7076074,0.650,344.80
130.704,-2.52349,2.38462,3.55539,-2.07816,1.43920,0.33170,31.2583259,75.7076074,0.650,344.80
130.818,-4.46997,1.74537,18.19114,-2.37565,-1.07329,-1.45569,31.2583259,75.7076074,0.650,344.80
130.932,-2.70545,0.96965,10.22085,1.30114,-0.62369,0.44593,31.2583259,75.7076074,0.650,344.80
131.049,-0.37110,1.33118,9.96946,0.96700,-3.25041,-0.80634,31.2583259,75.7076074,0.650,344.80
131.162,-2.20506,0.24181,10.24000,-0.22419,-1.23089,-2.12764,31.2583259,75.7076074,0.650,344.80
131.279,-2.48758,1.31681,8.33900,0.40745,1.86680,-0.74037,31.2583259,75.7076074,0.650,344.80
131.395,-1.70946,2.31280,10.75475,-1.66827,-3.26996,-0.26817,31.2583259,75.7076074,0.650,344.80
131.523,-2.13323,2.33914,9.12191,0.75503,1.10872,0.25412,31.2583330,75.7076049,0.890,339.50
131.633,-0.68714,1.25217,8.15944,-0.09591,-0.13806,0.87293,31.2583330,75.7076049,0.890,339.50
131.747,-2.00395,1.28090,4.99909,0.39034,2.09527,0.54611,31.2583330,75.7076049,0.890,339.50
131.863,-3.17471,-1.70946,13.35725,-3.55524,-0.37018,0.92729,31.2583330,75.7076049,0.890,339.50
131.981,0.02634,-1.32160,8.70771,1.05619,-0.32132,0.21014,31.2583330,75.7076049,0.890,339.50
132.100,-3.73974,0.42617,9.09797,0.28833,0.16371,0.73609,31.2583330,75.7076049,0.890,339.50
132.207,-3.58173,1.55384,9.18416,0.08796,0.29749,-0.23702,31.2583330,75.7076049,0.890,339.50
132.324,-2.72221,1.29047,9.45710,1.35429,1.79533,0.56200,31.2583330,75.7076049,0.890,339.50
132.441,-3.95522,0.77333,8.05649,-0.19426,0.51496,-0.74648,31.2583395,75.7076022,0.470,337.10
132.555,-4.76925,0.41180,8.84179,0.95234,-0.92974,-0.28405,31.2583395,75.7076022,0.470,337.10
132.668,-4.40054,0.36152,7.06768,-0.25290,0.14355,-0.13806,31.2583395,75.7076022,0.470,337.10
132.780,-4.22098,0.43335,8.39407,-0.59682,-0.10446,-0.25229,31.2583395,75.7076022,0.470,337.10
132.893,-6.39252,0.50039,10.45787,-0.70066,0.72693,0.82222,31.2583395,75.7076022,0.470,337.10
133.010,-6.00226,0.38068,8.02297,-0.20586,-0.51924,0.19364,31.2583395,75.7076022,0.470,337.10
133.128,-7.46751,-0.17478,9.65342,-1.29076,-0.09713,0.69578,31.2583395,75.7076022,0.470,337.10
133.245,-7.65187,0.51236,6.69898,0.20831,-0.68661,0.36163,31.2583395,75.7076022,0.470,337.10
133.356,-2.44209,-1.10852,6.98628,-0.55650,0.26756,1.06352,31.2583395,75.7076022,0.470,337.10
133.474,-6.05254,0.56264,8.01818,-0.50335,0.54123,0.22541,31.2583465,75.7076001,0.760,346.20
133.591,-6.38534,1.33118,9.35893,0.00794,1.99875,0.53451,31.2583465,75.7076001,0.760,346.20
133.707,-4.37899,1.34794,8.27436,-0.12034,-0.71166,0.39706,31.2583465,75.7076001,0.760,346.20
133.819,-3.14119,0.39504,9.05008,-0.71166,-0.25779,-0.21258,31.2583465,75.7076001,0.760,346.20
133.929,-7.30710,-2.03747,15.96693,2.51676,-0.71838,-0.37080,31.2583465,75.7076001,0.760,346.20
134.041,-5.93523,0.59137,6.09564,1.76723,-0.89553,-0.64263,31.2583465,75.7076001,0.760,346.20
134.153,-4.65193,1.24498,7.42681,0.52962,-0.98471,0.18815,31.2583465,75.7076001,0.760,346.20
134.271,-4.27365,2.48518,5.34146,0.14416,-0.52168,0.17165,31.2583465,75.7076001,0.760,346.20
134.385,-5.54018,2.70545,6.06212,-0.52168,0.63163,0.44654,31.2583465,75.7076001,0.760,346.20
134.495,-5.86819,-0.62968,11.61427,-2.68292,1.71959,1.08551,31.2583515,75.7075981,0.700,337.90
134.612,-3.22738,1.23062,8.12353,0.46548,-0.35675,0.01955,31.2583515,75.7075981,0.700,337.90
134.731,-5.03501,-0.00958,9.57681,-0.82284,0.87904,1.13804,31.2583515,75.7075981,0.700,337.90
134.857,-2.76770,1.07739,9.38766,-1.37811,-0.87965,0.08674,31.2583515,75.7075981,0.700,337.90
134.971,-2.01831,1.29287,8.99262,-0.44410,-0.75686,0.37018,31.2583515,75.7075981,0.700,337.90
135.086,-2.20506,1.59454,9.90960,0.82100,-0.10263,-0.53023,31.2583515,75.7075981,0.700,337.90
135.203,0.98881,-0.71826,6.85221,-0.17837,-1.58397,-0.89736,31.2583515,75.7075981,0.700,337.90
135.317,3.43089,-2.46603,15.51682,1.05435,0.13439,-1.80327,31.2583515,75.7075981,0.700,337.90
135.435,-1.73580,-0.68235,11.94707,1.57237,0.57482,-1.13621,31.2583547,75.7075904,0.730,314.00
135.545,-1.92015,-0.05507,8.29591,1.11300,-1.15759,-0.17471,31.2583547,75.7075904,0.730,314.00
135.660,-2.23618,0.83558,6.54575,0.50213,-0.43433,0.10140,31.2583547,75.7075904,0.730,314.00
135.779,-1.64482,1.27372,9.03332,-0.89431,0.34758,-0.07575,31.2583547,75.7075904,0.730,314.00
135.893,-1.04387,1.66876,13.28543,-1.23212,1.16125,0.62369,31.2583547,75.7075904,0.730,314.00
136.006,-0.95529,1.82438,7.29274,0.10812,0.14294,0.44532,31.2583547,75.7075904,0.730,314.00
136.119,-1.38145,1.06063,8.73405,0.06903,0.70616,0.72388,31.2583547,75.7075904,0.730,314.00
136.236,-1.06063,1.87945,9.69891,-0.72510,0.04398,0.48686,31.2583547,75.7075904,0.730,314.00
136.350,0.90261,1.50116,8.16662,-0.28100,-0.41539,0.15516,31.2583547,75.7075904,0.730,314.00
136.463,0.53870,-0.80445,12.19127,-1.26327,1.27793,-0.59682,31.2583625,75.7075850,0.920,335.20
136.576,-2.54743,-0.00958,10.65180,1.73058,0.60598,-1.19424,31.2583625,75.7075850,0.920,335.20
136.686,-3.33991,-1.17316,10.97023,1.00732,0.16616,-0.36469,31.2583625,75.7075850,0.920,335.20
136.798,-1.32639,-0.27054,6.45477,0.38423,-0.46670,-0.25962,31.2583625,75.7075850,0.920,335.20
136.912,-2.86107,0.83797,7.27598,0.12645,-0.16860,-0.00183,31.2583625,75.7075850,0.920,335.20
137.027,-1.11570,-0.45250,9.36851,-0.72632,-0.29627,0.01772,31.2583625,75.7075850,0.920,335.20
137.141,-3.82833,-0.95529,11.74356,-0.63286,1.67377,-0.14600,31.2583625,75.7075850,0.920,335.20
137.256,-4.74052,-0.21308,8.86812,-0.90713,-1.62551,0.19364,31.2583625,75.7075850,0.920,335.20
137.370,-4.76686,-0.57221,7.67821,0.69639,0.32009,0.59376,31.2583625,75.7075850,0.920,335.20
137.482,-4.21619,0.79009,8.65265,-0.34697,0.53206,0.15638,31.2583663,75.7075832,0.660,344.30
137.596,-4.17309,1.25217,9.87369,0.32620,0.59315,1.55465,31.2583663,75.7075832,0.660,344.30
137.707,-2.77009,1.55623,9.01417,0.13989,-0.73854,0.49908,31.2583663,75.7075832,0.660,344.30
137.819,-1.27850,0.29449,8.95910,-0.10018,-1.77273,0.80268,31.2583663,75.7075832,0.660,344.30
137.935,-0.47405,0.28730,11.98777,0.41050,-0.64996,-0.28466,31.2583663,75.7075832,0.660,344.30
138.049,1.02232,1.05584,8.93995,1.33779,-1.10139,-0.22419,31.2583663,75.7075832,0.660,344.30
138.164,2.64559,2.40378,8.15944,0.06658,-1.08612,0.18570,31.2583663,75.7075832,0.660,344.30
138.281,1.67355,3.82833,10.19930,0.35980,-0.81489,-0.20769,31.2583663,75.7075832,0.660,344.30
138.396,2.19309,3.91452,8.65743,-0.51618,-0.43127,2.76966,31.2583704,75.7075803,0.580,328.90
138.508,0.73263,2.37744,10.37647,0.40317,2.56075,0.10751,31.2583704,75.7075803,0.580,328.90
138.620,0.78290,1.53947,9.75877,0.06475,0.92913,0.38118,31.2583704,75.7075803,0.580,328.90
138.735,0.20830,2.99754,6.71574,0.66340,0.25045,0.59071,31.2583704,75.7075803,0.580,328.90
138.847,3.99832,2.57616,7.44836,0.66340,-0.52168,0.95478,31.2583704,75.7075803,0.580,328.90
138.961,3.26569,3.71820,9.30626,-0.35186,0.17043,0.03604,31.2583704,75.7075803,0.580,328.90
139.075,3.45004,2.75094,9.10036,0.57727,-0.48625,-0.88392,31.2583704,75.7075803,0.580,328.90
139.190,1.07978,2.47800,11.87764,-0.19487,1.32802,-0.53817,31.2583704,75.7075803,0.580,328.90
139.303,2.35829,2.27210,9.05008,-0.38485,-0.45265,-1.31947,31.2583704,75.7075803,0.580,328.90
139.418,-0.34716,4.01986,5.85382,0.40500,-1.16920,-1.03725,31.2583754,75.7075763,0.790,319.10
139.529,1.48680,2.91853,8.99262,-0.81062,-1.15087,-0.55833,31.2583754,75.7075763,0.790,319.10
139.644,2.26970,3.66073,6.11479,0.05131,-0.28344,-0.22724,31.2583754,75.7075763,0.790,319.10
139.758,1.08218,4.67827,10.05325,0.19303,0.40439,-0.20220,31.2583754,75.7075763,0.790,319.10
139.873,0.12210,4.36942,11.25514,-0.12339,1.27488,0.06170,31.2583754,75.7075763,0.790,319.10
139.985,0.31125,4.05817,7.66623,-0.26389,0.04398,-0.08186,31.2583754,75.7075763,0.790,319.10
140.101,0.67277,3.57454,7.57286,0.34453,0.93585,0.17471,31.2583754,75.7075763,0.790,319.10
140.215,1.65200,3.41174,9.03332,-0.55528,0.03360,0.10201,31.2583754,75.7075763,0.790,319.10
140.329,1.32160,3.69425,10.82658,-0.11973,0.51435,-0.56994,31.2583754,75.7075763,0.790,319.10
140.443,0.41659,3.07176,10.40041,-0.66523,-0.60109,-0.55161,31.2583809,75.7075701,0.880,331.80
140.550,0.23703,2.58334,7.64469,0.18204,-0.84849,-1.01526,31.2583809,75.7075701,0.880,331.80
140.663,1.06542,1.27611,11.94707,0.95478,0.31093,-0.81856,31.2583809,75.7075701,0.880,331.80
140.773,0.95289,3.95043,7.46512,-0.45082,-1.03542,-0.05131,31.2583809,75.7075701,0.880,331.80
140.887,2.09971,3.86424,7.42203,-0.02993,-1.02686,-0.52229,31.2583809,75.7075701,0.880,331.80
141.015,-0.81642,4.65433,8.75799,0.00489,-0.17043,0.09529,31.2583809,75.7075701,0.880,331.80
141.127,0.42617,2.55461,9.67736,-0.13867,1.93950,1.17592,31.2583809,75.7075701,0.880,331.80
141.241,-1.98000,3.14359,9.23444,-0.43799,0.88575,0.60537,31.2583809,75.7075701,0.880,331.80
141.359,-2.20506,1.86269,8.73405,-0.05009,1.41599,1.34757,31.2583809,75.7075701,0.880,331.80
141.476,-0.58179,2.49715,10.11550,-0.77274,0.22724,0.61392,31.2583920,75.7075675,0.680,351.50
141.594,-1.76453,1.98000,12.30620,-1.41293,-0.03604,-0.91569,31.2583920,75.7075675,0.680,351.50
141.708,2.37984,-0.01197,9.54089,-0.86437,-1.56015,-0.72876,31.2583920,75.7075675,0.680,351.50
141.821,4.91290,-2.69587,11.42034,-1.70248,-1.62429,-0.49786,31.2583920,75.7075675,0.680,351.50
141.936,4.86502,-3.11007,9.70370,-0.08430,-0.36774,-1.69088,31.2583920,75.7075675,0.680,351.50
142.054,4.11084,-3.81875,9.72285,0.24190,-0.97677,-2.57663,31.2583920,75.7075675,0.680,351.50
142.169,2.93529,0.37110,7.89368,1.08123,-0.42333,-1.23945,31.2583920,75.7075675,0.680,351.50
142.283,3.27048,2.13084,8.20253,-0.11545,-0.68845,0.18509,31.2583920,75.7075675,0.680,351.50
142.398,3.93128,0.27533,12.24874,1.03969,2.94620,1.33352,31.2583920,75.7075675,0.680,351.50
142.513,3.84509,-0.90501,11.98777,-0.88514,-0.87965,1.55832,31.2583990,75.7075615,0.710,336.80
142.628,2.99036,1.01993,7.13233,0.56872,0.61453,0.65607,31.2583990,75.7075615,0.710,336.80
142.746,2.84671,1.87466,9.25838,-0.41478,0.56933,1.00182,31.2583990,75.7075615,0.710,336.80
142.865,3.50032,1.64960,8.65504,0.19059,-0.04032,0.49052,31.2583990,75.7075615,0.710,336.80
142.983,3.81396,0.98881,9.11233,0.13195,0.42333,-0.05376,31.2583990,75.7075615,0.710,336.80
143.100,3.85466,0.58658,9.55526,-0.10568,0.01161,-0.36774,31.2583990,75.7075615,0.710,336.80
143.235,3.53384,1.69749,8.13550,-0.06536,-0.39401,-1.59069,31.2583990,75.7075615,0.710,336.80
143.348,3.52187,-0.34477,9.81623,0.30788,-0.27306,-0.79412,31.2583990,75.7075615,0.710,336.80
143.465,2.07338,0.75417,7.85538,0.42638,-0.27917,-0.39828,31.2584063,75.7075524,0.820,326.30
143.581,1.01275,1.70946,7.86016,0.41783,-0.15088,0.02932,31.2584063,75.7075524,0.820,326.30
143.698,1.45328,1.08697,10.95347,-0.45509,1.19119,0.41294,31.2584063,75.7075524,0.820,326.30
143.813,1.56820,0.82361,10.51773,0.11423,-0.16310,-0.94745,31.2584063,75.7075524,0.820,326.30
143.930,0.67516,0.92656,10.48900,0.22419,0.26145,-0.34392,31.2584063,75.7075524,0.820,326.30
144.047,2.82037,0.57461,8.79151,-0.59071,-0.26634,-1.04580,31.2584063,75.7075524,0.820,326.30
144.163,0.46448,1.30723,8.04212,0.30910,0.53451,-1.67560,31.2584063,75.7075524,0.820,326.30
144.280,2.07338,-1.38864,13.73554,-2.02929,-0.64141,-1.32436,31.2584063,75.7075524,0.820,326.30
144.388,3.94325,-1.34794,9.24401,-0.63530,-0.12034,-1.52350,31.2584063,75.7075524,0.820,326.30
144.497,0.98402,0.18914,9.33739,0.84055,0.47709,-1.66583,31.2584120,75.7075511,0.680,344.10
144.613,3.43568,-0.66559,9.64145,-0.51313,-0.63591,-0.37690,31.2584120,75.7075511,0.680,344.10
144.729,3.05979,-0.40223,11.10670,-0.32009,-0.51924,-0.46792,31.2584120,75.7075511,0.680,344.10
144.847,2.90656,-0.00479,8.92798,0.36102,-0.30482,0.15577,31.2584120,75.7075511,0.680,344.10
144.964,1.64003,0.63925,9.47625,0.42455,0.21747,-0.34086,31.2584120,75.7075511,0.680,344.10
145.082,0.76854,1.26893,8.81545,0.43982,0.08735,0.06048,31.2584120,75.7075511,0.680,344.10
145.199,1.25456,1.39343,6.83784,-0.80207,-0.41844,1.15637,31.2584120,75.7075511,0.680,344.10
145.316,3.76847,-0.23463,8.96629,0.30788,0.71471,0.99327,31.2584120,75.7075511,0.680,344.10
145.431,3.84030,-0.91219,10.28788,-0.16982,0.16188,0.74587,31.2584125,75.7075554,0.220,351.80
145.543,3.47878,-0.43096,9.36372,0.09591,0.14661,0.21502,31.2584125,75.7075554,0.220,351.80
145.661,2.48758,-1.32399,10.76194,-0.41417,0.66523,0.48747,31.2584125,75.7075554,0.220,351.80
145.778,0.68474,0.20830,8.97107,-0.12767,0.09896,0.27550,31.2584125,75.7075554,0.220,351.80
145.896,0.62489,-0.50518,11.25993,-0.41783,-0.06903,0.29322,31.2584125,75.7075554,0.220,351.80
146.014,0.68953,-0.69671,10.06044,0.21258,0.13744,0.68173,31.2584125,75.7075554,0.220,351.80
146.126,-0.40462,-0.47405,9.53850,0.24251,0.15577,0.92118,31.2584125,75.7075554,0.220,351.80
146.241,-0.71347,0.11971,9.19852,-0.07208,0.08796,0.89919,31.2584125,75.7075554,0.220,351.80
146.357,0.22745,-0.26576,10.02452,-0.36957,0.01710,1.05191,31.2584125,75.7075554,0.220,351.80
146.472,-0.49799,0.78530,10.57279,0.07819,0.17959,0.83383,,,,
146.584,-0.54109,0.75178,10.11790,-0.46548,-0.53634,0.85032,,,,
146.693,1.71904,-0.27054,10.35253,-0.08735,-1.03236,0.54978,,,,
146.804,3.12683,-1.23062,8.05888,0.02077,-0.79046,-0.02505,,,,
146.918,3.47638,-1.21865,8.51378,0.54367,0.04887,-0.16921,,,,
147.032,2.67193,-1.02472,9.28711,-0.01038,-0.13744,-0.60170,,,,
147.147,2.47321,-0.94810,8.78911,0.25717,-0.33537,-0.05742,,,,
147.259,3.18189,-0.01437,8.13550,0.23946,0.08491,0.20586,,,,
147.372,1.52989,-0.06704,11.61906,0.42944,0.66218,0.48869,,,,
147.486,0.99120,-0.47645,10.18972,-0.06781,0.60048,0.49419,31.2584178,75.7075547,0.600,330.90
147.601,-1.10373,1.08218,8.79390,0.65607,0.31704,-0.06292,31.2584178,75.7075547,0.600,330.90
147.707,-0.62728,-0.25379,8.80348,-0.08796,0.00489,1.01953,31.2584178,75.7075547,0.600,330.90
147.815,-0.77812,1.33118,9.13148,-0.12339,0.48136,0.41966,31.2584178,75.7075547,0.600,330.90
147.929,-1.22583,2.27928,8.72447,-0.33109,-0.05009,0.38851,31.2584178,75.7075547,0.600,330.90
148.042,-1.45089,0.60813,10.87207,-0.45021,0.93829,-0.43616,31.2584178,75.7075547,0.600,330.90
148.157,0.54109,0.61292,9.53371,-0.23824,-0.06658,0.43249,31.2584178,75.7075547,0.600,330.90
148.274,2.64320,-1.27132,9.83778,0.33414,-0.71227,-0.16799,31.2584178,75.7075547,0.600,330.90
148.387,1.55623,-0.79727,10.00776,0.22846,0.29322,-0.12217,31.2584178,75.7075547,0.600,330.90
148.499,0.96726,-0.96965,10.20648,-0.24068,-0.58887,-0.06414,31.2584227,75.7075479,0.460,330.40
148.615,0.77093,0.32801,8.59997,0.01833,0.02871,-0.21991,31.2584227,75.7075479,0.460,330.40
148.730,-0.16041,-0.12929,10.24000,-0.28955,0.36774,0.21869,,,,
148.840,0.52433,-1.88663,10.04846,-0.16616,0.07453,0.15760,,,,
148.950,-2.22900,-1.30484,10.93432,0.15577,0.61575,-0.83322,,,,
149.064,-2.82037,-0.22505,8.80348,0.06170,-1.17103,0.09102,,,,
149.178,1.16358,-0.56503,8.01579,0.39095,-0.25107,0.98655,,,,
149.295,-0.00479,1.11809,9.06684,0.47159,0.25290,0.44166,,,,
149.411,0.09337,1.59454,8.72686,-0.18631,0.24374,0.70738,31.2584272,75.7075440,0.270,328.80
149.519,1.73819,0.58179,9.57441,0.08613,-0.62186,0.20586,31.2584272,75.7075440,0.270,328.80
149.625,4.17788,-1.76692,14.78180,-0.54550,0.17349,0.27550,31.2584272,75.7075440,0.270,328.80
149.731,0.71108,0.96965,10.43154,0.10873,0.39767,-0.92668,31.2584272,75.7075440,0.270,328.80
149.838,1.57299,-0.79487,10.35971,0.46609,-0.32009,-0.26573,31.2584272,75.7075440,0.270,328.80
149.945,1.05105,0.53630,8.20972,0.38790,-0.45265,-0.11790,31.2584272,75.7075440,0.270,328.80
150.057,0.82361,1.87945,6.94079,0.47953,0.08980,0.45815,31.2584272,75.7075440,0.270,328.80
150.170,2.23858,0.48363,10.91277,-0.50580,0.86804,0.80512,31.2584272,75.7075440,0.270,328.80
150.276,-1.18034,1.61130,8.38689,0.70494,0.30665,0.56444,31.2584272,75.7075440,0.270,328.80
150.387,0.40941,-0.50518,9.53371,0.56688,-0.36408,1.48196,31.2584272,75.7075440,0.270,328.80
150.497,-0.09337,0.48363,9.23683,0.40073,0.49724,1.15209,31.2584297,75.7075392,0.700,296.00
150.608,0.88346,0.67756,9.60314,-0.21136,-0.04826,1.27732,31.2584297,75.7075392,0.700,296.00
150.721,1.27372,1.98240,7.70933,0.11851,-0.17471,0.55711,31.2584297,75.7075392,0.700,296.00
150.836,1.65679,2.63841,9.46667,-0.64385,0.34453,0.50641,31.2584297,75.7075392,0.700,296.00
150.949,3.44765,1.70707,10.05565,0.07025,-0.25901,-0.40317,31.2584297,75.7075392,0.700,296.00
151.062,3.02148,-0.06943,10.53688,-0.64019,0.45448,-0.38301,31.2584297,75.7075392,0.700,296.00
151.176,2.84431,-1.11809,10.95108,0.69639,-0.30971,-1.48074,31.2584297,75.7075392,0.700,296.00
151.290,0.78530,-2.18351,9.01896,0.65118,-0.49786,-1.29870,31.2584297,75.7075392,0.700,296.00
151.403,1.58257,-1.16119,6.97910,-0.68783,-0.64263,-0.84666,31.2584297,75.7075392,0.700,296.00
151.516,-0.75896,1.04148,10.65899,0.05925,0.69272,-0.17776,31.2584313,75.7075336,0.540,274.90
151.630,0.39983,-1.32639,12.56956,-0.85399,0.25045,0.93890,31.2584313,75.7075336,0.540,274.90
151.747,-0.21548,-0.36152,12.95503,-0.29688,0.80695,-0.21808,31.2584313,75.7075336,0.540,274.90
151.862,-0.88107,-0.53151,6.60321,-0.36102,0.14416,0.60659,31.2584313,75.7075336,0.540,274.90
151.975,0.63925,-1.20907,8.55209,-0.52901,0.14966,0.43982,31.2584313,75.7075336,0.540,274.90
152.087,-0.76614,1.15401,9.87369,0.19120,0.79901,-0.31460,31.2584313,75.7075336,0.540,274.90
152.206,-0.48363,0.88107,9.55047,-0.56994,-0.11912,0.49541,31.2584313,75.7075336,0.540,274.90
152.322,1.41497,-1.57778,11.00854,-0.01588,-0.16127,-0.13011,31.2584313,75.7075336,0.540,274.90
152.439,-0.08380,-2.70066,10.15141,-0.08613,0.24801,-0.56872,31.2584298,75.7075292,0.740,290.50
152.555,-0.84036,-1.18034,9.15543,0.59498,0.39645,-1.48685,31.2584298,75.7075292,0.740,290.50
152.679,-0.64883,-2.34153,9.66779,0.19975,-0.56627,-0.35308,31.2584298,75.7075292,0.740,290.50
152.794,0.32322,-1.38385,9.67257,0.16371,-0.37018,-0.58032,31.2584298,75.7075292,0.740,290.50
152.908,-0.78769,-0.63686,8.59279,0.03848,-0.12523,-0.21869,31.2584298,75.7075292,0.740,290.50
153.026,-1.93451,-0.26097,10.56082,-0.29627,0.98044,-0.16799,31.2584298,75.7075292,0.740,290.50
153.142,-2.56419,-1.53468,11.63103,-1.12399,-0.18754,0.95723,31.2584298,75.7075292,0.740,290.50
153.256,-1.98240,-0.33279,7.04374,0.81428,-0.12034,-0.03360,31.2584298,75.7075292,0.740,290.50
153.371,-2.38702,-1.20428,7.57286,-0.12584,0.10385,0.62553,31.2584298,75.7075292,0.740,290.50
153.487,-1.74777,-0.63207,9.14106,-0.22174,-0.10751,0.10079,31.2584350,75.7075198,0.750,302.00
153.605,-2.33914,0.70390,8.65025,-0.21686,0.16310,0.05253,31.2584350,75.7075198,0.750,302.00
153.721,-2.71024,-0.51475,12.44027,-0.45815,0.33781,0.49358,31.2584350,75.7075198,0.750,302.00
153.837,-2.12605,-1.03908,9.59596,0.08063,-0.30665,0.33414,31.2584350,75.7075198,0.750,302.00
153.951,1.28569,-1.61369,8.88967,0.20586,-0.20159,-0.31398,31.2584350,75.7075198,0.750,302.00
154.064,-0.83797,-1.88903,10.94868,0.39523,0.36835,-0.34819,31.2584350,75.7075198,0.750,302.00
154.182,-0.43574,-1.71185,9.77553,-0.16921,-0.46181,-0.29322,31.2584350,75.7075198,0.750,302.00
154.295,-1.52032,-0.64165,8.30788,-0.06536,-0.44899,-0.31887,31.2584350,75.7075198,0.750,302.00
154.411,-2.47082,-0.34237,10.33337,0.15699,0.83261,0.06292,31.2584350,75.7075198,0.750,302.00
154.526,-3.19626,-1.29766,8.59040,0.14905,0.19853,0.99510,31.2584369,75.7075162,0.290,303.40
154.640,-0.90022,-0.74939,9.44752,0.57544,-0.18692,-0.11545,31.2584369,75.7075162,0.290,303.40
154.756,-3.09331,-0.78290,10.76194,-0.26939,0.39095,0.33170,31.2584369,75.7075162,0.290,303.40
154.870,-1.47243,-0.48602,9.46667,-0.22663,-0.68845,-0.19975,31.2584369,75.7075162,0.290,303.40
154.985,-2.41814,1.45089,8.74602,0.59743,0.06353,-0.31337,31.2584369,75.7075162,0.290,303.40
155.098,-2.04225,0.54588,9.91439,0.22907,0.05192,0.13561,31.2584369,75.7075162,0.290,303.40
155.216,-1.67115,-0.13408,8.96868,-0.13256,-0.05192,0.13256,31.2584369,75.7075162,0.290,303.40
155.334,-0.01197,-1.69509,11.71243,0.09652,-0.19914,-0.21197,31.2584369,75.7075162,0.290,303.40
155.458,-0.55785,-1.60651,10.08438,0.08247,-0.29138,-0.17959,31.2584393,75.7075126,0.430,304.90
155.572,-0.80685,-0.66080,9.10036,0.00672,-0.50885,-0.11301,31.2584393,75.7075126,0.430,304.90
155.690,-0.23703,-0.07901,8.44674,-0.19487,-0.38240,0.30604,31.2584393,75.7075126,0.430,304.90
155.807,0.32322,-0.40223,9.53132,-0.26756,0.54611,0.20403,31.2584393,75.7075126,0.430,304.90
155.925,-1.55144,-0.37589,10.58716,0.02993,0.42150,0.17165,31.2584393,75.7075126,0.430,304.90
156.041,-1.12049,-1.59214,10.08438,-0.29993,0.26695,0.86865,31.2584393,75.7075126,0.430,304.90
156.158,-0.62010,-1.23541,9.78750,0.03176,0.24740,0.21564,31.2584393,75.7075126,0.430,304.90
156.272,-2.47082,-0.97205,9.83538,-0.01772,0.02993,0.16066,31.2584393,75.7075126,0.430,304.90
156.390,-2.83234,-0.92895,9.56484,-0.13867,-0.21747,0.18876,31.2584393,75.7075126,0.430,304.90
156.506,-2.47800,0.65122,8.93995,1.06718,-0.45204,-0.40500,31.2584385,75.7075149,0.400,304.40
156.620,-1.80762,1.77650,8.05170,0.02199,-0.15638,0.29993,31.2584385,75.7075149,0.400,304.40
156.734,0.07183,0.26576,10.38605,-0.41844,-0.09529,0.35003,31.2584385,75.7075149,0.400,304.40
156.850,1.15401,-0.85712,9.40442,-0.58399,-0.27000,-0.13683,31.2584385,75.7075149,0.400,304.40
156.966,0.46687,-0.98641,10.43633,0.59254,0.15638,-0.97677,31.2584385,75.7075149,0.400,304.40
157.082,0.22745,-1.56820,10.52252,0.37874,-0.20769,-0.61697,31.2584385,75.7075149,0.400,304.40
157.197,0.03831,-0.31364,8.24563,0.14844,-0.41478,-0.41661,31.2584385,75.7075149,0.400,304.40
157.312,-0.61770,0.10295,8.54491,0.13378,0.23640,-0.15699,31.2584385,75.7075149,0.400,304.40
157.425,-0.95529,-0.31125,10.24718,-0.32559,0.55100,0.20831,31.2584427,75.7075148,0.540,285.90
157.548,-1.46046,-1.18034,11.30063,-0.88087,0.40684,0.78863,31.2584427,75.7075148,0.540,285.90
157.669,-1.69031,-0.27054,7.90326,0.19975,-0.39156,0.16554,31.2584427,75.7075148,0.540,285.90
157.781,-1.82917,-1.08697,8.51139,-0.10934,0.04398,0.31032,31.2584427,75.7075148,0.540,285.90
157.894,-1.36230,-0.76375,10.18015,-0.38301,0.09529,-0.09041,31.2584427,75.7075148,0.540,285.90
158.008,-2.06380,0.50039,9.11712,0.00916,-0.10263,-0.16921,31.2584427,75.7075148,0.540,285.90
158.122,-0.81163,-0.51954,10.25676,0.01649,-0.12278,-0.27367,31.2584427,75.7075148,0.540,285.90
158.237,-0.53391,0.51475,9.58878,0.36408,-0.59071,-0.77091,31.2584427,75.7075148,0.540,285.90
158.349,0.16041,-0.72784,10.98939,-0.25717,-0.12706,-0.22907,31.2584427,75.7075148,0.540,285.90
158.461,0.93853,-0.79248,8.31267,0.67623,-0.05803,-0.79901,31.2584449,75.7075077,0.530,288.20
158.574,1.52511,-2.43490,10.97023,0.31826,0.08125,-0.39279,31.2584449,75.7075077,0.530,288.20
158.686,-0.03831,-0.67277,9.10275,0.14111,-0.20708,-0.53756,31.2584449,75.7075077,0.530,288.20
158.797,0.25857,-0.07183,8.27197,-0.24496,-0.15944,-0.29932,31.2584449,75.7075077,0.530,288.20
158.911,-1.38145,0.30167,10.77870,0.08002,0.62858,-0.16066,31.2584449,75.7075077,0.530,288.20
159.026,-1.93451,-0.12450,10.71166,-0.03482,0.24740,0.29810,31.2584449,75.7075077,0.530,288.20
159.141,-0.74699,-1.23780,13.15374,-0.59559,0.38423,0.93951,31.2584449,75.7075077,0.530,288.20
159.258,-2.81319,0.52433,7.42442,0.67134,-0.11179,0.55589,31.2584449,75.7075077,0.530,288.20
159.371,-3.40455,-0.89543,7.16345,-0.52229,0.03543,1.29626,31.2584449,75.7075077,0.530,288.20
159.484,-0.92656,-0.79248,10.82897,-1.27793,-1.29259,0.73059,31.2584473,75.7074982,0.660,293.60
159.597,0.20111,0.01437,11.20008,2.33289,-0.72143,1.72631,31.2584473,75.7074982,0.660,293.60
159.712,2.57856,2.68869,6.25365,-0.85827,-0.73487,-0.46914,31.2584473,75.7074982,0.660,293.60
159.827,2.31759,-1.55384,11.33176,-0.54489,0.36591,1.24494,31.2584473,75.7074982,0.660,293.60
159.942,2.26013,-1.88184,11.36528,0.89553,-0.40317,-0.53206,31.2584473,75.7074982,0.660,293.60
160.053,1.18513,-0.73741,10.41238,0.16738,0.15699,-0.59926,31.2584473,75.7074982,0.660,293.60
160.166,1.35751,-0.61052,8.02058,0.10812,-0.35675,0.02382,31.2584473,75.7074982,0.660,293.60
160.278,0.81882,0.57221,9.61272,-0.83627,-0.13134,-0.24862,31.2584473,75.7074982,0.660,293.60
160.392,3.04782,-1.42934,6.11719,-0.95967,-0.02199,-0.20403,31.2584473,75.7074982,0.660,293.60
160.505,0.73263,-2.08535,14.00369,-0.23763,3.25591,-0.82345,31.2584543,75.7074871,0.580,281.70
160.618,-1.89621,1.41497,12.29183,-0.57788,0.08186,-0.07208,31.2584543,75.7074871,0.580,281.70
160.731,-1.21625,-3.26090,10.30464,1.45325,-2.22966,1.40743,31.2584543,75.7074871,0.580,281.70
160.848,-1.78368,-0.90740,6.56490,0.63041,0.36774,0.03176,31.2584543,75.7074871,0.580,281.70
160.961,-0.73502,-0.45969,8.78193,-0.13744,0.59987,0.48136,31.2584543,75.7074871,0.580,281.70
161.075,-0.48602,0.55067,8.23845,-0.37996,0.05742,0.43555,31.2584543,75.7074871,0.580,281.70
161.188,-0.14126,-0.23703,8.79151,-0.70860,0.80329,0.69578,31.2584543,75.7074871,0.580,281.70
161.302,2.82276,-3.18668,15.75864,-0.31948,0.20220,-0.02688,31.2584543,75.7074871,0.580,281.70
161.416,0.81163,-0.85712,9.53850,0.14172,0.14539,-0.98471,31.2584564,75.7074832,0.560,284.70
161.523,-0.59376,-0.10534,10.06762,0.88331,-0.50091,-1.28709,31.2584564,75.7074832,0.560,284.70
161.635,1.64482,-2.64320,10.23761,0.28161,-0.13317,0.47709,31.2584564,75.7074832,0.560,284.70
161.749,0.77093,-1.92973,10.35492,-0.07330,-0.58826,-0.70433,31.2584564,75.7074832,0.560,284.70
161.863,-0.05028,0.18914,8.33182,0.19242,-0.47037,-0.12584,31.2584564,75.7074832,0.560,284.70
161.976,-0.07183,2.00155,9.29908,0.05070,0.36346,-0.14233,31.2584564,75.7074832,0.560,284.70
162.091,-0.37589,1.25696,9.10994,0.32498,0.16982,1.18569,31.2584564,75.7074832,0.560,284.70
162.198,1.74537,-1.06063,9.82102,-0.38301,-0.57544,1.58947,31.2584564,75.7074832,0.560,284.70
162.314,3.83072,-1.77171,8.70771,0.38362,0.68234,0.81245,31.2584564,75.7074832,0.560,284.70
162.433,2.21703,-1.28090,10.07001,-0.46059,0.47281,0.61025,31.2584564,75.7074832,0.560,284.70
162.553,3.81636,-0.97923,10.18972,-0.06353,0.28955,-0.68173,31.2584611,75.7074764,0.510,292.80
162.669,0.74939,1.97043,10.13226,-0.21502,-1.56443,-1.08429,31.2584611,75.7074764,0.510,292.80
162.784,3.58412,1.32878,8.60476,-0.22419,-0.13683,-0.61942,31.2584611,75.7074764,0.510,292.80
162.901,2.31998,1.25696,10.22085,0.46487,0.42455,-0.70555,31.2584611,75.7074764,0.510,292.80
163.017,3.61285,0.63686,8.29351,-0.45143,-0.36530,-0.14905,31.2584611,75.7074764,0.510,292.80
163.133,4.44364,-2.10211,9.84017,-0.74892,0.20342,0.42211,31.2584611,75.7074764,0.510,292.80
163.246,-0.84276,1.98000,9.66779,0.63469,0.91447,-1.99264,31.2584611,75.7074764,0.510,292.80
163.359,4.08451,-3.95043,13.21360,0.17898,-0.48625,-0.07514,31.2584611,75.7074764,0.510,292.80
163.477,1.49159,-0.65841,5.82509,0.44166,-1.18813,-0.53756,31.2584624,75.7074719,0.470,295.60
163.587,0.06943,0.17478,7.62553,-0.27855,0.19487,0.62980,31.2584624,75.7074719,0.470,295.60
163.702,0.74939,-0.07422,10.12268,-0.96028,0.35552,1.09772,31.2584624,75.7074719,0.470,295.60
163.819,-0.57461,-1.98958,11.63103,-0.71838,1.74280,0.84544,31.2584624,75.7074719,0.470,295.60
163.934,1.30963,-1.14443,14.70998,0.76664,-1.60413,-0.44838,31.2584624,75.7074719,0.470,295.60
164.044,1.84354,-0.66080,5.85622,-0.14233,-0.24435,0.68478,31.2584624,75.7074719,0.470,295.60
164.151,1.63763,-0.30646,11.67892,-0.20464,1.40255,-0.48442,31.2584624,75.7074719,0.470,295.60
164.262,0.25618,1.85551,7.80510,0.77763,0.11790,-0.35491,31.2584624,75.7074719,0.470,295.60
164.378,0.84515,-0.94092,8.88488,-0.47220,0.14294,0.75320,31.2584624,75.7074719,0.470,295.60
164.496,2.76530,-3.12683,9.81623,-1.09039,-0.30177,0.04581,31.2584660,75.7074688,0.520,311.50
164.607,2.33914,-2.77249,12.99573,-0.18082,0.72998,-1.11727,31.2584660,75.7074688,0.520,311.50
164.722,0.66798,-3.50511,10.93671,0.49114,0.27794,-0.70066,31.2584660,75.7074688,0.520,311.50
164.838,0.22505,-2.16196,6.92882,0.46365,-0.54672,-0.82161,31.2584660,75.7074688,0.520,311.50
164.957,-1.31202,-0.03831,6.92164,-0.01466,0.79412,-0.72693,31.2584660,75.7074688,0.520,311.50
165.075,-0.99120,-1.28808,8.40844,0.53756,-2.19301,-1.74952,31.2584660,75.7074688,0.520,311.50
165.191,-2.32477,-2.77727,13.25909,-0.35980,2.28464,-1.11116,31.2584660,75.7074688,0.520,311.50
165.305,-2.42533,-0.31364,10.78588,-0.07330,1.52228,-0.54795,31.2584660,75.7074688,0.520,311.50
165.417,-2.11647,-1.51314,10.45069,-0.01527,0.30116,1.10689,31.2584689,75.7074604,0.610,302.30
165.527,-1.05824,-0.18675,7.86974,0.05376,-0.39095,1.85459,31.2584689,75.7074604,0.610,302.30
165.643,0.52672,0.73741,10.20648,0.02443,0.20036,0.32865,31.2584689,75.7074604,0.610,302.30
165.760,-2.06141,0.91459,10.85771,-0.08735,0.51862,-1.25533,31.2584689,75.7074604,0.610,302.30
165.879,-1.99676,-0.21787,11.06839,0.03054,0.20464,-0.78741,31.2584689,75.7074604,0.610,302.30
166.005,-1.61848,-1.20189,8.02536,0.39156,-0.47037,-1.20279,31.2584689,75.7074604,0.610,302.30
166.121,-1.95367,-1.38864,10.31422,0.12645,0.81001,-1.80633,31.2584689,75.7074604,0.610,302.30
166.234,-2.90896,-1.33357,8.88967,0.76541,0.35675,-0.61881,31.2584689,75.7074604,0.610,302.30
166.351,-2.96881,-1.99916,8.50420,0.45509,0.33109,-0.10507,31.2584689,75.7074604,0.610,302.30
166.465,-3.76129,-1.06063,8.49942,-0.99388,0.36408,-0.13683,31.2584687,75.7074569,0.720,282.10
166.579,-4.88657,-1.02711,11.51850,-1.12216,0.62919,0.02749,31.2584687,75.7074569,0.720,282.10
166.693,-3.53384,0.28970,8.81066,-0.43494,-0.21502,0.02810,31.2584687,75.7074569,0.720,282.10
166.810,-4.60884,-2.33674,7.72848,0.68783,0.28833,0.16493,31.2584687,75.7074569,0.720,282.10
166.927,-3.93367,-1.86748,7.26161,-0.14661,0.29627,0.18815,31.2584687,75.7074569,0.720,282.10
167.045,-4.09648,-1.94649,6.33745,0.39279,-0.51068,-0.81123,31.2584687,75.7074569,0.720,282.10
167.161,-3.11486,-1.82917,9.31105,-0.56322,-0.31460,-1.58581,31.2584687,75.7074569,0.720,282.10
167.276,-5.65271,-1.19710,11.41795,0.27245,-0.16127,-1.93095,31.2584687,75.7074569,0.720,282.10
167.390,-4.51307,-2.84192,8.93277,0.81367,1.15515,0.88331,31.2584687,75.7074569,0.720,282.10
167.503,-0.72305,-3.02867,10.51533,0.47220,0.37690,-0.01772,31.2584698,75.7074515,0.530,291.20
167.615,-3.41653,-2.32956,8.96389,0.69944,0.89309,-1.02198,31.2584698,75.7074515,0.530,291.20
167.731,-4.47716,-3.19147,10.07959,0.22419,0.74220,-0.21991,31.2584698,75.7074515,0.530,291.20
167.848,-6.08127,-3.82593,9.15543,0.36285,0.05742,-0.61025,31.2584698,75.7074515,0.530,291.20
167.964,-4.76446,-2.85389,6.12916,-0.51924,-1.72142,-0.19364,31.2584698,75.7074515,0.530,291.20
168.078,-4.77643,-3.01430,5.94959,0.33659,0.45387,0.74587,31.2584698,75.7074515,0.530,291.20
168.193,-2.14760,-3.21541,7.86974,-1.22356,-0.30604,0.67195,31.2584698,75.7074515,0.530,291.20
168.308,-5.27682,-0.67038,7.77397,-0.36774,-0.18998,-0.49175,31.2584698,75.7074515,0.530,291.20
168.422,-4.66630,-2.54743,9.25598,-0.41111,-0.10812,0.47281,31.2584717,75.7074474,0.430,292.10
168.529,-5.39174,-1.62806,8.97826,-0.02932,-0.32437,-0.23702,31.2584717,75.7074474,0.430,292.10
168.635,-4.18028,-3.16513,10.87686,-0.17410,0.53817,-0.54611,31.2584717,75.7074474,0.430,292.10
168.741,-5.16669,-1.32160,7.02938,0.85582,0.41722,-0.52595,31.2584717,75.7074474,0.430,292.10
168.847,-4.18028,-2.88262,9.95988,0.14355,0.90897,0.17287,31.2584717,75.7074474,0.430,292.10
168.955,-3.52905,-3.00712,8.54491,0.55100,0.24251,0.33598,31.2584717,75.7074474,0.430,292.10
169.072,-3.28484,-3.82833,7.90326,0.22602,0.31826,0.04765,31.2584717,75.7074474,0.430,292.10
169.190,-5.28400,-3.14598,7.41724,-0.39584,-0.42516,0.32987,31.2584717,75.7074474,0.430,292.10
169.305,-5.25767,-3.31358,8.69813,-1.65483,-0.38240,0.42699,31.2584717,75.7074474,0.430,292.10
169.420,-4.84347,-1.66636,7.35020,0.02505,-0.56261,-0.21258,31.2584777,75.7074446,0.570,312.80
169.531,-4.07733,-2.53785,6.93121,-0.19059,0.02443,0.67134,31.2584777,75.7074446,0.570,312.80
169.644,-3.59849,-3.68468,8.28873,-0.26267,-0.47586,0.82894,31.2584777,75.7074446,0.570,312.80
169.757,-4.59208,-3.62722,10.01734,0.38729,-0.74403,-1.91751,31.2584777,75.7074446,0.570,312.80
169.869,-5.90410,-2.24576,6.90488,-0.24251,-0.53939,-0.16738,31.2584777,75.7074446,0.570,312.80
169.983,-3.10528,-3.31836,8.04691,0.21930,-0.37996,-0.23152,31.2584777,75.7074446,0.570,312.80
170.098,-3.56975,-2.22182,9.11233,0.66829,0.06048,-0.28039,31.2584777,75.7074446,0.570,312.80
170.213,-2.00155,-3.14359,10.53449,-1.66766,-0.61575,0.41722,31.2584777,75.7074446,0.570,312.80
170.327,-3.62961,-4.24731,10.44590,1.44592,1.27976,0.10507,31.2584777,75.7074446,0.570,312.80
170.456,-1.59933,-3.12683,11.06600,0.19731,-0.45998,1.02564,31.2584821,75.7074406,0.640,302.80
170.570,-1.78368,-4.35505,7.99903,1.40682,-0.14600,1.20707,31.2584821,75.7074406,0.640,302.80
170.683,-3.35907,-3.91452,7.35020,-0.04398,0.11668,1.31275,31.2584821,75.7074406,0.640,302.80
170.794,-2.64320,-4.10366,8.65025,-1.82954,0.58399,0.46304,,,,
170.901,-5.62398,-1.87705,9.75877,-0.78435,0.21197,-1.17836,,,,
171.010,-3.43807,-3.02627,10.89362,-1.24067,1.00304,0.52412,,,,
171.121,-2.28167,-1.35033,8.31267,-0.53817,-0.81062,0.39951,,,,
171.234,-2.22661,-3.30879,10.37647,-0.09529,0.03726,0.94684,,,,
171.347,-4.57293,-2.24337,7.25922,0.21869,-2.21805,0.31398,,,,
171.460,-4.15394,-2.60250,6.54575,0.51374,-0.44471,0.26206,31.2584830,75.7074354,0.460,302.10
171.575,-2.29365,-2.99993,8.49942,-0.12523,0.71227,-0.13134,31.2584830,75.7074354,0.460,302.10
171.684,-3.44526,-1.80283,10.16099,0.17410,0.40745,-1.25899,31.2584830,75.7074354,0.460,302.10
171.797,-3.59370,-3.08852,10.81221,0.35369,0.92974,-0.90103,31.2584830,75.7074354,0.460,302.10
171.911,-3.90015,-2.51152,8.29591,0.91202,1.37811,-0.72082,31.2584830,75.7074354,0.460,302.10
172.021,-4.48673,-1.91536,9.87129,0.99571,0.79351,-0.21502,31.2584830,75.7074354,0.460,302.10
172.135,-2.60489,-3.14119,9.92157,0.69883,0.02688,1.39155,31.2584830,75.7074354,0.460,302.10
172.248,-2.32477,-1.16358,9.27753,0.15944,-1.19302,1.81060,31.2584830,75.7074354,0.460,302.10
172.363,-3.51708,1.17316,8.24084,0.61270,-1.75074,1.03114,31.2584830,75.7074354,0.460,302.10
172.476,-2.99275,1.70467,7.15866,0.00550,0.45571,0.78069,31.2584802,75.7074322,0.640,287.20
172.594,-3.86903,0.39744,8.03015,0.20525,0.90225,0.24435,31.2584802,75.7074322,0.640,287.20
172.711,-1.61369,-0.37350,9.68455,-1.02564,0.20769,0.57482,31.2584802,75.7074322,0.640,287.20
172.827,-4.11803,0.75896,8.20732,-0.30055,0.00550,-0.18326,31.2584802,75.7074322,0.640,287.20
172.943,-3.79960,-0.76375,8.58321,-0.99082,0.80634,0.42089,31.2584802,75.7074322,0.640,287.20
173.056,-3.33991,0.45969,8.23127,-0.73976,-0.19303,0.06292,31.2584802,75.7074322,0.640,287.20
173.173,-3.70862,0.34237,8.81066,-0.41111,0.30543,0.10996,31.2584802,75.7074322,0.640,287.20
173.289,-3.75890,0.60094,9.18655,-0.24679,-0.04398,-0.02260,31.2584802,75.7074322,0.640,287.20
173.399,-3.50511,-0.17957,9.26795,-0.04948,-0.15272,-0.39523,31.2584802,75.7074322,0.640,287.20
173.515,-2.56898,-1.60651,9.25838,-0.05131,-0.03604,-1.10139,,,,
173.631,-3.50032,-0.15083,10.55125,0.60903,0.06720,-2.46667,,,,
173.744,-5.22654,-1.57299,10.97263,1.69943,1.36101,-1.87658,,,,
173.856,-3.43568,-1.98479,11.02051,1.49357,1.59741,-0.66890,,,,
173.972,-2.37984,-2.82276,6.90967,1.91934,1.21929,-1.88269,,,,
174.089,-3.68468,-3.79242,6.63912,0.85338,1.00548,-2.47217,,,,
174.201,-5.73172,-3.16274,9.48583,-0.97128,-2.24065,-0.62064,,,,
174.319,-5.02543,-3.15556,10.35492,-1.85459,-1.30236,-0.20647,,,,
174.435,-5.26964,-2.21942,7.37893,-0.74770,-1.55893,-0.91324,31.2584834,75.7074321,0.580,295.80
174.550,-3.52187,-4.06775,7.55849,-0.95539,-1.39277,1.12521,31.2584834,75.7074321,0.580,295.80
174.662,-2.43011,-4.20182,7.82425,0.82039,0.23152,-0.20220,31.2584834,75.7074321,0.580,295.80
174.775,-2.70066,-4.27365,7.16824,0.49297,-0.13134,0.99876,31.2584834,75.7074321,0.580,295.80
174.893,-1.52989,-5.20978,8.19535,0.39951,-0.19120,1.01404,31.2584834,75.7074321,0.580,295.80
175.010,-2.35829,-4.49631,8.42520,-0.02382,0.29016,-0.47586,31.2584834,75.7074321,0.580,295.80
175.127,-5.08768,-2.25055,10.17775,0.13011,0.10140,-0.68417,31.2584834,75.7074321,0.580,295.80
175.242,-4.19943,-1.74537,9.39006,0.44227,-0.31093,-0.62369,31.2584834,75.7074321,0.580,295.80
175.356,-4.01986,-2.00395,8.93756,0.87232,1.77579,-0.04276,31.2584834,75.7074321,0.580,295.80
175.473,-2.43490,-1.88424,12.59111,0.21075,-0.13806,2.44652,31.2584877,75.7074261,0.520,305.20
175.588,-0.14365,-2.50194,8.56167,1.10567,-0.41356,1.76174,31.2584877,75.7074261,0.520,305.20
175.708,-0.95289,-3.11007,7.17303,0.77946,0.01161,-0.40256,31.2584877,75.7074261,0.520,305.20
175.825,-2.47321,-2.60250,9.11233,-0.93096,0.34270,-0.45265,31.2584877,75.7074261,0.520,305.20
175.941,-3.52426,-1.47004,9.65103,-1.39033,-0.79596,0.80390,31.2584877,75.7074261,0.520,305.20
176.056,-3.88818,-1.15640,9.90960,-1.04702,0.03971,-0.25045,31.2584877,75.7074261,0.520,305.20
176.173,-3.92649,-0.24181,9.02375,-0.37141,0.71288,0.17959,31.2584877,75.7074261,0.520,305.20
176.291,-3.39977,-1.36709,8.93995,-0.32193,-0.55528,0.59865,31.2584877,75.7074261,0.520,305.20
176.403,-3.97437,-1.59933,8.46829,0.23213,-0.18021,0.21564,31.2584877,75.7074261,0.520,305.20
176.516,-3.75411,-1.77171,7.89368,0.03604,-0.33353,0.15211,31.2584929,75.7074174,0.770,314.80
176.632,-3.84509,-1.51792,8.45632,-0.06475,0.03482,-0.24312,31.2584929,75.7074174,0.770,314.80
176.749,-3.20344,-0.87867,9.40203,-0.20403,-0.24801,-0.53267,31.2584929,75.7074174,0.770,314.80
176.866,-5.25048,0.68953,12.62702,0.41905,0.47220,-1.81610,31.2584929,75.7074174,0.770,314.80
176.983,-3.22978,-2.42533,10.88165,1.77579,2.32434,-0.99205,31.2584929,75.7074174,0.770,314.80
177.096,-2.11647,-1.63285,8.74362,0.53023,0.37385,0.20097,31.2584929,75.7074174,0.770,314.80
177.210,-3.21302,-2.07817,9.42118,0.74220,1.02259,-0.24312,31.2584929,75.7074174,0.770,314.80
177.329,-3.74453,-2.68869,7.13472,-0.08125,-0.68417,-0.18509,31.2584929,75.7074174,0.770,314.80
177.443,-4.24013,-2.79164,7.08684,-0.92668,-0.30299,-0.27978,31.2585011,75.7074153,0.710,317.50
177.553,-4.96797,-3.44047,12.09072,-1.52716,0.42883,-0.15272,31.2585011,75.7074153,0.710,317.50
177.665,-6.08606,0.74220,8.34619,-0.61636,-2.07816,-0.82161,31.2585011,75.7074153,0.710,317.50
177.779,-4.51068,-4.33590,8.37013,-0.35736,1.28404,1.42271,31.2585011,75.7074153,0.710,317.50
177.894,-3.60088,-2.29125,8.09240,0.08186,-0.91569,0.08186,31.2585011,75.7074153,0.710,317.50
178.009,-4.69742,-3.14119,5.64553,0.02871,-0.24984,0.78007,31.2585011,75.7074153,0.710,317.50
178.129,-2.65278,-3.77566,9.30147,-0.12645,-0.20464,0.25901,31.2585011,75.7074153,0.710,317.50
178.248,-5.24809,-2.56658,8.16423,0.03360,0.02871,-0.46487,31.2585011,75.7074153,0.710,317.50
178.359,-4.56814,-3.17471,9.14346,-0.13683,-0.49114,0.20769,31.2585011,75.7074153,0.710,317.50
178.473,-4.49870,-2.33195,10.59434,-0.08919,-0.77763,-1.13438,,,,
178.586,-5.46596,-1.99198,7.52258,0.54428,1.69637,-0.63225,,,,
178.693,-3.42850,-1.94170,9.37569,-0.03910,0.74403,0.16066,,,,
178.804,-2.70066,-2.85149,11.23838,0.08552,1.05313,1.11239,,,,
178.916,-1.63285,-3.83072,7.97987,0.14966,-0.69211,0.76114,,,,
179.030,-2.72221,-3.90494,9.93833,-0.63225,0.46609,0.02749,,,,
179.144,-3.43568,-2.71742,5.05895,-0.24801,-1.32375,0.47953,,,,
179.255,-4.91530,-3.32315,9.12430,-0.63225,-0.38118,-1.51739,,,,
179.364,-6.18901,-2.76530,8.30309,-0.24251,-0.05315,-0.86865,,,,
179.474,-4.61841,-2.88022,7.60159,-0.20525,-0.29322,0.09713,31.2585044,75.7074078,0.870,297.40
179.597,-4.28802,-2.87304,8.95431,0.14722,-0.47403,-0.62858,31.2585044,75.7074078,0.870,297.40
179.706,-3.94086,-3.68707,11.37485,0.16982,0.91141,-0.47220,31.2585044,75.7074078,0.870,297.40
179.817,-4.70221,-2.48039,7.61117,0.70066,1.86436,-0.60964,31.2585044,75.7074078,0.870,297.40
179.931,-3.17232,-2.37744,10.07241,0.57421,1.05435,-0.61148,31.2585044,75.7074078,0.870,297.40
180.046,-2.67432,-2.39660,9.03811,0.64813,0.71593,0.34941,31.2585044,75.7074078,0.870,297.40
180.158,-1.89621,-3.64637,7.46991,0.12401,-0.10873,0.89064,31.2585044,75.7074078,0.870,297.40
180.270,-2.30801,-4.25689,8.46111,-0.62186,-0.49358,-0.22907,31.2585044,75.7074078,0.870,297.40
180.384,-4.05099,-4.56574,10.32859,-0.85338,-0.35736,-0.82467,31.2585044,75.7074078,0.870,297.40
180.494,-2.80361,-5.14035,9.63427,-0.66768,-1.72631,-2.86435,31.2585029,75.7073956,0.870,290.40
180.608,-4.73813,-2.46603,6.16268,-0.40012,0.61942,-0.35613,31.2585029,75.7073956,0.870,290.40
180.722,-2.08296,-4.74531,9.82820,-0.11912,-1.46913,1.87902,31.2585029,75.7073956,0.870,290.40
180.833,-3.12922,-4.97994,6.09564,0.64080,-0.78191,1.25288,31.2585029,75.7073956,0.870,290.40
180.949,-1.62566,-4.93445,8.44435,-0.05437,-0.33231,1.04336,31.2585029,75.7073956,0.870,290.40
181.066,-2.77488,-4.69503,9.33499,0.12095,0.57605,-1.00915,31.2585029,75.7073956,0.870,290.40
181.181,-5.18824,-3.11486,8.68377,0.24068,1.09345,-0.56994,31.2585029,75.7073956,0.870,290.40
181.295,-3.64637,-2.38462,7.12993,0.13561,-0.88453,-0.42761,31.2585029,75.7073956,0.870,290.40
181.409,-4.10845,-4.11324,11.71004,0.41844,2.96453,-0.32437,31.2585002,75.7073848,0.430,282.60
181.519,-2.92811,-1.50835,9.09318,0.02810,0.90591,0.12828,31.2585002,75.7073848,0.430,282.60
181.634,-0.83558,-3.22738,8.24802,0.06842,-0.10690,1.06229,31.2585002,75.7073848,0.430,282.60
181.747,-1.56102,-5.21697,8.88488,-0.23640,-0.16677,-0.35613,31.2585002,75.7073848,0.430,282.60
181.862,-5.28400,-5.96874,10.22324,-0.37568,0.12889,-0.93218,31.2585002,75.7073848,0.430,282.60
181.970,-6.49068,-2.95684,5.05177,-0.04459,-2.13681,-1.39705,31.2585002,75.7073848,0.430,282.60
182.080,-4.43885,-4.87938,7.87453,-0.12889,1.49967,1.18386,31.2585002,75.7073848,0.430,282.60
182.194,-1.76213,-3.93607,7.96072,0.11423,-0.85643,0.25290,31.2585002,75.7073848,0.430,282.60
182.308,-3.94564,-4.01508,6.16268,0.36469,-0.24007,-0.37080,31.2585002,75.7073848,0.430,282.60
182.422,-2.82276,-4.83868,8.76757,0.27733,0.06781,0.23518,31.2584984,75.7073740,0.840,284.20
182.534,-2.62883,-4.27126,8.22169,0.02871,-0.26206,-0.43433,31.2584984,75.7073740,0.840,284.20
182.648,-4.66869,-4.02944,8.28154,0.35613,0.83689,-0.23579,31.2584984,75.7073740,0.840,284.20
182.763,-4.48434,-2.36547,8.77475,0.15577,-0.37324,-0.55161,31.2584984,75.7073740,0.840,284.20
182.877,-4.15394,-3.59849,11.35330,0.15272,1.26449,0.83872,31.2584984,75.7073740,0.840,284.20
182.990,-1.33118,-2.67193,9.10994,0.47281,0.34453,0.63530,31.2584984,75.7073740,0.840,284.20
183.105,-2.49955,-3.63919,7.64708,0.19181,0.11668,0.53329,31.2584984,75.7073740,0.840,284.20
183.219,-2.36308,-4.04141,8.37492,-0.43371,-0.24251,-0.05681,31.2584984,75.7073740,0.840,284.20
183.334,-7.80270,-3.02867,9.64145,-0.72815,-0.78435,-0.45387,31.2584984,75.7073740,0.840,284.20
183.451,-3.48356,-4.32632,9.24162,-1.16736,-1.09406,2.66521,31.2584997,75.7073631,0.650,287.80
183.569,-1.68073,-2.21942,7.05332,-0.36285,-0.80329,0.41844,31.2584997,75.7073631,0.650,287.80
183.686,-2.04944,-3.90973,9.53850,-0.07391,0.26878,0.45509,31.2584997,75.7073631,0.650,287.80
183.809,-4.01508,-3.58173,7.79552,0.25107,-0.25351,-0.14172,31.2584997,75.7073631,0.650,287.80
183.925,-3.84748,-4.31675,7.04853,-0.01527,-0.30360,-0.01283,31.2584997,75.7073631,0.650,287.80
184.042,-4.31914,-3.67989,8.21451,-0.16677,0.16066,-0.31826,31.2584997,75.7073631,0.650,287.80
184.158,-3.45004,-2.47082,8.93516,-0.10629,-0.33109,-0.25656,31.2584997,75.7073631,0.650,287.80
184.274,-3.40934,-3.79481,10.52970,0.11301,0.08002,-0.54734,31.2584997,75.7073631,0.650,287.80
184.387,-4.86502,-1.23541,7.13472,0.44043,0.22602,-1.44653,31.2584997,75.7073631,0.650,287.80
184.499,-3.96480,-3.68946,13.04840,0.60537,2.05373,-0.67256,31.2585009,75.7073565,0.350,287.20
184.615,-3.41174,-1.62087,9.47386,0.61087,0.80084,0.39095,31.2585009,75.7073565,0.350,287.20
184.731,-1.03190,-4.21858,6.87615,0.41783,-0.15272,1.30847,31.2585009,75.7073565,0.350,287.20
184.848,-1.81959,-4.24253,8.10677,-0.28894,-0.19181,-0.21747,31.2585009,75.7073565,0.350,287.20
184.966,-2.87065,-4.46040,10.20169,-1.03236,-0.39767,-0.29993,31.2585009,75.7073565,0.350,287.20
185.083,-2.87065,-3.81157,10.91277,-0.96395,-1.56381,-1.12521,31.2585009,75.7073565,0.350,287.20
185.199,-4.41491,-2.43490,5.61440,-0.29322,-0.44471,0.47586,31.2585009,75.7073565,0.350,287.20
185.314,-1.37906,-3.56018,10.37408,-0.40073,-0.84910,1.06535,31.2585009,75.7073565,0.350,287.20
185.431,-4.16591,-3.96480,6.98867,0.59743,-0.83566,0.04581,31.2585009,75.7073565,0.350,287.20
185.546,-2.40138,-4.26168,8.92798,0.21197,0.21747,0.34575,31.2585035,75.7073497,0.510,287.10
185.660,-3.62003,-4.32393,8.64307,0.12339,0.03115,-0.39218,31.2585035,75.7073497,0.510,287.10
185.774,-3.57933,-3.26809,8.73644,0.16432,-0.43371,-0.32926,31.2585035,75.7073497,0.510,287.10
185.890,-3.39258,-3.28724,10.24958,0.06475,-0.06720,-0.81306,31.2585035,75.7073497,0.510,287.10
186.016,-5.19781,-3.18908,11.66694,0.09529,3.33349,0.30116,31.2585035,75.7073497,0.510,287.10
186.131,-1.98240,-1.74777,9.46907,0.47159,0.33842,1.36040,31.2585035,75.7073497,0.510,287.10
186.246,-1.37427,-3.52187,8.06846,0.75503,0.09835,0.82711,31.2585035,75.7073497,0.510,287.10
186.357,-1.09654,-4.54419,6.78277,-0.06536,-0.34086,0.55772,31.2585035,75.7073497,0.510,287.10
186.472,-3.12922,-5.36301,9.50737,-1.11055,-0.38057,-0.87537,31.2585053,75.7073392,0.950,279.50
186.587,-4.72855,-3.97677,10.97263,-1.36040,-1.00854,-0.50824,31.2585053,75.7073392,0.950,279.50
186.701,-4.13957,-2.10690,6.65828,-0.46059,-0.61942,0.40317,31.2585053,75.7073392,0.950,279.50
186.816,-0.73263,-3.38540,9.01896,-0.53878,-1.10261,0.57360,31.2585053,75.7073392,0.950,279.50
186.932,-4.03662,-3.14119,7.96790,-0.00489,-0.03054,-0.12523,31.2585053,75.7073392,0.950,279.50
187.048,-3.55060,-3.67031,8.96389,0.38973,0.00000,-0.01772,31.2585053,75.7073392,0.950,279.50
187.166,-3.19147,-4.05817,9.45470,0.34270,-0.04093,-0.21808,31.2585053,75.7073392,0.950,279.50
187.283,-4.22816,-3.96719,11.34852,0.12401,0.45021,-0.32009,31.2585053,75.7073392,0.950,279.50
187.399,-2.50433,-2.65278,8.36295,0.76847,2.38848,0.31765,31.2585053,75.7073392,0.950,279.50
187.510,-0.32561,-2.86107,8.93995,0.49969,0.36102,-0.35552,31.2585045,75.7073326,0.770,272.30
187.617,-1.01035,-2.85628,8.74602,0.26939,0.70983,-0.33842,31.2585045,75.7073326,0.770,272.30
187.723,-0.66559,-3.40934,8.15465,-0.13439,-0.12584,-0.49724,31.2585045,75.7073326,0.770,272.30
187.828,-1.23541,-5.58567,12.43548,-0.41294,-1.38239,-1.17225,31.2585045,75.7073326,0.770,272.30
187.938,-3.73017,-5.27203,9.91199,-0.65668,-1.71348,-1.45447,31.2585045,75.7073326,0.770,272.30
188.045,-6.59363,-2.01113,5.28879,0.53878,-1.73974,2.65971,31.2585045,75.7073326,0.770,272.30
188.151,-0.73741,-4.81474,10.97742,0.05315,1.51311,3.00546,31.2585045,75.7073326,0.770,272.30
188.258,-1.93930,-2.54743,8.22648,0.06475,-0.53573,1.18813,31.2585045,75.7073326,0.770,272.30
188.363,-2.08535,-2.34632,7.46751,0.11973,-0.22358,-0.06720,31.2585045,75.7073326,0.770,272.30
188.469,-3.63200,-2.47321,9.75398,0.02688,-0.39034,-0.81795,31.2585055,75.7073259,0.850,282.80
188.575,-3.08373,-1.37188,9.52174,-0.00183,-0.43616,0.04398,31.2585055,75.7073259,0.850,282.80
188.681,-1.98479,-4.34308,13.82891,0.32132,1.99997,-0.45387,31.2585055,75.7073259,0.850,282.80
188.786,-2.88022,-0.13408,4.38139,0.84727,-0.30910,-0.92607,31.2585055,75.7073259,0.850,282.80
188.893,-2.52588,-3.06458,13.85046,0.63469,2.73790,-0.66218,31.2585055,75.7073259,0.850,282.80
189.002,-1.76932,-2.14042,7.84340,0.67928,0.89125,-0.23152,31.2585055,75.7073259,0.850,282.80
189.112,-0.63925,-4.45800,7.05092,0.43066,0.46792,-0.92729,31.2585055,75.7073259,0.850,282.80
189.221,-2.25294,-5.02064,8.47308,-1.09650,-0.10446,-0.45265,31.2585055,75.7073259,0.850,282.80
189.331,-5.65032,-5.65510,11.63343,-0.89492,-1.66827,0.90652,31.2585055,75.7073259,0.850,282.80
189.440,-3.86185,-0.22027,7.32626,-1.46791,-2.35733,0.72693,31.2585092,75.7073169,0.860,282.50
189.553,-3.36625,-2.80600,9.19373,-0.68722,0.04276,1.88208,31.2585092,75.7073169,0.860,282.50
189.665,-2.30083,-2.05183,7.80270,-0.12584,-1.39216,1.27915,31.2585092,75.7073169,0.860,282.50
189.780,-4.45322,-3.45483,6.91206,0.88270,-0.50213,0.18937,31.2585092,75.7073169,0.860,282.50
189.895,-2.28646,-3.84269,8.03015,0.16249,0.24251,0.33781,31.2585092,75.7073169,0.860,282.50
190.002,-3.03585,-2.26970,9.58399,0.20403,-0.29505,-1.19668,31.2585092,75.7073169,0.860,282.50
190.108,-3.94564,-3.57933,13.72835,0.45509,1.33169,-0.38301,31.2585092,75.7073169,0.860,282.50
190.214,-3.05500,-0.69911,6.67025,0.87965,0.97005,-0.83811,31.2585092,75.7073169,0.860,282.50
190.320,-3.40455,-1.28808,12.08354,0.35797,0.63469,-0.12401,31.2585092,75.7073169,0.860,282.50
190.426,-0.90501,-2.60250,10.24958,0.73976,0.23885,2.45812,31.2585085,75.7073116,0.620,277.60
190.537,0.10774,-3.58412,5.97353,0.67623,-0.74953,0.75931,31.2585085,75.7073116,0.620,277.60
190.646,-0.79009,-3.70383,9.16261,-1.06840,0.47403,0.09468,31.2585085,75.7073116,0.620,277.60
190.753,-3.10767,-2.91374,12.32296,-1.39461,0.29810,-0.49052,31.2585085,75.7073116,0.620,277.60
190.866,-6.15310,1.47243,7.47949,-0.09102,-1.78617,0.44776,31.2585085,75.7073116,0.620,277.60
190.979,-1.77650,-3.06458,13.06276,-0.19914,0.88759,0.35064,31.2585085,75.7073116,0.620,277.60
191.090,-1.52511,-1.31681,7.32386,-0.14478,-0.40256,0.22846,31.2585085,75.7073116,0.620,277.60
191.199,-2.13802,-2.43969,8.18338,0.23030,-0.43127,-0.47770,31.2585085,75.7073116,0.620,277.60
191.307,-3.15556,-2.30562,8.62152,-0.03115,0.33720,-0.73426,31.2585085,75.7073116,0.620,277.60
191.415,-3.13401,-1.69988,9.47625,-0.02077,-0.16982,-0.58460,31.2585099,75.7073041,0.720,279.30
191.525,-2.33674,-2.83952,12.05720,0.04215,0.88392,-0.85155,31.2585099,75.7073041,0.720,279.30
191.635,-3.17232,0.13886,6.42604,0.74342,-0.05131,-0.67378,31.2585099,75.7073041,0.720,279.30
191.748,-1.90818,-2.07098,12.74912,0.83200,0.81734,-0.57238,31.2585099,75.7073041,0.720,279.30
191.858,-1.07260,-2.43969,8.35576,0.46914,0.19426,0.89492,31.2585099,75.7073041,0.720,279.30
191.971,-1.38864,-2.93290,7.15866,0.14172,-0.00916,0.15516,31.2585099,75.7073041,0.720,279.30
192.089,-2.96402,-3.54581,9.56962,-0.46914,-0.14294,-0.47159,31.2585099,75.7073041,0.720,279.30
192.200,-2.72939,-4.50349,12.38042,-1.05741,0.15638,0.23396,31.2585099,75.7073041,0.720,279.30
192.308,-4.84108,-0.59616,5.48990,-0.32193,-1.80022,-0.19303,31.2585099,75.7073041,0.720,279.30
192.421,0.81163,-5.58807,8.88009,-1.11055,0.01466,3.05921,31.2585175,75.7072982,0.800,279.50
192.530,-1.06781,-2.37984,6.98149,-0.60537,-0.09285,0.84116,31.2585175,75.7072982,0.800,279.50
192.644,-3.43807,-1.12527,6.86418,-0.11118,-0.41233,-0.55894,31.2585175,75.7072982,0.800,279.50
192.750,-2.08774,-1.20189,10.97981,-0.68295,1.18264,-0.67867,,,,
192.859,-4.14197,-0.75178,11.00136,0.94073,0.38851,-1.02137,,,,
192.970,-2.27928,-3.35907,6.71095,1.10750,0.06170,-0.92607,,,,
193.083,-3.91691,-2.96163,8.73405,0.93646,2.49050,-1.98653,,,,
193.195,-2.34871,-3.73495,8.85136,-0.03360,1.85092,-1.03908,,,,
193.307,-1.99198,-4.24492,8.89207,0.56139,0.32926,-0.71288,,,,
193.425,-3.82115,-6.39252,7.75003,1.40743,-0.24801,-0.01405,,,,
193.538,-5.15472,-2.85149,8.00382,-1.01770,-2.86801,1.32008,31.2585180,75.7072899,0.810,274.30
193.659,-3.45004,-4.04381,7.11317,-0.59865,0.26573,1.64567,31.2585180,75.7072899,0.810,274.30
193.770,-4.62560,-2.11169,6.99825,-0.30849,-0.76664,0.66218,31.2585180,75.7072899,0.810,274.30
193.880,-5.41329,-2.49715,6.46674,0.13256,-0.67867,0.21930,31.2585180,75.7072899,0.810,274.30
193.986,-4.63996,-2.57137,8.97826,0.02810,0.36041,0.10446,31.2585180,75.7072899,0.810,274.30
194.092,-5.31752,-2.25294,9.79707,0.41111,-0.12645,0.09041,31.2585180,75.7072899,0.810,274.30
194.198,-3.93846,-2.98557,12.17212,0.54489,0.08674,0.09224,31.2585180,75.7072899,0.810,274.30
194.304,-3.48356,-1.20668,5.72693,1.29503,-0.46670,0.17226,31.2585180,75.7072899,0.810,274.30
194.417,-2.91614,-1.81480,8.82503,0.26023,0.59315,-0.00428,31.2585162,75.7072832,0.500,274.80
194.533,-2.42054,-0.74460,9.91678,0.28588,0.77030,0.23030,31.2585162,75.7072832,0.500,274.80
194.649,-2.22182,-2.01352,8.41801,-0.33964,-0.00305,0.68906,31.2585162,75.7072832,0.500,274.80
194.765,-4.10606,-1.40540,9.73722,-0.61820,0.05009,-0.46059,31.2585162,75.7072832,0.500,274.80
194.881,-5.52582,-3.00472,9.11951,-0.35736,-0.26084,-0.06781,31.2585162,75.7072832,0.500,274.80
194.992,-5.08768,-0.19154,7.16824,-0.43982,-0.99876,0.10263,31.2585162,75.7072832,0.500,274.80
195.109,-3.70383,-2.16196,9.44752,-0.20097,0.55833,1.08917,31.2585162,75.7072832,0.500,274.80
195.226,-2.78924,-0.98881,8.05888,-0.29688,-0.44410,1.05496,31.2585162,75.7072832,0.500,274.80
195.343,-3.94325,-0.51475,7.75961,0.33292,-0.59559,-0.41294,31.2585162,75.7072832,0.500,274.80
195.459,-3.89776,-1.00556,10.94629,0.46304,-0.25473,-0.52290,31.2585194,75.7072751,0.720,274.50
195.574,-3.80439,-1.86987,11.03727,0.11545,0.52229,-0.56810,31.2585194,75.7072751,0.720,274.50
195.690,-2.36308,-0.21308,5.91607,0.90103,-0.84544,-1.11361,31.2585194,75.7072751,0.720,274.50
195.805,-3.04782,-1.40300,10.23521,-0.05864,0.80268,-1.06229,31.2585194,75.7072751,0.720,274.50
195.919,-1.49638,-0.53870,9.76355,0.15211,0.44593,0.32315,31.2585194,75.7072751,0.720,274.50
196.029,-1.22583,-1.75016,9.01178,0.09346,0.10446,0.26817,31.2585194,75.7072751,0.720,274.50
196.139,-1.89142,-3.17711,10.79067,-0.19364,-0.04276,-0.11790,31.2585194,75.7072751,0.720,274.50
196.253,-3.98635,-1.33118,8.56406,-0.94318,-1.77029,0.67623,31.2585194,75.7072751,0.720,274.50
196.368,-3.64637,-2.03028,6.50505,0.13378,0.99999,0.77641,31.2585194,75.7072751,0.720,274.50
196.487,-2.15718,-0.51715,8.55448,-0.42150,-0.17226,0.62186,31.2585211,75.7072654,0.940,279.00
196.600,-3.81875,0.06704,8.04212,0.26573,-0.47770,-0.33109,31.2585211,75.7072654,0.940,279.00
196.715,-3.11246,-1.04866,10.97023,0.07758,0.33170,-0.21564,31.2585211,75.7072654,0.940,279.00
196.830,-2.66714,-1.32399,9.81862,0.24801,0.10079,0.14722,31.2585211,75.7072654,0.940,279.00
196.943,-1.47722,-0.61770,8.61913,0.67562,-1.07818,-1.81244,31.2585211,75.7072654,0.940,279.00
197.057,-5.09247,-0.77572,10.28549,0.67806,2.12948,-2.26814,31.2585211,75.7072654,0.940,279.00
197.168,-2.92093,-0.32801,8.41323,0.23640,1.10383,-0.07147,31.2585211,75.7072654,0.940,279.00
197.284,-1.57778,-1.89860,9.00938,0.06658,0.09346,0.08980,31.2585211,75.7072654,0.940,279.00
197.402,-4.36942,-2.84431,11.59272,0.38851,-0.46059,0.40928,31.2585211,75.7072654,0.940,279.00
197.520,-3.28245,-0.15083,9.48822,-0.90042,-1.14720,0.54245,31.2585206,75.7072535,0.910,289.40
197.636,-3.20584,-1.80523,7.14909,-0.39034,0.35797,0.32376,31.2585206,75.7072535,0.910,289.40
197.752,-4.54180,-0.20590,7.70933,-0.12401,-0.28344,0.41661,31.2585206,75.7072535,0.910,289.40
197.872,-3.69904,-0.39744,8.07804,-0.01283,-0.44899,-0.37751,31.2585206,75.7072535,0.910,289.40
197.987,-5.01825,-1.58257,12.06438,-0.09041,0.91447,-0.94195,31.2585206,75.7072535,0.910,289.40
198.103,-4.87459,1.15161,9.51216,0.78435,-0.53817,-1.26449,31.2585206,75.7072535,0.910,289.40
198.220,-2.85389,-2.00395,10.39323,0.57666,0.05131,0.35675,31.2585206,75.7072535,0.910,289.40
198.332,-1.89621,-1.54426,8.52096,0.34514,0.52290,0.14416,31.2585206,75.7072535,0.910,289.40
198.446,-1.82438,-1.38864,9.12670,-0.16188,0.11362,-0.34270,31.2585252,75.7072482,0.930,299.40
198.559,-3.69425,-2.01352,9.87369,-0.46914,-0.43249,-0.02810,31.2585252,75.7072482,0.930,299.40
198.673,-3.16753,-2.77009,9.65821,-0.94990,-0.32987,0.04032,31.2585252,75.7072482,0.930,299.40
198.788,-4.81474,-0.76854,6.06691,-0.66523,0.22419,0.24190,31.2585252,75.7072482,0.930,299.40
198.904,-2.54264,-2.96881,8.11156,0.02566,-0.83444,1.01159,31.2585252,75.7072482,0.930,299.40
199.020,-3.67989,-1.71185,8.19535,-0.16310,0.03421,0.08308,31.2585252,75.7072482,0.930,299.40
199.138,-4.18028,-1.07260,9.49780,0.11118,-0.02505,-0.41600,31.2585252,75.7072482,0.930,299.40
199.262,-4.15633,-1.71904,9.93594,0.37080,0.06353,-0.68661,31.2585252,75.7072482,0.930,299.40
199.373,-2.97360,-0.75657,8.11156,1.93095,-0.38179,-2.04090,31.2585252,75.7072482,0.930,299.40
199.484,-3.37343,-1.99198,10.89122,0.54611,1.32375,-0.49480,31.2585282,75.7072407,0.930,321.10
199.598,-2.25773,-1.38385,9.56484,0.53084,1.29687,-0.08063,31.2585282,75.7072407,0.930,321.10
199.712,-0.98641,-1.99676,8.26478,0.62980,-0.03360,-0.42699,31.2585282,75.7072407,0.930,321.10
199.827,-6.58645,-3.11007,8.59758,-0.23213,1.48868,-0.28527,31.2585282,75.7072407,0.930,321.10
199.939,-4.33351,-1.19471,9.47864,-2.18201,-1.95721,1.44653,31.2585282,75.7072407,0.930,321.10
200.054,-3.28245,-2.00155,6.09324,-0.05742,-0.42822,0.60476,31.2585282,75.7072407,0.930,321.10
200.170,-4.38857,-1.48919,9.01417,-0.49052,-0.29444,-0.00550,31.2585282,75.7072407,0.930,321.10
200.284,-4.70461,-0.73502,8.35816,-0.32009,-0.16127,0.06720,31.2585282,75.7072407,0.930,321.10
200.397,-5.34146,-0.67277,8.40125,0.45693,-0.52168,0.22358,31.2585338,75.7072337,0.770,330.60
200.506,-3.42371,-1.68791,10.09395,0.08613,-0.71838,0.60353,31.2585338,75.7072337,0.770,330.60
200.617,-2.97599,-0.83318,10.84573,-0.00977,-1.34451,-0.88026,31.2585338,75.7072337,0.770,330.60
200.731,-2.94726,-1.23062,9.18416,0.31460,1.41599,-0.05803,31.2585338,75.7072337,0.770,330.60
200.844,-2.04465,-0.93134,7.99185,0.29932,-0.23518,0.26206,31.2585338,75.7072337,0.770,330.60
200.957,-2.44209,-1.24738,9.16979,0.15333,0.32681,0.27184,31.2585338,75.7072337,0.770,330.60
201.071,-1.71185,-2.58813,9.66779,-0.36224,0.06048,1.29381,31.2585338,75.7072337,0.770,330.60
201.183,-4.05817,-1.71425,10.55843,-0.64813,0.21136,0.68173,31.2585338,75.7072337,0.770,330.60
201.296,-4.08451,0.18675,9.76116,-0.88026,-1.40316,0.03726,31.2585338,75.7072337,0.770,330.60
201.409,-3.63200,-1.26414,7.65187,-0.05192,1.11544,1.37628,31.2585373,75.7072306,0.650,316.10
201.518,-2.16675,-0.31125,8.49463,-0.52107,-1.06718,0.97800,31.2585373,75.7072306,0.650,316.10
201.633,-3.63200,-0.13168,8.25760,-0.05498,0.02077,0.18631,31.2585373,75.7072306,0.650,316.10
201.748,-3.87382,0.14605,9.02135,-0.18692,-0.23030,0.04093,31.2585373,75.7072306,0.650,316.10
201.861,-3.42610,-0.13886,9.48583,-0.15272,-0.57299,-0.96883,31.2585373,75.7072306,0.650,316.10
201.977,-2.16675,-1.88903,10.59195,-0.05986,0.18692,-0.69455,31.2585373,75.7072306,0.650,316.10
202.092,-3.08613,0.20830,7.46751,0.62492,0.08796,-2.84480,31.2585373,75.7072306,0.650,316.10
202.207,-3.22260,-1.02472,12.63420,0.65607,1.22295,-1.92300,31.2585373,75.7072306,0.650,316.10
202.322,-1.30245,-1.52750,10.69969,0.71471,1.18508,0.49419,31.2585373,75.7072306,0.650,316.10
202.435,-0.38786,-1.83875,7.82904,0.70494,-0.01405,0.10018,31.2585395,75.7072225,0.650,306.70
202.547,-0.62010,-3.70144,9.79707,-0.05437,-0.70188,-0.01894,31.2585395,75.7072225,0.650,306.70
202.661,-3.13401,-4.01747,10.23521,-1.06840,1.01709,-0.66829,31.2585395,75.7072225,0.650,306.70
202.775,-5.78200,-0.73023,6.52181,-0.37751,-0.30971,-0.67867,31.2585395,75.7072225,0.650,306.70
202.887,-4.20901,-2.49715,8.06846,-0.03787,-0.59010,-0.00061,31.2585395,75.7072225,0.650,306.70
203.001,-2.69108,-1.56341,8.74602,-0.12645,0.11301,0.07636,31.2585395,75.7072225,0.650,306.70
203.116,-3.66313,-0.92656,8.77954,0.43494,-0.17410,-0.95356,31.2585395,75.7072225,0.650,306.70
203.230,-2.72460,-3.17950,12.17930,0.44104,0.26328,-1.60780,31.2585395,75.7072225,0.650,306.70
203.344,-3.35667,-0.56024,7.64469,1.11055,-0.03115,-2.39642,31.2585395,75.7072225,0.650,306.70
203.455,-2.25055,-0.95050,9.38048,0.17959,0.75136,-0.80268,31.2585455,75.7072179,0.880,315.70
203.568,-1.48201,-1.49398,10.53688,0.06720,1.10933,0.24801,31.2585455,75.7072179,0.880,315.70
203.681,-1.08936,-3.69425,9.42597,0.36469,0.46976,0.09102,31.2585455,75.7072179,0.880,315.70
203.796,-2.83952,-4.59926,13.30697,-1.15881,1.12644,0.48075,31.2585455,75.7072179,0.880,315.70
203.912,-4.89854,-2.71502,6.18183,0.12462,-2.50394,-0.77213,31.2585455,75.7072179,0.880,315.70
204.026,-3.15316,-3.71101,9.97903,-0.20708,0.70616,0.74098,31.2585455,75.7072179,0.880,315.70
204.137,-2.18351,-1.80283,8.64546,0.07147,-0.19303,-0.91569,31.2585455,75.7072179,0.880,315.70
204.253,-1.93930,-1.52032,7.51061,0.40195,-0.20342,-1.52900,31.2585455,75.7072179,0.880,315.70
204.369,-2.74136,-4.52744,15.61498,0.67073,1.93950,-2.89489,31.2585455,75.7072179,0.880,315.70
204.486,-2.83234,-1.41737,4.92248,0.74648,1.35062,-0.89553,31.2585555,75.7072112,0.860,327.90
204.601,-0.35674,-2.57137,9.50019,0.06353,-0.41661,0.06842,31.2585555,75.7072112,0.860,327.90
204.718,-0.64643,-1.72143,10.61110,-0.47464,0.69516,0.50396,31.2585555,75.7072112,0.860,327.90
204.840,-1.84832,-1.79086,9.63427,0.91385,-0.49480,0.48381,31.2585555,75.7072112,0.860,327.90
204.952,-1.92494,-1.12527,8.51857,0.21014,-0.40745,-0.32315,31.2585555,75.7072112,0.860,327.90
205.067,-3.11964,-1.47483,10.16817,0.07514,0.01894,-0.08308,31.2585555,75.7072112,0.860,327.90
205.185,-2.50433,-1.95846,8.74602,0.44838,-0.76053,0.50152,31.2585555,75.7072112,0.860,327.90
205.300,-3.90973,-1.06542,8.00861,-0.36469,-0.00733,-0.36530,31.2585555,75.7072112,0.860,327.90
205.416,-3.74214,-1.77650,10.45069,-0.25351,-0.04948,2.01586,31.2585619,75.7072125,0.240,334.60
205.528,-3.20584,-1.78607,6.40928,0.03910,-0.03299,1.06779,31.2585619,75.7072125,0.240,334.60
205.641,-3.96719,-0.68953,8.91840,-0.72632,-0.01772,1.70309,31.2585619,75.7072125,0.240,334.60
205.758,-3.46920,0.07183,8.21690,-0.58704,-0.10812,0.26328,31.2585619,75.7072125,0.240,334.60
205.876,-2.94487,0.12929,9.75637,-0.58215,-0.52657,0.59865,31.2585619,75.7072125,0.240,334.60
205.992,-2.53785,-0.31125,11.70765,-0.31093,-0.58032,-0.19487,31.2585619,75.7072125,0.240,334.60
206.110,-2.78206,0.02394,9.05487,0.39034,0.08186,0.02993,31.2585619,75.7072125,0.240,334.60
206.227,-2.23858,-0.80445,8.77236,0.43005,0.10690,-0.05131,31.2585619,75.7072125,0.240,334.60
206.343,-1.67355,-1.57299,9.56723,0.03482,0.26756,0.11668,31.2585619,75.7072125,0.240,334.60
206.461,-2.58813,-1.99916,11.28148,-0.10996,0.15394,0.68783,31.2585597,75.7072117,0.100,338.00
206.578,-0.28491,-2.93529,10.70926,-1.14782,-0.55833,1.20768,31.2585597,75.7072117,0.100,338.00
206.694,-4.81713,-1.30484,4.17070,0.78374,0.16982,0.69883,31.2585597,75.7072117,0.100,338.00
206.809,-2.00874,-0.96726,9.90002,-0.24068,-0.29749,1.18019,31.2585597,75.7072117,0.100,338.00
206.925,-3.75650,0.58419,8.89685,-0.04276,-0.11790,-0.31826,31.2585597,75.7072117,0.100,338.00
207.051,-2.44209,-0.43814,10.54885,-0.26084,-0.39279,0.15088,31.2585597,75.7072117,0.100,338.00
207.162,-1.88903,-0.50757,11.76511,-0.48686,-0.26634,-1.08306,31.2585597,75.7072117,0.100,338.00
207.279,-2.51870,-0.07661,9.20571,0.47770,0.80146,-1.06046,31.2585597,75.7072117,0.100,338.00
207.399,-1.76932,-1.16119,9.79947,0.93768,1.04091,-0.94379,31.2585597,75.7072117,0.100,338.00
207.515,-2.42293,-2.05662,9.51695,0.49786,0.24740,0.27306,31.2585684,75.7072127,1.220,354.70
207.626,-2.20985,-3.34470,9.07163,-0.11362,-0.27000,0.87293,31.2585684,75.7072127,1.220,354.70
207.735,-2.18591,-1.68552,10.46984,-1.29137,-0.24984,0.78802,31.2585684,75.7072127,1.220,354.70
207.844,-4.57771,-0.78290,6.31590,-0.00305,-0.57788,0.31643,31.2585684,75.7072127,1.220,354.70
207.951,-3.22978,-0.15323,8.61913,-0.44715,0.16310,1.28709,31.2585684,75.7072127,1.220,354.70
208.066,-2.21464,0.47166,7.96551,-0.43921,-0.60415,0.46914,31.2585684,75.7072127,1.220,354.70
208.179,-2.68869,-0.09816,9.03811,-0.39767,-0.31032,0.25962,31.2585684,75.7072127,1.220,354.70
208.292,-2.09493,-1.11330,12.06917,-0.56016,-0.40623,0.16554,31.2585684,75.7072127,1.220,354.70
208.410,-2.05183,-0.08619,9.08600,0.57849,0.30116,-1.00182,31.2585684,75.7072127,1.220,354.70
208.526,-1.11809,-1.12288,9.34218,0.88942,0.30055,-0.39462,31.2585797,75.7072165,1.040,357.40
208.637,-1.14922,-2.05901,9.04529,0.36469,0.45082,-0.36774,31.2585797,75.7072165,1.040,357.40
208.751,-1.41018,-2.51631,8.82503,0.45082,-0.27367,0.34025,31.2585797,75.7072165,1.040,357.40
208.865,-0.42377,-3.42610,11.78905,-0.84666,0.18876,0.90713,31.2585797,75.7072165,1.040,357.40
208.979,-4.79319,-0.72305,5.28879,0.68050,-0.48075,0.12950,31.2585797,75.7072165,1.040,357.40
209.096,-1.26893,-1.23780,8.95910,-0.85888,0.54184,0.67684,31.2585797,75.7072165,1.040,357.40
209.211,-1.88663,0.05986,9.88087,-0.86193,-0.15638,-0.63102,31.2585797,75.7072165,1.040,357.40
209.322,-3.34470,0.26336,9.82341,-0.51191,0.67195,-0.95112,31.2585797,75.7072165,1.040,357.40
209.428,-3.03824,0.26576,11.49217,0.24374,-0.91691,-0.35308,31.2585877,75.7072143,0.950,7.70
209.534,-2.82037,-2.07098,13.57273,0.23518,0.97311,-0.10996,31.2585877,75.7072143,0.950,7.70
209.647,-2.26491,0.68714,11.40837,0.72449,1.41721,0.03115,31.2585877,75.7072143,0.950,7.70
209.760,-0.28730,-0.58897,10.23761,1.46852,-1.61513,1.16064,31.2585877,75.7072143,0.950,7.70
209.873,-0.10056,2.05901,14.48013,2.06656,0.98838,1.49234,31.2585877,75.7072143,0.950,7.70
209.983,0.39983,0.73263,11.60709,1.86314,-1.54060,1.85337,31.2585877,75.7072143,0.950,7.70
210.097,3.15077,1.82917,4.85544,0.46181,-0.65790,2.32312,31.2585877,75.7072143,0.950,7.70
210.210,1.16358,3.13880,7.49146,-0.66951,-0.12706,0.59498,31.2585877,75.7072143,0.950,7.70
210.323,1.71664,3.64876,6.70376,1.05802,0.75869,-0.11545,31.2585877,75.7072143,0.950,7.70
210.437,2.40617,6.16986,7.44836,0.10018,-0.12584,-0.53206,31.2585972,75.7072150,1.100,7.40
210.548,4.35026,4.41012,7.53216,-0.28772,-0.97738,0.15516,31.2585972,75.7072150,1.100,7.40
210.660,5.06134,2.90656,5.46836,-0.92057,-2.77272,0.23518,31.2585972,75.7072150,1.100,7.40
210.774,4.86502,3.39737,6.26323,-0.67134,0.87109,-0.20769,31.2585972,75.7072150,1.100,7.40
210.888,5.18824,2.54743,7.45315,-0.46914,0.53512,-0.84544,31.2585972,75.7072150,1.100,7.40
211.000,4.48673,3.51708,7.83622,-0.29199,0.23885,-0.56872,31.2585972,75.7072150,1.100,7.40
211.115,3.73974,3.68946,9.43076,-0.09896,0.28527,-0.18570,31.2585972,75.7072150,1.100,7.40
211.227,1.92015,3.96240,8.44435,0.67745,0.43738,-0.66340,31.2585972,75.7072150,1.100,7.40
211.344,2.09971,2.96881,13.26148,-0.16616,1.25655,0.25779,31.2585972,75.7072150,1.100,7.40
211.453,1.38864,3.45962,7.28316,-0.23763,0.65179,0.57788,31.2586068,75.7072147,0.820,6.70
211.561,1.44370,4.59687,6.53378,0.68722,0.27733,0.26450,31.2586068,75.7072147,0.820,6.70
211.671,3.13401,4.29520,8.83700,-0.20036,0.12095,-0.12217,31.2586068,75.7072147,0.820,6.70
211.778,2.60729,4.59926,8.66940,-0.37446,-0.78802,-0.91813,31.2586068,75.7072147,0.820,6.70
211.888,4.29041,2.84431,11.91115,-0.22724,-0.24557,-0.13622,31.2586068,75.7072147,0.820,6.70
212.000,3.19626,3.34709,6.95276,0.06048,-1.37628,-0.18021,31.2586068,75.7072147,0.820,6.70
212.112,3.82354,4.05817,8.76757,-0.01894,1.11055,-0.67806,31.2586068,75.7072147,0.820,6.70
212.227,3.19865,4.36942,9.04051,-0.03726,0.43799,-0.32620,31.2586068,75.7072147,0.820,6.70
212.340,1.83875,4.70700,8.85136,0.03971,0.69211,0.20159,31.2586068,75.7072147,0.820,6.70
212.445,1.38864,3.84988,8.77714,-0.43799,0.25045,0.72693,31.2586132,75.7072155,0.770,356.10
212.555,0.15562,3.25372,9.82102,0.44410,-0.50091,0.37018,31.2586132,75.7072155,0.770,356.10
212.667,1.18274,3.45962,8.69813,0.09896,0.75747,0.37751,31.2586132,75.7072155,0.770,356.10
212.776,1.03190,5.42766,7.08205,0.01955,0.37263,0.70005,31.2586132,75.7072155,0.770,356.10
212.887,2.31280,5.27203,10.48900,0.21686,-1.05191,-0.08919,31.2586132,75.7072155,0.770,356.10
213.000,2.94487,3.29682,7.53455,0.22724,-0.93951,-0.17410,31.2586132,75.7072155,0.770,356.10
213.113,4.52504,2.85628,7.99185,-0.35736,-0.01405,-0.38240,31.2586132,75.7072155,0.770,356.10
213.231,2.95684,3.62961,8.26957,-0.42516,-0.02138,-0.49358,31.2586132,75.7072155,0.770,356.10
213.345,2.21224,4.29041,8.31506,-0.27978,-0.46365,-0.05864,31.2586132,75.7072155,0.770,356.10
213.460,4.17549,3.70383,8.37492,-0.66584,-2.19178,1.14171,31.2586235,75.7072143,0.720,350.00
213.578,6.74925,2.29843,8.68616,0.42638,0.22297,0.84299,31.2586235,75.7072143,0.720,350.00
213.702,5.56652,1.00317,11.09234,-0.20097,1.44897,1.01709,31.2586235,75.7072143,0.720,350.00
213.815,6.47632,0.73263,7.27598,-0.51007,-2.76600,0.84971,31.2586235,75.7072143,0.720,350.00
213.932,6.98149,0.07901,4.55617,-0.14172,0.53756,-0.44227,31.2586235,75.7072143,0.720,350.00
214.053,3.63440,-0.08140,9.14346,-2.52959,1.33902,-1.15026,31.2586235,75.7072143,0.720,350.00
214.172,6.57927,-0.98881,9.86172,1.98653,-1.30420,-0.69455,31.2586235,75.7072143,0.720,350.00
214.291,7.91044,1.26893,7.73806,-0.39706,1.41660,0.86987,31.2586235,75.7072143,0.720,350.00
214.408,6.76841,0.79009,7.12036,0.82284,2.19117,-0.57544,31.2586235,75.7072143,0.720,350.00
214.526,2.78206,1.27132,7.07965,-0.39218,-0.70127,-0.87598,31.2586269,75.7072158,0.510,350.80
214.643,5.32949,2.06859,8.47547,-0.06842,-1.17164,-0.28283,31.2586269,75.7072158,0.510,350.80
214.764,4.85784,0.46208,6.79953,-0.74098,0.18754,0.32803,,,,
214.879,3.67031,0.76854,10.28788,0.06109,0.14050,0.49480,,,,
215.001,3.12443,0.10774,9.10994,0.26450,-0.19487,0.51618,,,,
215.109,4.51546,0.61292,7.62314,0.22602,0.02810,0.81245,,,,
215.222,5.72932,1.98240,8.93995,0.26206,0.43616,0.26267,,,,
215.335,6.41167,1.49638,8.17859,0.15944,-0.43799,-0.52107,,,,
215.444,7.29274,0.50996,8.45871,-0.36346,-0.23763,-0.47342,31.2586297,75.7072142,0.640,356.00
215.552,4.31435,0.09577,9.34218,-0.03910,1.22417,-0.87232,31.2586297,75.7072142,0.640,356.00
215.668,2.28886,-0.01915,9.51216,0.28711,0.21075,-0.62369,31.2586297,75.7072142,0.640,356.00
215.786,0.82600,2.18112,9.01417,0.52901,0.48747,-0.11729,31.2586297,75.7072142,0.640,356.00
215.910,0.05507,0.98881,7.69257,0.75136,0.23885,0.25962,31.2586297,75.7072142,0.640,356.00
216.023,-0.18914,1.69749,7.08684,-0.57482,0.45265,0.73182,31.2586297,75.7072142,0.640,356.00
216.142,0.69671,-0.00479,12.03326,-0.13744,0.92668,1.36956,31.2586297,75.7072142,0.640,356.00
216.263,0.48363,1.24020,9.68215,-0.57360,0.34575,0.90591,31.2586297,75.7072142,0.640,356.00
216.381,2.06859,1.35033,10.35492,-0.66829,0.33598,0.62064,31.2586297,75.7072142,0.640,356.00
216.492,2.44927,1.06542,8.55688,0.23518,0.15516,0.31765,31.2586427,75.7072153,0.800,5.00
216.609,0.09577,-0.71347,11.48977,-0.63897,0.09468,-0.19059,31.2586427,75.7072153,0.800,5.00
216.728,2.30322,-3.62243,15.81370,-0.78557,0.37690,-0.22541,31.2586427,75.7072153,0.800,5.00
216.847,-1.59214,-0.96007,9.84496,1.28893,0.53695,-0.75014,31.2586427,75.7072153,0.800,5.00
216.968,-0.56264,-0.52433,7.02219,0.74098,-0.70372,-0.43127,31.2586427,75.7072153,0.800,5.00
217.087,-1.66397,0.13886,6.01184,0.25351,0.43921,0.28466,31.2586427,75.7072153,0.800,5.00
217.206,-1.74058,-1.23301,11.15459,-0.93462,0.51435,0.57421,31.2586427,75.7072153,0.800,5.00
217.325,0.15323,-2.98796,15.30134,-2.04518,1.18325,0.43127,31.2586427,75.7072153,0.800,5.00
217.447,-2.15718,0.43814,6.12676,0.34697,-0.94501,0.08063,31.2586516,75.7072158,0.780,6.40
217.570,3.58651,-1.76213,9.53371,-0.43982,-0.24068,1.42209,31.2586516,75.7072158,0.780,6.40
217.688,0.78290,-0.60094,13.16811,0.90897,0.12950,-0.43188,31.2586516,75.7072158,0.780,6.40
217.805,-0.21548,-0.80685,9.46428,-0.07208,-0.79474,0.09835,31.2586516,75.7072158,0.780,6.40
217.924,0.72305,-3.35907,11.99016,1.21868,0.18937,-0.58582,31.2586516,75.7072158,0.780,6.40
218.038,-0.24900,-2.10211,8.78433,0.54000,0.55467,-0.35980,31.2586516,75.7072158,0.780,6.40
218.153,0.05028,0.51715,6.98149,0.44960,0.27550,-0.79596,31.2586516,75.7072158,0.780,6.40
218.271,-2.12126,0.30406,10.37408,0.53634,0.53634,0.08613,31.2586516,75.7072158,0.780,6.40
218.391,-2.04944,-0.22505,10.82897,-0.26145,-0.34147,0.14111,31.2586516,75.7072158,0.780,6.40
218.513,-0.92416,0.07422,9.75158,-1.39094,0.98960,0.17532,31.2586587,75.7072164,0.720,2.70
218.629,-3.60088,2.10211,7.72609,0.53512,0.62430,-0.10568,31.2586587,75.7072164,0.720,2.70
218.743,0.80445,1.48201,10.58237,-0.92363,-2.88023,0.91447,31.2586587,75.7072164,0.720,2.70
218.861,1.53708,1.73340,10.21127,0.66645,0.51252,-0.15699,31.2586587,75.7072164,0.720,2.70
218.976,2.19309,1.52989,8.33422,-0.16554,-0.04276,0.21014,31.2586587,75.7072164,0.720,2.70
219.094,3.95522,-0.56024,11.32697,-0.51740,-0.94867,-0.16310,31.2586587,75.7072164,0.720,2.70
219.210,2.88022,-0.06943,8.48266,0.69822,-0.18692,-1.38239,31.2586587,75.7072164,0.720,2.70
219.321,0.40462,-0.08140,9.29190,0.74587,-0.11179,-1.03786,31.2586587,75.7072164,0.720,2.70
219.433,0.34237,0.68714,7.68299,0.14844,-0.03482,-0.30238,31.2586669,75.7072153,0.810,359.10
219.549,-1.77171,0.24181,8.20014,0.30849,0.69700,0.07269,31.2586669,75.7072153,0.810,359.10
219.662,-2.35829,0.11253,9.80904,-0.93096,1.17530,0.60659,31.2586669,75.7072153,0.810,359.10
219.775,-0.66080,0.86431,12.38521,0.42638,-0.01100,-0.45876,31.2586669,75.7072153,0.810,359.10
219.889,-2.82276,1.48919,8.01579,-0.12462,0.53878,0.92424,31.2586669,75.7072153,0.810,359.10
220.003,1.30963,0.70150,9.00699,-0.58826,-0.45571,0.85155,31.2586669,75.7072153,0.810,359.10
220.120,-0.46208,2.25773,9.05966,0.38607,-0.34270,0.02810,31.2586669,75.7072153,0.810,359.10
220.237,1.79086,-0.60334,11.99974,-0.53878,-0.52840,0.59498,31.2586669,75.7072153,0.810,359.10
220.352,1.83396,-0.90740,13.36683,0.52290,-1.25044,-1.02137,31.2586669,75.7072153,0.810,359.10
220.468,4.24253,-0.86910,11.96383,0.37324,-2.17346,-0.88453,31.2586732,75.7072144,0.730,11.80
220.587,0.75178,1.14682,4.86262,1.65606,-0.82589,-0.89553,31.2586732,75.7072144,0.730,11.80
220.703,2.54504,0.60813,5.20978,0.05803,-0.27611,0.31582,31.2586732,75.7072144,0.730,11.80
220.819,2.08774,2.17394,5.83228,-0.71899,0.30665,0.16738,31.2586732,75.7072144,0.730,11.80
220.932,0.28730,2.21464,9.93833,-0.65057,1.37567,0.17715,31.2586732,75.7072144,0.730,11.80
221.049,-0.01437,0.28970,11.76271,-1.69088,2.75439,1.47219,31.2586732,75.7072144,0.730,11.80
221.168,1.78607,-0.79487,10.75954,-0.44593,-0.03299,1.01465,31.2586732,75.7072144,0.730,11.80
221.284,-0.51236,-1.82917,11.22402,-0.07697,0.57482,0.12462,31.2586732,75.7072144,0.730,11.80
221.399,-1.35272,-0.49081,9.80426,-0.02688,0.05009,-0.60109,31.2586732,75.7072144,0.730,11.80
221.514,-1.94409,1.18034,7.76200,-0.12034,-0.17226,-0.04643,31.2586800,75.7072148,0.590,21.50
221.631,-1.14922,0.79487,10.57758,0.32865,0.35308,0.19181,31.2586800,75.7072148,0.590,21.50
221.746,0.49799,-0.97683,9.81623,0.18204,-1.10017,0.16432,31.2586800,75.7072148,0.590,21.50
221.862,1.81241,-3.97437,14.57590,-0.23824,0.15882,-0.83627,31.2586800,75.7072148,0.590,21.50
221.988,-1.41497,-0.44053,10.04607,0.40012,0.29688,-0.69944,31.2586800,75.7072148,0.590,21.50
222.103,0.22745,-0.48123,9.00699,0.31704,-0.75503,-0.27061,31.2586800,75.7072148,0.590,21.50
222.219,-0.94332,-0.23942,9.65103,0.28222,-0.67989,0.09957,31.2586800,75.7072148,0.590,21.50
222.338,-0.56503,0.21548,9.40203,0.39645,0.07575,0.04520,31.2586800,75.7072148,0.590,21.50
222.453,0.45969,0.04310,13.93665,-0.72998,0.23518,0.63041,31.2586898,75.7072141,0.710,8.80
222.568,-0.89064,1.33118,5.40611,0.54489,-0.05498,0.47464,31.2586898,75.7072141,0.710,8.80
222.687,0.65362,0.11732,8.15226,-0.37629,0.12217,1.19852,31.2586898,75.7072141,0.710,8.80
222.804,1.67355,0.56743,11.29824,-0.46670,0.79229,0.48197,31.2586898,75.7072141,0.710,8.80
222.923,1.10373,1.30005,9.57441,-0.06231,0.37324,0.08491,31.2586898,75.7072141,0.710,8.80
223.039,0.99359,-0.41180,11.43471,-0.09652,-0.29199,-0.03360,31.2586898,75.7072141,0.710,8.80
223.153,1.97043,-2.43251,15.10502,-0.37690,0.21136,-0.41356,31.2586898,75.7072141,0.710,8.80
223.271,0.16281,-1.00078,8.73884,1.15454,0.07636,-0.87598,31.2586898,75.7072141,0.710,8.80
223.386,0.03352,-0.14126,8.13310,0.67745,-0.64935,-0.44654,31.2586898,75.7072141,0.710,8.80
223.502,-0.26336,0.86191,7.80510,0.22663,-0.12950,-0.20097,31.2586953,75.7072119,0.620,353.40
223.619,-0.71347,1.01754,8.67898,-0.33048,0.35613,0.25962,31.2586953,75.7072119,0.620,353.40
223.734,-1.93451,0.25618,10.98220,-0.15821,0.64630,0.30360,31.2586953,75.7072119,0.620,353.40
223.850,-0.90980,0.05267,13.86722,-0.34636,0.39584,0.58887,31.2586953,75.7072119,0.620,353.40
223.968,-0.97923,0.86670,7.74524,-0.09407,0.13561,0.47647,31.2586953,75.7072119,0.620,353.40
224.088,0.84755,0.90740,8.88728,-0.59376,-0.23457,0.48319,31.2586953,75.7072119,0.620,353.40
224.203,0.21548,1.77650,9.11951,0.02443,0.14905,-0.15455,31.2586953,75.7072119,0.620,353.40
224.320,0.16041,0.39983,11.45865,-0.18509,0.35247,-0.47159,31.2586953,75.7072119,0.620,353.40
224.430,0.16281,-1.18274,11.17853,-0.45082,0.13256,-0.32315,31.2587032,75.7072111,0.680,347.80
224.546,-0.38307,-1.04627,8.14029,0.83505,-0.22235,-1.18019,31.2587032,75.7072111,0.680,347.80
224.664,-0.73981,-0.93613,8.51857,0.03971,0.29810,-0.64691,31.2587032,75.7072111,0.680,347.80
224.779,-0.74220,-0.19393,9.50737,0.26756,0.45571,-0.61697,31.2587032,75.7072111,0.680,347.80
224.886,-1.49398,0.04070,9.27274,0.08308,0.23213,-0.14355,31.2587032,75.7072111,0.680,347.80
224.997,-2.85868,0.28491,10.86968,-0.15944,0.33903,-0.22052,31.2587032,75.7072111,0.680,347.80
225.106,-2.59771,0.17957,11.19289,-0.73182,-0.52840,0.19059,31.2587032,75.7072111,0.680,347.80
225.219,-3.05740,0.15802,8.84658,1.31214,-0.44532,-0.35125,31.2587032,75.7072111,0.680,347.80
225.336,-1.43652,-0.84036,8.82503,-0.48625,-0.67073,0.35858,31.2587032,75.7072111,0.680,347.80
225.455,-2.40378,1.09894,9.03332,0.33903,0.07941,-0.44227,31.2587100,75.7072083,0.810,352.60
225.571,-0.98162,2.01352,7.03416,-0.27855,0.01894,-0.02382,31.2587100,75.7072083,0.810,352.60
225.689,-0.84515,1.73819,10.12268,-0.67684,0.35919,-0.19548,31.2587100,75.7072083,0.810,352.60
225.807,-0.91698,0.16041,10.63504,-0.17837,-0.61331,-0.26573,31.2587100,75.7072083,0.810,352.60
225.924,-1.84354,-0.74460,11.22641,0.22846,-0.15272,-0.42089,31.2587100,75.7072083,0.810,352.60
226.040,-1.31921,-1.53468,9.26077,0.13317,-0.06842,-0.12156,31.2587100,75.7072083,0.810,352.60
226.151,0.21787,-0.67038,9.20092,0.32132,0.30543,-0.58093,31.2587100,75.7072083,0.810,352.60
226.269,-2.14520,1.42455,9.40203,0.41417,0.40928,-0.14294,31.2587100,75.7072083,0.810,352.60
226.384,-0.51715,-0.42138,10.80743,-0.33231,-0.45021,0.50274,31.2587100,75.7072083,0.810,352.60
226.501,-1.91057,0.06225,9.50977,-0.03787,0.12462,0.11851,31.2587178,75.7072096,0.680,355.30
226.623,-1.43892,-0.01676,8.26478,0.85460,-1.16920,-0.26450,31.2587178,75.7072096,0.680,355.30
226.731,-1.48680,-0.53151,8.34140,0.01588,-0.36041,0.01710,31.2587178,75.7072096,0.680,355.30
226.846,0.41420,0.10534,8.47787,0.07697,-0.91630,-0.58399,31.2587178,75.7072096,0.680,355.30
226.963,-0.42617,1.86748,8.89685,-0.28955,-0.43677,-0.43982,31.2587178,75.7072096,0.680,355.30
227.076,0.44293,2.25773,11.23120,-0.12889,0.06109,-0.19364,31.2587178,75.7072096,0.680,355.30
227.188,0.26576,1.75734,12.14579,0.57971,-0.33353,-0.29077,31.2587178,75.7072096,0.680,355.30
227.300,0.62968,0.92656,8.05888,0.30788,-0.24007,0.11240,31.2587178,75.7072096,0.680,355.30
227.412,0.83558,0.99120,6.93840,0.56933,-0.50152,0.16493,31.2587178,75.7072096,0.680,355.30
227.530,1.65439,-0.10295,9.88326,0.52901,-1.29381,0.88942,31.2587242,75.7072113,0.720,20.20
227.650,1.93451,0.59376,5.34625,0.91935,-0.23457,0.90225,31.2587242,75.7072113,0.720,20.20
227.769,2.69108,2.11408,5.96635,-0.80084,2.12459,0.90225,31.2587242,75.7072113,0.720,20.20
227.887,2.27689,0.65122,12.31099,-0.69150,2.57358,0.48625,31.2587242,75.7072113,0.720,20.20
228.002,-0.67756,1.12767,12.98136,-0.19181,0.20892,0.47831,31.2587242,75.7072113,0.720,20.20
228.117,2.82995,-2.34632,18.27494,-1.63223,0.13500,0.16677,31.2587242,75.7072113,0.720,20.20
228.237,-2.25055,-1.01514,5.77003,1.28465,-1.18386,-0.82467,31.2587242,75.7072113,0.720,20.20
228.353,0.69432,-2.94008,10.09635,-0.20831,-0.69516,-0.22846,31.2587242,75.7072113,0.720,20.20
228.471,-3.20584,2.88262,8.42041,1.21929,-0.71349,-0.89309,31.2587283,75.7072107,0.750,12.00
228.585,-0.83558,3.10289,7.62553,0.78130,-0.64752,0.17349,31.2587283,75.7072107,0.750,12.00
228.702,1.73340,1.72622,7.79313,-0.27978,-0.64935,0.93890,31.2587283,75.7072107,0.750,12.00
228.821,4.22337,-2.06141,17.17122,-0.06292,0.16738,-0.27550,31.2587283,75.7072107,0.750,12.00
228.941,0.05746,0.79487,7.87692,1.25838,-0.40500,-1.13987,31.2587283,75.7072107,0.750,12.00
229.057,0.44293,1.16119,7.35020,0.37446,-0.68845,-0.16371,31.2587283,75.7072107,0.750,12.00
229.179,0.51475,1.90100,7.04853,-0.41661,-0.59987,0.66340,31.2587283,75.7072107,0.750,12.00
229.295,1.04627,3.31836,9.76116,0.48381,2.14047,0.42577,31.2587283,75.7072107,0.750,12.00
229.407,2.69108,-3.61764,16.40507,-3.18505,2.83564,2.70735,31.2587283,75.7072107,0.750,12.00
229.525,2.98318,0.61292,6.02142,-0.18143,1.05680,-0.43310,31.2587338,75.7072114,1.090,11.70
229.638,0.39983,-1.34315,14.89672,-0.78985,1.16675,-0.15333,31.2587338,75.7072114,1.090,11.70
229.753,0.94092,-0.15562,9.87848,-0.15882,-0.10690,-1.10444,31.2587338,75.7072114,1.090,11.70
229.870,1.03669,-0.59137,11.44428,0.24679,-1.08062,-0.84238,31.2587338,75.7072114,1.090,11.70
229.985,1.55144,-1.99198,8.85615,0.76114,-1.98653,-1.06229,31.2587338,75.7072114,1.090,11.70
230.100,-1.11809,-2.90417,13.47696,2.47278,-1.04153,-1.28587,31.2587338,75.7072114,1.090,11.70
230.216,-2.44209,-0.87867,6.68940,1.81793,-0.97738,-0.90530,31.2587338,75.7072114,1.090,11.70
230.333,2.22661,1.77650,4.80756,-0.02443,-0.68356,-0.09346,31.2587338,75.7072114,1.090,11.70
230.447,0.67516,4.09648,7.49146,0.11973,0.31826,-0.05498,31.2587459,75.7072128,1.000,14.60
230.567,0.41180,2.47082,9.15303,-0.57482,0.46670,1.10139,31.2587459,75.7072128,1.000,14.60
230.683,1.42694,1.99676,12.81137,-1.05374,0.54795,2.21683,31.2587459,75.7072128,1.000,14.60
230.799,-3.06697,-1.13725,12.98136,0.80084,0.40317,1.52900,31.2587459,75.7072128,1.000,14.60
230.915,2.41096,-1.11330,5.87777,1.48379,1.80755,0.88820,31.2587459,75.7072128,1.000,14.60
231.033,10.54885,2.24816,0.32801,-0.19120,2.19423,1.45936,31.2587459,75.7072128,1.000,14.60
231.151,1.81720,-0.70390,15.90947,0.49847,-0.62003,-1.39583,31.2587459,75.7072128,1.000,14.60
231.265,2.28167,-0.84036,11.33176,-0.37018,0.41172,0.08613,31.2587459,75.7072128,1.000,14.60
231.390,0.62728,1.08457,11.43471,0.20586,0.38729,-1.75379,31.2587459,75.7072128,1.000,14.60
231.505,-0.11732,3.10289,7.11317,-0.63835,-0.33659,-1.21684,31.2587517,75.7072133,0.460,17.00
231.622,-19.15601,9.33978,26.93716,2.57358,1.34574,2.22966,31.2587517,75.7072133,0.460,17.00
231.739,1.87466,-1.58736,10.79785,-1.46791,-0.27855,2.28891,31.2587517,75.7072133,0.460,17.00
231.853,-1.57299,-0.84515,9.02375,-0.54734,-1.45936,0.47342,31.2587517,75.7072133,0.460,17.00
231.970,0.63207,-0.21787,7.25683,0.10629,-0.57421,-1.05558,31.2587517,75.7072133,0.460,17.00
232.085,2.58334,0.58419,10.75715,-1.15454,-2.68659,-1.90895,31.2587517,75.7072133,0.460,17.00
232.201,1.30005,-0.49799,9.11473,0.82528,0.60476,-1.06229,31.2587517,75.7072133,0.460,17.00
232.318,0.25618,-5.62159,11.66216,0.63897,-2.49722,-1.58092,31.2587517,75.7072133,0.460,17.00
232.431,2.17154,-0.09816,10.08677,-0.53512,-0.31643,1.65117,31.2587583,75.7072153,0.590,9.90
232.547,0.82121,-6.44280,18.00440,0.33903,2.28219,1.41965,31.2587583,75.7072153,0.590,9.90
232.664,-0.67516,-5.91607,16.50563,0.16432,1.44714,-0.57421,31.2587583,75.7072153,0.590,9.90
232.783,-5.01585,-2.68869,6.31590,-1.01831,2.13070,-2.86557,31.2587583,75.7072153,0.590,9.90
232.896,-2.73657,-1.26893,4.26886,-1.54060,0.37324,-0.47770,31.2587583,75.7072153,0.590,9.90
233.013,1.69270,-0.07901,6.38773,-1.78434,-0.07330,-0.19487,31.2587583,75.7072153,0.590,9.90
233.128,-1.00317,1.95367,9.22246,0.72876,-0.32132,-0.07453,31.2587583,75.7072153,0.590,9.90
233.246,-2.23858,-5.38695,11.17374,2.98041,-0.14844,-1.87597,31.2587583,75.7072153,0.590,9.90
233.363,-1.35751,-2.03986,9.58638,1.52655,2.09710,-0.78313,31.2587583,75.7072153,0.590,9.90
233.472,0.59376,-0.51236,5.79876,1.49112,0.79168,0.22358,31.2587654,75.7072153,0.470,8.10
233.600,-5.03261,3.69425,7.74045,0.36041,-0.44288,1.31641,31.2587654,75.7072153,0.470,8.10
233.715,-8.63110,4.97515,16.24945,-0.87659,-2.30846,0.37446,31.2587654,75.7072153,0.470,8.10
233.831,2.12845,0.40701,11.97580,0.58338,-1.03542,-0.30177,31.2587654,75.7072153,0.470,8.10
233.946,0.46926,-1.09176,8.50899,0.61942,0.98410,-0.97922,31.2587654,75.7072153,0.470,8.10
234.061,1.07739,-1.25456,5.81312,0.07697,1.37200,-0.14416,31.2587654,75.7072153,0.470,8.10
234.180,1.50116,1.99437,10.00776,-0.19609,-1.56931,-0.20525,31.2587654,75.7072153,0.470,8.10
234.299,0.86191,0.67038,8.63828,-1.85275,-2.97736,-1.77823,31.2587654,75.7072153,0.470,8.10
234.418,-2.50673,1.88424,8.03973,-0.42761,0.42394,-0.73365,31.2587654,75.7072153,0.470,8.10
234.532,-2.56180,2.01592,12.08593,-0.27061,-1.64262,-0.73487,31.2587741,75.7072154,1.130,354.70
234.648,-3.10289,2.09732,11.33415,-0.24068,0.28527,-0.78496,31.2587741,75.7072154,1.130,354.70
234.762,-1.19950,0.48123,13.24951,0.56261,-0.12278,0.84116,31.2587741,75.7072154,1.130,354.70
234.875,0.76614,-0.83558,14.17846,1.02870,1.75929,1.51433,31.2587741,75.7072154,1.130,354.70
234.989,0.03831,-0.06225,8.13310,0.45937,2.10199,1.38789,31.2587741,75.7072154,1.130,354.70
235.101,-2.55701,1.64242,7.07965,0.72815,-0.51740,1.02014,31.2587741,75.7072154,1.130,354.70
235.215,-3.10049,2.90656,7.41484,0.63408,-1.59863,0.25045,31.2587741,75.7072154,1.130,354.70
235.328,1.33118,3.72538,8.20493,0.52595,-1.05191,0.46304,31.2587741,75.7072154,1.130,354.70
235.444,0.78769,4.04859,8.47547,0.65851,-0.85216,-0.24129,31.2587824,75.7072132,0.620,4.10
235.556,0.71347,3.84030,9.89284,-0.75564,-1.45264,-0.01344,31.2587824,75.7072132,0.620,4.10
235.669,1.81480,4.55856,7.44357,0.93462,-0.39523,-0.32009,31.2587824,75.7072132,0.620,4.10
235.785,1.39582,4.35026,8.08522,-0.95723,-0.02871,-0.22052,31.2587824,75.7072132,0.620,4.10
235.901,1.91776,5.76284,7.33583,0.59376,-0.22724,0.03971,31.2587824,75.7072132,0.620,4.10
236.017,1.36230,6.07648,8.45393,-0.27306,0.39645,-0.20097,31.2587824,75.7072132,0.620,4.10
236.134,1.03430,5.13796,9.20810,0.04826,0.57666,0.02443,31.2587824,75.7072132,0.620,4.10
236.247,0.57940,3.80199,10.44590,0.17532,0.67806,0.43127,31.2587824,75.7072132,0.620,4.10
236.370,1.28569,3.72298,8.17141,0.07819,0.05192,0.23457,31.2587824,75.7072132,0.620,4.10
236.484,1.53947,4.88896,7.49146,0.20036,-0.00305,0.12523,31.2587887,75.7072151,0.680,358.90
236.599,2.32716,4.40294,8.08282,0.09529,0.46609,-0.31398,31.2587887,75.7072151,0.680,358.90
236.713,2.47082,3.63919,9.51695,-0.63652,-0.49786,-0.44288,,,,
236.829,3.24414,6.08367,12.44506,0.35186,-0.76358,-0.20525,,,,
236.937,2.22182,3.81396,5.66229,0.72937,-0.11912,-1.82343,,,,
237.042,-0.37828,3.47159,8.04691,0.13500,-0.07819,-0.81917,,,,
237.149,-1.11570,5.72214,5.10683,0.48136,-0.18509,-0.57055,,,,
237.256,-2.20985,7.31429,6.80193,-0.28955,0.15577,0.69089,,,,
237.361,0.05267,6.93121,9.74679,-0.48258,0.35675,0.22602,,,,
237.468,-2.03028,4.24492,10.82658,-0.33537,1.12949,0.36469,31.2587960,75.7072163,0.560,4.90
237.586,-2.01831,6.16028,7.48427,-0.14478,-0.19792,0.71044,31.2587960,75.7072163,0.560,4.90
237.694,-0.27294,6.93361,7.84101,0.20220,-0.14294,0.36469,31.2587960,75.7072163,0.560,4.90
237.804,-1.78607,3.85227,9.93354,0.02688,0.22480,-0.09224,31.2587960,75.7072163,0.560,4.90
237.911,0.57940,5.49230,7.18739,0.52901,0.27428,0.51862,31.2587960,75.7072163,0.560,4.90
238.021,0.41899,5.68623,6.19859,-0.25412,0.09102,0.06048,31.2587960,75.7072163,0.560,4.90
238.128,1.12527,2.82276,8.80348,0.73121,0.19792,0.66218,31.2587960,75.7072163,0.560,4.90
238.237,0.83318,3.12683,7.53695,-0.35613,0.15455,-0.10324,31.2587960,75.7072163,0.560,4.90
238.345,0.96965,3.80918,9.10994,-0.91447,-0.04887,-0.01405,31.2587960,75.7072163,0.560,4.90
238.455,-0.36392,6.29436,6.67264,-0.92241,-0.45937,0.18692,31.2587986,75.7072126,0.810,4.80
238.564,-1.01754,7.72369,9.68694,-1.12705,-2.82220,-0.93096,31.2587986,75.7072126,0.810,4.80
238.672,-0.84515,7.45315,10.23761,0.51435,-0.75442,0.49052,31.2587986,75.7072126,0.810,4.80
238.781,2.58813,3.90494,11.98298,1.14659,0.95967,0.19792,31.2587986,75.7072126,0.810,4.80
238.888,0.48123,4.75967,6.66306,0.70555,-0.65118,0.65607,31.2587986,75.7072126,0.810,4.80
238.993,1.97761,3.32315,11.66216,0.49419,1.10994,0.66706,31.2587986,75.7072126,0.810,4.80
239.108,2.49715,4.39815,5.77960,0.36346,0.99388,0.22846,31.2587986,75.7072126,0.810,4.80
239.213,2.28886,4.20901,6.14352,-0.04948,0.56627,0.25412,31.2587986,75.7072126,0.810,4.80
239.322,2.94008,4.64715,6.54814,-0.23213,-0.54062,-0.13073,31.2587986,75.7072126,0.810,4.80
239.430,3.90255,5.24570,8.85855,-0.88209,-0.98838,-0.28405,31.2588097,75.7072120,1.000,356.00
239.538,4.46279,4.08930,10.35492,-1.11788,-0.45448,-0.41111,31.2588097,75.7072120,1.000,356.00
239.654,2.24816,2.70066,6.90727,0.22480,-0.07941,-0.95539,31.2588097,75.7072120,1.000,356.00
239.763,0.86431,3.96001,7.30710,-0.52107,0.18509,-0.63958,31.2588097,75.7072120,1.000,356.00
239.871,1.53468,4.64715,8.84179,-0.66951,-0.06353,0.20831,31.2588097,75.7072120,1.000,356.00
239.980,3.01191,4.47716,9.69412,-0.10201,-0.10690,-0.17165,31.2588097,75.7072120,1.000,356.00
240.090,0.40701,2.99036,10.70926,0.10263,-0.60720,0.04643,31.2588097,75.7072120,1.000,356.00
240.208,0.92416,2.92571,9.16500,0.47953,0.31765,0.27611,31.2588097,75.7072120,1.000,356.00
240.316,1.13485,2.70545,10.52491,-0.22419,0.98594,0.06414,31.2588097,75.7072120,1.000,356.00
240.426,-0.04070,3.32555,7.96311,0.43860,0.67745,-0.05986,31.2588193,75.7072132,0.380,354.10
240.531,1.27132,3.91213,7.41724,0.36469,0.33048,-0.08247,31.2588193,75.7072132,0.380,354.10
240.640,1.28090,3.40934,8.74602,-0.18387,-0.64996,-0.10079,31.2588193,75.7072132,0.380,354.10
240.752,2.23858,2.40378,9.09318,-1.33230,-1.27182,-0.17776,31.2588193,75.7072132,0.380,354.10
240.861,1.07260,2.21942,8.54730,0.49541,-0.18021,-0.46609,31.2588193,75.7072132,0.380,354.10
240.969,2.58095,3.16513,7.51061,-0.32926,-0.29199,-0.20220,31.2588193,75.7072132,0.380,354.10
241.079,0.64404,3.65834,9.60554,-0.07391,-0.20831,0.23518,31.2588193,75.7072132,0.380,354.10
241.187,1.13964,4.70700,10.73799,1.06107,-0.37385,0.59376,31.2588193,75.7072132,0.380,354.10
241.308,2.81798,4.60166,8.91840,0.85704,0.29871,1.25899,31.2588193,75.7072132,0.380,354.10
241.417,3.49314,4.17070,11.37246,-0.24862,0.61025,1.32375,31.2588263,75.7072066,0.560,2.60
241.525,3.04782,4.02705,8.17859,0.94012,-0.08796,0.41844,31.2588263,75.7072066,0.560,2.60
241.635,3.22738,2.30562,5.77481,-0.16554,1.26083,-0.10568,31.2588263,75.7072066,0.560,2.60
241.744,2.60729,2.96163,6.94797,-0.43371,0.75198,0.26512,31.2588263,75.7072066,0.560,2.60
241.859,4.63039,5.23612,6.63673,-0.93340,-0.15455,0.04887,31.2588263,75.7072066,0.560,2.60
241.972,-0.90261,2.86107,15.26064,-0.61209,1.68965,-0.67195,31.2588263,75.7072066,0.560,2.60
242.089,0.04788,1.18274,9.33978,0.04643,-0.26573,-0.13011,31.2588263,75.7072066,0.560,2.60
242.203,1.35512,2.37265,7.28316,0.00305,-0.09591,-0.53267,31.2588263,75.7072066,0.560,2.60
242.317,0.48123,1.75495,10.16099,-0.05315,2.25593,-2.24310,31.2588263,75.7072066,0.560,2.60
242.431,-4.82192,4.17070,9.75877,0.81917,-0.02077,-0.17226,31.2588371,75.7072117,0.440,3.60
242.541,-3.04782,6.66067,6.63433,1.16614,-0.47159,0.44410,31.2588371,75.7072117,0.440,3.60
242.653,-1.28329,2.33674,12.02129,-1.03603,0.44715,1.42576,31.2588371,75.7072117,0.440,3.60
242.764,3.35428,4.35984,7.05332,1.42942,1.65056,-0.84788,31.2588371,75.7072117,0.440,3.60
242.881,-4.56335,4.56095,5.83946,0.33109,-1.18935,-0.13195,31.2588371,75.7072117,0.440,3.60
242.995,2.23140,3.98395,9.96467,-0.86865,-2.83808,0.96761,31.2588371,75.7072117,0.440,3.60
243.108,-0.46926,6.08367,6.10282,-0.38607,2.80754,0.69028,31.2588371,75.7072117,0.440,3.60
243.223,-1.75256,4.45082,11.63821,-0.51252,-1.45814,-1.20707,31.2588371,75.7072117,0.440,3.60
243.330,-0.93613,6.20338,9.14824,1.07634,-1.20218,-1.39461,31.2588371,75.7072117,0.440,3.60
243.438,1.89142,4.86502,5.71496,0.18876,-0.15027,-0.76786,31.2588449,75.7072104,0.630,354.60
243.549,-0.95050,5.07571,4.07014,0.42211,0.26084,-0.37935,31.2588449,75.7072104,0.630,354.60
243.664,-4.02944,4.67348,8.61913,-1.38056,-0.99938,-1.91018,31.2588449,75.7072104,0.630,354.60
243.780,-1.93691,2.18591,7.65187,0.33903,1.56687,0.45632,31.2588449,75.7072104,0.630,354.60
243.887,-0.16281,2.41814,12.15057,-1.55343,-0.44166,1.93583,31.2588449,75.7072104,0.630,354.60
243.999,0.71587,3.28245,10.40281,-0.61148,-0.52840,1.46180,31.2588449,75.7072104,0.630,354.60
244.118,1.42694,3.98635,8.77954,-0.24740,0.25656,0.41661,31.2588449,75.7072104,0.630,354.60
244.236,-2.95444,3.36385,8.74841,-0.61453,1.78984,-0.22174,31.2588449,75.7072104,0.630,354.60
244.355,-1.12527,4.54898,9.76595,1.08551,-0.60537,0.17410,31.2588449,75.7072104,0.630,354.60
244.469,-0.93134,0.27773,10.46266,-1.70309,-0.50885,-2.24004,31.2588514,75.7072094,0.790,3.10
244.584,-2.80840,0.41899,8.98065,1.42393,0.27855,1.49906,31.2588514,75.7072094,0.790,3.10
244.702,-1.11570,2.55461,5.21218,-0.20708,0.68478,-0.29199,31.2588514,75.7072094,0.790,3.10
244.818,0.13647,5.72214,9.80426,0.15394,-1.38972,1.14843,31.2588514,75.7072094,0.790,3.10
244.932,0.89783,6.27760,10.66377,-0.27550,-0.52473,-0.06292,31.2588514,75.7072094,0.790,3.10
245.045,2.64320,2.38702,11.26472,0.37385,-0.30421,0.01344,31.2588514,75.7072094,0.790,3.10
245.179,-3.21781,0.52672,8.71011,-0.21930,-0.24496,-0.08980,31.2588514,75.7072094,0.790,3.10
245.291,-0.58419,3.40695,7.32626,-0.10201,0.05742,0.02016,31.2588514,75.7072094,0.790,3.10
245.405,-2.23379,3.19387,7.24725,0.45387,-0.92180,0.09041,31.2588514,75.7072094,0.790,3.10
245.518,1.52271,5.87777,11.61188,-0.11545,-0.28588,-0.49480,31.2588577,75.7072109,0.820,16.50
245.631,3.53145,3.26809,8.83221,0.64141,-0.65057,-1.35673,31.2588577,75.7072109,0.820,16.50
245.747,0.47884,1.78607,9.91678,1.27610,-0.39951,-0.32009,31.2588577,75.7072109,0.820,16.50
245.861,-0.74220,2.89459,5.10444,-1.53144,0.11668,-0.93157,31.2588577,75.7072109,0.820,16.50
245.974,-3.48117,5.86340,8.15465,1.44775,-0.97555,-0.63958,31.2588577,75.7072109,0.820,16.50
246.084,-1.91057,6.18183,8.15465,-0.04581,0.21014,-0.11790,31.2588577,75.7072109,0.820,16.50
246.197,-1.50356,6.87375,10.74757,-0.36224,1.43676,0.78007,31.2588577,75.7072109,0.820,16.50
246.312,-3.89776,-1.19231,8.34140,0.07575,1.38911,0.10690,31.2588577,75.7072109,0.820,16.50
246.430,-0.26336,2.06380,5.88016,0.20647,0.26389,1.24617,31.2588663,75.7072123,0.760,21.50
246.547,-2.18830,4.13239,9.11473,-0.98044,-0.36408,0.74281,31.2588663,75.7072123,0.760,21.50
246.660,-2.44209,3.22499,13.47457,-1.91873,-0.28772,0.12034,31.2588663,75.7072123,0.760,21.50
246.776,0.56024,2.91853,11.39879,0.95173,0.43188,-0.15149,31.2588663,75.7072123,0.760,21.50
246.893,-0.21787,0.74699,10.88165,-0.10873,-0.30727,0.51801,31.2588663,75.7072123,0.760,21.50
247.009,1.49398,1.77410,5.19063,-0.56627,0.97494,-0.29138,31.2588663,75.7072123,0.760,21.50
247.120,-3.09091,1.72143,10.58477,-0.92729,0.33903,-0.81306,31.2588663,75.7072123,0.760,21.50
247.232,-2.24576,3.42610,13.22796,-0.45265,-0.23274,0.25045,31.2588663,75.7072123,0.760,21.50
247.347,-2.99754,2.28167,9.09078,0.62492,-0.62430,-0.40256,31.2588663,75.7072123,0.760,21.50
247.462,-4.17549,-2.82276,8.02776,0.14600,0.76969,-0.24312,31.2588731,75.7072138,0.630,12.60
247.576,-1.64721,0.38547,5.32470,0.24862,-0.17349,0.83811,31.2588731,75.7072138,0.630,12.60
247.688,0.06704,2.88741,9.80426,-1.02381,-0.29688,0.54795,31.2588731,75.7072138,0.630,12.60
247.805,-1.33118,2.46842,13.33092,-0.33781,-0.27184,0.21441,31.2588731,75.7072138,0.630,12.60
247.924,2.50912,0.27054,12.09790,0.74953,0.13439,-0.96272,31.2588731,75.7072138,0.630,12.60
248.040,-3.46441,-1.95846,9.40442,-0.72449,0.20342,-0.85643,31.2588731,75.7072138,0.630,12.60
248.153,2.06620,1.06303,5.25767,0.80268,-0.01894,-0.16493,31.2588731,75.7072138,0.630,12.60
248.265,0.28730,3.06218,11.59991,-0.63713,-0.10446,0.42455,31.2588731,75.7072138,0.630,12.60
248.377,-1.23780,3.64876,10.51294,-0.10690,0.07636,-0.19181,31.2588731,75.7072138,0.630,12.60
248.496,-2.12126,2.47321,10.10114,0.07636,0.19303,0.25107,31.2588847,75.7072178,0.640,11.80
248.614,-5.69581,-2.71502,12.32774,0.04032,0.12034,-0.86376,31.2588847,75.7072178,0.640,11.80
248.733,-3.23696,-1.74777,6.91445,0.68417,-0.33720,0.42333,31.2588847,75.7072178,0.640,11.80
248.850,-0.89064,1.57060,6.05015,0.05681,-0.08002,0.80634,31.2588847,75.7072178,0.640,11.80
248.969,0.46208,3.48835,11.70286,-0.50152,-0.70677,0.54428,31.2588847,75.7072178,0.640,11.80
249.093,1.18034,2.62165,13.14417,0.50763,-0.05131,-0.32559,31.2588847,75.7072178,0.640,11.80
249.206,-1.59693,-0.85234,10.80264,-0.46914,0.55955,-1.55526,31.2588847,75.7072178,0.640,11.80
249.320,1.94409,0.10295,4.45082,0.42761,0.69089,-0.01894,31.2588847,75.7072178,0.640,11.80
249.431,-1.86987,1.81480,8.66222,-1.53633,-0.43433,-0.12950,31.2588996,75.7072216,0.960,16.80
249.544,-1.32399,3.19865,12.21522,0.12339,-0.51252,-0.14539,31.2588996,75.7072216,0.960,16.80
249.658,-1.40779,2.77488,10.46266,0.78069,0.54184,-0.16066,31.2588996,75.7072216,0.960,16.80
249.769,1.53708,3.22260,11.91115,-0.53756,-0.72143,0.35125,31.2588996,75.7072216,0.960,16.80
249.880,-3.83072,-1.80283,8.29830,0.60231,-0.01100,1.02259,31.2588996,75.7072216,0.960,16.80
249.993,1.61369,2.87544,2.27449,1.10444,-0.68173,0.93829,31.2588996,75.7072216,0.960,16.80
250.109,-2.11408,2.01113,11.35091,-0.19303,-0.28650,-0.14233,31.2588996,75.7072216,0.960,16.80
250.225,0.84994,1.49638,8.34858,-0.61820,0.74648,0.14111,31.2588996,75.7072216,0.960,16.80
250.338,0.98162,1.23780,12.09790,-0.36408,-0.11484,0.19548,31.2588996,75.7072216,0.960,16.80
250.451,1.85551,-0.06225,12.45224,-0.33475,-0.87415,-1.17469,31.2589097,75.7072263,0.860,11.60
250.560,2.06380,0.38068,7.51300,1.37567,-0.10140,0.61636,31.2589097,75.7072263,0.860,11.60
250.674,1.33596,0.90980,6.93121,-0.71105,0.00428,-0.23396,31.2589097,75.7072263,0.860,11.60
250.789,-1.78847,1.88184,9.05966,-0.83872,0.10934,0.70433,31.2589097,75.7072263,0.860,11.60
250.902,4.98473,3.75171,10.93432,0.32987,-0.10507,0.42333,31.2589097,75.7072263,0.860,11.60
251.017,0.11492,1.26893,15.05474,-0.26573,0.59987,0.88270,31.2589097,75.7072263,0.860,11.60
251.131,-3.56975,-1.53708,3.64398,0.70005,0.85888,0.27184,31.2589097,75.7072263,0.860,11.60
251.246,-0.42138,0.66798,5.97353,0.73731,-1.02931,0.48381,31.2589097,75.7072263,0.860,11.60
251.362,-0.43574,2.50912,12.39239,-0.12217,-0.37629,-0.06292,31.2589097,75.7072263,0.860,11.60
251.475,0.13886,2.36308,10.26155,0.62003,-0.52107,-0.63408,31.2589249,75.7072288,0.660,13.10
251.588,0.76614,3.13880,10.97023,0.77458,1.25655,0.21441,31.2589249,75.7072288,0.660,13.10
251.702,0.49081,0.56024,10.08917,0.32803,-1.10567,-0.67562,31.2589249,75.7072288,0.660,13.10
251.816,3.41892,2.55461,5.62398,0.77824,-0.64324,0.29383,31.2589249,75.7072288,0.660,13.10
251.930,0.53630,4.92008,10.04128,-0.96333,0.02199,-0.10507,31.2589249,75.7072288,0.660,13.10
252.045,0.01437,4.17309,9.32781,-0.30482,1.44958,0.76908,31.2589249,75.7072288,0.660,13.10
252.159,0.82839,5.46596,9.90242,0.68967,0.37874,-0.05925,31.2589249,75.7072288,0.660,13.10
252.272,0.13886,4.10606,12.47618,-0.11912,0.83566,0.52657,31.2589249,75.7072288,0.660,13.10
252.386,-4.18985,2.44448,5.11641,-0.64507,0.14783,-0.36102,31.2589249,75.7072288,0.660,13.10
252.497,-4.08690,0.78769,6.18422,-0.76725,0.78618,-0.17349,31.2589299,75.7072316,0.560,11.40
252.614,-0.60094,2.87065,11.08515,-0.12950,-0.81856,0.86193,31.2589299,75.7072316,0.560,11.40
252.728,0.54827,3.83551,11.30303,-0.08674,-0.54000,0.12828,31.2589299,75.7072316,0.560,11.40
252.843,0.38307,2.60010,11.23359,0.44838,-0.29260,-0.00183,31.2589299,75.7072316,0.560,11.40
252.956,-1.67355,0.98402,11.75074,-0.03787,0.03971,-1.16675,31.2589299,75.7072316,0.560,11.40
253.071,1.70228,2.02310,4.59926,1.32863,-0.11668,-0.46670,31.2589299,75.7072316,0.560,11.40
253.184,-0.50757,4.07493,8.17859,-0.86682,0.21991,-0.05864,31.2589299,75.7072316,0.560,11.40
253.297,-0.62489,6.63912,9.83299,-0.08125,-0.17349,-0.30971,31.2589299,75.7072316,0.560,11.40
253.411,-3.26330,4.26168,11.42513,-0.04215,0.38973,-0.27978,31.2589423,75.7072332,0.600,9.70
253.523,-1.43173,0.54827,9.55526,0.86437,0.29016,-0.86499,31.2589423,75.7072332,0.600,9.70
253.637,-3.45244,0.94332,6.23211,-0.73731,-0.23091,1.02931,31.2589423,75.7072332,0.600,9.70
253.749,-0.38307,3.85945,10.51533,-0.58765,0.10568,1.08367,31.2589423,75.7072332,0.600,9.70
253.861,-0.45969,3.61764,7.67102,-0.36774,-0.26695,0.66951,31.2589423,75.7072332,0.600,9.70
253.973,-0.30646,3.67031,10.88644,0.21258,0.02077,-0.02749,31.2589423,75.7072332,0.600,9.70
254.087,2.48758,5.80594,11.18810,0.51007,-0.34636,0.10934,31.2589423,75.7072332,0.600,9.70
254.200,-1.97043,-0.12450,12.15776,-1.18447,1.69943,-0.70677,31.2589423,75.7072332,0.600,9.70
254.314,0.28491,2.15478,3.38301,0.40989,-0.69333,-0.84299,31.2589423,75.7072332,0.600,9.70
254.427,-1.48441,4.08451,11.91594,-0.17776,-0.18876,-0.03543,31.2589524,75.7072372,0.700,10.90
254.543,-0.56743,4.83868,9.86411,0.28527,-0.22052,0.35247,31.2589524,75.7072372,0.700,10.90
254.659,-0.64643,6.04296,10.49379,0.10690,-0.53695,0.12095,31.2589524,75.7072372,0.700,10.90
254.774,-2.97839,-0.35195,8.51378,0.27855,0.38179,-0.39401,31.2589524,75.7072372,0.700,10.90
254.889,2.47321,1.94409,6.69179,-0.02505,-0.59987,0.73548,31.2589524,75.7072372,0.700,10.90
255.004,0.70868,3.92888,8.91840,-0.78863,-0.21380,-0.10934,31.2589524,75.7072372,0.700,10.90
255.124,0.36392,3.80439,11.18092,-0.66035,-0.28283,-0.16860,31.2589524,75.7072372,0.700,10.90
255.241,-0.03112,2.33914,11.03966,0.51007,0.10079,-0.94867,31.2589524,75.7072372,0.700,10.90
255.356,0.33998,0.07901,11.09234,-0.65118,0.49847,-1.60841,31.2589524,75.7072372,0.700,10.90
255.473,4.26407,1.15879,4.26407,1.23273,-0.72937,-0.95539,31.2589602,75.7072394,0.820,9.90
255.589,0.66319,4.10845,9.28232,-1.36345,0.18692,-0.07880,31.2589602,75.7072394,0.820,9.90
255.707,-0.12929,3.60806,11.06839,-0.16493,-0.12156,-0.27184,31.2589602,75.7072394,0.820,9.90
255.820,-0.04070,3.70862,10.12029,0.52168,-0.29077,0.30727,31.2589602,75.7072394,0.820,9.90
255.936,1.00556,-2.86825,11.51372,-1.02992,1.49540,-1.45997,31.2589602,75.7072394,0.820,9.90
256.050,-2.61207,-0.28730,7.53455,0.68906,-0.67378,0.95173,31.2589602,75.7072394,0.820,9.90
256.163,0.93613,1.55623,8.07564,-0.64385,0.46059,0.15272,31.2589602,75.7072394,0.820,9.90
256.277,0.17717,2.14042,9.88326,-0.41172,-0.58765,0.19364,31.2589602,75.7072394,0.820,9.90
256.393,0.90022,3.12443,11.32936,0.00672,-0.28283,-0.10690,31.2589602,75.7072394,0.820,9.90
256.507,1.39103,1.05345,12.02608,0.50519,0.27000,0.10385,31.2589656,75.7072365,0.830,14.50
256.622,-4.28802,-0.08380,8.70532,-0.26084,1.52777,-0.60537,31.2589656,75.7072365,0.830,14.50
256.737,4.26407,2.58574,7.95833,-0.03543,-0.88881,0.79046,31.2589656,75.7072365,0.830,14.50
256.855,-0.17478,2.24816,8.42520,0.02749,0.00122,0.07636,31.2589656,75.7072365,0.830,14.50
256.971,0.05746,2.40378,10.27352,-0.69211,-0.33903,0.43616,31.2589656,75.7072365,0.830,14.50
257.082,-1.61848,1.80523,11.24317,-0.33109,-0.22541,0.89064,31.2589656,75.7072365,0.830,14.50
257.193,3.59609,0.28012,14.06594,-0.93279,-0.09468,0.28161,31.2589656,75.7072365,0.830,14.50
257.310,-3.19626,-3.09570,5.77003,1.51006,0.78802,0.43371,31.2589656,75.7072365,0.830,14.50
257.425,2.73418,2.04944,5.82270,0.24374,-0.85094,1.37445,31.2589747,75.7072389,0.780,17.50
257.539,2.08296,3.46441,11.15459,0.11301,0.60842,0.08063,31.2589747,75.7072389,0.780,17.50
257.654,0.65601,2.60250,8.57603,0.41111,-0.42577,0.00489,31.2589747,75.7072389,0.780,17.50
257.770,1.30245,3.01430,11.41555,0.33720,-0.29688,-0.16066,31.2589747,75.7072389,0.780,17.50
257.886,0.38547,0.66319,12.67730,-0.82528,1.10933,-1.64689,31.2589747,75.7072389,0.780,17.50
258.011,1.04387,0.33998,3.50272,0.53267,-0.53145,-1.14598,31.2589747,75.7072389,0.780,17.50
258.123,-1.97282,2.65278,10.66377,-1.41599,0.17532,-0.09835,31.2589747,75.7072389,0.780,17.50
258.237,0.54827,3.85945,10.40999,0.17898,-0.37813,0.42028,31.2589747,75.7072389,0.780,17.50
258.353,-1.13246,3.02627,11.74117,0.30788,0.18937,0.24190,31.2589747,75.7072389,0.780,17.50
258.470,3.42131,0.82839,10.31422,0.64202,0.31398,-0.68173,31.2589795,75.7072419,0.820,11.00
258.585,-3.52905,0.62728,8.58082,0.43677,0.93218,0.79535,31.2589795,75.7072419,0.820,11.00
258.700,0.92656,3.88340,7.38611,1.02381,-0.49114,0.10201,31.2589795,75.7072419,0.820,11.00
258.816,-0.60334,4.15155,9.95988,0.12217,1.05435,0.21930,31.2589795,75.7072419,0.820,11.00
258.932,1.34075,5.66468,6.31351,0.95417,-0.58765,-0.06658,31.2589795,75.7072419,0.820,11.00
259.048,-0.11492,5.03022,9.73004,-0.22297,-0.16982,-0.22907,31.2589795,75.7072419,0.820,11.00
259.156,1.02232,4.84347,9.96227,-0.60781,-0.60415,-0.29505,,,,
259.263,0.60334,4.98952,6.30872,0.24190,-0.35919,-0.04948,,,,
259.372,-0.43574,5.12120,6.52420,-0.26389,0.01710,-0.18937,,,,
259.486,-1.34554,5.45399,8.75081,-0.24007,0.46120,0.25962,31.2589833,75.7072414,0.860,358.60
259.613,-2.12126,4.35745,9.05008,-0.16616,0.86743,0.73243,31.2589833,75.7072414,0.860,358.60
259.723,-0.89064,3.41413,10.65180,-0.89675,0.09468,0.67195,31.2589833,75.7072414,0.860,358.60
259.834,-0.23942,3.99832,7.52737,0.22113,0.61514,0.95112,31.2589833,75.7072414,0.860,358.60
259.948,-0.46687,3.56975,9.90481,-0.61758,0.46059,0.80879,31.2589833,75.7072414,0.860,358.60
260.063,0.34955,4.46519,7.64947,0.40134,-0.18937,0.49663,31.2589833,75.7072414,0.860,358.60
260.176,1.95367,3.77326,9.00699,-0.06048,-0.26084,0.01894,31.2589833,75.7072414,0.860,358.60
260.291,1.25456,2.28646,8.67180,-0.66645,-0.18387,-0.67073,31.2589833,75.7072414,0.860,358.60
260.402,2.13084,1.97761,12.72758,-0.50213,-0.19303,-0.16554,31.2589920,75.7072410,0.830,352.60
260.512,2.16675,2.77488,8.15944,0.39951,-1.16125,-0.46976,31.2589920,75.7072410,0.830,352.60
260.626,1.29047,3.60567,8.61434,-0.32620,-0.27978,-0.74648,31.2589920,75.7072410,0.830,352.60
260.739,1.54665,4.55617,8.46829,0.20708,-0.31887,-0.54734,31.2589920,75.7072410,0.830,352.60
260.849,1.21147,4.06057,9.68933,-0.45632,0.43799,0.02749,31.2589920,75.7072410,0.830,352.60
260.965,0.07183,2.08774,13.19445,-0.18326,-0.44166,0.43005,31.2589920,75.7072410,0.830,352.60
261.079,-0.88346,2.23379,9.49780,0.60903,0.16127,0.38790,31.2589920,75.7072410,0.830,352.60
261.194,0.74939,3.11007,8.05170,0.28039,0.34025,0.29505,31.2589920,75.7072410,0.830,352.60
261.324,1.59933,3.78523,8.09480,0.33537,0.40134,-0.11362,31.2589920,75.7072410,0.830,352.60
261.436,0.53870,3.73735,8.89207,-0.25473,0.26023,-0.37874,31.2590019,75.7072413,0.700,352.00
261.547,0.93374,3.41653,8.94234,0.04093,-0.02077,-0.43066,31.2590019,75.7072413,0.700,352.00
261.657,1.23301,1.62566,11.45147,-0.17043,0.89064,0.06842,31.2590019,75.7072413,0.700,352.00
261.772,1.01035,3.19147,7.11557,0.14172,-0.12462,-0.10812,31.2590019,75.7072413,0.700,352.00
261.886,0.36392,4.67827,7.97030,0.23030,-0.08552,-0.20831,31.2590019,75.7072413,0.700,352.00
261.998,0.33758,5.10444,8.58561,-0.16677,0.13317,-0.01405,31.2590019,75.7072413,0.700,352.00
262.108,-0.62489,4.05338,9.58399,0.07208,0.31887,0.05742,31.2590019,75.7072413,0.700,352.00
262.220,-1.77410,3.26090,8.95431,-0.47403,-0.27672,-0.07086,31.2590019,75.7072413,0.700,352.00
262.334,-3.22738,2.38941,9.04529,-1.11483,2.89733,1.62001,31.2590019,75.7072413,0.700,352.00
262.446,-4.27365,3.17711,8.13071,-0.04459,3.03295,0.50885,31.2590133,75.7072405,0.720,355.60
262.558,-4.22816,2.82276,6.11240,1.73547,-2.42758,1.13926,31.2590133,75.7072405,0.720,355.60
262.668,0.49799,4.29999,5.30795,1.82832,-4.02805,1.13926,31.2590133,75.7072405,0.720,355.60
262.784,2.17394,3.88818,5.00867,-0.88392,-0.81123,-0.05131,31.2590133,75.7072405,0.720,355.60
262.899,4.23295,3.91931,12.16494,-0.35675,-1.08612,-0.00855,31.2590133,75.7072405,0.720,355.60
263.012,4.18985,4.46519,7.64469,-0.32376,-0.46181,-0.66157,31.2590133,75.7072405,0.720,355.60
263.126,2.11408,5.06374,9.14585,-0.97128,0.14233,-0.69822,31.2590133,75.7072405,0.720,355.60
263.238,1.56581,5.67426,10.39562,0.29016,0.26389,-0.00367,31.2590133,75.7072405,0.720,355.60
263.353,0.77093,4.12521,8.91840,0.05192,0.86560,-0.46853,31.2590133,75.7072405,0.720,355.60
263.469,-1.45807,2.00395,12.29662,-0.13073,1.01831,-0.22846,31.2590238,75.7072408,0.650,358.90
263.583,0.64883,2.55222,7.82186,1.18813,0.02260,0.61209,31.2590238,75.7072408,0.650,358.90
263.692,0.78051,3.87142,6.69898,0.49663,0.55467,-0.08002,31.2590238,75.7072408,0.650,358.90
263.804,0.36631,3.97437,7.10599,0.35003,0.14905,-0.27978,31.2590238,75.7072408,0.650,358.90
263.917,0.04310,4.46758,7.85777,-0.23702,-0.35186,0.16493,31.2590238,75.7072408,0.650,358.90
264.030,0.10295,3.14359,15.57907,-1.28954,-0.01222,-0.34147,31.2590238,75.7072408,0.650,358.90
264.142,1.21625,3.56018,6.37097,0.18692,0.27917,0.71288,31.2590238,75.7072408,0.650,358.90
264.256,0.32561,4.39815,6.91206,-0.87232,1.24983,-0.37141,31.2590238,75.7072408,0.650,358.90
264.369,-4.13000,3.89537,10.48900,-1.59680,3.37625,-0.62797,31.2590238,75.7072408,0.650,358.90
264.481,-8.41801,1.80523,6.88333,0.66279,-1.77212,1.09467,31.2590363,75.7072379,1.010,354.50
264.595,-2.71742,2.35589,9.09797,1.82221,-4.78246,1.74280,31.2590363,75.7072379,1.010,354.50
264.709,3.72538,5.14275,5.74608,0.74770,-1.47585,0.88698,31.2590363,75.7072379,1.010,354.50
264.821,2.70066,4.90811,7.99903,-0.64263,1.67133,-0.16432,31.2590363,75.7072379,1.010,354.50
264.935,3.42131,4.34548,8.76757,0.16005,0.89736,-0.45265,31.2590363,75.7072379,1.010,354.50
265.050,4.73573,4.57771,12.66293,0.97494,1.24494,-1.41660,31.2590363,75.7072379,1.010,354.50
265.165,-2.46603,5.36301,6.06451,-0.84055,-1.85581,-1.49906,31.2590363,75.7072379,1.010,354.50
265.282,-1.34315,4.26407,5.96156,1.42576,-0.93462,-0.51801,31.2590363,75.7072379,1.010,354.50
265.398,1.34554,6.43322,6.01902,-0.15455,-0.31093,-0.74587,31.2590363,75.7072379,1.010,354.50
265.514,-3.87861,6.62476,8.12113,-1.23639,2.58029,-1.89246,31.2590476,75.7072363,0.670,6.60
265.630,-4.89854,4.40773,6.59363,0.53267,-0.58826,-0.61758,31.2590476,75.7072363,0.670,6.60
265.758,-5.04458,3.69186,12.52646,-0.89675,-0.30543,2.01341,31.2590476,75.7072363,0.670,6.60
265.871,-3.16513,3.47159,7.08923,0.67378,-1.13193,0.77946,31.2590476,75.7072363,0.670,6.60
265.986,0.09098,4.62081,7.65187,0.90713,-1.63406,0.48258,31.2590476,75.7072363,0.670,6.60
266.103,-0.23463,5.51863,5.54258,0.11668,1.27365,-0.26512,31.2590476,75.7072363,0.670,6.60
266.219,0.75657,6.07170,8.38689,0.05192,-0.68783,-0.01100,31.2590476,75.7072363,0.670,6.60
266.337,-1.22823,5.61201,8.26478,1.13010,-1.07573,-0.35797,31.2590476,75.7072363,0.670,6.60
266.452,4.20182,5.50427,10.47224,0.75320,-0.62919,0.31948,31.2590524,75.7072382,0.760,18.30
266.563,3.70622,4.96797,-0.24900,-0.16738,-2.90772,-0.06964,31.2590524,75.7072382,0.760,18.30
266.670,-0.58897,2.43730,3.19626,0.31032,-2.92604,0.72326,31.2590524,75.7072382,0.760,18.30
266.779,-2.68390,-0.37828,6.61039,0.37690,-5.50023,4.74093,31.2590524,75.7072382,0.760,18.30
266.886,20.08256,-8.22408,-3.54821,3.34754,-4.40190,5.61629,31.2590524,75.7072382,0.760,18.30
266.992,17.65005,-5.05895,-0.73741,1.27854,0.71105,1.85031,31.2590524,75.7072382,0.760,18.30
267.100,12.78025,0.94092,-4.62560,0.34453,1.42515,0.04826,31.2590524,75.7072382,0.760,18.30
267.206,3.62003,-4.75967,4.14197,-1.37994,0.60903,0.49847,31.2590524,75.7072382,0.760,18.30
267.355,9.62469,-11.42992,4.66391,-1.47096,-0.07758,-0.16493,31.2590524,75.7072382,0.760,18.30
267.504,4.71418,-8.15705,-0.89543,0.66951,-2.25715,2.15697,31.2590588,75.7072371,0.350,24.30
267.628,11.25514,-9.66779,-3.89297,-2.01524,-0.78374,0.72204,31.2590588,75.7072371,0.350,24.30
267.755,2.96163,-9.37330,-2.25773,-0.50580,-1.21807,-1.25350,31.2590588,75.7072371,0.350,24.30
267.883,2.06620,-10.10593,-7.04135,1.82465,1.57298,-1.72325,31.2590588,75.7072371,0.350,24.30
268.023,9.28711,-8.08043,-5.83228,0.23030,-0.18815,-2.53815,31.2590588,75.7072371,0.350,24.30
268.154,7.36456,1.84832,-3.46441,0.53023,2.90283,-0.98349,31.2590588,75.7072371,0.350,24.30
268.284,7.66863,0.67277,-1.88663,-0.20831,-1.17714,-0.98105,31.2590588,75.7072371,0.350,24.30
268.409,0.08619,-8.42520,0.91698,0.67623,0.86682,1.46974,31.2590653,75.7072296,0.580,359.50
268.535,10.48421,-6.54335,-1.87227,0.17959,-0.88514,0.81673,31.2590653,75.7072296,0.580,359.50
268.656,8.82024,-8.61434,0.27294,-1.51739,1.08734,1.06352,31.2590653,75.7072296,0.580,359.50
268.778,8.87052,-7.65187,2.23618,0.21991,2.57052,1.31153,31.2590653,75.7072296,0.580,359.50
268.899,6.30154,-2.20985,2.92093,-1.18141,1.32008,-2.26998,31.2590653,75.7072296,0.580,359.50
269.022,5.08050,-8.37252,-5.41568,-3.09770,-0.89736,-0.69333,31.2590653,75.7072296,0.580,359.50
269.144,6.89530,-8.77954,2.70545,0.12278,-2.71957,-1.18447,31.2590653,75.7072296,0.580,359.50
269.266,6.65109,-4.75967,-5.48990,0.18692,-0.02932,0.00489,31.2590653,75.7072296,0.580,359.50
269.388,8.82982,0.50996,-5.83946,0.43860,0.15394,-0.65546,31.2590653,75.7072296,0.580,359.50
269.512,6.07888,-10.41957,1.80762,1.54427,-1.87169,0.13622,31.2590653,75.7072296,0.580,359.50
269.637,8.86812,-2.98557,0.01197,1.48807,-1.38727,0.04337,31.2590653,75.7072296,0.580,359.50
269.762,4.15155,1.24977,-2.75573,-0.80329,1.01220,-1.13560,31.2590653,75.7072296,0.580,359.50
269.886,-0.12929,-1.07978,-1.17316,-0.34025,0.42883,0.48442,31.2590653,75.7072296,0.580,359.50
270.009,9.21289,-5.64074,0.11253,-0.77458,1.35918,0.16188,31.2590653,75.7072296,0.580,359.50
270.135,12.49773,-4.49152,1.86029,-2.73973,1.34818,-1.90529,31.2590653,75.7072296,0.580,359.50
270.259,6.33745,-5.94241,0.16520,-0.84238,0.15699,-1.13438,31.2590653,75.7072296,0.580,359.50
270.417,7.49385,-1.17316,1.84832,0.68234,0.84238,0.11668,,,,
270.540,11.16656,-0.97205,-1.54187,0.93829,-1.39094,1.14904,,,,
270.676,12.70124,-0.38786,0.86191,0.96883,1.19058,0.00977,,,,
270.810,7.11078,-4.06775,4.02705,0.76908,-1.11483,-0.01038,,,,
270.934,6.89530,-5.56891,3.77326,-0.46609,1.18874,0.90958,,,,
271.058,9.59596,-1.28329,2.34153,-0.70250,0.14661,0.19792,,,,
271.181,9.99579,-1.43173,2.33195,0.71471,-0.00428,0.33537,,,,
271.306,9.85453,-4.13718,1.64721,-0.32132,-0.62430,0.46609,,,,
271.457,8.61194,-4.08690,2.74376,-1.59130,-0.78130,-0.33598,,,,
271.582,7.83143,-4.27365,-3.18668,1.31153,-1.99570,-0.13439,,,,
271.708,6.95276,-3.39498,-1.41497,0.13806,-0.38607,-0.09713,,,,
271.995,6.42604,-3.14838,-5.24809,-1.42637,-0.21258,0.78985,,,,
272.131,6.39731,-6.59603,-1.16837,1.82954,-1.83687,1.19180,,,,
272.258,10.30704,-6.28717,-0.22505,1.24250,0.33170,0.81428,,,,
272.388,9.79707,-6.06691,-2.28167,0.82100,2.67864,-0.51435,,,,
272.513,5.15472,-7.35499,2.09732,-2.55586,1.52533,2.63772,,,,
272.637,7.88650,-5.78200,4.18506,1.70492,-0.27855,-1.24311,,,,
272.758,5.73411,-5.77960,2.34392,-2.87595,-0.94318,-1.75929,,,,
272.880,13.57752,-4.56574,2.78446,-0.20708,-2.09160,-1.00182,,,,
273.002,3.80918,-8.27676,0.59616,-1.52228,-1.17469,-0.23824,,,,
273.123,13.11783,-5.46357,-4.59447,2.94437,0.34514,0.80756,,,,
273.244,9.10994,-4.23295,-4.47716,1.74463,0.38179,-2.31274,,,,
273.371,13.54879,-1.36709,1.05105,0.31093,-0.74587,0.12339,,,,
273.494,4.69982,-8.83221,1.26174,0.52840,-0.17471,2.52593,,,,
273.615,14.06833,-2.40378,1.63045,0.31643,2.46057,0.92180,,,,
273.741,8.13789,-5.26246,2.66475,0.71105,0.10996,0.86987,,,,
273.864,3.36625,-9.89524,1.76213,-1.22173,-0.98960,0.85827,,,,
273.985,6.47392,-8.30070,0.06943,-1.06046,-0.05315,-1.96454,,,,
274.106,4.33111,-7.70933,-2.92093,-1.18264,0.39279,-0.66829,,,,
274.227,3.16992,-9.66539,0.28012,-0.25351,-0.30482,0.04154,,,,
274.349,7.45554,-5.34386,-9.50977,1.60719,-0.15088,-2.09527,,,,
274.472,11.13304,-5.51385,0.71108,-1.01037,0.17593,-1.32252,,,,
274.594,3.01909,-8.91122,-3.66073,1.87780,0.99021,0.29749,,,,
274.716,8.37971,-6.23211,0.75896,2.21439,-2.07939,-0.40439,,,,
274.837,4.63278,-4.62320,-3.90734,-0.26878,6.73418,-2.02135,,,,
274.961,7.52498,-3.04782,3.34470,-0.50396,-0.05864,-1.62246,,,,
275.084,10.85771,-5.57131,-3.25372,0.53329,-3.64320,2.09588,,,,
275.205,8.77714,-8.96389,-3.21302,0.89125,2.24126,-0.81184,,,,
275.326,6.98867,-7.05092,-0.45250,1.94866,-1.76723,-2.74340,,,,
275.449,-2.71981,-7.53934,2.17633,-2.37443,0.43616,-2.79593,,,,
275.573,1.45567,-7.34541,-5.37498,2.07144,-4.91380,2.10932,,,,
275.696,17.87750,-6.97431,-8.17620,0.68783,0.97677,-1.96943,,,,
275.817,-0.14126,-5.74608,-2.04225,-1.60902,1.52777,-1.39155,,,,
275.938,18.09777,2.02789,-5.56173,2.36771,3.04700,2.95842,,,,
276.059,-2.86825,-8.20014,6.07888,-0.81734,-4.57233,-2.20583,,,,
276.181,11.14022,-9.21049,-4.99191,-0.83872,2.74645,8.63886,,,,
276.303,-0.17238,-9.49780,-0.84036,0.92852,-0.82955,2.41047,,,,
276.441,13.28782,-11.38204,-13.22078,1.78067,0.91263,0.88270,,,,
276.579,-6.06451,-14.85842,2.71502,-2.98713,0.90775,-1.07757,,,,
276.726,-1.55863,-7.80031,0.86431,-0.34636,-0.69761,-0.93585,,,,
276.872,1.64003,-7.52737,-1.28329,1.21868,-0.21686,1.17164,,,,
276.999,1.03430,-8.87052,-5.24809,-0.22174,-0.63530,-0.42272,,,,
277.128,-0.08140,-18.23424,3.02627,-0.12034,-0.00367,0.44043,,,,
277.262,-4.20422,-9.23683,-0.04070,-0.68417,-0.62553,0.97616,,,,
277.397,1.59214,-8.73165,-2.11887,0.83933,1.83198,1.07085,,,,
277.892,4.48434,-11.32218,1.41976,0.87965,-0.34208,0.77519,,,,
278.035,-0.16281,-9.94551,0.83318,-0.25229,0.96395,0.05437,,,,
278.163,-0.11253,-9.89284,1.30245,-0.57055,1.11788,-0.06292,,,,
278.720,-0.67277,-9.80665,0.97923,0.05925,0.09529,0.04093,,,,
278.846,-0.13168,-9.52892,0.90501,-0.01344,0.27978,-0.04154,,,,
278.978,0.00239,-9.61990,0.53391,0.00611,-0.00550,0.02871,,,,
279.122,-0.03591,-9.95270,0.27054,0.05681,-0.14111,0.02627,,,,
279.769,-5.62637,-7.78834,1.43413,0.51679,1.34024,0.70677,,,,
279.920,0.26097,-9.04290,-0.79248,0.48258,3.06960,-0.54489,,,,
280.588,1.66397,-10.12747,0.80206,0.44349,0.98349,0.54184,,,,
280.722,-4.22098,-5.53779,0.87149,0.43860,-1.86742,-0.69944,,,,
280.854,7.08923,-14.75307,-7.94636,1.13132,-0.46181,0.83933,,,,
280.980,-2.80840,-18.05228,2.12845,0.58887,-0.08063,0.83994,,,,
281.113,-6.37815,-1.31681,2.64799,-0.40134,2.36588,0.05437,,,,
281.250,6.65109,-10.80503,-2.35111,2.42575,0.85704,0.44166,,,,
281.393,-0.08140,-7.99903,0.34477,-0.44715,0.04887,0.50030,,,,
281.522,1.47243,-9.73243,1.68552,0.87293,0.32376,0.24312,,,,
281.661,3.70622,-14.03960,-2.37265,-2.14536,-0.39156,-0.77274,,,,
281.800,-2.13084,-7.14669,4.48434,-1.70798,0.47647,-0.75686,,,,
281.929,-2.54982,-5.59525,2.10450,0.23946,-1.74402,-1.29259,,,,
282.062,1.32160,-9.29669,-4.65433,1.40132,-0.56383,0.96761,,,,
282.196,-4.65672,-10.29267,-0.12450,0.56077,-0.32742,0.31460,,,,
282.327,-1.35512,-0.30885,-1.61369,1.29809,1.97554,0.30482,,,,
282.457,5.32231,-9.45470,-0.60094,1.71287,0.77641,-0.16127,,,,
282.589,0.28012,-8.06846,0.03591,0.24374,-0.71716,0.74892,,,,
282.720,1.17076,-9.80904,2.82516,0.42761,0.18570,0.35064,,,,
282.855,3.30879,-17.20473,-5.22894,-1.57970,0.49602,-1.53816,,,,
282.985,0.96247,-7.68539,4.06057,-1.80999,0.13500,-0.61453,,,,
283.122,-3.57933,-6.52899,1.61609,0.31337,-2.47706,-1.28709,,,,
283.262,0.88107,-11.14022,-5.76524,1.54732,-0.38851,0.80268,,,,
546.698,-2.14999,-17.89666,7.62074,-0.48442,-2.94620,0.73243,,,,
546.847,-2.14999,-17.89666,7.62074,-0.48442,-2.94620,0.73243,,,,
547.006,-2.14999,-17.89666,7.62074,-0.48442,-2.94620,0.73243,,,,
547.150,-2.14999,-17.89666,7.62074,-0.48442,-2.94620,0.73243,,,,
547.277,-2.14999,-17.89666,7.62074,-0.48442,-2.94620,0.73243,,,,
547.406,-2.14999,-17.89666,7.62074,-0.48442,-2.94620,0.73243,,,,
547.533,-2.14999,-17.89666,7.62074,-0.48442,-2.94620,0.73243,,,,
547.674,-0.25857,6.05733,7.45554,0.03054,0.15577,0.15088,,,,
547.795,0.01676,5.98311,7.43400,-0.08186,0.09102,0.08063,,,,
547.902,-0.23224,5.99508,7.47230,-0.00061,0.05376,0.05803,,,,
548.008,-0.25618,6.03339,7.74285,-0.13195,0.07147,-0.04093,,,,
548.117,-0.14365,5.86101,7.85059,-0.13867,0.06353,-0.02505,,,,
548.225,-0.33040,5.74608,7.80031,0.05315,0.24129,0.10140,,,,
548.332,-0.76375,5.99508,6.93840,-0.00428,0.31154,-0.16249,,,,
548.438,-0.82361,5.65750,7.79313,-0.07819,0.22113,-0.09224,,,,
548.548,-1.27372,5.74369,7.91523,0.08063,0.27000,-0.06903,,,,
548.655,-1.51553,5.82509,7.71412,-0.04459,0.06170,0.00244,,,,
548.763,-1.64242,5.78918,7.69975,0.00794,0.07208,-0.06231,,,,
548.869,-1.58975,5.69341,7.77637,-0.05681,0.02382,-0.00916,,,,
548.977,-1.61609,5.74130,8.03015,-0.05376,-0.03543,-0.00611,,,,
549.084,-1.48441,5.64313,7.87214,0.01649,-0.00611,0.03115,,,,
549.190,-1.37427,5.63595,7.80510,0.00916,0.00550,0.00855,,,,
549.297,-1.41497,5.61680,7.67342,-0.03360,-0.00428,-0.01466,,,,
549.403,-1.49398,5.65271,7.77397,0.00061,-0.05009,-0.01038,,,,
549.509,-1.57538,5.70299,8.08522,-0.16371,-0.08063,0.00244,,,,
549.616,-0.36152,5.92086,7.90087,0.00672,-0.10263,0.02382,,,,
549.723,-1.21625,4.63278,7.53216,-0.10629,-0.04215,-0.04520,,,,
549.829,-1.67115,5.84903,8.20972,-0.10385,0.04032,-0.03787,,,,
549.936,-1.04387,5.77003,8.67419,-0.07453,-0.13439,-0.09774,,,,
550.041,-1.80044,5.29597,7.97509,0.17898,0.07819,-0.13561,,,,
550.147,-1.88663,4.36463,8.08282,0.01466,0.10079,-0.07330,,,,
550.254,-2.34632,4.19704,8.37492,0.12889,0.11118,-0.09529,,,,
550.365,-1.96803,7.65666,-0.40701,-0.04948,0.55772,0.09041,,,,
550.492,-1.82917,5.54018,7.74764,0.24007,0.25534,0.05192,,,,
550.623,-2.40378,5.56173,7.82665,-0.09285,0.21258,0.11240,,,,
550.748,-2.37984,5.52582,5.93762,-0.24557,0.38546,0.35736,31.2584011,75.7065865,0.360,104.00
550.857,-3.16753,5.15472,7.07487,-0.39034,0.14539,0.27855,31.2584011,75.7065865,0.360,104.00
550.963,-3.71341,5.20260,7.18261,-0.42211,0.12339,0.08308,31.2584011,75.7065865,0.360,104.00
551.071,-2.47082,4.33829,8.94474,-0.36652,0.28588,0.04520,31.2584011,75.7065865,0.360,104.00
551.178,-0.69432,4.79319,6.89051,-0.28405,0.61087,-0.09224,31.2584011,75.7065865,0.360,104.00
551.285,-4.55377,5.10923,13.23515,-0.92974,1.19607,-0.39218,31.2584011,75.7065865,0.360,104.00
551.393,-0.96726,4.17549,2.50194,1.89246,-0.79474,-0.16371,31.2584011,75.7065865,0.360,104.00
551.506,1.31921,2.71981,-1.71185,-0.19975,-0.42272,-0.98288,31.2584011,75.7065865,0.360,104.00
551.616,-13.10347,5.12599,26.83182,-1.18508,0.44349,-0.75259,31.2584011,75.7065865,0.360,104.00
551.722,-2.65278,2.05901,2.86586,1.75074,-1.76601,0.22846,31.2583666,75.7067092,1.170,281.70
551.829,-0.22505,2.80840,0.47405,-0.75564,0.16371,-0.17654,31.2583666,75.7067092,1.170,281.70
551.939,-13.76666,3.17711,29.53248,-0.26450,0.17471,0.83200,31.2583666,75.7067092,1.170,281.70
552.046,-1.51792,2.46363,2.13563,1.82527,-0.74831,0.80879,31.2583666,75.7067092,1.170,281.70
552.155,-0.23463,1.57538,0.44772,-0.86621,1.53144,0.47037,31.2583666,75.7067092,1.170,281.70
552.265,-3.25133,5.92325,19.36191,0.17349,-2.32434,0.27672,31.2583128,75.7066957,0.270,237.60
552.375,1.59933,6.90727,6.04296,2.60106,1.30175,0.55161,31.2583128,75.7066957,0.270,237.60
552.484,-0.40701,2.48518,-1.73101,4.43183,5.36584,-0.61942,31.2583128,75.7066957,0.270,237.60
552.595,-1.56341,3.26090,-5.48990,0.10873,1.64445,-1.24433,31.2583128,75.7066957,0.270,237.60
552.706,-12.44027,12.38760,1.71185,-2.72263,0.65485,-1.13560,31.2583128,75.7066957,0.270,237.60
552.812,-6.34224,9.27993,2.68151,-1.38972,0.10324,0.25473,31.2583128,75.7066957,0.270,237.60
552.921,-5.03740,7.47949,1.06542,-1.01831,-0.36346,0.94623,31.2583128,75.7066957,0.270,237.60
553.030,-5.61919,6.67982,1.69270,-1.07329,-0.23396,0.60109,31.2583128,75.7066957,0.270,237.60
553.143,-4.79559,6.68461,4.01986,-1.20585,-0.12095,-0.01833,31.2583128,75.7066957,0.270,237.60
553.251,-4.08451,6.57448,6.30393,-0.45571,0.20220,0.00061,31.2583128,75.7066957,0.270,237.60
553.360,-4.16352,6.57687,6.62236,-0.27489,0.05376,0.05009,31.2583128,75.7066957,0.270,237.60
553.468,-3.41174,6.21056,6.28239,-0.94195,0.71838,-0.05498,31.2583128,75.7066957,0.270,237.60
553.577,-4.33351,5.27443,7.21373,-0.54856,0.19609,-0.24190,31.2583128,75.7066957,0.270,237.60
553.695,-5.94001,4.77164,6.64391,-1.30114,1.01526,-0.10812,31.2583624,75.7067355,0.220,256.40
553.803,-6.85221,4.36942,5.71496,-1.17530,0.28711,-0.23763,31.2583624,75.7067355,0.220,256.40
553.963,-10.94629,4.25210,1.59933,0.66401,1.27182,3.08365,31.2583624,75.7067355,0.220,256.40
554.111,-4.64475,2.85389,3.73495,0.16982,2.18262,-3.42390,31.2583624,75.7067355,0.220,256.40
554.331,-8.55209,-3.31597,-0.33040,0.00244,-0.31093,-3.34021,31.2583624,75.7067355,0.220,256.40
554.459,-11.20247,-6.31590,-0.62968,-2.09405,-0.57299,-3.26507,31.2583624,75.7067355,0.220,256.40
554.601,-12.97897,-7.58004,-2.71742,0.26634,0.03543,-2.93276,31.2583624,75.7067355,0.220,256.40
554.763,-11.55921,-3.34470,-0.86670,1.46547,1.44042,0.05009,31.2583583,75.7067154,0.950,204.30
554.947,-6.34942,-9.08121,0.52672,0.59315,0.66279,1.65728,31.2583583,75.7067154,0.950,204.30
555.077,-6.08127,-6.90248,0.88825,-0.14966,0.54367,-0.19487,31.2583583,75.7067154,0.950,204.30
555.204,-9.63427,-4.61602,0.49321,-1.63101,-0.48442,0.65729,31.2583583,75.7067154,0.950,204.30
555.331,-10.73321,-3.88818,-0.95050,-0.89309,0.01222,1.36040,31.2583583,75.7067154,0.950,204.30
555.457,-4.41730,-6.74686,-2.14042,-1.74585,-0.03238,1.62734,31.2583583,75.7067154,0.950,204.30
555.611,-5.53539,-3.53384,-2.47800,-1.41110,-0.87965,-0.33292,31.2583583,75.7067154,0.950,204.30
555.778,-11.30063,-2.09971,3.93607,0.34941,1.62124,0.48930,31.2583583,75.7067154,0.950,204.30
555.903,-7.72848,-1.61848,-0.35913,1.13254,-1.10383,1.46913,31.2583583,75.7067154,0.950,204.30
556.031,-10.42196,-2.46363,-1.46046,0.48075,0.96456,-0.46853,31.2583583,75.7067154,0.950,204.30
556.171,-11.41316,-1.59933,0.84994,0.08308,-0.24251,-0.12339,31.2583583,75.7067154,0.950,204.30
556.307,-9.87608,-1.85790,8.25042,2.42697,-3.86556,1.17897,31.2583583,75.7067154,0.950,204.30
556.485,-3.01430,-3.65355,7.44357,-3.01645,2.35550,-2.74462,31.2583583,75.7067154,0.950,204.30
556.650,-6.67264,-6.58645,1.01754,-0.07025,-0.77336,1.93278,31.2583583,75.7067154,0.950,204.30
556.822,-15.05713,-1.31921,5.60483,-2.13253,-0.86010,-1.37933,,,,
557.021,-18.79927,-8.68377,-1.25456,-4.30110,-1.13499,-2.25409,,,,
557.165,-0.62489,-7.65426,-3.54102,1.97309,-1.38117,-0.28344,,,,
557.404,-5.87298,-8.75081,-3.96001,0.42211,0.01466,-0.70738,,,,
557.570,-7.15866,-5.45399,0.35674,-1.82221,-0.95845,-0.24129,,,,
557.754,-4.01986,-7.62553,-1.06542,-0.27978,0.84849,-2.14902,,,,
557.918,-2.65996,-23.08489,-2.76530,0.24679,1.74524,0.99327,,,,
558.047,-2.51631,-9.08360,-1.81241,0.71716,0.06475,0.22907,,,,
558.175,-2.40378,-9.30147,-1.75974,0.52840,0.24984,-0.08491,,,,
558.311,-1.23780,-9.85214,-1.13964,0.12523,0.05315,0.05192,,,,
558.447,-2.11647,-9.51935,-1.03190,0.29871,0.44593,0.03848,,,,
558.584,-0.62249,-9.40921,0.43574,0.28527,0.90836,-0.16799,,,,
558.732,-1.91776,-9.06684,0.34716,0.11057,-0.21441,-0.71532,,,,
558.871,-2.40617,-8.29112,-0.87388,-0.16860,-0.79351,0.24740,,,,
558.996,-0.03591,-11.31021,-0.71347,-0.22541,1.15576,0.55467,,,,
559.121,-1.33836,-9.66539,0.11492,0.52962,-0.35064,-0.23763,,,,
559.256,-0.82361,-10.70448,0.29688,0.20403,0.72204,0.11179,,,,
559.389,-1.36469,-9.42837,-0.75417,-0.23763,-0.71532,-0.03604,,,,
559.569,-1.67115,-9.80186,0.78290,0.24801,-0.46242,-0.03910,,,,
559.704,-1.57060,-9.43316,0.09577,-0.32742,-0.04581,-0.03604,,,,
559.834,-1.33836,-9.49540,0.02873,0.19364,-0.76480,-0.14172,,,,
559.961,-2.78685,-10.63744,-2.09732,-0.39951,0.66157,0.35797,,,,
560.093,-0.56743,-10.01973,1.02232,0.28650,0.07636,-0.03360,,,,
560.235,-4.22337,-8.76038,-3.34470,-0.32926,-0.31704,0.06231,,,,
560.375,-2.68151,-9.77313,0.43814,-0.54978,-0.57482,-0.05009,,,,
560.518,-3.10767,-9.15303,-1.43652,0.04643,-0.86865,-0.46487,,,,
560.653,-3.77326,-9.95749,-1.90818,0.02016,-0.66523,-0.46120,,,,
560.789,-3.19147,-9.63187,1.94649,0.41050,-0.03910,-0.01833,,,,
560.927,-5.65510,-9.20571,-1.29526,1.60658,-0.17287,1.23517,,,,
561.057,-1.22823,-9.10515,0.66798,-0.20036,-0.86437,0.85949,,,,
561.190,-2.48039,-7.53216,0.75417,-1.04947,-0.53267,0.41722,,,,
561.334,-6.94558,-9.32781,3.50272,-0.66340,-0.56383,-0.18204,,,,
561.475,-3.45244,-11.21205,1.37188,-0.36957,-0.10690,-0.43799,,,,
561.609,0.11013,-5.64553,-0.99838,0.16921,0.82833,-0.49175,,,,
561.757,-5.99508,-8.48266,-0.43574,-1.00365,-0.91447,-0.95723,,,,
561.888,0.37110,-9.47625,-1.49398,-0.06353,1.08856,0.11729,,,,
562.019,-3.32076,-9.62708,-0.49081,0.55467,-0.27184,-0.58338,,,,
562.153,-2.29125,-7.62314,-0.32082,0.21991,1.26144,0.12401,,,,
562.289,-0.86191,-12.67012,3.52905,0.46976,2.23393,1.16309,,,,
562.453,-1.98000,-9.51456,-0.05267,1.15515,0.81245,1.42820,,,,
562.600,-3.47878,-7.41963,0.07901,0.09041,0.68417,-0.15760,,,,
562.724,-2.47082,-8.25281,0.33279,-0.87537,-0.05559,-1.01404,,,,
563.204,-5.66708,-8.70292,-0.16999,0.31582,0.69944,-0.24007,,,,
563.340,-3.84509,-10.80024,1.02472,2.46912,0.28650,1.49662,,,,
563.476,-2.44927,-8.72447,-0.54827,-0.16493,-0.47464,0.97983,,,,
563.613,-4.09408,-6.78756,1.06063,-0.81673,0.35247,-0.20953,,,,
563.749,-8.71489,-9.28711,6.49547,-0.45021,-0.20647,0.08735,,,,
563.900,-1.65918,-5.79876,-0.98641,-0.66096,-0.30055,-0.83750,,,,
564.036,-0.13647,-6.97192,2.93769,0.14355,0.79168,0.04765,,,,
564.172,-5.79397,-9.67736,-6.51702,-0.02260,-3.09892,-1.01281,,,,
564.313,-1.30484,-10.71884,0.98162,0.57177,2.02563,0.21747,,,,
564.455,-3.84988,-9.99340,-2.30322,0.85765,-0.70677,-0.58765,,,,
564.595,-5.21457,-8.46111,-0.75657,0.07758,-0.29260,-0.41966,,,,
564.742,-4.38139,-9.54808,3.05740,2.62794,-1.20402,1.25716,,,,
564.887,-7.34062,-6.03818,-1.51792,-0.03176,-0.68600,1.16736,,,,
565.028,2.04944,-6.79235,1.08218,-1.21318,-0.59620,-0.01833,,,,
565.173,-6.84023,-9.61272,6.82108,-0.32742,-0.14844,0.13195,,,,
565.313,-1.37427,-10.27352,-1.71904,-0.55039,-0.43433,-0.47403,,,,
565.454,-5.65032,-12.16494,-2.92093,0.36469,-3.58272,-1.16859,,,,
565.594,-0.84994,-10.74997,-0.29449,-0.06353,2.79776,0.62553,,,,
565.730,-4.13000,-8.46590,-1.17795,0.62858,-2.38604,-1.32680,,,,
565.856,-4.05817,-9.26556,-2.31998,0.15333,0.52840,-0.31765,,,,
565.982,-1.35033,-12.50970,8.46829,2.26203,0.66645,1.37689,,,,
566.116,-3.84509,-7.25204,-5.06134,0.66218,0.04032,0.63774,,,,
566.247,-0.50996,-7.60159,0.86431,-0.39034,-0.77580,0.76908,,,,
566.377,-6.70137,-7.99663,1.95846,-1.13438,0.87048,-0.23274,,,,
566.924,-0.61052,-8.32943,-1.14203,-0.97250,-1.01343,0.11668,,,,
567.053,-9.14585,-9.78031,-4.51307,-0.62614,-3.66458,-1.21318,,,,
567.186,-1.94888,-10.28788,-0.97205,-0.41111,1.95966,0.34453,,,,
567.321,-3.08852,-8.89446,-1.86269,0.77030,-1.03908,-0.38485,,,,
567.451,-2.26252,-8.88728,-2.55940,-0.17837,0.42638,-0.41478,,,,
567.583,-9.26556,-12.21282,1.71425,-0.19487,1.49601,0.34514,,,,
568.069,-3.81636,-9.32302,-1.24977,0.79046,-1.31336,-0.61148,,,,
568.200,-5.18105,-9.56005,-2.44448,-0.09529,0.21747,-0.28405,,,,
568.681,-9.77074,-7.70933,0.23224,-0.83444,0.24862,-0.88392,,,,
568.833,0.16281,-7.78594,0.56264,-0.75442,0.10446,-0.34758,,,,
569.382,-3.38540,-10.04846,-1.32160,0.52718,0.89309,-0.29199,,,,
569.532,-11.72201,-13.39316,3.02148,-0.59437,1.77517,1.07512,,,,
569.668,3.58412,-8.13310,-4.09887,1.14415,0.53145,1.23334,,,,
569.837,2.05422,-5.92804,-0.21308,-0.42211,-0.32803,0.25107,,,,
569.978,-21.02588,-15.57668,2.77967,-1.16492,0.24190,-0.55467,,,,
570.121,-2.40378,-15.66526,-1.67594,0.72326,-0.39523,-0.28466,,,,
570.265,-6.11000,-12.76349,-6.77799,-1.32069,-5.04880,-0.95295,,,,
570.406,-1.67594,-10.97742,-0.01437,-0.31398,4.10868,0.44471,,,,
570.548,-6.33027,-9.70370,-2.43969,0.33720,-1.33902,-1.10139,,,,
570.683,-17.26219,-13.50569,1.32399,-0.34453,0.17593,0.10201,,,,
570.828,2.79403,-7.14669,-4.69503,1.42515,0.29016,1.04275,,,,
570.968,2.11408,-7.04374,-0.87867,-0.43677,-0.64202,0.52168,,,,
571.113,-27.43516,-16.91743,-0.87867,-0.50396,-0.65729,-1.10567,,,,
571.245,-5.77481,-23.30995,-1.68312,0.34453,-0.07880,-0.76908,,,,
571.876,-5.28400,-5.50427,-0.71108,-1.44164,2.00914,-0.04093,,,,
572.029,-3.14119,-10.10593,-1.86029,1.00610,-0.83322,-0.65057,,,,
572.167,-11.53048,-11.15219,-2.46603,-0.46548,0.26267,-0.13256,,,,
572.305,2.37026,-13.21599,-2.91135,2.50516,1.11727,1.66522,,,,
572.447,-0.88825,-6.77559,-1.36469,-0.00061,-0.59865,1.08734,,,,
572.591,-0.95529,-7.11317,0.50757,-1.25716,-0.31460,-1.02931,,,,
572.733,0.62728,-7.13712,1.47243,-0.20953,0.36163,0.01772,,,,
572.874,0.75417,-1.52511,-1.19710,-0.42761,0.27367,0.22785,,,,
573.013,-7.41005,-7.99663,-3.76368,-0.90469,-1.93461,-0.91935,,,,
573.153,-2.16436,-9.06684,1.00556,-0.43616,1.98348,-0.43982,,,,
573.296,-2.82516,-9.17219,-0.97205,0.24312,0.04581,-0.33781,,,,
573.439,-7.15387,-13.64934,7.62553,-0.67562,2.43063,1.06107,,,,
573.579,1.35991,-7.80031,-5.57610,1.30236,0.58032,1.14904,,,,
573.720,2.00395,-7.35978,-0.68953,-0.59193,-0.94318,0.75686,,,,
573.867,-9.94312,-10.66856,6.37336,-0.81917,-0.38851,-1.34940,,,,
574.009,-5.48512,-21.96680,-1.32639,-0.27550,1.06229,-1.15331,,,,
574.154,-2.57377,-9.71567,-2.61926,0.06720,-3.40252,-1.86864,,,,
574.294,-5.04937,-9.09557,3.46202,-1.05435,3.66519,-0.10446,,,,
574.430,-3.59609,-9.20571,-2.16196,1.24128,-1.12888,-0.48625,,,,
574.975,0.78051,-6.28957,-2.30083,-0.70433,-2.25593,0.77580,,,,
575.124,-0.76854,-7.96551,2.14999,-1.49601,0.15944,-1.11116,,,,
576.269,-2.71981,-9.80904,-2.89698,0.98655,-1.75990,0.19303,,,,
576.402,-6.32788,-12.25592,19.63245,-0.12645,4.88204,1.79778,,,,
576.528,4.65433,-7.06768,-5.12838,0.56383,0.49663,1.03603,,,,
576.662,2.33914,-6.25365,-1.31681,-0.61758,-1.45447,0.47464,,,,
576.789,-4.28562,-10.29986,3.73974,-1.56076,-0.11301,-1.46302,,,,
576.921,-0.04310,-16.25424,-1.91776,-0.92180,1.41904,-0.90652,,,,
577.061,3.81157,-2.07338,-0.53391,0.13867,0.55344,-0.54123,,,,
577.197,-7.07247,-8.88009,-2.10450,-2.64444,1.85398,-0.75381,,,,
577.340,-2.06141,-9.25598,1.05345,0.94562,-0.64935,-0.23213,,,,
577.483,-4.50828,-8.66222,-3.73256,0.48625,-1.25350,-0.41294,,,,
577.625,-2.69348,-16.57266,-2.46124,3.15878,-2.76355,2.63711,,,,
577.768,-7.97509,-7.74045,3.30160,-0.40073,-1.04336,1.38544,,,,
577.912,4.48913,-6.02142,-1.00556,-0.83994,0.17287,-0.25351,,,,
578.055,-9.76355,-8.64067,8.99502,-0.17104,1.10383,0.25045,,,,
578.196,3.02867,-3.81157,-2.24337,0.48258,0.86621,0.46853,,,,
578.337,-5.94241,-16.14889,-5.32710,-0.40745,-4.57782,-1.43859,,,,
578.481,-0.14365,-9.14346,3.09570,-0.02749,2.86190,0.04459,,,,
578.621,-3.18429,-9.10754,-2.72460,0.10385,-0.35980,-0.11240,,,,
578.761,-4.98473,-10.52012,17.67879,0.91141,2.23210,1.86070,,,,
578.903,-4.56814,-5.26724,-3.10289,-0.55222,-1.86558,0.80084,,,,
579.045,3.21302,-6.06451,-0.47645,-0.40012,-0.82955,0.34270,,,,
579.190,-21.36586,-15.42105,0.20830,-0.81917,-0.10873,-0.35369,,,,
579.333,-0.75417,-17.08263,-1.46286,-0.43799,1.83504,-1.17225,,,,
579.476,0.64643,-7.77158,-0.79727,0.56077,0.88331,-0.84910,,,,
579.623,-5.71735,-8.46590,-1.68552,-0.72632,1.94927,-0.62736,,,,
579.784,-3.59370,-9.97185,1.38864,-0.16738,0.78618,-0.32987,,,,
802.979,-1.68791,-2.45406,1.15161,-1.92789,1.04153,-0.18754,,,,
803.149,-8.36295,-7.30950,-2.08774,-0.60048,-1.14415,1.17775,,,,
803.353,-8.36295,-7.30950,-2.08774,-0.60048,-1.14415,1.17775,,,,
803.672,2.19788,5.83946,7.66623,-0.01466,0.03971,0.03054,,,,
803.829,2.38941,5.78918,7.25683,-0.10446,0.01344,-0.03360,,,,
803.936,2.51391,5.57610,7.41963,-0.07880,0.07819,-0.08369,,,,
804.044,2.22661,5.67905,7.75243,-0.08674,0.23091,-0.15516,,,,
804.152,2.06141,5.98072,7.32386,-0.06170,0.13011,-0.20159,,,,
804.259,1.85790,5.78918,8.03494,-0.12950,0.10934,-0.27917,,,,
804.366,1.81959,5.28161,7.86974,-0.23030,0.03971,-0.37568,,,,
804.473,1.37906,5.07331,7.84101,-0.06964,0.01588,-0.71838,,,,
804.579,0.36871,5.01585,8.33661,-0.11057,0.14905,-0.84238,,,,
804.686,-0.59855,5.05416,7.63750,0.23213,0.24496,-1.35856,,,,
804.796,-2.02071,4.46279,8.68616,0.40745,1.20707,-1.82404,,,,
804.902,-2.50433,5.33189,6.73728,0.73121,-0.61392,-0.51068,,,,
805.008,-3.39258,5.94720,10.07959,-0.68478,-1.75807,-0.39218,,,,
805.115,-1.45807,4.02465,9.01896,0.72693,-0.69639,-0.21808,,,,
805.221,-2.26252,5.08289,6.65588,-0.19548,0.06292,-0.02627,,,,
805.327,-2.36787,4.89135,8.55688,-0.52168,-0.21441,-0.06414,,,,
805.436,-2.11169,4.85305,9.20571,-0.12767,-0.03543,-0.24312,,,,
805.543,-2.15718,5.17148,8.89685,0.13073,-0.32498,-0.07941,,,,
805.649,-1.34075,4.47716,8.05170,0.32132,-0.33781,-0.22113,,,,
805.764,-0.85473,3.94325,8.70053,-0.32742,-0.49724,-0.29260,,,,
805.872,-1.07739,4.08451,8.17380,0.23396,-0.05131,0.04948,,,,
805.980,-0.19154,3.88100,9.69173,-0.33903,-0.29810,0.23640,,,,
806.086,0.39265,3.72777,8.40604,0.06781,-0.26084,0.14478,,,,
806.193,0.37350,3.82115,8.89925,-0.18937,0.03176,0.01283,,,,
806.308,0.28970,3.68707,9.61990,-0.11118,-0.07208,0.08491,,,,
806.416,0.46687,3.53145,8.94713,0.07819,0.09652,0.02932,,,,
806.524,-0.78530,4.46040,8.87291,0.29383,0.80634,0.16738,,,,
806.631,-1.20668,4.07972,8.82982,-0.16921,0.63835,0.28955,,,,
806.737,-1.42694,4.02226,8.67180,0.21747,0.32681,0.32865,,,,
806.860,-0.46926,3.96480,9.52174,0.26634,0.11423,0.60476,,,,
806.969,-1.30005,4.05817,8.82742,0.10751,0.82467,0.63958,,,,
807.079,-0.59137,4.95839,7.83143,0.36713,-0.13378,0.35980,,,,
807.186,-2.24576,5.21457,7.01980,-0.05803,0.31521,0.20586,,,,
807.294,-1.77410,5.49709,8.88488,-0.11240,0.11545,0.27367,,,,
807.413,-1.93451,5.53779,7.41005,0.26084,0.04337,0.20159,,,,
807.523,-1.98719,5.53061,7.97748,-0.01100,0.08491,0.20464,,,,
807.632,-1.42455,5.67186,7.51779,0.22358,0.11484,0.17532,,,,
807.739,-1.33357,6.17943,7.24007,0.01466,0.02505,0.05742,,,,
807.847,-1.05345,6.02621,7.67102,0.20831,-0.04215,-0.21197,,,,
807.962,-0.27773,6.12197,8.16423,0.36469,-0.32437,-0.35430,,,,
808.070,-0.10056,7.63272,7.88411,0.62308,-0.86132,-0.55711,,,,
808.177,0.62489,7.72130,7.89847,0.98349,-0.82100,-1.15820,,,,
808.285,-1.24738,7.16585,6.91924,0.59926,-0.79290,-1.35673,,,,
808.398,-2.14281,6.35900,6.98389,0.53878,-0.99143,-1.41782,,,,
808.517,-3.10049,5.82988,5.56891,0.71288,-1.16309,-1.24922,,,,
808.624,-2.87065,6.35900,4.99670,0.30604,-1.43065,-0.95967,,,,
808.734,-3.21781,7.06289,6.71334,0.18631,-1.11116,-0.73609,31.2576492,75.7076369,0.430,115.20
808.863,-2.20506,6.70376,6.16746,0.64752,-0.71227,-0.51924,31.2576492,75.7076369,0.430,115.20
808.970,-2.57137,7.40287,5.27921,0.37202,-0.56566,-0.57238,31.2576492,75.7076369,0.430,115.20
809.077,-2.20985,7.51540,5.79397,0.25901,-0.45754,-0.27855,31.2576492,75.7076369,0.430,115.20
809.184,-2.12845,7.96551,4.89375,0.20281,-0.25107,-0.13622,31.2576492,75.7076369,0.430,115.20
809.292,-2.30562,8.14986,5.03022,0.14294,-0.34880,-0.22419,31.2576492,75.7076369,0.430,115.20
809.399,-3.33991,7.92960,5.20978,0.01283,-0.08308,-0.20586,31.2576492,75.7076369,0.430,115.20
809.508,-2.25534,7.88411,5.16429,-0.09835,-0.22235,0.08063,31.2576492,75.7076369,0.430,115.20
809.621,-1.86269,8.01579,5.52342,-0.05742,-0.06903,-0.00733,31.2576492,75.7076369,0.430,115.20
809.734,-2.15718,7.86016,5.28640,0.17532,-0.12828,-0.02688,31.2577700,75.7076757,0.300,82.60
809.846,-2.35589,7.88889,5.26485,0.02810,0.06903,-0.00855,31.2577700,75.7076757,0.300,82.60
809.958,-1.83396,8.11156,5.35344,0.17104,0.01710,0.07269,31.2577700,75.7076757,0.300,82.60
810.071,-2.26252,8.18338,4.51307,0.01833,0.11118,0.03238,31.2577700,75.7076757,0.300,82.60
810.184,-1.68312,8.15944,4.81474,-0.14050,-0.01894,0.09407,31.2577700,75.7076757,0.300,82.60
810.297,-1.93212,8.10677,4.95360,-0.05925,-0.09713,-0.08674,31.2577700,75.7076757,0.300,82.60
810.406,-1.91057,8.03973,5.65510,-0.18387,0.12156,-0.07147,31.2577700,75.7076757,0.300,82.60
810.515,-2.37026,7.90326,5.38456,0.03421,0.09041,-0.05742,31.2577700,75.7076757,0.300,82.60
810.624,-2.28407,7.86016,5.33907,-0.04826,0.07880,-0.09407,31.2577700,75.7076757,0.300,82.60
810.735,-2.49476,7.77637,5.19781,0.08613,0.05498,-0.03299,31.2575435,75.7079830,0.920,127.60
810.845,-2.60968,7.79313,5.64553,0.03299,0.10263,-0.01405,31.2575435,75.7079830,0.920,127.60
810.959,-2.51152,8.11634,4.52265,0.15394,0.01038,0.14905,31.2575435,75.7079830,0.920,127.60
