time_since_start,accel_x,accel_y,accel_z,gyro_x,gyro_y,gyro_z,lat,lon,speed_gt,heading_gt
0.012,0.12450,3.51948,10.14184,-0.70616,-0.50824,-0.26389,,,,
0.119,1.37427,4.04141,7.40287,0.34453,-0.14661,-0.33964,,,,
0.228,0.14844,3.76368,8.14507,-0.21747,-0.24679,-0.45326,,,,
0.329,-0.93853,4.38618,7.32626,-0.04765,-0.22358,-0.35552,,,,
0.431,-0.90980,5.20499,9.40921,-0.21747,-0.23946,-0.14050,,,,
0.534,-1.40779,5.16190,10.97502,0.17471,-0.35919,0.62919,,,,
0.638,-0.44532,4.00311,9.76834,-0.04887,-1.09834,0.16249,,,,
0.741,1.00078,3.83072,8.59518,0.44227,-0.18815,0.59620,,,,
0.843,-0.36871,1.11091,8.20253,-0.27489,0.78802,0.40684,,,,
0.945,2.21703,3.66792,7.18261,0.41905,-0.31398,0.19792,,,,
1.048,3.03106,3.47159,9.36133,-0.31887,0.06964,0.23579,,,,
1.149,2.92571,3.47638,10.98939,-0.04887,-0.45571,0.08552,,,,
1.251,5.00867,2.36547,14.20240,-0.69516,-0.56322,-0.64141,,,,
1.356,3.69186,3.47159,5.91847,0.30910,-0.86865,-0.71960,,,,
1.459,2.47082,3.15077,7.76679,-0.21625,-0.17471,-0.71593,,,,
1.561,1.34075,4.60644,7.37414,0.07575,-0.16982,-0.40684,,,,
1.663,1.50356,5.11401,10.69729,0.13683,0.13683,-0.09163,,,,
1.768,1.58017,4.96079,10.91756,-0.56566,-0.29566,-0.08796,,,,
1.870,0.11492,3.95522,6.41167,0.83566,0.60842,0.46792,,,,
1.973,1.18274,3.52905,9.02135,0.08919,-0.16005,0.00000,,,,
2.076,0.84755,4.21858,6.80911,0.40806,0.11118,0.10385,,,,
2.181,1.46046,4.50589,8.44674,0.08552,-0.06109,0.03665,,,,
2.282,1.42694,4.83150,9.39964,0.22724,0.16982,0.12950,,,,
2.383,3.93128,3.10289,13.32613,-0.28222,0.11240,-0.11118,,,,
2.487,2.99754,4.00311,6.42604,-0.14783,0.08796,-0.08308,,,,
2.591,1.71904,4.36224,6.88094,-0.13806,0.15394,-0.31398,,,,
2.693,1.48441,4.75488,7.84340,-0.08430,-0.10507,0.08796,,,,
2.796,1.25456,4.39097,9.58638,-0.06109,0.15882,0.00977,,,,
2.899,1.75734,4.96557,9.74919,-0.86621,-0.22235,-0.05131,,,,
3.001,-0.30167,3.27048,7.50822,0.40806,0.15272,0.38607,,,,
3.104,0.90022,3.73495,9.26077,-0.64019,-0.36285,0.15882,,,,
3.207,0.89064,3.05979,9.37569,0.12584,0.28344,0.09407,,,,
3.310,1.18752,3.98874,7.25443,-0.04520,-0.21625,0.08796,,,,
3.413,2.71024,4.02226,11.31021,-0.42028,-0.49602,-0.38485,,,,
3.516,1.96325,3.98874,7.73327,0.27733,-0.29932,-0.18937,,,,
3.618,2.95923,1.71425,9.39485,0.40195,0.37018,-0.41050,,,,
3.720,3.62482,3.47638,5.40611,-0.03910,-0.84544,-0.89431,,,,
3.822,2.25534,3.27048,8.49942,-0.81489,-0.15272,-0.74403,,,,
3.925,2.31759,4.59687,9.07881,0.01100,-0.42883,-0.23335,,,,
4.028,2.16915,4.67827,11.00854,0.04765,0.35186,-0.64385,,,,
4.130,1.58975,6.01423,8.55209,1.29381,0.24312,-0.46670,,,,
4.233,1.24020,2.94966,10.47224,0.54367,0.23824,0.18815,,,,
4.334,1.52271,4.28083,6.12437,0.01710,-0.41050,0.35308,,,,
4.436,1.69509,4.00311,8.16423,-0.40317,0.09896,-0.15149,,,,
4.538,2.34632,5.33428,7.33583,0.27367,-0.24679,-0.77946,,,,
4.642,2.14042,5.84664,9.40442,0.30788,-1.20340,-1.17775,31.2556760,75.7053354,0.280,52.30
4.744,2.48518,5.43484,7.66623,-0.05742,-0.67928,-0.41172,31.2556760,75.7053354,0.280,52.30
4.846,5.09486,4.11803,8.51857,-0.35430,-0.57177,-0.44227,31.2556760,75.7053354,0.280,52.30
4.949,3.76847,4.60644,4.52025,0.30665,-0.57788,-0.97372,31.2556760,75.7053354,0.280,52.30
5.052,2.42293,4.55377,7.03416,-1.39522,0.12339,-0.70250,31.2556760,75.7053354,0.280,52.30
5.155,2.22182,5.97114,6.89051,-0.15027,-0.34086,-0.68050,31.2556760,75.7053354,0.280,52.30
5.258,2.23140,6.12437,10.06044,-0.53390,-0.37018,-0.90897,31.2556760,75.7053354,0.280,52.30
5.360,0.10056,5.99987,9.57202,0.29199,-0.17959,-0.43494,31.2556760,75.7053354,0.280,52.30
5.463,0.53630,3.39498,9.93594,0.38729,-0.19914,0.16127,31.2556760,75.7053354,0.280,52.30
5.566,0.29209,4.87459,6.87615,-0.67073,-0.22358,0.28100,31.2556760,75.7053354,0.280,52.30
5.668,1.04866,4.09408,6.97670,0.05376,0.65851,0.27611,31.2556530,75.7052870,0.420,68.80
5.771,1.06781,4.25689,7.81946,-0.12095,-0.09529,0.29199,31.2556530,75.7052870,0.420,68.80
5.873,1.74777,4.73094,8.77714,-0.59376,0.32254,0.45448,31.2556530,75.7052870,0.420,68.80
5.977,2.41336,3.97437,8.94953,-0.08552,0.14050,0.53267,31.2556530,75.7052870,0.420,68.80
6.078,1.37427,3.92649,6.29675,-1.01526,1.56504,-0.72815,31.2556530,75.7052870,0.420,68.80
6.182,-0.16281,-0.35434,8.47069,1.60169,-2.06472,1.12888,31.2556530,75.7052870,0.420,68.80
6.284,5.24330,4.63039,4.40054,-0.89919,-0.66829,-0.37141,31.2556530,75.7052870,0.420,68.80
6.387,1.31202,2.19309,10.57279,0.70738,-0.20769,-0.72815,31.2556530,75.7052870,0.420,68.80
6.489,1.35033,5.19542,10.06522,0.41539,0.67440,-0.18326,31.2556530,75.7052870,0.420,68.80
6.591,0.39265,5.33428,11.01812,-0.10629,-0.24923,-0.36408,31.2556530,75.7052870,0.420,68.80
6.693,-0.53630,4.05099,8.97347,0.14905,0.20281,0.05864,,,,
6.795,-0.84755,3.30400,5.25288,-0.06842,0.50824,0.87842,,,,
6.897,0.66080,3.35667,7.79073,-0.77091,0.81978,1.29992,,,,
6.999,1.39343,2.99275,10.07959,-0.60720,0.67073,0.84177,,,,
7.100,0.92895,3.59130,9.97424,0.02566,0.48381,0.47159,,,,
7.204,0.15802,3.24175,10.13705,-0.02566,-0.12095,0.47647,,,,
7.307,1.43652,3.55300,9.56723,-0.18082,-0.07697,0.16738,,,,
7.409,1.74777,1.21147,8.77714,-0.00244,-0.43005,0.00489,,,,
7.511,0.71347,1.41258,9.97903,0.18204,0.25045,0.22235,,,,
7.613,0.58897,1.78607,9.03572,-0.37996,-0.16005,-0.59498,,,,
7.715,0.64643,2.65278,9.34218,-0.08430,0.28588,0.39706,,,,
7.817,0.52194,1.97761,11.79863,0.71960,0.87232,0.55467,,,,
7.922,0.95289,3.28484,9.05487,-0.01100,-0.12584,0.24312,,,,
8.023,0.01437,2.26970,8.57124,0.03421,-0.30421,0.05131,,,,
8.126,-0.36392,3.29921,8.48026,-0.06475,0.32742,0.14172,,,,
8.228,-0.02394,2.81079,9.41400,-0.28955,0.10996,-0.05620,,,,
8.330,-0.26336,3.73017,8.55209,0.06597,0.14783,-0.11240,,,,
8.432,0.00000,2.97360,9.73482,-0.11362,-0.06842,0.09529,,,,
8.534,0.29209,3.22738,9.60075,0.26023,-0.31521,-0.19426,,,,
8.637,-0.20111,2.46603,9.45710,0.01710,-0.07330,0.22358,,,,
8.739,0.46448,2.32716,8.92080,-0.13073,0.12095,-0.33720,,,,
8.842,-0.27773,2.50912,9.01656,-0.25779,0.30055,0.21014,,,,
8.945,-0.11971,3.70144,9.51456,0.32620,0.42272,0.05986,,,,
9.048,0.14844,3.26090,9.25119,0.07819,-0.06842,0.75259,,,,
9.151,1.90100,3.43329,8.84897,0.03910,-0.08063,0.35675,,,,
9.253,2.36068,4.45322,9.50498,-0.13806,-0.13195,0.19792,,,,
9.355,1.24498,4.06535,10.98460,0.56077,-0.12584,-0.05620,,,,
9.457,-2.11647,3.09810,9.50977,0.35064,-0.23579,0.20281,,,,
9.558,-1.87705,3.16035,7.10120,0.34331,-0.24068,0.12095,,,,
9.660,0.44532,3.50990,8.41801,-0.45815,0.18082,0.51191,,,,
9.763,0.82839,3.62482,8.66222,0.22358,0.15882,0.17715,,,,
9.866,0.52194,2.83952,9.31823,-0.08308,-0.54123,-0.07575,,,,
9.969,0.66080,2.86347,8.89685,-0.14905,-0.41539,0.16371,,,,
10.071,0.81403,2.58095,8.80587,-0.37874,-0.39462,0.33964,,,,
10.174,1.78607,2.63362,8.12592,-0.77213,-0.30055,0.39462,,,,
10.277,2.73418,1.84354,10.09874,-0.25656,0.33109,0.07086,,,,
10.379,3.02627,2.01592,9.70609,-0.57910,-0.30543,-0.03787,,,,
10.481,2.56180,2.09732,10.18972,0.06964,-0.18204,-0.14539,,,,
10.585,2.38462,2.13084,9.59596,0.20036,-0.32865,-0.24679,,,,
10.688,3.18429,1.74777,8.57124,0.08430,-0.23213,-0.09652,,,,
10.793,3.12683,1.80044,8.14029,0.03299,-0.03910,-0.26145,,,,
10.894,2.78685,2.02549,8.82503,-0.22846,0.01100,-0.25901,,,,
10.997,2.61447,2.23140,9.23204,-0.21136,-0.06842,-0.18326,,,,
11.100,2.50912,2.00634,9.49062,0.08674,0.01833,-0.25901,,,,
11.203,2.59053,1.92973,9.14585,0.10385,0.09652,-0.22602,,,,
11.304,2.53307,2.16436,9.01656,0.10629,-0.02810,-0.26634,,,,
11.406,2.84910,2.37505,8.68138,0.14661,0.12095,-0.42028,,,,
11.506,2.18830,2.54743,9.00220,0.23702,0.11973,-0.61820,,,,
11.609,2.41814,2.74854,8.71489,-0.18570,-0.04276,-0.63652,,,,
11.711,1.81002,2.55222,10.46745,-0.09652,0.22235,-0.75869,,,,
11.813,1.29766,2.42293,9.56723,-0.08552,-0.30910,-0.94928,,,,
11.915,1.50356,3.76847,8.90643,-0.24068,-0.51801,-0.69150,,,,
12.017,1.36469,2.42293,9.08360,-0.12828,-0.17104,-0.82589,,,,
12.120,1.29287,2.68151,9.02135,-0.21869,-0.16249,-0.67317,,,,
12.222,1.35512,2.63362,9.40921,-0.20281,-0.23824,-0.61209,,,,
12.324,1.01035,1.80044,9.39006,-0.21991,-0.25656,-0.32865,,,,
12.427,1.47004,3.62482,9.26556,-0.09285,0.00000,-0.30299,,,,
12.529,1.06781,1.52750,10.17057,-0.11851,0.08796,-0.19792,,,,
12.632,1.16358,2.63362,8.91122,0.01344,0.04887,-0.03543,,,,
12.734,1.70467,2.79164,9.28471,-0.06353,0.07697,0.19792,,,,
12.838,2.30801,2.45166,9.82580,-0.02321,-0.12217,0.20525,,,,
12.940,1.94888,2.09732,9.90242,0.23091,-0.26267,0.03299,,,,
13.044,1.86269,2.34632,8.87770,0.26145,-0.09652,0.00000,,,,
13.147,1.47004,2.66714,8.41323,0.19792,-0.11484,0.18326,,,,
13.249,2.09732,2.55222,8.88249,0.06720,0.07086,0.23946,,,,
13.350,1.57060,2.96402,9.76834,0.13317,0.30910,0.36896,,,,
13.455,0.73741,3.12204,9.85453,0.37018,0.18448,0.50457,,,,
13.557,0.34955,3.32315,8.69095,0.34819,0.39706,0.97494,,,,
13.659,0.40223,2.75333,9.24641,0.29077,0.70372,1.46974,,,,
13.762,1.00078,2.51870,9.53371,0.41172,1.19852,1.62612,,,,
13.863,1.55623,2.79643,10.00297,0.35919,0.98716,1.27549,,,,
13.966,1.17795,2.81558,9.24641,0.35919,0.31765,1.31947,,,,
14.068,1.25935,3.17950,8.15944,0.21991,0.32498,1.22295,,,,
14.170,1.96325,3.53863,8.77714,0.21869,0.43005,0.90652,,,,
14.272,1.86269,3.41413,9.41879,0.08674,0.29566,0.61331,,,,
14.375,2.00155,3.88818,8.48505,0.05742,0.06353,0.13317,,,,
14.478,1.93451,3.67271,8.71489,0.04643,-0.02321,-0.25534,,,,
14.580,1.79086,3.95522,8.05888,-0.51068,-0.46059,-0.36041,,,,
14.683,0.62728,3.66792,9.22246,-0.26145,-0.34086,-0.75503,31.2556910,75.7052860,0.440,189.90
14.784,-0.46448,4.86981,9.28471,-0.01222,0.07941,-0.44960,31.2556910,75.7052860,0.440,189.90
14.886,0.70868,4.77404,9.20331,-0.09652,-0.17226,0.07941,31.2556910,75.7052860,0.440,189.90
14.989,0.70390,3.86424,10.03649,0.11362,0.13439,0.23091,31.2556910,75.7052860,0.440,189.90
15.091,0.89064,3.53863,8.30309,0.13317,-0.08430,0.00000,31.2556910,75.7052860,0.440,189.90
15.193,1.30723,3.69665,9.00220,-0.12462,-0.12339,0.24312,31.2556910,75.7052860,0.440,189.90
15.295,2.47560,3.56257,8.83939,0.30177,-0.21991,-0.12462,31.2556910,75.7052860,0.440,189.90
15.397,2.16915,3.38540,7.86256,-0.16249,-0.35552,-0.16493,31.2556910,75.7052860,0.440,189.90
15.500,1.94409,3.14598,8.37492,-0.14172,-0.11484,-0.53756,31.2556910,75.7052860,0.440,189.90
15.602,1.71904,3.39019,9.03093,0.09774,0.04276,-0.49602,31.2556910,75.7052860,0.440,189.90
15.704,1.17316,3.93128,9.28950,0.06231,-0.04643,-0.48747,31.2556942,75.7052832,0.260,185.30
15.806,1.37906,3.74932,9.24162,-0.25412,0.03665,-0.10996,31.2556942,75.7052832,0.260,185.30
15.909,1.24498,4.00789,9.18895,-0.07941,0.05253,-0.42028,31.2556942,75.7052832,0.260,185.30
16.012,1.19710,4.10366,8.65743,0.02077,-0.10507,-0.03054,31.2556942,75.7052832,0.260,185.30
16.115,2.10690,3.05021,8.01579,-0.25412,-0.27122,0.03787,31.2556942,75.7052832,0.260,185.30
16.218,1.79086,3.42371,9.11233,0.07819,0.09163,-0.93218,31.2556942,75.7052832,0.260,185.30
16.321,0.18196,3.96480,9.16979,-0.27122,-0.08308,-0.22602,31.2556942,75.7052832,0.260,185.30
16.423,0.51715,3.43807,9.27514,-0.22358,-0.26512,-0.21380,31.2556942,75.7052832,0.260,185.30
16.525,0.98162,3.89297,9.50019,-0.14539,0.04520,-0.06597,31.2556942,75.7052832,0.260,185.30
16.628,1.30723,3.33752,9.51456,-0.04643,-0.13195,0.03787,31.2556942,75.7052832,0.260,185.30
16.730,1.32639,3.02148,8.90643,-0.01222,-0.01955,0.12217,31.2557036,75.7052864,0.260,97.70
16.832,1.19231,3.05021,8.69574,-0.02932,0.13683,0.00122,31.2557036,75.7052864,0.260,97.70
16.934,1.28808,3.05979,9.37569,-0.12462,0.31643,0.02688,31.2557036,75.7052864,0.260,97.70
17.037,1.49398,2.82516,9.51935,-0.12462,0.01710,-0.17959,31.2557036,75.7052864,0.260,97.70
17.139,1.59933,2.87783,9.42837,0.11729,0.56200,-0.55833,31.2557036,75.7052864,0.260,97.70
17.242,1.18752,3.07894,8.86333,0.05009,0.04154,-0.94073,31.2557036,75.7052864,0.260,97.70
17.343,0.33040,3.02148,9.39485,0.28588,0.18448,-0.81001,31.2557036,75.7052864,0.260,97.70
17.446,-0.62728,3.33752,8.61434,-0.13561,-0.25656,-0.69272,31.2557036,75.7052864,0.260,97.70
17.548,-1.39343,3.72538,9.42358,0.19670,-0.08552,-0.61942,31.2557036,75.7052864,0.260,97.70
17.651,-1.50835,4.07014,8.99262,0.06964,-0.06353,-0.17959,,,,
17.754,-1.03430,3.44286,7.93917,-0.04520,-0.13317,-0.06964,,,,
17.857,-0.84755,3.50511,9.34696,-0.01955,0.06597,0.14661,,,,
17.959,-0.60334,3.69186,9.18895,-0.23702,-0.21014,0.38851,,,,
18.063,-0.08619,3.32794,8.89207,0.03787,0.00122,0.11973,,,,
18.164,-0.06225,3.24175,9.03093,-0.05376,0.05009,0.03421,,,,
18.265,-0.01915,3.10767,9.24641,0.08919,-0.01588,0.05986,,,,
18.366,-0.37350,3.40934,9.06924,0.00855,-0.00122,0.00733,,,,
18.467,-0.15323,3.26569,9.55765,0.22724,0.55100,0.19792,,,,
18.570,-1.47962,3.64876,8.98304,0.92852,1.47219,0.49480,,,,
18.671,-2.96881,4.90333,9.09318,0.09407,0.94928,0.38729,,,,
18.773,-2.87304,5.24330,7.49864,-0.01588,-0.44715,-0.01344,,,,
18.874,-1.59454,4.20901,8.63349,-0.34819,-0.78557,-0.15272,,,,
18.976,-1.42216,3.37104,10.04128,-0.55833,-0.88698,-0.20769,,,,
19.078,-0.78051,3.53384,9.04051,-0.32987,-0.40195,0.04398,,,,
19.180,-0.29209,3.32794,9.14106,-0.00855,-0.13195,-0.05498,,,,
19.282,-0.11971,3.46202,8.82982,-0.16371,-0.22113,-0.15882,,,,
19.384,-0.09577,3.07894,9.56723,0.13195,-0.22846,-0.13073,,,,
19.486,0.05267,3.62482,8.85376,0.05620,-0.16982,-0.17715,,,,
19.588,0.04310,3.43329,8.97826,-0.09407,-0.13683,-0.12339,,,,
19.690,0.16759,3.44286,9.00699,-0.02810,-0.15638,0.02321,,,,
19.791,0.46926,3.07416,9.38048,-0.04032,-0.09163,-0.07575,,,,
19.893,0.29688,3.25133,9.43794,0.08308,0.05986,-0.13073,,,,
19.995,0.16281,3.39977,9.22246,0.15272,0.14172,-0.18082,,,,
20.097,-0.53151,3.76368,9.60075,-0.15882,-0.14416,0.04154,,,,
20.198,0.38307,3.25611,8.78672,-0.10629,-0.08308,0.02443,,,,
20.300,0.38307,3.33273,9.17458,-0.08186,0.06109,-0.00367,,,,
20.402,0.15323,3.53384,9.27514,-0.06353,-0.12828,0.02199,,,,
20.504,0.39265,3.39019,9.12191,0.05253,0.00367,0.03176,,,,
20.606,-0.01915,3.50032,9.23683,-0.04765,0.06475,0.00000,,,,
20.707,0.04788,3.27048,8.87770,0.01100,-0.01955,0.14539,,,,
20.810,0.80924,3.15556,8.92080,-0.01588,0.11606,0.14172,,,,
20.912,0.67038,3.08852,9.57202,0.01100,0.15760,-0.05009,,,,
21.016,-0.18675,2.74376,10.24239,0.05131,0.01222,-0.12217,,,,
21.117,-1.63763,4.35745,7.64229,0.01588,0.05009,0.07575,,,,
21.219,0.37828,2.78206,9.71088,-0.23824,-0.20159,-0.26512,,,,
21.321,0.11492,3.36625,9.27993,-0.28711,-0.01955,0.00244,,,,
21.423,-0.22027,3.04542,9.50977,-0.03299,-0.09652,0.07819,,,,
21.526,0.39265,2.80122,9.09318,0.08308,0.10751,0.09774,,,,
21.630,0.14844,2.82516,9.53850,0.01344,0.01466,0.01833,,,,
21.731,0.01915,3.19387,9.04051,-0.11973,-0.03421,-0.00489,,,,
21.834,-0.22505,2.98318,9.56244,0.04276,0.05620,0.07819,,,,
21.936,-0.04788,2.82995,9.31823,0.03054,0.10996,0.16493,,,,
22.039,0.22505,2.78685,9.35654,-0.14294,-0.02199,0.06597,,,,
22.143,-0.14365,2.92571,8.96868,-0.31032,-0.01222,-0.12462,,,,
22.245,-0.65122,2.73897,9.05008,0.06109,0.03787,0.25901,,,,
22.348,-0.49799,2.75333,9.08360,-0.07330,0.31398,0.46792,,,,
22.450,0.14365,2.42772,10.13705,-0.08796,0.30665,0.49114,,,,
22.553,0.00958,2.15957,10.27112,-0.01955,0.03665,0.34575,,,,
22.657,-0.37350,2.54264,9.30866,0.20159,0.05131,0.34208,31.2557099,75.7052871,0.440,223.20
22.760,-0.22505,2.74376,9.16022,0.08430,0.08430,0.37996,31.2557099,75.7052871,0.440,223.20
22.862,-0.49799,2.81558,9.33260,0.15516,0.16249,0.45082,31.2557099,75.7052871,0.440,223.20
22.963,-0.22027,3.07416,9.42837,0.02077,0.16127,0.47159,31.2557099,75.7052871,0.440,223.20
23.064,-0.72305,3.15556,10.37168,0.03787,0.15882,0.55222,31.2557099,75.7052871,0.440,223.20
23.167,-0.42138,3.43329,9.30387,0.26756,0.17715,0.66829,31.2557099,75.7052871,0.440,223.20
23.268,-0.14844,3.02148,8.99741,0.41783,0.07575,0.68173,31.2557099,75.7052871,0.440,223.20
23.371,0.53630,3.00712,8.25042,0.14050,-0.09285,0.43249,31.2557099,75.7052871,0.440,223.20
23.474,0.46448,3.13640,8.91122,-0.05986,0.08063,0.29077,31.2557099,75.7052871,0.440,223.20
23.577,0.21548,3.66792,9.22246,-0.12950,0.10751,0.05864,31.2557099,75.7052871,0.440,223.20
23.680,0.32082,3.53863,9.81144,-0.08063,0.03176,-0.06842,31.2557108,75.7052909,0.420,148.90
23.783,-0.11492,3.82115,9.78750,-0.12217,-0.27978,-0.13928,31.2557108,75.7052909,0.420,148.90
23.887,0.51236,3.70144,9.22725,0.15149,-0.04887,-0.05742,31.2557108,75.7052909,0.420,148.90
23.991,0.48842,3.39977,9.69652,0.07208,-0.01955,0.03054,31.2557108,75.7052909,0.420,148.90
24.093,0.11971,3.96959,9.20331,0.02932,-0.24312,-0.06842,31.2557108,75.7052909,0.420,148.90
24.196,0.29688,3.75411,8.95910,0.06353,-0.04765,0.00489,31.2557108,75.7052909,0.420,148.90
24.300,1.27372,3.64398,9.00699,0.00611,-0.03176,-0.11729,31.2557108,75.7052909,0.420,148.90
24.402,1.98240,4.32393,8.54251,0.55344,-0.36530,-0.47647,31.2557108,75.7052909,0.420,148.90
24.504,2.44687,3.71101,9.00699,-0.32987,0.18204,0.27978,31.2557108,75.7052909,0.420,148.90
24.607,1.77171,3.46202,9.65342,-0.38729,0.07575,-0.76603,31.2557108,75.7052909,0.420,148.90
24.710,1.98719,4.24253,9.40921,-0.27367,-0.43005,-0.27367,31.2557082,75.7052950,0.350,94.40
24.813,1.47483,3.78763,10.34295,0.22724,-0.45571,-0.14050,31.2557082,75.7052950,0.350,94.40
24.916,0.83318,4.80756,10.63026,0.66218,-0.38362,-0.19303,31.2557082,75.7052950,0.350,94.40
25.020,1.45567,4.75488,8.84897,-0.27733,-0.29199,-0.06109,31.2557082,75.7052950,0.350,94.40
25.122,-1.90100,3.82115,6.39731,0.40317,-0.56566,0.38118,31.2557082,75.7052950,0.350,94.40
25.225,-0.25857,3.84509,6.77080,0.22480,0.50824,0.73548,31.2557082,75.7052950,0.350,94.40
25.327,2.03507,3.86424,6.59842,-0.42883,0.69028,0.65485,31.2557082,75.7052950,0.350,94.40
25.429,2.53307,4.53462,9.22246,-0.07819,0.21747,-0.14661,31.2557082,75.7052950,0.350,94.40
25.532,2.04465,5.33428,11.48259,0.15760,-0.62675,-0.56444,31.2557082,75.7052950,0.350,94.40
25.635,1.24977,4.48195,10.42914,0.37018,-0.68906,-0.33842,31.2557109,75.7052979,0.170,181.00
25.738,1.63285,3.21302,9.00699,-0.15882,-0.15638,-0.34086,31.2557109,75.7052979,0.170,181.00
25.840,0.39744,1.82438,7.64708,-0.48991,-0.47892,-0.09285,31.2557109,75.7052979,0.170,181.00
25.943,-1.51792,3.99832,8.27915,0.25534,0.15394,-0.40684,31.2557109,75.7052979,0.170,181.00
26.045,0.05746,4.89854,10.74518,-0.51924,0.20403,1.08856,31.2557109,75.7052979,0.170,181.00
26.148,2.20267,4.28083,10.59674,0.12828,0.85888,1.33413,31.2557109,75.7052979,0.170,181.00
26.250,-1.84354,3.03585,7.41724,1.01892,0.21991,1.00548,31.2557109,75.7052979,0.170,181.00
26.352,-0.03352,3.16513,5.64553,0.16493,1.55526,1.54427,31.2557109,75.7052979,0.170,181.00
26.455,0.99120,3.44765,8.24563,-0.27733,1.08367,1.52594,31.2557109,75.7052979,0.170,181.00
26.558,1.50356,4.12282,10.33337,-0.22969,0.96150,1.52472,31.2557109,75.7052979,0.170,181.00
26.661,2.00155,5.42526,10.25676,0.25901,-0.10996,0.96883,,,,
26.764,2.44687,3.61524,11.11388,0.08796,0.03910,1.12521,,,,
26.866,2.16436,2.97360,9.21289,-0.07208,-0.13073,-0.07575,,,,
26.969,0.64643,3.16992,6.84263,-0.23946,-0.99571,-0.82711,,,,
27.071,-0.08619,4.18028,7.57047,-0.19059,-0.33964,0.87965,,,,
27.174,2.23140,3.40455,10.08438,0.14661,0.35919,1.17775,,,,
27.279,2.48518,3.86903,11.32936,-0.44838,1.22417,1.16797,,,,
27.382,-0.25379,2.42772,8.69574,0.43371,-0.09407,-0.33109,,,,
27.486,-1.05345,4.41491,6.79474,0.15149,1.09589,1.02503,,,,
27.588,-0.11492,4.58729,8.29830,0.16860,0.82222,0.99205,,,,
27.690,1.71904,4.60644,8.40844,0.02321,0.14172,1.00548,31.2557094,75.7052957,0.340,141.20
27.791,2.00155,4.60644,11.12346,1.20585,1.32069,1.12155,31.2557094,75.7052957,0.340,141.20
27.895,1.26893,5.37738,12.16254,-0.13806,-0.26145,0.26878,31.2557094,75.7052957,0.340,141.20
27.999,2.22661,3.75411,7.18261,-0.11606,-0.57666,-0.12095,31.2557094,75.7052957,0.340,141.20
28.104,1.30723,2.34632,6.36379,-0.33720,-0.44593,0.13561,31.2557094,75.7052957,0.340,141.20
28.206,-0.44053,4.66391,8.63349,0.48747,0.04887,0.15149,31.2557094,75.7052957,0.340,141.20
28.307,0.46448,4.68306,9.54808,-0.71593,0.16616,1.00548,31.2557094,75.7052957,0.340,141.20
28.410,-0.31603,4.07493,12.62702,-0.58399,1.33902,1.08123,31.2557094,75.7052957,0.340,141.20
28.512,-1.36948,4.17070,8.55209,0.25901,0.51679,-0.09407,31.2557094,75.7052957,0.340,141.20
28.614,-0.53630,3.65834,5.97114,0.00611,0.55589,1.23639,31.2557094,75.7052957,0.340,141.20
28.717,2.26491,3.13640,7.03895,-0.04154,0.69150,1.34024,31.2557117,75.7052932,0.210,308.40
28.819,3.14119,3.40934,13.56555,0.20036,0.60476,-0.14294,31.2557117,75.7052932,0.210,308.40
28.922,0.23942,3.97916,13.29740,-0.10629,-0.19914,0.23579,31.2557117,75.7052932,0.210,308.40
29.025,2.82037,2.70545,7.31668,-0.43860,-0.81245,-0.93951,31.2557117,75.7052932,0.210,308.40
29.128,0.24900,2.28886,7.12036,0.61575,-0.16371,-0.21258,31.2557117,75.7052932,0.210,308.40
29.231,-0.50278,3.66792,8.82503,0.16005,-0.21136,-0.61820,31.2557117,75.7052932,0.210,308.40
29.333,-0.14844,4.87459,10.36211,0.12706,0.27000,0.66218,31.2557117,75.7052932,0.210,308.40
29.436,-0.63207,3.73017,11.67892,-0.63530,0.96883,1.22173,31.2557117,75.7052932,0.210,308.40
29.537,0.51715,2.98318,6.64630,0.01466,-0.14294,0.27000,31.2557117,75.7052932,0.210,308.40
29.641,-0.27294,3.35667,6.29675,0.34453,0.66584,1.21684,31.2557151,75.7052832,0.130,0.00
29.743,0.69911,3.83551,6.92403,0.11729,0.54000,1.12399,31.2557151,75.7052832,0.130,0.00
29.845,2.52349,3.37582,11.53526,-0.33109,0.57788,0.88209,31.2557151,75.7052832,0.130,0.00
29.947,3.30879,4.70221,13.47457,-0.39706,0.27978,-0.44593,31.2557151,75.7052832,0.130,0.00
30.050,2.42293,3.30400,7.27358,0.31521,-0.91996,-0.63286,31.2557151,75.7052832,0.130,0.00
30.151,-0.44053,2.60968,7.56089,0.81123,0.00000,0.05376,31.2557151,75.7052832,0.130,0.00
30.254,0.08619,3.04542,8.06367,-0.23702,-0.77946,-0.50824,31.2557151,75.7052832,0.130,0.00
30.358,0.35434,3.67271,9.47146,-0.00611,-0.07330,0.29810,31.2557151,75.7052832,0.130,0.00
30.460,0.44053,5.27203,9.03093,-0.36408,0.36896,0.48869,31.2557151,75.7052832,0.130,0.00
30.562,0.21069,2.22661,9.45710,-0.21625,-0.18326,0.17471,31.2557151,75.7052832,0.130,0.00
30.665,-1.34075,3.61524,6.40688,0.31276,0.65729,0.43616,31.2557112,75.7052743,0.500,221.50
30.767,-0.33998,3.50511,7.41245,-0.35675,0.48258,0.97738,31.2557112,75.7052743,0.500,221.50
30.869,3.03585,3.15556,11.25275,-0.34941,0.43616,0.62553,31.2557112,75.7052743,0.500,221.50
30.972,2.44209,5.48751,11.20008,0.35186,-0.55955,-0.83200,31.2557112,75.7052743,0.500,221.50
31.075,1.97761,2.18830,9.08839,0.16493,-1.35979,0.03910,31.2557112,75.7052743,0.500,221.50
31.176,1.28808,1.84832,8.64307,0.38485,-0.22602,-0.68906,31.2557112,75.7052743,0.500,221.50
31.279,1.03430,2.35589,6.60321,-0.35064,-0.85643,-0.62797,31.2557112,75.7052743,0.500,221.50
31.381,1.52271,2.86825,7.72369,-0.27489,-0.84177,-0.36774,31.2557112,75.7052743,0.500,221.50
31.484,1.20668,3.10767,12.14818,0.12217,0.36652,0.30421,31.2557112,75.7052743,0.500,221.50
31.586,-0.35434,3.00712,13.55118,-0.36408,0.67928,0.67440,31.2557112,75.7052743,0.500,221.50
31.688,-0.59376,2.71502,7.92481,-0.15638,-0.02932,-0.00977,31.2557104,75.7052731,0.300,191.20
31.793,0.61292,3.24654,6.78038,0.37263,0.88209,0.77213,31.2557104,75.7052731,0.300,191.20
31.894,3.00712,3.03585,8.22648,-0.07208,0.40073,0.98349,31.2557104,75.7052731,0.300,191.20
31.997,4.04620,2.61447,11.34852,-0.01344,0.30421,0.02443,31.2557104,75.7052731,0.300,191.20
32.099,2.95923,3.79242,11.45865,0.01100,-0.27855,-0.66584,31.2557104,75.7052731,0.300,191.20
32.203,3.58173,2.66714,7.38372,-0.36285,-0.94684,-0.91630,31.2557104,75.7052731,0.300,191.20
32.305,2.25055,1.57538,8.40844,0.30421,-0.09652,-0.41172,31.2557104,75.7052731,0.300,191.20
32.407,1.15401,3.03106,8.53294,-0.00733,-0.48503,-0.79168,31.2557104,75.7052731,0.300,191.20
32.509,1.38385,3.51469,8.64786,-0.57666,-0.39584,-0.03054,31.2557104,75.7052731,0.300,191.20
32.611,1.99676,3.12204,10.20888,-0.37018,0.36530,0.76358,31.2557104,75.7052731,0.300,191.20
32.715,0.84276,1.65679,9.20810,0.27489,-0.24801,0.21014,31.2557061,75.7052654,0.600,218.60
32.817,0.15802,2.87304,6.72771,0.41783,0.55711,0.80268,31.2557061,75.7052654,0.600,218.60
32.923,1.56581,2.60010,7.97269,0.28100,0.74892,0.85765,31.2557061,75.7052654,0.600,218.60
33.027,2.38941,2.80600,9.67257,-0.24801,0.09774,0.83811,31.2557061,75.7052654,0.600,218.60
33.129,4.09408,3.36625,10.82179,0.07330,-0.01955,-0.09652,31.2557061,75.7052654,0.600,218.60
33.231,3.16035,2.41336,9.04529,0.11729,-0.56810,-0.31765,31.2557061,75.7052654,0.600,218.60
33.336,1.70467,1.04387,9.03093,0.47647,0.08796,-0.14416,31.2557061,75.7052654,0.600,218.60
33.439,2.13084,1.39343,7.01022,-0.56933,-0.51191,-1.06413,31.2557061,75.7052654,0.600,218.60
33.540,1.34075,2.51391,10.00776,0.09774,0.03665,-0.58521,31.2557061,75.7052654,0.600,218.60
33.643,1.07260,3.26569,11.61667,0.13317,0.13806,-0.11973,31.2556968,75.7052549,1.090,217.00
33.745,-0.26336,1.86269,12.12903,-0.28588,-0.00733,0.14905,31.2556968,75.7052549,1.090,217.00
33.850,-1.12049,2.51391,8.51378,0.38729,0.34575,-0.76358,31.2556968,75.7052549,1.090,217.00
33.953,1.22583,3.28963,6.58884,-0.35308,-0.00367,-0.34941,31.2556968,75.7052549,1.090,217.00
34.055,1.86269,4.13239,8.24084,0.36163,0.80023,0.28100,31.2556968,75.7052549,1.090,217.00
34.157,0.80924,3.82593,10.90319,-0.10996,-0.53634,-0.29199,31.2556968,75.7052549,1.090,217.00
34.262,1.38864,2.20745,12.34450,0.74281,1.65789,-0.23824,31.2556968,75.7052549,1.090,217.00
34.365,0.27294,1.85790,7.82904,-1.48807,0.12339,-2.06961,31.2556968,75.7052549,1.090,217.00
34.468,-1.87227,0.68953,8.71011,0.03299,1.17164,-1.54915,31.2556968,75.7052549,1.090,217.00
34.570,-4.41491,2.55222,10.11311,-0.16127,1.38300,-0.75381,31.2556968,75.7052549,1.090,217.00
34.672,-4.46758,4.42448,10.03170,0.66829,-1.05069,0.24435,31.2556856,75.7052427,1.330,221.10
34.775,-3.96959,3.69186,10.85531,-0.14905,-0.16127,-0.32376,31.2556856,75.7052427,1.330,221.10
34.879,-4.09408,3.00712,7.46512,0.87109,-0.04276,0.26756,31.2556856,75.7052427,1.330,221.10
34.984,-2.86347,0.56024,7.86256,-0.09041,0.05864,-0.06597,31.2556856,75.7052427,1.330,221.10
35.086,-2.09253,2.03986,6.46913,0.34331,0.40195,0.76969,31.2556856,75.7052427,1.330,221.10
35.189,-2.04944,3.54342,8.57603,-0.64019,-0.08430,-0.12462,31.2556856,75.7052427,1.330,221.10
35.293,-2.14999,2.32716,10.95108,-0.65118,0.31154,-0.56688,31.2556856,75.7052427,1.330,221.10
35.395,0.02394,1.13006,12.55041,-0.01466,-0.97616,-0.77702,31.2556856,75.7052427,1.330,221.10
35.501,-0.02394,1.48919,7.67581,0.45448,-0.35919,-1.46119,31.2556856,75.7052427,1.330,221.10
35.603,-2.66235,1.13964,7.54652,0.46670,-0.63897,-1.49906,31.2556856,75.7052427,1.330,221.10
35.705,-4.91290,3.51469,9.60075,0.22724,-0.89797,-0.52412,31.2556759,75.7052275,1.310,223.90
35.808,-5.42047,2.76291,11.60709,0.04765,0.19303,0.47159,31.2556759,75.7052275,1.310,223.90
35.911,-5.43005,1.17316,9.89284,0.14416,0.43249,1.14476,31.2556759,75.7052275,1.310,223.90
36.013,-4.13718,1.09176,10.20888,0.09896,-0.64141,1.41354,31.2556759,75.7052275,1.310,223.90
36.117,-0.45011,0.74699,9.14585,0.23702,1.68721,1.71775,31.2556759,75.7052275,1.310,223.90
36.219,0.40223,1.38864,7.27837,-0.02199,1.33657,1.06535,31.2556759,75.7052275,1.310,223.90
36.321,0.21069,1.91536,8.85376,-0.77702,-0.27245,0.82467,31.2556759,75.7052275,1.310,223.90
36.424,0.70868,0.61292,14.43225,-1.53816,-2.12337,-0.87598,31.2556759,75.7052275,1.310,223.90
36.527,1.47004,2.06859,7.43639,0.61820,0.65485,0.32498,31.2556759,75.7052275,1.310,223.90
36.629,-0.08619,2.12605,7.86735,-0.36530,-0.75747,-1.01648,31.2556704,75.7052231,0.930,219.50
36.731,-0.24900,2.96881,11.76511,0.24801,-0.72815,-0.77213,31.2556704,75.7052231,0.930,219.50
36.834,0.00479,2.24576,12.24395,0.38607,0.15760,-0.20281,31.2556704,75.7052231,0.930,219.50
36.936,0.79966,3.79242,10.34774,-0.80512,-1.58825,-0.59498,31.2556704,75.7052231,0.930,219.50
37.038,-1.01035,2.57616,6.76123,-0.16249,0.33109,-0.93462,31.2556704,75.7052231,0.930,219.50
37.140,-2.77727,0.58897,8.64786,-0.20647,-0.50457,0.56322,31.2556704,75.7052231,0.930,219.50
37.242,1.83396,3.34709,10.08917,0.42638,-0.66584,0.33109,31.2556704,75.7052231,0.930,219.50
37.345,1.82917,1.52750,10.41478,-0.00977,0.08430,-0.29810,31.2556704,75.7052231,0.930,219.50
37.447,4.19464,1.64721,11.37246,-0.73915,-1.13987,-0.92118,31.2556704,75.7052231,0.930,219.50
37.549,2.21224,0.34955,7.58962,0.37263,0.87476,0.05131,31.2556704,75.7052231,0.930,219.50
37.650,2.65756,1.15879,6.78996,-0.43860,-0.99815,-1.25594,31.2556666,75.7052189,0.790,216.20
37.752,0.94810,2.07338,8.14986,-0.54978,0.01466,-0.29932,31.2556666,75.7052189,0.790,216.20
37.854,1.55623,3.56736,11.39161,-1.04214,-0.58765,-0.57055,31.2556666,75.7052189,0.790,216.20
37.956,0.21548,3.76368,11.44907,-0.04520,0.45815,-0.26145,31.2556666,75.7052189,0.790,216.20
38.058,-2.56658,-0.73263,12.76588,1.09589,0.20403,0.69761,31.2556666,75.7052189,0.790,216.20
38.161,0.82361,-0.55067,11.80820,2.04762,0.29199,1.47707,31.2556666,75.7052189,0.790,216.20
38.263,1.45089,-0.31603,7.81946,1.20096,1.65544,1.34757,31.2556666,75.7052189,0.790,216.20
38.366,2.14042,0.75657,7.35020,0.47403,1.19241,0.74648,31.2556666,75.7052189,0.790,216.20
38.469,4.17070,2.24576,7.48427,-0.88575,0.98105,0.33109,31.2556666,75.7052189,0.790,216.20
38.574,2.64320,0.38307,11.29106,-0.73426,1.50884,0.16493,31.2556666,75.7052189,0.790,216.20
38.678,3.25133,4.65433,5.81791,-0.27367,-1.13499,-0.19059,31.2556648,75.7052194,0.620,208.60
38.781,-0.37350,2.17394,11.11867,-0.39828,-0.64141,-0.72571,31.2556648,75.7052194,0.620,208.60
38.883,-1.21625,2.72939,11.43471,0.20403,-0.41172,-0.26756,31.2556648,75.7052194,0.620,208.60
38.985,-1.01514,2.37026,11.88961,0.00611,0.10140,0.38851,31.2556648,75.7052194,0.620,208.60
39.088,-1.02472,0.19632,11.42034,0.87965,1.06046,1.25838,31.2556648,75.7052194,0.620,208.60
39.190,-1.20189,1.81002,8.78672,0.26878,-0.14294,0.96517,31.2556648,75.7052194,0.620,208.60
39.292,-0.65122,0.77093,8.82982,0.55589,1.15209,1.03725,31.2556648,75.7052194,0.620,208.60
39.394,0.54588,2.01592,7.64708,0.20647,0.59743,0.87720,31.2556648,75.7052194,0.620,208.60
39.497,1.12527,2.79164,8.20732,-0.41539,-0.23091,0.34086,31.2556648,75.7052194,0.620,208.60
39.598,2.82995,2.62883,13.09149,-0.86376,-1.14843,-0.29199,31.2556648,75.7052194,0.620,208.60
39.699,1.67115,2.40378,6.98149,0.58643,0.74526,-0.16249,31.2556550,75.7052116,0.970,203.80
39.803,1.28808,2.04465,8.60476,-0.02566,-1.19485,-0.83444,31.2556550,75.7052116,0.970,203.80
39.907,-0.02394,2.83952,8.26957,-0.26512,0.01955,-0.33109,31.2556550,75.7052116,0.970,203.80
40.010,0.19154,4.06535,9.18416,-0.33964,-0.34819,-0.11118,31.2556550,75.7052116,0.970,203.80
40.112,-0.82361,3.48596,10.41957,-0.16005,0.05742,0.14905,31.2556550,75.7052116,0.970,203.80
40.215,-0.86191,2.38941,13.85764,-0.17349,-0.24557,0.57910,31.2556550,75.7052116,0.970,203.80
40.317,-0.67038,0.75178,9.44273,1.24006,1.38178,1.51861,31.2556550,75.7052116,0.970,203.80
40.419,-0.78051,1.01993,11.30063,0.65363,-0.70860,1.29992,31.2556550,75.7052116,0.970,203.80
40.522,0.88107,1.44131,7.83862,0.66829,1.70309,1.28037,31.2556550,75.7052116,0.970,203.80
40.625,0.61770,2.84910,7.00065,-0.06964,0.96395,0.66096,31.2556550,75.7052116,0.970,203.80
40.726,1.42694,3.36146,10.04607,-0.38485,-0.08552,0.34575,31.2556492,75.7052092,0.770,199.80
40.829,1.76692,3.70622,9.10754,-0.53145,-0.32498,0.09529,31.2556492,75.7052092,0.770,199.80
40.932,1.99198,2.62883,8.31267,0.27000,0.66706,0.07086,31.2556492,75.7052092,0.770,199.80
41.034,1.12049,3.07894,7.62314,-0.16982,-1.24739,-0.80879,31.2556492,75.7052092,0.770,199.80
41.137,-1.28329,2.05422,10.01734,-0.72082,-0.12095,-0.31398,31.2556492,75.7052092,0.770,199.80
41.239,-0.87149,3.65355,8.62391,-0.32498,-0.07208,0.60231,31.2556492,75.7052092,0.770,199.80
41.343,-0.70390,3.44286,11.98059,0.32865,0.51313,0.88453,31.2556492,75.7052092,0.770,199.80
41.447,0.42617,2.90656,11.95664,0.08308,0.61942,0.65485,31.2556492,75.7052092,0.770,199.80
41.550,-0.28252,0.81882,10.72124,1.04214,1.00060,1.11544,31.2556492,75.7052092,0.770,199.80
41.653,-1.72383,2.35589,6.32069,0.51191,0.79901,1.15454,31.2556418,75.7052118,0.720,189.30
41.755,-3.55300,1.82438,11.52090,0.07819,0.23213,0.76847,31.2556418,75.7052118,0.720,189.30
41.857,-3.63440,1.87227,10.09874,0.31032,2.01830,1.40866,31.2556418,75.7052118,0.720,189.30
41.960,-2.79643,3.15077,8.93995,-0.34331,2.65238,1.42332,31.2556418,75.7052118,0.720,189.30
42.064,-3.06937,3.57215,8.35098,-0.19059,1.13621,1.37323,31.2556418,75.7052118,0.720,189.30
42.167,-0.65122,4.41970,8.62870,-0.48136,-0.54734,0.75869,31.2556418,75.7052118,0.720,189.30
42.271,0.17238,4.41970,6.23450,0.09896,0.80756,0.98349,31.2556418,75.7052118,0.720,189.30
42.374,-0.74699,5.88495,6.16268,-0.79657,-0.89919,-0.64385,31.2556418,75.7052118,0.720,189.30
42.477,-3.27527,4.94163,8.33182,-0.64263,-0.28466,-0.02077,31.2556418,75.7052118,0.720,189.30
42.581,-3.26090,5.59285,9.79228,0.04887,-0.51191,0.44104,31.2556418,75.7052118,0.720,189.30
42.683,-3.80199,4.45800,10.83616,-0.07086,-0.17226,0.75014,31.2556353,75.7052179,0.840,172.50
42.786,-2.83473,1.97761,9.42837,0.24068,0.90286,1.56015,31.2556353,75.7052179,0.840,172.50
42.890,-2.14999,3.49075,7.53216,-0.35186,0.39706,1.24617,31.2556353,75.7052179,0.840,172.50
42.993,-2.76770,3.23696,8.01579,-0.40561,0.93340,0.99327,31.2556353,75.7052179,0.840,172.50
43.095,-1.48919,3.99832,8.93037,-0.33598,0.37385,0.87842,31.2556353,75.7052179,0.840,172.50
43.199,-1.14443,4.98952,8.96868,-0.37751,-0.22602,0.27000,31.2556353,75.7052179,0.840,172.50
43.301,-1.09176,4.12282,12.64139,-0.74526,-0.87842,-0.18204,31.2556353,75.7052179,0.840,172.50
43.403,1.27850,1.00078,9.53371,0.34086,1.10689,0.40806,31.2556353,75.7052179,0.840,172.50
43.505,1.36948,2.64799,5.35344,-0.11362,0.00977,-0.97983,31.2556353,75.7052179,0.840,172.50
43.607,-1.47962,1.87227,9.27993,-0.52412,-0.45448,-0.82345,31.2556353,75.7052179,0.840,172.50
43.710,-1.07260,3.47638,8.72926,-0.15272,-0.49847,-0.22480,31.2556345,75.7052207,0.740,158.40
43.812,-2.25534,3.21781,10.98939,-0.05742,-1.02381,-0.37018,31.2556345,75.7052207,0.740,158.40
43.916,-2.67672,1.99676,12.66533,-0.32498,0.28222,0.47647,31.2556345,75.7052207,0.740,158.40
44.019,-2.09253,1.20189,10.07480,0.72082,0.65729,1.30481,31.2556345,75.7052207,0.740,158.40
44.120,-0.84755,1.40779,8.70053,0.72082,0.37018,0.54978,31.2556345,75.7052207,0.740,158.40
44.222,0.09098,2.61447,6.97670,0.43616,0.67440,0.62919,31.2556345,75.7052207,0.740,158.40
44.324,0.22027,4.50110,5.86579,-0.00733,0.37507,-0.10507,31.2556345,75.7052207,0.740,158.40
44.428,-1.51792,3.46202,11.85130,-0.65729,-1.69821,-0.70860,31.2556345,75.7052207,0.740,158.40
44.529,-0.33040,4.84108,9.49540,-0.38362,-0.28833,-0.27733,31.2556345,75.7052207,0.740,158.40
44.631,-0.09098,1.48441,12.19606,-0.49602,-0.42638,-1.09589,31.2556307,75.7052177,0.440,150.00
44.733,1.47962,2.52349,7.47470,0.76236,0.02321,-0.26023,31.2556307,75.7052177,0.440,150.00
44.835,-1.15879,2.13563,7.50343,-0.18326,-0.08796,-0.80756,31.2556307,75.7052177,0.440,150.00
44.937,-1.43652,3.23217,8.39886,-0.13073,-0.15272,0.24312,31.2556307,75.7052177,0.440,150.00
45.039,-0.90980,3.97916,10.31901,-0.10263,0.33231,0.31643,31.2556307,75.7052177,0.440,150.00
45.141,-0.81882,2.80122,10.19451,0.67928,0.93096,0.97861,31.2556307,75.7052177,0.440,150.00
45.246,-1.20668,1.27372,10.13226,-0.05498,-0.74648,0.86499,31.2556307,75.7052177,0.440,150.00
45.348,-1.72383,2.12126,5.67905,-0.20403,0.46548,1.76907,31.2556307,75.7052177,0.440,150.00
45.452,-0.78051,2.25534,10.46266,-0.34697,-0.95906,0.83689,31.2556307,75.7052177,0.440,150.00
45.555,0.08619,2.21224,8.26000,-0.83444,2.12337,1.12521,31.2556307,75.7052177,0.440,150.00
45.657,-3.31836,3.93607,11.81299,0.21258,-0.79046,0.39828,31.2556263,75.7052025,0.300,141.60
45.759,0.38786,1.93451,11.25754,-0.19792,-0.80390,-0.07453,31.2556263,75.7052025,0.300,141.60
45.861,0.22505,1.84832,10.97502,0.57544,1.02014,0.44471,31.2556263,75.7052025,0.300,141.60
45.964,1.49877,1.69031,8.68138,-0.07453,-0.54734,-0.56810,31.2556263,75.7052025,0.300,141.60
46.067,-0.10534,1.21147,9.04051,0.27733,-0.08186,-0.34819,31.2556263,75.7052025,0.300,141.60
46.170,0.02873,2.28407,8.66222,-0.11973,-0.07697,-0.09285,31.2556263,75.7052025,0.300,141.60
46.272,-1.20668,2.20745,10.44830,-0.21747,0.32498,0.26389,31.2556263,75.7052025,0.300,141.60
46.373,-3.55300,2.52349,10.76912,-0.59743,-0.24068,1.09956,31.2556263,75.7052025,0.300,141.60
46.476,-1.97761,-0.06225,10.06522,-0.08430,-0.24190,1.82404,31.2556263,75.7052025,0.300,141.60
46.579,0.94810,0.33998,9.42837,0.68173,0.94806,1.46241,31.2556263,75.7052025,0.300,141.60
46.682,1.98240,0.90501,9.76834,-0.05498,0.23824,1.25960,31.2556277,75.7051973,0.260,133.20
46.784,2.78685,0.82839,9.46667,-0.26389,-0.48503,0.37507,31.2556277,75.7051973,0.260,133.20
46.887,0.37350,1.66636,9.28471,0.06231,-0.24923,-0.59254,31.2556277,75.7051973,0.260,133.20
46.989,0.82839,2.04465,9.12191,-0.03787,-0.32376,-0.52168,31.2556277,75.7051973,0.260,133.20
47.091,0.79009,1.04387,9.54329,0.14661,-0.28344,-0.31154,31.2556277,75.7051973,0.260,133.20
47.193,0.76136,1.37906,9.81623,-0.19303,0.38240,0.03787,31.2556277,75.7051973,0.260,133.20
47.296,1.42694,1.91057,9.75398,-0.31276,-0.07819,-0.41905,31.2556277,75.7051973,0.260,133.20
47.400,3.11725,2.85868,8.60955,-0.18692,-0.14172,-0.01955,31.2556277,75.7051973,0.260,133.20
47.503,2.93529,2.03028,11.24317,0.62553,0.22846,-0.12339,31.2556277,75.7051973,0.260,133.20
47.606,0.88107,2.77249,8.39886,0.23213,-0.38118,-0.50213,31.2556277,75.7051973,0.260,133.20
47.708,0.57461,3.14119,9.89284,0.19181,0.75136,-0.54978,,,,
47.810,-1.37427,1.05345,12.38281,0.42638,-0.19548,0.01710,,,,
47.912,-1.53229,2.00155,7.59441,0.22480,-0.59743,0.13683,,,,
48.015,0.37828,1.69988,8.89207,-0.24068,0.17715,0.36285,,,,
48.118,1.28329,2.23140,10.15620,-0.28222,0.07697,-0.09163,,,,
48.221,0.53630,2.73418,10.21366,0.07819,0.06475,-0.19181,,,,
48.322,0.19154,2.95923,9.05487,0.55100,0.44227,-0.30665,,,,
48.424,0.56503,3.05021,8.40844,0.16493,-0.18815,-0.47892,,,,
48.527,-0.71347,3.16992,8.87770,0.08919,0.06353,-0.32620,,,,
48.629,-0.56982,2.68151,8.43717,0.10385,-0.05131,-0.13317,,,,
48.731,-0.27294,3.44286,8.46111,-0.05864,0.20159,-0.06597,,,,
48.833,0.61770,2.56658,10.93671,-0.69883,-0.08919,0.14294,,,,
48.935,1.19710,2.35589,10.42914,-0.17593,-0.27367,-0.42394,,,,
49.037,0.16759,3.13640,9.19852,0.31765,0.25779,-0.48014,,,,
49.140,0.03352,2.73418,9.28471,-0.11484,-0.28833,-0.03787,,,,
49.242,0.55545,1.94888,9.06445,0.00855,-0.09163,0.11851,,,,
49.344,0.11971,2.39420,8.88728,-0.12095,0.11729,0.12339,,,,
49.446,0.45969,2.31759,9.39485,-0.21380,0.01955,0.02321,,,,
49.548,0.29688,2.23140,9.98382,-0.14050,-0.01466,0.10751,,,,
49.649,0.13886,1.93451,9.38048,0.03176,-0.17593,-0.03665,,,,
49.753,0.06225,2.14999,9.26556,0.30421,-0.01344,0.32865,,,,
49.856,0.65122,2.44209,9.11712,0.04643,0.22113,0.07453,,,,
49.960,0.36871,2.95444,9.48104,0.06842,0.24190,0.15394,,,,
50.061,0.37828,2.68629,9.20331,0.05620,0.07819,0.20036,,,,
50.164,0.34477,2.92571,9.16979,-0.24923,0.15149,0.13073,,,,
50.266,0.47884,2.37984,9.86411,0.16860,0.23824,0.03787,,,,
50.370,0.22027,2.87783,9.06924,-0.01955,-0.01588,-0.02199,,,,
50.473,0.07183,2.68629,9.52892,-0.01344,0.05131,-0.07208,,,,
50.574,-0.11013,2.61447,9.38527,-0.06964,0.08063,-0.02077,,,,
50.677,-0.21548,2.59531,9.83538,-0.03054,0.09041,-0.08430,,,,
50.778,-0.11492,2.54264,9.53371,-0.03421,-0.08796,-0.02443,,,,
50.881,-0.03352,2.40857,9.47625,0.03787,0.01344,0.00611,,,,
50.983,-0.21548,2.44687,9.55287,0.00367,-0.03543,0.02932,,,,
51.085,-0.18675,2.60489,9.31344,0.03910,-0.02443,0.02932,,,,
51.188,-0.15323,2.56180,9.59117,-0.02932,0.05131,0.12095,,,,
51.292,0.00958,2.56658,9.71567,0.00000,-0.04398,0.08430,,,,
51.395,0.00958,2.75333,9.28471,0.06964,0.02810,0.09529,,,,
51.497,0.07183,2.57137,9.27035,-0.01466,-0.10263,0.16738,,,,
51.601,0.12450,2.73897,8.98783,-0.04154,0.08308,0.13806,,,,
51.703,0.35913,2.37026,10.07001,-0.11240,0.04765,0.08674,,,,
51.805,0.28252,2.48997,9.57681,0.07208,-0.19548,-0.10873,,,,
51.908,0.30646,2.81558,8.68138,0.02199,0.03299,-0.02077,,,,
52.011,0.12929,2.16915,10.24718,-0.14539,-0.00611,0.09896,,,,
52.113,0.18675,2.49955,9.28950,0.07697,0.01588,-0.06964,,,,
52.215,0.19632,2.51870,9.52413,-0.01222,0.01588,0.04887,,,,
52.317,0.43574,2.41336,9.35175,-0.01833,-0.04887,0.01344,,,,
52.419,0.37828,2.42293,9.37091,0.00855,-0.08063,-0.07575,,,,
52.522,0.15802,2.57616,9.34696,-0.02321,-0.01344,0.09163,,,,
52.624,0.55545,2.39899,9.56244,-0.00489,-0.02077,-0.00367,,,,
52.726,0.45490,2.45645,9.69652,0.00733,0.02566,-0.09652,,,,
52.830,0.18196,2.69108,9.36612,0.07819,0.00122,-0.04520,,,,
52.931,0.42138,2.44687,9.28950,-0.00367,-0.00367,0.02932,,,,
53.033,0.46926,2.39899,9.51935,-0.01222,0.00367,-0.01710,,,,
53.135,0.38786,2.63362,9.24641,-0.04154,0.03054,0.01466,,,,
53.237,0.59855,2.42772,9.46667,-0.02566,-0.04154,0.03543,,,,
53.339,0.54109,2.30801,9.34218,-0.06109,-0.11362,0.02810,,,,
53.441,0.51236,2.25534,9.61990,-0.10629,0.06231,-0.01710,,,,
53.544,0.32561,2.58095,9.68215,0.00733,0.05253,-0.07697,,,,
53.646,0.50757,2.38941,9.51456,0.02199,-0.01466,0.04643,,,,
53.748,0.66559,2.22182,9.48104,0.03543,-0.05376,0.03176,,,,
53.849,0.52194,2.21703,9.64384,0.02199,-0.01710,-0.04398,,,,
53.951,0.44532,2.46124,9.32781,0.00000,0.01466,-0.08308,,,,
54.054,0.33040,2.36547,9.70609,0.01588,-0.00489,-0.00977,,,,
54.157,0.41180,2.42772,9.14106,0.00489,0.05864,-0.01588,,,,
54.261,0.52194,2.24576,9.66300,-0.05742,0.03299,-0.01466,,,,
54.363,0.40223,2.27928,9.69173,0.00611,-0.06720,-0.01466,,,,
54.465,0.28730,2.46603,9.30387,-0.02566,0.03910,0.04398,,,,
54.567,0.55067,2.34153,9.52892,0.01710,0.02321,0.00855,,,,
54.669,0.58897,2.32716,9.60075,0.02566,-0.09163,-0.07575,,,,
54.772,0.38786,2.38941,9.28950,0.02688,-0.07941,-0.01833,,,,
54.874,0.53630,2.28886,9.71567,-0.05009,-0.00244,0.03910,,,,
54.974,0.43096,2.49476,9.61511,0.02688,0.10507,-0.00122,,,,
55.077,0.43096,2.45166,9.99819,0.28588,0.28588,-0.05376,,,,
55.180,0.04788,2.82516,8.98304,0.29566,0.05620,-0.05131,,,,
55.283,0.06704,2.86347,9.05008,0.08674,0.06109,-0.02443,,,,
55.387,-0.12929,3.05021,9.55287,0.01588,0.06720,-0.01344,,,,
55.489,0.05267,3.14598,9.14106,0.02688,-0.01710,-0.02443,,,,
55.591,0.00958,3.13640,9.43794,0.01588,-0.00367,-0.00367,,,,
55.693,-0.02394,3.13640,9.18416,0.00244,-0.06720,0.04520,31.2556306,75.7051925,0.470,124.80
55.796,0.04310,3.13162,9.42358,-0.03543,0.03176,0.05742,31.2556306,75.7051925,0.470,124.80
55.898,0.12929,3.19387,9.25598,0.00733,-0.03543,0.01833,31.2556306,75.7051925,0.470,124.80
56.000,0.15323,3.03106,9.23204,0.00489,-0.03176,-0.01344,31.2556306,75.7051925,0.470,124.80
56.104,0.21548,3.09810,8.61913,-0.00122,0.00000,-0.04765,31.2556306,75.7051925,0.470,124.80
56.208,-0.12450,2.86825,9.62948,-0.08674,0.00977,0.06231,31.2556306,75.7051925,0.470,124.80
56.310,-0.25857,3.26569,9.24162,0.00367,0.09285,0.09163,31.2556306,75.7051925,0.470,124.80
56.412,-0.18675,3.29442,9.50498,-0.03176,0.10996,0.22480,31.2556306,75.7051925,0.470,124.80
56.514,0.51715,3.25611,9.21768,-0.02321,0.13073,0.15638,31.2556306,75.7051925,0.470,124.80
56.617,0.48842,3.01191,9.91199,0.11851,0.05253,-0.02199,31.2556306,75.7051925,0.470,124.80
56.719,-0.01437,3.24654,9.05487,0.26389,-0.03176,-0.04765,31.2556367,75.7052033,0.220,124.80
56.821,-0.21069,3.26090,8.83460,0.28588,0.16982,-0.07941,31.2556367,75.7052033,0.220,124.80
56.924,-0.43096,3.45244,9.03572,0.04520,0.07086,-0.09529,31.2556367,75.7052033,0.220,124.80
57.026,-0.45490,3.63919,8.95431,0.00855,0.02199,-0.07697,31.2556367,75.7052033,0.220,124.80
57.128,-0.46448,3.65355,9.45231,-0.09774,0.00611,0.09041,31.2556367,75.7052033,0.220,124.80
57.230,-0.06704,3.67271,9.05487,0.04520,-0.07941,-0.04643,31.2556367,75.7052033,0.220,124.80
57.333,-0.33040,3.71101,9.31344,0.06964,-0.01344,-0.04643,31.2556367,75.7052033,0.220,124.80
57.436,-0.21548,3.44765,8.78193,0.10629,-0.13317,-0.07575,31.2556367,75.7052033,0.220,124.80
57.538,-0.33998,3.46680,8.47069,-0.00611,-0.07575,-0.11240,31.2556367,75.7052033,0.220,124.80
57.642,-0.50757,3.59130,9.11712,-0.10263,0.07575,-0.00244,31.2556486,75.7052075,0.190,124.80
57.745,-0.34477,3.56257,9.29429,-0.02810,-0.03299,-0.00611,31.2556486,75.7052075,0.190,124.80
57.847,-0.35913,3.76847,9.19852,-0.00855,0.01466,0.02688,31.2556486,75.7052075,0.190,124.80
57.950,-0.31603,3.75890,9.51456,0.02199,-0.04643,0.05986,31.2556486,75.7052075,0.190,124.80
58.052,-0.13408,3.70622,8.85855,0.06964,-0.04398,0.05009,31.2556486,75.7052075,0.190,124.80
58.154,-0.10056,3.59609,8.93516,0.00611,-0.02443,0.03665,31.2556486,75.7052075,0.190,124.80
58.258,-0.27294,3.55778,8.93516,-0.02810,-0.02443,-0.00122,31.2556486,75.7052075,0.190,124.80
58.360,-0.19632,3.64398,9.01178,-0.04765,0.05986,0.02688,31.2556486,75.7052075,0.190,124.80
58.464,-0.07661,3.60567,9.13148,-0.02810,0.02199,-0.05864,31.2556486,75.7052075,0.190,124.80
58.565,-0.33998,3.50032,9.12670,-0.05253,-0.05620,-0.02810,31.2556486,75.7052075,0.190,124.80
58.668,-0.48842,3.51469,9.10754,-0.09163,0.06231,0.04887,,,,
58.769,-0.22505,3.52426,9.62948,-0.07330,0.05620,0.01588,,,,
58.872,-0.07183,3.62482,9.13627,-0.04520,-0.13928,0.01710,,,,
58.975,0.07183,3.34709,9.12191,-0.02077,-0.06964,0.00000,,,,
59.077,-0.01915,3.41413,8.85376,-0.01344,-0.09285,-0.07575,,,,
59.181,-0.13408,3.37104,9.30387,-0.05742,0.05864,-0.06353,,,,
59.284,-0.28252,3.39498,9.33739,0.04276,-0.00244,-0.08919,,,,
59.386,-0.19154,3.39977,9.03572,-0.04154,-0.04276,0.00244,,,,
59.489,-0.04310,3.41892,9.46667,-0.04154,-0.05131,0.00244,,,,
59.590,-0.08140,3.49075,9.05487,0.04887,-0.06353,-0.00489,,,,
59.694,-0.11013,3.35188,9.16500,0.03543,0.01710,0.00611,31.2556678,75.7052081,0.510,124.80
59.796,0.09098,3.12204,9.05966,-0.03054,-0.05986,-0.03543,31.2556678,75.7052081,0.510,124.80
59.900,-0.06225,3.29442,9.16500,-0.07330,-0.02443,-0.07575,31.2556678,75.7052081,0.510,124.80
60.002,-0.17238,3.28484,9.45231,-0.05376,-0.01466,-0.02443,31.2556678,75.7052081,0.510,124.80
60.108,-0.26815,3.41413,9.12191,-0.02077,0.00244,0.02688,31.2556678,75.7052081,0.510,124.80
60.211,-0.17238,3.39019,9.54329,-0.00244,0.07330,0.13073,31.2556678,75.7052081,0.510,124.80
60.312,0.02394,3.30879,9.33260,0.05986,0.05253,0.11240,31.2556678,75.7052081,0.510,124.80
60.414,0.08140,3.35188,9.05487,0.05376,0.04154,0.08308,31.2556678,75.7052081,0.510,124.80
60.518,0.08140,3.28006,9.28471,-0.02566,0.04398,0.08674,31.2556678,75.7052081,0.510,124.80
60.621,-0.01437,3.41413,9.39964,0.01100,0.02077,0.05498,31.2556678,75.7052081,0.510,124.80
60.723,-0.22027,3.67271,9.06924,0.06964,0.07575,0.07208,31.2556763,75.7052173,0.660,124.80
60.826,-0.58897,3.66313,8.95910,0.07086,0.08063,0.16982,31.2556763,75.7052173,0.660,124.80
60.929,-0.47884,3.75411,8.98304,0.03910,0.15760,0.34575,31.2556763,75.7052173,0.660,124.80
61.033,0.04788,3.45723,8.80587,0.00489,0.20036,0.38607,31.2556763,75.7052173,0.660,124.80
61.137,0.11013,3.22738,9.57681,-0.00855,0.10263,0.31398,31.2556763,75.7052173,0.660,124.80
61.239,-0.06704,3.40455,9.17458,0.05986,0.08308,0.17471,31.2556763,75.7052173,0.660,124.80
61.341,-0.07183,3.47159,9.14106,0.04276,0.08674,0.11851,31.2556763,75.7052173,0.660,124.80
61.444,-0.11492,3.58651,8.89685,-0.00489,0.03421,0.07330,31.2556763,75.7052173,0.660,124.80
61.546,-0.08140,3.75890,9.13148,-0.07697,0.08796,0.09529,31.2556763,75.7052173,0.660,124.80
61.647,-0.25857,3.79242,9.39485,0.05009,-0.04276,0.00733,31.2556836,75.7052241,0.340,124.80
61.749,-0.17238,3.86903,8.97826,0.06231,-0.03665,0.03054,31.2556836,75.7052241,0.340,124.80
61.852,-0.14844,3.78284,8.93516,0.03543,-0.15027,-0.01955,31.2556836,75.7052241,0.340,124.80
61.954,-0.17717,3.89776,9.09318,-0.06720,-0.01344,0.03054,31.2556836,75.7052241,0.340,124.80
62.057,-0.23463,3.92170,9.25119,0.01710,-0.02688,-0.09896,31.2556836,75.7052241,0.340,124.80
62.159,-0.34477,4.03184,9.32781,-0.00733,0.01588,-0.00611,31.2556836,75.7052241,0.340,124.80
62.261,-0.42138,4.02226,9.27035,0.03421,-0.06353,-0.04154,31.2556836,75.7052241,0.340,124.80
62.364,-0.42617,4.17070,9.01656,0.03299,0.04520,0.03910,31.2556836,75.7052241,0.340,124.80
62.467,-0.17238,4.00311,9.15064,-0.00244,0.00122,0.09041,31.2556836,75.7052241,0.340,124.80
62.570,0.16281,3.97916,9.03572,-0.01222,0.03176,-0.01344,31.2556836,75.7052241,0.340,124.80
62.672,0.55067,3.74932,8.99262,0.20281,-0.11973,-0.23457,31.2556927,75.7052296,0.020,124.80
62.773,0.42617,4.26168,9.05966,0.01466,0.09652,-0.05620,31.2556927,75.7052296,0.020,124.80
62.876,0.99120,4.18506,9.03572,-0.29810,-0.19303,-0.18204,31.2556927,75.7052296,0.020,124.80
62.978,1.34554,4.98952,9.13627,-0.30299,-0.33231,-0.44471,31.2556927,75.7052296,0.020,124.80
63.079,1.33118,5.03261,9.23204,0.22480,-0.24679,-0.30788,31.2556927,75.7052296,0.020,124.80
63.183,-1.11091,4.95600,10.18972,0.92363,0.30543,-0.10751,31.2556927,75.7052296,0.020,124.80
63.286,-3.15556,4.29520,9.69173,0.15516,-0.79779,0.40684,31.2556927,75.7052296,0.020,124.80
63.387,-0.76136,3.28963,9.64384,-0.72937,-0.54734,1.06901,31.2556927,75.7052296,0.020,124.80
63.490,0.88107,2.76291,7.08205,-0.03054,0.23946,0.58032,31.2556927,75.7052296,0.020,124.80
63.593,0.74220,2.89698,8.95910,0.73304,1.16431,0.96883,31.2556927,75.7052296,0.020,124.80
63.695,0.90980,4.60644,7.47470,0.07453,0.18937,0.92729,,,,
63.797,1.45089,5.17148,8.78193,-0.46059,0.65729,0.98716,,,,
63.899,0.54109,4.48195,9.49540,0.37263,0.61820,0.21869,,,,
64.001,0.11971,4.56335,7.92002,0.27978,-0.59376,-0.81123,,,,
64.104,-0.78051,4.30956,9.09318,0.19426,0.48747,0.11118,,,,
64.205,0.56982,3.17950,7.98706,-0.16127,-0.21991,-0.15149,,,,
64.307,-0.44532,3.36146,8.59040,-0.20159,0.06964,0.58277,,,,
64.409,1.56581,3.44286,9.91199,-0.28711,0.19792,0.93707,,,,
64.513,1.81002,4.31914,7.94875,-0.27245,-0.24190,0.53634,,,,
64.616,2.69108,4.75967,9.00220,-0.12584,0.43860,0.59987,,,,
64.717,2.57616,4.20901,10.33816,0.49114,0.38118,0.41050,,,,
64.819,2.12605,4.24731,10.20888,0.17959,0.33353,0.39095,,,,
64.922,0.57940,2.28886,8.95910,-0.23702,-0.41539,0.11729,,,,
65.026,-0.93853,3.89776,7.18261,0.11973,0.71471,-0.32498,,,,
65.130,0.54109,2.91614,8.93995,-0.80023,0.04765,0.57910,,,,
65.233,1.01035,4.51068,8.22169,0.32132,0.33842,0.14172,,,,
65.334,0.42138,4.37660,13.15853,0.63897,0.12706,0.56810,,,,
65.438,0.82839,4.48195,10.31422,0.60231,0.11240,0.61087,,,,
65.542,1.85790,1.90578,8.37013,-0.19426,-0.43860,0.12584,,,,
65.645,0.54588,3.17471,7.60877,-0.21747,0.07819,0.28955,31.2556913,75.7052261,0.720,193.80
65.747,1.03908,4.38139,7.98706,0.27611,0.05253,0.19548,31.2556913,75.7052261,0.720,193.80
65.851,-0.48842,4.27126,12.05241,0.57910,1.38056,1.41721,31.2556913,75.7052261,0.720,193.80
65.953,-1.67115,4.29520,9.06445,0.22480,1.04458,1.73364,31.2556913,75.7052261,0.720,193.80
66.055,0.78530,2.76291,7.26401,-0.61453,0.15882,1.70309,31.2556913,75.7052261,0.720,193.80
66.158,-0.58419,3.66792,8.07804,0.09529,1.27549,1.92300,31.2556913,75.7052261,0.720,193.80
66.262,0.04310,2.12605,9.42837,-0.38362,0.17593,1.95355,31.2556913,75.7052261,0.720,193.80
66.364,1.47004,2.36547,6.90488,0.93951,0.53145,1.33169,31.2556913,75.7052261,0.720,193.80
66.467,2.18351,3.96959,9.72046,-0.18448,0.23824,0.84910,31.2556913,75.7052261,0.720,193.80
66.571,3.15077,3.16035,13.29261,0.24923,0.22358,1.18508,31.2556913,75.7052261,0.720,193.80
66.672,3.21302,2.94966,8.50899,-0.32865,-0.44593,-0.02688,31.2556920,75.7052284,0.450,197.70
66.774,2.55701,1.59454,6.32548,-0.47281,-0.29932,-0.37996,31.2556920,75.7052284,0.450,197.70
66.877,0.86670,3.13162,8.59518,0.36285,0.15149,-0.62064,31.2556920,75.7052284,0.450,197.70
66.981,0.26815,2.30322,13.49372,-0.13928,0.19181,1.27304,31.2556920,75.7052284,0.450,197.70
67.084,1.44131,2.76770,9.57202,0.00977,0.30910,1.17164,31.2556920,75.7052284,0.450,197.70
67.187,-1.92015,1.70946,10.54885,0.63163,-0.55589,0.01222,31.2556920,75.7052284,0.450,197.70
67.289,-0.22984,1.36948,4.54898,0.22480,0.24068,1.45997,31.2556920,75.7052284,0.450,197.70
67.391,3.02148,1.58496,10.11311,-0.75992,1.36589,1.48929,31.2556920,75.7052284,0.450,197.70
67.494,1.68552,3.61046,17.82244,1.07146,-0.47647,0.52901,31.2556920,75.7052284,0.450,197.70
67.596,4.18506,3.68228,5.77960,0.80390,0.37751,0.65240,31.2556920,75.7052284,0.450,197.70
67.699,4.56335,0.57461,5.15232,0.50702,0.47892,-0.46304,31.2556949,75.7052300,0.720,199.00
67.801,1.54187,0.22027,13.76187,-0.38851,-0.01344,-0.39951,31.2556949,75.7052300,0.720,199.00
67.904,0.84755,1.70946,6.36858,-0.28955,-1.44653,-0.90408,31.2556949,75.7052300,0.720,199.00
68.006,2.20267,3.51469,9.02614,-0.62553,-0.22358,-0.44838,31.2556949,75.7052300,0.720,199.00
68.108,0.14365,4.41012,15.87835,0.37263,0.30665,0.14050,31.2556949,75.7052300,0.720,199.00
68.212,-0.13886,1.52750,10.89841,0.98594,0.76114,1.24006,31.2556949,75.7052300,0.720,199.00
68.315,-0.21548,1.38385,4.42448,1.00060,0.52412,0.55711,31.2556949,75.7052300,0.720,199.00
68.417,-0.25379,3.19865,7.05811,-0.40806,1.13254,0.93707,31.2556949,75.7052300,0.720,199.00
68.519,1.20189,3.73017,9.11233,-0.12462,0.57910,1.03847,31.2556949,75.7052300,0.720,199.00
68.622,3.38061,2.77727,12.40675,-0.25290,0.33842,0.72571,31.2556949,75.7052300,0.720,199.00
68.723,0.62249,4.94163,13.05319,-0.11973,0.42028,-0.25412,31.2556898,75.7052276,1.480,183.70
68.825,2.47560,3.23696,7.74285,-0.32620,-1.31947,-0.72937,31.2556898,75.7052276,1.480,183.70
68.927,1.68073,1.21147,8.93037,0.54000,0.74281,0.24068,31.2556898,75.7052276,1.480,183.70
69.029,1.17316,2.12605,7.85777,-0.20036,-0.88942,-0.47770,31.2556898,75.7052276,1.480,183.70
69.132,1.72383,3.21302,10.75954,-0.96028,-0.64507,0.24190,31.2556898,75.7052276,1.480,183.70
69.235,3.04542,3.52905,11.38204,0.06109,0.20892,-0.08796,31.2556898,75.7052276,1.480,183.70
69.338,0.47884,2.51870,8.77236,0.80512,-0.18204,0.06475,31.2556898,75.7052276,1.480,183.70
69.440,-0.35434,2.31280,6.11958,0.45815,0.55467,0.66951,31.2556898,75.7052276,1.480,183.70
69.543,0.49799,3.13162,5.92804,0.19670,0.63408,0.56688,31.2556898,75.7052276,1.480,183.70
69.645,1.22583,5.85622,9.27514,-0.02932,1.03969,0.82955,31.2556773,75.7052267,1.170,182.70
69.749,4.18028,5.43963,10.79306,0.58154,-0.83444,-0.13439,31.2556773,75.7052267,1.170,182.70
69.851,3.49553,3.28006,10.57279,0.28833,-0.17715,0.06231,31.2556773,75.7052267,1.170,182.70
69.954,3.23217,2.35111,7.83383,-0.51801,-0.94440,-1.01159,31.2556773,75.7052267,1.170,182.70
70.058,1.12527,2.16436,6.45477,-0.26634,-0.69639,-0.93585,31.2556773,75.7052267,1.170,182.70
70.160,1.15879,3.82593,7.59441,-0.55344,-0.49358,-0.21747,31.2556773,75.7052267,1.170,182.70
70.262,3.10767,3.16992,10.36689,-0.69516,0.00367,0.04520,31.2556773,75.7052267,1.170,182.70
70.365,3.22738,4.03662,11.46823,-0.37507,0.05620,-0.24679,31.2556773,75.7052267,1.170,182.70
70.467,-0.07661,2.96402,9.24641,0.61331,-0.10873,-0.04154,31.2556773,75.7052267,1.170,182.70
70.568,-0.09577,2.04944,5.87058,-0.23579,0.70616,1.01648,31.2556773,75.7052267,1.170,182.70
70.670,0.79966,4.11803,6.69419,0.14050,1.25960,0.70494,31.2556683,75.7052241,1.120,180.30
70.771,2.37984,4.10366,10.79785,-0.00489,1.37689,1.31458,31.2556683,75.7052241,1.120,180.30
70.876,2.92093,5.15711,12.21043,0.54734,0.16127,-0.27733,31.2556683,75.7052241,1.120,180.30
70.979,3.02627,3.98874,10.77391,0.48625,-0.79535,-0.09774,31.2556683,75.7052241,1.120,180.30
71.080,2.96402,2.87783,9.52413,0.72571,-0.16860,-0.92607,31.2556683,75.7052241,1.120,180.30
71.183,0.52672,1.92973,7.15387,1.11788,-0.56200,-0.74770,31.2556683,75.7052241,1.120,180.30
71.286,-0.29209,3.31358,6.48829,-0.04887,-1.19730,-0.61453,31.2556683,75.7052241,1.120,180.30
71.389,0.47884,5.01825,10.49618,-1.02503,0.32376,-0.23213,31.2556683,75.7052241,1.120,180.30
71.492,-0.36871,6.27760,12.13860,-1.41721,-0.50335,-0.10140,31.2556683,75.7052241,1.120,180.30
71.595,-1.29766,5.13796,8.35098,0.42028,0.09774,0.23457,31.2556683,75.7052241,1.120,180.30
71.697,-1.04387,2.89220,6.71813,0.07086,0.57299,0.99571,31.2556547,75.7052249,1.130,178.00
71.800,1.34075,2.37984,6.22971,-0.16005,0.45448,1.06779,31.2556547,75.7052249,1.130,178.00
71.901,3.86424,3.78763,9.38048,0.01588,1.33902,0.88087,31.2556547,75.7052249,1.130,178.00
72.004,4.31914,4.41491,12.90954,-0.01100,-0.32254,-0.06475,31.2556547,75.7052249,1.130,178.00
72.106,3.49075,3.09331,12.33493,0.62553,-0.47403,-0.38485,31.2556547,75.7052249,1.130,178.00
72.207,2.53307,2.43730,7.69018,0.26878,-0.46914,-1.06535,31.2556547,75.7052249,1.130,178.00
72.310,0.65601,1.77650,6.60800,-0.14172,-0.96761,-0.96395,31.2556547,75.7052249,1.130,178.00
72.413,0.39265,3.49075,6.87136,-0.29322,-0.27733,-0.62430,31.2556547,75.7052249,1.130,178.00
72.515,0.96247,4.01747,10.97023,-0.35919,0.72326,0.15882,31.2556547,75.7052249,1.130,178.00
72.618,0.71826,4.00311,14.48492,-0.82589,0.69761,0.79657,31.2556452,75.7052216,1.230,180.60
72.719,-0.36871,3.12204,9.44752,0.41661,-0.83444,-0.55344,31.2556452,75.7052216,1.230,180.60
72.821,-0.87149,3.39498,5.42047,-0.06720,0.40928,0.76603,31.2556452,75.7052216,1.230,180.60
72.925,1.07260,3.05979,6.96234,0.08186,0.62064,0.99327,31.2556452,75.7052216,1.230,180.60
73.027,3.28963,3.79720,8.93995,-0.48381,0.39218,0.93218,31.2556452,75.7052216,1.230,180.60
73.129,4.20422,4.11324,11.89439,-0.16493,0.18326,-0.14294,31.2556452,75.7052216,1.230,180.60
73.231,3.11725,1.57538,9.49540,-0.15638,-0.08186,-0.09652,31.2556452,75.7052216,1.230,180.60
73.335,2.48997,1.01035,9.75877,0.27122,0.62675,-0.92729,31.2556452,75.7052216,1.230,180.60
73.437,0.73263,0.84276,8.80587,-0.64385,-0.91752,-1.40621,31.2556452,75.7052216,1.230,180.60
73.539,-0.72305,1.91536,9.81623,-0.23946,-0.77580,-0.73426,31.2556452,75.7052216,1.230,180.60
73.642,-1.59454,2.96881,10.13705,-0.54489,-0.31398,0.37629,31.2556365,75.7052147,1.020,185.20
73.745,-1.19231,1.59933,12.41633,0.05986,0.63041,1.30114,31.2556365,75.7052147,1.020,185.20
73.848,-1.04866,2.20267,8.05409,0.18692,0.55955,0.71838,31.2556365,75.7052147,1.020,185.20
73.952,0.57940,1.19231,7.92960,-0.00977,0.20036,1.20707,31.2556365,75.7052147,1.020,185.20
74.055,2.67193,1.31681,8.23605,-0.30543,-0.14661,0.96395,31.2556365,75.7052147,1.020,185.20
74.159,3.75411,1.69031,10.78827,0.01588,-0.18204,0.36530,31.2556365,75.7052147,1.020,185.20
74.264,3.84030,0.90980,12.03805,-0.27733,-0.07819,-0.18326,31.2556365,75.7052147,1.020,185.20
74.368,3.57694,0.14844,8.42759,0.34208,-0.81489,-1.50517,31.2556365,75.7052147,1.020,185.20
74.472,1.53708,0.56503,8.33661,-0.07208,-0.54489,-0.76847,31.2556365,75.7052147,1.020,185.20
74.576,1.78129,1.35033,8.10198,0.19792,-0.65363,-0.79901,31.2556365,75.7052147,1.020,185.20
74.681,2.54743,2.42293,8.92558,0.15882,-0.15760,-0.43249,31.2556288,75.7052142,0.890,187.70
74.787,3.05021,2.48039,10.37168,-0.34086,0.21014,0.19303,31.2556288,75.7052142,0.890,187.70
74.892,1.60412,1.54187,9.21289,0.27367,0.22358,-0.14294,31.2556288,75.7052142,0.890,187.70
74.996,0.58897,1.82438,7.28316,0.04276,0.23457,0.55711,31.2556288,75.7052142,0.890,187.70
75.100,2.44209,2.28407,7.80031,0.56077,0.34453,0.46181,31.2556288,75.7052142,0.890,187.70
75.205,3.87382,3.11725,10.05086,0.17104,0.39462,0.84666,31.2556288,75.7052142,0.890,187.70
75.308,4.92727,3.56257,11.68849,-0.04765,0.16982,-0.49236,31.2556288,75.7052142,0.890,187.70
75.411,2.63841,1.54665,7.43639,0.87842,-0.77946,-1.24128,31.2556288,75.7052142,0.890,187.70
75.514,1.48919,2.90656,8.84418,0.29199,0.80756,-0.17959,31.2556288,75.7052142,0.890,187.70
75.618,1.28329,2.06380,7.61835,-0.34208,-0.96639,-0.49847,31.2556288,75.7052142,0.890,187.70
75.723,0.80924,3.24654,8.04931,0.30543,-0.10873,0.28711,31.2556288,75.7052142,0.890,187.70
75.827,1.01993,3.22738,10.26155,-0.34941,0.47770,0.91996,31.2556288,75.7052142,0.890,187.70
75.931,0.87149,0.89543,11.72680,-0.46426,-0.21869,0.94684,31.2556288,75.7052142,0.890,187.70
76.035,-0.63686,2.86825,8.31267,0.65363,0.99693,0.38607,31.2556288,75.7052142,0.890,187.70
76.141,0.21548,2.35589,8.13071,-0.30421,0.29932,1.01159,31.2556288,75.7052142,0.890,187.70
76.243,1.44131,2.56180,8.53772,0.12462,0.52412,1.20829,31.2556288,75.7052142,0.890,187.70
76.347,3.40455,2.05901,11.38682,-0.03787,-0.14294,0.45326,31.2556288,75.7052142,0.890,187.70
76.451,2.50912,2.48518,12.51210,-0.02810,0.26756,0.28833,31.2556288,75.7052142,0.890,187.70
76.557,3.10767,1.91057,7.84340,-0.33475,-0.68661,-0.48747,31.2556288,75.7052142,0.890,187.70
76.662,2.16915,0.72305,8.30788,0.39951,-0.14661,-0.48258,,,,
76.765,0.19632,2.64320,8.50420,0.31887,-0.24190,-0.00977,,,,
76.871,0.42617,1.96325,9.94551,0.25901,-0.07819,0.67806,,,,
76.974,1.06303,2.37505,10.35253,-0.71227,1.16675,1.47341,,,,
77.078,1.21147,1.69031,9.55287,0.05131,-0.50580,-0.18815,,,,
77.184,-0.14844,2.67193,7.13472,0.60964,0.81734,1.43065,,,,
77.288,2.23140,2.14520,8.86333,-0.03665,0.49602,1.04336,,,,
77.391,2.21703,2.45645,10.33337,0.05131,0.02199,0.56688,,,,
77.495,3.09810,2.99754,9.85453,0.23579,-0.40439,0.44593,,,,
77.599,3.97916,0.17717,11.06600,0.18570,-0.52290,0.55100,,,,
77.700,2.49955,1.73340,9.49062,0.69272,0.52046,-0.22113,,,,
77.804,2.02071,1.52271,8.34140,-0.01955,-0.73915,-0.38729,,,,
77.907,1.14922,2.72939,8.20732,0.43616,0.22480,0.20159,,,,
78.011,1.94888,2.91614,9.55287,0.29932,0.55100,0.49969,,,,
78.115,2.04465,3.42371,9.73961,-0.15638,0.14050,0.67195,,,,
78.220,2.83473,1.78607,10.33816,-0.14783,0.54000,0.99449,,,,
78.324,0.86670,2.32238,7.87692,0.45693,-0.10140,0.31154,,,,
78.428,1.24498,2.19788,8.48026,-0.19670,0.43616,0.71960,,,,
78.533,2.60489,3.16035,8.40365,-0.02688,0.51924,0.31276,,,,
78.638,3.50032,3.22738,8.61913,-0.11484,0.34941,0.19670,,,,
78.742,4.08451,2.55701,9.91678,0.30543,0.00611,-0.53756,,,,
78.847,3.38061,2.12126,10.31422,0.01955,-0.46426,-0.91752,,,,
78.951,3.44765,1.53229,9.66779,0.17104,-0.87720,-1.71409,,,,
79.056,2.67672,1.71904,8.49942,-0.07330,-0.60353,-1.55771,,,,
79.159,2.34153,1.52750,8.55209,-0.02932,-0.89797,-1.78128,,,,
79.262,1.35033,2.96881,8.04452,-0.10263,-0.65729,-0.92118,,,,
79.366,1.46046,3.28484,10.52970,-0.55955,-0.03299,0.03299,,,,
79.469,0.55545,3.54342,11.92312,-0.46548,0.88331,0.38362,,,,
79.572,0.29688,1.85311,8.37013,-0.11851,-0.49602,-0.10873,,,,
79.675,0.69432,2.31759,6.81869,-0.06964,0.84788,0.64141,,,,
79.780,1.58496,2.51870,8.59997,0.03299,0.59254,0.53267,,,,
79.885,2.70545,3.11246,9.97903,0.05498,0.37141,0.53390,,,,
79.990,3.40934,3.58173,10.35732,0.14172,-0.53267,-0.19426,,,,
80.095,3.52426,1.82917,9.77313,0.43982,-0.82100,-0.66096,,,,
80.199,2.49476,2.11169,8.81545,0.57299,0.31521,-0.91263,,,,
80.304,1.32160,1.60890,8.05888,0.14905,-0.93951,-1.05924,,,,
80.408,0.94810,2.76291,7.42203,0.30299,-0.38240,-0.36163,,,,
80.512,1.50835,3.04064,10.14663,-0.39218,-0.23824,0.20281,,,,
80.617,1.18752,2.38462,12.44506,-0.46914,0.32498,0.80879,,,,
80.720,0.03352,3.27527,8.85376,0.09652,0.27367,-0.60353,,,,
80.824,0.32082,3.11725,7.60877,0.36896,0.53267,0.19303,,,,
80.926,1.84354,3.08852,6.96713,-0.35186,0.43982,0.68050,,,,
81.030,2.86825,3.67271,8.89685,-0.07941,0.11484,-0.16493,,,,
81.134,4.98952,4.81235,9.97903,-0.20892,-1.28282,-0.64874,,,,
81.236,2.65278,1.83396,10.22803,0.96395,-0.40928,-0.47159,,,,
81.341,1.10612,2.77249,8.74841,0.69516,0.06109,-0.57788,,,,
81.446,1.87227,2.13563,6.38773,-0.44715,-1.00671,-0.45326,,,,
81.549,1.91536,2.96402,8.39886,-0.18448,0.16005,-0.18937,,,,
81.653,2.29843,2.99275,10.64462,-0.21747,-0.15027,0.04276,,,,
81.757,0.98641,2.81558,11.65976,-0.32498,0.98349,0.89553,,,,
81.860,0.60813,2.82995,9.32302,-0.24923,-0.10140,-0.86499,,,,
81.964,0.98162,2.91135,7.46033,-0.34453,-0.02932,0.27122,,,,
82.068,1.98719,3.75890,7.30710,0.15272,0.25901,0.48503,,,,
82.173,2.77727,3.72059,10.37647,0.07208,-0.02199,0.00489,,,,
82.277,3.22260,5.39653,9.63427,-0.25534,-0.19670,-0.05986,,,,
82.383,3.88340,1.29766,8.02536,-0.44349,-1.31458,-0.74892,,,,
82.488,2.33674,1.98719,8.85376,0.74159,0.85765,-0.29810,,,,
82.593,1.76692,2.54743,8.08761,-0.16616,-0.67317,-0.68661,,,,
82.696,1.31202,2.55701,11.04206,0.09407,-0.13439,-0.05742,,,,
82.800,1.40779,3.75890,9.01178,0.27978,-0.07819,0.26878,,,,
82.903,0.55545,2.37984,10.00776,0.02443,0.16249,0.50702,,,,
83.008,-1.17316,3.68228,8.00142,0.48503,0.90286,0.64019,,,,
83.113,1.60412,2.71502,7.83383,0.04643,0.47892,1.14965,,,,
83.216,2.88262,3.28484,9.40921,0.09285,0.52779,0.88087,,,,
83.319,2.13563,4.23295,10.87925,0.42516,-0.00855,-0.05864,,,,
83.424,2.65278,4.69264,9.84496,-0.10018,-0.11240,0.37018,,,,
83.527,3.68707,2.62883,7.10599,0.09285,-0.99082,-0.55589,,,,
83.630,2.19309,2.46603,8.69095,0.22602,0.62675,-0.15516,,,,
83.732,1.74298,2.75333,8.71968,-0.40561,-0.70616,-0.59620,,,,
83.835,1.66636,3.72059,8.28394,0.14661,0.01344,-0.04276,,,,
83.939,2.22661,3.50990,10.30464,-0.20647,0.11240,0.31276,,,,
84.042,1.61369,3.70622,11.05163,-0.15638,0.38485,0.32498,,,,
84.146,0.66080,2.99275,7.56089,0.32865,-0.60353,-0.26512,,,,
84.250,0.27294,3.49553,7.63750,-0.24923,0.80634,0.49480,,,,
84.353,1.83396,3.97916,8.94474,-0.13195,0.41661,0.06964,,,,
84.457,1.99198,4.61123,8.60476,0.20525,0.05131,0.10751,,,,
84.561,2.45166,4.00311,9.68694,0.20769,-0.12706,0.25412,,,,
84.664,3.14119,4.36224,9.72046,0.07086,-0.23824,-0.11729,,,,
84.769,2.63362,2.09732,9.27035,0.20769,-0.80146,-0.27611,,,,
84.872,2.33195,2.60489,8.98304,0.19548,0.40684,-0.38485,,,,
84.976,2.13563,2.55701,8.38449,-0.30788,-0.62308,-0.66462,,,,
85.082,1.35991,3.50511,8.01100,0.26145,-0.10018,-0.07208,,,,
85.186,2.01113,3.50032,9.33739,-0.18448,0.13683,0.33353,,,,
85.290,2.01113,4.51546,10.02213,0.17471,0.38118,0.00244,,,,
85.392,1.08697,3.67749,10.52970,-0.00367,0.21014,0.86987,,,,
85.495,1.13006,2.79164,6.06212,0.84910,0.07086,0.50824,,,,
85.599,1.83396,3.01191,6.95755,-0.66829,0.54978,0.67440,,,,
85.703,2.45166,3.44765,8.83939,-0.25901,0.61453,0.22602,,,,
85.809,1.73340,4.73573,8.73405,0.02566,0.33353,0.33964,,,,
85.912,3.20823,3.62482,10.14184,0.05986,-0.75869,0.25290,,,,
86.017,3.27527,3.24175,10.47703,-0.10996,0.39218,0.09774,,,,
86.122,3.16035,2.09253,6.81869,-0.72326,-1.45019,-1.26083,,,,
86.225,1.73340,2.64799,8.91122,0.53390,1.00426,-0.23091,,,,
86.328,1.78129,2.58095,9.48583,-0.01588,-0.36652,-0.53390,,,,
86.432,1.25935,3.36146,7.62793,-0.06842,-0.12706,-0.01344,,,,
86.534,1.73819,3.13162,10.99417,-0.08796,0.12828,0.18448,,,,
86.636,0.20590,2.54743,12.27268,-0.07697,0.16493,0.56566,,,,
86.739,-1.58975,3.27048,7.20655,0.98838,0.00733,-0.12706,,,,
86.842,-1.36948,3.70144,6.28239,-0.04887,0.53878,0.99693,,,,
86.945,1.54665,3.58651,8.06367,-0.22358,0.69272,1.05069,,,,
87.048,1.92494,4.53462,8.96868,-0.05498,0.59254,0.82711,,,,
87.151,3.06937,4.35745,10.76433,0.13683,-0.17471,0.52046,,,,
87.253,3.08852,3.03106,11.18092,0.08919,-0.07208,0.38362,,,,
87.355,3.72059,2.88262,7.58483,-0.03787,-0.47892,-0.98594,,,,
87.457,1.75734,1.85790,9.54808,0.63408,-0.28711,-0.53756,,,,
87.559,0.52672,3.56257,7.50343,0.38973,-0.60353,-0.36163,,,,
87.662,1.71904,3.73974,7.11078,-0.40439,-0.46670,0.08674,,,,
87.764,2.09253,3.98874,11.44907,-0.23335,0.95417,0.27611,,,,
87.866,0.71347,3.96959,11.42992,-0.07453,0.18204,0.56688,,,,
87.968,0.60334,3.54342,7.01501,0.49847,0.00611,0.05253,,,,
88.071,0.63686,3.32794,8.02536,-0.32498,0.32742,0.33109,,,,
88.174,1.60412,4.32872,7.37414,-0.14050,0.36896,0.34697,,,,
88.277,2.39899,4.87938,9.14585,-0.06353,0.18204,0.26512,,,,
88.380,2.97360,4.80277,11.06121,0.07453,-0.22358,0.07941,,,,
88.484,2.27928,3.97437,11.55921,0.19548,0.01466,0.14416,,,,
88.586,2.87304,3.41413,6.60321,-0.26145,-0.79290,-0.71593,,,,
88.689,2.30801,1.68073,7.89129,0.03176,-0.24068,-0.13073,,,,
88.791,1.13485,3.29921,7.69018,0.42883,-0.28222,-0.23335,,,,
88.894,1.98240,4.14197,8.43238,-0.20281,-0.19548,-0.03665,,,,
88.996,2.33674,5.23851,10.37647,-0.52412,0.71105,0.32132,,,,
89.098,-0.16759,4.01747,11.17613,0.39095,-0.16005,0.33598,,,,
89.202,-0.91937,3.37582,6.08127,0.83322,0.32132,0.83444,,,,
89.304,0.99599,2.54264,6.49307,-0.20525,0.40928,1.24983,,,,
89.406,2.76770,4.25689,7.13951,-0.13561,1.05069,0.77091,,,,
89.510,3.78284,4.89854,10.92235,0.05742,0.29688,0.27245,,,,
89.611,4.17549,5.13317,11.31979,-0.38485,-0.21502,0.50213,,,,
89.713,3.81636,2.05901,7.62793,0.08674,-1.63590,-0.70005,,,,
89.817,1.99198,1.58975,7.10120,0.26023,0.24435,-0.27367,,,,
89.920,1.27850,1.88663,7.72848,-0.60964,-0.41172,-1.05558,,,,
90.023,1.25935,3.24175,8.52336,-0.35430,-0.48991,-0.21502,,,,
90.124,2.34632,4.71658,10.78827,0.07941,0.74892,0.18082,,,,
90.227,1.61848,3.75411,14.66688,-0.43738,0.56077,0.51191,,,,
90.329,-0.22505,3.13162,7.12036,0.94562,-0.15394,0.03787,,,,
90.432,0.30167,2.77727,6.50265,0.12584,0.45937,0.81123,,,,
90.534,1.47004,4.00311,6.30633,-0.17715,0.68417,0.97128,,,,
90.637,3.29921,4.26647,9.30866,-0.17104,1.05680,0.85521,,,,
90.740,4.19943,4.56814,11.61188,-0.01100,-0.29444,0.32376,,,,
90.842,4.14197,2.68151,13.03403,-0.05620,0.14294,0.65729,,,,
90.945,3.12683,2.08296,7.74285,-0.01344,-0.77580,-1.36345,,,,
91.047,1.99676,1.36948,7.79073,0.03787,-0.42394,-0.58277,,,,
91.150,1.36948,2.63362,7.55131,0.04520,-0.29566,-0.20036,,,,
91.253,1.82438,3.25133,9.11712,-0.34941,-0.20769,0.19670,,,,
91.356,2.96881,4.09887,10.68772,0.11240,0.20525,0.26145,,,,
91.459,2.29843,1.94409,9.67736,0.14172,-0.46181,0.26023,,,,
91.562,-0.14844,3.26090,6.30154,0.56200,0.60109,0.33109,,,,
91.664,0.97205,2.95923,6.95276,0.06597,0.54245,1.17408,,,,
91.766,3.33752,3.23217,8.64307,0.03665,0.61087,1.03481,,,,
91.868,3.49075,4.29520,11.15698,0.51068,0.38851,0.09896,,,,
91.972,4.83150,3.84988,9.60075,-0.42394,0.22969,0.53634,,,,
92.075,4.92248,1.22583,8.21211,-0.61575,-1.47707,-1.24250,,,,
92.177,2.23140,1.72383,8.87291,0.31765,0.26389,-0.67073,,,,
92.281,1.34075,2.47082,8.13071,-0.15882,-0.80879,-1.00548,,,,
92.384,1.46046,3.29442,7.00543,0.01588,-0.26145,-0.06231,,,,
92.487,2.54743,2.97360,11.77947,-0.28833,0.98227,0.73793,,,,
92.590,1.39343,3.34709,13.20642,-0.39706,0.74648,0.61575,,,,
92.693,0.06225,3.45244,7.57525,0.52046,-0.12706,0.14050,,,,
92.795,1.27372,1.88184,7.14909,-0.19303,0.54245,1.15576,,,,
92.897,2.44687,3.30879,8.12113,0.19303,0.86132,0.80756,,,,
93.000,3.94564,3.79720,8.80109,-0.10385,0.12950,0.55344,,,,
93.102,5.64553,3.63440,9.59596,0.31398,-0.46670,-0.24801,,,,
93.204,4.88417,0.90022,13.36443,0.34697,0.52290,0.16738,,,,
93.306,2.37505,1.95367,8.86333,0.46059,-0.57544,-1.82771,,,,
93.408,1.56581,1.82917,6.72292,-0.40806,-0.86621,-0.64507,,,,
93.513,1.45567,2.05901,8.16423,-0.00489,-0.33353,-0.43005,,,,
93.616,1.84354,3.22738,9.51456,-0.32620,-0.15638,-0.10996,,,,
93.717,2.27928,4.02705,11.45865,-0.64141,0.61820,0.46059,,,,
93.819,1.12527,2.17872,9.67736,0.14783,-0.76969,-0.37507,,,,
93.922,0.11971,3.49075,5.46836,0.41172,0.59498,0.53756,,,,
94.025,2.37505,2.14042,7.96790,-0.09285,0.47281,0.89675,,,,
94.127,3.11725,3.38061,8.01579,-0.13683,0.46548,0.60476,,,,
94.229,3.68707,4.15633,9.91199,0.06842,0.22724,0.00733,,,,
94.331,3.66792,4.50110,12.70842,-0.38118,0.62919,0.86865,,,,
94.433,4.52025,0.45969,8.64786,0.08674,-1.40743,-1.54182,,,,
94.535,2.39420,0.57461,6.99586,0.98838,0.12462,-0.55344,,,,
94.639,1.63285,1.25935,7.44597,-0.36652,-0.89675,-0.78802,,,,
94.741,1.92494,1.69988,8.15465,-0.89919,-0.52046,0.00489,,,,
94.844,3.36146,2.18830,12.10030,-0.49358,-0.45815,0.03054,,,,
94.947,2.94487,2.06380,11.52090,0.01710,0.04643,-0.09041,,,,
95.048,-0.09098,2.98318,7.92960,0.76114,0.40073,-0.07208,,,,
95.152,1.68073,2.00155,6.32069,0.18204,0.31765,0.66584,,,,
95.255,4.08451,3.06937,8.44674,-0.11973,0.67806,0.61331,,,,
95.357,4.65433,3.41892,11.40119,0.23579,0.05864,-0.26512,,,,
95.460,4.51546,3.81157,11.19050,-0.41661,0.27122,0.15760,,,,
95.563,4.42927,0.32561,7.88171,0.07697,-1.41599,-1.62368,,,,
95.666,2.62883,1.65679,7.25443,0.43127,0.21136,-0.94440,,,,
95.768,2.49476,1.31681,8.59040,-0.86376,-1.01770,-0.89431,,,,
95.870,1.96325,1.76692,8.83460,-0.34453,-0.30543,-0.23946,,,,
95.972,2.57137,2.45645,11.01333,-0.19914,0.17104,-0.02077,,,,
96.076,0.34477,2.69587,13.54639,0.01588,1.06657,0.21258,,,,
96.178,-0.95289,3.27527,7.96790,0.77213,0.20281,0.07697,,,,
96.280,1.64242,1.61848,6.32548,-0.21258,-0.15272,1.14720,,,,
96.383,3.34709,3.21302,7.07247,0.15272,0.46914,0.84055,,,,
96.485,4.74531,2.96881,10.98460,0.17593,-0.12462,0.30177,,,,
96.589,3.87382,3.66792,9.80665,0.73304,-0.37996,-0.28588,,,,
96.691,3.30400,1.96325,10.34295,0.32865,-0.00122,0.20403,,,,
96.793,3.23217,2.89220,6.60321,-0.18204,-0.02810,-0.51679,,,,
96.896,3.05021,1.74777,8.60955,-0.41050,-0.17959,-0.58643,,,,
97.000,1.92494,2.74854,8.75320,0.05986,-0.14539,-0.22846,,,,
97.103,2.60489,3.24654,9.77313,-0.18692,-0.01833,0.10751,,,,
97.207,2.83952,2.90177,9.98382,-0.74403,0.06597,0.67562,,,,
97.312,0.72305,1.32160,12.94784,0.14783,-0.00122,-0.06964,,,,
97.416,-0.67038,3.10767,6.08606,0.25901,0.04154,0.58399,,,,
97.519,1.74777,2.31759,7.74764,-0.10873,0.68906,0.85765,,,,
97.623,2.30322,3.37582,8.62391,-0.08308,0.41905,0.59620,,,,
97.727,3.83551,2.57616,10.69729,-0.14050,-0.20403,0.46426,,,,
97.832,4.86023,3.08373,9.69173,0.22113,-0.49724,-0.29322,,,,
97.936,3.73974,0.75657,8.46590,0.11362,-0.90286,-0.42761,,,,
98.041,3.25133,1.54187,9.45231,-0.16493,0.17226,-0.67684,,,,
98.145,2.73418,1.26893,9.12191,-0.17226,-1.02992,-1.19241,,,,
98.250,2.59053,2.16436,7.92002,0.25045,-0.40561,-0.42394,,,,
98.354,2.27928,2.85389,10.28070,-0.03665,0.25168,0.09041,,,,
98.459,1.83396,3.81636,9.98861,0.62308,0.40439,-0.15272,,,,
98.563,1.39821,2.87783,10.00297,0.04398,0.28955,0.41905,,,,
98.667,1.53229,3.38540,6.53138,0.72693,0.15882,0.14172,,,,
98.770,2.13084,3.09331,8.25521,-0.54245,0.87842,0.86865,,,,
98.875,2.33674,3.20823,10.35732,0.04276,0.27122,-0.14905,,,,
98.979,2.14042,2.82037,9.91678,-0.29077,-0.77458,-0.47647,,,,
99.084,2.14999,2.95923,8.57603,0.07330,-0.61820,-0.80146,,,,
99.188,2.95923,2.88741,9.00220,0.57666,-0.86254,-0.70494,,,,
99.296,4.39097,4.07493,8.13071,0.00244,-0.60842,-0.01100,,,,
99.400,4.54419,3.66792,7.08205,0.27367,-0.28344,-0.53634,,,,
99.504,3.91213,4.44843,6.91924,0.03543,-0.10751,-0.24312,,,,
99.608,3.73495,4.02705,7.83862,-0.31398,-0.13928,-0.19914,,,,
99.712,3.78763,4.48195,8.16902,-0.08308,0.08308,-0.45204,,,,
99.816,3.68228,4.49631,8.20732,-0.16249,-0.32254,-0.11851,,,,
99.921,3.83551,4.43885,7.69496,0.02810,-0.11973,-0.33475,,,,
100.024,3.00712,4.77404,7.89608,-0.10507,0.01833,-0.16371,,,,
100.129,3.36625,4.52504,7.82425,0.05742,-0.09041,-0.04643,,,,
100.233,3.49553,4.52504,7.40287,-0.06109,0.02321,0.22602,,,,
100.337,3.37582,4.33351,8.23605,0.00367,0.29077,0.30421,,,,
100.441,3.39019,4.26647,7.90565,-0.03910,0.13073,0.38362,,,,
100.545,3.23217,4.07972,8.09719,0.05009,0.52534,0.54489,,,,
100.650,2.93050,3.88818,8.60955,0.04154,0.49358,0.69028,,,,
100.756,2.40378,3.64398,8.82982,0.23946,0.79168,0.90042,,,,
100.859,1.92015,3.39019,8.75320,0.19548,0.90042,1.36589,,,,
100.963,1.75734,2.90656,9.11233,0.34697,1.13865,1.75685,,,,
101.066,2.42293,2.93529,9.17937,-0.11851,0.84299,1.46119,,,,
101.170,0.79009,4.25210,10.53928,0.61575,0.96272,1.53205,,,,
101.273,2.19309,3.49553,8.18817,1.44286,0.89675,1.99875,,,,
101.377,2.65756,3.87382,7.96790,0.12462,-0.21502,1.55648,,,,
101.481,2.93529,4.48195,9.16979,0.58521,0.15882,1.14354,,,,
101.585,3.67749,3.65355,7.49864,0.69639,0.05253,1.09589,,,,
101.690,3.19865,3.25611,9.38527,0.10996,0.55589,0.61331,,,,
101.794,4.07972,3.75890,8.12113,0.63897,0.51924,0.24679,,,,
101.897,3.08373,2.71981,8.53772,0.13561,0.39951,0.52779,,,,
102.000,1.34554,4.26647,7.32626,0.61820,0.17593,-0.07330,,,,
102.102,-0.11492,6.20098,7.11078,-0.32865,0.06964,0.61942,,,,
102.204,0.89064,5.10923,9.18895,-0.11240,1.10078,1.49662,,,,
102.307,1.59454,3.97916,9.71088,0.51313,1.70554,1.85092,,,,
102.409,2.26013,2.99275,11.26232,0.36041,1.24739,2.19789,,,,
102.512,2.38462,2.59053,9.47625,0.47647,0.91996,1.98653,,,,
102.615,1.21625,2.41814,7.62314,-0.15516,0.13928,1.50273,,,,
102.718,0.74220,3.42371,8.55209,0.34208,1.35368,1.12155,,,,
102.822,0.98162,3.71101,8.80587,-0.22480,0.56444,1.21807,,,,
102.924,1.47962,4.25689,8.35576,0.39584,0.90897,1.03236,,,,
103.026,1.20668,4.67827,8.21690,-0.20647,0.35430,1.09711,,,,
103.128,2.56180,4.09887,8.94953,-0.01100,-0.04154,0.99693,,,,
103.230,4.25210,3.49075,10.86968,-0.12950,-0.11118,0.60720,,,,
103.332,3.56257,2.05422,9.57202,-0.09896,-1.23273,-0.83689,,,,
103.434,-1.05345,3.11725,9.64863,0.46670,0.03787,-0.38851,,,,
103.537,-0.96726,2.31759,8.70532,0.00122,-0.53634,0.03421,,,,
103.640,-0.66559,1.79565,9.96467,1.02503,1.34024,1.11788,,,,
103.745,-0.36871,1.16837,9.32781,0.51801,1.47585,2.06350,,,,
103.847,0.33519,1.75734,9.60554,-0.53634,2.19545,2.75012,,,,
103.949,0.41659,3.84030,13.58470,-0.26634,2.34328,2.28341,,,,
104.051,0.79966,2.94487,10.83137,0.17715,0.08919,1.89002,,,,
104.154,0.46448,3.35188,6.93840,0.52534,0.33109,1.46363,,,,
104.255,1.36469,3.76847,7.64229,0.19059,0.03787,1.19241,,,,
104.357,2.39899,4.50110,7.73806,0.00367,-0.36530,0.64507,,,,
104.460,1.04387,4.38139,8.52336,-0.05864,-0.29077,0.13195,,,,
104.563,-1.57538,5.12359,8.51378,-0.05253,-0.26878,0.06231,,,,
104.666,2.20745,4.34787,7.67102,-0.30665,0.24801,0.73548,,,,
104.769,5.69341,2.82037,10.28070,-0.08552,1.73974,0.91263,,,,
104.871,6.62236,1.82438,9.33260,0.01833,0.12462,-0.12462,,,,
104.974,5.18584,2.45166,8.33182,-0.01100,-0.12095,-0.97738,,,,
105.077,3.77326,1.67115,10.18493,0.06475,-0.60476,-1.66400,,,,
105.179,1.22583,2.31759,10.88883,-0.46426,-0.67928,-1.54305,,,,
105.281,-0.13408,3.05979,9.88805,0.00367,-0.49236,-1.74707,,,,
105.386,-0.11013,2.70066,9.40442,-0.26878,-0.24557,-1.36589,,,,
105.488,-1.78129,5.12838,11.98059,0.10873,0.09774,-1.18997,,,,
105.590,1.16358,2.91614,8.29351,-0.27733,0.08063,-1.48685,,,,
105.694,-1.63285,3.08852,8.37492,1.31214,-0.88331,-1.05069,,,,
105.797,-2.85868,3.56736,8.33661,-0.09407,1.23883,-0.96639,,,,
105.899,-2.78685,4.60166,6.54575,0.88209,0.15272,-0.28955,,,,
106.003,-3.68707,2.88741,9.97424,-1.40132,-3.23759,-1.43309,,,,
106.106,-1.96325,3.14119,10.53928,-0.14905,0.67806,-0.74159,,,,
106.210,-3.03585,3.20344,8.28873,0.31154,-0.55711,-0.56322,,,,
106.312,-1.19231,3.77805,9.64863,-0.14294,-0.36408,-0.45326,,,,
106.414,-1.78129,2.96402,10.57758,0.10996,-0.58521,-0.29566,,,,
106.517,0.02394,3.90255,9.54329,0.54734,-0.64385,-0.17471,,,,
106.619,0.66080,3.24654,8.66222,0.12339,-0.52290,-0.54000,,,,
106.721,1.78129,2.50912,8.74841,0.20769,-0.56077,-0.62919,,,,
106.825,1.92015,2.81079,8.42759,-0.29322,-0.62553,-1.18508,,,,
106.928,1.21147,3.28963,9.29429,-0.28222,-0.20892,-0.90652,,,,
107.030,1.08218,4.03662,8.86333,-0.11240,-0.41417,-0.81123,,,,
107.132,0.55545,3.31836,10.62547,0.09041,0.08674,-0.70127,,,,
107.234,0.38307,3.97437,9.35175,0.52412,-0.32498,-0.46426,,,,
107.339,-0.06225,3.63919,9.44752,0.11484,-0.23457,-0.30543,,,,
107.441,-0.41180,3.79720,8.07804,0.48869,-0.14050,-0.01466,,,,
107.545,-0.55067,3.74932,7.93438,-0.37507,-0.09163,-0.39951,,,,
107.647,-1.30245,4.64954,7.84340,-0.31032,0.27733,-0.28588,,,,
107.749,-1.03430,4.72137,8.61434,-0.32865,-0.09774,-0.09163,,,,
107.852,0.92416,4.60166,9.68215,-0.11118,0.19303,0.12095,,,,
107.954,1.52271,4.83629,8.58082,-0.19426,-0.51191,-0.29322,,,,
108.058,1.62327,3.61524,9.74440,-0.11118,-0.57055,-0.70127,,,,
108.161,1.76213,1.44131,12.17212,0.02443,-0.70616,-0.63286,,,,
108.264,2.20745,2.38462,6.97192,0.27245,-0.47770,-0.91263,,,,
108.366,0.58897,2.37984,8.48984,-0.68539,-0.13806,-1.01281,,,,
108.469,0.34955,4.35745,8.11634,-0.02199,-0.64141,-0.11484,,,,
108.573,0.50757,4.29999,10.28070,-0.45693,-0.46304,-0.48747,,,,
108.675,0.18196,4.21380,11.43471,-0.10629,0.08674,0.11362,,,,
108.778,0.55545,1.88184,12.18649,0.27611,0.10140,0.34331,,,,
108.882,-1.08697,3.32315,6.43561,0.84422,0.21869,0.78924,,,,
108.985,0.00958,2.00634,10.17057,0.27978,0.77458,0.59010,,,,
109.086,0.64165,3.57215,7.67581,0.45937,1.10444,0.65240,,,,
109.188,0.89543,5.00388,7.80510,-0.13928,0.41905,0.24679,,,,
109.291,1.57060,4.25689,11.15698,0.19059,-0.37507,-0.15516,,,,
109.394,2.65278,3.19387,11.08515,-0.82100,-0.76480,-0.73426,,,,
109.497,1.95846,2.25055,7.33105,1.05802,-0.02199,-0.55467,,,,
109.600,0.81403,2.24097,6.57448,-0.01466,-0.28466,-1.40499,,,,
109.703,2.19788,4.57771,6.15789,-1.17775,0.70372,-1.12521,,,,
109.806,-4.41491,4.81713,12.20085,1.72631,-0.31154,-0.09041,,,,
109.909,-3.03585,6.66546,11.33415,2.03662,-1.90346,2.09038,,,,
110.011,-0.75178,4.96079,8.92080,0.92974,2.74767,1.71897,,,,
110.117,2.11169,1.80523,1.52271,0.46914,0.79168,0.58277,,,,
110.220,-4.29041,6.15310,4.22816,-0.76969,2.56075,1.80205,,,,
110.324,1.46525,4.79319,7.33583,0.32376,0.30421,1.51617,,,,
110.428,4.32872,8.08282,6.30633,-0.33109,0.23824,0.82833,,,,
110.532,5.91368,8.58561,6.90967,-0.34941,-1.56381,0.05131,,,,
110.637,3.87382,5.02304,5.97593,-0.27733,-0.37996,-0.30055,,,,
110.741,5.12359,5.32470,4.37660,-0.70494,-1.79106,-0.60476,,,,
110.846,2.43251,4.92248,5.38217,-1.79106,-0.02932,-1.22173,,,,
110.949,4.30477,5.28161,9.72525,-2.11848,0.18448,-0.04276,,,,
111.052,0.29209,4.61602,9.35654,0.75259,1.10322,-0.37263,,,,
111.156,-1.96803,2.55222,11.50175,0.13928,0.74281,0.51924,,,,
111.258,-1.35033,3.16035,6.93840,0.81245,-0.10996,1.70309,,,,
111.363,3.25133,4.13239,6.60321,0.81489,0.76114,1.32069,,,,
111.468,3.73017,6.33027,6.86178,0.07086,0.41294,0.33353,,,,
111.572,3.80678,5.81312,9.38527,-0.45082,0.36896,0.04643,,,,
111.677,3.49553,6.30154,8.89685,-0.21747,0.41172,-0.39706,,,,
111.783,3.33273,3.01191,9.89763,0.53023,0.48381,-0.91630,,,,
111.886,0.61292,3.50032,6.35421,0.00489,-0.23702,-1.46730,,,,
111.988,0.03352,4.61123,7.32626,0.17104,-0.22358,-0.84299,,,,
112.093,-0.06704,6.36379,8.06846,0.12706,-0.52901,-0.16738,,,,
112.197,-1.21147,6.34463,8.91601,0.46792,0.25901,-0.01955,,,,
112.300,-2.08774,4.40533,10.29986,-1.13132,1.09589,-0.02810,,,,
112.405,-2.77727,4.85544,6.37815,0.02199,0.73548,1.14354,,,,
112.510,1.70467,4.62081,7.03895,0.35919,-0.05742,0.32254,,,,
112.614,0.06704,5.67426,6.72771,0.12706,-0.44104,0.00977,,,,
112.716,1.93451,5.98072,9.25598,-0.29077,-1.06657,-0.41905,,,,
112.819,2.26491,4.96557,12.10508,-1.33535,-2.14536,-1.58092,,,,
112.922,0.38786,3.26569,7.17782,0.93585,0.43494,-0.80268,,,,
113.029,2.03028,4.97036,5.64553,-0.08308,-1.57603,-1.19485,,,,
113.133,1.11091,6.04775,7.64708,0.64385,-2.16735,-1.54060,,,,
113.238,-0.80445,6.96234,8.72926,0.00611,0.39462,-0.59498,,,,
113.341,-5.42047,4.65433,7.65666,-0.91019,1.65422,0.72937,,,,
113.443,0.58897,4.41012,9.22725,-0.18937,1.42332,1.96699,,,,
113.545,3.03585,5.49230,8.52815,-0.35675,0.77336,0.46670,,,,
113.647,-0.26815,4.23774,6.82347,0.08063,0.51191,0.32620,,,,
113.749,-0.31125,5.66468,9.17937,-0.47403,0.73670,0.53390,,,,
113.853,-0.57940,5.93283,9.52413,-0.34575,0.84177,0.10385,,,,
113.956,2.48997,2.88741,14.15931,-0.80634,0.70738,-0.52168,,,,
114.059,-0.07661,3.53384,5.99029,1.11911,-0.82711,-0.81245,,,,
114.161,-2.44687,3.37104,7.14430,-0.16493,0.35064,-0.97983,,,,
114.263,-3.04064,5.40132,7.47949,0.49969,-0.38240,-0.41661,,,,
114.366,-2.66714,6.29196,8.41801,1.16553,-0.84299,0.48258,,,,
114.469,-2.87304,7.22091,8.47069,0.49602,-2.30174,0.54489,,,,
114.572,-3.34231,5.44441,6.89530,0.11973,1.08245,0.40073,,,,
114.676,-0.34477,4.72615,5.94241,-0.73182,0.53756,0.82955,,,,
114.781,0.96247,5.27203,6.46434,0.43616,0.53878,0.48136,,,,
114.884,1.18752,7.04853,6.67982,-0.18082,-0.27611,0.20647,,,,
114.986,1.51314,7.69496,9.43316,-0.64507,-0.51435,-0.18692,,,,
115.088,1.94409,4.67348,8.72447,0.14416,0.33475,-0.85521,,,,
115.190,1.92015,4.68306,6.78038,0.06720,-1.05191,-1.10078,,,,
115.292,-0.34477,4.09887,6.49307,0.22480,-0.73793,-0.97738,,,,
115.394,-0.67995,6.91445,6.33027,-0.13806,-0.83200,-0.38485,,,,
115.497,-2.48518,7.96790,10.55364,-0.14172,0.08919,0.05864,,,,
115.600,0.32082,4.92727,11.69328,1.01648,0.81489,0.49847,,,,
115.704,-0.99120,5.75566,6.83305,0.72326,-0.17104,1.06535,,,,
115.807,1.15401,4.13718,6.86657,-0.45448,0.88698,0.03665,,,,
115.909,-0.18675,4.83629,6.51223,0.31276,0.71593,0.35919,,,,
116.010,2.14999,6.78996,8.45632,-0.22724,-0.05498,0.05864,,,,
116.114,0.58419,7.29274,7.74764,-0.65363,-0.25656,-0.31765,,,,
116.217,2.68151,4.63996,8.66222,0.26878,-0.12584,-0.72693,,,,
116.319,1.57538,5.24809,5.48751,-0.20036,-1.36467,-1.00915,,,,
116.422,0.66080,4.46279,7.73806,-0.69516,-0.43616,-0.68050,,,,
116.525,-0.77093,5.55455,5.22415,-0.05986,-0.65485,0.05376,,,,
116.627,0.26336,7.24485,11.83214,-0.82711,-0.24801,0.29077,,,,
116.729,1.11570,5.13796,14.73871,0.12339,0.75259,0.87354,,,,
116.832,0.33040,5.07571,7.67102,1.15820,0.10263,1.19485,,,,
116.936,2.53307,3.85945,6.89530,0.35919,0.82711,-0.27855,,,,
117.038,1.34554,3.62961,5.99029,0.25412,0.78191,0.02932,,,,
117.140,2.10211,5.48272,5.71257,-0.53756,-1.05558,0.17837,,,,
117.244,3.78763,5.92804,9.35175,-1.47463,-1.05558,-0.61209,,,,
117.347,4.95600,2.96881,12.29183,-0.85888,0.06353,-1.39644,,,,
117.450,5.44920,3.43329,7.19697,0.71105,-1.91323,-1.40499,,,,
117.550,3.19387,2.67193,5.48272,-1.15454,-0.38851,-1.56870,,,,
117.653,2.32238,4.20901,7.73327,-0.91752,-1.57603,-1.26327,,,,
117.755,1.02951,4.97515,10.29028,-1.00426,-0.17715,-0.97005,,,,
117.859,2.61447,3.38540,14.88715,-0.34331,0.13928,-0.92607,,,,
117.962,1.96803,2.60968,8.42280,0.89675,-0.21014,-0.22724,,,,
118.063,2.19788,2.28407,6.85221,0.46426,1.12277,0.19303,,,,
118.167,3.22260,4.35266,6.04775,0.50091,-0.23457,0.33109,,,,
118.269,3.70144,5.37259,7.70454,-0.18326,-0.61209,-0.35675,,,,
118.371,2.51870,4.80277,7.20655,-0.46181,-0.35919,-0.81978,,,,
118.473,6.21056,3.01669,13.77624,-0.70005,-0.18326,-1.08612,,,,
118.576,4.65433,4.20901,5.44441,1.02625,-1.26327,-0.77213,,,,
118.679,3.36625,3.13162,4.85065,-0.88698,-0.99571,-1.57970,,,,
118.783,2.56658,4.38618,9.30387,-1.67255,-0.99205,-0.79657,,,,
118.885,1.74298,6.42604,10.56322,-0.15027,0.02932,-0.28100,,,,
118.989,3.37582,3.73017,14.21198,0.27855,0.69150,-0.27000,,,,
119.093,-0.81403,3.04542,6.52659,0.86010,0.51801,0.39462,,,,
119.194,2.32238,2.71981,10.56801,0.99449,0.54367,0.28344,,,,
119.296,0.94332,2.98796,5.97593,0.40561,0.73670,0.66706,,,,
119.398,2.08774,4.75488,5.58328,0.05742,-0.06964,0.44593,,,,
119.500,3.69186,5.18584,9.23204,-0.93951,-0.64507,0.33231,,,,
119.602,5.02304,4.97515,12.71800,-1.21562,-0.71838,-0.23335,,,,
119.704,2.72939,3.74932,6.23929,0.64507,-0.44838,-0.17959,,,,
119.805,2.89698,3.49553,6.79953,-0.04765,-0.41417,-0.31887,,,,
119.906,1.54187,4.18985,7.92481,-0.12339,-0.35430,-0.01100,,,,
120.009,2.11169,5.79876,8.86333,-0.01222,0.44715,0.68050,,,,
120.112,1.31202,6.21056,10.54885,-0.08308,0.37629,0.41783,,,,
120.214,0.48363,2.89220,11.90397,1.09345,1.21684,1.21807,,,,
120.316,1.44610,2.84431,10.07001,1.80205,0.06842,1.60291,,,,
120.420,1.52271,1.72861,8.47547,1.43065,1.95355,1.15698,,,,
120.524,2.26970,3.45723,6.47392,0.96272,1.78984,1.18141,,,,
120.627,3.23696,5.25288,8.48505,-0.45571,1.03358,0.62064,,,,
120.729,6.04296,3.05021,12.48337,-0.83322,1.05069,0.90530,,,,
120.831,4.53462,5.39653,2.69587,0.93951,0.06842,0.78435,,,,
120.933,4.57771,5.94241,7.34062,-0.91752,-0.93951,-0.79412,,,,
121.036,1.77650,4.77404,9.59596,-0.05498,-0.29810,-0.39218,,,,
121.138,2.18351,6.09085,10.26634,0.67684,0.55467,-0.20403,,,,
121.242,1.82438,6.05254,9.23683,0.06720,0.30543,-0.01466,,,,
121.347,-1.48919,5.16190,5.07092,0.48625,-0.06720,0.26512,,,,
121.449,0.04310,4.63996,7.83862,0.01222,0.40439,0.33964,,,,
121.551,-0.01437,4.73094,7.05811,0.04520,0.71105,0.59865,,,,
121.654,1.47962,5.93283,5.65510,0.08674,-0.16005,0.63163,,,,
121.756,4.75010,5.99508,12.27268,-0.81001,-1.09834,0.52412,,,,
121.859,6.54575,4.75488,12.33972,-0.65851,-0.22724,0.18692,,,,
121.961,4.27604,4.51546,4.05099,0.33720,-0.61697,-0.27733,,,,
122.064,4.63517,3.74453,4.92248,-0.75625,-1.07512,-0.90652,,,,
122.167,2.59531,3.67749,7.40287,-1.24739,-0.93707,-0.93096,,,,
122.271,3.02148,5.34386,12.85686,-1.05924,-0.62064,-0.46304,,,,
122.373,1.90100,5.26246,11.56399,-0.50580,0.43616,0.11484,,,,
122.476,1.05345,2.42293,8.03015,1.32191,1.09101,0.95661,,,,
122.579,3.85945,2.85868,10.22324,1.27060,-0.71716,1.08856,,,,
122.682,3.27527,3.16035,4.68785,0.69883,1.19852,0.57788,,,,
122.787,3.65355,4.17070,5.77481,-0.06842,0.16005,0.24068,,,,
122.891,5.20978,4.40533,10.18015,-0.66218,0.00489,0.37996,,,,
122.996,7.74285,2.96402,12.92390,-1.01404,-0.27367,-0.17349,,,,
123.099,4.75967,3.33273,3.74453,0.14416,-0.45204,-0.58154,,,,
123.206,5.04219,2.39420,7.00065,-0.78679,-0.53756,-1.05191,,,,
123.309,3.57694,2.86825,6.44519,-0.49724,-0.85155,-0.86499,,,,
123.413,3.62961,4.26647,9.47625,-0.81001,-0.15027,-0.53878,,,,
123.515,3.25611,4.94642,11.21444,-0.98838,0.05498,-0.22602,,,,
123.617,2.62883,1.62327,10.52970,0.51435,0.92974,0.18448,,,,
123.718,4.19943,1.60412,8.79151,1.32924,-0.46059,0.26512,,,,
123.821,3.00233,1.96325,5.04698,0.27733,0.64019,0.28955,,,,
123.926,3.66313,2.19309,6.30154,-0.19548,-0.45326,0.29566,,,,
124.028,5.52103,2.74376,11.52090,-0.67073,-0.30910,0.27855,,,,
124.132,6.73250,1.75256,11.88961,-0.25534,0.68173,0.27855,,,,
124.234,6.16268,1.83875,5.69341,0.69150,-0.07086,-0.34941,,,,
124.338,4.23774,2.15478,6.53138,0.02443,0.02321,-0.88698,,,,
124.442,2.19309,3.73495,7.41245,-0.08430,-0.03543,-0.31765,,,,
124.547,2.92093,4.33829,12.41154,0.60109,-0.05009,0.46059,,,,
124.652,3.87861,3.76368,9.12191,1.01526,0.75869,0.31765,,,,
124.756,3.69665,2.89698,6.06212,0.21258,0.49847,-0.51557,,,,
124.859,2.57137,2.04465,8.10198,0.28466,-0.16249,0.28955,,,,
124.964,2.15478,4.46758,5.92325,-0.01710,1.03969,0.74648,,,,
125.068,3.48596,4.17549,9.83059,-0.62797,-0.06475,0.42394,,,,
125.173,5.39653,4.41491,8.32703,0.18692,-0.33598,0.07697,,,,
125.276,7.36935,2.72939,8.37971,-0.75381,-0.83444,-0.91508,,,,
125.380,3.61046,1.78129,8.35576,-0.30788,0.40195,-1.08490,,,,
125.485,0.97683,2.57137,8.26000,-0.34941,0.89553,-0.72571,,,,
125.587,-1.10612,2.95444,9.46189,-0.55955,0.60476,0.39584,,,,
125.689,1.21147,3.06937,9.11233,0.08308,0.73059,1.78861,,,,
125.792,-1.86748,-0.73741,10.82179,-1.58703,-0.36041,0.19303,,,,
125.896,0.82839,0.80445,7.19218,-0.03176,-2.29074,-0.47892,,,,
125.998,2.81079,0.63207,8.36534,0.91996,1.86925,0.74526,,,,
126.101,1.75256,1.36948,8.04452,-0.01222,-0.54000,0.15027,,,,
126.205,2.10211,2.13563,8.31746,0.78069,1.87780,-0.17226,,,,
126.309,2.14520,3.42850,8.92558,-0.09163,0.98838,0.23457,,,,
126.412,3.38061,3.50511,8.90164,-0.07819,-0.12706,-0.07086,,,,
126.515,1.89621,3.05979,11.61667,-0.77824,0.14294,-0.44838,,,,
126.617,0.78051,2.41814,8.33182,0.46426,-0.01588,-1.27549,,,,
126.719,-0.78051,1.14443,9.65821,0.31154,0.49724,0.28833,,,,
126.824,0.62249,1.84832,8.04452,-0.26023,-0.47037,0.08186,,,,
126.928,2.01592,2.27449,9.88805,-0.20769,0.84666,-0.09896,,,,
127.030,-1.01035,2.47560,10.95587,0.40195,-0.22235,0.08796,,,,
127.132,-1.02951,1.71425,9.62948,0.28588,0.06109,0.11606,,,,
127.234,-1.38385,1.81480,7.51300,0.60231,0.51679,0.25412,,,,
127.336,0.12450,1.55623,8.55209,-0.55100,-0.03299,0.69028,,,,
127.439,-0.40701,2.32238,10.78348,-0.36774,0.38729,-0.35186,,,,
127.541,-1.48441,3.67749,8.54251,0.08552,0.19181,-0.36652,,,,
127.642,-0.39744,3.14119,9.53850,0.12950,-0.13683,0.33475,,,,
127.744,0.65122,2.50912,9.35175,0.04520,-0.42516,-0.02321,,,,
127.847,-0.52672,3.43807,8.47069,0.09774,-0.10751,-0.55100,,,,
127.949,-0.89543,3.78284,8.25521,-0.05498,-0.26634,-0.23702,,,,
128.052,-0.26336,3.82115,9.42358,-0.09163,-0.25168,-0.21380,,,,
128.156,0.56503,3.22738,11.11867,-0.32498,-0.48747,0.02932,,,,
128.259,1.71904,1.68073,8.50420,0.28222,-0.81123,-0.92974,,,,
128.361,3.07894,1.35033,9.44752,-0.33964,-0.26512,-0.68295,,,,
128.463,3.25611,0.33519,9.66300,-0.78679,-1.47585,-1.26449,,,,
128.565,-0.22984,2.12605,10.43872,-0.02932,0.40195,-0.99082,,,,
128.667,1.68073,1.55623,10.84573,-0.42638,-1.21073,0.17715,,,,
128.769,2.70545,1.01514,9.66779,0.20769,0.34331,-0.27978,,,,
128.872,0.97205,2.51870,9.19852,0.44104,0.79168,-0.38607,,,,
128.975,1.29766,2.29365,9.24641,0.36652,-0.03054,0.55833,,,,
129.076,2.38941,1.06303,8.94474,0.21380,-0.30788,0.65240,,,,
129.178,0.93853,2.31280,8.21690,0.11362,0.38607,0.50824,,,,
129.281,1.46525,3.15077,8.77714,-0.00367,0.05376,0.30788,,,,
129.383,2.20267,2.82516,10.04128,0.21502,0.55711,0.27489,,,,
129.486,1.92015,2.38941,8.40365,0.21991,-0.05742,0.21258,,,,
129.589,1.93930,2.43251,8.48026,0.06475,0.58154,-0.28344,,,,
129.691,0.77093,2.79164,9.27514,-0.26512,0.12828,-0.24801,,,,
129.793,0.56503,2.97839,9.00220,-0.23702,-0.02321,-0.04276,,,,
129.895,0.50757,2.54264,9.32781,-0.15638,-0.02199,-0.05742,,,,
129.997,0.69911,2.51870,8.99741,-0.02566,0.06964,-0.20892,,,,
130.099,0.21069,2.33195,9.14585,-0.02321,-0.03176,0.04643,,,,
130.201,0.78530,2.05422,8.91601,-0.21136,-0.27855,0.17593,,,,
130.303,0.78530,1.98719,8.53294,0.00489,-0.30665,-0.18326,,,,
130.407,1.25456,2.92093,10.39562,0.00000,0.24801,-0.14172,,,,
130.509,1.80044,2.23140,11.22881,-0.32376,-0.36163,0.48625,,,,
130.613,2.25055,2.36547,8.42280,0.31154,-0.05742,-0.21136,,,,
130.716,1.84354,1.80044,8.57124,-0.12095,-0.19792,0.12217,,,,
130.819,2.61926,1.68073,8.71968,-0.18692,-0.34697,-0.07575,,,,
130.922,1.82917,1.94888,10.20888,-0.21380,0.12584,-0.41050,,,,
131.024,1.23062,1.94888,9.23683,0.09774,-0.17593,-0.19059,,,,
131.128,1.47004,1.98240,9.19852,-0.06842,0.00122,0.00244,,,,
131.230,1.90100,1.88663,9.54808,-0.10873,-0.16860,0.12462,,,,
131.333,2.40857,2.11169,9.60554,-0.06597,0.07086,0.31765,,,,
131.434,2.12605,1.80044,10.29986,0.11973,0.06720,0.41539,,,,
131.537,1.89621,1.42694,9.82580,0.16738,0.13683,0.53145,,,,
131.639,1.95846,2.16436,8.60476,0.16738,0.30177,0.29444,,,,
131.742,1.65200,2.11647,10.51055,0.20403,0.54489,0.35552,,,,
131.845,1.32160,1.86269,8.26478,0.41172,0.13806,0.28100,,,,
131.946,1.30723,2.01113,8.73884,-0.02810,0.16738,0.15394,,,,
132.048,1.06781,3.09331,10.28549,-0.08186,0.31032,-0.04765,,,,
132.149,1.07739,2.28407,9.22246,0.12584,-0.25412,0.13439,,,,
132.252,0.61770,2.40378,9.14106,0.00244,0.19548,0.05620,,,,
132.353,0.56024,2.82516,9.51935,0.01710,-0.03787,0.25656,,,,
132.456,0.78051,2.87304,9.07881,0.00489,0.19792,0.40561,,,,
132.559,1.21147,2.19309,10.17057,0.00244,-0.00611,0.30665,,,,
132.663,1.01993,2.52828,8.54730,0.13073,0.12706,0.13683,,,,
132.766,1.05824,2.53307,9.61511,-0.25779,0.14539,0.27489,,,,
132.869,1.17316,2.55222,9.07402,0.17471,-0.16371,-0.11118,,,,
132.972,0.74220,2.46124,9.08360,-0.00611,0.13073,0.05009,,,,
133.075,1.21147,2.32238,9.94551,0.07086,-0.07208,-0.05376,,,,
133.180,0.95289,2.54264,8.90643,0.03665,0.21014,-0.05620,,,,
133.282,0.78530,2.07338,10.28549,-0.09774,-0.06842,-0.07330,,,,
133.384,0.56024,2.83473,8.93037,0.04643,-0.01222,-0.05864,,,,
133.488,0.85234,2.34153,9.67257,-0.06720,-0.00367,0.12217,,,,
133.590,1.11091,2.24576,9.53371,0.08674,-0.14172,-0.05009,,,,
133.694,0.85712,2.53307,9.10754,-0.02688,0.13561,-0.00855,,,,
133.796,0.81882,2.36547,10.18493,-0.04154,-0.08308,-0.01588,,,,
133.899,0.74699,2.71502,8.94474,0.20769,-0.13561,-0.03421,,,,
134.000,0.98641,2.28886,9.17937,-0.04276,0.05376,0.09529,,,,
134.104,1.19231,2.50912,9.72525,-0.16738,-0.03054,-0.02688,,,,
134.208,1.12049,2.61926,9.33260,-0.02199,-0.01222,-0.09529,,,,
134.311,0.91937,2.32716,9.41879,-0.00855,-0.01100,-0.09652,,,,
134.413,0.79009,2.37984,9.31823,-0.02810,-0.00733,-0.09041,,,,
134.515,0.85234,2.32716,9.65821,-0.01710,-0.00367,-0.02077,,,,
134.617,0.90022,2.26970,9.72046,-0.07453,0.04154,0.03421,,,,
134.719,0.90501,2.42772,9.25119,-0.04276,-0.03176,-0.02199,,,,
134.822,0.91937,2.26970,9.61990,0.00733,-0.00855,-0.05253,,,,
134.924,0.83797,2.23140,9.31344,0.08552,0.02199,-0.04643,,,,
135.027,0.85712,2.29365,9.31823,-0.11606,0.01344,0.05986,,,,
135.132,1.05824,2.18830,9.89284,0.00000,-0.00733,-0.04643,,,,
135.234,0.72784,2.27449,9.28950,0.02443,-0.01955,-0.05986,,,,
135.337,0.75178,2.14520,9.35654,-0.03299,-0.04887,-0.00489,,,,
135.440,0.82361,2.29365,9.85453,-0.06964,0.02810,0.04032,,,,
135.544,0.88585,2.24576,9.23683,0.04154,0.03787,-0.00611,,,,
135.647,0.91459,2.03507,9.80186,-0.06353,-0.01344,0.02810,,,,
135.749,0.80445,2.26970,9.20331,0.03299,0.01710,-0.04276,,,,
135.852,0.90980,2.16915,9.57681,0.00000,-0.00244,-0.00367,,,,
135.954,0.86670,2.12126,9.30387,0.04643,-0.07575,-0.02077,,,,
136.057,0.86670,2.18830,9.54329,-0.02321,0.01833,0.02810,,,,
136.160,0.91459,2.05901,9.96467,-0.02810,0.02932,0.02688,,,,
136.262,0.77572,2.32716,8.96868,0.06720,-0.02810,-0.04765,,,,
136.365,0.98641,2.19788,9.39485,-0.09407,-0.02077,0.11484,,,,
136.467,1.06303,2.07338,9.86890,0.05742,-0.03787,-0.00855,,,,
136.568,0.85712,2.29365,9.34696,-0.00977,0.09285,0.01833,,,,
136.669,0.96247,2.10211,9.78750,-0.03299,0.02810,0.01588,,,,
136.771,0.76614,2.37984,8.98304,0.03054,-0.05009,-0.09652,,,,
136.874,0.99120,2.20745,9.43794,0.00855,-0.03910,0.02688,,,,
136.976,0.95768,2.09253,9.97424,0.00977,-0.04154,0.01100,,,,
137.078,0.78051,2.43730,9.19373,0.05986,0.05986,-0.00977,,,,
137.181,1.01035,2.24097,9.70131,-0.00977,0.01222,0.03787,,,,
137.284,0.87628,2.26013,9.18895,0.05131,-0.02810,-0.01466,,,,
137.385,0.74699,2.33195,9.26556,-0.06597,0.00000,0.06231,,,,
137.488,0.94332,2.34632,9.99819,-0.04398,0.07086,0.07819,,,,
137.590,1.12049,2.33195,9.68694,0.06964,0.03910,0.00367,,,,
137.694,1.00556,2.32238,9.09318,0.02566,-0.01100,-0.05864,31.2557399,75.7052668,0.650,292.10
137.796,0.80924,2.31759,9.59596,0.03299,-0.05986,-0.09041,31.2557399,75.7052668,0.650,292.10
137.899,0.56982,2.44209,9.30387,-0.01222,-0.00489,0.05009,31.2557399,75.7052668,0.650,292.10
138.002,1.01993,2.22182,9.14106,0.02321,-0.02810,0.04154,31.2557399,75.7052668,0.650,292.10
138.104,1.14443,2.05422,9.66779,0.00122,-0.00855,-0.05131,31.2557399,75.7052668,0.650,292.10
138.206,0.82839,2.44209,9.61511,-0.07453,0.08308,-0.03543,31.2557399,75.7052668,0.650,292.10
138.309,0.77572,2.50912,9.81623,0.11851,0.05253,-0.05864,31.2557399,75.7052668,0.650,292.10
138.412,0.64165,2.40857,9.48583,0.12950,0.04398,0.03787,31.2557399,75.7052668,0.650,292.10
138.514,0.92416,2.66235,9.37091,0.01466,0.07208,0.09774,31.2557399,75.7052668,0.650,292.10
138.617,1.32160,2.56658,9.09797,0.06353,-0.04276,-0.06475,31.2557399,75.7052668,0.650,292.10
138.718,1.02951,2.31280,9.38048,-0.00611,-0.12462,-0.19059,31.2557486,75.7052548,0.910,237.60
138.820,0.55067,2.48518,9.23204,-0.08186,-0.06964,-0.12706,31.2557486,75.7052548,0.910,237.60
138.922,0.65601,2.48039,9.55287,-0.07941,0.05864,-0.00122,31.2557486,75.7052548,0.910,237.60
139.024,0.66559,2.40378,9.31823,0.02443,-0.00733,-0.03176,31.2557486,75.7052548,0.910,237.60
139.128,0.94810,2.55222,9.29429,-0.08919,0.06353,0.07575,31.2557486,75.7052548,0.910,237.60
139.231,0.94332,2.29843,9.83059,0.01344,0.01100,0.05376,31.2557486,75.7052548,0.910,237.60
139.334,0.58419,2.37026,9.35175,-0.00367,-0.03299,-0.01710,31.2557486,75.7052548,0.910,237.60
139.437,0.80924,2.54264,9.31344,-0.07208,0.01222,0.08919,31.2557486,75.7052548,0.910,237.60
139.539,0.99120,2.37026,9.62948,0.02932,-0.04765,0.02810,31.2557486,75.7052548,0.910,237.60
139.643,0.84755,2.24576,9.04529,0.04276,-0.09163,-0.00855,31.2557545,75.7052492,0.070,219.60
139.746,0.93853,2.05422,9.86890,-0.08796,0.07453,-0.00367,31.2557545,75.7052492,0.070,219.60
139.848,0.79487,2.42293,9.45231,-0.05131,-0.00489,-0.06597,31.2557545,75.7052492,0.070,219.60
139.949,0.81882,2.30322,9.59596,0.01100,-0.02932,-0.02443,31.2557545,75.7052492,0.070,219.60
140.053,0.79966,2.15957,9.61033,-0.05986,0.01588,0.09407,31.2557545,75.7052492,0.070,219.60
140.155,0.89543,2.24097,9.38527,0.02321,-0.04643,0.00122,31.2557545,75.7052492,0.070,219.60
140.256,0.99120,2.28886,9.83538,-0.01100,0.01344,0.10263,31.2557545,75.7052492,0.070,219.60
140.358,0.97205,2.12126,9.52413,0.07575,-0.00733,0.04398,31.2557545,75.7052492,0.070,219.60
140.461,0.89064,2.23140,8.93516,0.00489,0.02688,-0.01222,31.2557545,75.7052492,0.070,219.60
140.562,1.04387,2.28886,9.34218,-0.05009,-0.00367,0.01466,31.2557545,75.7052492,0.070,219.60
140.665,0.95768,2.06859,9.60075,-0.01466,-0.00855,-0.02932,31.2557611,75.7052479,0.200,219.60
140.768,0.75657,2.25055,9.52892,-0.04032,0.07086,0.00367,31.2557611,75.7052479,0.200,219.60
140.871,0.67038,2.34632,9.81144,0.00489,0.03665,0.08552,31.2557611,75.7052479,0.200,219.60
140.974,0.92416,2.30801,9.19852,0.06964,-0.00611,0.09652,31.2557611,75.7052479,0.200,219.60
141.076,1.02951,2.16915,9.58160,-0.02199,0.05376,0.13195,31.2557611,75.7052479,0.200,219.60
141.180,0.71826,2.33674,9.79707,0.08552,0.04154,0.05498,31.2557611,75.7052479,0.200,219.60
141.282,0.41180,2.67672,9.35175,0.13683,0.10018,0.19181,31.2557611,75.7052479,0.200,219.60
141.383,0.63686,2.44209,9.59596,0.16493,0.15760,0.26756,31.2557611,75.7052479,0.200,219.60
141.485,0.76136,2.49476,9.06445,0.21258,0.12950,0.19792,31.2557611,75.7052479,0.200,219.60
141.588,0.90501,2.57137,9.05966,0.09407,0.11606,0.12339,31.2557611,75.7052479,0.200,219.60
141.689,0.89064,2.55701,9.82580,-0.00244,0.05498,0.14050,31.2557643,75.7052437,0.310,219.60
141.792,0.72784,2.68629,9.37569,0.07453,-0.12462,-0.02077,31.2557643,75.7052437,0.310,219.60
141.895,0.48363,2.88741,9.41879,0.03054,-0.00244,-0.00977,31.2557643,75.7052437,0.310,219.60
141.998,0.47405,3.11246,9.21768,0.08919,0.00000,0.01710,31.2557643,75.7052437,0.310,219.60
142.101,0.45011,3.19387,9.21289,0.21258,0.01222,-0.03054,31.2557643,75.7052437,0.310,219.60
142.203,0.08140,3.24175,9.41400,0.15149,0.19792,0.22113,31.2557643,75.7052437,0.310,219.60
142.306,0.60813,3.27527,9.08360,0.16493,0.23335,0.13439,31.2557643,75.7052437,0.310,219.60
142.409,0.92895,3.42850,9.16500,0.04643,0.07086,0.11240,31.2557643,75.7052437,0.310,219.60
142.513,0.80924,3.45244,9.11233,0.00367,-0.05620,0.02566,31.2557643,75.7052437,0.310,219.60
142.614,0.72784,3.49553,9.55765,-0.03910,0.08552,-0.08796,31.2557643,75.7052437,0.310,219.60
142.715,0.28730,3.53384,9.87848,0.04887,0.02932,-0.16738,,,,
142.817,0.31125,3.61046,8.99741,0.02443,0.01710,-0.18937,,,,
142.919,0.25857,4.09408,8.97347,-0.03299,0.06720,-0.10751,,,,
143.022,0.21069,4.29520,10.40999,0.10629,0.03176,-0.12828,,,,
143.124,0.27773,4.04141,8.79630,0.20036,-0.01466,-0.01833,,,,
143.228,0.26815,3.48117,7.98227,0.40806,-0.16738,-0.25901,,,,
143.330,0.21069,4.62560,8.54730,0.04032,0.22358,0.07697,,,,
143.432,1.62806,4.98952,9.21768,-0.52168,-0.33598,-0.03910,,,,
143.535,1.72861,4.72137,8.89685,0.05864,-0.15272,-0.64996,,,,
143.637,1.42216,5.49230,7.68539,-0.23335,-0.57788,-0.57910,31.2557712,75.7052386,0.650,219.60
143.740,1.50835,4.01747,10.81221,0.13928,-0.82955,-0.39584,31.2557712,75.7052386,0.650,219.60
143.841,-1.13964,2.76291,12.16254,0.91508,-1.13377,-0.42883,31.2557712,75.7052386,0.650,219.60
143.944,-0.72305,3.88340,7.49385,-0.21747,-0.62308,0.77946,31.2557712,75.7052386,0.650,219.60
144.046,0.52194,3.54821,6.76123,-0.45571,-0.02321,0.22724,31.2557712,75.7052386,0.650,219.60
144.147,0.81882,3.72059,6.86178,0.14661,0.87354,0.87842,31.2557712,75.7052386,0.650,219.60
144.250,2.85868,2.95923,7.80031,0.12339,0.43249,0.67806,31.2557712,75.7052386,0.650,219.60
144.353,3.64876,3.66792,10.96066,-0.44349,-0.38118,0.67440,31.2557712,75.7052386,0.650,219.60
144.455,2.80600,3.61046,10.65899,-0.03176,-0.49358,-0.19548,31.2557712,75.7052386,0.650,219.60
144.557,2.60010,2.94008,7.60877,0.02932,-0.16249,-0.04887,31.2557712,75.7052386,0.650,219.60
144.660,2.48518,1.19231,9.62948,0.36408,0.77091,0.04643,31.2557742,75.7052431,0.500,219.60
144.763,0.44053,2.72460,7.38851,0.15638,0.09774,-0.20892,31.2557742,75.7052431,0.500,219.60
144.864,0.32082,2.77249,9.04529,-0.11606,0.00367,0.58154,31.2557742,75.7052431,0.500,219.60
144.966,1.89142,2.94008,11.04685,-0.16371,0.50213,1.37323,31.2557742,75.7052431,0.500,219.60
145.069,2.73418,2.97360,12.52168,-0.01955,0.50091,1.38056,31.2557742,75.7052431,0.500,219.60
145.171,-0.52672,2.50433,7.73327,1.01281,0.59132,0.55344,31.2557742,75.7052431,0.500,219.60
145.273,-0.33040,1.56102,7.49864,0.03910,0.61087,1.30114,31.2557742,75.7052431,0.500,219.60
145.376,1.18752,3.17950,7.41245,-0.06109,0.75992,1.25716,31.2557742,75.7052431,0.500,219.60
145.479,3.42371,3.78284,9.44752,-0.24923,-0.15638,0.98594,31.2557742,75.7052431,0.500,219.60
145.583,3.37104,4.57771,9.74919,0.11240,-0.10873,0.57910,31.2557742,75.7052431,0.500,219.60
145.690,4.48673,2.41814,11.25275,-0.00977,-0.10018,0.23091,31.2557767,75.7052445,0.440,219.60
145.793,1.97761,2.53307,10.17536,0.40684,1.19607,-0.53145,31.2557767,75.7052445,0.440,219.60
145.895,0.73741,2.52828,7.46991,0.19426,-0.72326,-0.41661,31.2557767,75.7052445,0.440,219.60
145.998,0.91459,3.03106,7.51779,0.09529,0.00244,0.06475,31.2557767,75.7052445,0.440,219.60
146.101,1.11091,3.43329,9.96946,-0.33598,-0.04643,0.57910,31.2557767,75.7052445,0.440,219.60
146.203,1.65200,4.05578,9.87369,-0.03421,0.17837,0.76480,31.2557767,75.7052445,0.440,219.60
146.305,2.00155,3.16035,10.45308,-0.11851,0.41417,0.75747,31.2557767,75.7052445,0.440,219.60
146.407,0.19632,2.74854,7.75243,0.69150,0.38118,0.37874,31.2557767,75.7052445,0.440,219.60
146.509,-0.38786,2.64799,8.75320,-0.19059,0.35308,0.93951,31.2557767,75.7052445,0.440,219.60
146.611,1.07260,3.52905,7.75243,0.13683,0.36041,0.44838,31.2557767,75.7052445,0.440,219.60
146.712,2.47560,4.02705,7.64708,-0.13561,0.50580,0.70738,31.2557788,75.7052455,0.350,219.60
146.816,2.95444,4.31914,9.57202,0.36774,-0.52412,-0.03910,31.2557788,75.7052455,0.350,219.60
146.918,4.36702,4.29520,10.41478,-0.04032,-0.61697,-0.26878,31.2557788,75.7052455,0.350,219.60
147.021,3.15077,2.75812,7.54652,0.56566,-0.28466,-1.43187,31.2557788,75.7052455,0.350,219.60
147.124,1.92015,3.38061,9.28471,-0.16738,0.50091,-0.84299,31.2557788,75.7052455,0.350,219.60
147.227,2.10690,2.65756,9.41879,-0.32987,-0.48747,-0.49114,31.2557788,75.7052455,0.350,219.60
147.329,-0.05267,3.26090,8.08761,0.35675,-0.04887,-0.26389,31.2557788,75.7052455,0.350,219.60
147.432,-0.11492,3.65355,8.16902,-0.04765,0.38118,0.62675,31.2557788,75.7052455,0.350,219.60
147.537,1.91536,2.07817,12.40197,-0.97616,0.08796,1.25350,31.2557788,75.7052455,0.350,219.60
147.640,0.57461,3.16035,8.29351,0.05253,0.48258,0.04887,31.2557817,75.7052456,0.290,219.60
147.744,0.83797,1.50356,9.37569,0.21380,-0.08796,0.83566,31.2557817,75.7052456,0.290,219.60
147.846,-1.29766,4.53462,6.72292,0.24923,0.75992,-0.81856,31.2557817,75.7052456,0.290,219.60
147.949,-1.87227,5.44920,12.02847,-0.69272,0.02321,0.94684,31.2557817,75.7052456,0.290,219.60
148.052,3.36625,3.57694,8.91601,-0.07208,-2.04518,-2.19056,31.2557817,75.7052456,0.290,219.60
148.154,-8.42759,6.40210,9.01656,1.05069,0.83933,-0.82711,31.2557817,75.7052456,0.290,219.60
148.257,-1.80523,3.94564,11.56878,1.52228,3.18016,-0.66096,31.2557817,75.7052456,0.290,219.60
148.359,-1.01514,3.52905,6.33985,0.05986,0.77091,0.14050,31.2557817,75.7052456,0.290,219.60
148.461,-5.07571,4.75010,5.43963,-1.68354,-0.26145,0.37385,31.2557817,75.7052456,0.290,219.60
148.564,-5.20021,4.36702,10.40041,-0.84055,0.69150,1.61146,31.2557817,75.7052456,0.290,219.60
148.667,-2.50912,2.73418,9.49540,-0.69272,-0.24801,1.65789,,,,
148.768,-1.05345,2.04944,12.12903,-0.58032,0.76603,1.66888,,,,
148.871,-2.27928,2.31280,8.16902,1.31458,0.68050,0.71227,,,,
148.971,-1.62806,3.12683,7.12036,-1.04947,-1.06168,2.03052,,,,
149.073,0.51715,3.03585,6.92882,-0.36896,0.00611,0.92974,,,,
149.176,1.18752,2.91614,8.95910,0.13317,0.79901,0.36408,,,,
149.280,1.81480,3.75890,10.86489,-1.08612,-1.64689,0.62430,,,,
149.385,1.73819,2.50912,11.54963,0.23946,0.88575,0.87965,,,,
149.489,0.35434,2.44687,7.51300,1.53083,-0.00122,-1.13377,,,,
149.591,-1.63763,2.67193,6.78996,-2.12948,-0.82100,0.94195,,,,
149.694,-1.28808,4.39575,8.16423,0.38485,-0.23335,0.11973,,,,
149.797,-1.74777,1.29287,12.12903,-0.04643,-0.10751,0.07453,,,,
149.902,-1.19231,3.09810,11.58315,0.85888,0.79290,1.99875,,,,
150.005,-1.37427,3.89776,6.74207,0.09774,-0.12339,0.41417,,,,
150.108,-0.11013,2.47082,8.38928,-0.15760,0.29932,0.44960,,,,
150.211,-0.26336,3.93607,7.88650,0.35430,-0.22969,0.35552,,,,
150.312,-0.06225,4.37660,10.50576,-0.23946,-0.33842,0.26756,,,,
150.415,1.77171,2.74376,11.65497,-0.23579,-0.15760,-0.24435,,,,
150.517,2.19309,1.70467,8.18338,0.60109,0.30421,-0.47892,,,,
150.620,1.81959,2.39899,7.48906,-0.02688,-0.80268,-1.05435,,,,
150.722,-0.06225,4.00311,8.87291,-0.79779,-0.27733,-1.19363,,,,
150.827,-1.33596,4.95121,10.26155,-0.04154,-0.15638,-0.54000,,,,
150.929,-1.87227,4.24253,11.70765,0.17104,0.31887,-0.10263,,,,
151.034,-3.12683,2.15478,11.25275,0.48014,0.25168,0.75136,,,,
151.138,-1.33118,2.38462,8.55688,0.58887,-0.33964,1.08734,,,,
151.239,0.17717,2.51870,6.37336,0.62675,0.97738,0.98227,,,,
151.341,0.68474,4.25210,7.73327,0.01100,0.45693,0.36041,,,,
151.444,1.85311,4.23774,10.31422,-0.36774,-0.27000,0.26145,,,,
151.546,2.67672,4.34308,9.16500,-0.09652,-0.26634,-0.35675,,,,
151.648,2.91614,2.03028,10.56801,0.49602,-0.05742,-0.61209,31.2557789,75.7052506,0.690,219.60
151.751,2.48518,2.60489,6.82347,0.04520,-1.00426,-0.92241,31.2557789,75.7052506,0.690,219.60
151.854,1.18752,3.55778,7.11078,-0.32009,-0.41050,-0.98594,31.2557789,75.7052506,0.690,219.60
151.956,-0.09098,6.30154,8.37971,-0.40561,-0.54489,-0.73548,31.2557789,75.7052506,0.690,219.60
152.059,-0.70390,5.13796,14.73871,0.02810,0.21747,-0.60353,31.2557789,75.7052506,0.690,219.60
152.162,-0.73263,3.60567,9.67257,0.27367,0.18937,-0.09529,31.2557789,75.7052506,0.690,219.60
152.265,-1.43652,3.46202,7.32626,-0.22602,-0.31887,0.57177,31.2557789,75.7052506,0.690,219.60
152.367,0.16281,3.37582,8.05888,0.68417,0.47770,0.54978,31.2557789,75.7052506,0.690,219.60
152.470,1.22104,5.22894,7.24485,0.51557,-0.44960,0.46914,31.2557789,75.7052506,0.690,219.60
152.574,0.99599,5.32470,8.82024,-0.11729,0.31154,0.19914,31.2557789,75.7052506,0.690,219.60
152.677,2.37984,5.18105,9.56723,-0.13195,0.16005,0.02199,31.2557813,75.7052538,0.510,219.60
152.779,3.05500,3.30879,11.69807,-0.20281,0.23702,-0.16982,31.2557813,75.7052538,0.510,219.60
152.883,2.85389,2.93050,5.29597,-0.12584,-0.17959,-0.11118,31.2557813,75.7052538,0.510,219.60
152.986,1.98240,3.85945,5.66468,-0.78924,-0.09652,-0.47525,31.2557813,75.7052538,0.510,219.60
153.089,1.47483,5.22415,9.29429,-0.49602,-1.78006,-0.74159,31.2557813,75.7052538,0.510,219.60
153.191,0.11492,4.32393,13.69005,-0.74403,0.09041,-0.67928,31.2557813,75.7052538,0.510,219.60
153.292,-0.11971,3.49553,11.94707,-0.15027,0.10018,0.45082,31.2557813,75.7052538,0.510,219.60
153.394,-2.04465,2.27928,10.18972,0.27489,0.66706,1.13987,31.2557813,75.7052538,0.510,219.60
153.496,0.18675,1.92494,9.71088,1.51006,0.42638,1.58947,31.2557813,75.7052538,0.510,219.60
153.600,1.72861,2.89698,6.29196,0.45448,1.44409,0.94195,31.2557813,75.7052538,0.510,219.60
153.704,1.30723,3.33752,8.11156,-0.11729,0.64019,0.37629,31.2557813,75.7052538,0.510,219.60
153.807,2.62883,4.11803,10.63504,-0.18448,0.00122,0.26756,31.2557813,75.7052538,0.510,219.60
153.910,2.75812,2.68629,13.93904,-0.74037,-0.61697,-0.59498,31.2557813,75.7052538,0.510,219.60
154.013,2.13563,3.40455,4.43406,0.62308,-0.08186,-0.53878,31.2557813,75.7052538,0.510,219.60
154.115,1.64242,1.86269,8.37971,-0.60353,-0.77824,-1.41476,31.2557813,75.7052538,0.510,219.60
154.218,0.00479,3.97916,7.36935,-0.41905,0.03176,-0.82589,31.2557813,75.7052538,0.510,219.60
154.320,-0.84276,4.60166,11.99016,-0.69516,-0.01466,-0.75136,31.2557813,75.7052538,0.510,219.60
154.422,-3.44286,4.50110,12.04762,-0.66462,-0.46304,-0.32009,31.2557813,75.7052538,0.510,219.60
154.525,-1.79565,1.78607,9.60075,1.06535,0.56200,1.33169,31.2557813,75.7052538,0.510,219.60
154.627,-0.79009,2.29365,9.12670,0.66584,-0.42394,1.16797,,,,
154.730,-0.67995,2.29843,7.15387,0.39462,1.06901,1.13010,,,,
154.833,0.92895,2.71981,9.28471,0.06353,0.24068,0.54000,,,,
154.936,2.91135,2.93050,10.63026,-0.57544,-0.09407,0.50213,,,,
155.038,2.70545,1.48919,13.03403,-1.27060,0.25045,-0.54367,,,,
155.143,2.64799,2.10211,5.47793,0.81978,-0.14294,0.00122,,,,
155.246,1.56581,1.93451,7.84340,-0.52779,-0.53145,-1.15209,,,,
155.349,0.26336,3.42850,9.02135,-0.45815,-0.49969,-0.90652,,,,
155.450,-2.48997,3.54821,12.65096,-0.24068,0.47647,-0.29444,,,,
155.552,-1.33118,3.56736,13.32134,0.03299,-0.57910,1.01892,,,,
155.655,-1.38864,2.36068,7.65187,1.20829,0.22113,1.66278,,,,
155.757,-0.45969,1.54665,8.39886,0.90530,0.27733,1.19974,,,,
155.861,0.67516,2.43251,6.76601,0.47525,0.72571,1.20951,,,,
155.964,1.56102,3.18908,7.37414,-0.13683,0.30788,0.29688,,,,
156.068,3.98874,3.12204,11.91834,-0.97494,-0.19792,0.46304,,,,
156.171,2.80122,0.88585,13.21120,0.03421,1.34390,0.02199,,,,
156.273,3.44286,3.29442,4.69264,0.15882,-0.95539,-0.51801,,,,
156.376,1.32639,2.00155,7.78116,-0.48503,-0.01100,-1.33291,,,,
156.477,0.31125,2.82037,8.89685,-0.55955,-0.48381,-1.06291,,,,
156.579,-0.75178,4.09408,11.38682,-0.68539,0.36652,-0.41294,,,,
156.681,-1.23541,2.30322,15.67723,-0.07086,-0.18204,0.04032,,,,
156.783,-0.33998,3.16992,8.64786,0.97738,-0.31765,0.51679,,,,
156.885,0.04788,1.54187,8.48026,1.20463,-0.18570,-0.04765,,,,
156.988,0.80445,2.34153,6.54096,0.83078,0.44593,-0.04887,,,,
157.091,0.90501,2.68629,7.04374,0.04032,0.01710,-0.00489,,,,
157.193,2.98796,3.95043,10.02213,-1.13010,-0.40073,0.08796,,,,
157.297,2.22182,1.31202,11.23359,0.70983,0.85277,-0.38973,,,,
157.400,2.94487,3.08373,6.60321,-0.11118,-1.35246,-0.83200,,,,
157.504,1.35991,2.93529,7.43639,-0.43738,-0.00733,-0.92852,,,,
157.606,0.71347,3.92649,8.96868,-0.75503,-0.51191,-0.75259,,,,
157.708,0.03831,4.85544,11.54963,-0.07453,0.21380,-0.09652,,,,
157.812,-1.59454,2.31759,13.73793,0.02810,0.21258,0.12339,,,,
157.915,0.10534,2.69108,10.04607,0.54367,-0.10018,0.85643,,,,
158.018,0.62249,1.35991,7.96311,0.66340,1.05191,0.58521,,,,
158.121,1.39821,2.63841,6.13873,0.37629,0.48136,0.47159,,,,
158.225,1.13485,2.63362,9.16022,-0.76236,-0.12950,0.12095,,,,
158.331,2.88741,2.74376,12.40197,-1.56259,-0.66706,-0.11118,,,,
158.434,2.93529,2.62883,6.81390,0.85643,0.12095,0.07697,,,,
158.538,2.27449,1.65679,7.86256,0.07819,-0.71593,-1.11666,,,,
158.641,1.02472,2.66235,6.74207,-0.16860,-0.72204,-0.89186,,,,
158.743,1.05824,4.06057,11.44907,-0.68295,-0.08186,-0.70738,,,,
158.846,-0.07183,4.54419,12.28226,-0.17349,0.14294,0.03787,,,,
158.949,-1.74298,2.33674,9.49540,0.91630,0.85888,0.52657,,,,
159.053,-1.34554,1.95846,11.01333,0.43616,-0.58154,0.90775,,,,
159.155,0.19632,1.17316,6.83305,1.15209,0.65240,1.21562,,,,
159.257,1.78129,2.90177,7.46512,0.26878,0.22235,0.29444,,,,
159.360,2.38462,3.06458,9.84496,-0.70616,0.14539,0.14294,,,,
159.462,3.69665,1.56581,15.50485,-1.51128,0.00733,-0.28588,,,,
159.565,3.58651,2.73897,5.07092,0.52046,-0.25290,-0.18937,,,,
159.667,1.88663,1.65200,7.21134,-0.72815,-0.20281,-1.50395,,,,
159.769,0.49799,2.56658,8.45153,-0.57421,-0.79046,-1.05924,,,,
159.873,-0.13886,3.33752,12.99573,-0.41417,0.28222,-0.75503,,,,
159.978,-1.04866,2.92571,16.00284,-0.51313,-0.44349,-0.03054,,,,
160.081,-1.98719,1.52271,8.70532,1.29992,0.09041,1.16797,,,,
160.183,-0.48363,0.82839,7.54652,1.34513,0.13561,0.94318,,,,
160.286,1.12049,1.83875,6.36858,0.77458,0.31398,0.99815,,,,
160.389,2.04944,2.60968,8.77236,-0.52534,-0.08674,0.25779,,,,
160.492,3.12683,2.80122,10.08917,-0.80634,0.65607,0.00244,,,,
160.594,3.05979,1.47962,14.91109,-1.06291,0.29566,-0.20281,,,,
160.698,3.96959,3.03106,6.48829,0.48503,-0.66218,-0.36285,,,,
160.800,1.10133,2.60489,6.68940,-0.10385,-0.32987,-1.04091,,,,
160.905,-1.04866,2.96881,8.99262,-0.48258,-0.37996,-0.79168,,,,
161.008,-0.58897,3.86424,14.30296,-0.86743,-0.10996,0.55344,,,,
161.111,0.34477,2.43730,13.76666,-0.08796,0.42638,1.06779,,,,
161.214,0.21069,2.60010,7.96790,1.18508,-0.26389,1.47952,,,,
161.317,1.16358,1.51314,10.06522,1.17775,0.52168,0.61942,,,,
161.421,1.82917,1.99676,5.87058,0.95661,0.50335,0.40806,,,,
161.523,1.80044,2.43730,6.70376,-0.44838,0.06353,-0.04276,,,,
161.625,2.47560,3.27048,10.40041,-1.57359,0.22846,-0.24435,,,,
161.728,1.73340,1.04866,15.39951,-0.86987,1.52472,-0.75136,,,,
161.831,2.82995,1.92973,7.54174,0.99693,-1.44897,-0.58887,,,,
161.934,1.16837,1.59454,5.77481,-0.14050,-0.21136,-1.26571,,,,
162.037,0.02394,2.35111,8.29830,-0.92607,-0.53878,-0.94684,,,,
162.140,-1.72383,2.74376,14.00129,-0.74281,0.65607,-0.43738,,,,
162.242,-1.84354,1.32639,13.79060,0.14783,-0.08674,0.47281,,,,
162.347,-0.46448,2.36547,10.41957,0.86132,-0.67073,1.02870,,,,
162.451,-0.64643,0.33040,6.60321,1.19730,0.84422,0.88331,,,,
162.553,1.07739,2.05901,5.37738,0.83200,0.18448,1.06779,,,,
162.655,2.44209,3.71101,8.37492,-0.30665,-0.48503,0.45693,,,,
162.758,3.98395,3.38540,11.19529,-1.17530,0.62430,-0.43249,,,,
162.860,2.79164,1.44610,9.39485,0.49724,0.69272,-0.33109,,,,
162.964,3.52905,1.62327,9.30866,-0.18937,-1.65056,-1.25960,,,,
163.068,1.98240,2.54264,7.42203,-0.45937,-0.51924,-1.19852,,,,
163.170,0.38786,3.82593,9.29908,-1.06535,0.03665,-0.93585,,,,
163.273,-1.14443,4.32393,12.55041,0.08063,0.03299,-0.07330,,,,
163.375,-0.74220,1.53708,14.33169,1.23883,0.73426,0.54123,,,,
163.478,0.23942,1.99676,9.46189,1.17042,-0.25290,0.90775,,,,
163.581,0.79966,1.01035,6.90488,0.98105,0.99449,0.65363,,,,
163.683,1.52750,3.21781,4.53462,0.43005,0.44227,0.57177,,,,
163.785,1.88184,4.41491,11.25754,-0.86621,0.11851,0.01955,,,,
163.888,2.26970,4.44843,9.85453,-1.12888,-0.41661,-0.63652,,,,
163.991,0.97205,1.35512,7.61835,1.10567,0.92118,-0.19303,,,,
164.093,2.62883,2.71502,6.82347,-0.57421,-1.11666,-0.78557,,,,
164.197,0.59376,3.15556,7.16824,-0.63897,-0.09041,-0.58765,,,,
164.300,0.95289,4.22337,9.94073,-0.71349,-0.24435,-0.55833,,,,
164.404,-0.20111,4.85065,11.71722,0.02199,-0.23824,-0.20892,,,,
164.507,-2.26970,0.85234,13.35007,0.89431,1.22784,0.26878,,,,
164.610,-1.01514,2.27449,8.80587,0.73182,-0.68173,1.00304,,,,
164.714,-0.60334,1.19231,6.65588,0.60109,1.12155,0.80146,,,,
164.817,0.86191,3.39019,6.24408,0.44227,0.06720,0.87720,,,,
164.919,1.99198,3.79242,10.72602,-0.49114,0.01466,0.40439,,,,
165.021,2.46603,3.20823,10.26155,-1.10322,0.35064,-0.59132,,,,
165.125,1.54665,1.20189,7.54174,0.03543,1.66522,-0.07330,,,,
165.230,1.63285,2.43251,9.53371,-0.18815,-1.31703,-0.99693,,,,
165.333,1.24977,3.12683,7.97269,0.26145,-0.66096,-0.73915,,,,
165.436,-0.08619,3.86424,10.57758,-0.24312,-0.19059,-0.81123,,,,
165.539,-2.23140,4.22337,10.64941,-0.11729,0.28711,-0.42516,,,,
165.642,-3.11725,1.94888,10.92235,0.43127,0.36163,0.42883,,,,
165.744,-1.54665,1.83875,9.36133,0.55955,-0.10263,1.00915,,,,
165.848,-0.61292,1.81959,7.08684,0.48381,0.51557,1.16797,,,,
165.952,0.26336,2.93050,8.15465,0.04520,0.37629,0.29077,,,,
166.056,0.31125,3.26090,12.67969,-0.75136,-0.13928,0.18326,,,,
166.158,1.31681,2.56658,12.98136,-1.00915,-0.13073,-0.60109,,,,
166.261,2.12126,2.10211,6.01423,1.00182,-0.14294,0.45082,,,,
166.367,1.58017,1.99198,6.88094,-0.07208,-0.35430,-0.68417,,,,
166.471,0.39265,3.25611,8.74362,-0.57544,-1.00060,-0.79046,,,,
166.573,-0.88585,5.10444,12.46421,-0.30421,0.12950,-0.30177,,,,
166.675,-2.04465,4.79319,11.09473,-0.48258,0.01100,0.45204,,,,
166.779,-2.47560,1.71425,9.28950,0.82100,0.31887,1.39522,,,,
166.882,-0.90022,1.07260,9.52413,0.74037,0.51435,1.04580,,,,
166.984,0.97205,1.71904,7.29274,0.61087,0.67928,1.50029,,,,
167.087,1.14443,2.94966,6.63673,0.04765,0.24923,0.46059,,,,
167.191,3.04064,3.43807,12.36845,-0.73059,-0.08919,0.45571,,,,
167.293,2.56180,0.91459,15.38993,-1.19241,0.23579,-1.18386,,,,
167.395,2.83952,2.78206,5.25288,1.01281,-0.97983,-0.44227,,,,
167.498,1.29766,1.45567,7.95833,-0.37385,-0.45815,-1.42942,,,,
167.601,0.14844,2.99275,6.65109,-0.49358,-0.68295,-0.95051,,,,
167.705,-1.18274,3.82593,13.00530,-1.14598,0.12462,-0.71471,,,,
167.809,-2.12126,2.54264,14.27902,0.23824,-0.27367,0.61820,,,,
167.911,-1.63763,1.82438,7.94875,0.96761,0.24557,1.38666,,,,
168.012,0.66080,1.21625,7.81467,0.93340,0.34453,1.14232,,,,
168.115,2.11169,2.75812,6.63194,0.54611,0.32009,0.91874,,,,
168.218,1.76213,2.25055,8.98304,-0.25656,-0.47281,-0.11362,,,,
168.320,3.80678,3.63919,8.99262,-0.91630,-0.47159,-0.15882,,,,
168.422,3.03585,1.58017,12.45464,0.12828,1.13254,-0.45937,,,,
168.524,3.44765,3.20823,5.46836,0.54245,-1.40377,-0.66462,,,,
168.626,1.18274,2.69587,6.92403,-0.79046,-0.01100,-1.11422,,,,
168.728,1.29766,3.40934,9.55287,-0.33842,-0.39828,-0.52290,,,,
168.829,1.50835,4.34787,10.03170,0.20892,-0.21136,-0.17593,,,,
168.929,1.13006,5.22415,10.41957,-0.78313,-0.27000,-0.34208,,,,
169.030,-1.46046,1.78129,8.56645,1.34024,0.68173,0.85399,,,,
169.134,2.17872,3.10289,11.28627,0.33598,0.25656,0.76725,,,,
169.235,0.96726,2.25534,7.41245,0.95906,0.88087,1.14476,,,,
169.336,2.20267,4.01268,7.40766,0.53756,0.32620,0.37507,,,,
169.436,2.39420,4.47237,8.37492,0.01588,0.18448,-0.23579,,,,
169.537,1.95846,0.61770,13.29740,-0.35064,0.42150,0.17959,,,,
169.639,4.19943,2.27928,5.25767,0.65851,-0.67440,1.02992,,,,
169.740,3.52905,3.45244,5.63116,-1.09711,0.28833,-0.35308,,,,
169.842,2.15478,4.18028,6.71334,-1.11788,-0.65729,-0.59620,,,,
169.943,1.83396,3.73495,13.92468,-0.83200,-0.43249,-0.06231,,,,
170.044,2.71024,3.45723,13.86722,-0.19181,-0.14539,0.01833,,,,
170.145,0.40701,1.50835,7.55131,1.26693,1.14110,0.19181,,,,
170.246,0.59855,2.40378,9.75877,0.15027,-0.61942,0.24801,,,,
170.348,0.44532,2.29365,7.72369,0.59010,0.89797,0.34086,,,,
170.450,1.53229,3.23696,7.12993,0.45815,0.12217,0.13317,,,,
170.552,2.96881,3.48596,10.88883,-0.28711,-0.47770,0.07453,,,,
170.654,3.81636,2.96402,11.67413,-1.23395,-0.44715,-0.67195,,,,
170.757,2.29365,1.95367,6.71334,0.44104,0.33109,-0.02688,,,,
170.859,1.82917,2.73897,7.32626,-0.28222,-0.80879,-0.84177,,,,
170.962,0.77572,4.26647,8.82503,-0.05131,0.04032,-0.68417,,,,
171.064,1.78129,4.40054,10.66856,0.23946,0.15638,-0.04887,,,,
171.166,0.53630,4.23774,8.83939,0.46670,0.22969,0.42272,,,,
171.269,0.48363,2.25055,13.12980,-0.05864,0.35308,0.32254,,,,
171.372,-0.07661,3.88340,6.60800,-0.06597,-0.17349,0.81612,,,,
171.475,0.31603,2.43251,9.39485,-0.11240,0.78435,0.41905,,,,
171.578,1.04866,3.14598,7.10599,0.30543,0.20403,0.27978,,,,
171.680,1.86269,2.84910,7.94396,-0.55344,-0.62797,0.34819,,,,
171.782,3.88340,3.05021,12.52168,-0.66218,-0.41417,-0.07086,,,,
171.884,2.55701,1.27850,12.17212,0.09285,0.87109,-0.59865,,,,
171.988,3.27527,2.57616,4.85065,0.58765,-1.18630,-0.60476,,,,
172.091,1.74298,1.50356,7.74285,-1.16797,0.97983,-1.36467,,,,
172.192,-0.00479,2.80122,7.65187,-0.40806,-0.84666,-0.83444,,,,
172.294,-0.13408,3.64398,13.16811,-0.46548,0.53390,-0.21625,,,,
172.400,-1.87705,0.68953,15.45218,-0.64385,1.46241,0.18692,,,,
172.502,-1.21147,1.64721,6.03339,1.40377,-0.10018,1.26693,,,,
172.607,0.14365,1.70467,9.76355,0.29688,1.11055,-0.04887,,,,
172.709,-1.06781,1.15401,6.74207,0.60231,0.59743,0.06353,,,,
172.811,-1.45089,1.56581,7.46991,-0.08186,-0.34575,0.04154,,,,
172.914,0.39265,2.68629,11.14740,-0.78069,-0.54978,0.53634,,,,
173.016,2.81079,0.50278,17.85596,-0.60353,-0.66096,-0.41294,,,,
173.118,2.94487,1.92973,5.60243,0.15760,-1.56381,-1.21684,,,,
173.221,1.06781,0.44532,8.06846,-0.64141,-0.16860,-1.75318,,,,
173.323,0.69432,2.12605,8.43238,-0.70738,-0.87476,-1.24372,,,,
173.425,-0.38786,2.52349,12.39239,-0.50335,-0.23946,-1.21440,,,,
173.527,-2.59053,3.97916,11.62624,-0.33231,0.24435,-0.70005,,,,
173.630,-2.51870,0.76136,12.94305,1.45508,0.31887,0.62797,,,,
173.735,0.94810,1.25935,10.23761,1.77884,0.17226,0.39828,,,,
173.837,0.23463,0.59376,6.37336,0.87598,1.10200,0.60720,,,,
173.939,1.00078,2.81558,4.13239,0.30543,0.16005,0.56566,,,,
174.042,2.62883,3.39977,11.24317,-1.31947,-0.85399,0.65851,,,,
174.144,5.48751,5.07571,11.20486,-1.14965,-1.22051,-0.13195,,,,
174.246,2.92571,1.29287,8.18817,1.10567,1.30481,-1.16553,,,,
174.349,3.07416,2.00155,6.51702,0.22969,-1.88024,-1.27060,,,,
174.452,1.46046,2.62405,6.99586,-0.76603,-0.24923,-1.15331,,,,
174.555,1.81480,4.08930,8.45153,-0.88698,-0.87842,-0.78802,,,,
174.657,0.48842,5.22894,12.36845,-0.08063,-0.18082,-0.39218,,,,
174.759,1.14443,4.15155,15.80173,-0.32009,-0.37874,-0.49602,,,,
174.861,-0.43096,2.59531,8.67180,1.15698,-0.09529,0.47647,,,,
174.964,0.36392,1.61369,7.04374,0.91996,1.09834,0.13928,,,,
175.067,0.70868,2.51870,4.85065,0.40561,0.58521,0.70738,,,,
175.170,2.26491,3.77805,7.54652,-0.85277,-0.41050,0.45204,,,,
175.273,3.74932,5.05177,13.01009,-0.64630,0.32865,-0.02321,,,,
175.375,3.27527,2.94966,13.61343,-0.84177,0.69150,-0.63408,,,,
175.478,2.85868,2.47082,5.73651,1.03481,-0.56077,-0.42028,,,,
175.580,1.82917,1.97282,7.01022,-0.27489,-0.26878,-1.14965,,,,
175.682,1.55623,3.82593,7.24485,-0.66706,-1.13621,-0.80756,,,,
175.783,-0.06704,4.16591,13.65653,-0.71471,0.15516,-0.75625,,,,
175.886,0.01915,5.20978,12.77546,-0.53756,-0.08186,-0.25901,,,,
175.989,-1.53708,1.96803,7.87692,1.10933,0.60231,0.69150,,,,
176.091,0.50278,2.39899,9.88326,0.64385,-0.14050,0.60598,,,,
176.193,0.56982,2.37026,7.28316,0.62308,0.61087,0.82833,,,,
176.296,1.51792,3.60088,7.20655,0.03910,0.10629,0.35552,,,,
176.400,2.46124,3.70144,10.69729,-0.43005,0.16127,0.31521,,,,
176.504,3.83551,2.52828,14.02523,-2.05617,-0.20647,-0.59254,,,,
176.607,3.03585,2.84910,4.92248,0.86621,-0.02688,0.14172,,,,
176.710,2.14520,2.69587,8.29351,-0.45937,-0.36896,-1.27549,,,,
176.812,0.48363,3.47159,7.37414,-0.27978,-0.78313,-0.97616,,,,
176.914,-0.66559,4.22337,11.05163,-0.56200,0.02199,-0.43371,,,,
177.016,-0.87628,5.64074,10.35253,0.31398,0.10018,0.31643,,,,
177.119,-1.77650,1.51792,12.08114,0.95051,0.52046,0.53023,,,,
177.222,1.26893,3.13162,9.25598,1.00915,-0.16493,1.02381,,,,
177.324,0.59855,2.14999,7.01022,0.47159,1.14843,0.42883,,,,
177.424,1.65679,3.52905,6.15789,0.19914,0.12339,0.51801,,,,
177.530,2.44687,4.31435,9.41879,-0.52290,-0.32865,0.18204,,,,
177.632,3.73974,3.40934,14.74828,-1.74830,-0.59987,-0.74892,,,,
177.735,2.59531,2.82037,5.03261,0.89919,0.71227,0.15272,,,,
177.837,2.51870,2.80600,6.89530,-0.56810,-0.90775,-1.22173,,,,
177.938,1.03430,3.05500,8.78672,-0.75625,-0.62186,-1.28526,,,,
178.040,0.11013,3.92170,11.01812,-0.58399,0.09407,-0.73915,,,,
178.143,-1.38385,4.89854,10.75954,-0.17593,-0.00733,-0.36530,,,,
178.244,-3.00712,1.39343,12.39718,0.72449,0.67806,0.12339,,,,
178.346,-2.05901,2.65278,8.37013,0.32498,-0.39951,1.06535,,,,
178.448,-0.69432,1.81959,8.02058,0.60720,0.92241,1.04947,,,,
178.551,0.88585,3.09331,7.61356,0.65607,0.49724,0.94806,,,,
178.656,2.00155,3.76368,9.73004,-0.15516,-0.09285,0.47403,,,,
178.759,3.01191,3.88818,8.97347,-1.13377,-0.34575,-0.37874,,,,
178.862,2.68629,1.74298,7.76679,0.68661,0.69883,-0.10140,,,,
178.965,2.70066,2.65756,7.56089,-0.38118,-1.01648,-1.28526,,,,
179.067,0.65122,3.20344,8.17859,-0.58399,-0.42516,-1.15087,,,,
179.170,-0.66559,4.45322,10.35732,-0.34331,-0.43249,-0.58765,,,,
179.276,-1.58496,4.75488,11.28148,0.40073,-0.19181,0.06597,,,,
179.380,-2.26491,2.48518,12.34929,0.55222,0.67195,0.38851,,,,
179.483,-1.24498,2.31759,11.72680,0.67317,-0.10018,1.21684,,,,
179.585,0.56982,2.45645,7.12036,1.25960,0.45204,1.24250,,,,
179.689,1.32639,4.11324,5.55934,0.56810,0.83566,0.61087,,,,
179.791,1.51792,4.97994,8.13071,-0.50091,0.08919,0.07208,,,,
179.894,2.95444,4.86981,11.17613,-0.44104,0.20525,-0.00122,,,,
179.996,2.04465,2.64320,10.10832,0.03787,0.37629,-0.49724,,,,
180.100,3.24175,3.58173,7.56089,-0.25534,-1.45019,-0.93218,,,,
180.203,0.34955,2.52828,7.33105,-0.42150,-0.11118,-1.04702,,,,
180.305,-0.60334,4.14197,7.17782,-0.55711,-1.30603,-0.94440,,,,
180.408,-1.66636,4.85544,13.23036,-0.17715,-0.08308,-0.53390,,,,
180.511,-0.28730,4.99909,14.20240,-0.38240,-0.42516,0.25779,,,,
180.614,-1.01035,2.25534,7.23528,0.97983,0.52168,1.63590,,,,
180.717,0.04310,1.81480,8.23605,0.35675,0.87720,0.99082,,,,
180.819,0.80445,2.38462,7.50343,0.40195,0.90530,1.16187,,,,
180.921,1.47004,2.99275,8.52815,-0.07086,0.35552,0.70983,,,,
181.024,3.00712,3.53863,10.47703,-0.60476,0.03543,0.26389,,,,
181.127,1.93451,1.12527,14.99728,-1.54182,0.96272,-0.46181,,,,
181.230,3.87861,3.03585,7.01980,0.18570,-0.83444,-0.22113,,,,
181.333,1.33596,2.24576,7.25443,-0.45448,0.00733,-1.21073,,,,
181.435,-0.01437,2.56658,8.95910,-0.25534,-0.81612,-1.02014,,,,
181.538,-0.74699,3.48117,12.02847,0.11729,-0.41661,-0.18692,,,,
181.641,0.09098,4.43406,13.06755,-0.06842,-0.42516,0.07330,,,,
181.743,-1.63285,1.50835,8.09240,1.31458,0.73426,0.97005,,,,
181.847,0.11013,2.37026,10.48660,0.77946,-0.29322,0.95417,,,,
181.949,0.94810,1.90578,8.56167,0.84788,0.82955,0.74037,,,,
182.051,2.56180,2.99754,6.04296,0.73182,0.48869,0.25901,,,,
182.153,3.32315,3.73495,9.26556,-0.57055,-0.17593,-0.05009,,,,
182.255,3.02627,3.82115,9.55765,-1.55282,-0.48136,-0.72937,,,,
182.359,1.98719,3.16992,8.19775,0.07330,-0.22358,-0.68539,,,,
182.461,0.62249,2.20267,7.55610,-0.25656,-0.24190,-1.24250,,,,
182.563,0.98162,3.80678,7.61835,-0.11729,-0.90286,-0.81001,,,,
182.664,0.07183,4.37660,9.52892,-0.51068,-0.04765,-0.49724,,,,
182.766,-0.71826,5.65989,11.20008,0.19181,0.12462,0.31154,,,,
182.868,-1.71904,1.87705,16.06509,0.45693,0.54734,0.31276,,,,
182.969,0.11492,3.13640,9.19373,0.95784,-0.15760,1.33535,,,,
183.070,-0.52672,0.73263,7.86256,0.45448,1.47952,0.76236,,,,
183.172,1.56581,2.64799,5.69341,0.36774,0.66218,1.29015,,,,
183.274,1.51792,4.17070,9.20810,-0.60353,0.23702,0.42150,,,,
183.376,2.80600,4.51068,10.37647,-0.74526,0.19670,0.00733,,,,
183.478,3.13640,1.68552,10.02213,0.67684,0.40684,0.00855,,,,
183.580,3.46680,2.43251,6.80911,-0.28222,-1.17897,-0.98471,,,,
183.681,0.79009,2.42772,7.44597,-0.70005,-0.31032,-1.13254,,,,
183.783,0.55067,3.89297,9.72525,-0.61453,-0.52412,-0.90652,,,,
183.885,-1.26893,4.38618,11.81299,0.15027,0.03054,-0.18326,,,,
183.987,-0.75657,3.92649,14.34606,-0.50335,-0.01710,0.12217,,,,
184.089,-1.41258,2.30322,7.51300,1.13987,0.40073,1.30359,,,,
184.190,0.89064,2.07817,8.98783,0.71960,0.36163,0.48503,,,,
184.292,1.46046,2.31759,6.34463,0.50457,0.94684,0.81489,,,,
184.394,2.77249,4.19943,7.87214,-0.44227,-0.27489,0.17593,,,,
184.496,2.66714,4.52025,10.07959,-0.57177,-0.31398,-0.49358,,,,
184.597,0.94810,1.77171,14.22635,-1.08245,0.06964,-1.44653,,,,
184.697,1.59933,3.07416,7.13472,-0.11240,-0.58032,-0.94073,,,,
184.799,-0.36392,1.25935,8.43238,-0.16005,0.16738,-1.10933,,,,
184.900,0.47405,3.72059,6.70855,-0.06231,-0.91996,-0.61331,,,,
185.002,0.14365,4.94163,11.13304,-0.26512,-0.11606,-0.42883,,,,
185.104,-0.41180,6.14352,10.49618,0.16860,-0.04520,-0.05498,,,,
185.206,-2.27449,1.08218,13.90073,1.19485,0.80390,0.24068,,,,
185.307,-1.11570,1.83396,9.54808,0.89553,0.25168,0.95784,,,,
185.408,-0.19632,1.91536,6.87615,0.57177,0.82345,0.92852,,,,
185.510,0.48842,4.23295,5.18105,0.18692,0.49236,0.81245,,,,
185.612,1.14922,5.43005,8.53772,-0.37507,0.06475,0.20281,,,,
185.712,2.13084,4.96079,9.51935,-0.61453,0.40317,-0.30299,,,,
185.814,0.97683,1.75734,11.11388,-0.12584,0.02932,-0.45082,,,,
185.916,1.98240,2.95923,7.39808,-0.58277,-0.82833,-0.64019,,,,
186.017,0.79966,3.07894,7.71891,-0.52290,-0.46304,-0.70372,,,,
186.120,-0.10056,4.49152,9.26556,-0.38607,-0.63652,-0.60476,,,,
186.224,-1.94409,5.22415,11.25754,0.10629,-0.29810,0.15272,,,,
186.326,-1.57538,2.05901,18.01397,0.47892,0.17959,0.65729,,,,
186.428,-1.26893,2.20267,8.61434,1.28160,0.63897,1.54182,,,,
186.531,0.53630,1.45567,7.69018,0.97005,1.20585,1.05435,,,,
186.631,1.13006,3.10289,5.47315,0.63286,0.97861,0.74770,,,,
186.733,1.18752,4.56335,6.24408,-1.03969,1.65544,0.31643,,,,
186.835,0.15802,4.27126,12.20564,-0.46670,-0.84666,-0.15027,,,,
186.937,0.75657,3.50990,12.28226,-0.88820,-0.53023,-0.77946,,,,
187.040,1.37906,3.81157,7.34541,0.08186,-0.66340,-0.60476,,,,
187.142,0.00479,2.16436,7.63750,-0.19059,-0.69883,-0.83200,,,,
187.244,-0.16281,4.51546,8.23605,-0.25656,-1.15942,-0.55100,,,,
187.344,-0.62728,5.19542,11.08994,-0.25656,-0.04520,-0.02932,,,,
187.446,-1.13006,5.61680,10.57279,-0.02566,0.49969,0.47159,,,,
187.547,-1.34554,0.46448,11.77468,1.19607,0.65485,1.12888,,,,
187.650,1.35033,3.20344,6.52659,0.73793,0.24801,1.20340,,,,
187.752,1.25456,2.39899,7.99185,0.61697,1.04947,1.00304,,,,
187.855,1.69988,3.99832,6.38294,0.31765,0.13561,0.36285,,,,
187.958,1.38864,4.97994,10.29986,0.06842,0.02932,-0.05253,,,,
188.061,1.15401,2.51391,13.17290,-0.82222,0.04398,-0.71593,,,,
188.164,1.47962,3.36146,6.51702,0.27367,-0.16493,0.30543,,,,
188.267,1.39343,3.80199,6.81869,-0.08186,-0.03176,-0.55222,,,,
188.370,-0.37828,5.17148,7.67102,-0.09774,-0.28344,-0.17593,,,,
188.470,0.19632,5.87537,11.40598,-0.09529,0.38729,0.47159,,,,
188.574,-1.51792,3.14598,13.19205,-0.38485,0.39340,0.32620,,,,
188.677,-0.69432,4.14197,7.13472,0.08674,0.16982,0.65118,,,,
188.780,0.75178,2.57616,9.05966,0.29932,0.91630,0.05742,,,,
188.882,1.80044,4.16112,5.51624,0.81612,0.21258,0.23946,,,,
188.985,0.94332,4.57293,7.34062,-0.04520,-0.62553,-0.39462,,,,
189.087,0.48842,4.66869,9.57681,-0.11729,-0.63408,-1.18997,,,,
189.191,0.70390,2.20267,13.19205,-0.94073,-1.21929,-1.48196,,,,
189.294,1.72383,2.48039,8.06846,-0.11851,-0.88575,-1.06046,,,,
189.396,0.77572,1.80523,6.23450,-0.58643,-0.69761,-1.70309,,,,
189.497,-0.65122,2.92093,8.47547,-1.36834,-0.94195,-1.87536,,,,
189.599,-5.24330,4.25210,14.51365,-0.69028,0.72815,-1.34513,,,,
189.701,-3.45723,3.93607,13.80976,-0.18815,-0.95661,0.93951,31.2559196,75.7047681,0.460,277.40
189.803,-1.04866,2.16436,9.04051,2.10993,-0.13317,1.63468,31.2559196,75.7047681,0.460,277.40
189.906,0.16759,2.46603,8.54251,1.31580,0.44349,0.52657,31.2559196,75.7047681,0.460,277.40
190.008,0.75657,2.77249,5.86101,0.81612,1.06291,0.29566,31.2559196,75.7047681,0.460,277.40
190.108,1.06303,4.26647,5.33428,0.07819,-0.43249,-0.20403,31.2559196,75.7047681,0.460,277.40
190.212,1.75734,5.04698,10.91277,-0.94562,-0.49724,-0.34697,31.2559196,75.7047681,0.460,277.40
190.314,3.16992,4.61123,12.32535,-1.73974,-0.91874,-1.49784,31.2559196,75.7047681,0.460,277.40
190.416,0.25379,2.65278,5.41568,0.37629,0.48503,-0.91752,31.2559196,75.7047681,0.460,277.40
190.519,0.44053,2.86825,7.34062,-0.15760,-0.78679,-0.98105,31.2559196,75.7047681,0.460,277.40
190.621,-1.43173,4.96557,7.07247,-0.74648,-0.43982,-0.48014,31.2559196,75.7047681,0.460,277.40
190.725,-1.17795,6.41646,11.81299,-0.12584,-0.13683,0.16249,31.2559045,75.7047575,0.460,277.40
190.827,-1.14922,5.09007,13.71399,-0.10140,0.00977,0.34331,31.2559045,75.7047575,0.460,277.40
190.929,-0.60813,1.85790,8.28394,1.14476,1.15454,0.97983,31.2559045,75.7047575,0.460,277.40
191.032,0.72305,2.86825,7.20176,0.37385,0.61209,0.32132,31.2559045,75.7047575,0.460,277.40
191.135,0.76614,3.31358,6.57448,-0.17715,0.97005,0.21625,31.2559045,75.7047575,0.460,277.40
191.239,0.16281,3.48596,8.81066,-0.02199,-0.51557,0.17959,31.2559045,75.7047575,0.460,277.40
191.341,2.64799,5.46357,9.40921,-0.37141,-0.56200,-0.70616,31.2559045,75.7047575,0.460,277.40
191.443,0.23463,2.79643,13.37401,-0.46181,-0.22602,-1.46119,31.2559045,75.7047575,0.460,277.40
191.547,2.11647,2.99754,6.40210,1.05802,-1.33046,-0.65729,31.2559045,75.7047575,0.460,277.40
191.650,0.36392,2.42772,5.80833,-0.42394,-0.84177,-1.22906,31.2558826,75.7047559,0.500,277.40
191.752,-0.96726,4.86502,8.32703,-1.23150,-0.72693,-0.68295,31.2558826,75.7047559,0.500,277.40
191.855,-1.24977,6.38773,12.85686,0.16005,0.13806,-0.14172,31.2558826,75.7047559,0.500,277.40
191.956,-1.80523,3.13162,17.03235,-0.03910,0.26145,-0.26145,31.2558826,75.7047559,0.500,277.40
192.058,-2.36068,2.25055,7.56089,1.31947,1.37200,0.84788,31.2558826,75.7047559,0.500,277.40
192.162,-0.77093,1.43652,5.86579,0.31887,1.08245,0.97983,31.2558826,75.7047559,0.500,277.40
192.265,1.41737,3.70622,5.77003,0.12828,0.14539,1.05191,31.2558826,75.7047559,0.500,277.40
192.367,2.06859,5.54497,7.32147,-0.67073,-0.37996,0.12584,31.2558826,75.7047559,0.500,277.40
192.468,1.17795,5.70299,10.20409,-1.09223,-0.61697,-0.50824,31.2558826,75.7047559,0.500,277.40
192.570,-0.41659,1.41258,15.86398,-0.21747,0.72815,-0.46670,31.2558826,75.7047559,0.500,277.40
192.672,2.18830,3.46202,5.88974,0.90652,-1.07879,-0.02688,31.2558833,75.7047568,0.600,277.40
192.774,0.76136,2.75812,6.79474,-0.37018,0.09774,-0.52534,31.2558833,75.7047568,0.600,277.40
192.877,0.14844,4.51068,8.30309,-0.46914,-0.81245,-0.15638,31.2558833,75.7047568,0.600,277.40
192.981,-1.42216,5.25767,10.26155,0.29322,-0.17226,0.29688,31.2558833,75.7047568,0.600,277.40
193.084,-2.14520,4.48673,11.74117,-0.44715,-0.08063,0.67195,31.2558833,75.7047568,0.600,277.40
193.186,-2.50912,-0.27294,13.34049,0.96761,1.19852,2.06595,31.2558833,75.7047568,0.600,277.40
193.291,0.98641,0.58897,8.93516,1.44164,0.89797,1.55038,31.2558833,75.7047568,0.600,277.40
193.393,2.79643,2.11647,5.66947,0.71349,1.49051,1.22662,31.2558833,75.7047568,0.600,277.40
193.496,2.60489,3.53863,5.85622,-0.38607,0.53390,0.15394,31.2558833,75.7047568,0.600,277.40
193.600,3.10289,4.62081,9.16022,-1.19607,-0.25901,-0.29444,31.2558833,75.7047568,0.600,277.40
193.704,3.05500,2.85868,13.21120,0.12828,0.08674,-0.38485,31.2558755,75.7047493,0.860,277.40
193.806,1.84832,2.75333,7.36935,-0.12828,-0.86376,-1.43187,31.2558755,75.7047493,0.860,277.40
193.909,-0.97205,2.40857,6.98149,-0.08552,-0.63897,-0.71593,31.2558755,75.7047493,0.860,277.40
194.012,0.58419,5.04219,9.20331,-0.11973,-1.08978,-0.14905,31.2558755,75.7047493,0.860,277.40
194.115,-0.92416,5.72693,10.96066,-0.04398,0.33842,0.11484,31.2558755,75.7047493,0.860,277.40
194.217,0.72305,1.78129,17.31487,0.53512,1.08856,0.22969,31.2558755,75.7047493,0.860,277.40
194.320,0.09577,2.40857,5.34386,1.82893,0.56566,0.64630,31.2558755,75.7047493,0.860,277.40
194.423,-0.23463,2.31280,6.87136,-0.04765,1.72631,-0.14905,31.2558755,75.7047493,0.860,277.40
194.526,1.96325,2.63841,8.31267,0.39706,-0.09652,0.52290,31.2558755,75.7047493,0.860,277.40
194.628,4.23774,5.09486,5.28640,0.80390,-1.35979,-0.40806,31.2558755,75.7047493,0.860,277.40
194.730,1.11091,5.36301,9.25598,-1.71409,-1.15698,-1.02748,31.2558739,75.7047378,0.820,277.40
194.834,1.47962,2.86347,16.27099,-1.17653,-0.53390,-1.71409,31.2558739,75.7047378,0.820,277.40
194.937,0.54588,3.88818,6.49307,0.19792,-0.61087,-0.98716,31.2558739,75.7047378,0.820,277.40
195.039,-0.10056,3.05979,8.34619,-0.10996,-0.13195,-1.32558,31.2558739,75.7047378,0.820,277.40
195.142,-0.53630,5.01346,7.09163,-0.19059,-0.81489,-0.14050,31.2558739,75.7047378,0.820,277.40
195.245,-0.90980,6.27760,10.50097,0.13195,-0.08063,0.17471,31.2558739,75.7047378,0.820,277.40
195.348,-2.46603,5.50666,12.45943,0.31765,-0.59987,0.01955,31.2558739,75.7047378,0.820,277.40
195.450,-0.41180,1.49877,11.93270,1.97065,1.73608,1.64934,31.2558739,75.7047378,0.820,277.40
195.552,1.42694,1.64721,10.20409,0.85643,1.77517,1.42087,31.2558739,75.7047378,0.820,277.40
195.654,0.33998,1.89621,4.78362,0.31032,2.32740,1.52228,31.2558676,75.7047284,0.790,277.40
195.755,0.33040,3.95043,6.90488,0.01955,0.12584,1.03481,31.2558676,75.7047284,0.790,277.40
195.857,2.92093,5.97593,12.57914,-0.52290,0.21991,0.48625,31.2558676,75.7047284,0.790,277.40
195.960,5.00867,5.92325,14.93503,-0.85277,0.36408,-0.41294,31.2558676,75.7047284,0.790,277.40
196.062,2.73418,4.53462,4.67348,0.85643,-0.49602,0.09041,31.2558676,75.7047284,0.790,277.40
196.163,0.10056,3.50990,6.11479,-0.47770,-0.06964,-1.02992,31.2558676,75.7047284,0.790,277.40
196.264,-1.49398,4.67827,6.33506,-0.23457,-1.18386,-0.26878,31.2558676,75.7047284,0.790,277.40
196.365,-1.42694,5.99508,9.57202,-0.16249,0.17593,0.58521,31.2558676,75.7047284,0.790,277.40
196.467,-0.70868,7.90565,8.66701,0.36163,0.27245,0.87720,31.2558676,75.7047284,0.790,277.40
196.569,-1.74777,2.03986,14.93503,-0.03054,1.38422,0.36774,31.2558676,75.7047284,0.790,277.40
196.672,1.32160,3.19865,10.02692,0.72937,0.91752,1.45019,31.2558597,75.7047199,1.150,267.80
196.773,0.32082,2.54743,7.58962,-0.26634,2.02319,1.05069,31.2558597,75.7047199,1.150,267.80
196.874,0.04788,3.89776,5.86101,0.14294,0.43005,0.77580,31.2558597,75.7047199,1.150,267.80
196.976,1.02472,4.99909,8.91122,-0.54978,-0.01100,0.42028,31.2558597,75.7047199,1.150,267.80
197.079,1.37906,5.81312,10.17057,0.50091,-0.56077,0.60598,31.2558597,75.7047199,1.150,267.80
197.180,4.15155,4.36702,14.65251,-0.44838,-0.83811,-0.39706,31.2558597,75.7047199,1.150,267.80
197.281,2.07338,3.96959,4.64954,0.30421,-0.54367,-0.51557,31.2558597,75.7047199,1.150,267.80
197.383,0.80445,3.14598,6.58405,-0.48258,-0.19303,-0.74159,31.2558597,75.7047199,1.150,267.80
197.485,1.39821,5.23851,6.83305,-0.25656,-0.91630,-0.64752,31.2558597,75.7047199,1.150,267.80
197.587,0.30167,5.55934,11.62146,-0.43127,-0.16860,-0.79657,31.2558597,75.7047199,1.150,267.80
197.689,-0.64165,5.42047,10.39562,-0.53390,0.00977,-0.63774,31.2558438,75.7047103,0.920,263.10
197.791,-2.87783,1.42694,9.05008,0.55100,1.20463,0.41050,31.2558438,75.7047103,0.920,263.10
197.893,-0.58419,2.65756,8.56645,-0.09285,-0.21258,0.86010,31.2558438,75.7047103,0.920,263.10
197.994,-1.12049,2.63841,8.35576,-0.15638,0.58399,1.01648,31.2558438,75.7047103,0.920,263.10
198.097,0.45969,3.54342,7.92960,0.04765,0.46548,0.73182,31.2558438,75.7047103,0.920,263.10
198.198,-0.16281,3.95043,8.67180,-0.42638,-0.01955,0.50457,31.2558438,75.7047103,0.920,263.10
198.300,1.08697,4.89854,10.34295,-0.63163,0.00611,0.52657,31.2558438,75.7047103,0.920,263.10
198.400,2.10690,1.76213,13.48893,-0.12828,0.10629,-0.06353,31.2558438,75.7047103,0.920,263.10
198.502,3.50990,2.03986,5.75087,1.34268,-0.81978,0.14416,31.2558438,75.7047103,0.920,263.10
198.605,2.50433,2.57616,6.13873,-0.64263,-0.57544,-0.89919,31.2558438,75.7047103,0.920,263.10
198.707,1.99676,4.04141,8.03973,-1.02259,-0.71593,-0.78313,31.2558403,75.7047029,0.850,259.90
198.809,0.32561,3.84509,11.65019,-0.18082,0.03421,-1.05680,31.2558403,75.7047029,0.850,259.90
198.910,-0.15323,3.85945,8.55209,0.93340,-0.18937,-0.22846,31.2558403,75.7047029,0.850,259.90
199.013,-0.26336,3.03106,11.93749,0.09285,-0.10507,-0.13561,31.2558403,75.7047029,0.850,259.90
199.115,-0.21069,2.96881,9.10275,-0.07697,0.08674,0.70372,31.2558403,75.7047029,0.850,259.90
199.218,0.75178,2.65278,8.93516,0.25045,0.54489,0.69761,31.2558403,75.7047029,0.850,259.90
199.322,1.52750,3.28006,7.56089,0.46304,0.35797,0.48503,31.2558403,75.7047029,0.850,259.90
199.425,1.60890,3.84509,7.47949,0.05131,0.14294,-0.33720,31.2558403,75.7047029,0.850,259.90
199.528,1.28329,4.54419,9.39485,0.00000,0.23946,0.30177,31.2558403,75.7047029,0.850,259.90
199.632,3.21302,4.02705,13.37880,-1.35123,-0.73915,-0.84788,31.2558403,75.7047029,0.850,259.90
199.734,1.71425,2.36547,6.83784,-0.09163,-0.51679,0.20403,31.2558374,75.7046934,0.840,260.90
199.836,2.97360,3.12683,6.63673,-0.06597,-0.09163,-0.32376,31.2558374,75.7046934,0.840,260.90
199.940,0.67995,4.91290,5.67426,-0.49969,-0.21991,-0.37874,31.2558374,75.7046934,0.840,260.90
200.042,-1.22583,4.67827,11.55442,0.11362,-0.39951,-0.43738,31.2558374,75.7046934,0.840,260.90
200.145,-0.70390,4.54419,12.50731,-0.07941,-0.23457,0.24312,31.2558374,75.7046934,0.840,260.90
200.247,0.11971,1.82917,11.59751,0.24068,0.73059,0.76358,31.2558374,75.7046934,0.840,260.90
200.350,1.56581,1.55623,6.06691,0.59254,0.60598,1.05680,31.2558374,75.7046934,0.840,260.90
200.452,3.89776,3.45244,6.64152,0.70250,0.29444,0.51191,31.2558374,75.7046934,0.840,260.90
200.554,2.64320,3.59130,10.33816,-0.20769,0.07941,-0.70127,31.2558374,75.7046934,0.840,260.90
200.657,0.86670,2.26013,11.74595,-1.94011,-0.91019,-0.46181,31.2558400,75.7046823,1.160,262.30
200.761,4.43406,4.39097,8.81545,-0.73548,-0.29566,0.30788,31.2558400,75.7046823,1.160,262.30
200.863,1.39343,2.51870,8.78193,-0.26145,-0.26756,0.17226,31.2558400,75.7046823,1.160,262.30
200.967,0.61770,4.90333,8.89685,0.09041,-0.58643,-0.53512,31.2558400,75.7046823,1.160,262.30
201.069,-1.52271,6.56011,10.62547,0.64019,0.82711,-0.40684,31.2558400,75.7046823,1.160,262.30
201.171,-1.26893,3.06458,12.42591,0.02566,1.00671,0.40073,31.2558400,75.7046823,1.160,262.30
201.274,0.51236,2.24097,6.30633,0.17471,0.39095,1.26205,31.2558400,75.7046823,1.160,262.30
201.378,2.24576,3.05021,6.40210,0.60353,0.17471,0.78191,31.2558400,75.7046823,1.160,262.30
201.481,2.37505,4.19464,7.59920,0.23091,-0.15149,-0.08186,31.2558400,75.7046823,1.160,262.30
201.584,1.50835,6.30633,8.23605,-0.20159,0.70250,-0.61820,31.2558400,75.7046823,1.160,262.30
201.685,1.47962,3.72059,11.01812,-0.42150,-0.16738,0.26023,31.2558366,75.7046701,1.170,262.50
201.788,0.60813,2.54743,9.14585,-0.36408,-0.32254,-0.74648,31.2558366,75.7046701,1.170,262.50
201.892,-0.89543,3.95522,6.76123,0.25168,-0.48747,-0.14172,31.2558366,75.7046701,1.170,262.50
201.994,-2.11647,4.80756,9.90242,0.95906,-0.12706,0.21136,31.2558366,75.7046701,1.170,262.50
202.097,-0.92895,5.31513,14.64773,0.62919,-1.59680,0.46426,31.2558366,75.7046701,1.170,262.50
202.201,0.64165,3.68228,8.34619,-0.08919,2.52165,0.18326,31.2558366,75.7046701,1.170,262.50
202.305,3.11246,2.37984,9.54808,0.64752,0.25656,0.81001,31.2558366,75.7046701,1.170,262.50
202.411,1.83396,1.82917,4.51546,0.97616,0.39584,0.25290,31.2558366,75.7046701,1.170,262.50
202.513,2.33195,6.93840,7.12036,-0.71471,-0.81245,-0.39828,31.2558366,75.7046701,1.170,262.50
202.616,-0.22027,6.63673,8.37013,-0.45448,0.76358,0.61087,31.2558366,75.7046701,1.170,262.50
202.718,3.35188,3.91213,11.09473,-0.59376,-0.11240,-0.99449,31.2558348,75.7046545,1.250,259.20
202.820,-0.80445,2.47082,3.83551,-0.05620,0.55711,-0.51679,31.2558348,75.7046545,1.250,259.20
202.923,-0.16281,4.49631,9.24641,-0.25534,-1.43431,0.03299,31.2558348,75.7046545,1.250,259.20
203.027,0.94810,3.14598,15.39472,0.53756,-0.18815,0.25779,31.2558348,75.7046545,1.250,259.20
203.130,0.68474,2.69108,10.92235,0.05253,0.08063,-0.12706,31.2558348,75.7046545,1.250,259.20
203.232,0.90501,2.39420,5.77003,0.15272,0.46304,0.55955,31.2558348,75.7046545,1.250,259.20
203.338,1.93451,3.42850,6.42604,0.76847,0.20647,-0.02688,31.2558348,75.7046545,1.250,259.20
203.440,1.11570,3.66313,10.75475,0.29077,0.35675,-0.64141,31.2558348,75.7046545,1.250,259.20
203.542,0.04310,1.33118,14.02523,-1.49418,-0.01710,-0.76725,31.2558348,75.7046545,1.250,259.20
203.645,3.87382,3.19387,10.38605,-0.61209,-0.54000,0.81978,31.2558382,75.7046415,1.140,258.00
203.746,1.91536,3.74453,5.85622,-0.75992,0.10507,-0.31887,31.2558382,75.7046415,1.140,258.00
203.848,-1.06303,3.67749,9.43794,-0.18326,0.10140,-0.72815,31.2558382,75.7046415,1.140,258.00
203.951,-2.42293,4.96079,10.24239,1.11788,0.32987,0.37385,31.2558382,75.7046415,1.140,258.00
204.053,0.42138,1.82438,16.38592,0.71960,-0.87720,0.54489,31.2558382,75.7046415,1.140,258.00
204.156,0.54588,2.66235,9.27514,0.21991,0.04032,0.32742,31.2558382,75.7046415,1.140,258.00
204.260,1.12049,1.71425,6.05254,0.61331,0.67562,0.70372,31.2558382,75.7046415,1.140,258.00
204.362,1.99676,4.21380,4.99430,0.40317,0.43616,0.36163,31.2558382,75.7046415,1.140,258.00
204.466,2.18351,3.46680,11.31021,0.09163,-0.03543,-0.58765,31.2558382,75.7046415,1.140,258.00
204.570,-0.19632,1.55623,12.54562,-0.18815,0.47159,0.00977,31.2558382,75.7046415,1.140,258.00
204.673,4.47716,4.38139,10.29507,-0.32009,-0.79657,0.23335,31.2558352,75.7046279,1.100,260.90
204.776,0.56982,2.64320,5.34865,-0.14172,0.53390,-0.70005,31.2558352,75.7046279,1.100,260.90
204.878,-0.06704,4.38139,8.92558,-0.01955,-0.86987,-0.39462,31.2558352,75.7046279,1.100,260.90
204.980,-2.64799,5.76045,9.50498,0.09407,0.65851,-0.07819,31.2558352,75.7046279,1.100,260.90
205.082,0.01437,2.43730,14.90151,0.33720,-0.52046,0.62919,31.2558352,75.7046279,1.100,260.90
205.185,0.41659,1.99198,5.46836,0.59620,0.88820,0.97250,31.2558352,75.7046279,1.100,260.90
205.288,3.07416,3.76368,5.11401,1.00182,-0.26512,0.35919,31.2558352,75.7046279,1.100,260.90
205.390,1.66636,3.58651,8.22648,0.15516,-0.15272,-0.87842,31.2558352,75.7046279,1.100,260.90
205.494,1.63763,5.47793,7.78594,-0.84788,0.42028,-0.80634,31.2558352,75.7046279,1.100,260.90
205.598,2.81079,3.52426,10.86968,-0.65973,-0.05009,1.40499,31.2558352,75.7046279,1.100,260.90
205.701,2.49955,2.37505,9.25598,-0.13561,0.07208,-0.73426,31.2558336,75.7046150,1.100,261.00
205.807,0.67516,4.62560,4.12282,0.10996,-0.16493,-0.55955,31.2558336,75.7046150,1.100,261.00
205.910,-2.55222,6.44519,10.53928,0.33231,0.87842,-0.29322,31.2558336,75.7046150,1.100,261.00
206.012,-2.44687,1.38385,14.84405,0.83078,0.69883,0.32865,31.2558336,75.7046150,1.100,261.00
206.114,0.55545,3.64876,7.66145,0.32987,-0.32865,0.71838,31.2558336,75.7046150,1.100,261.00
206.216,1.12049,2.70066,6.30633,0.34575,0.40684,0.54734,31.2558336,75.7046150,1.100,261.00
206.318,1.34075,3.58173,7.16824,0.69516,-0.26389,-0.07453,31.2558336,75.7046150,1.100,261.00
206.421,0.63686,4.20422,9.51935,0.27855,0.06842,-0.68295,31.2558336,75.7046150,1.100,261.00
206.524,0.26336,2.42293,12.28226,-1.20096,-0.44838,-0.55711,31.2558336,75.7046150,1.100,261.00
206.627,4.80756,4.67348,10.33337,-0.42638,-0.34575,-0.00855,31.2558336,75.7046150,1.100,261.00
206.729,0.83797,3.65834,6.74686,-0.19914,-0.49358,-1.13377,31.2558340,75.7046020,1.160,263.90
206.832,-0.99599,5.01346,9.57681,-0.05864,-0.84788,-0.67684,31.2558340,75.7046020,1.160,263.90
206.934,-3.10289,6.78517,9.86411,-0.48258,-0.40073,-0.02077,31.2558340,75.7046020,1.160,263.90
207.037,-1.00078,3.27527,11.44907,1.09345,0.75014,0.89064,31.2558340,75.7046020,1.160,263.90
207.141,0.37350,1.44131,7.34062,0.81856,0.87476,0.61331,31.2558340,75.7046020,1.160,263.90
207.244,3.00233,2.77249,6.04296,0.65729,0.81734,0.66462,31.2558340,75.7046020,1.160,263.90
207.346,3.17950,2.25534,6.73728,0.47770,0.16982,-0.80146,31.2558340,75.7046020,1.160,263.90
207.450,-0.21548,2.55701,8.48026,-1.44164,-0.58154,-1.35001,31.2558340,75.7046020,1.160,263.90
207.552,4.81235,4.80756,11.29584,-1.79228,-1.67866,0.25168,31.2558340,75.7046020,1.160,263.90
207.655,0.29209,2.63841,7.21134,-1.03114,0.01100,-0.78435,31.2558327,75.7045908,1.180,264.60
207.758,-2.31280,4.18028,10.39562,-0.30177,-0.77091,-0.42272,31.2558327,75.7045908,1.180,264.60
207.860,-2.33674,5.79876,11.93270,0.94562,1.26693,0.27855,31.2558327,75.7045908,1.180,264.60
207.962,-1.07739,3.90734,16.70674,0.54000,-1.48440,0.73793,31.2558327,75.7045908,1.180,264.60
208.064,1.12049,2.50912,7.73327,1.34879,1.77762,1.22662,31.2558327,75.7045908,1.180,264.60
208.169,1.51314,2.32716,6.03818,0.61087,0.46304,0.72815,31.2558327,75.7045908,1.180,264.60
208.271,1.54187,3.14119,5.88974,0.56688,1.21318,-0.04398,31.2558327,75.7045908,1.180,264.60
208.373,-0.06704,4.23774,7.62793,0.06109,0.12462,-0.21136,31.2558327,75.7045908,1.180,264.60
208.477,1.18274,2.93529,12.79940,-2.39581,-1.51006,-0.43494,31.2558327,75.7045908,1.180,264.60
208.579,5.80354,4.76446,11.16177,-0.26756,-0.35919,-0.24068,31.2558327,75.7045908,1.180,264.60
208.681,2.06380,2.60968,5.09486,-0.18326,-0.68661,-1.35490,31.2558321,75.7045776,1.190,262.60
208.784,-1.87227,3.85945,8.36055,-0.51313,-0.79901,-1.27060,31.2558321,75.7045776,1.190,262.60
208.886,-2.76291,6.85221,10.97023,0.88331,-0.60353,0.32254,31.2558321,75.7045776,1.190,262.60
208.989,-1.05824,2.76770,17.60217,0.62797,-0.38118,-0.00977,31.2558321,75.7045776,1.190,262.60
209.093,0.53630,2.75812,8.09240,0.70005,0.82955,0.52901,31.2558321,75.7045776,1.190,262.60
209.197,2.80600,2.38941,5.67905,0.51191,0.70616,0.49724,31.2558321,75.7045776,1.190,262.60
209.298,3.06458,2.60968,7.46991,0.28100,0.16249,-0.29688,31.2558321,75.7045776,1.190,262.60
209.401,1.44610,6.36379,6.10043,0.06842,0.03176,-0.86010,31.2558321,75.7045776,1.190,262.60
209.506,-0.76614,3.98874,10.88883,-0.98960,-0.20403,-0.38973,31.2558321,75.7045776,1.190,262.60
209.609,1.40779,3.85466,10.30464,-0.38240,-0.80756,-0.48381,31.2558321,75.7045776,1.190,262.60
209.711,-0.72305,3.73495,6.14352,0.22969,-0.19914,-0.39095,31.2558335,75.7045646,1.160,267.30
209.813,-0.03831,4.25689,10.69250,0.95417,-0.78313,0.17715,31.2558335,75.7045646,1.160,267.30
209.915,-1.74777,3.86424,15.04037,0.15394,-0.24923,-0.32376,31.2558335,75.7045646,1.160,267.30
210.018,-0.65601,4.29041,8.68616,0.07819,1.04214,0.48136,31.2558335,75.7045646,1.160,267.30
210.121,-0.43574,2.56658,6.39731,-0.06109,0.97494,0.77580,31.2558335,75.7045646,1.160,267.30
210.224,1.49877,4.09887,7.21134,0.87476,-0.12217,0.71593,31.2558335,75.7045646,1.160,267.30
210.328,2.42772,4.19464,8.05409,0.02443,-0.14050,-0.23091,31.2558335,75.7045646,1.160,267.30
210.431,1.25935,4.36702,9.23204,-1.12155,-0.51191,-1.22784,31.2558335,75.7045646,1.160,267.30
210.534,3.38061,5.12838,7.78594,-0.34086,-0.60476,-0.00977,31.2558335,75.7045646,1.160,267.30
210.639,-0.58897,3.16035,7.77158,-0.53512,-0.03910,-0.84788,31.2558304,75.7045518,1.210,264.90
210.740,-2.40857,4.11324,9.57202,0.61453,-1.05558,0.23702,31.2558304,75.7045518,1.210,264.90
210.842,-1.80523,7.71412,6.30154,2.04396,0.36530,-0.06475,31.2558304,75.7045518,1.210,264.90
210.944,-0.18196,3.66313,17.65484,-0.38973,1.28526,0.21502,31.2558304,75.7045518,1.210,264.90
211.048,2.03028,2.93529,8.20253,0.43127,2.04518,0.86621,31.2558304,75.7045518,1.210,264.90
211.150,3.43807,2.94487,6.69419,0.72326,0.83811,0.67195,31.2558304,75.7045518,1.210,264.90
211.252,2.81558,4.25689,5.40132,-0.44349,0.73426,-0.27367,31.2558304,75.7045518,1.210,264.90
211.355,0.67995,5.32949,5.82749,-0.40684,-1.40132,-0.84544,31.2558304,75.7045518,1.210,264.90
211.457,0.24900,4.96079,9.56723,-0.66951,-0.45448,0.20036,31.2558304,75.7045518,1.210,264.90
211.559,1.26893,3.65834,7.36456,-0.13317,-0.43371,-0.81856,31.2558304,75.7045518,1.210,264.90
211.663,-1.28808,4.56335,7.52737,-0.04154,-1.13377,-0.82833,31.2558291,75.7045389,1.200,259.40
211.766,-1.66636,4.83629,10.65420,0.36285,-0.08430,-0.17226,31.2558291,75.7045389,1.200,259.40
211.868,-0.39265,5.87537,15.38514,-0.56200,0.02077,0.11362,31.2558291,75.7045389,1.200,259.40
211.969,-0.36871,3.66792,9.46189,0.43494,1.13621,0.76725,31.2558291,75.7045389,1.200,259.40
212.072,0.55545,3.20344,6.34942,0.14661,0.86621,0.91752,31.2558291,75.7045389,1.200,259.40
212.173,2.44209,3.88818,6.56011,0.94195,0.10996,0.40684,31.2558291,75.7045389,1.200,259.40
212.276,2.93529,3.30879,8.18817,0.08308,-0.40073,-1.00304,31.2558291,75.7045389,1.200,259.40
212.379,1.28808,6.68461,4.56814,-0.76236,-0.82711,-0.56322,31.2558291,75.7045389,1.200,259.40
212.482,3.56736,5.81312,9.95988,-1.07024,-0.45937,0.36774,31.2558291,75.7045389,1.200,259.40
212.585,-0.07183,3.35188,6.79953,-0.31032,-0.02321,-0.75014,31.2558291,75.7045389,1.200,259.40
212.688,-2.26491,4.90333,6.69419,0.08796,-0.54611,-0.44227,31.2558285,75.7045259,1.120,260.20
212.790,-3.39019,6.22492,11.44428,0.77458,0.58154,0.81978,31.2558285,75.7045259,1.120,260.20
212.892,-0.02394,3.52905,14.15452,0.48258,0.31398,0.64752,31.2558285,75.7045259,1.120,260.20
212.995,1.72383,3.45723,10.00297,-0.07330,0.69639,0.69272,31.2558285,75.7045259,1.120,260.20
213.098,3.12683,3.39019,6.55054,0.61331,1.32558,1.19730,31.2558285,75.7045259,1.120,260.20
213.202,2.82037,2.14520,7.44118,0.87598,-0.15272,-0.71716,31.2558285,75.7045259,1.120,260.20
213.304,1.46046,5.52103,4.39575,-0.27122,-0.04032,-0.90530,31.2558285,75.7045259,1.120,260.20
213.409,1.55144,6.18183,11.76511,-0.87598,-0.60964,0.07208,31.2558285,75.7045259,1.120,260.20
213.511,0.80924,3.45723,11.07558,-0.63163,-1.12644,-1.52594,31.2558285,75.7045259,1.120,260.20
213.613,-2.42772,4.12282,7.18739,0.14539,-0.82589,-0.62553,31.2558285,75.7045259,1.120,260.20
213.716,0.24421,6.68940,7.89608,1.02992,-0.68539,0.21502,31.2558267,75.7045134,1.140,261.90
213.818,-2.70545,3.45723,16.28057,-0.05620,0.03665,-0.15516,31.2558267,75.7045134,1.140,261.90
213.922,0.94332,4.67348,7.89129,0.71838,1.10444,0.74037,31.2558267,75.7045134,1.140,261.90
214.025,1.68552,3.03106,7.19218,0.26389,1.32069,0.59132,31.2558267,75.7045134,1.140,261.90
214.128,3.36146,3.68228,6.88094,1.12644,-0.03543,-0.13439,31.2558267,75.7045134,1.140,261.90
214.230,0.28252,6.25365,4.80277,0.10263,0.61820,-1.20340,31.2558267,75.7045134,1.140,261.90
214.333,1.37906,6.79953,11.02769,-0.52657,-0.66218,0.96761,31.2558267,75.7045134,1.140,261.90
214.436,0.96247,3.62482,10.42435,-0.47647,-0.97616,-1.55160,31.2558267,75.7045134,1.140,261.90
214.538,-2.00634,5.13317,6.04775,-0.27000,-0.77336,-1.01037,31.2558267,75.7045134,1.140,261.90
214.641,-2.49476,5.91368,9.72046,0.34208,-0.24557,0.17959,31.2558243,75.7045008,1.240,263.80
214.743,-2.14520,3.98874,14.98770,-0.26267,-0.55589,-1.19974,31.2558243,75.7045008,1.240,263.80
214.845,0.45011,3.82115,6.26323,0.59254,-0.53634,0.80268,31.2558243,75.7045008,1.240,263.80
214.948,1.50835,3.35188,5.88974,-0.15149,0.57421,0.75992,31.2558243,75.7045008,1.240,263.80
215.051,2.16436,4.51068,9.01656,0.02199,-0.29199,0.11362,31.2558243,75.7045008,1.240,263.80
215.154,1.89621,5.65989,10.72602,-0.03299,0.08308,-0.48869,31.2558243,75.7045008,1.240,263.80
215.256,-0.06704,3.41892,11.57836,-1.32191,-0.04765,-0.51924,31.2558243,75.7045008,1.240,263.80
215.359,4.29520,4.24731,5.84185,0.16738,-0.32132,0.47037,31.2558243,75.7045008,1.240,263.80
215.463,0.96247,2.87783,6.37336,-0.21502,-0.02077,-1.39644,31.2558243,75.7045008,1.240,263.80
215.567,-2.38462,5.90889,6.60321,-0.46548,-1.05558,-0.59132,31.2558243,75.7045008,1.240,263.80
215.669,-1.49877,6.93361,11.65497,0.00000,0.31154,0.39218,31.2558231,75.7044890,0.990,266.70
215.771,-1.01993,3.91691,16.20875,-0.49602,-0.40806,0.29444,31.2558231,75.7044890,0.990,266.70
215.873,0.21069,3.84509,8.38928,0.73059,0.73915,0.90164,31.2558231,75.7044890,0.990,266.70
215.976,-0.24421,1.07739,6.31590,0.74281,1.53327,0.69272,31.2558231,75.7044890,0.990,266.70
216.081,0.61292,4.19464,5.45878,0.18570,0.40806,0.68906,31.2558231,75.7044890,0.990,266.70
216.186,1.08218,5.42047,10.74518,-0.59498,-0.69150,0.10018,31.2558231,75.7044890,0.990,266.70
216.288,2.02549,5.38217,9.51935,-0.93707,-0.32987,-1.14354,31.2558231,75.7044890,0.990,266.70
216.390,0.04788,1.48441,7.71412,0.02077,0.48014,0.09041,31.2558231,75.7044890,0.990,266.70
216.493,2.14999,3.48117,6.64152,-0.26145,-0.62797,-0.82833,31.2558231,75.7044890,0.990,266.70
216.596,0.11971,4.34787,7.40287,-0.20281,-1.07512,-0.59010,31.2558231,75.7044890,0.990,266.70
216.699,-0.92416,5.65510,10.97023,-0.14416,-0.16249,0.04032,31.2558236,75.7044782,1.050,272.40
216.802,0.40223,6.29675,10.04128,0.85643,-0.13561,1.59925,31.2558236,75.7044782,1.050,272.40
216.905,-3.31836,4.15633,12.47379,0.17715,0.10263,0.28222,31.2558236,75.7044782,1.050,272.40
217.007,0.16759,2.64320,13.40753,1.30359,0.72449,0.76725,31.2558236,75.7044782,1.050,272.40
217.109,1.12049,2.41814,5.75087,0.86621,2.12215,-0.01833,31.2558236,75.7044782,1.050,272.40
217.212,0.31125,3.70144,5.43963,0.59132,0.39340,0.09652,31.2558236,75.7044782,1.050,272.40
217.315,1.17316,4.97515,8.70053,-0.73915,-0.85521,0.76358,31.2558236,75.7044782,1.050,272.40
217.417,3.33273,3.65355,15.50006,-1.72631,-0.84422,-0.35797,31.2558236,75.7044782,1.050,272.40
217.519,3.03106,4.63517,4.65912,0.01955,-0.40439,-0.34697,31.2558236,75.7044782,1.050,272.40
217.622,0.39265,3.47638,6.93361,-0.86376,-0.55589,-1.35001,31.2558236,75.7044782,1.050,272.40
217.723,-1.35991,4.56814,8.57124,-0.26878,-0.88087,-0.72937,31.2558248,75.7044657,1.120,273.30
217.826,-0.16281,4.70700,11.15219,-0.07575,-0.59132,1.02259,31.2558248,75.7044657,1.120,273.30
217.927,-0.27773,5.95199,11.09473,-1.01770,0.08919,0.43005,31.2558248,75.7044657,1.120,273.30
218.029,0.02394,2.86347,11.63582,1.32436,1.15209,1.58336,31.2558248,75.7044657,1.120,273.30
218.133,0.79966,0.89543,6.89530,0.71593,1.88513,0.47159,31.2558248,75.7044657,1.120,273.30
218.235,1.50835,2.68151,4.99430,0.13317,1.02625,1.02381,31.2558248,75.7044657,1.120,273.30
218.338,1.94888,3.41892,10.18015,-0.71838,-0.11729,0.70494,31.2558248,75.7044657,1.120,273.30
218.442,2.36547,4.32872,11.04206,-1.00793,0.04643,-0.30665,31.2558248,75.7044657,1.120,273.30
218.544,0.49321,0.11013,12.61744,-0.35064,0.93707,-1.19485,31.2558248,75.7044657,1.120,273.30
218.647,1.95367,2.69108,6.65109,0.19059,-0.66340,-1.38056,31.2558248,75.7044657,1.120,273.30
218.751,-0.81882,2.22661,8.69574,0.07086,-0.82345,-1.61024,31.2558269,75.7044545,1.060,275.30
218.854,-1.97761,3.35188,10.15141,-0.44471,0.02321,-0.77824,31.2558269,75.7044545,1.060,275.30
218.958,-4.25689,4.80277,10.04607,0.19548,0.58887,-0.00367,31.2558269,75.7044545,1.060,275.30
219.062,-5.78439,0.79487,14.39394,0.54245,-0.10507,0.75381,31.2558269,75.7044545,1.060,275.30
219.164,-2.03507,-0.22984,10.22803,1.22173,0.38851,1.48318,31.2558269,75.7044545,1.060,275.30
219.268,-0.28252,0.01437,3.85466,0.60231,1.82527,1.79350,31.2558269,75.7044545,1.060,275.30
219.371,0.71826,4.34787,5.47315,-0.38729,0.35552,0.70250,31.2558269,75.7044545,1.060,275.30
219.478,-0.11971,3.40934,12.32535,-1.32680,-0.53634,-0.17715,31.2558269,75.7044545,1.060,275.30
219.583,-2.00155,-0.86670,15.56710,0.32254,0.90775,0.27978,31.2558269,75.7044545,1.060,275.30
219.689,2.58095,3.28963,4.08930,0.64019,-0.69761,0.00977,31.2558285,75.7044436,1.140,276.80
219.791,-0.98162,0.82361,7.57525,-0.69761,-0.12095,-1.42576,31.2558285,75.7044436,1.140,276.80
219.894,-1.80044,3.44765,10.39562,-0.24190,-0.78802,-0.44715,31.2558285,75.7044436,1.140,276.80
219.999,-2.84431,3.91691,11.47301,0.49847,-0.71716,0.23579,31.2558285,75.7044436,1.140,276.80
220.102,-0.84276,2.22661,14.43225,0.47159,-1.01037,0.35675,31.2558285,75.7044436,1.140,276.80
220.208,-0.91937,2.13563,7.81946,1.25105,-0.05009,1.08001,31.2558285,75.7044436,1.140,276.80
220.313,1.69509,1.83875,7.33105,0.84177,0.58399,0.41661,31.2558285,75.7044436,1.140,276.80
220.416,1.10133,3.99353,7.50343,0.24801,0.56322,0.35552,31.2558285,75.7044436,1.140,276.80
220.520,1.46046,4.75488,9.27514,0.00244,0.09652,0.42272,31.2558285,75.7044436,1.140,276.80
220.624,1.88184,4.25210,9.17458,0.24801,0.00855,0.21625,31.2558285,75.7044436,1.140,276.80
220.729,3.21302,2.53307,10.78348,-0.29077,0.08186,-0.05742,31.2558272,75.7044326,1.020,274.40
220.833,2.70545,3.45244,8.58561,-0.34819,-0.41539,-0.37018,31.2558272,75.7044326,1.020,274.40
220.937,1.57538,4.52983,7.38372,-0.15272,-0.28588,-0.42150,31.2558272,75.7044326,1.020,274.40
221.040,0.96726,4.57293,8.29351,-0.19548,-0.11118,-0.24557,31.2558272,75.7044326,1.020,274.40
221.146,-0.02394,4.23295,10.22803,-0.06842,0.53390,-0.13561,31.2558272,75.7044326,1.020,274.40
221.249,-0.78530,2.55222,11.39161,-0.29199,0.18204,0.38362,31.2558272,75.7044326,1.020,274.40
221.353,-0.34955,3.87861,11.42034,-0.43494,-0.86132,0.52412,31.2558272,75.7044326,1.020,274.40
221.457,0.80445,1.65679,7.54652,0.95417,-0.05620,0.79046,31.2558272,75.7044326,1.020,274.40
221.563,2.00634,2.88741,7.93438,0.28100,0.32865,0.32254,31.2558272,75.7044326,1.020,274.40
221.668,1.36469,2.24097,8.73884,-0.27122,1.19607,0.90042,31.2558250,75.7044204,0.990,267.10
221.772,3.49075,0.58897,15.30374,-1.42454,-0.75625,-0.40439,31.2558250,75.7044204,0.990,267.10
221.875,3.93607,3.23696,7.27837,0.21014,0.08919,-0.34331,31.2558250,75.7044204,0.990,267.10
221.979,1.70467,1.99676,7.46991,-0.06109,-0.09407,-0.76725,31.2558250,75.7044204,0.990,267.10
222.084,1.28329,3.31836,9.36133,0.16982,-0.78069,-0.38240,31.2558250,75.7044204,0.990,267.10
222.190,0.67516,4.51546,11.02769,0.47159,0.57055,-0.13439,31.2558250,75.7044204,0.990,267.10
222.294,-0.56503,4.76446,16.36197,-0.15394,-0.04887,0.11729,31.2558250,75.7044204,0.990,267.10
222.398,-1.79086,2.92093,7.31668,1.17530,0.31398,0.99327,31.2558250,75.7044204,0.990,267.10
222.502,1.01035,2.71981,8.62391,1.20951,1.02503,0.21991,31.2558250,75.7044204,0.990,267.10
222.605,-0.49321,3.22260,6.16268,0.69761,0.93462,0.36285,31.2558250,75.7044204,0.990,267.10
222.709,0.54588,4.83629,5.62637,0.34208,0.47281,0.22969,31.2558224,75.7044098,0.950,261.60
222.813,0.75657,5.58807,8.80109,-0.22358,-0.41905,-0.24679,31.2558224,75.7044098,0.950,261.60
222.917,5.08050,4.11324,13.23994,-0.19059,-0.79779,-0.40806,31.2558224,75.7044098,0.950,261.60
223.021,2.03507,2.85389,6.39731,-0.36041,-1.13499,-0.77580,31.2558224,75.7044098,0.950,261.60
223.126,1.85790,3.93128,5.38695,-0.59132,-1.48440,-1.01159,31.2558224,75.7044098,0.950,261.60
223.230,2.29843,5.92325,9.43316,-0.60109,-1.51495,-1.18386,31.2558224,75.7044098,0.950,261.60
223.335,1.76692,8.29830,11.29584,0.67684,-1.38056,-1.27549,31.2558224,75.7044098,0.950,261.60
223.440,-1.09176,4.96079,13.83370,-0.57666,-0.25045,-1.23883,31.2558224,75.7044098,0.950,261.60
223.544,-1.96325,3.37104,6.75165,0.84666,0.53878,0.43005,31.2558224,75.7044098,0.950,261.60
223.648,-1.33596,1.73340,5.71257,0.25168,1.52350,0.91263,31.2558224,75.7044098,0.950,261.60
223.751,1.17795,4.00789,5.67426,-0.71105,1.22784,1.77517,31.2558213,75.7043989,1.010,264.30
223.854,1.13964,3.95522,9.48104,-1.05802,0.81123,0.94440,31.2558213,75.7043989,1.010,264.30
223.958,3.65834,4.89854,10.10353,-1.46974,1.19241,0.74892,31.2558213,75.7043989,1.010,264.30
224.062,3.57694,1.64721,9.03572,0.31521,1.87780,0.67195,31.2558213,75.7043989,1.010,264.30
224.166,2.83473,2.65278,5.71735,-0.27367,-1.26816,-0.98838,31.2558213,75.7043989,1.010,264.30
224.270,1.76692,2.40378,8.97826,-0.63163,-1.27182,-1.63101,31.2558213,75.7043989,1.010,264.30
224.376,-0.10056,2.71981,13.34049,-0.16005,-0.57055,-0.94562,31.2558213,75.7043989,1.010,264.30
224.480,-0.98162,5.08050,9.21768,0.47892,-0.23946,0.11240,31.2558213,75.7043989,1.010,264.30
224.583,-2.39420,0.82839,11.11388,1.34390,0.68050,0.87232,31.2558213,75.7043989,1.010,264.30
224.687,0.63686,2.46124,9.43316,1.06046,-0.34086,0.85155,31.2558181,75.7043882,0.880,263.50
224.792,0.22984,2.41336,7.02938,0.42028,1.14232,0.63286,31.2558181,75.7043882,0.880,263.50
224.894,0.18675,2.48518,9.10275,0.29932,-0.01100,0.16860,31.2558181,75.7043882,0.880,263.50
224.999,2.09732,3.15077,8.99262,-0.20647,0.72449,0.25412,31.2558181,75.7043882,0.880,263.50
225.105,3.91691,2.38462,13.45063,-1.62857,0.18448,-0.87965,31.2558181,75.7043882,0.880,263.50
225.210,3.28963,2.51870,6.62236,0.45937,-1.03847,-0.64019,31.2558181,75.7043882,0.880,263.50
225.314,1.42216,2.00634,6.83784,-0.34575,-0.78313,-1.34146,31.2558181,75.7043882,0.880,263.50
225.418,-0.38307,2.77727,9.95988,-0.67806,-0.82345,-1.12888,31.2558181,75.7043882,0.880,263.50
225.523,-1.29766,3.65834,10.75475,0.07819,0.75869,-0.34941,31.2558181,75.7043882,0.880,263.50
225.626,-2.18830,3.92170,11.10431,-0.50213,-0.98716,-0.07453,31.2558181,75.7043882,0.880,263.50
225.731,-1.89142,1.98240,11.49696,0.87109,0.44104,1.06901,31.2558163,75.7043766,1.070,266.30
225.834,0.56982,1.24498,7.64708,1.31336,0.89797,0.96028,31.2558163,75.7043766,1.070,266.30
225.939,0.61292,2.54743,5.85143,0.70250,0.46426,0.68906,31.2558163,75.7043766,1.070,266.30
226.043,1.24977,3.09810,8.57124,-0.21747,0.31276,0.12828,31.2558163,75.7043766,1.070,266.30
226.144,3.21302,4.77404,9.84017,-1.00060,-0.79168,-0.54000,31.2558163,75.7043766,1.070,266.30
226.248,0.14365,1.81480,11.18571,-0.03910,0.92852,-0.72326,31.2558163,75.7043766,1.070,266.30
226.352,2.95923,3.34231,7.20176,0.03054,-0.76114,-0.35919,31.2558163,75.7043766,1.070,266.30
226.458,0.36392,3.00712,7.14909,-0.15760,-0.52168,-0.67562,31.2558163,75.7043766,1.070,266.30
226.564,0.19154,3.97437,9.52892,-0.51801,-0.33964,-0.43982,31.2558163,75.7043766,1.070,266.30
226.669,-0.45011,4.89854,11.03248,0.37751,-0.21502,0.16982,31.2558164,75.7043646,1.090,264.80
226.773,-0.87149,2.98796,15.94538,-0.65240,0.27367,-0.06720,31.2558164,75.7043646,1.090,264.80
226.878,-0.53630,2.42293,9.11233,0.93462,-0.14294,1.08001,31.2558164,75.7043646,1.090,264.80
226.981,-0.09098,1.57538,5.67905,0.85521,0.71838,0.89309,31.2558164,75.7043646,1.090,264.80
227.087,0.93853,3.06937,7.03416,0.04398,0.36163,0.49114,31.2558164,75.7043646,1.090,264.80
227.191,2.66714,3.42371,13.12501,-0.67928,0.60109,0.28711,31.2558164,75.7043646,1.090,264.80
227.293,4.41012,2.94008,14.09706,-1.75318,-0.54978,-0.33231,31.2558164,75.7043646,1.090,264.80
227.399,2.42293,1.44610,7.07726,0.57177,0.67684,-0.57421,31.2558164,75.7043646,1.090,264.80
227.502,1.98240,1.86748,6.94318,0.34575,-0.64263,-1.20707,31.2558164,75.7043646,1.090,264.80
227.607,0.16759,3.03585,7.58004,-0.04398,-1.29015,-0.95661,31.2558164,75.7043646,1.090,264.80
227.712,0.22505,4.04141,10.76912,-0.26512,0.06353,-0.39340,31.2558119,75.7043544,0.950,260.00
227.814,0.59376,5.28161,10.38605,-0.57910,-0.18448,-0.36408,31.2558119,75.7043544,0.950,260.00
227.918,-0.59376,1.77650,10.52970,0.49602,0.97005,-0.05131,31.2558119,75.7043544,0.950,260.00
228.022,2.67193,2.76770,9.44752,0.44838,-0.16493,-0.28466,31.2558119,75.7043544,0.950,260.00
228.125,1.65679,1.39821,7.44118,-0.08552,0.46181,-0.62675,31.2558119,75.7043544,0.950,260.00
228.229,1.36469,1.95367,7.51300,-0.09896,-0.49236,-0.85399,31.2558119,75.7043544,0.950,260.00
228.331,1.01514,2.28886,10.56801,-0.23946,-1.03603,-1.19730,31.2558119,75.7043544,0.950,260.00
228.437,1.30723,1.42216,13.99171,-1.04580,0.06353,-1.74585,31.2558119,75.7043544,0.950,260.00
228.541,2.81079,2.72939,7.10599,0.01344,-1.12277,-0.77824,31.2558119,75.7043544,0.950,260.00
228.646,0.69911,1.70946,8.05888,-0.10018,0.05131,-1.50273,31.2558077,75.7043463,0.700,260.80
228.748,0.52194,3.89297,8.66222,0.04032,-0.99449,-0.93340,31.2558077,75.7043463,0.700,260.80
228.852,-0.30167,4.16112,10.36689,0.10140,-0.09163,-0.51068,31.2558077,75.7043463,0.700,260.80
228.956,1.61848,4.09408,14.34127,-0.93218,-0.22358,-0.79412,31.2558077,75.7043463,0.700,260.80
229.062,0.99120,2.39899,6.66067,1.42576,0.00000,0.32132,31.2558077,75.7043463,0.700,260.80
229.166,0.76136,2.61926,9.00220,-0.13073,0.18448,-0.81489,31.2558077,75.7043463,0.700,260.80
229.269,0.39265,2.85389,7.20176,0.65363,-0.45571,-0.23091,31.2558077,75.7043463,0.700,260.80
229.373,1.75256,3.69186,8.01100,0.03299,-0.25168,-0.18082,31.2558077,75.7043463,0.700,260.80
229.477,1.89142,4.43406,10.02692,0.41050,-0.18692,-0.32009,31.2558077,75.7043463,0.700,260.80
229.584,2.52349,3.04542,12.97178,-1.56626,-0.20769,-1.39766,31.2558077,75.7043463,0.700,260.80
229.688,3.46680,3.89297,7.40766,-0.32254,-0.74403,-0.12950,31.2558091,75.7043409,0.470,262.70
229.791,-0.06704,3.21302,6.69419,-0.50824,-0.15638,-0.95906,31.2558091,75.7043409,0.470,262.70
229.897,-1.45089,4.60644,9.54808,-0.32620,-0.21502,-0.25901,31.2558091,75.7043409,0.470,262.70
230.003,-2.64320,5.36301,10.43393,0.32742,0.35919,0.24801,31.2558091,75.7043409,0.470,262.70
230.107,-1.70946,1.86748,14.25029,0.58521,0.79657,0.51679,31.2558091,75.7043409,0.470,262.70
230.212,0.82839,2.65756,9.53850,0.77091,0.65363,0.26512,31.2558091,75.7043409,0.470,262.70
230.317,0.66559,2.48997,6.38773,0.86987,0.76358,0.72082,31.2558091,75.7043409,0.470,262.70
230.421,1.46046,3.31836,7.82425,0.12828,-0.31521,0.33720,31.2558091,75.7043409,0.470,262.70
230.525,1.82917,4.99430,7.68060,-0.32620,-0.43127,0.02077,31.2558091,75.7043409,0.470,262.70
230.631,1.05345,2.49955,14.24071,-0.72815,0.45326,-0.68783,31.2558091,75.7043409,0.470,262.70
230.734,1.30723,3.85466,8.14029,-0.53634,-1.04580,-0.62797,31.2558169,75.7043398,0.700,332.90
230.838,-1.23062,3.86903,8.12592,-0.33475,-0.42638,-0.66218,31.2558169,75.7043398,0.700,332.90
230.942,-1.58496,5.38217,8.94474,0.19303,-0.32254,0.00000,31.2558169,75.7043398,0.700,332.90
231.046,-2.52349,5.65032,11.96622,0.92729,0.21625,0.57055,31.2558169,75.7043398,0.700,332.90
231.150,-2.74854,0.58897,17.15206,0.91752,0.93218,0.94318,31.2558169,75.7043398,0.700,332.90
231.254,-0.50278,1.67115,8.24563,0.93951,0.67073,1.42698,31.2558169,75.7043398,0.700,332.90
231.359,-0.10056,2.19788,4.85065,0.51191,1.29259,1.29748,31.2558169,75.7043398,0.700,332.90
231.463,-0.34477,4.28083,8.34619,-0.03176,0.31887,0.41783,31.2558169,75.7043398,0.700,332.90
231.567,1.85790,5.11401,8.56167,-0.13317,0.65363,0.59010,31.2558169,75.7043398,0.700,332.90
231.671,2.01113,5.81312,8.12113,-0.95051,0.21380,-0.44471,31.2558231,75.7043379,0.860,341.90
231.774,1.27372,3.67749,9.43316,-0.42638,-0.79046,-0.23213,31.2558231,75.7043379,0.860,341.90
231.877,0.93853,3.65834,5.09007,-0.03054,-0.78557,-0.50213,31.2558231,75.7043379,0.860,341.90
231.982,-0.83318,4.86023,10.12747,-0.12950,-1.28282,-0.50091,31.2558231,75.7043379,0.860,341.90
232.086,-2.23618,6.44519,11.72201,0.24801,-0.04398,0.36652,31.2558231,75.7043379,0.860,341.90
232.190,-0.16759,5.51145,14.04439,-0.02443,-0.10018,0.85643,31.2558231,75.7043379,0.860,341.90
232.293,1.52271,2.99275,11.04206,0.83933,1.09834,1.00915,31.2558231,75.7043379,0.860,341.90
232.398,0.34955,2.20745,5.57849,0.13195,1.87169,0.33720,31.2558231,75.7043379,0.860,341.90
232.502,0.07661,3.49553,7.13472,0.25534,0.77091,0.54734,31.2558231,75.7043379,0.860,341.90
232.606,1.29766,5.05655,8.99741,-0.23335,0.31154,0.76847,31.2558231,75.7043379,0.860,341.90
232.710,0.89064,3.22738,15.04037,-1.52105,0.16616,-0.43127,31.2558295,75.7043308,1.170,328.10
232.813,3.83072,4.98952,5.54018,0.12706,-0.34819,0.38851,31.2558295,75.7043308,1.170,328.10
232.917,0.31603,3.00712,5.70778,-0.59010,-0.64630,-1.14110,31.2558295,75.7043308,1.170,328.10
233.021,-1.62806,4.12282,9.94551,-0.61697,-1.30114,-0.65118,31.2558295,75.7043308,1.170,328.10
233.126,-2.36068,5.85143,12.73715,0.57910,0.05131,0.40806,31.2558295,75.7043308,1.170,328.10
233.228,-2.48039,3.84988,16.35240,-0.83933,-0.61697,0.24801,31.2558295,75.7043308,1.170,328.10
233.333,-1.38385,2.02549,8.25521,1.26327,0.71471,1.78984,31.2558295,75.7043308,1.170,328.10
233.438,0.53151,2.34632,4.59208,0.76114,1.34879,1.09467,31.2558295,75.7043308,1.170,328.10
233.544,0.72784,3.93128,6.58884,0.22846,0.42638,0.44104,31.2558295,75.7043308,1.170,328.10
233.648,0.50757,3.88340,9.61990,-0.50335,0.08552,0.38851,31.2558352,75.7043231,1.010,319.20
233.749,2.23618,4.65433,8.70053,-1.49540,-0.17715,-0.84788,31.2558352,75.7043231,1.010,319.20
233.852,1.79086,2.37984,8.28873,0.12339,0.36652,-0.10996,31.2558352,75.7043231,1.010,319.20
233.956,0.92416,2.31759,5.71735,-0.68295,-0.64019,-1.54182,31.2558352,75.7043231,1.010,319.20
234.062,-1.53229,3.28963,9.16022,-0.61087,-1.09223,-0.98471,31.2558352,75.7043231,1.010,319.20
234.165,-2.15957,4.59687,13.41711,-0.31276,0.19181,-0.18448,31.2558352,75.7043231,1.010,319.20
234.271,-2.12605,4.31914,14.96376,-0.11362,-0.55833,0.53878,31.2558352,75.7043231,1.010,319.20
234.378,-2.50433,0.53630,9.95988,1.75318,0.41172,1.93644,31.2558352,75.7043231,1.010,319.20
234.482,-0.11971,0.98641,5.73651,1.34024,0.43494,1.56137,31.2558352,75.7043231,1.010,319.20
234.587,1.17316,2.58574,6.41167,0.58521,0.35797,1.11422,31.2558352,75.7043231,1.010,319.20
234.691,2.26970,3.17950,10.98460,-0.49236,0.18204,0.09774,31.2558387,75.7043132,1.160,305.90
234.794,4.86981,4.34308,8.45153,-0.72571,0.53390,-0.40928,31.2558387,75.7043132,1.160,305.90
234.896,1.35991,1.07739,10.43393,-0.91630,1.20585,-0.31887,31.2558387,75.7043132,1.160,305.90
235.000,1.13485,2.59053,8.54730,-0.42394,-0.38851,-1.26327,31.2558387,75.7043132,1.160,305.90
235.107,-0.33040,2.88741,8.02058,0.27611,-1.16797,-0.73793,31.2558387,75.7043132,1.160,305.90
235.211,-0.34477,4.45322,11.07079,-0.14050,-0.32865,-0.36774,31.2558387,75.7043132,1.160,305.90
235.313,-1.01993,6.24408,10.20409,0.44838,0.36652,0.38240,31.2558387,75.7043132,1.160,305.90
235.417,-1.85790,0.51236,12.66054,1.45752,-0.22480,0.79657,31.2558387,75.7043132,1.160,305.90
235.522,1.24498,1.09176,7.38851,1.32191,0.81734,1.24739,31.2558387,75.7043132,1.160,305.90
235.626,1.80523,3.47638,4.52983,0.45326,0.53512,0.63774,31.2558387,75.7043132,1.160,305.90
235.730,1.81002,4.55377,7.98706,-0.61087,0.81001,-0.46181,31.2558422,75.7043002,1.240,291.50
235.834,3.36146,6.62715,10.36689,-0.39828,-0.19059,-0.79412,31.2558422,75.7043002,1.240,291.50
235.941,3.18429,0.42138,16.98447,0.88453,-0.34941,-1.03481,31.2558422,75.7043002,1.240,291.50
236.046,1.47004,0.64165,4.02226,0.36530,-2.08794,-0.42516,31.2558422,75.7043002,1.240,291.50
236.149,-0.45011,4.80756,3.51469,-0.94318,-0.54123,-0.88698,31.2558422,75.7043002,1.240,291.50
236.253,0.02873,7.23049,14.17367,-1.52716,-0.36652,-0.44227,31.2558422,75.7043002,1.240,291.50
236.356,-0.51715,9.38048,11.63103,0.41661,0.73059,0.18204,31.2558422,75.7043002,1.240,291.50
236.462,-3.15556,2.71024,11.15219,0.61697,1.72875,0.42272,31.2558422,75.7043002,1.240,291.50
236.567,1.31202,2.79643,8.92558,0.16127,-0.49969,0.87109,31.2558422,75.7043002,1.240,291.50
236.670,-0.00479,1.06303,7.13951,0.94318,0.58032,0.31887,31.2558431,75.7042896,1.070,285.70
236.773,-1.52750,1.55144,1.99198,-0.28833,-0.78924,0.45448,31.2558431,75.7042896,1.070,285.70
236.877,3.21302,3.15556,10.44830,-1.68599,-0.14661,0.74770,31.2558431,75.7042896,1.070,285.70
236.982,3.15077,0.56982,20.99715,-1.76662,-0.19914,-0.67806,31.2558431,75.7042896,1.070,285.70
237.086,3.09331,3.60088,7.27837,-0.53634,-0.24068,-0.74403,31.2558431,75.7042896,1.070,285.70
237.190,-0.16759,2.89698,8.76278,0.14294,-0.47647,-0.95295,31.2558431,75.7042896,1.070,285.70
237.294,-1.35512,3.60567,10.80743,0.27367,-0.73793,-0.33109,31.2558431,75.7042896,1.070,285.70
237.398,-0.54109,5.82270,10.97981,0.87232,0.54245,0.17226,31.2558431,75.7042896,1.070,285.70
237.503,-1.35512,0.67038,16.12255,0.69883,0.14905,-0.06475,31.2558431,75.7042896,1.070,285.70
237.606,-0.09577,0.96726,7.46512,0.91263,-0.26145,0.64996,31.2558431,75.7042896,1.070,285.70
237.709,-0.32082,0.97683,4.01268,-0.16616,1.80327,0.88820,31.2558454,75.7042777,1.100,285.10
237.814,1.06781,3.06937,6.34463,-0.72693,-0.24679,-0.02077,31.2558454,75.7042777,1.100,285.10
237.918,4.44364,3.28484,16.37634,-2.09160,0.89186,-0.37507,31.2558454,75.7042777,1.100,285.10
238.023,0.34955,-0.53151,17.11375,-0.08796,1.02870,-1.51372,31.2558454,75.7042777,1.100,285.10
238.129,1.66158,1.32639,6.68940,1.73364,-1.33046,-1.07634,31.2558454,75.7042777,1.100,285.10
238.232,-1.65679,1.50356,5.29597,0.46914,-0.70494,-1.07512,31.2558454,75.7042777,1.100,285.10
238.336,-2.71502,3.79720,6.98628,0.15638,-2.02441,-0.14905,31.2558454,75.7042777,1.100,285.10
238.444,-2.49476,6.18183,12.35887,0.02077,0.93585,0.56810,31.2558454,75.7042777,1.100,285.10
238.548,-1.06781,1.99676,16.41465,1.28770,0.95417,0.82955,31.2558454,75.7042777,1.100,285.10
238.652,0.39744,2.35111,8.59518,1.22173,0.61331,0.85399,31.2558472,75.7042665,1.180,288.90
238.753,2.86825,3.56257,6.67503,0.31521,1.02137,0.59987,31.2558472,75.7042665,1.180,288.90
238.855,2.46603,4.99430,9.97903,2.04518,-0.54123,-1.03969,31.2558472,75.7042665,1.180,288.90
238.960,1.16358,6.21535,5.37738,0.95417,-0.65729,-1.62857,31.2558472,75.7042665,1.180,288.90
239.066,-1.69509,4.38139,8.59997,-0.42516,-2.49355,-0.80756,31.2558472,75.7042665,1.180,288.90
239.169,0.70868,4.53941,4.40054,-0.37751,-0.91019,0.57910,31.2558472,75.7042665,1.180,288.90
239.273,-1.08218,5.13317,4.00789,-0.92363,-0.52046,0.19303,31.2558472,75.7042665,1.180,288.90
239.377,-1.68073,7.73806,7.56089,-1.03114,-0.77458,0.58399,31.2558472,75.7042665,1.180,288.90
239.482,-1.83396,7.03895,11.31979,-0.01955,1.48318,1.17286,31.2558472,75.7042665,1.180,288.90
239.585,0.06225,3.62961,12.43070,0.02688,1.10567,1.19485,31.2558472,75.7042665,1.180,288.90
239.688,1.67115,3.13162,8.24084,0.03543,1.54182,1.22173,31.2558477,75.7042550,1.120,289.90
239.792,1.36469,2.88741,5.10923,0.33842,1.28526,1.01404,31.2558477,75.7042550,1.120,289.90
239.895,1.11570,4.82192,6.91924,-0.36652,-0.26267,0.29688,31.2558477,75.7042550,1.120,289.90
239.999,2.34632,5.51145,10.67335,-0.24679,0.23579,0.13561,31.2558477,75.7042550,1.120,289.90
240.104,0.47405,3.03106,14.25508,-1.53694,-0.34819,-1.24006,31.2558477,75.7042550,1.120,289.90
240.210,0.60813,4.22816,4.40054,-0.43127,0.90164,-0.67806,31.2558477,75.7042550,1.120,289.90
240.313,-1.13964,3.29442,6.03818,0.60476,0.13928,-1.43065,31.2558477,75.7042550,1.120,289.90
240.416,-3.98874,5.54497,6.07170,1.19730,-2.71591,-0.50702,31.2558477,75.7042550,1.120,289.90
240.521,-0.46448,5.71735,12.20085,-0.72571,-1.91567,1.09223,31.2558477,75.7042550,1.120,289.90
240.625,-0.34477,2.79164,8.12592,-0.06720,0.40561,0.92363,31.2558477,75.7042550,1.120,289.90
240.729,2.43251,0.54588,8.24084,-0.90286,1.01159,0.73059,31.2558512,75.7042427,1.170,291.60
240.830,1.51314,1.21147,8.60476,-0.20281,0.83933,0.68050,31.2558512,75.7042427,1.170,291.60
240.933,1.25456,2.36068,8.17380,0.33598,-0.89675,0.48869,31.2558512,75.7042427,1.170,291.60
241.036,3.09331,0.95768,10.07480,-0.08552,0.32865,1.26693,31.2558512,75.7042427,1.170,291.60
241.139,3.47638,0.71826,12.26789,-1.43553,-0.39095,-0.46426,31.2558512,75.7042427,1.170,291.60
241.243,3.67749,0.32082,9.18416,-0.40928,0.70738,-0.47403,31.2558512,75.7042427,1.170,291.60
241.348,3.50511,1.88663,7.04853,0.52534,-0.23702,-0.70983,31.2558512,75.7042427,1.170,291.60
241.452,0.53151,1.57060,8.88728,-0.37751,-0.39584,-0.97372,31.2558512,75.7042427,1.170,291.60
241.554,1.67115,1.52271,11.95664,-0.03299,-0.18570,-0.25168,31.2558512,75.7042427,1.170,291.60
241.659,1.11570,1.85311,10.00297,-0.48869,-0.01344,0.13073,31.2558543,75.7042317,1.030,295.90
241.761,1.38385,0.62728,10.20888,0.11729,-0.12950,0.15638,31.2558543,75.7042317,1.030,295.90
241.865,1.01993,-0.05746,7.61356,0.88698,0.34453,0.05742,31.2558543,75.7042317,1.030,295.90
241.968,1.64721,1.76692,5.47315,0.34453,0.02566,0.36774,31.2558543,75.7042317,1.030,295.90
242.072,3.51948,1.21147,12.04283,-0.17226,-0.63530,-0.09529,31.2558543,75.7042317,1.030,295.90
242.176,3.69665,2.10211,8.54730,-0.82589,-0.20647,-0.47403,31.2558543,75.7042317,1.030,295.90
242.278,3.37104,1.09654,8.14986,0.61942,0.96517,-0.47770,31.2558543,75.7042317,1.030,295.90
242.382,4.21858,1.53229,9.45231,0.17104,-1.10933,-0.88209,31.2558543,75.7042317,1.030,295.90
242.487,3.66313,2.47560,7.76679,0.14294,-0.25779,-1.08856,31.2558543,75.7042317,1.030,295.90
242.591,3.57215,2.53307,10.33816,0.12950,-0.20036,-0.91874,31.2558543,75.7042317,1.030,295.90
242.694,1.63285,4.70221,9.03093,-0.44227,-0.96517,-0.34697,31.2558580,75.7042238,0.930,301.00
242.797,-1.46525,6.24887,8.14986,0.85399,0.99327,0.39951,31.2558580,75.7042238,0.930,301.00
242.899,-1.08697,3.98874,9.60554,1.00548,0.96395,0.74403,31.2558580,75.7042238,0.930,301.00
243.001,-1.22104,1.62327,7.97269,1.06046,2.80265,1.22295,31.2558580,75.7042238,0.930,301.00
243.106,4.17070,3.50990,9.08839,0.99815,-0.62797,1.57359,31.2558580,75.7042238,0.930,301.00
243.211,4.23295,0.00958,10.88883,-0.98594,0.34208,-0.54978,31.2558580,75.7042238,0.930,301.00
243.313,4.57293,1.05345,7.69018,-0.43860,-0.14905,-0.32987,31.2558580,75.7042238,0.930,301.00
243.417,3.51948,1.87705,8.60476,-0.29077,-0.96272,-0.25290,31.2558580,75.7042238,0.930,301.00
243.521,2.71981,4.07493,6.16746,0.43860,-1.10444,-0.30910,31.2558580,75.7042238,0.930,301.00
243.625,1.91057,5.31513,9.30387,-0.25534,-1.18630,-0.55467,31.2558580,75.7042238,0.930,301.00
243.729,0.99120,5.19542,8.98783,0.77702,-0.30055,-0.14294,31.2558634,75.7042169,0.840,305.80
243.834,1.03908,5.17148,8.38928,-0.54611,0.17715,-0.51557,31.2558634,75.7042169,0.840,305.80
243.936,-1.10612,4.43885,10.27112,-0.69883,0.22358,-0.28222,31.2558634,75.7042169,0.840,305.80
244.041,0.75178,5.47315,5.85622,0.39828,0.02932,0.39584,31.2558634,75.7042169,0.840,305.80
244.145,1.90100,4.48673,8.81066,-0.20525,-0.08674,0.13806,31.2558634,75.7042169,0.840,305.80
244.247,3.64398,3.02148,10.34295,-0.13195,-0.03176,0.27611,31.2558634,75.7042169,0.840,305.80
244.349,4.00789,2.76291,8.26957,-1.45386,0.06842,-0.15760,31.2558634,75.7042169,0.840,305.80
244.454,4.79798,2.35111,8.22169,-0.22602,0.04398,-0.43616,31.2558634,75.7042169,0.840,305.80
244.558,2.65756,2.13563,7.79073,-0.27855,-0.11118,-0.56810,31.2558634,75.7042169,0.840,305.80
244.662,1.59933,3.79242,7.77637,-0.24435,-0.66462,-0.35797,31.2558739,75.7042114,0.850,324.80
244.763,2.50912,5.13796,11.72201,0.20892,0.01833,-0.14172,31.2558739,75.7042114,0.850,324.80
244.866,1.98240,6.29196,9.14585,1.26449,-0.25290,0.43005,31.2558739,75.7042114,0.850,324.80
244.971,3.28963,4.47716,12.69406,0.97128,0.53878,0.47159,31.2558739,75.7042114,0.850,324.80
245.075,2.33674,2.81079,8.93995,2.12703,-0.01710,0.59498,31.2558739,75.7042114,0.850,324.80
245.178,2.22182,3.89776,3.31358,1.03114,0.58521,0.20403,31.2558739,75.7042114,0.850,324.80
245.283,2.91135,5.72214,5.21936,0.23335,0.14539,-0.24801,31.2558739,75.7042114,0.850,324.80
245.387,5.62159,6.20098,8.49463,-0.79901,0.21380,0.06597,31.2558739,75.7042114,0.850,324.80
245.490,5.78439,2.74376,12.79461,-1.69088,0.64019,-0.30665,31.2558739,75.7042114,0.850,324.80
245.595,4.19464,3.71580,7.18261,-0.69028,-1.38544,-0.37018,31.2558739,75.7042114,0.850,324.80
245.701,1.93451,4.10845,5.20978,-0.23579,-0.45326,-0.52534,31.2558814,75.7042025,1.180,318.20
245.804,2.01592,6.26323,7.41245,-0.34819,-1.14354,-0.31887,31.2558814,75.7042025,1.180,318.20
245.907,2.16915,5.88974,10.62068,-0.51435,1.17653,-0.20159,31.2558814,75.7042025,1.180,318.20
246.011,1.23062,3.39019,12.20564,-1.29015,0.30910,0.13073,31.2558814,75.7042025,1.180,318.20
246.115,3.14119,2.10211,11.13304,0.94562,0.53023,1.02259,31.2558814,75.7042025,1.180,318.20
246.220,0.41659,1.64242,5.52582,0.87842,0.96150,0.79168,31.2558814,75.7042025,1.180,318.20
246.322,0.49321,3.59609,5.79397,0.97372,-0.50213,1.12033,31.2558814,75.7042025,1.180,318.20
246.426,3.35188,5.08050,11.00854,0.13561,0.03299,0.36285,31.2558814,75.7042025,1.180,318.20
246.529,5.09486,5.34386,6.67503,0.41294,0.81001,-0.04032,31.2558814,75.7042025,1.180,318.20
246.631,5.17148,2.03507,12.34929,-0.33231,0.54367,-0.22846,31.2558814,75.7042025,1.180,318.20
246.737,3.41892,3.50511,4.54898,0.06109,-0.64630,-0.60231,31.2558872,75.7041917,1.170,305.20
246.840,1.93451,3.77326,6.06691,-0.44960,-0.64019,-0.45937,31.2558872,75.7041917,1.170,305.20
246.945,1.74777,5.24809,8.33182,-0.54611,-0.89186,-0.03910,31.2558872,75.7041917,1.170,305.20
247.049,1.60412,6.20577,10.52012,0.36652,0.14783,0.34819,31.2558872,75.7041917,1.170,305.20
247.153,2.14520,5.74130,12.04283,0.35064,-0.72326,0.60109,31.2558872,75.7041917,1.170,305.20
247.258,5.33428,3.72059,10.63026,0.60720,0.20403,0.40073,31.2558872,75.7041917,1.170,305.20
247.361,2.21703,2.28407,4.95600,0.84299,1.10933,0.26023,31.2558872,75.7041917,1.170,305.20
247.465,3.36146,3.76368,5.87058,0.70983,0.32620,0.26634,31.2558872,75.7041917,1.170,305.20
247.570,4.41012,4.13718,7.36935,-0.08552,0.01588,0.13439,31.2558872,75.7041917,1.170,305.20
247.674,6.53138,4.67827,7.29753,-2.23821,-0.69272,-0.23213,31.2558926,75.7041803,1.270,294.40
247.776,5.22415,3.35667,7.60398,-0.03299,0.76358,-0.08796,31.2558926,75.7041803,1.270,294.40
247.879,2.85389,3.05979,6.60800,-0.55344,-0.64141,-0.66951,31.2558926,75.7041803,1.270,294.40
247.983,1.61369,4.12282,7.46512,-0.34208,-0.89797,-0.51313,31.2558926,75.7041803,1.270,294.40
248.087,1.66158,5.80833,9.81623,-0.73426,0.90042,-0.23213,31.2558926,75.7041803,1.270,294.40
248.190,0.12450,5.21936,9.66779,-0.30421,0.56810,0.53390,31.2558926,75.7041803,1.270,294.40
248.294,2.62405,2.94966,13.57991,1.40499,0.21258,0.97128,31.2558926,75.7041803,1.270,294.40
248.398,2.42772,2.13563,6.20098,2.22844,0.44838,0.54978,31.2558926,75.7041803,1.270,294.40
248.502,1.83396,3.19387,5.63595,0.66829,0.59254,0.58887,31.2558926,75.7041803,1.270,294.40
248.604,3.26569,4.71179,6.85221,0.02321,0.04887,0.48869,31.2558926,75.7041803,1.270,294.40
248.708,4.06057,5.43484,7.04853,-0.19426,0.22358,0.11240,31.2558964,75.7041676,1.220,283.40
248.811,5.00867,2.98796,12.15776,-0.60842,0.62797,0.08063,31.2558964,75.7041676,1.220,283.40
248.917,4.09887,3.61046,6.71334,-0.70860,-0.25168,-0.42638,31.2558964,75.7041676,1.220,283.40
249.025,1.56581,4.24731,6.90967,-0.56322,-0.93218,-0.71593,31.2558964,75.7041676,1.220,283.40
249.130,1.30723,5.70778,10.86010,-0.44960,0.04032,-0.19059,31.2558964,75.7041676,1.220,283.40
249.233,1.20668,6.63673,10.40041,0.25779,0.19548,0.33964,31.2558964,75.7041676,1.220,283.40
249.337,0.88585,2.70545,14.46098,1.10078,0.63408,0.80390,31.2558964,75.7041676,1.220,283.40
249.441,1.90578,2.33195,8.50899,1.83626,-0.09407,0.96517,31.2558964,75.7041676,1.220,283.40
249.545,1.76692,3.53863,3.61524,0.95661,0.79412,0.68539,31.2558964,75.7041676,1.220,283.40
249.648,3.13162,5.36301,7.11557,0.10385,-0.03054,0.14172,31.2558987,75.7041557,1.120,277.60
249.750,4.64954,6.67025,7.74764,0.07453,0.44593,0.08919,31.2558987,75.7041557,1.120,277.60
249.852,6.97670,3.28963,15.94538,-1.24983,-0.30665,-0.47159,31.2558987,75.7041557,1.120,277.60
249.958,4.62081,3.61524,0.42138,-0.21380,0.08308,-0.39340,31.2558987,75.7041557,1.120,277.60
250.063,3.14598,4.27126,7.03895,-0.92974,-0.54000,-0.70983,31.2558987,75.7041557,1.120,277.60
250.168,2.48518,5.49709,9.21768,-0.63163,-0.46304,-0.54611,31.2558987,75.7041557,1.120,277.60
250.271,2.24097,6.27760,9.96467,0.22358,0.30788,-0.32009,31.2558987,75.7041557,1.120,277.60
250.376,0.27773,5.95199,9.63906,-0.67195,-0.15149,-0.08063,31.2558987,75.7041557,1.120,277.60
250.482,0.99599,3.96959,8.72926,0.56200,0.42272,0.48381,31.2558987,75.7041557,1.120,277.60
250.588,1.40779,3.04542,5.47793,1.04214,0.54123,0.47525,31.2558987,75.7041557,1.120,277.60
250.691,2.02549,4.63517,5.84185,0.48381,-0.01955,0.13317,31.2559021,75.7041436,1.120,277.40
250.793,2.92093,5.57370,9.50977,-0.17715,-0.01466,0.19792,31.2559021,75.7041436,1.120,277.40
250.895,4.09408,6.91924,7.22091,-0.48747,-0.35186,-0.03176,31.2559021,75.7041436,1.120,277.40
250.997,4.69742,3.45244,8.48026,0.78679,0.57421,-0.07208,31.2559021,75.7041436,1.120,277.40
251.101,2.50433,3.37104,3.95043,-0.03299,-0.10385,-0.27000,31.2559021,75.7041436,1.120,277.40
251.204,1.95846,5.39653,4.99430,-0.57421,-1.08245,-0.41661,31.2559021,75.7041436,1.120,277.40
251.309,2.77249,7.11557,10.42435,-0.40806,0.25901,-0.25412,31.2559021,75.7041436,1.120,277.40
251.413,1.69509,7.78116,8.96868,-0.15394,0.37018,0.40073,31.2559021,75.7041436,1.120,277.40
251.516,1.77650,5.69820,8.50899,0.64752,0.32620,0.54367,31.2559021,75.7041436,1.120,277.40
251.621,1.08697,2.67672,8.40365,0.92607,0.49847,0.20647,31.2559021,75.7041436,1.120,277.40
251.725,2.27449,4.86981,4.67827,0.66096,-0.12950,0.29077,31.2559063,75.7041306,1.160,278.60
251.827,4.15633,6.26802,8.77236,-0.11729,-0.29199,-0.09529,31.2559063,75.7041306,1.160,278.60
251.930,5.13317,7.15866,7.81946,0.18448,-0.02199,-0.27978,31.2559063,75.7041306,1.160,278.60
252.034,4.86023,4.44364,9.87369,-0.03299,-0.19059,-0.70005,31.2559063,75.7041306,1.160,278.60
252.140,3.28484,3.54342,6.05733,-0.50946,-0.66584,-0.48991,31.2559063,75.7041306,1.160,278.60
252.244,2.44687,4.76446,4.69742,-0.53145,-0.91508,-0.54734,31.2559063,75.7041306,1.160,278.60
252.348,2.18351,7.07726,9.52892,-0.65851,-0.12950,-0.12095,31.2559063,75.7041306,1.160,278.60
252.453,0.43096,9.18416,8.19775,0.05620,0.66096,0.08796,31.2559063,75.7041306,1.160,278.60
252.559,2.15957,4.56814,13.77145,0.46426,1.00548,0.35430,31.2559063,75.7041306,1.160,278.60
252.662,1.75256,3.74932,6.98149,0.96028,-0.01466,0.49602,31.2559093,75.7041184,1.120,279.30
252.764,1.21147,3.16035,3.80678,0.54856,1.02503,0.62797,31.2559093,75.7041184,1.120,279.30
252.868,2.71502,5.08050,6.05254,-0.20159,-0.10751,0.74159,31.2559093,75.7041184,1.120,279.30
252.973,5.89452,7.11078,9.51935,-0.27367,-0.06597,0.45082,31.2559093,75.7041184,1.120,279.30
253.075,7.03416,4.26168,15.93581,-1.13377,0.04643,-0.41905,31.2559093,75.7041184,1.120,279.30
253.179,4.81235,4.16112,4.12282,0.75992,-0.50946,-0.72571,31.2559093,75.7041184,1.120,279.30
253.283,2.44687,3.74932,5.17626,-0.55833,-0.41417,-1.26938,31.2559093,75.7041184,1.120,279.30
253.387,1.37427,8.40365,7.53216,-0.58399,-0.99205,-0.69516,31.2559093,75.7041184,1.120,279.30
253.492,8.88249,12.44506,13.75708,1.64445,-1.52594,-1.42332,31.2559093,75.7041184,1.120,279.30
253.595,2.10690,5.34865,8.14029,2.57663,-2.26509,-3.73972,31.2559093,75.7041184,1.120,279.30
253.699,-3.50032,2.92093,3.26569,1.31825,-0.83200,-2.26753,31.2559100,75.7041064,1.140,279.50
253.802,-5.72214,1.39821,2.01592,0.52412,-1.43309,0.22724,31.2559100,75.7041064,1.140,279.50
253.904,1.34075,6.22014,1.94888,-0.57177,1.87902,2.84052,31.2559100,75.7041064,1.140,279.50
254.010,3.79242,10.76433,4.59208,-1.24128,1.42942,1.23517,31.2559100,75.7041064,1.140,279.50
254.113,4.48673,11.94707,6.39252,-0.94928,0.14539,0.96761,31.2559100,75.7041064,1.140,279.50
254.217,8.37492,7.02459,7.10120,-0.28588,1.38789,0.68661,31.2559100,75.7041064,1.140,279.50
254.320,3.32794,4.55856,1.59454,0.33475,-1.22051,0.20281,31.2559100,75.7041064,1.140,279.50
254.422,3.80678,6.12437,2.54743,-1.02992,-1.03847,0.20647,31.2559100,75.7041064,1.140,279.50
254.525,4.51068,8.89207,7.62793,-1.07634,-0.43738,0.20769,31.2559100,75.7041064,1.140,279.50
254.631,3.96480,10.37647,7.88171,0.56444,0.04032,0.26389,31.2559100,75.7041064,1.140,279.50
254.732,4.63996,6.28717,10.36689,1.16064,0.98471,0.09774,31.2559121,75.7040938,1.120,276.00
254.834,3.68707,4.41491,5.24809,0.84177,0.88331,0.03176,31.2559121,75.7040938,1.120,276.00
254.937,2.94966,3.85945,3.49075,0.81734,1.71409,0.23213,31.2559121,75.7040938,1.120,276.00
255.042,2.79164,6.29675,3.85945,1.02870,0.11362,0.46792,31.2559121,75.7040938,1.120,276.00
255.146,5.40132,8.40365,4.33351,-0.44593,0.76114,0.76725,31.2559121,75.7040938,1.120,276.00
255.249,8.82503,5.45878,9.87369,-2.50455,-0.03421,0.12339,31.2559121,75.7040938,1.120,276.00
255.353,5.13796,4.86502,4.34787,-0.18448,0.02932,-0.44960,31.2559121,75.7040938,1.120,276.00
255.458,3.66313,4.61602,3.93607,-0.37141,-0.18326,-0.53267,31.2559121,75.7040938,1.120,276.00
255.561,3.22260,6.06212,5.76045,-0.45204,-1.55771,-0.29932,31.2559121,75.7040938,1.120,276.00
255.664,4.39097,7.62314,9.33260,-0.09407,0.20525,-0.08430,31.2559143,75.7040793,1.110,274.10
255.766,4.57293,8.79151,8.31267,-0.41294,-0.67440,0.25168,31.2559143,75.7040793,1.110,274.10
255.868,3.59609,4.84586,8.35098,0.99693,1.01648,0.26389,31.2559143,75.7040793,1.110,274.10
255.971,2.81558,3.81157,3.84988,0.98471,1.16553,-0.05620,31.2559143,75.7040793,1.110,274.10
256.074,2.91135,5.32470,4.18985,0.53878,0.42394,0.07575,31.2559143,75.7040793,1.110,274.10
256.180,3.94086,6.45956,6.79953,0.18326,0.41050,0.24801,31.2559143,75.7040793,1.110,274.10
256.283,5.92325,7.65666,6.33985,-0.35308,0.16127,0.06720,31.2559143,75.7040793,1.110,274.10
256.384,5.77003,4.71179,9.30387,-0.47403,0.62797,-0.31398,31.2559143,75.7040793,1.110,274.10
256.486,4.01268,4.26647,5.43963,-0.62675,-0.76114,-0.42150,31.2559143,75.7040793,1.110,274.10
256.589,1.42216,5.75087,5.49709,-0.69516,-0.98716,-0.49114,31.2559143,75.7040793,1.110,274.10
256.693,2.06380,7.75243,9.40442,-1.03969,0.67806,-0.49724,31.2559152,75.7040675,1.150,272.70
256.797,1.23062,7.80510,9.85453,0.00611,0.17837,0.33109,31.2559152,75.7040675,1.150,272.70
256.900,1.39821,3.89297,10.69250,1.19241,0.80634,0.68295,31.2559152,75.7040675,1.150,272.70
257.003,2.10211,2.77727,9.16022,1.32436,0.04276,0.44715,31.2559152,75.7040675,1.150,272.70
257.107,1.72861,4.32393,2.99275,0.72937,1.61268,0.49114,31.2559152,75.7040675,1.150,272.70
257.210,0.90980,6.11000,7.41724,-0.41905,1.84237,0.00367,31.2559152,75.7040675,1.150,272.70
257.313,1.89142,7.17782,8.56645,-0.17959,-0.53512,-0.01100,31.2559152,75.7040675,1.150,272.70
257.417,3.63919,3.00712,14.05396,-0.15027,1.19241,-0.07208,31.2559152,75.7040675,1.150,272.70
257.520,2.17394,3.69186,4.04620,0.45937,-0.58277,-0.36408,31.2559152,75.7040675,1.150,272.70
257.623,0.55067,5.20978,5.35344,-0.43005,-1.21684,-0.37751,31.2559152,75.7040675,1.150,272.70
257.728,1.06303,6.99107,10.10353,-0.10385,-0.90897,-0.20647,31.2559173,75.7040548,1.140,274.00
257.830,0.71347,9.21289,7.09641,0.71349,0.25045,0.20159,31.2559173,75.7040548,1.140,274.00
257.933,0.20590,4.96557,14.96376,0.20647,0.72571,0.07575,31.2559173,75.7040548,1.140,274.00
258.039,1.27850,3.26569,7.96311,1.38911,-0.14661,0.61697,31.2559173,75.7040548,1.140,274.00
258.144,1.92494,3.33752,2.20745,0.90408,0.76969,0.71838,31.2559173,75.7040548,1.140,274.00
258.247,2.48039,7.45554,5.51145,0.22235,-0.20403,-0.11729,31.2559173,75.7040548,1.140,274.00
258.351,3.31836,8.31746,9.07881,-0.45204,0.29077,0.37018,31.2559173,75.7040548,1.140,274.00
258.455,7.09641,4.81713,13.10586,-0.50457,-1.46363,0.66829,31.2559173,75.7040548,1.140,274.00
258.560,4.25210,4.85065,1.68552,-0.24801,0.16371,-0.75503,31.2559173,75.7040548,1.140,274.00
258.663,3.04542,4.54898,4.48195,-0.36041,-1.25105,-1.00548,31.2559177,75.7040429,1.080,271.50
258.765,3.16513,7.23528,6.01423,-0.67562,-1.36712,-0.54245,31.2559177,75.7040429,1.080,271.50
258.868,2.95923,8.99741,8.30309,0.16616,-0.45082,-0.32009,31.2559177,75.7040429,1.080,271.50
258.973,4.44843,5.21936,14.14494,0.43494,-2.54486,0.30788,31.2559177,75.7040429,1.080,271.50
259.077,3.48117,4.29999,7.62793,0.08796,1.45142,0.31154,31.2559177,75.7040429,1.080,271.50
259.182,2.38462,3.90734,1.88663,0.84788,1.78250,0.86499,31.2559177,75.7040429,1.080,271.50
259.287,6.74686,7.37414,4.55856,-0.04154,-1.76174,0.54978,31.2559177,75.7040429,1.080,271.50
259.391,7.62314,6.17225,4.57293,-0.55833,1.42820,-0.52290,31.2559177,75.7040429,1.080,271.50
259.494,6.33985,5.54497,9.90721,-1.36589,-1.02137,-0.66706,31.2559177,75.7040429,1.080,271.50
259.597,3.91213,4.89854,4.84108,-0.33231,-0.48503,-0.58643,31.2559177,75.7040429,1.080,271.50
259.702,1.93451,4.00311,4.38139,-0.37263,-0.24679,-0.49480,31.2559169,75.7040316,1.140,272.60
259.805,2.30322,6.34942,5.48272,-0.43738,-1.00793,0.03299,31.2559169,75.7040316,1.140,272.60
259.908,3.55300,8.40365,10.07959,-0.27000,0.08308,0.58887,31.2559169,75.7040316,1.140,272.60
260.013,2.30322,8.19775,7.43639,0.30055,1.26571,0.40806,31.2559169,75.7040316,1.140,272.60
260.117,5.07571,4.05099,10.96544,1.19363,1.41232,1.30359,31.2559169,75.7040316,1.140,272.60
260.221,4.50110,2.27449,6.16746,1.49051,1.85214,0.47159,31.2559169,75.7040316,1.140,272.60
260.326,2.56180,3.64876,2.07817,0.21502,1.44653,0.74403,31.2559169,75.7040316,1.140,272.60
260.430,4.17070,5.75087,6.14831,-0.00977,0.33964,0.55711,31.2559169,75.7040316,1.140,272.60
260.534,3.73974,4.86981,6.97192,-1.73974,-0.13928,-0.14783,31.2559169,75.7040316,1.140,272.60
260.638,5.93762,2.47560,7.64229,-0.96639,1.72875,1.36467,31.2559169,75.7040316,1.140,272.60
260.742,5.24330,3.64876,7.07726,-0.84177,-0.44471,-0.36896,31.2559157,75.7040189,1.210,269.10
260.846,2.55701,3.66313,8.28873,-0.82345,-0.98960,-1.10200,31.2559157,75.7040189,1.210,269.10
260.950,1.95367,4.71658,9.89284,-0.39828,-0.32620,-0.92852,31.2559157,75.7040189,1.210,269.10
261.053,1.17316,5.67426,9.95988,0.37018,-0.64141,0.03054,31.2559157,75.7040189,1.210,269.10
261.157,3.24654,2.56180,10.27591,1.20340,0.65607,-0.02321,31.2559157,75.7040189,1.210,269.10
261.259,2.70545,2.52828,6.60800,0.99449,-0.37385,-0.16249,31.2559157,75.7040189,1.210,269.10
261.364,1.97282,2.75812,4.80277,0.65851,0.38240,0.04276,31.2559157,75.7040189,1.210,269.10
261.468,2.91614,4.08930,8.03015,0.24801,-0.05864,0.16616,31.2559157,75.7040189,1.210,269.10
261.572,4.28083,4.35745,9.74919,-0.07330,0.50213,0.10018,31.2559157,75.7040189,1.210,269.10
261.677,8.29351,4.04141,13.56076,-1.23273,0.23702,-0.13073,31.2559148,75.7040053,1.140,269.70
261.781,5.90410,4.62081,5.04219,-0.44715,-0.75381,-0.33598,31.2559148,75.7040053,1.140,269.70
261.884,2.41814,3.26090,6.18183,0.11484,-0.06475,-0.90530,31.2559148,75.7040053,1.140,269.70
261.988,2.69108,4.31435,9.13627,0.19181,-1.24250,-0.63163,31.2559148,75.7040053,1.140,269.70
262.093,2.19309,6.33985,8.69574,0.64019,0.77824,-0.32865,31.2559148,75.7040053,1.140,269.70
262.197,3.97916,4.30956,14.62857,-0.32376,-0.36652,0.02199,31.2559148,75.7040053,1.140,269.70
262.300,3.28963,4.14197,9.69652,0.28466,0.01222,-0.18204,31.2559148,75.7040053,1.140,269.70
262.407,1.21625,2.97839,4.75488,0.95784,0.71471,0.16371,31.2559148,75.7040053,1.140,269.70
262.510,1.12527,4.91769,5.28640,0.70250,-0.21014,0.33109,31.2559148,75.7040053,1.140,269.70
262.614,4.81235,6.24408,8.78193,-0.20159,-0.50213,0.50335,31.2559148,75.7040053,1.140,269.70
262.718,6.18662,3.98874,11.60230,-1.95233,0.41050,-0.51313,31.2559136,75.7039930,1.110,266.70
262.821,5.29119,4.10366,5.53539,-0.51435,-0.54734,-0.51191,31.2559136,75.7039930,1.110,266.70
262.924,3.70622,3.60088,5.57370,0.04887,-0.46181,-0.68417,31.2559136,75.7039930,1.110,266.70
263.029,2.02071,4.95121,6.03818,-0.15394,-1.59680,-0.62919,31.2559136,75.7039930,1.110,266.70
263.132,2.91614,7.00065,11.17613,-0.19548,0.10507,-0.26023,31.2559136,75.7039930,1.110,266.70
263.239,3.44765,5.74608,12.79940,-0.04032,-0.07086,-0.17349,31.2559136,75.7039930,1.110,266.70
263.343,3.53863,4.53941,8.40365,1.27915,-0.02443,0.08796,31.2559136,75.7039930,1.110,266.70
263.447,3.04542,3.98874,4.58729,0.86010,0.40806,-0.40317,31.2559136,75.7039930,1.110,266.70
263.552,3.05500,5.37259,3.83072,0.90408,-0.08796,-0.29688,31.2559136,75.7039930,1.110,266.70
263.656,2.73418,6.40688,7.70933,0.00489,-0.11484,-0.18570,31.2559119,75.7039803,1.140,268.00
263.758,4.03662,8.51857,5.25767,-0.07330,-0.32009,-0.04643,31.2559119,75.7039803,1.140,268.00
263.862,4.46279,5.54018,9.76834,-0.57666,0.08186,-0.55467,31.2559119,75.7039803,1.140,268.00
263.966,2.96402,4.90811,5.06613,-0.29199,-0.92363,-0.35919,31.2559119,75.7039803,1.140,268.00
264.073,0.55545,5.39174,4.96557,-0.74648,-0.85155,-0.36408,31.2559119,75.7039803,1.140,268.00
264.177,1.12049,8.47069,7.48906,-0.62797,-0.19670,0.04154,31.2559119,75.7039803,1.140,268.00
264.281,1.93930,9.29908,6.99586,0.01588,0.16249,0.30665,31.2559119,75.7039803,1.140,268.00
264.384,1.93451,4.32872,11.08037,0.94440,1.55038,0.76114,31.2559119,75.7039803,1.140,268.00
264.488,2.14042,3.09810,6.72292,0.87720,0.67317,0.86010,31.2559119,75.7039803,1.140,268.00
264.592,2.35589,4.07493,2.70066,0.47281,1.07879,1.03114,31.2559119,75.7039803,1.140,268.00
264.696,3.52426,6.84742,6.35421,0.14416,0.19548,0.70494,31.2559112,75.7039674,1.120,267.40
264.799,5.66947,7.81946,9.17937,0.01344,0.36041,0.40073,31.2559112,75.7039674,1.120,267.40
264.901,6.63673,4.07493,11.08037,0.47403,1.40010,0.17104,31.2559112,75.7039674,1.120,267.40
265.005,4.28562,4.36224,1.18752,-0.64141,-0.48381,-0.48625,31.2559112,75.7039674,1.120,267.40
265.109,1.97761,3.91213,6.77559,-0.63897,-0.60720,-0.72449,31.2559112,75.7039674,1.120,267.40
265.212,2.24097,5.90410,8.74362,-0.54123,-1.01404,-0.35797,31.2559112,75.7039674,1.120,267.40
265.316,2.63841,7.53695,9.71088,-0.00489,-0.10018,0.03910,31.2559112,75.7039674,1.120,267.40
265.421,1.82917,7.31189,10.79785,-0.93829,-0.52290,-0.21380,31.2559112,75.7039674,1.120,267.40
265.529,2.73897,4.31914,8.59040,0.94440,0.26389,0.19792,31.2559112,75.7039674,1.120,267.40
265.633,3.62003,3.98874,3.84509,0.73793,1.01037,-0.20647,31.2559112,75.7039674,1.120,267.40
265.738,2.42772,5.19063,4.90333,0.69639,-0.37507,-0.08796,31.2559109,75.7039557,1.150,265.40
265.839,2.12126,6.16746,7.36456,-0.28466,-0.31276,0.16982,31.2559109,75.7039557,1.150,265.40
265.945,6.64630,6.16746,8.41801,-1.92178,-0.97250,0.47159,31.2559109,75.7039557,1.150,265.40
266.051,5.69341,5.30076,4.35266,-0.25901,0.24679,-0.64874,31.2559109,75.7039557,1.150,265.40
266.157,4.05099,4.29520,5.90889,0.20892,-0.73915,-0.84910,31.2559109,75.7039557,1.150,265.40
266.260,1.61369,5.10444,4.53941,-0.27978,-1.16920,-0.87354,31.2559109,75.7039557,1.150,265.40
266.365,3.93128,7.97748,10.39562,-0.38362,-0.46548,-0.40073,31.2559109,75.7039557,1.150,265.40
266.469,0.70390,9.44752,7.38372,0.03665,0.20036,-0.82467,31.2559109,75.7039557,1.150,265.40
266.573,1.40779,4.62081,14.64294,0.99693,-0.00611,-0.11973,31.2559109,75.7039557,1.150,265.40
266.677,1.20189,2.43730,4.48673,1.42576,1.83748,0.28222,31.2559106,75.7039438,1.100,266.10
266.782,2.34632,5.57370,3.02148,0.60720,0.47770,0.87109,31.2559106,75.7039438,1.100,266.10
266.886,2.97839,7.98706,6.28239,-0.55467,0.59376,0.15394,31.2559106,75.7039438,1.100,266.10
266.992,3.12204,7.89129,6.38773,-1.28404,0.12706,0.16127,31.2559106,75.7039438,1.100,266.10
267.095,5.49230,5.57370,6.42125,0.56810,0.56933,0.25656,31.2559106,75.7039438,1.100,266.10
267.200,3.86424,4.37181,5.77481,-0.34575,-0.30177,-0.37141,31.2559106,75.7039438,1.100,266.10
267.303,2.19309,5.56891,4.57293,-0.23946,-1.32802,-0.59010,31.2559106,75.7039438,1.100,266.10
267.408,2.41336,7.74285,9.95509,-0.61820,-0.29566,-0.20892,31.2559106,75.7039438,1.100,266.10
267.512,0.86191,9.27514,7.76679,0.18815,0.35552,0.19426,31.2559106,75.7039438,1.100,266.10
267.615,1.37906,5.13317,13.76187,0.53512,0.18815,0.42883,31.2559106,75.7039438,1.100,266.10
267.718,1.78607,4.22337,7.24007,1.30114,0.13683,0.46304,31.2559098,75.7039327,1.050,268.30
267.820,2.01592,4.39575,3.13640,0.50702,0.99082,0.47159,31.2559098,75.7039327,1.050,268.30
267.923,2.92093,5.77003,6.11000,0.04887,0.13195,0.09407,31.2559098,75.7039327,1.050,268.30
268.031,4.73094,7.37414,7.06768,-0.31765,0.42028,0.08186,31.2559098,75.7039327,1.050,268.30
268.135,6.22014,5.71257,13.04840,-1.08367,-0.19059,-0.08308,31.2559098,75.7039327,1.050,268.30
268.241,4.49152,5.13796,4.14197,0.23213,-0.22724,-0.10385,31.2559098,75.7039327,1.050,268.30
268.347,2.02071,5.06613,5.81791,-0.34819,-0.92363,-0.57299,31.2559098,75.7039327,1.050,268.30
268.452,1.79086,6.87136,7.40287,-0.38973,-0.02932,-0.20403,31.2559098,75.7039327,1.050,268.30
268.557,1.27850,8.73884,8.75320,0.56566,0.29077,0.25656,31.2559098,75.7039327,1.050,268.30
268.661,3.52426,5.41568,15.87356,0.46059,-0.39828,0.56077,31.2559105,75.7039216,0.990,271.10
268.764,3.27048,4.84586,6.71813,0.95051,-0.15272,0.24679,31.2559105,75.7039216,0.990,271.10
268.867,2.74376,4.12282,3.11725,0.20525,1.42698,0.18448,31.2559105,75.7039216,0.990,271.10
268.970,2.25534,5.53061,6.21535,-0.08186,-0.22113,0.21014,31.2559105,75.7039216,0.990,271.10
269.075,3.00233,6.24887,4.84108,-0.39340,0.21747,0.24679,31.2559105,75.7039216,0.990,271.10
269.177,4.35266,7.58004,5.52103,-1.09711,0.02932,0.13683,31.2559105,75.7039216,0.990,271.10
269.281,8.21690,6.08606,10.49618,-0.01222,-0.60842,-0.31521,31.2559105,75.7039216,0.990,271.10
269.386,4.02705,3.30879,6.50265,-0.74037,-1.09711,-1.43553,31.2559105,75.7039216,0.990,271.10
269.489,1.87705,4.00311,5.25767,-0.35308,-1.07879,-0.88331,31.2559105,75.7039216,0.990,271.10
269.594,2.42293,6.14352,6.04296,-0.55833,-1.25716,-0.29322,31.2559105,75.7039216,0.990,271.10
269.697,0.92416,6.86657,11.00854,-0.03910,-0.67073,0.09163,31.2559122,75.7039112,0.810,278.30
269.799,5.20978,6.68940,15.19839,-0.17226,0.08308,0.54367,31.2559122,75.7039112,0.810,278.30
269.903,4.64954,3.46202,7.12993,2.17346,1.30481,1.15331,31.2559122,75.7039112,0.810,278.30
270.005,3.63919,2.52349,4.06535,1.50762,1.00915,0.43127,31.2559122,75.7039112,0.810,278.30
270.111,4.10366,4.53462,4.02705,0.32254,1.16309,0.90775,31.2559122,75.7039112,0.810,278.30
270.216,6.19619,6.26323,4.84586,0.08186,-0.00367,0.03787,31.2559122,75.7039112,0.810,278.30
270.319,4.54419,7.21612,5.55455,-0.65363,0.16616,-0.33231,31.2559122,75.7039112,0.810,278.30
270.422,8.13071,4.83629,10.16578,1.15209,0.40806,0.03054,31.2559122,75.7039112,0.810,278.30
270.527,5.65510,4.19943,4.17549,-0.36408,-0.65607,-0.72571,31.2559122,75.7039112,0.810,278.30
270.634,3.52905,4.95121,4.60166,-0.62064,-0.80268,-0.82467,31.2559122,75.7039112,0.810,278.30
270.738,4.05099,6.32548,8.02058,-0.57544,-0.10629,-0.40806,31.2559128,75.7039019,0.830,277.20
270.842,3.09331,8.45153,6.15789,-0.03910,-0.18815,0.09652,31.2559128,75.7039019,0.830,277.20
270.945,3.07894,5.15232,11.57836,0.34453,0.45693,-0.03176,31.2559128,75.7039019,0.830,277.20
271.049,1.87705,4.89375,8.67180,0.71960,0.00367,0.44715,31.2559128,75.7039019,0.830,277.20
271.155,3.41892,5.06613,6.24887,0.84788,0.88820,-0.00977,31.2559128,75.7039019,0.830,277.20
271.260,4.27126,5.42526,4.62560,0.43982,0.37141,-0.40317,31.2559128,75.7039019,0.830,277.20
271.364,4.29999,6.23450,6.05254,-0.19059,-0.35675,0.03665,31.2559128,75.7039019,0.830,277.20
271.468,5.85143,8.49942,5.66468,-1.09345,-1.21562,0.27733,31.2559128,75.7039019,0.830,277.20
271.571,6.02381,6.01423,5.95677,0.10263,-0.27122,-0.50091,31.2559128,75.7039019,0.830,277.20
271.675,4.35745,4.19943,4.05099,-0.46059,-0.92852,-1.13377,31.2559131,75.7038934,0.760,281.20
271.777,3.80199,4.02226,3.71101,-0.81123,-0.75259,-0.71593,31.2559131,75.7038934,0.760,281.20
271.885,4.95600,6.16268,5.88495,-0.78679,-1.17653,-0.12217,31.2559131,75.7038934,0.760,281.20
271.989,4.19943,8.13550,6.36379,-0.82589,-0.23457,-0.81734,31.2559131,75.7038934,0.760,281.20
272.094,3.99832,7.40766,9.95509,-1.06535,-0.93218,-0.21136,31.2559131,75.7038934,0.760,281.20
272.198,1.66158,6.12437,7.28316,0.37874,0.60598,0.16249,31.2559131,75.7038934,0.760,281.20
272.301,3.21302,5.10444,7.65666,0.91385,-0.02199,0.56200,31.2559131,75.7038934,0.760,281.20
272.406,4.19943,5.06613,6.31112,0.73915,0.46670,0.18082,31.2559131,75.7038934,0.760,281.20
272.510,4.44843,5.08050,4.94163,0.46548,0.66584,-0.05620,31.2559131,75.7038934,0.760,281.20
272.615,5.96156,6.05733,6.42604,-0.29566,-0.17226,0.34331,31.2559131,75.7038934,0.760,281.20
272.718,6.56011,7.20655,5.33907,-1.29870,0.15272,-0.05253,31.2559152,75.7038862,0.650,290.40
272.822,5.92804,4.18506,7.43160,0.26023,0.43738,-0.52412,31.2559152,75.7038862,0.650,290.40
272.925,4.70221,4.10366,3.86903,-0.68906,-1.13010,-0.75869,31.2559152,75.7038862,0.650,290.40
273.029,3.73017,5.11401,5.60722,-0.68417,-0.50335,-0.53878,31.2559152,75.7038862,0.650,290.40
273.136,4.27604,6.45956,6.99586,-0.65851,-0.58887,-0.34208,31.2559152,75.7038862,0.650,290.40
273.240,4.63517,6.91445,8.85376,-0.03176,-0.38973,-0.38851,31.2559152,75.7038862,0.650,290.40
273.342,3.28006,8.03494,7.26880,-0.64874,0.16738,-0.26145,31.2559152,75.7038862,0.650,290.40
273.447,2.00155,4.37181,8.35098,1.09834,1.16431,0.58154,31.2559152,75.7038862,0.650,290.40
273.551,3.02627,4.15155,8.86812,0.00611,1.25716,0.68295,31.2559152,75.7038862,0.650,290.40
273.654,1.74777,4.75010,5.30076,-0.21258,2.24432,0.61820,31.2559163,75.7038800,0.520,296.70
273.756,1.93451,4.43885,8.40844,0.20647,0.72082,0.71716,31.2559163,75.7038800,0.520,296.70
273.860,4.75488,5.48272,11.19529,-0.44715,0.06231,0.96517,31.2559163,75.7038800,0.520,296.70
273.967,2.82995,3.18429,10.38126,-2.22966,2.82953,0.17471,31.2559163,75.7038800,0.520,296.70
274.071,0.23942,0.81403,7.14430,0.44227,-0.31887,-0.46548,31.2559163,75.7038800,0.520,296.70
274.174,2.59053,3.53863,7.01022,-0.26267,-1.63834,-1.07634,31.2559163,75.7038800,0.520,296.70
274.279,0.20111,3.70622,7.31668,-0.04887,0.30177,-1.07634,31.2559163,75.7038800,0.520,296.70
274.384,-0.17717,4.83150,12.26789,0.51679,-0.11606,-0.94928,31.2559163,75.7038800,0.520,296.70
274.488,-0.74220,5.38217,8.71011,0.12828,0.91385,-0.25168,31.2559163,75.7038800,0.520,296.70
274.592,-3.55778,1.81480,14.11621,-0.61453,0.28222,0.18570,31.2559163,75.7038800,0.520,296.70
274.695,-1.54187,2.82516,6.85221,-0.98594,0.59620,0.80390,31.2559202,75.7038755,0.600,317.50
274.799,-0.71347,4.03184,7.69975,1.23395,-0.94806,0.82222,31.2559202,75.7038755,0.600,317.50
274.902,0.74220,5.34386,7.98706,0.55467,-1.20218,0.19548,31.2559202,75.7038755,0.600,317.50
275.008,1.44131,6.66067,9.63906,0.56444,-0.18448,-0.13439,31.2559202,75.7038755,0.600,317.50
275.112,2.06380,6.24887,11.75074,-0.72204,0.10751,-0.72449,31.2559202,75.7038755,0.600,317.50
275.217,2.70545,3.86903,5.39653,-0.73059,-1.96699,-0.75992,31.2559202,75.7038755,0.600,317.50
275.321,2.44687,3.65834,8.57603,0.50580,-0.21869,-0.86743,31.2559202,75.7038755,0.600,317.50
275.426,1.90100,4.71658,6.74686,-0.01588,-0.78191,-0.27855,31.2559202,75.7038755,0.600,317.50
275.530,1.77650,4.80277,9.73482,-0.00611,-0.09285,-0.21747,31.2559202,75.7038755,0.600,317.50
275.633,0.45011,6.09085,7.90087,0.09896,-0.41294,-0.34453,31.2559202,75.7038755,0.600,317.50
275.736,-0.47884,4.63996,9.00699,0.41050,-0.49236,0.34331,31.2559246,75.7038721,0.640,335.70
275.841,-0.06704,3.88340,7.56568,0.23946,0.61942,0.49480,31.2559246,75.7038721,0.640,335.70
275.946,0.84755,4.14676,6.97670,-0.14905,0.30910,0.49847,31.2559246,75.7038721,0.640,335.70
276.050,0.87628,5.43963,8.49942,-0.23702,0.70250,0.38362,31.2559246,75.7038721,0.640,335.70
276.153,1.64721,5.51145,8.81066,0.17959,-0.47159,0.23335,31.2559246,75.7038721,0.640,335.70
276.258,3.27527,5.68862,9.22246,0.07208,0.29566,-0.03665,31.2559246,75.7038721,0.640,335.70
276.361,2.05901,4.36702,8.29830,0.23091,-0.71593,-0.28711,31.2559246,75.7038721,0.640,335.70
276.466,3.16992,4.77404,6.92403,-0.28222,-0.15638,-0.47647,31.2559246,75.7038721,0.640,335.70
276.570,2.37505,4.29520,8.87291,-0.06964,0.03665,-0.21258,31.2559246,75.7038721,0.640,335.70
276.673,3.16035,5.00867,6.56011,-0.22846,-0.39462,-0.26634,31.2559303,75.7038698,0.640,348.80
276.776,3.15556,5.69341,8.23127,-0.28466,0.07941,-0.21991,31.2559303,75.7038698,0.640,348.80
276.880,1.91536,5.71257,9.32781,0.28833,-0.08796,-0.45815,31.2559303,75.7038698,0.640,348.80
276.985,2.22661,5.93762,6.97670,-0.10263,0.07086,-0.01344,31.2559303,75.7038698,0.640,348.80
277.090,2.55222,4.98952,9.61033,-0.36652,0.28466,-0.12095,31.2559303,75.7038698,0.640,348.80
277.195,0.68474,4.12760,7.41245,0.09163,-0.80268,-0.59620,31.2559303,75.7038698,0.640,348.80
277.299,0.05746,4.37181,8.08282,-0.17715,0.37263,-0.23702,31.2559303,75.7038698,0.640,348.80
277.403,0.93853,4.69742,8.26000,-0.44471,-0.28100,-0.43738,31.2559303,75.7038698,0.640,348.80
277.508,1.03430,5.15232,9.15064,-0.10018,-0.15516,-0.59132,31.2559303,75.7038698,0.640,348.80
277.611,1.42216,5.01825,8.80587,-0.23824,-0.73793,-0.38851,31.2559303,75.7038698,0.640,348.80
277.714,1.50356,4.10366,9.56244,-0.00733,-0.45693,-0.33720,31.2559361,75.7038684,0.580,357.50
277.817,1.41737,4.36224,8.04452,0.03787,-0.23702,-0.37385,31.2559361,75.7038684,0.580,357.50
277.920,2.19309,4.17070,8.61434,-0.15272,-0.14050,-0.23457,31.2559361,75.7038684,0.580,357.50
278.023,1.92494,4.76446,8.59040,-0.00977,-0.01833,-0.32376,31.2559361,75.7038684,0.580,357.50
278.127,1.48919,4.68785,8.85855,0.04643,-0.08430,-0.00977,31.2559361,75.7038684,0.580,357.50
278.231,1.56581,4.55856,7.95354,0.03176,-0.07575,0.00733,31.2559361,75.7038684,0.580,357.50
278.332,1.67594,5.10444,8.26478,-0.07453,0.18326,0.01588,31.2559361,75.7038684,0.580,357.50
278.437,1.62327,5.25767,8.43717,0.01466,-0.00367,0.09041,31.2559361,75.7038684,0.580,357.50
278.541,2.00155,5.13317,7.78594,-0.07086,0.08186,0.25901,31.2559361,75.7038684,0.580,357.50
278.647,2.15478,5.18584,8.26478,0.04276,-0.02199,0.07941,31.2559414,75.7038687,0.350,9.50
278.750,2.23618,5.25288,7.71891,0.02321,-0.01100,0.03787,31.2559414,75.7038687,0.350,9.50
278.852,2.20267,5.20021,8.19296,0.06109,0.08430,-0.06842,31.2559414,75.7038687,0.350,9.50
278.957,1.79086,5.10444,8.22169,0.05253,-0.13806,-0.05620,31.2559414,75.7038687,0.350,9.50
279.061,1.73819,5.15711,7.47470,-0.02443,0.02077,-0.07575,31.2559414,75.7038687,0.350,9.50
279.166,2.00155,5.27203,8.22169,-0.07453,0.10140,0.01710,31.2559414,75.7038687,0.350,9.50
279.269,2.17872,5.21457,8.27915,0.01710,-0.03421,0.02199,31.2559414,75.7038687,0.350,9.50
279.371,2.22182,5.08528,7.85298,0.00000,-0.01588,0.02688,31.2559414,75.7038687,0.350,9.50
279.477,2.11647,5.06134,7.95833,-0.00855,-0.06353,-0.02810,31.2559414,75.7038687,0.350,9.50
279.582,1.88184,5.18584,7.76200,-0.03787,-0.02810,-0.03910,31.2559414,75.7038687,0.350,9.50
279.684,2.17394,5.06613,7.78116,-0.13439,0.11606,-0.01344,31.2559448,75.7038694,0.280,20.80
279.787,1.92973,5.07092,8.27915,-0.15149,0.13806,-0.12462,31.2559448,75.7038694,0.280,20.80
279.891,1.62806,4.91290,7.53695,-0.23091,0.00977,-0.03910,31.2559448,75.7038694,0.280,20.80
279.995,1.45567,4.52983,7.63272,-0.34208,0.36530,-0.05009,31.2559448,75.7038694,0.280,20.80
280.101,1.11091,4.21380,8.58082,-0.40317,0.42150,-0.09407,31.2559448,75.7038694,0.280,20.80
280.205,0.42138,4.29041,9.41879,-0.26389,0.43249,-0.16249,31.2559448,75.7038694,0.280,20.80
280.309,0.54109,4.14197,9.74919,-0.19792,0.13195,-0.00977,31.2559448,75.7038694,0.280,20.80
280.413,0.49799,3.71101,9.97424,0.09163,0.00000,-0.00733,31.2559448,75.7038694,0.280,20.80
280.517,0.20111,3.46202,9.53850,0.18448,-0.17104,-0.03299,31.2559448,75.7038694,0.280,20.80
280.620,0.47884,3.80199,9.51935,0.10996,-0.03910,0.03543,31.2559448,75.7038694,0.280,20.80
280.721,0.38307,3.85945,9.78750,0.43860,-0.05742,0.10507,,,,
280.824,0.23463,3.68228,9.08360,0.35308,0.19181,0.31521,,,,
280.928,0.65601,3.96959,7.77158,0.12095,-0.09285,0.35919,,,,
281.036,0.69432,4.28083,7.46512,0.21991,0.08430,0.38485,,,,
281.140,0.72305,4.93684,7.64708,-0.22480,0.19059,0.23457,,,,
281.243,0.69432,4.96557,9.64863,-0.21869,-0.17226,0.04276,,,,
281.348,-0.60813,4.68306,10.43872,0.46914,-0.06720,-0.00977,,,,
281.452,-1.18752,4.11803,9.71088,0.86010,-0.54611,0.14783,,,,
281.553,-1.57538,4.21858,7.31668,0.31398,0.03299,0.70616,,,,
281.657,0.74220,4.20422,7.52258,-0.01588,0.77336,1.12033,,,,
281.759,2.24576,5.39653,6.27760,-0.28955,1.36223,1.27426,,,,
281.862,3.97437,4.25689,9.35654,-0.41050,1.93522,1.51495,,,,
281.965,3.80199,4.27604,8.95910,-0.18692,0.53512,1.07634,,,,
282.068,3.56257,4.10845,8.37013,0.06597,0.10018,0.80512,,,,
282.173,3.34709,4.34787,8.38449,-0.34575,-0.20403,0.51435,,,,
282.276,3.03585,3.85466,8.98304,-0.16616,-0.16493,0.09407,,,,
282.378,2.05422,3.96959,9.36133,-0.16371,-0.10263,-0.21136,,,,
282.481,1.17795,3.91213,9.09797,0.04276,-0.15516,0.04276,,,,
282.585,1.62806,3.18908,9.04051,-0.30177,-0.24190,0.41172,,,,
282.690,1.40779,2.46603,9.86411,-0.01588,0.13439,0.23579,,,,
282.793,0.32082,3.12204,8.99262,0.50335,0.14539,0.00489,,,,
282.896,0.84755,3.66313,8.06367,-0.04887,0.02321,0.37141,,,,
282.999,1.51314,3.64876,8.67659,-0.03665,0.30055,0.21136,,,,
283.103,1.35033,3.68228,9.05487,0.03910,-0.10385,0.16860,,,,
283.207,1.69031,3.84030,9.61511,0.03054,0.31887,0.05864,,,,
283.312,1.27850,3.99832,7.92960,0.20647,-0.11606,-0.24190,,,,
283.417,2.43730,3.94564,8.57124,-0.03543,0.28466,0.00733,,,,
283.521,2.37505,3.44286,8.82024,0.00489,0.03665,-0.07208,,,,
283.626,2.74854,3.52905,8.16902,-0.27489,-0.37874,-0.31398,,,,
283.729,2.12605,3.24654,10.05565,-0.05864,0.22358,0.09407,,,,
283.833,2.30801,3.11725,8.99262,-0.11606,-0.31887,-0.03299,,,,
283.937,2.11169,3.64398,8.22169,-0.08308,-0.02077,-0.15760,,,,
284.042,1.63285,3.95522,9.21289,0.00855,0.22358,-0.04276,,,,
284.147,1.89142,3.49075,9.04051,-0.11729,-0.06475,0.28588,,,,
284.252,2.07338,3.75890,8.95431,0.03787,0.23579,0.04765,,,,
284.357,1.90578,3.91691,8.60955,0.10263,0.12828,0.12095,,,,
284.461,2.43730,4.13239,8.18817,-0.22358,0.14172,0.08430,,,,
284.566,1.67594,3.23696,10.52491,-0.07330,0.08430,0.14172,,,,
284.669,0.95768,2.99754,9.36133,0.09285,0.19792,0.11484,,,,
284.773,0.34477,3.05979,7.73806,0.05253,-0.29444,-0.04154,,,,
284.877,0.27294,3.77805,8.81066,0.06720,0.48747,-0.04520,,,,
284.980,0.58419,4.38139,8.58082,-0.28833,-0.12217,0.25168,,,,
285.085,0.51236,4.69742,8.70532,0.02321,0.10140,0.05742,,,,
285.189,0.63207,4.43885,9.63427,0.24435,-0.07819,0.27122,,,,
285.291,1.59454,4.90811,8.45632,0.38729,-0.22846,0.03421,,,,
285.393,3.06458,2.89220,8.70053,-0.33964,-1.00793,0.01710,,,,
285.497,3.51948,3.17950,8.33661,0.52168,0.36774,-0.64874,,,,
285.601,2.30801,3.13640,10.14663,-0.01955,0.21991,-0.34575,,,,
285.704,1.58975,2.94966,8.48984,-0.15027,-0.81001,-0.42883,,,,
285.807,2.05901,3.74932,9.50498,-0.11606,0.22724,-0.06231,,,,
285.911,0.37828,3.84988,10.25197,0.41294,0.42150,-0.00367,,,,
286.014,1.23062,3.36625,7.73806,-0.54367,-0.12950,-0.24435,,,,
286.120,-0.45969,4.10366,8.31746,0.33964,0.75992,-0.66951,,,,
286.224,-0.24900,4.32393,9.25598,-0.05498,0.18937,-0.06231,,,,
286.328,1.23062,4.03184,9.34218,-0.08430,-0.52168,-0.32498,,,,
286.432,0.99599,4.29041,9.50498,0.43127,-0.15516,-0.87476,,,,
286.535,0.13886,3.45723,7.93438,0.17593,-0.95051,-1.17286,,,,
286.639,1.17795,3.12683,8.04931,-0.30177,-1.04458,-1.67744,,,,
286.741,0.69432,3.05021,10.60153,-0.22602,-0.56810,-1.80572,,,,
286.845,0.82361,4.13239,7.78116,0.26023,-1.48685,-2.00608,,,,
286.951,-0.74699,5.54018,9.86890,-0.92974,-1.15209,-1.21684,,,,
287.055,0.39744,3.61524,11.65976,0.57421,-1.92056,-1.90101,,,,
287.159,-1.13485,4.92248,8.90164,-0.02566,-0.13806,-0.48014,,,,
287.263,0.93374,4.27126,5.05655,-0.89553,-0.90164,-1.17653,,,,
287.367,1.36948,3.00233,10.63983,-1.07879,-0.28955,-0.80879,,,,
287.472,0.53630,3.58651,8.15465,0.11606,-0.54245,-0.96761,,,,
287.576,-1.95846,4.71179,9.80665,-0.70494,-0.17593,-0.84177,,,,
287.681,-2.05422,4.65912,10.81221,-0.11240,0.20892,-0.59498,,,,
287.786,-2.35111,3.72059,9.16022,0.32742,-0.28711,-0.37507,,,,
287.889,-1.09176,3.25611,9.33739,0.36285,-0.22969,0.02566,,,,
287.992,-1.47962,4.44364,7.73327,0.27611,0.12339,0.23457,,,,
288.096,-1.22104,4.29520,8.21211,0.27000,-0.32620,0.18815,,,,
288.201,-0.07183,4.56814,8.20253,-0.63652,0.06353,0.39951,,,,
