time_since_start,accel_x,accel_y,accel_z,gyro_x,gyro_y,gyro_z,lat,lon,speed_gt,heading_gt
0.034,-0.17238,4.33829,9.55287,0.28466,-0.28344,-0.11851,,,,
0.142,0.41180,2.34632,10.01734,0.29932,-0.22602,-0.11851,,,,
0.250,0.87149,3.43807,7.66145,-0.22724,-0.17104,-0.49358,,,,
0.351,-0.29688,3.09810,9.10275,-0.08674,-0.12828,-0.33842,,,,
0.453,-0.07661,3.95522,8.35576,-0.05131,-0.25901,-0.07575,,,,
0.554,1.67594,4.69742,8.41801,0.64630,0.09774,-0.77824,,,,
0.658,-1.07260,4.57771,8.20732,-0.53634,-0.24312,-0.60720,,,,
0.761,-0.14365,4.35745,11.63582,0.11851,-0.06842,-0.12950,,,,
0.863,-0.27294,2.72460,9.85932,-0.27367,-0.44593,-0.35186,,,,
0.966,-0.56982,1.81480,7.22570,0.55589,0.52534,-0.14172,,,,
1.070,-0.99120,2.37026,9.39485,-0.64507,-0.19548,-0.61331,,,,
1.173,-2.18830,3.89776,9.70609,-0.63408,0.30788,-0.31643,,,,
1.276,-0.94332,3.80678,10.71645,0.20525,-0.34331,-0.37141,,,,
1.379,-1.03430,3.19865,9.01656,0.37996,-0.34453,-0.17104,,,,
1.482,0.33519,4.30956,9.47625,0.42883,-0.43738,-0.43494,,,,
1.585,0.46448,2.52349,10.89841,-0.48869,-0.46548,-0.75869,,,,
1.687,1.22583,2.91614,8.11634,0.63652,0.07330,-0.43371,,,,
1.791,0.76136,3.58651,8.88728,-0.57910,-0.30910,-1.13621,,,,
1.893,-0.19154,3.79242,8.60476,0.45693,-0.21014,-0.72571,,,,
1.995,-0.34955,4.66869,8.46111,0.29810,-0.04032,-0.71227,,,,
2.097,-0.47405,6.01423,9.72525,0.44715,0.56933,-0.61697,,,,
2.198,-1.75256,2.27928,9.69173,-0.11362,-0.42638,-1.58214,,,,
2.300,0.10056,1.82917,9.11233,0.62186,0.21014,-0.35552,,,,
2.404,-2.45166,1.95367,7.54174,-0.22846,-0.28588,-0.12584,,,,
2.507,-0.46448,4.08451,8.87770,-0.06720,-0.90042,-0.16860,,,,
2.609,-1.19231,3.80678,8.42759,-0.10140,-0.29199,-0.60720,,,,
2.711,-1.09176,3.11246,11.48259,0.03421,-0.55222,-0.77091,,,,
2.812,-1.21147,3.85466,9.70131,0.08308,-0.56810,-0.99205,,,,
2.916,0.83797,3.11725,9.62469,0.22724,0.17471,-0.32620,,,,
3.018,1.70467,3.67271,8.12592,-0.17104,-0.43982,-1.02748,,,,
3.122,-1.58975,4.27126,7.20655,0.30299,-0.63408,-0.70250,,,,
3.225,0.13408,5.04219,11.36288,0.26145,-1.06535,-0.30788,,,,
3.326,-2.08296,4.64475,8.96868,0.29077,0.35064,-0.27611,,,,
3.430,0.49799,4.07972,10.84573,0.32987,-0.25412,-0.16371,,,,
3.533,-1.34075,2.74854,7.53216,0.11729,-0.03054,-0.20159,,,,
3.635,-1.25456,3.11725,6.93361,-0.28588,0.52412,0.39951,,,,
3.738,-0.67038,4.40054,8.45632,-0.04520,-0.08063,0.17593,,,,
3.841,0.30646,4.48195,10.37647,-0.21014,0.05253,0.01588,,,,
3.943,0.04310,5.56412,9.41400,0.45815,0.03299,-0.01100,,,,
4.048,1.43652,2.24097,12.16733,-0.24679,-0.09041,-0.38362,,,,
4.150,1.08218,3.99353,5.34865,0.64019,-0.39095,-0.05864,,,,
4.252,1.68552,4.29999,6.72771,-0.54856,-0.16249,-0.56322,,,,
4.357,0.23942,4.68306,8.77236,-0.53756,-0.71593,-0.69761,,,,
4.460,-0.52194,4.67348,10.97981,0.05253,-0.10507,-0.32498,,,,
4.568,-0.80924,4.17549,10.12268,-0.44593,-0.46792,-0.05864,,,,
4.669,-1.81959,3.11246,7.84819,0.52412,0.39462,0.61453,,,,
4.772,-0.30167,2.12605,10.82179,-0.09041,-0.43005,-0.01100,,,,
4.874,-0.20111,3.38061,7.85777,0.15027,0.45693,0.48625,,,,
4.977,0.05267,3.92649,8.34619,0.17837,0.27367,0.17349,,,,
5.079,0.57461,4.18985,11.01812,0.14294,0.05253,-0.08552,,,,
5.181,2.14999,3.25133,12.17691,-0.93829,-0.37507,-0.68050,,,,
5.285,0.96726,3.07416,6.16268,0.74892,0.40439,-0.11118,,,,
5.389,0.94332,3.46202,8.09240,-0.42516,-0.54978,-0.56444,,,,
5.491,-0.31603,4.26647,7.68539,-0.06597,-0.43127,-0.46426,,,,
5.593,-0.30646,4.59687,9.18416,-0.15027,-0.22113,-0.17349,,,,
5.696,-0.81403,4.75967,9.27035,-0.17959,-0.00367,0.14661,,,,
5.799,-0.85234,2.06859,13.13459,-0.11118,1.04336,0.56444,,,,
5.901,-0.61770,3.15077,10.75475,0.40439,-0.56444,0.36041,,,,
6.003,-0.75178,2.75333,7.41245,0.22358,0.85765,0.35919,,,,
6.106,-0.52672,2.92093,7.28795,0.28588,0.68417,0.31521,,,,
6.208,0.33998,3.98395,10.18015,-0.41417,0.28466,0.19548,,,,
6.310,-0.23463,4.27126,9.13627,-0.04276,-0.19426,0.05986,,,,
6.415,0.84276,2.77727,10.46745,0.08308,0.43371,0.26023,,,,
6.518,0.68474,3.51469,8.02536,0.19426,-0.57055,-0.41294,,,,
6.620,-0.22027,4.04141,8.02058,-0.34819,0.14050,-0.24068,,,,
6.723,-0.73741,4.76925,8.93995,0.13195,-0.07941,0.16005,,,,
6.827,-1.10133,4.86023,10.26155,0.40195,0.25779,0.09407,,,,
6.930,-0.88107,3.94086,10.69729,-0.40806,-0.09896,0.16493,,,,
7.034,-1.84832,3.42850,7.06289,0.88698,0.34941,0.50335,,,,
7.136,-0.39744,3.27048,8.03494,-0.02443,0.22480,0.06353,,,,
7.239,-0.83318,4.05578,7.94396,0.04276,0.15882,0.04887,,,,
7.343,-0.76136,4.94642,8.26478,0.04643,-0.27367,0.06109,,,,
7.445,-0.38786,4.59687,10.17536,-0.27855,0.10629,-0.10140,,,,
7.548,1.28329,2.93529,12.16254,-0.70738,-0.20281,0.13928,,,,
7.651,0.95289,4.06057,6.97670,0.18815,-0.39340,-0.32865,,,,
7.753,0.26815,3.71101,8.25521,-0.24068,-0.07819,-0.53145,,,,
7.855,-0.56503,5.05177,7.54652,0.01344,-0.64630,-0.47281,,,,
7.957,-0.39744,4.59687,10.55843,-0.06109,-0.04887,-0.35552,,,,
8.058,-1.25456,4.25689,9.64863,-0.21991,0.06720,0.02810,,,,
8.162,-1.51314,3.57694,8.21211,0.72571,0.07453,0.28344,,,,
8.265,-0.93853,2.94008,8.96389,-0.19914,0.30055,0.13683,,,,
8.368,-1.19710,3.28963,7.59920,0.17349,0.44104,0.32987,,,,
8.470,-0.66559,4.06535,7.85777,-0.03910,-0.14294,0.32620,,,,
8.572,0.41180,4.38618,10.82658,-0.11118,0.02688,0.20159,,,,
8.675,1.91536,3.81636,11.51611,-0.81612,-0.76969,-0.11362,,,,
8.777,1.72383,3.14119,6.66067,0.74526,0.56810,0.03787,,,,
8.879,1.45089,3.05021,8.57124,-0.54734,-0.24679,-0.58399,,,,
8.982,0.61292,3.78763,7.29274,0.00244,-0.19548,-0.36041,,,,
9.086,0.72305,3.62961,9.66779,-0.43982,-0.24923,-0.17349,,,,
9.190,-0.47405,3.08373,8.51857,-0.17837,-0.02810,0.00855,,,,
9.292,-0.47405,1.69509,12.16254,-0.20892,0.07941,0.04765,,,,
9.395,-0.80924,2.46124,10.60631,-0.31887,0.36774,0.30543,,,,
9.497,-0.58419,1.91057,8.15465,0.99693,0.72082,-0.03054,,,,
9.601,-0.74699,3.35667,7.09163,0.27611,-1.49418,0.77091,,,,
9.703,1.68073,2.89220,9.33260,-0.36652,0.02443,0.21258,,,,
9.805,2.22661,3.01669,10.50576,-0.94562,-1.30481,-0.39706,,,,
9.908,4.04141,2.22661,7.32626,0.60476,0.42883,-0.22602,,,,
10.009,4.00311,2.07338,9.04051,-0.35308,-0.35308,-0.70738,,,,
10.112,2.75333,2.61447,7.82425,0.06353,0.13683,-1.13743,,,,
10.214,2.13084,4.73573,8.73884,0.27122,-0.92729,-0.85399,,,,
10.316,1.29287,6.68461,10.40041,0.05498,-1.29626,-0.60964,,,,
10.418,1.98719,3.06937,14.80574,-0.19792,-0.55711,-0.41905,,,,
10.519,-0.69911,2.15478,7.04853,0.16493,1.39155,0.37996,,,,
10.620,1.81002,2.60010,8.14507,0.85643,-0.09163,1.10933,,,,
10.722,2.33674,3.23696,6.48829,0.20036,0.83566,0.75136,,,,
10.824,3.44286,4.75010,8.32703,-0.22724,-0.14416,0.27611,,,,
10.926,4.36224,4.64475,9.94073,-0.37629,0.17715,-0.15516,,,,
11.028,5.12838,2.41814,13.79060,0.08674,0.07330,-0.64996,,,,
11.131,3.39498,3.33273,3.73017,0.47159,0.03665,-0.78802,,,,
11.231,1.99198,2.81558,7.85777,-0.71349,-0.56566,-1.16797,,,,
11.334,1.30723,4.20901,7.81946,-0.40317,-0.70250,-0.53756,,,,
11.436,1.48919,5.20978,9.71088,-0.32987,-0.48014,-0.23579,,,,
11.539,1.58975,4.72615,11.36767,-0.39340,-0.22113,0.36285,,,,
11.641,0.56503,3.38540,8.37492,0.79290,0.94928,0.77336,,,,
11.743,0.81403,2.29843,8.70532,0.90652,0.12828,0.53634,,,,
11.845,1.93451,3.80678,6.66067,0.53390,0.43127,0.42883,,,,
11.948,2.71024,4.79319,7.59441,0.17715,0.20525,0.34208,,,,
12.051,4.55377,4.74052,11.35330,0.19548,-0.09774,0.17104,,,,
12.152,5.42526,3.18429,12.42591,-0.14294,0.30055,-0.25534,,,,
12.255,3.32315,4.12760,3.20823,-0.22113,0.12217,-0.32376,,,,
12.357,3.04064,3.78763,7.55610,-0.64141,-0.43494,-0.77336,,,,
12.460,1.90100,4.68785,7.35978,-0.62553,-0.54000,-0.68906,,,,
12.563,1.45567,4.99909,11.48259,-0.42150,-0.16127,-0.46426,,,,
12.665,0.91937,4.66391,11.77947,-0.27978,-0.13317,0.19914,,,,
12.768,0.45490,3.74932,7.14909,0.57910,0.28222,0.78679,,,,
12.870,1.44131,2.89698,9.30866,0.74037,0.29199,0.66584,,,,
12.972,1.78607,3.87382,6.82347,0.66584,0.51191,0.28344,,,,
13.075,1.92973,4.66869,7.77637,-0.00122,0.01344,0.08796,,,,
13.177,3.10767,5.05177,10.04607,-0.20525,-0.01100,-0.06597,,,,
13.279,3.91213,3.63440,12.57435,-0.69639,-0.47525,-0.12462,,,,
13.382,2.76291,4.00789,4.64954,0.37141,0.20159,-0.08308,,,,
13.484,2.10211,3.45244,7.20655,-0.58643,-0.22724,-0.49114,,,,
13.586,1.64721,4.80756,7.43639,-0.41050,-0.64019,-0.31765,,,,
13.689,1.84832,5.07092,10.53928,-0.15394,0.22358,-0.15149,,,,
13.792,1.68073,5.38217,9.57202,-0.36408,0.25779,0.27000,,,,
13.895,0.43096,2.98796,8.33182,0.80756,0.75136,0.74403,,,,
13.997,1.24020,3.12683,9.70131,0.69028,-0.69394,0.44593,,,,
14.099,1.02951,2.94966,7.30232,0.48625,0.56200,0.35430,,,,
14.201,2.16436,4.39097,6.99107,0.10507,0.32132,0.23824,,,,
14.304,2.71502,5.18105,9.56723,-0.23824,0.31765,-0.16371,,,,
14.407,4.05099,4.88417,11.10431,-0.75381,-0.23091,-0.39951,,,,
14.511,1.89621,3.18429,6.34942,0.44227,1.00793,-0.24068,,,,
14.614,2.21224,3.60567,7.46033,-0.41050,-0.72204,-0.42150,,,,
14.716,1.85790,4.93206,7.13472,-0.15638,-0.92241,-0.26145,,,,
14.819,1.87227,5.47315,9.50977,-0.60231,-0.36408,-0.45693,,,,
14.922,0.09577,5.10444,10.24718,-0.20159,0.00489,-0.08796,,,,
15.023,0.58419,3.23217,10.89841,0.91263,0.37507,0.63163,,,,
15.126,1.05824,3.28963,9.42358,0.81367,-0.69761,0.37507,,,,
15.229,1.42216,3.77805,5.71257,0.66462,0.65485,0.38851,,,,
15.332,2.78206,5.31513,7.15387,0.11240,0.26023,0.16982,,,,
15.434,3.55778,5.93283,9.58160,0.10385,0.22969,-0.01100,,,,
15.537,4.12760,5.27682,9.36612,-1.01037,-0.47770,-0.18692,,,,
15.640,2.70066,3.79720,5.55455,0.50580,0.61453,-0.04765,,,,
15.742,3.00712,4.41491,7.45554,-0.23213,-0.50091,-0.49847,,,,
15.845,1.61369,5.61680,6.12437,-0.31765,-0.53390,-0.31765,,,,
15.950,1.67115,6.31590,9.39964,-0.19670,-0.10996,-0.26878,,,,
16.055,1.04866,6.38294,9.39964,-0.20036,0.08919,0.12706,,,,
16.157,0.86191,4.26168,7.49864,0.55344,0.69883,0.55955,,,,
16.259,1.33596,3.63440,8.42759,0.33598,-0.07941,0.34697,,,,
16.362,1.04387,4.21380,6.00466,0.33964,0.35552,0.37874,,,,
16.466,2.26491,5.30555,8.11634,-0.14172,0.08552,0.22480,,,,
16.567,3.28963,5.53061,9.42837,-0.13928,0.14905,-0.02077,,,,
16.669,3.47159,3.67271,11.29106,-0.66584,0.00122,-0.31032,,,,
16.773,3.99353,3.66792,6.10521,0.04154,-0.80268,-0.26512,,,,
16.875,2.98318,3.99353,6.79953,-0.67073,-0.16249,-0.58277,,,,
16.977,2.34153,5.08528,7.79073,-0.60842,-0.82100,-0.57544,,,,
17.082,1.82438,5.43005,10.21366,-0.19181,-0.22724,-0.32987,,,,
17.185,1.66636,5.82749,9.19373,-0.12706,0.12095,0.15394,,,,
17.290,1.25935,3.97437,8.47547,0.70860,0.27245,0.50091,,,,
17.392,1.85311,3.21781,7.85298,0.56322,0.51557,0.31276,,,,
17.495,1.59933,3.82593,5.86101,0.51313,0.29199,0.37263,,,,
17.598,1.98719,5.20021,7.02938,-0.05253,0.04887,0.15149,,,,
17.700,3.09331,5.45878,9.87369,-0.43005,0.15394,-0.06353,,,,
17.803,3.93607,3.60567,12.19606,-0.20769,0.58032,-0.20525,,,,
17.905,4.14676,4.30956,5.50188,0.09896,-0.55955,-0.12706,,,,
18.007,3.01669,3.87382,6.05733,-0.33231,-0.09163,-0.51679,,,,
18.110,2.39899,5.14275,8.47547,-0.61820,-0.62797,-0.67562,,,,
18.211,0.84755,5.33907,9.42358,-0.35919,-0.12217,-0.29810,,,,
18.314,1.32160,4.75010,13.12022,-0.31521,-0.47770,0.42150,,,,
18.416,0.51236,4.23295,9.35654,0.58154,-0.06475,0.95906,,,,
18.519,1.19710,2.56180,8.15944,1.08612,0.59254,0.79657,,,,
18.621,2.14042,3.73974,6.13394,0.56444,0.30543,0.69150,,,,
18.724,3.12683,4.48673,7.99185,0.06475,0.47770,0.21380,,,,
18.827,4.13239,4.76446,8.87770,-0.13561,0.12828,0.19181,,,,
18.930,4.66869,2.84431,11.10431,-0.57910,0.62675,-0.15149,,,,
19.032,3.91691,4.05099,5.31992,-0.13683,-0.77213,-0.27122,,,,
19.135,2.82037,3.46680,9.02614,-0.80146,-0.00489,-0.71716,,,,
19.238,2.14042,4.38618,7.80031,-0.22358,-0.52168,-0.40073,,,,
19.340,1.67594,5.02782,9.76834,0.01222,0.11240,-0.11484,,,,
19.443,1.85311,4.99909,11.98059,-0.59987,-0.45448,0.11973,,,,
19.544,1.21147,2.80122,9.24162,1.16309,0.66951,0.93585,,,,
19.646,2.00155,2.25534,8.87770,1.21196,0.30788,0.56810,,,,
19.749,2.16915,2.93529,5.31034,0.80512,0.76236,0.62919,,,,
19.851,3.49075,4.67827,7.67102,-0.17226,-0.23091,0.28100,,,,
19.952,4.45800,5.43963,8.15465,-0.53023,0.01588,-0.03543,,,,
20.054,5.30555,3.23696,13.60864,-0.76358,0.21380,-0.55955,,,,
20.158,3.71101,4.10845,3.90734,0.26389,-0.47281,-0.46059,,,,
20.261,3.50511,3.16992,8.08282,-0.89553,-0.33231,-0.81856,,,,
20.365,2.63362,4.34308,6.88572,-0.28100,-0.63530,-0.49114,,,,
20.468,2.57616,5.19542,9.79707,-0.54000,-0.20403,-0.43860,,,,
20.571,2.12126,3.83072,15.82088,-0.40928,-0.42883,-0.09896,,,,
20.675,1.18752,3.42371,9.67736,0.85155,0.03665,0.48258,,,,
20.778,1.82917,1.99198,7.55131,1.20829,0.90530,0.40561,,,,
20.879,1.76692,3.31836,5.41568,0.65485,0.48991,0.30421,,,,
20.982,2.22661,4.58729,7.22091,0.20281,0.04276,0.24923,,,,
21.087,3.84509,5.50666,9.19852,-0.16127,-0.19792,0.13317,,,,
21.189,4.30956,3.51469,13.26867,-0.62308,-0.06231,-0.13439,,,,
21.293,4.00789,3.84509,5.40132,-0.27122,-0.71593,-0.05986,,,,
21.395,3.11246,4.06535,6.74207,-0.90652,-0.14172,-0.40806,,,,
21.499,2.49476,4.78840,8.01100,-0.95051,-0.38362,-0.51191,,,,
21.602,1.88663,5.62637,11.16656,-0.65363,0.08063,-0.31154,,,,
21.705,2.94487,2.71502,16.08425,0.04643,-0.08919,-0.02810,,,,
21.807,1.97761,2.30801,8.37971,0.87476,-0.09041,0.05376,,,,
21.910,1.49877,2.11169,6.07170,0.70494,0.55467,0.43982,,,,
22.013,2.44209,3.56257,6.73250,0.45448,-0.23946,0.48991,,,,
22.114,3.98874,3.62482,9.14106,0.01588,-0.37629,-0.08308,,,,
22.216,6.14352,3.07416,11.60709,-1.94988,-0.73915,-0.23091,,,,
22.320,4.89375,2.71981,6.45477,0.28222,1.17530,-0.19792,,,,
22.421,3.45244,2.27449,6.08127,-0.21869,-0.95539,-1.00304,,,,
22.524,2.14999,3.46680,7.03895,-0.62308,-0.78313,-0.75869,,,,
22.626,2.07817,4.75967,10.38126,-0.70127,-0.43005,-0.46426,,,,
22.729,1.82917,5.48751,10.46266,0.40928,0.41172,-0.00367,,,,
22.831,1.56102,2.48518,11.91355,0.89919,0.64141,0.24435,,,,
22.934,2.14520,1.62806,8.74841,1.42576,0.79901,0.35675,,,,
23.037,1.89142,2.66714,4.97036,0.76603,0.92729,0.62919,,,,
23.139,2.77727,4.79319,5.51145,0.35919,0.03543,0.50457,,,,
23.241,3.60567,4.95121,8.96868,-0.44349,-0.42150,0.12339,,,,
23.344,5.92804,4.95121,9.01178,-1.33657,-1.15820,0.16860,,,,
23.448,5.51145,4.23295,4.77404,0.61209,0.45693,-0.54489,,,,
23.551,3.19387,2.63841,7.16345,-0.83444,-0.63652,-1.26693,,,,
23.654,2.34632,4.18985,7.01022,-0.48503,-0.95906,-0.63163,,,,
23.755,3.17471,5.82270,8.97347,-0.73304,-0.14172,-0.37141,,,,
23.857,2.03028,6.36858,9.80186,-0.75869,-0.20281,-0.30910,,,,
23.958,1.79086,3.04064,10.99896,1.02503,0.85399,0.22846,,,,
24.060,2.32716,2.73897,9.41400,1.29259,0.09041,0.29932,,,,
24.163,1.82438,2.90177,5.63116,0.86621,1.23517,0.40806,,,,
24.266,2.23140,4.01268,5.03740,0.31398,0.48503,0.56566,,,,
24.368,3.84509,5.68862,7.92960,-0.28955,-0.18326,0.36896,,,,
24.471,6.17225,6.51223,8.92558,-1.31458,-0.45204,0.04032,,,,
24.574,4.33829,4.04141,5.50666,0.53756,0.77824,-0.35064,,,,
24.677,3.60567,3.75411,6.10521,-0.34819,-0.91508,-0.95906,,,,
24.781,1.76213,4.26168,7.13951,-0.65851,-0.60964,-0.68050,,,,
24.883,2.03507,5.81312,9.71088,-0.67440,-0.25045,-0.35064,,,,
24.986,0.53151,6.35900,9.27514,-0.42272,0.04520,-0.02688,,,,
25.090,0.75657,3.50511,10.06522,0.90286,0.59743,0.56933,,,,
25.193,1.43652,2.32238,8.98783,1.36223,0.53878,0.65240,,,,
25.295,1.41737,3.15556,6.12916,0.80146,0.73182,0.76969,,,,
25.397,2.21224,4.49152,7.10120,0.19670,0.34941,0.52046,,,,
25.502,4.30477,5.87058,9.16979,-0.14050,-0.22480,0.35430,,,,
25.606,5.52582,5.08528,11.34852,-1.06046,-0.32009,-0.15516,,,,
25.708,3.68707,3.99832,4.89375,0.32009,0.18082,0.00611,,,,
25.811,2.86825,3.81157,6.49786,-0.67073,-0.22113,-0.46670,,,,
25.914,2.31280,4.80756,7.37414,-0.66829,-0.69761,-0.19548,,,,
26.017,2.02549,5.97593,9.73482,-0.41539,-0.03054,-0.10263,,,,
26.119,1.87227,6.77080,9.13148,-0.33353,0.32376,0.17959,,,,
26.220,0.92416,3.24654,10.36211,0.90897,1.11177,0.52901,,,,
26.325,1.63285,3.22260,9.37091,1.08734,-0.08552,0.51435,,,,
26.426,1.57538,2.71981,7.56089,0.66340,0.95906,0.52168,,,,
26.529,2.23140,3.59130,5.52103,0.47281,0.54123,0.50457,,,,
26.632,4.37181,5.39653,9.51456,-0.13683,-0.30788,0.53878,,,,
26.734,6.41646,5.10444,11.36288,-1.34879,-0.70983,-0.18570,,,,
26.837,3.89297,4.29041,4.26647,0.69516,0.57421,-0.13928,,,,
26.939,3.70622,4.23295,6.04296,-0.65729,-0.89553,-0.86743,,,,
27.041,2.22661,4.47716,8.23605,-0.54489,-0.34086,-0.62553,,,,
27.144,1.81959,5.49709,8.11634,-0.18326,-0.05864,-0.38240,,,,
27.246,1.11091,6.15310,9.20810,-0.48258,-0.03421,-0.11606,,,,
27.349,0.84276,3.55300,13.25909,0.42761,0.52046,0.27978,,,,
27.451,1.77650,3.42850,9.46189,0.96272,-0.03421,0.36774,,,,
27.554,1.75256,2.92093,6.95755,0.69394,1.05435,0.42883,,,,
27.657,1.98719,3.88818,6.20098,0.23946,0.45204,0.45937,,,,
27.759,3.62482,5.34865,8.10198,-0.05742,-0.18692,0.28711,,,,
27.860,4.37181,6.77559,7.00543,-0.71471,-0.29077,0.11362,,,,
27.963,4.60644,3.96480,9.16022,0.78069,0.59498,-0.40806,,,,
28.066,3.82593,4.01268,5.17626,0.35552,-0.97616,-0.57544,,,,
28.170,2.32238,4.42927,5.93283,-0.70738,-0.35552,-0.47770,,,,
28.274,2.88741,6.22971,8.83939,-0.63652,-0.51679,-0.29199,,,,
28.377,1.74777,6.67503,9.69173,-0.01344,0.13806,-0.35430,,,,
28.479,1.60890,5.13317,12.85686,-0.17104,-0.09896,-0.15516,,,,
28.580,1.03430,4.07972,9.76355,0.55222,-0.03665,0.33720,,,,
28.683,2.20745,3.39019,7.33583,0.77213,0.86621,0.47525,,,,
28.787,2.45166,4.24731,5.66468,0.51801,0.33353,0.41783,,,,
28.888,2.45645,4.81235,6.51702,-0.10996,-0.10140,0.17959,,,,
28.990,3.63919,5.89931,8.49942,-0.17226,-0.12950,0.29932,,,,
29.094,5.56891,4.00311,13.31655,-0.27122,0.14905,-0.23213,,,,
29.196,4.08451,4.89854,3.42850,0.25901,-0.61697,-0.34086,,,,
29.299,3.73974,4.03662,6.96234,-1.17530,-0.35919,-0.96150,,,,
29.401,2.63841,4.92248,7.44597,-0.47892,-0.92241,-0.54856,,,,
29.502,2.12126,5.88495,8.48984,-0.48258,-0.23702,-0.37263,,,,
29.603,2.21224,6.51702,10.31422,-0.85032,0.03299,-0.25901,,,,
29.705,1.93451,3.59609,10.39084,1.15454,0.92729,0.09774,,,,
29.808,2.72939,2.93529,8.55209,0.98716,-0.55589,0.28222,,,,
29.910,2.25055,2.93050,5.43005,0.49114,1.03969,0.46059,,,,
30.014,3.45244,4.97036,5.41568,-0.13317,-0.09041,0.14294,,,,
30.117,3.42371,5.15711,9.10275,-0.57421,-0.51557,-0.09652,,,,
30.220,5.78918,5.13317,10.76912,-1.27671,-0.70250,-0.21380,,,,
30.324,4.84108,3.19387,6.05254,0.36408,1.08123,-0.41905,,,,
30.427,5.01825,3.17471,6.40688,-0.49602,-0.94440,-0.90164,,,,
30.530,2.93050,3.85945,7.25443,-0.61087,-0.62675,-0.80512,,,,
30.632,3.09810,5.44920,8.45153,-0.50213,-0.35675,-0.48625,,,,
30.734,2.77727,5.89931,9.19373,-0.37751,0.02199,-0.47281,,,,
30.837,1.92015,3.54821,11.33415,0.27122,0.63530,-0.34575,,,,
30.941,1.77650,3.76368,7.03895,0.40073,-0.34331,-0.01955,,,,
31.044,1.84354,3.19387,7.92002,0.28344,0.48381,0.14294,,,,
31.147,2.60010,4.80756,6.07170,0.38362,-0.06231,0.28711,,,,
31.250,2.75812,5.32949,8.08282,-0.09285,-0.33475,-0.08919,,,,
31.352,3.86424,5.46357,9.65342,-0.05009,-0.05009,0.03176,,,,
31.456,5.88495,3.12683,10.47703,-1.01648,-0.36285,-0.57421,,,,
31.558,2.90656,2.91135,4.34787,-0.51679,-0.00733,-0.79901,,,,
31.660,4.31435,3.10289,8.17380,-1.43065,-0.66829,-0.92363,,,,
31.765,3.98395,4.32393,7.82425,-0.95051,-0.73182,-1.01648,,,,
31.867,2.56180,4.47716,10.49139,-0.78313,-0.09774,-1.38300,,,,
31.969,2.07338,5.89931,10.78827,-0.23824,-0.27611,-0.72937,,,,
32.070,1.77650,2.13084,12.02847,1.58458,0.71593,-0.25412,,,,
32.173,1.49877,3.47638,7.26880,0.78191,-0.62553,0.15760,,,,
32.275,1.47483,3.34231,7.69018,0.62797,0.54856,0.01955,,,,
32.378,1.58017,4.88417,6.32069,0.26512,0.47525,0.02566,,,,
32.480,1.98240,5.87058,9.17458,0.28833,-0.34208,0.16005,,,,
32.583,4.80277,6.80432,8.03973,-0.84788,-0.57544,-0.01222,,,,
32.684,4.26168,4.10845,5.40132,0.63041,0.97005,-0.31887,,,,
32.785,3.37104,5.12359,5.31513,-0.35308,-1.37078,-0.75869,,,,
32.887,1.29287,5.85622,7.52258,-0.37507,0.15272,-0.55222,,,,
32.991,2.06859,6.90009,7.41245,0.06475,-0.26512,-0.06842,,,,
33.093,0.99599,6.85699,6.58884,0.37751,0.61820,-0.15394,,,,
33.196,1.22583,4.74531,10.71166,0.08919,0.42638,-0.03787,,,,
33.298,0.78051,4.70221,8.39407,0.05498,-0.08552,-0.05986,,,,
33.402,0.54588,4.77883,6.03339,0.04398,0.31521,0.15882,,,,
33.505,0.81882,5.75566,7.95354,-0.02321,-0.18937,0.06964,,,,
33.609,1.32639,6.39252,9.00699,-0.04887,-0.02321,0.10507,,,,
33.711,3.11725,5.79397,9.28471,-0.83322,-0.52779,-0.00977,,,,
33.814,3.33752,4.59687,5.84185,0.51313,0.47525,-0.11118,,,,
33.916,2.40857,5.06613,6.99107,-0.27245,-0.42028,-0.70860,,,,
34.019,0.97205,5.73651,6.54575,-0.37874,0.19914,-0.57788,,,,
34.122,0.61770,6.24887,8.37492,-0.25779,-0.11973,-0.17349,,,,
34.227,0.51236,6.53617,9.02614,0.50824,0.28711,0.00611,,,,
34.329,-0.44053,5.35344,10.85531,-0.01344,0.16982,-0.06842,,,,
34.431,-0.53630,4.30956,7.50822,0.17104,-0.19670,0.25412,,,,
34.535,0.08619,4.75967,6.22492,-0.16738,0.44715,0.37018,,,,
34.637,0.29688,5.40611,7.30232,-0.12584,0.14050,0.22358,,,,
34.738,1.12527,6.86657,8.88728,0.12828,-0.42150,0.18204,,,,
34.840,1.53229,6.20577,9.25598,0.17837,0.00733,-0.02199,,,,
34.944,2.66714,3.96001,11.91834,-0.26145,-0.23824,-0.24312,,,,
35.047,1.76213,5.34386,4.86502,0.23335,-0.46914,-0.44227,,,,
35.150,0.75178,5.18105,7.42681,-0.41172,-0.21014,-0.55711,,,,
35.256,-0.21069,5.74130,7.69018,-0.21380,-0.16860,-0.15516,,,,
35.358,1.31202,6.80911,8.55688,0.15882,-0.11240,0.11362,,,,
35.460,0.63207,6.90009,7.82904,-0.40928,0.09285,0.05864,,,,
35.562,-1.01993,4.26168,8.17859,0.21502,0.69883,0.14050,,,,
35.665,-0.64165,4.41970,8.69095,-0.27978,-0.32376,0.31887,,,,
35.768,0.01437,4.40533,7.35499,0.28344,0.53390,0.68417,,,,
35.871,0.30646,5.40611,7.10120,0.20281,-0.24557,0.41905,,,,
35.974,1.07739,5.56412,11.02290,-0.23335,-0.29322,0.08430,,,,
36.077,2.50433,5.69341,7.77637,-0.56444,-0.29322,-0.08796,,,,
36.179,2.29365,3.95522,7.48427,0.10751,0.48869,-0.05498,,,,
36.281,1.88184,4.40054,8.84418,-0.36652,-0.39706,-0.40561,,,,
36.385,1.57060,5.42047,6.72292,0.20403,-0.22113,-0.27733,,,,
36.489,1.07260,6.12916,8.19296,0.04032,-0.12217,-0.12339,,,,
36.593,0.28252,6.48829,8.77714,0.01833,0.35675,-0.08674,,,,
36.696,-0.44532,4.10366,10.56322,0.01466,0.41661,0.16493,,,,
36.798,-0.93374,5.32949,6.08127,0.31643,-0.28344,0.51068,,,,
36.900,0.04310,3.95522,9.15543,-0.05986,0.52779,0.34208,,,,
37.003,0.14844,5.51624,6.34942,0.06353,0.22235,0.26756,,,,
37.107,1.06781,6.23929,8.26957,0.20159,0.15027,0.32865,,,,
37.209,1.79086,6.45477,8.63349,0.03054,0.03910,0.06964,,,,
37.312,2.07338,3.59609,10.37647,-0.55467,0.19181,-0.21991,,,,
37.414,1.81480,4.65433,6.36858,0.21258,-0.75259,-0.40195,,,,
37.517,0.98162,4.76446,7.95833,-0.20647,-0.03665,-0.48381,,,,
37.620,-0.06704,5.62159,6.64630,-0.03176,-0.05864,-0.03910,,,,
37.722,0.85234,6.60321,8.64307,0.22358,0.00367,0.06109,,,,
37.823,0.43096,6.49307,8.37492,-0.03787,0.45937,0.23824,,,,
37.924,-0.42138,4.11324,9.21768,0.32987,0.50946,0.46304,,,,
38.027,0.59376,5.24330,6.52181,-0.01955,-0.37507,0.31032,,,,
38.129,-0.29209,4.43406,7.62793,-0.04154,0.41172,0.14416,,,,
38.231,0.12929,5.21457,7.65666,-0.06842,0.03665,0.05986,,,,
38.332,0.93374,5.92325,9.64863,-0.05742,-0.31032,0.07208,,,,
38.434,1.85790,6.52181,6.80911,-0.58521,-0.17715,-0.04887,,,,
38.537,2.14520,3.58173,8.40844,0.30421,0.30177,0.04398,,,,
38.639,2.76291,4.50110,8.09240,-0.19181,-0.64141,-0.39706,,,,
38.742,1.69031,4.82192,7.53216,0.04520,-0.05253,-0.30055,,,,
38.845,1.31202,5.66947,7.43160,-0.15027,-0.17959,-0.19059,,,,
38.950,1.58975,6.09564,9.94073,0.22969,0.03299,-0.05620,,,,
39.052,1.06781,5.39653,9.81144,-0.36774,-0.08308,-0.01344,,,,
39.154,-0.67038,4.58729,6.77559,0.13073,0.17715,0.25168,,,,
39.257,0.11971,3.55778,8.90164,-0.25656,0.32865,0.13073,,,,
39.360,0.51236,4.62560,6.62236,0.21625,0.20159,0.25901,,,,
39.462,0.64643,5.32470,8.63828,0.12217,-0.00244,0.25412,,,,
39.566,1.28808,5.78439,9.85453,0.15027,-0.12095,-0.02932,,,,
39.669,2.16436,4.12282,11.38682,-0.54734,-0.16860,-0.25779,,,,
39.771,1.88184,4.88417,5.95677,0.21136,-0.11973,-0.06353,,,,
39.874,1.44131,4.33351,7.95354,-0.03421,0.21747,-0.23946,,,,
39.976,0.95768,5.33907,6.63673,-0.08186,-0.11729,-0.24435,,,,
40.079,1.22104,5.97593,9.72046,0.24679,-0.11362,-0.01588,,,,
40.182,0.45011,6.32069,8.12592,0.02321,0.37263,0.08674,,,,
40.284,-0.61292,4.41491,8.87291,0.22113,0.73182,0.14294,,,,
40.387,-0.85712,3.99832,8.38449,0.11118,-0.49236,0.24068,,,,
40.489,-0.45011,4.70700,6.92882,-0.01344,0.37141,0.35675,,,,
40.592,-0.32082,5.12838,8.25042,0.07575,0.11484,0.29688,,,,
40.695,0.81882,6.04775,9.39485,0.17471,-0.05742,0.18204,,,,
40.798,2.00155,6.16268,8.17380,-0.21747,-0.39340,0.03054,,,,
40.901,2.58574,4.20901,7.35978,0.65607,0.34697,0.10873,,,,
41.004,2.10690,4.37181,7.83383,-0.27611,-0.37629,-0.49236,,,,
41.106,1.30245,5.09007,6.90967,-0.19548,-0.07575,-0.36408,,,,
41.208,0.95768,5.58807,7.40287,-0.26023,-0.21625,-0.23824,,,,
41.311,1.31681,6.18183,9.61990,0.07086,-0.21014,-0.10873,,,,
41.414,0.27773,5.68384,8.79151,-0.44471,0.02566,-0.14539,,,,
41.515,-0.91459,4.85544,6.39252,-0.08552,0.42394,0.25779,,,,
41.618,0.22984,4.04620,10.25197,-0.25656,-0.10018,0.17959,,,,
41.721,0.22505,4.77883,6.70376,0.26145,0.09529,0.32009,,,,
41.824,0.08619,5.17626,8.30309,-0.05864,0.00611,0.23335,,,,
41.928,1.20189,5.48272,11.21923,-0.01588,-0.18204,0.06720,,,,
42.030,2.35589,6.16268,7.45554,-0.35064,-0.27978,-0.00122,,,,
42.133,2.58095,3.49553,7.25443,0.68783,0.55711,-0.07819,,,,
42.236,1.66158,4.03662,7.66623,-0.29932,-0.49724,-0.57910,,,,
42.338,0.84755,5.13317,7.18739,-0.09896,-0.14172,-0.35308,,,,
42.440,0.86191,5.98072,9.04051,-0.05986,-0.17226,-0.04643,,,,
42.542,0.50278,6.17704,9.52892,0.25168,0.17471,-0.02443,,,,
42.646,0.34477,4.70221,9.80186,-0.31521,-0.00855,0.13317,,,,
42.748,-0.40701,4.80277,7.47470,0.08430,-0.05131,0.44227,,,,
42.849,-0.25379,3.64398,9.55765,-0.14661,0.47892,0.16005,,,,
42.951,-0.14844,4.39575,6.82826,-0.01100,-0.04520,0.34697,,,,
43.051,0.53630,4.97036,9.64863,-0.01833,-0.24190,0.42516,,,,
43.154,1.86748,5.37259,9.86411,0.29932,0.03665,0.20647,,,,
43.255,3.28963,3.29442,12.09551,-0.29444,-0.75747,-0.10018,,,,
43.357,3.07416,4.15155,5.63595,0.31154,0.21380,-0.05620,,,,
43.459,2.34632,4.04141,8.38449,-0.41661,-0.03421,-0.62553,,,,
43.561,1.38864,4.76446,7.14909,-0.17837,-0.09529,-0.39095,,,,
43.663,1.73819,5.66468,8.90164,-0.03176,-0.24557,-0.11606,,,,
43.765,1.41737,5.99508,8.20732,-0.11118,0.36896,-0.17593,,,,
43.866,-0.65601,3.49553,10.12268,0.11362,0.69883,0.06475,,,,
43.968,-0.61292,3.72538,9.16979,-0.07941,-0.45815,0.31521,,,,
44.070,0.39744,3.70622,7.56568,0.27122,0.71593,0.48014,,,,
44.172,0.76614,4.58729,7.80510,0.12217,-0.02566,0.27000,,,,
44.275,1.41258,5.00867,9.46189,0.32376,-0.08430,0.14539,,,,
44.376,1.65679,5.43484,8.94474,-0.33720,-0.20525,-0.18448,,,,
44.481,1.68073,3.17471,9.08839,0.63286,0.56688,-0.03665,,,,
44.583,2.51870,4.21380,6.96713,-0.03299,-0.68173,-0.42516,,,,
44.685,1.28808,4.50110,6.64630,-0.15027,-0.00855,-0.53512,,,,
44.786,0.62728,5.47793,8.74362,-0.32865,-0.09774,-0.18570,,,,
44.889,1.00078,6.15789,9.47146,0.13928,0.02321,-0.25901,,,,
44.992,0.18196,5.25767,9.43794,-0.55467,-0.00733,-0.20647,,,,
45.094,-0.89064,3.65834,8.04931,0.49602,0.47525,0.42150,,,,
45.196,-0.11013,3.72538,8.14029,-0.06964,-0.06720,0.17471,,,,
45.297,0.04788,4.16591,7.52737,0.09652,0.02443,0.37996,,,,
45.400,0.62728,5.36780,8.27915,0.05864,-0.04154,0.25656,,,,
45.501,0.51715,5.67426,10.00297,-0.06964,-0.05253,-0.05131,,,,
45.602,2.33195,3.33273,11.69328,-0.64630,-0.38118,-0.10873,,,,
45.704,2.26970,3.86903,6.38294,0.45082,-0.05376,-0.10751,,,,
45.807,1.63763,3.79720,7.36935,-0.14416,-0.39218,-0.63897,,,,
45.910,0.95768,4.82192,7.65187,-0.03787,-0.30910,-0.45204,,,,
46.012,1.01035,5.76045,9.62469,0.05742,-0.19059,-0.15027,,,,
46.114,0.12929,5.72693,8.41801,-0.00733,0.29810,0.00611,,,,
46.215,-0.04310,3.99832,10.33337,0.20403,0.36163,0.25779,,,,
46.318,-0.19632,3.05500,9.43316,0.35064,-0.19303,0.33842,,,,
46.419,-0.11971,4.20422,6.55054,0.18937,0.38240,0.38362,,,,
46.521,0.36392,5.01346,8.68616,-0.11973,0.02199,0.24557,,,,
46.623,1.59454,5.63116,10.12747,-0.04154,-0.12950,0.15638,,,,
46.725,2.38941,5.51624,8.45632,-0.50702,-0.01710,-0.03299,,,,
46.825,2.64320,3.17950,7.23528,0.64752,0.54123,0.10751,,,,
46.927,2.71981,4.00789,7.45554,-0.12339,-0.85521,-0.48258,,,,
47.030,1.31681,4.53941,7.60398,-0.18815,-0.33964,-0.52168,,,,
47.132,0.88585,5.46836,8.33661,-0.21502,-0.35308,-0.16982,,,,
47.235,1.29287,5.52582,9.95030,0.00733,0.08552,-0.01466,,,,
47.337,0.87149,5.48751,9.43794,-0.50702,0.14539,0.22602,,,,
47.443,-0.43096,4.73094,8.11156,0.29810,0.00244,0.77336,,,,
47.547,1.03430,3.07416,9.56723,0.43371,0.57177,0.61087,,,,
47.648,1.16837,4.03662,6.21535,0.54856,0.31398,0.59498,,,,
47.751,2.54264,5.27682,7.39329,0.10629,-0.05742,0.23946,,,,
47.854,2.94487,5.63595,9.03572,-0.01833,-0.03787,-0.14783,,,,
47.956,4.56335,4.17549,12.06199,-0.69028,-0.19914,-0.72937,,,,
48.060,2.12605,4.11803,4.56335,-0.11606,-0.56322,-0.61087,,,,
48.164,2.24576,4.17549,9.39006,-0.37507,-0.18815,-0.64019,,,,
48.266,1.64721,5.43963,7.48427,-0.16738,-0.36530,-0.57666,,,,
48.368,1.57538,5.96635,9.01656,-0.00489,-0.37018,-0.41539,,,,
48.470,0.58419,6.48829,7.96311,-0.50091,0.07208,-0.23335,,,,
48.573,-0.71347,3.69186,9.54808,0.41294,0.48747,0.26634,,,,
48.675,-0.08140,3.33752,10.11311,0.40195,-0.22602,0.37141,,,,
48.779,0.53151,3.71101,6.36379,0.54489,0.69150,0.55955,,,,
48.881,1.10612,4.92248,7.40287,0.19670,0.06597,0.48014,,,,
48.984,2.46124,6.05254,9.64863,0.12462,0.21625,0.22358,,,,
49.087,3.84030,3.43807,14.17846,-0.84788,-0.24435,-0.55100,,,,
49.190,2.82995,4.18028,5.20021,-0.06353,0.12584,-0.26023,,,,
49.294,1.89621,3.65355,7.76200,-0.26389,0.08919,-0.55833,,,,
49.397,2.10690,5.22894,8.55688,-0.07697,-0.52046,-0.61697,,,,
49.499,1.07739,5.66947,10.10832,0.21258,0.02443,-0.66706,,,,
49.601,-0.29209,5.75087,9.40442,-0.21380,-0.46304,-0.17593,,,,
49.704,-0.30646,4.39575,8.35576,0.50824,-0.05498,0.06964,,,,
49.809,0.76136,3.22260,8.01579,0.30543,0.37018,-0.00977,,,,
49.912,1.63763,4.31435,6.78996,0.32865,-0.04398,-0.13317,,,,
50.016,1.79086,5.73172,6.89530,0.30910,-0.62797,-0.68173,,,,
50.120,0.57461,5.89452,8.82024,-0.42761,-1.04091,-1.05680,,,,
50.225,0.94810,5.20499,11.60230,-1.29015,-1.04336,-1.47463,,,,
50.328,0.48842,4.02226,6.43083,0.25168,0.12339,-0.82345,,,,
50.433,-0.58897,4.80756,7.49385,-0.33109,-0.34819,-0.58521,,,,
50.539,-0.67038,4.80277,7.24007,0.06720,-0.04520,0.12462,,,,
50.644,0.73263,7.23049,7.69975,-0.14050,-0.63408,0.73548,,,,
50.749,-0.49321,7.31189,8.60476,0.20525,0.21380,0.57299,,,,
50.852,-2.19309,5.00867,12.17691,0.14539,0.58032,0.73059,,,,
50.957,0.11971,2.85868,11.50653,0.76358,1.08245,1.31458,,,,
51.060,0.76136,1.84354,6.34942,0.34697,1.82282,1.55526,,,,
51.164,2.52349,4.92727,6.78996,0.31643,0.58032,1.31214,,,,
51.268,3.42371,6.07648,9.70609,0.05620,-0.17226,0.26389,,,,
51.371,4.08930,5.54976,10.96544,-1.16675,-0.37996,-0.11118,,,,
51.475,3.28484,4.36224,5.18584,0.35552,0.39218,-0.24557,,,,
51.579,0.45969,3.37582,9.32302,-1.02137,-0.06842,-0.53756,,,,
51.682,1.80523,5.08528,7.70454,0.44227,-0.31643,-0.11606,,,,
51.785,0.46448,5.85143,9.79707,-0.05620,0.15882,-0.43371,,,,
51.889,-1.11091,5.74130,11.45865,-0.50702,-0.28344,0.10873,,,,
51.992,-0.11492,4.75010,7.21134,0.48747,0.31765,0.46426,,,,
52.095,-0.67995,2.74854,6.16268,-0.02077,0.77213,0.23946,,,,
52.198,-0.04310,4.17070,6.62236,0.13439,-0.13073,0.44104,,,,
52.300,1.54665,5.51145,9.04529,0.03910,-0.11851,0.20647,,,,
52.403,2.81558,5.89931,9.17937,-0.12095,-0.00122,0.07330,,,,
52.507,3.24654,4.03662,11.12825,0.12339,-0.16860,-0.30421,,,,
52.610,2.20267,4.25210,5.58807,-0.13928,-0.98960,-0.73182,,,,
52.716,0.96247,3.53863,7.47949,-0.31276,-0.27978,-0.68539,,,,
52.820,0.61770,5.43484,7.52737,-0.27733,-0.79290,-0.28344,,,,
52.923,1.24977,6.30154,10.97023,-0.10751,0.09163,-0.05864,,,,
53.029,1.32639,4.90811,12.21522,-0.37751,-0.67195,0.16982,,,,
53.133,1.08218,4.43406,8.13071,0.49602,0.36652,0.52901,,,,
53.238,1.55144,3.48117,8.03494,0.54000,0.58032,0.49236,,,,
53.341,1.69031,4.13239,5.49230,0.58765,0.64141,0.52657,,,,
53.442,2.71502,5.80833,7.77158,0.08186,-0.02199,0.32132,,,,
53.548,3.12204,6.13873,8.00621,-0.45204,0.01222,-0.08796,,,,
53.651,3.00712,3.30879,9.77313,0.04032,0.74648,-0.15760,,,,
53.754,3.16992,3.84030,5.75566,-0.46792,-0.90042,-0.50335,,,,
53.856,2.52828,3.89297,6.86178,-0.63408,-0.15760,-0.51435,,,,
53.959,2.14520,5.01346,7.62793,-0.57177,-0.56322,-0.52779,,,,
54.061,1.51792,5.23373,10.97502,-0.22113,-0.55100,-0.30910,,,,
54.163,1.12049,6.31112,11.36288,-0.42272,-0.37751,0.04154,,,,
54.266,0.66559,3.62961,8.69574,0.62430,0.13683,0.50091,,,,
54.369,1.26414,2.36547,7.32626,0.69761,0.68417,0.60476,,,,
54.471,2.54743,3.52905,6.25365,0.65240,0.66584,0.56810,,,,
54.574,3.05500,4.88417,6.08127,0.30910,0.18937,0.07819,,,,
54.678,3.82115,5.82749,8.35576,-0.36652,-0.13317,-0.09285,,,,
54.780,3.40455,3.72059,12.52646,-0.31887,0.01222,-0.35308,,,,
54.882,2.99754,3.94564,6.72292,-0.38851,-0.52534,-0.61453,,,,
54.986,1.26893,3.73495,5.76524,-0.22235,-0.40195,-0.65729,,,,
55.090,1.29287,5.25767,9.53850,-0.36163,-0.66218,-0.43005,,,,
55.193,0.74699,5.34386,12.55998,0.04032,0.06964,-0.04765,,,,
55.296,1.47962,3.76368,14.51844,0.26634,0.00611,0.41294,,,,
55.397,1.01993,4.01268,7.33105,0.66218,-0.00611,0.66462,,,,
55.500,1.02472,2.35589,6.99586,0.59376,0.88942,0.53267,,,,
55.602,1.97761,3.63919,6.57448,0.40561,0.31032,0.61209,,,,
55.705,2.47560,4.89854,8.12113,-0.09774,-0.01710,0.36285,,,,
55.806,3.69665,6.10043,8.77714,-0.67073,0.04154,0.05131,,,,
55.908,3.96959,2.82516,8.91122,0.44471,0.79290,-0.25534,,,,
56.011,3.40934,3.32315,6.72771,-0.26756,-0.92852,-0.39828,,,,
56.113,2.15957,3.96959,6.47392,-0.16616,-0.21991,-0.52168,,,,
56.217,1.71425,4.92727,8.22169,-0.33475,-0.25901,-0.46670,,,,
56.319,1.67594,6.11479,10.47224,-0.20159,-0.03910,-0.11851,,,,
56.422,2.52828,3.83072,15.24149,0.00611,-0.22235,-0.06231,,,,
56.527,2.20745,3.56736,7.98706,0.40928,-0.57788,0.01588,,,,
56.629,1.74298,2.64320,7.05811,0.23335,0.79657,0.11973,,,,
56.732,2.42772,4.17070,5.98550,0.39462,0.01100,0.27733,,,,
56.833,4.07014,5.70299,7.66623,-0.08552,-0.57421,-0.43982,,,,
56.935,3.38540,5.21457,8.82982,-0.29322,-0.39706,-0.63530,,,,
57.039,4.70221,3.08373,13.24951,-0.69761,-0.48747,-0.92363,,,,
57.142,2.57616,3.47159,3.89297,-0.21014,-0.38851,-1.15087,,,,
57.245,1.73819,3.36625,8.80109,-0.76969,-0.07208,-1.10811,,,,
57.348,2.27928,5.24809,7.07247,-0.38118,-0.61453,-0.70250,,,,
57.450,2.42293,5.37259,9.98382,-0.23579,-0.34697,-0.69028,,,,
57.552,1.71425,5.33428,9.37569,-0.26756,-0.08796,-0.63530,,,,
57.656,0.73741,3.24654,10.41957,0.20647,0.09896,-0.36163,,,,
57.758,1.40779,2.42293,8.06367,0.43738,0.41783,0.02199,,,,
57.859,1.94409,4.03184,5.46357,0.29932,-0.03787,0.34331,,,,
57.964,1.96803,4.93684,7.93438,0.09652,0.07819,-0.10507,,,,
58.067,2.22182,5.07571,9.84496,-0.32009,-0.38240,-0.61820,,,,
58.169,3.75890,4.06535,11.09473,-1.23883,-0.70494,-0.71593,,,,
58.272,3.41892,3.16513,5.04698,0.37141,0.30788,-0.79046,,,,
58.374,2.67672,2.53307,8.63349,-0.62919,-0.72815,-1.04458,,,,
58.477,1.42216,4.26168,6.58405,-0.31032,-0.80879,-0.89431,,,,
58.578,0.56024,5.13317,9.66779,-0.34331,-0.43738,-0.69028,,,,
58.681,-0.23463,5.69820,9.86890,0.04887,0.29199,-0.15760,,,,
58.785,0.71347,2.80122,14.36042,0.81123,0.46548,0.26756,,,,
58.886,1.35512,2.56180,8.44674,0.92974,-0.12095,0.40928,,,,
58.989,0.25857,2.18830,6.46913,0.13806,0.97861,0.62553,,,,
59.095,2.64799,4.55377,5.88016,0.10140,0.39828,0.79168,,,,
59.198,3.99832,5.65032,9.40442,-0.39095,-0.28833,-0.33475,,,,
59.300,2.47560,4.79319,8.28394,-0.26145,-0.57299,-0.13073,,,,
59.401,3.25133,2.56658,8.58561,1.41476,-1.76907,0.26756,,,,
59.504,3.95043,3.73495,5.94241,-0.90164,-0.73548,-0.28222,,,,
59.605,4.39575,4.32872,6.47871,-0.93707,-0.13561,-0.54245,,,,
59.706,3.59130,4.75488,9.51456,-0.87598,-0.26634,-0.13683,,,,
59.808,3.88818,5.13317,10.47224,0.36652,0.16005,0.37629,,,,
59.909,5.38695,3.91691,13.23515,0.66829,-0.57421,0.46181,,,,
60.011,2.44687,3.02627,6.89530,0.61209,-0.04398,0.31276,,,,
60.111,3.05021,2.46603,6.27281,0.77336,0.19181,0.40561,,,,
60.213,3.45723,3.14119,6.35421,0.24190,0.13683,0.53756,,,,
60.314,5.53061,4.18506,7.68539,-0.30055,0.22235,0.37141,,,,
60.416,6.77080,4.51068,8.24563,-0.79168,-0.07453,0.05253,,,,
60.518,6.40688,1.74298,10.03649,-0.06109,0.71838,-0.62919,,,,
60.620,5.76524,2.40378,3.90255,-0.26634,-1.03603,-0.80756,,,,
60.721,4.70700,1.96803,7.78594,-1.07268,0.17226,-1.09467,,,,
60.823,4.18028,3.67271,8.43717,-0.93951,-0.30910,-0.83444,,,,
60.924,3.03106,4.41491,9.40442,-0.08552,0.08674,-0.42638,,,,
61.026,4.42448,4.63517,12.83292,-0.39095,-0.52412,-0.06475,,,,
61.127,2.12605,2.62405,8.03494,1.12888,0.41172,0.33598,,,,
61.228,3.06937,2.48518,7.45076,1.08245,0.09896,0.27855,,,,
61.330,2.55222,2.92571,5.52103,0.57788,0.61087,0.20769,,,,
61.432,4.33351,4.49152,7.12036,-0.06475,-0.19181,0.05131,,,,
61.533,4.93206,5.23851,9.37091,-0.30665,-0.06842,-0.27733,,,,
61.635,5.91847,3.56736,12.88081,-1.15087,-0.41417,-0.15394,,,,
61.736,4.30956,3.49553,4.11803,0.15882,-0.23213,-0.29322,,,,
61.838,3.64876,2.59531,7.43160,-1.01159,-0.20525,-0.80390,,,,
61.939,2.79164,3.73974,6.87136,-0.64507,-0.79168,-0.36408,,,,
62.040,3.14119,5.08050,10.46266,-0.48625,0.02199,-0.13439,,,,
62.141,2.92571,5.85622,10.21845,0.08919,0.13195,0.41539,,,,
62.243,2.63362,2.66235,9.59596,1.53449,0.75381,0.64630,,,,
62.344,3.09810,2.74854,9.15064,1.52472,-0.59132,0.72815,,,,
62.446,3.76847,2.81558,5.76045,1.01892,0.83689,0.46792,,,,
62.548,3.84030,3.66313,5.15711,0.21380,0.47159,0.32620,,,,
62.650,5.04698,4.54419,8.71489,-0.43616,0.36530,0.06353,,,,
62.753,6.70376,4.12760,9.51935,-1.47096,-0.55222,-0.14661,,,,
62.854,4.86502,3.57694,6.13873,0.06109,0.62919,-0.23824,,,,
62.956,4.31914,3.12683,7.47470,-0.33842,-0.46181,-0.85399,,,,
63.058,2.71981,4.11803,6.52181,-0.19548,-0.52534,-0.73059,,,,
63.160,3.37582,5.49709,9.46189,-0.22846,-0.04398,-0.49236,,,,
63.262,2.66714,6.27760,8.18338,0.16982,0.46548,0.03910,,,,
63.364,1.96803,4.00311,11.04685,0.72449,0.55833,0.19792,,,,
63.466,2.97360,4.16112,9.11233,0.97128,-0.56566,0.33109,,,,
63.570,2.15957,3.78284,5.69820,0.55100,0.54611,-0.08430,,,,
63.671,1.76692,4.48195,5.83706,0.47892,0.15516,0.21380,,,,
63.773,3.14598,5.81791,8.38449,-0.20892,0.06353,0.21502,,,,
63.875,5.36301,6.19619,7.99663,-0.64263,-0.13195,0.34575,,,,
63.977,4.59687,3.59609,6.24887,0.35675,0.86987,0.01833,,,,
64.078,4.66869,4.08930,5.56412,-0.28711,-0.95784,-0.42516,,,,
64.181,3.08373,4.78362,6.77080,-0.55711,-0.26878,-0.51801,,,,
64.282,2.99275,5.82270,8.23605,-0.27367,-0.31643,-0.16860,,,,
64.384,3.28963,6.57448,8.77714,0.21502,0.13195,0.16982,,,,
64.486,4.05099,5.50188,11.99495,-0.34086,-0.19059,0.30665,,,,
64.589,2.15957,4.32872,6.44040,0.53023,0.79535,0.60353,,,,
64.692,3.66792,4.08451,7.21134,0.37018,0.15027,0.04643,,,,
64.794,3.09810,4.09408,6.03818,0.45082,-0.05009,-0.05864,,,,
64.896,3.84509,5.20978,6.25844,-0.09285,-0.59010,-0.13806,,,,
64.998,4.05578,5.32470,7.36456,-0.66584,-0.24679,-0.46059,,,,
65.101,5.50188,3.90255,11.53048,-1.12399,-0.66218,-0.96639,,,,
65.204,3.81157,3.56736,6.43083,-0.30910,-0.33598,-0.96883,,,,
65.307,4.94163,3.21781,8.05409,-0.83078,-0.63774,-1.17653,,,,
65.410,2.03028,4.25210,5.94720,-0.74037,-0.68661,-0.65485,,,,
65.512,2.95923,5.68862,9.27514,-0.62675,-0.36896,-0.42272,,,,
65.616,2.11647,6.52181,9.99819,-0.08552,-0.05986,0.01344,,,,
65.719,1.83875,3.60088,9.31344,1.28648,0.73793,0.49236,,,,
65.821,2.92093,3.50990,8.93037,1.37078,-0.24557,0.73793,,,,
65.924,2.62405,2.80600,5.91847,0.77458,1.18141,0.64019,,,,
66.026,2.53785,4.06535,5.16190,0.07697,0.39951,0.70005,,,,
66.128,5.16669,5.60722,9.61990,-1.02381,0.88331,0.48381,,,,
66.232,4.26168,3.57694,12.07635,-1.82038,1.69821,-0.37507,,,,
66.335,4.53462,1.93451,7.17303,0.25045,1.43553,-0.19059,,,,
66.437,2.87783,1.72383,8.02536,-0.23946,-1.15331,-1.22051,,,,
66.540,1.60890,2.48997,8.65265,-0.41050,-0.77091,-1.12644,,,,
66.643,0.95768,3.70622,9.45231,-0.31765,-0.84422,-0.84544,,,,
66.745,0.30167,4.05578,10.87925,-0.58521,-0.50091,-0.17593,,,,
66.847,-0.07183,1.78607,12.75631,0.87476,0.53390,0.57177,,,,
66.951,0.43096,2.29365,9.40442,1.12399,-0.79046,0.80879,,,,
67.053,0.91459,2.03507,7.46991,1.02381,0.44349,0.83689,,,,
67.155,1.71904,3.00712,6.67982,0.51924,0.34575,0.82100,,,,
67.260,4.45800,4.02705,10.65420,-0.12095,0.27489,0.42394,,,,
67.363,5.73651,3.42371,10.81221,-0.91630,0.12950,0.03054,,,,
67.466,4.50589,2.36068,6.16268,0.52290,0.93829,-0.08063,,,,
67.567,3.71101,2.69587,6.90009,-0.41172,-0.98349,-0.77824,,,,
67.671,2.55222,3.18429,7.81467,-0.46914,-0.66218,-0.73426,,,,
67.773,2.33195,4.30477,9.61990,-0.55955,-0.40684,-0.63408,,,,
67.876,1.18752,4.88417,11.11388,0.12217,0.22846,-0.18448,,,,
67.978,1.06303,3.12683,14.54717,0.32742,-0.16860,0.20281,,,,
68.082,1.13006,2.41814,11.05163,1.09345,-0.59620,0.81856,,,,
68.184,2.02549,2.24576,6.83305,1.18141,1.00671,0.89919,,,,
68.287,2.82037,3.52905,6.01902,0.60842,0.69883,0.51679,,,,
68.390,3.62482,4.72615,8.19775,-0.06597,0.27245,0.22235,,,,
68.491,4.35266,5.30555,8.71489,-0.75747,0.30665,0.01344,,,,
68.594,3.83072,3.19387,11.16656,0.02810,0.81001,0.06597,,,,
68.697,3.49075,4.11324,4.58729,0.17226,-1.15087,-0.35064,,,,
68.800,1.98719,3.07416,7.35499,-0.76114,0.09407,-0.52412,,,,
68.902,1.81959,4.35745,8.60476,-0.61942,-0.34086,-0.12950,,,,
69.005,1.59933,4.75488,11.75553,-0.06720,0.04276,0.22969,,,,
69.108,2.88741,4.30477,13.72835,-0.09285,-0.37263,0.37996,,,,
69.213,1.53708,3.42371,7.38851,1.19607,0.29566,0.70127,,,,
69.316,2.40857,2.36547,8.77236,1.01526,0.32742,0.27122,,,,
69.421,1.83875,3.39977,5.46836,0.57788,0.62553,0.31276,,,,
69.523,2.53785,5.27203,6.23450,0.12584,-0.01710,0.26756,,,,
69.625,3.21302,5.88495,10.14184,-0.62675,-0.22602,-0.08063,,,,
69.726,4.67827,3.37104,12.64139,-0.61575,-0.34331,-0.35308,,,,
69.829,3.41892,3.61524,3.99832,0.23579,-0.15516,-0.68661,,,,
69.931,2.52349,1.97761,8.09240,-0.90897,-0.82467,-1.10078,,,,
70.034,1.29766,3.93607,7.61835,-0.81123,-0.82345,-0.42883,,,,
70.138,3.05500,5.36780,10.17057,-0.67806,-0.33598,-0.37385,,,,
70.242,3.18429,4.01268,9.44752,-0.45448,0.17837,-0.41783,,,,
70.344,2.79164,1.63285,8.58082,0.48991,-0.27733,-0.29810,,,,
70.447,-0.55545,0.58419,10.44830,-0.63897,-0.62797,0.06964,,,,
70.549,2.47082,3.27527,6.31590,0.70860,0.01710,1.22173,,,,
70.652,3.50990,2.83952,8.06367,0.48625,0.13561,0.48625,,,,
70.754,4.47237,3.04064,11.35809,0.17715,0.07453,0.13317,,,,
70.857,6.57448,3.76847,10.74039,-0.36041,0.25045,-0.09041,,,,
70.960,5.09486,0.23463,7.60877,0.54856,1.86680,-0.30055,,,,
71.064,4.01268,1.83875,6.03818,-0.17593,-0.43494,-0.52168,,,,
71.167,2.59531,4.17070,6.44998,-0.34208,-0.81978,-0.25901,,,,
71.269,2.45645,4.59208,10.09874,-0.43494,-0.14905,-0.54734,,,,
71.374,2.19309,5.33907,9.91199,0.03787,0.28955,-0.20769,,,,
71.477,2.89220,2.33195,13.78102,0.43249,0.29810,-0.01955,,,,
71.578,3.62482,2.55222,6.00466,0.76114,-0.52412,0.32620,,,,
71.682,2.47082,2.43730,6.45477,0.10263,0.51435,0.09163,,,,
71.786,3.63919,3.95043,6.58405,-0.07941,-0.37385,0.01710,,,,
71.889,3.45244,4.30956,8.59518,-0.46670,0.10996,-0.55833,,,,
71.991,3.95043,4.86023,9.75398,-0.78924,-0.33353,-0.67562,,,,
72.094,5.16669,1.81959,12.96700,0.13561,0.58887,-0.66951,,,,
72.196,5.32470,2.76291,3.02148,0.51068,-0.90164,-0.99693,,,,
72.300,2.59531,1.71425,6.91924,-1.27060,-0.24068,-1.54793,,,,
72.403,2.18830,4.32393,8.06846,-0.79290,-1.08490,-0.84299,,,,
72.508,1.58496,4.72615,10.35253,-0.54611,0.11484,-0.54367,,,,
72.611,3.89776,5.03740,11.29584,-0.55589,-0.29566,-0.26878,,,,
72.713,3.77805,1.92973,10.29986,0.92607,0.67195,-0.24557,,,,
72.814,3.84988,2.01113,8.60955,0.54123,-0.48625,-0.68050,,,,
72.916,1.35991,2.88741,5.26246,0.21014,-0.01344,-0.31643,,,,
73.019,2.08774,4.07972,6.06212,-0.03787,-0.66218,-0.05498,,,,
73.121,4.13718,5.11401,11.41077,-0.15027,-0.22113,-0.21014,,,,
73.223,4.92248,3.65834,9.38527,-0.02810,0.01100,-0.05986,,,,
73.326,5.64074,0.61292,13.00530,-1.47341,0.05742,-0.67562,,,,
73.430,5.01825,1.14443,7.19697,-0.39951,-0.91508,-0.69150,,,,
73.532,4.75010,1.59454,7.28316,-0.48869,-0.15149,-0.63652,,,,
73.635,3.47638,2.00155,6.70376,-0.37874,-0.81245,-1.01648,,,,
73.737,3.29442,2.77727,8.99262,-0.42516,-0.47770,-0.88453,,,,
73.840,3.65355,3.27527,10.21845,-0.32376,-0.01344,-0.07575,31.2568042,75.7044745,2.150,60.40
73.944,7.10120,0.93853,15.59583,-0.84544,0.21747,0.37874,31.2568042,75.7044745,2.150,60.40
74.047,2.33674,1.47962,6.56490,0.46914,1.12033,0.65485,31.2568042,75.7044745,2.150,60.40
74.151,2.88741,2.12605,8.94474,0.69761,0.02688,0.34208,31.2568042,75.7044745,2.150,60.40
74.253,1.76213,1.71425,7.87692,0.90164,0.65118,0.26267,31.2568042,75.7044745,2.150,60.40
74.356,2.79164,2.45645,7.04374,0.78924,0.34453,0.43371,31.2568042,75.7044745,2.150,60.40
74.459,5.85143,3.00712,11.77468,0.60231,-1.46974,0.36163,31.2568042,75.7044745,2.150,60.40
74.561,5.83706,2.62405,8.03494,-0.77946,-0.07819,0.19181,31.2568042,75.7044745,2.150,60.40
74.665,4.06535,1.75734,6.59842,-0.60720,1.07879,-0.34453,31.2568042,75.7044745,2.150,60.40
74.770,4.58729,1.81959,7.13951,-0.06109,-0.49847,-0.71716,31.2568042,75.7044745,2.150,60.40
74.873,3.13640,2.14042,6.76123,0.03543,-0.29322,-0.60109,31.2567954,75.7045180,1.100,58.60
74.979,2.33674,3.10289,6.46434,-0.00611,-0.54856,-0.34086,31.2567954,75.7045180,1.100,58.60
75.082,2.98318,3.81157,9.20331,-0.47403,-0.03176,-0.34697,31.2567954,75.7045180,1.100,58.60
75.185,4.09408,3.51948,12.68927,-0.31398,0.30055,-0.13073,31.2567954,75.7045180,1.100,58.60
75.288,4.44843,1.78607,11.97580,-0.34208,0.33842,0.28833,31.2567954,75.7045180,1.100,58.60
75.392,2.27449,2.18830,5.72693,0.63530,0.27122,0.49358,31.2567954,75.7045180,1.100,58.60
75.495,1.85311,2.86825,7.55610,0.46670,-0.70372,-0.01710,31.2567954,75.7045180,1.100,58.60
75.598,1.02951,2.53785,7.78116,0.17349,0.32987,0.04032,31.2567954,75.7045180,1.100,58.60
75.701,2.29843,2.57137,7.14909,0.36896,0.69394,0.15027,31.2567954,75.7045180,1.100,58.60
75.805,2.71981,3.80678,7.31189,-0.13561,0.17837,0.25168,31.2567793,75.7045579,0.710,33.90
75.906,5.40132,2.07338,11.35809,-0.73059,0.22235,0.22602,31.2567793,75.7045579,0.710,33.90
76.008,5.14753,0.83797,10.04128,-0.68906,0.07208,-0.36896,31.2567793,75.7045579,0.710,33.90
76.112,4.47716,0.95768,8.22169,0.03787,-0.55955,-0.50702,31.2567793,75.7045579,0.710,33.90
76.214,3.53384,1.57538,7.33105,-0.14050,-0.12950,-0.63408,31.2567793,75.7045579,0.710,33.90
76.316,2.33674,1.76692,7.08205,0.07453,-0.29077,-0.58765,31.2567793,75.7045579,0.710,33.90
76.418,2.25534,2.03028,8.02058,-0.26756,-0.33598,-0.29932,31.2567793,75.7045579,0.710,33.90
76.520,4.54898,2.97839,11.84651,-0.23946,0.06964,0.16371,31.2567793,75.7045579,0.710,33.90
76.622,5.05177,2.94487,11.35809,-0.27245,0.20892,0.05742,31.2567793,75.7045579,0.710,33.90
76.725,3.54821,0.45969,11.45865,0.40928,0.91996,0.18082,31.2567793,75.7045579,0.710,33.90
76.827,0.48842,1.80523,6.22014,0.37874,0.04032,0.31887,31.2567260,75.7046066,0.650,1.40
76.930,0.18675,2.30801,8.27436,0.01710,0.24312,0.18448,31.2567260,75.7046066,0.650,1.40
77.032,1.58017,1.79565,9.78750,0.70005,0.39340,0.38973,31.2567260,75.7046066,0.650,1.40
77.134,1.91057,2.06380,7.04374,0.51801,0.36163,0.59132,31.2567260,75.7046066,0.650,1.40
77.237,4.89854,2.24097,14.06833,-0.23824,-0.70983,0.37018,31.2567260,75.7046066,0.650,1.40
77.340,5.51145,1.97282,11.89439,-0.56077,-0.16982,-0.14416,31.2567260,75.7046066,0.650,1.40
77.442,2.86347,0.67516,6.88094,-0.09529,0.81856,-0.39584,31.2567260,75.7046066,0.650,1.40
77.546,4.01268,1.27372,7.54174,0.32620,-0.82711,-0.66218,31.2567260,75.7046066,0.650,1.40
77.651,2.19788,1.30723,7.64229,-0.10507,-0.01222,-0.43616,31.2567260,75.7046066,0.650,1.40
77.757,2.38941,2.63362,6.57927,0.13561,-0.43982,-0.27489,31.2567260,75.7046066,0.650,1.40
77.862,3.16035,3.13162,9.28471,-0.32620,-0.48381,-0.45448,31.2567076,75.7045886,0.820,332.60
77.964,3.48596,3.11246,12.84250,-0.37874,0.57544,-0.08308,31.2567076,75.7045886,0.820,332.60
78.070,4.05099,1.35033,13.50330,-0.06964,0.65485,0.30055,31.2567076,75.7045886,0.820,332.60
78.174,1.26893,1.58975,5.71735,1.18997,0.38118,0.43249,31.2567076,75.7045886,0.820,332.60
78.277,1.04866,2.06380,7.82425,0.69516,-0.15027,-0.24679,31.2567076,75.7045886,0.820,332.60
78.382,-0.31125,1.61848,8.34619,0.11484,0.38851,-0.21136,31.2567076,75.7045886,0.820,332.60
78.485,0.59376,2.90656,7.20655,0.30788,0.29077,0.45448,31.2567076,75.7045886,0.820,332.60
78.589,2.11647,3.58173,10.29507,-0.35919,-0.28466,0.61209,31.2567076,75.7045886,0.820,332.60
78.691,4.30956,4.21380,13.33092,-0.19426,-0.00367,0.49480,31.2567076,75.7045886,0.820,332.60
78.796,3.98874,2.28407,12.18170,0.09163,0.09163,-0.20036,31.2567249,75.7045677,0.330,313.00
78.898,2.77249,2.50912,6.68461,0.43127,-0.54245,-0.38973,31.2567249,75.7045677,0.330,313.00
79.003,2.49955,1.85311,6.67503,0.47159,-0.03665,-0.55833,31.2567249,75.7045677,0.330,313.00
79.105,1.01993,2.93050,6.15789,0.21136,-0.04887,-0.19426,31.2567249,75.7045677,0.330,313.00
79.211,1.63763,4.66391,7.54652,-0.09652,-0.20769,0.36652,31.2567249,75.7045677,0.330,313.00
79.316,3.35667,5.65032,10.45308,-0.37751,-0.04520,0.43860,31.2567249,75.7045677,0.330,313.00
79.419,3.40455,5.42047,10.76912,0.30910,0.46548,0.35064,31.2567249,75.7045677,0.330,313.00
79.523,2.90656,2.04944,10.75954,0.10507,0.04765,0.55711,31.2567249,75.7045677,0.330,313.00
79.628,2.70066,3.37104,6.51223,0.16616,0.97250,0.27000,31.2567249,75.7045677,0.330,313.00
79.730,0.70390,3.43807,8.33661,0.51313,0.94318,-0.14050,31.2567249,75.7045677,0.330,313.00
79.835,-0.00479,2.86825,4.50110,0.43616,0.70372,-0.24557,31.2567450,75.7045520,0.400,293.40
79.939,-0.31125,3.46680,7.22570,-0.19914,0.42883,0.04643,31.2567450,75.7045520,0.400,293.40
80.044,-0.37828,4.96079,7.81946,-0.62553,0.30299,0.64996,31.2567450,75.7045520,0.400,293.40
80.149,1.69988,4.57293,14.42746,0.11240,-1.40255,0.56810,31.2567450,75.7045520,0.400,293.40
80.254,2.99754,2.60489,10.33816,-0.80512,-0.00244,0.38851,31.2567450,75.7045520,0.400,293.40
80.359,3.03585,1.01993,6.73728,0.21136,0.49114,-0.24435,31.2567450,75.7045520,0.400,293.40
80.463,1.24498,-0.13408,8.00142,-1.21318,1.56748,-1.23517,31.2567450,75.7045520,0.400,293.40
80.569,-0.34955,-0.65122,11.08515,-0.10263,-1.32558,-1.37567,31.2567450,75.7045520,0.400,293.40
80.673,1.84354,1.06303,8.83939,1.19852,-1.20829,-1.09223,31.2567450,75.7045520,0.400,293.40
80.776,2.09253,2.54264,8.11156,0.14172,-0.57421,-1.27182,31.2567450,75.7045520,0.400,293.40
80.880,1.13485,3.97916,9.80665,0.13317,0.59254,-1.29503,31.2567770,75.7045795,0.360,293.40
80.983,0.34477,3.77805,10.38126,0.06842,-0.19792,-0.88087,31.2567770,75.7045795,0.360,293.40
81.091,0.07183,2.91135,9.63427,-0.59620,-0.51313,-0.32009,31.2567770,75.7045795,0.360,293.40
81.196,1.36469,1.15879,8.63349,-0.16738,-1.03969,-0.91019,31.2567770,75.7045795,0.360,293.40
81.299,1.36469,1.41737,7.87692,0.19670,-0.12706,-1.44286,31.2567770,75.7045795,0.360,293.40
81.401,1.41258,2.49476,8.96868,-0.09774,0.03421,-0.87476,31.2567770,75.7045795,0.360,293.40
81.504,0.97205,2.64799,8.62391,0.22602,-0.20892,-1.31703,31.2567770,75.7045795,0.360,293.40
81.608,-0.23463,3.40455,8.99741,0.49724,0.14050,-1.57481,31.2567770,75.7045795,0.360,293.40
81.711,-3.17471,4.51546,11.71243,0.57666,-0.49480,-1.13132,31.2567770,75.7045795,0.360,293.40
81.814,0.06704,4.78840,8.82982,-0.36652,-1.03358,-1.38178,31.2567851,75.7046006,0.170,293.40
81.916,-0.11492,2.34153,9.77313,0.41294,-0.74892,-0.92118,31.2567851,75.7046006,0.170,293.40
82.019,2.31759,3.01191,6.67982,-0.69761,-1.46608,-1.37078,31.2567851,75.7046006,0.170,293.40
82.120,1.99676,1.83875,10.46745,-0.20892,0.66218,-0.51557,31.2567851,75.7046006,0.170,293.40
82.224,2.38941,2.43730,8.20253,-0.87354,-1.43553,-0.98838,31.2567851,75.7046006,0.170,293.40
82.327,2.36068,2.45645,9.78750,-0.19181,0.23335,-0.78069,31.2567851,75.7046006,0.170,293.40
82.430,0.05746,2.13563,10.63504,0.12706,0.35552,-0.69516,31.2567851,75.7046006,0.170,293.40
82.533,-0.92416,2.71502,9.39964,-0.34331,-0.36774,-0.11362,31.2567851,75.7046006,0.170,293.40
82.636,0.88107,1.72383,10.93192,-1.27549,-0.53145,0.85765,31.2567851,75.7046006,0.170,293.40
82.738,3.33752,0.04788,9.11233,-0.05742,-0.99449,-0.00122,31.2567851,75.7046006,0.170,293.40
82.842,3.23696,0.67038,8.51378,0.16249,0.55467,-0.15882,,,,
82.944,2.62405,0.82361,7.73327,-0.23213,0.39706,-0.62553,,,,
83.049,1.65679,1.58496,8.48984,-0.25412,0.87232,-0.86621,,,,
83.152,2.55701,0.78530,11.43950,-0.54978,-0.86987,-0.71716,,,,
83.257,2.94008,0.83797,10.37647,0.21258,-0.07208,-2.21011,,,,
83.360,2.00155,-0.88107,12.03805,0.00367,0.79901,-1.93400,,,,
83.464,0.57940,-0.77572,9.05966,-0.61575,-1.30725,-1.63834,,,,
83.568,2.06859,-1.65200,7.80989,-0.00367,-0.06475,-1.30481,,,,
83.674,0.35434,0.13886,8.64786,-0.42761,0.84422,-1.13621,,,,
83.781,-0.02394,0.99599,8.90643,-0.71838,0.02932,-0.49602,,,,
83.885,1.08697,-0.67516,9.88805,-1.07879,-0.43005,0.31032,,,,
83.989,2.81558,-2.21703,13.82891,-0.38240,-0.37629,-0.23824,,,,
84.094,-0.07661,-0.48842,13.70441,0.32254,-0.00489,0.12095,,,,
84.199,0.58897,-2.38941,8.29830,0.35430,-1.96088,0.36041,,,,
84.303,0.73741,-1.52750,7.23049,0.96883,1.08856,1.14965,,,,
84.407,1.74777,-0.55067,7.71412,0.44593,-0.30665,0.86621,,,,
84.509,1.24977,0.64643,7.09163,0.59620,0.47281,0.75381,,,,
84.614,1.12049,1.20189,8.36534,0.21991,0.36285,0.95295,,,,
84.718,3.43807,0.13408,13.01009,0.11118,0.43494,0.64507,,,,
84.822,3.95522,0.29209,12.54083,-0.31765,-0.37629,-0.33109,,,,
84.924,2.99754,-1.05345,10.22324,0.06231,-1.02259,-0.68050,,,,
85.034,0.99599,0.04788,7.48906,0.46181,0.40928,-0.89431,,,,
85.138,2.27449,-0.50278,8.59040,-0.19059,-0.04887,-0.03421,,,,
85.244,2.02071,0.13408,8.36055,-0.04643,0.19792,-0.18326,,,,
85.348,2.27449,1.20668,8.37013,-0.22235,0.01833,-0.07453,,,,
85.455,3.26569,0.40701,10.60631,-0.33964,-0.44227,0.00977,,,,
85.559,3.10767,-0.67995,12.50252,0.26145,0.10751,-0.20159,,,,
85.662,2.88262,-0.67038,12.34450,-0.50824,-0.47403,0.44960,,,,
85.766,1.64721,-1.92973,8.17380,0.16860,-1.17775,-0.29444,,,,
85.868,0.28730,-0.41180,7.19218,0.75014,1.49906,0.49847,31.2567784,75.7046448,0.390,293.40
85.970,1.70467,0.90980,7.33105,0.00122,0.16860,0.39340,31.2567784,75.7046448,0.390,293.40
86.074,1.50356,1.33596,8.82503,0.37751,0.38240,0.13561,31.2567784,75.7046448,0.390,293.40
86.177,0.85234,1.19231,9.17937,0.22846,0.37751,0.65118,31.2567784,75.7046448,0.390,293.40
86.279,2.14520,0.64165,11.81778,0.08552,0.39828,0.31887,31.2567784,75.7046448,0.390,293.40
86.382,2.11647,1.47962,13.98214,0.06842,-0.14661,-0.19426,31.2567784,75.7046448,0.390,293.40
86.484,1.32639,0.29209,8.14029,0.38118,-1.41599,-0.38851,31.2567784,75.7046448,0.390,293.40
86.587,2.07338,-0.32561,7.63272,0.45082,0.87476,0.50213,31.2567784,75.7046448,0.390,293.40
86.689,2.41814,-0.09098,7.64229,-0.23213,-0.32254,-0.06109,31.2567784,75.7046448,0.390,293.40
86.792,1.85311,0.77093,8.33182,-0.00489,0.29932,-0.42516,31.2567611,75.7046636,0.920,293.40
86.894,2.09253,1.34554,8.70053,-0.24068,0.15272,-0.34453,31.2567611,75.7046636,0.920,293.40
86.997,2.95444,0.67038,11.49696,-0.30910,-0.62553,-0.81734,31.2567611,75.7046636,0.920,293.40
87.099,1.22104,0.55067,11.61188,0.45326,0.47525,-0.76847,31.2567611,75.7046636,0.920,293.40
87.202,0.56982,-1.14443,10.71166,-0.83078,0.00977,0.30299,31.2567611,75.7046636,0.920,293.40
87.305,-1.83875,0.36392,9.45710,0.49602,0.62308,-0.14661,31.2567611,75.7046636,0.920,293.40
87.408,-1.35991,0.50278,7.58004,0.24435,-0.18937,0.44349,31.2567611,75.7046636,0.920,293.40
87.510,0.30167,1.53229,6.92403,-0.03543,0.24068,0.39218,31.2567611,75.7046636,0.920,293.40
87.614,0.13408,1.68073,8.51857,-0.00244,0.91141,0.25779,31.2567611,75.7046636,0.920,293.40
87.716,-0.36392,1.05345,10.06044,-0.41661,-0.22724,0.33353,31.2567611,75.7046636,0.920,293.40
87.819,-0.45969,0.79487,12.17212,-0.03543,0.06597,-0.21258,31.2567576,75.7046792,0.710,293.40
87.922,0.16759,1.69988,12.09551,-0.38851,-0.20647,0.02199,31.2567576,75.7046792,0.710,293.40
88.027,2.21703,-1.32639,10.76433,-0.01710,-1.56870,0.11118,31.2567576,75.7046792,0.710,293.40
88.131,0.33998,-0.53151,9.05487,1.01404,1.10200,-0.72082,31.2567576,75.7046792,0.710,293.40
88.234,0.31603,-0.20590,7.58483,0.13928,-0.68417,-0.03054,31.2567576,75.7046792,0.710,293.40
88.338,0.62728,-0.10056,7.13472,-0.06842,-0.14416,0.09652,31.2567576,75.7046792,0.710,293.40
88.440,1.34554,-0.20590,8.29351,-1.08367,-0.18937,0.16860,31.2567576,75.7046792,0.710,293.40
88.542,2.87783,-0.90980,14.00129,-0.76603,-0.19670,-0.47281,31.2567576,75.7046792,0.710,293.40
88.646,1.87227,-0.68474,14.79138,0.22358,-0.33598,-0.66218,31.2567576,75.7046792,0.710,293.40
88.749,0.27773,-1.47483,10.43393,0.27978,-0.57544,0.30910,31.2567576,75.7046792,0.710,293.40
88.853,-1.68552,-0.79966,7.65187,1.08734,0.43494,-0.23335,31.2567575,75.7046949,0.380,293.40
88.955,-0.36871,0.19632,5.94720,0.43127,0.53878,0.76603,31.2567575,75.7046949,0.380,293.40
89.058,1.62327,0.83797,8.68138,0.00855,0.63530,0.79168,31.2567575,75.7046949,0.380,293.40
89.162,0.86670,1.27850,8.48026,0.07086,0.04154,0.37507,31.2567575,75.7046949,0.380,293.40
89.266,0.60813,1.94409,8.99262,-0.26145,0.24435,0.46304,31.2567575,75.7046949,0.380,293.40
89.368,1.88663,0.96726,13.65653,0.03054,0.32742,-0.26267,31.2567575,75.7046949,0.380,293.40
89.471,1.88184,1.38385,12.98615,-0.28955,-0.16127,-0.55589,31.2567575,75.7046949,0.380,293.40
89.573,0.95768,0.01915,9.61511,0.28100,-1.33657,-0.97128,31.2567575,75.7046949,0.380,293.40
89.676,0.16281,1.18752,8.48026,0.89553,0.87598,-0.57910,31.2567575,75.7046949,0.380,293.40
89.781,1.92015,-0.38307,8.59518,-0.12584,-0.58277,0.10263,31.2567575,75.7046949,0.380,293.40
89.885,1.37906,0.46448,6.68461,0.03299,-0.14539,-0.43738,31.2567502,75.7047105,0.250,293.40
89.987,1.58496,1.53229,8.66701,-0.56444,0.19181,-0.27733,31.2567502,75.7047105,0.250,293.40
90.090,1.81002,1.58017,11.01333,-0.73548,-0.65485,-0.40439,31.2567502,75.7047105,0.250,293.40
90.192,2.02549,1.43652,14.31733,0.17593,0.18570,-0.38240,31.2567502,75.7047105,0.250,293.40
90.296,2.11169,0.17717,13.74751,-0.00855,-0.00855,0.58521,31.2567502,75.7047105,0.250,293.40
90.397,1.46525,-0.28730,7.33105,0.42761,-1.41232,-0.78924,31.2567502,75.7047105,0.250,293.40
90.500,0.38307,-0.22505,7.05332,0.64874,0.30543,0.50702,31.2567502,75.7047105,0.250,293.40
90.603,1.97282,1.29287,7.40766,-0.10996,-0.04154,-0.19792,31.2567502,75.7047105,0.250,293.40
90.706,2.00634,2.50433,8.70532,-0.06842,0.40073,-0.37996,31.2567502,75.7047105,0.250,293.40
90.809,1.27372,2.98318,8.75320,0.00733,0.01344,-0.13439,,,,
90.911,1.85790,3.19865,8.48505,-0.19914,-0.00122,0.13073,,,,
91.014,2.62405,2.93050,10.34295,0.15027,0.23335,-0.26756,,,,
91.117,2.82516,2.96402,10.57279,0.37141,0.28711,-0.67562,,,,
91.220,2.77249,1.46046,8.56167,0.18448,-0.76969,-0.79168,,,,
91.323,4.00311,1.66636,8.27915,-0.64141,-0.30421,-1.26938,,,,
91.425,3.70622,0.51236,10.35732,-0.32376,-0.03543,-1.30481,,,,
91.528,2.72460,1.09654,9.05008,-0.22969,-0.47770,-1.58458,,,,
91.631,2.08774,1.50356,9.91678,-0.14416,0.20769,-1.36223,,,,
91.732,0.63207,2.03986,10.92714,0.03910,-0.11484,-1.34268,,,,
91.834,0.38307,2.44687,10.25197,-0.39095,-0.39095,-0.81978,,,,
91.936,0.51715,1.78129,8.79151,0.06720,-0.69028,-0.91019,,,,
92.041,1.14443,1.29766,8.68616,0.15638,0.17593,-0.54489,,,,
92.144,2.56180,0.63686,9.45710,-0.57177,-0.79535,-1.00182,,,,
92.246,1.68073,2.14999,8.76278,-0.14905,0.14416,-1.54060,,,,
92.348,1.06781,2.60489,9.35654,-0.47892,-0.40684,-1.30359,,,,
92.450,1.01993,1.82438,11.88961,-0.03421,-0.22480,-1.28893,,,,
92.552,-0.11492,2.14520,9.43316,0.65240,-0.55711,-1.53083,,,,
92.653,0.06704,3.41892,10.29507,0.24557,0.32009,-0.81734,,,,
92.756,1.95367,2.61926,8.36534,-0.02932,-0.79290,-1.07634,,,,
92.859,2.09253,2.34632,8.46590,0.15760,0.19792,-0.51801,,,,
92.961,3.12683,2.43251,8.67659,-0.36774,-0.11973,-0.82222,,,,
93.066,2.53307,2.43730,9.51935,-0.42028,-0.10751,-1.07512,,,,
93.170,1.11570,2.67672,9.62469,-0.18692,-0.12828,-1.09101,,,,
93.275,0.22027,2.88262,9.77792,-0.05009,0.04765,-0.80879,,,,
93.378,-0.73263,3.44286,9.39006,0.12217,0.29688,-0.51068,,,,
93.480,0.30167,3.20823,9.47625,-0.37874,-0.08430,0.09041,,,,
93.584,0.79966,1.63285,11.11867,-0.27611,0.07575,0.10629,,,,
93.688,-0.07661,1.15879,8.97347,0.19303,-0.39218,-0.68661,,,,
93.792,-0.74220,1.22104,9.08360,-0.09407,0.15882,-0.21747,,,,
93.895,0.00958,2.09732,9.10754,-0.19548,0.02810,-0.63774,,,,
93.999,-0.05267,2.71981,9.50498,-0.23946,0.03176,-0.54367,,,,
94.105,-0.48363,2.64320,8.71011,-0.01466,-0.30543,-0.41417,,,,
94.208,-0.06704,2.77249,9.82580,-0.02566,0.04276,-0.36774,,,,
94.311,0.41180,2.68629,11.70286,0.10751,-0.39828,-0.88575,,,,
94.416,-0.34955,1.18274,14.01087,-0.18570,0.01100,-0.06353,,,,
94.519,0.07661,0.97205,9.35654,0.33109,-0.14905,-0.72937,,,,
94.622,-0.01915,0.12450,7.71891,0.24679,-0.31032,0.04520,,,,
94.726,0.43574,1.25456,7.30710,-0.11484,-0.01955,-0.02077,,,,
94.830,0.72305,2.29365,8.29351,-0.34208,0.38118,0.04154,31.2567397,75.7047153,0.570,293.40
94.934,0.60813,2.25534,11.72680,-0.49602,-0.05131,-0.01588,31.2567397,75.7047153,0.570,293.40
95.041,0.07661,1.20189,11.95185,-0.21136,-0.37874,-0.37751,31.2567397,75.7047153,0.570,293.40
95.144,-0.75178,-0.33998,13.45541,-1.18874,0.44104,0.59987,31.2567397,75.7047153,0.570,293.40
95.246,-0.83797,-0.24900,9.65821,0.22235,-1.11177,-0.72693,31.2567397,75.7047153,0.570,293.40
95.347,-1.55144,0.25857,7.53695,1.08490,0.98349,1.13132,31.2567397,75.7047153,0.570,293.40
95.450,0.43574,1.24020,8.07804,-0.05742,-0.27489,0.50335,31.2567397,75.7047153,0.570,293.40
95.556,0.23463,1.56581,8.26478,0.36530,0.46548,0.41905,31.2567397,75.7047153,0.570,293.40
95.661,-0.28252,2.23140,7.76200,0.13317,0.46426,0.50946,31.2567397,75.7047153,0.570,293.40
95.764,-0.58897,2.51870,9.62469,-0.27733,0.27000,0.49114,31.2567397,75.7047153,0.570,293.40
95.868,0.75657,1.85790,13.91031,0.05009,-0.17349,0.10873,31.2567435,75.7047242,0.530,293.40
95.970,0.57940,1.13964,12.75631,0.01466,-0.80023,-0.32498,31.2567435,75.7047242,0.530,293.40
96.074,0.18196,1.16837,8.82982,0.55589,-0.01466,-0.55955,31.2567435,75.7047242,0.530,293.40
96.179,0.18196,-0.36392,8.23127,0.37996,-0.33964,-0.12950,31.2567435,75.7047242,0.530,293.40
96.285,0.45490,0.81882,7.08684,0.15027,-0.07575,-0.53023,31.2567435,75.7047242,0.530,293.40
96.388,1.03908,2.26970,7.85298,-0.44593,0.00611,-0.28711,31.2567435,75.7047242,0.530,293.40
96.491,1.20668,2.68151,11.19529,-0.48381,0.12217,-0.37751,31.2567435,75.7047242,0.530,293.40
96.594,0.04788,2.74376,12.87123,-0.08674,0.47037,-0.54245,31.2567435,75.7047242,0.530,293.40
96.695,-0.97205,1.76213,13.72356,-0.26756,-0.06231,0.02321,31.2567435,75.7047242,0.530,293.40
96.797,0.28730,-0.50757,9.52892,-0.24312,-1.78006,0.58765,31.2567621,75.7047145,0.620,293.40
96.899,-0.87149,0.58897,7.12993,1.21562,1.27304,0.34453,31.2567621,75.7047145,0.620,293.40
97.001,0.40701,0.90980,6.99586,-0.27122,-0.38851,0.40073,31.2567621,75.7047145,0.620,293.40
97.104,1.13964,2.09732,8.35098,-0.07453,0.63041,0.21014,31.2567621,75.7047145,0.620,293.40
97.205,-0.03831,2.20267,9.30387,-0.05986,0.29566,0.15638,31.2567621,75.7047145,0.620,293.40
97.310,-0.22984,2.64320,7.61835,-0.17837,0.11240,0.14905,31.2567621,75.7047145,0.620,293.40
97.413,1.57538,1.92015,11.60230,-0.02932,0.38485,-0.41661,31.2567621,75.7047145,0.620,293.40
97.515,-0.01915,2.37026,13.60864,-0.48503,-0.51801,-0.19670,31.2567621,75.7047145,0.620,293.40
97.617,0.59855,-0.16281,12.35887,-0.28588,-1.11788,-0.27733,31.2567621,75.7047145,0.620,293.40
97.720,0.62249,0.77093,8.29351,0.87598,0.31032,-0.94318,31.2567621,75.7047145,0.620,293.40
97.824,0.49799,0.71826,7.72848,0.23946,-0.23213,-0.41905,31.2567752,75.7047149,0.410,293.40
97.927,0.56024,1.62806,6.85221,-0.16005,-0.05864,-0.00977,31.2567752,75.7047149,0.410,293.40
98.030,1.82438,1.59933,8.82503,-0.36163,0.31154,0.11973,31.2567752,75.7047149,0.410,293.40
98.132,1.37427,1.76692,12.62223,-0.16738,-0.24557,-0.50824,31.2567752,75.7047149,0.410,293.40
98.234,-0.11971,1.60890,12.50252,0.16371,-0.43005,-0.26267,31.2567752,75.7047149,0.410,293.40
98.337,-0.88107,0.25857,12.23916,-0.57055,0.42516,1.22906,31.2567752,75.7047149,0.410,293.40
98.440,-0.38786,0.00958,8.52336,0.05620,0.03910,0.34331,31.2567752,75.7047149,0.410,293.40
98.542,-0.82361,-0.04310,7.72369,0.73059,0.73304,0.82833,31.2567752,75.7047149,0.410,293.40
98.645,0.01915,1.39343,8.48984,0.25656,0.44227,0.60842,31.2567752,75.7047149,0.410,293.40
98.748,-0.29209,2.17394,8.21211,-0.14172,0.30788,0.98594,31.2567752,75.7047149,0.410,293.40
98.850,-0.08140,2.46124,8.23127,-0.22846,0.18692,0.63897,,,,
98.953,1.09176,1.85311,11.53526,-0.22969,0.51068,0.36530,,,,
99.056,0.79009,2.38462,11.30542,0.09285,-0.72082,-0.43005,,,,
99.159,-0.75657,1.28329,12.11466,-0.20403,0.01710,-0.21380,,,,
99.261,0.84755,0.59376,8.64786,-0.18570,-1.10200,-0.75136,,,,
99.365,0.22505,-0.63207,9.80665,0.15394,0.32865,-0.20403,,,,
99.467,0.09577,0.33998,7.80031,0.27245,0.00244,-0.47647,,,,
99.569,1.30245,1.37906,8.07804,-0.28344,0.18815,-0.33598,,,,
99.672,1.20668,1.83875,10.69729,-0.35675,-0.27489,-0.49358,,,,
99.775,1.75256,1.66158,10.99417,-0.08186,-0.84055,-0.56200,,,,
99.877,0.75178,1.18752,10.85531,0.60109,0.18204,-0.52046,31.2567946,75.7047211,0.230,293.40
99.979,1.38385,-1.05824,11.19050,-0.92363,0.25901,0.63530,31.2567946,75.7047211,0.230,293.40
100.084,-0.83318,0.78530,8.77714,0.49847,0.56444,-0.60842,31.2567946,75.7047211,0.230,293.40
100.187,-2.26491,1.22583,7.00065,0.39218,-0.19914,0.36774,31.2567946,75.7047211,0.230,293.40
100.289,0.04788,1.88184,8.32703,-0.24312,-0.19548,0.51924,31.2567946,75.7047211,0.230,293.40
100.393,0.34955,1.67594,7.54174,-0.19792,-0.64019,0.32376,31.2567946,75.7047211,0.230,293.40
100.494,-0.94810,2.42293,8.52336,-0.13806,0.34208,0.42272,31.2567946,75.7047211,0.230,293.40
100.597,0.22027,1.62327,11.50175,-1.29015,-0.34208,0.67928,31.2567946,75.7047211,0.230,293.40
100.701,2.95923,0.11492,12.78025,0.14050,-0.42516,-0.12095,31.2567946,75.7047211,0.230,293.40
100.803,2.17394,-0.65601,12.33493,0.05742,-0.32132,0.49602,31.2567934,75.7047145,0.480,293.40
100.905,2.35111,-0.56503,9.80665,0.32620,0.32865,-0.84422,31.2567934,75.7047145,0.480,293.40
101.010,0.14844,-0.13408,9.10275,0.85521,0.33475,-0.60842,31.2567934,75.7047145,0.480,293.40
101.112,1.33596,-0.09098,6.28239,0.02810,-0.28588,-0.24435,31.2567934,75.7047145,0.480,293.40
101.216,2.20745,0.50757,7.06289,-0.66340,0.24923,-0.69272,31.2567934,75.7047145,0.480,293.40
101.321,1.74298,0.97683,11.30063,-0.87720,0.41539,-0.87842,31.2567934,75.7047145,0.480,293.40
101.424,0.49321,1.15879,12.00932,0.01100,0.43738,-0.55344,31.2567934,75.7047145,0.480,293.40
101.526,-0.90980,0.24421,13.44105,-0.67684,0.73304,0.21136,31.2567934,75.7047145,0.480,293.40
101.627,0.20590,-1.98719,12.21043,-0.18448,-0.98105,-0.14783,31.2567934,75.7047145,0.480,293.40
101.730,-1.43173,-0.52672,8.00621,0.89797,1.06657,0.15516,31.2567934,75.7047145,0.480,293.40
101.832,-0.46926,0.11971,8.04452,0.18204,-0.40684,0.13073,31.2567941,75.7047147,0.370,293.40
101.934,0.47884,0.87628,7.68060,0.27611,-0.06109,0.29566,31.2567941,75.7047147,0.370,293.40
102.037,0.45490,1.25935,8.68138,0.16738,-0.04032,0.21502,31.2567941,75.7047147,0.370,293.40
102.139,-0.32082,1.88184,9.93115,-0.04765,-0.48503,0.06231,31.2567941,75.7047147,0.370,293.40
102.242,0.16759,3.06458,7.29753,0.06353,0.04765,0.18570,31.2567941,75.7047147,0.370,293.40
102.345,1.76213,2.18830,10.79306,-0.21747,0.19914,0.15272,31.2567941,75.7047147,0.370,293.40
102.448,2.07817,1.75734,13.13938,-0.55955,-0.32254,0.16860,31.2567941,75.7047147,0.370,293.40
102.549,2.11169,-0.37350,10.97023,0.06109,-0.88331,-0.64507,31.2567941,75.7047147,0.370,293.40
102.652,0.90980,-0.08140,8.86333,0.98471,0.63041,-0.40928,31.2567941,75.7047147,0.370,293.40
102.755,1.73819,-1.08697,7.62793,0.09285,-1.03236,0.31032,31.2567941,75.7047147,0.370,293.40
102.858,1.38864,0.41659,7.21134,-0.25290,-0.42761,0.50335,31.2567928,75.7047215,0.210,293.40
102.961,2.66714,1.20189,7.98706,-0.42272,-0.13806,0.08796,31.2567928,75.7047215,0.210,293.40
103.063,3.58651,1.30723,9.78750,-0.24312,0.27000,-0.12950,31.2567928,75.7047215,0.210,293.40
103.166,3.39977,1.29766,8.86812,0.07941,0.15638,-0.31765,31.2567928,75.7047215,0.210,293.40
103.270,3.31358,1.68073,9.06445,0.16982,0.51191,-0.30055,31.2567928,75.7047215,0.210,293.40
103.372,4.04620,0.23942,9.41400,-0.56810,-0.09041,-0.03787,31.2567928,75.7047215,0.210,293.40
103.474,4.09887,-0.01437,10.45308,-0.29199,0.60476,-1.28404,31.2567928,75.7047215,0.210,293.40
103.576,1.92494,0.65122,12.22001,0.23457,-0.03665,-1.17042,31.2567928,75.7047215,0.210,293.40
103.679,1.40779,-0.75657,9.27035,0.48014,-1.06535,-1.12766,31.2567928,75.7047215,0.210,293.40
103.782,-0.19154,0.20590,7.00065,0.45571,-0.40317,-1.30970,31.2567928,75.7047215,0.210,293.40
103.884,0.65122,1.38864,7.85298,-0.58399,0.33109,-0.56200,,,,
103.987,2.21703,1.70946,10.00297,-0.65607,0.00733,-0.79901,,,,
104.091,1.97761,2.64799,9.46189,-0.23946,0.03665,-0.85155,,,,
104.194,2.17394,1.95846,11.14261,0.20403,0.08308,-0.97616,,,,
104.296,1.57060,2.05422,8.64307,0.36163,-0.67195,-1.26938,,,,
104.400,1.92494,2.24097,9.70609,0.02688,0.13073,-0.85032,,,,
104.503,2.76770,0.72305,9.21768,-0.33964,-0.79412,-1.39033,,,,
104.604,2.99754,0.56982,8.89685,-0.20159,-0.00244,-1.65667,,,,
104.710,2.80600,0.66080,9.89284,-0.15760,0.26145,-1.70309,,,,
104.814,2.83952,0.26815,9.95988,-0.38973,-0.50213,-1.58214,,,,
104.916,1.55623,0.86670,9.54329,-0.36041,-0.27611,-1.49173,,,,
105.019,0.39265,1.62806,10.92235,-0.07575,-0.06964,-1.07634,,,,
105.124,-0.40701,2.53785,9.81144,0.05253,-0.10751,-0.59010,,,,
105.227,0.27773,3.00233,9.01178,-0.22235,0.42761,0.02199,,,,
105.330,0.93853,1.67594,11.84651,-0.89675,0.46670,0.58643,,,,
105.433,0.51715,0.27773,9.00220,0.50091,-0.04154,-0.40684,,,,
105.538,-0.03352,-0.00958,7.97269,-0.10385,0.28955,-0.08308,,,,
105.645,0.38786,0.35434,8.80587,-0.24190,0.18937,-0.84177,,,,
105.751,0.02873,1.80523,9.30387,-0.04398,-0.13439,-0.97983,,,,
105.854,1.94888,1.49398,9.05487,-0.58887,-0.81123,-1.41965,,,,
105.957,1.08218,0.89064,10.35732,-0.03787,1.02014,-1.46974,,,,
106.060,-0.14365,1.35033,8.67659,0.11362,-0.07086,-1.53572,,,,
106.164,0.46448,0.34955,10.41957,-0.61820,-0.51679,-1.01037,,,,
106.268,-0.21069,-1.01514,13.59428,-0.72326,-0.91508,-1.10078,,,,
106.374,0.79487,-1.33596,9.78271,-0.43249,-1.38178,-0.74403,,,,
106.478,2.19788,-2.19309,9.13148,0.33598,0.44471,-0.44593,,,,
106.581,2.20267,-2.06859,9.88805,0.08308,-0.02810,-0.60231,,,,
106.685,1.83396,-0.79966,8.54730,-0.06842,-0.27000,-0.40684,,,,
106.787,2.99754,-0.54588,9.32302,-0.12584,0.31154,-0.33353,,,,
106.892,2.61447,-0.27773,10.59674,0.07941,0.09774,-0.49724,,,,
106.998,2.01113,0.15323,8.35098,0.03421,-0.34453,-0.21258,,,,
107.102,1.88663,0.40223,7.75243,0.04765,0.12584,-0.01466,,,,
107.206,2.64799,0.00479,8.53772,-0.28344,0.40928,0.22235,,,,
107.310,2.21703,-0.48363,12.90475,-0.18570,1.50151,0.26023,,,,
107.414,1.04866,0.52672,10.79785,-0.07575,-0.44227,-0.17226,,,,
107.518,1.71904,-0.66559,12.57914,-0.30299,0.33353,0.45937,,,,
107.623,0.53630,-0.78051,9.71567,0.17226,-0.12462,-0.03054,,,,
107.728,-0.95289,-0.22984,8.20253,0.36408,-0.10018,0.12095,,,,
107.832,-0.48842,-0.62728,8.24084,0.23335,-0.14905,0.76358,,,,
107.934,0.38786,-0.21548,9.20810,0.12217,-0.11973,0.57544,,,,
108.036,-0.05746,0.07183,9.29908,0.48503,0.00000,0.92607,,,,
108.141,-1.20189,0.63686,8.82982,0.57421,0.79046,1.11177,,,,
108.243,0.34477,1.09654,8.21690,-0.28955,-0.16371,1.58214,,,,
108.345,2.95444,0.86670,8.99741,-0.28100,0.13195,1.22540,,,,
108.448,3.90255,0.30167,11.34373,-0.32742,-0.23824,0.53267,,,,
108.550,2.96402,0.18675,12.28704,-0.00733,-0.47403,-0.54367,,,,
108.652,1.18274,-1.22583,12.18170,-0.06353,-0.11118,-0.10996,,,,
108.755,1.69988,-1.00078,8.86333,0.25779,0.22358,-0.96761,,,,
108.857,1.27372,-1.60890,8.62870,0.26634,-0.52534,-0.59376,,,,
108.960,1.57538,-0.71347,8.30309,0.28955,0.18082,-0.49358,,,,
109.062,2.32238,0.13886,8.53772,-0.16371,-0.07453,-0.38118,,,,
109.165,2.63841,0.39265,9.39006,-0.38118,0.06353,-0.49969,,,,
109.267,1.96803,0.30646,8.88728,-0.46426,-0.32376,-0.66462,,,,
109.370,1.82917,0.26815,10.08917,-0.23457,0.14783,-0.48869,,,,
109.473,1.87227,-0.68953,12.32535,0.06109,0.03665,-0.43005,,,,
109.576,1.23062,-0.33998,12.78025,-0.06964,0.92363,-0.19059,,,,
109.679,-0.03352,-0.77572,9.86411,0.18448,-0.38362,0.05742,,,,
109.782,-1.00556,-0.53151,8.21690,0.72937,0.30177,0.21136,,,,
109.885,-0.46448,0.31125,7.18739,0.02810,-0.21625,0.77946,31.2567843,75.7047387,0.280,293.40
109.988,0.39265,0.90980,9.11233,0.25045,0.70616,0.92974,31.2567843,75.7047387,0.280,293.40
110.091,1.18752,0.70868,9.43794,0.10263,-0.16249,0.78313,31.2567843,75.7047387,0.280,293.40
110.194,0.60334,1.25456,8.54251,0.08186,-0.25168,0.38362,31.2567843,75.7047387,0.280,293.40
110.298,1.32639,1.69031,9.15543,-0.25412,0.10873,0.65485,31.2567843,75.7047387,0.280,293.40
110.401,2.05422,1.54187,10.88883,0.04520,0.47770,0.45082,31.2567843,75.7047387,0.280,293.40
110.502,0.96247,2.18830,9.93115,0.31154,-0.04032,0.00367,31.2567843,75.7047387,0.280,293.40
110.604,1.76213,1.16358,11.36767,0.27855,-0.03176,0.15394,31.2567843,75.7047387,0.280,293.40
110.706,1.44610,0.97205,12.01889,-0.52901,0.29444,0.05009,31.2567843,75.7047387,0.280,293.40
110.810,2.88262,-0.11492,9.42837,-0.38973,-0.57910,-0.78924,31.2567850,75.7047397,0.480,293.40
110.912,1.34075,-0.65122,9.90242,0.74037,0.28344,-0.74403,31.2567850,75.7047397,0.480,293.40
111.014,1.04387,-0.46448,9.11712,0.23946,-0.49847,-0.36652,31.2567850,75.7047397,0.480,293.40
111.116,1.06303,1.06781,7.44118,-0.23946,-0.18448,-0.77702,31.2567850,75.7047397,0.480,293.40
111.218,2.19309,1.80523,8.69574,-0.99082,-0.19059,-0.31398,31.2567850,75.7047397,0.480,293.40
111.321,2.60489,1.30245,9.75398,-0.17715,0.37018,-0.45815,31.2567850,75.7047397,0.480,293.40
111.424,0.75178,1.47483,9.18416,0.02321,0.37629,-0.38729,31.2567850,75.7047397,0.480,293.40
111.527,0.45490,0.87149,10.95587,-0.12095,0.44471,0.07941,31.2567850,75.7047397,0.480,293.40
111.629,1.38385,0.79487,12.24874,-0.27733,0.60720,-0.00489,31.2567850,75.7047397,0.480,293.40
111.732,1.00078,-0.67038,13.67568,-0.75259,-0.05620,0.03421,31.2567850,75.7047397,0.480,293.40
111.834,-0.64643,-1.35512,8.05888,0.27733,-1.48685,-0.54978,31.2567869,75.7047484,0.410,293.40
111.934,-1.97761,-0.34477,8.07325,1.01892,1.16553,0.61820,31.2567869,75.7047484,0.410,293.40
112.036,-0.18675,-0.03352,8.61913,-0.20281,-0.10385,0.51679,31.2567869,75.7047484,0.410,293.40
112.139,-0.80445,1.08218,8.58082,0.34941,0.33475,0.41417,31.2567869,75.7047484,0.410,293.40
112.242,-0.17238,1.15401,8.71489,0.02688,0.16005,0.77702,31.2567869,75.7047484,0.410,293.40
112.346,0.67038,1.47004,9.43316,-0.22235,0.27855,0.58277,31.2567869,75.7047484,0.410,293.40
112.449,0.92416,1.79086,9.74440,-0.06231,-0.12950,0.21869,31.2567869,75.7047484,0.410,293.40
112.550,1.00556,1.85790,9.33739,-0.09285,0.00733,0.04154,31.2567869,75.7047484,0.410,293.40
112.653,1.06781,1.34554,10.94150,-0.00733,-0.23457,-0.20159,31.2567869,75.7047484,0.410,293.40
112.755,-0.73741,0.51715,12.86165,0.37751,0.29932,-0.26512,31.2567869,75.7047484,0.410,293.40
112.857,-0.14844,0.28730,10.02692,-0.72693,-1.15698,0.16371,31.2567840,75.7047515,0.100,293.40
112.959,0.62728,0.16281,10.07001,0.53023,1.23273,-0.05131,31.2567840,75.7047515,0.100,293.40
113.064,1.51314,-1.14443,8.92080,-0.14050,-1.04091,-0.14783,31.2567840,75.7047515,0.100,293.40
113.166,1.20668,-0.35913,8.84897,0.11240,0.04520,-0.15027,31.2567840,75.7047515,0.100,293.40
113.268,1.48919,0.94332,8.63828,-0.16371,-0.29444,-0.48014,31.2567840,75.7047515,0.100,293.40
113.372,2.05901,1.17316,9.27514,-0.22358,0.08674,-0.43494,31.2567840,75.7047515,0.100,293.40
113.475,1.35033,1.12049,9.83059,-0.01955,0.02077,-0.55222,31.2567840,75.7047515,0.100,293.40
113.578,0.56024,0.81403,10.81700,0.14905,0.11851,-0.25656,31.2567840,75.7047515,0.100,293.40
113.681,0.98162,1.08218,11.48259,-0.01710,0.20525,-0.09407,31.2567840,75.7047515,0.100,293.40
113.784,0.27294,0.24421,12.91911,-0.38729,0.54245,0.43738,31.2567840,75.7047515,0.100,293.40
113.886,-0.64165,-0.28730,8.76278,0.14905,-0.75869,0.47770,31.2567767,75.7047550,0.220,293.40
113.988,-1.27372,-1.13964,7.68060,0.82711,-0.14294,0.82955,31.2567767,75.7047550,0.220,293.40
114.091,0.29688,0.73741,7.24007,0.16493,0.01466,0.62553,31.2567767,75.7047550,0.220,293.40
114.195,0.75178,1.48919,9.42358,0.14294,0.81245,0.91141,31.2567767,75.7047550,0.220,293.40
114.299,1.28808,2.00634,9.51935,0.03299,-0.24068,0.58277,31.2567767,75.7047550,0.220,293.40
114.402,1.47483,2.78206,7.86256,0.01100,0.05986,0.75625,31.2567767,75.7047550,0.220,293.40
114.503,2.82995,2.17872,9.45710,0.33353,0.08552,0.17837,31.2567767,75.7047550,0.220,293.40
114.605,2.54743,1.74777,11.87524,-0.22480,0.61209,0.09285,31.2567767,75.7047550,0.220,293.40
114.707,1.58017,0.93374,12.29183,-0.28833,0.14539,-0.48136,31.2567767,75.7047550,0.220,293.40
114.808,1.13964,-0.54109,10.55843,-0.28222,-1.03847,-0.54367,,,,
114.910,-1.25456,-0.63686,9.75398,0.39706,0.00122,-0.29566,,,,
115.013,-0.06225,0.73263,8.23127,0.07086,-0.52290,-0.05986,,,,
115.116,1.60890,1.63763,7.38851,0.12828,-0.32742,0.31398,,,,
115.218,3.46202,1.59933,8.10198,-0.08430,0.03421,0.59743,,,,
115.319,4.74052,0.66080,10.32859,-0.43127,-0.40806,0.02932,,,,
115.420,2.66714,1.59454,8.79630,0.37874,-0.22724,-0.87965,,,,
115.523,1.62327,2.09732,8.28394,0.19426,0.14783,-0.32620,,,,
115.624,2.46124,1.67115,8.38928,-0.45693,0.20525,-0.00733,,,,
115.726,2.67672,2.30801,9.06445,-0.23946,0.61697,-0.60842,,,,
115.829,2.72939,1.97761,10.68772,-0.55222,0.25045,0.06964,,,,
115.931,2.11169,0.94810,11.27669,-0.16616,-0.05376,-0.61697,,,,
116.036,1.81002,1.28329,13.84327,0.05131,0.83444,-0.55222,,,,
116.139,1.16358,-0.69432,12.20564,0.46059,-0.58521,-0.40317,,,,
116.241,-1.47004,0.52194,7.10120,0.90286,0.41050,-0.93951,,,,
116.343,-0.92416,1.82438,7.21612,-0.29566,0.00489,0.04643,,,,
116.445,-0.28730,3.01669,9.95509,0.02199,0.72815,0.26878,,,,
116.547,0.41180,2.02549,9.41400,0.04398,-0.64874,0.42028,,,,
116.651,0.65601,1.92015,7.97748,0.11362,-0.22358,0.40439,,,,
116.753,0.89064,2.75812,8.38449,-0.21136,0.00855,0.15272,,,,
116.856,1.62806,3.07416,8.74841,-0.28344,-0.05009,0.16860,31.2567604,75.7047719,0.450,293.40
116.959,2.68151,2.30322,9.68215,-0.27122,-0.06475,-0.07453,31.2567604,75.7047719,0.450,293.40
117.061,2.16915,2.25055,10.19930,-0.12706,-0.64263,-0.61820,31.2567604,75.7047719,0.450,293.40
117.163,1.58496,1.86748,9.56244,0.34819,-0.90530,-0.78435,31.2567604,75.7047719,0.450,293.40
117.266,1.75734,2.34153,7.86256,0.38485,0.00122,-0.35186,31.2567604,75.7047719,0.450,293.40
117.369,2.96881,1.15401,9.80665,-0.47159,-0.00611,-0.10507,31.2567604,75.7047719,0.450,293.40
117.472,2.81079,1.87227,7.61835,-0.20647,-0.29566,-0.89309,31.2567604,75.7047719,0.450,293.40
117.574,3.06937,2.33195,9.16022,-0.33598,0.25656,-0.27367,31.2567604,75.7047719,0.450,293.40
117.676,3.18908,1.40300,10.29028,-0.28344,0.06475,0.07819,31.2567604,75.7047719,0.450,293.40
117.778,2.18830,1.44131,9.09797,-0.15516,-0.16738,-0.21625,31.2567604,75.7047719,0.450,293.40
117.881,1.58017,1.85311,9.45231,-0.06475,0.56077,-0.03176,31.2567473,75.7047792,0.890,293.40
117.984,1.22104,2.01113,10.72124,-0.09285,0.50580,0.39828,31.2567473,75.7047792,0.890,293.40
118.087,2.19309,2.09253,8.75320,0.06109,0.07575,0.29322,31.2567473,75.7047792,0.890,293.40
118.190,3.19865,1.46046,9.53850,-0.33231,0.31154,0.28100,31.2567473,75.7047792,0.890,293.40
118.291,1.93451,0.35913,11.67413,0.36652,0.71105,-0.40684,31.2567473,75.7047792,0.890,293.40
118.396,0.78051,0.96247,8.51857,0.07575,-0.03543,-0.60842,31.2567473,75.7047792,0.890,293.40
118.498,0.12929,0.80445,8.81066,-0.11240,0.09041,-0.64752,31.2567473,75.7047792,0.890,293.40
118.602,-0.78051,0.56024,10.19930,-0.33231,-0.22480,-0.88087,31.2567473,75.7047792,0.890,293.40
118.706,-1.90100,0.95289,9.09318,0.28833,-0.01344,-0.74892,31.2567473,75.7047792,0.890,293.40
118.810,-0.68953,1.55144,9.14106,-0.33231,0.06597,-0.34697,31.2567430,75.7047945,0.550,293.40
118.912,0.37828,1.21147,10.07480,-0.69394,-0.09529,-0.25412,31.2567430,75.7047945,0.550,293.40
119.015,0.88107,0.24421,10.71166,-0.08919,-0.23579,-0.79657,31.2567430,75.7047945,0.550,293.40
119.118,-0.37828,0.77572,9.40921,0.31887,-0.12095,-0.76236,31.2567430,75.7047945,0.550,293.40
119.220,-0.01915,0.64165,9.22725,-0.26267,-0.46914,-0.60476,31.2567430,75.7047945,0.550,293.40
119.323,0.48842,1.47483,10.43393,-0.42272,-0.22602,-0.58399,31.2567430,75.7047945,0.550,293.40
119.425,1.79565,1.45567,10.48182,-0.14539,-0.74159,-0.73548,31.2567430,75.7047945,0.550,293.40
119.527,2.34153,-0.21548,11.14740,0.34575,-0.32376,-0.73059,31.2567430,75.7047945,0.550,293.40
119.631,0.99120,0.35434,8.41801,0.58521,-0.31887,-1.25838,31.2567430,75.7047945,0.550,293.40
119.732,2.49476,0.32082,8.11634,-0.54611,-0.72449,-0.89553,31.2567430,75.7047945,0.550,293.40
119.834,4.77404,-0.54109,9.37569,-1.05435,-0.71227,-0.94440,31.2567343,75.7047943,0.110,293.40
119.937,3.79242,0.13408,9.16022,-0.11362,0.51924,-1.19974,31.2567343,75.7047943,0.110,293.40
120.039,3.49553,-0.76614,10.07480,-0.40561,-0.11729,-0.82345,31.2567343,75.7047943,0.110,293.40
120.142,1.76213,0.08140,8.57124,-0.14172,0.17104,-1.07512,31.2567343,75.7047943,0.110,293.40
120.244,0.24421,1.48919,8.72926,-0.12828,0.70738,-0.25656,31.2567343,75.7047943,0.110,293.40
120.348,1.54187,0.45011,12.28226,-0.54245,0.81245,0.69272,31.2567343,75.7047943,0.110,293.40
120.450,2.41814,0.54588,10.25197,0.17226,0.27245,-0.01710,31.2567343,75.7047943,0.110,293.40
120.551,2.16436,0.71826,9.40921,0.21136,0.60109,-0.08308,31.2567343,75.7047943,0.110,293.40
120.653,1.81002,-0.26815,9.78750,0.24435,0.17715,-0.41294,31.2567343,75.7047943,0.110,293.40
120.755,-0.01437,-0.94332,8.89207,0.03910,-0.22358,-0.72693,31.2567343,75.7047943,0.110,293.40
120.857,-1.11570,-0.96247,9.46667,-0.27367,-0.07941,-0.98349,31.2567340,75.7047995,0.480,293.40
120.959,-1.13964,-0.32561,9.84975,-0.15516,-0.14294,-0.76358,31.2567340,75.7047995,0.480,293.40
121.062,0.41180,-0.15802,8.92558,-0.48381,-0.33109,-0.60109,31.2567340,75.7047995,0.480,293.40
121.164,0.73741,-0.59855,10.14184,-0.05742,0.19548,-0.79046,31.2567340,75.7047995,0.480,293.40
121.265,0.38307,-0.05746,10.40041,-0.00122,-0.23579,-0.96395,31.2567340,75.7047995,0.480,293.40
121.367,0.42138,-0.16281,11.05163,0.18326,-0.43860,-0.84666,31.2567340,75.7047995,0.480,293.40
121.469,0.22984,0.67995,9.84017,0.54245,-0.51679,-0.95417,31.2567340,75.7047995,0.480,293.40
121.569,0.84276,0.82361,11.13304,0.31765,-0.05376,-0.26756,31.2567340,75.7047995,0.480,293.40
121.673,1.95846,0.50757,8.37492,0.55467,-0.68417,-0.75136,31.2567340,75.7047995,0.480,293.40
121.775,2.10211,0.82361,7.56568,0.32742,0.08919,-0.31032,31.2567340,75.7047995,0.480,293.40
121.878,3.01669,0.74699,9.16022,-0.11851,-0.00611,-0.66584,31.2567305,75.7047944,0.310,293.40
121.981,1.52750,2.32238,10.70208,0.07208,0.54611,-0.17349,31.2567305,75.7047944,0.310,293.40
122.083,3.03106,0.46926,10.66377,-0.11362,-0.80390,-0.04276,31.2567305,75.7047944,0.310,293.40
122.186,1.50835,1.56102,7.71891,0.69761,0.29688,-0.48625,31.2567305,75.7047944,0.310,293.40
122.288,1.88184,1.69031,8.22648,-0.14905,-0.00489,-0.08674,31.2567305,75.7047944,0.310,293.40
122.390,2.02071,1.69031,9.50019,-0.45082,0.00489,-0.35552,31.2567305,75.7047944,0.310,293.40
122.492,1.21147,1.56102,9.11712,-0.48747,-0.12217,-0.47403,31.2567305,75.7047944,0.310,293.40
122.595,0.71826,2.12605,9.72525,-0.30421,0.37385,-0.20647,31.2567305,75.7047944,0.310,293.40
122.698,0.99120,1.46525,10.99417,-0.30177,-0.15760,-0.06475,31.2567305,75.7047944,0.310,293.40
122.802,0.94332,1.45089,9.75877,0.04154,-0.09041,-0.06475,31.2567354,75.7047990,0.320,293.40
122.904,1.24020,1.64242,9.21768,0.02566,0.07697,-0.00611,31.2567354,75.7047990,0.320,293.40
123.008,1.47004,1.24977,9.97424,0.03910,0.07330,0.04398,31.2567354,75.7047990,0.320,293.40
123.111,1.04387,1.48919,9.66779,0.07697,0.08063,-0.04520,31.2567354,75.7047990,0.320,293.40
123.212,-0.03352,1.92973,9.79228,-0.00733,0.10140,0.21136,31.2567354,75.7047990,0.320,293.40
123.313,-0.02873,1.77171,9.79707,0.03665,0.04398,0.46548,31.2567354,75.7047990,0.320,293.40
123.417,-0.00958,1.70467,10.01255,0.27000,0.20036,0.74526,31.2567354,75.7047990,0.320,293.40
123.519,-0.74220,2.28886,10.17057,0.50457,0.27611,1.06779,31.2567354,75.7047990,0.320,293.40
123.621,-0.54588,2.13084,10.54406,0.85277,0.47892,1.49295,31.2567354,75.7047990,0.320,293.40
123.723,-1.06303,2.49476,10.29507,1.13377,0.58399,1.67499,31.2567354,75.7047990,0.320,293.40
123.823,-0.34477,2.66714,9.29429,1.14110,1.03847,1.74341,31.2567359,75.7048048,0.410,293.40
123.924,0.58897,3.02627,8.91122,0.63408,1.07024,1.55160,31.2567359,75.7048048,0.410,293.40
124.025,-0.03352,3.68228,9.74440,0.59254,0.77091,1.07146,31.2567359,75.7048048,0.410,293.40
124.127,0.60334,3.83551,9.09797,0.22724,0.37874,0.86499,31.2567359,75.7048048,0.410,293.40
124.228,1.60890,4.99909,8.43717,0.03421,0.30055,0.54734,31.2567359,75.7048048,0.410,293.40
124.329,-0.52672,5.76045,8.15465,-0.23457,0.11118,0.76725,31.2567359,75.7048048,0.410,293.40
124.432,0.34477,4.74531,9.27993,-0.40561,-0.32254,0.99205,31.2567359,75.7048048,0.410,293.40
124.535,1.87705,4.03184,9.00699,0.37507,0.05498,0.45326,31.2567359,75.7048048,0.410,293.40
124.639,1.30723,4.41012,8.27915,0.51801,0.29077,0.04032,31.2567359,75.7048048,0.410,293.40
124.739,2.16915,3.35188,7.24485,-0.02321,-0.54734,-0.02932,31.2567359,75.7048048,0.410,293.40
124.841,2.82516,3.47159,6.22492,-0.14661,-0.20647,-0.37751,31.2567368,75.7048133,0.300,293.40
124.943,2.12605,4.18028,7.83383,-0.27611,-0.30055,-0.79046,31.2567368,75.7048133,0.300,293.40
125.045,2.67672,3.93607,8.81545,-0.62064,-0.24312,-0.78802,31.2567368,75.7048133,0.300,293.40
125.147,1.68552,4.97515,9.32302,-0.36896,-0.13073,-1.12033,31.2567368,75.7048133,0.300,293.40
125.250,2.65278,5.23851,9.72525,-0.48625,-0.69639,-0.83811,31.2567368,75.7048133,0.300,293.40
125.352,1.07739,4.59208,10.37168,-0.57788,-0.66951,-1.21073,31.2567368,75.7048133,0.300,293.40
125.454,0.54109,4.79798,9.14585,-0.14172,-0.40561,-0.75259,31.2567368,75.7048133,0.300,293.40
125.555,1.43173,4.29999,8.93516,-0.06109,-0.33964,-0.68539,31.2567368,75.7048133,0.300,293.40
125.657,1.02472,4.63517,8.35576,0.24068,0.10140,-0.63897,31.2567368,75.7048133,0.300,293.40
125.761,1.18274,4.67827,8.51857,-0.07819,-0.10873,-0.44227,31.2567368,75.7048133,0.300,293.40
125.863,0.87149,4.72615,8.54251,0.00733,-0.20647,-0.36896,31.2567411,75.7048175,0.540,293.40
125.965,0.82839,4.87938,7.89129,0.00489,-0.06231,-0.25534,31.2567411,75.7048175,0.540,293.40
126.066,0.68953,4.87459,8.39407,-0.19548,-0.00977,-0.02688,31.2567411,75.7048175,0.540,293.40
126.170,1.39821,4.01747,8.75799,0.05376,0.15760,-0.00122,31.2567411,75.7048175,0.540,293.40
126.274,1.10612,3.65834,8.83939,-0.11606,-0.06597,-0.20525,31.2567411,75.7048175,0.540,293.40
126.376,0.02394,4.33829,9.04529,-0.08796,0.09041,-0.09041,31.2567411,75.7048175,0.540,293.40
126.478,-0.74220,4.59687,9.49062,0.18082,0.28955,0.15394,31.2567411,75.7048175,0.540,293.40
126.580,-0.37828,4.23774,9.51935,0.30543,0.23824,0.53390,31.2567411,75.7048175,0.540,293.40
126.681,1.22583,3.13162,8.68616,0.18692,0.44104,0.76114,31.2567411,75.7048175,0.540,293.40
126.783,1.92494,2.61926,9.19373,0.02810,0.14416,0.28711,31.2567411,75.7048175,0.540,293.40
126.885,2.26491,2.51391,8.06846,-0.29077,-0.35064,-0.10263,31.2567407,75.7048182,0.260,293.40
126.986,1.55144,3.78284,8.62870,-0.29322,0.05131,-0.66584,31.2567407,75.7048182,0.260,293.40
127.088,0.14365,4.55377,10.29028,-0.46426,0.09774,-0.23457,31.2567407,75.7048182,0.260,293.40
127.190,0.38786,3.79242,9.88326,0.11973,-0.04032,-0.18326,31.2567407,75.7048182,0.260,293.40
127.291,0.66559,3.66313,9.25119,0.10629,0.30055,-0.25656,31.2567407,75.7048182,0.260,293.40
127.392,1.59933,3.69186,8.14507,-0.42761,0.23335,-0.29077,31.2567407,75.7048182,0.260,293.40
127.495,1.09654,3.62961,9.94551,0.03665,0.13928,-0.62308,31.2567407,75.7048182,0.260,293.40
127.597,-0.70390,4.10845,10.72602,-0.38973,-0.77702,-0.36530,31.2567407,75.7048182,0.260,293.40
127.699,-0.77093,3.65834,11.85130,0.12095,-0.95661,0.13195,31.2567407,75.7048182,0.260,293.40
127.799,0.81882,1.51792,10.55843,-0.40928,-0.79412,0.64630,31.2567407,75.7048182,0.260,293.40
127.902,-1.15879,2.41336,6.73728,-0.27733,0.20403,0.32498,31.2567427,75.7048191,0.310,293.40
128.005,0.17717,1.97282,8.60955,-0.20769,0.66096,0.28222,31.2567427,75.7048191,0.310,293.40
128.108,0.24900,1.80523,7.84340,0.37751,0.99938,0.12828,31.2567427,75.7048191,0.310,293.40
128.211,1.45089,0.86191,8.71011,-1.35856,-0.50824,-0.20647,31.2567427,75.7048191,0.310,293.40
128.313,-0.20590,3.60567,7.03895,-0.06964,0.24435,-0.20892,31.2567427,75.7048191,0.310,293.40
128.414,0.31125,2.63362,10.91756,0.04765,0.52534,0.06720,31.2567427,75.7048191,0.310,293.40
128.517,2.17872,1.26414,12.54083,-0.18326,-0.30788,0.04032,31.2567427,75.7048191,0.310,293.40
128.619,2.53307,-0.33998,13.67089,-0.33475,-0.12950,-0.67073,31.2567427,75.7048191,0.310,293.40
128.723,-0.23942,-1.01993,9.54329,0.90408,-0.37141,-1.31458,31.2567427,75.7048191,0.310,293.40
128.825,-0.54588,-1.62806,8.49463,0.31643,-0.98471,-1.10078,31.2567424,75.7048215,0.280,293.40
128.928,-0.77093,0.79487,7.65187,0.20647,-0.26023,-0.85521,31.2567424,75.7048215,0.280,293.40
129.032,0.96247,1.16358,8.61434,-0.49724,-0.32132,-0.51801,31.2567424,75.7048215,0.280,293.40
129.136,1.20189,1.37906,8.97347,-0.28711,0.24190,-0.55833,31.2567424,75.7048215,0.280,293.40
129.238,1.57538,0.54109,9.98382,-0.42150,-0.01466,-0.21502,31.2567424,75.7048215,0.280,293.40
129.341,0.43574,0.11013,10.56801,-0.45693,-0.19426,-0.25534,31.2567424,75.7048215,0.280,293.40
129.443,-0.17717,-0.45011,13.21599,0.14172,0.16616,0.01100,31.2567424,75.7048215,0.280,293.40
129.545,-1.39821,-0.32082,13.43626,-0.17959,0.58765,0.36041,31.2567424,75.7048215,0.280,293.40
129.647,0.10056,0.46926,9.00220,0.31276,-0.77091,0.28344,31.2567424,75.7048215,0.280,293.40
129.750,-0.14844,-0.13408,8.62391,0.86010,0.15882,0.32132,31.2567424,75.7048215,0.280,293.40
129.852,0.30646,1.18752,6.28717,0.74159,0.02077,0.12462,31.2567443,75.7048271,0.170,293.40
129.954,0.77572,1.17316,7.75243,0.06475,-0.10018,0.30665,31.2567443,75.7048271,0.170,293.40
130.057,1.06781,2.17872,8.22169,0.11973,0.45693,0.00611,31.2567443,75.7048271,0.170,293.40
130.160,0.45011,3.65355,9.92636,0.00367,0.60842,0.14539,31.2567443,75.7048271,0.170,293.40
130.263,1.01035,2.65278,10.51055,-0.33964,-0.49969,0.01710,31.2567443,75.7048271,0.170,293.40
130.367,0.78530,2.21703,11.11388,-0.17226,0.06720,-0.48869,31.2567443,75.7048271,0.170,293.40
130.472,1.14922,0.35434,11.06600,-0.37018,-0.40439,-0.68783,31.2567443,75.7048271,0.170,293.40
130.576,-0.83797,0.71826,9.81623,0.81001,0.62186,-0.59254,31.2567443,75.7048271,0.170,293.40
130.680,0.13408,0.23463,8.09240,0.26267,-0.46181,-0.61575,31.2567443,75.7048271,0.170,293.40
130.782,-0.47884,1.16358,8.26957,0.21014,-0.10018,-0.69639,31.2567443,75.7048271,0.170,293.40
130.883,0.52194,1.97282,8.11634,-0.17349,0.03299,-0.41783,31.2567444,75.7048288,0.160,293.40
130.985,1.79086,1.17795,8.22169,-0.75136,-0.45815,-0.03910,31.2567444,75.7048288,0.160,293.40
131.089,0.67995,0.17238,13.44105,-1.09834,-0.16860,-0.06964,31.2567444,75.7048288,0.160,293.40
131.191,-0.07661,0.54588,13.08671,0.02321,-0.54000,-0.47037,31.2567444,75.7048288,0.160,293.40
131.293,0.55067,-0.77572,11.60230,-0.55711,0.25412,0.38607,31.2567444,75.7048288,0.160,293.40
131.398,-0.23463,-1.12527,7.76679,0.41661,0.88820,-0.70005,31.2567444,75.7048288,0.160,293.40
131.500,-0.62728,0.38786,8.12592,-0.01466,-0.63408,0.18815,31.2567444,75.7048288,0.160,293.40
131.603,-0.51715,0.43574,8.76757,0.13317,0.20525,0.39218,31.2567444,75.7048288,0.160,293.40
131.707,-1.20668,1.45089,8.15944,0.37874,0.11851,0.28955,31.2567444,75.7048288,0.160,293.40
131.810,-0.14844,1.47962,7.11078,-0.24312,-0.12706,0.76969,,,,
131.910,1.05345,0.37350,10.44830,-0.45937,0.56444,0.76358,,,,
132.012,1.93930,0.29688,12.77067,-0.66218,-0.92485,0.25901,,,,
132.117,3.17950,-1.74777,13.28782,-0.61331,0.07575,0.40317,,,,
132.221,1.26414,-1.59454,10.18493,0.44593,0.63774,-0.56077,,,,
132.323,1.47483,-2.27449,7.11078,0.44960,-0.94684,-0.74159,,,,
132.426,0.83318,-1.43652,7.68539,0.27978,0.30177,-0.65973,,,,
132.528,1.45089,-1.34075,8.85376,-0.82589,-0.33598,-0.55833,,,,
132.630,1.29287,-0.55067,9.24162,-0.54123,0.23702,-0.88087,,,,
132.732,0.94810,-0.18675,11.14261,-0.54978,0.32742,-0.94806,,,,
132.834,1.49877,-1.52271,13.92468,0.05620,-0.30788,-0.14539,,,,
132.936,0.33519,-1.66158,14.19762,0.23213,0.97005,0.27367,,,,
133.037,-1.42216,-1.44610,8.55688,0.46670,-0.98471,-0.23579,,,,
133.139,-2.12605,-1.00556,7.30232,0.93585,0.29688,0.78557,,,,
133.242,-0.15802,0.00000,7.90087,0.58277,0.58765,0.62797,,,,
133.343,-0.39744,1.27850,7.20176,0.14539,0.01833,0.98838,,,,
133.445,-0.90980,2.22182,7.59920,0.00611,0.40684,1.44531,,,,
133.548,1.69031,0.28252,10.12747,-0.18326,0.54245,1.37811,,,,
133.650,2.55701,-0.04310,11.83693,-0.34453,-0.25168,0.43982,,,,
133.752,2.38941,-1.46525,14.12579,-1.03358,0.36408,0.52412,,,,
133.853,0.48842,-1.45567,10.71645,0.12095,-0.86254,-1.63590,,,,
133.955,-0.33519,-2.61926,8.99262,0.55467,-0.39951,-0.97738,,,,
134.058,0.07661,-0.93853,7.14909,0.33353,-0.26145,-0.68661,,,,
134.161,0.53630,-0.16759,7.87692,-0.05376,-0.20647,-0.31154,,,,
134.263,1.44131,0.03831,9.27514,-0.27733,0.23579,-0.37385,,,,
134.364,1.17316,0.37350,10.23282,-0.11484,0.32132,-0.38851,,,,
134.467,0.78530,0.35434,11.13304,0.00244,0.10263,-0.06231,,,,
134.570,2.82516,-0.25857,11.95664,-0.22602,-1.52594,-0.02688,,,,
134.673,3.21302,-1.51314,11.75553,-0.83689,-0.49602,0.30665,,,,
134.774,0.14365,-1.07739,8.42759,0.39951,-0.23702,-0.42394,,,,
134.875,-0.31125,-1.34075,8.05409,0.44471,-0.35675,0.41783,,,,
134.978,0.34477,0.18675,7.19697,0.25045,0.35186,0.20403,,,,
135.081,1.77171,0.89064,8.74841,0.07086,0.16493,0.21380,,,,
135.183,1.61848,1.00078,9.14585,0.42150,-0.01100,0.42272,,,,
135.286,0.82361,1.56581,8.32703,0.19914,0.09896,0.28833,,,,
135.389,2.01113,1.71904,11.21923,0.15027,0.86132,0.31765,,,,
135.491,2.92093,1.22583,13.82891,-0.74159,-0.27855,0.39706,,,,
135.595,3.64876,-0.78530,10.79785,0.12828,-1.39888,-0.93707,,,,
135.697,1.04387,-0.32082,8.39886,0.87354,0.56688,-0.67073,,,,
135.799,2.16915,-1.27372,7.00065,-0.10751,-1.11055,-0.42761,,,,
135.901,2.04465,0.26336,7.17303,-0.03910,0.10629,-0.44471,,,,
136.004,3.11246,0.84755,8.25521,-0.87476,-0.15027,-0.12095,,,,
136.113,2.34153,1.20668,10.12268,-0.19303,0.41172,-0.66340,,,,
136.215,1.66158,1.18274,10.08917,-0.19670,0.34331,-0.36774,,,,
136.316,2.57137,-0.07183,13.95820,0.07819,0.81978,-0.03054,,,,
136.419,3.36146,-0.30646,13.46499,-0.41661,-0.36408,0.19426,,,,
136.520,0.97205,0.05746,8.27436,0.70860,-0.71593,-1.10811,,,,
136.623,-1.11570,-0.04788,7.89608,1.10811,0.22358,-0.37507,,,,
136.731,1.13006,1.00556,7.64229,0.07330,-0.39340,0.05498,,,,
136.834,2.32238,1.89621,8.05888,-0.33353,-0.68661,0.05742,,,,
136.936,2.69108,2.24576,8.27915,-0.21502,-0.73426,-0.00855,,,,
137.038,3.02148,2.22661,9.07402,-0.17226,-0.17471,-0.18082,,,,
137.144,3.50990,2.47082,8.40365,-0.10873,-0.33842,-0.16371,,,,
137.247,5.18584,2.43251,8.40844,0.00733,-0.49236,-0.37141,,,,
137.352,4.83629,0.95768,9.81623,-0.02321,-0.22969,-0.24190,,,,
137.455,4.35266,1.61848,9.30866,0.26023,0.08063,-1.03236,,,,
137.557,5.20021,1.47004,6.58405,0.21258,-0.16616,-1.17775,,,,
137.659,5.94241,-0.51236,8.45632,-0.83078,0.59498,-0.56322,,,,
137.761,3.72059,1.86269,8.95910,-0.27489,-0.77946,-1.83382,,,,
137.863,2.70066,2.78685,8.54251,-0.30299,0.21991,-0.84788,,,,
137.966,3.09331,2.77249,10.51533,-0.47770,0.23946,-0.67073,,,,
138.068,2.02549,2.80600,10.45308,-0.18570,-0.15272,-0.01710,,,,
138.171,2.06859,2.18830,8.74362,-0.15272,-0.28955,-0.16127,,,,
138.274,2.63841,1.25935,8.93037,0.03543,-0.06597,0.31643,,,,
138.376,2.47082,1.18274,8.17859,0.02321,-0.12584,0.08796,,,,
138.478,3.10289,1.28808,8.46111,-0.73548,-0.03421,-0.19548,,,,
138.582,4.82192,2.93050,8.72447,-0.75381,0.01344,-0.89431,,,,
138.685,5.20978,1.97282,8.92558,-0.61087,-0.66706,-1.30236,,,,
138.791,5.87058,1.41737,8.93995,-0.52412,-3.09220,-2.52287,,,,
138.895,5.77481,4.22337,7.04374,0.15394,2.12581,-0.11851,,,,
138.998,4.48673,0.66080,6.70376,-0.16249,1.11300,-1.36223,,,,
139.102,4.72615,0.39265,6.90009,-0.66218,1.58581,-1.87413,,,,
139.205,3.47159,0.13886,9.58638,-0.65485,1.41965,-1.88880,,,,
139.309,1.73340,0.73741,7.63750,-1.24006,-0.56933,-1.15576,,,,
139.411,0.17238,-0.78530,10.46745,-1.25960,0.92241,-0.17471,,,,
139.513,0.07183,-0.97205,10.82658,-0.79779,-0.27489,-0.46670,,,,
139.617,-0.13886,0.53630,10.35732,-0.32865,0.55222,-0.39095,,,,
139.722,0.45969,0.34477,11.50653,-0.37141,0.46181,0.06475,,,,
139.826,-0.12929,-1.02472,10.91756,0.67562,0.13683,-0.05253,,,,
139.929,-2.27449,-0.97683,7.54174,0.56200,-0.54123,0.20403,,,,
140.034,-0.43096,-0.93853,9.16979,-0.22969,0.07086,-0.11362,,,,
140.138,0.14365,0.26336,8.48505,-0.14661,0.12217,-0.38240,,,,
140.244,0.88107,0.59855,9.04051,-0.53267,0.04887,-0.22113,,,,
140.349,1.62806,-0.11492,11.32936,-0.39951,-0.40928,-0.63286,,,,
140.453,1.84354,-0.01915,11.02769,0.22480,-0.61331,-1.22417,,,,
140.556,1.49398,-1.96803,12.14818,0.61087,0.26634,-1.16431,,,,
140.659,1.21625,-1.58017,7.32147,0.95539,0.75869,-1.37200,,,,
140.763,1.25935,-1.92494,7.90565,-0.14905,-0.27122,-1.07146,,,,
140.867,1.75734,-1.77171,9.43316,-0.70738,-0.14172,-1.18386,,,,
140.969,-0.14844,-0.79487,10.21845,-0.70372,-0.16127,-1.18264,,,,
141.073,-0.45490,-0.54588,10.86968,-0.42272,-0.23702,-0.82222,,,,
141.178,-0.80924,0.12929,8.61434,-0.28222,0.29322,-0.31032,,,,
141.281,-0.54109,-1.15879,11.48738,-0.48258,0.66584,0.22969,,,,
141.385,-0.64165,-3.37582,13.59428,-1.07268,0.45448,1.13499,,,,
141.486,1.01035,-3.06937,11.69807,0.21869,0.50702,-0.06353,,,,
141.592,-3.08852,-1.89621,7.75721,0.42394,0.71960,0.33353,,,,
141.696,-2.39899,-2.62883,7.98706,0.33842,-0.35797,0.84910,,,,
141.799,-2.03986,-0.21548,7.12993,0.28466,0.25779,0.38118,,,,
141.902,-1.47004,-0.32561,8.67659,-0.01710,0.07086,0.60598,,,,
142.006,-0.89064,-0.18675,9.24641,-0.16371,-0.09285,0.31521,,,,
142.110,-0.91459,0.59855,8.62870,-0.14172,0.10507,0.05376,,,,
142.212,-0.52194,-0.82839,12.51689,-0.41417,-0.30055,-0.16249,,,,
142.315,-0.47884,-1.48919,13.35965,-0.24312,-0.32376,-0.88942,,,,
142.416,-0.96726,-1.86269,9.04529,0.54611,-0.73670,-1.26205,,,,
142.520,-0.93853,-2.63362,9.12670,0.60964,0.06475,-0.55711,,,,
142.622,0.31603,-1.72383,7.53695,0.51679,-0.06842,-0.95295,,,,
142.725,0.00000,-0.78051,7.71412,-0.11118,-0.28100,-0.82467,,,,
142.827,0.57461,-0.57461,9.06445,-0.57666,-0.05498,-0.57299,,,,
142.930,0.20590,-0.94810,11.13304,-0.43616,-0.14172,-0.49969,,,,
143.033,-1.47962,-1.37427,12.84729,0.01100,0.35919,-0.01710,,,,
143.136,-1.95367,-2.21703,12.54562,-0.51191,0.58765,0.90897,,,,
143.241,-2.27928,-2.03028,7.78594,0.59987,0.37751,0.24068,,,,
143.345,-3.18429,-2.18830,7.45554,0.15394,-0.11362,1.13010,,,,
143.450,-1.67115,-0.12450,6.56969,0.25412,0.27000,1.07024,,,,
143.554,-0.61292,0.22984,8.53294,-0.47037,-0.02688,1.35734,,,,
143.657,-0.25857,-0.22984,10.44830,-0.21747,-0.16127,0.86010,,,,
143.759,-0.34955,0.41659,9.23204,-0.31643,-0.23091,0.50213,,,,
143.862,-0.07661,0.04788,12.38760,-0.11362,-0.29199,0.07208,,,,
143.964,0.79009,-2.46124,15.26543,-0.57177,-0.51801,-0.12706,,,,
144.066,0.60813,-1.56581,7.80031,0.99449,0.02443,-1.44653,,,,
144.168,-0.63207,-2.31280,9.24641,0.54856,-0.12095,-0.58765,,,,
144.270,0.65122,-1.58496,7.22570,0.56688,-0.16860,-0.54856,,,,
144.372,0.31125,-1.21625,7.24485,-0.05498,-0.36652,-0.53878,,,,
144.474,0.53630,-0.62728,8.04931,-0.74037,0.14905,-0.49236,,,,
144.578,0.42617,-0.40223,10.79785,-0.97128,0.13195,-0.46181,,,,
144.680,-0.17238,-0.81882,15.05474,-0.48014,0.59620,-0.14539,,,,
144.782,-0.07183,-2.06380,13.57034,-0.25534,0.09774,0.65729,,,,
144.884,-0.91459,-1.70467,7.83383,0.99938,-0.43371,-0.48014,,,,
144.987,-5.05655,-1.10612,5.25767,0.60476,1.49295,0.59743,,,,
145.091,-0.76136,-1.73819,8.99741,0.15027,-0.32987,0.91019,,,,
145.193,-0.59376,0.41180,7.16345,-0.10751,0.32254,0.57666,,,,
145.295,-0.61292,0.59855,8.81066,-0.40561,0.14172,0.57299,,,,
145.398,-1.19710,0.51715,9.36133,-0.48869,-0.05986,0.41050,,,,
145.499,-0.75178,0.30646,11.79384,-0.16005,-0.08063,0.05498,,,,
145.601,-0.66559,-1.02951,14.73392,-0.32132,-0.61453,-0.08430,,,,
145.704,0.80445,-1.43652,9.67736,1.00426,-0.93707,-1.44042,,,,
145.806,-0.95289,-0.75657,7.77158,0.99082,0.74037,-0.75992,,,,
145.908,0.54588,-0.82839,8.46590,0.55955,-0.04765,-0.11362,,,,
146.010,-0.85712,-0.25379,8.07325,0.54000,0.33231,-0.46181,,,,
146.113,-0.36392,1.13006,7.80989,-0.33598,-0.76114,-0.50824,,,,
146.217,1.12049,1.64242,12.39718,-0.10996,-0.85643,-0.65729,,,,
146.319,-0.21548,2.89220,11.81299,0.56444,0.44593,-0.63041,,,,
146.421,-2.80600,2.21224,12.78983,-0.37874,0.61087,0.27000,,,,
146.525,-1.42216,0.02873,9.51935,1.12033,-0.19914,-0.17104,,,,
146.628,-2.53307,1.35512,6.89530,0.96639,1.16309,0.58521,,,,
146.730,-3.10289,3.13162,7.23528,0.48747,0.02810,0.58643,,,,
146.834,-0.38786,3.07416,6.29675,0.18937,-0.68661,0.28833,,,,
146.936,0.03352,3.87382,6.47392,0.00733,0.36163,0.11362,,,,
147.038,-1.43173,4.99430,11.18092,-0.91630,0.15760,0.65607,,,,
147.139,0.58419,6.10043,12.47858,-0.32742,-1.12521,0.21380,,,,
147.242,1.54665,2.46603,14.02044,0.07941,-1.19852,-0.08308,,,,
147.344,2.35111,2.07817,5.55934,0.54489,-0.99327,-0.65240,,,,
147.445,2.71981,1.16358,7.44118,0.12828,0.29566,-0.13806,,,,
147.547,2.70066,1.90578,6.75165,-0.47770,-0.29810,-0.29566,,,,
147.651,2.68629,3.06937,6.57927,-0.76969,-0.05131,-0.54123,,,,
147.753,2.95923,2.67193,11.72201,-1.23883,0.86132,-0.31154,,,,
147.855,0.66559,2.93529,12.76588,-0.11484,0.58765,-0.57421,,,,
147.956,-0.71826,2.43251,13.79060,-0.36896,0.87354,0.39828,,,,
148.060,-0.08619,-0.19632,12.54562,0.77824,-0.87476,-0.08796,,,,
148.162,-3.95043,0.76614,5.02782,1.18752,1.05802,0.18570,,,,
148.263,-0.89543,1.59933,6.22014,-0.28955,-0.37751,0.84177,,,,
148.365,0.05267,2.62883,7.56089,-0.19548,0.47403,0.81001,,,,
148.466,0.48842,2.48518,9.17458,-0.75503,0.03054,0.75014,,,,
148.568,-0.10534,2.98796,9.30866,-0.57421,0.06475,0.39095,,,,
148.669,0.44053,3.31358,8.93516,-0.32376,0.19914,0.34086,,,,
148.770,1.06303,2.40378,10.68293,-0.55467,0.12584,0.03299,,,,
148.872,0.13886,1.18752,14.11621,-0.48625,-0.28955,-0.08430,,,,
148.974,0.61770,-1.00556,12.89038,0.59620,-0.92729,-0.43249,,,,
149.075,-0.14844,-0.55067,7.96790,0.55467,0.30788,-0.08919,,,,
149.177,0.67516,-0.44532,9.06924,0.23091,-0.15760,-0.13683,,,,
149.279,0.42138,0.53630,8.37013,0.16493,0.25290,0.13928,,,,
149.381,1.31202,1.01035,7.16824,-0.45204,-0.37629,0.34086,,,,
149.483,3.03106,0.87628,9.05966,-0.71227,-0.11729,0.09652,,,,
149.586,3.21781,0.47884,11.31021,-0.49969,0.52168,-0.32987,,,,
149.691,0.45969,0.43096,11.50175,0.20159,0.48747,-0.41905,,,,
149.793,0.17238,0.59855,9.99340,0.26389,-0.13806,-0.23579,,,,
149.894,0.84276,1.17316,8.39407,0.07697,0.28955,-0.51801,,,,
149.996,0.16759,0.61770,10.00776,0.04887,0.48991,-0.42394,,,,
150.098,-0.63207,-0.44532,10.02692,0.25656,0.00000,-0.39462,,,,
150.200,-2.12605,-0.08619,8.45632,0.33475,-0.12095,-0.82467,,,,
150.302,-1.87227,1.95846,8.57124,-0.26878,0.10873,-0.29444,,,,
150.404,-0.26336,1.58975,10.94150,-0.04032,-0.08308,-0.32009,,,,
150.505,-0.45490,2.19309,8.21211,0.27367,-0.21869,-0.49602,,,,
150.606,0.35913,1.62327,9.05966,-0.37263,-0.08186,-0.64507,,,,
150.708,0.47884,0.97683,11.13304,0.03665,-0.40073,-1.34390,,,,
150.810,0.70390,0.97683,11.13783,-0.15760,0.01710,-1.04336,,,,
150.912,1.18274,0.05746,9.46667,0.47525,-0.01710,-1.71775,,,,
151.013,1.57538,-0.30167,9.35175,0.05742,-0.25779,-1.63834,,,,
151.115,1.83875,-1.44131,11.47301,0.15638,-0.11851,-1.40621,,,,
151.217,1.02951,-0.95768,8.31267,0.36652,-0.72082,-1.51739,,,,
151.319,0.02873,-0.37350,8.26957,-0.41539,-0.48747,-1.01037,,,,
151.421,-0.82361,-0.35913,12.14339,-0.87354,0.33842,-0.33720,,,,
151.522,-2.31759,1.81959,10.99896,-0.13806,0.69516,-0.32009,,,,
151.624,-1.13485,1.43173,12.10030,-0.34819,0.13683,0.61697,,,,
151.726,-0.00958,0.09098,9.79707,1.03725,0.07086,0.43005,,,,
151.828,-0.75657,0.62728,6.95276,0.61087,0.12706,0.44960,,,,
151.931,-0.07661,0.67516,9.61990,-0.31398,-0.04887,-0.07453,,,,
152.034,0.23942,2.09732,7.97269,0.13806,0.30177,-0.68539,,,,
152.137,0.81882,1.87227,9.77792,-0.38118,-0.36285,-0.69272,,,,
152.239,0.24900,1.49398,10.86489,0.15638,-0.66096,-1.25716,,,,
152.342,0.92416,0.36392,12.28226,-0.27611,-0.31887,-1.21929,,,,
152.443,0.89543,-0.07183,9.16979,0.53267,0.01466,-1.72631,,,,
152.546,1.48919,-0.67995,8.89685,-0.04765,-0.03665,-1.63468,,,,
152.648,1.34075,-1.74777,11.14261,0.15760,-0.07453,-1.37200,,,,
152.751,1.51314,-0.78530,8.94474,-0.06842,-0.35064,-1.36223,,,,
152.854,1.05345,-0.24421,10.78827,0.03299,-0.09652,-1.54915,31.2567306,75.7048257,0.090,293.40
152.957,-1.04387,0.93374,10.27112,0.19792,-0.16127,-1.15087,31.2567306,75.7048257,0.090,293.40
153.060,-1.48441,2.08296,8.79630,0.12706,-0.06597,-0.56933,31.2567306,75.7048257,0.090,293.40
153.163,-1.31681,1.75256,10.24239,-0.34331,0.29322,0.20281,31.2567306,75.7048257,0.090,293.40
153.265,-0.74220,0.30167,10.84095,0.24435,-0.02077,0.08063,31.2567306,75.7048257,0.090,293.40
153.369,-2.26491,0.27294,8.07804,0.23091,0.31398,0.15149,31.2567306,75.7048257,0.090,293.40
153.473,-1.09176,0.22984,9.50019,-0.17226,0.16249,-0.07086,31.2567306,75.7048257,0.090,293.40
153.578,-1.16837,1.85311,9.04529,-0.28955,0.36530,-0.18815,31.2567306,75.7048257,0.090,293.40
153.680,-0.40701,1.61848,9.60554,-0.15882,0.21258,-0.33353,31.2567306,75.7048257,0.090,293.40
153.784,0.02394,1.60890,8.60955,-0.25656,0.29810,-0.50580,31.2567306,75.7048257,0.090,293.40
153.887,-0.17717,0.67038,9.22725,-0.52412,-0.05131,-1.01526,31.2567308,75.7048221,0.340,321.40
153.990,-1.50835,0.12929,9.78750,-0.14172,0.07208,-1.42332,31.2567308,75.7048221,0.340,321.40
154.093,-2.88741,-1.42216,12.56477,-0.22358,0.07697,-1.25594,31.2567308,75.7048221,0.340,321.40
154.197,-3.18908,-2.33195,13.35486,-0.55100,0.03665,-0.77458,31.2567308,75.7048221,0.340,321.40
154.299,-2.84910,-2.43730,9.07881,0.82711,-0.34941,-0.99571,31.2567308,75.7048221,0.340,321.40
154.403,-1.92015,-3.43807,7.58004,0.34453,0.28466,0.03176,31.2567308,75.7048221,0.340,321.40
154.507,-0.96726,-2.64799,8.81066,0.15516,0.20159,-0.18692,31.2567308,75.7048221,0.340,321.40
154.611,-0.97205,-1.62327,8.08282,-0.14050,-0.20036,-0.58399,31.2567308,75.7048221,0.340,321.40
154.716,-1.15879,-0.69911,7.88171,-0.33109,0.32009,-0.65240,31.2567308,75.7048221,0.340,321.40
154.821,-0.91937,-1.23062,10.99896,-0.60109,-0.10873,-0.39584,31.2567322,75.7048174,0.220,317.70
154.923,-2.18351,-1.77650,11.62624,0.01833,0.20281,-0.42638,31.2567322,75.7048174,0.220,317.70
155.026,-3.83551,-3.25611,11.24796,-0.06353,0.24923,-0.13806,31.2567322,75.7048174,0.220,317.70
155.131,-2.75333,-3.83551,11.39640,-0.57910,0.19914,0.10751,31.2567322,75.7048174,0.220,317.70
155.236,-4.30956,-1.65200,7.81946,0.51679,0.39095,0.22235,31.2567322,75.7048174,0.220,317.70
155.341,-3.31836,-3.25133,8.10198,0.21014,-0.59620,1.38544,31.2567322,75.7048174,0.220,317.70
155.447,-2.82995,-1.48441,6.96234,0.42516,0.07941,0.76603,31.2567322,75.7048174,0.220,317.70
155.555,-2.86347,-0.79009,7.52258,0.07941,-0.09652,1.21318,31.2567322,75.7048174,0.220,317.70
155.659,-2.24097,-0.12450,8.05888,-0.17349,-0.12584,1.19974,31.2567322,75.7048174,0.220,317.70
155.761,-0.98641,0.52194,7.92960,-0.64385,-0.07330,0.87842,31.2567322,75.7048174,0.220,317.70
155.866,-0.41180,-0.69432,10.97023,-0.81612,-0.24679,0.45693,,,,
155.968,-0.92416,-1.81002,12.78504,-0.85888,-0.25168,0.13806,,,,
156.071,-1.22104,-3.41892,12.67012,-0.15638,-0.44960,-0.68173,,,,
156.174,-2.08296,-2.69587,8.67659,0.33353,-0.14905,-0.88087,,,,
156.278,-1.75256,-3.19865,8.63349,0.40195,-0.16860,-0.45204,,,,
156.380,-0.99120,-1.90100,8.00142,0.32009,-0.04643,-0.39706,,,,
156.483,0.05746,-1.24020,8.49463,0.06353,-0.20159,-0.24557,,,,
156.587,0.48842,-1.37427,9.48583,-0.08186,0.03787,-0.26634,,,,
156.690,-0.41180,-1.01993,8.80109,0.05376,0.11851,-0.67195,,,,
156.792,-1.39821,-1.31681,9.88805,-0.44471,0.67073,-0.31032,,,,
156.895,-2.48039,-3.83072,14.90151,-1.06291,0.71716,-0.09774,,,,
156.997,-2.39899,-3.93128,13.26867,0.62430,0.37018,-0.47892,,,,
157.099,-5.33428,-1.62806,4.65433,0.65851,0.05620,0.38729,,,,
157.202,-2.74376,-2.86825,8.19296,0.34086,-0.28222,0.69394,,,,
157.305,-2.61447,-0.41659,7.07726,0.36163,0.33598,0.57788,,,,
157.408,-2.41336,-0.13408,8.45153,0.09163,-0.14416,0.92485,,,,
157.511,-1.87227,0.39744,8.60476,0.00611,-0.09774,0.61331,,,,
157.617,-1.65679,1.20189,8.28873,-0.08430,0.14905,0.54856,,,,
157.718,-1.68073,0.81882,9.51935,-0.03543,0.13806,0.46304,,,,
157.821,-1.03908,0.00479,11.49696,-0.54978,-0.37141,0.05498,,,,
157.923,-1.72383,-1.74298,13.16332,-0.23824,-0.78557,-0.84299,,,,
158.026,-2.20745,-1.38864,9.05487,0.46304,0.09407,-0.76847,,,,
158.128,-2.04944,-3.05979,9.76834,0.25534,-0.55222,-0.08919,,,,
158.231,-1.52271,-1.52750,7.92002,0.58032,-0.17959,-0.25534,,,,
158.333,-0.90980,-0.38786,7.32147,0.02566,-0.20769,-0.16738,,,,
158.436,0.07183,-0.13886,8.88728,-0.43738,0.00977,-0.16616,,,,
158.538,0.33040,-0.03831,9.80665,-0.24312,0.17226,-0.37263,,,,
158.642,-0.22505,0.00958,9.00220,-0.28466,0.19059,-0.47525,,,,
158.745,-0.79487,-1.28329,10.96544,-0.25045,0.45815,-0.65851,,,,
158.848,-2.24097,-1.65200,11.90397,-0.27978,1.18874,-0.49602,31.2567385,75.7048175,0.070,317.70
158.950,-3.85945,-3.07416,13.33570,-0.29444,0.30421,0.01588,31.2567385,75.7048175,0.070,317.70
159.053,-3.42371,-2.17872,7.06289,0.65973,-0.23702,-0.57421,31.2567385,75.7048175,0.070,317.70
159.155,-4.73094,-2.65278,7.45554,0.38118,0.29199,0.62675,31.2567385,75.7048175,0.070,317.70
159.257,-2.29365,-1.39343,7.64708,0.22358,0.02932,0.46548,31.2567385,75.7048175,0.070,317.70
159.360,-3.27048,-0.83797,8.01100,0.29688,0.30055,0.44471,31.2567385,75.7048175,0.070,317.70
159.461,-4.24731,-0.67038,8.01579,0.17226,-0.06475,0.64874,31.2567385,75.7048175,0.070,317.70
159.564,-3.57215,1.20189,6.34942,-0.29199,0.02810,1.00548,31.2567385,75.7048175,0.070,317.70
159.667,-0.87628,0.92895,8.52815,-0.91263,-0.26878,1.06535,31.2567385,75.7048175,0.070,317.70
159.769,0.70868,-0.16281,10.97502,-0.54734,-0.28588,0.24068,31.2567385,75.7048175,0.070,317.70
159.872,-1.71904,-1.87705,12.74673,-0.98838,-0.07330,-0.16738,31.2567395,75.7048163,0.060,317.70
159.975,-0.89543,-4.51068,14.22156,-0.34819,-1.90468,-1.32313,31.2567395,75.7048163,0.060,317.70
160.077,-3.12683,-1.72861,7.88650,0.79657,-0.11729,-0.99449,31.2567395,75.7048163,0.060,317.70
160.180,-1.05824,-2.07817,9.23204,0.57055,-0.65240,-0.25412,31.2567395,75.7048163,0.060,317.70
160.283,-0.77572,-0.96726,8.77714,0.57910,0.21502,0.11362,31.2567395,75.7048163,0.060,317.70
160.385,1.10612,-0.31603,8.45153,0.44471,0.23824,0.00855,31.2567395,75.7048163,0.060,317.70
160.487,1.18752,0.12929,9.34696,-0.03176,0.44838,0.07575,31.2567395,75.7048163,0.060,317.70
160.589,0.84755,0.00000,8.70532,0.00244,0.09774,-0.26023,31.2567395,75.7048163,0.060,317.70
160.693,0.18196,-0.69911,9.18895,-0.32254,0.37141,-0.51557,31.2567395,75.7048163,0.060,317.70
160.795,-0.97683,-0.91459,10.04128,-0.32009,0.51068,-0.96517,31.2567395,75.7048163,0.060,317.70
160.897,-0.93374,-0.69432,12.47379,-0.97494,0.39951,-0.78313,31.2567405,75.7048160,0.080,317.70
161.000,-3.90255,-2.48039,14.25508,-0.20892,1.35856,-0.69394,31.2567405,75.7048160,0.080,317.70
161.102,-5.25767,-3.06937,8.54251,0.95784,-0.80390,-0.57055,31.2567405,75.7048160,0.080,317.70
161.204,-5.32949,-1.48919,5.72693,0.79168,0.30421,0.70616,31.2567405,75.7048160,0.080,317.70
161.307,-2.33674,-1.15401,7.18261,0.15272,-0.09041,1.07390,31.2567405,75.7048160,0.080,317.70
161.411,-2.63362,-0.33998,6.91924,0.13317,-0.07086,0.96517,31.2567405,75.7048160,0.080,317.70
161.513,-2.10690,0.44532,7.78116,-0.57177,-0.01588,1.01526,31.2567405,75.7048160,0.080,317.70
161.615,-1.33118,0.48363,9.95509,-0.64752,-0.09407,0.71716,31.2567405,75.7048160,0.080,317.70
161.718,-1.17795,-0.14844,10.18015,-0.27489,-0.23702,0.39706,31.2567405,75.7048160,0.080,317.70
161.820,-2.32238,-2.19309,13.77624,-1.28893,0.35186,0.58399,,,,
161.922,-0.38307,-2.08774,13.05319,0.14783,-0.73915,-0.83200,,,,
162.023,-2.20267,-1.07739,9.18416,0.81489,0.61942,-0.47647,,,,
162.125,-0.44532,-2.49476,9.21289,0.71838,-0.89919,-0.13439,,,,
162.228,-0.19632,-1.87227,6.90967,0.78802,-0.35919,-0.56933,,,,
162.332,-0.17717,-1.23062,7.36456,-0.19426,-0.00977,-0.71838,,,,
162.434,0.40223,-0.99120,9.88805,-0.57910,0.13317,-0.77580,,,,
162.536,-1.26893,-0.45011,9.74440,-0.23702,0.38607,-0.83322,,,,
162.638,-2.29365,-1.45567,10.92714,-0.45326,0.32376,-0.28955,,,,
162.740,-2.47560,-2.10690,13.70920,-0.73548,0.72449,-0.08430,,,,
162.842,-1.78129,-2.38941,11.84172,0.63652,0.19914,-0.30299,,,,
162.944,-3.95522,-1.75734,5.94720,0.82100,0.33353,0.11484,,,,
163.047,-2.57137,-2.14520,7.15866,-0.03176,-0.43371,0.79657,,,,
163.150,-1.55623,-0.78051,8.08282,0.03054,0.09774,0.30177,,,,
163.253,-1.89142,-0.16281,9.76834,0.24923,-0.20281,0.20892,,,,
163.356,-2.48518,0.33040,8.14507,0.03543,-0.64874,0.28222,,,,
163.458,-2.35589,0.75178,7.69975,-0.06720,0.02077,0.22480,,,,
163.562,-1.77650,1.19231,8.82024,-0.48258,0.28955,0.48991,,,,
163.665,1.08697,-0.10534,16.55351,-1.19363,-0.67440,0.21380,,,,
163.767,1.10133,-2.86825,16.44338,0.57299,-0.41417,-0.68539,,,,
163.871,-2.06859,-1.06781,7.08205,1.60780,-0.02321,-0.99815,,,,
163.973,-1.32639,-1.60890,7.40766,0.83811,-0.14416,0.12339,,,,
164.076,-0.56024,-1.03430,7.47949,0.81245,0.24679,0.16371,,,,
164.179,1.04387,-0.30646,6.15310,-0.13439,0.06964,-0.10751,,,,
164.282,1.69988,-0.33998,8.16902,-1.28160,0.47281,-0.73182,,,,
164.384,0.93853,-0.69432,12.31099,-0.98838,0.45571,-1.49051,,,,
164.486,-1.31202,-0.10534,12.00453,-0.04643,0.10263,-1.65789,,,,
164.589,-3.05979,0.10056,10.52491,0.63286,-0.01710,-1.12277,,,,
164.692,-2.25055,0.22984,9.13148,0.09285,0.02321,-0.67317,,,,
164.794,-1.95367,-0.82839,12.25831,-0.00855,0.54856,-0.18570,,,,
164.897,-1.18752,-1.46525,9.71567,1.07757,-0.57299,-0.45204,,,,
164.999,-1.94888,-1.12527,6.28239,0.71349,-0.59865,-0.55100,,,,
165.102,-1.53229,-0.61770,8.33661,-0.46914,-0.10263,-0.73793,,,,
165.203,-2.03028,1.12527,9.50019,-0.19792,0.37507,-0.91508,,,,
165.306,-1.37906,1.47962,10.10353,-0.20159,0.09285,-0.64507,,,,
165.408,-0.82361,0.71826,11.27669,-0.05864,-0.14294,-0.82467,,,,
165.511,-0.87628,0.25379,11.09473,0.30421,-0.36408,-1.08001,,,,
165.615,0.03831,-0.50757,11.16656,0.65485,-0.37263,-1.38666,,,,
165.718,1.76213,-0.67038,9.85453,0.72082,-0.30910,-1.74341,,,,
165.820,2.49955,-0.45969,9.03572,0.38118,-0.26878,-1.88635,31.2567419,75.7047975,0.200,341.20
165.922,1.46525,-0.18675,10.07959,0.24068,-0.50457,-2.05006,31.2567419,75.7047975,0.200,341.20
166.024,-0.51236,1.01035,10.32859,-0.57788,-1.54671,-1.22173,31.2567419,75.7047975,0.200,341.20
166.127,-0.68953,0.93853,8.59518,0.12584,-0.11118,-0.59010,31.2567419,75.7047975,0.200,341.20
166.230,-0.93853,1.69509,9.76355,-0.09407,0.58154,-0.09285,31.2567419,75.7047975,0.200,341.20
166.333,-0.95289,1.52271,12.17212,-1.01770,0.65240,0.81489,31.2567419,75.7047975,0.200,341.20
166.436,1.13964,-0.02394,9.96467,0.63652,0.17837,0.30177,31.2567419,75.7047975,0.200,341.20
166.539,0.03352,0.21548,8.49463,-0.07697,-0.70616,0.28222,31.2567419,75.7047975,0.200,341.20
166.642,1.88663,0.25857,8.72926,-0.73548,-0.63408,-0.02199,31.2567419,75.7047975,0.200,341.20
166.746,2.68151,1.35991,8.42759,-0.44104,-0.18570,-0.44960,31.2567419,75.7047975,0.200,341.20
166.848,1.27372,-0.37828,10.04128,-0.43860,-0.35919,-0.71227,31.2567438,75.7047923,0.090,341.30
166.950,1.73340,0.64165,9.84017,0.23824,-0.33964,-1.64078,31.2567438,75.7047923,0.090,341.30
167.051,2.01113,1.73340,9.79707,0.41905,-0.96883,-1.40255,31.2567438,75.7047923,0.090,341.30
167.154,3.44286,0.54588,11.29584,0.75869,2.40070,0.66951,31.2567438,75.7047923,0.090,341.30
167.257,3.34231,-0.57461,4.96079,-0.02932,-2.52898,-1.75196,31.2567438,75.7047923,0.090,341.30
167.360,6.80432,-1.07739,8.03973,-1.97187,-0.84422,-1.95233,31.2567438,75.7047923,0.090,341.30
167.462,5.49230,0.12929,9.23683,-1.47096,-1.04702,-0.99815,31.2567438,75.7047923,0.090,341.30
167.564,2.75812,2.24097,8.03973,0.04032,0.93218,-1.20951,31.2567438,75.7047923,0.090,341.30
167.667,2.01113,1.04387,9.26077,-0.61697,-0.69272,-0.70250,31.2567438,75.7047923,0.090,341.30
167.771,-0.02394,1.33118,12.40197,-2.14169,4.86127,0.41783,31.2567438,75.7047923,0.090,341.30
167.873,2.51870,0.76614,13.94383,-0.90408,0.24435,0.48625,31.2567436,75.7047918,0.040,341.30
167.975,0.21069,-2.59053,11.72680,0.30910,1.57359,0.36041,31.2567436,75.7047918,0.040,341.30
168.077,-1.14443,-0.79487,10.59195,-0.00733,1.70187,0.99693,31.2567436,75.7047918,0.040,341.30
168.180,-2.55222,-0.03352,8.45632,0.01466,0.01588,0.88209,31.2567436,75.7047918,0.040,341.30
168.285,-3.96001,0.84755,7.74764,-0.26389,-0.14661,-0.21625,31.2567436,75.7047918,0.040,341.30
168.387,-1.34554,0.80445,8.43717,0.14661,-0.53023,0.23213,31.2567436,75.7047918,0.040,341.30
168.489,-3.37104,0.20590,9.67257,-0.82589,-0.58399,0.83078,31.2567436,75.7047918,0.040,341.30
168.591,-1.35512,-0.73741,11.33415,0.85643,-0.97372,-0.25779,31.2567436,75.7047918,0.040,341.30
168.695,2.18351,-0.30646,13.01009,0.08063,-2.13925,-0.38973,31.2567436,75.7047918,0.040,341.30
168.797,2.22661,-1.49398,8.64786,0.00122,0.81001,-0.40317,31.2567436,75.7047918,0.040,341.30
168.900,3.01191,-2.46603,9.28950,0.22480,-0.62430,-1.51250,,,,
169.003,1.63285,0.10534,6.10521,-0.46181,-0.01466,-1.55160,,,,
169.108,0.64643,0.87628,8.06846,-0.26512,-0.75136,-2.04762,,,,
169.210,-0.30167,1.21625,10.20888,-0.57299,0.02688,-1.53694,,,,
169.311,-0.06225,1.59454,11.81299,0.00122,0.12217,-0.64385,,,,
169.415,0.94332,2.18351,12.59350,0.41294,-0.01344,-0.03176,,,,
169.518,0.99599,-0.85712,15.44739,-0.31521,0.17837,-0.04765,,,,
169.620,0.57461,0.22505,7.12036,0.88820,0.10629,0.57910,,,,
169.724,-0.33519,-0.04788,9.33739,0.44960,0.37996,0.19792,,,,
169.827,-0.79966,1.42694,8.05409,0.55344,0.08063,0.45326,,,,
169.931,-1.05345,2.81079,7.78594,0.11118,0.23457,0.67440,,,,
170.033,-0.08140,3.10289,9.46189,0.10629,-0.18570,0.87965,,,,
170.137,1.42694,3.54821,10.93192,0.37996,0.10018,0.97494,,,,
170.238,2.76291,3.11725,11.28627,0.25290,-0.21869,0.51801,,,,
170.342,4.21380,1.15401,10.69729,-0.32742,-0.39584,0.08186,,,,
170.447,4.40533,1.52271,7.59441,0.02077,-0.65851,-0.41294,,,,
170.550,3.65834,1.34554,6.56969,0.00122,-0.09163,-0.89919,,,,
170.652,2.60968,2.96881,5.65032,-0.24068,-0.77824,-1.08490,,,,
170.755,1.72383,3.12683,8.52815,-0.93340,-0.46792,-1.05313,,,,
170.858,1.75734,3.39019,10.25676,-0.37751,0.12339,-0.63286,,,,
170.960,2.42293,3.96480,10.64462,0.07819,-0.17593,-0.24679,,,,
171.063,2.67672,3.15556,11.41555,-0.34819,0.04520,0.03787,,,,
171.166,0.80924,1.35991,7.57047,0.62553,0.93462,0.55955,,,,
171.268,0.56982,1.62327,9.08839,0.44960,-0.21991,0.32376,,,,
171.372,-0.48842,1.96803,8.99741,0.41905,0.42761,0.39828,,,,
171.476,0.01915,2.90656,8.01100,0.54611,0.56566,0.66340,,,,
171.578,1.29766,3.73974,7.66623,0.11118,0.31154,0.82589,,,,
171.680,2.71024,3.71101,10.30943,-0.10018,-0.32376,0.88087,,,,
171.783,4.80277,3.96001,10.35732,0.12584,-0.24312,0.64752,,,,
171.885,4.97036,1.72861,10.72124,-0.80756,0.35919,-0.33109,,,,
171.987,3.92649,2.35111,6.82826,0.03665,-0.50946,-0.35675,,,,
172.090,2.75812,1.68073,7.16345,-0.31154,0.32132,-0.62553,,,,
172.192,2.88262,3.04542,6.52659,-0.01466,-0.40317,-0.50457,,,,
172.294,2.46603,3.05021,7.07726,-0.37141,-0.30421,-0.79535,,,,
172.397,2.10690,3.32315,7.76200,-0.52779,-0.08063,-0.63163,,,,
172.499,1.67594,3.50511,10.70208,-0.67195,0.03176,-0.19670,,,,
172.602,2.58574,3.86903,12.00932,-0.34331,0.01588,0.11118,,,,
172.706,2.31759,1.19231,11.60709,0.61575,1.04336,0.38729,,,,
172.807,1.15879,1.16837,9.39964,0.47159,-0.04154,0.19059,,,,
172.909,-0.03352,1.49877,8.30309,0.37263,0.56322,0.36774,,,,
173.009,0.18675,2.42293,6.93361,0.29199,0.43494,0.61942,,,,
173.112,0.55545,3.72538,7.09163,0.01833,0.16616,0.70127,,,,
173.214,2.20745,3.79242,11.61667,-0.39706,-0.66706,0.46670,,,,
173.317,4.70700,3.30879,11.90397,0.21625,-0.01710,0.55222,,,,
173.419,5.37738,1.26414,11.40119,-0.45204,-0.46181,-0.55344,,,,
173.521,3.50032,0.82361,6.32548,0.31032,-0.13806,-0.38118,,,,
173.623,2.84431,2.12126,5.45399,-0.15882,-0.33598,-0.91508,,,,
173.727,1.88663,2.89220,6.41646,-0.60231,0.02321,-0.64630,,,,
173.830,2.59053,3.78763,7.78116,-0.77580,0.00977,-0.83933,,,,
173.932,1.35991,2.94008,10.70687,-0.64752,0.07453,-0.48014,,,,
174.035,2.90177,3.52426,13.13459,0.14905,0.13073,-0.22480,,,,
174.138,2.60968,0.60334,13.81454,0.67562,0.66584,-0.21014,,,,
174.240,0.75657,0.82361,6.85221,0.63897,0.00855,0.24923,,,,
174.343,-0.08619,1.44610,7.33583,0.22235,0.37263,0.16493,,,,
174.447,-0.91459,2.63841,8.22169,0.03665,0.14783,0.55100,,,,
174.550,0.07183,3.62482,8.98304,0.44715,0.07453,0.82345,,,,
174.655,1.63285,3.89776,8.87291,0.45082,0.21869,0.65729,,,,
174.758,1.88184,3.65834,9.95988,0.13439,-0.32498,0.53634,,,,
174.863,3.29921,3.21781,10.64462,-0.70616,-0.40684,0.53756,31.2567294,75.7047856,0.190,341.30
174.966,4.23295,0.94810,11.91355,0.05742,0.74526,0.29932,31.2567294,75.7047856,0.190,341.30
175.070,4.84586,1.93451,5.22894,1.40499,-0.54611,-0.23579,31.2567294,75.7047856,0.190,341.30
175.176,2.30801,2.85389,5.10444,-0.68417,-0.07819,-0.84177,31.2567294,75.7047856,0.190,341.30
175.279,1.74777,4.24731,7.46033,-0.91141,-0.89064,-0.75625,31.2567294,75.7047856,0.190,341.30
175.383,1.28808,4.97515,9.05966,-0.74526,-0.68539,-0.30055,31.2567294,75.7047856,0.190,341.30
175.486,1.52271,4.28083,10.79785,-0.05742,-0.22113,-0.14050,31.2567294,75.7047856,0.190,341.30
175.591,1.33596,4.28083,10.17536,0.24679,-0.41294,0.20769,31.2567294,75.7047856,0.190,341.30
175.696,1.79565,1.78129,12.42591,0.52657,0.65973,1.21073,31.2567294,75.7047856,0.190,341.30
175.799,0.99599,1.79086,9.73004,1.56504,0.37263,1.84726,31.2567294,75.7047856,0.190,341.30
175.901,2.24097,1.07260,11.97580,1.36223,0.92974,1.30114,31.2567259,75.7047836,0.250,307.10
176.004,2.22661,1.79565,8.35576,1.54182,1.44409,1.16431,31.2567259,75.7047836,0.250,307.10
176.107,2.38462,2.49476,7.45554,0.56200,1.84970,1.07757,31.2567259,75.7047836,0.250,307.10
176.213,4.20901,4.28562,8.32224,-0.26756,0.75503,0.85765,31.2567259,75.7047836,0.250,307.10
176.318,4.06057,3.92649,7.06289,-0.59010,0.28955,1.00426,31.2567259,75.7047836,0.250,307.10
176.423,6.13873,4.01268,7.01501,0.66829,0.12950,0.59987,31.2567259,75.7047836,0.250,307.10
176.526,4.31435,4.18506,5.72693,-1.03358,-1.00304,-0.75136,31.2567259,75.7047836,0.250,307.10
176.629,2.12605,2.87783,9.81623,-1.15942,-0.18448,-0.72693,31.2567259,75.7047836,0.250,307.10
176.733,2.22182,4.36224,9.30387,-0.32620,-0.51191,-0.16005,31.2567259,75.7047836,0.250,307.10
176.834,1.62806,4.64475,10.85052,-0.01344,0.12095,0.05131,31.2567237,75.7047832,0.150,306.80
176.935,2.24576,3.88818,14.77701,-0.12584,-0.20159,0.34331,31.2567237,75.7047832,0.150,306.80
177.041,0.56982,1.54665,8.13550,1.39888,1.25838,1.37933,31.2567237,75.7047832,0.150,306.80
177.146,1.13485,1.80523,8.99262,1.24739,-0.12950,1.16553,31.2567237,75.7047832,0.150,306.80
177.249,1.20668,1.83396,7.68060,0.49969,1.01648,0.98227,31.2567237,75.7047832,0.150,306.80
177.351,1.98240,2.49476,7.06768,-0.05498,0.87354,0.70127,31.2567237,75.7047832,0.150,306.80
177.456,4.23295,3.03106,9.33739,-0.98716,-0.28833,0.38973,31.2567237,75.7047832,0.150,306.80
177.559,5.77481,0.80445,12.36366,-1.78373,0.09285,0.38240,31.2567237,75.7047832,0.150,306.80
177.664,4.95600,2.35111,5.96635,0.30788,0.33842,-0.17471,31.2567237,75.7047832,0.150,306.80
177.768,3.84030,0.83797,8.31746,-1.06168,-0.89064,-1.66278,31.2567237,75.7047832,0.150,306.80
177.870,1.63763,0.45490,9.34218,-0.34453,-0.60109,-1.21562,,,,
177.972,1.42216,1.90578,8.51857,0.21258,-2.19545,-0.63774,,,,
178.077,2.76291,1.88184,12.73715,-1.75318,1.01770,0.44838,,,,
178.181,2.54264,-2.32238,15.93581,0.00244,0.17349,0.98838,,,,
178.285,2.00634,-0.71826,7.00065,2.20034,-0.15394,1.52838,,,,
178.388,2.54743,-0.98162,8.69095,0.81123,0.27855,1.22662,,,,
178.493,2.01113,-0.18196,7.14430,0.99449,0.42272,0.85521,,,,
178.596,3.08852,0.79966,6.67982,0.19548,0.05131,0.39095,,,,
178.698,6.51223,-0.05746,9.72525,-0.99449,-0.84177,-0.19914,,,,
178.802,4.69742,-0.64643,11.65976,-0.22235,1.41232,0.13683,,,,
178.905,5.09965,1.90100,6.68461,-0.11240,-0.53634,-0.75992,,,,
179.009,2.94487,0.24900,8.52815,-0.49969,0.24679,-1.49540,,,,
179.114,2.65278,1.03430,8.86812,-0.28344,-0.05986,-1.16553,,,,
179.218,1.04387,1.71425,11.13783,-0.19181,0.04643,-0.48014,,,,
179.322,2.43730,0.43574,16.26621,0.10263,-1.24006,-0.19181,,,,
179.424,0.97205,0.45490,9.26556,1.54427,0.25901,0.68295,,,,
179.529,2.07338,0.47405,8.32224,1.00426,0.56933,0.77213,,,,
179.633,1.97282,1.38864,6.67025,0.86621,0.55711,0.57421,,,,
179.736,3.40455,3.07894,7.57525,0.65607,-0.07941,0.32498,,,,
179.839,5.51624,3.79720,10.44830,-0.45448,-0.09163,-0.65240,,,,
179.942,5.45878,3.12683,10.09395,-1.01648,-0.91019,-0.59254,,,,
180.044,3.93128,2.89220,5.34865,0.70860,-0.33109,-0.53390,,,,
180.148,3.11725,1.77171,6.38773,-0.88209,-0.69883,-0.91752,,,,
180.251,1.01993,1.18274,7.39808,-1.23150,-0.44227,-0.54000,,,,
180.353,2.55222,3.42850,9.30387,-1.12155,-0.50213,0.28711,,,,
180.455,2.27449,3.36625,14.38915,-0.57299,0.15638,0.48625,,,,
180.559,2.72460,0.88107,13.79060,0.53878,0.85888,0.95906,,,,
180.662,4.15633,0.88585,10.17536,1.87536,-0.07697,0.84910,,,,
180.765,3.24175,0.06225,6.91445,1.29870,0.87109,0.81734,,,,
180.866,3.20344,1.77171,5.38695,1.20951,-0.04154,0.30055,31.2567128,75.7047902,0.300,355.60
180.969,3.19387,3.02627,6.07170,-0.57788,0.17593,0.29688,31.2567128,75.7047902,0.300,355.60
181.071,4.61123,2.82516,8.66222,-1.08612,0.09529,0.33231,31.2567128,75.7047902,0.300,355.60
181.173,7.26401,2.16915,12.85686,-1.08123,-0.02566,-0.06231,31.2567128,75.7047902,0.300,355.60
181.276,4.70221,2.73418,5.22894,-0.51679,-0.90408,-1.05313,31.2567128,75.7047902,0.300,355.60
181.379,3.18908,0.38307,10.29028,-1.18264,0.37018,-1.01159,31.2567128,75.7047902,0.300,355.60
181.482,2.87304,1.80044,7.82904,-0.22358,-0.76603,-0.82467,31.2567128,75.7047902,0.300,355.60
181.585,3.42371,2.08774,9.81144,-0.87842,-0.21869,-0.14050,31.2567128,75.7047902,0.300,355.60
181.687,3.84030,1.61848,13.86243,-0.96517,0.03176,0.37263,31.2567128,75.7047902,0.300,355.60
181.790,1.78607,0.01437,9.95030,1.39277,0.58643,0.74403,31.2567128,75.7047902,0.300,355.60
181.893,2.27928,-0.24900,10.89841,1.55282,-0.19303,0.54000,31.2567090,75.7047928,0.310,4.20
181.997,2.57616,-0.08619,7.01501,1.43676,0.27245,0.74770,31.2567090,75.7047928,0.310,4.20
182.100,3.94086,1.33118,6.37815,0.59010,0.26512,0.63897,31.2567090,75.7047928,0.310,4.20
182.204,5.72214,1.69031,8.74362,-0.11851,-0.40195,0.46059,31.2567090,75.7047928,0.310,4.20
182.306,6.82347,1.04387,7.93438,-1.55282,-0.65973,0.11484,31.2567090,75.7047928,0.310,4.20
182.409,6.41167,1.25456,7.17303,0.17471,0.55711,-0.01466,31.2567090,75.7047928,0.310,4.20
182.512,5.43484,1.51792,5.44441,-0.58887,-0.72571,-0.85888,31.2567090,75.7047928,0.310,4.20
182.614,3.80199,1.02951,7.73806,-0.97372,-0.37507,-0.78069,31.2567090,75.7047928,0.310,4.20
182.717,3.14119,1.55144,9.32781,-0.97738,-0.09774,-0.26634,31.2567090,75.7047928,0.310,4.20
182.820,2.67193,1.43652,13.07234,-0.73059,0.96028,0.45937,31.2567068,75.7047963,0.380,5.10
182.922,3.38540,-1.41258,17.13291,0.07819,0.41661,0.69639,31.2567068,75.7047963,0.380,5.10
183.024,2.93050,-0.62728,8.70532,2.11237,-0.72204,1.22906,31.2567068,75.7047963,0.380,5.10
183.126,3.19865,-1.40779,7.06768,1.69332,0.10751,1.30725,31.2567068,75.7047963,0.380,5.10
183.228,4.15155,0.00479,5.20021,1.30236,-0.07697,0.93707,31.2567068,75.7047963,0.380,5.10
183.330,5.58807,0.67038,5.59764,-0.17959,0.00367,0.69516,31.2567068,75.7047963,0.380,5.10
183.433,8.11156,0.32561,7.25922,-1.02381,-0.26512,0.51679,31.2567068,75.7047963,0.380,5.10
183.535,7.58004,-0.33998,12.64617,-1.20951,1.27426,0.17959,31.2567068,75.7047963,0.380,5.10
183.637,6.44040,1.23062,6.57927,-0.04520,-0.69761,-1.06657,31.2567068,75.7047963,0.380,5.10
183.740,4.46758,0.31603,7.53216,-0.78679,0.24068,-1.43553,31.2567068,75.7047963,0.380,5.10
183.843,4.38139,0.93853,8.41801,-0.63163,-0.75992,-1.16797,31.2567041,75.7048008,0.610,50.10
183.945,4.24253,1.80044,10.26634,-0.66462,0.23335,-0.48503,31.2567041,75.7048008,0.610,50.10
184.049,5.54018,1.75734,14.06833,-0.70738,0.34697,0.04643,31.2567041,75.7048008,0.610,50.10
184.152,2.94966,0.82361,8.48505,1.73974,0.28466,0.36163,31.2567041,75.7048008,0.610,50.10
184.257,3.93128,0.20111,9.78750,1.61635,-0.08919,0.06231,31.2567041,75.7048008,0.610,50.10
184.360,3.35188,0.84276,6.07170,1.41721,0.47892,0.07941,31.2567041,75.7048008,0.610,50.10
184.462,4.27604,2.25534,5.51624,0.61697,0.00855,0.00244,31.2567041,75.7048008,0.610,50.10
184.565,6.22971,2.79164,8.58561,-0.77580,-0.55222,0.05376,31.2567041,75.7048008,0.610,50.10
184.666,6.63673,1.73819,9.36612,-1.92911,-0.55833,-0.30910,31.2567041,75.7048008,0.610,50.10
184.768,4.92727,1.74777,5.41568,-0.91752,0.21502,-0.45448,31.2567041,75.7048008,0.610,50.10
184.869,4.42927,1.01514,8.50899,-1.11666,-0.04276,-0.50335,31.2567012,75.7048067,0.760,90.30
184.972,3.95043,1.97761,7.27837,-0.76603,-0.70250,-0.69394,31.2567012,75.7048067,0.760,90.30
185.075,3.25611,2.01113,10.19451,-1.19974,0.02810,-0.23213,31.2567012,75.7048067,0.760,90.30
185.178,4.43406,1.38864,12.99573,-0.16860,0.38362,0.25779,31.2567012,75.7048067,0.760,90.30
185.279,3.69186,-0.42617,13.44584,1.41721,0.27611,0.48503,31.2567012,75.7048067,0.760,90.30
185.382,3.66313,-0.43096,9.48104,1.77029,-0.36530,0.53145,31.2567012,75.7048067,0.760,90.30
185.485,3.55300,-0.18196,6.01423,1.60902,0.55344,0.50457,31.2567012,75.7048067,0.760,90.30
185.587,3.80199,1.13485,5.06613,0.77336,0.36041,0.44838,31.2567012,75.7048067,0.760,90.30
185.691,4.99909,2.39420,5.59764,-0.42883,-0.14539,0.55833,31.2567012,75.7048067,0.760,90.30
185.793,6.73728,2.62405,8.19775,-1.25472,-0.14172,0.12339,31.2567012,75.7048067,0.760,90.30
185.896,6.55532,1.22104,11.77947,-0.86376,0.95539,-0.17471,31.2566999,75.7048143,0.810,97.70
185.998,5.99508,1.28808,5.31992,-0.32865,-0.99571,-0.85765,31.2566999,75.7048143,0.810,97.70
186.101,4.29999,0.12450,8.42280,-1.16187,0.19548,-0.94073,31.2566999,75.7048143,0.810,97.70
186.203,3.50990,1.24020,7.54652,-0.76725,-0.57299,-0.74648,31.2566999,75.7048143,0.810,97.70
186.309,4.10845,1.69031,11.68370,-0.28222,-0.60231,-0.04887,31.2566999,75.7048143,0.810,97.70
186.412,5.75087,1.45089,12.67490,-0.24923,-0.09163,0.36530,31.2566999,75.7048143,0.810,97.70
186.516,3.09331,0.23463,8.00621,1.66033,0.49969,0.70738,31.2566999,75.7048143,0.810,97.70
186.619,4.81713,0.13886,10.07001,1.61635,-0.13195,0.66706,31.2566999,75.7048143,0.810,97.70
186.721,4.60166,0.53630,6.70376,1.33779,0.89797,0.47281,31.2566999,75.7048143,0.810,97.70
186.824,4.86981,1.84832,5.62159,0.96395,0.63163,0.27733,31.2567018,75.7048237,1.030,90.30
186.926,6.30154,3.39019,6.03818,-0.26267,-0.69516,-0.16493,31.2567018,75.7048237,1.030,90.30
187.028,9.99340,2.48997,11.30542,-1.86803,-0.90897,-0.25901,31.2567018,75.7048237,1.030,90.30
187.129,5.20978,1.27850,4.84586,0.70860,0.76725,-0.59376,31.2567018,75.7048237,1.030,90.30
187.232,4.75488,2.05901,4.66391,-0.75869,-0.94562,-1.20951,31.2567018,75.7048237,1.030,90.30
187.334,3.58651,2.68629,6.89530,-1.01526,-0.23457,-0.74892,31.2567018,75.7048237,1.030,90.30
187.437,3.79720,3.49075,8.86812,-0.75259,-0.18692,-0.40073,31.2567018,75.7048237,1.030,90.30
187.540,3.46680,4.09408,10.99417,-0.46670,-0.01466,-0.03054,31.2567018,75.7048237,1.030,90.30
187.643,4.86502,1.86748,16.44817,-0.15882,-0.02199,0.27978,31.2567018,75.7048237,1.030,90.30
187.746,3.33752,1.86748,8.41801,1.50884,0.22480,0.65118,31.2567018,75.7048237,1.030,90.30
187.849,3.30879,0.77093,6.85221,1.49906,0.58032,0.53512,31.2567035,75.7048323,0.790,90.90
187.952,3.74932,1.81959,5.84664,0.75259,0.47770,0.64630,31.2567035,75.7048323,0.790,90.90
188.054,5.13796,3.21302,5.72214,-0.00611,0.26634,0.47281,31.2567035,75.7048323,0.790,90.90
188.156,6.34463,2.75812,8.72926,-0.65363,0.09285,0.13683,31.2567035,75.7048323,0.790,90.90
188.259,7.83862,2.21703,12.71321,-0.82467,0.14661,-0.01100,31.2567035,75.7048323,0.790,90.90
188.361,6.13873,2.56180,4.74052,0.06231,-0.45448,-0.71349,31.2567035,75.7048323,0.790,90.90
188.463,4.73094,1.26893,7.01980,-0.98471,-0.15027,-1.10078,31.2567035,75.7048323,0.790,90.90
188.565,3.10767,2.10211,6.88094,-0.74892,-0.54000,-0.81856,31.2567035,75.7048323,0.790,90.90
188.667,3.18908,2.64799,9.93594,-0.71349,-0.10996,-0.37629,31.2567035,75.7048323,0.790,90.90
188.769,5.16669,3.02627,12.08114,-0.59620,-0.10751,0.05986,31.2567035,75.7048323,0.790,90.90
188.870,3.25133,0.78530,8.57124,1.29015,0.90897,0.24679,31.2567055,75.7048413,0.950,86.60
188.972,5.74130,2.09732,7.98706,0.88820,-0.82100,-0.05742,31.2567055,75.7048413,0.950,86.60
189.075,4.53462,1.43173,7.35499,0.58765,0.17104,-0.25656,31.2567055,75.7048413,0.950,86.60
189.179,4.05578,1.89142,5.25767,0.12217,0.42394,-0.15272,31.2567055,75.7048413,0.950,86.60
189.284,5.18105,2.50912,6.94318,-0.78924,-0.37996,-0.12828,31.2567055,75.7048413,0.950,86.60
189.387,5.24809,1.98719,8.13071,-1.69576,0.07086,-0.26756,31.2567055,75.7048413,0.950,86.60
189.489,6.43083,0.58897,13.14417,-0.54367,0.03543,-0.83811,31.2567055,75.7048413,0.950,86.60
189.592,5.99987,0.50757,4.86502,-0.38240,-1.24617,-1.72142,31.2567055,75.7048413,0.950,86.60
189.695,4.80756,0.03831,7.86256,-1.35368,-0.00244,-0.99205,31.2567055,75.7048413,0.950,86.60
189.797,4.47716,1.57538,7.06768,-0.99082,-0.42761,-0.81489,31.2567069,75.7048541,1.140,87.30
189.900,4.31914,1.77171,9.97903,-1.12521,0.05253,-0.91263,31.2567069,75.7048541,1.140,87.30
190.002,3.93128,1.85311,10.84573,-0.64141,0.65729,-0.71838,31.2567069,75.7048541,1.140,87.30
190.105,3.71101,0.49321,12.91911,0.57299,0.66218,-0.48258,31.2567069,75.7048541,1.140,87.30
190.208,4.12760,0.57940,10.36689,1.02625,-0.39218,-0.48747,31.2567069,75.7048541,1.140,87.30
190.314,3.15077,1.47483,6.05254,1.49906,0.21136,-0.08919,31.2567069,75.7048541,1.140,87.30
190.417,2.73897,2.50433,5.73172,0.72815,0.14416,-0.25779,31.2567069,75.7048541,1.140,87.30
190.521,2.35589,3.11246,6.07648,-0.17715,-0.28222,-0.07575,31.2567069,75.7048541,1.140,87.30
190.624,5.58328,4.17549,6.29675,-0.75136,-0.32009,0.57666,31.2567069,75.7048541,1.140,87.30
190.727,8.61434,2.55222,11.69807,-0.10751,0.37629,-0.14050,31.2567069,75.7048541,1.140,87.30
190.832,6.02381,2.14042,2.91614,-0.38607,-0.97616,-1.06657,31.2567073,75.7048651,0.990,88.90
190.935,4.58250,1.29766,7.17303,-1.85337,-0.12950,-0.71716,31.2567073,75.7048651,0.990,88.90
191.040,5.06613,2.96402,8.92558,-1.17164,-0.83322,-0.48991,31.2567073,75.7048651,0.990,88.90
191.144,4.29041,3.70144,12.51689,-0.62186,-0.11362,-0.58399,31.2567073,75.7048651,0.990,88.90
191.248,5.36780,1.37427,17.75540,0.06842,-0.06720,-0.32132,31.2567073,75.7048651,0.990,88.90
191.351,4.20901,0.91937,8.66222,1.88146,0.29077,0.15516,31.2567073,75.7048651,0.990,88.90
191.454,4.64954,0.02394,6.80432,1.50029,0.86132,0.23335,31.2567073,75.7048651,0.990,88.90
191.557,3.69186,1.65200,3.43329,0.91752,0.27000,0.23702,31.2567073,75.7048651,0.990,88.90
191.662,4.85065,3.03106,5.87058,-0.45082,-0.29688,0.35186,31.2567073,75.7048651,0.990,88.90
191.766,6.64630,4.18028,8.29830,-0.87232,0.38118,0.26512,31.2567073,75.7048651,0.990,88.90
191.869,8.40365,2.73897,14.57111,-1.10689,0.70738,-0.11729,31.2567080,75.7048734,0.750,89.90
191.973,6.01902,2.58574,4.06057,0.23702,-0.67806,-0.69516,31.2567080,75.7048734,0.750,89.90
192.076,3.91691,1.38864,7.58004,-1.18997,0.16127,-1.00671,31.2567080,75.7048734,0.750,89.90
192.179,3.57694,2.93050,7.91523,-0.44715,-0.69761,-0.52901,31.2567080,75.7048734,0.750,89.90
192.283,4.56814,3.73495,11.15219,-0.53512,-0.80512,-0.23824,31.2567080,75.7048734,0.750,89.90
192.386,5.52103,3.95043,13.02925,-0.18815,-0.20647,0.20892,31.2567080,75.7048734,0.750,89.90
192.487,3.39498,1.54187,7.97269,1.64811,0.64019,0.28711,31.2567080,75.7048734,0.750,89.90
192.590,3.50511,0.77093,9.31823,1.50762,0.30055,0.34453,31.2567080,75.7048734,0.750,89.90
192.692,3.28484,1.66636,5.21457,1.19119,1.00548,0.48991,31.2567080,75.7048734,0.750,89.90
192.795,4.59208,3.20344,5.90410,0.19670,0.67684,0.56688,31.2567076,75.7048812,0.780,91.50
192.898,7.60877,4.64475,7.94396,-0.38851,-0.18692,0.20403,31.2567076,75.7048812,0.780,91.50
193.000,8.59040,3.42371,11.38204,-1.37567,-0.40317,-0.28344,31.2567076,75.7048812,0.780,91.50
193.102,5.82749,3.41892,3.98874,0.23335,-0.17715,-0.75136,31.2567076,75.7048812,0.780,91.50
193.204,4.57293,1.58975,7.16824,-0.95539,-0.63774,-1.34390,31.2567076,75.7048812,0.780,91.50
193.308,2.97360,2.92571,7.27358,-0.69761,-0.82955,-1.01159,31.2567076,75.7048812,0.780,91.50
193.410,3.18429,4.83629,9.02614,-0.48869,-0.52779,-0.45204,31.2567076,75.7048812,0.780,91.50
193.512,2.46603,5.15232,10.53928,-0.11606,0.10263,-0.29199,31.2567076,75.7048812,0.780,91.50
193.614,2.48039,2.63362,14.19762,0.64019,0.46914,0.26023,31.2567076,75.7048812,0.780,91.50
193.717,3.11246,2.33674,9.09318,1.26449,0.25412,0.91874,31.2567076,75.7048812,0.780,91.50
193.821,3.89776,2.73897,6.73728,0.95417,0.90897,0.88575,31.2567076,75.7048812,0.780,91.50
193.923,5.20499,3.09331,6.54575,0.77946,0.94562,0.60476,31.2567076,75.7048812,0.780,91.50
194.026,5.48751,4.34308,4.81713,-0.08919,0.33720,0.07330,31.2567076,75.7048812,0.780,91.50
194.128,6.14831,4.81713,7.18261,-0.68173,-0.26389,0.00244,31.2567076,75.7048812,0.780,91.50
194.229,6.42604,2.77249,9.50019,-0.38362,-0.24068,-0.48136,31.2567076,75.7048812,0.780,91.50
194.331,5.97114,4.00311,5.12838,-0.40073,-1.47096,-1.12277,31.2567076,75.7048812,0.780,91.50
194.434,3.19387,3.05021,7.57047,-1.21929,-0.67806,-1.15576,31.2567076,75.7048812,0.780,91.50
194.536,2.25534,4.26647,8.64786,-0.57788,-0.79901,-0.54734,31.2567076,75.7048812,0.780,91.50
194.639,3.09810,5.32470,9.98861,-0.04398,0.13317,0.35186,31.2567076,75.7048812,0.780,91.50
194.742,5.20021,2.77727,14.09227,0.39584,0.02077,0.73304,31.2567076,75.7048812,0.780,91.50
194.844,3.50511,2.60010,7.67581,1.51006,0.24923,0.91385,,,,
194.947,4.95600,1.86748,7.58004,1.50273,0.43127,0.67928,,,,
195.049,4.48195,3.16035,4.74531,1.10811,1.11177,0.24557,,,,
195.151,3.97437,4.20422,5.15232,-0.10873,0.44104,-0.04520,,,,
195.253,5.99508,4.58250,6.60321,-0.69761,-0.03054,0.18448,,,,
195.355,8.07325,3.98395,11.36767,-0.60231,-0.23335,-0.00977,,,,
195.456,6.19141,4.16591,3.98874,0.00489,-0.70127,-0.86743,,,,
195.557,3.85466,1.67594,6.14352,-1.40255,-0.29688,-1.41110,,,,
195.661,1.53229,2.47560,7.65666,-1.12644,-0.55589,-0.33720,,,,
195.763,4.38618,4.71658,10.08438,-0.58643,0.03176,0.38485,,,,
195.866,5.35344,4.56335,13.01009,-0.51924,-0.20769,0.57666,,,,
195.969,4.91769,2.25534,10.64941,1.61268,0.48747,0.85765,,,,
196.072,4.48195,1.82438,7.19218,1.76174,-0.18692,0.20281,,,,
196.174,3.62961,2.25534,5.39653,1.03725,0.57055,0.23946,,,,
196.278,3.10289,2.76291,5.33428,0.50580,0.56933,0.14905,,,,
196.380,6.10521,3.14598,8.33661,-0.82222,-0.37141,0.45815,,,,
196.484,9.28471,3.46680,11.89918,-1.13743,0.82589,0.46426,,,,
196.587,6.29196,2.96881,4.18985,0.70005,-0.37874,-0.26634,,,,
196.690,4.84108,1.83396,6.32069,-1.15087,0.23946,-0.68173,,,,
196.791,4.05099,2.35589,6.16268,-0.65973,-0.78679,-0.71227,,,,
196.894,3.55300,3.29921,8.80109,-1.07024,-0.08063,-0.44471,,,,
196.998,3.32315,3.86903,10.60153,-0.41539,0.10996,-0.21991,,,,
197.100,3.93607,1.88184,15.07389,0.43494,0.01344,0.23213,,,,
197.203,3.70622,1.55623,9.49540,1.37933,-0.22480,0.38485,,,,
197.306,2.96881,0.46448,6.70376,1.28404,0.84666,0.52046,,,,
197.409,3.72059,2.06859,5.55455,0.59254,0.37018,0.67317,,,,
197.510,5.47315,3.55300,6.92882,-0.20159,0.63163,0.47892,,,,
197.614,6.16746,4.29041,7.12036,-0.71593,0.21747,-0.00367,,,,
197.717,5.69820,2.34153,9.85932,0.17349,1.00060,-0.44471,,,,
197.818,4.96557,3.02627,4.91769,0.13928,-1.57603,-0.91141,,,,
197.922,2.49476,1.13006,8.53772,-1.07512,0.09163,-0.80634,,,,
198.025,2.93529,3.22260,7.93438,-0.83933,-0.56077,-0.25290,,,,
198.128,3.11246,4.05099,11.88961,-0.72449,-0.05376,0.06964,,,,
198.230,4.32872,3.21302,15.52879,-0.18448,0.04398,0.60598,,,,
198.333,2.42772,1.21625,7.02938,2.03662,0.59254,0.91874,,,,
198.436,4.27604,1.48919,9.19373,1.52472,-0.52779,0.71349,,,,
198.538,3.94086,2.06859,5.50666,0.91385,0.55589,0.48381,,,,
198.640,4.40054,3.26569,5.49230,0.24190,0.15882,0.22480,,,,
198.743,6.34463,4.76446,8.28873,-0.31032,-0.58765,-0.04887,,,,
198.845,7.50822,3.44765,9.71567,-1.62246,-0.46670,-0.37874,,,,
198.948,4.39575,1.83396,4.66391,0.37629,0.90530,-0.37385,,,,
199.051,5.10923,1.90100,6.02860,-1.21562,-0.76358,-0.95417,,,,
199.152,3.20823,2.36068,7.50822,-1.15454,-0.16249,-0.62308,,,,
199.254,3.04542,3.55778,10.05086,-0.97616,-0.31643,-0.38485,,,,
199.357,2.53307,3.69665,13.13459,-0.06231,0.18326,-0.08430,,,,
199.459,4.24731,1.71904,16.48168,0.36896,0.02566,0.26023,,,,
199.562,2.28886,1.94409,7.23049,1.84359,0.16005,1.00915,,,,
199.664,3.73495,1.21147,8.24563,1.06901,0.62919,0.60109,,,,
199.766,2.98796,1.89621,5.63595,0.95173,0.61575,0.41905,,,,
199.869,3.97437,3.58173,5.58328,-0.14050,0.18937,0.21380,,,,
199.971,5.61201,4.29520,9.18895,-0.77580,-0.01955,-0.18570,,,,
200.075,6.53138,2.78685,14.04918,-0.43249,0.05253,-0.43371,,,,
200.178,4.78362,3.15556,4.82671,0.06597,-0.89186,-0.61575,,,,
200.283,3.19865,1.69509,6.77559,-0.64996,0.07086,-0.72815,,,,
200.385,2.57616,2.82995,6.68940,-0.71471,-0.73548,-0.68050,,,,
200.489,2.74376,3.79720,11.00375,-0.71838,-0.24190,-0.34575,,,,
200.593,4.44843,4.59687,12.52646,-0.37751,0.00122,0.22602,,,,
200.696,2.17872,1.72383,8.81066,1.29870,0.66340,0.55589,,,,
200.802,3.41413,2.11169,9.27514,0.91874,-0.31276,0.46426,,,,
200.905,3.13640,1.63763,7.12036,0.89797,0.76603,0.59376,,,,
201.007,3.08373,2.42772,5.82749,0.50824,0.61575,0.41661,,,,
201.109,5.52582,4.05099,9.14585,-0.37018,-0.46304,0.26023,,,,
201.211,6.17704,4.13718,8.17380,-0.86254,-0.05864,0.01710,,,,
201.314,5.70299,2.17872,6.99586,0.49480,0.62553,-0.47770,,,,
201.415,5.09965,2.11169,6.23450,-0.78191,-1.10567,-1.11300,,,,
201.518,3.21781,2.39899,6.43083,-0.80146,-0.43982,-0.84055,,,,
201.621,3.31358,3.20344,8.56167,-1.05924,-0.62308,-0.60231,,,,
201.725,3.10767,4.27604,12.18649,-0.39951,-0.26512,-0.14416,,,,
201.828,4.76446,3.51948,15.92144,-0.52046,-0.34941,0.26878,,,,
201.933,2.79164,2.16436,7.44597,1.91812,0.40928,0.71960,,,,
202.035,3.62482,1.49877,6.95276,1.26449,0.79290,0.41539,,,,
202.137,3.23696,1.87705,6.03339,0.79535,0.58521,0.32132,,,,
202.239,3.52426,3.36146,5.33428,0.23702,0.34331,0.22480,,,,
202.342,5.81312,4.29999,9.42837,-0.61453,-0.23702,0.35308,,,,
202.445,8.61913,4.03662,13.79060,-1.34146,-0.26512,-0.19059,,,,
202.549,5.36780,5.22894,4.66391,0.15882,-0.32376,-0.74648,,,,
202.650,1.55623,4.36702,9.28471,0.51924,0.12950,-0.90775,,,,
202.752,1.76692,4.49631,8.00621,0.71838,0.36774,-0.61331,,,,
202.855,1.70946,5.18105,7.64708,0.37629,0.58032,-0.28955,,,,
202.958,0.93853,6.01423,6.35900,-0.78557,0.60476,-0.14050,,,,
203.060,-0.70868,2.70545,8.13550,-1.04091,1.95233,0.17471,,,,
203.163,-1.70946,1.16358,9.67736,-0.72449,0.34575,0.48869,,,,
203.265,-0.81403,3.18908,7.70454,-0.63408,0.09896,0.72326,,,,
203.368,-0.14844,2.72460,10.18493,-0.84666,-0.06109,0.35308,,,,
203.472,0.57940,2.12126,11.69807,-0.55222,-0.29077,-0.02932,,,,
203.574,2.42293,-0.95768,13.18247,-0.23946,-2.22599,-0.62308,,,,
203.676,3.16992,1.28808,5.68384,0.58154,-0.10873,-0.42394,,,,
203.780,2.84910,1.21147,7.65187,-0.50091,-0.74281,-0.75869,,,,
203.883,2.37505,2.27449,7.78594,-0.32865,-1.56992,-0.65118,,,,
203.986,2.59053,3.48117,9.65821,-0.03910,-1.79350,-0.22235,,,,
204.089,5.05655,4.97994,12.31577,0.20769,-0.53267,0.02199,,,,
204.191,5.32949,3.55778,13.63737,-0.07941,1.12888,0.64874,,,,
204.292,3.73495,1.99198,9.34218,1.87413,0.23213,0.81123,,,,
204.395,4.36702,1.02472,7.75243,0.98960,1.29870,0.64630,,,,
204.497,3.69186,2.11169,4.86502,1.41354,0.21991,0.26267,,,,
204.599,3.56736,3.17950,4.34308,0.36530,-0.62430,0.15516,,,,
204.701,7.07247,4.64954,9.32781,-0.75992,-0.21258,0.28588,,,,
204.803,8.56167,4.48195,11.39161,-0.94195,-0.69516,-0.14294,,,,
204.905,5.85622,3.73017,4.26168,-0.08430,-0.76603,-0.58154,,,,
205.008,4.24253,1.74298,6.61278,-1.21073,-0.13317,-0.77336,,,,
205.110,3.00712,2.59053,7.03895,-0.85032,-0.42516,-0.43371,,,,
205.212,4.01747,3.87861,8.67180,-0.93951,-0.24557,-0.09407,,,,
205.316,6.07170,4.66391,12.14339,-0.14294,-0.12339,0.64385,,,,
205.419,4.46758,2.30322,9.15543,1.57725,0.70005,0.59865,,,,
205.521,5.10444,3.28484,9.16979,1.61513,-0.16738,0.68661,,,,
205.623,4.52025,0.77572,6.93361,1.32436,1.14354,0.32620,,,,
205.723,4.01747,3.62961,5.20021,0.78924,0.93829,0.22113,,,,
205.826,4.50110,5.04219,6.92403,-0.62186,1.63101,0.11362,,,,
205.929,4.54419,4.81713,10.30464,0.03543,0.58032,-0.38240,,,,
206.031,4.60644,2.40857,11.36767,-0.00367,-0.30665,-0.66951,,,,
206.132,2.20267,4.67348,4.41012,0.40317,-0.09163,-0.52534,,,,
206.233,2.14999,4.07014,7.63750,-0.52534,-0.11362,-0.60964,,,,
206.335,0.78530,5.05655,7.65187,0.01100,-0.14539,-0.24801,,,,
206.436,1.35033,5.91847,8.44674,0.06597,0.53267,0.07453,,,,
206.537,0.80924,5.64553,8.27915,0.07453,0.92852,0.18570,,,,
206.639,0.00958,3.71101,10.26634,0.40195,0.60842,0.37751,,,,
206.740,-0.47405,3.88340,7.73806,0.25168,-0.39340,0.31154,,,,
206.844,0.01915,4.13718,7.30710,-0.06231,0.45082,0.41294,,,,
206.946,0.11971,4.66869,8.27436,-0.12095,0.09285,0.40684,,,,
207.050,0.72784,5.59285,8.89207,-0.03421,-0.18937,0.30910,,,,
207.152,2.07817,5.78439,8.78193,0.07330,0.11240,0.04643,,,,
207.255,2.63841,2.99275,12.10030,0.15394,0.34941,-0.13806,,,,
207.357,2.58095,4.47716,5.84664,0.12339,-0.74037,-0.20525,,,,
207.459,1.09654,4.23774,7.62793,-0.24923,0.10996,-0.29566,,,,
207.561,0.68474,5.70299,7.80031,-0.07086,-0.18204,0.13928,,,,
207.664,1.23062,6.11958,10.46266,0.36774,0.06720,0.29077,,,,
207.766,0.38307,6.94797,8.32224,0.57910,0.13806,0.50213,,,,
207.869,-0.64643,4.79319,8.14029,1.16064,0.64263,0.87476,,,,
207.972,-0.29688,3.62003,7.41245,0.67806,1.22784,1.36101,,,,
208.075,1.74298,3.53863,8.73405,-0.96517,0.45693,0.52290,,,,
208.177,1.70467,3.92170,9.25598,-0.94440,1.99631,-0.31887,,,,
208.278,4.42448,8.04931,6.64152,0.37751,-0.63530,-0.22480,,,,
208.381,-2.26013,4.67827,7.73806,-0.06353,-0.08186,-0.16616,,,,
208.486,4.97994,5.20021,11.13783,0.38362,-0.09041,0.35919,,,,
208.588,3.57694,5.48272,4.65912,0.55833,-1.01159,-0.72082,,,,
208.690,0.11492,3.96001,9.00220,-1.11544,0.35430,-1.12277,,,,
208.792,-0.72784,4.92248,8.21211,-0.10751,0.07697,-0.01222,,,,
208.895,-0.31125,5.00867,9.52413,-0.16860,0.40806,0.29322,,,,
208.997,-0.80445,5.61201,9.87369,-0.13561,0.69394,0.25656,,,,
209.099,-1.55623,2.23618,9.86890,0.26878,0.52901,0.34819,,,,
209.201,-1.40300,2.57137,6.31112,0.02199,-0.14294,0.05131,,,,
209.303,-1.33118,2.73897,9.11233,-0.67440,0.46914,0.53023,,,,
209.406,0.65122,4.52983,8.70532,0.03787,-0.32620,0.49847,,,,
209.507,-0.25857,3.34709,11.16656,0.04398,-0.14050,-0.14416,,,,
209.609,-0.17238,2.58574,10.65420,0.21258,-0.01710,-0.07330,,,,
209.712,0.55067,2.60010,9.11233,0.26634,-0.02566,0.12828,,,,
209.813,0.15802,3.37104,9.08839,0.14294,-0.00367,-0.05986,,,,
209.915,-0.01915,3.96480,9.18416,-0.09652,0.25168,0.36652,,,,
210.017,0.89543,3.98395,10.28070,0.60476,-0.21380,0.49358,,,,
210.120,0.81403,4.21858,8.36534,0.34697,0.20281,0.42150,,,,
210.222,-0.26336,4.73094,7.80031,0.25168,0.21258,0.42761,,,,
210.325,0.18196,3.84509,9.13627,0.01222,0.75381,0.66340,,,,
210.428,0.79487,5.28640,6.81390,0.19792,0.15272,0.75503,,,,
210.531,-0.59855,4.84586,8.67659,-0.25656,0.52046,0.25901,,,,
210.634,-0.22984,4.75010,8.22169,-0.00977,0.60842,0.49358,,,,
210.737,-1.28808,5.41090,9.07402,-0.20281,0.50580,0.35675,,,,
210.839,-1.42216,4.60644,8.27915,-0.65729,1.88269,1.09956,,,,
210.942,-2.26013,3.28484,8.34619,-1.02137,-0.84666,0.69028,,,,
211.044,0.49321,2.14042,10.87446,-2.29441,0.31276,-0.88087,,,,
211.147,-1.26893,0.64165,10.85052,1.98287,-0.77213,-0.03421,,,,
211.249,0.05746,2.38941,9.21768,-0.15149,0.01222,0.55833,,,,
211.352,-0.63207,3.04064,9.59596,0.41661,0.16616,0.09774,,,,
211.455,-1.14443,3.31836,9.24641,-0.03054,0.42028,0.13561,,,,
211.557,-0.63686,2.66235,9.64384,0.10873,-0.02077,0.27855,,,,
211.659,-1.25456,3.00712,9.36133,0.00367,0.23335,0.07086,,,,
211.760,-1.53708,2.91135,9.51935,0.00855,0.31398,-0.01100,,,,
211.862,-1.24020,3.03106,8.84897,0.04276,-0.35797,-0.13317,,,,
211.965,-0.90022,2.73897,9.41879,-0.08552,0.09163,-0.00244,,,,
212.069,-0.96247,2.87783,9.10754,-0.02688,-0.09041,-0.01100,,,,
212.172,-0.73741,3.05021,9.22246,-0.09896,0.01344,-0.01833,,,,
212.274,-1.16358,2.90177,9.31823,-0.06231,-0.31643,-0.00611,,,,
