time_since_start,accel_x,accel_y,accel_z,gyro_x,gyro_y,gyro_z,lat,lon,speed_gt,heading_gt
0.010,2.51870,4.70700,7.80989,-0.19303,0.08919,0.05253,31.2511046,75.7055401,1.980,258.10
0.118,2.47560,4.40054,8.62391,-0.04154,0.19548,0.00977,31.2511046,75.7055401,1.980,258.10
0.227,2.55222,4.74052,8.09719,-0.02688,0.05131,0.09041,31.2511046,75.7055401,1.980,258.10
0.329,2.60968,4.57771,8.49942,-0.01833,0.09285,0.03176,31.2511046,75.7055401,1.980,258.10
0.432,2.05901,4.41970,8.31267,-0.00122,0.16616,0.11851,31.2511041,75.7055287,1.450,258.10
0.535,2.36547,4.61602,8.10198,-0.14172,0.00367,-0.15882,31.2511041,75.7055287,1.450,258.10
0.638,1.78129,4.35266,8.45632,-0.22724,0.10629,0.01833,31.2511041,75.7055287,1.450,258.10
0.742,1.58496,3.97916,8.66222,-0.08919,0.09774,0.15638,31.2511041,75.7055287,1.450,258.10
0.849,1.51314,3.82593,8.63349,-0.05498,0.20525,0.17959,31.2511041,75.7055287,1.450,258.10
0.953,1.72383,3.93607,8.86812,-0.09163,0.22602,0.28588,31.2511041,75.7055287,1.450,258.10
1.058,1.60412,3.65355,8.81545,-0.32132,0.47647,0.32742,31.2511041,75.7055287,1.450,258.10
1.161,1.52271,3.23217,9.08360,-0.28344,0.35552,0.38851,31.2511041,75.7055287,1.450,258.10
1.264,1.41258,3.06937,8.93995,-0.30055,0.38851,0.34331,31.2511041,75.7055287,1.450,258.10
1.369,1.31202,2.63362,9.47146,-0.40928,0.42272,0.29688,31.2511041,75.7055287,1.450,258.10
1.473,0.79966,2.10690,9.27514,-0.40561,0.34819,0.32742,31.2511077,75.7055210,1.400,258.10
1.576,1.01035,1.89621,9.96467,-0.32254,0.35797,0.35675,31.2511077,75.7055210,1.400,258.10
1.679,0.47405,1.62806,9.87369,-0.25901,0.20525,0.16005,31.2511077,75.7055210,1.400,258.10
1.782,0.39744,1.34075,9.65342,-0.21869,0.14783,0.13195,31.2511077,75.7055210,1.400,258.10
1.887,0.03831,0.50757,9.59117,-0.04765,0.22235,0.37263,31.2511077,75.7055210,1.400,258.10
1.990,0.10534,0.66080,9.99819,0.05620,0.09896,0.57666,31.2511077,75.7055210,1.400,258.10
2.095,-0.46926,0.54109,10.01734,-1.10689,1.09711,0.71227,31.2511077,75.7055210,1.400,258.10
2.199,-1.55144,0.02394,9.96467,0.65118,-0.36408,0.52290,31.2511077,75.7055210,1.400,258.10
2.303,-1.49398,1.23062,8.05409,-0.11729,-0.28955,1.31458,31.2511077,75.7055210,1.400,258.10
2.406,-1.00078,0.93374,10.97502,0.61453,0.16982,1.09345,31.2511077,75.7055210,1.400,258.10
2.509,-2.01113,2.77249,8.67659,-0.32254,-0.10996,1.03481,31.2511128,75.7055147,1.380,304.10
2.612,-1.99676,0.29688,8.11634,-0.57177,0.49236,0.90897,31.2511128,75.7055147,1.380,304.10
2.716,-0.79966,0.67038,8.22648,0.08063,-0.36652,0.37507,31.2511128,75.7055147,1.380,304.10
2.822,-1.27372,1.12527,10.31901,0.31643,-0.30788,0.22724,31.2511128,75.7055147,1.380,304.10
2.926,-0.45490,1.21625,8.37013,0.54123,-1.03969,-0.14050,31.2511128,75.7055147,1.380,304.10
3.030,-1.21147,2.66714,9.75398,-0.20159,-0.14783,0.59987,31.2511128,75.7055147,1.380,304.10
3.133,-1.39821,1.24498,9.50019,-1.07879,0.62919,0.86010,31.2511128,75.7055147,1.380,304.10
3.239,-1.73819,0.11013,8.87770,-0.55222,-0.24190,0.45571,31.2511128,75.7055147,1.380,304.10
3.342,-3.46680,-1.06303,9.27514,-0.01955,1.73119,0.83444,31.2511128,75.7055147,1.380,304.10
3.446,-4.04620,-0.58897,11.03727,0.72204,0.56933,1.25838,31.2511178,75.7055123,0.740,312.40
3.549,-2.92093,0.07661,11.53048,0.30055,2.50088,2.33106,31.2511178,75.7055123,0.740,312.40
3.652,-3.62003,0.48842,9.28950,-1.16797,0.48381,1.42087,31.2511178,75.7055123,0.740,312.40
3.755,-2.93050,1.03908,8.70053,0.83078,-0.75014,1.83626,31.2511178,75.7055123,0.740,312.40
3.860,-3.10767,2.15957,8.77236,0.03421,-0.25045,1.65422,31.2511178,75.7055123,0.740,312.40
3.964,-4.26168,2.94487,7.11078,-0.50457,-1.29748,1.35979,31.2511178,75.7055123,0.740,312.40
4.069,-3.00712,0.73741,13.97256,0.49114,-0.15272,3.04455,31.2511178,75.7055123,0.740,312.40
4.174,0.09098,5.16190,9.41879,0.30055,0.27978,2.64505,31.2511178,75.7055123,0.740,312.40
4.276,1.96803,4.29041,10.16099,0.18326,2.04396,1.91201,31.2511178,75.7055123,0.740,312.40
4.380,2.08296,3.00233,7.21612,-0.11484,-0.08552,1.48318,31.2511178,75.7055123,0.740,312.40
4.485,1.48919,2.04944,9.79707,0.11484,-1.02137,0.37018,31.2511190,75.7055173,0.370,319.40
4.588,2.05422,2.62883,6.28239,0.88942,1.33169,0.38973,31.2511190,75.7055173,0.370,319.40
4.693,-0.19632,3.45723,9.50977,0.39218,0.34819,0.67073,31.2511190,75.7055173,0.370,319.40
4.798,1.80044,4.15633,9.39964,-0.27245,-0.09285,1.05435,31.2511190,75.7055173,0.370,319.40
4.902,0.83318,3.78763,9.49540,0.38118,0.63408,0.47770,31.2511190,75.7055173,0.370,319.40
5.005,-0.67516,2.96402,6.85221,0.07575,0.57055,0.50946,31.2511190,75.7055173,0.370,319.40
5.111,0.00479,3.54342,8.02536,-0.02810,0.56810,0.27000,31.2511190,75.7055173,0.370,319.40
5.215,-1.54665,2.21703,7.31189,0.07575,1.09589,0.11240,31.2511190,75.7055173,0.370,319.40
5.318,-0.60813,6.51223,10.77870,-0.18692,0.48136,0.42150,31.2511190,75.7055173,0.370,319.40
5.422,-0.72784,4.69264,13.27824,-0.03421,0.27733,-0.06964,31.2511167,75.7055246,0.350,319.40
5.525,-0.36871,3.61524,7.97269,0.15149,-0.53145,-1.06657,31.2511167,75.7055246,0.350,319.40
5.630,0.27294,3.11725,5.89452,0.11973,-0.30055,-0.56444,31.2511167,75.7055246,0.350,319.40
5.735,-1.38864,4.28083,8.53772,0.26634,0.06964,-0.31765,31.2511167,75.7055246,0.350,319.40
5.841,-1.66158,4.78840,9.43316,0.21869,-0.05009,0.05253,31.2511167,75.7055246,0.350,319.40
5.946,-1.53229,3.51469,9.57681,-0.85765,0.29566,0.58643,31.2511167,75.7055246,0.350,319.40
6.050,-1.79086,3.28484,8.03015,0.18448,0.44960,-0.19670,31.2511167,75.7055246,0.350,319.40
6.155,-1.48919,2.77727,6.86178,-0.98105,-0.32987,0.15760,31.2511167,75.7055246,0.350,319.40
6.260,-0.90022,3.84509,7.87214,-0.14783,-0.22602,-0.20647,31.2511167,75.7055246,0.350,319.40
6.363,-1.46525,4.18506,10.48660,-0.70005,0.14172,0.25779,31.2511167,75.7055246,0.350,319.40
6.467,-0.30167,3.61046,11.84651,-0.13195,0.30299,-0.30788,31.2511085,75.7055316,1.260,319.40
6.569,-1.12049,2.22661,9.22725,0.54978,-0.28100,-0.43127,31.2511085,75.7055316,1.260,319.40
6.674,-2.37984,1.48441,10.72602,0.14539,0.64141,-0.08552,31.2511085,75.7055316,1.260,319.40
6.777,-1.76213,1.58496,7.90087,0.19792,-0.73548,0.10018,31.2511085,75.7055316,1.260,319.40
6.881,-3.39019,1.60412,7.77637,0.48014,0.42150,0.63286,31.2511085,75.7055316,1.260,319.40
6.985,-3.02148,2.41814,9.07881,-0.52412,0.39462,1.44286,31.2511085,75.7055316,1.260,319.40
7.086,-3.90734,1.25456,13.23994,-0.86987,0.38485,1.99875,31.2511085,75.7055316,1.260,319.40
7.189,-5.26246,0.16281,9.40442,0.21502,1.11788,2.46423,31.2511085,75.7055316,1.260,319.40
7.293,-4.57293,-1.48919,9.75877,-0.30177,0.90042,2.94681,31.2511085,75.7055316,1.260,319.40
7.398,-3.89297,-0.51715,9.39964,-0.09529,1.91323,2.84663,31.2511085,75.7055316,1.260,319.40
7.501,-3.78763,1.13006,11.16656,-0.52290,2.43369,3.31089,31.2511031,75.7055399,0.590,319.40
7.603,-1.80523,2.03028,11.84172,-0.23824,1.42087,3.20093,31.2511031,75.7055399,0.590,319.40
7.707,-0.95768,2.96881,6.85221,0.03176,0.71349,2.68048,31.2511031,75.7055399,0.590,319.40
7.812,0.63207,4.05099,7.58962,-0.61942,0.87232,2.20645,31.2511031,75.7055399,0.590,319.40
7.916,0.16759,3.16513,8.70532,-0.44593,0.84299,1.56992,31.2511031,75.7055399,0.590,319.40
8.021,0.43096,3.40934,8.77236,-0.51679,-0.17959,1.26449,31.2511031,75.7055399,0.590,319.40
8.125,-0.30646,4.27604,7.70454,-0.09285,0.16738,1.01892,31.2511031,75.7055399,0.590,319.40
8.231,-0.62249,4.52025,9.83059,-0.15272,0.76358,0.88209,31.2511031,75.7055399,0.590,319.40
8.335,-1.95846,4.48195,12.42591,-0.88453,1.12766,1.04214,31.2511031,75.7055399,0.590,319.40
8.440,0.61770,4.44843,9.85932,0.14050,0.84666,1.28648,31.2511058,75.7055516,1.030,319.40
8.542,-0.19632,3.39019,9.37091,0.02566,-0.57788,0.14905,31.2511058,75.7055516,1.030,319.40
8.645,-1.89621,2.68151,5.99508,0.27733,0.13195,0.42883,31.2511058,75.7055516,1.030,319.40
8.750,0.44532,4.23295,6.76601,0.14416,0.21991,0.46304,31.2511058,75.7055516,1.030,319.40
8.854,1.03908,5.47315,10.20409,-0.14783,-0.33109,-0.26756,31.2511058,75.7055516,1.030,319.40
8.957,-0.91937,4.04141,10.83616,-0.38362,-0.14539,-0.67317,31.2511058,75.7055516,1.030,319.40
9.061,-0.26336,3.79720,7.78594,0.09041,-0.25045,-0.87232,31.2511058,75.7055516,1.030,319.40
9.163,0.28252,2.40857,8.81066,-0.10629,-0.90164,-0.47037,31.2511058,75.7055516,1.030,319.40
9.268,-1.20189,3.09331,8.68138,0.17959,0.14539,-0.83322,31.2511058,75.7055516,1.030,319.40
9.372,-4.27126,3.30879,9.43794,0.30665,0.21014,0.34453,31.2511058,75.7055516,1.030,319.40
9.475,0.01437,3.63919,9.71088,-0.53512,0.09774,1.02259,31.2511076,75.7055551,1.110,319.40
9.579,-4.09408,4.42927,11.11867,0.42150,1.08367,0.31032,31.2511076,75.7055551,1.110,319.40
9.682,-1.83875,2.48518,6.99586,0.26267,0.25534,0.83444,31.2511076,75.7055551,1.110,319.40
9.787,-1.20189,2.85389,6.29196,0.09285,0.27000,0.89919,31.2511076,75.7055551,1.110,319.40
9.892,-0.06225,5.31034,6.88572,-0.40561,0.50580,0.66951,31.2511076,75.7055551,1.110,319.40
9.996,-0.15802,5.49709,11.77947,0.01833,-0.07086,-0.03543,31.2511076,75.7055551,1.110,319.40
10.097,-0.44053,4.87938,11.56878,-0.19792,0.03176,-0.08430,31.2511076,75.7055551,1.110,319.40
10.202,0.79966,4.15155,8.77236,0.14905,-0.31154,-0.55589,31.2511076,75.7055551,1.110,319.40
10.307,-0.13408,2.56658,8.89685,0.40195,-0.91141,-0.54367,31.2511076,75.7055551,1.110,319.40
10.414,-1.51792,3.09810,7.70454,0.41050,0.05498,-0.62186,31.2511076,75.7055551,1.110,319.40
10.515,-2.81079,3.54342,9.17937,-0.14050,-0.15760,0.27489,31.2511110,75.7055581,0.630,319.40
10.618,-1.04387,4.28083,9.79707,-0.88698,-0.01955,0.44838,31.2511110,75.7055581,0.630,319.40
10.723,-2.78685,4.46279,8.74841,0.24923,0.30788,-0.06842,31.2511110,75.7055581,0.630,319.40
10.827,-1.46046,3.64876,8.28394,-0.66218,0.41050,0.89064,31.2511110,75.7055581,0.630,319.40
10.932,0.06225,3.40934,9.37091,0.11484,0.42028,0.24923,31.2511110,75.7055581,0.630,319.40
11.035,-1.35991,4.12760,8.74362,-0.37996,0.09407,0.29932,31.2511110,75.7055581,0.630,319.40
11.139,-0.89064,3.96959,9.01178,-0.24801,-0.25534,-0.00244,31.2511110,75.7055581,0.630,319.40
11.243,-1.53229,4.52504,6.52181,-0.17471,0.05498,0.23457,31.2511110,75.7055581,0.630,319.40
11.347,-1.83396,4.75967,8.71968,-0.30177,0.35797,0.15516,31.2511110,75.7055581,0.630,319.40
11.450,-0.69911,4.11324,7.91523,-0.27367,0.26878,0.01344,31.2511101,75.7055597,0.400,319.40
11.552,-0.97205,3.84030,9.57202,-1.09345,0.48625,0.42028,31.2511101,75.7055597,0.400,319.40
11.656,1.54187,2.70066,12.37323,0.17593,-0.19303,-0.64019,31.2511101,75.7055597,0.400,319.40
11.761,1.12049,2.76770,9.16500,0.29688,-0.21991,-0.73426,31.2511101,75.7055597,0.400,319.40
11.866,1.86269,2.05422,9.63906,0.38362,-0.39828,-0.94684,31.2511101,75.7055597,0.400,319.40
11.970,-0.70868,2.06859,9.42358,0.53145,-0.51313,-0.78069,31.2511101,75.7055597,0.400,319.40
12.075,-1.96803,2.44209,8.79630,-0.02810,-0.74281,0.06353,31.2511101,75.7055597,0.400,319.40
12.179,-1.61848,3.50511,11.97101,-0.27611,-0.14905,0.28711,31.2511101,75.7055597,0.400,319.40
12.281,-0.40701,3.59130,9.89763,0.33842,-0.53756,-0.14539,31.2511101,75.7055597,0.400,319.40
12.386,-0.21069,2.65756,6.83305,0.49847,0.37141,-0.05253,31.2511101,75.7055597,0.400,319.40
12.490,0.12929,2.64799,7.55131,0.24801,0.32987,0.02566,31.2511086,75.7055577,0.450,319.40
12.592,0.67038,4.66391,6.32069,-0.08796,0.09285,-0.04887,31.2511086,75.7055577,0.450,319.40
12.697,-0.90501,5.88495,10.50576,0.61453,-0.55711,-0.69516,31.2511086,75.7055577,0.450,319.40
12.802,-0.29209,5.91368,10.84573,-0.35919,-0.39462,-0.21991,31.2511086,75.7055577,0.450,319.40
12.904,0.62728,3.21781,9.60554,0.83933,-0.93340,-0.76969,31.2511086,75.7055577,0.450,319.40
13.008,0.18675,3.44765,8.01100,0.41661,0.23457,-0.46426,31.2511086,75.7055577,0.450,319.40
13.114,1.63763,3.80199,6.35900,-0.13928,-0.48503,-0.70372,31.2511086,75.7055577,0.450,319.40
13.218,-2.10690,3.05021,9.73482,-0.05131,-0.45082,-0.44471,31.2511086,75.7055577,0.450,319.40
13.321,-0.79487,3.17950,9.01178,-0.44471,-0.32987,0.09163,31.2511086,75.7055577,0.450,319.40
13.423,-1.00078,3.81636,11.60709,-1.15576,-0.03176,-0.02810,31.2511076,75.7055588,0.560,319.40
13.526,-1.65679,3.25133,9.34218,0.46181,0.28344,-0.16005,31.2511076,75.7055588,0.560,319.40
13.629,-2.01592,2.94966,6.75644,0.00244,0.19792,0.51191,31.2511076,75.7055588,0.560,319.40
13.730,-0.05746,4.38618,7.16824,0.04154,0.53756,0.38607,31.2511076,75.7055588,0.560,319.40
13.832,0.47405,5.46836,8.80109,-0.48503,0.52901,-0.14416,31.2511076,75.7055588,0.560,319.40
13.936,0.85712,4.51068,12.19127,0.34453,-0.34086,-0.38118,31.2511076,75.7055588,0.560,319.40
14.037,0.25379,2.95444,11.58794,0.87109,-0.53023,-0.63652,31.2511076,75.7055588,0.560,319.40
14.138,-1.69031,3.28006,8.56645,0.62064,0.29322,-0.39095,31.2511076,75.7055588,0.560,319.40
14.240,-0.31603,3.34709,6.44998,0.29688,-0.75747,-0.51435,31.2511076,75.7055588,0.560,319.40
14.344,-0.75178,4.37181,8.39407,0.04032,-0.03910,-0.48747,31.2511076,75.7055588,0.560,319.40
14.448,-2.27449,5.17626,9.55765,0.38240,0.37874,-0.17959,31.2511024,75.7055632,0.830,319.40
14.550,-1.27372,5.09486,9.47625,-0.46304,0.10996,0.35186,31.2511024,75.7055632,0.830,319.40
14.652,-1.98719,4.71179,8.45632,0.30543,-0.22358,-0.21625,31.2511024,75.7055632,0.830,319.40
14.757,-1.68073,4.51546,7.08684,-0.06353,-0.10263,-0.11484,31.2511024,75.7055632,0.830,319.40
14.861,-1.20189,5.31034,6.85699,0.45082,-0.06720,0.04032,31.2511024,75.7055632,0.830,319.40
14.964,-0.65601,6.18183,8.22648,0.12706,-0.15760,-0.10385,31.2511024,75.7055632,0.830,319.40
15.068,-0.66559,6.49307,8.76278,0.37018,-0.20769,-0.44471,31.2511024,75.7055632,0.830,319.40
15.170,1.56102,5.33907,8.24563,0.12462,-0.33109,-0.36041,31.2511024,75.7055632,0.830,319.40
15.272,1.68552,4.60166,7.92481,-0.34208,-0.34575,-0.76725,31.2511024,75.7055632,0.830,319.40
15.377,1.18752,4.03184,6.57927,-0.15272,-1.63590,-1.04824,31.2511024,75.7055632,0.830,319.40
15.480,0.25857,4.81235,9.15064,-0.76725,-0.93951,-0.47647,31.2510975,75.7055691,0.760,319.40
15.584,0.12929,4.02226,10.89841,-0.28100,-1.12033,-0.26878,31.2510975,75.7055691,0.760,319.40
15.687,0.42138,3.54342,9.92636,-0.73548,0.08919,-0.12584,31.2510975,75.7055691,0.760,319.40
15.791,-0.33040,2.59053,8.97347,0.10263,-0.04398,-0.17593,31.2510975,75.7055691,0.760,319.40
15.894,0.37828,2.78685,7.33105,0.05864,0.12095,0.28588,31.2510975,75.7055691,0.760,319.40
15.997,2.83473,3.11725,8.48984,-0.05620,0.15027,0.35675,31.2510975,75.7055691,0.760,319.40
16.103,3.11725,3.24654,9.81623,-0.59254,-0.59254,-0.73304,31.2510975,75.7055691,0.760,319.40
16.205,0.07183,2.85868,10.54406,0.64630,-0.37385,-0.96761,31.2510975,75.7055691,0.760,319.40
16.308,-0.58419,3.32315,8.04452,0.29688,0.09529,-0.41905,31.2510975,75.7055691,0.760,319.40
16.411,1.99198,4.86502,7.33583,0.03787,0.38485,-0.48503,31.2510975,75.7055691,0.760,319.40
16.513,2.47560,4.80277,8.54251,-0.32620,0.23335,-0.30055,31.2510944,75.7055759,0.750,319.40
16.617,1.67115,4.44843,8.42280,0.16371,-0.26389,-0.56933,31.2510944,75.7055759,0.750,319.40
16.723,-1.15879,4.14676,9.75398,0.01710,-0.70616,-0.27000,31.2510944,75.7055759,0.750,319.40
16.826,-0.89543,4.52983,8.22648,0.24923,0.58765,0.60598,31.2510944,75.7055759,0.750,319.40
16.929,0.67038,4.49152,10.30464,-0.46548,0.53023,0.54489,31.2510944,75.7055759,0.750,319.40
17.035,0.32561,3.02148,9.03572,0.72449,0.57544,0.20647,31.2510944,75.7055759,0.750,319.40
17.136,-0.27773,3.23217,7.46991,0.05498,0.20525,0.43616,31.2510944,75.7055759,0.750,319.40
17.239,0.85234,3.49553,8.05409,-0.17471,-0.03543,0.37996,31.2510944,75.7055759,0.750,319.40
17.342,1.32639,4.24253,8.85376,0.01588,-0.46792,-0.35675,31.2510944,75.7055759,0.750,319.40
17.445,-0.05746,4.56335,9.98382,-0.16982,-0.92118,-0.61697,31.2510952,75.7055839,0.700,319.40
17.547,-0.36871,4.27126,10.10832,0.08796,-0.17226,-0.76603,31.2510952,75.7055839,0.700,319.40
17.651,-0.11013,3.95522,9.05487,0.15882,-0.16493,-1.01770,31.2510952,75.7055839,0.700,319.40
17.754,0.34477,4.50110,7.07247,0.45693,0.15760,-0.64874,31.2510952,75.7055839,0.700,319.40
17.860,0.21548,4.41012,8.12113,-0.41172,0.01710,0.01100,31.2510952,75.7055839,0.700,319.40
17.964,0.37350,4.75010,8.33661,-0.29810,-0.03421,0.37996,31.2510952,75.7055839,0.700,319.40
18.068,-0.31125,3.81636,8.78193,0.09529,0.14539,0.40928,31.2510952,75.7055839,0.700,319.40
18.171,-1.14443,4.09887,7.12993,-0.37018,0.46914,0.58887,31.2510952,75.7055839,0.700,319.40
18.276,0.07661,3.57215,8.89207,-0.56444,1.19730,0.61820,31.2510952,75.7055839,0.700,319.40
18.379,-0.18675,3.57694,11.37246,-0.66218,1.56992,0.61209,31.2510952,75.7055839,0.700,319.40
18.483,1.10133,2.59531,11.19050,-1.13865,-0.39584,0.75503,31.2510976,75.7055907,0.720,319.40
18.587,0.16759,2.67193,7.58962,-0.01344,-0.07453,0.08796,31.2510976,75.7055907,0.720,319.40
18.690,0.54588,3.81157,8.63828,0.43127,0.55589,-0.27489,31.2510976,75.7055907,0.720,319.40
18.793,-1.16358,4.39575,10.97023,-0.53023,-0.29566,-0.08552,31.2510976,75.7055907,0.720,319.40
18.897,-0.03831,3.89776,11.87524,0.37263,-0.36530,-1.14232,31.2510976,75.7055907,0.720,319.40
18.998,1.74298,1.37906,8.82982,1.04091,-0.58399,-1.33779,31.2510976,75.7055907,0.720,319.40
19.101,-0.04310,1.99676,8.08282,0.44593,0.32987,-1.79350,31.2510976,75.7055907,0.720,319.40
19.205,0.22984,2.05901,7.62314,-0.05376,-0.84666,-1.36956,31.2510976,75.7055907,0.720,319.40
19.309,0.00000,1.21147,10.19930,-0.06720,-0.43738,-1.16431,31.2510976,75.7055907,0.720,319.40
19.413,-2.87304,0.79009,11.44428,0.08308,-0.81856,-0.23457,31.2510976,75.7055907,0.720,319.40
19.517,-3.09810,1.05824,11.99974,-0.15149,-0.46548,0.38607,31.2511041,75.7055961,0.860,319.40
19.621,-2.00634,2.31759,7.33105,0.46426,0.31154,0.23946,31.2511041,75.7055961,0.860,319.40
19.725,-1.34554,3.65834,10.50576,0.05620,0.66706,0.85155,31.2511041,75.7055961,0.860,319.40
19.829,-1.64242,3.74453,8.85376,1.34024,0.40195,0.84177,31.2511041,75.7055961,0.860,319.40
19.933,0.12929,4.73094,7.44118,0.69639,-0.10263,0.48014,31.2511041,75.7055961,0.860,319.40
20.038,-0.00479,5.27203,9.01656,-0.02199,0.12095,-0.23579,31.2511041,75.7055961,0.860,319.40
20.141,0.56024,4.23295,7.53216,0.38729,-0.45326,-0.63163,31.2511041,75.7055961,0.860,319.40
20.244,-0.27294,4.03662,8.30309,-0.04398,-0.01588,-0.25290,31.2511041,75.7055961,0.860,319.40
20.346,-0.78530,4.69742,7.92960,0.19059,-0.04032,-0.35064,31.2511041,75.7055961,0.860,319.40
20.448,-1.82438,5.13317,8.14507,0.51924,0.33475,-0.22480,31.2511085,75.7056004,0.620,319.40
20.550,-2.19788,5.45399,8.77236,-0.33231,0.20403,0.66462,31.2511085,75.7056004,0.620,319.40
20.651,-2.60010,4.45322,8.95910,0.08063,-0.20159,0.39584,31.2511085,75.7056004,0.620,319.40
20.758,-4.87459,4.47716,7.71891,-0.92241,1.24250,0.25290,31.2511085,75.7056004,0.620,319.40
20.861,-1.92015,3.66792,7.76200,-0.82711,-0.41539,0.45204,31.2511085,75.7056004,0.620,319.40
20.965,-1.97282,3.50511,5.92804,-0.36041,0.14172,0.65729,31.2511085,75.7056004,0.620,319.40
21.069,0.29688,3.94086,8.18817,-1.80816,0.23213,0.71227,31.2511085,75.7056004,0.620,319.40
21.172,1.94888,5.47315,12.56477,0.07330,0.00733,-0.41417,31.2511085,75.7056004,0.620,319.40
21.274,0.53151,2.78206,14.61421,0.33842,-1.09223,-0.12706,31.2511085,75.7056004,0.620,319.40
21.378,0.08140,2.16436,10.41478,0.84666,-0.27611,-0.87354,31.2511085,75.7056004,0.620,319.40
21.482,-1.37906,1.94888,7.47949,0.64507,-0.26145,-1.17286,31.2511097,75.7056048,0.550,59.00
21.585,-3.56257,2.02549,7.33583,0.92729,-0.23335,-0.45571,31.2511097,75.7056048,0.550,59.00
21.688,-2.61926,2.14999,6.22014,0.10751,0.25045,0.81978,31.2511097,75.7056048,0.550,59.00
21.791,-4.35745,1.64721,11.16656,-2.01097,1.73486,1.03603,31.2511097,75.7056048,0.550,59.00
21.896,-3.49553,1.35991,11.72201,-0.31521,-0.15516,0.84299,31.2511097,75.7056048,0.550,59.00
21.998,-2.79164,2.32716,6.12916,-0.40684,0.30421,1.36834,31.2511097,75.7056048,0.550,59.00
22.103,-0.10056,3.13640,7.89129,-0.50213,0.41172,1.80083,31.2511097,75.7056048,0.550,59.00
22.206,1.58496,3.16992,13.05319,-1.01404,-0.21380,1.03969,31.2511097,75.7056048,0.550,59.00
22.310,-1.32639,2.94487,14.66688,0.40073,0.00611,-0.50702,31.2511097,75.7056048,0.550,59.00
22.413,-0.09098,1.63285,8.54251,1.00060,-0.67195,-0.41172,31.2511097,75.7056048,0.550,59.00
22.516,-0.23463,1.30723,9.08360,0.84422,-0.12584,-0.37507,31.2511113,75.7056089,0.410,64.90
22.619,-1.50356,2.14520,7.47470,0.64385,0.05009,-0.30788,31.2511113,75.7056089,0.410,64.90
22.724,-2.33674,2.14520,7.46991,0.75869,-0.16371,0.18692,31.2511113,75.7056089,0.410,64.90
22.828,-1.86748,3.45244,7.03416,-0.64141,0.48625,0.84788,31.2511113,75.7056089,0.410,64.90
22.931,-0.89064,1.89142,13.14417,-1.81916,0.43738,1.17775,31.2511113,75.7056089,0.410,64.90
23.037,-1.33118,2.77727,8.22648,-0.63163,0.43738,0.58643,31.2511113,75.7056089,0.410,64.90
23.140,0.13886,2.55222,8.03973,-0.59987,0.11118,0.54489,31.2511113,75.7056089,0.410,64.90
23.245,-0.13886,3.87382,9.68215,0.15149,0.47525,0.27489,31.2511113,75.7056089,0.410,64.90
23.347,-0.83318,4.06535,12.42591,0.36408,0.39462,-0.16982,31.2511113,75.7056089,0.410,64.90
23.450,-0.79966,2.71502,13.53203,0.37018,-0.36408,-0.77580,31.2511118,75.7056128,0.460,70.80
23.552,0.71347,2.16915,8.23605,0.95417,-0.51068,-1.40010,31.2511118,75.7056128,0.460,70.80
23.655,-0.60334,1.56102,8.53294,0.68295,-0.81367,-1.23639,31.2511118,75.7056128,0.460,70.80
23.761,-0.94332,1.98240,7.34062,0.27978,-0.52901,-1.09711,31.2511118,75.7056128,0.460,70.80
23.866,-2.53307,3.03585,9.47146,0.25168,-0.33109,-0.78924,31.2511118,75.7056128,0.460,70.80
23.969,-3.24654,4.03662,9.56244,-0.50457,-0.10751,0.08919,31.2511118,75.7056128,0.460,70.80
24.071,-2.37505,1.85790,10.99896,-0.08430,-0.92118,0.06597,31.2511118,75.7056128,0.460,70.80
24.174,-1.92973,3.44765,4.63039,0.41539,0.49236,0.24801,31.2511118,75.7056128,0.460,70.80
24.277,0.17238,2.58574,8.39886,-0.04520,-0.26878,0.36285,31.2511118,75.7056128,0.460,70.80
24.381,0.02394,4.16591,6.67025,-0.12950,-0.05864,0.10507,31.2511118,75.7056128,0.460,70.80
24.486,0.31125,4.24731,14.10664,-0.72815,0.53145,-0.65851,31.2511123,75.7056171,0.470,76.80
24.589,-0.60813,2.60968,12.63181,0.24679,-0.91752,-1.28648,31.2511123,75.7056171,0.470,76.80
24.692,0.59376,2.70066,8.02058,0.32498,-0.10018,-1.02992,31.2511123,75.7056171,0.470,76.80
24.797,-0.64165,1.81959,6.65588,0.20036,-0.75625,-0.83811,31.2511123,75.7056171,0.470,76.80
24.901,-0.90980,1.73340,10.03170,0.02688,-0.48014,-0.86254,31.2511123,75.7056171,0.470,76.80
25.005,-3.23217,2.50912,11.79863,0.36163,0.94440,-0.10996,31.2511123,75.7056171,0.470,76.80
25.108,-2.22661,1.80044,12.68448,-0.71960,-0.13439,0.62553,31.2511123,75.7056171,0.470,76.80
25.211,-2.37026,1.75256,5.87058,0.53878,-0.15394,0.25168,31.2511123,75.7056171,0.470,76.80
25.316,0.08140,2.08296,6.92403,-0.42028,0.27733,0.70616,31.2511123,75.7056171,0.470,76.80
25.418,-1.25456,3.59130,8.28394,-0.04276,0.84544,0.62064,31.2511123,75.7056171,0.470,76.80
25.522,-0.21069,6.11958,11.20486,-0.00977,0.66096,0.18082,31.2511126,75.7056228,0.740,82.70
25.624,-0.68474,4.63996,11.76990,0.52901,0.25779,-0.69516,31.2511126,75.7056228,0.740,82.70
25.726,-0.32561,3.03106,7.63272,0.91385,-0.56077,-0.71838,31.2511126,75.7056228,0.740,82.70
25.830,-0.59855,1.89142,7.40766,-0.33720,-0.13073,-0.50702,31.2511126,75.7056228,0.740,82.70
25.933,-1.63285,1.88663,7.98227,-0.30177,-1.40621,-0.98594,31.2511126,75.7056228,0.740,82.70
26.035,-3.46680,2.84910,9.20331,0.54489,-0.14172,-0.61209,31.2511126,75.7056228,0.740,82.70
26.139,-3.74453,3.22260,9.90242,-0.20036,-0.23335,0.66829,31.2511126,75.7056228,0.740,82.70
26.243,-0.91937,1.05824,12.20564,0.22602,-0.45326,0.57177,31.2511126,75.7056228,0.740,82.70
26.346,-1.45089,2.14999,6.07648,0.10507,0.11973,0.30299,31.2511126,75.7056228,0.740,82.70
26.451,0.60334,3.24654,7.50822,-0.42028,-0.59620,0.36896,31.2511147,75.7056293,0.790,81.10
26.554,-0.22505,5.03740,8.77236,0.28711,0.87598,0.39584,31.2511147,75.7056293,0.790,81.10
26.657,1.23541,3.88340,15.37556,-0.38118,-0.42883,0.58521,31.2511147,75.7056293,0.790,81.10
26.760,-0.21069,2.82037,11.09473,0.49724,-0.19914,-0.17959,31.2511147,75.7056293,0.790,81.10
26.863,1.20189,3.03585,7.38851,0.05376,-0.17959,-0.54856,31.2511147,75.7056293,0.790,81.10
26.965,0.20111,2.25534,7.55131,0.08186,0.28100,-0.13683,31.2511147,75.7056293,0.790,81.10
27.069,-0.30646,3.00712,8.68616,0.29444,0.58765,-0.30299,31.2511147,75.7056293,0.790,81.10
27.170,-2.28886,4.63517,8.59518,0.08186,0.69272,0.09041,31.2511147,75.7056293,0.790,81.10
27.273,-0.96726,3.40455,10.89841,-0.87598,-0.38851,1.06413,31.2511147,75.7056293,0.790,81.10
27.376,-0.99599,2.77727,10.40999,-0.11973,-0.06964,0.43371,31.2511147,75.7056293,0.790,81.10
27.477,-1.47483,2.68151,7.45554,0.20281,0.61087,0.32009,31.2511170,75.7056352,0.720,77.10
27.579,-0.69911,3.08373,7.46991,-0.11118,0.33353,0.38973,31.2511170,75.7056352,0.720,77.10
27.681,0.01915,4.75488,8.45153,0.33475,-0.16493,0.09407,31.2511170,75.7056352,0.720,77.10
27.785,0.82361,5.30555,11.64061,0.06109,-0.91752,-0.58887,31.2511170,75.7056352,0.720,77.10
27.888,-0.01915,3.28006,10.75954,0.51191,0.67928,-0.43738,31.2511170,75.7056352,0.720,77.10
27.992,-0.26336,3.25611,9.81144,-0.15516,-0.02932,-0.39218,31.2511170,75.7056352,0.720,77.10
28.094,0.31603,2.82516,6.79953,-0.01222,-0.74159,-0.42150,31.2511170,75.7056352,0.720,77.10
28.197,-0.43096,3.45723,8.63349,0.13683,0.06964,-0.45693,31.2511170,75.7056352,0.720,77.10
28.300,-2.58574,3.84030,11.84172,-0.11240,0.33598,0.03421,31.2511170,75.7056352,0.720,77.10
28.403,-1.45089,3.36146,10.71166,-0.22969,0.12095,0.81978,31.2511170,75.7056352,0.720,77.10
28.505,-1.30245,3.10767,8.02058,0.13928,0.21258,0.24801,31.2511236,75.7056393,1.000,67.50
28.607,-1.37906,2.88741,6.87136,-0.38362,0.27978,0.12706,31.2511236,75.7056393,1.000,67.50
28.710,-0.62249,3.97437,9.02614,-0.16982,0.57910,0.34941,31.2511236,75.7056393,1.000,67.50
28.814,-1.40300,5.09965,8.92558,0.32742,-0.15638,-0.11973,31.2511236,75.7056393,1.000,67.50
28.916,-1.10133,4.82192,9.73482,-0.11118,-0.42883,-0.16005,31.2511236,75.7056393,1.000,67.50
29.020,0.68474,3.03106,9.38527,0.19914,-0.60476,-0.12828,31.2511236,75.7056393,1.000,67.50
29.122,0.33040,3.04542,8.63349,0.01710,0.42272,-0.19059,31.2511236,75.7056393,1.000,67.50
29.225,-0.71347,3.33273,7.55610,0.15882,0.02077,-0.35308,31.2511236,75.7056393,1.000,67.50
29.327,-0.89543,3.63440,9.61990,0.50824,0.00489,-0.14539,31.2511236,75.7056393,1.000,67.50
29.434,-1.76213,3.91213,10.55843,0.04887,0.21869,0.37996,31.2511272,75.7056466,1.000,62.20
29.536,-1.83396,3.04064,10.26634,-0.49847,-0.42150,0.23824,31.2511272,75.7056466,1.000,62.20
29.639,-2.11647,2.81558,7.87214,-0.08308,0.12584,-0.21747,31.2511272,75.7056466,1.000,62.20
29.743,-1.63763,3.29442,6.67503,-0.16616,0.09285,0.01222,31.2511272,75.7056466,1.000,62.20
29.846,-0.81403,4.42448,8.59518,-0.12950,0.21380,0.27733,31.2511272,75.7056466,1.000,62.20
29.951,-1.26893,5.25288,11.39640,-0.04032,-0.09652,-0.03665,31.2511272,75.7056466,1.000,62.20
30.054,-1.48441,3.25133,13.01009,-0.43494,0.53878,0.14783,31.2511272,75.7056466,1.000,62.20
30.158,-0.01437,3.65355,7.53695,0.17226,-0.03421,-0.44715,31.2511272,75.7056466,1.000,62.20
30.262,0.76614,2.42772,7.15866,0.18570,-0.60598,-0.46059,31.2511272,75.7056466,1.000,62.20
30.365,-0.13886,2.85868,8.33182,-0.02199,-0.05620,-0.83444,31.2511272,75.7056466,1.000,62.20
30.469,-4.03184,3.40934,12.08593,-0.43249,0.02932,-0.25779,31.2511307,75.7056504,0.780,58.20
30.572,-1.98240,3.06458,9.99340,-0.25168,-0.47892,0.50091,31.2511307,75.7056504,0.780,58.20
30.677,-1.12049,1.91057,9.23204,-0.13317,-0.24557,-0.00855,31.2511307,75.7056504,0.780,58.20
30.779,-1.58975,2.30801,6.17704,-0.24801,0.27489,-0.08552,31.2511307,75.7056504,0.780,58.20
30.883,-1.53229,3.26090,7.51779,-0.18204,0.41539,0.27245,31.2511307,75.7056504,0.780,58.20
30.987,-0.56982,3.64398,10.44830,-0.31398,0.01833,0.66706,31.2511307,75.7056504,0.780,58.20
31.090,0.24421,3.61524,12.16733,0.25412,-0.28100,-0.48381,31.2511307,75.7056504,0.780,58.20
31.194,0.20111,2.18351,11.02290,0.52901,-0.25045,-0.43616,31.2511307,75.7056504,0.780,58.20
31.298,-0.18196,2.15957,9.82580,0.23457,0.49969,-0.60109,31.2511307,75.7056504,0.780,58.20
31.401,-0.78051,2.36547,6.21535,0.36774,-0.66462,-0.69028,31.2511307,75.7056504,0.780,58.20
31.505,-1.21147,2.49955,9.21768,0.21869,-0.34453,-0.54489,31.2511350,75.7056572,0.780,54.30
31.608,-2.58574,2.36547,10.64462,0.22358,0.66218,0.57055,31.2511350,75.7056572,0.780,54.30
31.714,-0.99599,2.14042,11.68849,-0.78435,-0.14294,0.83444,31.2511350,75.7056572,0.780,54.30
31.819,-2.12605,2.62405,8.35576,0.42883,0.37385,0.21869,31.2511350,75.7056572,0.780,54.30
31.922,-1.04387,2.38941,7.17782,-0.10385,0.10996,0.54978,31.2511350,75.7056572,0.780,54.30
32.026,-0.48363,3.26569,7.17782,0.43371,0.75503,0.64019,31.2511350,75.7056572,0.780,54.30
32.129,-0.34955,4.86502,10.08917,-0.58887,-0.02932,0.26267,31.2511350,75.7056572,0.780,54.30
32.233,-0.54109,4.75488,12.82813,-0.17104,0.08186,-0.36163,31.2511350,75.7056572,0.780,54.30
32.334,-0.87149,3.16513,9.17458,0.70860,-0.45082,-0.66706,31.2511350,75.7056572,0.780,54.30
32.438,-1.00078,2.57137,9.06924,0.22969,0.36408,-0.33475,31.2511401,75.7056620,0.880,50.10
32.540,-1.41258,2.74854,6.82826,0.24923,-0.18570,-0.51801,31.2511401,75.7056620,0.880,50.10
32.645,-2.32238,3.05500,9.20331,0.24557,0.03421,-0.29444,31.2511401,75.7056620,0.880,50.10
32.749,-2.82037,3.10767,9.24162,-0.00367,0.06353,0.56688,31.2511401,75.7056620,0.880,50.10
32.854,-1.34554,2.35589,10.92235,-0.58399,-0.46548,0.49236,31.2511401,75.7056620,0.880,50.10
32.958,-1.52271,2.76291,8.61913,-0.21747,0.23457,-0.23824,31.2511401,75.7056620,0.880,50.10
33.061,-2.16436,3.34231,6.96713,0.01588,-0.04887,0.06353,31.2511401,75.7056620,0.880,50.10
33.164,-1.69988,4.70221,8.12113,0.29444,0.19914,0.57544,31.2511401,75.7056620,0.880,50.10
33.268,-0.14844,3.78763,11.82257,-0.32865,-0.03421,0.42638,31.2511401,75.7056620,0.880,50.10
33.373,-0.95289,3.22260,13.00530,-0.09163,0.14416,-0.15516,31.2511401,75.7056620,0.880,50.10
33.477,0.01437,3.05979,8.96389,0.09774,0.27245,-0.32620,31.2511424,75.7056696,0.990,46.90
33.581,0.11492,1.95367,7.60877,0.32009,-0.43005,-0.66829,31.2511424,75.7056696,0.990,46.90
33.685,-1.18274,2.94008,7.57525,0.02321,-0.06720,-0.88820,31.2511424,75.7056696,0.990,46.90
33.789,-3.96959,3.64398,9.97424,0.52412,0.34697,-0.27245,31.2511424,75.7056696,0.990,46.90
33.894,-1.83875,3.16513,10.83137,-0.58032,-0.50946,0.99327,31.2511424,75.7056696,0.990,46.90
33.995,-1.02951,2.71024,8.58561,0.02443,-0.24679,0.29322,31.2511424,75.7056696,0.990,46.90
34.098,-1.44610,2.51391,6.93840,-0.34331,0.37018,0.32498,31.2511424,75.7056696,0.990,46.90
34.201,-0.70868,2.86825,6.65588,-0.05253,0.35675,0.28955,31.2511424,75.7056696,0.990,46.90
34.305,-0.89543,3.97916,7.19218,-0.74403,0.13928,0.38240,31.2511424,75.7056696,0.990,46.90
34.410,0.50757,3.30400,15.89271,-0.03543,-0.51313,-0.32742,31.2511424,75.7056696,0.990,46.90
34.513,-0.94810,2.28886,13.24472,0.69028,-0.25045,-0.33598,31.2511440,75.7056780,0.780,47.10
34.617,0.04788,2.56658,8.12113,0.45571,0.63530,-0.43738,31.2511440,75.7056780,0.780,47.10
34.722,-0.12929,1.83396,7.42681,0.26267,-0.53756,-0.63286,31.2511440,75.7056780,0.780,47.10
34.827,-1.33118,2.29365,8.37971,0.50580,-0.03543,-0.56322,31.2511440,75.7056780,0.780,47.10
34.930,-3.42850,3.23217,9.37569,0.00855,0.52534,0.41539,31.2511440,75.7056780,0.780,47.10
35.034,-1.15401,2.22182,11.66455,-0.54123,-0.33842,0.90042,31.2511440,75.7056780,0.780,47.10
35.138,-1.73340,2.47560,7.80989,-0.02077,-0.23824,0.21136,31.2511440,75.7056780,0.780,47.10
35.242,-0.91937,2.28407,6.66546,-0.62186,0.18570,0.46304,31.2511440,75.7056780,0.780,47.10
35.346,-0.16759,3.50032,7.80989,-0.09652,0.51313,0.24068,31.2511440,75.7056780,0.780,47.10
35.449,0.21548,4.62081,11.52090,-0.44715,-0.01588,0.10507,31.2511428,75.7056838,0.850,50.10
35.552,-0.69911,4.49152,12.36366,0.73670,-0.41050,-0.30788,31.2511428,75.7056838,0.850,50.10
35.656,1.23541,2.21224,6.85221,0.71593,-0.85399,-0.35186,31.2511428,75.7056838,0.850,50.10
35.760,0.08619,2.34153,8.43717,0.11729,0.82345,-0.87598,31.2511428,75.7056838,0.850,50.10
35.865,0.07183,2.30322,7.68060,0.12339,-0.49114,-0.96761,31.2511428,75.7056838,0.850,50.10
35.971,-0.80445,2.58095,9.28471,0.50824,-0.15760,-0.63530,31.2511428,75.7056838,0.850,50.10
36.076,-1.58496,2.99754,9.40921,-0.07575,0.14294,0.69639,31.2511428,75.7056838,0.850,50.10
36.184,-0.64165,2.10211,11.72201,-0.45815,-0.43738,0.47159,31.2511428,75.7056838,0.850,50.10
36.287,-1.62327,2.74376,7.62793,0.14050,0.08796,0.00611,31.2511428,75.7056838,0.850,50.10
36.391,-0.40223,2.25534,7.73327,-0.47037,0.25045,0.36163,31.2511428,75.7056838,0.850,50.10
36.493,0.68953,2.95444,7.64708,-0.13928,0.52290,0.08919,31.2511431,75.7056899,0.830,53.60
36.598,-0.50757,4.30956,13.34049,-0.24801,0.40317,-0.18204,31.2511431,75.7056899,0.830,53.60
36.701,-1.22104,4.43406,12.15297,0.27978,-0.74037,-0.51924,31.2511431,75.7056899,0.830,53.60
36.805,-0.69911,2.82995,7.89608,0.72815,-0.33231,-0.54367,31.2511431,75.7056899,0.830,53.60
36.909,0.00479,1.86269,8.28873,0.17226,-0.31765,-0.42638,31.2511431,75.7056899,0.830,53.60
37.015,-0.52672,2.75333,6.17225,-0.13195,-0.05498,-0.58765,31.2511431,75.7056899,0.830,53.60
37.119,-1.33596,2.71502,10.23761,0.32009,0.17471,-0.22969,31.2511431,75.7056899,0.830,53.60
37.221,-1.48919,3.21302,9.70131,-0.50213,-0.23213,0.77458,31.2511431,75.7056899,0.830,53.60
37.326,-0.21548,1.73340,10.69729,-0.51435,-0.62186,0.63041,31.2511431,75.7056899,0.830,53.60
37.433,-0.17717,2.00155,8.38928,-0.24435,0.36896,0.04154,31.2511401,75.7056985,0.660,53.80
37.535,-0.05267,2.03507,8.04931,0.00733,0.17837,0.21502,31.2511401,75.7056985,0.660,53.80
37.638,-0.01915,3.28006,9.50498,0.15027,0.46670,0.25045,31.2511401,75.7056985,0.660,53.80
37.741,0.38307,3.59609,12.58392,-0.24557,-0.25656,-0.05986,31.2511401,75.7056985,0.660,53.80
37.845,-0.02873,2.83952,13.24951,0.21747,-0.08552,-0.45326,31.2511401,75.7056985,0.660,53.80
37.950,0.36871,2.73897,7.06768,0.42028,-0.21380,-0.55344,31.2511401,75.7056985,0.660,53.80
38.055,0.01915,1.75256,8.35576,-0.02810,-0.29932,-0.39340,31.2511401,75.7056985,0.660,53.80
38.159,-0.25857,2.27928,8.00142,0.04398,-0.02077,-0.48625,31.2511401,75.7056985,0.660,53.80
38.262,-1.71425,2.68151,10.80264,-0.05742,0.35797,0.06597,31.2511401,75.7056985,0.660,53.80
38.366,-1.06781,2.54264,11.20008,-0.26145,0.05253,0.71838,31.2511401,75.7056985,0.660,53.80
38.471,-0.66080,2.30801,9.99819,0.13073,0.05498,0.46914,31.2511458,75.7056998,0.640,57.20
38.572,-0.29209,2.29843,7.42203,-0.28100,0.03054,0.33475,31.2511458,75.7056998,0.640,57.20
38.674,0.34477,2.75333,6.65109,0.11362,0.34941,0.14050,31.2511458,75.7056998,0.640,57.20
38.776,-0.28252,4.14197,8.45632,0.15516,0.41050,-0.12217,31.2511458,75.7056998,0.640,57.20
38.879,0.16759,3.98874,12.70842,0.10751,-0.11606,-0.37141,31.2511458,75.7056998,0.640,57.20
38.984,0.45011,2.67193,13.00051,-0.12462,-0.12706,-0.41905,31.2511458,75.7056998,0.640,57.20
39.089,1.93930,2.35589,8.08282,0.42761,0.24312,-0.83200,31.2511458,75.7056998,0.640,57.20
39.192,0.98162,2.05422,7.87214,0.11118,-0.58032,-1.13499,31.2511458,75.7056998,0.640,57.20
39.296,0.79009,1.99198,8.38449,0.13806,-0.21136,-1.11911,31.2511458,75.7056998,0.640,57.20
39.398,-1.00078,1.98719,12.01889,-0.40073,0.21991,-0.52168,31.2511458,75.7056998,0.640,57.20
39.500,-1.41737,3.59609,11.14261,-0.46548,-0.58032,-0.08674,31.2511449,75.7057094,0.840,64.80
39.601,-0.46448,2.20267,9.63427,0.45571,-0.27611,-0.50824,31.2511449,75.7057094,0.840,64.80
39.705,-0.28730,1.70467,6.67025,0.14050,0.10507,-0.55222,31.2511449,75.7057094,0.840,64.80
39.809,-0.36392,2.53307,5.91847,0.11362,0.30543,-0.31154,31.2511449,75.7057094,0.840,64.80
39.914,0.96247,4.10845,8.93037,-0.77702,-0.04520,-0.21014,31.2511449,75.7057094,0.840,64.80
40.018,1.60890,2.82516,15.54795,-0.13073,-0.70738,-1.26816,31.2511449,75.7057094,0.840,64.80
40.121,-0.09577,1.78129,12.61744,0.61820,-0.47159,-1.49173,31.2511449,75.7057094,0.840,64.80
40.223,0.42138,1.64242,9.20331,0.29322,-0.03787,-0.99938,31.2511449,75.7057094,0.840,64.80
40.326,0.67995,1.96325,6.05254,0.60353,-0.80512,-1.27426,31.2511449,75.7057094,0.840,64.80
40.430,-0.25379,2.38462,9.40442,0.24312,-0.45571,-0.82589,31.2511352,75.7057199,0.690,72.00
40.532,-2.46603,3.71101,9.59596,0.44593,0.38851,0.07697,31.2511352,75.7057199,0.690,72.00
40.635,-0.17717,2.75812,10.29986,-0.82222,-0.58887,0.90652,31.2511352,75.7057199,0.690,72.00
40.739,0.23463,2.77727,8.62391,-0.08186,0.08063,-0.10996,31.2511352,75.7057199,0.690,72.00
40.840,-0.33519,2.85389,7.74764,-0.69516,0.43860,-0.10996,31.2511352,75.7057199,0.690,72.00
40.944,-0.63686,3.43329,7.25922,-0.05009,0.34331,0.05253,31.2511352,75.7057199,0.690,72.00
41.048,0.27773,4.23295,10.28070,0.00855,0.24190,0.33109,31.2511352,75.7057199,0.690,72.00
41.150,0.85712,3.86903,12.60308,-0.02566,-0.70372,-0.17959,31.2511352,75.7057199,0.690,72.00
41.254,0.34477,2.85868,12.86644,0.23335,-0.03054,-0.66584,31.2511352,75.7057199,0.690,72.00
41.358,0.90501,3.15077,7.79073,0.41661,0.37629,-0.81612,31.2511352,75.7057199,0.690,72.00
41.461,1.17795,1.78607,8.51857,0.53023,-0.56077,-0.94440,31.2511260,75.7057287,0.760,88.60
41.564,-0.26815,2.77727,8.15465,0.20159,-0.38240,-0.92241,31.2511260,75.7057287,0.760,88.60
41.667,-3.36625,3.50032,10.41478,0.33353,0.36774,-0.00122,31.2511260,75.7057287,0.760,88.60
41.773,-0.95289,2.86825,10.29507,-0.93340,-0.23702,0.92485,31.2511260,75.7057287,0.760,88.60
41.876,-1.23062,2.42772,10.51533,0.21136,0.21014,-0.15516,31.2511260,75.7057287,0.760,88.60
41.980,-1.98240,2.91614,5.64553,-0.39828,0.04887,0.22480,31.2511260,75.7057287,0.760,88.60
42.084,-0.31603,2.79643,7.61356,-0.22724,0.81734,0.66829,31.2511260,75.7057287,0.760,88.60
42.190,0.86670,4.42448,9.52892,-0.25290,-0.06353,0.50702,31.2511260,75.7057287,0.760,88.60
42.293,1.15401,5.21457,12.95742,-0.24312,-0.44471,-0.33598,31.2511260,75.7057287,0.760,88.60
42.396,0.50278,2.47560,13.00530,0.92974,-0.72571,-0.81734,31.2511260,75.7057287,0.760,88.60
42.500,-0.18196,2.46603,8.20253,0.62797,0.29810,-0.71838,31.2511224,75.7057348,0.810,103.30
42.607,0.31125,2.23618,5.52103,-0.15760,-0.75014,-0.78435,31.2511224,75.7057348,0.810,103.30
42.711,-1.01993,2.78206,9.05487,0.02688,-0.02688,-0.68295,31.2511224,75.7057348,0.810,103.30
42.815,-2.24576,3.05021,11.20486,-0.13806,0.13683,0.46304,31.2511224,75.7057348,0.810,103.30
42.919,-1.88184,3.05021,11.52090,-0.58765,0.18326,1.00915,31.2511224,75.7057348,0.810,103.30
43.023,-1.84354,2.33674,9.23683,0.71105,-0.12950,0.41661,31.2511224,75.7057348,0.810,103.30
43.127,-1.87705,3.10289,4.86023,-0.19914,0.30177,0.98960,31.2511224,75.7057348,0.810,103.30
43.230,1.00556,3.56736,7.92481,0.06109,0.52412,0.93951,31.2511224,75.7057348,0.810,103.30
43.332,1.10133,4.90811,10.29028,-0.19426,0.48991,0.40561,31.2511224,75.7057348,0.810,103.30
43.437,1.04866,5.04698,12.35887,-0.50457,-0.19792,-0.31032,31.2511104,75.7057403,0.950,123.00
43.539,1.47483,2.86347,8.44674,0.68539,-0.55100,-1.10078,31.2511104,75.7057403,0.950,123.00
43.642,0.56503,2.60010,8.26957,-0.06231,-0.11484,-0.84544,31.2511104,75.7057403,0.950,123.00
43.746,0.79487,2.23618,7.24964,-0.10018,-0.75381,-1.11177,31.2511104,75.7057403,0.950,123.00
43.852,-1.09654,2.81558,9.65821,0.05009,-0.35552,-0.91996,31.2511104,75.7057403,0.950,123.00
43.956,-1.16358,2.95923,10.16578,0.03665,-0.55100,0.15394,31.2511104,75.7057403,0.950,123.00
44.058,-0.87628,2.48518,11.89439,-0.69394,-0.55833,0.18692,31.2511104,75.7057403,0.950,123.00
44.160,-1.05824,2.70545,7.82904,0.17715,0.39340,0.02932,31.2511104,75.7057403,0.950,123.00
44.265,-0.22027,2.48997,7.15866,-0.11973,0.40928,0.39095,31.2511104,75.7057403,0.950,123.00
44.369,0.83318,2.94487,7.78116,-0.09285,0.36652,0.25779,31.2511104,75.7057403,0.950,123.00
44.474,1.12527,2.97839,11.65976,-0.36774,-0.41661,-0.41417,31.2510961,75.7057447,0.890,139.80
44.577,-0.73263,4.28562,10.67335,-0.02688,-0.09529,-0.96883,31.2510961,75.7057447,0.890,139.80
44.680,0.86191,2.32238,9.04051,0.76603,-0.53634,-0.98594,31.2510961,75.7057447,0.890,139.80
44.786,0.67995,2.65756,9.14106,0.10629,0.15149,-0.58399,31.2510961,75.7057447,0.890,139.80
44.890,0.46926,2.84431,6.92882,0.20647,-0.41172,-0.67684,31.2510961,75.7057447,0.890,139.80
44.994,-0.52194,2.94008,9.88805,0.25045,-0.36408,-0.39828,31.2510961,75.7057447,0.890,139.80
45.097,-1.60412,3.36625,9.78750,0.15394,0.03176,0.77458,31.2510961,75.7057447,0.890,139.80
45.202,0.17238,1.65200,12.52168,-0.26389,-0.06597,1.30725,31.2510961,75.7057447,0.890,139.80
45.307,-0.12450,1.98240,8.06846,0.24679,0.33353,0.88331,31.2510961,75.7057447,0.890,139.80
45.410,-0.53151,2.34153,6.22971,-0.25779,0.56810,1.01159,31.2510961,75.7057447,0.890,139.80
45.514,0.90980,4.06057,8.84897,0.09285,0.66829,0.91019,31.2510865,75.7057464,0.820,156.30
45.619,1.85790,4.78840,12.84729,-0.20159,0.40806,0.73182,31.2510865,75.7057464,0.820,156.30
45.724,0.60334,4.22337,12.21043,-0.13928,0.11606,0.05742,31.2510865,75.7057464,0.820,156.30
45.827,1.62327,3.08852,9.60075,0.32620,0.25779,-0.31398,31.2510865,75.7057464,0.820,156.30
45.931,1.33118,1.81480,6.78038,0.41172,-0.41539,-0.61697,31.2510865,75.7057464,0.820,156.30
46.034,1.12049,2.23618,6.50744,-0.35430,-0.81734,-0.99327,31.2510865,75.7057464,0.820,156.30
46.139,-1.52271,1.90100,13.23515,0.06720,0.06964,-0.23579,31.2510865,75.7057464,0.820,156.30
46.243,-0.41659,2.52349,11.11867,-0.94806,-0.33842,0.96639,31.2510865,75.7057464,0.820,156.30
46.346,-0.42138,2.11647,10.38605,0.51557,-0.44104,-0.34453,31.2510865,75.7057464,0.820,156.30
46.448,-1.38864,3.06937,5.37738,0.17959,0.71105,0.22602,31.2510801,75.7057510,0.680,164.20
46.552,0.61292,3.00233,8.08761,0.06964,0.26512,0.42028,31.2510801,75.7057510,0.680,164.20
46.657,1.37427,4.71658,8.22648,-0.42638,-0.05620,0.37996,31.2510801,75.7057510,0.680,164.20
46.764,0.53630,3.95522,13.56076,0.15516,-0.22602,-0.68050,31.2510801,75.7057510,0.680,164.20
46.869,0.62249,2.98796,10.33816,0.58032,-0.53145,-0.59010,31.2510801,75.7057510,0.680,164.20
46.972,0.57940,2.67193,7.23049,-0.01955,-0.04643,0.00855,31.2510801,75.7057510,0.680,164.20
47.077,0.89543,2.38462,6.78996,-0.25656,-0.10507,-0.32620,31.2510801,75.7057510,0.680,164.20
47.182,-0.21548,2.93529,9.90721,0.25656,0.17837,-0.53145,31.2510801,75.7057510,0.680,164.20
47.287,-0.46926,2.88741,10.40520,-0.01466,0.10385,0.73304,31.2510801,75.7057510,0.680,164.20
47.390,1.57538,2.54264,10.84573,-0.62797,-0.36408,0.81123,31.2510801,75.7057510,0.680,164.20
47.495,-0.12929,2.83473,9.15064,-0.04520,0.28955,-0.20403,31.2510712,75.7057535,0.880,164.20
47.600,-0.34955,2.51391,7.43639,-0.01466,0.15272,0.17349,31.2510712,75.7057535,0.880,164.20
47.704,0.32082,3.12204,8.02058,-0.02443,0.18448,0.42028,31.2510712,75.7057535,0.880,164.20
47.808,0.89064,4.01268,10.40999,-0.11240,-0.20892,0.09285,31.2510712,75.7057535,0.880,164.20
47.912,-0.37828,4.38139,13.00051,-0.35308,0.27245,-0.18692,31.2510712,75.7057535,0.880,164.20
48.017,1.24977,3.16035,7.32626,0.53512,-0.16127,-0.46304,31.2510712,75.7057535,0.880,164.20
48.120,1.01993,2.17872,8.62391,0.22113,0.00489,-0.29932,31.2510712,75.7057535,0.880,164.20
48.224,1.41258,2.68629,7.66623,0.21625,-0.06353,-0.70005,31.2510712,75.7057535,0.880,164.20
48.329,-0.79487,3.01669,9.73961,0.27122,-0.53267,-0.45815,31.2510712,75.7057535,0.880,164.20
48.433,-0.83318,2.83952,9.48104,0.10385,-0.45815,0.66340,31.2510631,75.7057543,0.840,163.60
48.536,-1.02472,2.23618,11.12825,-0.34819,-0.16127,0.01588,31.2510631,75.7057543,0.840,163.60
48.640,-2.33674,3.18429,7.04374,-0.05376,0.92974,0.01955,31.2510631,75.7057543,0.840,163.60
48.745,-2.00155,2.77727,8.12592,-0.11118,0.60842,0.83444,31.2510631,75.7057543,0.840,163.60
48.850,0.64165,4.30477,7.35499,0.19059,0.77824,1.06168,31.2510631,75.7057543,0.840,163.60
48.955,1.98240,5.10444,11.75074,-0.22969,-0.01466,0.58643,31.2510631,75.7057543,0.840,163.60
49.057,1.11570,2.74376,13.12022,0.04276,-0.24801,-0.04520,31.2510631,75.7057543,0.840,163.60
49.159,0.42138,3.43329,7.27837,0.25045,0.48991,-0.60353,31.2510631,75.7057543,0.840,163.60
49.265,0.66080,2.28886,8.29351,0.00000,-0.49847,-0.70005,31.2510631,75.7057543,0.840,163.60
49.367,-0.56024,3.37582,8.50899,0.06842,-0.07575,-0.63530,31.2510631,75.7057543,0.840,163.60
49.470,-2.36547,3.95043,10.07480,0.05253,0.00000,-0.04032,31.2510559,75.7057561,0.960,164.30
49.576,-1.01514,3.79242,10.29507,-0.20647,-0.10751,0.59132,31.2510559,75.7057561,0.960,164.30
49.679,-1.69509,3.16035,9.69173,0.06842,0.27489,0.02932,31.2510559,75.7057561,0.960,164.30
49.782,-1.14922,2.49476,6.06212,-0.41050,0.17837,0.03299,31.2510559,75.7057561,0.960,164.30
49.886,-1.52271,2.71981,7.22091,-0.33231,0.36652,0.20159,31.2510559,75.7057561,0.960,164.30
49.991,0.61292,3.79242,8.33661,-0.56810,-0.36408,0.37263,31.2510559,75.7057561,0.960,164.30
50.095,0.49799,4.14676,12.76110,-0.48258,-0.02077,-0.54245,31.2510559,75.7057561,0.960,164.30
50.197,-1.39343,2.32716,14.69561,0.30299,-0.34331,-0.39584,31.2510559,75.7057561,0.960,164.30
50.297,-0.36871,2.36547,9.59596,0.24068,0.35064,0.06475,31.2510559,75.7057561,0.960,164.30
50.401,0.68953,2.13084,6.43561,0.32009,-0.10385,-0.31887,31.2510559,75.7057561,0.960,164.30
50.504,-1.10133,2.00634,8.88728,0.51191,-0.22969,-0.45937,31.2510472,75.7057600,0.850,166.70
50.607,-1.93930,2.27928,9.85453,0.17471,-0.00977,0.70494,31.2510472,75.7057600,0.850,166.70
50.711,0.56024,1.56102,13.17769,-1.50762,-0.52534,0.90408,31.2510472,75.7057600,0.850,166.70
50.816,-2.26491,1.98240,9.22246,0.75381,0.29688,-0.35675,31.2510472,75.7057600,0.850,166.70
50.920,-0.69911,2.63841,7.40287,-0.24679,0.12584,0.71960,31.2510472,75.7057600,0.850,166.70
51.024,1.20668,3.81636,8.01100,0.34575,0.72693,0.52412,31.2510472,75.7057600,0.850,166.70
51.126,0.44053,4.62081,11.47301,-0.07697,0.39095,0.14905,31.2510472,75.7057600,0.850,166.70
51.230,0.45969,3.89297,13.87679,-0.28344,-0.15149,-0.22969,31.2510472,75.7057600,0.850,166.70
51.334,1.14443,2.62405,9.16022,0.51679,-0.21380,-0.80756,31.2510472,75.7057600,0.850,166.70
51.437,-0.01915,2.37505,8.09719,0.25656,-0.37751,-0.80512,31.2510389,75.7057586,0.680,169.20
51.539,-0.22984,2.57137,7.80510,0.40928,-0.24679,-0.64385,31.2510389,75.7057586,0.680,169.20
51.641,-0.99120,3.06458,8.43717,0.45937,-0.43127,-0.31154,31.2510389,75.7057586,0.680,169.20
51.746,-1.49877,3.78284,8.62870,-0.29444,-0.02443,0.57299,31.2510389,75.7057586,0.680,169.20
51.849,-0.68953,3.53384,10.94150,-0.93829,0.11118,0.45815,31.2510389,75.7057586,0.680,169.20
51.955,-0.69911,3.21302,9.69173,0.27733,0.44715,-0.25534,31.2510389,75.7057586,0.680,169.20
52.058,-0.00958,3.84030,6.34463,0.09163,0.37751,0.16493,31.2510389,75.7057586,0.680,169.20
52.161,0.38307,5.13317,8.55209,0.10751,0.16616,0.36163,31.2510389,75.7057586,0.680,169.20
52.263,1.32639,6.07648,9.05008,0.35308,-0.63530,-0.37385,31.2510389,75.7057586,0.680,169.20
52.368,1.64242,3.38540,11.66455,-0.29199,-0.68295,-0.54856,31.2510389,75.7057586,0.680,169.20
52.472,1.58975,3.05979,9.45231,0.00244,0.30177,-1.34390,31.2510201,75.7057586,0.850,180.60
52.576,-0.22505,2.52828,8.33661,0.37141,-0.48136,-1.16187,31.2510201,75.7057586,0.850,180.60
52.681,-0.65601,3.29921,8.24563,0.15882,-0.15516,-0.62430,31.2510201,75.7057586,0.850,180.60
52.785,-2.02549,3.56736,9.59596,0.20281,-0.02321,0.30055,31.2510201,75.7057586,0.850,180.60
52.890,-1.33596,3.30879,10.93671,-0.89553,-0.27733,0.87720,31.2510201,75.7057586,0.850,180.60
52.993,-0.53630,3.35188,8.61434,-0.14294,0.10018,0.10507,31.2510201,75.7057586,0.850,180.60
53.097,-0.88585,3.12204,6.79474,-0.27122,0.45571,0.21136,31.2510201,75.7057586,0.850,180.60
53.201,0.85712,3.92170,7.86735,-0.00611,0.38118,0.21625,31.2510201,75.7057586,0.850,180.60
53.305,1.58975,4.65433,9.73004,-0.07330,-0.28344,-0.13928,31.2510201,75.7057586,0.850,180.60
53.409,1.12527,4.43885,12.49773,0.03787,-0.46914,-1.05802,31.2510201,75.7057586,0.850,180.60
53.512,1.84354,1.69988,8.86812,0.82222,-0.56566,-1.79228,31.2510116,75.7057573,0.840,188.40
53.615,-0.58419,2.21224,9.51456,0.59254,-0.25290,-2.05617,31.2510116,75.7057573,0.840,188.40
53.717,-0.54588,2.58095,6.62236,0.16860,-1.15942,-1.39888,31.2510116,75.7057573,0.840,188.40
53.821,-0.93853,2.91135,9.09318,0.10018,-0.81856,-0.75625,31.2510116,75.7057573,0.840,188.40
53.925,-1.72861,3.23696,10.45308,-0.05864,-0.33842,0.24557,31.2510116,75.7057573,0.840,188.40
54.028,-2.28886,2.82516,11.50175,-0.32376,0.16249,0.22235,31.2510116,75.7057573,0.840,188.40
54.131,-1.73819,2.73418,7.64708,0.12828,0.63530,0.63286,31.2510116,75.7057573,0.840,188.40
54.235,-0.50757,2.57616,6.52659,-0.27733,0.53267,1.12644,31.2510116,75.7057573,0.840,188.40
54.341,0.96247,4.38139,7.85298,0.21258,0.50091,0.80512,31.2510116,75.7057573,0.840,188.40
54.445,1.56581,5.92325,10.69250,-0.03787,-0.17837,-0.14905,31.2510032,75.7057521,0.730,197.90
54.548,0.95289,5.27682,12.60308,0.02443,-0.00733,-0.84422,31.2510032,75.7057521,0.730,197.90
54.652,1.78607,3.26090,7.95354,0.43005,-0.39828,-1.28282,31.2510032,75.7057521,0.730,197.90
54.757,1.47962,2.65278,7.89608,0.05376,-1.05680,-1.53327,31.2510032,75.7057521,0.730,197.90
54.861,1.35991,3.34709,8.48026,-0.27000,-1.33902,-1.35246,31.2510032,75.7057521,0.730,197.90
54.964,-0.85712,2.70066,10.70687,0.21380,-0.32376,-1.03969,31.2510032,75.7057521,0.730,197.90
55.067,-1.34554,2.89220,8.44674,0.09285,-0.64385,-0.04398,31.2510032,75.7057521,0.730,197.90
55.170,-0.70868,2.00634,10.56801,-0.49236,0.13073,-0.46548,31.2510032,75.7057521,0.730,197.90
55.274,-2.32238,2.80122,6.44519,-0.22480,0.25779,0.01222,31.2510032,75.7057521,0.730,197.90
55.376,-1.19710,3.05500,7.60398,-0.23213,0.78069,1.00671,31.2510032,75.7057521,0.730,197.90
55.481,-0.20590,4.24253,11.12346,-0.36530,0.47647,0.96883,31.2509963,75.7057423,0.590,204.70
55.586,0.14844,5.03261,11.64061,0.37263,0.35186,0.33598,31.2509963,75.7057423,0.590,204.70
55.692,1.21625,4.27604,10.75475,0.53023,0.35186,-0.18692,31.2509963,75.7057423,0.590,204.70
55.796,0.65122,3.90734,8.88728,0.01833,0.48258,-0.27122,31.2509963,75.7057423,0.590,204.70
55.900,0.26336,2.54743,7.63272,0.40928,-0.78069,-0.46914,31.2509963,75.7057423,0.590,204.70
56.004,-0.20111,2.79643,7.86256,0.16005,-0.63652,-0.32865,31.2509963,75.7057423,0.590,204.70
56.110,-2.53785,3.51469,9.52892,-0.25412,0.51924,0.37874,31.2509963,75.7057423,0.590,204.70
56.214,-1.05345,2.47560,13.31176,-1.55648,-0.21136,0.75869,31.2509963,75.7057423,0.590,204.70
56.319,-1.61848,2.66714,8.92558,0.63652,0.39340,0.02810,31.2509963,75.7057423,0.590,204.70
56.423,-0.65122,2.62883,5.98072,-0.44838,0.30910,0.48014,31.2509963,75.7057423,0.590,204.70
56.526,0.74220,3.52905,6.60800,0.04276,0.69639,0.23091,31.2509910,75.7057353,0.790,214.60
56.631,0.55067,4.34787,11.93270,-0.33231,-0.11118,-0.19548,31.2509910,75.7057353,0.790,214.60
56.734,-0.60334,4.75488,12.81856,-0.44349,-0.02810,-0.28833,31.2509910,75.7057353,0.790,214.60
56.837,-0.14365,2.25534,9.81144,0.86621,-0.77824,-0.85765,31.2509910,75.7057353,0.790,214.60
56.941,-0.01437,2.09253,7.00543,0.58032,-0.57421,-0.75136,31.2509910,75.7057353,0.790,214.60
57.044,0.56503,2.49476,7.27358,0.13683,-0.38973,-1.08367,31.2509910,75.7057353,0.790,214.60
57.149,-1.61848,3.05979,9.77313,0.74770,0.03787,-0.89919,31.2509910,75.7057353,0.790,214.60
57.253,-2.15478,3.88340,9.09318,-0.27367,-0.37141,0.54489,31.2509910,75.7057353,0.790,214.60
57.357,-1.35991,2.76770,11.20008,-0.59376,-0.51924,0.33109,31.2509910,75.7057353,0.790,214.60
57.462,-1.46046,3.01191,7.10120,0.03176,0.21869,-0.03910,31.2509869,75.7057091,0.880,228.00
57.564,-0.95289,2.66714,7.24007,0.01955,0.38485,0.54000,31.2509869,75.7057091,0.880,228.00
57.667,0.90501,4.48673,8.22169,0.10751,0.47525,0.58277,31.2509869,75.7057091,0.880,228.00
57.770,0.95289,5.62637,11.65497,-0.43249,0.20281,-0.24923,31.2509869,75.7057091,0.880,228.00
57.875,0.56982,3.29921,12.99094,-0.13195,-0.36530,-0.62797,31.2509869,75.7057091,0.880,228.00
57.979,0.76136,3.30879,7.92960,0.21136,-0.02199,-0.97372,31.2509869,75.7057091,0.880,228.00
58.084,-0.28730,2.39420,8.41323,0.43127,-0.51313,-0.79779,31.2509869,75.7057091,0.880,228.00
58.188,-1.17795,3.24175,8.07325,0.33353,-0.14294,-0.40439,31.2509869,75.7057091,0.880,228.00
58.296,-2.46124,2.91614,10.48182,0.28955,0.22113,0.37996,31.2509869,75.7057091,0.880,228.00
58.399,-1.15879,3.09810,9.36612,-1.22051,0.17837,0.98349,31.2509869,75.7057091,0.880,228.00
58.502,-1.27850,2.67193,10.81221,0.01710,0.16249,0.02566,31.2509805,75.7056953,0.950,239.40
58.605,-1.71425,2.96402,6.22971,-0.23457,0.32132,0.37874,31.2509805,75.7056953,0.950,239.40
58.708,-0.86191,3.07894,7.12036,-0.19548,0.97494,1.04214,31.2509805,75.7056953,0.950,239.40
58.810,1.28808,4.62081,8.89685,-0.69150,0.00000,0.67806,31.2509805,75.7056953,0.950,239.40
58.912,1.35512,6.01423,11.97101,0.14783,-0.03543,-0.64752,31.2509805,75.7056953,0.950,239.40
59.014,-0.37828,2.82995,13.42190,0.69150,-0.41905,-0.37018,31.2509805,75.7056953,0.950,239.40
59.117,-0.03831,2.40857,8.64307,0.25168,-0.14905,-0.18448,31.2509805,75.7056953,0.950,239.40
59.221,0.69432,1.69031,6.76601,0.26878,-0.20281,-0.86865,31.2509805,75.7056953,0.950,239.40
59.324,-1.77171,2.19788,9.54808,0.29199,-0.14050,-0.80512,31.2509805,75.7056953,0.950,239.40
59.426,-2.47082,2.63362,9.81144,0.11362,0.11118,0.47647,31.2509805,75.7056953,0.950,239.40
59.528,-1.14443,2.71502,11.06600,-0.81856,0.01344,0.88331,31.2509778,75.7056827,0.890,247.30
59.631,-1.65200,2.33674,10.67335,-0.05620,-0.02566,0.07697,31.2509778,75.7056827,0.890,247.30
59.734,-1.44131,2.78685,6.34463,-0.01100,0.22235,0.28711,31.2509778,75.7056827,0.890,247.30
59.836,0.11013,3.71580,7.98706,0.19181,0.40195,0.84055,31.2509778,75.7056827,0.890,247.30
59.938,1.44610,4.28083,10.93192,-0.17104,-0.05253,0.32376,31.2509778,75.7056827,0.890,247.30
60.041,-0.78051,4.85065,12.15297,-0.21136,-0.02443,-0.48869,31.2509778,75.7056827,0.890,247.30
60.144,-0.06225,3.06458,9.05966,0.59010,-0.19670,-0.50946,31.2509778,75.7056827,0.890,247.30
60.248,0.01915,2.23618,8.92080,0.09163,-0.29444,0.02077,31.2509778,75.7056827,0.890,247.30
60.351,0.48842,2.37505,6.62715,0.37385,-0.26145,-0.59254,31.2509778,75.7056827,0.890,247.30
60.453,-0.50757,2.34632,9.23683,0.38607,-0.27611,-0.59865,31.2509709,75.7056692,0.870,250.70
60.555,-1.83875,3.40455,9.57202,-0.20892,0.34331,0.40073,31.2509709,75.7056692,0.870,250.70
60.658,-0.85234,2.03028,13.78581,-1.30114,-0.06842,0.26634,31.2509709,75.7056692,0.870,250.70
60.760,-1.79565,2.53307,8.59997,0.56933,0.46304,0.04032,31.2509709,75.7056692,0.870,250.70
60.863,-0.90022,2.42293,6.37336,0.51313,-0.01955,0.50335,31.2509709,75.7056692,0.870,250.70
60.966,0.31125,3.55778,5.99508,0.01833,0.59376,0.96883,31.2509709,75.7056692,0.870,250.70
61.070,1.66158,4.56335,10.97502,-0.42028,-0.16982,0.04276,31.2509709,75.7056692,0.870,250.70
61.173,-1.39821,3.61524,14.25508,-0.78557,0.21747,-0.18204,31.2509709,75.7056692,0.870,250.70
61.275,0.68474,2.86347,8.10677,0.66951,-0.41417,-0.53878,31.2509709,75.7056692,0.870,250.70
61.377,0.66559,2.14520,7.16345,0.43005,-0.72571,-0.51313,31.2509709,75.7056692,0.870,250.70
61.478,-0.72305,2.99275,7.95833,0.48381,0.17226,-0.74403,31.2509653,75.7056606,0.810,252.20
61.582,-2.42772,3.44286,9.98382,0.53878,0.24923,-0.08552,31.2509653,75.7056606,0.810,252.20
61.684,-0.95289,4.36224,7.88650,-0.64141,0.10629,0.59254,31.2509653,75.7056606,0.810,252.20
61.787,-0.55545,2.89220,11.65976,0.22724,-0.06475,-0.46426,31.2509653,75.7056606,0.810,252.20
61.889,-2.50433,3.20823,5.54497,0.14783,-0.14539,-0.19303,31.2509653,75.7056606,0.810,252.20
61.992,-0.81882,3.86424,6.30633,-0.00367,-0.02199,0.59743,31.2509653,75.7056606,0.810,252.20
62.093,-0.17238,5.52582,8.43717,0.20647,0.01222,-0.06109,31.2509653,75.7056606,0.810,252.20
62.194,-0.80445,6.41646,9.75877,0.17593,-0.35064,-0.16982,31.2509653,75.7056606,0.810,252.20
62.298,0.33519,3.20823,12.07635,-0.02810,-0.06475,-0.06353,31.2509653,75.7056606,0.810,252.20
62.404,0.13886,2.75333,8.40844,-0.27245,0.00244,-0.43127,31.2509653,75.7056606,0.810,252.20
62.507,0.55067,2.40378,7.72369,-0.28955,-0.47647,-0.75503,31.2509569,75.7056523,0.870,245.50
62.610,-1.48919,3.69186,8.93037,0.00122,-0.33720,-0.51801,31.2509569,75.7056523,0.870,245.50
62.713,-2.56658,3.15077,11.54005,-0.70127,-0.54245,0.77824,31.2509569,75.7056523,0.870,245.50
62.816,-2.15957,2.50433,10.86489,-1.00915,1.01770,1.52961,31.2509569,75.7056523,0.870,245.50
62.919,-0.79966,1.44610,10.16099,-0.28833,-0.39706,0.34941,31.2509569,75.7056523,0.870,245.50
63.022,-0.29209,1.90100,7.05811,-0.23335,0.30543,0.27122,31.2509569,75.7056523,0.870,245.50
63.125,-0.23463,2.97839,8.61434,-0.03176,0.07941,0.14416,31.2509569,75.7056523,0.870,245.50
63.228,-0.16281,3.99353,11.28627,0.21991,0.66584,0.21014,31.2509569,75.7056523,0.870,245.50
63.331,-1.15401,2.25534,10.01734,0.23091,-0.68783,-0.02199,31.2509569,75.7056523,0.870,245.50
63.433,-0.89543,1.70946,9.06445,1.43187,-0.08063,-0.25412,31.2509510,75.7056442,0.790,242.10
63.534,0.71826,1.83875,8.25521,-0.06109,-0.28711,-0.62919,31.2509510,75.7056442,0.790,242.10
63.635,1.74298,2.72939,6.49786,-0.17959,-1.56381,-0.88209,31.2509510,75.7056442,0.790,242.10
63.739,0.11971,4.07014,9.01178,0.47525,-0.20647,-0.80756,31.2509510,75.7056442,0.790,242.10
63.843,0.68953,3.89776,9.07881,-0.49724,-0.23579,0.75992,31.2509510,75.7056442,0.790,242.10
63.946,0.14365,1.58017,11.45386,-0.62064,-0.17349,0.44349,31.2509510,75.7056442,0.790,242.10
64.049,-0.86670,2.01592,7.90087,0.38362,-0.00977,-0.18815,31.2509510,75.7056442,0.790,242.10
64.152,-0.21069,2.45166,7.33583,0.14539,0.37141,0.59010,31.2509510,75.7056442,0.790,242.10
64.254,0.70390,3.86424,8.43238,0.43249,0.54000,0.52534,31.2509510,75.7056442,0.790,242.10
64.356,1.28808,4.78362,11.05163,-0.36530,0.19548,0.55833,31.2509510,75.7056442,0.790,242.10
64.460,1.85311,3.50990,14.21677,-0.48747,0.66584,0.49480,31.2509440,75.7056374,0.720,241.10
64.562,2.17394,2.21703,9.56723,0.39340,-0.04276,-0.49724,31.2509440,75.7056374,0.720,241.10
64.666,1.02472,1.99676,6.32548,0.27000,-0.63774,-0.82100,31.2509440,75.7056374,0.720,241.10
64.769,0.82839,2.57137,7.60398,0.27733,-0.22602,-0.68295,31.2509440,75.7056374,0.720,241.10
64.873,-1.80044,3.71580,10.31422,-0.30177,0.58643,0.12095,31.2509440,75.7056374,0.720,241.10
64.977,-0.71347,3.11725,11.27190,-1.41843,-0.15760,1.09467,31.2509440,75.7056374,0.720,241.10
65.080,0.41180,1.51792,12.17212,-0.23457,-0.70860,0.02321,31.2509440,75.7056374,0.720,241.10
65.183,-0.79487,2.55701,5.75566,0.45448,0.31643,0.16982,31.2509440,75.7056374,0.720,241.10
65.287,0.87628,2.79164,7.50822,0.26023,0.37751,0.75259,31.2509440,75.7056374,0.720,241.10
65.389,1.13485,4.01747,9.39964,0.05742,0.47037,0.59376,31.2509440,75.7056374,0.720,241.10
65.491,1.59933,4.21858,13.07234,-0.08552,-0.59376,-0.16371,31.2509420,75.7056246,0.840,239.40
65.594,2.08296,2.93050,9.81144,0.65729,0.00855,-0.49114,31.2509420,75.7056246,0.840,239.40
65.697,1.97282,1.88184,8.61434,0.19181,-0.10873,-0.55833,31.2509420,75.7056246,0.840,239.40
65.800,0.86670,2.15957,6.04296,0.07941,-0.19059,-0.89309,31.2509420,75.7056246,0.840,239.40
65.904,-1.33596,2.46603,9.30866,0.04154,-0.92363,-0.61575,31.2509420,75.7056246,0.840,239.40
66.006,-0.40223,2.80600,9.96946,0.04276,0.20525,0.66096,31.2509420,75.7056246,0.840,239.40
66.109,0.54109,2.86825,12.60787,-0.72326,0.28466,0.55222,31.2509420,75.7056246,0.840,239.40
66.211,-0.30167,2.62883,8.34140,0.34697,0.02321,-0.13317,31.2509420,75.7056246,0.840,239.40
66.314,0.17238,2.73418,6.87615,0.33109,0.83689,0.32865,31.2509420,75.7056246,0.840,239.40
66.416,1.51314,3.95522,6.49786,0.42516,0.45448,0.33598,31.2509420,75.7056246,0.840,239.40
66.519,2.75812,4.71179,11.00854,-0.68783,-0.07453,-0.02810,31.2509350,75.7056152,0.740,246.10
66.622,2.03507,3.99832,13.91031,-0.42516,0.13073,-0.56077,31.2509350,75.7056152,0.740,246.10
66.726,1.61369,2.34632,10.04607,0.10140,-0.57666,-1.19607,31.2509350,75.7056152,0.740,246.10
66.830,-0.38307,2.09253,6.92403,0.41539,-0.75259,-1.21684,31.2509350,75.7056152,0.740,246.10
66.932,-0.57940,2.49476,8.32703,0.53634,0.02810,-0.55589,31.2509350,75.7056152,0.740,246.10
67.033,-2.26491,3.20344,8.81066,0.34086,-0.53145,0.02077,31.2509350,75.7056152,0.740,246.10
67.136,-0.54588,3.66792,9.55765,-0.60842,-0.05131,0.97250,31.2509350,75.7056152,0.740,246.10
67.240,0.15802,3.37582,11.08037,-1.16920,0.51679,1.05313,31.2509350,75.7056152,0.740,246.10
67.342,0.55545,3.12683,10.09395,-0.09041,0.54245,0.54489,31.2509350,75.7056152,0.740,246.10
67.445,0.52194,2.57616,7.84819,0.30543,-0.16616,0.91508,31.2509349,75.7056051,0.720,257.90
67.548,2.09732,3.00712,7.31189,0.50335,-0.03665,0.65118,31.2509349,75.7056051,0.720,257.90
67.652,1.60412,5.19063,11.43471,-0.08063,0.78802,-0.39951,31.2509349,75.7056051,0.720,257.90
67.755,1.96803,3.05021,12.82813,-0.29199,-0.27611,-0.11240,31.2509349,75.7056051,0.720,257.90
67.857,2.09732,3.00233,10.52491,-0.14294,0.49847,-0.42028,31.2509349,75.7056051,0.720,257.90
67.959,-0.04788,2.35111,6.76601,0.34819,-0.56444,-0.42638,31.2509349,75.7056051,0.720,257.90
68.062,-0.79966,2.33195,7.49864,0.45082,0.31765,-0.38607,31.2509349,75.7056051,0.720,257.90
68.166,-1.97282,2.58574,9.37569,-0.10140,0.22113,0.66462,31.2509349,75.7056051,0.720,257.90
68.268,-0.03831,2.88262,10.58716,-0.93951,0.30177,1.67377,31.2509349,75.7056051,0.720,257.90
68.372,0.87149,1.75734,10.63504,0.11118,-0.49236,0.78069,31.2509349,75.7056051,0.720,257.90
68.476,-1.11570,2.15957,6.50265,0.47159,0.71593,1.10689,31.2509282,75.7055952,0.750,269.50
68.579,0.62249,2.21224,6.92403,0.31276,0.54489,1.17286,31.2509282,75.7055952,0.750,269.50
68.681,1.87705,3.82115,8.67180,-0.04398,0.46914,1.18019,31.2509282,75.7055952,0.750,269.50
68.784,2.18351,5.09486,14.49450,-0.58154,-0.24557,-0.13928,31.2509282,75.7055952,0.750,269.50
68.887,1.57060,2.09253,11.08994,0.73670,-0.61942,-0.27855,31.2509282,75.7055952,0.750,269.50
68.990,1.93930,1.55623,7.59441,0.27978,0.07575,-0.25901,31.2509282,75.7055952,0.750,269.50
69.092,1.24977,1.85790,5.50666,-0.42272,-0.48625,-0.28955,31.2509282,75.7055952,0.750,269.50
69.195,0.34955,2.53785,9.98861,-0.16616,-0.04887,-0.80512,31.2509282,75.7055952,0.750,269.50
69.298,-0.19632,3.44286,12.01889,-0.41417,0.37385,0.64019,31.2509282,75.7055952,0.750,269.50
69.401,2.26491,2.71024,13.00051,-0.30788,-0.07208,0.78679,31.2509282,75.7055952,0.750,269.50
69.503,-0.12929,1.64721,8.98783,0.86987,0.35308,-0.30910,31.2509305,75.7055864,0.550,280.20
69.606,-0.68474,1.80044,6.64630,0.02199,-0.20281,0.17349,31.2509305,75.7055864,0.550,280.20
69.709,0.38786,3.23696,7.62793,0.16005,0.38362,0.47770,31.2509305,75.7055864,0.550,280.20
69.814,1.70467,4.81235,10.72602,0.12706,0.48747,0.33842,31.2509305,75.7055864,0.550,280.20
69.916,1.92973,4.42448,13.32613,-0.26756,0.27122,0.07697,31.2509305,75.7055864,0.550,280.20
70.017,1.63763,2.60010,7.11557,0.58032,-0.47403,-0.11973,31.2509305,75.7055864,0.550,280.20
70.120,1.62806,1.77650,7.71412,0.40439,0.30421,-0.17959,31.2509305,75.7055864,0.550,280.20
70.222,1.27850,2.47082,7.76679,-0.12095,-0.21014,-0.47281,31.2509305,75.7055864,0.550,280.20
70.325,-0.66080,3.43807,10.07959,-0.02199,0.08552,-0.29444,31.2509305,75.7055864,0.550,280.20
70.428,-0.00958,3.72059,9.62948,-0.06109,-0.17959,0.53145,31.2509305,75.7055864,0.550,280.20
70.529,1.34554,2.51391,10.69250,-0.63408,0.08308,0.84299,31.2509309,75.7055820,0.550,295.90
70.631,0.59855,2.75333,7.95354,-0.31154,0.22602,0.00244,31.2509309,75.7055820,0.550,295.90
70.737,0.50278,2.97839,7.92002,-0.10507,0.15394,0.21502,31.2509309,75.7055820,0.550,295.90
70.839,0.96247,4.41012,8.54730,0.44593,0.72693,0.17104,31.2509309,75.7055820,0.550,295.90
70.943,2.44209,4.40054,12.30141,-0.04032,-0.62797,-0.10873,31.2509309,75.7055820,0.550,295.90
71.045,2.26491,3.64398,12.67969,0.30055,0.04398,-0.38362,31.2509309,75.7055820,0.550,295.90
71.148,1.99676,2.67672,8.07325,0.29322,-0.10263,-0.81734,31.2509309,75.7055820,0.550,295.90
71.252,1.02951,1.98719,7.21134,0.04887,-0.24435,-0.73548,31.2509309,75.7055820,0.550,295.90
71.355,0.83797,2.24097,7.51300,-0.11973,0.09285,-0.74403,31.2509309,75.7055820,0.550,295.90
71.456,-1.00556,3.21302,11.18571,0.00000,0.00000,-0.25290,31.2509324,75.7055780,0.530,318.20
71.559,0.08619,3.88340,9.91678,-0.63163,-0.17226,0.58643,31.2509324,75.7055780,0.530,318.20
71.662,0.27294,2.91135,11.60230,-0.25412,-0.19670,-0.14416,31.2509324,75.7055780,0.530,318.20
71.765,-1.58017,3.18429,7.70454,0.14905,-0.05253,-0.27855,31.2509324,75.7055780,0.530,318.20
71.868,-0.56024,3.15077,6.84742,0.10751,0.40928,0.54734,31.2509324,75.7055780,0.530,318.20
71.970,1.41737,4.11803,8.25042,0.20647,0.17104,0.58765,31.2509324,75.7055780,0.530,318.20
72.073,1.86748,4.59687,10.48182,0.06720,0.15638,-0.07208,31.2509324,75.7055780,0.530,318.20
72.176,1.76692,4.28083,12.36845,-0.05131,-0.11973,-0.03787,31.2509324,75.7055780,0.530,318.20
72.277,1.54187,3.59609,7.77637,0.38485,-0.36408,-0.56200,31.2509324,75.7055780,0.530,318.20
72.380,0.29209,2.61926,7.03416,-0.32376,-0.16738,-0.26512,31.2509324,75.7055780,0.530,318.20
72.483,0.14365,2.82995,8.42759,0.14539,-0.27733,-0.40439,31.2509342,75.7055762,0.480,332.90
72.587,-0.23942,3.87861,9.34218,0.33475,-0.29199,-0.44838,31.2509342,75.7055762,0.480,332.90
72.689,0.26815,4.43885,11.13783,-0.07453,0.34208,0.10629,31.2509342,75.7055762,0.480,332.90
72.791,-0.49321,3.64876,8.54730,-0.05620,-0.27611,-0.07819,31.2509342,75.7055762,0.480,332.90
72.894,0.69911,3.22260,7.21134,-0.22113,-0.19548,0.00977,31.2509342,75.7055762,0.480,332.90
72.997,0.51236,3.72059,7.92960,-0.20647,0.62675,0.17349,31.2509342,75.7055762,0.480,332.90
73.100,2.25534,4.67348,10.00297,0.16127,0.29077,0.07208,31.2509342,75.7055762,0.480,332.90
73.202,1.89142,5.74130,8.26957,0.26756,-0.85277,-0.44593,31.2509342,75.7055762,0.480,332.90
73.305,2.30322,4.95121,12.15776,0.05498,0.74648,-0.60109,31.2509342,75.7055762,0.480,332.90
73.409,2.47560,3.48117,8.28394,0.26756,-0.91019,-0.96272,31.2509342,75.7055762,0.480,332.90
73.512,1.67594,2.12605,7.76679,0.21869,-0.45204,-0.87476,31.2509407,75.7055789,0.430,352.10
73.614,1.07739,2.77727,7.05811,-0.14661,-0.49114,-1.05191,31.2509407,75.7055789,0.430,352.10
73.717,-1.25935,3.34231,11.35809,-0.34086,0.23213,-0.71105,31.2509407,75.7055789,0.430,352.10
73.820,-1.38864,3.77326,9.39964,-0.57177,-0.10263,0.20647,31.2509407,75.7055789,0.430,352.10
73.923,0.73263,3.84030,9.68215,-0.74281,-0.05864,-0.19426,31.2509407,75.7055789,0.430,352.10
74.024,0.15802,3.13640,8.71489,-0.64385,0.14539,-0.42761,31.2509407,75.7055789,0.430,352.10
74.126,-0.04788,3.88818,8.07325,0.19914,0.32254,-0.54489,31.2509407,75.7055789,0.430,352.10
74.229,1.56581,4.38139,9.47146,0.33964,-0.35797,-0.46059,31.2509407,75.7055789,0.430,352.10
74.332,2.39899,4.14676,11.81778,-0.49236,-0.60109,-0.94806,31.2509407,75.7055789,0.430,352.10
74.434,-0.56982,2.31280,10.13705,0.91996,0.10751,-1.73364,31.2509425,75.7055828,0.390,8.30
74.536,-0.05746,1.69509,10.16099,0.14783,-0.09285,-0.56566,31.2509425,75.7055828,0.390,8.30
74.639,1.13964,1.31202,6.42604,0.20403,-1.37811,-0.59132,31.2509425,75.7055828,0.390,8.30
74.741,0.79009,2.24097,8.99741,-0.22235,-0.75625,-0.87354,31.2509425,75.7055828,0.390,8.30
74.843,-1.53708,3.57694,11.02290,-0.02932,-0.24190,0.16738,31.2509425,75.7055828,0.390,8.30
74.946,1.02951,1.96325,13.38359,-0.70250,-0.60842,0.52168,31.2509425,75.7055828,0.390,8.30
75.050,-1.58017,2.49955,6.42604,0.76480,-0.26512,-0.10385,31.2509425,75.7055828,0.390,8.30
75.153,0.38786,3.11725,6.42125,0.21991,0.81856,0.73670,31.2509425,75.7055828,0.390,8.30
75.256,0.92416,4.35266,8.49463,0.21991,0.54489,0.56322,31.2509425,75.7055828,0.390,8.30
75.358,1.05824,5.57849,10.02692,-0.04887,0.50335,0.37263,31.2509425,75.7055828,0.390,8.30
75.461,2.12605,5.21936,12.35887,0.02077,0.10629,-0.08063,31.2509448,75.7055856,0.370,22.50
75.562,2.32238,3.62003,8.79151,0.24679,-0.05009,-0.23457,31.2509448,75.7055856,0.370,22.50
75.665,1.24977,2.16915,6.83305,0.38729,0.14172,-0.38851,31.2509448,75.7055856,0.370,22.50
75.768,0.86670,2.65756,7.19697,-0.01955,0.03910,-0.45693,31.2509448,75.7055856,0.370,22.50
75.870,-0.97205,3.43807,9.72525,-0.20159,0.20281,-0.24679,31.2509448,75.7055856,0.370,22.50
75.972,-0.69911,2.95444,11.43471,-1.48440,0.11851,0.97372,31.2509448,75.7055856,0.370,22.50
76.075,-0.41659,2.45166,10.31422,-0.12095,-0.46914,-0.04765,31.2509448,75.7055856,0.370,22.50
76.178,-1.33596,2.77249,6.40210,-0.21014,0.21380,0.46548,31.2509448,75.7055856,0.370,22.50
76.280,0.71347,2.30801,7.44118,-0.02199,0.41783,0.76847,31.2509448,75.7055856,0.370,22.50
76.384,1.68073,2.96881,11.91834,-0.06109,0.67317,0.16860,31.2509448,75.7055856,0.370,22.50
76.485,1.33596,4.51068,11.78905,-0.56077,-0.35552,-0.33720,,,,
76.589,0.93374,2.57137,9.34696,0.67684,-0.57910,-0.85521,,,,
76.692,1.15879,1.70467,8.40365,0.48136,0.21136,-0.86865,,,,
76.793,0.55545,1.70946,7.73806,0.18570,-0.09652,-0.93707,,,,
76.895,-0.41659,1.78129,9.84975,0.38118,0.03543,-0.66829,,,,
76.998,-1.93451,2.36068,9.77313,-0.09285,-0.39095,0.46548,,,,
77.101,-0.34477,2.01592,11.20008,-0.62675,-0.58154,0.36163,,,,
77.203,-0.94810,3.33752,7.34062,0.19670,0.33231,-0.08308,,,,
77.306,0.05746,2.46603,9.24162,-0.05864,0.75625,0.48747,,,,
77.408,0.82361,3.53384,7.83383,0.73182,0.11240,0.00000,,,,
77.511,1.73819,3.97437,10.70687,-0.37874,-0.16371,-0.53023,,,,
77.614,0.85712,2.54264,13.23515,-0.00611,-0.38973,-1.11666,,,,
77.717,1.76213,2.56180,8.44196,-0.33964,0.29810,-1.11177,,,,
77.820,1.22583,1.05345,8.04452,0.32620,-0.24557,-1.16920,,,,
77.922,-0.22984,1.49398,9.42837,0.13317,-0.07697,-0.89431,,,,
78.024,-3.00233,1.58975,11.64061,-0.13195,0.02199,-0.48014,,,,
78.126,-0.73741,1.71425,10.16578,-0.81001,-1.39399,0.64385,,,,
78.230,-0.46448,2.06859,9.81144,0.16127,0.16493,-0.25656,,,,
78.333,0.02394,2.18830,7.87214,0.14050,0.06353,0.13195,,,,
78.436,1.17795,2.47560,7.90565,0.47037,0.51924,0.65118,,,,
78.539,3.04064,3.25611,8.94474,0.27733,0.17715,0.16005,,,,
78.641,1.33118,4.18028,10.64462,-0.34453,0.17349,-0.67562,,,,
78.744,0.11971,2.95444,10.88404,0.64385,-0.70250,-0.90530,,,,
78.847,-0.01437,2.27449,9.47625,0.90286,0.32254,-0.56933,,,,
78.951,-1.09176,2.23140,6.17225,0.36774,-0.51924,-0.76969,,,,
79.054,-1.00078,3.20823,9.01178,0.47525,-0.06475,-0.36163,,,,
79.156,-1.53708,3.65834,10.64462,-0.20281,0.11118,0.22602,,,,
79.258,-1.90100,3.88818,10.78827,-0.58765,0.20892,0.12095,,,,
79.360,-2.49955,3.48117,7.33105,-0.07941,-0.01222,0.02321,,,,
79.462,-1.34075,3.58651,7.28316,-0.21991,0.37018,0.40317,,,,
79.565,-0.68953,4.27604,7.91523,0.23335,0.13195,0.33598,,,,
79.667,-0.43096,4.36224,10.09395,-0.24312,-0.02566,0.36163,,,,
79.770,-1.34554,4.59687,11.07079,-0.45693,0.31154,0.13928,,,,
79.872,0.94332,2.76770,8.19296,-0.10018,-1.30236,-0.08796,,,,
79.975,0.53151,2.20267,7.98706,0.29688,-0.07941,-0.63530,,,,
80.077,0.44053,2.82516,7.94396,0.17715,-0.10140,-0.61453,,,,
80.180,-1.29766,3.34231,8.68616,0.21625,-0.29566,-0.39218,,,,
80.282,-1.31681,3.04064,10.53928,-0.52046,0.45815,0.66584,,,,
80.386,0.09098,2.42772,11.26711,-0.46670,-0.64141,0.37874,,,,
80.489,-0.55545,2.49955,8.32224,-0.14294,0.16005,0.15394,,,,
80.591,-0.66559,1.93930,9.27514,-0.13928,0.31887,0.23213,,,,
80.693,0.17717,3.39977,8.83460,0.44227,0.42150,0.26756,,,,
80.796,0.02394,4.39575,9.86411,-0.14783,-0.24068,0.01222,,,,
80.898,1.35991,3.93128,11.68370,-0.61209,0.14294,-0.13439,,,,
81.000,1.63763,2.48997,8.34619,0.05253,-0.88575,-0.83322,,,,
81.103,0.50278,2.07338,9.50977,0.61453,0.63286,-0.84177,,,,
81.206,0.44053,2.28886,8.16423,0.33353,-0.61942,-0.82467,,,,
81.309,-0.49321,2.63841,9.19852,0.42883,-0.35064,-0.27733,,,,
81.412,0.17238,2.50433,10.29028,-0.29199,-0.32498,0.58277,,,,
81.514,-2.13563,2.02071,10.70687,-0.64141,-0.55589,-0.21380,31.2509492,75.7055722,0.020,37.40
81.617,-1.46046,1.78607,7.35978,-0.04276,0.11240,0.37018,31.2509492,75.7055722,0.020,37.40
81.720,0.25857,2.39420,7.36456,0.09163,0.37507,0.70005,31.2509492,75.7055722,0.020,37.40
81.823,1.51792,3.71580,7.70933,0.18815,0.81734,0.76236,31.2509492,75.7055722,0.020,37.40
81.926,3.10767,3.01191,13.20642,-0.33475,0.36896,0.34941,31.2509492,75.7055722,0.020,37.40
82.028,1.90578,3.01191,13.92468,-0.18570,0.10873,-0.22480,31.2509492,75.7055722,0.020,37.40
82.131,2.20267,2.00155,9.94073,0.16005,-0.08308,-0.72815,31.2509492,75.7055722,0.020,37.40
82.234,0.56024,1.09654,8.14507,0.59498,-0.61331,-0.99938,31.2509492,75.7055722,0.020,37.40
82.337,-0.57461,1.46046,9.02614,0.40439,-0.63530,-0.69639,31.2509492,75.7055722,0.020,37.40
82.440,-2.08774,1.44610,9.60554,0.16493,0.07086,0.60842,31.2509467,75.7055685,0.040,37.40
82.542,1.42216,1.59933,8.41323,-1.23273,0.12217,1.04824,31.2509467,75.7055685,0.040,37.40
82.645,-1.91536,2.54264,12.69885,-0.27733,0.17837,-0.19181,31.2509467,75.7055685,0.040,37.40
82.749,-1.25456,2.04465,7.75721,-0.11729,0.33231,0.87109,31.2509467,75.7055685,0.040,37.40
82.852,-0.31125,1.93451,8.08761,0.29566,0.35064,1.27304,31.2509467,75.7055685,0.040,37.40
82.953,1.56581,2.83952,8.61913,-0.08308,0.69394,1.11666,31.2509467,75.7055685,0.040,37.40
83.056,1.68552,3.75411,12.22479,-0.06720,0.02566,0.15272,31.2509467,75.7055685,0.040,37.40
83.159,1.54665,2.51391,13.10107,0.29444,-0.02199,-0.11606,31.2509467,75.7055685,0.040,37.40
83.260,1.14443,1.51792,11.56399,0.76114,0.31765,-0.71471,31.2509467,75.7055685,0.040,37.40
83.364,-0.12929,1.22104,6.90488,0.77946,-0.77213,-0.77580,31.2509467,75.7055685,0.040,37.40
83.466,-0.88585,1.76692,6.77559,0.35919,-0.38851,-0.43249,31.2509476,75.7055696,0.140,37.40
83.569,-1.34075,2.70545,7.88650,-0.32009,-0.30421,0.09896,31.2509476,75.7055696,0.140,37.40
83.671,-0.79009,2.71981,12.32056,-0.93218,0.35186,0.81978,31.2509476,75.7055696,0.140,37.40
83.775,-1.46525,2.73418,11.15219,-0.02321,-0.08186,0.44715,31.2509476,75.7055696,0.140,37.40
83.879,-0.85712,2.18830,7.79552,0.01100,0.80390,1.01770,31.2509476,75.7055696,0.140,37.40
83.983,0.89064,2.19788,8.06846,0.30543,0.53634,1.18019,31.2509476,75.7055696,0.140,37.40
84.086,2.31280,3.43807,8.59997,0.03299,0.48381,0.68906,31.2509476,75.7055696,0.140,37.40
84.188,2.96881,3.63440,11.24796,-0.11484,0.00977,-0.19426,31.2509476,75.7055696,0.140,37.40
84.291,1.93930,2.91614,13.57512,-0.28222,0.27122,-0.51557,31.2509476,75.7055696,0.140,37.40
84.394,2.47560,1.89621,9.45231,0.19548,-0.26878,-1.34757,31.2509476,75.7055696,0.140,37.40
84.496,0.44053,1.06303,9.90721,0.59132,-0.27978,-1.13987,,,,
84.598,1.13964,1.64242,7.25443,0.14172,-0.40684,-0.86621,,,,
84.700,-0.28252,1.82917,10.19930,0.02199,-0.41905,-0.35308,,,,
84.804,-0.14844,2.50912,8.87291,-0.46426,-0.18082,0.23946,,,,
84.907,0.61292,2.93050,10.19930,-0.35064,-0.49847,-0.13806,,,,
85.008,-0.27773,2.72460,9.05487,0.01222,0.08919,-0.08063,,,,
85.111,0.61770,2.59531,8.44196,0.22235,0.00855,0.02932,,,,
85.214,1.05824,3.32794,7.33105,0.41661,0.49969,-0.03299,,,,
85.316,2.09732,3.67271,10.36689,0.11118,-0.17959,-0.38729,,,,
85.417,2.20745,3.33273,12.37323,-0.95051,-0.17349,-0.39340,,,,
85.519,2.48039,1.87227,8.27915,0.08430,-0.90775,-1.55282,,,,
85.622,1.48441,1.69988,8.22648,0.29810,-0.76847,-1.32802,,,,
85.724,1.34554,1.93930,8.69095,0.05986,-0.18082,-1.08001,,,,
85.826,-0.26336,2.14520,10.23282,-0.03910,-0.66584,-0.70250,,,,
85.928,-0.39744,2.70066,9.39964,-0.15272,-0.07330,-0.00977,,,,
86.032,-0.00958,2.77249,10.27591,-0.23213,-0.24557,-0.04032,,,,
86.136,-0.19154,2.86825,8.40365,-0.21014,0.41905,0.02077,,,,
86.240,0.24421,2.64799,9.64863,-0.44715,0.53512,0.37507,,,,
86.344,0.18675,3.65834,8.80587,-0.06109,0.08552,0.59376,,,,
86.445,2.12126,3.05979,11.24317,0.20769,-0.02199,0.04276,,,,
86.547,0.29688,2.94487,10.43872,0.56200,-0.09041,-0.40806,,,,
86.650,1.92494,2.21703,9.13148,0.17837,-0.29688,-0.41050,,,,
86.753,1.67115,2.80600,9.63906,0.08552,0.68295,-0.21014,,,,
86.855,1.20668,2.76291,7.79073,-0.04032,-0.63774,-0.22113,,,,
86.958,1.20668,2.95923,9.05966,0.00855,-0.40684,-0.06842,,,,
87.062,-0.33998,2.85868,10.45787,0.08430,-0.00122,0.38362,,,,
87.166,1.13964,2.89220,10.29028,-0.46914,0.45571,0.45571,,,,
87.270,-0.76614,3.35188,9.81623,-0.06109,0.00244,0.00855,,,,
87.374,0.24900,2.25534,7.35499,0.12339,0.28222,0.66706,,,,
87.478,0.86670,2.60968,7.95354,0.10507,0.33109,0.31521,31.2509522,75.7055763,0.450,37.40
87.581,2.59053,3.50511,8.50899,-0.32742,-0.02810,-0.15027,31.2509522,75.7055763,0.450,37.40
87.683,0.89064,3.26569,12.01410,-0.24312,-0.50946,-0.95661,31.2509522,75.7055763,0.450,37.40
87.787,0.05267,2.52349,10.13226,0.28222,-0.10018,-0.86865,31.2509522,75.7055763,0.450,37.40
87.893,0.83318,2.53307,8.69574,-0.13806,0.07330,-0.73793,31.2509522,75.7055763,0.450,37.40
87.996,2.11647,2.36547,8.77714,-0.15516,-0.02443,-0.55955,31.2509522,75.7055763,0.450,37.40
88.098,1.66158,2.56658,9.53850,-0.20403,-0.21014,-0.42272,31.2509522,75.7055763,0.450,37.40
88.201,-0.11971,2.02549,11.32457,-0.02321,-0.73182,-0.23091,31.2509522,75.7055763,0.450,37.40
88.304,-0.78051,2.90656,8.25521,0.11729,-0.41539,0.13317,31.2509522,75.7055763,0.450,37.40
88.407,0.29209,3.75411,9.03093,-0.03665,0.65363,0.49236,31.2509522,75.7055763,0.450,37.40
88.511,-0.84755,3.05979,9.82580,0.24923,0.18570,0.84055,31.2509572,75.7055773,0.750,37.40
88.613,2.10211,1.81959,7.65666,-0.05376,0.54000,0.98105,31.2509572,75.7055773,0.750,37.40
88.715,1.72861,3.16992,8.06367,0.41417,0.53878,0.42761,31.2509572,75.7055773,0.750,37.40
88.817,3.19387,3.46202,9.38048,-0.22602,-0.16127,0.16127,31.2509572,75.7055773,0.750,37.40
88.923,1.91536,2.76291,11.53048,0.18815,-0.70005,-1.02137,31.2509572,75.7055773,0.750,37.40
89.025,1.47483,2.26491,9.57681,0.28711,-0.08308,-0.91141,31.2509572,75.7055773,0.750,37.40
89.129,1.33596,2.49955,8.16423,-0.25412,-0.15149,-1.08123,31.2509572,75.7055773,0.750,37.40
89.231,1.84354,2.37984,9.33739,-0.12950,-0.39584,-0.95173,31.2509572,75.7055773,0.750,37.40
89.333,1.32160,2.77249,9.09318,-0.19548,-0.71105,-0.65973,31.2509572,75.7055773,0.750,37.40
89.436,-0.27773,2.43251,10.11790,-0.13683,-0.59376,-0.28955,31.2509627,75.7055759,0.730,37.40
89.538,-0.67995,2.71502,9.58160,-0.20403,-0.31521,0.50213,31.2509627,75.7055759,0.730,37.40
89.642,0.54109,2.58574,9.49540,-0.28222,0.78802,0.88942,31.2509627,75.7055759,0.730,37.40
89.744,1.59454,2.17394,9.72046,-0.04765,0.78069,0.75503,31.2509627,75.7055759,0.730,37.40
89.846,2.35589,2.06859,7.84340,-0.10507,0.39340,0.67440,31.2509627,75.7055759,0.730,37.40
89.949,1.64721,3.37104,9.32302,0.35797,0.28588,0.13073,31.2509627,75.7055759,0.730,37.40
90.053,1.58017,2.87783,10.45308,0.51191,-0.23824,-0.59376,31.2509627,75.7055759,0.730,37.40
90.155,0.98162,2.95923,9.43794,0.17349,0.07330,-0.57421,31.2509627,75.7055759,0.730,37.40
90.257,1.75256,2.34632,10.22803,-0.21991,-0.62675,-0.84666,31.2509627,75.7055759,0.730,37.40
90.359,1.98719,2.37984,10.09395,0.04276,0.47037,-0.80390,31.2509627,75.7055759,0.730,37.40
90.463,1.31202,1.73819,9.25598,0.28100,-1.10200,-0.99082,31.2509661,75.7055762,0.670,37.40
90.564,0.19632,2.36068,8.59040,0.20403,-0.81245,-0.49724,31.2509661,75.7055762,0.670,37.40
90.666,-1.22583,2.88262,9.90242,0.56200,-0.29077,0.26878,31.2509661,75.7055762,0.670,37.40
90.769,0.47884,3.43329,10.43393,-0.63530,0.14416,0.84666,31.2509661,75.7055762,0.670,37.40
90.873,-0.32082,3.09331,8.94953,0.59987,0.56688,0.60598,31.2509661,75.7055762,0.670,37.40
90.975,0.59855,2.70066,5.88016,0.43005,1.05435,1.12033,31.2509661,75.7055762,0.670,37.40
91.079,2.57616,3.86903,7.04374,-0.02810,0.72082,0.74770,31.2509661,75.7055762,0.670,37.40
91.181,3.67749,5.31513,8.32703,0.13195,0.42883,-0.10385,31.2509661,75.7055762,0.670,37.40
91.284,2.97360,5.14753,12.09072,-0.06231,-0.93585,-0.94806,31.2509661,75.7055762,0.670,37.40
91.386,2.28407,3.24654,12.21043,0.20647,-0.48991,-1.17408,31.2509661,75.7055762,0.670,37.40
91.490,0.71826,1.47483,10.73081,0.10263,0.25534,-0.64874,31.2509690,75.7055742,0.550,37.40
91.594,1.44610,2.86347,6.63673,0.22846,-1.21073,-0.97861,31.2509690,75.7055742,0.550,37.40
91.696,-0.44053,3.16513,8.12592,0.28222,-0.73670,-0.68906,31.2509690,75.7055742,0.550,37.40
91.798,-1.44131,1.96803,9.90242,-0.09285,-0.71716,0.46304,31.2509690,75.7055742,0.550,37.40
91.900,1.58975,3.99353,8.15944,-1.28404,0.52168,0.18570,31.2509690,75.7055742,0.550,37.40
92.003,-2.96881,3.71101,13.57034,0.35430,0.89919,0.32742,31.2509690,75.7055742,0.550,37.40
92.105,0.32082,2.49476,6.67503,0.49480,-0.07453,1.12033,31.2509690,75.7055742,0.550,37.40
92.208,3.67749,2.57616,7.40766,0.12095,0.57788,1.30603,31.2509690,75.7055742,0.550,37.40
92.312,2.37505,4.18028,10.49618,0.02810,-0.64996,0.16616,31.2509690,75.7055742,0.550,37.40
92.415,2.27928,4.92727,12.25352,-0.52779,0.35675,-0.57910,31.2509690,75.7055742,0.550,37.40
92.518,2.52349,3.46202,9.01178,0.13928,-0.73793,-0.72082,31.2509763,75.7055758,0.340,37.40
92.621,3.60567,2.28407,7.05811,0.51679,0.30177,-0.48747,31.2509763,75.7055758,0.340,37.40
92.725,1.62327,2.57616,7.44118,0.42394,-0.28833,-0.59132,31.2509763,75.7055758,0.340,37.40
92.827,-0.67516,2.94008,9.37091,-0.06964,-0.17226,0.13806,31.2509763,75.7055758,0.340,37.40
92.929,0.69911,2.49955,10.06044,-0.37751,0.69272,0.40439,31.2509763,75.7055758,0.340,37.40
93.030,0.06225,2.55701,11.62146,-0.96395,0.39095,0.13439,31.2509763,75.7055758,0.340,37.40
93.135,1.07260,2.90177,7.74764,-0.16982,0.39340,0.53634,31.2509763,75.7055758,0.340,37.40
93.237,1.78129,2.14042,9.06445,-0.02810,0.22846,0.48503,31.2509763,75.7055758,0.340,37.40
93.340,0.71347,4.05578,8.38449,0.56077,0.05131,0.10873,31.2509763,75.7055758,0.340,37.40
93.443,2.47560,4.79798,11.01333,-0.67562,-0.15638,0.11606,31.2509803,75.7055762,0.310,37.40
93.545,0.26815,2.78206,15.47612,0.64263,-0.00244,-0.15149,31.2509803,75.7055762,0.310,37.40
93.648,0.26815,2.45166,8.59997,0.50946,0.44715,0.31643,31.2509803,75.7055762,0.310,37.40
93.753,1.65679,2.35589,6.15789,0.03054,-0.57299,0.21625,31.2509803,75.7055762,0.310,37.40
93.856,-0.39265,3.41892,9.33739,0.34697,-0.13073,0.23457,31.2509803,75.7055762,0.310,37.40
93.960,-1.87227,2.48039,8.62870,0.73915,-0.39706,1.19730,31.2509803,75.7055762,0.310,37.40
94.062,-0.18196,3.62482,6.95755,1.26083,0.21991,1.29992,31.2509803,75.7055762,0.310,37.40
94.165,0.50278,4.72137,10.63504,-1.87780,1.36345,0.63774,31.2509803,75.7055762,0.310,37.40
94.268,-0.45969,3.13640,9.50977,0.15394,1.02748,0.98960,31.2509803,75.7055762,0.310,37.40
94.371,0.86670,3.36146,6.79474,0.16371,0.41905,1.57237,31.2509803,75.7055762,0.310,37.40
94.473,3.39977,3.82115,8.51857,-0.05742,1.14476,0.92974,,,,
94.576,1.14922,3.80678,15.66287,-0.28711,0.52901,0.30299,,,,
94.680,-1.15879,2.24576,10.45787,0.24435,-0.23213,0.69761,,,,
94.781,0.07661,3.69665,6.30154,-0.10751,-0.24312,0.19303,,,,
94.886,-1.04387,3.82115,6.79474,0.61331,-0.15516,0.40317,,,,
94.989,-1.62327,2.84910,9.92636,-0.24557,0.62797,1.42087,,,,
95.091,-0.74699,3.26090,10.10832,-0.04643,0.59865,1.71164,,,,
95.193,0.72784,2.71502,11.68370,-0.27367,0.90530,1.65300,,,,
95.295,-0.77093,3.33273,9.05008,-0.16249,0.45326,0.94562,,,,
95.398,-0.99599,2.67672,6.11479,0.35675,0.11606,1.50151,,,,
95.501,2.37984,2.17394,10.86489,0.12217,0.75259,1.12155,,,,
95.606,1.63763,5.79397,11.88003,-0.30299,-0.11851,0.18204,,,,
95.709,1.45089,4.24253,10.91277,0.76236,-0.25901,0.45937,,,,
95.813,0.95768,1.72861,9.03093,0.19548,0.49847,0.84177,,,,
95.916,1.22583,1.60412,5.50188,0.14783,-0.29566,0.21747,,,,
96.018,0.09577,2.18351,6.97192,0.32865,-0.39951,-0.09774,,,,
96.122,-1.07260,3.86903,11.65976,-0.51435,0.51557,0.80634,,,,
96.224,0.81882,3.30879,11.49696,-0.30421,0.54123,1.77640,,,,
96.326,1.85790,2.88741,8.59518,0.00977,-0.08063,0.68417,,,,
96.429,1.26893,1.58017,8.16902,0.12584,0.94562,0.66462,,,,
96.531,1.13964,3.34231,7.28795,0.18937,0.19670,0.56444,,,,
96.633,2.55701,4.24731,11.48259,-0.35797,0.32009,0.56566,,,,
96.735,2.00634,4.93206,11.37725,-0.14416,-0.20525,-0.38851,,,,
96.838,1.22583,2.93529,10.56322,0.86865,-0.32376,-0.41661,,,,
96.940,1.41737,2.21703,7.76200,0.64874,-0.39462,-0.27245,,,,
97.042,0.62249,2.60968,7.74285,0.01222,0.02443,-0.45693,,,,
97.144,-0.28252,3.13162,7.90565,0.96517,-0.06842,-0.39218,,,,
97.247,-0.99120,4.45322,9.51456,0.32620,0.26756,0.67195,,,,
97.350,0.98641,3.96001,10.02692,-0.42272,-0.14172,0.63408,,,,
97.453,-0.56982,4.12282,8.42759,-0.19914,0.41661,-0.33353,,,,
97.556,-0.51715,3.93128,7.37414,-0.12217,0.24679,0.43494,,,,
97.659,1.17795,4.39575,7.46512,0.52168,0.17959,0.53267,,,,
97.762,1.56581,5.81312,10.91756,0.02077,0.25534,0.10507,,,,
97.866,0.61770,3.96480,11.91355,-0.56810,0.52534,0.18204,,,,
97.969,0.84276,3.54821,7.90565,-0.21136,-0.18815,-0.45571,,,,
98.071,1.45089,2.99275,7.69496,0.08552,-0.15027,-0.50580,,,,
98.174,0.64165,3.63440,8.46111,0.09163,0.04520,-0.73059,,,,
98.277,-1.87705,4.08930,8.75320,0.22480,0.03665,-0.37996,,,,
98.380,-1.46046,4.27126,9.69652,-0.20769,0.14050,0.34575,,,,
98.483,-1.38864,3.54821,9.64384,0.35797,-0.30421,-0.06964,,,,
98.585,-0.99120,3.16513,5.57849,-0.23579,0.39095,0.11118,,,,
98.687,0.34477,3.90734,7.24007,-0.12339,0.11973,0.29322,,,,
98.791,-0.03831,5.36301,9.20331,-0.05131,-0.34331,0.27978,,,,
98.893,0.69432,5.89931,10.93671,0.02321,-0.35430,-0.11484,,,,
98.995,0.95768,3.16513,10.64941,0.15760,-0.42883,-0.09041,,,,
99.097,0.93374,2.90177,9.31823,-0.04154,0.59865,-0.44960,,,,
99.201,0.26336,2.74854,6.67025,0.06109,-0.37507,-0.71349,,,,
99.303,-0.12929,3.28006,8.31746,0.22235,0.13195,-0.52657,,,,
99.406,-1.19710,3.40934,10.86968,0.14783,-0.22480,0.44471,,,,
99.510,-0.53630,3.42850,11.01333,-0.60598,0.25901,0.84422,31.2509895,75.7055708,0.490,37.40
99.613,-1.14922,3.15556,8.63349,0.25290,-0.21747,-0.10263,31.2509895,75.7055708,0.490,37.40
99.717,-0.98162,2.64320,6.76601,-0.47647,0.20769,0.24557,31.2509895,75.7055708,0.490,37.40
99.820,-0.22505,3.87861,7.15866,-0.00244,0.27611,0.37996,31.2509895,75.7055708,0.490,37.40
99.923,-0.22984,4.73094,11.02290,-0.20403,0.33475,0.36163,31.2509895,75.7055708,0.490,37.40
100.027,-0.08619,4.36224,11.19050,-0.25290,-0.23824,-0.00733,31.2509895,75.7055708,0.490,37.40
100.131,0.71826,2.48997,7.25443,0.19792,-0.35675,-0.30299,31.2509895,75.7055708,0.490,37.40
100.235,0.52194,2.22661,8.68616,0.19914,0.14661,-0.11973,31.2509895,75.7055708,0.490,37.40
100.338,-0.01437,3.06458,6.54096,-0.13439,-0.18326,-0.42150,31.2509895,75.7055708,0.490,37.40
100.441,-0.34955,3.56736,8.52336,0.30421,0.13439,-0.34331,31.2509911,75.7055659,0.430,37.40
100.544,-1.01035,3.96959,10.85052,-0.17715,-0.06842,0.27611,31.2509911,75.7055659,0.430,37.40
100.646,-1.36469,2.33674,11.29106,-0.19792,-0.12584,0.40806,31.2509911,75.7055659,0.430,37.40
100.747,-1.18274,2.37505,6.33985,-0.19181,0.04276,0.27611,31.2509911,75.7055659,0.430,37.40
100.848,-0.21069,2.67672,8.11634,-0.38607,0.48258,0.48014,31.2509911,75.7055659,0.430,37.40
100.954,0.29209,4.04620,9.30387,0.27489,0.22358,0.27122,31.2509911,75.7055659,0.430,37.40
101.057,0.90980,4.16591,12.36845,-0.19426,-0.37263,0.10385,31.2509911,75.7055659,0.430,37.40
101.160,0.19632,2.32238,11.61188,0.21625,-0.31032,0.03787,31.2509911,75.7055659,0.430,37.40
101.262,0.19632,1.86269,10.13226,0.22846,0.43005,-0.25779,31.2509911,75.7055659,0.430,37.40
101.364,-0.13886,2.01113,6.89530,0.13195,-0.39218,-0.55100,31.2509911,75.7055659,0.430,37.40
101.466,-0.80924,2.04944,8.87291,0.47037,0.04032,-0.42272,31.2509931,75.7055598,0.650,37.40
101.568,-1.57538,2.34632,10.02692,0.07575,0.04032,0.47892,31.2509931,75.7055598,0.650,37.40
101.672,-0.00958,2.58574,10.32859,-0.50457,-0.18448,0.77824,31.2509931,75.7055598,0.650,37.40
101.774,-0.53630,1.87227,10.15620,-0.02688,0.03910,-0.06109,31.2509931,75.7055598,0.650,37.40
101.876,-1.55144,2.53307,6.68461,-0.24801,-0.03787,-0.03543,31.2509931,75.7055598,0.650,37.40
101.978,-0.49321,2.72460,7.66623,0.24312,0.42638,0.23457,31.2509931,75.7055598,0.650,37.40
102.081,0.89543,3.37582,10.14663,-0.52046,-0.24923,-0.00855,31.2509931,75.7055598,0.650,37.40
102.185,0.31125,3.16513,12.97178,-0.39706,-0.07330,-0.55100,31.2509931,75.7055598,0.650,37.40
102.287,-0.67516,2.05901,9.60554,0.73182,-0.97861,-1.01648,31.2509931,75.7055598,0.650,37.40
102.388,-0.07183,1.90100,8.30788,0.46181,-0.22358,-0.38362,31.2509931,75.7055598,0.650,37.40
102.492,0.34955,1.97282,7.02459,0.35552,0.30055,-0.30299,31.2509945,75.7055478,0.780,37.40
102.596,-1.55623,1.78607,9.00699,0.12217,0.53023,-0.45937,31.2509945,75.7055478,0.780,37.40
102.699,-2.49955,2.26970,10.81221,-0.66462,-0.16738,0.68783,31.2509945,75.7055478,0.780,37.40
102.803,-1.29287,1.78607,11.95664,-0.19181,-0.79657,0.56077,31.2509945,75.7055478,0.780,37.40
102.907,-0.90980,2.37505,7.48906,0.32865,0.05009,0.05986,31.2509945,75.7055478,0.780,37.40
103.010,-0.20590,2.44687,6.93361,-0.02932,0.29077,0.51313,31.2509945,75.7055478,0.780,37.40
103.112,0.07183,3.44765,8.43238,0.20769,0.12339,0.52901,31.2509945,75.7055478,0.780,37.40
103.216,1.41258,3.67271,11.78905,-0.51313,-0.53878,0.00733,31.2509945,75.7055478,0.780,37.40
103.319,0.67516,2.87304,13.63737,0.24435,0.26023,-0.39462,31.2509945,75.7055478,0.780,37.40
103.422,0.14365,2.21224,9.36133,0.15760,0.31398,-0.31276,31.2509945,75.7055392,0.840,37.40
103.524,0.63207,2.06859,6.92403,-0.00367,-0.78313,-0.51435,31.2509945,75.7055392,0.840,37.40
103.628,0.20111,2.46124,8.34619,0.40806,-0.32009,-0.11240,31.2509945,75.7055392,0.840,37.40
103.731,-1.16837,2.28407,10.34295,0.41905,0.55589,0.21136,31.2509945,75.7055392,0.840,37.40
103.833,0.42138,2.01592,11.30542,-0.81245,0.34575,0.90775,31.2509945,75.7055392,0.840,37.40
103.936,-0.34955,1.98719,9.03093,-0.46548,0.02199,0.06842,31.2509945,75.7055392,0.840,37.40
104.040,-0.86670,1.84832,8.01579,-0.28466,0.01222,0.22235,31.2509945,75.7055392,0.840,37.40
104.142,-0.36392,3.05021,7.94396,0.27122,0.38973,0.37629,31.2509945,75.7055392,0.840,37.40
104.245,0.57940,3.51948,11.26232,-0.03176,0.08063,0.24923,31.2509945,75.7055392,0.840,37.40
104.347,0.37350,3.95522,12.78025,-0.01222,-0.05620,-0.08430,31.2509945,75.7055392,0.840,37.40
104.451,0.27294,2.17394,8.67659,0.68539,-0.50457,-0.14905,31.2509928,75.7055310,0.850,37.40
104.554,0.81403,2.02549,8.13550,0.69883,0.08919,-0.17715,31.2509928,75.7055310,0.850,37.40
104.659,0.46926,2.32716,7.51300,0.44715,-0.09652,-0.39584,31.2509928,75.7055310,0.850,37.40
104.763,-0.30167,2.86825,8.92080,0.62797,-0.35430,-0.65607,31.2509928,75.7055310,0.850,37.40
104.869,-0.95768,5.21936,8.82503,0.31643,-0.18448,-0.11118,31.2509928,75.7055310,0.850,37.40
104.974,-0.56982,3.82593,10.33816,-0.21747,-0.38118,0.29444,31.2509928,75.7055310,0.850,37.40
105.077,-0.79487,3.85945,6.23450,-0.17226,0.18326,0.04032,31.2509928,75.7055310,0.850,37.40
105.182,-0.11492,3.87861,7.81946,0.10263,0.16005,0.29810,31.2509928,75.7055310,0.850,37.40
105.288,-0.08619,4.78840,7.92960,0.09774,0.00000,0.47770,31.2509928,75.7055310,0.850,37.40
105.389,0.17717,5.41090,10.66377,-0.23579,0.00977,-0.02443,31.2509928,75.7055310,0.850,37.40
105.493,0.76136,4.60166,13.13459,-0.24312,1.01648,-0.11606,31.2509924,75.7055200,0.680,270.50
105.597,1.04387,3.51469,9.64863,0.01344,0.16616,-0.26878,31.2509924,75.7055200,0.680,270.50
105.702,0.45011,2.53307,6.98149,0.22969,-0.71471,-0.35308,31.2509924,75.7055200,0.680,270.50
105.805,0.12450,2.73897,7.81467,-0.20403,-0.31032,-0.43738,31.2509924,75.7055200,0.680,270.50
105.908,-1.78607,3.26569,10.29028,0.12339,0.21869,-0.15027,31.2509924,75.7055200,0.680,270.50
106.010,-0.30646,3.49075,9.06924,-1.22173,-0.31154,0.66951,31.2509924,75.7055200,0.680,270.50
106.112,-0.05267,2.65756,11.73638,-0.05864,-0.19059,-0.10751,31.2509924,75.7055200,0.680,270.50
106.217,-0.97205,2.37026,7.20655,-0.12462,-0.11362,0.10873,31.2509924,75.7055200,0.680,270.50
106.321,-0.44053,2.89698,6.91924,0.29444,0.18326,0.13928,31.2509924,75.7055200,0.680,270.50
106.425,0.47405,3.75890,9.91199,0.07697,0.12217,0.26634,31.2509910,75.7055096,0.850,267.30
106.527,-0.19154,4.19943,11.25754,0.14294,-0.36041,-0.27122,31.2509910,75.7055096,0.850,267.30
106.631,1.08697,3.34231,12.26310,-0.21014,-0.11606,-0.13928,31.2509910,75.7055096,0.850,267.30
106.735,1.26893,2.68151,9.82580,-0.23091,0.61331,-0.21136,31.2509910,75.7055096,0.850,267.30
106.837,-0.17238,2.07338,7.63272,0.28833,-0.53512,-0.41783,31.2509910,75.7055096,0.850,267.30
106.939,0.09098,2.66235,8.59518,0.17349,0.10873,-0.38729,31.2509910,75.7055096,0.850,267.30
107.044,-1.23541,3.55778,9.73004,-0.00244,0.20036,0.28344,31.2509910,75.7055096,0.850,267.30
107.148,-0.33519,3.26090,11.67892,-0.89553,0.14661,0.85399,31.2509910,75.7055096,0.850,267.30
107.252,-0.80445,2.27449,9.55765,0.44715,-0.17715,0.26756,31.2509910,75.7055096,0.850,267.30
107.355,-0.58897,2.26970,6.32069,-0.03910,0.28711,0.93462,31.2509910,75.7055096,0.850,267.30
107.457,0.63207,2.83473,7.39329,0.05620,0.59743,0.45571,31.2509909,75.7054969,0.760,260.90
107.559,0.93374,3.98395,9.93594,0.23091,0.52657,0.29932,31.2509909,75.7054969,0.760,260.90
107.662,1.35512,4.81235,11.04206,0.67440,-0.41172,-0.45937,31.2509909,75.7054969,0.760,260.90
107.764,-0.18196,3.16513,10.50097,0.91996,-0.04032,-0.41783,31.2509909,75.7054969,0.760,260.90
107.868,0.31603,3.30400,9.59596,-0.19303,0.61820,-0.32498,31.2509909,75.7054969,0.760,260.90
107.970,0.51715,2.23618,6.44998,-0.55711,-0.90775,-0.37874,31.2509909,75.7054969,0.760,260.90
108.074,0.37350,2.60968,8.24084,0.60476,0.72571,-0.50702,31.2509909,75.7054969,0.760,260.90
108.176,-1.04866,3.54821,9.13627,0.46304,-0.28711,0.37751,31.2509909,75.7054969,0.760,260.90
108.278,-0.02394,4.08930,9.34696,-0.29932,-0.08552,0.65851,31.2509909,75.7054969,0.760,260.90
108.381,-0.22505,2.54264,11.60230,-0.62553,-0.53634,-0.11362,31.2509909,75.7054969,0.760,260.90
108.483,-1.62327,2.69587,7.69496,-0.03299,-0.02077,-0.52290,31.2509892,75.7054872,0.730,255.40
108.585,0.73263,2.77249,7.33583,-0.08674,0.47525,0.24801,31.2509892,75.7054872,0.730,255.40
108.687,1.00078,4.05578,9.42358,0.08796,0.28100,0.15638,31.2509892,75.7054872,0.730,255.40
108.789,1.97761,4.52504,10.64462,0.50335,-0.78191,-0.38607,31.2509892,75.7054872,0.730,255.40
108.892,1.02951,2.84431,10.28549,0.23091,-0.64996,-0.22724,31.2509892,75.7054872,0.730,255.40
108.995,1.16358,2.51870,9.22725,-0.00489,0.31398,-0.67440,31.2509892,75.7054872,0.730,255.40
109.098,1.28808,2.19788,6.59363,-0.38851,-0.53390,-0.77824,31.2509892,75.7054872,0.730,255.40
109.201,-0.55067,2.62883,9.35654,0.41294,0.67317,-0.78679,31.2509892,75.7054872,0.730,255.40
109.304,-0.79009,3.94086,8.96389,0.14539,-0.44715,0.58032,31.2509892,75.7054872,0.730,255.40
109.406,-0.04788,2.20267,13.35965,-1.42942,0.39462,1.30481,31.2509892,75.7054872,0.730,255.40
109.510,-0.83318,2.71502,8.45632,-0.45204,0.00489,-0.67684,31.2509905,75.7054737,0.790,253.30
109.614,-0.23942,2.16915,7.20176,0.08674,0.14172,-0.12462,31.2509905,75.7054737,0.790,253.30
109.720,1.09654,3.47638,6.31590,0.60720,0.20525,-0.25656,31.2509905,75.7054737,0.790,253.30
109.823,0.31603,4.76446,11.05163,0.43494,-1.14965,-0.44715,31.2509905,75.7054737,0.790,253.30
109.926,0.34477,2.92571,12.07156,0.36774,-0.34697,0.14172,31.2509905,75.7054737,0.790,253.30
110.029,0.83797,2.78685,7.93438,-0.37751,0.80512,0.08796,31.2509905,75.7054737,0.790,253.30
110.131,-0.15323,2.11169,6.90009,-0.58643,-0.11240,-0.32987,31.2509905,75.7054737,0.790,253.30
110.233,0.10056,2.09732,10.79785,0.41905,0.51068,-0.55833,31.2509905,75.7054737,0.790,253.30
110.337,-0.79966,2.76770,9.46189,0.21502,-0.04276,0.41172,31.2509905,75.7054737,0.790,253.30
110.440,-0.03831,2.82995,9.57681,-0.75992,-0.37263,0.94073,31.2509888,75.7054587,0.730,255.30
110.542,-0.01915,1.72861,9.19373,-0.53390,0.13928,0.04643,31.2509888,75.7054587,0.730,255.30
110.646,-1.39821,2.85389,7.19697,0.06109,0.24435,0.02077,31.2509888,75.7054587,0.730,255.30
110.748,0.52672,3.57215,7.17303,0.18815,0.44104,0.68539,31.2509888,75.7054587,0.730,255.30
110.852,0.09098,2.96402,12.16254,0.26878,-0.00489,0.38240,31.2509888,75.7054587,0.730,255.30
110.956,-1.69031,3.99832,12.24395,0.20892,0.58154,-0.15760,31.2509888,75.7054587,0.730,255.30
111.058,0.78051,2.24097,9.60554,-0.35675,-0.29077,-0.07086,31.2509888,75.7054587,0.730,255.30
111.162,-0.15802,1.90100,7.45554,-0.21502,-0.27855,-0.63041,31.2509888,75.7054587,0.730,255.30
111.268,0.31125,2.39899,8.60476,0.44349,0.10507,-0.63163,31.2509888,75.7054587,0.730,255.30
111.372,-2.40857,2.64320,9.72525,0.62430,0.11362,0.30177,31.2509888,75.7054587,0.730,255.30
111.477,-1.90578,2.63841,9.27514,-0.64385,0.13561,1.54549,31.2509875,75.7054360,0.880,259.90
111.579,0.96726,2.28886,9.97903,-0.73059,-0.39462,0.26389,31.2509875,75.7054360,0.880,259.90
111.683,-1.51792,2.36068,8.68138,-0.05376,0.55711,-0.56322,31.2509875,75.7054360,0.880,259.90
111.788,-1.02472,3.09331,7.48906,0.38851,-0.19670,-0.13439,31.2509875,75.7054360,0.880,259.90
111.893,0.03352,3.90734,10.39084,0.95417,0.86010,-0.05009,31.2509875,75.7054360,0.880,259.90
111.997,-0.26336,4.74531,10.74997,-0.50824,-0.63652,-0.06353,31.2509875,75.7054360,0.880,259.90
112.101,-0.42138,2.94487,9.97903,0.24679,-0.16982,-0.27855,31.2509875,75.7054360,0.880,259.90
112.205,-0.23942,2.10211,10.15620,0.17837,-0.28466,-0.36530,31.2509875,75.7054360,0.880,259.90
112.308,-0.69911,2.41336,7.19697,0.41783,-0.04765,-0.12217,31.2509875,75.7054360,0.880,259.90
112.413,-1.71425,2.69108,7.92002,0.57788,0.23091,0.19548,31.2509875,75.7054360,0.880,259.90
112.515,-0.33519,3.95522,10.77391,0.43616,-0.18448,0.73915,31.2509877,75.7054086,0.980,261.10
112.617,1.01993,2.37984,11.39640,-2.14902,0.97005,1.85947,31.2509877,75.7054086,0.980,261.10
112.719,0.74220,2.83473,9.81623,-0.41905,-0.15882,-1.31703,31.2509877,75.7054086,0.980,261.10
112.821,-1.02951,3.10767,6.46913,0.42883,-0.29444,-0.72326,31.2509877,75.7054086,0.980,261.10
112.924,1.53229,3.62961,7.06289,0.17715,0.51313,0.12828,31.2509877,75.7054086,0.980,261.10
113.029,-1.47962,3.57215,15.38035,-0.64996,1.40132,-0.30665,31.2509877,75.7054086,0.980,261.10
113.132,-1.10133,1.94409,8.48984,-0.33353,-0.92118,-0.21136,31.2509877,75.7054086,0.980,261.10
113.236,-0.29209,1.58017,8.29351,-0.21625,-0.05009,0.43616,31.2509877,75.7054086,0.980,261.10
113.340,0.92895,2.26013,7.88171,0.03787,0.06475,0.04032,31.2509877,75.7054086,0.980,261.10
113.442,-0.72305,2.47082,10.23761,0.44715,0.05253,-0.21380,31.2509905,75.7053717,1.140,262.10
113.544,-0.15802,2.52349,10.37168,-0.06720,-0.58399,0.65851,31.2509905,75.7053717,1.140,262.10
113.647,0.32082,3.00712,10.24239,-0.38973,0.14661,0.79412,31.2509905,75.7053717,1.140,262.10
113.751,-0.67516,2.32238,9.47625,-0.16005,0.01833,0.01833,31.2509905,75.7053717,1.140,262.10
113.857,-0.52194,2.37505,6.67025,-0.10629,0.14416,0.50335,31.2509905,75.7053717,1.140,262.10
113.962,0.53151,3.14119,8.22648,0.49602,0.26634,0.63774,31.2509905,75.7053717,1.140,262.10
114.067,1.69509,3.91213,11.32457,-0.22480,-0.07575,0.27122,31.2509905,75.7053717,1.140,262.10
114.175,1.22583,3.77805,11.90397,0.50702,-0.19059,-0.66462,31.2509905,75.7053717,1.140,262.10
114.281,1.01514,3.47638,8.53294,0.10263,-0.01710,-0.30055,31.2509905,75.7053717,1.140,262.10
114.386,0.59855,2.27928,7.43160,-0.38729,-0.24679,-0.21014,31.2509905,75.7053717,1.140,262.10
114.490,0.81403,2.02549,9.56244,0.34941,-0.20525,-0.76480,31.2509911,75.7053456,1.080,260.10
114.593,-1.62327,2.92093,10.55364,0.43127,0.16371,0.11240,31.2509911,75.7053456,1.080,260.10
114.697,0.03352,2.98318,9.93594,-0.96883,-0.11973,1.21196,31.2509911,75.7053456,1.080,260.10
114.801,0.37828,2.39899,10.62068,-0.28100,-0.10629,0.25534,31.2509911,75.7053456,1.080,260.10
114.903,-1.16837,2.08296,9.66300,-0.03787,0.74526,0.06109,31.2509911,75.7053456,1.080,260.10
115.007,-0.38307,2.55701,6.34463,0.10996,0.35430,0.27000,31.2509911,75.7053456,1.080,260.10
115.112,0.33040,2.78206,10.65899,-0.15516,0.58032,0.85399,31.2509911,75.7053456,1.080,260.10
115.215,2.13084,3.40934,11.77468,-0.21136,-0.36163,0.25290,31.2509911,75.7053456,1.080,260.10
115.320,2.29365,3.09331,12.86644,0.09163,0.37751,-0.39828,31.2509911,75.7053456,1.080,260.10
115.425,1.18274,2.37026,9.64384,0.45937,-0.03787,-0.67195,31.2509911,75.7053456,1.080,260.10
115.528,0.31125,1.81480,7.71891,0.61575,-0.48258,-0.52657,31.2509903,75.7053214,1.080,255.60
115.631,-0.28252,2.45166,7.85777,0.24068,-0.50335,-0.40561,31.2509903,75.7053214,1.080,255.60
115.735,-1.44610,2.75812,9.78750,0.49969,0.49236,0.47403,31.2509903,75.7053214,1.080,255.60
115.837,0.65122,2.88741,9.27993,-0.43371,-0.22358,1.11177,31.2509903,75.7053214,1.080,255.60
115.940,0.53630,2.51391,9.49540,-0.48991,0.20403,-0.04154,31.2509903,75.7053214,1.080,255.60
116.043,-0.87149,3.12204,7.06768,-0.37996,0.66218,0.15516,31.2509903,75.7053214,1.080,255.60
116.146,-0.45011,2.90656,8.19775,0.21014,0.43738,0.58399,31.2509903,75.7053214,1.080,255.60
116.251,0.64643,3.76847,9.88326,-0.01833,0.29444,0.67562,31.2509903,75.7053214,1.080,255.60
116.353,0.21548,4.56814,11.98537,-0.13928,-0.25045,0.13561,31.2509903,75.7053214,1.080,255.60
116.456,1.56581,2.97839,9.13148,0.48991,-0.39462,-0.05376,31.2509913,75.7052981,1.020,253.00
116.559,0.74699,2.21703,9.91199,0.07697,0.60353,-0.22724,31.2509913,75.7052981,1.020,253.00
116.662,0.53630,2.22661,6.70855,-0.17837,-0.37385,-0.46181,31.2509913,75.7052981,1.020,253.00
116.765,-0.07661,2.10211,8.86812,0.26756,-0.60720,-0.47647,31.2509913,75.7052981,1.020,253.00
116.869,-0.56024,2.92093,11.24796,0.11973,0.14172,0.42761,31.2509913,75.7052981,1.020,253.00
116.976,0.14365,2.64320,11.86566,-0.25412,-0.24190,0.51313,31.2509913,75.7052981,1.020,253.00
117.080,-0.52194,3.19865,7.08205,0.17104,0.41050,0.18570,31.2509913,75.7052981,1.020,253.00
117.184,0.83797,2.96402,9.08360,-0.26145,0.82711,0.50457,31.2509913,75.7052981,1.020,253.00
117.289,0.24900,3.95043,7.87692,0.15272,0.02688,0.27489,31.2509913,75.7052981,1.020,253.00
117.394,1.08218,4.06057,10.69250,0.72693,0.07453,-0.32132,31.2509913,75.7052981,1.020,253.00
117.497,1.06781,3.40934,13.20642,-0.46181,-0.31032,-0.25534,31.2509899,75.7052782,0.990,251.10
117.600,1.82438,3.67749,10.37168,-0.11851,0.40317,-0.41172,31.2509899,75.7052782,0.990,251.10
117.704,1.01993,3.10767,8.28394,0.00367,-0.62308,-0.65973,31.2509899,75.7052782,0.990,251.10
117.809,0.70390,2.68629,8.88728,0.49114,-0.25412,-0.46181,31.2509899,75.7052782,0.990,251.10
117.912,-1.28808,2.82516,9.50498,0.24190,0.19792,0.36652,31.2509899,75.7052782,0.990,251.10
118.016,-0.15802,3.59130,7.76679,-0.80268,-0.04520,1.15698,31.2509899,75.7052782,0.990,251.10
118.120,0.49321,2.97839,10.48660,-0.42761,0.38485,0.89186,31.2509899,75.7052782,0.990,251.10
118.224,0.17717,2.55701,10.56801,-0.54489,0.62430,0.68417,31.2509899,75.7052782,0.990,251.10
118.328,-0.13408,2.77249,7.19697,0.38851,0.20036,0.79168,31.2509899,75.7052782,0.990,251.10
118.432,0.99120,2.53785,8.22648,0.09163,0.46914,1.36101,31.2509899,75.7052782,0.990,251.10
118.535,1.92973,3.67749,11.62624,-0.34453,-0.18815,0.25534,31.2509872,75.7052575,0.960,246.90
118.638,2.10211,2.83473,12.50731,0.15272,0.26389,0.26634,31.2509872,75.7052575,0.960,246.90
118.740,1.56581,2.58574,8.68138,-0.04643,0.22113,0.07941,31.2509872,75.7052575,0.960,246.90
118.843,1.05345,1.70946,7.10120,-0.18692,-0.32376,-0.35552,31.2509872,75.7052575,0.960,246.90
118.945,-0.01915,2.49955,7.60398,-0.11118,-0.02810,-0.05009,31.2509872,75.7052575,0.960,246.90
119.049,-0.74699,2.57616,11.10431,0.28955,0.11606,-0.10018,31.2509872,75.7052575,0.960,246.90
119.152,-0.44053,2.65278,10.27112,-0.00244,-0.46304,0.55100,31.2509872,75.7052575,0.960,246.90
119.257,0.34955,1.80523,12.36845,-0.20403,0.38973,0.71349,31.2509872,75.7052575,0.960,246.90
119.361,-1.37427,2.54743,6.37336,0.23335,0.42516,0.32987,31.2509872,75.7052575,0.960,246.90
119.465,0.33998,2.38941,7.68539,-0.04887,0.19059,0.56566,31.2509839,75.7052436,0.940,234.20
119.567,2.02071,3.63919,8.96868,0.05009,0.48869,0.28833,31.2509839,75.7052436,0.940,234.20
119.671,0.81882,4.38618,13.14417,-0.06720,-0.10873,-0.12095,31.2509839,75.7052436,0.940,234.20
119.775,0.76614,2.89220,12.83292,-0.24435,-0.07453,0.01833,31.2509839,75.7052436,0.940,234.20
119.882,0.87628,2.22661,8.03015,0.36041,0.46548,-0.37263,31.2509839,75.7052436,0.940,234.20
119.985,0.64165,1.99676,7.51779,-0.03421,-0.61331,-0.30665,31.2509839,75.7052436,0.940,234.20
120.089,1.46525,2.28407,7.70933,0.38485,0.15272,-0.52412,31.2509839,75.7052436,0.940,234.20
120.194,-1.30245,2.58095,10.70208,-0.15027,0.53145,-0.74037,31.2509839,75.7052436,0.940,234.20
120.297,-1.45567,2.20745,11.87524,-1.13377,0.10873,0.79168,31.2509839,75.7052436,0.940,234.20
120.399,-2.02071,2.33674,7.87692,0.28222,-0.27611,0.49847,31.2509839,75.7052436,0.940,234.20
120.504,-0.07661,2.16436,7.47470,-0.26023,0.28222,0.81123,31.2509791,75.7052296,1.040,216.20
120.608,0.58897,3.55778,7.23049,0.17959,0.04765,0.60598,31.2509791,75.7052296,1.040,216.20
120.711,1.12527,4.01268,10.29986,0.15516,0.43371,0.37141,31.2509791,75.7052296,1.040,216.20
120.815,1.68552,4.50589,12.25831,-0.19670,-0.35064,0.07330,31.2509791,75.7052296,1.040,216.20
120.919,1.88184,2.41336,9.50977,0.84177,-0.15516,-0.44227,31.2509791,75.7052296,1.040,216.20
121.023,1.23062,1.90100,8.57124,0.38851,-0.01466,-0.49480,31.2509791,75.7052296,1.040,216.20
121.127,0.48363,2.36068,7.29753,-0.16860,-0.28833,-0.47281,31.2509791,75.7052296,1.040,216.20
121.233,1.19710,2.16915,9.19373,0.09652,-1.09345,-0.18570,31.2509791,75.7052296,1.040,216.20
121.337,0.18196,2.92571,10.00776,0.12217,0.09285,0.27367,31.2509791,75.7052296,1.040,216.20
121.442,0.66559,2.48039,10.87925,-0.43616,-0.10263,0.51313,31.2509690,75.7052149,1.040,207.30
121.545,0.93374,2.26491,8.69095,-0.21991,0.16738,0.09529,31.2509690,75.7052149,1.040,207.30
121.648,0.04310,2.54743,6.63194,0.08919,0.43127,0.16005,31.2509690,75.7052149,1.040,207.30
121.750,0.85712,3.15077,8.27915,0.19792,0.13195,0.37874,31.2509690,75.7052149,1.040,207.30
121.855,2.31759,3.73017,11.63582,-0.02443,-0.21869,-0.17349,31.2509690,75.7052149,1.040,207.30
121.959,1.46046,3.42371,13.52724,0.10018,0.28833,-0.33720,31.2509690,75.7052149,1.040,207.30
122.061,0.97205,2.94008,7.71412,0.40073,-0.23457,-0.48503,31.2509690,75.7052149,1.040,207.30
122.164,0.66559,2.36547,6.56490,-0.11484,-0.79657,-0.36041,31.2509690,75.7052149,1.040,207.30
122.268,0.62728,2.50912,8.35576,0.06353,0.10263,-0.21747,31.2509690,75.7052149,1.040,207.30
122.372,-0.58419,3.39019,8.69574,0.27122,0.15394,-0.15760,31.2509690,75.7052149,1.040,207.30
122.479,-0.09577,3.45723,11.63103,-0.67073,-0.03787,0.72937,31.2509573,75.7052033,1.140,204.70
122.581,0.28252,2.26491,11.56399,0.10018,-0.26267,0.30665,31.2509573,75.7052033,1.140,204.70
122.684,-0.40223,2.41336,6.36379,-0.35675,0.34941,0.52168,31.2509573,75.7052033,1.140,204.70
122.788,0.93374,2.64799,6.73728,-0.07086,0.38240,0.59254,31.2509573,75.7052033,1.140,204.70
122.892,2.14520,3.68228,9.53371,0.08796,-0.11729,0.23579,31.2509573,75.7052033,1.140,204.70
122.996,2.30801,4.27604,12.46421,0.14539,-0.64996,-0.41661,31.2509573,75.7052033,1.140,204.70
123.098,2.40857,2.94008,12.63181,0.43738,0.45815,-0.48136,31.2509573,75.7052033,1.140,204.70
123.202,2.29365,2.10211,9.27993,0.23213,-0.10263,-0.65973,31.2509573,75.7052033,1.140,204.70
123.307,1.04387,2.17394,6.06212,-0.04887,-0.65363,-0.79412,31.2509573,75.7052033,1.140,204.70
123.410,0.76614,2.49476,8.49942,0.37996,0.24801,-0.56444,31.2509573,75.7052033,1.140,204.70
123.516,-1.89142,3.36625,9.88326,0.10385,0.38607,0.35430,31.2509468,75.7051950,1.000,199.50
123.618,-0.11013,3.04542,9.91199,-1.24739,0.44838,1.47219,31.2509468,75.7051950,1.000,199.50
123.720,0.83797,2.29365,11.03727,0.15394,-0.26145,0.29199,31.2509468,75.7051950,1.000,199.50
123.825,0.20590,2.36068,7.53695,-0.09774,0.20281,0.11729,31.2509468,75.7051950,1.000,199.50
123.929,0.74220,3.35667,7.18739,0.27489,0.31765,0.13195,31.2509468,75.7051950,1.000,199.50
124.031,0.81403,4.18985,8.99741,0.19670,0.15149,0.34086,31.2509468,75.7051950,1.000,199.50
124.133,1.73340,3.75411,11.48259,-0.82345,0.12706,0.30910,31.2509468,75.7051950,1.000,199.50
124.237,1.88184,2.08774,10.07480,0.23702,-1.15820,-0.69272,31.2509468,75.7051950,1.000,199.50
124.342,1.38864,2.03028,9.56244,0.75381,0.73059,-0.91263,31.2509468,75.7051950,1.000,199.50
124.447,-0.32561,2.69587,6.31590,0.09774,-0.46426,-0.78557,31.2509384,75.7051894,1.010,198.20
124.549,-0.32561,3.25133,9.76834,0.37018,-0.41294,-0.33353,31.2509384,75.7051894,1.010,198.20
124.654,-1.08218,3.77805,10.09874,-0.06109,0.33231,0.34697,31.2509384,75.7051894,1.010,198.20
124.759,-0.71347,2.62405,9.58160,-0.30421,-0.08674,0.76236,31.2509384,75.7051894,1.010,198.20
124.865,-0.18675,1.92973,8.82982,-0.13439,-0.12217,0.53267,31.2509384,75.7051894,1.010,198.20
124.970,-0.05267,2.94966,6.50744,-0.10629,0.50335,0.34575,31.2509384,75.7051894,1.010,198.20
125.075,0.61770,4.43885,9.47625,0.13806,0.49847,0.35675,31.2509384,75.7051894,1.010,198.20
125.179,0.92416,4.93206,12.05720,-0.25901,-0.07697,0.09774,31.2509384,75.7051894,1.010,198.20
125.284,0.41659,3.61524,14.16410,0.38973,0.37385,0.14050,31.2509384,75.7051894,1.010,198.20
125.389,1.70467,1.17795,8.44674,0.27245,0.44104,-0.09896,31.2509384,75.7051894,1.010,198.20
125.489,0.22984,2.21224,6.56490,-0.15149,-0.64507,-0.74892,31.2509291,75.7051843,1.080,197.90
125.593,-0.62249,2.90656,8.93037,0.35308,0.31521,-0.72693,31.2509291,75.7051843,1.080,197.90
125.696,-1.63763,3.94564,11.23838,-0.01466,0.14783,0.26389,31.2509291,75.7051843,1.080,197.90
125.804,-1.30723,4.53941,9.69652,-0.18204,-0.27245,0.65240,31.2509291,75.7051843,1.080,197.90
125.910,-1.25456,2.91135,8.76757,-0.05864,-0.15882,-0.12828,31.2509291,75.7051843,1.080,197.90
126.014,-1.44131,3.05979,5.97593,-0.14050,0.08674,-0.00489,31.2509291,75.7051843,1.080,197.90
126.119,-0.15802,3.41892,7.77158,0.25168,0.12339,0.31765,31.2509291,75.7051843,1.080,197.90
126.222,-0.28252,4.84108,9.37091,0.01100,0.35064,0.00000,31.2509291,75.7051843,1.080,197.90
126.327,-0.10534,4.56335,12.06199,-0.43738,0.07941,-0.19426,31.2509291,75.7051843,1.080,197.90
126.430,0.62728,2.62883,7.98227,0.71960,-0.13073,-0.68906,31.2509291,75.7051843,1.080,197.90
126.533,-1.04866,2.81558,7.21134,-0.41905,-0.92241,-0.01833,31.2509190,75.7051762,1.090,200.80
126.638,0.16281,2.85389,7.01501,-0.37507,-0.06353,-0.00733,31.2509190,75.7051762,1.090,200.80
126.742,-1.93451,3.95522,9.65821,0.05498,0.33964,-0.33598,31.2509190,75.7051762,1.090,200.80
126.846,-1.41258,3.65355,10.31422,-0.27245,-0.06353,0.48625,31.2509190,75.7051762,1.090,200.80
126.949,0.38786,1.80523,12.52646,-0.42883,-0.58032,0.39706,31.2509190,75.7051762,1.090,200.80
127.056,-1.92015,2.74376,6.64630,0.41294,0.44349,0.04643,31.2509190,75.7051762,1.090,200.80
127.160,-0.78051,2.81079,7.19697,-0.44471,-0.17837,0.43005,31.2509190,75.7051762,1.090,200.80
127.267,-0.51715,4.53462,7.69018,0.39462,0.32132,0.10751,31.2509190,75.7051762,1.090,200.80
127.374,0.83318,4.86023,10.95108,0.01833,-0.43371,0.09529,31.2509190,75.7051762,1.090,200.80
127.478,0.41180,2.48518,10.99417,0.49480,-0.60353,-0.22358,31.2509067,75.7051718,1.010,195.80
127.581,0.65122,2.32716,9.32781,0.15027,0.70494,-0.53634,31.2509067,75.7051718,1.010,195.80
127.686,0.01437,2.40378,6.32069,-0.08552,-0.79046,-0.49969,31.2509067,75.7051718,1.010,195.80
127.791,-0.23942,3.06937,8.87291,0.26512,-0.00855,-0.36652,31.2509067,75.7051718,1.010,195.80
127.895,-1.23062,2.93529,10.55843,0.17959,-0.46059,0.44471,31.2509067,75.7051718,1.010,195.80
127.999,-0.35434,1.59933,12.75631,-0.74159,-0.37018,0.81612,31.2509067,75.7051718,1.010,195.80
128.102,-1.08218,2.84431,6.80911,0.25534,0.52046,0.10263,31.2509067,75.7051718,1.010,195.80
128.207,0.09577,2.43251,8.24084,-0.23091,-0.20769,0.53267,31.2509067,75.7051718,1.010,195.80
128.310,0.00479,3.13162,8.19296,0.28344,0.25656,0.53023,31.2509067,75.7051718,1.010,195.80
128.414,0.79966,4.39097,11.19529,-0.13561,0.27000,0.40073,31.2509067,75.7051718,1.010,195.80
128.519,1.01035,3.02627,13.20642,0.33109,0.20892,-0.18692,31.2508959,75.7051687,1.070,195.40
128.625,1.84354,2.14999,8.93037,-0.04520,0.26512,-0.12339,31.2508959,75.7051687,1.070,195.40
128.727,1.46046,1.92015,6.22014,0.08308,-0.64385,-0.39584,31.2508959,75.7051687,1.070,195.40
128.829,0.50757,2.48039,8.71968,0.30177,0.14294,-0.53634,31.2508959,75.7051687,1.070,195.40
128.934,-1.31202,2.89220,11.30542,0.38729,0.00855,0.21625,31.2508959,75.7051687,1.070,195.40
129.039,-0.24421,3.34231,10.49618,-0.60598,0.52168,0.71105,31.2508959,75.7051687,1.070,195.40
129.143,0.48363,2.12126,9.48583,-0.00489,-0.14294,-0.21869,31.2508959,75.7051687,1.070,195.40
129.249,-0.65122,2.56180,6.97670,-0.67195,0.04276,0.09529,31.2508959,75.7051687,1.070,195.40
129.354,-0.17717,3.66792,8.10677,0.46670,0.49236,0.13561,31.2508959,75.7051687,1.070,195.40
129.457,0.65122,3.98395,11.51132,-0.09407,-0.09041,0.25656,31.2508843,75.7051651,1.120,190.70
129.560,0.14365,3.96480,13.13459,-0.28466,0.41172,-0.09529,31.2508843,75.7051651,1.120,190.70
129.663,1.16837,2.77727,7.30232,-0.11484,-0.41539,-0.42272,31.2508843,75.7051651,1.120,190.70
129.769,0.41659,2.07338,8.82024,0.30910,-0.25045,-0.43616,31.2508843,75.7051651,1.120,190.70
129.876,0.91459,2.70066,7.02459,0.28588,0.32865,-0.48991,31.2508843,75.7051651,1.120,190.70
129.980,-1.74777,3.40455,11.72201,-0.07086,0.37263,0.00855,31.2508843,75.7051651,1.120,190.70
130.084,-1.92973,3.18429,9.95509,-0.88209,-0.36408,1.05924,31.2508843,75.7051651,1.120,190.70
130.189,-0.10534,2.37984,11.24796,-0.30177,-0.10751,0.25779,31.2508843,75.7051651,1.120,190.70
130.293,-1.05345,2.76291,7.32626,0.19303,0.35186,0.33231,31.2508843,75.7051651,1.120,190.70
130.397,0.48363,2.62883,7.04374,0.20403,0.20769,0.50702,31.2508843,75.7051651,1.120,190.70
130.501,0.89543,3.84030,9.19852,0.23213,0.19059,0.25901,31.2508696,75.7051651,1.180,186.60
130.606,1.70946,4.44843,12.40675,-0.36163,-0.55833,0.04765,31.2508696,75.7051651,1.180,186.60
130.708,2.14999,2.92093,10.79785,0.27733,-0.75992,-0.59498,31.2508696,75.7051651,1.180,186.60
130.814,1.59454,1.89621,8.67180,-0.10263,0.33842,-0.54489,31.2508696,75.7051651,1.180,186.60
130.918,0.88585,1.66636,7.32147,-0.07208,-0.41905,-1.08856,31.2508696,75.7051651,1.180,186.60
131.022,0.29209,2.23618,8.46590,-0.04398,-0.43982,-1.02259,31.2508696,75.7051651,1.180,186.60
131.125,-1.39343,2.01592,11.24796,0.31521,0.37385,0.14661,31.2508696,75.7051651,1.180,186.60
131.231,0.26336,1.47483,12.72279,-0.55222,0.24435,0.86254,31.2508696,75.7051651,1.180,186.60
131.336,-0.79009,2.28886,7.68060,0.22969,-0.12462,0.01710,31.2508696,75.7051651,1.180,186.60
131.440,0.15323,2.17872,8.04452,-0.30543,0.26023,0.77458,31.2508696,75.7051651,1.180,186.60
131.545,0.49799,3.27048,7.19697,0.24312,0.46304,0.76114,31.2508557,75.7051611,1.170,188.10
131.649,1.66158,3.85945,11.75074,0.19426,0.27122,0.18204,31.2508557,75.7051611,1.170,188.10
131.751,1.31681,4.30956,12.69885,-0.39584,-0.01344,-0.24801,31.2508557,75.7051611,1.170,188.10
131.855,1.09654,2.12605,7.70933,0.48503,-1.00426,-0.89309,31.2508557,75.7051611,1.170,188.10
131.959,1.06781,2.13084,8.19775,0.28833,0.18082,-0.79901,31.2508557,75.7051611,1.170,188.10
132.062,0.88107,2.73418,7.64229,-0.10873,-0.23457,-0.57666,31.2508557,75.7051611,1.170,188.10
132.165,-1.07260,2.98318,10.31901,0.24068,-0.02566,-0.40928,31.2508557,75.7051611,1.170,188.10
132.269,-1.13485,3.16513,8.91601,-0.07086,-0.55344,0.65363,31.2508557,75.7051611,1.170,188.10
132.374,0.74220,2.36547,10.95587,-0.51435,0.19548,0.60109,31.2508557,75.7051611,1.170,188.10
132.479,-0.20590,2.92571,8.86812,-0.29810,0.45082,-0.12950,31.2508440,75.7051575,1.110,190.00
132.582,-0.19632,2.99275,7.32147,0.01955,0.34575,0.27367,31.2508440,75.7051575,1.110,190.00
132.685,0.29209,3.28963,7.45076,0.07575,-0.00977,0.65485,31.2508440,75.7051575,1.110,190.00
132.788,1.16358,3.61524,12.61744,-0.14661,0.23579,0.22113,31.2508440,75.7051575,1.110,190.00
132.890,0.88107,3.39019,14.67646,-0.05131,0.49236,-0.14416,31.2508440,75.7051575,1.110,190.00
132.992,0.65601,3.08852,7.35499,0.04154,-0.37751,-0.53267,31.2508440,75.7051575,1.110,190.00
133.094,0.92895,2.09732,7.72848,0.03787,-0.59987,-0.35064,31.2508440,75.7051575,1.110,190.00
133.197,1.04866,1.92973,6.29196,-0.01100,-0.25779,-0.56444,31.2508440,75.7051575,1.110,190.00
133.300,-0.99120,2.94487,12.05720,-0.11484,0.85032,-0.12217,31.2508440,75.7051575,1.110,190.00
133.405,0.20590,2.57137,11.29106,-0.83811,-0.33353,0.96517,31.2508440,75.7051575,1.110,190.00
133.510,-1.06781,2.15478,9.62948,-0.03543,-0.49602,0.43127,31.2508317,75.7051545,1.120,190.20
133.613,-0.83318,2.18351,7.36935,-0.16249,0.56322,0.68906,31.2508317,75.7051545,1.120,190.20
133.718,0.31603,2.70545,7.98227,0.31032,0.28711,0.36285,31.2508317,75.7051545,1.120,190.20
133.822,0.75657,3.54342,10.81700,0.21747,0.35430,0.45082,31.2508317,75.7051545,1.120,190.20
133.928,2.01592,4.05099,11.48738,0.03299,-0.81734,0.03665,31.2508317,75.7051545,1.120,190.20
134.032,1.57060,2.88262,10.55843,0.54245,-0.16616,-0.45204,31.2508317,75.7051545,1.120,190.20
134.134,1.44131,2.08296,9.24162,0.14905,0.33720,-0.15394,31.2508317,75.7051545,1.120,190.20
134.237,0.48842,2.44687,6.38294,0.24312,-0.42516,-0.39218,31.2508317,75.7051545,1.120,190.20
134.341,0.54588,2.59531,8.96389,0.11606,-0.46792,-0.13195,31.2508317,75.7051545,1.120,190.20
134.447,0.02394,2.93050,10.12747,0.06109,0.50457,0.74526,31.2508317,75.7051545,1.120,190.20
134.550,1.48919,3.09331,10.57758,-0.75381,0.03176,1.13743,31.2508229,75.7051513,1.030,184.00
134.654,1.34075,2.74376,9.14585,0.02077,0.09896,0.12217,31.2508229,75.7051513,1.030,184.00
134.758,0.41180,2.52349,7.23049,-0.03299,0.57299,0.32009,31.2508229,75.7051513,1.030,184.00
134.861,0.85712,3.18429,6.49786,0.05131,0.35919,0.26267,31.2508229,75.7051513,1.030,184.00
134.965,0.95289,4.31914,11.27669,0.06597,-0.06475,0.00000,31.2508229,75.7051513,1.030,184.00
135.069,0.84755,5.47793,10.81221,-0.08308,-0.66096,-0.24679,31.2508229,75.7051513,1.030,184.00
135.172,2.10690,2.61447,9.05008,0.66340,-1.02992,-0.62064,31.2508229,75.7051513,1.030,184.00
135.279,1.28808,3.33752,8.78193,0.45204,0.86987,-0.54978,31.2508229,75.7051513,1.030,184.00
135.382,0.63686,2.99754,6.59363,-0.33598,-1.01281,-0.19181,31.2508229,75.7051513,1.030,184.00
135.484,0.56503,2.53785,8.34140,0.64630,0.05253,-0.40317,31.2508147,75.7051519,1.010,175.90
135.587,0.05746,2.99754,9.15064,-0.18815,0.17471,0.49724,31.2508147,75.7051519,1.010,175.90
135.690,1.29287,2.60010,12.85207,-1.40132,0.49114,1.00548,31.2508147,75.7051519,1.010,175.90
135.795,-0.29688,3.02627,8.68138,-0.08552,0.06353,0.00611,31.2508147,75.7051519,1.010,175.90
135.902,0.10056,2.23618,7.71891,-0.33475,0.26023,0.48014,31.2508147,75.7051519,1.010,175.90
136.007,-0.04310,3.60567,7.42203,0.14783,0.46792,0.36774,31.2508147,75.7051519,1.010,175.90
136.110,1.55623,3.52905,11.83214,-0.13928,-0.24679,0.03054,31.2508147,75.7051519,1.010,175.90
136.212,1.30723,4.16112,12.39239,0.11973,-0.06720,-0.44838,31.2508147,75.7051519,1.010,175.90
136.319,0.65601,3.01669,8.32703,0.32742,-0.48258,-0.66096,31.2508147,75.7051519,1.010,175.90
136.422,0.39744,2.23140,8.85376,0.20525,-0.08186,-0.31032,31.2508147,75.7051519,1.010,175.90
136.526,-0.04310,2.30322,7.52258,0.08674,-0.04643,-0.40317,31.2508042,75.7051513,1.110,176.80
136.631,-1.24020,3.04542,9.66300,0.41172,-0.04398,-0.27367,31.2508042,75.7051513,1.110,176.80
136.732,-0.81882,3.27527,9.39485,-0.62186,-0.04398,0.90164,31.2508042,75.7051513,1.110,176.80
136.835,0.98641,1.75256,12.87123,0.19181,-0.34086,0.39218,31.2508042,75.7051513,1.110,176.80
136.941,-0.38786,3.12204,6.33027,0.06109,0.45448,0.48747,31.2508042,75.7051513,1.110,176.80
137.045,1.49877,2.41814,7.75721,-0.04154,0.44960,0.45815,31.2508042,75.7051513,1.110,176.80
137.148,0.78051,4.02705,9.27993,0.22724,0.21991,0.13928,31.2508042,75.7051513,1.110,176.80
137.257,1.18274,4.95600,11.01333,-0.18937,-0.44227,0.07330,31.2508042,75.7051513,1.110,176.80
137.361,1.24977,2.12605,13.54160,0.23457,0.04154,-0.23457,31.2508042,75.7051513,1.110,176.80
137.467,1.18274,2.25534,8.17859,0.62064,0.50213,-1.04336,31.2507931,75.7051523,1.150,171.80
137.570,1.23541,2.19788,6.61278,-0.23702,-0.82833,-0.63286,31.2507931,75.7051523,1.150,171.80
137.674,0.00000,3.07894,8.89685,0.57177,0.34086,-0.62430,31.2507931,75.7051523,1.150,171.80
137.778,-1.66636,2.99754,12.81377,0.39828,0.29322,0.43494,31.2507931,75.7051523,1.150,171.80
137.883,0.59855,2.81558,10.75475,-1.17042,0.08063,1.08734,31.2507931,75.7051523,1.150,171.80
137.987,-0.60334,2.46124,9.11712,-0.24435,-0.78313,-0.33842,31.2507931,75.7051523,1.150,171.80
138.091,0.02394,2.64320,6.08606,-0.46548,-0.06231,0.24190,31.2507931,75.7051523,1.150,171.80
138.196,0.42138,3.68707,7.74285,0.16127,0.70738,0.18204,31.2507931,75.7051523,1.150,171.80
138.304,1.62806,4.47716,11.48738,-0.08430,-0.13806,0.17959,31.2507931,75.7051523,1.150,171.80
138.408,2.06380,4.69264,13.11544,-0.19059,-0.50091,-0.12828,31.2507931,75.7051523,1.150,171.80
138.512,1.39821,1.99676,8.87770,0.61820,-0.30055,-0.72449,31.2507804,75.7051548,1.120,172.80
138.615,0.73741,1.38864,6.83305,0.09041,-0.12706,-0.49114,31.2507804,75.7051548,1.120,172.80
138.719,0.63207,2.22661,5.64074,-0.10873,0.09652,-0.47159,31.2507804,75.7051548,1.120,172.80
138.825,-0.05267,3.51948,9.72046,0.19914,0.09407,-0.27733,31.2507804,75.7051548,1.120,172.80
138.929,-0.25379,3.56257,10.18493,-0.15149,0.16371,0.73548,31.2507804,75.7051548,1.120,172.80
139.031,1.56581,1.92015,12.49294,-0.12584,0.06964,0.68661,31.2507804,75.7051548,1.120,172.80
139.133,-0.33998,2.99275,6.59842,0.21502,0.00733,-0.14905,31.2507804,75.7051548,1.120,172.80
139.239,1.05824,2.59531,6.87136,-0.44838,0.26634,0.55344,31.2507804,75.7051548,1.120,172.80
139.344,1.49398,3.73495,7.12036,0.12339,0.12828,0.05131,31.2507804,75.7051548,1.120,172.80
139.450,2.48997,3.82593,12.93827,-0.04154,-0.66340,-0.38973,31.2507702,75.7051566,1.140,175.40
139.554,1.28329,2.62405,14.10664,0.30788,1.21196,-0.24923,31.2507702,75.7051566,1.140,175.40
139.657,1.76692,2.70066,7.58004,0.43860,-0.45448,-0.98594,31.2507702,75.7051566,1.140,175.40
139.760,0.23463,2.34153,6.67982,0.18326,-0.38973,-0.46181,31.2507702,75.7051566,1.140,175.40
139.864,0.93374,2.20745,7.90087,0.37263,-0.01955,-0.30421,31.2507702,75.7051566,1.140,175.40
139.966,-1.10612,2.37505,11.53526,-0.20281,0.50824,0.05253,31.2507702,75.7051566,1.140,175.40
140.069,0.02873,2.42293,10.38126,-1.52961,-0.17837,1.05558,31.2507702,75.7051566,1.140,175.40
140.172,-1.63285,2.83473,8.34140,0.21258,-0.24068,-0.03421,31.2507702,75.7051566,1.140,175.40
140.275,0.24900,2.17872,7.61835,-0.24557,0.51679,0.56933,31.2507702,75.7051566,1.140,175.40
140.377,0.67516,3.05021,6.53617,0.10751,0.38362,0.21502,31.2507702,75.7051566,1.140,175.40
140.481,1.09654,4.23774,10.87925,-0.46914,-0.57910,0.25901,31.2507628,75.7051561,1.140,188.40
140.583,0.53630,5.01825,12.69406,-0.04032,-0.21136,-0.15882,31.2507628,75.7051561,1.140,188.40
140.685,1.57538,1.90100,11.11388,0.56933,-0.47647,-0.36285,31.2507628,75.7051561,1.140,188.40
140.787,1.22104,1.84354,7.71412,0.42883,0.62797,-0.60476,31.2507628,75.7051561,1.140,188.40
140.889,1.07739,2.01113,6.70855,0.09896,-0.52412,-0.51801,31.2507628,75.7051561,1.140,188.40
140.992,0.01915,2.97360,8.70532,0.14539,0.21258,-0.19792,31.2507628,75.7051561,1.140,188.40
141.094,0.00958,2.56658,11.48738,0.18692,-0.09652,0.54611,31.2507628,75.7051561,1.140,188.40
141.196,0.36392,2.76291,10.26634,-0.38362,0.23702,0.85155,31.2507628,75.7051561,1.140,188.40
141.299,0.85712,1.86748,8.64786,-0.16127,-0.32254,0.10873,31.2507628,75.7051561,1.140,188.40
141.402,-0.31603,2.58095,7.14430,-0.40317,0.29932,0.33720,31.2507628,75.7051561,1.140,188.40
141.504,0.10056,3.64398,7.43639,0.10018,0.42028,0.42272,31.2507541,75.7051565,1.130,186.70
141.607,1.01035,3.63919,10.30943,0.12217,-0.00611,0.43249,31.2507541,75.7051565,1.130,186.70
141.710,1.18274,4.52504,13.14896,0.30788,0.02566,-0.40195,31.2507541,75.7051565,1.130,186.70
141.813,1.78129,2.34632,11.89918,0.45815,-0.38851,-0.23457,31.2507541,75.7051565,1.130,186.70
141.915,1.00078,2.60968,8.43717,0.44471,0.80023,-0.74770,31.2507541,75.7051565,1.130,186.70
142.018,0.73741,2.32716,6.91445,-0.26878,-0.64263,-0.39340,31.2507541,75.7051565,1.130,186.70
142.123,0.12450,2.41336,8.80587,0.28955,-0.24190,-0.28955,31.2507541,75.7051565,1.130,186.70
142.228,-0.86670,2.65756,10.76912,0.46181,-0.19303,0.25534,31.2507541,75.7051565,1.130,186.70
142.336,0.23942,3.14598,10.32859,-1.36101,0.36408,1.28648,31.2507541,75.7051565,1.130,186.70
142.440,-0.23942,3.05500,8.27436,0.07208,-0.02932,-0.16860,31.2507446,75.7051564,1.180,183.00
142.542,0.07661,2.38462,8.53772,-0.52412,0.30299,0.53267,31.2507446,75.7051564,1.180,183.00
142.644,-0.12929,3.37582,7.79073,0.23702,0.19426,0.36530,31.2507446,75.7051564,1.180,183.00
142.747,0.90980,3.65834,9.32302,0.22235,0.29322,0.51191,31.2507446,75.7051564,1.180,183.00
142.852,1.69509,4.48673,11.68849,0.13073,-0.08674,-0.14050,31.2507446,75.7051564,1.180,183.00
142.956,2.03028,2.53785,10.85531,0.40073,-0.24190,-0.52290,31.2507446,75.7051564,1.180,183.00
143.061,1.26414,2.19788,8.49463,0.38729,0.34453,-1.04580,31.2507446,75.7051564,1.180,183.00
143.167,0.80445,2.40378,6.82826,-0.26267,-0.66096,-0.67928,31.2507446,75.7051564,1.180,183.00
143.269,1.03430,2.24097,9.73961,0.41050,-0.27245,-0.53512,31.2507446,75.7051564,1.180,183.00
143.372,0.05267,2.30801,12.08114,-0.01588,-0.31398,0.19670,31.2507446,75.7051564,1.180,183.00
143.476,0.48842,2.02549,10.91277,-0.88209,0.16860,0.69150,31.2507354,75.7051557,1.140,181.10
143.579,-1.01993,2.23140,7.20176,0.17104,-0.07819,-0.33842,31.2507354,75.7051557,1.140,181.10
143.682,-0.09577,2.40378,7.43160,-0.66462,0.38607,0.43371,31.2507354,75.7051557,1.140,181.10
143.785,0.46448,3.45723,8.33661,-0.04520,0.27489,0.34819,31.2507354,75.7051557,1.140,181.10
143.888,1.14443,3.31358,11.92791,0.14294,0.33598,0.42638,31.2507354,75.7051557,1.140,181.10
143.992,0.92895,4.41012,10.48182,0.61087,-0.36285,-0.12462,31.2507354,75.7051557,1.140,181.10
144.096,1.81002,3.00712,11.02769,0.63530,0.09041,-0.10018,31.2507354,75.7051557,1.140,181.10
144.203,0.97205,1.83875,9.09318,0.07086,0.60598,0.06597,31.2507354,75.7051557,1.140,181.10
144.309,0.68953,1.85311,6.98628,-0.16005,-0.49114,-0.11606,31.2507354,75.7051557,1.140,181.10
144.413,0.32082,2.27449,8.11634,-0.06109,0.19914,-0.02932,31.2507354,75.7051557,1.140,181.10
144.516,-0.72305,2.85389,11.31979,0.01833,0.68783,0.45937,31.2507265,75.7051571,1.060,176.70
144.619,0.33040,3.24654,11.44428,-0.77458,0.03787,0.99693,31.2507265,75.7051571,1.060,176.70
144.723,-0.30167,2.87783,9.37091,0.46181,-0.23213,0.37751,31.2507265,75.7051571,1.060,176.70
144.828,-0.20590,2.37505,7.37414,-0.25901,0.36896,0.72815,31.2507265,75.7051571,1.060,176.70
144.931,0.94332,2.81558,6.77080,-0.12584,0.30177,0.52046,31.2507265,75.7051571,1.060,176.70
145.039,1.50835,3.33273,9.67257,0.18692,0.21258,0.15516,31.2507265,75.7051571,1.060,176.70
145.140,1.78607,3.51469,11.21444,0.12462,-0.46914,-0.50580,31.2507265,75.7051571,1.060,176.70
145.244,2.16436,2.50433,13.34049,-0.13928,0.42150,-0.68783,31.2507265,75.7051571,1.060,176.70
145.350,2.01113,2.11169,9.57681,0.31765,0.20769,-1.23761,31.2507265,75.7051571,1.060,176.70
145.454,0.64643,1.35991,7.26880,0.25779,-0.81123,-0.90408,31.2507185,75.7051607,0.980,168.00
145.556,0.82361,2.22182,7.14909,0.18570,0.00244,-0.57055,31.2507185,75.7051607,0.980,168.00
145.660,-0.32082,2.58095,10.19451,0.02443,-0.09652,-0.13195,31.2507185,75.7051607,0.980,168.00
145.764,0.23942,3.30400,10.35253,-0.48014,-0.11973,0.46181,31.2507185,75.7051607,0.980,168.00
145.865,1.16358,2.44209,11.10431,-0.48747,-0.31154,0.14416,31.2507185,75.7051607,0.980,168.00
145.968,-0.59855,2.55222,8.14507,0.07941,0.34697,-0.06597,31.2507185,75.7051607,0.980,168.00
146.071,0.41659,1.88184,7.42681,-0.05864,0.24435,0.20036,31.2507185,75.7051607,0.980,168.00
146.174,0.48363,2.84910,8.09719,0.28588,0.22235,0.03299,31.2507185,75.7051607,0.980,168.00
146.275,1.38864,3.98874,11.10431,-0.03421,-0.41539,-0.24312,31.2507185,75.7051607,0.980,168.00
146.380,3.22260,4.87938,10.65899,0.05864,-1.10444,-0.31765,31.2507185,75.7051607,0.980,168.00
146.482,1.72861,3.57215,10.84573,0.87109,0.11118,-0.76969,31.2507103,75.7051636,1.060,178.50
146.584,0.97205,2.22661,9.39485,0.92729,0.02443,-0.37629,31.2507103,75.7051636,1.060,178.50
146.685,0.61770,2.66714,6.38294,-0.06475,-0.04765,0.08308,31.2507103,75.7051636,1.060,178.50
146.789,-0.68474,2.35589,7.68060,0.39340,-0.42394,-0.02443,31.2507103,75.7051636,1.060,178.50
146.891,-0.49799,2.60010,9.97424,-0.47159,0.53756,1.15454,31.2507103,75.7051636,1.060,178.50
146.993,0.72784,2.95923,11.20486,-1.09101,0.62430,1.23395,31.2507103,75.7051636,1.060,178.50
147.096,0.45011,2.80600,8.66222,-0.22358,-0.03054,0.28955,31.2507103,75.7051636,1.060,178.50
147.199,-0.01437,2.54743,7.52737,-0.55222,0.27978,0.75259,31.2507103,75.7051636,1.060,178.50
147.301,0.27294,3.01191,7.67102,0.36896,0.29566,0.64874,31.2507103,75.7051636,1.060,178.50
147.404,0.66080,3.20344,8.93516,0.13317,0.35919,0.97128,31.2507103,75.7051636,1.060,178.50
147.508,0.40701,4.29520,12.05241,0.02321,0.67440,0.17349,31.2507008,75.7051631,1.070,183.40
147.611,1.75256,2.22661,8.54730,0.58887,-1.44653,-0.39218,31.2507008,75.7051631,1.070,183.40
147.714,0.65601,2.23618,9.10275,0.41294,0.15638,-0.24190,31.2507008,75.7051631,1.070,183.40
147.820,1.60412,2.49476,6.08127,0.09896,-0.26756,-0.72449,31.2507008,75.7051631,1.070,183.40
147.924,-0.63207,2.94966,8.24084,0.00733,-0.37507,-0.12584,31.2507008,75.7051631,1.070,183.40
148.029,0.58419,2.82995,10.47703,-0.12950,-0.24679,1.00182,31.2507008,75.7051631,1.070,183.40
148.133,0.61292,2.84431,11.06600,-0.35552,0.61575,1.30725,31.2507008,75.7051631,1.070,183.40
148.239,1.37427,2.37026,8.14986,0.15394,-0.11240,0.28466,31.2507008,75.7051631,1.070,183.40
148.344,-0.20111,2.34153,8.47547,-0.21136,0.53145,0.42638,31.2507008,75.7051631,1.070,183.40
148.447,0.05746,3.00233,7.27837,0.21136,0.22602,0.58765,31.2506912,75.7051644,1.010,178.90
148.549,1.81480,3.51469,9.91678,0.04276,0.23213,0.33109,31.2506912,75.7051644,1.010,178.90
148.650,1.47962,4.62081,11.07079,0.05864,-0.68539,-0.30788,31.2506912,75.7051644,1.010,178.90
148.752,2.09253,2.37505,10.92235,0.67195,-0.34208,-0.68295,31.2506912,75.7051644,1.010,178.90
148.856,1.47483,1.82917,9.42358,0.33353,0.26756,-0.66340,31.2506912,75.7051644,1.010,178.90
148.960,0.42617,1.95846,6.94797,-0.08063,-0.59010,-0.51435,31.2506912,75.7051644,1.010,178.90
149.064,-0.11492,1.87705,8.51857,0.26023,-0.46914,-0.41050,31.2506912,75.7051644,1.010,178.90
149.166,-1.31681,3.06937,9.63906,0.12828,0.38973,0.27000,31.2506912,75.7051644,1.010,178.90
149.271,1.16358,2.78685,10.68293,-0.94318,0.51068,1.02014,31.2506912,75.7051644,1.010,178.90
149.375,0.95289,2.82037,8.57603,0.08919,-0.51068,0.21380,31.2506912,75.7051644,1.010,178.90
149.478,0.67516,2.48039,8.69095,-0.17715,0.53878,0.64385,31.2506839,75.7051681,1.010,164.50
149.581,1.35991,2.16436,8.33661,-0.01344,0.10263,0.38851,31.2506839,75.7051681,1.010,164.50
149.684,0.65122,3.65834,8.42759,0.18815,0.22969,0.15516,31.2506839,75.7051681,1.010,164.50
149.787,2.45645,4.46279,10.47703,0.38240,0.21869,-0.15149,31.2506839,75.7051681,1.010,164.50
149.892,2.79643,1.91057,13.57512,0.22846,-0.31154,-0.16616,31.2506839,75.7051681,1.010,164.50
149.998,2.77727,2.26013,9.64384,0.39584,0.87598,-1.17164,31.2506839,75.7051681,1.010,164.50
150.103,1.45567,1.42216,7.09641,-0.01222,-1.10078,-1.31458,31.2506839,75.7051681,1.010,164.50
150.207,0.76136,2.24576,7.85298,0.30177,-0.43127,-1.26449,31.2506839,75.7051681,1.010,164.50
150.312,0.65601,3.12683,10.22803,0.16127,-0.35552,-0.37263,31.2506839,75.7051681,1.010,164.50
150.416,1.17316,3.45723,11.11388,-0.49969,-0.58399,-0.10385,31.2506839,75.7051681,1.010,164.50
150.518,0.33519,2.45645,9.94551,0.27367,-0.65851,-0.72326,31.2506763,75.7051720,1.020,156.80
150.621,-0.86670,2.37026,8.07804,0.07819,0.11606,-0.22724,31.2506763,75.7051720,1.020,156.80
150.725,-0.27773,2.24097,8.44674,-0.15394,0.21380,0.43616,31.2506763,75.7051720,1.020,156.80
150.829,0.19632,3.11725,7.66145,-0.06109,0.11484,0.45815,31.2506763,75.7051720,1.020,156.80
150.933,0.34955,4.24253,10.48660,0.06842,0.34086,0.21136,31.2506763,75.7051720,1.020,156.80
151.038,2.96881,3.70622,11.94228,0.22480,0.42761,0.17715,31.2506763,75.7051720,1.020,156.80
151.142,1.50356,2.88262,8.01100,-0.24312,-0.12706,0.11606,31.2506763,75.7051720,1.020,156.80
151.247,1.23062,1.84832,8.93037,-0.38485,0.36774,0.06231,31.2506763,75.7051720,1.020,156.80
151.354,1.38864,2.74854,8.53772,-0.33598,-0.00977,-0.26389,31.2506763,75.7051720,1.020,156.80
151.458,-0.07183,3.36625,10.46266,0.21258,-0.14416,-0.17104,31.2506686,75.7051771,0.940,154.40
151.560,0.38307,3.04064,10.84573,0.14539,0.16616,0.59620,31.2506686,75.7051771,0.940,154.40
151.664,0.27294,2.79164,9.61990,-0.04398,-0.44593,0.54245,31.2506686,75.7051771,0.940,154.40
151.769,0.15802,1.96325,8.86333,0.25168,0.13561,0.43494,31.2506686,75.7051771,0.940,154.40
151.871,0.08140,1.87705,7.91523,-0.43616,0.43738,0.70005,31.2506686,75.7051771,0.940,154.40
151.976,1.32639,2.56180,7.94396,-0.08796,0.09041,0.38240,31.2506686,75.7051771,0.940,154.40
152.081,1.35033,3.55778,9.32781,-0.00855,-0.08186,-0.09896,31.2506686,75.7051771,0.940,154.40
152.184,2.11647,3.23696,10.54885,0.26756,-0.28833,-0.90408,31.2506686,75.7051771,0.940,154.40
152.287,2.50433,3.18908,9.83059,0.19059,-0.25779,-1.15576,31.2506686,75.7051771,0.940,154.40
152.388,1.47483,1.75734,8.77236,0.00489,-0.65118,-1.27915,31.2506686,75.7051771,0.940,154.40
152.492,0.55545,1.49398,9.51935,0.10263,-0.01100,-1.08490,31.2506607,75.7051811,0.970,152.20
152.594,0.89064,1.58496,8.34140,-0.09041,-0.29199,-0.76480,31.2506607,75.7051811,0.970,152.20
152.698,1.28808,2.72939,9.96946,0.19792,-0.06597,-0.56200,31.2506607,75.7051811,0.970,152.20
152.803,1.27850,3.26090,9.23683,-0.36163,-0.29688,-0.34819,31.2506607,75.7051811,0.970,152.20
152.907,1.60890,3.04542,9.73482,-0.28833,-0.33231,-0.78924,31.2506607,75.7051811,0.970,152.20
153.011,0.97683,2.32238,9.83538,0.38118,-0.31154,-1.08978,31.2506607,75.7051811,0.970,152.20
153.113,1.14443,2.56658,8.95910,-0.09652,-0.10996,-0.61942,31.2506607,75.7051811,0.970,152.20
153.218,1.23062,2.66714,8.03494,0.06964,-0.25534,-0.79535,31.2506607,75.7051811,0.970,152.20
153.322,1.78607,3.18429,8.37971,-0.06842,-0.32865,-1.33657,31.2506607,75.7051811,0.970,152.20
153.429,2.14520,2.40378,9.32781,-0.18815,-0.56688,-1.92545,31.2506607,75.7051811,0.970,152.20
153.531,2.17394,2.03986,10.62068,-0.08796,-0.45937,-2.29197,31.2506531,75.7051817,0.730,159.40
153.634,2.21703,2.50912,10.44351,-0.31032,-0.29932,-1.80327,31.2506531,75.7051817,0.730,159.40
153.740,2.23140,2.37505,9.26556,-0.33109,-0.77213,-1.56748,31.2506531,75.7051817,0.730,159.40
153.845,1.78129,2.32238,8.82503,0.06720,-0.42028,-1.51983,31.2506531,75.7051817,0.730,159.40
153.949,0.64643,2.70545,10.47224,0.02810,-0.00489,-0.99571,31.2506531,75.7051817,0.730,159.40
154.053,0.31603,2.89220,9.63906,-0.14539,-0.44960,-0.34941,31.2506531,75.7051817,0.730,159.40
154.156,-0.24421,3.82115,9.50977,-0.18082,0.06964,-0.04520,31.2506531,75.7051817,0.730,159.40
154.258,1.21625,2.73418,9.74440,0.35064,-0.29444,0.04765,31.2506531,75.7051817,0.730,159.40
154.362,1.72861,1.93451,8.53772,-0.21258,0.13073,-0.14539,31.2506531,75.7051817,0.730,159.40
154.467,1.25935,2.51391,7.96311,-0.27855,-0.04276,-0.56077,31.2506517,75.7051799,0.260,162.00
154.569,-0.18196,3.75411,8.11156,-0.00977,0.15027,-0.22969,31.2506517,75.7051799,0.260,162.00
154.673,0.61292,3.41413,9.93115,-0.09041,-0.11973,-0.07575,31.2506517,75.7051799,0.260,162.00
154.777,0.38786,4.53941,11.33894,0.02932,-0.59376,-0.57544,31.2506517,75.7051799,0.260,162.00
154.882,1.75734,1.45089,10.36211,0.14294,-0.82833,-0.44471,31.2506517,75.7051799,0.260,162.00
154.986,0.29688,2.10690,8.88249,0.57788,0.89919,-0.20281,31.2506517,75.7051799,0.260,162.00
155.090,1.32639,1.70946,6.74686,-0.28466,-0.58887,0.00244,31.2506517,75.7051799,0.260,162.00
155.192,0.22984,1.99198,9.56723,0.21991,-0.02688,-0.04032,31.2506517,75.7051799,0.260,162.00
155.296,-0.68474,2.48997,10.65420,0.51924,0.07819,0.27978,31.2506517,75.7051799,0.260,162.00
155.398,0.23463,3.15077,8.57603,-0.12950,0.21869,0.95051,31.2506517,75.7051799,0.260,162.00
155.504,0.86670,2.63841,9.03572,-0.51191,-0.09285,0.70005,31.2506537,75.7051732,0.820,179.10
155.606,1.19231,2.58095,9.81144,-0.54000,0.70127,0.58032,31.2506537,75.7051732,0.820,179.10
155.708,0.66559,3.03106,8.16902,0.11484,0.21869,0.26756,31.2506537,75.7051732,0.820,179.10
155.811,0.53151,3.16035,8.99741,0.20892,0.25168,0.42761,31.2506537,75.7051732,0.820,179.10
155.914,1.68552,3.49075,10.72602,0.21258,0.02077,-0.06475,31.2506537,75.7051732,0.820,179.10
156.018,1.45089,4.82671,9.91678,0.07575,-0.53267,-0.32376,31.2506537,75.7051732,0.820,179.10
156.120,2.12126,1.85790,11.92791,0.30177,-0.78313,-0.74526,31.2506537,75.7051732,0.820,179.10
156.223,0.85234,1.73340,9.95988,0.71838,0.40684,-0.92363,31.2506537,75.7051732,0.820,179.10
156.326,1.01993,1.98240,6.89051,0.26023,-0.50946,-0.60842,31.2506537,75.7051732,0.820,179.10
156.429,0.03352,2.46124,8.68616,0.07575,-0.15882,-0.04887,31.2506537,75.7051732,0.820,179.10
156.531,-0.05267,2.84910,10.31422,0.27122,0.13683,0.46304,31.2506575,75.7051636,0.900,287.50
156.634,0.55545,2.98796,9.92636,-0.75381,0.39218,0.98349,31.2506575,75.7051636,0.900,287.50
156.736,1.34554,2.68151,9.91678,-0.33964,-0.15272,-0.06231,31.2506575,75.7051636,0.900,287.50
156.838,0.67516,2.56658,8.24084,-0.47647,-0.06231,0.08430,31.2506575,75.7051636,0.900,287.50
156.941,0.55545,3.20344,7.58004,0.03543,0.22235,0.04520,31.2506575,75.7051636,0.900,287.50
157.044,2.45645,2.98318,9.88326,0.14050,-0.11606,-0.09041,31.2506575,75.7051636,0.900,287.50
157.148,1.63285,3.26569,10.31901,0.04154,-0.50335,-0.40928,31.2506575,75.7051636,0.900,287.50
157.251,1.53229,2.56180,12.90475,0.04032,0.10751,-0.32132,31.2506575,75.7051636,0.900,287.50
157.354,1.59454,2.94487,8.15465,0.36285,-0.12828,-0.89431,31.2506575,75.7051636,0.900,287.50
157.457,1.46046,1.94409,7.69018,-0.02199,-0.40439,-0.45571,31.2506618,75.7051546,0.820,316.40
157.560,1.03908,2.47082,8.27915,0.12950,0.28833,-0.55222,31.2506618,75.7051546,0.820,316.40
157.662,0.51236,2.84431,8.92558,0.02077,-0.13317,0.25168,31.2506618,75.7051546,0.820,316.40
157.765,0.81882,2.81079,8.71968,0.16860,0.10385,0.48869,31.2506618,75.7051546,0.820,316.40
157.869,1.52750,2.75333,10.77870,-0.55100,0.22846,0.67806,31.2506618,75.7051546,0.820,316.40
157.975,0.75178,2.86347,9.18895,0.01588,-0.27611,-0.03421,31.2506618,75.7051546,0.820,316.40
158.077,1.43173,2.99275,9.06924,-0.22480,0.18448,0.04520,31.2506618,75.7051546,0.820,316.40
158.179,1.53229,3.02627,8.22169,0.02932,-0.03299,-0.25779,31.2506618,75.7051546,0.820,316.40
158.281,2.00634,3.35188,8.11156,-0.05986,0.00977,-0.40317,31.2506618,75.7051546,0.820,316.40
158.382,2.37984,3.57215,9.35654,-0.03910,-0.07819,-0.81612,31.2506618,75.7051546,0.820,316.40
158.484,1.80044,4.33351,10.36211,-0.08674,-0.70250,-0.98471,31.2506660,75.7051490,0.690,336.80
158.588,1.73340,2.33674,12.01889,-0.04887,-0.58277,-0.99082,31.2506660,75.7051490,0.690,336.80
158.693,2.26970,2.50912,9.77313,0.30788,0.48381,-1.82527,31.2506660,75.7051490,0.690,336.80
158.796,1.06303,2.00634,7.94875,0.02077,-0.80879,-1.21440,31.2506660,75.7051490,0.690,336.80
158.899,0.56503,2.74854,7.36456,0.16738,0.02566,-0.83933,31.2506660,75.7051490,0.690,336.80
159.004,-0.42617,3.18429,9.84975,-0.02688,-0.16127,-0.13561,31.2506660,75.7051490,0.690,336.80
159.105,0.11013,3.68707,9.85453,-0.46548,-0.07819,0.44960,31.2506660,75.7051490,0.690,336.80
159.208,-0.60334,2.43730,11.01333,-0.25534,0.15149,0.26634,31.2506660,75.7051490,0.690,336.80
159.310,-0.98641,2.72939,8.32703,-0.10996,0.52534,0.48869,31.2506660,75.7051490,0.690,336.80
159.412,0.37350,2.63841,8.43238,-0.09652,-0.12462,0.38851,31.2506660,75.7051490,0.690,336.80
159.514,-0.04788,3.78763,7.54652,0.20036,0.05498,0.31765,31.2506732,75.7051442,1.060,344.20
159.617,2.12605,3.71101,11.13304,0.05253,0.36652,0.30055,31.2506732,75.7051442,1.060,344.20
159.720,1.91057,4.86502,10.92714,-0.01466,-0.64874,-0.20281,31.2506732,75.7051442,1.060,344.20
159.823,1.40300,2.82516,9.09797,0.80634,-0.08919,-0.64996,31.2506732,75.7051442,1.060,344.20
159.928,0.54588,2.12605,8.09240,-0.02566,0.06964,-0.37996,31.2506732,75.7051442,1.060,344.20
160.030,0.81403,2.02071,6.68940,-0.36041,-0.21747,-0.50946,31.2506732,75.7051442,1.060,344.20
160.133,-0.45490,2.25055,9.49540,0.09774,-0.39462,-0.45326,31.2506732,75.7051442,1.060,344.20
160.236,-1.15879,2.86825,10.87925,0.22724,0.49724,0.74770,31.2506732,75.7051442,1.060,344.20
160.339,0.42138,2.81558,10.33816,-0.52657,0.01710,1.62612,31.2506732,75.7051442,1.060,344.20
160.442,1.18274,2.28407,9.51935,0.02077,0.40317,0.47770,31.2506824,75.7051394,1.090,339.20
160.545,0.53630,2.26491,8.03973,0.32987,0.47892,0.08186,31.2506824,75.7051394,1.090,339.20
160.649,0.47884,3.29442,7.89129,0.18937,0.34697,0.37141,31.2506824,75.7051394,1.090,339.20
160.752,1.46046,3.49553,10.23282,0.01466,-0.20525,-0.00122,31.2506824,75.7051394,1.090,339.20
160.856,1.21147,3.97916,10.56801,-0.29322,-0.33353,-0.37507,31.2506824,75.7051394,1.090,339.20
160.958,0.96247,2.90177,9.90242,0.06353,-0.51191,-0.89675,31.2506824,75.7051394,1.090,339.20
161.062,0.57940,2.39899,8.80587,-0.07819,-0.08430,-0.59376,31.2506824,75.7051394,1.090,339.20
161.165,-1.26893,3.06937,8.18338,0.33964,0.21136,-0.61697,31.2506824,75.7051394,1.090,339.20
161.271,-1.89142,2.69587,8.93995,0.88698,0.02932,0.06353,31.2506824,75.7051394,1.090,339.20
161.374,-1.09654,2.83952,7.82425,-0.14050,-0.04887,1.00793,31.2506824,75.7051394,1.090,339.20
161.476,1.04387,2.33674,11.51611,-0.69272,-0.14416,0.58887,31.2506917,75.7051323,1.160,333.60
161.578,-1.34554,2.95444,8.59997,-0.19670,0.32132,-0.20647,31.2506917,75.7051323,1.160,333.60
161.679,-1.55623,2.67193,7.46512,-0.20159,0.47647,0.42150,31.2506917,75.7051323,1.160,333.60
161.783,0.04788,3.43329,7.76679,-0.28955,0.37629,0.70494,31.2506917,75.7051323,1.160,333.60
161.887,1.44610,3.88818,11.23359,-0.23702,-0.21136,0.32742,31.2506917,75.7051323,1.160,333.60
161.990,1.46046,3.31358,14.02044,-0.08796,0.32987,-0.05131,31.2506917,75.7051323,1.160,333.60
162.093,1.38864,2.54264,9.27035,0.20647,-0.34331,-0.64630,31.2506917,75.7051323,1.160,333.60
162.196,0.63207,1.92494,8.09240,0.14416,-0.62553,-0.60109,31.2506917,75.7051323,1.160,333.60
162.299,0.86191,1.79565,7.36935,0.12462,-0.11118,-0.72326,31.2506917,75.7051323,1.160,333.60
162.402,-1.02472,2.38941,9.44752,0.06597,-0.40073,-0.55100,31.2506917,75.7051323,1.160,333.60
162.504,-0.13886,2.93050,9.32302,-0.17959,-0.19059,0.44104,31.2507008,75.7051241,1.130,326.70
162.607,1.02472,2.33674,11.85130,-0.48381,-0.28100,0.48014,31.2507008,75.7051241,1.130,326.70
162.710,-0.22984,2.32238,8.47069,0.11362,0.49358,-0.39706,31.2507008,75.7051241,1.130,326.70
162.813,0.46448,2.56180,7.12514,-0.11729,0.49480,0.16738,31.2507008,75.7051241,1.130,326.70
162.916,0.94332,3.43329,9.12670,0.14905,-0.05498,0.22969,31.2507008,75.7051241,1.130,326.70
163.018,1.13964,3.39977,12.23916,0.02199,-0.23579,-0.11118,31.2507008,75.7051241,1.130,326.70
163.122,0.75657,3.71580,12.12903,-0.28100,-0.14905,-0.29810,31.2507008,75.7051241,1.130,326.70
163.225,1.73340,2.82037,8.52815,0.03787,-0.34697,-0.75503,31.2507008,75.7051241,1.130,326.70
163.328,0.64643,2.27928,8.94953,0.19426,-0.11118,-0.81001,31.2507008,75.7051241,1.130,326.70
163.431,1.45089,2.33195,6.74207,0.13928,-0.21625,-0.59743,31.2507008,75.7051241,1.130,326.70
163.533,-0.00479,2.64799,9.41879,0.13073,-0.01955,-0.16127,31.2507104,75.7051181,1.080,329.40
163.635,0.22984,3.24175,10.07959,-0.39828,-0.50580,0.72204,31.2507104,75.7051181,1.080,329.40
163.739,0.22027,3.01669,11.64540,-0.15882,0.38118,-0.07086,31.2507104,75.7051181,1.080,329.40
163.841,-0.27773,3.00233,7.19697,-0.03054,0.07086,-0.24801,31.2507104,75.7051181,1.080,329.40
163.943,0.34477,2.90177,7.58962,-0.02688,0.45815,0.20403,31.2507104,75.7051181,1.080,329.40
164.045,0.81882,3.71101,8.71968,0.17349,0.32376,0.31276,31.2507104,75.7051181,1.080,329.40
164.147,1.53708,3.96959,10.88883,0.01344,0.07086,-0.05498,31.2507104,75.7051181,1.080,329.40
164.249,1.13485,5.38695,9.50019,-0.10385,-0.48991,-0.49480,31.2507104,75.7051181,1.080,329.40
164.352,0.56024,3.92649,8.16902,0.13928,-0.41539,-0.56566,31.2507104,75.7051181,1.080,329.40
164.454,-0.30646,2.53785,9.41400,0.11851,-0.10629,-0.45693,31.2507206,75.7051151,1.140,342.20
164.556,0.32082,2.12126,7.98706,0.13195,-0.06109,-0.45448,31.2507206,75.7051151,1.140,342.20
164.658,-2.21224,2.50433,8.53772,0.42028,-0.22602,-0.22235,31.2507206,75.7051151,1.140,342.20
164.761,-0.48363,3.36146,9.05487,-0.10263,-0.06842,0.76236,31.2507206,75.7051151,1.140,342.20
164.863,0.06225,2.81558,12.56477,-1.46241,0.50213,0.82345,31.2507206,75.7051151,1.140,342.20
164.967,-2.16436,2.95444,9.31823,0.44471,0.72204,-0.49724,31.2507206,75.7051151,1.140,342.20
165.070,-0.54109,2.63362,7.00543,-0.41905,-0.04398,0.51435,31.2507206,75.7051151,1.140,342.20
165.172,0.65122,3.49553,7.44597,-0.10629,-0.04398,0.60842,31.2507206,75.7051151,1.140,342.20
165.275,-0.18196,4.44364,12.71800,0.05620,0.24068,-0.12584,31.2507206,75.7051151,1.140,342.20
165.379,-0.24900,3.01669,13.97735,-0.30910,-0.03054,0.07697,31.2507206,75.7051151,1.140,342.20
165.483,0.74699,2.30322,9.27993,0.17715,0.33353,-0.47525,31.2507303,75.7051120,1.060,348.40
165.587,0.38307,1.77171,7.36935,0.32742,-0.56688,-0.48136,31.2507303,75.7051120,1.060,348.40
165.689,-0.62249,2.68151,8.01100,0.45815,0.20647,-0.49358,31.2507303,75.7051120,1.060,348.40
165.792,-3.18908,2.93050,10.94629,0.13928,0.41050,0.18204,31.2507303,75.7051120,1.060,348.40
165.894,-1.05824,2.53785,9.61511,-0.67562,0.10996,1.18752,31.2507303,75.7051120,1.060,348.40
165.996,0.38307,2.28886,10.52970,-0.17593,-0.18815,-0.17959,31.2507303,75.7051120,1.060,348.40
166.098,-2.01592,3.26090,6.71813,0.15638,0.27978,-0.11240,31.2507303,75.7051120,1.060,348.40
166.201,-0.60813,3.42850,7.04374,0.09529,0.13683,0.70616,31.2507303,75.7051120,1.060,348.40
166.302,1.42216,4.00789,8.61434,0.17104,-0.03910,0.29810,31.2507303,75.7051120,1.060,348.40
166.405,0.92416,5.26246,10.97502,0.05009,-0.50457,-0.39828,31.2507303,75.7051120,1.060,348.40
166.509,0.08140,3.22738,11.99495,0.43249,-0.64874,-0.11851,31.2507390,75.7051093,0.920,348.90
166.610,0.62249,2.19788,9.72525,0.44838,0.42394,-0.29810,31.2507390,75.7051093,0.920,348.90
166.713,0.38786,2.37026,5.78439,0.00367,-0.65607,-0.66706,31.2507390,75.7051093,0.920,348.90
166.816,-1.03430,3.08852,7.93917,-0.00733,0.40806,-0.31154,31.2507390,75.7051093,0.920,348.90
166.920,-0.91937,2.90177,9.91199,-0.20892,0.23824,1.15576,31.2507390,75.7051093,0.920,348.90
167.024,0.16759,2.18830,14.02044,-0.73915,-0.17226,1.08367,31.2507390,75.7051093,0.920,348.90
167.129,-2.74376,3.05979,8.81066,0.40317,0.87720,0.22969,31.2507390,75.7051093,0.920,348.90
167.231,-1.17795,2.20745,9.06924,-0.30299,0.05253,1.02748,31.2507390,75.7051093,0.920,348.90
167.334,-0.52672,2.89698,7.05811,0.13928,0.32009,1.04214,31.2507390,75.7051093,0.920,348.90
167.435,1.39821,3.83072,9.49062,0.24679,0.29566,0.64263,31.2507476,75.7051055,1.010,343.90
167.537,1.18274,4.77883,12.93827,-0.54367,0.40195,0.54978,31.2507476,75.7051055,1.010,343.90
167.641,1.54665,3.47638,10.30464,0.10873,0.01833,0.10873,31.2507476,75.7051055,1.010,343.90
167.743,0.28730,2.10211,6.39731,0.02443,-0.90164,-0.15394,31.2507476,75.7051055,1.010,343.90
167.847,0.10056,2.53307,8.10198,0.30055,0.77946,-0.39828,31.2507476,75.7051055,1.010,343.90
167.949,-1.16837,2.48039,11.04685,0.18204,0.48381,0.70250,31.2507476,75.7051055,1.010,343.90
168.049,0.25379,3.37582,8.38449,-0.69028,0.51435,1.31580,31.2507476,75.7051055,1.010,343.90
168.152,0.58419,4.15633,10.04607,-0.51801,-0.10996,-0.03665,31.2507476,75.7051055,1.010,343.90
168.256,-2.72939,3.93607,8.30788,-0.04276,0.01955,0.55955,31.2507476,75.7051055,1.010,343.90
168.362,0.67516,2.69587,6.87615,0.30055,0.30910,0.78435,31.2507476,75.7051055,1.010,343.90
168.465,1.47004,3.01191,9.12670,0.27611,-0.08796,-0.03421,31.2507536,75.7051004,0.830,336.10
168.567,0.98162,5.11401,8.10198,0.63408,-0.51191,-0.80756,31.2507536,75.7051004,0.830,336.10
168.670,-0.22505,3.74932,12.16254,0.01100,0.28711,0.09896,31.2507536,75.7051004,0.830,336.10
168.774,-0.37828,3.64398,7.61835,0.31276,-0.27733,-0.27978,31.2507536,75.7051004,0.830,336.10
168.875,-0.56503,3.87861,9.36612,0.37141,0.50946,0.34941,31.2507536,75.7051004,0.830,336.10
168.979,-0.26815,3.86903,4.98952,0.88820,0.05742,0.82955,31.2507536,75.7051004,0.830,336.10
169.081,0.79487,2.19788,10.11790,-1.09589,-0.17715,1.41476,31.2507536,75.7051004,0.830,336.10
169.183,1.78129,1.62806,11.67413,-0.97983,0.44104,-0.02810,31.2507536,75.7051004,0.830,336.10
169.286,-0.79966,3.38061,9.10275,-0.20036,0.39706,0.07086,31.2507536,75.7051004,0.830,336.10
169.388,1.47004,3.54342,10.30943,0.24312,0.89919,0.56688,31.2507536,75.7051004,0.830,336.10
169.491,1.39821,4.57771,9.24162,0.07330,-0.63163,-0.06231,31.2507574,75.7050927,0.810,320.10
169.593,1.71904,4.08451,10.36689,-0.16616,-0.42638,-0.43127,31.2507574,75.7050927,0.810,320.10
169.695,0.44532,3.06458,12.59350,0.50213,0.43738,-1.15942,31.2507574,75.7050927,0.810,320.10
169.798,1.24498,1.17795,8.13550,0.18326,-0.99327,-0.66584,31.2507574,75.7050927,0.810,320.10
169.900,0.82839,1.71425,6.96713,0.45448,0.03176,-0.93340,31.2507574,75.7050927,0.810,320.10
170.002,-1.13006,2.02549,10.84573,0.67806,-0.28833,-0.52657,31.2507574,75.7050927,0.810,320.10
170.104,-1.43652,2.83473,8.52336,-0.14905,-0.50091,0.58154,31.2507574,75.7050927,0.810,320.10
170.205,-0.21548,2.51870,11.46823,-0.63774,0.16127,0.12950,31.2507574,75.7050927,0.810,320.10
170.308,-0.97205,3.09810,8.03015,-0.29077,0.57666,-0.21014,31.2507574,75.7050927,0.810,320.10
170.411,-0.48363,3.09810,7.52258,0.60231,0.86010,0.35430,31.2507574,75.7050927,0.810,320.10
170.514,0.97683,4.63996,8.61913,0.02810,0.17104,0.83566,31.2507628,75.7050825,1.210,308.00
170.617,4.17549,5.70778,12.35887,-0.12217,-0.80023,-0.04765,31.2507628,75.7050825,1.210,308.00
170.720,-0.52194,2.86347,11.31979,1.19730,0.38729,-0.92852,31.2507628,75.7050825,1.210,308.00
170.823,2.06380,2.17394,9.84017,0.17593,-0.10996,-1.08856,31.2507628,75.7050825,1.210,308.00
170.924,0.36392,1.78129,5.45399,-0.20647,-0.76236,-0.77336,31.2507628,75.7050825,1.210,308.00
171.027,0.81882,2.73897,8.93516,0.23213,0.19792,-1.08856,31.2507628,75.7050825,1.210,308.00
171.130,-1.10133,3.85466,12.05720,0.40561,-0.22969,0.22602,31.2507628,75.7050825,1.210,308.00
171.234,-0.88107,3.99832,9.61511,0.34697,-0.25290,0.47525,31.2507628,75.7050825,1.210,308.00
171.336,-0.41659,3.57215,8.35576,-0.01100,0.32009,0.12339,31.2507628,75.7050825,1.210,308.00
171.441,-0.30646,3.27048,8.20732,-0.45204,0.13073,-0.65363,31.2507709,75.7050715,1.240,308.80
171.543,0.13886,3.57215,7.12514,0.02321,0.08919,-0.41905,31.2507709,75.7050715,1.240,308.80
171.646,0.01915,5.33907,8.41323,0.19914,-0.48381,-0.27367,31.2507709,75.7050715,1.240,308.80
171.748,-0.27773,5.93283,10.42435,0.00367,-0.43860,-0.44838,31.2507709,75.7050715,1.240,308.80
171.850,1.40300,4.29999,10.46745,0.17959,-0.56200,-0.69761,31.2507709,75.7050715,1.240,308.80
171.954,1.09176,3.58173,9.35175,-0.00122,0.51068,-0.79046,31.2507709,75.7050715,1.240,308.80
172.057,0.41180,2.28407,6.62236,0.08796,-0.71227,-0.80756,31.2507709,75.7050715,1.240,308.80
172.160,0.28730,2.14999,8.45153,0.08063,-0.33353,-0.82833,31.2507709,75.7050715,1.240,308.80
172.262,-2.04944,3.82593,11.42513,-0.04154,0.14416,0.10263,31.2507709,75.7050715,1.240,308.80
172.365,-0.77093,3.57215,10.77870,-0.89919,-0.40073,1.18752,31.2507709,75.7050715,1.240,308.80
172.468,-0.17238,2.64320,8.73884,0.11729,-0.06475,-0.32620,31.2507798,75.7050617,1.280,326.40
172.570,-0.05267,3.26090,8.25521,0.11606,0.62064,-0.13806,31.2507798,75.7050617,1.280,326.40
172.672,-0.00479,3.93607,8.21211,0.46059,0.36285,0.08674,31.2507798,75.7050617,1.280,326.40
172.775,1.09654,4.54898,11.06121,-0.42150,-0.41905,0.11240,31.2507798,75.7050617,1.280,326.40
172.877,0.38786,4.70221,12.12424,-0.15149,0.31032,-0.67806,31.2507798,75.7050617,1.280,326.40
172.981,1.85790,3.47159,8.17859,0.10996,-0.38485,-0.86132,31.2507798,75.7050617,1.280,326.40
173.084,0.07661,2.38462,7.13951,-0.23213,-0.44349,-0.62919,31.2507798,75.7050617,1.280,326.40
173.186,0.40223,2.33674,6.96234,0.10140,0.14905,-0.53145,31.2507798,75.7050617,1.280,326.40
173.290,-1.72383,3.15556,11.11388,0.00367,-0.10140,-0.37996,31.2507798,75.7050617,1.280,326.40
173.393,-1.90100,2.16436,13.69962,-1.16431,0.04887,1.17897,31.2507798,75.7050617,1.280,326.40
173.494,-0.67516,2.28407,8.87770,0.21991,-0.05864,-0.21014,31.2507897,75.7050570,1.160,344.30
173.597,-1.55623,2.87783,6.32069,0.01955,0.35552,0.03787,31.2507897,75.7050570,1.160,344.30
173.700,0.12929,2.85868,8.38928,-0.00733,0.41905,0.62797,31.2507897,75.7050570,1.160,344.30
173.802,0.20111,4.94642,10.70208,0.12706,0.09896,0.22358,31.2507897,75.7050570,1.160,344.30
173.905,0.58897,6.05733,10.20888,0.15760,-1.07512,-0.37996,31.2507897,75.7050570,1.160,344.30
174.008,0.94332,2.92571,10.79785,0.56933,-0.60231,-0.31032,31.2507897,75.7050570,1.160,344.30
174.110,0.82839,2.95444,7.72848,0.38362,0.21258,-0.57666,31.2507897,75.7050570,1.160,344.30
174.212,-0.32561,2.82995,7.34541,-0.08308,-0.37996,-0.30543,31.2507897,75.7050570,1.160,344.30
174.315,0.38786,3.32794,8.79151,0.56322,-0.28955,-0.18448,31.2507897,75.7050570,1.160,344.30
174.418,-0.99599,3.28963,10.44830,-0.14905,0.56810,0.70372,31.2507897,75.7050570,1.160,344.30
174.521,0.26336,3.88818,9.50498,-0.73059,0.28100,0.70372,31.2508005,75.7050540,1.170,352.30
174.623,0.03352,3.28006,8.94474,-0.61575,0.33475,0.12095,31.2508005,75.7050540,1.170,352.30
174.725,-0.91937,2.79164,7.69975,0.07208,0.05253,0.07697,31.2508005,75.7050540,1.170,352.30
174.829,-0.84276,3.42850,7.18739,-0.00611,0.05376,0.50824,31.2508005,75.7050540,1.170,352.30
174.931,0.56982,4.21858,11.64061,-0.24312,-0.02199,0.02321,31.2508005,75.7050540,1.170,352.30
175.032,-1.04866,4.20901,13.61822,-0.28711,0.58277,-0.10751,31.2508005,75.7050540,1.170,352.30
175.136,0.65122,2.81079,8.06367,0.19670,-0.70372,-0.36652,31.2508005,75.7050540,1.170,352.30
175.238,0.67038,2.36068,7.59920,0.06720,-0.45693,-0.18570,31.2508005,75.7050540,1.170,352.30
175.341,0.43096,3.13640,7.03895,0.17837,0.10996,-0.54123,31.2508005,75.7050540,1.170,352.30
175.442,-1.14922,3.27527,9.07881,0.44838,-0.05253,-0.58887,31.2508005,75.7050540,1.170,352.30
175.545,-0.30646,3.50511,9.58160,-0.08063,-0.31521,0.35552,31.2508096,75.7050503,1.160,354.10
175.646,-0.19632,3.05979,10.14184,-0.33598,-0.08430,0.48503,31.2508096,75.7050503,1.160,354.10
175.749,-0.58897,2.14520,8.04931,-0.60598,0.21991,0.30910,31.2508096,75.7050503,1.160,354.10
175.855,-0.14365,2.47560,7.20655,-0.06475,0.31276,-0.00489,31.2508096,75.7050503,1.160,354.10
175.959,0.10534,3.77805,9.77313,0.20403,0.13928,0.42638,31.2508096,75.7050503,1.160,354.10
176.064,1.22104,4.22816,12.64139,0.09041,-0.17349,0.08674,31.2508096,75.7050503,1.160,354.10
176.166,0.06225,3.18908,15.06432,0.41172,1.13621,-0.50824,31.2508096,75.7050503,1.160,354.10
176.273,1.25935,2.50912,8.48026,0.14294,-0.28344,-0.80634,31.2508096,75.7050503,1.160,354.10
176.377,-0.02394,1.66158,6.11000,-0.16738,-0.93951,-0.71349,31.2508096,75.7050503,1.160,354.10
176.480,0.78530,2.01592,9.73482,-0.29688,-0.59376,-0.73670,31.2508197,75.7050472,1.220,354.50
176.584,-2.59053,3.65355,10.93671,0.31276,0.68783,-0.24312,31.2508197,75.7050472,1.220,354.50
176.688,0.05746,2.75812,12.93348,-1.06901,-0.02932,1.04947,31.2508197,75.7050472,1.220,354.50
176.796,-1.04387,2.24576,8.94953,0.64874,0.20892,-0.23457,31.2508197,75.7050472,1.220,354.50
176.900,-1.06781,2.49955,6.85699,-0.03176,-0.19181,0.30788,31.2508197,75.7050472,1.220,354.50
177.003,-0.83797,3.73974,7.23528,0.58154,0.72326,0.20403,31.2508197,75.7050472,1.220,354.50
177.107,0.90980,4.49152,10.30464,-0.36896,0.28100,0.43005,31.2508197,75.7050472,1.220,354.50
177.213,1.62327,5.03261,12.85686,-0.62675,0.47892,0.09407,31.2508197,75.7050472,1.220,354.50
177.316,1.61369,2.42293,8.59997,-0.29322,-0.57055,-0.40439,31.2508197,75.7050472,1.220,354.50
177.420,-0.22505,1.84832,7.29753,0.03787,-0.30543,-1.04091,31.2508197,75.7050472,1.220,354.50
177.524,-0.39744,2.49955,8.08282,0.02810,0.07941,-1.10200,31.2508310,75.7050437,1.180,352.60
177.626,-2.34153,3.91213,10.80743,0.60231,0.20281,-0.06720,31.2508310,75.7050437,1.180,352.60
177.729,-0.23463,3.41413,10.52491,-0.24435,-0.45815,1.25838,31.2508310,75.7050437,1.180,352.60
177.831,0.22505,2.80600,10.76433,-0.32254,0.03665,0.79901,31.2508310,75.7050437,1.180,352.60
177.937,0.29688,2.82995,7.59920,-0.28100,0.33231,-0.01344,31.2508310,75.7050437,1.180,352.60
178.040,0.52672,4.01268,7.54174,0.08552,0.43982,0.28100,31.2508310,75.7050437,1.180,352.60
178.142,0.55545,4.56814,9.63427,0.67562,-0.16616,0.17715,31.2508310,75.7050437,1.180,352.60
178.247,2.11169,4.80756,10.04128,0.32009,-0.76358,-0.19914,31.2508310,75.7050437,1.180,352.60
178.351,0.31603,2.94966,9.84496,0.58032,-0.52779,-0.43127,31.2508310,75.7050437,1.180,352.60
178.455,0.48363,3.12204,9.13148,0.26145,0.24435,-0.49358,31.2508434,75.7050415,1.240,355.20
178.557,0.10056,3.32315,7.27358,-0.15882,-0.49358,-0.56322,31.2508434,75.7050415,1.240,355.20
178.661,-0.16759,4.18028,9.08839,0.21502,-0.17715,-0.49114,31.2508434,75.7050415,1.240,355.20
178.764,-0.47884,4.40533,8.19296,-0.11973,-0.16738,0.24557,31.2508434,75.7050415,1.240,355.20
178.870,-1.16837,2.79164,13.41232,-0.37385,-0.41783,0.30910,31.2508434,75.7050415,1.240,355.20
178.975,-1.61848,3.47638,6.85699,-0.01710,-0.13806,-0.16860,31.2508434,75.7050415,1.240,355.20
179.079,0.24900,4.03184,7.69018,-0.07575,0.31276,0.33231,31.2508434,75.7050415,1.240,355.20
179.183,0.00479,5.30555,8.43238,0.11240,-0.05253,0.22969,31.2508434,75.7050415,1.240,355.20
179.287,0.38786,5.28640,11.62146,-0.03299,-0.36774,-0.05620,31.2508434,75.7050415,1.240,355.20
179.391,1.19710,4.37660,10.90319,0.33842,-0.17593,-0.29810,31.2508434,75.7050415,1.240,355.20
179.494,1.21625,3.70144,8.45153,0.27855,0.47037,-0.34086,31.2508557,75.7050397,1.200,0.70
179.596,0.82361,2.78206,6.28239,-0.01833,-0.49114,-0.11606,31.2508557,75.7050397,1.200,0.70
179.698,0.62728,2.82516,8.28873,-0.02321,0.08674,-0.06720,31.2508557,75.7050397,1.200,0.70
179.802,-0.97205,3.49075,11.03248,-0.10629,0.38485,0.51801,31.2508557,75.7050397,1.200,0.70
179.907,-0.17717,4.16112,10.51533,-0.94928,-0.02688,1.13987,31.2508557,75.7050397,1.200,0.70
180.011,0.14365,3.01669,9.95030,-0.13439,0.08796,0.06475,31.2508557,75.7050397,1.200,0.70
180.113,-0.43096,3.07894,7.37414,-0.11484,0.23457,0.14172,31.2508557,75.7050397,1.200,0.70
180.221,0.31125,3.49553,6.98149,0.13073,0.31887,0.47892,31.2508557,75.7050397,1.200,0.70
180.326,0.91459,4.03662,11.60230,-0.14050,-0.07208,0.16127,31.2508557,75.7050397,1.200,0.70
180.430,0.48842,5.00388,12.75152,-0.33842,0.26878,-0.34086,31.2508557,75.7050397,1.200,0.70
180.536,1.04387,3.03585,7.91044,0.47647,-0.51435,-0.60964,31.2508678,75.7050389,1.210,1.70
180.638,0.60334,2.52828,7.44118,0.39218,-0.13073,-0.26389,31.2508678,75.7050389,1.210,1.70
180.741,1.02951,2.74854,7.55610,-0.28466,0.00733,-0.06842,31.2508678,75.7050389,1.210,1.70
180.847,-0.35434,3.24654,10.27591,0.27122,0.00367,-0.17226,31.2508678,75.7050389,1.210,1.70
180.949,-0.99599,3.75890,10.14663,-0.32132,-0.32498,0.52534,31.2508678,75.7050389,1.210,1.70
181.054,0.03831,2.17872,11.58794,-0.36896,0.25779,0.27611,31.2508678,75.7050389,1.210,1.70
181.156,-0.85234,3.11725,6.73728,-0.14661,0.58399,0.10751,31.2508678,75.7050389,1.210,1.70
181.260,0.64165,3.08373,7.80510,-0.03176,0.20647,0.39706,31.2508678,75.7050389,1.210,1.70
181.365,0.56024,4.40533,10.08438,0.26878,0.24557,0.30299,31.2508678,75.7050389,1.210,1.70
181.470,1.11570,5.11401,11.67413,0.11118,-0.88942,-0.23579,31.2508800,75.7050379,1.160,359.90
181.572,0.64165,2.47560,9.26077,0.75014,-1.03481,-0.50457,31.2508800,75.7050379,1.160,359.90
181.674,0.94810,2.98796,9.12670,0.28588,0.97005,-0.40317,31.2508800,75.7050379,1.160,359.90
181.778,0.98162,2.39899,6.71334,-0.14661,-0.92363,-0.45815,31.2508800,75.7050379,1.160,359.90
181.883,1.03430,2.85389,9.14106,0.34453,-0.24068,-0.66706,31.2508800,75.7050379,1.160,359.90
181.987,-0.85712,3.15556,9.55765,-0.02199,-0.26023,0.47525,31.2508800,75.7050379,1.160,359.90
182.091,0.13886,2.83952,11.08037,-0.93829,-0.11118,0.94562,31.2508800,75.7050379,1.160,359.90
182.195,0.14844,3.22260,8.49942,-0.04154,0.53878,0.01222,31.2508800,75.7050379,1.160,359.90
182.301,0.35913,3.03585,7.41724,-0.37263,0.18692,0.28100,31.2508800,75.7050379,1.160,359.90
182.405,0.11971,4.20422,8.99262,0.16249,0.20647,0.30543,31.2508800,75.7050379,1.160,359.90
182.507,0.73741,4.41012,11.17134,0.24801,-0.10263,0.22358,31.2508915,75.7050365,1.160,358.70
182.609,0.35434,4.18506,12.64617,-0.41905,0.50824,0.11484,31.2508915,75.7050365,1.160,358.70
182.711,2.00634,3.04542,7.73327,0.17471,-0.29077,-0.36163,31.2508915,75.7050365,1.160,358.70
182.816,0.69432,2.61926,7.36935,0.21014,-0.08552,-0.22969,31.2508915,75.7050365,1.160,358.70
182.918,0.84755,2.83473,7.23528,0.02810,0.26389,-0.28222,31.2508915,75.7050365,1.160,358.70
183.022,-0.45969,3.66313,10.45308,0.00122,0.14294,-0.24557,31.2508915,75.7050365,1.160,358.70
183.125,-0.76136,4.56335,10.07480,-0.52657,-0.28222,0.75869,31.2508915,75.7050365,1.160,358.70
183.227,1.68552,2.30801,11.01812,-0.16005,-0.55833,0.16005,31.2508915,75.7050365,1.160,358.70
183.333,-0.17717,2.74854,6.66067,-0.13195,0.26634,-0.42150,31.2508915,75.7050365,1.160,358.70
183.437,0.77093,3.16513,7.28795,-0.04276,0.46670,-0.31765,31.2508915,75.7050365,1.160,358.70
183.540,0.74220,4.29520,9.51935,-0.07453,-0.19181,-0.12339,31.2509023,75.7050363,1.160,357.10
183.644,1.22583,4.70221,10.70687,0.02688,-0.88942,-0.53756,31.2509023,75.7050363,1.160,357.10
183.747,1.47962,2.45645,8.89207,0.51313,-0.77580,-1.14110,31.2509023,75.7050363,1.160,357.10
183.851,0.73741,2.58574,9.31344,0.21869,0.57544,-0.57788,31.2509023,75.7050363,1.160,357.10
183.957,0.72305,2.84910,6.70855,-0.16493,-0.57177,-0.61209,31.2509023,75.7050363,1.160,357.10
184.062,1.15879,2.52828,10.20888,0.16616,-0.91874,-0.57788,31.2509023,75.7050363,1.160,357.10
184.167,-0.54588,2.80600,8.90643,0.36530,0.37751,0.73548,31.2509023,75.7050363,1.160,357.10
184.272,2.03986,2.43730,11.89918,-0.28466,0.29322,0.46059,31.2509023,75.7050363,1.160,357.10
184.376,-0.05267,2.88741,8.03015,-0.22724,0.50457,0.01955,31.2509023,75.7050363,1.160,357.10
184.480,-0.08140,2.61447,7.35978,-0.19059,0.43249,0.19792,31.2509146,75.7050367,1.300,2.20
184.583,0.84276,3.46680,8.67180,0.21747,0.33842,0.30910,31.2509146,75.7050367,1.300,2.20
184.686,1.38385,4.16112,11.55921,-0.09163,-0.08063,0.24801,31.2509146,75.7050367,1.300,2.20
184.790,1.37906,3.40455,13.83849,-0.06475,0.17349,-0.19548,31.2509146,75.7050367,1.300,2.20
184.894,0.97205,3.28484,7.60877,0.34453,0.03787,-0.67562,31.2509146,75.7050367,1.300,2.20
184.997,0.53151,2.36547,6.18662,0.16738,-0.27489,-0.62553,31.2509146,75.7050367,1.300,2.20
185.099,0.92895,2.84431,8.52336,0.10751,0.24190,-0.46059,31.2509146,75.7050367,1.300,2.20
185.202,-1.90578,3.78284,10.05086,0.31154,0.25534,-0.21136,31.2509146,75.7050367,1.300,2.20
185.303,-0.69911,3.42371,9.80186,-0.36896,-0.42028,1.07390,31.2509146,75.7050367,1.300,2.20
185.409,0.00000,3.03106,9.96467,-0.31154,-0.01100,0.44715,31.2509146,75.7050367,1.300,2.20
185.511,-0.05746,3.11725,8.71011,-0.37385,0.28344,0.03543,31.2509266,75.7050387,1.190,8.60
185.613,-0.49799,3.46680,6.95276,0.27978,0.00244,-0.06475,31.2509266,75.7050387,1.190,8.60
185.715,-0.29688,4.12760,8.95910,0.43005,0.66951,0.42761,31.2509266,75.7050387,1.190,8.60
185.820,1.44610,4.03184,10.74039,-0.14783,-0.59865,0.26878,31.2509266,75.7050387,1.190,8.60
185.928,0.40223,4.07493,10.88883,-0.04276,0.35552,-0.20281,31.2509266,75.7050387,1.190,8.60
186.032,0.79009,3.12204,9.78271,-0.10629,0.63652,-0.38485,31.2509266,75.7050387,1.190,8.60
186.137,0.57461,2.64320,7.06289,-0.15272,-0.37263,-0.44471,31.2509266,75.7050387,1.190,8.60
186.240,-0.39744,2.67672,8.95431,0.30910,-0.13683,-0.50335,31.2509266,75.7050387,1.190,8.60
186.345,-2.09732,3.63919,10.55843,0.30421,0.18326,0.38729,31.2509266,75.7050387,1.190,8.60
186.449,-0.68474,3.18429,10.09395,-0.77824,0.27000,1.31825,31.2509381,75.7050413,1.180,11.90
186.551,-0.68953,2.64320,8.41801,0.00733,0.23579,0.33475,31.2509381,75.7050413,1.180,11.90
186.654,-1.46525,2.66714,7.54652,0.31765,0.38729,0.10629,31.2509381,75.7050413,1.180,11.90
186.757,0.86670,3.09810,5.64553,0.47647,-0.23457,0.22602,31.2509381,75.7050413,1.180,11.90
186.861,0.21548,4.98952,10.21845,-0.52901,0.31887,0.31643,31.2509381,75.7050413,1.180,11.90
186.965,0.46926,5.54497,12.98136,-0.39462,0.12828,-0.16371,31.2509381,75.7050413,1.180,11.90
187.067,0.79487,2.76770,8.96868,0.52779,-0.72204,-0.39340,31.2509381,75.7050413,1.180,11.90
187.171,0.05267,2.69108,8.02536,0.46426,-0.08552,-0.31154,31.2509381,75.7050413,1.180,11.90
187.275,0.19632,3.25133,6.46913,0.08552,0.11362,-0.19426,31.2509381,75.7050413,1.180,11.90
187.380,-1.30245,3.59130,8.95910,0.58643,0.14172,-0.36774,31.2509381,75.7050413,1.180,11.90
187.485,-1.24977,4.25689,9.38048,-0.07819,-0.01100,0.78313,31.2509498,75.7050424,1.140,7.10
187.589,0.34477,3.51948,10.96544,-0.30177,-0.06353,0.86621,31.2509498,75.7050424,1.140,7.10
187.694,-0.35913,3.32794,7.35020,-0.21502,0.32254,-0.01588,31.2509498,75.7050424,1.140,7.10
187.798,-0.26336,3.62003,6.68940,-0.06109,0.45937,0.22724,31.2509498,75.7050424,1.140,7.10
187.902,0.06225,4.82192,8.87291,0.14905,-0.11606,0.18570,31.2509498,75.7050424,1.140,7.10
188.006,-0.11971,5.12359,10.58716,0.04276,-0.33720,0.08186,31.2509498,75.7050424,1.140,7.10
188.108,1.30723,3.84988,12.75631,0.12217,0.58399,-0.48747,31.2509498,75.7050424,1.140,7.10
188.212,0.81403,3.28484,8.97347,-0.17471,-0.09163,-0.53267,31.2509498,75.7050424,1.140,7.10
188.317,-0.19632,2.70545,5.94720,-0.38851,-0.63652,-0.68539,31.2509498,75.7050424,1.140,7.10
188.421,-0.39744,3.28006,9.46667,0.11606,-0.20769,-0.84666,31.2509498,75.7050424,1.140,7.10
188.527,-1.87705,3.98395,10.62547,0.19181,0.63041,0.17226,31.2509610,75.7050413,1.180,2.50
188.629,0.69432,3.05500,11.10910,-0.81856,0.07208,1.11666,31.2509610,75.7050413,1.180,2.50
188.733,-0.52194,2.99275,9.39964,-0.16738,-0.62186,0.18326,31.2509610,75.7050413,1.180,2.50
188.838,-0.94332,2.87304,7.80989,-0.12828,0.27733,0.36285,31.2509610,75.7050413,1.180,2.50
188.942,-0.32561,3.37582,6.60800,0.16860,0.40195,0.45448,31.2509610,75.7050413,1.180,2.50
189.046,-0.11013,4.33351,10.14663,0.06964,0.51801,0.39951,31.2509610,75.7050413,1.180,2.50
189.150,1.25456,5.34386,11.12346,-0.32376,-0.52901,-0.08063,31.2509610,75.7050413,1.180,2.50
189.253,1.41737,2.37984,9.10275,0.42638,-0.67928,-0.28955,31.2509610,75.7050413,1.180,2.50
189.357,0.43096,1.79565,7.39329,0.42272,0.01955,-0.50457,31.2509610,75.7050413,1.180,2.50
189.462,0.97205,1.95846,7.01022,-0.27000,-0.14783,-0.46670,31.2509698,75.7050413,1.210,0.00
189.565,-0.51715,2.52349,9.63427,0.09652,-0.31398,-0.71838,31.2509698,75.7050413,1.210,0.00
189.667,-0.34955,2.98318,10.07959,-0.21014,-0.54245,0.32987,31.2509698,75.7050413,1.210,0.00
189.772,0.53151,1.88184,14.02523,-1.10078,0.25534,0.63897,31.2509698,75.7050413,1.210,0.00
189.878,-2.55701,3.15077,8.41801,0.30788,0.28588,-0.55344,31.2509698,75.7050413,1.210,0.00
189.983,-0.36871,2.71024,7.33583,0.22602,0.05376,0.49969,31.2509698,75.7050413,1.210,0.00
190.088,0.05746,3.45723,8.41801,0.50824,0.78802,0.85888,31.2509698,75.7050413,1.210,0.00
190.192,1.98240,4.32393,11.74595,-0.25534,-0.07697,0.60476,31.2509698,75.7050413,1.210,0.00
190.300,1.48919,3.62961,13.43147,0.61575,0.18570,-0.15516,31.2509698,75.7050413,1.210,0.00
190.404,1.25935,2.50912,8.84418,0.48503,0.32742,-0.25779,31.2509698,75.7050413,1.210,0.00
190.507,1.37906,1.72383,6.37336,-0.18326,-0.63774,-0.19670,31.2509815,75.7050414,1.200,357.20
190.610,-0.56503,2.11169,7.82425,-0.20159,0.37507,-0.36041,31.2509815,75.7050414,1.200,357.20
190.713,-2.21224,3.18908,11.09952,0.03665,-0.06475,0.14294,31.2509815,75.7050414,1.200,357.20
190.818,-0.64643,4.05578,9.48583,-0.62797,0.04398,1.46119,31.2509815,75.7050414,1.200,357.20
190.924,0.21548,2.14999,10.65420,0.85521,-0.65363,0.40073,31.2509815,75.7050414,1.200,357.20
191.028,-0.91459,2.77249,5.99029,0.25534,0.43860,0.63897,31.2509815,75.7050414,1.200,357.20
191.131,1.00078,3.02148,6.38773,0.09285,0.79412,0.72815,31.2509815,75.7050414,1.200,357.20
191.237,1.35991,4.00789,9.79228,-0.10629,-0.00611,0.55711,31.2509815,75.7050414,1.200,357.20
191.341,1.81002,4.82192,13.06276,-0.26267,0.33475,-0.00855,31.2509815,75.7050414,1.200,357.20
191.443,2.58574,2.13084,8.40844,0.44593,-1.43920,-0.59620,31.2509815,75.7050414,1.200,357.20
191.547,0.65122,2.32238,7.66623,0.57788,0.86987,-0.76603,31.2509919,75.7050396,1.070,348.70
191.649,0.97205,2.76291,5.52582,-0.11851,-0.13439,-0.75503,31.2509919,75.7050396,1.070,348.70
191.753,-1.26893,3.76368,10.03170,0.20525,0.22113,-0.17226,31.2509919,75.7050396,1.070,348.70
191.858,-0.41180,4.05099,9.73004,-0.03421,-0.03299,0.95784,31.2509919,75.7050396,1.070,348.70
191.963,0.63686,3.98395,10.13705,-0.67928,0.32009,1.40377,31.2509919,75.7050396,1.070,348.70
192.068,1.58017,2.54743,9.07402,-0.02443,0.00244,-0.39828,31.2509919,75.7050396,1.070,348.70
192.171,-0.65601,3.07416,6.36379,-0.10629,0.37629,0.18692,31.2509919,75.7050396,1.070,348.70
192.275,-0.06704,3.38061,5.96156,-0.07697,0.30543,0.41783,31.2509919,75.7050396,1.070,348.70
192.380,0.72305,4.15155,10.92235,-0.41539,-0.21014,0.07819,31.2509919,75.7050396,1.070,348.70
192.486,0.92416,4.00789,14.69561,-0.10263,1.17653,-0.25168,31.2510018,75.7050352,1.130,340.50
192.589,1.39343,2.87304,9.22725,0.20403,-0.61820,-0.69639,31.2510018,75.7050352,1.130,340.50
192.694,-0.39744,2.04944,7.42681,0.12950,-0.39095,-0.21747,31.2510018,75.7050352,1.130,340.50
192.799,0.40223,1.84832,6.09085,-0.14294,-0.47403,-0.19303,31.2510018,75.7050352,1.130,340.50
192.904,-0.80924,2.50433,9.44273,0.19670,0.10385,0.02443,31.2510018,75.7050352,1.130,340.50
193.008,0.71347,3.89297,10.19930,-0.53756,-0.32742,0.80634,31.2510018,75.7050352,1.130,340.50
193.112,-0.76614,3.39019,11.22402,-0.24068,-0.17226,0.58277,31.2510018,75.7050352,1.130,340.50
193.220,-2.17872,2.88262,9.01178,-0.19059,0.65363,0.56566,31.2510018,75.7050352,1.130,340.50
193.325,-1.08697,2.57137,6.37336,0.67806,0.53756,0.87109,31.2510018,75.7050352,1.130,340.50
193.430,-0.11971,2.98318,9.04529,0.20281,1.06779,1.11177,31.2510018,75.7050352,1.130,340.50
193.536,1.98719,4.54419,11.19529,-0.45082,-0.86254,0.45204,31.2510113,75.7050293,1.110,331.30
193.639,1.12527,3.39977,11.54484,0.57299,-0.51801,-0.27122,31.2510113,75.7050293,1.110,331.30
193.743,0.64643,2.74854,9.00220,0.55833,0.51679,-0.23335,31.2510113,75.7050293,1.110,331.30
193.847,0.68474,2.46124,5.34386,-0.21258,-0.51801,-0.08919,31.2510113,75.7050293,1.110,331.30
193.953,-0.10056,3.03585,9.49540,0.88087,-0.26267,-0.33842,31.2510113,75.7050293,1.110,331.30
194.057,-1.12527,4.05099,10.23761,0.15027,0.74037,0.97861,31.2510113,75.7050293,1.110,331.30
194.160,1.13006,3.03106,12.23437,-0.75869,0.51068,1.29137,31.2510113,75.7050293,1.110,331.30
194.265,-0.87149,3.04542,8.90643,-0.14783,0.09896,0.43005,31.2510113,75.7050293,1.110,331.30
194.368,-0.31125,2.57616,5.73172,0.13073,0.35675,1.04580,31.2510113,75.7050293,1.110,331.30
194.472,0.54109,3.62482,8.02536,-0.07330,0.72937,1.01526,31.2510175,75.7050212,1.100,305.20
194.573,2.57616,4.45322,12.90475,-0.66829,-0.07453,0.48381,31.2510175,75.7050212,1.100,305.20
194.676,1.59454,4.68306,11.45386,0.53390,-0.16616,-0.75625,31.2510175,75.7050212,1.100,305.20
194.782,0.74220,3.19865,10.28070,0.37507,0.38485,-0.41661,31.2510175,75.7050212,1.100,305.20
194.886,0.65122,2.30801,6.82826,0.23702,-0.88698,-0.42272,31.2510175,75.7050212,1.100,305.20
194.990,-0.16759,2.38941,7.48906,0.15516,0.08063,-0.28466,31.2510175,75.7050212,1.100,305.20
195.092,-1.17795,3.19865,9.53371,0.19670,0.24312,0.02688,31.2510175,75.7050212,1.100,305.20
195.197,-0.50757,3.88818,11.76990,-0.82222,0.30177,1.04947,31.2510175,75.7050212,1.100,305.20
195.300,0.09098,2.54743,10.74039,-0.41661,0.44471,0.20403,31.2510175,75.7050212,1.100,305.20
195.404,-0.69432,2.74854,8.20253,-0.33720,0.29322,0.41172,31.2510175,75.7050212,1.100,305.20
195.509,0.19632,3.83551,6.91445,0.02077,0.48747,0.78191,31.2510205,75.7050083,1.280,283.70
195.611,1.80044,3.97437,11.74595,-0.05376,-0.14416,0.60476,31.2510205,75.7050083,1.280,283.70
195.715,1.67594,3.22738,13.91031,-0.09896,-0.15760,-0.32987,31.2510205,75.7050083,1.280,283.70
195.817,0.54109,2.48518,7.92002,0.49358,-0.27122,-0.67317,31.2510205,75.7050083,1.280,283.70
195.922,0.84276,1.88184,6.35421,0.07086,-0.49847,-0.45693,31.2510205,75.7050083,1.280,283.70
196.026,-0.16759,2.66714,7.47949,0.00244,0.32742,-0.25534,31.2510205,75.7050083,1.280,283.70
196.133,-1.02951,2.93529,10.52970,0.35919,0.53267,0.22969,31.2510205,75.7050083,1.280,283.70
196.240,0.37828,2.70545,11.00854,-0.84299,-0.12950,1.29870,31.2510205,75.7050083,1.280,283.70
196.343,0.24900,2.47082,10.23282,-0.10629,0.04154,-0.46059,31.2510205,75.7050083,1.280,283.70
196.447,-0.61292,2.43251,6.14352,0.07941,0.40806,-0.06597,31.2510223,75.7049954,1.300,275.20
196.550,-0.07183,3.12683,6.92403,0.17104,0.76725,0.15882,31.2510223,75.7049954,1.300,275.20
196.653,0.34477,5.04219,10.63026,0.02932,-0.49114,0.35552,31.2510223,75.7049954,1.300,275.20
196.757,1.50835,4.54898,13.06276,-0.76847,-0.11973,0.14539,31.2510223,75.7049954,1.300,275.20
196.859,1.01035,2.55701,8.14986,0.46548,-0.80756,-0.80268,31.2510223,75.7049954,1.300,275.20
196.964,1.30723,2.31280,7.98706,0.19303,-0.06964,-0.67440,31.2510223,75.7049954,1.300,275.20
197.068,0.62728,3.00233,6.70855,0.24679,-0.24190,-0.55222,31.2510223,75.7049954,1.300,275.20
197.174,-0.35913,3.05979,11.67892,0.07819,0.33964,-0.06964,31.2510223,75.7049954,1.300,275.20
197.278,-0.74220,3.62482,10.45308,-0.43005,0.23213,1.21929,31.2510223,75.7049954,1.300,275.20
197.382,1.13964,2.57137,10.10353,-0.08919,-0.29688,0.76236,31.2510223,75.7049954,1.300,275.20
197.486,-0.01437,3.12683,7.54652,-0.16127,0.24801,0.26389,31.2510264,75.7049817,1.250,275.40
197.589,0.84755,3.30400,6.95755,0.04398,0.35919,0.74281,31.2510264,75.7049817,1.250,275.40
197.692,2.19788,4.56335,9.18416,0.90042,0.42516,0.13439,31.2510264,75.7049817,1.250,275.40
197.797,2.82995,5.25288,10.63504,-0.73548,-0.19181,0.08919,31.2510264,75.7049817,1.250,275.40
197.901,0.58419,3.38061,10.13705,0.37385,-0.59498,-0.77824,31.2510264,75.7049817,1.250,275.40
198.005,1.03430,2.59053,7.30710,-0.07941,-0.17471,-0.06842,31.2510264,75.7049817,1.250,275.40
198.108,0.74220,2.56658,6.90967,0.15760,-0.19426,-0.24068,31.2510264,75.7049817,1.250,275.40
198.212,0.64165,3.34709,9.29908,0.13928,0.00855,-0.16616,31.2510264,75.7049817,1.250,275.40
198.319,-0.74220,4.03184,9.64863,-0.15516,0.29566,0.75869,31.2510264,75.7049817,1.250,275.40
198.423,1.19231,2.46603,12.65096,-0.63530,0.50213,1.00426,31.2510264,75.7049817,1.250,275.40
198.527,0.61770,2.74376,6.49786,-0.33353,-0.29199,0.18448,31.2510283,75.7049693,1.200,271.30
198.630,1.90578,2.99754,7.26401,0.22113,0.56688,-0.01588,31.2510283,75.7049693,1.200,271.30
198.733,1.86748,4.53462,8.68616,0.24435,-0.11973,0.19181,31.2510283,75.7049693,1.200,271.30
198.837,2.48039,5.22894,12.28704,-0.14661,-0.74770,-0.35064,31.2510283,75.7049693,1.200,271.30
198.943,1.01035,3.16035,11.57836,0.73426,-0.59865,-0.80756,31.2510283,75.7049693,1.200,271.30
199.048,1.11091,2.25055,7.69018,0.12095,0.27489,-0.38118,31.2510283,75.7049693,1.200,271.30
199.153,0.54109,1.94888,6.45956,0.21869,-0.26756,-0.64996,31.2510283,75.7049693,1.200,271.30
199.258,-0.67995,3.10289,8.71968,0.14294,-0.03176,-0.11729,31.2510283,75.7049693,1.200,271.30
199.362,-0.81882,4.01268,9.81144,-0.19914,0.28588,0.66706,31.2510283,75.7049693,1.200,271.30
199.466,1.40779,3.12683,11.22402,-1.15209,0.28466,0.88209,31.2510288,75.7049557,1.270,269.70
199.568,0.61770,3.26090,8.65265,-0.14905,0.01466,-0.42028,31.2510288,75.7049557,1.270,269.70
199.671,0.59376,3.03106,7.30710,0.08308,0.33598,0.08919,31.2510288,75.7049557,1.270,269.70
199.775,1.22583,3.91213,8.64786,0.31643,0.01955,0.45815,31.2510288,75.7049557,1.270,269.70
199.879,2.05422,4.48673,11.51611,-0.15272,-0.60476,-0.16249,31.2510288,75.7049557,1.270,269.70
199.984,1.70467,3.82115,13.36922,0.20769,-0.02443,-0.37996,31.2510288,75.7049557,1.270,269.70
200.091,1.43652,3.34231,8.63349,0.02932,0.50824,-0.24923,31.2510288,75.7049557,1.270,269.70
200.196,0.85712,2.60010,5.65989,-0.05131,-0.68539,-0.46548,31.2510288,75.7049557,1.270,269.70
200.299,0.27773,3.46680,9.00699,0.20647,0.03665,-0.30665,31.2510288,75.7049557,1.270,269.70
200.406,0.32082,3.12683,10.61589,0.10018,0.19670,0.62553,31.2510288,75.7049557,1.270,269.70
200.510,1.58017,3.45244,11.42513,-0.58032,0.02566,0.81734,31.2510293,75.7049418,1.220,268.70
200.613,0.35434,2.97360,9.17937,0.06720,0.23824,-0.40806,31.2510293,75.7049418,1.220,268.70
200.715,-0.74220,2.96881,5.81791,-0.18692,0.13439,0.05620,31.2510293,75.7049418,1.220,268.70
200.819,0.64165,3.70144,8.24563,0.21136,0.28588,0.58887,31.2510293,75.7049418,1.220,268.70
200.925,1.87705,4.48195,10.58237,-0.25168,0.08186,0.14416,31.2510293,75.7049418,1.220,268.70
201.027,1.54665,3.79242,12.77067,-0.56933,0.37629,-0.21747,31.2510293,75.7049418,1.220,268.70
201.131,1.06303,3.52905,7.11557,-0.06353,-0.18692,-0.45693,31.2510293,75.7049418,1.220,268.70
201.234,1.00556,2.26013,9.00220,0.07208,-0.22480,-0.33353,31.2510293,75.7049418,1.220,268.70
201.338,0.41180,3.02148,8.37492,0.33353,0.22846,-0.41050,31.2510293,75.7049418,1.220,268.70
201.443,-0.95768,3.23696,11.38204,0.48747,0.08919,0.06475,31.2510293,75.7049418,1.220,268.70
201.546,0.58897,3.29921,9.89284,-0.60964,0.21869,0.78802,31.2510298,75.7049283,1.200,268.70
201.649,-0.00958,2.73418,9.65821,-0.00244,-0.26389,-0.04032,31.2510298,75.7049283,1.200,268.70
201.752,-0.64643,2.66714,5.56412,-0.60598,0.24190,0.15149,31.2510298,75.7049283,1.200,268.70
201.856,0.61292,3.24175,8.46111,0.04887,0.25290,0.12462,31.2510298,75.7049283,1.200,268.70
201.960,0.55067,4.71179,10.13226,0.05498,0.01955,0.25901,31.2510298,75.7049283,1.200,268.70
202.064,0.66559,4.81235,12.16254,-0.24801,0.29688,-0.07453,31.2510298,75.7049283,1.200,268.70
202.169,1.22104,2.37984,8.73884,0.21991,-0.91141,-0.46304,31.2510298,75.7049283,1.200,268.70
202.273,0.89064,2.49955,9.01656,0.04643,0.58277,-0.46792,31.2510298,75.7049283,1.200,268.70
202.378,0.20590,2.74854,6.62236,0.12828,-0.31887,-0.56810,31.2510298,75.7049283,1.200,268.70
202.481,-0.40701,3.17950,9.93594,0.62064,-0.15027,-0.33598,31.2510294,75.7049151,1.190,267.70
202.583,-0.75178,3.42850,9.44752,0.28588,-0.37018,0.46914,31.2510294,75.7049151,1.190,267.70
202.686,0.21069,2.87783,11.09473,-0.66951,0.02810,0.75992,31.2510294,75.7049151,1.190,267.70
202.790,-0.39265,2.73418,8.04931,-0.04276,0.00733,-0.09163,31.2510294,75.7049151,1.190,267.70
202.895,-0.29209,3.11246,7.08205,-0.31276,0.32132,0.27367,31.2510294,75.7049151,1.190,267.70
202.998,0.80445,3.77805,8.59997,0.11973,0.20159,0.21258,31.2510294,75.7049151,1.190,267.70
203.101,0.60813,4.61123,11.85609,0.08063,-0.13317,0.03910,31.2510294,75.7049151,1.190,267.70
203.205,1.49398,3.61046,12.18170,-0.08674,0.17226,-0.13195,31.2510294,75.7049151,1.190,267.70
203.313,1.91057,3.05979,8.46111,-0.01466,0.20769,-0.39584,31.2510294,75.7049151,1.190,267.70
203.418,0.64643,2.14520,7.43160,0.02932,-0.70127,-0.56322,31.2510294,75.7049151,1.190,267.70
203.521,0.26815,2.68151,8.80109,0.17837,0.16860,-0.37263,31.2510292,75.7049013,1.210,267.80
203.624,-1.47962,3.24654,11.89439,0.19670,0.10873,0.11118,31.2510292,75.7049013,1.210,267.80
203.726,-0.22027,2.90177,10.22803,-0.86499,0.13561,0.98227,31.2510292,75.7049013,1.210,267.80
203.831,0.86191,2.63841,9.41400,-0.02077,-0.22480,-0.31398,31.2510292,75.7049013,1.210,267.80
203.938,-1.16837,2.99275,6.61757,-0.01588,0.06597,-0.23335,31.2510292,75.7049013,1.210,267.80
204.042,-0.49799,3.65355,7.39329,0.26512,0.42883,0.14416,31.2510292,75.7049013,1.210,267.80
204.150,1.35033,4.14676,11.16177,-0.16982,-0.17104,0.18570,31.2510292,75.7049013,1.210,267.80
204.253,0.30167,4.63996,10.84095,-0.24068,0.34941,-0.14661,31.2510292,75.7049013,1.210,267.80
204.358,1.54665,2.44209,7.50822,0.03665,-0.54611,0.02077,31.2510292,75.7049013,1.210,267.80
204.462,0.82839,1.88663,7.64229,-0.10751,-0.17226,-0.35675,31.2510307,75.7048884,1.200,272.10
204.566,0.34477,2.25534,7.74764,-0.07208,0.16249,-0.52412,31.2510307,75.7048884,1.200,272.10
204.668,-1.37906,3.03106,10.86489,0.27855,0.03665,-0.14172,31.2510307,75.7048884,1.200,272.10
204.773,-0.51236,3.33752,10.54406,-0.51191,-0.27367,0.71227,31.2510307,75.7048884,1.200,272.10
204.877,-0.45011,2.41814,11.24796,0.07575,-0.32376,0.15638,31.2510307,75.7048884,1.200,272.10
204.985,-1.07260,2.58574,6.15789,-0.27855,0.63774,0.42516,31.2510307,75.7048884,1.200,272.10
205.088,0.17717,2.26491,7.42203,-0.06964,0.13073,0.54123,31.2510307,75.7048884,1.200,272.10
205.196,0.67516,3.88340,9.71088,-0.03910,-0.10629,0.34575,31.2510307,75.7048884,1.200,272.10
205.302,1.38385,4.82671,11.46344,-0.01710,-0.59376,-0.15882,31.2510307,75.7048884,1.200,272.10
205.404,1.36948,2.06380,13.04361,0.33598,-0.16127,-0.06109,31.2510307,75.7048884,1.200,272.10
205.508,0.86670,2.06380,8.91601,0.23824,0.79901,-0.65118,31.2510312,75.7048750,1.180,272.20
205.611,0.94810,1.96803,7.44118,-0.10507,-0.80634,-0.53512,31.2510312,75.7048750,1.180,272.20
205.717,-0.32561,3.03585,8.17859,0.42028,0.13561,-0.64263,31.2510312,75.7048750,1.180,272.20
205.821,-0.57940,2.85868,11.84172,0.48869,0.18448,0.34331,31.2510312,75.7048750,1.180,272.20
205.924,-0.01437,2.20745,11.99016,-0.75381,0.45204,0.86376,31.2510312,75.7048750,1.180,272.20
206.029,-0.85712,2.10211,7.55131,0.05742,0.12339,-0.26023,31.2510312,75.7048750,1.180,272.20
206.133,-0.08619,2.35111,6.91924,-0.48747,0.36896,0.21991,31.2510312,75.7048750,1.180,272.20
206.237,-0.32082,3.61046,7.91523,0.12706,0.39095,0.25168,31.2510312,75.7048750,1.180,272.20
206.341,0.45490,4.10845,11.01333,0.06964,-0.17226,0.43982,31.2510312,75.7048750,1.180,272.20
206.445,0.39744,3.71101,12.57914,-0.25045,0.43494,0.02932,31.2510310,75.7048618,1.190,271.40
206.547,1.24020,2.57616,7.33105,0.06231,-0.50580,-0.28711,31.2510310,75.7048618,1.190,271.40
206.650,0.44053,2.11169,8.20732,0.12462,-0.43371,-0.55711,31.2510310,75.7048618,1.190,271.40
206.752,0.62728,2.93050,7.43160,-0.24068,-0.23702,-0.36163,31.2510310,75.7048618,1.190,271.40
206.856,-0.94810,2.97360,10.86968,0.32132,0.24801,-0.31643,31.2510310,75.7048618,1.190,271.40
206.960,-0.75657,2.95444,8.35098,0.23946,-0.21869,0.47770,31.2510310,75.7048618,1.190,271.40
207.062,0.44532,1.69509,12.14339,-0.48258,-0.20159,0.35064,31.2510310,75.7048618,1.190,271.40
207.164,-1.48919,2.45645,7.55610,-0.23946,0.27367,-0.07575,31.2510310,75.7048618,1.190,271.40
207.272,-0.23463,2.51391,8.87770,-0.14661,-0.14416,0.14050,31.2510310,75.7048618,1.190,271.40
207.375,0.05267,3.88340,9.04529,0.17104,-0.05009,0.18082,31.2510310,75.7048618,1.190,271.40
207.478,0.28252,4.07014,11.53526,0.48136,-0.19548,-0.26878,31.2510302,75.7048498,1.210,270.40
207.581,1.08218,2.97360,13.18247,0.15272,0.37629,-0.05498,31.2510302,75.7048498,1.210,270.40
207.687,1.06303,2.59053,9.11712,0.28588,0.79168,-0.52779,31.2510302,75.7048498,1.210,270.40
207.791,0.58419,2.30322,7.31189,-0.23213,-0.86865,-0.25901,31.2510302,75.7048498,1.210,270.40
207.893,0.45969,2.35589,8.71968,0.39951,0.17471,-0.13928,31.2510302,75.7048498,1.210,270.40
207.997,-1.45089,2.60010,11.03727,0.31521,0.43371,0.40561,31.2510302,75.7048498,1.210,270.40
208.102,0.34955,2.42772,11.20008,-1.33046,0.76358,1.14476,31.2510302,75.7048498,1.210,270.40
208.205,-1.19710,3.07894,9.81144,0.53267,-0.33598,-0.64752,31.2510302,75.7048498,1.210,270.40
208.309,0.21548,2.87783,7.43639,-0.21136,0.11240,0.33842,31.2510302,75.7048498,1.210,270.40
208.413,0.95289,3.59130,6.15789,-0.02688,-0.02810,0.38240,31.2510302,75.7048498,1.210,270.40
208.516,1.38864,3.97916,9.36612,-0.16493,0.11484,0.00000,31.2510308,75.7048370,1.190,270.70
208.620,0.71347,4.31914,10.48660,-0.37385,-0.59987,-0.45815,31.2510308,75.7048370,1.190,270.70
208.722,0.78530,2.59531,9.06924,-0.02077,-0.74403,-0.53512,31.2510308,75.7048370,1.190,270.70
208.825,0.46926,2.12605,9.53850,0.09163,0.45204,-0.43371,31.2510308,75.7048370,1.190,270.70
208.929,0.48363,2.09732,6.43561,0.10629,-0.10629,-0.50824,31.2510308,75.7048370,1.190,270.70
209.034,-0.55545,2.36068,10.77391,0.33598,0.43738,-0.24435,31.2510308,75.7048370,1.190,270.70
209.138,-0.49799,3.01669,9.54329,-0.21502,-0.57544,0.61942,31.2510308,75.7048370,1.190,270.70
209.243,0.61292,2.63841,13.68047,-0.49724,-0.07086,0.67928,31.2510308,75.7048370,1.190,270.70
209.348,-1.26414,2.81558,8.38928,0.54978,0.47403,0.04643,31.2510308,75.7048370,1.190,270.70
209.452,0.60334,2.10690,7.29753,0.06720,0.03421,0.41050,31.2510307,75.7048247,1.190,269.90
209.554,0.27773,3.28006,8.64307,0.30543,0.33720,0.31032,31.2510307,75.7048247,1.190,269.90
209.657,1.28808,4.04141,11.30542,-0.10873,-0.33109,-0.11118,31.2510307,75.7048247,1.190,269.90
209.758,1.42216,3.68228,11.81299,-0.08674,0.31154,-0.38118,31.2510307,75.7048247,1.190,269.90
209.861,0.55067,3.04064,10.14184,0.17715,0.13317,-0.39706,31.2510307,75.7048247,1.190,269.90
209.964,0.82839,2.11647,7.68060,0.07697,-0.84299,-0.12828,31.2510307,75.7048247,1.190,269.90
210.068,0.57461,2.40378,8.54251,-0.01710,0.20769,-0.40073,31.2510307,75.7048247,1.190,269.90
210.170,-1.58975,3.71101,9.58160,0.46059,0.56077,-0.23579,31.2510307,75.7048247,1.190,269.90
210.274,0.04788,3.44286,12.04283,-1.08001,-0.46914,1.15576,31.2510307,75.7048247,1.190,269.90
210.377,-0.08140,2.19309,10.19930,0.15760,-0.12339,0.51191,31.2510307,75.7048247,1.190,269.90
210.479,0.49799,1.97282,6.32548,-0.00733,0.34697,0.27611,31.2510308,75.7048113,1.210,269.70
210.581,0.77093,2.74854,7.25922,0.21625,0.50091,0.09652,31.2510308,75.7048113,1.210,269.70
210.684,0.14844,4.48673,8.69095,0.24190,0.25168,0.33598,31.2510308,75.7048113,1.210,269.70
210.784,2.33674,4.51546,12.33014,0.07819,-0.58032,-0.00733,31.2510308,75.7048113,1.210,269.70
210.888,1.53708,3.32315,12.06199,0.37385,-0.05498,-0.48014,31.2510308,75.7048113,1.210,269.70
210.994,0.99599,2.42293,8.64786,-0.01710,0.28466,-0.15638,31.2510308,75.7048113,1.210,269.70
211.097,1.26893,2.42293,5.88016,-0.10996,-0.36041,-0.67562,31.2510308,75.7048113,1.210,269.70
211.201,0.95289,2.70545,10.04128,0.24190,-0.43738,-0.87965,31.2510308,75.7048113,1.210,269.70
211.308,0.46448,3.13640,9.82102,0.08919,-0.01710,0.34086,31.2510308,75.7048113,1.210,269.70
211.412,1.83875,2.05901,13.63737,-1.08490,-0.13928,0.77946,31.2510308,75.7048113,1.210,269.70
211.518,-0.44053,1.99676,8.86333,0.23091,-0.50091,-0.65485,31.2510304,75.7047980,1.250,269.80
211.623,-0.12450,2.50912,7.06768,-0.31276,0.15272,0.04643,31.2510304,75.7047980,1.250,269.80
211.725,1.29766,3.15556,7.11078,-0.01588,0.37996,0.13683,31.2510304,75.7047980,1.250,269.80
211.829,1.28329,3.91213,12.31577,-0.18815,0.18937,-0.07453,31.2510304,75.7047980,1.250,269.80
211.934,1.84832,3.49075,13.03882,-0.38607,0.39951,-0.10018,31.2510304,75.7047980,1.250,269.80
212.038,2.01113,2.69108,8.32224,0.10140,-0.15272,-0.66340,31.2510304,75.7047980,1.250,269.80
212.142,0.69432,2.02549,7.18261,0.32498,-0.29566,-0.57299,31.2510304,75.7047980,1.250,269.80
212.247,1.23541,2.12605,8.97347,0.16616,0.00977,-0.55222,31.2510304,75.7047980,1.250,269.80
212.350,-0.98162,2.39899,12.14339,0.23702,0.43738,0.03299,31.2510304,75.7047980,1.250,269.80
212.453,-0.18675,3.77326,8.10198,-0.48991,-0.28833,0.72937,31.2510310,75.7047848,1.250,275.40
212.555,0.55067,2.01113,11.32936,-0.24190,-0.50824,-0.12950,31.2510310,75.7047848,1.250,275.40
212.659,-1.88184,2.76291,7.20176,-0.01466,0.37996,0.02688,31.2510310,75.7047848,1.250,275.40
212.763,-0.43096,2.61447,7.45076,-0.02932,-0.03787,0.46670,31.2510310,75.7047848,1.250,275.40
212.868,1.44131,3.76368,8.53772,0.15394,0.03299,0.58032,31.2510310,75.7047848,1.250,275.40
212.974,2.80600,5.07571,12.44506,0.06475,-0.46181,-0.18082,31.2510310,75.7047848,1.250,275.40
213.077,1.36948,2.88262,11.35809,0.47403,-0.30543,-0.37751,31.2510310,75.7047848,1.250,275.40
213.182,1.03430,1.90100,9.13627,0.17715,0.34575,-0.34697,31.2510310,75.7047848,1.250,275.40
213.287,0.52194,2.10690,5.62159,-0.07941,-0.31154,-0.44349,31.2510310,75.7047848,1.250,275.40
213.392,0.22027,2.39899,10.29028,0.19792,0.03787,-0.49480,31.2510310,75.7047848,1.250,275.40
213.499,-1.34075,2.79164,10.67335,0.24557,0.20647,0.63163,31.2510333,75.7047713,1.200,277.80
213.601,1.08218,1.82917,13.36922,-0.96761,0.22602,1.35734,31.2510333,75.7047713,1.200,277.80
213.706,-0.21548,2.37984,7.83862,0.19670,-0.21014,-0.05620,31.2510333,75.7047713,1.200,277.80
213.810,0.74220,2.54743,7.63272,-0.17593,0.47892,0.36896,31.2510333,75.7047713,1.200,277.80
213.915,1.03430,3.24175,8.58082,-0.05986,0.18082,0.39218,31.2510333,75.7047713,1.200,277.80
214.018,1.17795,4.45800,10.87446,-0.31276,0.14905,0.26512,31.2510333,75.7047713,1.200,277.80
214.122,2.07338,4.09887,13.27824,-0.00244,0.11240,-0.07941,31.2510333,75.7047713,1.200,277.80
214.227,1.58496,2.06859,8.76278,0.64385,-0.30543,-0.50091,31.2510333,75.7047713,1.200,277.80
214.333,0.84276,1.78129,6.95755,0.04887,-0.48136,-0.32132,31.2510333,75.7047713,1.200,277.80
214.438,0.79966,2.44209,7.23049,0.12095,0.30665,-0.48258,31.2510333,75.7047713,1.200,277.80
214.541,-0.94810,2.74376,8.56167,0.32376,0.00489,-0.37263,31.2510345,75.7047591,1.180,276.80
214.644,-0.54588,3.30879,10.13226,-0.37385,-0.16127,0.40195,31.2510345,75.7047591,1.180,276.80
214.746,0.73741,2.06859,13.08192,-0.66951,-0.10996,0.53512,31.2510345,75.7047591,1.180,276.80
214.848,-0.94810,3.05021,7.43639,-0.00733,0.19914,-0.28833,31.2510345,75.7047591,1.180,276.80
214.954,0.68953,3.08373,7.68539,0.04398,0.16616,0.37751,31.2510345,75.7047591,1.180,276.80
215.057,0.47884,3.88818,9.06924,0.17226,0.16249,0.52534,31.2510345,75.7047591,1.180,276.80
215.159,2.45166,4.27126,12.09072,-0.16249,-0.67317,0.05498,31.2510345,75.7047591,1.180,276.80
215.267,0.72305,2.87783,12.65575,0.44227,-0.29810,-0.33720,31.2510345,75.7047591,1.180,276.80
215.370,1.45567,2.62405,8.91601,0.48747,0.90530,-0.46059,31.2510345,75.7047591,1.180,276.80
215.474,0.67995,2.27928,5.95199,-0.05131,-0.58643,-0.28344,31.2510352,75.7047475,1.160,275.90
215.577,0.98162,2.45645,9.50019,-0.20036,0.06964,-0.29199,31.2510352,75.7047475,1.160,275.90
215.680,-0.78530,3.00712,11.22881,0.10507,0.55711,0.25656,31.2510352,75.7047475,1.160,275.90
215.784,0.69432,2.55701,9.88326,-1.00915,-0.32620,0.92607,31.2510352,75.7047475,1.160,275.90
215.889,0.58419,2.33195,9.50498,-0.16982,-0.10996,-0.47525,31.2510352,75.7047475,1.160,275.90
215.994,-0.49321,2.59053,7.61356,-0.13317,-0.25045,0.17471,31.2510352,75.7047475,1.160,275.90
216.098,0.26336,3.05021,6.78517,0.43494,0.26878,0.48991,31.2510352,75.7047475,1.160,275.90
216.201,1.85311,3.27048,11.00854,-0.12706,-0.02321,0.28955,31.2510352,75.7047475,1.160,275.90
216.305,0.81882,4.75010,10.48660,0.28466,-0.32254,-0.49480,31.2510352,75.7047475,1.160,275.90
216.408,1.78607,2.94008,9.14106,0.40317,-0.16982,-0.44960,31.2510352,75.7047475,1.160,275.90
216.510,0.78051,2.18830,9.07402,0.29077,0.47647,-0.21991,31.2510352,75.7047351,1.210,274.70
216.616,0.71826,2.60968,6.80911,-0.08674,0.11606,-0.30421,31.2510352,75.7047351,1.210,274.70
216.721,-0.18196,2.88262,8.78193,0.08552,-0.66218,-0.02932,31.2510352,75.7047351,1.210,274.70
216.825,0.61292,2.97360,11.52090,0.03910,0.26145,0.61575,31.2510352,75.7047351,1.210,274.70
216.930,0.60334,2.28407,10.96544,-0.57299,0.49602,0.55833,31.2510352,75.7047351,1.210,274.70
217.033,-0.23942,3.27048,7.58004,-0.48503,0.29932,0.12462,31.2510352,75.7047351,1.210,274.70
217.137,0.08140,3.45244,7.99185,0.15638,0.32376,0.25656,31.2510352,75.7047351,1.210,274.70
217.240,1.11091,3.71101,9.31344,0.37018,0.10629,0.33231,31.2510352,75.7047351,1.210,274.70
217.345,1.35033,4.80277,11.31979,0.80512,-0.05986,-0.45448,31.2510352,75.7047351,1.210,274.70
217.448,0.77572,3.25611,13.18726,0.63286,-0.06964,-0.14539,31.2510365,75.7047235,1.260,273.00
217.550,1.25935,2.41336,8.68138,0.50946,-0.04398,-0.56810,31.2510365,75.7047235,1.260,273.00
217.653,0.91459,2.50433,5.64074,-0.03787,-0.62919,-0.55955,31.2510365,75.7047235,1.260,273.00
217.758,0.45011,2.41336,9.61033,-0.19548,-0.35797,-0.54000,31.2510365,75.7047235,1.260,273.00
217.861,-1.22104,2.58574,10.54406,0.57055,0.80023,0.33842,31.2510365,75.7047235,1.260,273.00
217.967,-0.17717,2.85868,11.09473,-1.85214,0.17837,1.50151,31.2510365,75.7047235,1.260,273.00
218.071,-0.19632,2.78685,11.18571,-0.31887,-0.05376,-0.31521,31.2510365,75.7047235,1.260,273.00
218.175,-0.67038,3.21302,6.04775,0.36530,0.11606,0.15638,31.2510365,75.7047235,1.260,273.00
218.279,-0.16281,3.02627,7.28316,0.28466,0.36285,0.59620,31.2510365,75.7047235,1.260,273.00
218.383,0.95768,4.65433,9.61990,-0.50457,-0.22969,0.57544,31.2510365,75.7047235,1.260,273.00
218.485,0.15802,5.95199,14.08269,0.00367,0.97616,-0.30788,31.2510373,75.7047110,1.200,273.40
218.587,0.93374,3.42371,9.29429,0.27855,-0.24557,-0.33109,31.2510373,75.7047110,1.200,273.40
218.690,0.60813,1.68073,8.41801,0.50335,-0.17593,-0.49480,31.2510373,75.7047110,1.200,273.40
218.795,0.08140,2.65278,4.93684,-0.05864,-0.51068,-0.57055,31.2510373,75.7047110,1.200,273.40
218.901,-1.49877,3.16992,10.04128,0.22113,0.18448,-0.25290,31.2510373,75.7047110,1.200,273.40
219.005,-1.41258,3.50511,10.40041,-0.43738,-0.25901,0.90530,31.2510373,75.7047110,1.200,273.40
219.108,-0.01915,2.94008,9.84017,-0.48381,-0.17226,0.73304,31.2510373,75.7047110,1.200,273.40
219.213,0.21069,2.63362,9.06445,-0.56444,0.49114,0.10751,31.2510373,75.7047110,1.200,273.40
219.316,-0.10056,3.43329,6.72771,0.04520,0.42272,0.33231,31.2510373,75.7047110,1.200,273.40
219.424,1.08697,4.15633,9.45231,0.02932,-0.01466,0.54978,31.2510373,75.7047110,1.200,273.40
219.528,1.33596,5.07092,12.77546,0.21014,-0.55100,-0.56810,31.2510385,75.7046993,1.200,272.10
219.630,0.14365,2.91135,10.46745,0.76603,-0.25412,-0.50335,31.2510385,75.7046993,1.200,272.10
219.735,1.32160,2.37026,9.14585,0.31398,0.34086,-0.33720,31.2510385,75.7046993,1.200,272.10
219.841,0.99120,2.44209,6.07170,-0.03665,-0.31276,-0.43982,31.2510385,75.7046993,1.200,272.10
219.946,0.91459,2.64799,9.27514,0.16127,-0.18082,-0.71349,31.2510385,75.7046993,1.200,272.10
220.049,-1.87705,3.48117,10.94629,0.11606,0.41294,0.05620,31.2510385,75.7046993,1.200,272.10
220.153,-1.00556,2.95444,9.44752,-0.81856,-0.32620,1.12521,31.2510385,75.7046993,1.200,272.10
220.257,-0.02394,2.85868,9.56244,-0.39462,0.22846,0.16616,31.2510385,75.7046993,1.200,272.10
220.362,0.33519,2.92093,6.12916,-0.13439,-0.04643,0.06964,31.2510385,75.7046993,1.200,272.10
220.468,0.20590,3.66792,8.64307,0.13928,0.50946,0.48258,31.2510389,75.7046869,1.260,272.50
220.571,1.69031,4.25689,10.14184,-0.15149,-0.71349,0.36041,31.2510389,75.7046869,1.260,272.50
220.672,0.90980,4.88896,12.02847,-0.02932,0.34575,-0.38118,31.2510389,75.7046869,1.260,272.50
220.775,1.38864,2.75812,8.12592,0.39095,-0.74281,-0.52779,31.2510389,75.7046869,1.260,272.50
220.878,0.01915,2.24576,8.06367,0.11729,0.25901,-0.09407,31.2510389,75.7046869,1.260,272.50
220.983,1.18752,2.39420,7.82904,0.22113,0.02077,-0.24312,31.2510389,75.7046869,1.260,272.50
221.086,-0.95768,3.01669,9.58638,0.43371,0.05864,-0.27367,31.2510389,75.7046869,1.260,272.50
221.191,0.00479,3.50032,8.26478,-0.14661,-0.40195,0.85155,31.2510389,75.7046869,1.260,272.50
221.294,2.17394,1.65200,11.87524,-0.66706,-0.19059,0.46670,31.2510389,75.7046869,1.260,272.50
221.400,-1.18274,2.91614,7.32147,0.05498,0.31521,0.06720,31.2510389,75.7046869,1.260,272.50
221.505,-0.87628,3.30400,8.99262,0.14416,0.89675,0.65240,31.2510393,75.7046743,1.250,272.80
221.608,1.63763,4.48195,9.59117,-0.07330,0.06964,0.77580,31.2510393,75.7046743,1.250,272.80
221.712,2.01592,5.85622,13.58470,-0.03910,-0.10263,-0.13806,31.2510393,75.7046743,1.250,272.80
221.816,2.25534,3.68707,12.34450,0.90897,-0.13317,-0.70738,31.2510393,75.7046743,1.250,272.80
221.923,1.49398,2.01592,7.97269,0.49358,0.19059,-0.47281,31.2510393,75.7046743,1.250,272.80
222.028,0.72784,2.10690,5.05655,-0.00855,-0.60231,-0.57299,31.2510393,75.7046743,1.250,272.80
222.130,0.75657,2.94487,7.75721,-0.21136,-0.65973,-0.45448,31.2510393,75.7046743,1.250,272.80
222.233,-0.83318,3.54821,11.40598,-0.24190,0.88209,0.33109,31.2510393,75.7046743,1.250,272.80
222.337,1.68073,2.88262,11.94707,-1.37811,0.15638,0.93707,31.2510393,75.7046743,1.250,272.80
222.443,-0.73263,2.80122,8.93516,0.35797,-0.50946,-0.63286,31.2510400,75.7046611,1.210,272.60
222.544,-0.54109,3.11725,6.27760,0.02688,-0.22724,0.09652,31.2510400,75.7046611,1.210,272.60
222.649,0.53630,4.16591,6.71334,0.26145,0.85032,0.44471,31.2510400,75.7046611,1.210,272.60
222.752,2.86825,4.40533,10.34774,-0.85521,0.26389,0.35186,31.2510400,75.7046611,1.210,272.60
222.856,0.20111,4.33829,12.42112,-0.13439,0.52901,-0.57544,31.2510400,75.7046611,1.210,272.60
222.960,1.55144,2.73418,9.49540,0.26634,-0.15882,-0.83078,31.2510400,75.7046611,1.210,272.60
223.065,0.11492,2.20267,8.36055,0.29566,-0.31887,-0.54000,31.2510400,75.7046611,1.210,272.60
223.168,0.55545,2.77249,6.50265,0.18570,-0.60842,-0.58643,31.2510400,75.7046611,1.210,272.60
223.275,-1.35512,3.24175,9.87369,0.23702,0.01833,0.07941,31.2510400,75.7046611,1.210,272.60
223.380,-0.32082,2.96881,9.83059,-0.37996,-0.00855,1.03603,31.2510400,75.7046611,1.210,272.60
223.484,-0.14365,2.24576,11.09473,0.07819,-0.15760,0.13439,31.2510413,75.7046481,1.220,270.50
223.587,-0.50757,2.57137,6.35421,-0.26145,0.02566,0.45571,31.2510413,75.7046481,1.220,270.50
223.690,0.52672,3.14598,7.33105,-0.09285,0.97983,0.63530,31.2510413,75.7046481,1.220,270.50
223.794,0.70390,4.23295,7.96311,0.14416,0.20159,0.27245,31.2510413,75.7046481,1.220,270.50
223.896,2.14999,4.76925,11.34852,-0.03665,-0.69639,-0.05253,31.2510413,75.7046481,1.220,270.50
223.999,1.64242,3.73974,12.64139,0.47525,0.25290,-0.32987,31.2510413,75.7046481,1.220,270.50
224.101,1.44610,2.30801,9.76834,0.28222,0.16860,-0.32987,31.2510413,75.7046481,1.220,270.50
224.206,0.84755,2.34153,5.43484,0.04765,-0.61087,-0.45693,31.2510413,75.7046481,1.220,270.50
224.310,0.60334,2.79643,9.23683,0.17104,-0.16127,-0.69516,31.2510413,75.7046481,1.220,270.50
224.414,-0.62249,3.25611,10.13226,0.15394,0.53390,0.36163,31.2510413,75.7046481,1.220,270.50
224.516,1.70946,1.87705,10.45787,-1.76907,0.22969,1.54305,31.2510404,75.7046352,1.230,267.00
224.618,0.00958,2.88262,10.38126,0.34575,-0.25656,-0.83444,31.2510404,75.7046352,1.230,267.00
224.721,-0.42617,3.11246,8.00142,0.27733,0.38362,-0.17471,31.2510404,75.7046352,1.230,267.00
224.824,0.38307,3.55778,6.14831,0.18937,-0.01710,0.22235,31.2510404,75.7046352,1.230,267.00
224.929,1.24498,4.42448,9.06445,-0.06842,-0.22113,-0.24435,31.2510404,75.7046352,1.230,267.00
225.033,1.50835,4.96557,11.43471,0.04887,-1.15209,-0.47159,31.2510404,75.7046352,1.230,267.00
225.137,1.24977,3.62482,9.84017,0.68295,0.15516,-0.69394,31.2510404,75.7046352,1.230,267.00
225.242,1.20668,2.42293,8.32224,0.15638,-0.03054,-0.20159,31.2510404,75.7046352,1.230,267.00
225.345,0.64643,2.54264,6.13394,-0.27122,-0.07086,-0.23213,31.2510404,75.7046352,1.230,267.00
225.449,-0.06704,3.03106,9.37569,0.21380,0.08186,-0.46059,31.2510423,75.7046229,1.220,273.30
225.552,-1.04866,3.53384,10.58237,-0.52779,-0.04643,0.49847,31.2510423,75.7046229,1.220,273.30
225.655,1.01514,3.05979,11.95664,-0.67806,-0.56444,0.72937,31.2510423,75.7046229,1.220,273.30
225.759,-0.00479,3.06937,9.20331,-0.06353,0.43616,0.28955,31.2510423,75.7046229,1.220,273.30
225.862,-0.90501,2.74376,7.02459,0.42394,0.14294,0.64874,31.2510423,75.7046229,1.220,273.30
225.967,-0.63207,3.36625,7.21134,0.34086,0.46914,0.97250,31.2510423,75.7046229,1.220,273.30
226.071,2.50433,4.99430,10.27591,-0.10385,0.05376,0.53878,31.2510423,75.7046229,1.220,273.30
226.177,2.31759,3.13640,15.39472,0.27611,0.31521,0.35186,31.2510423,75.7046229,1.220,273.30
226.281,2.38941,2.63841,8.80109,0.58277,0.52168,-0.25779,31.2510423,75.7046229,1.220,273.30
226.384,0.98162,2.67672,5.44441,-0.02688,-0.85155,-0.36163,31.2510423,75.7046229,1.220,273.30
226.488,0.57461,2.70066,8.35576,0.12217,0.20769,-0.46548,31.2510417,75.7046101,1.150,266.50
226.590,-0.96726,3.50032,11.01333,0.05620,0.05986,0.38118,31.2510417,75.7046101,1.150,266.50
226.693,-0.56503,3.53863,11.16656,-0.78191,0.51191,1.33902,31.2510417,75.7046101,1.150,266.50
226.797,-0.54109,2.64799,10.41957,0.41905,-0.29566,0.42394,31.2510417,75.7046101,1.150,266.50
226.899,-0.76614,2.94966,5.50666,0.05742,0.02321,0.78802,31.2510417,75.7046101,1.150,266.50
227.001,0.63207,3.80678,7.25922,0.16127,1.22540,0.94073,31.2510417,75.7046101,1.150,266.50
227.103,1.95846,4.14676,8.58082,-0.31643,-0.10996,0.94928,31.2510417,75.7046101,1.150,266.50
227.206,2.72460,5.17148,11.79384,-0.14294,-0.30299,-0.15394,31.2510417,75.7046101,1.150,266.50
227.308,0.76614,3.83551,11.38204,0.49114,0.35308,-0.14416,31.2510417,75.7046101,1.150,266.50
227.410,0.75178,2.29365,7.43639,0.53023,-0.46059,0.09652,31.2510417,75.7046101,1.150,266.50
227.513,0.33040,2.52828,5.81791,-0.09163,0.23702,-0.00855,31.2510384,75.7045984,1.140,249.90
227.616,-0.34477,2.59531,8.82982,0.49969,-0.11118,-0.34086,31.2510384,75.7045984,1.140,249.90
227.720,-0.81882,4.18028,10.69729,-0.57544,0.56566,0.87965,31.2510384,75.7045984,1.140,249.90
227.824,1.35033,3.31358,13.77145,-0.77091,0.32132,1.17897,31.2510384,75.7045984,1.140,249.90
227.926,-0.87149,2.99275,9.06924,0.27489,-0.01955,0.13928,31.2510384,75.7045984,1.140,249.90
228.029,-0.35913,2.28407,5.52103,0.22235,0.40439,0.65851,31.2510384,75.7045984,1.140,249.90
228.132,0.75178,4.15633,7.65187,0.33353,0.49847,0.42028,31.2510384,75.7045984,1.140,249.90
228.234,1.83396,5.00867,12.09551,-0.54123,-0.00122,0.33109,31.2510384,75.7045984,1.140,249.90
228.337,1.55144,4.37660,15.71075,0.09652,0.38240,-0.02566,31.2510384,75.7045984,1.140,249.90
228.441,1.91057,2.48039,9.77313,0.45815,0.06597,-0.14905,31.2510384,75.7045984,1.140,249.90
228.544,1.44610,1.57060,6.45477,0.27733,-0.69516,-0.30055,31.2510310,75.7045869,1.130,228.50
228.646,0.39265,2.32238,6.82347,0.05498,0.28466,-0.15516,31.2510310,75.7045869,1.130,228.50
228.749,-1.17795,3.09810,11.87524,0.02566,0.35308,0.00611,31.2510310,75.7045869,1.130,228.50
228.852,-0.20590,3.07416,11.38682,-1.39155,0.45448,1.15454,31.2510310,75.7045869,1.130,228.50
228.954,-1.42694,3.20344,8.53772,0.34697,-0.11484,-0.23579,31.2510310,75.7045869,1.130,228.50
229.057,-0.07661,2.84910,7.12993,-0.38240,-0.08674,0.48869,31.2510310,75.7045869,1.130,228.50
229.159,-0.27773,3.61524,6.23929,0.05498,0.41661,0.74037,31.2510310,75.7045869,1.130,228.50
229.261,1.35033,3.98395,8.73884,0.07941,0.48014,0.61087,31.2510310,75.7045869,1.130,228.50
229.363,1.93930,5.24809,11.23359,0.11118,-0.49969,-0.16860,31.2510310,75.7045869,1.130,228.50
229.465,0.81882,3.68228,13.37880,0.63897,0.12217,-0.51191,31.2510231,75.7045790,1.060,217.00
229.568,1.52750,2.60489,10.28549,0.35308,0.37874,-0.37263,31.2510231,75.7045790,1.060,217.00
229.671,0.39744,2.33674,6.57927,0.15760,-0.44960,-0.47525,31.2510231,75.7045790,1.060,217.00
229.773,-1.61848,2.59053,8.71011,0.56322,0.11606,-0.31643,31.2510231,75.7045790,1.060,217.00
229.876,-0.94810,3.73017,9.12670,-0.20892,0.08063,0.54245,31.2510231,75.7045790,1.060,217.00
229.978,1.61369,2.70545,14.81532,-1.48440,0.73304,0.83566,31.2510231,75.7045790,1.060,217.00
230.080,-1.70467,3.81157,7.12514,-0.23824,0.36163,-0.11729,31.2510231,75.7045790,1.060,217.00
230.183,-0.04788,3.30400,6.97192,0.20159,0.40439,0.45448,31.2510231,75.7045790,1.060,217.00
230.286,0.29688,3.87861,8.46590,0.35919,0.37385,0.55467,31.2510231,75.7045790,1.060,217.00
230.388,1.19710,4.01747,12.65096,-0.16005,-0.44715,0.32742,31.2510231,75.7045790,1.060,217.00
230.490,1.72861,3.30400,12.67012,0.44960,-0.38607,-0.52046,31.2510139,75.7045729,1.310,205.80
230.593,0.38786,2.93529,10.82179,0.43005,0.40439,-0.32620,31.2510139,75.7045729,1.310,205.80
230.695,1.16358,1.91536,6.05733,0.11606,-0.45082,-0.54978,31.2510139,75.7045729,1.310,205.80
230.796,-0.02394,2.38462,7.39329,0.10263,-0.10018,-0.83078,31.2510139,75.7045729,1.310,205.80
230.898,-1.59454,3.19865,11.54484,-0.56933,0.48381,0.14416,31.2510139,75.7045729,1.310,205.80
231.000,2.62405,2.87304,14.36042,-1.48807,0.14783,0.99815,31.2510139,75.7045729,1.310,205.80
231.103,-2.50433,3.40934,8.98783,0.76114,0.19670,-0.71593,31.2510139,75.7045729,1.310,205.80
231.205,-0.04310,2.04944,7.32626,0.26145,0.01466,0.67684,31.2510139,75.7045729,1.310,205.80
231.308,-0.20111,2.48997,5.58328,0.71960,0.29688,0.30665,31.2510139,75.7045729,1.310,205.80
231.412,0.22984,3.24654,10.03170,0.07941,0.67928,0.25168,31.2510139,75.7045729,1.310,205.80
231.514,0.45969,5.92804,12.73715,-0.84910,-0.39095,0.05009,31.2510048,75.7045683,1.260,199.80
231.617,2.37026,3.46202,10.12747,0.08063,-0.67684,-0.60720,31.2510048,75.7045683,1.260,199.80
231.720,1.17316,2.41814,8.27915,0.25656,0.56933,-0.49236,31.2510048,75.7045683,1.260,199.80
231.823,1.74777,2.05901,5.37738,-0.01833,-0.74648,-0.80390,31.2510048,75.7045683,1.260,199.80
231.925,-0.48842,2.17394,12.50252,0.11118,1.17164,-0.44838,31.2510048,75.7045683,1.260,199.80
232.029,-1.94888,3.38540,9.89763,0.03421,-0.36774,0.11606,31.2510048,75.7045683,1.260,199.80
232.131,1.10612,3.05979,12.61265,-1.15942,-0.31521,1.04580,31.2510048,75.7045683,1.260,199.80
232.234,-1.62806,2.66714,8.94953,0.27611,-0.27611,-0.30665,31.2510048,75.7045683,1.260,199.80
232.337,-0.73741,2.50912,6.56011,0.01710,-0.06475,0.52290,31.2510048,75.7045683,1.260,199.80
232.440,0.33040,3.93128,6.61757,0.23091,0.28344,0.21502,31.2510048,75.7045683,1.260,199.80
232.542,0.90980,5.09486,11.23838,0.27000,0.56444,-0.25412,31.2509951,75.7045642,1.140,199.60
232.645,2.06380,4.65433,9.85453,-0.08063,-0.56566,-0.41294,31.2509951,75.7045642,1.140,199.60
232.748,1.43173,2.60010,8.63828,0.51557,-0.62553,-0.95906,31.2509951,75.7045642,1.140,199.60
232.850,0.67038,1.78607,11.15698,0.01588,0.17593,-1.11422,31.2509951,75.7045642,1.140,199.60
232.953,0.09098,1.79565,4.76446,-0.29932,-1.77395,-0.86132,31.2509951,75.7045642,1.140,199.60
233.055,0.64643,2.84431,10.37168,0.00855,0.01955,-0.41905,31.2509951,75.7045642,1.140,199.60
233.157,-0.15802,3.56257,11.10910,0.16982,0.26023,0.28711,31.2509951,75.7045642,1.140,199.60
233.259,1.23541,3.01191,12.02368,-0.46426,-0.14905,0.92729,31.2509951,75.7045642,1.140,199.60
233.365,1.08218,2.53785,7.98227,0.17959,0.19303,-0.11362,31.2509951,75.7045642,1.140,199.60
233.468,0.52672,2.60968,7.55131,-0.13439,0.88209,0.11118,31.2509858,75.7045583,1.100,205.10
233.570,0.92895,3.69665,7.12514,-0.04276,0.38240,0.09529,31.2509858,75.7045583,1.100,205.10
233.672,1.16837,4.59208,10.27591,0.21991,-0.06842,-0.07819,31.2509858,75.7045583,1.100,205.10
233.774,0.74699,4.76446,10.07959,0.22358,-0.44960,-0.48747,31.2509858,75.7045583,1.100,205.10
233.880,1.92973,2.78206,7.56568,0.19670,-1.06901,-0.74281,31.2509858,75.7045583,1.100,205.10
233.982,0.41659,2.59531,7.68060,-0.41539,0.33109,-0.30788,31.2509858,75.7045583,1.100,205.10
234.085,1.34554,2.43251,7.95833,-0.33353,-0.19914,-0.69150,31.2509858,75.7045583,1.100,205.10
234.189,-0.47405,3.39019,8.33182,0.31765,0.02443,-0.81489,31.2509858,75.7045583,1.100,205.10
234.292,0.26336,3.68228,10.02213,0.12095,-0.48258,0.27489,31.2509858,75.7045583,1.100,205.10
234.394,-0.14365,5.29597,10.85052,0.37629,0.57788,0.11118,31.2509858,75.7045583,1.100,205.10
234.497,1.24020,3.21781,9.89763,0.12217,-0.56322,0.01833,31.2509792,75.7045498,1.050,221.50
234.600,-0.19154,2.69587,6.54575,0.39706,0.55467,-0.91263,31.2509792,75.7045498,1.050,221.50
234.702,0.84755,2.47560,7.92481,-0.35064,0.25656,0.01833,31.2509792,75.7045498,1.050,221.50
234.806,1.67115,4.37660,8.77236,0.23091,-0.55222,-0.68539,31.2509792,75.7045498,1.050,221.50
234.910,0.97205,4.90811,11.54005,0.51801,-1.26205,-1.41599,31.2509792,75.7045498,1.050,221.50
235.012,0.82361,3.35667,11.19529,0.68661,-0.74892,-1.62857,31.2509792,75.7045498,1.050,221.50
235.115,1.67115,2.83473,11.15698,-0.54245,-0.01588,-1.07146,31.2509792,75.7045498,1.050,221.50
235.217,0.57940,1.93451,7.01980,-0.05131,-1.28160,-1.70065,31.2509792,75.7045498,1.050,221.50
235.319,0.74699,2.65278,6.73728,-0.05009,-0.05620,-1.74463,31.2509792,75.7045498,1.050,221.50
235.421,-1.97761,3.66792,12.16254,0.67684,0.36408,-0.55222,31.2509792,75.7045498,1.050,221.50
235.525,0.88585,2.48039,11.43471,-1.03358,-0.92118,1.43920,31.2509769,75.7045399,1.200,251.80
235.627,0.71347,3.24175,8.69095,-0.28955,0.13195,-0.31887,31.2509769,75.7045399,1.200,251.80
235.728,-0.22505,3.06937,7.75243,-0.60476,0.34331,-0.42394,31.2509769,75.7045399,1.200,251.80
235.832,0.79487,3.06937,7.48906,-0.07941,0.41905,-0.31521,31.2509769,75.7045399,1.200,251.80
235.934,-0.15323,4.94642,9.98861,-0.27367,-0.25534,0.25045,31.2509769,75.7045399,1.200,251.80
236.036,3.16513,3.92649,12.78983,0.27122,-0.97372,-0.26023,31.2509769,75.7045399,1.200,251.80
236.138,1.34075,3.30400,12.19606,0.74648,0.22969,-0.85277,31.2509769,75.7045399,1.200,251.80
236.242,1.99676,2.64799,8.01579,0.16616,1.08490,-1.12888,31.2509769,75.7045399,1.200,251.80
236.344,0.03831,2.62405,8.02058,0.08186,-0.85888,-1.06413,31.2509769,75.7045399,1.200,251.80
236.446,0.02394,2.80600,9.36133,0.26512,-0.48503,-0.08796,31.2509805,75.7045270,1.210,285.70
236.548,-1.72383,2.68151,9.20331,0.36652,-0.16493,0.67928,31.2509805,75.7045270,1.210,285.70
236.651,1.77171,2.72460,10.72602,-1.50273,0.00611,1.16675,31.2509805,75.7045270,1.210,285.70
236.754,-0.38307,3.40455,10.56322,-0.06842,0.51068,-0.64996,31.2509805,75.7045270,1.210,285.70
236.859,-0.33998,3.03106,6.87136,-0.05620,0.16249,0.22969,31.2509805,75.7045270,1.210,285.70
236.961,0.80924,3.84030,7.35020,0.29322,0.90408,0.85399,31.2509805,75.7045270,1.210,285.70
237.063,3.78284,4.68306,10.25676,-0.45937,-1.17042,0.49480,31.2509805,75.7045270,1.210,285.70
237.165,2.45645,5.53061,11.04206,0.25168,-0.00611,-0.77336,31.2509805,75.7045270,1.210,285.70
237.268,1.24977,3.14119,9.05487,0.71349,-0.88209,-0.81734,31.2509805,75.7045270,1.210,285.70
237.369,1.24020,2.23140,8.36055,0.67195,0.40561,-0.75747,31.2509805,75.7045270,1.210,285.70
237.469,0.27773,2.14042,5.58807,-0.37874,-0.85277,-0.55344,31.2509858,75.7045157,1.120,307.40
237.571,-0.72784,3.48117,8.01579,-0.10385,0.14661,-0.28100,31.2509858,75.7045157,1.120,307.40
237.673,-0.20111,3.64876,9.91678,0.04154,-0.23335,0.92241,31.2509858,75.7045157,1.120,307.40
237.776,2.44209,3.05979,13.19684,-1.11911,0.99815,1.34146,31.2509858,75.7045157,1.120,307.40
237.878,-1.03430,3.94564,8.74841,0.47892,0.31154,-0.43738,31.2509858,75.7045157,1.120,307.40
237.980,0.17238,3.16035,6.82826,-0.14050,0.40806,0.77946,31.2509858,75.7045157,1.120,307.40
238.085,1.38864,3.89297,6.78996,0.03299,0.19792,0.94195,31.2509858,75.7045157,1.120,307.40
238.187,3.09810,4.37181,11.13783,0.04398,-0.10140,0.22235,31.2509858,75.7045157,1.120,307.40
238.291,1.35512,5.32470,14.49450,-0.31643,0.41294,-0.29444,31.2509858,75.7045157,1.120,307.40
238.393,1.90578,3.06458,6.73728,0.33109,-1.23273,-0.73915,31.2509858,75.7045157,1.120,307.40
238.495,1.54187,2.22661,7.15866,0.39218,0.18082,-0.75747,31.2509906,75.7045050,1.090,311.80
238.597,0.79487,3.10767,6.91924,-0.60353,0.05131,-0.50457,31.2509906,75.7045050,1.090,311.80
238.699,-0.75178,3.82593,10.15141,0.27978,0.17593,-0.18082,31.2509906,75.7045050,1.090,311.80
238.800,0.80445,3.61524,10.68293,-0.43616,-0.10751,0.88575,31.2509906,75.7045050,1.090,311.80
238.903,1.03908,3.21781,10.58237,-0.41661,-0.14416,0.77213,31.2509906,75.7045050,1.090,311.80
239.005,0.81403,3.09331,7.69975,-0.09896,0.13439,-0.18692,31.2509906,75.7045050,1.090,311.80
239.107,0.32082,3.11246,7.90087,-0.16127,0.53390,0.10140,31.2509906,75.7045050,1.090,311.80
239.208,0.52194,3.52905,7.48906,0.05376,0.25534,0.49724,31.2509906,75.7045050,1.090,311.80
239.310,1.75256,4.18028,10.32859,0.13928,-0.21747,0.05498,31.2509906,75.7045050,1.090,311.80
239.412,0.08140,4.90811,13.63737,-0.27489,0.50457,-0.22724,31.2509906,75.7045050,1.090,311.80
239.512,1.95367,2.80600,8.26478,0.15149,-1.12766,-0.92118,31.2509965,75.7044956,1.020,317.50
239.614,1.21625,2.41336,7.24485,0.16738,-0.53145,-0.58032,31.2509965,75.7044956,1.020,317.50
239.716,1.56102,3.04064,7.78116,0.19181,-0.14661,-0.72571,31.2509965,75.7044956,1.020,317.50
239.818,-0.00479,2.38462,9.53371,0.32865,-0.43005,-0.51191,31.2509965,75.7044956,1.020,317.50
239.921,-2.03507,3.14598,8.63349,0.04887,0.02443,0.54123,31.2509965,75.7044956,1.020,317.50
240.025,0.33998,3.29442,12.63181,-1.25716,0.89553,1.25227,31.2509965,75.7044956,1.020,317.50
240.127,-0.14365,3.96001,9.46667,0.19059,-0.03176,-0.04887,31.2509965,75.7044956,1.020,317.50
240.229,-0.28252,2.98318,8.05409,-0.48503,0.11240,0.90530,31.2509965,75.7044956,1.020,317.50
240.331,-0.30167,3.26569,6.80432,-0.03543,0.59620,1.05802,31.2509965,75.7044956,1.020,317.50
240.434,1.15879,4.29041,9.82580,0.08063,0.52046,0.67562,31.2509965,75.7044956,1.020,317.50
240.536,1.24977,5.86101,10.46266,0.68295,-0.01466,-0.05864,31.2510030,75.7044866,1.030,317.20
240.638,1.76692,3.18429,12.09072,0.82955,-0.24435,0.11118,31.2510030,75.7044866,1.030,317.20
240.740,0.29688,3.06458,9.06445,0.30055,0.74281,-0.24312,31.2510030,75.7044866,1.030,317.20
240.842,0.23463,3.00712,6.28717,-0.09774,-0.54856,-0.37385,31.2510030,75.7044866,1.030,317.20
240.945,-0.37828,3.68707,8.85855,0.13439,0.40195,-0.27489,31.2510030,75.7044866,1.030,317.20
241.050,-1.68073,4.62081,9.71088,0.16616,0.46181,0.49114,31.2510030,75.7044866,1.030,317.20
241.151,-1.22104,4.77404,9.45231,-0.43249,0.48136,0.75625,31.2510030,75.7044866,1.030,317.20
241.254,-1.48441,3.65834,9.29908,0.10507,0.03054,0.04032,31.2510030,75.7044866,1.030,317.20
241.357,-1.20668,2.89220,6.33985,-0.44960,0.19792,0.51924,31.2510030,75.7044866,1.030,317.20
241.460,-1.09176,3.27048,6.46434,-0.45937,0.01833,0.67562,31.2510079,75.7044763,1.050,306.50
241.562,-1.42694,5.15711,10.04607,-0.32865,0.20036,0.86132,31.2510079,75.7044763,1.050,306.50
241.665,-0.13408,5.96635,10.82179,0.11973,-0.07697,0.43005,31.2510079,75.7044763,1.050,306.50
241.767,0.22505,4.37660,14.62378,-0.27489,1.01037,0.80146,31.2510079,75.7044763,1.050,306.50
241.868,2.29365,3.44286,7.57525,0.32742,0.23824,-0.24801,31.2510079,75.7044763,1.050,306.50
241.969,0.17717,3.16035,7.29274,-0.14050,-0.20403,-0.25901,31.2510079,75.7044763,1.050,306.50
242.073,0.21548,2.77727,9.31344,-0.29077,-0.44349,-0.20769,31.2510079,75.7044763,1.050,306.50
242.175,-1.94888,3.17471,10.09395,0.43616,0.49602,-0.00855,31.2510079,75.7044763,1.050,306.50
242.278,-1.60412,3.68707,10.23282,-0.66829,0.02199,0.86376,31.2510079,75.7044763,1.050,306.50
242.383,-2.06859,2.48518,12.93827,-0.38851,-0.21014,0.78557,31.2510079,75.7044763,1.050,306.50
242.486,-1.86269,2.36547,6.85699,-0.19670,0.43249,1.31336,31.2510084,75.7044651,1.030,287.20
242.588,-0.47405,2.69108,7.20655,0.21014,0.77824,1.38056,31.2510084,75.7044651,1.030,287.20
242.690,1.02472,3.28963,10.07959,-0.04154,0.80023,1.38422,31.2510084,75.7044651,1.030,287.20
242.793,1.70467,5.40132,11.90876,0.23457,0.08186,0.15760,31.2510084,75.7044651,1.030,287.20
242.896,1.69988,2.89698,13.97735,0.38973,-0.32620,0.20892,31.2510084,75.7044651,1.030,287.20
242.997,0.65601,3.19387,8.96389,0.98960,0.49236,-0.84788,31.2510084,75.7044651,1.030,287.20
243.101,-0.28730,2.75812,5.65989,0.54367,-0.79290,-0.29322,31.2510084,75.7044651,1.030,287.20
243.203,-0.21548,3.43329,5.72214,0.05742,-0.22113,-0.12462,31.2510084,75.7044651,1.030,287.20
243.305,-1.02951,4.90811,7.94396,0.12828,0.16005,0.32132,31.2510084,75.7044651,1.030,287.20
243.407,-0.49799,5.66468,10.14663,-0.71593,0.34697,0.93707,31.2510084,75.7044651,1.030,287.20
243.509,-0.27773,2.70545,12.55519,0.07208,-0.04765,0.70738,31.2510055,75.7044550,0.880,262.50
243.612,-1.64721,3.24175,7.03416,0.43127,0.39462,0.59987,31.2510055,75.7044550,0.880,262.50
243.714,0.21069,3.05021,7.00543,-0.32742,0.16616,1.14232,31.2510055,75.7044550,0.880,262.50
243.818,1.00078,4.12760,8.31267,-0.03543,0.50946,0.81489,31.2510055,75.7044550,0.880,262.50
243.922,3.00233,5.56412,9.27035,-0.10263,0.15394,0.26389,31.2510055,75.7044550,0.880,262.50
244.026,4.14676,4.96079,13.21120,-0.35186,-0.14294,-0.36285,31.2510055,75.7044550,0.880,262.50
244.129,2.57137,3.16035,8.62391,0.58154,-0.85643,-1.48196,31.2510055,75.7044550,0.880,262.50
244.234,0.80924,2.46603,7.71412,0.63286,-0.73548,-1.50151,31.2510055,75.7044550,0.880,262.50
244.339,0.57940,3.08852,6.99107,0.05620,-0.56444,-1.08123,31.2510055,75.7044550,0.880,262.50
244.443,-0.19154,3.49553,9.35175,0.42883,0.17959,-0.73670,31.2510055,75.7044550,0.880,262.50
244.545,-1.68073,4.53462,7.85298,-0.77824,-0.30299,0.60353,31.2510009,75.7044447,1.040,243.20
244.650,-0.83318,3.66313,8.80109,-0.60720,-0.44349,0.35919,31.2510009,75.7044447,1.040,243.20
244.754,-1.38385,3.75411,7.75243,-0.27978,0.50457,0.61942,31.2510009,75.7044447,1.040,243.20
244.860,-0.53151,3.92649,6.56490,-0.01833,0.31154,1.01526,31.2510009,75.7044447,1.040,243.20
244.966,1.47483,3.81157,8.74841,0.01466,0.28588,1.13865,31.2510009,75.7044447,1.040,243.20
245.070,2.81558,6.19619,9.61511,-0.11606,-0.39218,0.23091,31.2510009,75.7044447,1.040,243.20
245.174,1.89621,3.63919,15.93102,0.81489,0.91385,-0.03543,31.2510009,75.7044447,1.040,243.20
245.278,1.68073,2.76291,6.81390,0.51679,-0.02077,-0.44104,31.2510009,75.7044447,1.040,243.20
245.381,1.53229,2.13084,5.30076,-0.13195,-0.66096,-0.57788,31.2510009,75.7044447,1.040,243.20
245.485,1.41737,3.07416,7.15866,-0.87720,-0.21625,-0.64141,31.2509952,75.7044360,1.010,231.40
245.589,-0.75178,4.16591,10.75954,-0.28466,-0.05009,-0.36041,31.2509952,75.7044360,1.010,231.40
245.692,0.11971,3.97437,11.90876,-0.52901,-0.20525,0.98716,31.2509952,75.7044360,1.010,231.40
245.796,0.53630,1.78607,12.66054,0.61942,-0.01833,0.15638,31.2509952,75.7044360,1.010,231.40
245.900,-1.32160,2.03986,4.96079,0.41294,-0.28222,0.52046,31.2509952,75.7044360,1.010,231.40
246.005,1.10133,2.43251,7.28316,-0.16371,1.12033,0.89186,31.2509952,75.7044360,1.010,231.40
246.109,1.71425,3.69665,7.28795,-0.04765,0.07819,0.73059,31.2509952,75.7044360,1.010,231.40
246.213,3.30400,4.45800,11.32936,-0.14050,0.01344,-0.28344,31.2509952,75.7044360,1.010,231.40
246.318,2.91614,4.27126,12.98615,-0.23824,0.05498,-0.69394,31.2509952,75.7044360,1.010,231.40
246.422,2.26491,3.00712,8.42280,0.26145,-0.73670,-1.23883,31.2509952,75.7044360,1.010,231.40
246.525,0.39265,2.28407,8.65265,0.22724,-0.37507,-0.91630,31.2509898,75.7044276,1.030,226.40
246.627,-0.01915,2.39420,7.08684,-0.14416,-0.63897,-0.65973,31.2509898,75.7044276,1.030,226.40
246.730,-1.64721,2.98796,9.40442,0.34575,-0.04398,-0.07453,31.2509898,75.7044276,1.030,226.40
246.835,-0.19154,3.63919,9.93594,-0.24801,0.13439,0.99815,31.2509898,75.7044276,1.030,226.40
246.937,0.74220,2.91614,11.69328,-0.52412,0.50702,0.85643,31.2509898,75.7044276,1.030,226.40
247.040,-0.55067,3.63919,8.16423,-0.02932,0.76114,0.55711,31.2509898,75.7044276,1.030,226.40
247.142,0.10056,2.71502,7.98227,-0.04643,0.37141,1.15942,31.2509898,75.7044276,1.030,226.40
247.246,0.45490,3.43329,7.49385,0.40806,0.56810,0.93096,31.2509898,75.7044276,1.030,226.40
247.349,2.56180,4.19943,11.04206,-0.20036,0.14172,0.51313,31.2509898,75.7044276,1.030,226.40
247.451,2.15478,4.75967,13.57512,-0.24068,0.65363,0.23457,31.2509846,75.7044202,0.970,224.50
247.554,2.66235,3.05021,7.74764,0.03543,-0.62308,-0.51801,31.2509846,75.7044202,0.970,224.50
247.657,0.55067,2.48518,7.23049,0.11973,-0.66462,-0.71471,31.2509846,75.7044202,0.970,224.50
247.760,1.37906,2.87783,7.28795,-0.24557,-0.12217,-0.60598,31.2509846,75.7044202,0.970,224.50
247.863,-0.72784,3.17471,10.35732,0.48381,0.11118,-0.26878,31.2509846,75.7044202,0.970,224.50
247.965,0.04310,3.42850,8.70053,-0.08796,-0.14294,0.69150,31.2509846,75.7044202,0.970,224.50
248.068,0.79009,3.07416,11.95185,-1.06779,1.60047,1.13499,31.2509846,75.7044202,0.970,224.50
248.171,0.00000,2.87783,9.85453,-0.24190,0.13806,0.20647,31.2509846,75.7044202,0.970,224.50
248.275,-0.05267,1.92494,7.40287,-0.03665,-0.12584,0.57177,31.2509846,75.7044202,0.970,224.50
248.378,0.19154,3.09331,6.85221,0.06109,0.15760,0.63897,31.2509846,75.7044202,0.970,224.50
248.482,1.69031,3.80678,10.36689,-0.05864,0.18448,0.05009,31.2509777,75.7044123,1.050,220.90
248.585,1.40300,4.30956,12.02368,-0.01466,-0.47770,-0.14294,31.2509777,75.7044123,1.050,220.90
248.689,1.15879,2.89698,8.90164,0.36530,-0.60598,-0.49358,31.2509777,75.7044123,1.050,220.90
248.792,0.71347,2.20745,9.23204,-0.16249,0.16493,-0.16738,31.2509777,75.7044123,1.050,220.90
248.896,0.70868,2.06859,7.19218,0.68539,-0.45448,-0.84177,31.2509777,75.7044123,1.050,220.90
249.000,-0.78051,3.27527,8.22169,0.51068,-0.30299,-0.54245,31.2509777,75.7044123,1.050,220.90
249.104,-0.69432,3.59130,9.48104,-0.22480,0.21747,0.76358,31.2509777,75.7044123,1.050,220.90
249.208,0.68953,2.91135,12.65096,-0.82345,0.30055,0.97250,31.2509777,75.7044123,1.050,220.90
249.313,-0.18675,2.93050,8.45632,0.12217,0.38851,0.34086,31.2509777,75.7044123,1.050,220.90
249.417,0.57461,2.67193,8.22169,0.04276,0.34575,0.55467,31.2509777,75.7044123,1.050,220.90
249.520,0.53630,3.36146,7.40766,0.18204,0.23457,0.68173,31.2509698,75.7044056,1.110,213.70
249.625,2.37984,3.84030,10.78827,-0.24435,-0.03787,0.46914,31.2509698,75.7044056,1.110,213.70
249.729,0.72784,5.15711,11.60709,0.22969,-0.01222,-0.32742,31.2509698,75.7044056,1.110,213.70
249.836,1.36469,2.81558,8.87291,0.62553,-0.50213,-0.48625,31.2509698,75.7044056,1.110,213.70
249.941,1.06781,2.52828,8.66701,0.08308,-0.09896,-0.35675,31.2509698,75.7044056,1.110,213.70
250.044,0.57461,3.13162,6.46913,-0.16249,-0.26634,-0.49724,31.2509698,75.7044056,1.110,213.70
250.147,-0.57940,3.10289,9.79707,0.42272,-0.37141,-0.22724,31.2509698,75.7044056,1.110,213.70
250.251,0.04788,3.13162,8.89685,0.03665,-0.01222,0.93829,31.2509698,75.7044056,1.110,213.70
250.356,1.47962,2.76291,13.40753,-0.45937,0.41905,0.87354,31.2509698,75.7044056,1.110,213.70
250.460,-0.65122,2.93529,8.21690,0.42516,0.22358,0.18326,31.2509618,75.7044009,1.080,200.90
250.565,0.23463,2.37984,6.75165,-0.05742,0.25779,0.77458,31.2509618,75.7044009,1.080,200.90
250.668,1.10133,3.93128,7.57525,0.13439,0.46304,0.47403,31.2509618,75.7044009,1.080,200.90
250.773,1.33596,5.39653,10.54406,0.27245,0.76114,0.25290,31.2509618,75.7044009,1.080,200.90
250.878,1.88663,4.41491,12.91911,0.01710,-0.23457,-0.14294,31.2509618,75.7044009,1.080,200.90
250.985,2.05901,2.51391,7.69018,0.34819,-0.85643,-0.55222,31.2509618,75.7044009,1.080,200.90
251.089,1.22104,1.82917,7.79073,-0.04276,-0.12706,-0.35919,31.2509618,75.7044009,1.080,200.90
251.193,0.66559,2.38462,6.80911,-0.44960,-0.62553,-0.89431,31.2509618,75.7044009,1.080,200.90
251.300,-1.62806,4.06057,9.44273,0.00733,0.14783,-0.86865,31.2509618,75.7044009,1.080,200.90
251.404,-0.93374,3.57215,9.49540,-0.68050,0.21625,0.30665,31.2509618,75.7044009,1.080,200.90
251.506,1.25456,2.33195,11.19529,-0.77213,-0.14905,0.51924,31.2509524,75.7043981,1.130,192.80
251.609,-0.61770,2.52349,8.88728,-0.16982,0.23946,0.26634,31.2509524,75.7043981,1.130,192.80
251.714,-0.33040,1.94409,8.03015,-0.00244,-0.23335,0.61453,31.2509524,75.7043981,1.130,192.80
251.819,-0.26336,3.23217,8.59518,0.10140,0.79657,0.72082,31.2509524,75.7043981,1.130,192.80
251.925,1.70467,3.81157,11.46823,-0.00855,0.25168,0.24435,31.2509524,75.7043981,1.130,192.80
252.029,0.75657,3.62003,14.65730,-0.06842,0.52901,0.22724,31.2509524,75.7043981,1.130,192.80
252.135,1.95367,1.65200,6.90967,0.45082,-1.15942,-0.35675,31.2509524,75.7043981,1.130,192.80
252.240,1.18274,1.97282,7.34062,0.24190,0.19059,-0.47037,31.2509524,75.7043981,1.130,192.80
252.345,1.12527,2.09732,7.99185,-0.17349,-0.23213,-0.80512,31.2509524,75.7043981,1.130,192.80
252.449,-1.37427,2.18830,9.51935,0.24068,-0.01833,-0.68906,31.2509432,75.7043966,1.120,187.30
252.552,-0.66559,2.56180,9.20331,-0.67073,-0.17104,0.33842,31.2509432,75.7043966,1.120,187.30
252.653,-0.46448,1.58975,12.90475,-0.09774,-0.42272,-0.17349,31.2509432,75.7043966,1.120,187.30
252.757,-1.71904,2.22661,7.01501,0.30055,0.03054,-0.00977,31.2509432,75.7043966,1.120,187.30
252.863,0.27773,2.61447,7.59920,-0.04765,0.37018,0.44104,31.2509432,75.7043966,1.120,187.30
252.966,-0.04788,3.52905,8.29830,0.43738,1.08856,0.29566,31.2509432,75.7043966,1.120,187.30
253.070,-0.01437,4.37181,11.73159,-0.23579,0.13683,0.02688,31.2509432,75.7043966,1.120,187.30
253.174,0.30167,3.86903,13.79539,0.12706,0.28588,-0.25901,31.2509432,75.7043966,1.120,187.30
253.279,0.57940,2.41814,7.53695,0.55467,-0.50335,-0.52412,31.2509432,75.7043966,1.120,187.30
253.387,0.28252,1.57060,7.57525,0.21991,-0.93096,-0.78924,31.2509432,75.7043966,1.120,187.30
253.489,-0.51715,2.27449,7.51300,0.04032,-0.52412,-0.80512,31.2509333,75.7043951,1.060,187.80
253.591,-2.30322,3.34231,10.53449,0.22480,0.09407,-0.33720,31.2509333,75.7043951,1.060,187.80
253.694,-1.05345,3.21302,10.86968,-0.64263,-0.17593,0.87354,31.2509333,75.7043951,1.060,187.80
253.801,-0.82839,2.21703,11.40598,-0.10996,-0.11729,0.55833,31.2509333,75.7043951,1.060,187.80
253.906,-0.83318,2.49955,7.13472,-0.25168,0.20525,0.32376,31.2509333,75.7043951,1.060,187.80
254.010,-0.22027,2.97360,7.26401,0.11118,0.48136,0.53267,31.2509333,75.7043951,1.060,187.80
254.114,0.36392,3.89776,9.80665,0.31398,0.37141,0.57055,31.2509333,75.7043951,1.060,187.80
254.219,0.67038,4.52504,11.73638,-0.02566,-0.18082,0.07941,31.2509333,75.7043951,1.060,187.80
254.322,0.56503,3.68707,12.80898,0.31887,0.11484,0.02566,31.2509333,75.7043951,1.060,187.80
254.426,1.20189,2.26491,9.30387,0.21380,0.43616,-0.38607,31.2509333,75.7043951,1.060,187.80
254.528,0.48363,2.02549,7.13472,0.07819,-0.69272,-0.64752,31.2509243,75.7043951,1.140,184.70
254.631,-0.35434,3.10289,8.16423,0.40073,-0.04154,-0.52534,31.2509243,75.7043951,1.140,184.70
254.734,-1.15401,3.58173,11.33415,-0.03910,0.25290,0.08796,31.2509243,75.7043951,1.140,184.70
254.837,-0.76614,3.76847,12.11466,-0.76969,0.06842,0.57910,31.2509243,75.7043951,1.140,184.70
254.941,-0.91459,2.61926,10.23282,0.35919,-0.26512,-0.17837,31.2509243,75.7043951,1.140,184.70
255.046,-0.59376,2.51391,6.29675,-0.36285,0.18937,0.22724,31.2509243,75.7043951,1.140,184.70
255.151,-0.33519,3.23217,6.91445,0.08919,0.73304,0.55467,31.2509243,75.7043951,1.140,184.70
255.254,1.20189,4.39097,8.54730,-0.04520,-0.27245,0.14050,31.2509243,75.7043951,1.140,184.70
255.358,0.84276,5.36301,10.40520,-0.30543,-0.44349,-0.60842,31.2509243,75.7043951,1.140,184.70
255.460,1.17316,2.57137,10.67335,0.51801,-0.55589,-0.77458,31.2509136,75.7043942,1.180,185.50
255.562,1.06303,2.42293,10.04128,0.21991,0.47525,-0.84788,31.2509136,75.7043942,1.180,185.50
255.666,0.06704,1.91057,7.29274,0.14294,-0.75869,-0.89553,31.2509136,75.7043942,1.180,185.50
255.768,-1.58496,2.35589,9.53850,0.31276,-0.33720,-0.15882,31.2509136,75.7043942,1.180,185.50
255.871,-0.81882,2.77727,8.53772,0.34086,-0.36163,0.63286,31.2509136,75.7043942,1.180,185.50
255.976,0.48842,3.38061,13.63737,-0.95906,-0.08919,0.77458,31.2509136,75.7043942,1.180,185.50
256.080,-1.05345,3.28484,8.64786,0.81245,-0.16493,-0.42516,31.2509136,75.7043942,1.180,185.50
256.186,-0.72784,2.38462,6.82347,-0.22846,0.09041,0.49114,31.2509136,75.7043942,1.180,185.50
256.290,0.30646,3.68228,6.52181,-0.01955,0.24190,0.58765,31.2509136,75.7043942,1.180,185.50
256.394,2.07817,4.90811,10.20888,-0.04643,-0.07330,0.18448,31.2509136,75.7043942,1.180,185.50
256.497,1.61369,5.68384,12.27268,-0.50824,-0.07208,0.02932,31.2509032,75.7043920,1.130,192.80
256.600,1.71425,3.21781,7.99663,0.44960,-1.01648,-0.65851,31.2509032,75.7043920,1.130,192.80
256.706,0.23942,2.79164,9.40442,0.38851,0.48014,-0.32620,31.2509032,75.7043920,1.130,192.80
256.810,-0.33040,3.09331,7.06768,0.28466,0.19181,-0.14783,31.2509032,75.7043920,1.130,192.80
256.914,-0.99120,3.63919,8.27915,0.33720,-0.12217,0.40195,31.2509032,75.7043920,1.130,192.80
257.019,0.51236,3.59609,8.50420,-0.44104,0.48258,1.57848,31.2509032,75.7043920,1.130,192.80
257.123,1.06781,3.43329,13.73314,-0.50213,0.74892,1.47829,31.2509032,75.7043920,1.130,192.80
257.228,0.74220,3.25133,7.17303,-0.33353,0.73059,1.15454,31.2509032,75.7043920,1.130,192.80
257.331,1.52750,3.39498,7.25922,-0.10873,0.29810,0.60231,31.2509032,75.7043920,1.130,192.80
257.435,1.58496,4.21858,7.52737,0.05009,0.57788,0.41050,31.2509032,75.7043920,1.130,192.80
257.539,1.81002,4.55856,10.86489,0.10140,-0.03910,-0.24557,31.2508952,75.7043890,0.960,190.90
257.642,1.64242,4.95121,9.85453,0.26023,-0.59987,-0.78679,31.2508952,75.7043890,0.960,190.90
257.746,2.15478,4.30956,9.70609,0.05864,-0.80023,-1.08001,31.2508952,75.7043890,0.960,190.90
257.851,0.59376,2.68629,10.47703,-0.17837,0.40806,-1.21929,31.2508952,75.7043890,0.960,190.90
257.956,-0.40223,2.49476,5.73172,-0.23579,-0.70738,-1.08123,31.2508952,75.7043890,0.960,190.90
258.060,-1.06781,3.41892,8.95431,0.10873,0.15027,-0.56200,31.2508952,75.7043890,0.960,190.90
258.164,-1.24977,3.96001,11.15698,-0.13928,0.67073,0.74892,31.2508952,75.7043890,0.960,190.90
258.270,0.79009,2.83473,12.56477,-0.83078,-0.11973,1.20096,31.2508952,75.7043890,0.960,190.90
258.372,-1.64721,3.14119,7.65666,0.27367,0.49847,-0.38240,31.2508952,75.7043890,0.960,190.90
258.474,-0.09577,2.24097,6.40688,-0.49602,0.25534,0.95295,31.2508870,75.7043882,1.050,191.50
258.576,1.36469,2.75333,8.20253,-0.23702,0.49602,0.76603,31.2508870,75.7043882,1.050,191.50
258.680,2.02071,4.09887,12.76110,-0.10140,-0.22969,-0.24312,31.2508870,75.7043882,1.050,191.50
258.782,-0.48842,5.89452,11.27669,0.09285,0.27855,-0.36285,31.2508870,75.7043882,1.050,191.50
258.884,1.09654,2.37984,7.87214,0.49236,-1.27671,-0.36896,31.2508870,75.7043882,1.050,191.50
258.988,0.81882,2.59053,8.84897,0.36163,0.86010,-0.49480,31.2508870,75.7043882,1.050,191.50
259.092,0.83318,2.27449,6.02381,-0.09774,-0.41050,-0.69639,31.2508870,75.7043882,1.050,191.50
259.194,-1.68552,3.02627,10.40520,-0.07453,-0.25290,-0.60720,31.2508870,75.7043882,1.050,191.50
259.296,-1.28808,3.84988,10.16578,-0.06720,-0.64263,0.50824,31.2508870,75.7043882,1.050,191.50
259.400,-0.46448,2.37505,13.15374,-0.31154,-0.44349,0.70372,31.2508870,75.7043882,1.050,191.50
259.503,-2.74854,2.77727,7.01022,0.72326,1.05191,0.09407,31.2508774,75.7043868,1.140,188.90
259.605,-0.25857,3.14598,8.95910,-0.09285,1.11177,0.98471,31.2508774,75.7043868,1.140,188.90
259.707,1.05824,4.63039,7.57525,0.82222,0.05620,0.53023,31.2508774,75.7043868,1.140,188.90
259.813,0.93374,5.71257,10.97502,-0.15394,-0.44715,-0.05742,31.2508774,75.7043868,1.140,188.90
259.915,0.00958,4.57293,12.18649,0.09163,0.12828,-0.32009,31.2508774,75.7043868,1.140,188.90
260.020,1.69988,3.55778,7.44118,-0.14294,0.33109,-0.84544,31.2508774,75.7043868,1.140,188.90
260.122,0.22984,2.93529,7.67102,-0.51191,-0.47281,-0.77213,31.2508774,75.7043868,1.140,188.90
260.224,-0.04310,3.72059,9.08360,0.33109,0.54123,-0.69394,31.2508774,75.7043868,1.140,188.90
260.327,-2.64320,4.86023,10.05086,0.38240,0.35675,-0.39462,31.2508774,75.7043868,1.140,188.90
260.430,-2.43251,4.46279,9.81144,-0.43249,0.14416,0.74526,31.2508774,75.7043868,1.140,188.90
260.536,-1.16358,3.67271,8.70053,0.18082,-0.45937,0.18570,31.2508682,75.7043870,1.090,184.20
260.638,-1.69031,3.53863,6.58884,0.30177,0.48869,-0.16493,31.2508682,75.7043870,1.090,184.20
260.740,-0.87149,3.39019,6.73250,0.09529,-0.09896,0.17226,31.2508682,75.7043870,1.090,184.20
260.844,-0.82361,5.06613,7.69975,-0.15516,0.07086,-0.08063,31.2508682,75.7043870,1.090,184.20
260.946,-0.75657,6.87136,9.27035,0.00855,-0.41661,-0.32987,31.2508682,75.7043870,1.090,184.20
261.050,1.20189,6.55532,10.98460,-0.40317,0.04276,0.00000,31.2508682,75.7043870,1.090,184.20
261.152,1.04866,3.36146,6.83305,-0.18692,-1.17164,-0.80879,31.2508682,75.7043870,1.090,184.20
261.254,-1.58975,3.14598,7.52258,0.22113,0.03665,-0.98105,31.2508682,75.7043870,1.090,184.20
261.355,0.30167,3.43807,7.89608,-0.38362,-0.03421,-0.60842,31.2508682,75.7043870,1.090,184.20
261.458,-2.26013,4.06535,11.62146,0.28955,0.17226,-0.11118,31.2508580,75.7043855,1.100,189.40
261.560,-1.77650,4.36702,9.13627,0.02443,-0.32376,0.46426,31.2508580,75.7043855,1.100,189.40
261.662,-2.85389,3.69186,11.84172,-0.40928,0.26267,0.42761,31.2508580,75.7043855,1.100,189.40
261.765,-2.11647,3.51948,6.37815,0.09529,0.36163,-0.03421,31.2508580,75.7043855,1.100,189.40
261.869,-1.00078,3.48117,7.63272,-0.13683,0.34941,0.43616,31.2508580,75.7043855,1.100,189.40
261.971,-0.83797,4.75488,7.55610,0.06720,-0.15638,0.48625,31.2508580,75.7043855,1.100,189.40
262.071,-0.87149,5.61201,10.77391,0.13561,-0.34819,0.00367,31.2508580,75.7043855,1.100,189.40
262.176,-1.36948,3.99353,11.92791,-0.27978,0.87109,0.47892,31.2508580,75.7043855,1.100,189.40
262.280,0.43574,3.77805,8.83939,-0.22113,0.05620,-0.15027,31.2508580,75.7043855,1.100,189.40
262.382,-0.05267,3.09331,6.83305,-0.31887,-0.96395,-0.22969,31.2508580,75.7043855,1.100,189.40
262.485,0.30646,3.61524,8.63349,-0.00244,0.21502,-0.39462,31.2508479,75.7043827,1.010,194.00
262.587,-1.45567,4.20901,9.79228,0.18570,0.12217,-0.06231,31.2508479,75.7043827,1.010,194.00
262.689,-1.45089,4.11324,10.53928,-0.43005,0.09896,0.48258,31.2508479,75.7043827,1.010,194.00
262.792,-1.52271,2.60968,10.37647,-0.23702,-0.07453,0.34331,31.2508479,75.7043827,1.010,194.00
262.894,-0.94810,2.66714,6.54575,-0.13439,0.27489,0.37018,31.2508479,75.7043827,1.010,194.00
262.998,0.25857,3.18908,6.94797,-0.12217,0.07208,0.30665,31.2508479,75.7043827,1.010,194.00
263.102,-0.08619,4.66391,8.51857,0.00855,-0.07697,0.05742,31.2508479,75.7043827,1.010,194.00
263.205,-0.39744,4.67827,12.42591,0.07208,-0.05498,-0.07575,31.2508479,75.7043827,1.010,194.00
263.307,-0.72784,3.50032,13.01967,-0.12095,0.19181,-0.20525,31.2508479,75.7043827,1.010,194.00
263.409,0.66559,3.17471,7.84819,0.05498,0.06842,-0.55711,31.2508479,75.7043827,1.010,194.00
263.511,-0.22505,2.66714,7.31189,-0.34086,-0.31765,-0.05498,31.2508385,75.7043802,0.980,194.40
263.614,0.80924,2.63841,8.31746,0.07941,-0.07453,-0.24068,31.2508385,75.7043802,0.980,194.40
263.717,-1.97282,3.21302,10.74039,-0.03543,0.70983,-0.30910,31.2508385,75.7043802,0.980,194.40
263.820,-1.91536,3.37104,10.36211,-0.64996,0.01833,0.57788,31.2508385,75.7043802,0.980,194.40
263.923,-1.38864,1.75256,9.48104,0.25656,-0.43005,0.18082,31.2508385,75.7043802,0.980,194.40
264.025,-1.42694,2.61926,6.02381,-0.49847,0.41661,0.35064,31.2508385,75.7043802,0.980,194.40
264.127,-0.49799,3.99353,8.72926,0.41050,0.06720,0.14661,31.2508385,75.7043802,0.980,194.40
264.230,-1.05345,4.57771,8.92080,0.37629,-0.09896,0.25901,31.2508385,75.7043802,0.980,194.40
264.332,-0.62728,3.85945,10.22803,0.67440,-0.53267,-0.20036,31.2508385,75.7043802,0.980,194.40
264.435,-0.63686,3.30400,10.24718,0.09652,-0.08796,0.11606,31.2508385,75.7043802,0.980,194.40
264.538,-0.11013,2.76770,9.67736,-0.17471,0.24068,0.02932,31.2508288,75.7043783,1.030,192.80
264.640,0.02873,2.72460,5.98550,-0.33964,-0.59376,-0.35308,31.2508288,75.7043783,1.030,192.80
264.743,0.23463,3.15077,8.88728,0.00367,0.08063,-0.45571,31.2508288,75.7043783,1.030,192.80
264.847,-0.92895,3.46680,12.23916,-0.35919,0.11362,0.37018,31.2508288,75.7043783,1.030,192.80
264.951,-1.04866,2.56658,11.78905,-0.51924,0.22113,0.75869,31.2508288,75.7043783,1.030,192.80
265.053,-0.87149,1.91536,8.64786,0.25290,-0.06231,0.21380,31.2508288,75.7043783,1.030,192.80
265.157,-0.82361,2.10211,8.01579,-0.22969,0.12339,0.47525,31.2508288,75.7043783,1.030,192.80
265.259,-0.68474,3.04542,7.61835,0.06720,0.45815,0.65729,31.2508288,75.7043783,1.030,192.80
265.363,-0.06225,4.16591,10.52012,0.26756,0.43982,0.44349,31.2508288,75.7043783,1.030,192.80
265.466,-0.14844,4.29041,10.62068,0.16249,-0.56688,-0.02321,31.2508181,75.7043774,0.820,187.70
265.568,0.20590,2.77727,8.50420,0.48136,-0.45571,-0.34697,31.2508181,75.7043774,0.820,187.70
265.671,0.77093,2.66714,9.81144,0.00855,0.69150,-0.53023,31.2508181,75.7043774,0.820,187.70
265.775,0.09098,2.64320,6.89051,0.00367,-0.75747,-0.68173,31.2508181,75.7043774,0.820,187.70
265.878,-0.64165,2.95923,9.48104,0.44227,-0.44593,-0.26756,31.2508181,75.7043774,0.820,187.70
265.980,-0.57461,3.21781,9.93115,0.38362,-0.41050,0.43982,31.2508181,75.7043774,0.820,187.70
266.082,0.43096,2.47560,12.16733,-0.66340,0.06231,0.70494,31.2508181,75.7043774,0.820,187.70
266.185,-1.52271,3.04542,7.76200,-0.06842,0.12950,0.04154,31.2508181,75.7043774,0.820,187.70
266.288,0.45969,2.39899,8.20253,-0.46304,0.53512,0.60598,31.2508181,75.7043774,0.820,187.70
266.390,0.01915,2.93050,7.78116,-0.15149,0.30299,0.43249,31.2508181,75.7043774,0.820,187.70
266.492,0.79009,4.32872,11.55442,-0.11729,0.03421,0.31521,31.2508077,75.7043778,1.030,179.30
266.594,0.42138,4.93206,12.51689,0.15882,0.08430,-0.19303,31.2508077,75.7043778,1.030,179.30
266.697,1.06303,2.42772,6.78996,0.53878,-0.88331,-0.32742,31.2508077,75.7043778,1.030,179.30
266.800,-0.07661,2.25534,8.78672,0.45326,0.35552,-0.55833,31.2508077,75.7043778,1.030,179.30
266.902,1.06781,2.46603,7.10120,-0.04154,-0.28222,-0.68661,31.2508077,75.7043778,1.030,179.30
267.004,-0.78051,2.78206,10.19930,0.02688,-0.44471,-0.78435,31.2508077,75.7043778,1.030,179.30
267.106,-0.62728,3.12204,9.85453,0.10018,-0.52046,0.23946,31.2508077,75.7043778,1.030,179.30
267.210,0.28730,2.64799,11.42034,-0.48625,0.05009,0.52046,31.2508077,75.7043778,1.030,179.30
267.313,-1.56102,2.59053,9.82580,-0.02077,0.50946,0.01710,31.2508077,75.7043778,1.030,179.30
267.416,-0.82839,2.38941,7.66623,-0.15272,0.04032,0.55344,31.2508077,75.7043778,1.030,179.30
267.518,-0.29688,3.36625,7.46991,0.07086,0.64019,0.75259,31.2507976,75.7043777,0.910,178.00
267.620,0.87628,4.31435,10.27591,0.20159,0.63530,0.52168,31.2507976,75.7043777,0.910,178.00
267.722,0.95289,4.85544,11.64540,-0.01466,-0.11118,0.05376,31.2507976,75.7043777,0.910,178.00
267.825,1.15401,2.96402,7.64229,0.35430,-0.92729,-0.27611,31.2507976,75.7043777,0.910,178.00
267.928,0.85712,2.68151,8.65265,0.23213,0.39828,-0.49480,31.2507976,75.7043777,0.910,178.00
268.032,0.18675,3.15077,5.99508,-0.26756,-0.42761,-0.47037,31.2507976,75.7043777,0.910,178.00
268.136,-0.28252,2.64799,9.88326,0.25779,-0.14783,-0.42272,31.2507976,75.7043777,0.910,178.00
268.238,-0.84276,2.90656,9.96946,0.16738,0.14661,0.49724,31.2507976,75.7043777,0.910,178.00
268.340,0.22027,2.68151,11.92312,-0.96272,0.41417,0.99205,31.2507976,75.7043777,0.910,178.00
268.444,-0.68474,3.28006,8.35576,-0.16982,0.28466,0.05986,31.2507976,75.7043777,0.910,178.00
268.547,-0.02394,2.71981,8.13550,-0.42394,0.17471,0.50702,31.2507883,75.7043788,0.860,175.10
268.649,0.08619,3.63919,7.19218,0.09774,0.33598,0.35308,31.2507883,75.7043788,0.860,175.10
268.753,1.89142,3.96480,11.49217,-0.11851,-0.29932,0.14905,31.2507883,75.7043788,0.860,175.10
268.854,-0.07183,5.20499,11.52090,0.19914,0.21258,-0.57910,31.2507883,75.7043788,0.860,175.10
268.957,0.47405,2.53307,7.66145,0.81489,-0.97616,-0.49847,31.2507883,75.7043788,0.860,175.10
269.060,0.28730,2.46124,9.02614,0.40439,0.67440,-0.37751,31.2507883,75.7043788,0.860,175.10
269.163,0.17238,2.60010,6.84263,-0.33353,-0.53756,-0.27245,31.2507883,75.7043788,0.860,175.10
269.265,-0.61770,3.02148,9.29908,0.39218,0.13073,-0.44960,31.2507883,75.7043788,0.860,175.10
269.367,-0.07661,3.67271,9.89763,-0.44349,0.21136,0.70250,31.2507883,75.7043788,0.860,175.10
269.470,0.69432,2.39899,13.91989,-0.45448,0.21014,0.88698,31.2507784,75.7043813,0.890,171.80
269.572,-1.19231,2.75333,7.70933,0.16127,0.28466,0.15394,31.2507784,75.7043813,0.890,171.80
269.675,-0.38786,2.86825,7.71891,-0.31276,0.52168,0.81367,31.2507784,75.7043813,0.890,171.80
269.778,0.01437,3.76847,7.41724,0.07453,0.25901,0.69272,31.2507784,75.7043813,0.890,171.80
269.881,0.90980,4.54419,10.53449,0.34819,0.39462,0.55955,31.2507784,75.7043813,0.890,171.80
269.984,1.91057,4.97515,11.41555,-0.11973,0.31398,0.10018,31.2507784,75.7043813,0.890,171.80
270.087,2.32716,2.91135,9.39485,0.39095,-0.66584,-0.74037,31.2507784,75.7043813,0.890,171.80
270.190,0.28730,2.34153,7.29274,0.42761,-0.44349,-0.85643,31.2507784,75.7043813,0.890,171.80
270.293,0.45011,2.45166,6.16746,-0.32620,-0.05131,-0.74770,31.2507784,75.7043813,0.890,171.80
270.395,-1.35033,2.93050,9.21289,0.07941,-0.16616,-0.67684,31.2507784,75.7043813,0.890,171.80
270.499,-0.95768,3.75411,9.00699,-0.39584,-0.32987,0.38851,31.2507699,75.7043858,0.810,165.70
270.601,0.75178,2.27928,13.99650,-1.09223,-0.22602,0.81489,31.2507699,75.7043858,0.810,165.70
270.703,-1.14443,2.90177,9.33739,0.24435,0.12584,-0.74770,31.2507699,75.7043858,0.810,165.70
270.806,-0.28252,2.69108,6.86657,0.01100,0.39584,0.31032,31.2507699,75.7043858,0.810,165.70
270.909,0.77093,3.28006,8.44196,0.14172,0.07575,0.51679,31.2507699,75.7043858,0.810,165.70
271.012,1.28808,3.93607,11.51611,0.07941,0.15638,0.05131,31.2507699,75.7043858,0.810,165.70
271.116,0.50278,3.58651,13.90073,-0.44593,0.37018,0.23579,31.2507699,75.7043858,0.810,165.70
271.219,2.12126,2.50912,8.29830,-0.01833,-0.69639,-0.42150,31.2507699,75.7043858,0.810,165.70
271.323,0.93374,1.94409,7.30232,0.16616,-0.17226,-0.76236,31.2507699,75.7043858,0.810,165.70
271.426,0.22027,2.10211,8.78672,-0.01466,0.29199,-0.89919,31.2507699,75.7043858,0.810,165.70
271.528,-2.09732,3.22260,10.31422,0.45937,0.34331,-0.24068,31.2507599,75.7043901,0.870,163.50
271.630,-0.74699,3.34231,9.49540,-0.69639,-0.18815,1.12766,31.2507599,75.7043901,0.870,163.50
271.732,0.78051,1.67594,11.78426,-0.04643,-1.17286,0.34941,31.2507599,75.7043901,0.870,163.50
271.836,-0.77093,2.65756,5.96635,0.30665,0.45326,0.07086,31.2507599,75.7043901,0.870,163.50
271.938,0.63207,2.39899,7.80989,0.16127,0.90164,0.41050,31.2507599,75.7043901,0.870,163.50
272.041,0.75657,3.54821,8.86812,-0.02932,0.05498,0.37874,31.2507599,75.7043901,0.870,163.50
272.146,1.24498,5.01825,10.64462,0.10751,-0.52290,-0.36041,31.2507599,75.7043901,0.870,163.50
272.249,1.58496,2.56658,13.90552,0.60842,-0.26389,-0.45815,31.2507599,75.7043901,0.870,163.50
272.352,1.33118,2.95923,9.79707,0.31643,0.62919,-0.61697,31.2507599,75.7043901,0.870,163.50
272.454,0.61292,2.07817,6.36858,-0.03665,-0.96761,-0.58765,31.2507487,75.7043930,1.020,172.90
272.557,0.33519,1.85311,7.56568,0.19914,0.26267,-0.68906,31.2507487,75.7043930,1.020,172.90
272.659,-1.45089,2.54264,9.38527,-0.00855,0.22480,0.00367,31.2507487,75.7043930,1.020,172.90
272.761,-0.72305,3.17471,9.55765,-1.06413,0.00000,0.93218,31.2507487,75.7043930,1.020,172.90
272.864,0.67516,2.49955,11.49696,-0.07819,-0.41050,-0.13195,31.2507487,75.7043930,1.020,172.90
272.968,-0.76136,2.73897,6.78038,-0.06964,0.02566,0.19059,31.2507487,75.7043930,1.020,172.90
273.070,0.22027,2.85868,5.79876,0.08430,0.32620,0.42394,31.2507487,75.7043930,1.020,172.90
273.173,1.18752,3.72059,9.81144,0.31765,0.32254,0.21747,31.2507487,75.7043930,1.020,172.90
273.275,0.54588,5.10923,11.62146,-0.13073,-0.44715,-0.15882,31.2507487,75.7043930,1.020,172.90
273.377,1.44131,3.59609,12.65575,0.31398,0.09652,-0.26878,31.2507487,75.7043930,1.020,172.90
273.480,2.73418,2.80122,10.17057,0.09163,0.56566,-0.74403,31.2507359,75.7043968,0.970,177.80
273.582,-0.03831,2.13084,7.15866,0.15760,-1.04702,-0.91019,31.2507359,75.7043968,0.970,177.80
273.685,-0.22505,2.10690,8.46590,0.34086,-0.14783,-0.66584,31.2507359,75.7043968,0.970,177.80
273.788,-1.75734,3.11725,9.54329,0.44227,-0.09896,0.02077,31.2507359,75.7043968,0.970,177.80
273.891,0.31125,2.82995,10.47703,-0.96028,-0.14416,0.92241,31.2507359,75.7043968,0.970,177.80
273.996,-0.80924,2.73897,9.93594,0.33353,-0.54367,-0.55711,31.2507359,75.7043968,0.970,177.80
274.099,-0.51236,2.58095,6.99107,-0.27000,0.03910,0.45815,31.2507359,75.7043968,0.970,177.80
274.200,0.38307,3.84030,5.81312,0.02932,0.27733,0.52290,31.2507359,75.7043968,0.970,177.80
274.303,1.35512,4.20422,10.92235,-0.35797,0.65607,0.69150,31.2507359,75.7043968,0.970,177.80
274.405,2.13563,5.38695,10.84095,0.07575,-0.42150,-0.22358,31.2507359,75.7043968,0.970,177.80
274.508,0.50278,3.01669,13.17769,0.53634,0.56077,0.14416,31.2507254,75.7043973,0.970,183.30
274.610,1.35512,2.06859,8.94953,0.27122,0.60842,-0.41294,31.2507254,75.7043973,0.970,183.30
274.712,0.67038,2.29843,6.31590,-0.28955,-0.59254,-0.53512,31.2507254,75.7043973,0.970,183.30
274.813,0.23463,2.78206,9.53371,0.22358,-0.01344,-0.57910,31.2507254,75.7043973,0.970,183.30
274.916,-1.74298,3.75411,10.85531,0.51924,0.61331,0.37874,31.2507254,75.7043973,0.970,183.30
275.019,0.14365,3.36146,9.72525,-0.48381,0.24435,1.15820,31.2507254,75.7043973,0.970,183.30
275.120,-1.61848,3.38061,9.08839,0.06353,-0.00977,0.80879,31.2507254,75.7043973,0.970,183.30
275.223,0.63207,2.50912,8.03973,-0.67440,0.51068,1.52228,31.2507254,75.7043973,0.970,183.30
275.325,1.55144,2.84910,6.58405,-0.00367,0.22235,0.60598,31.2507254,75.7043973,0.970,183.30
275.429,1.92015,4.32872,9.50977,-0.03299,0.52290,0.47159,31.2507254,75.7043973,0.970,183.30
275.533,1.33596,5.18105,11.71722,0.38607,-0.72815,-0.53878,31.2507154,75.7043984,0.880,181.10
275.636,0.65122,3.12683,12.91911,0.77458,0.13195,-0.42272,31.2507154,75.7043984,0.880,181.10
275.737,1.71904,2.44687,8.19296,0.60720,0.10385,-0.38485,31.2507154,75.7043984,0.880,181.10
275.841,0.28252,2.05901,6.90488,-0.07575,-0.40439,-0.18082,31.2507154,75.7043984,0.880,181.10
275.945,-0.51715,2.55701,8.05888,0.01466,0.05009,-0.20036,31.2507154,75.7043984,0.880,181.10
276.047,-1.83396,3.62961,8.98783,0.28466,0.18082,0.21014,31.2507154,75.7043984,0.880,181.10
276.149,-0.76614,4.17549,8.76278,-0.67317,0.18570,1.23639,31.2507154,75.7043984,0.880,181.10
276.252,0.16759,3.22738,9.92636,-0.31643,-0.23213,0.69028,31.2507154,75.7043984,0.880,181.10
276.356,-0.11971,2.95444,8.10677,-0.34941,0.69394,0.73059,31.2507154,75.7043984,0.880,181.10
276.459,0.66559,3.63919,7.50822,0.01222,0.38240,0.69150,31.2507055,75.7044022,0.880,171.50
276.562,1.51792,4.16112,9.53850,0.42516,-0.10507,0.31154,31.2507055,75.7044022,0.880,171.50
276.665,1.94888,5.36780,9.87369,0.30910,-0.67073,-0.35064,31.2507055,75.7044022,0.880,171.50
276.767,2.03986,3.55300,12.05720,0.50457,-0.05498,-0.66829,31.2507055,75.7044022,0.880,171.50
276.870,1.05824,2.30801,9.65821,0.35552,0.29077,-0.89431,31.2507055,75.7044022,0.880,171.50
276.973,0.26336,2.48039,5.04698,-0.09774,-0.62308,-0.79535,31.2507055,75.7044022,0.880,171.50
277.076,0.30646,2.60010,9.09797,0.03421,-0.01466,-0.61697,31.2507055,75.7044022,0.880,171.50
277.181,-1.19231,3.44286,10.07959,0.16616,0.44104,0.27978,31.2507055,75.7044022,0.880,171.50
277.285,0.14844,2.94966,12.09551,-1.18141,0.28344,1.14843,31.2507055,75.7044022,0.880,171.50
277.387,-0.28252,2.63841,9.98861,0.06353,-0.18448,-0.45204,31.2507055,75.7044022,0.880,171.50
277.492,-0.43574,2.72939,6.32069,-0.42272,0.01466,0.16860,31.2506976,75.7044070,0.900,161.10
277.594,0.17238,3.48596,7.48427,-0.02810,0.47525,0.44838,31.2506976,75.7044070,0.900,161.10
277.698,1.47004,4.61602,10.14184,0.09529,0.04276,0.09407,31.2506976,75.7044070,0.900,161.10
277.801,0.73263,5.08528,11.76511,-0.06842,-0.46059,-0.46059,31.2506976,75.7044070,0.900,161.10
277.903,1.34075,2.87783,9.11233,0.76725,-0.98471,-0.87109,31.2506976,75.7044070,0.900,161.10
278.008,1.30723,2.56180,8.07804,0.17593,0.74159,-0.69639,31.2506976,75.7044070,0.900,161.10
278.111,0.80924,2.24097,6.63194,-0.22724,-0.47281,-0.78557,31.2506976,75.7044070,0.900,161.10
278.213,-0.45011,2.65278,10.25197,0.22602,-0.28344,-0.65485,31.2506976,75.7044070,0.900,161.10
278.316,-0.43574,3.32794,9.97424,0.02688,-0.04398,0.33720,31.2506976,75.7044070,0.900,161.10
278.418,0.93853,2.14999,13.80018,-0.96150,-0.12706,0.90164,31.2506976,75.7044070,0.900,161.10
278.524,-0.79966,2.83473,7.18261,0.42883,-0.40195,-0.39584,31.2506875,75.7044123,1.040,155.60
278.627,-0.04788,2.91135,7.05332,-0.24801,0.46670,0.55467,31.2506875,75.7044123,1.040,155.60
278.730,1.56102,3.26090,8.40365,0.21991,0.39462,0.28344,31.2506875,75.7044123,1.040,155.60
278.833,1.06303,4.75010,11.35330,-0.09652,0.39706,-0.35675,31.2506875,75.7044123,1.040,155.60
278.936,0.68474,4.65433,13.24472,-0.36530,0.25168,-0.35430,31.2506875,75.7044123,1.040,155.60
279.038,1.25456,2.85389,8.57603,0.13928,-0.69394,-0.82589,31.2506875,75.7044123,1.040,155.60
279.142,0.05267,2.08296,8.80587,0.05620,0.31643,-0.52046,31.2506875,75.7044123,1.040,155.60
279.244,0.12929,1.90578,8.00621,0.26756,-0.13928,-0.71960,31.2506875,75.7044123,1.040,155.60
279.346,-0.86191,2.61447,8.04931,0.53145,-0.50946,-0.59010,31.2506875,75.7044123,1.040,155.60
279.451,-1.34075,4.05578,8.80109,-0.63408,-0.39706,0.65240,31.2506760,75.7044167,1.000,161.80
279.553,0.25379,2.78206,14.18804,-0.45693,-0.22358,0.53390,31.2506760,75.7044167,1.000,161.80
279.656,-1.52750,3.07894,7.62314,0.22235,-0.04887,-0.01222,31.2506760,75.7044167,1.000,161.80
279.759,-0.10056,2.72460,6.36858,0.18082,0.20403,0.50946,31.2506760,75.7044167,1.000,161.80
279.862,0.18675,4.07014,6.78996,0.04765,0.39706,0.61453,31.2506760,75.7044167,1.000,161.80
279.965,2.06859,4.43885,11.70286,-0.34453,-0.09163,0.27000,31.2506760,75.7044167,1.000,161.80
280.067,0.43574,4.82192,14.18325,0.00977,0.32742,-0.23091,31.2506760,75.7044167,1.000,161.80
280.170,2.18351,2.94966,8.15465,0.23702,-0.24068,-0.43860,31.2506760,75.7044167,1.000,161.80
280.273,0.42617,2.62883,6.00466,0.15027,-0.43371,-0.56810,31.2506760,75.7044167,1.000,161.80
280.375,0.33519,2.76291,7.84340,-0.21747,-0.30177,-0.56688,31.2506760,75.7044167,1.000,161.80
280.477,-2.22661,3.28484,10.77870,0.41294,0.40806,-0.19303,31.2506655,75.7044198,0.920,167.30
280.580,-0.73263,3.16992,9.45710,-0.48747,0.00733,1.28526,31.2506655,75.7044198,0.920,167.30
280.683,0.88107,2.43730,9.89763,-0.42028,-0.22846,0.79901,31.2506655,75.7044198,0.920,167.30
280.786,-0.29209,2.93050,7.90087,-0.21747,0.62430,0.34941,31.2506655,75.7044198,0.920,167.30
280.891,1.23541,2.59053,7.61356,0.00000,0.64874,0.50213,31.2506655,75.7044198,0.920,167.30
280.993,0.65122,4.19943,9.36612,-0.46548,0.14905,0.71105,31.2506655,75.7044198,0.920,167.30
281.096,1.55623,4.77404,12.35887,-0.24801,-0.40928,0.01833,31.2506655,75.7044198,0.920,167.30
281.198,1.00556,3.14598,15.55273,0.03176,0.65363,-0.05742,31.2506655,75.7044198,0.920,167.30
281.301,1.91536,1.72861,8.86812,0.41905,-0.32498,-0.28833,31.2506655,75.7044198,0.920,167.30
281.403,1.06781,1.62327,6.33985,0.50335,-0.51313,-0.49480,31.2506655,75.7044198,0.920,167.30
281.508,1.68073,2.36547,5.74608,-0.41172,-0.16860,-0.51801,31.2506570,75.7044234,0.950,164.40
281.610,1.41737,2.24097,10.66377,-0.37018,0.02566,-0.51801,31.2506570,75.7044234,0.950,164.40
281.712,-1.00556,3.14598,10.77391,-0.59010,-0.41539,0.49358,31.2506570,75.7044234,0.950,164.40
281.813,0.02873,1.72861,12.25831,0.02932,0.02810,0.36163,31.2506570,75.7044234,0.950,164.40
281.915,-0.65601,2.16436,7.63750,0.11606,0.63286,0.10507,31.2506570,75.7044234,0.950,164.40
282.017,-0.15323,2.40857,6.98149,0.20036,0.33964,0.50580,31.2506570,75.7044234,0.950,164.40
282.121,1.27372,3.29442,8.33661,0.28588,0.71349,0.56933,31.2506570,75.7044234,0.950,164.40
282.224,1.30245,4.01747,11.59272,0.02199,-0.28222,-0.18082,31.2506570,75.7044234,0.950,164.40
282.326,-0.68474,3.73017,15.11220,-0.10385,1.19730,-0.02932,31.2506570,75.7044234,0.950,164.40
282.428,1.37427,2.43730,7.41724,0.01710,-0.86499,-0.43738,31.2506570,75.7044234,0.950,164.40
282.532,0.34477,2.33195,7.46512,0.27489,0.14783,-0.58887,31.2506471,75.7044284,0.980,161.20
282.636,0.67995,2.36068,8.23605,0.07941,0.10996,-0.54489,31.2506471,75.7044284,0.980,161.20
282.738,-1.49877,2.53785,10.35732,0.16249,0.27733,-0.00611,31.2506471,75.7044284,0.980,161.20
282.840,-1.54665,2.99275,9.04051,-0.42516,-0.57177,0.54245,31.2506471,75.7044284,0.980,161.20
282.942,-0.06704,1.81002,12.81856,-0.18692,-0.59254,0.25412,31.2506471,75.7044284,0.980,161.20
283.045,-1.30245,2.65278,7.01980,0.43127,-0.04398,-0.35675,31.2506471,75.7044284,0.980,161.20
283.147,0.90501,2.35111,6.79474,-0.16249,0.14661,0.27733,31.2506471,75.7044284,0.980,161.20
283.250,0.35913,3.62961,8.48984,-0.29932,-0.31398,0.45082,31.2506471,75.7044284,0.980,161.20
283.354,1.15401,4.37660,12.11945,0.17837,-0.10263,-0.16005,31.2506471,75.7044284,0.980,161.20
283.456,1.94888,3.50511,13.74751,-0.01833,0.83689,-0.10385,31.2506373,75.7044333,1.010,162.00
283.559,2.28407,2.71024,7.93917,0.45448,0.03421,-0.91141,31.2506373,75.7044333,1.010,162.00
283.660,0.91459,2.17872,8.20732,0.15149,-0.48503,-0.64385,31.2506373,75.7044333,1.010,162.00
283.762,0.63207,2.56180,7.21134,0.12462,-0.36652,-0.54123,31.2506373,75.7044333,1.010,162.00
283.865,-0.83318,2.85868,9.61511,0.46670,-0.04398,-0.42272,31.2506373,75.7044333,1.010,162.00
283.968,-0.35913,3.23217,9.32302,-0.37996,-0.61087,0.56077,31.2506373,75.7044333,1.010,162.00
284.069,0.76614,2.95923,12.20564,-0.76603,0.24312,0.61820,31.2506373,75.7044333,1.010,162.00
284.173,-0.36392,2.72939,9.59596,-0.19670,0.36041,0.07819,31.2506373,75.7044333,1.010,162.00
284.275,-0.41659,2.64799,7.49385,0.07086,-0.25656,0.39706,31.2506373,75.7044333,1.010,162.00
284.378,0.67995,3.06458,7.40766,0.21747,0.15760,0.73915,31.2506373,75.7044333,1.010,162.00
284.480,2.81079,3.44286,11.68849,-0.04520,0.23091,0.20769,31.2506272,75.7044382,0.950,162.70
284.583,0.97683,3.56736,15.92623,-0.53512,0.90775,0.02810,31.2506272,75.7044382,0.950,162.70
284.686,2.37984,2.14042,7.67581,0.08552,-0.69761,-0.77824,31.2506272,75.7044382,0.950,162.70
284.788,0.82361,1.69988,7.70454,0.43494,0.10018,-1.13621,31.2506272,75.7044382,0.950,162.70
284.892,1.36948,2.54264,7.68539,-0.28100,0.20647,-0.84299,31.2506272,75.7044382,0.950,162.70
284.998,-0.52194,3.73017,10.80264,0.22358,0.05498,-0.33720,31.2506272,75.7044382,0.950,162.70
285.100,0.40223,3.26090,11.19529,0.05131,-0.24435,0.43494,31.2506272,75.7044382,0.950,162.70
285.203,0.88585,2.23140,10.78348,0.21136,-0.77824,-0.01588,31.2506272,75.7044382,0.950,162.70
285.305,-0.72784,2.13563,7.00543,0.18326,-0.15760,-0.51313,31.2506272,75.7044382,0.950,162.70
285.407,0.08619,2.60489,7.20655,-0.27611,0.23335,-0.21869,31.2506272,75.7044382,0.950,162.70
285.509,0.82839,3.71580,8.14507,0.07208,0.39340,-0.31276,31.2506175,75.7044422,1.020,170.10
285.612,1.52271,4.31435,10.90798,-0.14050,-0.17959,-0.15882,31.2506175,75.7044422,1.020,170.10
285.714,1.51792,4.47237,10.52970,0.26145,-0.51557,-0.81367,31.2506175,75.7044422,1.020,170.10
285.816,1.98719,3.18429,12.20564,0.22846,-0.63041,-1.05558,31.2506175,75.7044422,1.020,170.10
285.918,2.25534,3.21781,8.35098,0.17471,0.75259,-1.35001,31.2506175,75.7044422,1.020,170.10
286.021,1.39821,2.63841,8.17859,0.35430,-0.45448,-1.58703,31.2506175,75.7044422,1.020,170.10
286.124,-0.39265,2.44209,9.23204,0.52901,-0.26756,-0.93951,31.2506175,75.7044422,1.020,170.10
286.226,-1.15401,2.69108,9.06924,0.20281,-0.47647,0.10140,31.2506175,75.7044422,1.020,170.10
286.329,-0.84276,4.02226,8.03015,-0.71716,-0.00122,0.38485,31.2506175,75.7044422,1.020,170.10
286.432,0.97205,2.61447,10.97023,-0.87354,-0.82955,-0.40195,31.2506175,75.7044422,1.020,170.10
286.534,-0.35913,2.69587,7.91044,-0.31398,-0.28466,-1.06046,31.2506079,75.7044403,1.100,198.30
286.638,0.70390,2.70545,7.27837,-0.30177,-0.15882,-0.75014,31.2506079,75.7044403,1.100,198.30
286.742,-0.05746,4.12282,9.00220,-0.53023,-0.45937,-1.05924,31.2506079,75.7044403,1.100,198.30
286.847,-0.31125,4.69264,12.96700,0.48014,-0.10263,-1.40621,31.2506079,75.7044403,1.100,198.30
286.952,-0.28252,2.64320,14.48492,0.21014,0.15516,-0.43494,31.2506079,75.7044403,1.100,198.30
287.057,2.64799,1.67594,6.96713,0.39951,-0.73304,-1.23639,31.2506079,75.7044403,1.100,198.30
287.160,0.83318,0.82839,8.11156,0.64385,-0.21014,-1.50395,31.2506079,75.7044403,1.100,198.30
287.264,0.60813,1.24020,8.08282,-0.08919,-0.10629,-1.38666,31.2506079,75.7044403,1.100,198.30
287.369,-1.48441,2.57137,11.02769,-0.31521,-0.69761,-0.64263,31.2506079,75.7044403,1.100,198.30
287.473,-1.50356,4.02705,10.77391,-0.52534,-0.41539,0.58032,31.2506013,75.7044320,1.130,235.30
287.578,0.85712,1.59933,12.85207,-0.38973,-1.27426,0.48625,31.2506013,75.7044320,1.130,235.30
287.681,-0.83797,2.71502,5.79397,0.85155,0.68417,-0.92607,31.2506013,75.7044320,1.130,235.30
287.783,0.93374,2.05422,7.85298,0.00611,0.65485,-0.30665,31.2506013,75.7044320,1.130,235.30
287.887,1.49877,3.67271,8.22169,-0.02443,-0.16738,-0.30299,31.2506013,75.7044320,1.130,235.30
287.992,2.20745,2.73418,13.46020,-0.48014,-0.31643,-0.62064,31.2506013,75.7044320,1.130,235.30
288.097,0.20111,2.71502,13.34528,0.01710,-0.55467,-1.34879,31.2506013,75.7044320,1.130,235.30
288.203,2.01113,1.22104,6.40688,0.73548,-0.65729,-2.04273,31.2506013,75.7044320,1.130,235.30
288.306,1.16837,1.24020,8.81066,0.20769,-0.36041,-1.67744,31.2506013,75.7044320,1.130,235.30
288.412,1.00556,2.15957,9.19852,-0.03543,-0.06109,-1.27793,31.2506013,75.7044320,1.130,235.30
288.515,-1.45089,2.51391,10.68293,0.19426,-0.86865,-0.27245,31.2506008,75.7044195,1.080,275.10
288.620,-2.23140,2.39420,10.61110,0.02321,-0.76480,1.07390,31.2506008,75.7044195,1.080,275.10
288.723,-1.89621,1.24977,12.65575,-0.21258,-0.70738,1.01281,31.2506008,75.7044195,1.080,275.10
288.829,-1.37427,1.47483,8.03973,-0.02199,0.62064,1.35856,31.2506008,75.7044195,1.080,275.10
288.934,0.12450,1.61848,8.33661,0.20403,0.93096,1.42087,31.2506008,75.7044195,1.080,275.10
289.038,1.19710,2.16436,7.67581,-0.23579,0.37751,1.54182,31.2506008,75.7044195,1.080,275.10
289.142,1.79086,3.63919,8.60476,-0.38607,0.62064,0.69272,31.2506008,75.7044195,1.080,275.10
289.247,1.16358,4.01747,9.86890,0.24679,-0.28344,0.27733,31.2506008,75.7044195,1.080,275.10
289.352,-0.49321,4.32872,12.43070,0.10263,0.84544,0.96272,31.2506008,75.7044195,1.080,275.10
289.456,0.34955,2.38462,8.66222,0.26512,-1.09834,0.43738,31.2506028,75.7044090,0.720,302.10
289.560,0.07661,2.59053,7.21612,0.21014,0.43371,0.43127,31.2506028,75.7044090,0.720,302.10
289.662,0.75178,3.52905,7.22570,0.09285,0.55100,0.44715,31.2506028,75.7044090,0.720,302.10
289.767,-0.04310,3.06937,9.39964,0.10507,-0.28711,0.68050,31.2506028,75.7044090,0.720,302.10
289.871,-0.04310,3.11725,10.24718,-0.06231,0.58032,0.93340,31.2506028,75.7044090,0.720,302.10
289.976,0.66080,2.21703,11.71243,-0.86132,0.25779,1.40010,31.2506028,75.7044090,0.720,302.10
290.080,-0.58897,1.93451,9.98861,0.21258,-0.09896,0.46304,31.2506028,75.7044090,0.720,302.10
290.184,-1.49877,2.75333,7.07247,-0.25534,0.29932,1.16553,31.2506028,75.7044090,0.720,302.10
290.290,-0.50278,3.44286,7.13472,0.57421,1.31336,1.15454,31.2506028,75.7044090,0.720,302.10
290.393,1.53708,3.87861,9.61033,-0.07819,-0.05742,1.03481,31.2506028,75.7044090,0.720,302.10
290.498,2.53785,4.93206,10.37168,-0.10385,-0.20769,0.42028,31.2506010,75.7044017,0.730,295.00
290.601,1.68073,3.14598,11.97580,0.79657,0.27489,-0.18937,31.2506010,75.7044017,0.730,295.00
290.703,-0.29688,2.21224,9.52413,0.75869,-0.08308,-0.23702,31.2506010,75.7044017,0.730,295.00
290.805,0.36392,1.96325,5.20021,0.07453,-0.79290,-0.16127,31.2506010,75.7044017,0.730,295.00
290.910,-1.00078,2.99275,8.65743,-0.23457,-0.11362,-0.10507,31.2506010,75.7044017,0.730,295.00
291.015,-0.57940,3.71580,11.25275,-0.11240,0.39095,0.77458,31.2506010,75.7044017,0.730,295.00
291.117,0.90501,3.62482,12.53604,-0.28588,0.50213,1.13865,31.2506010,75.7044017,0.730,295.00
291.220,-0.90980,3.06937,8.60955,0.39828,0.06231,-0.04276,31.2506010,75.7044017,0.730,295.00
291.325,-1.66636,2.51391,5.22415,-0.22602,0.63897,0.82711,31.2506010,75.7044017,0.730,295.00
291.428,0.61292,2.57616,7.08684,0.19670,0.58032,1.17042,31.2506010,75.7044017,0.730,295.00
291.531,3.02148,4.05099,10.68772,-0.40317,-0.13073,0.54978,31.2505983,75.7043932,0.990,257.00
291.635,0.34477,4.82671,15.72033,-0.25656,0.97494,-0.11362,31.2505983,75.7043932,0.990,257.00
291.738,1.59454,3.09810,9.16022,0.45693,-0.74281,-0.58521,31.2505983,75.7043932,0.990,257.00
291.842,0.36871,2.17872,7.30710,0.57544,-0.14783,-0.49358,31.2505983,75.7043932,0.990,257.00
291.947,0.63686,2.54743,6.31112,0.36408,-0.17471,-0.55100,31.2505983,75.7043932,0.990,257.00
292.051,-1.00556,3.51469,8.94953,0.10385,-0.17104,-0.16127,31.2505983,75.7043932,0.990,257.00
292.154,-0.55545,3.56257,9.78750,-0.60598,0.07453,0.43860,31.2505983,75.7043932,0.990,257.00
292.259,-1.01514,3.39019,10.87925,-0.50580,0.20525,0.04643,31.2505983,75.7043932,0.990,257.00
292.364,-0.61770,3.02627,8.51378,-0.18815,0.36408,0.20769,31.2505983,75.7043932,0.990,257.00
292.468,-0.59376,3.52426,7.73806,0.03176,0.44227,0.38851,31.2505904,75.7043848,1.040,231.70
292.571,0.00958,4.37660,8.14507,0.14172,-0.21380,0.53145,31.2505904,75.7043848,1.040,231.70
292.675,1.12049,5.19063,11.48738,-0.19426,0.07575,0.06475,31.2505904,75.7043848,1.040,231.70
292.779,1.23062,3.69186,14.27423,0.25656,0.34331,-0.02077,31.2505904,75.7043848,1.040,231.70
292.884,2.53307,2.03028,9.73961,0.38485,0.23824,-0.58887,31.2505904,75.7043848,1.040,231.70
292.988,1.19231,1.26414,6.59363,0.73304,-0.73059,-1.27793,31.2505904,75.7043848,1.040,231.70
293.092,1.10133,2.42293,7.61835,0.08063,-0.61087,-0.99449,31.2505904,75.7043848,1.040,231.70
293.197,-1.48919,3.71101,11.33894,-0.11240,0.31887,-0.06720,31.2505904,75.7043848,1.040,231.70
293.301,0.93374,2.91135,9.95988,-0.92118,-0.53756,0.55711,31.2505904,75.7043848,1.040,231.70
293.406,-0.77093,1.96803,10.12268,0.00977,-0.65973,-1.60658,31.2505904,75.7043848,1.040,231.70
293.509,-1.91057,3.42371,6.24887,-0.76114,-0.21991,-0.32865,31.2505827,75.7043756,1.100,228.60
293.611,0.22984,4.02705,7.59920,0.16005,0.35186,0.00733,31.2505827,75.7043756,1.100,228.60
293.713,1.50356,4.90811,8.97347,0.32009,0.39462,0.04887,31.2505827,75.7043756,1.100,228.60
293.819,1.94888,4.50589,10.32380,0.04276,-0.89675,-0.68783,31.2505827,75.7043756,1.100,228.60
293.923,3.05979,2.49955,11.09473,0.21991,-0.72693,-1.37200,31.2505827,75.7043756,1.100,228.60
294.028,1.91536,1.88184,10.62068,0.33598,0.38973,-1.88880,31.2505827,75.7043756,1.100,228.60
294.132,1.32160,1.01514,6.51223,0.38607,-1.50151,-1.61268,31.2505827,75.7043756,1.100,228.60
294.236,0.06704,1.91057,9.61990,0.06597,-0.44593,-1.00304,31.2505827,75.7043756,1.100,228.60
294.341,-1.77171,2.90177,11.02290,0.05986,-0.76236,-0.43860,31.2505827,75.7043756,1.100,228.60
294.444,0.72305,2.52828,11.58315,-1.54427,-0.21869,0.14050,31.2505827,75.7043756,1.100,228.60
294.547,-1.41258,3.10289,8.42759,0.15638,-0.21014,-1.16553,31.2505761,75.7043634,1.170,242.80
294.650,-0.70390,2.74854,9.29429,-0.43371,0.15638,-0.03787,31.2505761,75.7043634,1.170,242.80
294.752,-0.32561,3.28963,7.00543,0.18082,-0.14050,0.20403,31.2505761,75.7043634,1.170,242.80
294.857,1.58017,3.78763,8.64307,0.33475,0.18937,0.22969,31.2505761,75.7043634,1.170,242.80
294.960,1.32160,5.03740,10.26155,0.45693,0.02566,-0.70616,31.2505761,75.7043634,1.170,242.80
295.063,1.61848,2.97360,13.62301,0.23213,-0.03787,-0.72571,31.2505761,75.7043634,1.170,242.80
295.166,1.08697,3.08373,8.45153,0.33964,0.30421,-0.79290,31.2505761,75.7043634,1.170,242.80
295.273,0.58419,2.33674,6.77559,-0.33231,-0.77580,-0.22113,31.2505761,75.7043634,1.170,242.80
295.378,0.23942,2.83952,9.07881,-0.15760,-0.21014,-0.20647,31.2505761,75.7043634,1.170,242.80
295.481,-1.62806,3.45244,10.89362,0.10996,0.61087,0.27978,31.2505749,75.7043488,1.130,269.40
295.584,0.91937,2.53307,12.60308,-1.31458,0.38362,1.07268,31.2505749,75.7043488,1.130,269.40
295.690,0.33040,2.77727,9.75398,0.16371,-0.30665,-0.10018,31.2505749,75.7043488,1.130,269.40
295.795,-0.33998,2.38941,6.60321,0.03787,0.13928,0.38240,31.2505749,75.7043488,1.130,269.40
295.899,0.48363,3.39977,6.59363,0.22235,0.39340,0.56933,31.2505749,75.7043488,1.130,269.40
296.003,1.33118,3.84988,10.99896,0.37018,0.80756,-0.06231,31.2505749,75.7043488,1.130,269.40
296.107,-0.52194,4.58729,14.08269,-0.46426,0.41294,-0.57421,31.2505749,75.7043488,1.130,269.40
296.209,0.07661,3.05021,6.83784,0.07575,-0.98349,-0.69883,31.2505749,75.7043488,1.130,269.40
296.313,0.60334,1.74298,9.11712,0.24312,0.12950,-0.36896,31.2505749,75.7043488,1.130,269.40
296.418,0.90980,2.45645,6.35900,0.25168,-0.72326,-0.83689,31.2505749,75.7043488,1.130,269.40
296.520,-1.66158,3.61046,10.42435,0.28588,-0.16982,-0.36041,31.2505770,75.7043363,0.990,280.10
296.622,-0.66080,4.02226,10.56322,-0.23946,-0.38240,0.65118,31.2505770,75.7043363,0.990,280.10
296.725,0.41659,2.97839,10.99417,-0.43616,-0.22724,0.50457,31.2505770,75.7043363,0.990,280.10
296.829,0.02394,2.94487,7.16345,0.10385,0.07330,-0.17715,31.2505770,75.7043363,0.990,280.10
296.933,-0.63207,2.99754,6.99586,-0.06720,0.57299,0.65851,31.2505770,75.7043363,0.990,280.10
297.037,1.41258,3.53863,7.74285,0.37385,-0.17226,0.39095,31.2505770,75.7043363,0.990,280.10
297.141,1.75256,4.53462,11.18571,-0.25412,0.05009,0.11851,31.2505770,75.7043363,0.990,280.10
297.244,1.57060,3.01191,14.25987,0.23091,0.36163,-0.37141,31.2505770,75.7043363,0.990,280.10
297.348,1.58017,2.65756,7.99185,0.24557,0.09041,-0.75259,31.2505770,75.7043363,0.990,280.10
297.452,1.10612,2.28407,5.91368,0.01222,-0.68783,-0.57910,31.2505797,75.7043237,1.120,290.20
297.554,1.66636,2.23140,8.85376,0.10996,-0.35919,-0.70860,31.2505797,75.7043237,1.120,290.20
297.659,-1.14443,2.86347,10.94150,0.20281,0.33475,-0.36896,31.2505797,75.7043237,1.120,290.20
297.762,0.00479,3.14119,10.30943,-0.90897,0.24923,0.55711,31.2505797,75.7043237,1.120,290.20
297.868,-0.46448,2.71502,10.18015,-0.21747,0.09163,-0.45571,31.2505797,75.7043237,1.120,290.20
297.973,-0.52672,3.05500,6.89530,0.07330,0.03176,-0.04276,31.2505797,75.7043237,1.120,290.20
298.077,0.95289,3.46680,6.64630,0.21502,0.36041,0.46059,31.2505797,75.7043237,1.120,290.20
298.181,2.43251,4.22816,9.84975,0.20159,-0.30055,-0.08063,31.2505797,75.7043237,1.120,290.20
298.285,1.09176,5.24330,12.32535,-0.11240,-0.27978,-0.76603,31.2505797,75.7043237,1.120,290.20
298.389,2.18351,2.89220,9.00220,0.32132,-0.74159,-1.09223,31.2505797,75.7043237,1.120,290.20
298.493,1.25935,2.04944,8.66701,0.05620,-0.22846,-0.84422,31.2505854,75.7043117,1.110,302.10
298.596,1.02472,2.20745,6.27281,0.16982,-0.28588,-1.00182,31.2505854,75.7043117,1.110,302.10
298.700,-0.25379,2.91135,9.58638,0.27978,-0.16493,-0.55344,31.2505854,75.7043117,1.110,302.10
298.805,-0.34477,3.84988,10.07480,-0.39218,-0.27000,0.45937,31.2505854,75.7043117,1.110,302.10
298.910,1.29766,2.83952,11.99974,-0.61453,-0.54245,-0.08919,31.2505854,75.7043117,1.110,302.10
299.015,-0.25857,3.30879,6.07648,-0.10018,0.11851,-0.57177,31.2505854,75.7043117,1.110,302.10
299.119,0.56024,3.00233,8.04931,0.02932,0.79290,-0.21380,31.2505854,75.7043117,1.110,302.10
299.224,0.66559,4.45800,9.25119,0.05131,0.01955,0.24435,31.2505854,75.7043117,1.110,302.10
299.327,1.24977,5.06613,11.93270,0.00855,-0.24068,-0.12217,31.2505854,75.7043117,1.110,302.10
299.431,2.64320,4.06057,13.27824,-0.07819,0.33353,-0.63408,31.2505854,75.7043117,1.110,302.10
299.534,2.37026,2.95923,8.86333,0.70616,-0.25412,-1.48318,31.2505933,75.7043030,1.200,321.80
299.638,0.70868,1.86269,7.47470,0.41417,-0.46914,-0.97005,31.2505933,75.7043030,1.200,321.80
299.741,0.15802,2.32716,6.30154,0.16616,-0.41050,-0.86621,31.2505933,75.7043030,1.200,321.80
299.843,-0.66080,3.26569,10.11790,0.06842,-0.19914,-0.24312,31.2505933,75.7043030,1.200,321.80
299.947,-0.23463,3.74932,9.37569,-1.36467,-0.52779,0.63774,31.2505933,75.7043030,1.200,321.80
300.050,0.68953,2.85389,12.05720,-0.65729,-0.45326,-0.92118,31.2505933,75.7043030,1.200,321.80
300.155,-0.52672,3.51469,6.00945,-0.06231,-0.15760,-0.67684,31.2505933,75.7043030,1.200,321.80
300.260,-0.59855,3.94564,7.17782,0.31521,0.90408,0.12706,31.2505933,75.7043030,1.200,321.80
300.365,0.80924,4.36224,9.15543,0.25045,0.57544,0.38729,31.2505933,75.7043030,1.200,321.80
300.468,3.16035,4.96557,12.10987,-0.10263,-1.13499,-0.71471,31.2506024,75.7043001,1.170,345.40
300.570,1.86269,2.99275,12.11466,0.56444,-0.27367,-1.36101,31.2506024,75.7043001,1.170,345.40
300.674,1.07739,2.43251,9.58638,0.41172,-0.03665,-1.19485,31.2506024,75.7043001,1.170,345.40
300.780,0.95289,1.92015,5.98550,0.19426,-1.58458,-1.17530,31.2506024,75.7043001,1.170,345.40
300.884,0.33998,2.16436,8.50899,0.06475,-0.38607,-1.19974,31.2506024,75.7043001,1.170,345.40
300.987,-1.58496,3.02627,8.91601,-0.05253,-0.10018,0.03665,31.2506024,75.7043001,1.170,345.40
301.091,0.29209,3.42850,11.95664,-1.31947,0.41294,0.83078,31.2506024,75.7043001,1.170,345.40
301.194,-0.17238,2.70545,10.62068,-0.20892,0.20525,-0.34331,31.2506024,75.7043001,1.170,345.40
301.296,-0.72305,2.69108,6.41646,-0.27245,0.14050,0.10996,31.2506024,75.7043001,1.170,345.40
301.404,0.04788,2.90656,5.96156,-0.05498,0.38851,0.56200,31.2506024,75.7043001,1.170,345.40
301.507,1.89142,3.74453,12.24395,-0.05986,0.32254,0.64385,31.2506120,75.7043020,1.180,15.80
301.609,0.97683,5.12359,13.08671,0.05498,0.09529,-0.59865,31.2506120,75.7043020,1.180,15.80
301.715,0.84276,2.19788,9.31344,0.74403,-0.97616,-0.87109,31.2506120,75.7043020,1.180,15.80
301.819,0.19632,2.51870,7.56089,0.51313,-0.06475,-0.71716,31.2506120,75.7043020,1.180,15.80
301.924,0.82839,2.47082,6.58884,-0.03910,-0.39218,-0.43249,31.2506120,75.7043020,1.180,15.80
302.028,0.17238,1.99198,9.57202,0.62919,-0.41172,-0.67562,31.2506120,75.7043020,1.180,15.80
302.132,-1.01514,3.06937,9.82102,-0.43005,-0.23579,0.64507,31.2506120,75.7043020,1.180,15.80
302.236,0.74699,2.03028,11.59751,-0.65607,-0.22724,0.46914,31.2506120,75.7043020,1.180,15.80
302.340,-0.77572,3.02627,6.59842,-0.50824,0.30055,-0.19548,31.2506120,75.7043020,1.180,15.80
302.445,-0.66080,3.18429,8.05409,-0.64141,0.28588,0.60964,31.2506200,75.7043089,1.220,38.70
302.547,0.32082,3.69665,7.92960,0.07575,0.38485,0.78435,31.2506200,75.7043089,1.220,38.70
302.652,1.17316,4.90333,12.17691,0.03421,-0.12339,-0.11851,31.2506200,75.7043089,1.220,38.70
302.756,0.76614,3.33273,15.63893,0.31521,0.42883,-0.06475,31.2506200,75.7043089,1.220,38.70
302.862,1.57538,2.57616,8.38928,0.59743,-0.35064,-0.79046,31.2506200,75.7043089,1.220,38.70
302.967,0.74220,2.14999,6.81390,0.28466,-0.82711,-0.77213,31.2506200,75.7043089,1.220,38.70
303.071,-0.28252,2.60010,7.92002,0.18448,0.13683,-0.52779,31.2506200,75.7043089,1.220,38.70
303.175,-1.92015,2.89220,10.73081,0.24679,0.17837,0.07086,31.2506200,75.7043089,1.220,38.70
303.280,-0.25857,3.18908,9.61033,-0.94928,0.09896,0.96883,31.2506200,75.7043089,1.220,38.70
303.385,-0.79009,2.81079,11.70286,-0.17593,-0.16982,0.09774,31.2506200,75.7043089,1.220,38.70
303.489,-1.35512,3.40934,6.84263,-0.14050,0.07330,0.72082,31.2506290,75.7043155,1.180,42.10
303.593,0.21548,3.11246,6.42604,0.04154,0.33475,1.16187,31.2506290,75.7043155,1.180,42.10
303.699,2.18351,3.56257,9.57681,-0.26023,0.27367,0.77213,31.2506290,75.7043155,1.180,42.10
303.803,1.81959,5.20021,12.54562,0.00855,-0.53878,-0.49114,31.2506290,75.7043155,1.180,42.10
303.905,0.82839,3.10289,10.29986,0.93340,-0.71349,-0.51801,31.2506290,75.7043155,1.180,42.10
304.010,1.73340,2.28407,8.16423,0.47159,0.30421,-0.43494,31.2506290,75.7043155,1.180,42.10
304.115,0.47405,2.65756,6.80911,0.02566,-0.12339,-0.37996,31.2506290,75.7043155,1.180,42.10
304.218,0.61292,3.13162,9.11233,0.20769,-0.42761,-0.51313,31.2506290,75.7043155,1.180,42.10
304.324,-0.11492,3.55778,10.41957,-0.11240,-0.01955,0.52168,31.2506290,75.7043155,1.180,42.10
304.429,1.88184,2.56180,11.90876,-0.92974,0.12706,0.77213,31.2506290,75.7043155,1.180,42.10
304.532,-0.81882,2.88262,9.33739,-0.22113,0.10996,-0.13195,31.2506368,75.7043220,1.070,40.80
304.634,-0.67995,2.84910,7.07726,0.22602,0.01344,0.39828,31.2506368,75.7043220,1.070,40.80
304.737,-0.11013,3.71580,7.46991,0.35675,0.44715,0.68906,31.2506368,75.7043220,1.070,40.80
304.842,2.29365,4.40533,10.17536,-0.10873,0.19670,0.38240,31.2506368,75.7043220,1.070,40.80
304.945,0.33519,5.44441,13.06276,0.05131,0.99815,-0.44838,31.2506368,75.7043220,1.070,40.80
305.052,1.76213,3.13162,8.74362,0.02321,-0.90042,-0.26389,31.2506368,75.7043220,1.070,40.80
305.155,0.72305,2.65278,8.41323,0.26634,0.45082,-0.33353,31.2506368,75.7043220,1.070,40.80
305.259,-0.51715,3.42850,7.54174,0.18692,0.32620,-0.10629,31.2506368,75.7043220,1.070,40.80
305.364,0.00479,3.75890,9.29429,0.21258,0.34575,0.15516,31.2506368,75.7043220,1.070,40.80
305.471,-1.56581,4.13239,9.81144,-0.01955,0.27611,0.40806,31.2506443,75.7043258,1.040,35.80
305.574,-1.53708,2.81558,9.89284,-0.17349,0.08552,0.51435,31.2506443,75.7043258,1.040,35.80
305.677,-1.72383,2.80122,6.61278,-0.30055,0.38729,0.18326,31.2506443,75.7043258,1.040,35.80
305.781,-1.52271,3.67271,6.70855,-0.03665,0.21502,0.59620,31.2506443,75.7043258,1.040,35.80
305.888,-0.32082,4.65433,8.37971,0.00855,-0.00611,0.60109,31.2506443,75.7043258,1.040,35.80
305.991,0.20111,5.68384,11.01812,-0.17226,-0.28344,0.09285,31.2506443,75.7043258,1.040,35.80
306.094,1.13006,3.17950,12.12903,0.27000,-0.73059,0.21869,31.2506443,75.7043258,1.040,35.80
306.197,1.51792,2.76770,9.34218,-0.03176,0.70616,0.01222,31.2506443,75.7043258,1.040,35.80
306.303,0.96247,3.08852,7.00543,-0.04276,-0.20036,-0.52168,31.2506443,75.7043258,1.040,35.80
306.408,-0.76136,3.35667,10.66856,0.22846,-0.17837,-0.64141,31.2506443,75.7043258,1.040,35.80
306.513,-1.61369,3.39019,8.78193,0.40195,0.20036,0.46304,31.2506531,75.7043272,1.020,20.40
306.618,1.02951,2.35111,10.91277,-0.94684,0.14539,1.40866,31.2506531,75.7043272,1.020,20.40
306.721,0.34477,2.50433,8.37013,-0.19181,-0.53267,-0.16371,31.2506531,75.7043272,1.020,20.40
306.824,-1.06303,3.35188,7.34541,-0.38851,0.11851,0.34697,31.2506531,75.7043272,1.020,20.40
306.930,-0.32082,3.93607,7.60877,0.07208,0.63897,0.55222,31.2506531,75.7043272,1.020,20.40
307.034,0.97205,3.97437,10.46745,0.15394,0.51801,0.27855,31.2506531,75.7043272,1.020,20.40
307.138,1.47962,4.96557,11.36767,0.10996,0.03054,0.04765,31.2506531,75.7043272,1.020,20.40
307.241,1.47483,3.05979,8.41323,0.61942,-0.48869,-0.33720,31.2506531,75.7043272,1.020,20.40
307.343,0.51236,2.51391,7.57047,0.16860,0.07208,-0.09529,31.2506531,75.7043272,1.020,20.40
307.447,0.47884,2.59053,6.41646,-0.04398,0.01466,-0.47892,31.2506531,75.7043272,1.020,20.40
307.550,-0.39744,3.02627,8.89685,0.14783,-0.05253,-0.66829,31.2506636,75.7043279,1.060,11.20
307.653,-0.46448,3.97437,10.79306,-0.11851,0.05253,0.41050,31.2506636,75.7043279,1.060,11.20
307.755,0.69432,3.18429,11.99016,-0.81612,-0.15882,0.87354,31.2506636,75.7043279,1.060,11.20
307.859,-0.82361,3.01191,7.49864,0.17104,0.15760,-0.31643,31.2506636,75.7043279,1.060,11.20
307.961,-0.27294,3.67271,6.50744,-0.10385,0.53756,0.40928,31.2506636,75.7043279,1.060,11.20
308.065,0.73263,4.11803,7.69496,0.03176,-0.05864,0.43371,31.2506636,75.7043279,1.060,11.20
308.168,1.25456,4.55377,11.28148,0.00733,-0.12706,-0.13317,31.2506636,75.7043279,1.060,11.20
308.270,0.18675,4.73094,12.23916,-0.04887,0.29077,0.16616,31.2506636,75.7043279,1.060,11.20
308.374,2.06859,2.95444,8.64786,0.19670,0.09285,-0.22846,31.2506636,75.7043279,1.060,11.20
308.479,1.01993,2.29843,9.14106,0.40684,-0.41905,-0.23702,31.2506737,75.7043293,1.080,3.10
308.582,0.21548,2.82995,7.51300,0.38240,0.21502,-0.19548,31.2506737,75.7043293,1.080,3.10
308.684,-1.48441,3.18908,10.03170,0.12706,0.28466,0.21869,31.2506737,75.7043293,1.080,3.10
308.786,-0.58897,4.30477,8.76757,-0.35797,0.02932,0.78679,31.2506737,75.7043293,1.080,3.10
308.890,0.47884,3.96001,11.12346,-0.40195,0.02810,0.18448,31.2506737,75.7043293,1.080,3.10
308.993,-0.74220,3.35188,7.29274,0.12095,0.32009,-0.03299,31.2506737,75.7043293,1.080,3.10
309.096,0.13886,3.23217,7.48427,0.13683,0.38851,0.22602,31.2506737,75.7043293,1.080,3.10
309.199,1.53708,4.27604,9.38048,-0.03299,-0.12950,0.10018,31.2506737,75.7043293,1.080,3.10
309.305,0.88585,5.73651,10.85531,-0.18692,-0.21502,-0.76114,31.2506737,75.7043293,1.080,3.10
309.407,1.01993,3.23696,8.80587,0.63041,-1.27671,-0.96272,31.2506737,75.7043293,1.080,3.10
309.510,-0.14365,3.07894,9.32302,0.44104,0.53756,-0.75503,31.2506836,75.7043285,1.110,358.60
309.614,0.76136,2.53307,6.26802,-0.04276,-0.81612,-0.71593,31.2506836,75.7043285,1.110,358.60
309.717,-0.82361,2.89220,9.80665,-0.01466,-0.20647,-0.37507,31.2506836,75.7043285,1.110,358.60
309.822,-1.01035,3.41413,9.70609,0.33720,-0.04643,0.55467,31.2506836,75.7043285,1.110,358.60
309.925,1.37906,3.05979,13.81454,-0.62919,-0.53145,0.07330,31.2506836,75.7043285,1.110,358.60
310.032,-2.26491,3.59130,7.46991,0.77458,0.21869,-0.33598,31.2506836,75.7043285,1.110,358.60
310.136,-0.06704,2.99754,7.44597,-0.38607,0.03176,0.74770,31.2506836,75.7043285,1.110,358.60
310.239,0.43096,4.01747,7.16824,-0.03543,0.64141,0.64141,31.2506836,75.7043285,1.110,358.60
310.342,1.23541,5.12359,9.72046,0.16249,0.07697,0.23702,31.2506836,75.7043285,1.110,358.60
310.446,1.12049,5.00388,13.08192,-0.74648,0.86132,0.61820,31.2506836,75.7043285,1.110,358.60
310.548,1.66158,3.54342,8.44674,0.43860,-0.36530,-0.64996,31.2506940,75.7043289,1.030,2.00
310.652,0.82839,2.96402,6.77559,0.45815,-0.54123,-0.45815,31.2506940,75.7043289,1.030,2.00
310.757,1.12049,3.42850,6.53617,0.10629,0.13195,-0.57666,31.2506940,75.7043289,1.030,2.00
310.862,-0.86191,3.61046,9.56723,0.18204,-0.55100,-0.44471,31.2506940,75.7043289,1.030,2.00
310.966,-1.39821,5.44441,9.54808,-0.20892,-0.10873,0.21136,31.2506940,75.7043289,1.030,2.00
311.069,-0.79009,3.51948,11.89439,-0.54000,-0.11118,0.35552,31.2506940,75.7043289,1.030,2.00
311.172,-2.64799,3.67271,6.93361,0.56933,0.17959,0.19303,31.2506940,75.7043289,1.030,2.00
311.278,-0.15802,3.06937,5.98550,-0.12706,0.65118,1.08856,31.2506940,75.7043289,1.030,2.00
311.383,1.19710,4.28083,7.81946,-0.10629,0.63163,0.98716,31.2506940,75.7043289,1.030,2.00
311.486,2.35111,5.62159,10.71645,-0.05986,-0.20036,0.24435,31.2507039,75.7043305,1.100,8.70
311.588,3.19865,3.70144,13.89595,-0.29932,0.32254,0.42883,31.2507039,75.7043305,1.100,8.70
311.690,2.41814,3.14119,9.76834,0.30788,-0.03421,-0.69272,31.2507039,75.7043305,1.100,8.70
311.795,1.26414,2.57616,5.96156,-0.19181,-1.10444,-0.80268,31.2507039,75.7043305,1.100,8.70
311.900,-0.51715,3.29442,8.70053,-0.10629,0.03176,-0.73059,31.2507039,75.7043305,1.100,8.70
312.005,-1.52271,3.48596,12.51689,0.06109,-0.47403,0.32742,31.2507039,75.7043305,1.100,8.70
312.111,0.39744,3.99832,8.93037,-0.39095,0.60598,1.09223,31.2507039,75.7043305,1.100,8.70
312.217,-0.22984,2.84910,10.13226,0.07453,0.32987,-0.27122,31.2507039,75.7043305,1.100,8.70
312.323,-0.03831,2.92571,6.48829,-0.41783,0.36408,0.49724,31.2507039,75.7043305,1.100,8.70
312.427,0.25857,3.72059,6.73250,0.06842,0.37996,0.88209,31.2507039,75.7043305,1.100,8.70
312.533,2.04465,4.47237,10.40999,-0.40439,0.24679,0.66096,31.2507140,75.7043322,1.120,9.70
312.636,0.61770,6.25844,11.55921,0.57666,0.03421,-0.01833,31.2507140,75.7043322,1.120,9.70
312.738,1.89621,2.49955,9.14585,1.02625,-0.67684,-0.12584,31.2507140,75.7043322,1.120,9.70
312.843,1.33596,2.50912,8.73405,0.58277,-0.09041,-0.34575,31.2507140,75.7043322,1.120,9.70
312.946,1.01514,3.21781,5.27203,-0.26389,-0.53267,-0.70005,31.2507140,75.7043322,1.120,9.70
313.051,-1.16358,3.75411,9.70131,0.28955,-0.49480,-0.56322,31.2507140,75.7043322,1.120,9.70
313.155,-0.17238,3.94564,9.23683,0.16371,-0.10996,0.61820,31.2507140,75.7043322,1.120,9.70
313.259,2.41336,3.09331,11.92312,-0.83811,0.33842,0.64996,31.2507140,75.7043322,1.120,9.70
313.363,-1.23541,3.88340,7.98227,0.17959,0.00855,-0.26267,31.2507140,75.7043322,1.120,9.70
313.466,-0.06704,3.46202,7.00543,-0.14539,0.42638,0.62064,31.2507246,75.7043308,1.000,3.20
313.568,1.61848,4.13718,6.79474,0.17471,0.27855,0.60109,31.2507246,75.7043308,1.000,3.20
313.670,2.71981,5.24330,10.90319,0.24557,1.04336,0.23579,31.2507246,75.7043308,1.000,3.20
313.773,1.96325,6.09085,11.16656,-0.32865,-0.04276,0.11240,31.2507246,75.7043308,1.000,3.20
313.881,2.08296,3.15556,10.45308,0.39584,-1.00548,-0.70494,31.2507246,75.7043308,1.000,3.20
313.986,1.25456,3.08852,9.81144,0.40073,0.24923,-0.74281,31.2507246,75.7043308,1.000,3.20
314.087,0.88107,3.04542,4.82192,-0.22113,-1.12033,-0.54000,31.2507246,75.7043308,1.000,3.20
314.191,1.68552,3.69665,8.39407,-0.33598,0.52657,-0.32865,31.2507246,75.7043308,1.000,3.20
314.294,0.09098,4.16112,9.34696,0.27000,-0.00855,-0.10507,31.2507246,75.7043308,1.000,3.20
314.398,0.40223,4.62560,10.05565,-0.85643,0.46426,0.58765,31.2507246,75.7043308,1.000,3.20
314.503,-0.24421,3.89776,10.86968,0.14661,0.05498,0.10996,31.2507338,75.7043303,0.930,359.90
314.605,-0.29688,3.40455,6.56490,-0.18937,-0.04154,0.70127,31.2507338,75.7043303,0.930,359.90
314.709,2.22182,3.84988,6.78038,-0.02566,0.40073,0.27611,31.2507338,75.7043303,0.930,359.90
314.810,1.34554,5.58328,8.23127,0.27122,0.14172,-0.22724,31.2507338,75.7043303,0.930,359.90
314.915,2.87783,7.05332,11.12825,-0.31398,-0.53267,-0.38729,31.2507338,75.7043303,0.930,359.90
315.019,2.42293,2.55222,10.98939,0.55955,-0.99327,-1.09223,31.2507338,75.7043303,0.930,359.90
315.125,0.30167,2.56180,8.80587,0.61697,-0.01588,-0.93218,31.2507338,75.7043303,0.930,359.90
315.231,1.55623,2.48518,5.63595,-0.34208,-1.66400,-0.28222,31.2507338,75.7043303,0.930,359.90
315.336,0.71347,3.30879,8.13071,0.36774,0.16493,-0.66584,31.2507338,75.7043303,0.930,359.90
315.440,-0.79966,4.29999,10.41957,0.05131,0.14172,-0.06353,31.2507338,75.7043303,0.930,359.90
315.544,0.30167,4.45322,9.94551,-0.87842,0.34208,1.06291,31.2507444,75.7043291,1.080,358.70
315.646,1.08218,3.84030,11.22402,-0.13683,0.10018,-0.19548,31.2507444,75.7043291,1.080,358.70
315.749,-0.77572,3.96001,5.12359,-0.01833,0.19181,0.39218,31.2507444,75.7043291,1.080,358.70
315.854,2.53307,3.74453,7.55131,0.18082,0.27000,0.67073,31.2507444,75.7043291,1.080,358.70
315.959,3.09331,5.24809,9.35175,0.26634,0.18692,0.05253,31.2507444,75.7043291,1.080,358.70
316.063,3.04542,6.09564,9.71567,-0.45204,-0.27733,-0.42272,31.2507444,75.7043291,1.080,358.70
316.167,1.98719,3.65355,10.38605,0.42394,-0.35552,-1.25105,31.2507444,75.7043291,1.080,358.70
316.271,1.81480,2.59053,9.48583,0.14539,-0.46914,-0.86254,31.2507444,75.7043291,1.080,358.70
316.375,0.97683,3.13162,5.64553,-0.17837,-0.43738,-0.72693,31.2507444,75.7043291,1.080,358.70
316.479,0.15802,3.45244,10.40999,0.01588,-0.19792,-0.29688,31.2507541,75.7043300,1.110,3.00
316.583,0.11013,3.88340,7.85298,-0.52046,-0.23335,0.84544,31.2507541,75.7043300,1.110,3.00
316.687,3.13162,2.82037,12.65575,-0.93585,-0.66340,0.50702,31.2507541,75.7043300,1.110,3.00
316.791,-0.01915,3.15077,7.30710,0.49236,0.73182,-0.61331,31.2507541,75.7043300,1.110,3.00
316.895,0.87628,2.73418,6.41646,-0.12584,0.13806,0.33353,31.2507541,75.7043300,1.110,3.00
317.000,2.43251,3.79720,8.93037,-0.08919,0.04032,0.40317,31.2507541,75.7043300,1.110,3.00
317.102,3.48596,4.79798,10.66377,0.25168,-0.19059,-0.63530,31.2507541,75.7043300,1.110,3.00
317.208,2.52828,3.58651,15.77779,-0.49480,0.65118,-0.34086,31.2507541,75.7043300,1.110,3.00
317.311,2.35589,3.27048,7.80031,0.47525,-0.58521,-1.50884,31.2507541,75.7043300,1.110,3.00
317.415,1.15879,2.99275,5.73172,0.02932,-1.01892,-0.82955,31.2507541,75.7043300,1.110,3.00
317.519,1.75256,3.21302,6.40688,-0.02077,-0.02688,-0.84422,31.2507634,75.7043319,1.130,14.30
317.621,-0.12450,3.44765,12.30620,0.25290,0.14539,-0.07330,31.2507634,75.7043319,1.130,14.30
317.723,-0.04310,5.47315,9.76834,-0.04032,0.10629,0.65485,31.2507634,75.7043319,1.130,14.30
317.828,0.92895,3.25133,11.26711,-0.77091,0.16616,0.50824,31.2507634,75.7043319,1.130,14.30
317.931,-0.35913,3.95043,6.18183,-0.15394,0.17104,-0.04520,31.2507634,75.7043319,1.130,14.30
318.035,1.35512,3.72059,7.14909,0.07453,0.43982,0.69516,31.2507634,75.7043319,1.130,14.30
318.139,2.63841,4.18028,8.20253,0.07453,-0.02321,0.61087,31.2507634,75.7043319,1.130,14.30
318.242,1.97761,5.73172,12.46900,-0.18448,-0.23457,-0.43860,31.2507634,75.7043319,1.130,14.30
318.346,2.25055,3.12683,10.29507,0.24679,-0.54734,-0.55100,31.2507634,75.7043319,1.130,14.30
318.450,1.29766,3.15556,8.86333,-0.01710,0.84299,-0.55467,31.2507634,75.7043319,1.130,14.30
318.552,1.33596,2.88741,6.81869,-0.15516,-0.53390,-0.63774,31.2507735,75.7043357,1.100,24.30
318.652,-0.65122,3.03585,9.96467,0.53145,0.40928,-0.47281,31.2507735,75.7043357,1.100,24.30
318.756,-1.66636,2.97360,8.48026,0.55467,-0.21014,0.85765,31.2507735,75.7043357,1.100,24.30
318.861,0.11013,3.93128,9.28471,-0.55833,0.75259,1.25716,31.2507735,75.7043357,1.100,24.30
318.966,0.35913,3.48117,10.60631,0.08063,0.38240,0.40684,31.2507735,75.7043357,1.100,24.30
319.069,0.18675,3.43807,6.83784,-0.30543,0.39340,0.87232,31.2507735,75.7043357,1.100,24.30
319.176,1.23541,4.09887,6.68940,0.04643,0.37751,0.62797,31.2507735,75.7043357,1.100,24.30
319.280,0.22027,5.96156,9.45231,0.19914,0.51924,-0.13561,31.2507735,75.7043357,1.100,24.30
319.386,-0.15323,7.23528,11.11388,0.87598,-0.69883,-0.22969,31.2507735,75.7043357,1.100,24.30
319.490,1.59454,2.26013,12.45464,0.63530,-0.24801,0.46426,31.2507831,75.7043394,1.010,25.10
319.593,0.39265,2.53307,7.74285,0.12217,0.29322,-0.46548,31.2507831,75.7043394,1.010,25.10
319.696,0.74699,3.19387,5.26724,-0.73304,-0.43860,0.02077,31.2507831,75.7043394,1.010,25.10
319.798,0.22984,3.90734,8.59040,0.06109,0.33475,-0.33475,31.2507831,75.7043394,1.010,25.10
319.902,-1.52750,3.79242,11.56399,0.11606,0.75869,0.54489,31.2507831,75.7043394,1.010,25.10
320.006,-0.42138,2.47560,11.17613,-1.17042,1.29870,1.42576,31.2507831,75.7043394,1.010,25.10
320.109,-2.48518,3.85466,8.01579,0.43616,-0.13195,0.04887,31.2507831,75.7043394,1.010,25.10
320.213,0.63207,2.55701,7.25922,-0.26878,-0.11118,1.13377,31.2507831,75.7043394,1.010,25.10
320.319,0.84276,3.69665,5.86579,0.47037,0.53512,0.40561,31.2507831,75.7043394,1.010,25.10
320.422,1.17316,4.66869,10.13226,-0.52657,0.21258,0.33353,31.2507831,75.7043394,1.010,25.10
320.526,0.77572,5.43005,12.92869,-0.28711,-0.34819,-0.10996,31.2507924,75.7043409,1.000,5.30
320.631,1.86269,2.32238,12.13860,0.43738,-1.27793,-0.30910,31.2507924,75.7043409,1.000,5.30
320.733,0.93853,1.68552,8.09240,0.50335,0.54367,-0.66462,31.2507924,75.7043409,1.000,5.30
320.837,1.83875,1.86269,5.27682,0.23335,-0.21869,-0.69272,31.2507924,75.7043409,1.000,5.30
320.941,1.55623,2.10690,7.29753,-0.14050,0.29199,-0.38485,31.2507924,75.7043409,1.000,5.30
321.045,0.00958,2.95923,10.18493,-0.28100,0.02199,-0.23579,31.2507924,75.7043409,1.000,5.30
321.147,-1.63763,4.09887,11.48738,-0.56200,0.09407,0.33353,31.2507924,75.7043409,1.000,5.30
321.252,-0.06704,2.40378,12.12424,0.00122,-0.54978,0.00977,31.2507924,75.7043409,1.000,5.30
321.356,-1.58017,2.90177,6.70855,0.42272,-0.32376,0.10385,31.2507924,75.7043409,1.000,5.30
321.461,0.07661,3.10767,5.95199,-0.16127,0.31032,0.62186,31.2508016,75.7043409,1.070,1.50
321.564,1.13006,3.95043,8.29830,-0.12462,0.60720,0.52779,31.2508016,75.7043409,1.070,1.50
321.667,1.56581,4.28083,13.16332,-0.16371,-0.23457,0.18082,31.2508016,75.7043409,1.070,1.50
321.770,1.94409,3.73495,14.49450,-0.36285,0.48747,0.30543,31.2508016,75.7043409,1.070,1.50
321.874,1.98240,1.78129,8.71011,0.82222,-0.65118,-1.08734,31.2508016,75.7043409,1.070,1.50
321.979,0.33998,1.47004,6.32069,0.57421,-0.50457,-0.82100,31.2508016,75.7043409,1.070,1.50
322.083,0.79009,2.23140,7.81946,0.12828,0.07208,-0.48014,31.2508016,75.7043409,1.070,1.50
322.187,-0.41659,2.85389,10.08438,0.03421,0.10873,-0.09652,31.2508016,75.7043409,1.070,1.50
322.291,0.04788,4.11324,9.39006,-0.47159,-0.08063,0.56810,31.2508016,75.7043409,1.070,1.50
322.395,0.11971,2.83473,10.76433,-0.58887,-0.45937,0.10385,31.2508016,75.7043409,1.070,1.50
322.500,-0.77572,3.23217,7.53695,-0.01955,0.35675,-0.04643,31.2508127,75.7043403,1.100,359.20
322.603,1.30245,3.52426,7.93438,-0.04276,0.45815,0.55589,31.2508127,75.7043403,1.100,359.20
322.706,2.82995,3.17950,9.62948,-0.44960,-0.30299,0.16616,31.2508127,75.7043403,1.100,359.20
322.809,-0.17717,3.51948,12.66054,-0.11362,0.10140,-0.96517,31.2508127,75.7043403,1.100,359.20
322.913,1.36948,3.09331,7.66623,0.10018,-0.38485,-0.86743,31.2508127,75.7043403,1.100,359.20
323.017,0.45490,2.15478,9.09318,0.06231,-0.21991,-0.09163,31.2508127,75.7043403,1.100,359.20
323.122,0.94332,2.57616,6.24408,0.23946,0.32132,-0.54489,31.2508127,75.7043403,1.100,359.20
323.226,-0.53630,4.12282,8.37971,0.21991,0.53145,-0.24923,31.2508127,75.7043403,1.100,359.20
323.329,1.39343,3.63919,8.07325,-0.15760,-0.05864,1.34024,31.2508127,75.7043403,1.100,359.20
323.435,2.87783,4.18985,11.62624,-1.05435,1.60413,1.01037,31.2508127,75.7043403,1.100,359.20
323.540,-1.38385,3.50032,11.25275,0.16738,-0.13073,-0.90775,31.2508234,75.7043404,0.960,3.50
323.643,-1.19710,3.04064,6.94318,0.36163,-0.55833,0.14294,31.2508234,75.7043404,0.960,3.50
323.748,0.49799,3.87861,6.33506,0.45693,0.00244,0.08919,31.2508234,75.7043404,0.960,3.50
323.851,1.33118,5.48751,10.42914,0.11118,-0.50702,-0.64630,31.2508234,75.7043404,0.960,3.50
323.957,0.84755,3.88340,14.16889,0.37263,0.07819,-0.87354,31.2508234,75.7043404,0.960,3.50
324.061,0.19632,3.04542,9.74919,0.31032,-0.01466,-0.21747,31.2508234,75.7043404,0.960,3.50
324.164,0.68953,2.54264,4.57293,-0.43127,-1.10200,-0.21136,31.2508234,75.7043404,0.960,3.50
324.271,0.26336,3.16035,8.97826,0.09896,0.88698,-0.37629,31.2508234,75.7043404,0.960,3.50
324.375,-1.61848,4.17070,9.60554,0.03910,-0.01588,0.55711,31.2508234,75.7043404,0.960,3.50
324.479,0.61770,3.49553,12.04283,-1.58458,0.77336,1.41965,31.2508340,75.7043424,1.150,10.80
324.585,-0.41659,3.41892,10.66377,0.43860,-0.14172,-0.54489,31.2508340,75.7043424,1.150,10.80
324.690,-0.21548,3.05500,7.16345,-0.34941,0.07330,0.44715,31.2508340,75.7043424,1.150,10.80
324.793,1.43652,3.84509,5.79397,-0.03054,0.48014,0.31398,31.2508340,75.7043424,1.150,10.80
324.898,0.43574,4.26647,11.64061,0.35919,0.20892,-0.08308,31.2508340,75.7043424,1.150,10.80
325.003,-0.18675,5.17148,11.65497,0.02199,0.01955,-0.12584,31.2508340,75.7043424,1.150,10.80
325.106,1.23541,1.49877,7.24007,0.50702,-0.87598,-0.72449,31.2508340,75.7043424,1.150,10.80
325.211,-0.60813,2.55701,9.63427,0.03421,0.43616,-0.77946,31.2508340,75.7043424,1.150,10.80
325.317,0.71347,2.86347,6.70855,-0.22602,-0.36041,-0.74892,31.2508340,75.7043424,1.150,10.80
325.422,-1.70467,3.53863,9.73482,-0.02566,-0.02321,-0.43005,31.2508340,75.7043424,1.150,10.80
325.528,-0.54109,3.59130,11.03248,0.27122,-0.15272,0.48869,31.2508443,75.7043451,0.990,12.20
325.630,0.25857,2.93050,14.08269,-0.93096,0.39462,0.93951,31.2508443,75.7043451,0.990,12.20
325.732,-2.39420,2.86347,7.99663,0.88698,0.23702,-0.34331,31.2508443,75.7043451,0.990,12.20
325.837,-0.23463,2.52828,6.78038,-0.21380,-0.21869,0.72204,31.2508443,75.7043451,0.990,12.20
325.941,1.17316,3.97437,6.89051,0.16249,0.69516,0.50335,31.2508443,75.7043451,0.990,12.20
326.045,2.73897,5.04698,10.10832,-0.04032,0.31398,0.00244,31.2508443,75.7043451,0.990,12.20
326.148,2.14042,6.22492,9.27993,0.30788,-0.43005,-0.54734,31.2508443,75.7043451,0.990,12.20
326.252,3.07416,2.49476,11.08515,0.32376,-0.87232,-0.97250,31.2508443,75.7043451,0.990,12.20
326.356,0.12929,2.49955,8.67659,0.58277,-0.66218,-1.49540,31.2508443,75.7043451,0.990,12.20
326.459,-0.07183,2.92571,5.41568,-0.47037,-0.89309,-0.99082,31.2508545,75.7043486,1.060,15.10
326.561,-1.32639,3.28006,8.59997,0.73548,-0.19426,-0.84055,31.2508545,75.7043486,1.060,15.10
326.665,-0.48842,4.19464,8.33661,-0.58032,-0.50580,0.88820,31.2508545,75.7043486,1.060,15.10
326.768,1.55144,2.69587,16.80730,-0.82833,0.30665,0.80390,31.2508545,75.7043486,1.060,15.10
326.873,-1.11570,3.49553,7.35978,0.45448,-0.19670,-0.37629,31.2508545,75.7043486,1.060,15.10
326.978,0.13408,2.82516,6.44998,0.17715,0.84422,0.78557,31.2508545,75.7043486,1.060,15.10
327.083,2.42293,3.92170,8.34619,0.18692,0.50335,0.73915,31.2508545,75.7043486,1.060,15.10
327.186,3.58651,5.41090,10.72602,-0.54978,-0.06109,0.00122,31.2508545,75.7043486,1.060,15.10
327.290,2.12605,4.22816,14.06833,-0.39706,0.70005,-0.45693,31.2508545,75.7043486,1.060,15.10
327.397,1.65200,3.15556,8.90164,0.40928,-0.50946,-1.16431,31.2508545,75.7043486,1.060,15.10
327.504,0.53630,2.37026,6.95755,0.09407,-0.98471,-0.72082,31.2508634,75.7043536,1.090,23.40
327.607,0.40701,2.39899,8.71968,0.44593,-0.26389,-0.79901,31.2508634,75.7043536,1.090,23.40
327.712,-1.30723,3.21781,9.20331,0.49724,-0.81734,-0.66096,31.2508634,75.7043536,1.090,23.40
327.816,-0.94332,4.36702,8.34619,-0.52657,0.00489,0.58521,31.2508634,75.7043536,1.090,23.40
327.919,0.42617,3.25611,11.44428,0.02810,-0.66462,-0.10263,31.2508634,75.7043536,1.090,23.40
328.024,-0.91937,3.95522,5.51145,-0.22724,0.21869,0.47770,31.2508634,75.7043536,1.090,23.40
328.127,0.65601,3.65355,7.62314,-0.08063,0.74037,0.80879,31.2508634,75.7043536,1.090,23.40
328.231,1.26893,4.61602,8.17380,0.15760,0.25656,0.39951,31.2508634,75.7043536,1.090,23.40
328.337,1.74298,5.01346,11.31500,0.00122,-0.04154,0.16738,31.2508634,75.7043536,1.090,23.40
328.441,2.98318,4.16591,12.32535,-0.18326,0.72449,0.17959,31.2508634,75.7043536,1.090,23.40
328.546,2.19309,3.30400,9.46667,0.35186,0.00122,-0.93340,31.2508722,75.7043592,1.070,32.80
328.649,1.11091,2.45645,6.97670,0.12339,-0.83444,-0.74037,31.2508722,75.7043592,1.070,32.80
328.753,0.66080,2.91614,6.75165,-0.36896,0.18570,-0.56444,31.2508722,75.7043592,1.070,32.80
328.858,-0.50278,2.92093,10.34295,-0.25412,-0.45204,-0.43249,31.2508722,75.7043592,1.070,32.80
328.962,-1.45567,3.92649,9.69173,-0.34697,-0.43127,0.71716,31.2508722,75.7043592,1.070,32.80
329.064,0.43096,1.86748,12.25352,-0.55955,0.09896,0.75259,31.2508722,75.7043592,1.070,32.80
329.168,-1.69031,2.90656,7.54174,0.30421,0.32865,0.29566,31.2508722,75.7043592,1.070,32.80
329.272,0.37350,2.70545,7.23049,0.15516,0.33231,0.85888,31.2508722,75.7043592,1.070,32.80
329.378,1.21147,3.64876,8.04452,0.24068,0.62430,0.79901,31.2508722,75.7043592,1.070,32.80
329.481,1.99198,4.68785,11.14740,0.25290,0.04032,-0.13561,31.2508815,75.7043657,1.070,39.50
329.583,1.19231,3.62961,14.03002,-0.36896,0.75625,0.13073,31.2508815,75.7043657,1.070,39.50
329.686,0.71826,2.65278,8.02536,0.30788,-0.85155,-0.64752,31.2508815,75.7043657,1.070,39.50
329.789,0.60334,2.69108,6.27281,0.25412,-0.60720,-0.38485,31.2508815,75.7043657,1.070,39.50
329.895,1.27372,3.44765,8.06367,-0.10263,0.08674,-0.42394,31.2508815,75.7043657,1.070,39.50
329.999,-0.31125,3.84509,10.04607,0.20036,0.01833,-0.33598,31.2508815,75.7043657,1.070,39.50
330.104,-1.23062,4.64954,10.21366,-0.28711,0.04520,0.85888,31.2508815,75.7043657,1.070,39.50
330.210,0.30646,2.32238,10.66377,-0.27978,-0.61331,0.43860,31.2508815,75.7043657,1.070,39.50
330.314,-1.97282,3.75890,5.90410,0.27122,0.62553,0.46426,31.2508815,75.7043657,1.070,39.50
330.419,1.79565,3.77326,7.64229,0.07697,0.55711,0.86865,31.2508815,75.7043657,1.070,39.50
330.523,1.65679,5.19063,8.02536,0.06353,0.21014,0.35919,31.2508912,75.7043718,1.030,39.10
330.625,2.43251,6.03818,9.22725,0.09652,-0.26389,-0.48869,31.2508912,75.7043718,1.030,39.10
330.728,2.25534,3.34231,12.20564,0.17104,-0.04520,-0.67317,31.2508912,75.7043718,1.030,39.10
330.831,0.66559,3.30400,8.88728,0.33598,0.23824,-0.91141,31.2508912,75.7043718,1.030,39.10
330.936,0.99599,2.77249,6.51223,0.09041,-1.15454,-0.63286,31.2508912,75.7043718,1.030,39.10
331.041,0.99599,3.28963,7.86735,0.07453,-0.16616,-0.58399,31.2508912,75.7043718,1.030,39.10
331.145,-1.11570,3.79720,10.59674,0.28466,0.21380,0.40317,31.2508912,75.7043718,1.030,39.10
331.249,0.50757,2.78206,10.30943,-0.66829,-0.22969,1.09467,31.2508912,75.7043718,1.030,39.10
331.354,-0.07183,3.20344,9.12670,-0.03299,0.62553,0.01100,31.2508912,75.7043718,1.030,39.10
331.458,1.17316,3.47638,7.03416,-0.27245,0.63408,0.52046,31.2509008,75.7043771,1.040,34.90
331.560,1.69031,4.24731,7.56089,0.11118,0.26512,0.28833,31.2509008,75.7043771,1.040,34.90
331.662,1.95367,5.02304,9.35175,-0.04032,-0.36285,-0.05498,31.2509008,75.7043771,1.040,34.90
331.765,1.85311,3.69186,14.82490,-0.24312,0.11118,-0.35797,31.2509008,75.7043771,1.040,34.90
331.870,2.59531,2.76291,9.32302,0.37874,-0.07330,-1.11177,31.2509008,75.7043771,1.040,34.90
331.974,1.08697,2.23618,6.31590,0.25045,-0.96028,-0.85765,31.2509008,75.7043771,1.040,34.90
332.076,2.11647,2.25534,7.67102,0.07086,0.03787,-0.72937,31.2509008,75.7043771,1.040,34.90
332.181,-0.97205,3.07894,11.53048,-0.20647,-0.37996,-0.60476,31.2509008,75.7043771,1.040,34.90
332.281,-1.12049,4.44843,8.21690,-0.17226,-0.90286,0.55100,31.2509008,75.7043771,1.040,34.90
332.384,1.87705,2.66714,13.02446,-0.60109,0.68661,0.43249,31.2509008,75.7043771,1.040,34.90
332.488,-1.97282,3.10289,6.76123,0.32009,0.08430,0.25290,31.2509102,75.7043840,1.170,37.20
332.590,-0.29209,3.23696,5.59285,0.59254,0.40073,0.81367,31.2509102,75.7043840,1.170,37.20
332.693,0.05267,4.92727,8.03973,0.46304,1.16675,0.85277,31.2509102,75.7043840,1.170,37.20
332.797,2.45166,5.39653,12.06678,-0.08919,0.56200,0.46304,31.2509102,75.7043840,1.170,37.20
332.903,2.87304,4.08930,13.74272,-0.02077,0.31643,0.43494,31.2509102,75.7043840,1.170,37.20
333.009,2.86825,2.69587,8.32224,0.20647,0.06231,-0.63897,31.2509102,75.7043840,1.170,37.20
333.113,0.50278,3.27527,6.16746,0.11362,-1.05313,-1.11788,31.2509102,75.7043840,1.170,37.20
333.218,0.18675,3.85945,8.75799,0.14783,-0.10385,-0.32009,31.2509102,75.7043840,1.170,37.20
333.323,-1.49398,3.72059,8.57124,0.31643,0.30665,0.25045,31.2509102,75.7043840,1.170,37.20
333.432,0.00958,2.93050,9.82102,-1.03603,1.20463,1.31580,31.2509102,75.7043840,1.170,37.20
333.536,-0.97205,3.62961,9.81144,-0.35064,0.18570,0.57910,31.2509197,75.7043917,1.130,34.10
333.639,-0.17238,3.29442,8.33182,-0.39584,1.10444,1.23028,31.2509197,75.7043917,1.130,34.10
333.743,0.79487,3.35667,7.73327,0.32620,0.74526,0.94073,31.2509197,75.7043917,1.130,34.10
333.848,2.66235,4.75010,9.62469,0.01222,0.05864,0.56444,31.2509197,75.7043917,1.130,34.10
333.950,2.15957,5.88016,11.07558,0.03421,-0.65851,-0.41539,31.2509197,75.7043917,1.130,34.10
334.052,1.76692,3.65355,11.01333,0.84910,-1.02625,-0.97128,31.2509197,75.7043917,1.130,34.10
334.157,1.74777,2.85868,9.26556,0.41661,-0.00122,-0.89186,31.2509197,75.7043917,1.130,34.10
334.263,0.94332,2.72460,6.35900,0.16493,-0.93340,-0.89064,31.2509197,75.7043917,1.130,34.10
334.366,-0.39744,2.96881,8.23605,0.31643,-0.26267,-0.88698,31.2509197,75.7043917,1.130,34.10
334.470,-1.29287,3.85466,9.29429,0.00733,-0.11851,0.30788,31.2509302,75.7043980,1.140,28.00
334.571,0.96247,2.76291,10.04607,-1.56992,0.11362,1.26571,31.2509302,75.7043980,1.140,28.00
334.673,-0.62249,3.55300,8.74841,-0.04520,0.03299,-0.24068,31.2509302,75.7043980,1.140,28.00
334.778,-0.08619,3.51948,7.67102,-0.31154,0.39706,0.82100,31.2509302,75.7043980,1.140,28.00
334.881,2.04465,3.66792,7.22091,0.50702,0.97250,0.69639,31.2509302,75.7043980,1.140,28.00
334.984,2.61447,4.73573,12.24395,-0.34208,0.29688,0.24679,31.2509302,75.7043980,1.140,28.00
335.086,1.37906,5.85622,9.92636,0.17226,-0.79535,-0.51068,31.2509302,75.7043980,1.140,28.00
335.190,2.29843,2.81079,10.40999,0.56322,-0.58399,-0.73548,31.2509302,75.7043980,1.140,28.00
335.293,1.22583,2.05901,7.25922,0.43738,-0.91996,-0.73793,31.2509302,75.7043980,1.140,28.00
335.396,0.59376,2.63362,5.85143,-0.11729,-0.55467,-0.80390,31.2509302,75.7043980,1.140,28.00
335.501,-0.53630,2.89220,10.07959,0.26634,0.23702,-0.27855,31.2509416,75.7044033,1.200,29.40
335.604,-0.25379,3.84509,9.96467,-0.11851,0.35186,0.74037,31.2509416,75.7044033,1.200,29.40
335.707,1.00078,3.62482,13.23515,-1.40010,0.93340,1.22540,31.2509416,75.7044033,1.200,29.40
335.809,-0.20111,3.73017,8.94474,0.29810,0.13073,-0.32376,31.2509416,75.7044033,1.200,29.40
335.912,-0.27294,3.47159,7.42203,0.22113,0.35430,0.82589,31.2509416,75.7044033,1.200,29.40
336.015,1.12049,3.96959,7.29274,0.16493,0.14661,0.88820,31.2509416,75.7044033,1.200,29.40
336.118,2.72939,4.87938,10.07480,-0.10873,-0.08063,0.04520,31.2509416,75.7044033,1.200,29.40
336.219,1.58975,3.46202,15.22233,-0.22358,0.36774,0.38240,31.2509416,75.7044033,1.200,29.40
336.322,2.52349,3.17950,8.65743,0.51191,0.08796,-0.80512,31.2509416,75.7044033,1.200,29.40
336.426,1.42216,2.63362,5.63595,0.05864,-1.16797,-0.50091,31.2509416,75.7044033,1.200,29.40
336.529,1.21147,3.00712,7.34062,-0.25168,-0.04154,-0.50702,31.2509520,75.7044072,1.030,24.10
336.631,-1.38864,3.62003,10.09874,0.27367,0.17471,0.01955,31.2509520,75.7044072,1.030,24.10
336.734,-0.02394,3.90255,9.10275,-0.28222,0.08308,0.96639,31.2509520,75.7044072,1.030,24.10
336.836,1.49877,2.79164,11.64540,-0.40073,-0.16860,0.64752,31.2509520,75.7044072,1.030,24.10
336.939,-0.20111,3.50990,7.32147,-0.07453,0.62553,0.25045,31.2509520,75.7044072,1.030,24.10
337.042,0.54588,3.49075,7.69018,0.03421,0.39706,0.69150,31.2509520,75.7044072,1.030,24.10
337.145,1.11570,3.73495,7.63750,0.07575,0.32742,0.82467,31.2509520,75.7044072,1.030,24.10
337.247,3.10289,4.33829,11.23359,0.07697,-0.23702,0.00244,31.2509520,75.7044072,1.030,24.10
337.350,1.79086,3.86903,12.87602,-0.58032,0.78802,0.45082,31.2509520,75.7044072,1.030,24.10
337.453,2.29365,2.92093,8.74362,0.40561,0.05864,-0.68661,31.2509634,75.7044104,1.020,16.80
337.555,1.40779,2.57137,5.77003,0.08796,-0.78557,-0.81245,31.2509634,75.7044104,1.020,16.80
337.657,0.29209,2.92571,7.93438,-0.05131,0.35064,-0.75869,31.2509634,75.7044104,1.020,16.80
337.760,-1.94888,3.56736,10.60153,0.23702,0.24190,0.16982,31.2509634,75.7044104,1.020,16.80
337.863,-0.05746,3.61524,7.72369,-0.30910,-0.13561,1.25594,31.2509634,75.7044104,1.020,16.80
337.966,1.59454,2.39420,12.66533,-0.10873,-0.11729,0.50457,31.2509634,75.7044104,1.020,16.80
338.071,-1.01514,3.83551,6.31112,0.16005,0.37751,0.22969,31.2509634,75.7044104,1.020,16.80
338.174,1.45567,3.57215,7.24007,0.29322,0.62430,0.62553,31.2509634,75.7044104,1.020,16.80
338.278,1.96325,4.80277,8.03015,0.05986,0.22602,0.39951,31.2509634,75.7044104,1.020,16.80
338.381,2.25055,5.33907,11.36288,0.22724,-0.57666,-0.45815,31.2509634,75.7044104,1.020,16.80
338.485,2.73897,3.63919,12.49773,0.30788,-0.34208,-0.46426,31.2509721,75.7044129,1.050,9.90
338.588,1.60890,3.02627,8.41323,0.49480,-0.10018,-0.98594,31.2509721,75.7044129,1.050,9.90
338.692,1.37427,2.96881,6.24887,-0.24312,-1.10078,-0.86010,31.2509721,75.7044129,1.050,9.90
338.798,0.87628,3.39977,8.88249,-0.01710,-0.37751,-0.85155,31.2509721,75.7044129,1.050,9.90
338.904,-1.61369,4.37660,9.87369,0.25656,0.17593,0.08308,31.2509721,75.7044129,1.050,9.90
339.008,-0.23463,4.80756,9.84975,-0.32498,0.72937,1.16675,31.2509721,75.7044129,1.050,9.90
339.113,1.50835,3.73495,10.53928,-0.21136,0.39218,0.55711,31.2509721,75.7044129,1.050,9.90
339.218,0.09098,3.60567,6.69419,-0.04887,0.40195,0.44471,31.2509721,75.7044129,1.050,9.90
339.322,0.82839,3.82115,6.01902,0.22846,0.41172,0.75992,31.2509721,75.7044129,1.050,9.90
339.426,3.34231,4.63517,8.44196,-0.18570,0.10385,0.77213,31.2509721,75.7044129,1.050,9.90
339.529,3.06937,6.17704,11.30542,-0.17593,-0.21136,-0.32987,31.2509820,75.7044149,1.120,7.60
339.633,2.90656,3.86424,11.39161,0.20647,-0.54367,-0.93707,31.2509820,75.7044149,1.120,7.60
339.735,2.71024,2.64320,8.99741,0.32254,0.29566,-1.52838,31.2509820,75.7044149,1.120,7.60
339.841,0.15323,2.73897,6.90967,-0.09774,-1.22173,-0.85032,31.2509820,75.7044149,1.120,7.60
339.946,-0.33519,2.74854,7.54174,0.06475,-0.63041,-0.31154,31.2509820,75.7044149,1.120,7.60
340.050,-0.72305,3.24175,9.70609,0.26634,0.30788,0.42150,31.2509820,75.7044149,1.120,7.60
340.153,1.33596,2.65756,11.38204,-1.78250,0.91752,1.71164,31.2509820,75.7044149,1.120,7.60
340.256,0.15323,3.35667,9.92157,0.16493,-0.17959,0.09041,31.2509820,75.7044149,1.120,7.60
340.361,1.27372,2.61447,8.86333,-0.06720,0.58643,1.05558,31.2509820,75.7044149,1.120,7.60
340.465,2.12605,3.79242,6.83305,0.61331,0.60598,0.59498,31.2509947,75.7044162,1.140,8.80
340.567,3.07416,4.35266,10.61110,0.20281,0.42272,0.39706,31.2509947,75.7044162,1.140,8.80
340.670,1.97282,4.95121,13.02925,-0.69639,0.41783,0.17715,31.2509947,75.7044162,1.140,8.80
340.774,1.71904,2.57137,7.47949,0.48991,-1.37323,-1.02992,31.2509947,75.7044162,1.140,8.80
340.879,0.86670,2.48518,7.39808,0.45815,0.24679,-0.74403,31.2509947,75.7044162,1.140,8.80
340.983,0.79487,3.08852,6.91445,-0.27245,0.12339,-0.36408,31.2509947,75.7044162,1.140,8.80
341.087,0.12929,3.30400,10.36211,-0.16127,0.26512,0.12584,31.2509947,75.7044162,1.140,8.80
341.192,0.88585,3.85945,8.68138,-0.30910,-0.25045,0.58154,31.2509947,75.7044162,1.140,8.80
341.294,1.29287,2.14042,13.78581,-0.42638,0.12950,0.62553,31.2509947,75.7044162,1.140,8.80
341.395,-1.30245,3.26569,6.57448,0.49480,0.15394,-0.27855,31.2509947,75.7044162,1.140,8.80
341.496,0.49321,3.54342,8.30788,-0.24068,0.72693,0.62797,31.2510059,75.7044170,1.150,2.70
341.599,1.44131,4.56814,8.14507,0.12828,0.35919,0.05253,31.2510059,75.7044170,1.150,2.70
341.701,1.83396,4.78840,11.18571,-0.05986,-0.12339,-0.28344,31.2510059,75.7044170,1.150,2.70
341.805,3.25133,3.95043,13.30219,-0.08063,0.33109,-0.32376,31.2510059,75.7044170,1.150,2.70
341.909,1.93930,2.64320,11.04685,0.54123,0.11362,-1.01526,31.2510059,75.7044170,1.150,2.70
342.013,0.72305,1.99198,5.43484,0.59376,-1.18997,-1.08001,31.2510059,75.7044170,1.150,2.70
342.118,0.15323,2.68629,7.06768,-0.30421,-0.12706,-0.42150,31.2510059,75.7044170,1.150,2.70
342.222,-1.84354,3.17471,10.05565,0.02321,0.37141,0.24801,31.2510059,75.7044170,1.150,2.70
342.326,0.18196,2.98318,10.39562,-1.30847,0.03054,1.20951,31.2510059,75.7044170,1.150,2.70
342.429,-0.13408,2.37505,10.40041,-0.72204,0.17349,-0.16493,31.2510059,75.7044170,1.150,2.70
342.533,-0.26336,2.41336,7.37414,-0.12706,0.26878,0.07697,31.2510184,75.7044166,1.170,2.60
342.639,0.53151,2.72460,7.36935,0.15760,0.59376,0.52290,31.2510184,75.7044166,1.170,2.60
342.742,1.77650,3.87861,9.52413,0.08186,0.10507,0.55344,31.2510184,75.7044166,1.170,2.60
342.845,2.33195,5.19542,10.47703,0.10873,-1.06901,-0.47037,31.2510184,75.7044166,1.170,2.60
342.947,0.39265,3.07894,11.18092,0.80390,-0.75869,-0.83566,31.2510184,75.7044166,1.170,2.60
343.052,0.46448,2.40857,9.16500,0.54611,0.11484,-0.66218,31.2510184,75.7044166,1.170,2.60
343.157,-0.39744,3.14119,5.55934,0.16127,-0.51068,-0.40928,31.2510184,75.7044166,1.170,2.60
343.263,-0.56982,2.67193,9.22725,0.77458,0.16493,-0.10873,31.2510184,75.7044166,1.170,2.60
343.368,-1.05345,3.41892,9.72525,-0.14539,-0.19059,0.92485,31.2510184,75.7044166,1.170,2.60
343.473,-1.87705,3.25611,12.60308,-0.67562,0.03421,0.24190,31.2510292,75.7044187,1.280,11.20
343.576,-1.26893,2.81079,6.52181,-0.04887,0.70372,0.88698,31.2510292,75.7044187,1.280,11.20
343.680,0.05267,2.83473,7.20176,0.36652,0.67562,0.91141,31.2510292,75.7044187,1.280,11.20
343.783,2.47560,3.90255,7.17782,0.04643,0.40317,0.83322,31.2510292,75.7044187,1.280,11.20
343.888,2.12605,5.91368,12.84250,-1.32802,0.68050,-0.25168,31.2510292,75.7044187,1.280,11.20
343.991,1.81002,2.36068,11.18092,0.71593,-1.93400,-0.68173,31.2510292,75.7044187,1.280,11.20
344.094,0.74699,2.01113,6.73250,0.95417,-0.09529,-0.85643,31.2510292,75.7044187,1.280,11.20
344.197,0.56982,2.58574,5.79397,0.08063,-0.24679,-0.82955,31.2510292,75.7044187,1.280,11.20
344.301,-1.96325,2.91614,8.46111,0.47281,-0.18692,-0.61697,31.2510292,75.7044187,1.280,11.20
344.406,-1.11570,4.31914,8.51378,-0.58643,-0.10263,0.89309,31.2510292,75.7044187,1.280,11.20
344.511,-0.89543,2.86825,14.88715,-0.52657,1.01770,0.32742,31.2510405,75.7044211,1.280,10.70
344.613,-1.16358,3.02148,7.05811,0.26878,-0.29444,-0.00244,31.2510405,75.7044211,1.280,10.70
344.718,0.03352,3.43807,8.02058,-0.18692,0.75136,0.78435,31.2510405,75.7044211,1.280,10.70
344.821,1.30723,3.70622,8.70532,0.13928,-0.28833,0.79168,31.2510405,75.7044211,1.280,10.70
344.926,2.47560,4.73094,10.20888,-0.45204,-0.47281,0.26145,31.2510405,75.7044211,1.280,10.70
345.031,1.36469,2.92571,14.34606,0.47037,-0.48625,-0.62797,31.2510405,75.7044211,1.280,10.70
345.136,1.32160,2.18830,8.32224,0.47647,-0.61820,-0.42516,31.2510405,75.7044211,1.280,10.70
345.243,1.17795,2.64320,4.75967,0.07330,-0.16127,-0.65607,31.2510405,75.7044211,1.280,10.70
345.347,0.19154,3.40455,9.77313,0.55955,0.20647,-0.73304,31.2510405,75.7044211,1.280,10.70
345.450,-0.18675,3.88818,10.93192,-0.20769,-0.27855,0.71960,31.2510519,75.7044225,1.280,7.90
345.552,1.11091,2.55222,11.47301,-0.96150,-0.23091,1.00426,31.2510519,75.7044225,1.280,7.90
345.655,-1.45089,3.56736,8.84418,0.11973,0.56810,-0.17959,31.2510519,75.7044225,1.280,7.90
345.760,-0.65601,3.34231,7.06289,0.32620,0.37385,0.62186,31.2510519,75.7044225,1.280,7.90
345.865,0.17238,3.32315,7.52737,0.73670,0.59620,0.74648,31.2510519,75.7044225,1.280,7.90
345.971,2.03028,5.13317,9.80665,-0.53756,-0.16127,0.53390,31.2510519,75.7044225,1.280,7.90
346.074,2.95444,3.73017,13.66131,0.16616,0.32742,-0.14172,31.2510519,75.7044225,1.280,7.90
346.177,1.41258,2.75812,10.41957,0.20036,0.04154,-0.02077,31.2510519,75.7044225,1.280,7.90
346.283,1.44131,1.92015,4.63039,0.09041,-0.66829,-0.25656,31.2510519,75.7044225,1.280,7.90
346.389,0.34477,2.63362,7.56568,-0.03176,-0.00733,-0.51679,31.2510519,75.7044225,1.280,7.90
346.493,-1.28808,3.64398,10.40041,-0.31154,0.54856,0.33109,31.2510634,75.7044217,1.220,2.10
346.596,1.43173,2.72460,14.93982,-1.18386,0.31276,0.77580,31.2510634,75.7044217,1.220,2.10
346.698,-2.33195,3.21781,8.30788,0.36041,0.32987,-0.09407,31.2510634,75.7044217,1.220,2.10
346.804,0.21069,2.06859,8.20253,-0.15272,-0.40195,0.88331,31.2510634,75.7044217,1.220,2.10
346.911,1.36948,3.39498,7.77637,0.65363,0.80146,0.38118,31.2510634,75.7044217,1.220,2.10
347.014,0.61770,5.12359,9.65821,-0.31276,-0.39218,0.11240,31.2510634,75.7044217,1.220,2.10
347.117,2.73418,4.93206,14.90630,0.14172,0.10629,-0.83322,31.2510634,75.7044217,1.220,2.10
347.222,1.45567,3.37582,8.94474,0.28955,0.01100,-0.88209,31.2510634,75.7044217,1.220,2.10
347.326,0.33998,2.05422,6.22014,0.01100,-0.64385,-0.37507,31.2510634,75.7044217,1.220,2.10
347.429,0.17238,2.79164,7.04853,-0.02688,-0.31398,-0.36285,31.2510634,75.7044217,1.220,2.10
347.533,-0.90022,3.75411,10.52491,0.69761,-0.01222,-0.21014,31.2510735,75.7044186,1.090,352.00
347.636,-0.36392,4.22337,10.44351,-0.02932,0.15882,1.01892,31.2510735,75.7044186,1.090,352.00
347.738,0.45490,3.24654,10.53449,-0.78802,0.87842,1.26205,31.2510735,75.7044186,1.090,352.00
347.841,1.23541,3.12204,7.87692,-0.34086,0.07575,0.11729,31.2510735,75.7044186,1.090,352.00
347.945,0.08619,3.86424,7.59441,0.33964,0.69639,0.32987,31.2510735,75.7044186,1.090,352.00
348.049,2.12126,4.18506,8.02058,0.26512,-0.00733,0.38851,31.2510735,75.7044186,1.090,352.00
348.151,3.50990,5.46836,9.83059,0.26512,-1.33902,-0.73059,31.2510735,75.7044186,1.090,352.00
348.255,3.04064,2.81079,10.24239,0.48991,-0.63897,-0.84910,31.2510735,75.7044186,1.090,352.00
348.357,1.61848,2.85389,8.85855,0.39584,0.45204,-1.06779,31.2510735,75.7044186,1.090,352.00
348.462,0.67995,2.94008,6.05733,-0.27000,-0.81978,-0.73548,31.2510823,75.7044137,1.120,341.90
348.564,-0.14365,3.18429,10.47224,-0.06842,-0.93951,-0.49480,31.2510823,75.7044137,1.120,341.90
348.666,1.09654,3.55300,9.43316,0.44838,-0.23824,0.40073,31.2510823,75.7044137,1.120,341.90
348.770,2.39420,2.98796,11.40119,-1.33291,1.72753,1.07757,31.2510823,75.7044137,1.120,341.90
348.873,-1.54665,3.38061,8.11634,0.04276,0.46059,-0.25656,31.2510823,75.7044137,1.120,341.90
348.976,-0.06704,2.84431,7.42681,-0.10018,0.10140,0.49724,31.2510823,75.7044137,1.120,341.90
349.080,1.01993,3.91213,7.64708,-0.09896,0.24190,0.74648,31.2510823,75.7044137,1.120,341.90
349.183,2.64320,4.75967,11.67892,0.10873,0.00367,-0.05986,31.2510823,75.7044137,1.120,341.90
349.285,1.93451,5.48751,12.52646,0.00611,-0.06475,-0.47525,31.2510823,75.7044137,1.120,341.90
349.388,2.96402,3.10767,8.61913,0.32376,-0.82833,-0.94806,31.2510823,75.7044137,1.120,341.90
349.490,1.73819,1.47962,7.57525,0.29688,0.24679,-1.04580,31.2510916,75.7044106,1.090,342.90
349.593,0.49799,2.38941,6.82347,-0.39584,-0.70738,-0.88820,31.2510916,75.7044106,1.090,342.90
349.695,-1.42216,3.45723,10.24718,0.38607,-0.20403,-0.32865,31.2510916,75.7044106,1.090,342.90
349.797,-0.33040,3.38061,8.22169,-0.02688,-0.07330,0.90042,31.2510916,75.7044106,1.090,342.90
349.900,0.94810,3.43807,11.98059,-0.78435,-0.16493,0.38362,31.2510916,75.7044106,1.090,342.90
350.002,-0.48363,3.93607,8.12113,0.00244,0.90897,-0.28955,31.2510916,75.7044106,1.090,342.90
350.105,0.31125,3.50990,7.31668,-0.05009,-0.04887,0.11484,31.2510916,75.7044106,1.090,342.90
350.207,0.96247,4.66391,8.56167,0.21380,0.21502,0.32132,31.2510916,75.7044106,1.090,342.90
350.310,1.46525,4.73573,10.40999,0.04154,-0.63041,-0.14661,31.2510916,75.7044106,1.090,342.90
350.412,-0.15323,4.65912,13.06755,0.02932,0.39095,-0.41661,31.2510916,75.7044106,1.090,342.90
350.514,1.69031,3.41413,8.08761,0.27733,-0.30910,-0.42638,31.2511022,75.7044093,1.090,351.60
350.616,1.28329,2.68151,5.33907,-0.49602,-0.74770,-0.27611,31.2511022,75.7044093,1.090,351.60
350.718,1.47004,3.16992,8.04452,-0.10751,0.24312,-0.46914,31.2511022,75.7044093,1.090,351.60
350.820,-1.43652,4.30477,11.32936,0.56322,0.34575,-0.05986,31.2511022,75.7044093,1.090,351.60
350.922,0.43096,4.44843,9.99819,-0.03054,-0.43494,0.99449,31.2511022,75.7044093,1.090,351.60
351.024,1.86748,3.77326,10.85052,-0.76114,0.25534,0.91263,31.2511022,75.7044093,1.090,351.60
351.126,0.64165,3.38061,8.32224,0.11851,0.44349,-0.76603,31.2511022,75.7044093,1.090,351.60
351.229,0.52194,3.34709,6.27760,0.24068,0.47770,-0.10996,31.2511022,75.7044093,1.090,351.60
351.332,0.34477,5.01346,7.92002,0.41783,0.16738,0.29932,31.2511022,75.7044093,1.090,351.60
351.435,1.35991,5.13796,10.49139,-0.11606,-0.62186,0.15272,31.2511022,75.7044093,1.090,351.60
351.538,2.64320,4.31435,12.77067,-0.12217,0.29444,-0.07819,31.2511136,75.7044092,1.070,358.20
351.640,2.52349,3.51948,8.68138,0.02199,0.37874,-0.74159,31.2511136,75.7044092,1.070,358.20
351.742,-0.00479,2.60968,5.63116,-0.25534,0.33231,-0.98716,31.2511136,75.7044092,1.070,358.20
351.844,-0.58419,3.22738,7.34062,-0.39584,0.48625,-0.43616,31.2511136,75.7044092,1.070,358.20
351.946,-3.10289,3.93128,11.73159,-0.06964,0.68661,0.10751,31.2511136,75.7044092,1.070,358.20
352.049,-1.48919,3.21781,11.06600,-0.68906,-0.02077,1.13499,31.2511136,75.7044092,1.070,358.20
352.151,-0.80445,2.56180,12.11466,0.03176,-0.37507,0.44838,31.2511136,75.7044092,1.070,358.20
352.254,-1.57060,2.84910,5.21457,0.43371,0.25534,-0.27122,31.2511136,75.7044092,1.070,358.20
352.357,-0.55545,3.64398,7.08205,0.12950,0.37996,0.23335,31.2511136,75.7044092,1.070,358.20
352.460,-0.27294,5.28640,8.91122,0.07208,-0.17593,0.21869,31.2511248,75.7044103,1.210,2.30
352.562,0.73741,6.15789,10.16578,0.27122,-0.85155,-0.13683,31.2511248,75.7044103,1.210,2.30
352.664,1.38864,4.23295,10.78348,0.15760,0.04643,-0.31521,31.2511248,75.7044103,1.210,2.30
352.767,0.33040,3.01669,9.69173,0.10629,-0.11118,-0.50335,31.2511248,75.7044103,1.210,2.30
352.869,-0.67516,2.85389,5.49230,-0.04032,-0.62553,-0.58643,31.2511248,75.7044103,1.210,2.30
352.969,-0.25379,3.13640,9.03093,0.54489,-0.25412,-0.56933,31.2511248,75.7044103,1.210,2.30
353.072,-1.66158,3.88340,9.16500,0.13806,0.47770,0.63163,31.2511248,75.7044103,1.210,2.30
353.175,1.16358,3.65834,10.19930,-0.68295,-0.44715,1.20340,31.2511248,75.7044103,1.210,2.30
353.277,0.72305,3.50990,9.09318,-0.53756,0.23213,0.02077,31.2511248,75.7044103,1.210,2.30
353.378,-0.37350,3.43807,7.34541,0.09285,0.52412,-0.28833,31.2511248,75.7044103,1.210,2.30
353.480,0.11492,4.25210,7.35499,0.32254,0.40439,0.04520,31.2511370,75.7044112,1.230,5.10
353.583,1.43173,4.55856,11.43471,-0.04643,-0.57421,0.04520,31.2511370,75.7044112,1.230,5.10
353.686,-0.12450,4.75010,13.20642,-0.10629,0.23091,-0.50213,31.2511370,75.7044112,1.230,5.10
353.789,1.10133,3.71580,7.76200,0.12584,-0.75747,-0.85399,31.2511370,75.7044112,1.230,5.10
353.893,0.69911,2.48518,8.20253,0.18082,-0.21258,-0.74526,31.2511370,75.7044112,1.230,5.10
353.998,0.62249,3.22738,6.40210,-0.05131,0.17349,-0.83078,31.2511370,75.7044112,1.230,5.10
354.100,-1.88184,4.07014,9.96946,0.23457,0.08186,-0.63897,31.2511370,75.7044112,1.230,5.10
354.204,-1.03430,4.37660,9.41879,-0.44349,-0.60842,0.68783,31.2511370,75.7044112,1.230,5.10
354.306,-0.68953,2.85389,12.03805,-0.32376,-0.35797,0.48869,31.2511370,75.7044112,1.230,5.10
354.409,-2.34153,3.51948,6.75644,0.27245,0.42150,-0.25168,31.2511370,75.7044112,1.230,5.10
354.512,-0.26336,2.93529,7.12036,0.03054,0.21136,0.54856,31.2511468,75.7044149,1.190,11.70
354.615,0.06704,4.29520,8.78672,0.01100,0.32620,0.63041,31.2511468,75.7044149,1.190,11.70
354.717,0.71826,5.14275,10.92235,-0.34331,-0.46059,0.00122,31.2511468,75.7044149,1.190,11.70
354.820,0.56982,4.87459,14.02523,-0.03665,0.68050,-0.27367,31.2511468,75.7044149,1.190,11.70
354.923,1.64242,3.36146,9.42837,0.45082,0.43494,-0.52779,31.2511468,75.7044149,1.190,11.70
355.026,-0.57461,3.00233,6.46913,-0.05131,-0.63530,-0.04887,31.2511468,75.7044149,1.190,11.70
355.129,-0.52672,3.70622,7.02459,-0.01588,-0.04398,0.25534,31.2511468,75.7044149,1.190,11.70
355.232,-2.11647,4.77404,9.70131,0.29322,0.56566,0.28833,31.2511468,75.7044149,1.190,11.70
355.336,-1.27372,3.99832,9.79228,-0.34575,-0.25534,1.25838,31.2511468,75.7044149,1.190,11.70
355.438,-0.62249,3.05021,11.65976,0.03543,0.48136,0.59376,31.2511468,75.7044149,1.190,11.70
355.541,-0.78530,3.11725,6.39252,-0.08552,0.71838,0.41050,31.2511579,75.7044175,1.240,13.00
355.643,0.22027,3.14598,6.54096,-0.16005,0.86132,0.56566,31.2511579,75.7044175,1.240,13.00
355.746,0.89064,5.20021,9.11712,-0.27855,0.03176,0.41417,31.2511579,75.7044175,1.240,13.00
355.849,2.26013,6.48350,10.50097,-0.25290,-0.71593,0.05498,31.2511579,75.7044175,1.240,13.00
355.951,0.77572,3.09810,13.62780,0.78924,-0.70005,-0.59132,31.2511579,75.7044175,1.240,13.00
356.055,0.40223,2.85389,8.82503,0.62186,-0.04520,-1.06046,31.2511579,75.7044175,1.240,13.00
356.157,-0.65122,2.71981,5.59764,0.12217,-0.89064,-1.08245,31.2511579,75.7044175,1.240,13.00
356.260,-0.71826,3.25133,8.35098,0.42150,0.12462,-0.70005,31.2511579,75.7044175,1.240,13.00
356.366,-1.87227,4.00789,9.97903,0.00733,0.14050,0.64996,31.2511579,75.7044175,1.240,13.00
356.469,-0.36871,2.60489,11.76032,-1.38789,-0.22235,1.55160,31.2511689,75.7044181,1.210,11.20
356.572,-0.94810,2.97360,9.11233,-0.48136,0.16860,0.40684,31.2511689,75.7044181,1.210,11.20
356.675,-0.57940,3.07894,7.40287,0.03543,0.90286,0.64630,31.2511689,75.7044181,1.210,11.20
356.776,-0.27294,3.89776,6.79474,0.30299,1.41110,0.76114,31.2511689,75.7044181,1.210,11.20
356.880,1.96325,4.75488,12.03805,-0.43127,0.02932,1.04214,31.2511689,75.7044181,1.210,11.20
356.983,1.88663,5.38695,10.39562,0.17959,-0.85521,-0.51191,31.2511689,75.7044181,1.210,11.20
357.085,1.46525,3.90255,10.43393,0.61209,-0.42150,-1.22173,31.2511689,75.7044181,1.210,11.20
357.188,-0.07661,2.62405,8.53772,0.44715,-0.77702,-0.88942,31.2511689,75.7044181,1.210,11.20
357.292,-0.43574,2.69108,5.39174,0.52168,-0.60476,-0.84177,31.2511689,75.7044181,1.210,11.20
357.395,-1.35991,3.34709,7.98706,0.20403,-0.23335,-0.56933,31.2511689,75.7044181,1.210,11.20
357.498,-1.28329,4.07493,9.54808,-0.46304,-0.18815,0.60353,31.2511794,75.7044193,1.150,5.60
357.601,0.13886,3.81157,11.55921,-1.00182,0.15516,1.16431,31.2511794,75.7044193,1.150,5.60
357.704,0.24900,3.70622,9.85453,-0.06231,0.51679,0.26267,31.2511794,75.7044193,1.150,5.60
357.808,-0.27773,3.16035,6.62715,0.26145,0.10507,0.55589,31.2511794,75.7044193,1.150,5.60
357.912,1.31202,4.07972,7.48427,0.31643,0.76236,0.80756,31.2511794,75.7044193,1.150,5.60
358.016,2.30801,5.04698,10.92235,-0.07697,-0.49236,0.37874,31.2511794,75.7044193,1.150,5.60
358.117,0.59855,5.82749,12.24874,-0.13561,0.50457,-0.34819,31.2511794,75.7044193,1.150,5.60
358.219,2.05422,3.51948,8.16902,0.06964,-1.03236,-0.74770,31.2511794,75.7044193,1.150,5.60
358.324,0.36871,3.15556,7.05332,-0.01100,-0.11729,-0.57910,31.2511794,75.7044193,1.150,5.60
358.426,1.03908,2.89220,6.64630,-0.07697,0.08186,-0.73304,31.2511794,75.7044193,1.150,5.60
358.528,-2.64799,4.20422,11.74595,-0.38362,0.52168,-0.22358,31.2511908,75.7044188,1.150,0.40
358.631,-1.48441,3.76368,10.15141,-0.20403,-0.52168,0.76236,31.2511908,75.7044188,1.150,0.40
358.733,0.49321,2.85868,11.35809,-0.38362,-0.20769,0.49480,31.2511908,75.7044188,1.150,0.40
358.836,-0.89064,3.26569,8.26957,0.30788,0.04765,-0.27611,31.2511908,75.7044188,1.150,0.40
358.938,0.00000,2.92093,6.41167,0.25656,0.26267,0.25534,31.2511908,75.7044188,1.150,0.40
359.042,0.97205,4.71658,6.97670,0.09896,0.20036,0.65485,31.2511908,75.7044188,1.150,0.40
359.145,2.59053,5.84664,10.37647,-0.06353,-0.18448,0.10873,31.2511908,75.7044188,1.150,0.40
359.247,1.88663,4.97994,14.96855,-0.14172,0.45082,-0.29322,31.2511908,75.7044188,1.150,0.40
359.350,1.93930,3.58651,8.14986,0.31887,0.17593,-0.92729,31.2511908,75.7044188,1.150,0.40
359.451,0.87149,3.13162,6.21056,0.01466,-0.71593,-0.69761,31.2512020,75.7044172,1.150,358.70
359.553,0.77572,3.03585,7.63750,-0.21869,0.03299,-0.27855,31.2512020,75.7044172,1.150,358.70
359.655,-1.54665,3.31358,10.07480,0.15760,0.35186,-0.11851,31.2512020,75.7044172,1.150,358.70
359.760,0.42138,3.87861,8.00621,-0.60964,-0.44715,0.68906,31.2512020,75.7044172,1.150,358.70
359.863,-2.10690,3.16992,12.93348,-0.54367,1.28648,0.39340,31.2512020,75.7044172,1.150,358.70
359.967,-0.88585,3.24175,9.67257,-0.03176,0.39951,0.05620,31.2512020,75.7044172,1.150,358.70
360.069,-0.61292,3.24175,6.39731,0.38485,0.03176,0.43616,31.2512020,75.7044172,1.150,358.70
360.172,0.56982,4.66869,7.63272,-0.05376,-0.00611,0.93829,31.2512020,75.7044172,1.150,358.70
360.275,2.34153,5.92325,10.40041,-0.25534,-0.53878,0.04398,31.2512020,75.7044172,1.150,358.70
360.378,0.96726,3.67271,13.46499,0.33720,-0.40928,-0.51068,31.2512020,75.7044172,1.150,358.70
360.481,0.91937,2.71981,7.71412,0.35308,0.03054,-0.92118,31.2512120,75.7044157,1.060,0.10
360.583,-0.18675,2.48039,6.09085,0.00733,-0.18448,-0.97128,31.2512120,75.7044157,1.060,0.10
360.688,-0.32561,3.01669,8.63828,0.17226,0.02199,-0.65485,31.2512120,75.7044157,1.060,0.10
360.792,-1.25456,3.32794,11.03248,-0.07697,-0.42761,0.51924,31.2512120,75.7044157,1.060,0.10
360.894,0.43574,3.05979,15.19360,-1.52594,0.61331,0.90897,31.2512120,75.7044157,1.060,0.10
360.997,-2.80122,2.80122,8.15465,1.03114,-0.50457,-0.77702,31.2512120,75.7044157,1.060,0.10
361.100,-1.33118,2.17872,5.42526,0.26023,0.06720,0.62675,31.2512120,75.7044157,1.060,0.10
361.203,-0.40701,3.77805,5.09486,0.03665,0.16005,0.53023,31.2512120,75.7044157,1.060,0.10
361.306,0.78530,4.96079,9.90721,-0.65729,0.34697,0.14050,31.2512120,75.7044157,1.060,0.10
361.408,1.19231,4.73573,14.14973,-0.44715,-0.11240,-0.26267,31.2512120,75.7044157,1.060,0.10
361.511,0.19632,3.16513,8.01100,0.40073,-0.16860,-0.51679,31.2512221,75.7044162,1.090,5.70
361.614,0.16759,2.18830,6.97192,0.06109,-0.46670,-0.10507,31.2512221,75.7044162,1.090,5.70
361.716,-0.16759,2.82995,7.28795,0.12950,0.40806,-0.23579,31.2512221,75.7044162,1.090,5.70
361.820,-1.16358,2.96881,10.90798,-0.07086,0.33964,-0.02932,31.2512221,75.7044162,1.090,5.70
361.922,-1.59933,3.23696,10.69729,-0.70860,-0.26878,0.56688,31.2512221,75.7044162,1.090,5.70
362.024,-0.73263,1.85311,12.32056,-0.07697,-0.90897,0.37996,31.2512221,75.7044162,1.090,5.70
362.126,-2.18830,2.69108,6.90488,0.51191,0.31154,0.28955,31.2512221,75.7044162,1.090,5.70
362.230,-1.21625,3.08373,6.87136,0.16860,0.33109,0.86499,31.2512221,75.7044162,1.090,5.70
362.332,0.67038,4.02226,7.90087,0.34819,0.37996,0.78313,31.2512221,75.7044162,1.090,5.70
362.434,1.69031,4.95600,11.46344,0.20403,0.32498,0.18815,31.2512221,75.7044162,1.090,5.70
362.535,1.99676,3.19387,12.18170,0.70738,-0.18448,-0.23457,31.2512331,75.7044160,1.070,3.00
362.638,1.58975,3.01669,8.35576,0.10751,0.18570,-0.49114,31.2512331,75.7044160,1.070,3.00
362.743,0.38786,2.92571,5.86101,-0.11606,-0.66584,-0.69883,31.2512331,75.7044160,1.070,3.00
362.847,0.68474,3.46202,9.31823,0.30421,0.03054,-0.72571,31.2512331,75.7044160,1.070,3.00
362.951,-1.61369,4.30477,11.44428,0.13561,0.43616,0.08063,31.2512331,75.7044160,1.070,3.00
363.056,-0.19154,3.53863,10.10832,-0.84788,0.03421,0.97128,31.2512331,75.7044160,1.070,3.00
363.158,-0.29209,3.22260,8.53772,-0.09774,-0.17837,0.05986,31.2512331,75.7044160,1.070,3.00
363.260,-0.08140,3.58173,6.71813,-0.17593,-0.14294,0.04520,31.2512331,75.7044160,1.070,3.00
363.363,0.58897,5.12359,7.99185,0.45571,0.63163,0.24190,31.2512331,75.7044160,1.070,3.00
363.464,1.34075,5.80833,9.42358,0.47403,0.46548,0.16005,31.2512437,75.7044154,1.040,3.00
363.565,2.18351,6.11958,9.73004,-0.17104,-0.77091,-0.30910,31.2512437,75.7044154,1.040,3.00
363.667,0.98162,3.57694,9.91199,0.59987,-0.41417,-0.97372,31.2512437,75.7044154,1.040,3.00
363.771,0.78051,3.45723,7.75721,0.55589,0.08186,-0.93707,31.2512437,75.7044154,1.040,3.00
363.873,0.79487,3.63440,5.71735,-0.22358,-0.88453,-0.65851,31.2512437,75.7044154,1.040,3.00
363.975,0.08140,4.62081,9.66779,0.26634,-0.26389,-1.29259,31.2512437,75.7044154,1.040,3.00
364.077,-2.71981,4.65912,8.51378,0.50702,-0.20036,0.14905,31.2512437,75.7044154,1.040,3.00
364.178,-0.06225,3.29921,9.28471,-0.62553,-0.10140,1.08612,31.2512437,75.7044154,1.040,3.00
364.281,-1.09654,4.07493,7.61835,-0.52046,0.09774,0.30910,31.2512437,75.7044154,1.040,3.00
364.384,-0.48842,4.36702,7.11557,-0.33353,0.44960,0.56810,31.2512437,75.7044154,1.040,3.00
364.486,1.05824,5.41568,8.16423,0.39095,0.86743,0.45326,31.2512538,75.7044140,1.130,5.40
364.589,2.60489,6.21535,10.46266,-0.03054,-0.47770,0.52779,31.2512538,75.7044140,1.130,5.40
364.692,2.48997,5.81312,13.37401,0.20403,0.08796,-0.44593,31.2512538,75.7044140,1.130,5.40
364.795,1.06781,3.48596,6.16268,0.72326,-1.09711,-0.90530,31.2512538,75.7044140,1.130,5.40
364.898,0.58897,3.66313,7.19218,0.18204,-0.13073,-0.85155,31.2512538,75.7044140,1.130,5.40
365.003,0.45969,4.17070,6.57927,-0.27611,-0.81245,-0.46181,31.2512538,75.7044140,1.130,5.40
365.104,-0.24421,4.82671,9.56244,0.27611,0.21991,-0.37141,31.2512538,75.7044140,1.130,5.40
365.207,-1.27850,5.49230,9.56723,-0.35919,-0.22724,0.75014,31.2512538,75.7044140,1.130,5.40
365.309,0.03831,4.41012,9.86411,-0.42638,0.42028,0.79535,31.2512538,75.7044140,1.130,5.40
365.411,-0.42138,3.85945,6.96234,0.05253,0.72815,0.38362,31.2512538,75.7044140,1.130,5.40
365.514,0.94332,3.21781,6.77559,-0.47159,0.47770,0.88331,31.2512646,75.7044171,1.190,10.80
365.617,2.14999,4.81713,8.16902,0.03787,0.83078,0.51679,31.2512646,75.7044171,1.190,10.80
365.719,2.29843,6.45956,11.37725,0.17104,-0.08674,0.16738,31.2512646,75.7044171,1.190,10.80
365.822,2.75812,3.84030,12.95263,0.26145,-0.66462,-0.70738,31.2512646,75.7044171,1.190,10.80
365.925,1.50835,3.38061,6.65109,0.53267,-0.38973,-1.67499,31.2512646,75.7044171,1.190,10.80
366.029,0.14844,3.09331,6.16746,-0.17104,-0.71349,-0.89064,31.2512646,75.7044171,1.190,10.80
366.133,0.68474,3.50990,7.61356,-0.14539,-0.04887,-0.59010,31.2512646,75.7044171,1.190,10.80
366.239,-1.87227,4.21380,10.86489,0.26756,0.32987,-0.08430,31.2512646,75.7044171,1.190,10.80
366.344,-0.79009,5.22894,9.80186,-0.09774,0.47525,0.95173,31.2512646,75.7044171,1.190,10.80
366.448,0.46926,3.75890,9.54329,-0.22358,-0.08674,0.33842,31.2512756,75.7044182,1.180,14.10
366.551,-0.53630,3.72538,6.78038,-0.02932,0.61087,-0.04032,31.2512756,75.7044182,1.180,14.10
366.656,0.77093,3.79242,6.85221,-0.04765,-0.02810,0.24801,31.2512756,75.7044182,1.180,14.10
366.760,1.31681,4.97515,9.31344,-0.02932,-0.30177,0.56566,31.2512756,75.7044182,1.180,14.10
366.864,1.01514,6.71334,12.38281,-0.64996,0.41905,0.07208,31.2512756,75.7044182,1.180,14.10
366.968,2.15478,3.30879,8.91601,-0.11484,-0.42150,-0.39218,31.2512756,75.7044182,1.180,14.10
367.071,1.59454,2.68629,8.14986,0.43494,0.48136,-0.98960,31.2512756,75.7044182,1.180,14.10
367.174,0.55545,3.10767,7.38372,0.04765,0.17226,-0.65607,31.2512756,75.7044182,1.180,14.10
367.278,-1.38864,3.13162,9.50977,0.40195,-0.08063,-0.44104,31.2512756,75.7044182,1.180,14.10
367.382,-2.01113,3.68228,8.89207,-0.02932,-0.49847,0.74770,31.2512756,75.7044182,1.180,14.10
367.486,-0.86191,2.71502,12.85207,-0.55833,-0.30665,-0.11606,31.2512866,75.7044213,1.230,19.80
367.590,-1.63763,3.56736,5.80354,-0.07819,-0.10996,-0.17471,31.2512866,75.7044213,1.230,19.80
367.694,0.23942,3.23217,7.20655,-0.27367,-0.08186,0.43494,31.2512866,75.7044213,1.230,19.80
367.799,-0.00479,4.32872,8.17859,0.02443,0.21625,0.48381,31.2512866,75.7044213,1.230,19.80
367.904,0.96726,5.03261,12.24395,0.05620,-0.02566,0.27122,31.2512866,75.7044213,1.230,19.80
368.008,1.47483,3.86424,13.75229,0.65118,0.16860,-0.15027,31.2512866,75.7044213,1.230,19.80
368.111,1.90100,2.88741,8.45153,0.54734,0.32132,-0.63286,31.2512866,75.7044213,1.230,19.80
368.217,0.56982,2.22182,5.54018,0.05131,-0.77458,-0.58521,31.2512866,75.7044213,1.230,19.80
368.321,0.18675,2.84910,7.61356,-0.18570,-0.37874,-0.44471,31.2512866,75.7044213,1.230,19.80
368.425,-1.58975,3.68228,9.98861,-0.14294,0.15272,0.48625,31.2512866,75.7044213,1.230,19.80
368.528,0.17238,3.51469,10.65899,-1.01648,0.90286,1.40988,31.2512978,75.7044248,1.180,25.30
368.633,0.37350,3.16035,10.30943,0.21502,-0.12584,0.02199,31.2512978,75.7044248,1.180,25.30
368.736,-0.94332,3.18908,7.12036,-0.32498,0.54000,0.85155,31.2512978,75.7044248,1.180,25.30
368.842,0.61770,3.26090,7.21612,0.11606,0.20281,0.86743,31.2512978,75.7044248,1.180,25.30
368.947,1.50835,4.37660,9.38527,0.31765,0.29810,0.19426,31.2512978,75.7044248,1.180,25.30
369.052,0.54109,5.79397,13.63258,-0.29199,0.22480,0.09529,31.2512978,75.7044248,1.180,25.30
369.154,1.34554,2.70066,8.33661,0.52168,-1.24983,-0.32620,31.2512978,75.7044248,1.180,25.30
369.261,0.75178,2.73897,7.78116,0.28955,0.52534,-0.48014,31.2512978,75.7044248,1.180,25.30
369.365,0.76614,2.43251,6.49786,-0.41417,-0.47037,-0.40684,31.2512978,75.7044248,1.180,25.30
369.469,-1.50356,3.09810,9.74440,0.01344,-0.40073,-0.28100,31.2513088,75.7044288,1.060,25.30
369.571,-0.74220,3.64876,10.20888,-0.46548,-0.29444,0.97494,31.2513088,75.7044288,1.060,25.30
369.673,1.78607,2.62405,14.09706,-0.79901,1.14965,1.25716,31.2513088,75.7044288,1.060,25.30
369.778,-0.94810,2.67672,9.47625,0.63652,0.28466,0.20281,31.2513088,75.7044288,1.060,25.30
369.882,-0.64643,1.80044,6.32548,0.01588,0.08430,1.17897,31.2513088,75.7044288,1.060,25.30
369.989,0.01437,3.57694,7.09641,0.37263,0.94318,0.78802,31.2513088,75.7044288,1.060,25.30
370.092,1.30245,4.42927,11.44907,0.15760,0.03910,0.46548,31.2513088,75.7044288,1.060,25.30
370.194,1.13964,5.30555,12.27268,-0.16860,0.65607,0.31765,31.2513088,75.7044288,1.060,25.30
370.298,1.85311,2.86347,9.11712,0.25656,-0.43494,-0.48503,31.2513088,75.7044288,1.060,25.30
370.403,0.36392,2.36547,7.46512,0.72937,-0.06597,-0.82589,31.2513088,75.7044288,1.060,25.30
370.508,0.35913,2.74376,6.84263,-0.12584,-0.36530,-0.46914,31.2513188,75.7044287,1.010,17.40
370.612,-0.48363,3.67749,9.01178,-0.15027,-0.54611,-0.36285,31.2513188,75.7044287,1.010,17.40
370.716,-0.17717,3.80678,10.51533,-0.63774,-0.21380,0.66340,31.2513188,75.7044287,1.010,17.40
370.820,-0.29209,2.70545,12.00453,0.27978,-0.38607,-0.21380,31.2513188,75.7044287,1.010,17.40
370.926,-1.50835,3.03585,5.70778,0.38973,0.28833,0.04032,31.2513188,75.7044287,1.010,17.40
371.030,1.42694,2.99275,7.01980,-0.13439,0.60231,0.47403,31.2513188,75.7044287,1.010,17.40
371.136,1.03430,5.43005,8.27436,0.08674,0.60109,0.34819,31.2513188,75.7044287,1.010,17.40
371.239,1.42216,5.63595,13.18247,0.24923,-0.84666,-0.06720,31.2513188,75.7044287,1.010,17.40
371.343,0.77572,4.05578,12.34929,0.24923,0.49724,-0.51679,31.2513188,75.7044287,1.010,17.40
371.447,2.26491,3.19865,7.91523,0.18326,-0.41417,-1.17408,31.2513293,75.7044268,1.010,6.80
371.548,0.10534,2.77249,7.81946,0.52779,-0.74159,-1.03481,31.2513293,75.7044268,1.010,6.80
371.649,0.20111,3.16035,6.81390,-0.08919,-0.51435,-0.51435,31.2513293,75.7044268,1.010,6.80
371.750,-1.03430,3.96001,9.77313,0.05986,-0.41172,-0.25045,31.2513293,75.7044268,1.010,6.80
371.855,-0.59376,4.66869,8.96389,-0.84299,-0.26512,0.67195,31.2513293,75.7044268,1.010,6.80
371.958,-1.74298,3.84030,10.62068,0.05131,0.12584,-0.47770,31.2513293,75.7044268,1.010,6.80
372.062,-0.93374,3.60567,6.19141,-0.43371,0.42761,0.11606,31.2513293,75.7044268,1.010,6.80
372.167,0.35913,3.37104,7.96790,-0.23702,0.41783,0.57177,31.2513293,75.7044268,1.010,6.80
372.270,0.99120,3.68228,8.57124,-0.28100,0.10629,0.61453,31.2513293,75.7044268,1.010,6.80
372.375,-0.10534,4.91290,11.34373,-0.24068,-0.18815,-0.59132,31.2513293,75.7044268,1.010,6.80
372.480,0.60813,3.97916,14.45140,0.39218,0.19181,-0.92607,31.2513399,75.7044233,1.110,0.20
372.584,0.41659,2.91614,9.39006,0.65118,-0.17226,-0.96517,31.2513399,75.7044233,1.110,0.20
372.690,-0.57461,2.82995,5.74608,0.23213,-0.97372,-0.39584,31.2513399,75.7044233,1.110,0.20
372.794,-1.92015,3.45723,8.62391,0.66462,-0.41539,-0.24557,31.2513399,75.7044233,1.110,0.20
372.898,-2.61926,3.94564,8.85855,0.36530,-0.02199,0.86254,31.2513399,75.7044233,1.110,0.20
373.001,-0.83318,4.52504,10.59674,-0.64263,0.94806,0.74281,31.2513399,75.7044233,1.110,0.20
373.107,-0.50757,2.60489,9.54329,0.19426,0.49480,0.53023,31.2513399,75.7044233,1.110,0.20
373.211,-0.37828,2.30322,7.15866,-0.30177,0.57177,1.02381,31.2513399,75.7044233,1.110,0.20
373.316,-0.71347,3.28484,6.97670,-0.27611,0.97128,1.29503,31.2513399,75.7044233,1.110,0.20
373.420,1.38385,4.35266,10.59195,-0.53756,0.21258,1.00793,31.2513399,75.7044233,1.110,0.20
373.522,1.19710,5.92325,11.88003,-0.04765,-0.39095,-0.05253,31.2513502,75.7044201,1.090,356.80
373.626,0.32082,3.92170,11.39161,0.73548,-0.05376,-0.22846,31.2513502,75.7044201,1.090,356.80
373.731,0.73263,2.36547,9.12670,0.55955,-0.05498,-0.08552,31.2513502,75.7044201,1.090,356.80
373.837,-0.06225,2.21224,5.55455,0.38362,-0.68539,-0.50702,31.2513502,75.7044201,1.090,356.80
373.943,-0.86670,2.96881,7.70454,0.27367,-0.91996,-0.39218,31.2513502,75.7044201,1.090,356.80
374.046,-1.00556,3.23217,8.61434,-0.35186,0.23824,0.78313,31.2513502,75.7044201,1.090,356.80
374.149,-0.23463,3.57694,12.71321,-1.17042,1.29992,0.92974,31.2513502,75.7044201,1.090,356.80
374.253,-1.83396,2.93529,10.08917,-0.00855,0.10385,0.56933,31.2513502,75.7044201,1.090,356.80
374.357,-0.85712,2.79164,6.83305,-0.32987,0.12584,1.22906,31.2513502,75.7044201,1.090,356.80
374.462,-0.45011,3.70622,6.92403,-0.02443,1.13865,1.49906,31.2513598,75.7044153,0.940,349.70
374.565,2.25534,3.55778,11.75553,-0.66829,0.03543,1.12033,31.2513598,75.7044153,0.940,349.70
374.668,1.10133,4.48673,14.13058,-0.03910,0.27122,-0.42516,31.2513598,75.7044153,0.940,349.70
374.774,1.39821,1.88184,9.56244,0.47159,-0.47159,-0.52779,31.2513598,75.7044153,0.940,349.70
374.878,0.38786,1.80044,6.76123,0.71471,-0.30177,-0.67440,31.2513598,75.7044153,0.940,349.70
374.981,0.07183,2.60010,6.49786,0.24435,0.13439,-0.59376,31.2513598,75.7044153,0.940,349.70
375.086,-1.03430,2.87783,8.43238,0.32498,-0.72815,-0.54123,31.2513598,75.7044153,0.940,349.70
375.191,-1.04866,3.06937,11.25275,-0.54978,0.28588,0.74648,31.2513598,75.7044153,0.940,349.70
375.295,-0.55545,2.19788,13.06755,-0.63163,0.00855,0.31398,31.2513598,75.7044153,0.940,349.70
375.399,-2.58095,2.79164,6.44519,0.28222,0.51924,0.07086,31.2513598,75.7044153,0.940,349.70
375.503,-0.28730,2.78685,5.46836,-0.38485,0.96639,0.78191,31.2513674,75.7044129,0.810,345.70
375.605,0.44053,3.62482,8.91122,-0.36041,-0.64996,0.68050,31.2513674,75.7044129,0.810,345.70
375.709,2.98318,3.73017,13.90073,-0.67928,-0.00367,0.02321,31.2513674,75.7044129,0.810,345.70
375.813,-0.36392,2.97839,14.22156,0.80879,0.15272,-0.89064,31.2513674,75.7044129,0.810,345.70
375.917,1.15879,1.58496,9.18416,0.50335,-0.07453,-0.47892,31.2513674,75.7044129,0.810,345.70
376.022,0.72784,1.18752,4.93206,0.45693,-0.65118,-1.00915,31.2513674,75.7044129,0.810,345.70
376.127,-0.49321,2.33195,8.59518,0.19548,0.13928,-0.67073,31.2513674,75.7044129,0.810,345.70
376.231,-2.43251,3.84030,10.70208,0.18326,0.10751,-0.07086,31.2513674,75.7044129,0.810,345.70
376.336,0.18196,2.89220,12.16254,-1.81549,0.23335,1.38422,31.2513674,75.7044129,0.810,345.70
376.440,-1.12049,1.80044,11.11867,0.35552,-0.21991,-0.64263,31.2513674,75.7044129,0.810,345.70
376.544,-1.01993,2.28886,6.38294,-0.18082,-0.26145,0.21502,31.2513751,75.7044076,0.850,342.50
376.648,-1.39343,3.97916,5.64074,0.09652,0.49724,0.70616,31.2513751,75.7044076,0.850,342.50
376.754,1.35512,4.79319,9.31823,0.05009,0.15760,1.01648,31.2513751,75.7044076,0.850,342.50
376.860,1.64721,5.69341,13.97735,-0.24801,0.12339,0.11973,31.2513751,75.7044076,0.850,342.50
376.963,1.86748,2.78685,8.57603,0.33598,-0.69028,-0.31154,31.2513751,75.7044076,0.850,342.50
377.067,1.23062,2.05901,6.42125,0.69394,0.19670,-0.56566,31.2513751,75.7044076,0.850,342.50
377.172,0.28252,3.43329,7.23528,-0.02688,-0.02077,-0.41539,31.2513751,75.7044076,0.850,342.50
377.276,-1.39821,2.97839,9.56244,0.73915,0.22235,-0.02810,31.2513751,75.7044076,0.850,342.50
377.379,-0.84276,3.26090,6.86178,-0.57666,-0.42516,1.03236,31.2513751,75.7044076,0.850,342.50
377.483,0.78051,2.42772,13.20642,-0.70494,-0.45082,0.14661,31.2513837,75.7044051,0.810,345.40
377.586,-1.92015,3.43329,6.65588,-0.17226,0.40195,0.11729,31.2513837,75.7044051,0.810,345.40
377.690,-0.79966,2.93050,6.40210,0.03421,0.54978,0.64385,31.2513837,75.7044051,0.810,345.40
377.793,0.24421,4.62560,8.76757,-0.21258,0.67317,0.63652,31.2513837,75.7044051,0.810,345.40
377.901,0.03352,6.46913,11.64540,0.09407,-0.31154,-0.21502,31.2513837,75.7044051,0.810,345.40
378.005,2.16915,3.05500,11.83693,0.62797,0.76847,-0.16371,31.2513837,75.7044051,0.810,345.40
378.110,1.65679,2.34632,9.20331,0.46426,-0.11973,-0.93462,31.2513837,75.7044051,0.810,345.40
378.214,0.05746,1.98240,5.67426,0.04032,-1.30725,-1.10933,31.2513837,75.7044051,0.810,345.40
378.318,-0.82839,3.19387,8.91122,-0.04398,-0.24801,-0.64507,31.2513837,75.7044051,0.810,345.40
378.422,-3.02148,3.46202,10.69729,0.48381,0.20036,0.11118,31.2513837,75.7044051,0.810,345.40
378.525,-1.31202,2.88262,10.70208,-1.38666,0.34453,1.31214,31.2513907,75.7044059,0.810,358.00
378.630,-0.57940,3.44286,8.58082,0.33720,-0.26145,-0.42883,31.2513907,75.7044059,0.810,358.00
378.734,-0.13886,3.89776,6.57448,-0.01344,0.27733,0.19914,31.2513907,75.7044059,0.810,358.00
378.838,0.86191,4.57293,7.45076,0.04398,0.78924,0.74037,31.2513907,75.7044059,0.810,358.00
378.942,0.97205,4.87938,11.76990,0.08186,-0.27978,0.26145,31.2513907,75.7044059,0.810,358.00
379.047,1.79086,5.16190,11.01812,-0.15516,-0.34575,-0.63286,31.2513907,75.7044059,0.810,358.00
379.151,2.71024,2.37984,8.83460,0.34697,-0.76114,-1.17164,31.2513907,75.7044059,0.810,358.00
379.254,0.32082,2.35589,7.20655,0.12462,0.11729,-1.02137,31.2513907,75.7044059,0.810,358.00
379.357,0.31125,2.99275,6.97192,-0.17959,-0.09774,-0.91874,31.2513907,75.7044059,0.810,358.00
379.461,0.14365,3.51948,9.45710,0.00977,-0.43738,-0.66096,31.2513970,75.7044083,0.780,8.10
379.564,-1.39821,4.06535,9.84017,0.08430,-0.16249,0.06475,31.2513970,75.7044083,0.780,8.10
379.666,-0.58897,3.48596,11.07558,-0.43249,0.11118,0.51435,31.2513970,75.7044083,0.780,8.10
379.771,-1.02951,2.94487,6.90009,0.19426,0.16982,-0.26756,31.2513970,75.7044083,0.780,8.10
379.876,-1.16837,3.56736,5.95199,-0.26878,0.40806,0.38729,31.2513970,75.7044083,0.780,8.10
379.980,0.18675,4.22337,7.89608,0.08063,0.07819,0.55222,31.2513970,75.7044083,0.780,8.10
380.084,1.05345,5.08528,11.28627,-0.20647,0.29932,0.00000,31.2513970,75.7044083,0.780,8.10
380.189,1.23541,4.06535,12.95263,0.70860,0.16493,-0.66340,31.2513970,75.7044083,0.780,8.10
380.294,-0.01437,2.99275,8.43717,-0.08063,-0.24801,-0.51801,31.2513970,75.7044083,0.780,8.10
380.399,-0.05746,2.70066,6.27281,-0.14905,-1.10322,-0.68783,31.2513970,75.7044083,0.780,8.10
380.502,0.05267,3.13162,8.18817,0.29810,0.21380,-0.78069,31.2514062,75.7044094,0.970,12.90
380.605,-2.11647,3.78763,9.10275,0.25412,0.43616,-0.28100,31.2514062,75.7044094,0.970,12.90
380.708,-2.26970,4.31435,10.62068,-0.57299,0.05498,0.65240,31.2514062,75.7044094,0.970,12.90
380.812,-0.73741,2.94966,9.73004,-0.00367,-0.16493,0.16738,31.2514062,75.7044094,0.970,12.90
380.916,-0.32561,2.87304,6.48829,0.01955,0.10140,0.11851,31.2514062,75.7044094,0.970,12.90
381.021,-0.13886,3.99832,7.70933,0.33598,0.64996,0.15760,31.2514062,75.7044094,0.970,12.90
381.126,-0.15802,4.83629,10.99896,-0.04887,-0.24679,0.38607,31.2514062,75.7044094,0.970,12.90
381.231,1.20189,5.20021,13.17290,-0.42394,0.27245,0.19670,31.2514062,75.7044094,0.970,12.90
381.337,2.47082,3.10767,8.68616,0.43005,-0.20647,-0.56077,31.2514062,75.7044094,0.970,12.90
381.442,1.39343,1.85311,6.28239,0.35308,-0.18692,-1.03725,31.2514062,75.7044094,0.970,12.90
381.544,0.98641,3.07416,5.96635,-0.34208,-0.11118,-0.95051,31.2514148,75.7044101,1.000,13.10
381.647,-1.20189,4.20901,10.71166,-0.26267,-0.91752,-0.25901,31.2514148,75.7044101,1.000,13.10
381.754,-0.57461,3.33273,9.57202,-0.22846,-0.67806,0.85765,31.2514148,75.7044101,1.000,13.10
381.860,1.23541,1.92494,11.27190,-0.02688,-0.08674,0.01588,31.2514148,75.7044101,1.000,13.10
381.963,-0.16281,3.21302,6.45956,0.04887,0.36408,-0.17959,31.2514148,75.7044101,1.000,13.10
382.067,0.06225,3.52905,6.42604,-0.03176,0.60598,0.36652,31.2514148,75.7044101,1.000,13.10
382.169,0.67995,4.03662,9.38527,0.08186,0.15027,0.34453,31.2514148,75.7044101,1.000,13.10
382.272,1.54187,6.04296,10.69250,0.38607,-0.43127,-0.48014,31.2514148,75.7044101,1.000,13.10
382.377,2.38462,3.74932,12.60308,0.92485,0.54856,-0.65607,31.2514148,75.7044101,1.000,13.10
382.482,0.63207,3.28484,8.00142,0.33109,-0.16860,-0.97616,31.2514251,75.7044115,1.050,10.00
382.587,0.02873,2.77727,5.44920,-0.29199,-0.99571,-0.70250,31.2514251,75.7044115,1.050,10.00
382.690,0.82361,2.91614,9.06445,-0.42272,-0.52046,-0.25534,31.2514251,75.7044115,1.050,10.00
382.795,-1.29287,3.61524,10.18015,0.11240,0.22235,-0.06353,31.2514251,75.7044115,1.050,10.00
382.900,0.53151,3.22260,11.80820,-1.45019,0.03787,1.03603,31.2514251,75.7044115,1.050,10.00
383.005,-1.25935,2.92571,9.17937,0.27122,0.09041,-0.43860,31.2514251,75.7044115,1.050,10.00
383.110,-1.22583,3.16035,6.01902,0.12462,0.22358,0.25045,31.2514251,75.7044115,1.050,10.00
383.214,0.22505,3.81636,8.60476,0.27489,0.55467,0.78802,31.2514251,75.7044115,1.050,10.00
383.319,1.43652,4.90811,9.28471,-0.28833,0.59498,0.08674,31.2514251,75.7044115,1.050,10.00
383.423,1.69988,4.90333,11.52090,-0.70005,-0.63774,0.11729,31.2514251,75.7044115,1.050,10.00
383.527,2.32716,3.08852,8.80587,0.64752,-0.24557,-0.84910,31.2514357,75.7044109,1.130,4.50
383.630,1.17316,2.35111,7.80510,0.50824,-0.36285,-0.82711,31.2514357,75.7044109,1.130,4.50
383.733,-0.21069,3.35667,6.32548,-0.13561,-0.36285,-0.69272,31.2514357,75.7044109,1.130,4.50
383.837,-0.78051,2.75333,11.36288,0.14050,0.31887,-0.25412,31.2514357,75.7044109,1.130,4.50
383.939,-1.70467,3.66313,9.36133,-0.33353,-0.79901,0.38362,31.2514357,75.7044109,1.130,4.50
384.044,0.52194,2.41814,11.31979,-0.31521,-0.33964,0.23824,31.2514357,75.7044109,1.130,4.50
384.151,-1.04866,3.28963,6.42125,0.19303,0.14783,-0.19303,31.2514357,75.7044109,1.130,4.50
384.257,-0.04788,3.14119,7.38851,-0.23946,0.49724,0.75869,31.2514357,75.7044109,1.130,4.50
384.361,1.07739,4.41012,8.61434,0.34697,0.48625,0.40317,31.2514357,75.7044109,1.130,4.50
384.465,2.04465,5.38217,12.58392,0.29810,-0.50457,-0.06842,31.2514461,75.7044106,1.180,2.20
384.567,1.83396,4.14197,13.24472,0.16005,0.15027,-0.07208,31.2514461,75.7044106,1.180,2.20
384.670,2.15478,3.04542,7.91044,0.20036,-0.01222,-0.72937,31.2514461,75.7044106,1.180,2.20
384.775,0.68953,2.41814,6.90009,-0.05864,-0.30299,-0.74403,31.2514461,75.7044106,1.180,2.20
384.878,0.30167,2.65756,9.16022,0.36774,-0.18692,-0.48747,31.2514461,75.7044106,1.180,2.20
384.982,-0.93853,3.15077,10.79785,0.26512,0.54489,0.36408,31.2514461,75.7044106,1.180,2.20
385.085,0.14844,3.48596,10.33337,-1.12644,-0.28955,1.11788,31.2514461,75.7044106,1.180,2.20
385.191,0.66080,2.88741,10.18493,0.02321,-0.36408,-0.31154,31.2514461,75.7044106,1.180,2.20
385.294,-0.39744,3.02148,5.61201,0.09407,0.35186,-0.01100,31.2514461,75.7044106,1.180,2.20
385.398,-0.11492,3.53863,7.20176,0.21136,0.65607,0.35430,31.2514461,75.7044106,1.180,2.20
385.503,1.42216,5.01825,9.74440,0.21014,-0.27367,0.52290,31.2514579,75.7044113,1.240,0.30
385.607,1.99676,6.06691,10.02213,-0.23946,-0.36408,0.23091,31.2514579,75.7044113,1.240,0.30
385.710,2.41814,3.33273,9.88326,0.63530,-0.45937,-0.68539,31.2514579,75.7044113,1.240,0.30
385.815,0.96726,3.13162,7.54652,0.27978,0.17715,-0.77580,31.2514579,75.7044113,1.240,0.30
385.920,0.07183,3.05979,6.73250,-0.17593,-0.38729,-0.47403,31.2514579,75.7044113,1.240,0.30
386.025,0.68953,2.68629,9.42837,0.07453,-0.18692,-0.18937,31.2514579,75.7044113,1.240,0.30
386.131,-0.84276,4.19464,9.13148,-0.00733,-0.30910,0.29199,31.2514579,75.7044113,1.240,0.30
386.236,1.69031,3.05979,11.61188,-0.95051,0.43005,1.06901,31.2514579,75.7044113,1.240,0.30
386.339,0.88107,2.61926,8.75320,0.09407,-0.01222,-0.11729,31.2514579,75.7044113,1.240,0.30
386.446,-0.81403,2.95923,5.88495,0.18570,0.16982,0.19792,31.2514699,75.7044118,1.240,358.90
386.549,1.25456,3.04542,9.14585,-0.56444,1.07512,0.28833,31.2514699,75.7044118,1.240,358.90
386.652,0.84276,4.82192,10.52491,-0.36530,-0.39706,0.35797,31.2514699,75.7044118,1.240,358.90
386.756,2.14999,3.96959,13.96298,0.09652,0.63041,0.22235,31.2514699,75.7044118,1.240,358.90
386.861,2.41336,2.74376,8.12592,0.29566,-0.02443,-0.27000,31.2514699,75.7044118,1.240,358.90
386.965,0.90022,1.89142,7.57525,-0.09652,-0.35186,-0.58399,31.2514699,75.7044118,1.240,358.90
387.069,0.61770,2.18351,7.23049,-0.01833,-0.29566,-0.44593,31.2514699,75.7044118,1.240,358.90
387.172,-1.09654,2.98796,11.07079,0.10751,0.41905,-0.20892,31.2514699,75.7044118,1.240,358.90
387.277,0.32561,3.46202,9.06445,-0.70983,-0.70983,0.65485,31.2514699,75.7044118,1.240,358.90
387.378,1.09176,1.52271,13.28782,-0.14294,-0.39584,-0.31887,31.2514699,75.7044118,1.240,358.90
387.483,-1.39343,3.22260,6.00945,0.10751,0.41294,0.24679,31.2514810,75.7044113,1.230,358.00
387.587,0.37350,3.20823,6.84263,0.36041,0.27245,0.51801,31.2514810,75.7044113,1.230,358.00
387.690,1.58017,3.75890,8.21690,0.05620,0.05498,0.35308,31.2514810,75.7044113,1.230,358.00
387.795,1.40300,4.97515,12.09551,-0.01466,-0.14905,-0.10629,31.2514810,75.7044113,1.230,358.00
387.900,2.34632,2.85868,14.36521,0.02077,0.26634,0.22113,31.2514810,75.7044113,1.230,358.00
388.005,1.69988,2.27928,8.37013,0.15027,0.65973,-0.42516,31.2514810,75.7044113,1.230,358.00
388.108,0.72305,2.37505,7.18739,-0.16982,-0.26023,-0.62308,31.2514810,75.7044113,1.230,358.00
388.214,0.28252,2.61447,9.21768,0.40195,-0.16127,-0.56933,31.2514810,75.7044113,1.230,358.00
388.319,-1.53708,3.21781,10.29507,0.41417,0.37874,0.29810,31.2514810,75.7044113,1.230,358.00
388.422,0.10534,3.39019,9.74440,-0.66096,0.23213,1.03358,31.2514810,75.7044113,1.230,358.00
388.526,-0.90022,3.33752,9.03093,0.16493,0.20525,-0.13683,31.2514920,75.7044136,1.170,358.70
388.628,-0.02394,3.34231,7.78594,0.08430,0.53756,0.50213,31.2514920,75.7044136,1.170,358.70
388.732,0.70390,3.76847,7.05811,0.66706,0.54367,0.54978,31.2514920,75.7044136,1.170,358.70
388.837,-0.35434,5.84664,9.63427,-0.03543,-0.12095,0.32865,31.2514920,75.7044136,1.170,358.70
388.942,0.22984,6.39252,8.79151,0.06353,-0.78313,-0.40684,31.2514920,75.7044136,1.170,358.70
389.047,0.96726,2.85868,6.63194,0.06231,-1.01770,-0.61697,31.2514920,75.7044136,1.170,358.70
389.153,0.62728,3.30400,8.87770,-0.17959,0.80023,-0.73793,31.2514920,75.7044136,1.170,358.70
389.258,0.41180,3.33752,7.89129,-0.28344,-0.24190,-0.58643,31.2514920,75.7044136,1.170,358.70
389.363,-0.57461,3.55300,8.92558,-0.13561,-0.04276,-0.41783,31.2514920,75.7044136,1.170,358.70
389.468,-1.17316,3.45723,9.85453,0.38118,-0.24557,0.19426,31.2515034,75.7044136,1.150,357.20
389.571,-0.14844,2.80122,12.82334,-0.52046,-0.04765,0.62186,31.2515034,75.7044136,1.150,357.20
389.674,-0.91459,2.75333,7.94396,0.10507,-0.10996,-0.39706,31.2515034,75.7044136,1.150,357.20
389.777,-1.10133,2.67193,6.11958,-0.32620,0.16127,0.36530,31.2515034,75.7044136,1.150,357.20
389.879,-0.94332,3.59130,8.37492,-0.05131,0.37996,0.59010,31.2515034,75.7044136,1.150,357.20
389.984,0.74220,4.90333,10.16099,0.22358,-0.35797,0.26878,31.2515034,75.7044136,1.150,357.20
390.089,0.63686,5.52103,12.26789,-0.13561,0.04887,0.22602,31.2515034,75.7044136,1.150,357.20
390.193,1.25935,3.02148,7.01501,0.47037,-0.89431,-0.19670,31.2515034,75.7044136,1.150,357.20
390.298,1.21147,3.02148,7.75243,0.10263,0.93218,-0.36163,31.2515034,75.7044136,1.150,357.20
390.404,0.75178,2.76291,8.71489,0.15149,-0.63897,-0.74526,31.2515034,75.7044136,1.150,357.20
390.507,-0.90022,3.21302,8.73405,0.43005,-0.46548,-0.49724,31.2515143,75.7044118,1.160,356.00
390.610,-0.72784,3.53384,9.27035,-0.29810,-0.02321,0.66340,31.2515143,75.7044118,1.160,356.00
390.715,0.70868,2.86347,13.45063,-1.02748,0.20403,0.60353,31.2515143,75.7044118,1.160,356.00
390.818,-1.01514,3.40934,7.07726,0.10996,0.33475,0.13317,31.2515143,75.7044118,1.160,356.00
390.923,-0.68474,2.82037,7.17303,0.05376,0.43371,0.67073,31.2515143,75.7044118,1.160,356.00
391.028,0.70390,4.07014,7.02938,0.08919,0.42761,0.77336,31.2515143,75.7044118,1.160,356.00
391.135,1.12049,5.17148,14.32690,0.13439,0.35552,0.63530,31.2515143,75.7044118,1.160,356.00
391.238,1.30723,4.73094,12.52168,0.31032,0.37141,-0.01955,31.2515143,75.7044118,1.160,356.00
391.343,2.83473,3.04542,8.20253,0.21136,-0.12584,-0.36774,31.2515143,75.7044118,1.160,356.00
391.447,0.96726,2.22661,7.65666,0.02810,-0.28222,-0.50335,31.2515245,75.7044119,1.100,356.70
391.548,-0.42138,3.08373,7.49864,0.15272,-0.36408,-0.69761,31.2515245,75.7044119,1.100,356.70
391.651,-2.02549,4.03662,9.78271,0.22846,-0.28833,-0.13317,31.2515245,75.7044119,1.100,356.70
391.755,-0.41659,4.11803,7.88650,-0.84788,-0.23213,0.61697,31.2515245,75.7044119,1.100,356.70
391.860,0.53630,2.70545,11.47780,-0.55711,-0.18326,0.15394,31.2515245,75.7044119,1.100,356.70
391.963,-1.02951,3.26569,6.92882,-0.25656,0.34575,0.08552,31.2515245,75.7044119,1.100,356.70
392.067,-0.61770,4.23774,6.82826,0.31032,0.37996,0.42394,31.2515245,75.7044119,1.100,356.70
392.170,0.73263,4.98952,9.19373,0.18937,0.40684,0.84910,31.2515245,75.7044119,1.100,356.70
392.274,2.43251,4.99430,10.62068,0.28100,-0.65851,-0.20892,31.2515245,75.7044119,1.100,356.70
392.377,1.38385,3.85466,10.06044,0.81001,-0.69394,-0.63652,31.2515245,75.7044119,1.100,356.70
392.483,1.55623,2.92093,8.95431,0.20403,0.32742,-0.35064,31.2515340,75.7044123,0.950,356.10
392.586,0.84276,2.76770,5.33428,-0.14539,-0.70983,-0.61087,31.2515340,75.7044123,0.950,356.10
392.688,0.24900,3.40455,9.47146,-0.09163,0.43738,-0.49480,31.2515340,75.7044123,0.950,356.10
392.793,-1.01514,4.51546,9.61511,-0.06964,0.30665,0.00122,31.2515340,75.7044123,0.950,356.10
392.897,0.14365,3.98874,10.75475,-0.70983,-0.41417,0.82589,31.2515340,75.7044123,0.950,356.10
393.002,0.21548,3.25611,8.40365,-0.16982,-0.39706,0.10751,31.2515340,75.7044123,0.950,356.10
393.106,-0.32561,2.91135,7.54652,-0.51801,0.62064,0.09407,31.2515340,75.7044123,0.950,356.10
393.210,0.22984,3.28963,7.97748,0.33964,0.30910,0.03054,31.2515340,75.7044123,0.950,356.10
393.314,1.57538,5.26246,9.58638,-0.14783,0.16005,0.33231,31.2515340,75.7044123,0.950,356.10
393.418,2.10690,6.04296,12.24874,-0.24312,0.23579,-0.15516,31.2515340,75.7044123,0.950,356.10
393.522,1.51314,2.28407,8.27436,0.75259,-1.55404,-0.96395,31.2515419,75.7044121,0.970,357.90
393.626,0.73741,2.79643,8.47069,0.48136,0.63530,-1.10933,31.2515419,75.7044121,0.970,357.90
393.728,0.71826,3.00712,6.88094,-0.26512,-0.42761,-0.80512,31.2515419,75.7044121,0.970,357.90
393.832,0.01437,3.19387,9.28950,0.16616,-0.03787,-0.73793,31.2515419,75.7044121,0.970,357.90
393.937,-1.56581,4.13718,9.29908,0.11729,-0.35919,0.51191,31.2515419,75.7044121,0.970,357.90
394.041,0.03831,2.75812,12.16733,-0.98349,0.37629,1.31336,31.2515419,75.7044121,0.970,357.90
394.145,-0.40223,3.23217,7.50822,-0.07086,0.10996,-0.18815,31.2515419,75.7044121,0.970,357.90
394.251,-0.33040,3.39019,7.90087,-0.26389,0.03543,0.43005,31.2515419,75.7044121,0.970,357.90
394.359,0.74699,4.75010,7.36456,0.18692,0.29322,0.51191,31.2515419,75.7044121,0.970,357.90
394.463,1.33118,5.27203,12.24395,0.20036,0.05131,-0.05742,31.2515509,75.7044127,1.090,359.10
394.566,0.90980,5.16669,12.68448,0.12217,0.27611,-0.20036,31.2515509,75.7044127,1.090,359.10
394.669,1.75734,3.14119,7.27358,0.26267,-0.62308,-0.67073,31.2515509,75.7044127,1.090,359.10
394.774,-0.00479,2.74854,7.49385,-0.03787,-0.10018,-0.36652,31.2515509,75.7044127,1.090,359.10
394.878,0.16759,3.44765,7.80510,-0.13317,-0.10996,-0.20403,31.2515509,75.7044127,1.090,359.10
394.982,-0.28730,3.74932,10.01255,0.32132,0.13561,-0.18815,31.2515509,75.7044127,1.090,359.10
395.087,-0.57940,4.42448,9.61033,-0.26023,-0.33964,0.40439,31.2515509,75.7044127,1.090,359.10
395.191,1.34554,3.20344,10.30943,-0.67806,-0.58032,0.55955,31.2515509,75.7044127,1.090,359.10
395.294,-0.38786,3.27048,8.43717,-0.09529,0.71716,-0.20525,31.2515509,75.7044127,1.090,359.10
395.398,-0.23942,3.63919,7.32626,0.05009,0.19303,0.24923,31.2515509,75.7044127,1.090,359.10
395.504,0.51236,4.47716,7.87214,0.13561,0.26756,0.38485,31.2515606,75.7044153,1.060,1.40
395.609,1.87227,5.06613,11.79384,0.06720,-0.65240,-0.11729,31.2515606,75.7044153,1.060,1.40
395.711,-0.21548,4.39575,11.26232,0.65607,0.41172,-0.27978,31.2515606,75.7044153,1.060,1.40
395.816,1.44610,3.26090,9.29429,0.20159,0.27489,-0.10018,31.2515606,75.7044153,1.060,1.40
395.921,1.02951,2.81079,5.99029,-0.10507,-0.50091,-0.32498,31.2515606,75.7044153,1.060,1.40
396.024,0.71347,3.32794,8.38449,-0.08796,0.18937,-0.33475,31.2515606,75.7044153,1.060,1.40
396.130,-1.71904,4.20422,12.63660,0.21380,0.64385,-0.08796,31.2515606,75.7044153,1.060,1.40
396.236,0.02873,3.96001,9.55287,-0.77336,-0.31154,0.99693,31.2515606,75.7044153,1.060,1.40
396.340,-0.42138,2.98318,8.72447,0.51557,-0.57788,-0.18448,31.2515606,75.7044153,1.060,1.40
396.445,-1.34075,3.81157,6.46913,-0.31276,0.28588,0.42272,31.2515713,75.7044168,1.110,2.40
396.547,1.11570,3.73017,7.04374,0.03054,0.21869,0.83444,31.2515713,75.7044168,1.110,2.40
396.650,1.83875,5.29119,9.83059,0.10140,0.09774,0.11362,31.2515713,75.7044168,1.110,2.40
396.753,1.97761,6.09085,10.63504,0.32498,-0.64019,-0.48747,31.2515713,75.7044168,1.110,2.40
396.859,1.95846,3.68228,9.47146,0.57666,-0.14172,-0.50824,31.2515713,75.7044168,1.110,2.40
396.963,1.39343,2.51870,8.09719,0.29444,-0.30788,-0.12217,31.2515713,75.7044168,1.110,2.40
397.067,1.04387,2.89698,6.18183,0.05009,-0.40195,-0.37385,31.2515713,75.7044168,1.110,2.40
397.171,1.09176,4.03662,8.34140,-0.02810,-0.15272,-0.78191,31.2515713,75.7044168,1.110,2.40
397.277,-0.28252,4.92248,9.88805,-0.29199,0.37751,0.18815,31.2515713,75.7044168,1.110,2.40
397.381,0.74699,3.47638,11.59272,-0.22235,-0.37874,0.25656,31.2515713,75.7044168,1.110,2.40
397.485,-0.80445,3.32315,6.51702,-0.05742,-0.01100,0.15882,31.2515829,75.7044157,1.150,1.90
397.588,0.59376,3.08852,6.71334,-0.10873,0.70372,0.52657,31.2515829,75.7044157,1.150,1.90
397.690,1.05824,5.19542,8.89207,0.14539,0.29322,0.26634,31.2515829,75.7044157,1.150,1.90
397.795,1.61369,5.52582,11.65019,-0.05864,-0.33353,0.18204,31.2515829,75.7044157,1.150,1.90
397.900,0.81403,4.60644,12.92390,0.12339,0.22113,0.06964,31.2515829,75.7044157,1.150,1.90
398.006,2.69108,3.51469,8.65265,0.23702,0.88942,-0.50580,31.2515829,75.7044157,1.150,1.90
398.108,1.24020,2.70545,6.99107,0.08430,-0.68173,-0.54611,31.2515829,75.7044157,1.150,1.90
398.212,1.04387,3.41892,7.00065,0.26023,0.34575,-0.44593,31.2515829,75.7044157,1.150,1.90
398.317,-0.99120,4.27126,10.74997,0.16005,0.62308,-0.15516,31.2515829,75.7044157,1.150,1.90
398.421,0.16759,4.26647,10.93671,-0.87965,-0.00977,0.91385,31.2515829,75.7044157,1.150,1.90
398.526,-0.52672,3.49075,9.72046,0.19548,-0.12095,-0.07575,31.2515942,75.7044139,1.100,0.70
398.631,-0.86191,3.15556,6.43561,-0.33109,0.18326,0.33964,31.2515942,75.7044139,1.100,0.70
398.735,0.62249,3.52905,6.12437,-0.04643,0.77091,0.29810,31.2515942,75.7044139,1.100,0.70
398.839,1.30245,5.58807,10.02692,-0.20892,-0.10140,0.45571,31.2515942,75.7044139,1.100,0.70
398.944,2.31759,6.29675,10.38605,0.08552,-1.14110,-0.13683,31.2515942,75.7044139,1.100,0.70
399.048,1.86269,3.85945,9.82580,0.70005,-0.58399,-0.54856,31.2515942,75.7044139,1.100,0.70
399.152,0.79487,3.37104,7.82425,0.43616,0.62064,-0.61087,31.2515942,75.7044139,1.100,0.70
399.259,1.06303,2.62405,5.82270,-0.31643,-0.49358,-0.42272,31.2515942,75.7044139,1.100,0.70
399.364,0.30167,3.07416,7.80989,0.40317,0.27611,-0.70127,31.2515942,75.7044139,1.100,0.70
399.468,-0.32082,4.02705,10.43393,-0.01100,-0.17471,0.70127,31.2516027,75.7044157,0.870,7.20
399.571,1.38864,4.49152,11.43471,-1.00548,0.16127,1.09223,31.2516027,75.7044157,0.870,7.20
399.675,0.33519,4.32872,9.48104,-0.06109,0.27489,-0.31521,31.2516027,75.7044157,0.870,7.20
399.779,-0.83318,3.47159,6.67025,0.26389,0.27978,0.06842,31.2516027,75.7044157,0.870,7.20
399.883,-1.54187,3.63440,5.67426,0.36896,0.48014,0.26145,31.2516027,75.7044157,0.870,7.20
399.988,0.94332,5.66947,10.63983,-0.34331,0.13073,0.51191,31.2516027,75.7044157,0.870,7.20
400.092,1.38864,5.02304,16.60139,-0.56444,0.69394,0.31276,31.2516027,75.7044157,0.870,7.20
400.199,1.76213,3.20344,7.53216,0.32254,-0.97616,-0.71105,31.2516027,75.7044157,0.870,7.20
400.302,1.14922,2.89698,7.33583,0.34453,-0.08919,-1.00671,31.2516027,75.7044157,0.870,7.20
400.407,0.96726,3.21781,8.02058,0.07086,-0.14050,-0.93707,31.2516027,75.7044157,0.870,7.20
400.509,-1.50835,4.17549,10.03649,0.24923,-0.59620,-0.62308,31.2516109,75.7044177,0.850,17.00
400.613,-0.86670,4.67348,8.55209,-0.08430,-0.87109,0.47159,31.2516109,75.7044177,0.850,17.00
400.716,0.21548,3.10289,11.70286,-0.73915,0.00733,0.91141,31.2516109,75.7044177,0.850,17.00
400.821,0.04310,3.17950,8.75320,-0.03787,0.50457,0.34331,31.2516109,75.7044177,0.850,17.00
400.927,-0.11971,3.61524,6.86657,0.25412,0.71471,0.61575,31.2516109,75.7044177,0.850,17.00
401.031,0.73263,4.79319,7.28795,0.29932,0.34575,0.40928,31.2516109,75.7044177,0.850,17.00
401.134,2.26491,5.39174,11.66934,-0.19303,-0.31154,0.36408,31.2516109,75.7044177,0.850,17.00
401.237,1.57060,5.07092,14.43225,-0.06597,0.92485,0.19059,31.2516109,75.7044177,0.850,17.00
401.341,2.52828,3.54342,7.58962,-0.06475,-0.51313,-0.39218,31.2516109,75.7044177,0.850,17.00
401.445,0.85712,2.34632,6.81390,-0.04520,-0.28955,-0.88820,31.2516159,75.7044177,0.580,25.20
401.547,1.49398,4.18985,8.51857,-0.03054,-0.34331,-0.99082,31.2516159,75.7044177,0.580,25.20
401.649,-1.10612,5.08528,10.11790,0.50824,0.01710,-0.08919,31.2516159,75.7044177,0.580,25.20
401.754,0.18196,4.11803,8.68138,-0.55100,-0.31398,1.07390,31.2516159,75.7044177,0.580,25.20
401.860,-0.56503,3.01669,10.59674,0.00244,0.19181,0.09163,31.2516159,75.7044177,0.580,25.20
401.967,-0.94810,3.02148,7.49864,-0.18937,0.74892,0.45082,31.2516159,75.7044177,0.580,25.20
402.071,0.00958,3.36625,6.75644,0.08308,0.26512,0.55955,31.2516159,75.7044177,0.580,25.20
402.175,1.11570,4.87459,8.71489,0.22480,0.18692,0.53267,31.2516159,75.7044177,0.580,25.20
402.278,2.88262,5.96635,11.30542,0.04765,-0.09529,0.20892,31.2516159,75.7044177,0.580,25.20
402.383,1.60890,4.41012,13.86243,0.49969,0.53512,-0.12217,31.2516159,75.7044177,0.580,25.20
402.488,1.69988,4.00789,7.66145,0.04032,-0.15394,-0.48991,31.2516226,75.7044185,0.590,31.60
402.591,0.60334,2.95923,6.05254,-0.09529,-0.84299,-0.72326,31.2516226,75.7044185,0.590,31.60
402.694,0.88585,3.17471,8.39407,0.15027,-0.38118,-0.85155,31.2516226,75.7044185,0.590,31.60
402.797,-0.91459,4.23295,12.30620,-0.01222,0.93585,0.00489,31.2516226,75.7044185,0.590,31.60
402.901,-0.31125,4.54419,11.42034,-0.86010,0.18448,1.00426,31.2516226,75.7044185,0.590,31.60
403.005,-1.01035,3.25611,7.97748,0.07575,-0.66584,0.35919,31.2516226,75.7044185,0.590,31.60
403.109,-0.72305,3.01191,6.74686,-0.25779,0.49358,0.37263,31.2516226,75.7044185,0.590,31.60
403.213,0.90980,5.09486,7.17782,0.28344,0.79657,0.57177,31.2516226,75.7044185,0.590,31.60
403.319,1.06781,5.94720,10.27591,0.44104,0.01344,0.32620,31.2516226,75.7044185,0.590,31.60
403.423,1.63285,5.94241,9.71567,0.34697,-0.39706,0.04398,31.2516226,75.7044185,0.590,31.60
403.527,1.17795,3.35188,7.90087,0.84910,-0.77946,-0.42150,,,,
403.630,0.92416,3.67749,7.32626,-0.03787,0.37874,-0.41539,,,,
403.735,0.50278,4.05578,6.62236,-0.29199,-0.36530,-0.57299,,,,
403.840,-0.26815,4.74531,8.40844,0.32865,-0.14783,-0.55589,,,,
403.944,-0.21069,4.96557,8.87291,-0.16249,-0.05498,0.50213,,,,
404.046,0.99120,4.35745,11.66934,-0.91996,0.38240,0.74526,,,,
404.150,-0.56503,3.93607,8.54251,0.09896,-0.24068,-0.41417,,,,
404.252,-0.15323,3.56257,6.59363,-0.12462,0.03543,0.25534,,,,
404.357,0.30167,4.48673,7.60877,0.37751,0.49114,0.35430,,,,
404.460,1.09654,5.93762,10.60631,-0.14905,-0.25045,0.12584,,,,
404.562,0.56503,6.12916,14.24550,-0.36285,0.80879,0.27855,,,,
404.666,2.24097,3.78284,7.62793,0.23335,-0.75503,-0.50702,,,,
404.770,0.81403,3.34231,6.04296,0.03665,-0.59254,-0.66096,,,,
404.875,1.05824,3.45723,7.91523,-0.08063,-0.24190,-0.67073,,,,
404.980,-1.58975,4.71658,10.52012,0.43494,0.35675,-0.10873,,,,
405.085,0.43096,4.52983,8.58561,-0.93218,0.00977,1.25594,,,,
405.190,0.49799,3.01669,11.94707,-0.10263,-0.27978,-0.04154,,,,
405.294,-1.15401,3.60088,6.47392,-0.17226,0.14783,0.12095,,,,
405.399,0.31603,4.04141,7.37893,0.21014,0.63774,0.69516,,,,
405.504,1.68073,4.98473,8.86333,0.35919,-0.07330,0.32498,31.2516459,75.7044187,0.770,19.20
405.607,2.13563,6.69898,10.59195,-0.03176,-0.59865,-0.14539,31.2516459,75.7044187,0.770,19.20
405.710,2.31280,3.50511,12.55519,0.77580,0.24068,-0.15394,31.2516459,75.7044187,0.770,19.20
405.814,2.30801,3.10289,7.56089,0.35919,0.17226,-0.61209,31.2516459,75.7044187,0.770,19.20
405.919,0.94810,3.30879,5.70778,-0.31154,-0.49724,-0.47525,31.2516459,75.7044187,0.770,19.20
406.023,0.35434,3.60567,9.28471,0.53756,-0.41172,-0.60964,31.2516459,75.7044187,0.770,19.20
406.125,-1.30723,4.69264,9.05487,0.12339,-0.02688,0.53023,31.2516459,75.7044187,0.770,19.20
406.229,1.59454,3.28006,13.30219,-1.40866,0.57544,1.48196,31.2516459,75.7044187,0.770,19.20
406.334,-1.25935,3.81636,8.37971,0.56322,0.53634,-0.27978,31.2516459,75.7044187,0.770,19.20
406.436,0.19154,3.79720,7.02459,-0.16493,0.44349,0.73182,31.2516553,75.7044213,0.840,17.30
406.538,0.81403,4.35266,6.90488,0.07208,0.30543,0.75503,31.2516553,75.7044213,0.840,17.30
406.643,1.56581,5.95677,11.23359,-0.09529,0.71716,0.57544,31.2516553,75.7044213,0.840,17.30
406.748,2.57616,6.45477,12.15776,-0.30177,-0.30543,0.19181,31.2516553,75.7044213,0.840,17.30
406.852,2.82995,3.83551,8.59040,0.36896,-0.40928,-0.70372,31.2516553,75.7044213,0.840,17.30
406.958,0.95289,2.98796,6.10043,-0.03665,-0.47647,-0.67928,31.2516553,75.7044213,0.840,17.30
407.061,0.46448,3.63919,8.15944,0.54734,-0.05986,-0.83566,31.2516553,75.7044213,0.840,17.30
407.163,-0.82839,4.69742,8.66222,0.26389,0.06109,-0.54123,31.2516553,75.7044213,0.840,17.30
407.267,-1.33596,5.39174,8.67659,-0.79168,-0.19792,0.80268,31.2516553,75.7044213,0.840,17.30
407.370,1.03908,3.97916,10.80264,-0.44715,-0.41783,0.36408,31.2516553,75.7044213,0.840,17.30
407.477,-1.16358,4.31435,7.13472,0.22480,0.14539,-0.31887,31.2516622,75.7044209,0.630,16.50
407.579,0.19154,4.17549,5.85143,0.16493,0.66462,0.65118,31.2516622,75.7044209,0.630,16.50
407.682,2.18830,6.29196,9.04529,0.08308,0.66951,0.42150,31.2516622,75.7044209,0.630,16.50
407.787,1.61369,6.85699,11.68849,0.36774,-0.74159,-0.68417,31.2516622,75.7044209,0.630,16.50
407.890,0.34955,3.38061,9.43316,0.33353,-0.49236,-0.62308,31.2516622,75.7044209,0.630,16.50
407.995,-0.00958,3.73495,8.42280,0.11362,0.68906,-0.46426,31.2516622,75.7044209,0.630,16.50
408.099,-0.57940,4.11803,6.52181,-0.37996,-0.65729,-0.52901,31.2516622,75.7044209,0.630,16.50
408.204,-0.45490,4.23774,8.85855,0.52779,-0.28833,-0.63897,31.2516622,75.7044209,0.630,16.50
408.308,-2.30801,5.11401,9.34218,-0.11484,-0.02810,0.11851,31.2516622,75.7044209,0.630,16.50
408.412,-0.69432,3.57694,11.03248,-0.81367,-0.21502,0.80390,31.2516622,75.7044209,0.630,16.50
408.515,-1.63763,3.20344,7.61356,-0.05376,-0.08308,0.07208,31.2516664,75.7044219,0.550,11.70
408.618,-0.94332,3.22738,6.38294,-0.34453,0.28955,0.51068,31.2516664,75.7044219,0.550,11.70
408.722,0.13408,4.86502,8.31267,0.08186,0.34697,0.59132,31.2516664,75.7044219,0.550,11.70
408.826,1.75256,6.40210,11.19050,0.11606,-0.19792,0.04887,31.2516664,75.7044219,0.550,11.70
408.931,1.22583,5.36301,11.78426,0.07086,-0.02810,-0.14539,31.2516664,75.7044219,0.550,11.70
409.035,1.43173,3.75890,8.00621,0.13561,-0.35675,-0.43982,31.2516664,75.7044219,0.550,11.70
409.138,0.79487,2.75333,7.88171,0.17837,-0.57788,-0.59132,31.2516664,75.7044219,0.550,11.70
409.244,0.60813,3.22260,7.95354,0.27733,-0.37751,-0.81123,31.2516664,75.7044219,0.550,11.70
409.347,-1.13006,4.10366,10.35732,0.26512,0.15027,-0.24679,31.2516664,75.7044219,0.550,11.70
409.451,-1.21625,5.01825,9.30866,-0.72449,-0.18326,0.90408,,,,
409.553,0.64643,3.46202,10.85531,-0.46914,-0.59987,0.27489,,,,
409.656,-1.17795,3.73017,6.33506,0.18082,0.69883,0.05864,,,,
409.764,0.65122,4.18985,7.19697,0.18692,0.98227,0.57910,,,,
409.869,-0.44532,5.85622,10.84095,0.42028,0.78802,0.50457,,,,
409.974,1.55144,6.06212,9.39964,0.38362,-0.70127,0.02688,,,,
410.078,2.22661,4.54898,10.17057,0.30665,-0.42883,-0.14050,,,,
410.181,1.70946,4.00311,7.85298,0.00489,0.07819,-0.57299,,,,
410.284,-0.18196,3.81636,6.46434,-0.00489,-0.54123,-0.81001,,,,
410.390,-0.02394,4.83629,7.97748,0.18692,-0.09652,-0.52534,,,,
410.494,-1.46046,5.11880,10.82658,0.18570,-0.04032,-0.03665,,,,
410.599,-1.14922,4.61123,11.66934,-0.86254,0.12462,0.87842,,,,
410.701,-1.84354,3.92649,7.77637,0.49114,-0.17837,-0.38485,,,,
410.807,-0.69911,4.25210,6.27760,-0.06597,0.42883,0.41050,,,,
410.911,0.18675,5.43963,6.60321,0.12339,0.15638,0.29810,,,,
411.015,0.49321,6.72292,10.00297,-0.10629,0.11240,0.15149,,,,
411.119,0.64643,6.34463,10.26634,0.04154,-0.47403,-0.31521,,,,
411.225,1.27850,4.73573,7.84819,-0.00244,-0.29199,-0.20647,,,,
411.329,0.27773,3.74932,7.01501,-0.23824,-0.30910,-0.47037,,,,
411.433,-0.54109,4.49631,7.45554,-0.17226,0.09529,-0.41417,,,,
411.536,-1.43173,4.85065,10.52012,0.09407,0.22602,-0.03176,,,,
411.640,-1.69031,4.79319,10.04607,-0.65363,0.14905,0.85277,,,,
411.745,-1.22104,4.03184,8.89685,0.16371,-0.08552,0.09041,,,,
411.849,-1.31202,3.83072,6.27281,-0.18082,0.41661,0.40439,,,,
411.954,0.34955,4.22337,6.86178,0.04887,0.58887,0.71960,,,,
412.058,0.76136,5.49709,9.38527,-0.07086,-0.00367,0.29932,,,,
412.161,0.31125,6.54096,10.69729,0.14905,-0.75869,-0.44349,,,,
412.263,0.22984,4.28562,9.68215,0.57299,-1.12155,-0.53634,,,,
412.368,0.56024,3.48117,7.79552,0.12339,0.37751,-0.22969,,,,
412.473,0.21548,4.08451,6.28239,-0.40561,0.08430,-0.42638,31.2516918,75.7044168,0.850,1.80
412.576,-0.63207,4.90333,9.07402,0.51924,-0.01100,-0.48625,31.2516918,75.7044168,0.850,1.80
412.680,-1.38385,4.86023,9.90721,0.19181,-0.16005,0.53756,31.2516918,75.7044168,0.850,1.80
412.782,-0.32082,4.89375,10.63504,-0.07330,0.05620,0.60353,31.2516918,75.7044168,0.850,1.80
412.887,-1.18752,4.21380,7.46512,0.34941,0.27855,0.10263,31.2516918,75.7044168,0.850,1.80
412.990,-0.75178,4.14197,6.51702,-0.17715,0.59132,0.38729,31.2516918,75.7044168,0.850,1.80
413.094,-0.40223,5.52582,7.17782,0.28466,0.09041,0.23457,31.2516918,75.7044168,0.850,1.80
413.197,0.14365,6.46434,9.50019,-0.10629,-0.19792,0.15394,31.2516918,75.7044168,0.850,1.80
413.300,-0.33519,6.03818,11.25754,-0.41783,0.52657,0.01100,31.2516918,75.7044168,0.850,1.80
413.404,0.78530,4.49152,6.93361,0.01222,-0.44104,-0.26634,31.2516918,75.7044168,0.850,1.80
413.508,0.35434,3.62003,5.45878,0.05498,-0.27733,-0.48869,31.2517038,75.7044150,1.110,356.00
413.614,0.19154,4.80756,8.09719,0.08674,0.20525,-0.51435,31.2517038,75.7044150,1.110,356.00
413.718,-1.62327,5.17148,9.94551,-0.10629,0.10018,0.06109,31.2517038,75.7044150,1.110,356.00
413.821,-1.10133,4.95121,9.22725,-0.66462,-0.21258,0.45082,31.2517038,75.7044150,1.110,356.00
413.925,-1.25935,4.18506,10.34295,-0.15272,0.05009,0.06720,31.2517038,75.7044150,1.110,356.00
414.030,-1.81959,3.47159,6.72771,-0.26878,0.24190,0.08430,31.2517038,75.7044150,1.110,356.00
414.133,-0.35434,3.86424,6.56490,0.12095,0.33720,0.51068,31.2517038,75.7044150,1.110,356.00
414.238,0.72784,5.51624,7.79552,0.20159,0.02688,0.08552,31.2517038,75.7044150,1.110,356.00
414.341,0.24421,6.20577,11.97580,-0.12095,-0.74648,-0.32620,31.2517038,75.7044150,1.110,356.00
414.444,0.14844,5.03740,11.61667,0.44715,-0.06475,-0.36774,31.2517166,75.7044103,1.170,350.70
414.546,0.90980,3.82593,7.62314,-0.30788,0.04398,-0.18937,31.2517166,75.7044103,1.170,350.70
414.649,0.92416,2.78206,7.80031,0.02932,-0.44593,-0.49114,31.2517166,75.7044103,1.170,350.70
414.753,0.20590,4.15633,7.39329,0.22846,0.18815,-0.42150,31.2517166,75.7044103,1.170,350.70
414.858,-1.98240,4.68785,10.71645,-0.09774,0.52290,0.20647,31.2517166,75.7044103,1.170,350.70
414.963,-1.04866,3.96959,11.38682,-0.75259,0.44471,0.85521,31.2517166,75.7044103,1.170,350.70
415.067,-1.36948,3.37104,8.94474,-0.02443,-0.10873,-0.01222,31.2517166,75.7044103,1.170,350.70
415.171,-1.24977,3.12204,7.08205,-0.30910,0.61575,0.22358,31.2517166,75.7044103,1.170,350.70
415.276,0.01437,4.03662,6.88572,-0.04887,-0.02810,0.47281,31.2517166,75.7044103,1.170,350.70
415.380,-0.27773,5.22415,9.96467,0.03543,-0.06964,-0.00489,31.2517166,75.7044103,1.170,350.70
415.483,-0.99599,5.64553,10.11790,-0.03910,-0.15149,-0.25290,31.2517296,75.7044085,1.180,347.70
415.585,0.80924,3.16513,8.64786,0.42761,-0.83078,-0.40928,31.2517296,75.7044085,1.180,347.70
415.689,0.00479,3.46680,9.39964,0.15272,0.78435,-0.21136,31.2517296,75.7044085,1.180,347.70
415.792,0.09098,2.98796,7.02459,-0.00611,-0.46792,-0.30055,31.2517296,75.7044085,1.180,347.70
415.896,0.00958,3.70144,8.56645,0.22480,0.31398,-0.27489,31.2517296,75.7044085,1.180,347.70
415.999,-1.53229,4.10845,11.02290,0.16616,-0.05131,0.31154,31.2517296,75.7044085,1.180,347.70
416.101,-0.77093,3.64398,12.78983,-0.52534,0.01100,0.51435,31.2517296,75.7044085,1.180,347.70
416.206,-1.92015,2.71981,8.02536,0.59132,0.09529,-0.23335,31.2517296,75.7044085,1.180,347.70
416.311,-1.17316,2.90177,5.82749,-0.37263,-0.27978,0.31521,31.2517296,75.7044085,1.180,347.70
416.412,0.32082,5.01346,7.17782,0.16616,0.16982,0.42150,31.2517296,75.7044085,1.180,347.70
416.515,0.43096,5.64074,11.17134,0.04520,-0.11729,0.16127,31.2517417,75.7044082,1.180,348.50
416.617,0.42138,5.64074,11.57357,-0.31154,0.05742,-0.09163,31.2517417,75.7044082,1.180,348.50
416.721,0.77572,3.25611,8.35098,0.21502,-0.77946,-0.55589,31.2517417,75.7044082,1.180,348.50
416.823,0.22027,3.05979,7.53216,0.10018,-0.00855,-0.38118,31.2517417,75.7044082,1.180,348.50
416.925,0.22984,3.18908,7.20655,-0.12828,0.10629,-0.32498,31.2517417,75.7044082,1.180,348.50
417.028,-0.21069,3.28963,8.94953,0.17837,-0.23213,-0.42150,31.2517417,75.7044082,1.180,348.50
417.130,-0.68953,3.96480,10.16578,-0.05498,-0.56688,0.30788,31.2517417,75.7044082,1.180,348.50
417.233,-0.07183,3.56736,13.05319,-0.78557,0.93096,0.75259,31.2517417,75.7044082,1.180,348.50
417.336,-1.48441,2.82037,6.70376,0.08796,0.11606,0.10873,31.2517417,75.7044082,1.180,348.50
417.440,-0.16759,2.36547,7.17782,-0.36652,0.46181,0.43860,31.2517417,75.7044082,1.180,348.50
417.542,0.19154,4.09887,7.44597,-0.42883,0.49969,0.48381,31.2517549,75.7044072,1.110,351.00
417.645,1.47962,4.90811,13.16332,-0.35552,-0.26634,0.15149,31.2517549,75.7044072,1.110,351.00
417.749,-0.00958,5.03740,14.37000,0.08552,0.38851,-0.21258,31.2517549,75.7044072,1.110,351.00
417.852,0.35913,2.95444,7.24007,0.90897,-1.11055,-0.71227,31.2517549,75.7044072,1.110,351.00
417.958,0.30646,2.48997,9.00220,0.97861,0.42272,-0.09896,31.2517549,75.7044072,1.110,351.00
418.060,0.78530,2.71981,6.13394,0.61820,-0.10629,-0.58154,31.2517549,75.7044072,1.110,351.00
418.163,-1.11091,3.87861,7.72369,0.07575,0.08186,-0.21991,31.2517549,75.7044072,1.110,351.00
418.267,-1.36948,5.66468,9.27993,-0.26756,-0.22480,0.30421,31.2517549,75.7044072,1.110,351.00
418.371,-0.79009,5.09007,11.76511,-0.29566,-0.09652,0.20403,31.2517549,75.7044072,1.110,351.00
418.474,-2.26491,4.15155,6.93361,0.69394,-0.09896,-0.40561,31.2517675,75.7044046,1.090,349.40
418.577,-1.18752,3.62482,5.14753,-0.52412,-0.09896,0.36774,31.2517675,75.7044046,1.090,349.40
418.683,0.00958,4.94642,7.43639,-0.35186,0.13683,0.19303,31.2517675,75.7044046,1.090,349.40
418.787,0.31603,6.06212,11.93270,-0.72937,-0.03787,-0.04520,31.2517675,75.7044046,1.090,349.40
418.890,1.52750,5.24330,15.39951,-0.40195,0.40561,-0.37874,31.2517675,75.7044046,1.090,349.40
418.993,0.86191,3.94086,11.02290,0.57055,-0.10507,-0.69150,31.2517675,75.7044046,1.090,349.40
419.096,0.69432,1.98240,5.77003,0.37874,-1.40499,-0.61453,31.2517675,75.7044046,1.090,349.40
419.201,0.37828,2.90656,7.63750,0.55833,0.06353,-0.74892,31.2517675,75.7044046,1.090,349.40
419.304,-2.17872,4.42448,9.88805,-0.56200,0.16127,-0.08919,31.2517675,75.7044046,1.090,349.40
419.408,-0.72784,4.15155,10.21845,-1.27426,0.00367,0.97250,31.2517675,75.7044046,1.090,349.40
419.513,-0.86191,2.96402,10.59195,-0.10751,0.20525,0.13317,31.2517802,75.7044013,1.210,351.10
419.618,-0.72305,2.63841,6.45956,-0.03665,0.36896,0.80146,31.2517802,75.7044013,1.210,351.10
419.723,0.61292,3.39019,6.72771,0.33598,0.50946,0.63897,31.2517802,75.7044013,1.210,351.10
419.826,-0.20111,5.52103,9.55287,0.20403,0.78069,0.36285,31.2517802,75.7044013,1.210,351.10
419.929,1.26893,6.43561,12.58871,-0.39828,-0.87598,0.02566,31.2517802,75.7044013,1.210,351.10
420.031,1.59933,3.38540,8.56167,0.83444,-0.82589,-0.51924,31.2517802,75.7044013,1.210,351.10
420.136,1.00078,2.58574,7.61835,0.25656,-0.04643,-0.57177,31.2517802,75.7044013,1.210,351.10
420.240,0.68474,3.05021,5.61680,-0.13928,-0.13073,-0.89797,31.2517802,75.7044013,1.210,351.10
420.343,-0.70868,4.22816,10.07480,0.15638,-0.48136,-0.81734,31.2517802,75.7044013,1.210,351.10
420.448,-1.38864,4.76446,9.91678,-0.10751,0.01100,0.49236,31.2517966,75.7044020,1.170,358.40
420.550,-0.20111,3.57215,12.81377,-0.51068,0.21502,1.05191,31.2517966,75.7044020,1.170,358.40
420.656,-0.93853,2.67672,7.63272,0.43494,0.11729,0.39584,31.2517966,75.7044020,1.170,358.40
420.760,-0.23463,2.72939,5.77481,-0.11484,0.34453,0.43371,31.2517966,75.7044020,1.170,358.40
420.864,0.54588,4.57293,8.71489,0.08308,0.25290,0.29688,31.2517966,75.7044020,1.170,358.40
420.971,1.25456,6.09564,12.65575,-0.29322,0.05131,0.45204,31.2517966,75.7044020,1.170,358.40
421.075,2.44209,5.16669,12.54562,-0.17715,-0.01588,0.04398,31.2517966,75.7044020,1.170,358.40
421.180,1.46525,3.42850,9.01656,0.69028,-0.22602,-0.59620,31.2517966,75.7044020,1.170,358.40
421.284,0.98162,2.57137,4.94642,0.26756,-0.86621,-0.57666,31.2517966,75.7044020,1.170,358.40
421.388,-0.30167,3.20823,7.63272,-0.01588,0.41661,-0.53634,31.2517966,75.7044020,1.170,358.40
421.492,-1.13485,4.34787,10.52491,0.00611,0.38729,-0.35797,31.2518111,75.7044029,1.190,2.90
421.595,-1.03908,4.23774,9.82102,-1.37200,-0.06231,1.11177,31.2518111,75.7044029,1.190,2.90
421.702,-0.61292,2.94487,9.13148,0.20036,-0.34453,0.06964,31.2518111,75.7044029,1.190,2.90
421.808,-1.16358,3.55778,5.78439,-0.02443,0.05498,0.42028,31.2518111,75.7044029,1.190,2.90
421.914,0.44532,4.27604,6.55532,0.29810,0.98594,0.95051,31.2518111,75.7044029,1.190,2.90
422.019,2.02549,5.35822,10.82179,-0.09285,0.25412,0.53756,31.2518111,75.7044029,1.190,2.90
422.123,1.88663,6.22014,11.87524,0.16860,-0.52901,-0.37385,31.2518111,75.7044029,1.190,2.90
422.227,2.24576,3.77326,10.02213,0.47037,0.20525,-0.31154,31.2518111,75.7044029,1.190,2.90
422.331,1.26893,2.26970,5.31034,0.20525,-0.96272,-0.57788,31.2518111,75.7044029,1.190,2.90
422.435,0.50278,3.90734,7.21134,-0.61453,0.84666,-0.11973,31.2518111,75.7044029,1.190,2.90
422.537,0.40223,3.82593,8.40844,0.57788,-0.53023,-0.77091,31.2518272,75.7044049,1.220,6.80
422.641,-0.66080,4.07972,8.91122,-0.32498,-0.37141,0.56444,31.2518272,75.7044049,1.220,6.80
422.743,1.02472,2.66235,11.86088,-0.06475,-0.16616,-0.48991,31.2518272,75.7044049,1.220,6.80
422.846,-1.45567,3.73495,6.47871,0.23457,0.44349,-0.54123,31.2518272,75.7044049,1.220,6.80
422.951,-1.00556,4.27604,5.32470,-0.02932,0.07697,0.55467,31.2518272,75.7044049,1.220,6.80
423.054,0.94332,4.75488,8.12592,0.17837,-0.14905,0.63774,31.2518272,75.7044049,1.220,6.80
423.157,2.69587,5.86579,10.73560,-0.10140,0.06475,-0.07819,31.2518272,75.7044049,1.220,6.80
423.261,1.25935,5.30076,13.84327,-0.13195,0.03665,-0.30665,31.2518272,75.7044049,1.220,6.80
423.368,1.83396,3.12683,9.32302,0.50457,-0.28833,-0.88942,31.2518272,75.7044049,1.220,6.80
423.472,0.38786,2.99275,5.34865,0.57666,-0.68173,-1.15087,31.2518414,75.7044052,1.170,9.00
423.576,-0.21548,4.20422,7.12036,0.45448,0.10873,-0.23946,31.2518414,75.7044052,1.170,9.00
423.679,-0.74699,4.14676,11.05642,0.20647,0.27122,0.33720,31.2518414,75.7044052,1.170,9.00
423.785,-0.45011,4.95600,9.83059,-1.23273,0.33720,1.08856,31.2518414,75.7044052,1.170,9.00
423.889,-1.18752,4.24253,8.48505,0.00489,0.12950,-0.33231,31.2518414,75.7044052,1.170,9.00
423.994,-0.40701,3.24654,6.24887,-0.02810,0.40806,0.58765,31.2518414,75.7044052,1.170,9.00
424.100,-0.12450,3.93607,6.61757,-0.10263,0.69639,0.94684,31.2518414,75.7044052,1.170,9.00
424.205,1.73340,5.97114,10.10353,-0.35308,-0.28833,0.18204,31.2518414,75.7044052,1.170,9.00
424.310,1.56581,5.78918,14.29817,-0.36652,0.41417,-0.20036,31.2518414,75.7044052,1.170,9.00
424.415,1.81959,3.81636,9.20810,0.45204,-0.43371,-0.70494,31.2518414,75.7044052,1.170,9.00
424.519,0.77093,2.91135,5.53061,0.23579,-0.81978,-0.52779,31.2518569,75.7044072,1.070,11.20
424.623,1.01514,3.65834,6.85221,0.47403,-0.00122,-0.77091,31.2518569,75.7044072,1.070,11.20
424.728,-2.54264,4.00789,10.20888,0.24679,-0.00489,-0.38973,31.2518569,75.7044072,1.070,11.20
424.832,-1.10133,3.99832,8.62391,-1.55160,-0.05253,1.24983,31.2518569,75.7044072,1.070,11.20
424.937,1.28808,2.68629,11.37725,-0.98349,-0.61942,0.23946,31.2518569,75.7044072,1.070,11.20
425.041,-1.09176,3.85945,7.12514,-0.16493,0.17837,0.17104,31.2518569,75.7044072,1.070,11.20
425.146,0.64165,4.05578,6.98628,0.53390,0.51801,0.75625,31.2518569,75.7044072,1.070,11.20
425.249,1.03908,4.48195,11.51132,0.24557,0.59498,0.66951,31.2518569,75.7044072,1.070,11.20
425.352,2.39899,5.48751,10.75954,-0.34086,-0.62186,-0.01466,31.2518569,75.7044072,1.070,11.20
425.456,2.13084,3.41413,9.61511,0.18937,-0.58521,-0.55833,31.2518687,75.7044059,0.920,11.90
425.559,0.33519,3.15556,7.76679,0.57788,0.11240,-0.65729,31.2518687,75.7044059,0.920,11.90
425.661,1.19710,3.01191,5.95677,0.02199,-0.13806,-0.42638,31.2518687,75.7044059,0.920,11.90
425.765,0.81403,3.24654,9.27035,0.58032,-0.17959,-0.39462,31.2518687,75.7044059,0.920,11.90
425.871,0.06704,4.24731,7.54652,-0.58765,-0.05253,0.65607,31.2518687,75.7044059,0.920,11.90
425.977,1.20668,2.30322,14.56153,-0.29322,-0.24557,-0.21380,31.2518687,75.7044059,0.920,11.90
426.081,-2.61447,3.38540,7.89129,-0.11118,0.80268,0.39706,31.2518687,75.7044059,0.920,11.90
426.187,0.60813,2.50433,7.00543,0.08430,-0.11606,0.48014,31.2518687,75.7044059,0.920,11.90
426.291,0.73741,4.57293,7.87214,0.07086,-0.00489,0.52534,31.2518687,75.7044059,0.920,11.90
426.396,0.21548,5.09965,9.85932,0.02077,0.36530,0.16616,31.2518687,75.7044059,0.920,11.90
426.500,3.01669,3.71101,15.53837,0.17226,0.34575,-0.33598,31.2518826,75.7044031,1.040,10.90
426.607,1.46525,3.30879,10.67814,0.30299,0.05131,-0.60598,31.2518826,75.7044031,1.040,10.90
426.712,0.84755,2.36547,5.52103,0.27000,-0.68906,-0.63163,31.2518826,75.7044031,1.040,10.90
426.816,-0.25379,3.50032,7.58483,0.46181,-0.23824,-0.74526,31.2518826,75.7044031,1.040,10.90
426.924,-1.23541,4.75488,10.28070,-0.12339,0.30788,0.31154,31.2518826,75.7044031,1.040,10.90
427.028,1.31681,4.15633,12.47858,-1.28648,-0.25045,1.38544,31.2518826,75.7044031,1.040,10.90
427.132,-1.00556,3.81157,7.89608,0.28833,0.21991,-0.39340,31.2518826,75.7044031,1.040,10.90
427.237,-0.38786,2.83473,5.90410,0.29810,0.48869,0.49358,31.2518826,75.7044031,1.040,10.90
427.341,1.02472,3.85945,7.00065,0.23335,0.92974,0.62064,31.2518826,75.7044031,1.040,10.90
427.445,1.87227,5.47793,8.95431,-0.24679,0.01466,0.31765,31.2518959,75.7043998,1.140,10.40
427.547,2.14042,5.77481,13.58470,-0.24435,0.08063,-0.44593,31.2518959,75.7043998,1.140,10.40
427.650,1.25456,3.39498,7.97748,0.18082,-0.93462,-0.50091,31.2518959,75.7043998,1.140,10.40
427.756,1.37427,2.18830,7.31668,0.37018,-0.26145,-0.70250,31.2518959,75.7043998,1.140,10.40
427.861,0.56982,2.93529,6.18662,0.15394,-0.33475,-0.83078,31.2518959,75.7043998,1.140,10.40
427.966,-0.83797,3.28484,9.61511,-0.10629,-0.81612,-0.78069,31.2518959,75.7043998,1.140,10.40
428.070,-1.47483,4.58250,8.79151,-0.48381,-0.17226,0.47647,31.2518959,75.7043998,1.140,10.40
428.174,1.74777,2.09253,12.88559,-0.15272,-0.59620,0.28466,31.2518959,75.7043998,1.140,10.40
428.278,-1.04866,2.97839,5.67905,0.54000,0.53512,0.20892,31.2518959,75.7043998,1.140,10.40
428.383,0.33040,3.16513,6.26323,0.27122,0.64141,0.58521,31.2518959,75.7043998,1.140,10.40
428.488,1.05345,4.59208,8.10677,-0.07330,0.55589,0.76358,31.2519125,75.7043990,1.160,10.20
428.589,2.37984,6.14831,12.10030,-0.05009,-0.73426,-0.34086,31.2519125,75.7043990,1.160,10.20
428.693,2.35589,4.37181,14.09706,0.41783,0.39095,-0.16005,31.2519125,75.7043990,1.160,10.20
428.798,1.97282,2.57137,7.60877,0.54123,0.10629,-0.64996,31.2519125,75.7043990,1.160,10.20
428.903,1.34075,2.43251,4.73573,-0.15516,-0.85399,-0.76847,31.2519125,75.7043990,1.160,10.20
429.007,1.53708,2.07338,7.78594,-0.34697,-0.42516,-0.98838,31.2519125,75.7043990,1.160,10.20
429.111,-1.65200,3.64876,11.51132,-0.48381,0.17959,-0.96639,31.2519125,75.7043990,1.160,10.20
429.217,0.00000,2.94008,13.92468,-1.14965,1.22662,0.06231,31.2519125,75.7043990,1.160,10.20
429.322,-1.42216,3.01191,6.79474,0.51191,-0.17226,0.18937,31.2519125,75.7043990,1.160,10.20
429.426,-0.50278,2.13563,6.55532,0.76847,-0.66218,1.73364,31.2519125,75.7043990,1.160,10.20
429.529,0.33040,3.74932,5.95199,1.40255,0.56077,1.14110,31.2519231,75.7043981,1.100,12.00
429.632,-0.23942,5.87058,8.33661,-0.10996,0.45082,0.74159,31.2519231,75.7043981,1.100,12.00
429.737,2.88262,4.87938,14.16889,-1.56992,0.06109,0.82955,31.2519231,75.7043981,1.100,12.00
429.839,3.18429,3.95522,10.09395,0.32620,0.51068,-0.70127,31.2519231,75.7043981,1.100,12.00
429.946,1.78129,3.22260,6.91924,0.08674,-0.41905,-0.80390,31.2519231,75.7043981,1.100,12.00
430.050,1.60890,3.23696,7.12514,0.24190,0.33842,-0.88698,31.2519231,75.7043981,1.100,12.00
430.153,-0.70868,3.88818,10.00297,0.66218,0.09285,-0.99205,31.2519231,75.7043981,1.100,12.00
430.257,-2.47560,4.11324,9.85932,-0.47159,-0.25901,1.02870,31.2519231,75.7043981,1.100,12.00
430.362,-0.70390,2.99275,10.55364,-0.70005,-0.16249,1.03847,31.2519231,75.7043981,1.100,12.00
430.464,-0.18196,3.36146,7.27358,0.29688,0.71349,0.20647,31.2519326,75.7043970,1.060,17.40
430.567,-0.12929,3.50990,5.94241,0.27978,0.39462,0.74526,31.2519326,75.7043970,1.060,17.40
430.671,1.19231,5.09007,8.12113,0.17471,0.44593,0.54123,31.2519326,75.7043970,1.060,17.40
430.775,1.86748,7.23049,13.15853,-0.47647,0.19303,0.03054,31.2519326,75.7043970,1.060,17.40
430.884,0.82361,3.99353,10.25676,0.61575,-0.83444,-0.35430,31.2519326,75.7043970,1.060,17.40
430.989,0.73263,2.66235,6.47871,0.67195,-0.49236,-0.84910,31.2519326,75.7043970,1.060,17.40
431.091,0.34955,2.59053,5.24809,-0.05376,-0.72571,-0.72449,31.2519326,75.7043970,1.060,17.40
431.195,0.35434,3.01191,8.20253,0.07453,-0.50580,-0.59254,31.2519326,75.7043970,1.060,17.40
431.300,-1.32160,4.53941,10.72602,-0.19426,0.30299,0.44349,31.2519326,75.7043970,1.060,17.40
431.405,0.57940,4.13239,11.78426,-1.07268,0.28711,1.21929,31.2519326,75.7043970,1.060,17.40
431.510,-0.11971,3.70622,8.45632,0.37996,-0.00733,-0.16616,31.2519448,75.7043974,1.080,19.80
431.614,0.83797,2.96881,5.65989,0.19670,0.23946,0.32987,31.2519448,75.7043974,1.080,19.80
431.718,-0.16759,4.12760,6.65588,0.28711,0.43860,0.56322,31.2519448,75.7043974,1.080,19.80
431.823,0.73263,5.99987,11.07079,-0.12706,-0.46181,0.16371,31.2519448,75.7043974,1.080,19.80
431.930,2.00155,5.51145,11.72201,0.03421,-0.02077,0.13073,31.2519448,75.7043974,1.080,19.80
432.034,1.92973,3.76368,9.12670,0.21991,0.33720,-0.09041,31.2519448,75.7043974,1.080,19.80
432.138,1.52271,2.59053,5.82749,0.26756,-0.71105,-0.23091,31.2519448,75.7043974,1.080,19.80
432.243,0.29209,3.57215,8.93516,-0.07941,0.41783,-0.23579,31.2519448,75.7043974,1.080,19.80
432.347,-0.59855,4.32393,9.69652,0.25534,0.44349,-0.28955,31.2519448,75.7043974,1.080,19.80
432.452,0.30167,4.54898,9.00220,-1.50151,-0.33109,1.02259,31.2519581,75.7043980,1.160,10.40
432.554,1.59933,2.99275,12.45943,-0.06475,-0.65240,0.28588,31.2519581,75.7043980,1.160,10.40
432.659,-0.79966,2.92093,6.20098,0.37507,-0.16982,0.03665,31.2519581,75.7043980,1.160,10.40
432.762,0.86191,3.27048,5.82749,0.20281,0.50335,0.43371,31.2519581,75.7043980,1.160,10.40
432.868,1.42694,5.40611,9.30387,0.18448,0.78435,0.19181,31.2519581,75.7043980,1.160,10.40
432.972,2.13563,6.94318,11.02290,-0.15149,-0.22358,0.16127,31.2519581,75.7043980,1.160,10.40
433.074,2.83952,3.81157,12.23916,0.86132,-0.61453,-0.28833,31.2519581,75.7043980,1.160,10.40
433.177,1.98240,3.26569,7.22570,0.83078,0.00000,-0.51191,31.2519581,75.7043980,1.160,10.40
433.284,1.41258,2.63362,4.81713,-0.14294,-0.50091,-0.63652,31.2519581,75.7043980,1.160,10.40
433.389,0.66559,3.15077,8.00621,0.08063,-0.19792,-0.61209,31.2519581,75.7043980,1.160,10.40
433.493,-0.93374,4.97994,10.84095,-0.20525,0.86010,0.04887,31.2519696,75.7043952,1.050,2.50
433.595,1.51792,3.83072,11.64061,-1.38666,0.29077,1.26693,31.2519696,75.7043952,1.050,2.50
433.697,-0.11013,3.22738,9.27514,-0.31887,-0.25290,0.38607,31.2519696,75.7043952,1.050,2.50
433.802,-0.15802,2.95923,7.36935,0.10018,0.21625,0.07086,31.2519696,75.7043952,1.050,2.50
433.907,0.85234,4.07014,7.44118,0.28466,0.55589,0.28955,31.2519696,75.7043952,1.050,2.50
434.011,1.95367,5.54497,10.43872,0.05009,0.51313,0.36408,31.2519696,75.7043952,1.050,2.50
434.114,3.36146,5.93283,11.85130,-0.53390,-0.49969,-0.03910,31.2519696,75.7043952,1.050,2.50
434.220,2.50912,3.52905,10.32380,0.77946,-0.50580,-1.35979,31.2519696,75.7043952,1.050,2.50
434.324,1.31202,1.96325,5.96635,0.43860,-0.87965,-0.94440,31.2519696,75.7043952,1.050,2.50
434.429,0.65122,3.00712,6.48350,0.10629,-0.18448,-0.90897,31.2519696,75.7043952,1.050,2.50
434.532,0.65122,3.84509,9.74919,0.27611,-0.72693,-0.58643,31.2519825,75.7043952,1.180,358.70
434.637,0.65122,5.20978,9.34218,-0.16738,-0.37141,0.31276,31.2519825,75.7043952,1.180,358.70
434.741,0.36871,4.27604,11.60230,-0.57910,-1.12644,-0.00489,31.2519825,75.7043952,1.180,358.70
434.848,-0.63686,3.62961,7.48906,0.09163,0.13073,-0.05253,31.2519825,75.7043952,1.180,358.70
434.952,0.30167,3.29921,4.93684,0.20036,0.50702,0.16738,31.2519825,75.7043952,1.180,358.70
435.055,1.70946,4.73094,8.49942,-0.39828,0.97372,1.02870,31.2519825,75.7043952,1.180,358.70
435.160,3.28484,6.48350,13.18247,-0.36530,-0.61209,0.31887,31.2519825,75.7043952,1.180,358.70
435.264,3.34709,4.50589,13.59428,0.59743,0.47159,-0.42761,31.2519825,75.7043952,1.180,358.70
435.367,2.31759,2.92093,6.80432,0.33353,0.05864,-0.75503,31.2519825,75.7043952,1.180,358.70
435.471,1.11570,2.49955,5.63116,0.11362,-0.61820,-0.99327,31.2519955,75.7043938,1.200,0.30
435.574,0.54588,3.72059,7.80989,-0.09652,-0.22846,-0.17593,31.2519955,75.7043938,1.200,0.30
435.677,-0.13886,4.36224,11.56399,0.08674,0.36774,0.36285,31.2519955,75.7043938,1.200,0.30
435.781,0.22027,4.63039,10.59674,-0.80390,0.96639,1.33169,31.2519955,75.7043938,1.200,0.30
435.885,0.55067,2.97360,8.93995,0.17349,-0.15882,0.07697,31.2519955,75.7043938,1.200,0.30
435.989,-0.43574,3.45723,6.02860,-0.04765,0.65363,0.73915,31.2519955,75.7043938,1.200,0.30
436.093,1.04866,3.75411,6.85221,0.07697,0.76725,1.14110,31.2519955,75.7043938,1.200,0.30
436.197,2.98318,5.28161,10.07001,0.35430,0.52534,0.13561,31.2519955,75.7043938,1.200,0.30
436.300,1.70946,7.35020,11.69328,-0.53878,-0.44715,-0.18448,31.2519955,75.7043938,1.200,0.30
436.406,1.92494,3.51469,10.71645,0.67562,-0.60476,-0.80268,31.2519955,75.7043938,1.200,0.30
436.510,1.40300,2.19788,6.02860,0.18448,-0.84544,-0.73915,31.2520092,75.7043931,1.160,0.40
436.614,0.70390,2.48039,5.52103,-0.29322,-0.15760,-0.81734,31.2520092,75.7043931,1.160,0.40
436.718,-1.06303,3.37104,8.72447,-0.16005,-1.25350,-0.78069,31.2520092,75.7043931,1.160,0.40
436.821,-1.10133,5.03261,11.37725,-0.73670,0.73670,0.94928,31.2520092,75.7043931,1.160,0.40
436.925,0.37828,3.43329,13.06755,-0.80146,0.96883,1.58581,31.2520092,75.7043931,1.160,0.40
437.028,1.50356,2.53785,7.16824,0.44593,0.12584,0.50213,31.2520092,75.7043931,1.160,0.40
437.131,0.22984,2.85868,6.13394,0.11118,0.72326,0.61209,31.2520092,75.7043931,1.160,0.40
437.236,1.33596,4.15155,7.81946,-0.12095,0.45204,0.75503,31.2520092,75.7043931,1.160,0.40
437.340,2.30322,5.50188,15.31810,0.50946,0.48747,-0.20036,31.2520092,75.7043931,1.160,0.40
437.445,0.97683,5.71735,13.64695,0.89064,-0.21502,-0.74037,31.2520220,75.7043900,1.190,359.10
437.547,1.38385,3.34231,7.95833,0.11729,-0.76847,-0.40195,31.2520220,75.7043900,1.190,359.10
437.652,1.57538,2.17394,5.46357,0.27245,-1.03236,-1.10567,31.2520220,75.7043900,1.190,359.10
437.756,-0.15802,3.48117,8.13071,0.15272,-0.46792,-0.84422,31.2520220,75.7043900,1.190,359.10
437.862,-2.05901,5.04698,9.09797,0.18815,0.22113,0.05620,31.2520220,75.7043900,1.190,359.10
437.967,-2.08296,5.02304,9.70609,-1.12155,1.06901,1.61635,31.2520220,75.7043900,1.190,359.10
438.073,0.54109,3.32315,10.42435,-0.07330,-0.19792,0.04154,31.2520220,75.7043900,1.190,359.10
438.178,-0.43096,4.42927,5.33428,-0.13928,0.31032,0.36163,31.2520220,75.7043900,1.190,359.10
438.283,1.34075,4.95121,7.82425,0.19426,0.64874,0.91019,31.2520220,75.7043900,1.190,359.10
438.387,2.27449,6.17225,9.29908,0.32498,-0.05253,0.38607,31.2520220,75.7043900,1.190,359.10
438.491,2.86825,6.54096,9.74919,0.00611,-1.01648,-0.07330,31.2520346,75.7043910,1.180,359.40
438.594,2.19309,4.15633,8.64786,0.29810,-0.59498,-0.85765,31.2520346,75.7043910,1.180,359.40
438.698,1.66636,2.66235,7.10120,-0.07330,-0.79657,-0.68295,31.2520346,75.7043910,1.180,359.40
438.803,0.17717,3.84509,6.48829,-0.05620,-0.60353,-0.94684,31.2520346,75.7043910,1.180,359.40
438.904,0.08140,5.24330,9.22725,0.23335,-0.16493,-0.61697,31.2520346,75.7043910,1.180,359.40
439.009,-1.45567,5.93283,9.19373,0.11362,0.40195,0.83689,31.2520346,75.7043910,1.180,359.40
439.113,1.34075,3.67271,10.73081,-0.43005,0.38729,1.36834,31.2520346,75.7043910,1.180,359.40
439.218,1.35033,3.99832,5.68384,-0.34086,0.48381,0.44960,31.2520346,75.7043910,1.180,359.40
439.323,2.24097,4.73573,7.81946,0.42883,1.28160,0.37263,31.2520346,75.7043910,1.180,359.40
439.427,2.21703,6.32548,8.10198,0.15272,-0.17715,0.38485,31.2520346,75.7043910,1.180,359.40
439.530,3.06458,6.44519,10.21845,-0.50824,-1.14843,-0.12828,31.2520478,75.7043909,1.160,356.90
439.633,1.91536,3.70622,9.95509,0.53756,-0.78557,-1.33413,31.2520478,75.7043909,1.160,356.90
439.737,1.93930,3.15077,7.38372,0.02688,-0.09529,-0.83444,31.2520478,75.7043909,1.160,356.90
439.842,1.45567,3.51469,6.53617,0.13073,-0.30788,-0.88575,31.2520478,75.7043909,1.160,356.90
439.946,0.93853,4.45322,9.42358,0.27000,-0.25045,-0.64874,31.2520478,75.7043909,1.160,356.90
440.050,-1.20189,5.51624,8.40844,0.25534,-0.66584,0.32987,31.2520478,75.7043909,1.160,356.90
440.154,1.03430,4.22337,9.63427,-0.49724,0.02932,1.24983,31.2520478,75.7043909,1.160,356.90
440.259,0.53630,4.10845,7.03895,-0.01588,0.38607,0.17226,31.2520478,75.7043909,1.160,356.90
440.363,1.05824,3.94086,5.38217,0.11484,0.72449,0.28100,31.2520478,75.7043909,1.160,356.90
440.468,2.27449,5.86579,7.72848,-0.01955,0.25656,0.32987,31.2520613,75.7043913,1.220,359.10
440.570,2.12126,6.83784,10.23761,-0.15638,-0.48381,0.19059,31.2520613,75.7043913,1.220,359.10
440.675,3.39977,5.40132,14.46577,-0.13195,0.33964,-0.34331,31.2520613,75.7043913,1.220,359.10
440.779,1.75734,3.77326,7.84819,0.50091,0.26756,-1.16431,31.2520613,75.7043913,1.220,359.10
440.884,1.13964,3.45723,6.10043,-0.27489,-0.95539,-0.74892,31.2520613,75.7043913,1.220,359.10
440.990,1.01993,4.46758,8.01579,0.17471,-0.14416,-0.50457,31.2520613,75.7043913,1.220,359.10
441.095,-0.33040,4.75010,10.09874,0.65363,0.08430,-0.00244,31.2520613,75.7043913,1.220,359.10
441.198,0.61292,4.46279,11.66455,-0.79657,0.19426,1.46241,31.2520613,75.7043913,1.220,359.10
441.303,0.39265,4.71179,7.07247,-0.06475,0.38973,-0.00489,31.2520613,75.7043913,1.220,359.10
441.406,-0.14365,3.46680,6.01902,-0.29810,0.51924,0.75259,31.2520613,75.7043913,1.220,359.10
441.511,1.28808,4.77404,6.37815,0.13806,0.79290,0.87232,31.2520737,75.7043920,1.220,0.00
441.614,3.66313,6.56011,9.67736,-0.37996,-0.01100,0.66218,31.2520737,75.7043920,1.220,0.00
441.719,3.37104,5.04698,14.34127,0.40073,0.92607,-0.34208,31.2520737,75.7043920,1.220,0.00
441.824,2.74854,3.13162,8.40365,0.39340,-1.11666,-0.81001,31.2520737,75.7043920,1.220,0.00
441.928,2.09732,2.59053,4.84108,-0.15027,-0.85765,-1.03725,31.2520737,75.7043920,1.220,0.00
442.032,1.40300,3.46202,6.42604,-1.15454,-0.12339,-0.29932,31.2520737,75.7043920,1.220,0.00
442.136,0.31125,4.10845,12.11945,-0.10629,0.91385,-0.43127,31.2520737,75.7043920,1.220,0.00
442.241,0.05267,4.23774,11.44907,-1.06901,0.43127,1.26449,31.2520737,75.7043920,1.220,0.00
442.346,-0.20111,3.72538,10.36211,0.47159,0.26267,0.01710,31.2520737,75.7043920,1.220,0.00
442.450,0.25857,2.86825,5.88495,-0.30788,0.03543,1.03358,31.2520860,75.7043901,1.200,359.00
442.552,1.81002,3.39498,6.76601,0.25290,0.40439,0.54978,31.2520860,75.7043901,1.200,359.00
442.655,2.13084,4.88896,8.72926,0.09285,0.34453,-0.06353,31.2520860,75.7043901,1.200,359.00
442.759,2.49955,5.82749,11.55921,-0.35919,-0.58887,-0.33842,31.2520860,75.7043901,1.200,359.00
442.860,2.40857,3.06937,9.49540,0.66584,-0.71227,-1.11300,31.2520860,75.7043901,1.200,359.00
442.965,2.29843,2.54264,7.01980,0.08796,-0.30788,-0.66340,31.2520860,75.7043901,1.200,359.00
443.070,1.70467,2.38941,6.14352,-0.07208,-0.52901,-0.98716,31.2520860,75.7043901,1.200,359.00
443.174,0.53151,2.82516,10.05565,0.37751,-0.70983,-1.00060,31.2520860,75.7043901,1.200,359.00
443.277,-0.67995,4.07493,10.14663,-0.00977,0.26023,0.18692,31.2520860,75.7043901,1.200,359.00
443.382,0.32561,2.92571,12.07156,-0.91141,0.71838,1.23150,31.2520860,75.7043901,1.200,359.00
443.487,0.79009,2.36068,9.13148,-0.29444,0.27733,0.97372,31.2520995,75.7043884,1.240,359.00
443.591,0.66559,2.87783,6.03818,0.04643,0.68661,0.79168,31.2520995,75.7043884,1.240,359.00
443.695,1.79086,4.02226,7.94396,0.10140,0.73182,0.96639,31.2520995,75.7043884,1.240,359.00
443.799,2.68629,4.45800,11.32936,0.14172,0.25290,0.41050,31.2520995,75.7043884,1.240,359.00
443.905,3.35667,4.25689,12.72758,0.30910,0.29199,-0.79046,31.2520995,75.7043884,1.240,359.00
444.009,2.52349,3.39019,9.02614,0.55589,-0.73548,-1.46363,31.2520995,75.7043884,1.240,359.00
444.113,0.11971,2.21224,7.29274,0.05376,-1.19607,-0.76969,31.2520995,75.7043884,1.240,359.00
444.218,1.12049,3.01669,6.85221,-0.49236,-1.02381,-0.17349,31.2520995,75.7043884,1.240,359.00
444.322,0.77093,3.41892,8.88249,-0.21014,-0.31154,-0.23946,31.2520995,75.7043884,1.240,359.00
444.426,0.36871,2.92093,10.90319,-0.70616,0.28955,1.30114,31.2520995,75.7043884,1.240,359.00
444.529,1.51314,2.02549,10.53449,0.14661,-0.87354,0.43249,31.2521118,75.7043876,1.210,358.70
444.632,0.49321,2.55222,6.72292,0.25045,1.12033,0.60964,31.2521118,75.7043876,1.210,358.70
444.738,1.58017,3.14119,5.83706,0.72693,1.81183,0.78679,31.2521118,75.7043876,1.210,358.70
444.844,3.90734,4.79319,10.36211,-0.61331,-0.30910,0.67073,31.2521118,75.7043876,1.210,358.70
444.948,3.54342,5.26724,11.54005,0.06231,-0.48258,-0.54367,31.2521118,75.7043876,1.210,358.70
445.051,3.18429,2.45166,9.38048,0.36163,-1.32313,-0.69272,31.2521118,75.7043876,1.210,358.70
445.154,3.04064,1.73819,7.83862,0.28344,-0.27855,-0.99327,31.2521118,75.7043876,1.210,358.70
445.259,1.25456,2.29843,5.90889,0.05253,-0.93218,-1.45142,31.2521118,75.7043876,1.210,358.70
445.364,-0.19154,4.00311,9.20810,-0.15027,-0.21136,-0.57544,31.2521118,75.7043876,1.210,358.70
445.469,-0.38307,4.16112,10.02692,0.05742,0.00000,0.90652,31.2521232,75.7043866,1.170,0.10
445.572,3.11725,1.99676,12.77546,-0.68295,0.37507,1.52350,31.2521232,75.7043866,1.170,0.10
445.674,0.23942,2.98796,6.77080,0.42638,0.49847,-0.09774,31.2521232,75.7043866,1.170,0.10
445.779,1.66158,2.63841,7.12036,-0.18082,0.72571,0.83566,31.2521232,75.7043866,1.170,0.10
445.884,2.61926,3.77805,7.72369,0.23457,0.50580,0.67806,31.2521232,75.7043866,1.170,0.10
445.989,4.62560,4.50110,11.88003,-0.31521,-0.66340,0.23213,31.2521232,75.7043866,1.170,0.10
446.094,4.13718,3.78284,13.65653,0.19548,0.28100,-0.50702,31.2521232,75.7043866,1.170,0.10
446.198,3.24175,3.16035,8.01100,0.14661,-0.04765,-0.95417,31.2521232,75.7043866,1.170,0.10
446.301,1.47483,2.31280,6.05254,0.33353,-0.72326,-1.23761,31.2521232,75.7043866,1.170,0.10
446.406,1.98240,2.72460,7.89608,0.22969,-0.15272,-0.96272,31.2521232,75.7043866,1.170,0.10
446.510,0.54109,3.10767,12.01410,0.05131,0.23824,0.00244,31.2521353,75.7043881,1.200,1.60
446.613,0.85234,3.17950,11.65976,-1.16797,0.15882,1.14232,31.2521353,75.7043881,1.200,1.60
446.718,-1.74777,3.12204,9.45231,0.21747,-0.05864,-0.22969,31.2521353,75.7043881,1.200,1.60
446.824,0.59376,2.12605,7.03895,-0.21258,-0.09529,0.85521,31.2521353,75.7043881,1.200,1.60
446.928,1.92015,3.67749,7.12993,0.08674,0.32620,0.84666,31.2521353,75.7043881,1.200,1.60
447.031,3.31836,5.19063,10.36211,-0.06842,0.36774,0.45693,31.2521353,75.7043881,1.200,1.60
447.135,4.21380,5.38217,12.80419,-0.31276,-0.00977,-0.29932,31.2521353,75.7043881,1.200,1.60
447.238,2.62405,2.52828,8.87770,0.82833,-0.75747,-1.03114,31.2521353,75.7043881,1.200,1.60
447.344,2.09253,1.66636,6.46913,0.33475,-0.18082,-0.48381,31.2521353,75.7043881,1.200,1.60
447.448,1.94409,2.32716,6.56011,0.00977,-0.09896,-0.57666,31.2521455,75.7043857,1.190,3.10
447.551,0.60813,3.95043,9.94551,0.06842,0.14661,-0.56810,31.2521455,75.7043857,1.190,3.10
447.654,-0.76614,4.28083,10.46745,-0.60109,-0.23091,0.93218,31.2521455,75.7043857,1.190,3.10
447.757,1.78607,2.42293,10.14663,-0.21258,0.46670,0.33109,31.2521455,75.7043857,1.190,3.10
447.863,-0.22027,2.63362,6.68940,-0.43616,0.44960,0.61087,31.2521455,75.7043857,1.190,3.10
447.969,0.33040,3.20344,6.35900,0.15882,0.54489,0.65851,31.2521455,75.7043857,1.190,3.10
448.074,3.08852,4.53462,11.38204,0.57910,1.53938,0.62308,31.2521455,75.7043857,1.190,3.10
448.178,2.67672,6.47871,10.51055,0.19181,-0.32498,0.15760,31.2521455,75.7043857,1.190,3.10
448.281,3.13162,3.39019,14.35085,0.56688,0.35797,-0.39462,31.2521455,75.7043857,1.190,3.10
448.387,2.43251,2.43251,7.71891,0.48869,-0.66462,-1.24372,31.2521455,75.7043857,1.190,3.10
448.492,0.06704,1.75734,5.93283,-0.14050,-0.90530,-1.26205,31.2521564,75.7043844,1.110,2.70
448.596,-0.32561,2.29365,7.62314,0.02443,0.04887,-0.76236,31.2521564,75.7043844,1.110,2.70
448.701,-2.54264,2.64320,11.92791,0.10385,-0.41294,0.30421,31.2521564,75.7043844,1.110,2.70
448.808,-0.15323,3.11246,10.55364,-0.84666,0.02443,1.51861,31.2521564,75.7043844,1.110,2.70
448.912,-0.13408,2.93050,8.22648,0.40073,0.01100,-0.14172,31.2521564,75.7043844,1.110,2.70
449.017,-0.06704,3.00712,6.64152,-0.23702,0.45448,0.59376,31.2521564,75.7043844,1.110,2.70
449.122,1.08697,3.41892,7.45554,0.09041,0.32620,0.82467,31.2521564,75.7043844,1.110,2.70
449.227,2.10690,4.59687,10.45308,-0.16005,0.44104,0.42638,31.2521564,75.7043844,1.110,2.70
449.332,1.51792,4.24253,13.68526,-0.24190,0.46059,0.09529,31.2521564,75.7043844,1.110,2.70
449.435,1.71904,2.53307,8.93516,0.39095,-0.65240,-0.68539,31.2521564,75.7043844,1.110,2.70
449.537,0.69911,1.93930,8.32703,0.38851,-0.10996,-0.85643,31.2521669,75.7043832,1.140,3.50
449.640,-0.17717,2.85389,6.11958,0.14661,-0.40928,-0.83811,31.2521669,75.7043832,1.140,3.50
449.746,-1.70467,2.92093,9.22725,0.38607,0.43738,-0.79290,31.2521669,75.7043832,1.140,3.50
449.849,-2.17394,4.06057,9.99819,-0.25534,0.01588,0.67928,31.2521669,75.7043832,1.140,3.50
449.957,0.60334,2.82995,10.10353,-0.70494,-0.04154,1.15209,31.2521669,75.7043832,1.140,3.50
450.061,0.16759,3.02627,8.69574,-0.28955,0.54611,0.32865,31.2521669,75.7043832,1.140,3.50
450.166,-0.01915,3.07416,6.43083,-0.12339,0.41661,0.62553,31.2521669,75.7043832,1.140,3.50
450.269,1.43173,4.36224,8.86812,-0.05376,0.42028,0.99571,31.2521669,75.7043832,1.140,3.50
450.374,2.78685,4.86023,13.10586,0.03054,-0.49114,-0.14416,31.2521669,75.7043832,1.140,3.50
450.478,2.08774,3.11725,13.16811,0.75136,-0.27489,-0.49969,31.2521773,75.7043838,1.100,2.90
450.582,1.84354,2.64799,7.41245,0.35064,-0.08186,-0.73304,31.2521773,75.7043838,1.100,2.90
450.688,0.75657,2.00155,6.13394,-0.19181,-0.66218,-0.84666,31.2521773,75.7043838,1.100,2.90
450.791,0.58419,2.43730,8.53294,-0.08186,-0.47525,-0.79535,31.2521773,75.7043838,1.100,2.90
450.896,-0.66080,3.30879,10.12747,0.10629,0.64996,0.07941,31.2521773,75.7043838,1.100,2.90
451.000,-0.92416,3.56736,11.44907,-1.35734,0.59743,1.47585,31.2521773,75.7043838,1.100,2.90
451.104,-0.38307,2.72939,9.99819,0.21136,-0.29077,0.10385,31.2521773,75.7043838,1.100,2.90
451.209,-0.67995,2.47560,7.23528,-0.42883,0.66462,0.93585,31.2521773,75.7043838,1.100,2.90
451.313,0.66080,3.26569,7.38851,0.25901,0.44104,0.76114,31.2521773,75.7043838,1.100,2.90
451.417,2.20267,4.12282,10.20409,0.00000,0.36041,0.56933,31.2521773,75.7043838,1.100,2.90
451.522,3.55778,4.59687,10.30943,-0.00244,-0.90286,-0.40928,31.2521877,75.7043829,1.140,1.10
451.625,2.15478,2.37026,9.17937,0.63897,-0.79657,-0.94440,31.2521877,75.7043829,1.140,1.10
451.728,1.92973,2.21703,8.66222,0.17837,0.54000,-1.18386,31.2521877,75.7043829,1.140,1.10
451.834,0.33998,2.41814,6.85221,-0.33598,-0.55833,-1.05069,31.2521877,75.7043829,1.140,1.10
451.937,-0.58897,2.69587,11.79863,0.27855,-0.57910,-0.83566,31.2521877,75.7043829,1.140,1.10
452.042,-1.81480,2.93529,8.42759,0.80634,-0.18570,0.63286,31.2521877,75.7043829,1.140,1.10
452.145,0.49799,1.92494,11.76032,-0.92363,0.23091,1.35734,31.2521877,75.7043829,1.140,1.10
452.249,-1.13485,3.11725,7.99185,-0.07208,0.48014,0.17471,31.2521877,75.7043829,1.140,1.10
452.353,0.60813,2.56658,7.28316,-0.20647,0.34453,0.71471,31.2521877,75.7043829,1.140,1.10
452.457,1.67594,4.19943,7.67581,0.23213,0.13561,0.55711,31.2521986,75.7043821,1.180,0.40
452.560,3.73017,3.97437,12.93348,-0.16982,-0.42883,0.34697,31.2521986,75.7043821,1.180,0.40
452.662,2.00634,3.03106,14.59984,0.38485,0.27245,-0.55589,31.2521986,75.7043821,1.180,0.40
452.766,1.13964,2.33195,8.56167,0.53145,-0.15027,-1.00060,31.2521986,75.7043821,1.180,0.40
452.871,0.40701,1.54665,6.49307,0.06842,-0.64019,-0.72693,31.2521986,75.7043821,1.180,0.40
452.976,-0.56503,2.59053,7.01501,0.27122,0.12828,-0.55100,31.2521986,75.7043821,1.180,0.40
453.079,-1.04387,4.63996,10.02692,0.17959,0.21625,0.02321,31.2521986,75.7043821,1.180,0.40
453.183,-0.27294,4.18506,10.60631,-1.04458,0.29322,1.43309,31.2521986,75.7043821,1.180,0.40
453.287,0.60334,2.96402,9.53371,-0.00489,-0.40928,0.65607,31.2521986,75.7043821,1.180,0.40
453.391,-0.20111,2.74854,8.55688,-0.16982,0.81856,0.49236,31.2521986,75.7043821,1.180,0.40
453.493,0.47405,3.37104,6.34463,0.08552,0.13073,0.23702,31.2522096,75.7043807,1.130,358.30
453.597,1.74298,4.72615,8.68138,0.37751,0.21502,0.32498,31.2522096,75.7043807,1.130,358.30
453.701,2.29843,5.47315,10.04128,0.29810,-0.51924,-0.13928,31.2522096,75.7043807,1.130,358.30
453.804,1.65200,3.73974,12.98615,-0.25412,0.42638,-0.10629,31.2522096,75.7043807,1.130,358.30
453.909,2.86825,2.88741,7.48427,-0.15149,-0.46914,-1.07634,31.2522096,75.7043807,1.130,358.30
454.016,1.08218,1.81480,8.49942,0.11362,-0.27122,-1.37323,31.2522096,75.7043807,1.130,358.30
454.120,0.64165,2.38941,8.08282,0.10140,-0.66829,-1.16675,31.2522096,75.7043807,1.130,358.30
454.225,-1.01035,3.27527,12.04283,0.16860,-0.05620,-0.04032,31.2522096,75.7043807,1.130,358.30
454.329,-1.37427,3.20344,11.29584,-0.97738,0.28833,0.99571,31.2522096,75.7043807,1.130,358.30
454.435,-1.11570,2.55222,8.63828,0.54856,-0.34941,-0.33964,31.2522096,75.7043807,1.130,358.30
454.539,-0.03831,2.91135,5.70778,-0.66218,0.47037,0.63652,31.2522210,75.7043790,1.180,2.90
454.642,1.32639,3.88340,7.37414,-0.05131,0.32254,0.42516,31.2522210,75.7043790,1.180,2.90
454.747,1.74298,4.82192,9.87369,0.07330,-0.09407,0.12584,31.2522210,75.7043790,1.180,2.90
454.851,1.43652,5.67426,11.99974,0.18204,-0.20525,-0.35552,31.2522210,75.7043790,1.180,2.90
454.956,2.46603,2.69587,10.57758,0.96517,-1.04580,-0.41539,31.2522210,75.7043790,1.180,2.90
455.060,2.87783,2.74376,7.34062,0.16249,0.29932,-0.95295,31.2522210,75.7043790,1.180,2.90
455.166,1.74777,2.02071,7.01980,-0.08674,-0.35919,-1.33902,31.2522210,75.7043790,1.180,2.90
455.271,0.00958,2.74854,9.27993,0.20647,-0.51068,-1.07146,31.2522210,75.7043790,1.180,2.90
455.375,-1.23062,3.61524,9.43316,-0.04520,0.11973,0.48136,31.2522210,75.7043790,1.180,2.90
455.479,0.88585,3.49075,11.35809,-1.24372,0.38851,1.15209,31.2522314,75.7043809,1.150,10.60
455.583,0.54109,3.47159,8.66222,-0.03299,-0.28955,-0.46914,31.2522314,75.7043809,1.150,10.60
455.685,0.87149,2.87783,8.55209,-0.10629,0.16860,-0.16493,31.2522314,75.7043809,1.150,10.60
455.791,1.49877,2.97360,7.49864,0.10751,0.17471,-0.14783,31.2522314,75.7043809,1.150,10.60
455.896,2.47560,4.12760,8.56645,0.03665,-0.24435,-0.37751,31.2522314,75.7043809,1.150,10.60
456.002,1.63763,5.07571,10.88883,0.05498,-0.65485,-0.91385,31.2522314,75.7043809,1.150,10.60
456.105,3.84988,2.39420,12.52646,0.06231,-0.89797,-1.00671,31.2522314,75.7043809,1.150,10.60
456.208,3.16992,2.37984,9.39006,0.28833,0.37018,-1.90590,31.2522314,75.7043809,1.150,10.60
456.313,1.20668,1.61848,7.46512,0.08919,-1.06657,-1.71531,31.2522314,75.7043809,1.150,10.60
456.417,0.49799,1.97761,8.45632,0.10751,-0.74159,-1.26205,31.2522314,75.7043809,1.150,10.60
456.521,-1.63763,2.86347,11.35809,0.25656,-0.42638,-0.07086,31.2522395,75.7043848,1.090,36.70
456.624,0.60334,3.58651,9.40442,-1.36467,0.87720,0.95173,31.2522395,75.7043848,1.090,36.70
456.727,-0.56503,3.79242,11.00854,0.13073,-0.34819,-0.81489,31.2522395,75.7043848,1.090,36.70
456.830,-0.55545,3.82115,6.90967,-0.10263,0.28833,0.21991,31.2522395,75.7043848,1.090,36.70
456.933,0.85234,3.76847,7.08684,0.19914,0.29444,0.69639,31.2522395,75.7043848,1.090,36.70
457.037,1.87227,4.06535,7.94396,0.39706,0.48991,0.40684,31.2522395,75.7043848,1.090,36.70
457.140,1.13964,5.26724,10.00776,-0.09529,-0.06475,-0.04765,31.2522395,75.7043848,1.090,36.70
457.244,2.90177,3.68707,13.51766,0.01955,-0.09285,0.08186,31.2522395,75.7043848,1.090,36.70
457.347,3.11725,3.19865,8.74362,0.55955,0.19548,-0.90042,31.2522395,75.7043848,1.090,36.70
457.450,1.68552,2.60489,7.29753,0.21136,-0.93829,-0.85643,31.2522458,75.7043935,1.030,59.40
457.552,1.21147,2.88741,6.95755,-0.08430,-0.14661,-0.70983,31.2522458,75.7043935,1.030,59.40
457.656,-0.96247,4.07493,9.13148,0.07453,-0.67073,-0.57421,31.2522458,75.7043935,1.030,59.40
457.759,0.01437,4.12760,7.89608,-0.77458,-0.24190,0.69516,31.2522458,75.7043935,1.030,59.40
457.862,2.31280,3.10767,15.15530,-0.38607,-0.25534,0.28100,31.2522458,75.7043935,1.030,59.40
457.965,-0.67516,3.57215,6.45956,0.63897,0.23702,-0.05620,31.2522458,75.7043935,1.030,59.40
458.068,0.81882,3.26569,6.86657,-0.03176,0.18937,0.45937,31.2522458,75.7043935,1.030,59.40
458.171,1.19710,5.18105,6.49307,0.44227,0.90042,0.23702,31.2522458,75.7043935,1.030,59.40
458.274,2.04944,5.46357,9.17458,-0.55467,-0.11729,0.36285,31.2522458,75.7043935,1.030,59.40
458.378,2.83952,6.34942,10.58716,-0.60964,-0.57666,-0.32376,31.2522458,75.7043935,1.030,59.40
458.481,1.44610,3.34231,9.02614,0.58643,-1.09467,-1.07268,31.2522506,75.7044030,1.080,77.30
458.585,1.06781,2.74854,7.10599,0.39462,0.26023,-0.86621,31.2522506,75.7044030,1.080,77.30
458.687,0.58897,2.37505,6.15310,-0.24068,-0.39951,-0.83811,31.2522506,75.7044030,1.080,77.30
458.790,-0.66559,3.42850,11.12346,-0.27367,-0.49114,-0.40317,31.2522506,75.7044030,1.080,77.30
458.892,-1.37427,3.85466,9.10275,0.07086,-0.55344,0.61331,31.2522506,75.7044030,1.080,77.30
458.995,0.73263,2.42293,15.51443,-0.93096,0.58399,1.05802,31.2522506,75.7044030,1.080,77.30
459.098,-2.04465,3.90255,7.10599,0.88331,0.33109,0.16860,31.2522506,75.7044030,1.080,77.30
459.201,0.56982,2.74376,6.90967,0.04887,0.12584,1.22295,31.2522506,75.7044030,1.080,77.30
459.304,1.09176,3.89776,6.20098,0.30299,0.42516,0.99571,31.2522506,75.7044030,1.080,77.30
459.407,2.69587,4.86502,10.05565,-0.18082,0.45937,0.67806,31.2522506,75.7044030,1.080,77.30
459.510,3.21302,4.68785,13.65174,-0.27611,0.70860,0.39951,31.2522549,75.7044144,1.060,90.00
459.614,2.26491,3.60567,7.68060,0.05376,-0.03054,-0.22480,31.2522549,75.7044144,1.060,90.00
459.716,1.91536,2.50912,8.38928,0.24435,-0.04276,-0.22724,31.2522549,75.7044144,1.060,90.00
459.819,0.51236,3.20823,6.42125,0.33842,-0.17471,-0.58643,31.2522549,75.7044144,1.060,90.00
459.922,-0.08140,3.50032,9.28950,0.25901,-0.57666,-0.31887,31.2522549,75.7044144,1.060,90.00
460.024,0.32561,4.38618,9.33739,-0.05009,-0.18815,0.52168,31.2522549,75.7044144,1.060,90.00
460.128,1.27850,3.33752,13.30219,-0.93096,0.65363,1.34268,31.2522549,75.7044144,1.060,90.00
460.232,-1.24020,3.42850,6.40210,0.29688,0.53145,0.42761,31.2522549,75.7044144,1.060,90.00
460.335,-0.01915,3.73017,7.18261,0.10996,1.12277,1.29503,31.2522549,75.7044144,1.060,90.00
460.440,1.34554,3.48596,7.50822,0.21014,0.03421,1.32313,31.2522578,75.7044263,1.040,92.80
460.541,4.54898,4.90811,10.92714,-0.46426,-0.55955,0.64630,31.2522578,75.7044263,1.040,92.80
460.643,0.82839,3.30400,14.10185,1.05069,0.32865,-0.17837,31.2522578,75.7044263,1.040,92.80
460.747,3.21781,2.64320,6.69898,0.20525,0.37263,-0.40439,31.2522578,75.7044263,1.040,92.80
460.849,1.87227,2.02549,6.92403,0.14172,-0.21258,-0.86865,31.2522578,75.7044263,1.040,92.80
460.952,0.84755,3.10767,8.18338,-0.28100,-0.70250,-0.42272,31.2522578,75.7044263,1.040,92.80
461.056,-0.77572,3.43329,11.91834,0.44838,-0.02566,0.58765,31.2522578,75.7044263,1.040,92.80
461.160,1.36948,2.50912,13.88637,-1.06779,0.57910,1.44042,31.2522578,75.7044263,1.040,92.80
461.265,-1.23062,3.46680,6.94318,0.32254,0.26267,-0.20159,31.2522578,75.7044263,1.040,92.80
461.366,-0.06225,3.47159,8.48026,0.12095,1.60047,0.53267,31.2522578,75.7044263,1.040,92.80
461.468,0.26336,4.54898,9.06924,0.88942,0.89675,-0.06353,31.2522646,75.7044362,0.970,73.60
461.571,-0.66080,5.20499,9.42358,0.39095,-0.06353,0.24435,31.2522646,75.7044362,0.970,73.60
461.674,0.69432,5.01825,13.48893,-0.38485,0.13073,-0.28344,31.2522646,75.7044362,0.970,73.60
461.778,0.94332,3.59130,8.03973,-0.23702,-0.13195,-0.67440,31.2522646,75.7044362,0.970,73.60
461.883,0.44532,2.98796,4.98952,-0.36285,-0.90286,-0.56322,31.2522646,75.7044362,0.970,73.60
461.987,0.82361,4.02705,7.58483,-0.20403,0.12950,-0.38118,31.2522646,75.7044362,0.970,73.60
462.093,-0.90022,3.64876,12.29183,0.05620,0.19303,-0.10263,31.2522646,75.7044362,0.970,73.60
462.196,-0.27773,2.96402,11.32936,-0.98838,-0.03299,0.50824,31.2522646,75.7044362,0.970,73.60
462.299,-0.66559,2.51870,8.93037,0.32987,-0.45937,-0.67317,31.2522646,75.7044362,0.970,73.60
462.403,-1.67594,3.45723,6.46434,0.06231,0.30665,-0.35308,31.2522646,75.7044362,0.970,73.60
462.507,0.57461,4.11324,6.36858,0.16371,0.39095,0.02199,31.2522707,75.7044416,0.770,65.30
462.610,0.49321,4.98952,8.71489,0.18570,0.02077,-0.38729,31.2522707,75.7044416,0.770,65.30
462.713,2.10690,5.41568,10.48182,0.46548,-1.30603,-1.03358,31.2522707,75.7044416,0.770,65.30
462.815,2.48039,3.32315,11.38204,0.32254,-0.75625,-1.10689,31.2522707,75.7044416,0.770,65.30
462.921,0.34955,1.90578,6.35421,0.50457,-0.83811,-1.21562,31.2522707,75.7044416,0.770,65.30
463.025,0.29209,3.17950,6.23929,-0.57299,-0.24679,-0.89064,31.2522707,75.7044416,0.770,65.30
463.129,0.21069,2.98796,11.77947,0.11118,0.10751,-0.70372,31.2522707,75.7044416,0.770,65.30
463.233,-2.16915,4.01268,9.43316,-0.12584,-1.15331,0.33598,31.2522707,75.7044416,0.770,65.30
463.336,1.02472,1.81480,10.41957,-0.66829,-0.33842,1.25594,31.2522707,75.7044416,0.770,65.30
463.440,-2.72460,3.37104,7.49385,1.17653,1.49418,-0.76603,31.2522725,75.7044483,0.900,69.50
463.543,-0.62249,3.74932,6.87136,-0.00733,-0.00611,0.45448,31.2522725,75.7044483,0.900,69.50
463.647,0.92895,4.68306,7.75243,0.03421,0.24435,0.60842,31.2522725,75.7044483,0.900,69.50
463.750,2.65278,6.28239,10.29507,-0.31154,-1.23395,-0.33720,31.2522725,75.7044483,0.900,69.50
463.851,2.71981,3.62961,13.15374,0.64630,-0.17104,-0.64996,31.2522725,75.7044483,0.900,69.50
463.953,1.44131,2.66714,8.45153,0.28833,-0.15760,-0.90775,31.2522725,75.7044483,0.900,69.50
464.057,0.74220,1.67115,5.41568,-0.57788,-0.97005,-0.81001,31.2522725,75.7044483,0.900,69.50
464.161,-1.97761,2.82516,10.86968,0.24557,-0.56566,-1.10444,31.2522725,75.7044483,0.900,69.50
464.265,-1.30245,4.17070,9.57202,-0.21136,-0.32254,0.38118,31.2522725,75.7044483,0.900,69.50
464.368,0.71826,4.09887,11.23838,-0.91874,-0.01710,1.05191,31.2522725,75.7044483,0.900,69.50
464.470,0.46448,3.58651,8.46111,0.20036,-0.07941,0.16005,31.2522730,75.7044593,1.100,78.30
464.572,1.15401,3.33273,5.78439,0.63286,0.95417,0.21869,31.2522730,75.7044593,1.100,78.30
464.674,2.10211,4.18985,8.91122,0.34941,0.71960,0.46426,31.2522730,75.7044593,1.100,78.30
464.777,2.68151,6.16268,10.18493,0.01344,-0.42516,0.09163,31.2522730,75.7044593,1.100,78.30
464.879,3.73974,4.12282,15.90229,-0.13683,0.30788,-0.63897,31.2522730,75.7044593,1.100,78.30
464.982,0.83318,3.94086,7.44597,0.48258,-0.77824,-1.51128,31.2522730,75.7044593,1.100,78.30
465.083,-0.03352,3.45244,4.92248,-0.26023,-0.80390,-0.89309,31.2522730,75.7044593,1.100,78.30
465.186,0.79009,3.27048,7.48906,-0.18204,-0.62919,-0.73548,31.2522730,75.7044593,1.100,78.30
465.288,-0.91937,4.33829,11.03727,0.42394,0.29199,-0.54367,31.2522730,75.7044593,1.100,78.30
465.391,-0.60813,4.50110,8.32703,-0.30299,-0.05498,0.79412,31.2522730,75.7044593,1.100,78.30
465.493,-1.24020,3.72538,10.97023,-1.37445,0.72326,1.09711,31.2522751,75.7044707,1.190,84.30
465.595,0.41659,3.43807,7.14430,-0.40561,0.52657,0.76114,31.2522751,75.7044707,1.190,84.30
465.697,1.12527,4.08451,7.89129,0.32987,0.95906,1.04580,31.2522751,75.7044707,1.190,84.30
465.802,3.40934,5.58328,9.95030,0.31887,-0.04765,0.76603,31.2522751,75.7044707,1.190,84.30
465.905,4.70700,5.15711,12.88559,-0.38362,-0.22358,-0.22358,31.2522751,75.7044707,1.190,84.30
466.009,2.53785,2.92571,10.14184,0.60964,-0.85277,-1.76907,31.2522751,75.7044707,1.190,84.30
466.112,0.60334,2.10690,8.04452,0.43494,-1.04702,-1.50151,31.2522751,75.7044707,1.190,84.30
466.215,-0.39265,3.02627,5.47793,0.13439,-1.00793,-1.09223,31.2522751,75.7044707,1.190,84.30
466.320,-1.77650,4.31435,8.67659,-0.35552,0.33964,-0.32376,31.2522751,75.7044707,1.190,84.30
466.423,-1.79086,4.31914,10.58716,-0.59376,0.27733,1.45508,31.2522751,75.7044707,1.190,84.30
466.526,0.71347,3.35667,9.38048,-1.10322,0.31276,1.41965,31.2522763,75.7044851,1.080,86.70
466.628,1.50356,2.86347,8.68138,-0.66218,0.83322,1.11666,31.2522763,75.7044851,1.080,86.70
466.730,2.03986,2.68629,7.24485,0.18692,0.50580,0.52534,31.2522763,75.7044851,1.080,86.70
466.834,2.47560,3.96001,8.91601,0.44960,0.33475,0.55711,31.2522763,75.7044851,1.080,86.70
466.936,4.03662,4.41491,11.50653,-0.18204,-0.71838,0.54123,31.2522763,75.7044851,1.080,86.70
467.039,4.78362,3.46680,13.33570,0.35186,-0.30665,-0.83933,31.2522763,75.7044851,1.080,86.70
467.142,2.63362,2.63841,8.18338,0.42028,-0.08674,-1.49295,31.2522763,75.7044851,1.080,86.70
467.245,1.52750,2.08774,6.33985,0.07941,-0.64507,-1.36956,31.2522763,75.7044851,1.080,86.70
467.347,1.13006,2.77249,9.20331,0.38973,-0.62675,-1.07268,31.2522763,75.7044851,1.080,86.70
467.450,-1.02951,3.99353,9.12670,0.49969,-0.40195,-0.04643,31.2522778,75.7044960,0.980,87.30
467.553,1.58975,3.28006,10.83137,-1.01526,-0.16249,1.54549,31.2522778,75.7044960,0.980,87.30
467.656,0.32082,3.53863,8.37492,-0.27611,0.31887,0.14661,31.2522778,75.7044960,0.980,87.30
467.759,0.44053,3.20344,7.19218,-0.37018,0.82100,0.81489,31.2522778,75.7044960,0.980,87.30
467.861,1.66158,3.35188,7.09163,0.16616,0.63163,0.79657,31.2522778,75.7044960,0.980,87.30
467.965,3.59609,4.50589,11.02290,-0.15394,0.10385,0.67928,31.2522778,75.7044960,0.980,87.30
468.069,3.97437,4.18985,14.09227,-0.19670,0.77091,-0.03054,31.2522778,75.7044960,0.980,87.30
468.171,3.24654,2.88741,8.80587,0.32742,-0.13928,-1.14476,31.2522778,75.7044960,0.980,87.30
468.274,1.40300,2.07817,6.49786,0.22113,-0.59865,-1.26816,31.2522778,75.7044960,0.980,87.30
468.379,0.90980,2.08296,6.59842,-0.41294,-0.63408,-0.89797,31.2522778,75.7044960,0.980,87.30
468.482,-1.09176,2.60489,9.73961,0.38362,-0.67195,-0.36896,31.2522807,75.7045066,1.000,83.70
468.587,0.78530,2.69587,8.55209,-1.03358,0.44471,1.72142,31.2522807,75.7045066,1.000,83.70
468.690,0.45490,1.62806,11.33415,-0.73670,0.78435,0.01588,31.2522807,75.7045066,1.000,83.70
468.795,-0.07661,2.26013,8.17380,-0.11851,0.33964,0.08308,31.2522807,75.7045066,1.000,83.70
468.897,0.46926,3.05500,7.70454,0.36530,0.61942,0.54000,31.2522807,75.7045066,1.000,83.70
469.000,1.02951,4.40533,8.62391,0.80023,0.79657,0.46181,31.2522807,75.7045066,1.000,83.70
469.105,2.19788,4.79319,12.35887,-0.28833,-0.55222,0.43249,31.2522807,75.7045066,1.000,83.70
469.207,1.94888,2.27928,9.25119,0.52901,-1.25105,-0.62797,31.2522807,75.7045066,1.000,83.70
469.310,1.37906,2.04465,7.64708,0.48136,-0.13073,-0.92852,31.2522807,75.7045066,1.000,83.70
469.412,0.29209,2.61926,6.22492,0.24801,0.07819,-0.81612,31.2522807,75.7045066,1.000,83.70
469.514,-0.89064,2.85868,8.45153,0.39951,-0.13806,-0.41783,31.2522802,75.7045195,1.030,84.50
469.617,-0.81882,3.66313,9.21289,-0.29688,-0.19181,0.72571,31.2522802,75.7045195,1.030,84.50
469.721,0.17717,2.83952,12.54562,-1.36834,0.36652,1.42820,31.2522802,75.7045195,1.030,84.50
469.824,0.11971,3.42850,9.04051,-0.30788,0.32254,-0.00244,31.2522802,75.7045195,1.030,84.50
469.927,-0.14844,3.00233,7.33583,0.08063,0.41905,0.32620,31.2522802,75.7045195,1.030,84.50
470.030,0.27773,3.31836,7.35020,0.03665,-0.02810,0.92241,31.2522802,75.7045195,1.030,84.50
470.133,3.12204,3.90734,11.56399,-0.10996,-0.07697,0.46059,31.2522802,75.7045195,1.030,84.50
470.236,-0.32082,3.93607,15.49527,0.07086,0.91019,0.24801,31.2522802,75.7045195,1.030,84.50
470.340,0.91459,2.33195,7.71412,0.16249,-0.32498,0.03054,31.2522802,75.7045195,1.030,84.50
470.443,0.77572,2.02071,6.72771,-0.01222,-0.42638,-0.27733,31.2522817,75.7045288,0.850,84.40
470.545,0.47405,2.52349,7.92481,0.02077,0.56322,-0.47525,31.2522817,75.7045288,0.850,84.40
470.647,-2.52349,3.53384,9.55765,0.31276,0.01833,0.15760,31.2522817,75.7045288,0.850,84.40
470.750,-0.43096,3.43329,10.37168,-0.21502,0.32132,1.59191,31.2522817,75.7045288,0.850,84.40
470.853,1.34554,1.92973,11.88482,-0.22358,-0.71105,0.92485,31.2522817,75.7045288,0.850,84.40
470.957,-0.98162,3.13640,6.09564,0.55711,0.59498,0.15638,31.2522817,75.7045288,0.850,84.40
471.060,0.11013,3.04542,7.42203,-0.01222,0.65851,0.88820,31.2522817,75.7045288,0.850,84.40
471.163,0.85234,3.82593,8.28394,0.24679,1.01770,0.82589,31.2522817,75.7045288,0.850,84.40
471.266,1.90578,5.59285,10.82658,0.00611,-0.18448,0.30910,31.2522817,75.7045288,0.850,84.40
471.369,1.26893,3.93607,14.61421,-0.24068,0.67073,0.46426,31.2522817,75.7045288,0.850,84.40
471.471,0.65601,3.38540,9.16022,0.34941,0.40561,-0.70372,31.2522812,75.7045383,0.830,89.70
471.573,0.37828,2.42772,6.43561,0.15760,-0.29688,-0.37629,31.2522812,75.7045383,0.830,89.70
471.675,-0.41180,2.14520,7.74285,0.58643,-0.24679,-0.79657,31.2522812,75.7045383,0.830,89.70
471.780,-3.34231,2.97839,10.26155,0.35675,0.78435,0.15027,31.2522812,75.7045383,0.830,89.70
471.883,-1.44131,3.73495,10.91756,-0.58765,0.25901,1.01526,31.2522812,75.7045383,0.830,89.70
471.986,-1.17795,3.55300,9.34218,-0.28955,0.02077,0.01833,31.2522812,75.7045383,0.830,89.70
472.089,-1.71425,3.28484,5.62637,0.01344,0.33598,-0.02566,31.2522812,75.7045383,0.830,89.70
472.192,-0.97683,4.26168,7.59441,0.20647,0.33964,0.19548,31.2522812,75.7045383,0.830,89.70
472.296,-0.07661,5.81791,8.79630,0.13683,-0.05009,-0.16982,31.2522812,75.7045383,0.830,89.70
472.401,-0.24900,6.47871,10.70687,-0.22358,-0.68050,-0.48503,31.2522812,75.7045383,0.830,89.70
472.505,0.97683,2.95444,10.08438,0.23579,-1.42087,-0.52534,31.2522796,75.7045484,1.030,92.50
472.609,0.14365,2.26970,8.05409,0.78679,0.32376,-1.32680,31.2522796,75.7045484,1.030,92.50
472.712,0.93853,2.21703,5.79876,-0.41783,-1.08612,-0.94928,31.2522796,75.7045484,1.030,92.50
472.815,-0.09577,2.82995,10.24239,-0.18326,-0.13806,-0.82345,31.2522796,75.7045484,1.030,92.50
472.918,-3.11725,3.27527,9.71567,-0.17349,-0.83444,0.65118,31.2522796,75.7045484,1.030,92.50
473.020,-0.80445,1.96803,12.05241,-0.06475,-0.53390,0.46426,31.2522796,75.7045484,1.030,92.50
473.123,-2.02071,3.47159,7.07726,0.54123,0.26389,-0.11606,31.2522796,75.7045484,1.030,92.50
473.226,0.18675,3.77326,5.65032,-0.36774,0.11240,1.25227,31.2522796,75.7045484,1.030,92.50
473.328,2.77249,4.36702,8.42280,-0.00489,-0.11118,0.58521,31.2522796,75.7045484,1.030,92.50
473.431,2.55222,4.03662,10.08438,-0.87720,1.74219,-0.96639,31.2522795,75.7045591,0.990,92.20
473.534,0.92895,2.18830,14.54717,0.20281,-0.07086,-0.72693,31.2522795,75.7045591,0.990,92.20
473.637,1.44131,1.36948,9.71088,0.09529,0.66340,-0.89309,31.2522795,75.7045591,0.990,92.20
473.741,-0.07661,1.45567,5.76045,-0.07819,-0.97372,-1.39155,31.2522795,75.7045591,0.990,92.20
473.843,-0.33040,1.73819,9.71088,0.18815,0.07453,-1.12277,31.2522795,75.7045591,0.990,92.20
473.946,-2.05422,2.09732,11.57357,0.00122,-0.07208,0.36285,31.2522795,75.7045591,0.990,92.20
474.048,0.73263,1.84354,12.32056,-0.70494,-0.16005,1.73119,31.2522795,75.7045591,0.990,92.20
474.152,-0.36392,2.22182,8.33182,0.61087,0.96639,-0.21625,31.2522795,75.7045591,0.990,92.20
474.254,-0.79009,1.33596,7.97269,-0.01588,0.19670,-0.08430,31.2522795,75.7045591,0.990,92.20
474.357,0.05267,2.61447,6.75644,-0.03543,0.60231,0.43616,31.2522795,75.7045591,0.990,92.20
474.460,-0.71347,4.41012,11.01812,-0.36408,0.28955,0.65973,31.2522786,75.7045725,1.070,92.90
474.562,0.62728,5.50188,13.05319,-0.40684,0.11240,0.26878,31.2522786,75.7045725,1.070,92.90
474.665,1.89621,2.82995,10.12747,0.68173,-0.28100,-0.54000,31.2522786,75.7045725,1.070,92.90
474.766,0.87628,1.94888,9.31344,0.74281,0.23335,-0.81978,31.2522786,75.7045725,1.070,92.90
474.872,-0.99599,2.39420,5.86101,0.93340,-0.50457,-0.77946,31.2522786,75.7045725,1.070,92.90
474.975,-1.85311,2.46124,8.26000,0.44593,-0.26267,-0.09896,31.2522786,75.7045725,1.070,92.90
475.077,-2.40857,3.59609,8.16423,-0.07819,-0.17959,0.67195,31.2522786,75.7045725,1.070,92.90
475.183,-1.52750,2.70066,13.15853,-1.35490,0.23457,0.66218,31.2522786,75.7045725,1.070,92.90
475.286,-2.53785,3.24654,8.46111,0.21014,0.70127,0.13439,31.2522786,75.7045725,1.070,92.90
475.390,-1.45089,2.82995,6.45956,0.09407,0.48747,0.91752,31.2522786,75.7045725,1.070,92.90
475.493,0.39265,3.60567,7.88650,-0.05986,0.26756,1.07390,31.2522796,75.7045847,0.910,90.70
475.595,1.95846,4.86023,10.43872,-0.36163,-0.28344,0.10507,31.2522796,75.7045847,0.910,90.70
475.698,1.09654,4.03662,14.56632,-0.48991,-0.10873,-0.06353,31.2522796,75.7045847,0.910,90.70
475.801,0.73741,2.56658,10.20409,0.44838,-0.07330,-0.77458,31.2522796,75.7045847,0.910,90.70
475.905,-0.21548,2.24097,7.61356,0.25412,-0.67806,-0.94806,31.2522796,75.7045847,0.910,90.70
476.008,-1.21147,2.37026,7.54652,0.40806,-0.26023,-0.57910,31.2522796,75.7045847,0.910,90.70
476.109,-2.93050,2.70545,9.08360,0.36896,0.48381,0.29322,31.2522796,75.7045847,0.910,90.70
476.212,-0.76136,3.23217,9.05487,-1.38666,0.20159,1.17286,31.2522796,75.7045847,0.910,90.70
476.314,-0.74699,2.92093,11.90876,-0.23091,0.12828,-0.20892,31.2522796,75.7045847,0.910,90.70
476.416,-2.29843,3.28484,6.96713,0.05742,0.26389,0.34697,31.2522796,75.7045847,0.910,90.70
476.519,-0.37828,3.17950,6.70376,0.36652,0.33842,0.87965,31.2522777,75.7045953,0.940,92.20
476.623,1.04866,4.68785,9.86411,0.17226,0.46426,0.41294,31.2522777,75.7045953,0.940,92.20
476.726,0.23463,6.21535,10.79785,-0.35552,-0.33475,-0.24557,31.2522777,75.7045953,0.940,92.20
476.830,1.00556,3.27048,10.19930,0.55222,-0.53267,-0.76969,31.2522777,75.7045953,0.940,92.20
476.932,0.36392,2.94966,7.97269,0.17226,-0.12217,-0.72693,31.2522777,75.7045953,0.940,92.20
477.035,-0.17717,2.61926,6.14352,0.27489,-0.43494,-0.86499,31.2522777,75.7045953,0.940,92.20
477.138,-0.45490,3.09331,8.82982,0.07330,-0.62919,-0.45082,31.2522777,75.7045953,0.940,92.20
477.239,-1.67115,3.50032,10.08917,0.05986,0.16860,0.49847,31.2522777,75.7045953,0.940,92.20
477.341,-0.28252,3.39498,10.92714,-1.36834,-0.08308,1.07024,31.2522777,75.7045953,0.940,92.20
477.443,-0.78530,2.99754,8.07804,0.37996,0.75259,-0.27367,31.2522783,75.7046043,0.890,91.00
477.545,-1.29766,2.52349,7.84340,-0.44715,0.12339,0.42638,31.2522783,75.7046043,0.890,91.00
477.648,-0.40701,3.37104,6.91445,0.03299,0.23824,0.62308,31.2522783,75.7046043,0.890,91.00
477.751,0.76136,5.06134,10.16099,0.07575,0.42761,0.29322,31.2522783,75.7046043,0.890,91.00
477.854,0.01437,6.69419,10.37168,0.19792,-0.31521,-0.08674,31.2522783,75.7046043,0.890,91.00
477.957,1.18274,2.78206,11.19050,0.53634,-0.68783,-0.34453,31.2522783,75.7046043,0.890,91.00
478.060,-0.86191,2.87783,8.38449,0.56810,0.51191,-0.70860,31.2522783,75.7046043,0.890,91.00
478.164,0.52194,2.92571,5.99508,0.17959,-0.43494,-0.79412,31.2522783,75.7046043,0.890,91.00
478.268,-1.26893,3.24654,7.72848,0.48136,-0.11240,-0.85277,31.2522783,75.7046043,0.890,91.00
478.370,-3.52426,3.86424,8.82024,-0.09041,0.02077,0.41661,31.2522783,75.7046043,0.890,91.00
478.473,-2.70066,4.60644,9.27993,-0.93951,0.25779,0.91019,31.2522792,75.7046136,0.920,88.80
478.576,-2.29843,2.82995,12.73715,-0.26145,0.07941,0.33353,31.2522792,75.7046136,0.920,88.80
478.679,-2.24576,2.16436,8.89685,-0.14539,0.12950,1.03481,31.2522792,75.7046136,0.920,88.80
478.782,-0.14365,2.82037,6.22492,0.21502,0.44715,0.85032,31.2522792,75.7046136,0.920,88.80
478.885,0.42138,4.18028,9.07881,-0.04276,-0.05986,0.54978,31.2522792,75.7046136,0.920,88.80
478.988,0.25379,5.51624,9.77792,0.25045,-0.18448,-0.09774,31.2522792,75.7046136,0.920,88.80
479.092,1.93930,3.89776,12.52646,0.13195,-0.89186,-0.14416,31.2522792,75.7046136,0.920,88.80
479.196,0.11492,3.77805,9.45231,0.48381,0.45082,-0.38362,31.2522792,75.7046136,0.920,88.80
479.300,0.94810,2.52349,7.14430,-0.03787,-0.49969,-0.30299,31.2522792,75.7046136,0.920,88.80
479.404,0.80924,3.56736,7.24964,0.00611,-0.08919,-0.67928,31.2522792,75.7046136,0.920,88.80
479.507,-1.64242,4.88896,11.13783,0.27245,-0.01466,0.11606,31.2522773,75.7046234,0.980,91.20
479.610,-0.93374,5.25288,8.56645,-0.07941,0.11729,0.72326,31.2522773,75.7046234,0.980,91.20
479.716,0.09577,3.17471,9.97424,-0.21502,-0.01955,0.25045,31.2522773,75.7046234,0.980,91.20
479.819,-0.81882,3.18429,6.90488,-0.38729,0.38240,0.02443,31.2522773,75.7046234,0.980,91.20
479.922,0.85234,3.59130,8.47069,-0.01344,0.45937,-0.19792,31.2522773,75.7046234,0.980,91.20
480.026,0.72784,4.41491,9.86890,-0.00367,-0.53390,-0.03421,31.2522773,75.7046234,0.980,91.20
480.129,1.24977,6.15789,10.14184,-0.13806,-0.30421,-0.38118,31.2522773,75.7046234,0.980,91.20
480.231,2.68629,3.35188,9.42837,0.25656,-1.05069,-1.07268,31.2522773,75.7046234,0.980,91.20
480.334,1.07739,2.64799,7.81467,0.01100,-0.41905,-1.13987,31.2522773,75.7046234,0.980,91.20
480.437,0.88107,3.47638,6.35421,-0.13928,0.19426,-1.01037,31.2522746,75.7046345,1.090,94.30
480.539,-0.06225,3.53384,11.12346,0.14416,-0.54856,-0.71349,31.2522746,75.7046345,1.090,94.30
480.643,-1.16358,4.68306,9.60075,0.44960,-0.45815,0.25290,31.2522746,75.7046345,1.090,94.30
480.746,-0.48842,3.26090,11.22402,-0.79168,0.03787,1.02381,31.2522746,75.7046345,1.090,94.30
480.849,-1.53708,3.27527,6.76123,0.23579,0.54245,0.07575,31.2522746,75.7046345,1.090,94.30
480.952,-0.06225,3.31836,7.69975,-0.51679,0.54856,0.70860,31.2522746,75.7046345,1.090,94.30
481.055,0.67995,4.40533,7.64229,-0.12706,0.46181,0.56688,31.2522746,75.7046345,1.090,94.30
481.158,1.34075,5.54976,9.88805,0.11240,0.28711,0.20281,31.2522746,75.7046345,1.090,94.30
481.261,0.36871,6.79474,9.09318,0.85155,0.14294,-0.17471,31.2522746,75.7046345,1.090,94.30
481.365,1.70467,4.20422,11.57357,-0.07697,-0.67440,0.19548,31.2522746,75.7046345,1.090,94.30
481.468,1.19231,4.51068,8.34619,0.20892,0.30788,-0.48869,31.2522736,75.7046421,1.000,95.30
481.570,0.62249,3.21781,6.95276,0.05986,-0.68661,-0.56322,31.2522736,75.7046421,1.000,95.30
481.674,-0.72305,3.27048,7.83383,0.38851,0.21991,-0.33720,31.2522736,75.7046421,1.000,95.30
481.779,-1.62327,4.00789,8.14029,0.24312,0.19426,0.46548,31.2522736,75.7046421,1.000,95.30
481.882,-0.34955,4.72137,10.57758,-0.81734,0.42394,0.81123,31.2522736,75.7046421,1.000,95.30
481.984,-0.99120,5.07092,10.09395,-0.36896,0.49480,0.57788,31.2522736,75.7046421,1.000,95.30
482.086,-1.64721,3.49075,9.35175,0.06964,0.39706,0.47892,31.2522736,75.7046421,1.000,95.30
482.189,-0.54109,2.87783,7.76200,-0.34697,0.30299,0.60353,31.2522736,75.7046421,1.000,95.30
482.292,-0.54588,4.13239,6.92882,0.10385,0.29810,-0.01588,31.2522736,75.7046421,1.000,95.30
482.394,-0.84755,5.02782,9.23204,-0.23091,0.13561,-0.10018,31.2522736,75.7046421,1.000,95.30
482.497,-1.41258,5.85622,9.73961,-0.52534,0.07697,-0.00244,31.2522688,75.7046522,1.110,96.40
482.600,1.15879,4.18985,10.46745,-0.28833,-0.48136,-0.45937,31.2522688,75.7046522,1.110,96.40
482.705,-0.04310,2.72460,9.03093,0.57421,-0.47281,-1.12033,31.2522688,75.7046522,1.110,96.40
482.808,-0.90022,2.48997,8.57603,0.34453,-0.16493,-0.26512,31.2522688,75.7046522,1.110,96.40
482.912,0.94810,2.77249,8.29351,-0.12462,-0.30910,-0.01344,31.2522688,75.7046522,1.110,96.40
483.014,0.72784,3.96001,6.55532,0.50091,-0.23579,-0.67317,31.2522688,75.7046522,1.110,96.40
483.116,-1.66636,5.01346,10.49618,0.29932,0.16249,-0.25779,31.2522688,75.7046522,1.110,96.40
483.219,-1.60890,5.37738,9.48104,-0.09407,0.51435,0.49969,31.2522688,75.7046522,1.110,96.40
483.322,-1.47483,2.69587,12.09072,-0.99449,-0.21869,0.98349,31.2522688,75.7046522,1.110,96.40
483.426,-2.24576,2.71981,8.49463,0.17959,0.78924,0.30788,31.2522688,75.7046522,1.110,96.40
483.529,-1.47004,2.49476,7.82425,-0.16493,0.36652,0.99571,31.2522671,75.7046614,1.060,95.10
483.633,-0.37828,4.15155,6.36858,-0.00122,0.40806,0.67562,31.2522671,75.7046614,1.060,95.10
483.736,-0.22027,5.10444,9.86890,0.00611,0.11240,0.31032,31.2522671,75.7046614,1.060,95.10
483.838,0.01437,6.14831,10.29507,-0.09407,-0.05620,0.22113,31.2522671,75.7046614,1.060,95.10
483.941,2.49476,2.26970,12.46421,0.45571,-0.70494,-0.64874,31.2522671,75.7046614,1.060,95.10
484.044,-0.22984,2.59053,8.67180,0.45693,0.24435,-0.84177,31.2522671,75.7046614,1.060,95.10
484.147,0.49799,2.42293,6.89530,0.35675,-0.48747,-0.73793,31.2522671,75.7046614,1.060,95.10
484.249,-1.11570,2.94487,8.50899,-0.09896,-0.03910,-0.35186,31.2522671,75.7046614,1.060,95.10
484.351,-1.69031,3.32315,11.13783,0.16982,0.17226,0.24068,31.2522671,75.7046614,1.060,95.10
484.453,-1.77650,4.96557,9.24162,-0.82222,0.42150,0.86743,31.2522638,75.7046715,1.100,94.80
484.555,-0.49799,2.94487,9.50977,-0.02810,-0.44593,0.21014,31.2522638,75.7046715,1.100,94.80
484.658,-1.59933,2.94487,6.35421,-0.17471,-0.01344,0.35308,31.2522638,75.7046715,1.100,94.80
484.761,0.27294,3.83551,6.92882,-0.16616,0.33842,0.56444,31.2522638,75.7046715,1.100,94.80
484.864,1.54665,5.02304,9.71088,0.04887,-0.09529,0.01466,31.2522638,75.7046715,1.100,94.80
484.967,0.24421,5.96635,10.80743,0.34697,0.02443,-0.53267,31.2522638,75.7046715,1.100,94.80
485.071,1.95846,2.81558,10.68772,0.62186,-1.15698,-0.90286,31.2522638,75.7046715,1.100,94.80
485.175,-0.18675,3.63919,7.91044,0.30177,0.34086,-0.70127,31.2522638,75.7046715,1.100,94.80
485.277,0.89064,2.86825,6.73250,0.32742,-0.32009,-0.98838,31.2522638,75.7046715,1.100,94.80
485.379,0.32561,3.15077,9.19373,-0.13195,-0.54978,-0.88453,31.2522638,75.7046715,1.100,94.80
485.483,-1.58496,3.74453,11.46823,0.29444,-0.36530,-0.31032,31.2522616,75.7046841,1.210,97.90
485.587,-1.34554,2.40857,11.58794,-1.56259,-0.17959,0.65118,31.2522616,75.7046841,1.210,97.90
485.691,-2.73897,2.45645,9.32781,0.64019,0.37996,-0.35552,31.2522616,75.7046841,1.210,97.90
485.793,-2.21224,2.86825,6.22971,-0.39462,0.04520,0.67684,31.2522616,75.7046841,1.210,97.90
485.896,0.74220,3.74453,7.85298,0.16371,0.49969,0.75992,31.2522616,75.7046841,1.210,97.90
485.999,1.01514,5.20499,11.57836,0.04520,0.01710,0.41661,31.2522616,75.7046841,1.210,97.90
486.101,1.13485,6.43083,9.86411,0.27611,-0.22969,-0.17837,31.2522616,75.7046841,1.210,97.90
486.204,2.35589,3.72059,9.68694,0.58765,-0.54489,-0.61209,31.2522616,75.7046841,1.210,97.90
486.307,1.64242,2.90656,7.92002,0.32742,-0.25168,-0.70250,31.2522616,75.7046841,1.210,97.90
486.410,0.78051,2.80122,6.47871,0.17959,-0.50457,-1.03481,31.2522616,75.7046841,1.210,97.90
486.513,-0.50278,3.05979,8.47069,0.04765,-0.51313,-0.58277,31.2522574,75.7046959,1.160,100.20
486.615,-1.92494,3.77326,9.50019,-0.05376,0.30177,0.10873,31.2522574,75.7046959,1.160,100.20
486.718,-1.48441,3.83072,9.37569,-1.26449,0.52901,0.64996,31.2522574,75.7046959,1.160,100.20
486.820,-1.52271,3.24175,8.98304,-0.27122,0.12950,0.10140,31.2522574,75.7046959,1.160,100.20
486.923,-1.27372,3.36146,7.36456,-0.18570,0.35675,0.54123,31.2522574,75.7046959,1.160,100.20
487.028,-0.03831,3.80678,7.90087,0.10629,0.26512,0.90775,31.2522574,75.7046959,1.160,100.20
487.130,1.95367,5.01346,8.04452,-0.16371,0.02077,0.37385,31.2522574,75.7046959,1.160,100.20
487.233,2.08774,5.34865,13.06276,-0.11118,-0.50702,-0.75259,31.2522574,75.7046959,1.160,100.20
487.336,0.00479,3.60567,9.14106,0.82467,-0.74770,-0.82711,31.2522574,75.7046959,1.160,100.20
487.438,0.90980,2.91614,8.55209,0.08308,0.17959,-0.46304,31.2522548,75.7047091,1.180,101.80
487.540,0.10056,2.80600,6.07648,0.42394,-0.28344,-0.86743,31.2522548,75.7047091,1.180,101.80
487.643,-0.16759,3.50032,9.02135,0.08919,-0.33964,-0.65118,31.2522548,75.7047091,1.180,101.80
487.746,-1.88184,4.27126,10.14663,0.06353,-0.07819,0.32254,31.2522548,75.7047091,1.180,101.80
487.847,-1.00556,3.01669,11.21923,-0.87109,-0.29688,0.87476,31.2522548,75.7047091,1.180,101.80
487.950,-1.29766,3.14119,8.13071,-0.24190,0.13683,0.38240,31.2522548,75.7047091,1.180,101.80
488.054,-1.10612,3.15077,6.73250,0.08430,0.20525,0.54978,31.2522548,75.7047091,1.180,101.80
488.157,1.35033,3.55300,7.88650,0.10018,0.07575,0.64385,31.2522548,75.7047091,1.180,101.80
488.261,1.48441,5.35822,11.18092,-0.35797,0.13073,0.17715,31.2522548,75.7047091,1.180,101.80
488.363,0.28730,5.61680,12.01889,0.13317,0.13806,-0.17593,31.2522548,75.7047091,1.180,101.80
488.466,1.73819,3.81157,8.15465,0.42150,0.21747,-0.41783,31.2522546,75.7047218,1.200,101.20
488.569,1.61848,2.40857,9.29429,0.31276,-0.22602,-0.64874,31.2522546,75.7047218,1.200,101.20
488.672,0.24421,3.39977,6.21535,0.49602,-0.33353,-0.85521,31.2522546,75.7047218,1.200,101.20
488.774,-0.35434,3.90255,8.97347,0.53267,-0.48991,-0.48381,31.2522546,75.7047218,1.200,101.20
488.877,-1.57538,4.75488,9.23683,-0.18937,-0.29077,0.45204,31.2522546,75.7047218,1.200,101.20
488.979,-0.72784,3.87382,10.43393,-1.31947,-0.01466,1.01526,31.2522546,75.7047218,1.200,101.20
489.083,-0.22505,3.40934,8.55209,0.07575,0.70372,0.14905,31.2522546,75.7047218,1.200,101.20
489.186,-0.75657,2.45645,7.94396,0.25168,0.53878,0.71593,31.2522546,75.7047218,1.200,101.20
489.289,-0.10056,4.52983,6.34463,-0.05376,0.74648,0.95417,31.2522546,75.7047218,1.200,101.20
489.392,1.49398,6.39731,10.91277,-0.38607,0.20159,0.53512,31.2522546,75.7047218,1.200,101.20
489.496,1.55623,5.97593,13.05319,-0.32742,0.39706,0.15272,31.2522542,75.7047349,1.180,100.20
489.599,1.74777,3.20344,8.62391,0.35552,0.06475,-0.67684,31.2522542,75.7047349,1.180,100.20
489.701,0.64643,2.63362,8.26478,0.51679,-0.09896,-0.90775,31.2522542,75.7047349,1.180,100.20
489.805,-1.04866,3.24175,7.98227,0.54367,-0.15027,-0.76847,31.2522542,75.7047349,1.180,100.20
489.909,-2.40378,3.11246,8.55688,0.40195,0.00244,-0.02566,31.2522542,75.7047349,1.180,100.20
490.013,-2.14999,4.32872,7.30710,-1.04947,0.34575,0.77091,31.2522542,75.7047349,1.180,100.20
490.116,-1.49398,2.79164,13.36922,-0.54734,-0.46792,-0.13561,31.2522542,75.7047349,1.180,100.20
490.218,-2.52828,3.10289,5.94241,0.26878,0.23579,-0.11606,31.2522542,75.7047349,1.180,100.20
490.322,-1.53708,3.63919,6.56490,0.14539,0.66706,0.72082,31.2522542,75.7047349,1.180,100.20
490.425,-0.72305,5.07092,7.43639,-0.06597,0.12462,0.75869,31.2522533,75.7047507,1.310,98.30
490.526,1.13485,6.47392,10.49618,-0.51557,-0.32987,0.36285,31.2522533,75.7047507,1.310,98.30
490.631,1.89621,2.99275,12.36845,0.35675,-0.61453,-0.39340,31.2522533,75.7047507,1.310,98.30
490.735,0.39265,2.56658,8.47069,0.59743,-0.02321,-0.85643,31.2522533,75.7047507,1.310,98.30
490.839,-0.48842,2.75812,6.78517,0.36163,-0.30055,-0.87598,31.2522533,75.7047507,1.310,98.30
490.941,-1.82438,3.05021,9.42358,0.41905,-0.25779,-0.29810,31.2522533,75.7047507,1.310,98.30
491.044,-3.01191,3.71101,8.42280,0.55344,0.11729,0.78069,31.2522533,75.7047507,1.310,98.30
491.147,-0.96726,4.96557,7.96311,-1.23761,0.52046,1.36467,31.2522533,75.7047507,1.310,98.30
491.251,-0.62728,4.00311,11.44428,-0.18815,0.28344,0.23457,31.2522533,75.7047507,1.310,98.30
491.354,-0.16759,2.89220,6.20098,0.34086,0.60842,0.37996,31.2522533,75.7047507,1.310,98.30
491.459,0.17238,3.50990,6.57927,0.00733,0.53023,0.63652,31.2522506,75.7047650,1.360,98.20
491.562,-0.35434,5.85622,8.91122,-0.35186,0.00122,0.64874,31.2522506,75.7047650,1.360,98.20
491.665,1.65679,6.74686,12.51210,-0.09163,-0.40561,-0.06231,31.2522506,75.7047650,1.360,98.20
491.768,1.26893,3.19865,9.77792,0.66951,-0.74403,-0.50335,31.2522506,75.7047650,1.360,98.20
491.870,0.63686,2.74854,6.21535,0.06353,-0.33231,-0.64507,31.2522506,75.7047650,1.360,98.20
491.973,0.72305,3.26569,5.74608,-0.27000,0.13073,-0.77946,31.2522506,75.7047650,1.360,98.20
492.076,-2.70066,3.72059,11.71722,0.52046,-0.31521,-0.94195,31.2522506,75.7047650,1.360,98.20
492.178,-2.33195,5.12838,8.65743,0.24679,-0.55100,0.77213,31.2522506,75.7047650,1.360,98.20
492.281,1.33118,3.28006,10.40041,-1.51861,-0.21380,0.85032,31.2522506,75.7047650,1.360,98.20
492.386,-1.07260,3.21302,8.43717,-0.20403,0.81978,-0.63408,31.2522506,75.7047650,1.360,98.20
492.490,-1.10612,3.10289,7.58483,0.13195,-0.32009,0.33842,31.2522484,75.7047791,1.330,97.90
492.593,1.06781,4.69264,6.35421,0.15394,0.27245,0.42028,31.2522484,75.7047791,1.330,97.90
492.697,0.44532,5.42047,13.62301,0.29077,-0.62675,-0.27489,31.2522484,75.7047791,1.330,97.90
492.800,1.51314,4.93206,11.52090,0.47525,0.06109,-0.21747,31.2522484,75.7047791,1.330,97.90
492.903,0.74220,3.39019,8.84418,0.00489,0.16738,-0.30055,31.2522484,75.7047791,1.330,97.90
493.006,0.64643,2.38941,5.98072,-0.41050,-0.45693,-0.66706,31.2522484,75.7047791,1.330,97.90
493.110,-0.99120,3.39977,8.22169,-0.06720,-0.11240,-0.65607,31.2522484,75.7047791,1.330,97.90
493.213,-0.95289,3.92649,11.84172,0.86254,0.58277,0.38118,31.2522484,75.7047791,1.330,97.90
493.315,-0.03831,3.60088,9.53371,-0.25779,0.68906,1.39155,31.2522484,75.7047791,1.330,97.90
493.418,0.32561,3.05500,7.90087,-0.67195,0.17471,0.27489,31.2522465,75.7047939,1.460,97.70
493.520,-1.29287,3.26569,6.98149,-0.27855,0.44838,-0.08430,31.2522465,75.7047939,1.460,97.70
493.623,0.17238,4.11803,6.57927,0.22358,0.45937,-0.02077,31.2522465,75.7047939,1.460,97.70
493.728,-0.42138,5.89931,10.83616,0.12095,0.04765,0.17593,31.2522465,75.7047939,1.460,97.70
493.834,-0.31125,6.27760,11.39161,0.02688,-0.29077,-0.11362,31.2522465,75.7047939,1.460,97.70
493.938,0.81403,3.41413,9.50019,0.69883,-0.40439,-0.44349,31.2522465,75.7047939,1.460,97.70
494.041,0.56982,2.86347,6.56490,-0.17593,-0.35675,-0.41172,31.2522465,75.7047939,1.460,97.70
494.144,0.61292,2.70545,6.96713,0.11484,-0.11484,-0.83689,31.2522465,75.7047939,1.460,97.70
494.246,-1.23062,3.44765,8.43717,0.30543,0.37385,-0.80879,31.2522465,75.7047939,1.460,97.70
494.349,-1.67115,4.73573,10.89841,-0.36530,-0.48991,0.31398,31.2522465,75.7047939,1.460,97.70
494.452,-0.86191,3.40934,13.39316,-0.39218,-0.81856,0.48869,31.2522465,75.7047939,1.460,97.70
494.556,-2.45645,3.91691,4.83150,0.27855,0.32498,-0.04765,31.2522465,75.7047939,1.460,97.70
494.660,-0.09098,3.64398,6.86657,-0.48136,0.05253,0.56810,31.2522465,75.7047939,1.460,97.70
494.764,0.09098,4.70700,8.20253,0.07575,0.37874,0.34208,31.2522465,75.7047939,1.460,97.70
494.868,-1.29766,5.69341,11.77468,0.28833,0.36408,0.20525,31.2522465,75.7047939,1.460,97.70
494.970,0.50278,5.16190,11.22402,-0.04765,-0.00489,0.39584,31.2522465,75.7047939,1.460,97.70
495.074,2.22661,3.36625,9.37091,-0.20159,0.17471,-0.21502,31.2522465,75.7047939,1.460,97.70
495.178,0.63207,2.39420,6.19141,0.17349,-0.55467,-0.86376,31.2522465,75.7047939,1.460,97.70
495.280,0.68474,3.18429,8.80109,0.02321,-0.20036,-0.92974,31.2522465,75.7047939,1.460,97.70
495.383,-2.91614,4.36702,10.63983,0.50824,0.78191,-0.35552,31.2522465,75.7047939,1.460,97.70
495.485,-1.95367,4.68306,9.79707,-1.05069,-0.14416,1.03725,,,,
495.588,-0.22027,2.89220,10.02692,-0.27122,-0.89186,0.49358,,,,
495.690,-0.16281,3.14119,6.75644,0.28955,0.51924,-0.01344,,,,
495.792,-0.61770,3.17950,6.87136,0.13683,0.45204,0.21991,,,,
495.895,0.04310,5.38695,6.97192,-0.05376,0.37385,0.29810,,,,
495.998,2.73418,6.20098,13.29261,0.77336,-0.83933,-0.48381,,,,
496.100,1.15879,4.61123,8.40844,0.69883,-0.72815,-0.37874,,,,
496.202,1.98719,2.93529,8.94474,-0.26023,0.08430,-0.56933,,,,
496.305,0.29209,2.39899,6.56969,0.35064,-0.51679,-1.34268,,,,
496.407,-1.10133,3.62003,7.52258,0.07941,-0.21869,-0.93462,,,,
496.511,-2.68629,4.60644,10.18015,-0.12950,0.36041,0.09529,31.2522354,75.7048447,1.220,96.20
496.615,-1.29287,4.14197,10.24239,-1.31336,-0.08063,1.08856,31.2522354,75.7048447,1.220,96.20
496.718,0.40701,3.17950,9.81623,0.29810,0.12095,-0.20647,31.2522354,75.7048447,1.220,96.20
496.822,-1.01993,3.05979,6.16746,0.17837,0.10263,0.16860,31.2522354,75.7048447,1.220,96.20
496.924,-0.13408,3.79242,5.90889,-0.01588,0.40439,0.48747,31.2522354,75.7048447,1.220,96.20
497.026,0.05746,5.77960,11.31021,-0.41905,0.11240,0.75625,31.2522354,75.7048447,1.220,96.20
497.129,1.41737,6.80911,10.30464,0.05253,-0.20647,-0.14905,31.2522354,75.7048447,1.220,96.20
497.232,1.84832,3.43329,10.10832,0.58521,-0.45815,-0.70494,31.2522354,75.7048447,1.220,96.20
497.335,1.01993,3.42371,6.85221,0.15394,0.20036,-0.76236,31.2522354,75.7048447,1.220,96.20
497.439,-0.42617,2.65278,6.96713,0.04643,-0.10385,-0.82711,31.2522329,75.7048589,1.150,96.90
497.541,-1.40779,3.02148,9.17458,-0.00367,-0.58765,-0.41172,31.2522329,75.7048589,1.150,96.90
497.642,-1.81480,3.98395,10.12747,0.03421,0.00000,0.35919,31.2522329,75.7048589,1.150,96.90
497.746,-0.57461,3.00233,12.73236,-0.86865,-0.20647,0.71105,31.2522329,75.7048589,1.150,96.90
497.849,-1.46525,3.34709,6.50265,0.07575,0.43982,0.08308,31.2522329,75.7048589,1.150,96.90
497.951,-1.14443,2.99754,7.80989,-0.62186,0.32498,0.71838,31.2522329,75.7048589,1.150,96.90
498.054,-0.42138,4.12760,7.55131,-0.01222,0.43249,0.72449,31.2522329,75.7048589,1.150,96.90
498.158,-0.16281,4.77883,12.11945,-0.26756,0.34697,0.67684,31.2522329,75.7048589,1.150,96.90
498.260,-0.57940,4.04141,14.02044,0.10140,0.50702,0.23213,31.2522329,75.7048589,1.150,96.90
498.366,1.51314,2.71981,7.56089,0.82589,-0.13561,-0.48381,31.2522329,75.7048589,1.150,96.90
498.470,0.37350,2.33195,6.46434,0.34208,-0.53634,-1.00060,31.2522334,75.7048790,1.070,95.60
498.573,-0.67038,3.19865,6.95755,0.43982,-0.13195,-1.00304,31.2522334,75.7048790,1.070,95.60
498.675,-3.24654,3.85466,9.03572,0.32132,0.05864,-0.02932,31.2522334,75.7048790,1.070,95.60
498.778,-3.39498,4.36224,9.43316,-1.46485,0.62553,1.03847,31.2522334,75.7048790,1.070,95.60
498.881,0.91459,1.76692,13.36443,-1.49540,-1.37200,0.38485,31.2522334,75.7048790,1.070,95.60
498.983,-1.41258,2.15957,8.60476,0.93340,1.26693,-0.17715,31.2522334,75.7048790,1.070,95.60
499.087,-0.56024,2.83473,5.81312,0.40928,0.10385,0.05009,31.2522334,75.7048790,1.070,95.60
499.190,-0.21069,4.79319,8.03015,0.17226,0.15882,0.32987,31.2522334,75.7048790,1.070,95.60
499.293,-0.56024,6.34942,10.72602,0.32132,-0.04520,-0.11851,31.2522334,75.7048790,1.070,95.60
499.396,-0.21548,3.94086,14.36521,-0.81245,0.01710,0.09407,31.2522334,75.7048790,1.070,95.60
499.500,1.16837,2.45166,8.32224,0.51313,-0.05376,-1.08734,31.2522373,75.7048919,1.090,87.80
499.604,-0.58897,1.84354,7.16824,0.23213,-0.27733,-1.25838,31.2522373,75.7048919,1.090,87.80
499.708,-1.31202,2.41814,8.04452,0.28711,-0.27245,-0.77213,31.2522373,75.7048919,1.090,87.80
499.811,-4.10366,3.91213,11.46344,0.21869,0.45204,0.16982,31.2522373,75.7048919,1.090,87.80
499.914,-2.76770,3.71101,10.03649,-1.44897,-0.10996,1.21929,31.2522373,75.7048919,1.090,87.80
500.017,-0.79009,1.99198,10.84573,-0.32865,-0.24679,0.03299,31.2522373,75.7048919,1.090,87.80
500.120,-2.22182,2.46124,6.33985,0.55955,0.11484,-0.02810,31.2522373,75.7048919,1.090,87.80
500.224,-0.84276,3.67749,5.87537,0.01100,0.53512,0.75014,31.2522373,75.7048919,1.090,87.80
500.327,0.42138,5.65989,10.45787,-0.34819,0.03054,0.57544,31.2522373,75.7048919,1.090,87.80
500.429,0.52194,5.94720,14.71476,-0.38118,0.10996,-0.02688,31.2522335,75.7049058,1.190,88.60
500.533,0.55545,2.95923,8.22169,1.13377,-0.55833,-0.65851,31.2522335,75.7049058,1.190,88.60
500.638,1.34554,2.03507,7.26880,0.16127,-0.34819,-0.58887,31.2522335,75.7049058,1.190,88.60
500.740,-0.41180,3.49553,6.11000,0.08552,-0.14050,-0.90164,31.2522335,75.7049058,1.190,88.60
500.844,-1.60890,3.80199,9.16022,0.55711,-0.32742,-0.53634,31.2522335,75.7049058,1.190,88.60
500.947,-2.60010,4.05099,10.15141,-0.04276,-0.12339,0.47037,31.2522335,75.7049058,1.190,88.60
501.049,-1.08697,2.64320,9.82102,-0.87232,-0.40561,0.62186,31.2522335,75.7049058,1.190,88.60
501.151,-1.47004,3.13162,7.54652,-0.77213,0.55344,-0.05131,31.2522335,75.7049058,1.190,88.60
501.255,-1.38864,3.55300,7.39329,0.04887,0.59254,0.20769,31.2522335,75.7049058,1.190,88.60
501.358,-2.24097,4.90811,8.75320,0.32254,0.90042,0.88331,31.2522335,75.7049058,1.190,88.60
501.462,0.08619,5.22415,11.12346,-0.52046,-0.15882,0.93707,31.2522380,75.7049158,1.010,82.40
501.565,-1.21625,4.22337,15.04995,-0.15149,0.71227,0.13928,31.2522380,75.7049158,1.010,82.40
501.670,0.65601,2.83473,8.33661,0.82955,0.02932,-0.70983,31.2522380,75.7049158,1.010,82.40
501.773,0.33998,2.60010,6.24887,0.28833,-0.58277,-0.92241,31.2522380,75.7049158,1.010,82.40
501.877,-0.31125,2.24097,8.29830,-0.07575,-0.89309,-0.87965,31.2522380,75.7049158,1.010,82.40
501.981,-3.74932,3.07894,9.30387,0.45082,0.04032,-0.31154,31.2522380,75.7049158,1.010,82.40
502.083,-3.92649,4.99909,7.51779,-1.22051,0.53390,0.84422,31.2522380,75.7049158,1.010,82.40
502.187,-2.30322,3.52426,12.88081,0.12584,-0.27245,0.02199,31.2522380,75.7049158,1.010,82.40
502.289,-2.52349,2.76770,6.07648,-0.11973,0.43249,0.72937,31.2522380,75.7049158,1.010,82.40
502.391,-0.38307,2.58095,6.26323,-0.38851,0.51068,1.23273,31.2522380,75.7049158,1.010,82.40
502.493,0.88107,5.13796,8.93037,-0.61820,0.20892,0.56933,31.2522420,75.7049263,0.820,82.10
502.596,-0.14844,6.62715,12.10987,-0.02810,-0.12706,-0.03299,31.2522420,75.7049263,0.820,82.10
502.699,1.79565,2.72460,12.70363,0.60231,-1.15331,-0.18082,31.2522420,75.7049263,0.820,82.10
502.801,0.83797,2.75333,7.03895,0.64630,-0.08796,-0.95784,31.2522420,75.7049263,0.820,82.10
502.905,-0.88585,2.61926,6.11479,-0.06353,-0.28711,-0.92363,31.2522420,75.7049263,0.820,82.10
503.008,-0.99599,2.66714,9.32302,0.23824,-0.45693,-0.54489,31.2522420,75.7049263,0.820,82.10
503.111,-2.02071,3.44286,10.24718,0.23579,0.33964,0.58277,31.2522420,75.7049263,0.820,82.10
503.213,-1.02472,2.66714,12.90954,-1.64078,0.31154,0.71227,31.2522420,75.7049263,0.820,82.10
503.316,-3.48596,3.22738,8.75799,0.31398,0.79046,-0.46426,31.2522420,75.7049263,0.820,82.10
503.418,-1.94409,2.07817,6.38294,-0.26267,-0.11240,0.51313,31.2522420,75.7049263,0.820,82.10
503.520,-0.08140,3.11725,6.16268,0.01100,0.22358,0.69272,31.2522511,75.7049407,0.980,89.70
503.622,0.26336,4.69264,12.60308,-0.22724,0.12584,0.34331,31.2522511,75.7049407,0.980,89.70
503.724,-1.69509,6.01423,14.24071,-0.19059,0.59254,-0.10996,31.2522511,75.7049407,0.980,89.70
503.826,-0.10534,2.56658,8.85376,0.74526,-0.62675,-0.37018,31.2522511,75.7049407,0.980,89.70
503.928,0.34955,2.17394,7.36456,0.07575,-0.18937,-0.40439,31.2522511,75.7049407,0.980,89.70
504.032,-0.17238,2.67193,7.86735,0.80146,-0.01588,-0.77824,31.2522511,75.7049407,0.980,89.70
504.136,-2.03986,3.83551,9.35654,0.49724,0.02566,-0.44227,31.2522511,75.7049407,0.980,89.70
504.239,-2.85389,4.52025,9.16979,-0.37507,-0.21502,0.55222,31.2522511,75.7049407,0.980,89.70
504.341,-1.11570,2.36547,12.75152,-1.21318,-0.28588,0.58643,31.2522511,75.7049407,0.980,89.70
504.444,-2.12605,3.19865,7.06768,0.04643,0.28588,-0.10263,31.2522507,75.7049517,1.050,94.80
504.546,-1.57538,3.21302,7.38851,0.04154,0.33475,0.58765,31.2522507,75.7049517,1.050,94.80
504.649,-0.40223,4.08451,8.23127,0.11362,0.57910,0.78679,31.2522507,75.7049517,1.050,94.80
504.752,0.48363,5.50188,12.13860,-0.14539,-0.44593,-0.12828,31.2522507,75.7049517,1.050,94.80
504.856,-0.06704,4.18985,13.48893,0.23457,0.54489,-0.20159,31.2522507,75.7049517,1.050,94.80
504.957,-0.04310,3.16513,8.58082,0.48991,0.13806,-0.49724,31.2522507,75.7049517,1.050,94.80
505.060,0.17717,2.29365,7.20655,0.04887,-0.75136,-0.54856,31.2522507,75.7049517,1.050,94.80
505.165,-1.78607,3.17471,7.66623,0.21502,-0.23702,-0.39706,31.2522507,75.7049517,1.050,94.80
505.268,-3.45244,3.60567,10.90319,0.56077,0.02077,0.18326,31.2522507,75.7049517,1.050,94.80
505.371,-1.90100,4.47716,8.32224,-1.05313,0.53390,1.42332,31.2522507,75.7049517,1.050,94.80
505.475,-0.29209,3.16513,9.50498,-0.01710,-0.20281,0.37751,31.2522496,75.7049661,1.190,95.30
505.578,-1.42216,3.15556,6.03818,0.01710,0.35675,0.45693,31.2522496,75.7049661,1.190,95.30
505.681,-0.03831,4.07014,5.87058,0.17104,0.71349,0.76358,31.2522496,75.7049661,1.190,95.30
505.783,1.08218,5.58328,9.07881,-0.21991,0.38240,0.48869,31.2522496,75.7049661,1.190,95.30
505.885,1.68552,7.02938,10.80743,-0.15027,-0.80634,-0.29566,31.2522496,75.7049661,1.190,95.30
505.988,0.06704,3.92170,11.37246,0.60598,-0.92363,-0.62064,31.2522496,75.7049661,1.190,95.30
506.092,-0.18196,3.00712,7.27358,0.32987,-0.18326,-0.66462,31.2522496,75.7049661,1.190,95.30
506.195,-0.87149,2.81558,6.08127,0.02688,-0.31887,-0.81978,31.2522496,75.7049661,1.190,95.30
506.300,-2.74854,3.54821,9.54329,1.05435,0.55344,-0.32254,31.2522496,75.7049661,1.190,95.30
506.403,-2.79164,5.08528,7.68060,-0.58154,0.48381,1.31580,31.2522496,75.7049661,1.190,95.30
506.506,-0.52194,3.41413,13.00530,-0.48991,-0.65118,1.59558,31.2522548,75.7049821,1.260,90.00
506.610,-0.79966,4.06057,7.51300,0.04154,0.75992,0.98471,31.2522548,75.7049821,1.260,90.00
506.713,0.85234,3.80678,6.66067,0.03910,0.56688,0.95295,31.2522548,75.7049821,1.260,90.00
506.820,2.01592,5.08528,7.92960,0.37263,0.49358,0.24801,31.2522548,75.7049821,1.260,90.00
506.927,1.88184,7.01022,10.77870,0.10629,-0.16249,-0.33353,31.2522548,75.7049821,1.260,90.00
507.031,1.20668,5.06613,14.77222,-0.30665,-0.36163,-0.68173,31.2522548,75.7049821,1.260,90.00
507.135,0.91937,3.35667,7.86256,0.58032,-0.29199,-1.63468,31.2522548,75.7049821,1.260,90.00
507.239,-0.24421,2.51391,5.82749,-0.21380,-1.07268,-1.47707,31.2522548,75.7049821,1.260,90.00
507.345,-0.70390,2.98318,8.67180,-0.12584,-0.38973,-1.01281,31.2522548,75.7049821,1.260,90.00
507.450,-3.98874,4.68785,10.48182,0.17593,0.67806,0.35675,31.2522605,75.7049967,1.190,84.40
507.554,-1.22104,3.51948,12.22479,-1.21684,0.29810,1.38056,31.2522605,75.7049967,1.190,84.40
507.663,-2.09253,4.24253,7.49864,0.62919,0.68417,-0.29444,31.2522605,75.7049967,1.190,84.40
507.767,-0.97683,3.46680,6.33506,-0.31398,0.37507,0.69272,31.2522605,75.7049967,1.190,84.40
507.872,-0.22984,3.58173,4.86981,-0.04887,0.61087,0.78924,31.2522605,75.7049967,1.190,84.40
507.976,0.65601,5.39174,10.87446,-0.99815,0.27245,0.66706,31.2522605,75.7049967,1.190,84.40
508.082,0.07661,6.85221,12.99094,-0.05253,0.10263,-0.28100,31.2522605,75.7049967,1.190,84.40
508.186,0.72784,4.18028,8.88728,1.11055,-0.75747,-0.81123,31.2522605,75.7049967,1.190,84.40
508.291,0.00958,2.83473,6.49307,0.34208,-0.55467,-0.45082,31.2522605,75.7049967,1.190,84.40
508.395,0.47884,2.72460,5.32470,-0.12339,-0.81367,-0.69272,31.2522605,75.7049967,1.190,84.40
508.500,-2.44687,4.25210,9.39485,0.41294,0.64141,-0.57666,31.2522684,75.7050119,1.180,81.70
508.602,-1.77650,5.42047,8.81066,-1.23395,-0.29566,0.93707,31.2522684,75.7050119,1.180,81.70
508.707,-0.39744,3.06458,14.50886,0.15272,-0.27367,0.10263,31.2522684,75.7050119,1.180,81.70
508.811,-2.35111,3.45244,5.62159,0.73304,1.01526,0.26756,31.2522684,75.7050119,1.180,81.70
508.916,-0.89064,2.21224,4.65912,-0.07330,0.47281,1.14354,31.2522684,75.7050119,1.180,81.70
509.020,1.99676,4.90333,9.22725,-0.64996,0.47892,0.87965,31.2522684,75.7050119,1.180,81.70
509.123,2.03986,6.83784,12.30141,-0.30299,-0.31887,-0.24312,31.2522684,75.7050119,1.180,81.70
509.229,1.43652,3.66792,10.73560,0.79290,-0.18815,-0.81489,31.2522684,75.7050119,1.180,81.70
509.333,1.37906,2.24097,8.16902,0.24923,-0.63897,-0.75747,31.2522684,75.7050119,1.180,81.70
509.438,0.61292,1.65200,5.87537,-0.08308,-0.83689,-1.19241,31.2522728,75.7050256,1.220,79.40
509.540,-1.00078,2.38462,9.27035,0.43249,-0.11606,-1.13621,31.2522728,75.7050256,1.220,79.40
509.644,-2.80122,3.86903,9.04529,-0.23946,-0.02199,0.30177,31.2522728,75.7050256,1.220,79.40
509.747,-0.33519,3.92649,12.26789,-1.05680,-0.10385,0.80023,31.2522728,75.7050256,1.220,79.40
509.852,-1.36469,3.14598,9.07881,0.42028,0.30177,0.05131,31.2522728,75.7050256,1.220,79.40
509.958,-0.26815,2.19309,6.06212,0.17715,0.21747,0.35797,31.2522728,75.7050256,1.220,79.40
510.061,0.44532,3.46680,7.70454,-0.26023,0.12217,0.55955,31.2522728,75.7050256,1.220,79.40
510.165,0.98162,5.61680,11.07558,-0.48258,-0.58277,0.12584,31.2522728,75.7050256,1.220,79.40
510.269,0.99599,5.13317,14.80095,-0.37996,0.34208,-0.48136,31.2522728,75.7050256,1.220,79.40
510.374,0.21548,2.34632,7.82904,1.13010,-0.20647,-1.12399,31.2522728,75.7050256,1.220,79.40
510.479,1.43173,1.69988,7.33583,0.09774,-0.41661,-0.95051,31.2522790,75.7050405,1.240,81.10
510.583,0.02873,1.99676,7.73327,0.00611,-0.17593,-1.07024,31.2522790,75.7050405,1.240,81.10
510.687,-2.79643,3.31358,10.30943,0.21136,0.13439,-0.74526,31.2522790,75.7050405,1.240,81.10
510.793,-2.87304,4.73094,9.24162,-0.02443,-0.56444,0.53634,31.2522790,75.7050405,1.240,81.10
510.897,-0.23942,3.76847,11.62146,-0.71349,-0.04643,0.94073,31.2522790,75.7050405,1.240,81.10
511.000,0.71826,2.36547,9.30387,0.16493,0.39340,-0.02932,31.2522790,75.7050405,1.240,81.10
511.103,-1.53708,2.54264,7.06768,0.91508,1.01159,-0.21869,31.2522790,75.7050405,1.240,81.10
511.207,-0.27294,4.31914,5.69820,-0.41172,-0.13928,1.05191,31.2522790,75.7050405,1.240,81.10
511.310,1.81002,5.81791,10.29507,-0.69761,-0.16127,0.47647,31.2522790,75.7050405,1.240,81.10
511.413,0.81403,4.86981,16.56787,0.14661,0.37141,-0.49847,31.2522790,75.7050405,1.240,81.10
511.516,0.85712,3.73974,7.27837,0.75503,0.21136,-0.89309,31.2522822,75.7050560,1.170,89.20
511.620,0.68953,1.79565,6.31112,-0.47892,-0.93096,-0.75136,31.2522822,75.7050560,1.170,89.20
511.726,-0.31125,2.60010,7.90565,0.27733,-0.23213,-1.16553,31.2522822,75.7050560,1.170,89.20
511.829,-3.61046,4.62081,11.08515,0.45815,0.03176,0.14905,31.2522822,75.7050560,1.170,89.20
511.931,-1.96325,4.96557,9.16500,-0.55467,0.30910,1.33413,31.2522822,75.7050560,1.170,89.20
512.034,-1.04387,2.41336,9.64384,0.05376,0.38973,0.34575,31.2522822,75.7050560,1.170,89.20
512.138,-2.14520,2.84431,7.90565,-0.31887,0.49847,0.32987,31.2522822,75.7050560,1.170,89.20
512.241,-0.83318,3.58651,6.86657,0.46059,0.31032,0.75869,31.2522822,75.7050560,1.170,89.20
512.344,0.75178,5.83228,8.20732,0.17226,0.19670,0.66462,31.2522822,75.7050560,1.170,89.20
512.447,1.35991,7.46991,11.22881,-0.42638,-0.12950,-0.26634,31.2522843,75.7050718,1.150,94.60
512.549,0.29688,3.24175,9.40921,0.68050,-1.09223,-0.64752,31.2522843,75.7050718,1.150,94.60
512.653,0.73263,2.39420,6.68461,0.00489,-0.21991,-0.62797,31.2522843,75.7050718,1.150,94.60
512.756,-0.00958,3.15556,5.27682,-0.36163,0.04643,-0.95539,31.2522843,75.7050718,1.150,94.60
512.862,-0.89543,3.41413,11.14740,-0.03543,-0.64752,-0.89919,31.2522843,75.7050718,1.150,94.60
512.967,-2.85868,4.32393,8.48505,0.38485,-0.16005,0.67073,31.2522843,75.7050718,1.150,94.60
513.070,-2.05422,2.47560,11.31500,-0.74526,0.02077,0.85155,31.2522843,75.7050718,1.150,94.60
513.175,-2.12126,3.52905,7.44597,-0.47159,0.07697,0.54000,31.2522843,75.7050718,1.150,94.60
513.280,-0.18675,3.20823,8.47547,-0.33842,0.33231,0.64263,31.2522843,75.7050718,1.150,94.60
513.383,0.38307,4.29520,8.44196,0.39462,0.40439,0.43494,31.2522843,75.7050718,1.150,94.60
513.487,-0.11492,5.85622,9.97424,0.39095,0.42761,0.14783,31.2522861,75.7050831,1.080,95.50
513.590,0.46926,6.84742,9.31344,0.77336,-0.54367,-0.27978,31.2522861,75.7050831,1.080,95.50
513.693,1.24498,4.09408,10.41478,0.11240,-0.25168,-0.24068,31.2522861,75.7050831,1.080,95.50
513.796,0.66559,2.52828,6.53138,0.07697,-0.88942,-0.52534,31.2522861,75.7050831,1.080,95.50
513.902,-0.89064,3.67271,4.86981,-0.49847,0.13195,-0.62308,31.2522861,75.7050831,1.080,95.50
514.007,-1.26893,5.12359,9.52892,0.36163,0.72449,-0.52779,31.2522861,75.7050831,1.080,95.50
514.113,-2.77249,5.74608,11.55921,0.28466,-0.16982,0.85155,31.2522861,75.7050831,1.080,95.50
514.215,-0.72305,3.35188,10.95108,-0.95295,-0.36408,1.28282,31.2522861,75.7050831,1.080,95.50
514.319,-0.48842,3.43807,6.36379,0.21869,0.96150,-0.27245,31.2522861,75.7050831,1.080,95.50
514.421,-1.23062,3.48117,6.59363,0.15882,0.38485,0.25534,31.2522861,75.7050831,1.080,95.50
514.524,-0.27294,6.05733,7.92002,0.21625,0.14905,0.54000,31.2522852,75.7050966,1.120,92.00
514.628,0.05267,6.73250,12.38281,0.29566,-0.93340,0.31765,31.2522852,75.7050966,1.120,92.00
514.731,0.45011,3.65834,10.54885,0.49114,-0.47403,-0.14416,31.2522852,75.7050966,1.120,92.00
514.837,0.49799,3.85945,6.89530,0.34575,0.35430,-0.54123,31.2522852,75.7050966,1.120,92.00
514.942,-0.17717,3.17471,5.31992,-0.44593,-0.69028,-0.52412,31.2522852,75.7050966,1.120,92.00
515.047,-0.75657,3.86903,7.68060,0.03176,-0.04276,-0.57544,31.2522852,75.7050966,1.120,92.00
515.150,-2.12605,5.32470,11.02290,-0.07575,0.32742,0.03910,31.2522852,75.7050966,1.120,92.00
515.254,-0.48363,5.16669,9.21289,-1.17164,0.29932,1.02259,31.2522852,75.7050966,1.120,92.00
515.359,-0.10534,4.11803,9.95509,-0.33109,-0.06475,0.18815,31.2522852,75.7050966,1.120,92.00
515.462,-1.30723,3.44286,7.54652,-0.15394,0.22358,-0.04765,31.2522868,75.7051057,1.140,89.80
515.565,-1.53229,4.24253,5.60722,0.43127,0.50946,0.19181,31.2522868,75.7051057,1.140,89.80
515.667,-0.69432,5.28161,8.92558,-0.22969,0.34941,0.79290,31.2522868,75.7051057,1.140,89.80
515.773,0.79009,6.14352,11.85609,0.50580,-0.73793,-0.00122,31.2522868,75.7051057,1.140,89.80
515.878,1.60890,4.63039,10.26634,0.45204,-0.52046,-0.30910,31.2522868,75.7051057,1.140,89.80
515.982,1.43173,3.72538,7.36456,-0.00855,0.12706,-0.62430,31.2522868,75.7051057,1.140,89.80
516.085,0.18196,2.81079,6.86178,-0.08796,-0.37629,-0.94562,31.2522868,75.7051057,1.140,89.80
516.190,-1.14443,3.51948,9.20810,-0.15027,-0.32376,-0.60109,31.2522868,75.7051057,1.140,89.80
516.293,-3.15556,4.16112,10.88883,1.00304,0.42272,0.26267,31.2522868,75.7051057,1.140,89.80
516.397,-2.15957,5.66947,6.37815,-1.04824,0.32009,1.38178,31.2522868,75.7051057,1.140,89.80
516.502,-0.56503,4.03184,9.63906,-0.38362,0.70860,0.41294,31.2522870,75.7051167,1.140,88.80
516.605,-1.07739,3.32794,7.88171,-0.38485,0.64752,0.41905,31.2522870,75.7051167,1.140,88.80
516.709,0.05267,3.93128,5.77960,-0.03421,0.37874,0.68417,31.2522870,75.7051167,1.140,88.80
516.813,1.33596,5.90889,9.21289,-0.35430,0.18082,0.41661,31.2522870,75.7051167,1.140,88.80
516.917,-0.03352,6.85221,11.57836,0.14905,0.14783,-0.60231,31.2522870,75.7051167,1.140,88.80
517.021,0.38307,3.18429,9.63427,1.05802,-1.45875,-0.71105,31.2522870,75.7051167,1.140,88.80
517.126,0.39744,3.21781,7.16824,-0.03054,-0.07575,-0.59865,31.2522870,75.7051167,1.140,88.80
517.231,-0.33040,3.12204,5.77960,-0.07453,-0.22846,-1.04824,31.2522870,75.7051167,1.140,88.80
517.336,-2.35589,4.79798,9.60554,0.62675,0.37629,-0.70738,31.2522870,75.7051167,1.140,88.80
517.440,-2.14999,5.29119,8.74841,-0.29077,-0.38973,1.05558,31.2522903,75.7051236,1.080,84.50
517.543,0.37828,3.14598,13.27345,-1.12644,-0.17104,1.35612,31.2522903,75.7051236,1.080,84.50
517.646,-1.28329,4.19943,7.33583,0.56200,0.76603,-0.36530,31.2522903,75.7051236,1.080,84.50
517.751,-0.61292,2.92093,7.58483,-0.33353,0.17593,0.47647,31.2522903,75.7051236,1.080,84.50
517.857,0.03352,4.37660,6.52181,-0.09163,0.18082,0.35919,31.2522903,75.7051236,1.080,84.50
517.961,1.11091,5.36780,10.95108,-0.03910,-0.43738,-0.06231,31.2522903,75.7051236,1.080,84.50
518.066,0.11492,6.42125,10.17536,0.25412,-0.53512,-0.32132,31.2522903,75.7051236,1.080,84.50
518.171,-0.10534,4.00311,8.68616,0.48014,-0.61331,-0.37385,31.2522903,75.7051236,1.080,84.50
518.273,0.11013,2.93529,8.43717,-0.45937,0.14783,-0.31154,31.2522903,75.7051236,1.080,84.50
518.379,-0.58897,3.16513,6.90488,-0.01100,0.19914,-0.78191,31.2522903,75.7051236,1.080,84.50
518.483,-2.03507,4.10845,8.88249,0.37385,0.07453,-0.29810,31.2522931,75.7051347,1.050,86.80
518.584,-1.50835,4.34308,9.28950,-0.23091,-0.26756,0.96639,31.2522931,75.7051347,1.050,86.80
518.687,-0.67995,4.45322,10.40041,-0.75014,0.28344,1.13743,31.2522931,75.7051347,1.050,86.80
518.792,-0.23463,3.88340,9.74919,0.43616,0.23946,0.23091,31.2522931,75.7051347,1.050,86.80
518.896,-2.10690,3.30879,7.66145,0.06720,0.22480,0.52046,31.2522931,75.7051347,1.050,86.80
518.999,-0.40701,3.68707,6.40210,-0.14783,0.49602,0.93951,31.2522931,75.7051347,1.050,86.80
519.102,1.21147,4.88417,8.64786,-0.00977,0.06109,0.35064,31.2522931,75.7051347,1.050,86.80
519.206,0.88107,6.03818,9.14585,0.29566,-0.22846,-0.23091,31.2522931,75.7051347,1.050,86.80
519.311,0.45969,4.29520,12.74194,-0.11729,-0.25779,-0.04520,31.2522931,75.7051347,1.050,86.80
519.413,1.25456,4.62560,7.36935,0.19670,0.14416,-0.61087,31.2522931,75.7051347,1.050,86.80
519.518,-0.15323,2.78685,8.38449,0.17715,-0.45326,-0.96883,31.2522965,75.7051385,0.890,82.70
519.621,-2.17872,3.54821,8.48026,0.31765,0.00611,-0.64874,31.2522965,75.7051385,0.890,82.70
519.725,-2.35589,3.55300,8.17859,0.29077,-0.06353,0.58277,31.2522965,75.7051385,0.890,82.70
519.830,-1.11091,4.17070,7.57047,-0.45082,0.32254,1.12155,31.2522965,75.7051385,0.890,82.70
519.935,-0.45490,4.60644,10.00776,-0.73304,0.59620,0.45693,31.2522965,75.7051385,0.890,82.70
520.040,-2.05901,3.66792,8.98304,0.02688,0.41783,0.48014,31.2522965,75.7051385,0.890,82.70
520.142,-1.61369,2.90656,8.71489,-0.11851,0.18082,0.85399,31.2522965,75.7051385,0.890,82.70
520.247,-1.75734,3.56257,9.59596,-0.20769,0.21136,0.42883,31.2522965,75.7051385,0.890,82.70
520.350,-1.97282,4.57293,8.62870,0.01588,0.30055,0.32865,31.2522965,75.7051385,0.890,82.70
520.453,-0.16759,4.58250,8.33661,0.13439,-0.03543,0.29322,31.2523004,75.7051448,0.480,80.80
520.555,-0.07661,4.45800,10.12747,-0.05742,0.05009,-0.07453,31.2523004,75.7051448,0.480,80.80
520.658,-0.32561,4.43406,8.03015,0.46914,-0.09407,-0.31887,31.2523004,75.7051448,0.480,80.80
520.761,0.33998,4.72137,8.74362,-0.17593,-0.09163,0.12095,31.2523004,75.7051448,0.480,80.80
520.866,0.45969,4.04141,8.54730,0.34697,-0.27733,-0.32742,31.2523004,75.7051448,0.480,80.80
520.972,0.35434,4.29041,8.53294,0.06842,-0.34575,-0.32009,31.2523004,75.7051448,0.480,80.80
521.080,-0.11492,4.43885,9.47146,-0.11118,-0.12706,0.00489,31.2523004,75.7051448,0.480,80.80
521.186,0.03352,4.99430,7.89608,-0.01222,-0.17715,0.21258,31.2523004,75.7051448,0.480,80.80
521.289,-0.47405,5.06613,9.00220,0.05253,0.19181,0.44593,31.2523004,75.7051448,0.480,80.80
521.397,-0.44532,4.96079,8.84418,-0.31276,0.65118,0.74526,31.2523004,75.7051448,0.480,80.80
521.501,-0.35913,4.19464,7.94396,0.07819,0.68906,0.30665,31.2523025,75.7051500,0.240,77.50
521.604,-1.87705,4.33351,8.72447,-0.44227,0.68539,0.41050,31.2523025,75.7051500,0.240,77.50
521.708,-1.91536,4.81713,8.71011,-0.09163,0.41172,0.30055,31.2523025,75.7051500,0.240,77.50
521.812,-2.09732,5.32470,7.88171,-0.13806,0.12095,0.55955,31.2523025,75.7051500,0.240,77.50
521.917,-1.34554,5.13796,8.03494,0.06964,0.00977,0.43616,31.2523025,75.7051500,0.240,77.50
522.021,-1.01514,5.48751,7.69975,-0.05376,-0.13317,0.33475,31.2523025,75.7051500,0.240,77.50
522.126,-0.36392,5.64553,8.24084,-0.02443,-0.16616,0.04887,31.2523025,75.7051500,0.240,77.50
522.231,-0.07183,5.31992,9.17458,0.18326,-0.28955,-0.23702,31.2523025,75.7051500,0.240,77.50
522.335,0.75657,4.67348,7.87214,-0.15760,-0.21136,-0.35186,31.2523025,75.7051500,0.240,77.50
522.441,1.77171,3.81636,8.90164,-0.08919,-0.17104,-0.67073,,,,
522.543,1.62327,3.28963,9.11233,-0.14661,-0.45082,-0.84788,,,,
522.646,0.53151,4.01268,8.96868,-0.10996,-0.44593,-0.64874,,,,
522.750,-0.01915,4.18985,9.01178,0.02932,-0.48991,-0.32498,,,,
522.854,-0.81882,4.18506,9.95509,0.06720,0.13195,-0.02688,,,,
522.960,-0.89064,4.61123,9.94551,0.23824,0.65729,0.06231,,,,
523.063,-0.46448,4.21858,9.80665,-0.18204,0.12217,0.57666,,,,
523.166,1.03430,4.69742,6.65588,0.03299,-0.05009,0.07330,,,,
523.270,0.13886,3.80678,8.75799,-0.13561,0.12462,-0.35308,,,,
523.374,-0.50278,4.96557,6.84263,0.25901,-0.08552,-0.37751,,,,
523.478,0.25379,5.38695,8.61913,-0.12706,-0.29566,-0.01588,,,,
523.580,-0.54109,5.45399,10.72602,0.01222,-0.30177,-0.42883,,,,
523.685,1.06303,4.73094,11.59272,0.32865,-0.40928,-0.82100,,,,
523.790,0.30167,3.39498,9.34696,0.08674,-0.15638,-0.78924,,,,
523.894,1.26414,1.72861,6.60321,-0.04643,-0.87476,-1.17653,,,,
523.998,-0.19632,2.99275,7.86256,-0.15882,-0.72571,-1.65544,,,,
524.101,-4.17549,5.07571,11.04206,0.31276,0.14172,-0.31032,,,,
524.205,0.73741,2.54743,10.54406,-1.74341,-0.58643,1.09467,,,,
524.310,-1.71904,4.12282,9.54329,0.94928,0.89553,-0.75747,,,,
524.414,-2.19788,3.78763,5.82749,-0.34331,0.04032,0.16249,,,,
524.519,-0.65601,3.92170,6.88572,0.23946,0.74037,0.57788,31.2523104,75.7051575,1.060,89.40
524.623,0.43574,4.68306,9.64384,-0.52168,0.06720,0.77091,31.2523104,75.7051575,1.060,89.40
524.726,0.37828,6.35421,10.76433,0.64630,0.23091,-0.54489,31.2523104,75.7051575,1.060,89.40
524.832,0.75178,4.36702,9.16022,0.34208,-1.13865,-0.12217,31.2523104,75.7051575,1.060,89.40
524.937,1.01514,3.60088,7.36456,-0.06109,0.23579,-0.66584,31.2523104,75.7051575,1.060,89.40
525.041,0.52672,2.29843,7.30710,-0.43371,-0.57910,-1.25350,31.2523104,75.7051575,1.060,89.40
525.144,-2.39899,3.92649,9.61990,0.38240,-0.26023,-0.80634,31.2523104,75.7051575,1.060,89.40
525.248,-2.71981,4.37660,9.71567,0.61820,0.09652,0.77702,31.2523104,75.7051575,1.060,89.40
525.352,-2.10690,3.33273,9.85932,-1.30236,-0.13683,1.44042,31.2523104,75.7051575,1.060,89.40
525.457,-2.14520,4.29999,7.75243,-0.27367,1.03358,0.12828,31.2523090,75.7051681,1.170,91.60
525.560,-1.06303,3.72059,7.90565,0.31887,0.70738,0.70494,31.2523090,75.7051681,1.170,91.60
525.662,0.68953,4.55856,6.35900,0.14661,0.56077,1.11544,31.2523090,75.7051681,1.170,91.60
525.766,1.75734,5.30076,10.68293,-0.69883,-0.22480,0.35919,31.2523090,75.7051681,1.170,91.60
525.872,1.06781,5.82749,12.16733,0.46181,-0.52901,-0.85521,31.2523090,75.7051681,1.170,91.60
525.976,0.48363,4.51068,9.11712,0.90042,-0.17226,-1.04091,31.2523090,75.7051681,1.170,91.60
526.084,-0.38786,3.34709,7.41724,0.01955,-0.69272,-0.51313,31.2523090,75.7051681,1.170,91.60
526.188,-0.23942,3.53863,6.05254,-0.12584,-0.17349,-0.60598,31.2523090,75.7051681,1.170,91.60
526.291,-1.51792,4.65912,8.26478,0.23824,0.37141,-0.46548,31.2523090,75.7051681,1.170,91.60
526.395,-2.09732,4.68785,8.99741,-0.63041,-0.39095,0.57299,31.2523090,75.7051681,1.170,91.60
526.499,-0.80445,3.10767,13.59907,-0.98471,-0.39584,0.61209,31.2523109,75.7051801,1.200,89.30
526.603,-2.37505,4.98473,6.92882,-0.00122,0.68050,0.06475,31.2523109,75.7051801,1.200,89.30
526.705,0.09098,3.71580,7.69975,-0.25779,0.77702,0.57421,31.2523109,75.7051801,1.200,89.30
526.809,0.18196,4.17070,9.66300,1.08001,-0.54611,0.15760,31.2523109,75.7051801,1.200,89.30
526.913,0.43096,5.84664,8.77714,0.84299,-0.88453,-0.52412,31.2523109,75.7051801,1.200,89.30
527.017,0.20590,5.35822,10.87925,-0.10507,0.26389,-0.65851,31.2523109,75.7051801,1.200,89.30
527.124,-0.25379,4.42927,8.03494,0.32620,0.40806,-1.02137,31.2523109,75.7051801,1.200,89.30
527.229,-0.43096,2.88741,7.10120,-0.20647,-0.63286,-0.58399,31.2523109,75.7051801,1.200,89.30
527.334,-1.67594,3.37104,9.10275,-0.08430,-0.63286,-0.29199,31.2523109,75.7051801,1.200,89.30
527.438,-3.31358,4.56814,8.72926,0.54367,0.67928,0.17349,31.2523103,75.7051945,1.250,92.40
527.540,-3.91213,4.02705,9.55287,-2.31029,0.98716,1.44531,31.2523103,75.7051945,1.250,92.40
527.641,-0.79966,2.30322,12.00453,-0.39828,-0.22846,0.26634,31.2523103,75.7051945,1.250,92.40
527.743,-1.63285,2.87304,6.37815,-0.07330,0.25168,0.11240,31.2523103,75.7051945,1.250,92.40
527.848,-0.92895,4.17070,6.60800,0.03054,0.38362,0.56077,31.2523103,75.7051945,1.250,92.40
527.951,-0.20111,5.01346,11.24317,-0.13928,-0.23946,0.58399,31.2523103,75.7051945,1.250,92.40
528.056,0.69432,5.00388,11.47780,0.03054,-0.38607,-0.34575,31.2523103,75.7051945,1.250,92.40
528.158,0.48363,3.65834,9.04051,0.66829,-0.16005,-1.04214,31.2523103,75.7051945,1.250,92.40
528.261,0.51715,2.14520,9.62469,0.16616,-0.31765,-0.86743,31.2523103,75.7051945,1.250,92.40
528.365,-0.35434,2.34632,6.74207,0.72693,-0.38485,-1.13865,31.2523103,75.7051945,1.250,92.40
528.470,-1.37906,3.38061,8.13550,0.76725,-0.43371,-0.92485,31.2523097,75.7052070,1.150,92.70
528.572,-3.73495,4.81713,8.93995,-0.51068,-0.41294,0.81367,31.2523097,75.7052070,1.150,92.70
528.675,-1.21147,3.09810,11.58315,-0.69761,-0.51679,0.67928,31.2523097,75.7052070,1.150,92.70
528.781,-1.69031,4.12282,6.16268,-0.06475,0.59743,0.41294,31.2523097,75.7052070,1.150,92.70
528.887,0.03352,3.65834,7.76200,-0.20525,0.55100,0.56933,31.2523097,75.7052070,1.150,92.70
528.991,0.40223,5.01346,9.13148,0.08063,0.29688,0.40073,31.2523097,75.7052070,1.150,92.70
529.095,1.36948,5.11880,11.55442,0.03299,-0.37507,-0.18082,31.2523097,75.7052070,1.150,92.70
529.199,1.23541,6.41167,9.55765,0.21380,-0.52779,-0.73915,31.2523097,75.7052070,1.150,92.70
529.305,0.67995,3.97437,9.16500,0.88331,-0.65118,-1.04947,31.2523097,75.7052070,1.150,92.70
529.409,-1.08218,3.20344,8.45153,0.16860,-0.37018,-0.71349,31.2523097,75.7052070,1.150,92.70
529.513,-1.58496,3.01669,6.43083,0.27000,-0.67562,-0.40073,31.2523079,75.7052194,1.130,98.30
529.617,-1.67115,4.03184,7.91044,0.27245,0.14661,-0.09285,31.2523079,75.7052194,1.130,98.30
529.721,-1.25935,5.91847,8.65265,-0.43249,0.12950,0.48503,31.2523079,75.7052194,1.130,98.30
529.829,-1.35033,4.23774,12.82334,-0.82467,0.11118,0.46792,31.2523079,75.7052194,1.130,98.30
529.934,-2.07338,3.73017,5.27682,0.26756,0.42761,0.04398,31.2523079,75.7052194,1.130,98.30
530.039,-0.62249,3.96001,6.16746,-0.14539,0.52168,0.70616,31.2523079,75.7052194,1.130,98.30
530.143,0.79966,5.37738,8.44674,-0.13928,0.39095,0.55833,31.2523079,75.7052194,1.130,98.30
530.249,0.60813,6.21056,10.82658,0.11851,-0.55467,-0.01833,31.2523079,75.7052194,1.130,98.30
530.353,1.63285,4.86981,13.64216,-0.07575,0.11973,-0.23335,31.2523079,75.7052194,1.130,98.30
530.456,0.52672,3.46202,9.26556,0.58887,-0.30665,-0.85399,31.2523061,75.7052300,1.170,103.80
530.559,-0.55067,3.13640,5.18105,0.34453,-0.77946,-1.03603,31.2523061,75.7052300,1.170,103.80
530.661,-1.11570,3.85466,8.05409,0.19914,-0.39951,-0.48991,31.2523061,75.7052300,1.170,103.80
530.767,-2.66714,4.20422,9.12670,-0.18815,0.29322,0.87476,31.2523061,75.7052300,1.170,103.80
530.872,0.91459,4.51546,10.47224,-1.30725,0.42272,1.06046,31.2523061,75.7052300,1.170,103.80
530.977,-0.87149,4.68785,9.14106,-0.21258,0.44471,-0.11240,31.2523061,75.7052300,1.170,103.80
531.081,-0.43574,3.52905,7.12993,0.41294,0.47647,0.05986,31.2523061,75.7052300,1.170,103.80
531.185,-0.22027,4.12282,5.96156,0.16860,0.68783,0.45571,31.2523061,75.7052300,1.170,103.80
531.291,0.93853,6.03818,10.34774,-0.43371,0.17715,0.21014,31.2523061,75.7052300,1.170,103.80
531.395,0.90980,6.46434,12.91432,-0.00367,-0.09285,-0.58643,31.2523061,75.7052300,1.170,103.80
531.498,1.50356,3.40934,9.39964,0.94195,-0.86743,-1.40010,31.2523025,75.7052390,1.100,112.40
531.600,0.22505,2.38462,7.87214,0.58765,-1.21196,-1.61146,31.2523025,75.7052390,1.100,112.40
531.704,-0.33998,2.83952,6.13873,0.17593,-0.99571,-1.54793,31.2523025,75.7052390,1.100,112.40
531.809,-1.57538,3.38540,10.35253,0.18692,-0.79657,-1.02748,31.2523025,75.7052390,1.100,112.40
531.914,-2.00155,5.43484,8.35098,-0.16249,-0.76969,-0.09285,31.2523025,75.7052390,1.100,112.40
532.019,-1.50835,3.71580,11.15698,0.33598,-0.70616,-0.72571,31.2523025,75.7052390,1.100,112.40
532.126,-2.84910,4.56814,4.67827,0.28344,0.44593,-0.47647,31.2523025,75.7052390,1.100,112.40
532.232,-0.52194,3.92649,6.89530,-0.51313,0.41783,0.62430,31.2523025,75.7052390,1.100,112.40
532.336,1.35512,5.95677,9.42358,0.05864,0.47403,0.23091,31.2523025,75.7052390,1.100,112.40
532.441,1.63763,6.56490,11.21923,0.11606,-0.75259,-0.58277,31.2523025,75.7052390,1.100,112.40
532.544,1.65200,4.86981,12.10987,-0.01588,-0.42516,-0.71960,31.2522967,75.7052489,1.230,134.40
532.648,1.30245,3.89297,7.92002,0.47892,-0.28344,-1.33169,31.2522967,75.7052489,1.230,134.40
532.752,0.56024,2.99275,8.01579,0.43127,-1.02625,-1.22540,31.2522967,75.7052489,1.230,134.40
532.857,-1.09654,3.92649,8.01579,0.44838,-0.81123,-0.81612,31.2522967,75.7052489,1.230,134.40
532.961,-3.35667,5.03740,8.70532,0.06353,0.03543,0.13439,31.2522967,75.7052489,1.230,134.40
533.066,-1.58496,5.89931,7.68060,-0.77091,0.32865,0.69639,31.2522967,75.7052489,1.230,134.40
533.168,-1.08697,4.50589,9.73961,-0.14416,-0.01100,-0.04887,31.2522967,75.7052489,1.230,134.40
533.274,-1.64242,4.68306,6.03339,-0.44471,0.37385,0.18204,31.2522967,75.7052489,1.230,134.40
533.380,0.00479,4.99909,6.27760,0.09529,0.68295,0.65729,31.2522967,75.7052489,1.230,134.40
533.482,1.13006,5.54976,10.26634,-0.32987,-0.00733,0.61575,31.2522874,75.7052528,1.190,159.00
533.587,0.98641,6.89051,9.52413,0.53145,-0.48258,-0.38118,31.2522874,75.7052528,1.190,159.00
533.690,1.65679,4.41491,12.09072,0.05498,-0.75625,-0.53390,31.2522874,75.7052528,1.190,159.00
533.800,-0.01437,3.83551,7.79073,0.17226,-0.44471,-0.72937,31.2522874,75.7052528,1.190,159.00
533.906,-0.25857,3.15077,5.50188,0.18448,-0.67562,-0.85277,31.2522874,75.7052528,1.190,159.00
534.010,-0.90980,4.03184,9.13627,0.43371,-0.51435,-0.77824,31.2522874,75.7052528,1.190,159.00
534.115,-3.07416,5.32470,8.90643,-0.00489,0.15638,0.26634,31.2522874,75.7052528,1.190,159.00
534.218,-0.70390,4.81235,9.78271,-1.18508,0.03787,1.13987,31.2522874,75.7052528,1.190,159.00
534.324,0.41180,3.56257,10.50576,0.09529,0.19792,0.17837,31.2522874,75.7052528,1.190,159.00
534.428,-0.53630,4.15633,5.44441,0.37141,0.57055,0.31887,31.2522874,75.7052528,1.190,159.00
534.532,0.96726,4.76925,6.28239,0.14172,0.33598,0.65607,31.2522770,75.7052544,1.220,177.20
534.635,1.61369,5.90410,9.11712,-0.39095,0.10996,0.26145,31.2522770,75.7052544,1.220,177.20
534.738,0.33519,6.23929,12.89038,-0.28833,0.17471,-0.46548,31.2522770,75.7052544,1.220,177.20
534.842,1.51314,4.18028,9.23204,0.53512,-0.34575,-1.08734,31.2522770,75.7052544,1.220,177.20
534.948,0.63207,3.12683,6.12916,0.21258,-1.04091,-1.05435,31.2522770,75.7052544,1.220,177.20
535.053,0.00958,3.86424,6.90967,0.03910,-0.40561,-0.94318,31.2522770,75.7052544,1.220,177.20
535.156,-1.80044,4.86981,9.29908,0.67562,0.24435,-0.46914,31.2522770,75.7052544,1.220,177.20
535.258,-1.57538,5.78918,8.69095,-0.45815,0.03054,1.02014,31.2522770,75.7052544,1.220,177.20
535.360,0.06704,4.48195,10.57758,-0.96883,-0.34208,0.69883,31.2522770,75.7052544,1.220,177.20
535.465,0.35434,4.75488,7.45076,-0.13806,0.35675,-0.18570,31.2522647,75.7052536,1.190,186.70
535.567,0.21069,4.35266,7.12514,0.16982,0.35919,0.16005,31.2522647,75.7052536,1.190,186.70
535.670,0.98162,5.63595,7.33583,0.22235,0.19914,0.26512,31.2522647,75.7052536,1.190,186.70
535.776,1.31681,6.13394,9.48104,0.19548,-0.56322,-0.22358,31.2522647,75.7052536,1.190,186.70
535.882,0.76136,4.49631,13.16811,-0.06109,-0.61942,-0.16493,31.2522647,75.7052536,1.190,186.70
535.987,1.53708,4.73573,7.34541,0.15760,0.11362,-0.72693,31.2522647,75.7052536,1.190,186.70
536.092,1.35512,3.76847,7.89608,0.17226,-0.80756,-0.80756,31.2522647,75.7052536,1.190,186.70
536.195,0.47405,4.56335,7.66623,0.32498,-0.32376,-0.74770,31.2522647,75.7052536,1.190,186.70
536.302,-1.54665,5.59285,8.18817,0.59010,-0.07208,0.15272,31.2522647,75.7052536,1.190,186.70
536.406,0.32561,7.30710,5.59285,-0.45571,0.28833,0.50091,31.2522647,75.7052536,1.190,186.70
536.512,0.01915,5.96156,10.77870,-0.25412,-0.16005,-0.01222,31.2522519,75.7052515,1.050,198.00
536.616,-0.61770,5.41090,6.75165,-0.04154,0.01222,-0.30421,31.2522519,75.7052515,1.050,198.00
536.719,0.24900,5.02304,7.05332,-0.06597,-0.02688,-0.31276,31.2522519,75.7052515,1.050,198.00
536.824,0.11492,5.97593,7.38851,-0.11729,-0.34208,-0.43249,31.2522519,75.7052515,1.050,198.00
536.928,0.37828,5.62637,8.54730,0.28100,-0.72082,-0.88820,31.2522519,75.7052515,1.050,198.00
537.033,-0.10534,6.59842,8.11634,-0.05009,-0.56200,-0.71593,31.2522519,75.7052515,1.050,198.00
537.137,0.86191,4.65912,10.58237,0.00000,-0.36896,-0.89064,31.2522519,75.7052515,1.050,198.00
537.242,-0.57461,4.28562,7.42681,0.33598,-0.60231,-0.80879,31.2522519,75.7052515,1.050,198.00
537.346,0.51236,4.36702,8.08282,-0.08552,-0.31765,-0.40684,31.2522519,75.7052515,1.050,198.00
537.449,-0.48363,4.98952,9.10754,0.26756,-0.11118,-0.28466,31.2522423,75.7052471,0.800,213.30
537.552,-0.08619,5.87058,7.31668,-0.14050,-0.23824,0.07819,31.2522423,75.7052471,0.800,213.30
537.656,0.26336,5.78918,8.29351,-0.03787,-0.05620,-0.29322,31.2522423,75.7052471,0.800,213.30
537.761,-0.63207,6.00466,7.17303,-0.01955,-0.01344,-0.27245,31.2522423,75.7052471,0.800,213.30
537.867,-0.14365,5.71735,8.22169,-0.08430,-0.05498,-0.08063,31.2522423,75.7052471,0.800,213.30
537.972,-0.62728,5.93283,8.00621,-0.00611,-0.08063,-0.27367,31.2522423,75.7052471,0.800,213.30
538.076,-1.19710,5.96635,7.56568,-0.01100,-0.02443,-0.19059,31.2522423,75.7052471,0.800,213.30
538.181,-0.70868,5.76045,7.75243,-0.05376,0.05864,-0.00977,31.2522423,75.7052471,0.800,213.30
538.287,-0.44532,5.81312,7.83383,-0.06720,-0.04032,-0.08796,31.2522423,75.7052471,0.800,213.30
538.391,-0.74699,6.00945,7.58962,-0.04398,-0.07453,-0.09163,31.2522423,75.7052471,0.800,213.30
538.495,-0.67516,5.88016,8.13550,-0.02932,-0.03787,-0.03299,31.2522385,75.7052444,0.160,222.90
538.598,-0.78051,6.00945,7.63750,0.01100,-0.05986,-0.03054,31.2522385,75.7052444,0.160,222.90
538.701,-0.72305,5.83706,7.86735,0.00122,0.08430,0.00733,31.2522385,75.7052444,0.160,222.90
538.805,-0.36871,5.58328,7.73327,-0.04520,-0.01222,0.05253,31.2522385,75.7052444,0.160,222.90
538.909,-0.68953,5.75087,7.52258,0.07208,-0.27000,-0.00977,31.2522385,75.7052444,0.160,222.90
539.014,-1.02951,5.73172,7.92481,-0.05864,-0.08186,0.19914,31.2522385,75.7052444,0.160,222.90
539.117,-1.08697,5.57849,8.00142,-0.12706,0.36041,0.26878,31.2522385,75.7052444,0.160,222.90
539.222,-2.14520,5.73172,7.85777,-0.09163,0.64019,0.50091,31.2522385,75.7052444,0.160,222.90
539.326,-2.52828,5.79876,7.38851,-0.16371,0.74037,0.93951,31.2522385,75.7052444,0.160,222.90
539.430,-2.06859,5.67905,7.12036,-0.22846,0.82100,1.36467,31.2522374,75.7052448,0.060,228.80
539.532,-1.45567,5.73172,7.55131,-0.28833,0.88820,1.58092,31.2522374,75.7052448,0.060,228.80
539.635,-0.89064,5.69820,8.90164,-0.17959,0.71960,1.55771,31.2522374,75.7052448,0.060,228.80
539.741,0.39265,6.66546,8.57603,-0.13683,0.79657,1.19730,31.2522374,75.7052448,0.060,228.80
539.847,1.44131,5.07571,10.42435,0.03665,0.51557,0.70372,31.2522374,75.7052448,0.060,228.80
539.950,1.24498,4.36224,8.17380,-0.13561,0.51191,0.35675,31.2522374,75.7052448,0.060,228.80
540.057,1.62327,4.13239,6.36379,0.00367,-0.04765,0.04154,31.2522374,75.7052448,0.060,228.80
540.160,0.88585,5.51145,7.63750,-0.23213,-0.18082,0.06720,31.2522374,75.7052448,0.060,228.80
540.266,0.46926,5.76045,9.39006,0.08674,-0.19181,0.07697,31.2522374,75.7052448,0.060,228.80
540.373,-1.01993,6.50265,9.84496,0.12217,0.31276,0.17959,31.2522374,75.7052448,0.060,228.80
540.477,-1.04387,4.61123,10.46745,-0.63530,0.56200,0.78679,31.2522325,75.7052452,0.700,166.10
540.581,-0.20111,3.97437,7.03895,0.08430,-0.12462,0.36408,31.2522325,75.7052452,0.700,166.10
540.685,-0.96726,3.84030,7.20176,-0.28588,0.33842,0.36163,31.2522325,75.7052452,0.700,166.10
540.791,0.24421,5.15711,6.37815,0.12339,0.21625,0.44715,31.2522325,75.7052452,0.700,166.10
540.894,1.49398,6.00945,8.17380,0.24679,-0.00367,0.06475,31.2522325,75.7052452,0.700,166.10
540.999,0.18196,7.32147,10.74518,-0.07819,0.09285,-0.17593,31.2522325,75.7052452,0.700,166.10
541.104,1.79565,3.87382,9.91199,0.13683,-1.03114,-0.43860,31.2522325,75.7052452,0.700,166.10
541.209,1.36948,3.81157,8.30309,0.12217,-0.24923,-0.93218,31.2522325,75.7052452,0.700,166.10
541.310,1.01514,3.85466,6.78038,0.33964,-0.46426,-1.10200,31.2522325,75.7052452,0.700,166.10
541.415,-0.79487,4.34787,9.18895,-0.18692,-0.60353,-0.45326,31.2522325,75.7052452,0.700,166.10
541.519,-1.16837,4.63996,8.15465,0.54000,-0.17104,0.05498,31.2522253,75.7052464,0.930,174.00
541.623,-1.61848,5.65989,9.44752,-0.96150,0.60476,0.72449,31.2522253,75.7052464,0.930,174.00
541.727,-0.41180,4.31435,8.43238,0.26512,0.18692,0.15149,31.2522253,75.7052464,0.930,174.00
541.832,-0.46448,4.24731,6.77080,-0.46792,0.38973,0.60231,31.2522253,75.7052464,0.930,174.00
541.937,0.91937,4.95121,7.29274,-0.08430,0.29688,0.36530,31.2522253,75.7052464,0.930,174.00
542.041,0.97683,6.03818,8.58561,0.37141,-0.10873,-0.09041,31.2522253,75.7052464,0.930,174.00
542.146,0.84755,7.23528,9.12191,0.08063,-0.31887,-0.44960,31.2522253,75.7052464,0.930,174.00
542.252,2.00155,3.55300,9.98861,0.43249,-0.88453,-0.97128,31.2522253,75.7052464,0.930,174.00
542.355,0.54109,3.76368,7.75721,-0.10751,-0.21380,-0.98594,31.2522253,75.7052464,0.930,174.00
542.459,-0.19632,4.00789,7.40766,0.04398,-0.56933,-0.87842,31.2522169,75.7052455,1.040,179.60
542.562,-1.01993,4.69742,8.59518,0.07208,-0.68295,-0.38240,31.2522169,75.7052455,1.040,179.60
542.667,-1.74777,5.56891,9.52892,0.55100,0.25779,-0.03421,31.2522169,75.7052455,1.040,179.60
542.772,-2.96402,4.71179,11.31500,-1.03603,0.53634,0.92729,31.2522169,75.7052455,1.040,179.60
542.878,-1.35512,3.82115,6.39252,0.05253,0.32498,0.51924,31.2522169,75.7052455,1.040,179.60
542.983,-1.69988,3.96001,6.47392,-0.43494,0.71227,0.98105,31.2522169,75.7052455,1.040,179.60
543.085,-0.42138,5.29597,7.19218,-0.18815,0.42516,1.17164,31.2522169,75.7052455,1.040,179.60
543.193,0.29209,6.43083,10.29507,0.38362,0.24312,0.57910,31.2522169,75.7052455,1.040,179.60
543.297,0.43574,7.11078,10.61589,-0.27245,0.44715,0.14783,31.2522169,75.7052455,1.040,179.60
543.404,1.38385,3.99353,8.01100,0.47892,-0.41905,-0.49602,31.2522169,75.7052455,1.040,179.60
543.508,0.51236,3.73017,7.97269,0.03665,-0.27245,-0.54734,31.2522076,75.7052448,0.970,179.40
543.612,0.45490,4.29999,6.60321,0.26023,-0.55711,-0.56200,31.2522076,75.7052448,0.970,179.40
543.714,-1.18752,5.28161,8.50899,-0.14905,-0.50091,-0.02688,31.2522076,75.7052448,0.970,179.40
543.820,-1.65679,5.36301,9.12670,0.05620,0.65118,0.47647,31.2522076,75.7052448,0.970,179.40
543.924,-1.04387,4.80277,10.23761,-0.61331,0.45082,1.03725,31.2522076,75.7052448,0.970,179.40
544.029,-0.53151,3.90255,7.24007,0.06720,0.35064,0.43494,31.2522076,75.7052448,0.970,179.40
544.130,-0.42138,4.01747,6.33506,-0.28222,0.78191,0.63530,31.2522076,75.7052448,0.970,179.40
544.235,1.02472,5.52103,7.65187,-0.03787,0.36896,0.67806,31.2522076,75.7052448,0.970,179.40
544.339,1.58496,6.17225,11.13304,-0.18448,-0.20769,0.06231,31.2522076,75.7052448,0.970,179.40
544.442,1.44131,6.56969,10.02213,0.09774,-0.37874,-0.54000,31.2521983,75.7052461,1.000,173.50
544.546,2.08296,4.67827,8.58561,0.48747,-0.38485,-1.07879,31.2521983,75.7052461,1.000,173.50
544.650,0.85712,3.22738,9.13627,-0.03543,-0.85399,-0.93096,31.2521983,75.7052461,1.000,173.50
544.756,-0.83318,4.07972,6.70376,0.18815,-0.80879,-0.93462,31.2521983,75.7052461,1.000,173.50
544.861,-1.39821,5.05177,10.16578,0.52779,-0.08430,-0.41050,31.2521983,75.7052461,1.000,173.50
544.964,-2.05901,6.13873,7.38851,-0.25901,0.17104,0.70005,31.2521983,75.7052461,1.000,173.50
545.069,-0.69911,4.47237,11.01812,-0.42516,0.13683,0.77458,31.2521983,75.7052461,1.000,173.50
545.175,-0.89543,4.23774,6.22492,-0.00367,0.66951,0.51557,31.2521983,75.7052461,1.000,173.50
545.279,0.87628,3.95522,6.44998,-0.06964,0.51924,0.85155,31.2521983,75.7052461,1.000,173.50
545.385,2.15957,6.14352,8.14507,0.15638,0.11362,0.38485,31.2521983,75.7052461,1.000,173.50
545.488,1.65679,7.16345,10.48182,0.06353,-0.32132,-0.21869,31.2521876,75.7052479,1.140,173.40
545.591,1.29287,5.35344,12.32056,-0.42028,-0.20892,-0.24801,31.2521876,75.7052479,1.140,173.40
545.695,1.93930,5.01825,6.84263,0.25779,0.01955,-1.11666,31.2521876,75.7052479,1.140,173.40
545.799,0.59855,3.79720,8.56167,0.16616,-0.66584,-1.01648,31.2521876,75.7052479,1.140,173.40
545.903,-0.11492,4.41012,6.48350,0.11729,-0.63163,-0.76847,31.2521876,75.7052479,1.140,173.40
546.008,-1.34554,5.43484,9.39006,0.19426,0.01466,-0.13683,31.2521876,75.7052479,1.140,173.40
546.112,-1.96325,6.61278,8.27915,-0.21991,0.48014,0.67684,31.2521876,75.7052479,1.140,173.40
546.214,-0.75657,4.53462,10.50097,-0.35064,0.12339,0.87354,31.2521876,75.7052479,1.140,173.40
546.318,-0.47884,4.45800,6.31590,-0.09652,0.71227,0.52290,31.2521876,75.7052479,1.140,173.40
546.422,0.83797,4.39097,6.56490,-0.28100,0.63041,0.72449,31.2521876,75.7052479,1.140,173.40
546.526,1.81002,6.33985,7.82904,-0.09163,0.37751,0.41172,31.2521761,75.7052481,1.120,178.10
546.629,1.74777,6.84742,10.46745,-0.11362,-0.36896,-0.06720,31.2521761,75.7052481,1.120,178.10
546.732,1.29766,5.82270,12.14339,-0.10996,-0.16860,-0.21136,31.2521761,75.7052481,1.120,178.10
546.836,1.83875,4.71658,7.70933,0.55711,-0.31765,-0.94440,31.2521761,75.7052481,1.120,178.10
546.940,0.76136,3.66792,6.93840,0.41783,-0.94073,-1.12888,31.2521761,75.7052481,1.120,178.10
547.045,-0.23942,4.28562,7.51300,0.21869,-0.66706,-0.82345,31.2521761,75.7052481,1.120,178.10
547.148,-2.55222,5.57849,8.75799,0.23457,0.06231,0.09652,31.2521761,75.7052481,1.120,178.10
547.252,-1.80044,6.87136,7.10599,-0.73793,0.80512,0.92974,31.2521761,75.7052481,1.120,178.10
547.354,-0.64643,4.75488,10.02692,-0.44349,-0.00489,0.65240,31.2521761,75.7052481,1.120,178.10
547.457,-1.13485,4.71179,6.81390,-0.12462,0.94806,0.63408,31.2521674,75.7052466,1.120,186.60
547.560,0.67516,4.89854,6.78996,-0.11729,0.71349,0.89919,31.2521674,75.7052466,1.120,186.60
547.662,1.24020,6.33027,8.17380,-0.19059,0.21258,0.38362,31.2521674,75.7052466,1.120,186.60
547.767,0.78530,7.03416,9.87848,0.44104,-0.18692,-0.18082,31.2521674,75.7052466,1.120,186.60
547.872,1.45567,5.26246,11.71722,0.26389,-0.56566,-0.22846,31.2521674,75.7052466,1.120,186.60
547.977,0.90501,4.49631,7.42203,0.31032,-0.20159,-0.64019,31.2521674,75.7052466,1.120,186.60
548.083,0.49799,4.04620,6.34463,0.16493,-0.42516,-0.90286,31.2521674,75.7052466,1.120,186.60
548.188,-0.65122,4.87938,8.32224,-0.05131,-0.17226,-0.43127,31.2521674,75.7052466,1.120,186.60
548.292,-2.64320,5.62159,8.90164,0.15027,0.43005,0.48136,31.2521674,75.7052466,1.120,186.60
548.396,-1.45567,5.49230,9.62469,-1.17164,0.76480,1.21440,31.2521674,75.7052466,1.120,186.60
548.500,0.15802,4.92727,8.13550,0.20892,0.59865,0.27245,31.2521567,75.7052451,1.070,184.90
548.603,-0.00479,4.38139,7.47470,-0.12950,0.46670,0.41783,31.2521567,75.7052451,1.070,184.90
548.706,0.30167,5.01346,6.72771,0.14783,0.23091,0.42272,31.2521567,75.7052451,1.070,184.90
548.812,1.07260,6.49307,7.42681,0.14050,-0.09285,0.25901,31.2521567,75.7052451,1.070,184.90
548.916,0.97205,6.92882,9.72525,-0.15638,-0.23702,-0.09285,31.2521567,75.7052451,1.070,184.90
549.019,1.79565,4.99430,10.12747,0.56688,-0.79779,-0.66829,31.2521567,75.7052451,1.070,184.90
549.123,1.34075,4.64475,8.15944,0.37263,-0.31887,-0.99082,31.2521567,75.7052451,1.070,184.90
549.226,0.05746,4.12760,7.31668,0.46670,-0.70127,-1.10322,31.2521567,75.7052451,1.070,184.90
549.333,-0.93853,4.90811,6.92882,0.28222,-0.51924,-0.69028,31.2521567,75.7052451,1.070,184.90
549.436,-2.02071,6.29675,7.31189,0.20403,0.01466,0.11729,31.2521567,75.7052451,1.070,184.90
549.540,-1.66158,6.33027,8.98783,-0.76603,0.25412,0.85399,31.2521474,75.7052445,1.110,183.30
549.643,-0.50757,5.66468,8.87770,-0.00122,0.63408,0.22846,31.2521474,75.7052445,1.110,183.30
549.746,-1.15401,4.95600,6.11000,-0.03421,0.63652,0.33353,31.2521474,75.7052445,1.110,183.30
549.850,0.80445,5.29119,5.69341,0.06964,0.60353,0.50702,31.2521474,75.7052445,1.110,183.30
549.954,0.63207,7.31189,7.61356,-0.04154,0.22724,0.36896,31.2521474,75.7052445,1.110,183.30
550.056,1.21625,7.81467,9.32302,0.22724,-0.46181,-0.24312,31.2521474,75.7052445,1.110,183.30
550.158,1.68552,5.66468,9.98382,0.05376,-0.80634,-0.38362,31.2521474,75.7052445,1.110,183.30
550.264,0.45490,5.12359,7.59920,0.40073,-0.01710,-0.76603,31.2521474,75.7052445,1.110,183.30
550.368,-0.47884,5.14275,5.37738,0.04032,-0.81612,-0.83566,31.2521474,75.7052445,1.110,183.30
550.472,-0.29688,5.41568,7.59920,-0.05009,-0.69272,-0.56688,31.2521373,75.7052455,1.090,179.00
550.573,-2.27928,6.87615,8.22648,-0.10873,0.33720,0.24068,31.2521373,75.7052455,1.090,179.00
550.678,-1.67594,6.20098,10.32380,-0.40439,0.12095,0.67928,31.2521373,75.7052455,1.090,179.00
550.783,-0.96247,5.32470,8.35576,0.11240,0.45815,0.22724,31.2521373,75.7052455,1.090,179.00
550.888,-0.89543,4.59208,6.45956,-0.33598,0.37996,0.46059,31.2521373,75.7052455,1.090,179.00
550.992,0.36871,5.57849,5.97114,-0.03910,0.41050,0.44960,31.2521373,75.7052455,1.090,179.00
551.096,0.02873,7.87214,7.84340,0.15882,0.29810,0.18204,31.2521373,75.7052455,1.090,179.00
551.200,0.31125,8.33661,9.26077,-0.39706,-0.21991,-0.02932,31.2521373,75.7052455,1.090,179.00
551.306,1.54665,4.29041,8.90643,0.33598,-0.49480,-0.65851,31.2521373,75.7052455,1.090,179.00
551.409,0.51715,4.50589,7.39808,0.23702,-0.41905,-0.72571,31.2521373,75.7052455,1.090,179.00
551.514,-0.08140,4.77883,6.55532,0.20769,-0.49724,-0.74281,31.2521275,75.7052474,1.140,177.90
551.616,-0.87628,5.74130,7.43160,0.16371,-0.51313,-0.25656,31.2521275,75.7052474,1.140,177.90
551.720,-0.96726,5.96156,8.16423,0.04032,-0.05498,0.54000,31.2521275,75.7052474,1.140,177.90
551.824,-1.13964,5.71257,8.37013,-0.37263,0.22846,0.87842,31.2521275,75.7052474,1.140,177.90
551.929,-0.31125,4.72137,7.50822,-0.42883,0.50335,0.52534,31.2521275,75.7052474,1.140,177.90
552.034,-0.11971,4.63996,6.66546,-0.22358,0.58521,0.45815,31.2521275,75.7052474,1.140,177.90
552.137,0.01437,6.21535,6.72771,-0.13073,0.37018,0.45082,31.2521275,75.7052474,1.140,177.90
552.241,0.33519,7.66623,9.61990,-0.11362,0.03421,0.45693,31.2521275,75.7052474,1.140,177.90
552.345,0.56982,8.01579,11.71243,-0.01466,0.01710,0.27733,31.2521275,75.7052474,1.140,177.90
552.449,2.67672,4.33829,6.93840,0.25045,0.00122,-0.51924,31.2521173,75.7052484,1.040,176.90
552.551,0.46448,3.98395,7.45076,-0.15638,-0.09774,-0.84422,31.2521173,75.7052484,1.040,176.90
552.656,0.11971,4.63996,6.16268,-0.28100,-0.12095,-0.76236,31.2521173,75.7052484,1.040,176.90
552.760,-1.59933,5.48272,10.65420,0.07330,-0.11240,-0.42516,31.2521173,75.7052484,1.040,176.90
552.865,-1.30723,5.97114,8.41323,0.18448,-0.48258,0.41417,31.2521173,75.7052484,1.040,176.90
552.971,-1.26893,4.15633,11.66455,0.05009,0.22235,0.06842,31.2521173,75.7052484,1.040,176.90
553.076,-2.83473,4.29041,4.52504,0.37874,0.55222,0.17471,31.2521173,75.7052484,1.040,176.90
553.181,-0.34955,3.37582,5.87058,-0.37263,0.62797,0.88942,31.2521173,75.7052484,1.040,176.90
553.284,0.56024,6.41646,6.65588,-0.46914,0.45082,0.96883,31.2521173,75.7052484,1.040,176.90
553.388,3.20823,7.79073,12.19127,-0.17959,-0.41172,0.18082,31.2521173,75.7052484,1.040,176.90
553.492,0.76136,5.11880,12.04762,0.66829,-0.34941,-0.42028,31.2521085,75.7052482,1.140,178.70
553.595,0.75178,4.49631,7.08684,0.38973,0.25656,-0.65607,31.2521085,75.7052482,1.140,178.70
553.701,0.72305,2.85389,7.51300,0.09896,-0.32254,-0.73793,31.2521085,75.7052482,1.140,178.70
553.806,-0.82839,4.46758,7.61356,0.18448,-0.11851,-0.76847,31.2521085,75.7052482,1.140,178.70
553.909,-2.45645,5.85622,9.01178,0.70860,0.25656,-0.24312,31.2521085,75.7052482,1.140,178.70
554.012,-1.36948,5.14753,8.91601,-0.36408,-0.38607,0.59376,31.2521085,75.7052482,1.140,178.70
554.115,-1.67115,5.38695,7.02938,0.04032,0.01833,-0.02199,31.2521085,75.7052482,1.140,178.70
554.220,-1.10612,4.65433,7.05811,-0.70127,0.40073,0.40317,31.2521085,75.7052482,1.140,178.70
554.325,0.33519,4.83150,7.14909,-0.29932,0.16127,0.61453,31.2521085,75.7052482,1.140,178.70
554.428,0.66559,6.12916,8.55209,-0.24923,-0.09163,0.16616,31.2521085,75.7052482,1.140,178.70
554.535,0.53151,5.65989,9.94073,-0.87965,-0.25779,-0.46181,31.2520974,75.7052480,1.200,179.70
554.638,0.01915,3.48596,8.35098,0.49236,-0.16493,-0.84910,31.2520974,75.7052480,1.200,179.70
554.741,0.00000,3.71580,8.58082,-0.53390,-0.37874,-0.31643,31.2520974,75.7052480,1.200,179.70
554.845,0.00479,2.99754,7.57525,0.29199,-0.64630,-0.90897,31.2520974,75.7052480,1.200,179.70
554.947,-1.11570,4.70700,8.13550,0.36408,0.10751,-0.80512,31.2520974,75.7052480,1.200,179.70
555.052,-1.79086,4.88896,9.69173,-0.00611,0.19670,0.33475,31.2520974,75.7052480,1.200,179.70
555.154,-1.46046,3.73017,10.48182,-0.29322,-0.45448,0.49358,31.2520974,75.7052480,1.200,179.70
555.260,-1.49398,3.76368,6.88572,-0.14661,0.48014,0.14050,31.2520974,75.7052480,1.200,179.70
555.362,-1.69988,3.64398,7.43639,-0.13073,0.24435,0.26023,31.2520974,75.7052480,1.200,179.70
555.467,-0.77572,4.71179,7.61356,-0.03665,0.27122,0.40317,31.2520864,75.7052484,1.180,181.30
555.569,-0.68953,5.01346,11.68370,-0.39462,-0.00855,0.32254,31.2520864,75.7052484,1.180,181.30
555.673,-1.29287,3.93128,13.56555,-0.22846,0.03176,-0.06964,31.2520864,75.7052484,1.180,181.30
555.776,0.34477,3.07894,7.50343,0.27489,0.25534,-0.43616,31.2520864,75.7052484,1.180,181.30
555.880,-0.11971,2.41336,8.72926,0.08552,-0.29199,-0.54245,31.2520864,75.7052484,1.180,181.30
555.986,-0.94332,3.05500,7.00543,-0.03054,-0.23457,-0.34941,31.2520864,75.7052484,1.180,181.30
556.090,-1.28329,3.86424,8.63828,0.03787,0.28588,-0.39340,31.2520864,75.7052484,1.180,181.30
556.192,-2.00634,4.39575,9.95509,-0.35308,0.00977,0.50457,31.2520864,75.7052484,1.180,181.30
556.296,-1.28329,3.47638,9.22246,0.10018,-0.06720,0.21869,31.2520864,75.7052484,1.180,181.30
556.400,-2.08774,3.02148,8.41323,-0.65240,0.20403,0.18692,31.2520864,75.7052484,1.180,181.30
556.503,-0.98162,3.72059,7.37414,0.24435,0.30788,0.30910,31.2520760,75.7052479,1.180,180.00
556.606,-0.50757,4.09408,9.18416,-0.12584,0.24801,0.55589,31.2520760,75.7052479,1.180,180.00
556.710,-0.45490,4.18506,10.86010,0.08186,-0.06353,0.19181,31.2520760,75.7052479,1.180,180.00
556.813,0.04310,3.18908,11.98059,-0.32498,-0.07208,-0.05131,31.2520760,75.7052479,1.180,180.00
556.918,1.25456,3.22260,7.88650,0.15027,0.04032,-0.45326,31.2520760,75.7052479,1.180,180.00
557.020,-0.20590,2.60968,8.67180,-0.27245,-0.41783,-0.48625,31.2520760,75.7052479,1.180,180.00
557.123,-0.40223,2.67193,7.73327,-0.20036,0.01222,-0.32620,31.2520760,75.7052479,1.180,180.00
557.225,-1.66636,2.58095,10.19930,0.03665,0.28222,-0.32132,31.2520760,75.7052479,1.180,180.00
557.331,-2.32716,2.78685,10.81221,-0.21991,0.03299,0.49602,31.2520760,75.7052479,1.180,180.00
557.434,-2.12126,2.34632,10.14663,0.31154,0.18082,0.22480,31.2520760,75.7052479,1.180,180.00
557.538,-1.25935,2.62883,6.73250,-0.38485,0.27978,0.07575,31.2520639,75.7052491,1.190,176.20
557.640,-0.73263,2.55222,7.33105,0.03665,0.32865,0.26267,31.2520639,75.7052491,1.190,176.20
557.745,-0.79487,4.04620,9.08839,0.08430,0.13928,0.47892,31.2520639,75.7052491,1.190,176.20
557.849,0.45490,4.76925,11.62624,-0.02566,-1.09223,0.24801,31.2520639,75.7052491,1.190,176.20
557.953,1.03908,3.68707,13.22078,0.34208,0.20892,-0.10385,31.2520639,75.7052491,1.190,176.20
558.058,2.15957,2.49476,8.95910,0.03421,0.51435,-0.75747,31.2520639,75.7052491,1.190,176.20
558.165,-0.43574,1.88663,8.21690,0.04520,-0.44715,-1.13132,31.2520639,75.7052491,1.190,176.20
558.269,-0.71826,2.34153,8.13550,0.27733,-0.29077,-1.03114,31.2520639,75.7052491,1.190,176.20
558.374,-3.55300,2.97360,10.80264,0.55100,0.52412,0.28588,31.2520639,75.7052491,1.190,176.20
558.478,-1.93930,2.58095,10.20409,-0.49602,-0.09407,1.74707,31.2520536,75.7052488,1.120,178.10
558.583,-0.88107,3.07894,8.69574,-0.22235,0.38729,0.50946,31.2520536,75.7052488,1.120,178.10
558.688,-0.35434,2.40857,7.51300,-0.19914,0.64996,0.54978,31.2520536,75.7052488,1.120,178.10
558.794,0.09577,3.11725,7.86256,0.07697,0.62308,0.47892,31.2520536,75.7052488,1.120,178.10
558.899,0.50278,5.42047,9.51456,-0.59254,0.06231,0.54489,31.2520536,75.7052488,1.120,178.10
559.004,0.50278,4.82671,12.40675,-0.14172,0.05498,-0.02321,31.2520536,75.7052488,1.120,178.10
559.108,0.36392,2.94966,9.45231,0.51435,-0.37018,-0.59865,31.2520536,75.7052488,1.120,178.10
559.212,-0.45490,2.35589,9.29429,-0.15882,0.00367,-0.61087,31.2520536,75.7052488,1.120,178.10
559.316,-0.88107,1.96325,7.57525,0.49236,-0.61820,-0.86010,31.2520536,75.7052488,1.120,178.10
559.423,-1.58496,3.49553,7.84819,0.64019,-0.34208,-0.75747,31.2520536,75.7052488,1.120,178.10
559.528,-1.87705,4.29041,8.91122,-0.10385,0.21136,0.46792,31.2520430,75.7052499,1.080,177.80
559.631,-1.63285,3.08852,11.98537,-1.18630,0.40806,0.83566,31.2520430,75.7052499,1.080,177.80
559.734,-0.93853,2.68151,9.38527,-0.00977,-0.05498,0.05009,31.2520430,75.7052499,1.080,177.80
559.837,-0.70390,2.60010,6.62715,-0.30543,0.52779,0.58277,31.2520430,75.7052499,1.080,177.80
559.941,-0.03352,3.79242,8.89685,-0.10018,0.47647,0.61331,31.2520430,75.7052499,1.080,177.80
560.046,0.79966,5.43484,10.79306,0.14172,-0.28833,0.17226,31.2520430,75.7052499,1.080,177.80
560.148,0.18675,2.96402,16.75462,-0.34331,0.69639,-0.36041,31.2520430,75.7052499,1.080,177.80
560.252,0.30646,2.05422,7.92960,0.41661,-0.49724,-1.32558,31.2520430,75.7052499,1.080,177.80
560.359,-0.74699,1.79565,6.19619,0.21258,-0.63897,-0.97005,31.2520430,75.7052499,1.080,177.80
560.463,-0.22027,2.64320,7.54174,0.00367,0.31154,-0.64263,31.2520320,75.7052504,1.250,179.50
560.567,-3.23217,2.18830,12.32056,0.18692,-0.16249,0.08430,31.2520320,75.7052504,1.250,179.50
560.670,-2.08774,1.44610,11.88003,-0.86499,-0.48625,0.82467,31.2520320,75.7052504,1.250,179.50
560.775,-2.33674,1.94888,8.14029,-0.12828,0.08919,0.11729,31.2520320,75.7052504,1.250,179.50
560.880,-1.53708,1.75256,8.13550,-0.46548,0.40561,0.55222,31.2520320,75.7052504,1.250,179.50
560.985,-0.58419,2.61447,7.47470,-0.08308,0.27122,0.83078,31.2520320,75.7052504,1.250,179.50
561.090,0.37828,2.94966,12.82813,-0.78435,0.37141,0.83689,31.2520320,75.7052504,1.250,179.50
561.193,-1.67594,2.46603,13.75229,-0.15760,-0.01833,-0.03910,31.2520320,75.7052504,1.250,179.50
561.299,1.43652,1.83875,7.71412,0.33353,-0.47037,-0.62797,31.2520320,75.7052504,1.250,179.50
561.404,-0.46926,0.98162,8.15465,0.01955,-0.19792,-0.73548,31.2520320,75.7052504,1.250,179.50
561.509,-0.39744,1.82438,7.65187,0.26145,-0.02566,-0.72937,31.2520212,75.7052510,1.220,181.20
561.611,-2.68629,1.93930,10.29986,0.27367,0.16249,0.08186,31.2520212,75.7052510,1.220,181.20
561.713,-0.74220,2.37026,9.63427,-0.08674,-0.37507,0.81978,31.2520212,75.7052510,1.220,181.20
561.817,-0.63686,0.56503,11.80820,-0.81123,-0.42883,0.35552,31.2520212,75.7052510,1.220,181.20
561.920,-1.85311,1.87227,6.51702,0.36652,0.82955,-0.00611,31.2520212,75.7052510,1.220,181.20
562.024,-0.39744,1.84832,7.89608,0.23579,0.43982,0.66706,31.2520212,75.7052510,1.220,181.20
562.126,0.45490,3.64876,8.14029,0.03176,-0.15516,0.87109,31.2520212,75.7052510,1.220,181.20
562.231,1.88663,3.37582,12.87123,-0.70860,-0.03176,0.44960,31.2520212,75.7052510,1.220,181.20
562.337,1.02472,1.49877,14.66209,0.86743,-0.14539,-0.02443,31.2520212,75.7052510,1.220,181.20
562.442,2.06380,0.88107,9.49540,0.48625,0.11484,-0.51924,31.2520098,75.7052517,1.130,181.80
562.546,0.21069,1.28808,6.31590,0.48136,-0.44715,-1.36589,31.2520098,75.7052517,1.130,181.80
562.650,-1.21625,2.39899,8.66701,0.32376,-0.11484,-0.83811,31.2520098,75.7052517,1.130,181.80
562.755,-2.02549,2.50433,11.50653,0.12339,-0.19303,0.39951,31.2520098,75.7052517,1.130,181.80
562.858,-1.04387,2.55701,10.52491,-0.83200,0.19670,0.80023,31.2520098,75.7052517,1.130,181.80
562.962,-2.48518,2.76291,8.38449,0.50580,0.55955,-0.02932,31.2520098,75.7052517,1.130,181.80
563.066,-0.76136,1.79565,7.34062,-0.06353,0.07086,0.58277,31.2520098,75.7052517,1.130,181.80
563.168,-0.11013,2.97839,7.00543,0.03787,0.46670,0.74037,31.2520098,75.7052517,1.130,181.80
563.273,1.43173,4.45800,10.09395,-0.36530,-0.23702,0.47647,31.2520098,75.7052517,1.130,181.80
563.378,0.86191,4.69264,12.73715,-0.35675,-0.10018,-0.07330,31.2520098,75.7052517,1.130,181.80
563.483,1.86269,2.26491,8.38928,0.67562,-0.09407,-0.93096,31.2519994,75.7052523,1.140,182.20
563.589,0.67038,1.90100,7.78116,-0.21869,-0.70127,-0.71960,31.2519994,75.7052523,1.140,182.20
563.692,0.39744,2.13563,8.36534,0.22846,-0.21258,-0.98349,31.2519994,75.7052523,1.140,182.20
563.797,-2.49476,2.98796,10.35732,0.43249,-0.20769,-0.72326,31.2519994,75.7052523,1.140,182.20
563.902,-1.96325,3.84030,8.76278,0.12584,-0.39828,0.40195,31.2519994,75.7052523,1.140,182.20
564.007,-0.30646,1.20668,13.07234,-0.69639,-0.60598,0.33842,31.2519994,75.7052523,1.140,182.20
564.113,-1.61369,2.36068,6.55532,0.53145,1.10567,0.01833,31.2519994,75.7052523,1.140,182.20
564.218,-0.25857,2.27449,7.97269,-0.21991,0.26023,0.77213,31.2519994,75.7052523,1.140,182.20
564.323,0.81403,3.94564,7.61356,-0.38973,-0.03543,0.91996,31.2519994,75.7052523,1.140,182.20
564.428,2.57137,4.49152,13.21599,-0.00733,-0.24068,-0.05253,31.2519994,75.7052523,1.140,182.20
564.533,1.97761,2.11169,13.01967,0.23457,-0.09163,-0.09652,31.2519878,75.7052516,1.170,184.50
564.640,1.65679,2.23140,8.18338,0.30788,0.30665,-0.68295,31.2519878,75.7052516,1.170,184.50
564.744,0.18196,2.11647,7.65666,0.13561,-0.56322,-0.94806,31.2519878,75.7052516,1.170,184.50
564.850,-0.58419,3.24175,9.33260,0.57421,-0.08674,-0.78313,31.2519878,75.7052516,1.170,184.50
564.956,-2.45166,3.49075,10.06044,0.17593,0.21380,0.43860,31.2519878,75.7052516,1.170,184.50
565.060,-0.76614,2.46603,10.14184,-0.89186,0.31765,0.97494,31.2519878,75.7052516,1.170,184.50
565.162,-0.82361,2.51391,9.77313,0.14050,0.43249,0.09285,31.2519878,75.7052516,1.170,184.50
565.267,-1.37906,2.46603,6.87615,-0.26389,0.21991,0.72082,31.2519878,75.7052516,1.170,184.50
565.372,0.31603,3.30400,7.48906,-0.08308,0.71716,0.91385,31.2519878,75.7052516,1.170,184.50
565.475,0.81403,4.78840,11.20965,-0.45937,-0.32254,0.39462,31.2519766,75.7052500,1.180,182.90
565.578,0.33519,5.06134,11.96622,0.03299,0.15638,-0.24679,31.2519766,75.7052500,1.180,182.90
565.682,1.17795,2.48518,7.40766,0.54123,-0.12950,-0.74770,31.2519766,75.7052500,1.180,182.90
565.788,0.09098,2.50912,9.39964,0.68295,0.34453,-0.86254,31.2519766,75.7052500,1.180,182.90
565.893,-0.98162,3.59130,6.88572,0.26634,-0.64141,-0.81856,31.2519766,75.7052500,1.180,182.90
565.998,-2.06859,3.89776,8.62870,-0.16371,-0.27733,-0.13683,31.2519766,75.7052500,1.180,182.90
566.104,-1.77171,3.79720,9.13627,-0.00977,-0.21380,0.42638,31.2519766,75.7052500,1.180,182.90
566.207,-0.39744,2.00155,11.21444,-0.46914,-0.40561,0.26512,31.2519766,75.7052500,1.180,182.90
566.311,-1.69509,2.94008,7.44118,0.40561,1.18630,-0.52534,31.2519766,75.7052500,1.180,182.90
566.415,-1.62327,3.30400,7.03895,-0.48747,-0.12584,0.25412,31.2519766,75.7052500,1.180,182.90
566.518,-0.75657,4.43406,7.92481,-0.13928,-0.23091,0.60109,31.2519659,75.7052494,1.170,179.50
566.621,0.71826,5.28161,11.09473,-0.23824,-0.40195,0.09774,31.2519659,75.7052494,1.170,179.50
566.726,-0.49799,3.01191,15.63414,-0.35186,0.49724,-0.08063,31.2519659,75.7052494,1.170,179.50
566.831,0.90022,2.95923,7.07247,0.35919,0.11484,-0.58887,31.2519659,75.7052494,1.170,179.50
566.934,0.07183,2.46603,7.61356,0.02077,-0.68783,-0.81123,31.2519659,75.7052494,1.170,179.50
567.039,0.39744,2.69108,8.20732,0.28955,-0.69272,-0.79412,31.2519659,75.7052494,1.170,179.50
567.142,-2.82516,3.26090,10.92235,0.55344,0.52901,-0.21747,31.2519659,75.7052494,1.170,179.50
567.247,-2.37505,4.02226,9.42837,-0.45693,0.04643,1.03358,31.2519659,75.7052494,1.170,179.50
567.352,-1.44610,2.47560,9.70131,0.07697,0.00977,-0.02932,31.2519659,75.7052494,1.170,179.50
567.457,-2.08774,2.97360,7.05332,-0.45082,0.36530,0.79412,31.2519546,75.7052488,1.190,178.50
567.561,-0.05746,3.71101,7.20655,0.05620,0.44960,1.11422,31.2519546,75.7052488,1.190,178.50
567.664,1.38385,5.16669,8.35098,-0.24312,-0.06109,0.63163,31.2519546,75.7052488,1.190,178.50
567.769,1.01035,5.49230,14.29817,-0.46181,0.49847,-0.08919,31.2519546,75.7052488,1.190,178.50
567.872,1.20189,2.40857,8.54730,0.69394,-0.78435,-0.83811,31.2519546,75.7052488,1.190,178.50
567.976,-0.17238,2.38941,8.74841,0.22480,0.05253,-0.59987,31.2519546,75.7052488,1.190,178.50
568.081,-0.86191,2.61447,6.61278,0.28955,-0.34819,-0.68783,31.2519546,75.7052488,1.190,178.50
568.184,-0.67516,2.45166,8.59040,0.16982,-0.05620,-0.45204,31.2519546,75.7052488,1.190,178.50
568.289,-1.28808,3.44286,9.11712,-0.25779,-0.34697,0.23457,31.2519546,75.7052488,1.190,178.50
568.392,-0.90501,2.19788,13.20642,-0.50335,-0.31154,0.03299,31.2519546,75.7052488,1.190,178.50
568.494,-2.90177,3.30400,8.57124,0.09041,0.01588,0.27000,31.2519429,75.7052484,1.160,178.70
568.597,-1.31202,2.71981,6.82347,-0.29566,0.32742,1.01404,31.2519429,75.7052484,1.160,178.70
568.700,-0.23942,3.40934,7.48427,0.02443,0.55955,1.12644,31.2519429,75.7052484,1.160,178.70
568.806,1.88184,3.95522,13.80497,-0.24679,0.17959,0.55100,31.2519429,75.7052484,1.160,178.70
568.909,1.10612,2.66235,12.75152,1.14965,-0.25779,-0.55589,31.2519429,75.7052484,1.160,178.70
569.014,0.59855,2.46603,7.74285,0.27367,-0.07575,-0.41172,31.2519429,75.7052484,1.160,178.70
569.118,0.12450,1.96325,5.88016,0.24068,-0.50580,-0.94440,31.2519429,75.7052484,1.160,178.70
569.223,-0.75178,2.89220,8.00621,0.55100,0.28466,-0.59376,31.2519429,75.7052484,1.160,178.70
569.331,-2.54743,4.79319,10.05565,-0.36408,0.23335,0.47770,31.2519429,75.7052484,1.160,178.70
569.435,-1.57538,1.98240,15.32768,-1.21196,-0.02077,1.35368,31.2519429,75.7052484,1.160,178.70
569.540,-2.01592,3.17471,6.25365,0.71471,0.31765,0.18692,31.2519328,75.7052488,1.170,174.50
569.647,-1.60412,2.87304,6.95755,-0.47892,0.64874,1.05435,31.2519328,75.7052488,1.170,174.50
569.749,-0.43574,3.63919,8.68616,-0.16127,0.68050,0.93340,31.2519328,75.7052488,1.170,174.50
569.854,0.72305,4.90333,9.51935,-0.42028,-0.34086,0.56200,31.2519328,75.7052488,1.170,174.50
569.960,0.59855,3.65834,16.06030,-0.69272,0.72449,0.27245,31.2519328,75.7052488,1.170,174.50
570.064,0.55067,2.58574,10.44351,0.56077,-0.01710,-0.59987,31.2519328,75.7052488,1.170,174.50
570.168,0.35913,1.77171,6.12916,0.61209,-0.27489,-0.66096,31.2519328,75.7052488,1.170,174.50
570.271,-0.49321,2.47082,7.37893,0.19792,0.07697,-0.57910,31.2519328,75.7052488,1.170,174.50
570.376,-3.11246,3.14598,10.72124,0.00244,0.05864,0.15394,31.2519328,75.7052488,1.170,174.50
570.479,-2.38462,4.03184,10.61589,-0.24801,-0.08063,0.88698,31.2519232,75.7052524,1.110,165.90
570.581,-0.53151,2.52349,11.35330,-0.78802,-0.05742,0.37385,31.2519232,75.7052524,1.110,165.90
570.684,-1.46046,3.01191,7.49385,0.30421,0.42883,-0.59376,31.2519232,75.7052524,1.110,165.90
570.788,-1.36948,2.89220,7.95833,0.10751,0.38118,0.37263,31.2519232,75.7052524,1.110,165.90
570.892,0.37828,4.08451,8.74362,0.20769,-0.35308,0.31643,31.2519232,75.7052524,1.110,165.90
570.997,0.17717,5.72214,10.14184,0.21258,-0.41661,-0.57055,31.2519232,75.7052524,1.110,165.90
571.098,1.05824,2.61447,11.49217,0.24679,-0.68050,-0.79901,31.2519232,75.7052524,1.110,165.90
571.203,-0.10534,2.98796,8.74841,0.19792,0.08186,-0.67317,31.2519232,75.7052524,1.110,165.90
571.307,-0.66559,2.19788,6.17704,-0.03176,-0.42272,-0.65240,31.2519232,75.7052524,1.110,165.90
571.413,-1.40300,2.59531,9.67736,0.61942,-0.54978,-0.55589,31.2519232,75.7052524,1.110,165.90
571.516,-1.52750,3.41892,8.40365,0.08552,-0.52046,0.54611,31.2519128,75.7052560,1.270,165.90
571.620,0.55067,2.73897,13.37880,-1.54671,-0.00733,0.61942,31.2519128,75.7052560,1.270,165.90
571.722,-2.05901,3.78763,9.41879,0.46181,0.91508,-0.50824,31.2519128,75.7052560,1.270,165.90
571.826,-1.15401,2.85868,5.96635,0.63897,0.23213,0.26878,31.2519128,75.7052560,1.270,165.90
571.928,-0.30646,4.00311,6.33027,0.23091,0.51557,0.75259,31.2519128,75.7052560,1.270,165.90
572.030,0.64165,5.60243,10.31901,-0.70860,-0.30788,0.30543,31.2519128,75.7052560,1.270,165.90
572.131,0.52194,3.80199,14.11621,-0.76358,0.40073,-0.20036,31.2519128,75.7052560,1.270,165.90
572.234,-0.85712,2.45645,9.37091,0.30299,-0.13317,-0.47037,31.2519128,75.7052560,1.270,165.90
572.338,-0.64165,2.45645,5.73651,0.71349,-0.31643,-0.54000,31.2519128,75.7052560,1.270,165.90
572.442,-0.90980,3.13162,7.04853,0.21136,0.30910,0.31643,31.2519018,75.7052592,1.240,169.90
572.545,-3.70622,2.88741,14.47534,0.48625,0.63163,-0.20892,31.2519018,75.7052592,1.240,169.90
572.652,-3.04542,3.76368,9.73482,-0.50702,0.20036,0.63652,31.2519018,75.7052592,1.240,169.90
572.756,-1.84832,2.80600,7.02938,-0.94928,0.29077,0.41172,31.2519018,75.7052592,1.240,169.90
572.863,-1.69988,3.51948,6.43561,-0.69516,0.57910,0.24312,31.2519018,75.7052592,1.240,169.90
572.966,-0.25379,3.79242,9.14106,-0.18204,0.34208,0.65118,31.2519018,75.7052592,1.240,169.90
573.070,-0.45011,3.91213,11.69807,0.16127,-0.83689,0.03665,31.2519018,75.7052592,1.240,169.90
573.172,-1.24498,2.08774,15.15051,-0.47770,-0.06597,-0.18204,31.2519018,75.7052592,1.240,169.90
573.277,-0.30646,2.00634,6.31590,0.74892,0.48258,-0.62186,31.2519018,75.7052592,1.240,169.90
573.382,-0.48363,2.31759,7.10599,-0.11484,-0.27367,-0.55589,31.2519018,75.7052592,1.240,169.90
573.485,-1.29287,2.83952,8.35098,0.01588,0.00367,-0.34575,31.2518906,75.7052605,1.120,172.20
573.589,-2.95444,2.71981,13.00530,0.04154,-0.04398,0.25534,31.2518906,75.7052605,1.120,172.20
573.693,-1.95846,2.64320,10.36211,-0.76725,0.19792,0.75136,31.2518906,75.7052605,1.120,172.20
573.800,-2.08774,2.50433,7.57047,0.32498,-0.06842,-0.07330,31.2518906,75.7052605,1.120,172.20
573.903,-2.63362,2.77249,7.18739,-0.13806,0.12950,0.59987,31.2518906,75.7052605,1.120,172.20
574.006,-0.94810,3.22738,7.35499,0.10018,0.49358,0.80023,31.2518906,75.7052605,1.120,172.20
574.111,-0.73263,3.79720,11.72201,-0.09407,0.16493,0.68783,31.2518906,75.7052605,1.120,172.20
574.216,-0.15323,5.11880,11.98059,0.12584,0.07208,0.06475,31.2518906,75.7052605,1.120,172.20
574.319,0.72784,3.26090,8.74841,0.45937,-0.34941,-0.62308,31.2518906,75.7052605,1.120,172.20
574.424,-0.30167,2.67672,8.31746,0.29444,-0.27611,-0.59743,31.2518906,75.7052605,1.120,172.20
574.527,-1.04866,3.10289,6.97192,0.59620,-0.11973,-0.52168,31.2518799,75.7052631,1.060,169.70
574.628,-1.61369,2.92093,9.38048,0.15272,-0.27978,0.02199,31.2518799,75.7052631,1.060,169.70
574.732,-1.16358,3.60088,8.91601,0.20892,-0.28222,0.13195,31.2518799,75.7052631,1.060,169.70
574.836,-1.45567,3.61524,9.96946,-0.73793,-0.07208,0.28344,31.2518799,75.7052631,1.060,169.70
574.941,-1.95846,3.15077,9.11233,-0.39828,0.36163,-0.09041,31.2518799,75.7052631,1.060,169.70
575.044,-1.64721,4.06057,7.02938,0.29077,0.33842,0.17226,31.2518799,75.7052631,1.060,169.70
575.147,0.27294,4.59687,8.66701,0.06231,-0.06964,0.66096,31.2518799,75.7052631,1.060,169.70
575.250,1.35512,4.76446,9.77792,0.20769,-0.26267,-0.37385,31.2518799,75.7052631,1.060,169.70
575.354,-0.03831,4.64475,12.19606,-0.41661,0.14172,-0.30177,31.2518799,75.7052631,1.060,169.70
575.460,0.83797,3.28484,7.92960,0.34575,-0.10629,-1.08612,31.2518694,75.7052645,1.060,170.40
575.562,0.40223,2.72460,8.19296,0.05986,-0.48625,-0.88453,31.2518694,75.7052645,1.060,170.40
575.666,-0.43574,3.17471,7.91523,0.34331,-0.05376,-0.50580,31.2518694,75.7052645,1.060,170.40
575.772,-2.10690,3.40455,9.08360,0.64263,-0.14416,-0.19181,31.2518694,75.7052645,1.060,170.40
575.875,-1.42216,4.57771,7.35499,-0.76480,0.04520,0.74770,31.2518694,75.7052645,1.060,170.40
575.980,-0.35434,3.15077,10.61589,-1.44775,-0.43127,0.00244,31.2518694,75.7052645,1.060,170.40
576.084,-1.74777,2.89220,8.47547,-0.34208,0.27489,-0.05009,31.2518694,75.7052645,1.060,170.40
576.191,-0.20111,3.76847,6.79953,0.13073,0.46670,0.43371,31.2518694,75.7052645,1.060,170.40
576.297,1.52750,3.21302,9.79228,-0.62186,0.07575,0.21625,31.2518694,75.7052645,1.060,170.40
576.401,0.04788,3.14598,16.49126,0.21625,-0.26756,-0.86376,31.2518694,75.7052645,1.060,170.40
576.504,0.24421,2.46124,9.20331,0.86987,-0.43616,-1.06657,31.2518581,75.7052662,1.150,178.60
576.609,-0.59855,2.30801,6.95276,0.50580,-0.60598,-0.85399,31.2518581,75.7052662,1.150,178.60
576.713,-0.79966,2.81079,7.35978,0.40073,-0.13073,-0.38362,31.2518581,75.7052662,1.150,178.60
576.818,-2.07817,3.52905,9.53850,0.46426,0.42638,0.34941,31.2518581,75.7052662,1.150,178.60
576.920,-0.31603,2.97839,10.68293,-1.50029,0.36408,1.21562,31.2518581,75.7052662,1.150,178.60
577.025,-1.74298,2.67193,10.33337,-0.56810,0.65118,-0.69516,31.2518581,75.7052662,1.150,178.60
577.129,-0.90022,2.42772,6.27760,-0.42272,0.47770,0.01222,31.2518581,75.7052662,1.150,178.60
577.235,-0.11492,3.87861,8.08282,0.14783,0.09041,-0.25290,31.2518581,75.7052662,1.150,178.60
577.339,-1.28808,4.95600,13.30697,-0.18692,-0.29688,0.30421,31.2518581,75.7052662,1.150,178.60
577.444,-0.02394,1.31681,13.56555,0.81123,-0.53634,-0.46181,31.2518463,75.7052655,1.250,187.40
577.548,0.10056,2.19309,7.54174,0.67317,0.35064,-0.72204,31.2518463,75.7052655,1.250,187.40
577.651,0.38307,1.91536,6.11958,-0.20159,-0.54611,-0.92363,31.2518463,75.7052655,1.250,187.40
577.754,-0.75657,2.69108,9.20331,-0.32865,-1.68721,-0.87965,31.2518463,75.7052655,1.250,187.40
577.858,-2.94966,1.84354,11.75553,0.32132,1.11422,0.46304,31.2518463,75.7052655,1.250,187.40
577.962,-1.11570,1.19231,11.46823,-0.64263,0.25168,1.15576,31.2518463,75.7052655,1.250,187.40
578.066,-2.39899,2.19309,6.69419,0.08552,0.11606,0.16249,31.2518463,75.7052655,1.250,187.40
578.173,-0.90980,2.48997,6.96713,-0.29566,0.44715,0.61331,31.2518463,75.7052655,1.250,187.40
578.278,-0.44053,3.82115,9.36612,0.05864,0.77458,0.55100,31.2518463,75.7052655,1.250,187.40
578.380,0.15802,4.42927,12.64617,-0.43738,0.09652,0.45204,31.2518463,75.7052655,1.250,187.40
578.485,0.00958,2.27928,14.41788,0.54367,-0.61575,-0.26878,31.2518339,75.7052653,1.220,190.00
578.590,1.10612,2.27449,7.13951,0.97983,-0.16127,-1.02137,31.2518339,75.7052653,1.220,190.00
578.693,0.05267,1.88184,7.89129,0.77091,-0.39095,-1.27060,31.2518339,75.7052653,1.220,190.00
578.798,-1.26893,2.96881,7.27358,0.31643,-0.41539,-0.53878,31.2518339,75.7052653,1.220,190.00
578.901,-2.03028,3.34231,9.82102,0.35308,0.17593,0.04398,31.2518339,75.7052653,1.220,190.00
579.005,-1.93451,4.04620,8.81545,-0.89797,0.11484,1.12155,31.2518339,75.7052653,1.220,190.00
579.107,-1.08697,2.88741,10.31422,-0.30665,-0.19303,0.00367,31.2518339,75.7052653,1.220,190.00
579.213,-2.14520,3.61524,6.69898,-0.37507,0.69272,0.02932,31.2518339,75.7052653,1.220,190.00
579.319,-0.97683,3.25611,7.73806,-0.01344,0.68906,0.57788,31.2518339,75.7052653,1.220,190.00
579.423,-0.70390,5.08528,8.67659,0.01955,0.49847,0.58154,31.2518339,75.7052653,1.220,190.00
579.527,1.01514,5.67426,12.36366,0.08308,-0.67073,-0.06475,31.2518212,75.7052634,1.190,194.20
579.630,0.29688,2.87304,10.88883,0.72693,-1.08734,-0.36041,31.2518212,75.7052634,1.190,194.20
579.733,-0.05267,3.22738,7.48906,-0.04032,0.00977,-0.53145,31.2518212,75.7052634,1.190,194.20
579.836,-0.18675,2.85868,5.95199,0.07330,-0.34331,-1.01037,31.2518212,75.7052634,1.190,194.20
579.938,-0.65122,3.22738,9.81144,0.18570,-0.29199,-0.86621,31.2518212,75.7052634,1.190,194.20
580.041,-3.09810,3.79720,10.57758,0.59254,0.39584,0.08308,31.2518212,75.7052634,1.190,194.20
580.143,-1.18752,3.03106,9.92636,-0.90042,-0.36041,1.01892,31.2518212,75.7052634,1.190,194.20
580.245,-0.58897,3.03585,8.42280,-0.32254,0.06720,0.16982,31.2518212,75.7052634,1.190,194.20
580.347,-1.80044,3.52905,6.79953,0.20159,0.32376,0.12706,31.2518212,75.7052634,1.190,194.20
580.450,-0.24421,4.61602,7.16824,0.02566,0.16982,0.59010,31.2518100,75.7052611,1.220,198.10
580.552,1.19710,6.00945,10.32380,-0.02810,0.19914,0.22480,31.2518100,75.7052611,1.220,198.10
580.654,0.01915,5.99508,13.54639,-0.07086,0.68661,-0.24923,31.2518100,75.7052611,1.220,198.10
580.756,1.10133,3.94564,9.24162,0.91874,-0.47892,-0.59743,31.2518100,75.7052611,1.220,198.10
580.859,0.19632,2.77727,6.15789,0.55222,-0.69272,-0.64141,31.2518100,75.7052611,1.220,198.10
580.961,-0.74220,3.72059,5.88016,-0.00733,-0.40073,-0.48991,31.2518100,75.7052611,1.220,198.10
581.063,-1.72861,4.07972,9.75877,0.00733,-0.40195,-0.36774,31.2518100,75.7052611,1.220,198.10
581.166,-2.32716,6.05254,7.65666,-0.96272,0.21136,0.86743,31.2518100,75.7052611,1.220,198.10
581.269,-0.88107,3.46202,12.70842,-0.62797,-0.27611,0.35675,31.2518100,75.7052611,1.220,198.10
581.371,-2.19788,4.18985,6.53138,0.37874,0.91263,0.07453,31.2518100,75.7052611,1.220,198.10
581.476,-0.61770,3.95522,7.24964,-0.06597,0.66829,0.91508,31.2517990,75.7052583,1.170,200.50
581.578,1.88663,5.55934,7.22570,-0.35919,0.10629,0.76358,31.2517990,75.7052583,1.170,200.50
581.681,2.05422,5.09965,10.40999,-1.45508,-1.86680,-0.03054,31.2517990,75.7052583,1.170,200.50
581.786,1.60412,1.92015,11.46823,1.14232,1.17775,-0.64752,31.2517990,75.7052583,1.170,200.50
581.890,-0.77572,3.29921,7.04853,0.31887,0.13439,-0.46670,31.2517990,75.7052583,1.170,200.50
581.995,-0.32561,3.05021,7.84340,0.00244,-0.45326,-0.53512,31.2517990,75.7052583,1.170,200.50
582.100,-0.45011,3.98874,8.14029,-0.10629,-0.48991,-0.47892,31.2517990,75.7052583,1.170,200.50
582.201,-1.51314,4.50589,9.74440,0.12217,0.51801,0.42028,31.2517990,75.7052583,1.170,200.50
582.301,-1.70467,3.13162,13.43626,-1.07024,-0.03665,1.13743,31.2517990,75.7052583,1.170,200.50
582.403,-0.64165,3.10289,6.91445,0.52901,0.57421,0.02077,31.2517990,75.7052583,1.170,200.50
582.503,-0.50278,3.46202,8.41801,-0.28466,0.02810,0.44104,31.2517880,75.7052557,1.210,198.00
582.605,0.48363,4.21380,6.95755,0.51924,0.05742,0.24312,31.2517880,75.7052557,1.210,198.00
582.706,-0.09577,5.04698,9.75877,-0.20892,0.00244,0.26756,31.2517880,75.7052557,1.210,198.00
582.807,0.66559,4.08451,13.34528,-0.48991,0.35552,-0.12339,31.2517880,75.7052557,1.210,198.00
582.908,0.90980,3.47159,9.21289,-0.00244,0.35308,-0.55100,31.2517880,75.7052557,1.210,198.00
583.008,1.02472,3.04542,5.74608,0.06842,-0.71593,-0.40684,31.2517880,75.7052557,1.210,198.00
583.110,0.06225,3.42850,8.53772,-0.10385,-0.33475,-0.31521,31.2517880,75.7052557,1.210,198.00
583.212,-0.49799,3.93128,9.87369,0.27611,0.78802,-0.24801,31.2517880,75.7052557,1.210,198.00
583.316,-1.26893,4.06057,10.58237,-0.32620,0.38729,0.52534,31.2517880,75.7052557,1.210,198.00
583.419,-1.25456,3.07416,10.31422,-0.32376,0.43005,0.35552,31.2517880,75.7052557,1.210,198.00
583.523,0.02873,3.05979,7.04374,-0.03421,-0.06842,0.08186,31.2517779,75.7052537,1.200,194.30
583.624,-0.53151,3.70144,8.09719,0.12339,0.12706,0.26756,31.2517779,75.7052537,1.200,194.30
583.727,-0.19632,5.00388,7.56089,0.26756,0.13928,-0.07208,31.2517779,75.7052537,1.200,194.30
583.831,0.15802,5.70299,8.18338,0.62919,-0.07086,-0.37629,31.2517779,75.7052537,1.200,194.30
583.936,0.67995,2.68629,9.60075,0.17471,-0.71349,-0.15882,31.2517779,75.7052537,1.200,194.30
584.040,-0.42138,2.74376,8.48505,-0.37507,0.02932,-0.15149,31.2517779,75.7052537,1.200,194.30
584.143,-0.35434,3.10767,7.01501,-0.20036,0.03665,-0.33842,31.2517779,75.7052537,1.200,194.30
584.247,0.26815,3.48596,9.32302,0.19670,0.11362,-0.31276,31.2517779,75.7052537,1.200,194.30
584.351,-1.22583,4.12760,10.78348,0.17471,-0.05253,0.38607,31.2517779,75.7052537,1.200,194.30
584.453,-1.89621,2.60010,12.26789,-0.22235,-0.43738,0.44715,31.2517664,75.7052526,1.180,189.70
584.557,-1.56581,2.57616,6.49786,-0.06109,0.40195,0.30910,31.2517664,75.7052526,1.180,189.70
584.660,-0.58419,2.74854,8.50899,-0.18937,-0.04887,0.27000,31.2517664,75.7052526,1.180,189.70
584.765,-0.34477,4.29041,7.64708,0.18082,0.03176,0.05864,31.2517664,75.7052526,1.180,189.70
584.870,-1.25456,4.76446,11.89439,0.29322,-0.05376,-0.12828,31.2517664,75.7052526,1.180,189.70
584.975,-0.30167,2.54743,13.05319,-0.17715,-0.69394,-0.04887,31.2517664,75.7052526,1.180,189.70
585.078,0.03831,3.17950,7.87214,-0.16493,0.27978,-0.43249,31.2517664,75.7052526,1.180,189.70
585.182,0.22505,2.77249,7.67581,-0.06353,-0.37385,-0.39584,31.2517664,75.7052526,1.180,189.70
585.286,0.14365,3.42371,8.61913,0.12217,0.11118,-0.30055,31.2517664,75.7052526,1.180,189.70
585.390,-2.35111,3.60088,11.73638,0.18570,0.15760,0.10629,31.2517664,75.7052526,1.180,189.70
585.496,-2.03028,3.46202,10.27112,-0.86499,0.08919,0.57910,31.2517550,75.7052521,1.170,185.30
585.603,-1.61369,2.63841,9.36612,0.44471,-0.02932,0.17837,31.2517550,75.7052521,1.170,185.30
585.711,-1.21625,2.76291,7.95354,-0.59254,-0.00855,0.13439,31.2517550,75.7052521,1.170,185.30
585.819,-0.45490,3.84030,7.46512,0.26512,0.09529,0.21747,31.2517550,75.7052521,1.170,185.30
585.927,-1.01035,4.67348,10.42914,0.28955,0.10140,-0.05131,31.2517550,75.7052521,1.170,185.30
586.029,-0.15323,5.53539,9.13148,0.75136,-0.13439,-0.51924,31.2517550,75.7052521,1.170,185.30
586.130,0.06225,3.22738,9.51456,0.00977,-0.70372,-0.27245,31.2517550,75.7052521,1.170,185.30
586.232,-0.30167,3.06458,8.26478,-0.17471,0.25656,-0.45082,31.2517550,75.7052521,1.170,185.30
586.337,-0.85234,3.01191,7.01980,0.05986,-0.12462,-0.41294,31.2517550,75.7052521,1.170,185.30
586.440,-0.88585,3.47159,9.65821,0.02077,-0.19181,-0.07330,31.2517550,75.7052521,1.170,185.30
586.544,-1.80044,4.14197,11.65976,0.26267,0.14905,0.45571,31.2517440,75.7052480,1.140,187.10
586.647,-1.58017,2.61447,13.41711,-0.68173,-0.30788,0.52779,31.2517440,75.7052480,1.140,187.10
586.751,-2.09732,2.99275,5.77003,0.05742,0.46670,0.43249,31.2517440,75.7052480,1.140,187.10
586.856,-0.40223,3.02148,7.99185,-0.08186,-0.06720,0.57788,31.2517440,75.7052480,1.140,187.10
586.961,-0.01915,4.58250,8.10198,0.52168,0.27245,0.13195,31.2517440,75.7052480,1.140,187.10
587.065,-0.33519,4.64954,11.60230,0.26634,-0.15760,0.12462,31.2517440,75.7052480,1.140,187.10
587.169,-0.22984,3.49553,11.98059,-0.06475,-0.20036,-0.16616,31.2517440,75.7052480,1.140,187.10
587.275,0.05267,3.07894,8.21690,0.21014,0.40073,-0.38362,31.2517440,75.7052480,1.140,187.10
587.379,0.33519,2.96402,7.04374,-0.14050,-0.24312,-0.14661,31.2517440,75.7052480,1.140,187.10
587.481,-0.40223,3.58173,8.90643,0.27367,0.18692,-0.33720,31.2517331,75.7052452,1.130,183.70
587.584,-1.49398,4.23295,10.70687,0.04520,0.57910,0.05986,31.2517331,75.7052452,1.130,183.70
587.687,-2.03028,4.17549,9.63427,-0.67440,0.29810,0.56566,31.2517331,75.7052452,1.130,183.70
587.791,-0.94332,3.19387,9.82580,-0.15882,-0.09529,0.41539,31.2517331,75.7052452,1.130,183.70
587.895,-0.56982,2.79164,7.39808,-0.23702,0.11729,0.14050,31.2517331,75.7052452,1.130,183.70
587.999,-0.72305,3.84988,7.21612,0.09407,0.17837,0.28466,31.2517331,75.7052452,1.130,183.70
588.106,-1.30245,5.07571,9.66779,0.11973,0.05742,0.10996,31.2517331,75.7052452,1.130,183.70
588.209,-0.28252,5.71257,10.35732,0.09896,-0.63530,-0.19426,31.2517331,75.7052452,1.130,183.70
588.313,1.23062,3.10767,10.56801,0.30055,-0.63286,-0.42761,31.2517331,75.7052452,1.130,183.70
588.418,-0.20111,2.87783,8.38449,0.01833,0.29932,-0.50213,31.2517331,75.7052452,1.130,183.70
588.522,-0.11971,2.74376,7.16345,0.01833,-0.09285,-0.62919,31.2517226,75.7052447,1.090,184.60
588.625,0.05267,3.24175,8.43717,-0.08552,-0.05986,-0.52290,31.2517226,75.7052447,1.090,184.60
588.728,-2.08774,3.82593,11.91355,-0.25045,-0.45204,0.32132,31.2517226,75.7052447,1.090,184.60
588.831,-1.00556,2.23618,13.15374,-1.07757,-0.85888,0.83811,31.2517226,75.7052447,1.090,184.60
588.936,-1.17316,2.00155,7.26880,0.93462,1.26327,-0.66462,31.2517226,75.7052447,1.090,184.60
589.041,-0.06704,2.19309,7.14909,-0.31154,0.06475,0.04032,31.2517226,75.7052447,1.090,184.60
589.145,-1.90578,4.50589,8.81545,0.19426,0.16616,0.39340,31.2517226,75.7052447,1.090,184.60
589.247,-1.27372,4.98473,10.81221,-0.03421,-0.37141,0.43005,31.2517226,75.7052447,1.090,184.60
589.350,0.15802,3.06937,13.15374,-0.17104,0.16982,0.08308,31.2517226,75.7052447,1.090,184.60
589.455,0.81403,2.69108,7.19218,0.16493,0.34208,-0.25412,31.2517106,75.7052438,1.210,185.40
589.559,0.45969,2.17872,6.80911,-0.10018,-0.50213,-0.30055,31.2517106,75.7052438,1.210,185.40
589.663,-0.15802,3.04542,9.13627,-0.06842,-0.03543,-0.23824,31.2517106,75.7052438,1.210,185.40
589.766,-1.93451,3.16992,11.03248,0.20769,0.52779,0.07941,31.2517106,75.7052438,1.210,185.40
589.870,-2.34153,2.91614,10.08438,-0.72449,0.47647,0.86743,31.2517106,75.7052438,1.210,185.40
589.975,-1.37906,2.38941,10.71166,0.05864,-0.16860,0.23213,31.2517106,75.7052438,1.210,185.40
590.080,-1.04866,2.81558,6.74686,-0.34331,0.34453,0.24801,31.2517106,75.7052438,1.210,185.40
590.183,-0.26336,3.31836,7.30232,0.15516,0.12584,0.41050,31.2517106,75.7052438,1.210,185.40
590.286,-1.30723,4.19943,9.61033,0.00000,0.08552,0.03176,31.2517106,75.7052438,1.210,185.40
590.389,-1.30245,3.93128,11.34852,-0.49358,-0.21869,-0.06475,31.2517106,75.7052438,1.210,185.40
590.492,0.44053,1.58017,8.71489,0.45326,-0.43005,-0.34331,31.2516986,75.7052426,1.160,186.60
590.595,0.55067,1.38864,9.21289,-0.22235,-0.18448,-0.09896,31.2516986,75.7052426,1.160,186.60
590.697,-0.42617,2.32238,7.53216,-0.09041,-0.06597,-0.70005,31.2516986,75.7052426,1.160,186.60
590.798,-1.28329,3.05500,9.43316,0.14783,0.12339,-0.35797,31.2516986,75.7052426,1.160,186.60
590.900,-1.21147,2.41814,10.44351,0.13439,-0.35186,0.50335,31.2516986,75.7052426,1.160,186.60
591.003,-1.23541,1.26893,12.77546,-0.78069,-0.13561,0.53756,31.2516986,75.7052426,1.160,186.60
591.104,-1.93930,1.92494,7.42681,0.39462,0.48136,-0.35186,31.2516986,75.7052426,1.160,186.60
591.207,-0.74699,2.17872,6.66067,-0.29810,0.30788,0.52901,31.2516986,75.7052426,1.160,186.60
591.310,-0.72305,3.43807,8.89685,0.02566,0.34941,0.66218,31.2516986,75.7052426,1.160,186.60
591.412,-0.17238,3.66313,12.50731,-0.19426,-0.55344,0.52290,31.2516986,75.7052426,1.160,186.60
591.514,0.51715,2.65278,12.83292,0.19059,0.09896,0.15760,31.2516870,75.7052414,1.190,188.50
591.617,1.91536,1.82917,8.12592,0.65973,-0.00122,-0.55955,31.2516870,75.7052414,1.190,188.50
591.719,0.01437,1.73340,7.62793,0.10018,-0.34575,-1.12644,31.2516870,75.7052414,1.190,188.50
591.822,-0.67038,2.14042,8.19296,0.11973,-0.03787,-0.77580,31.2516870,75.7052414,1.190,188.50
591.925,-3.21302,1.86269,11.60230,0.03665,0.10751,-0.06475,31.2516870,75.7052414,1.190,188.50
592.027,-2.15478,2.44209,10.29028,-0.77336,-0.35919,1.27549,31.2516870,75.7052414,1.190,188.50
592.129,-0.13886,1.98719,11.26711,-0.48014,-0.55344,0.06475,31.2516870,75.7052414,1.190,188.50
592.233,-1.94409,2.63841,7.59441,-0.18570,0.49358,0.29322,31.2516870,75.7052414,1.190,188.50
592.336,0.33998,2.33674,7.82904,0.61087,-0.04887,0.68050,31.2516870,75.7052414,1.190,188.50
592.438,0.53151,3.05979,8.19775,0.18937,0.41661,0.81489,31.2516870,75.7052414,1.190,188.50
592.540,1.93451,3.26569,12.69885,-0.84544,-0.53267,0.05253,31.2516749,75.7052386,1.220,190.20
592.642,0.48842,1.51792,11.30542,0.65240,-0.30421,-1.15454,31.2516749,75.7052386,1.220,190.20
592.744,-0.68953,1.55623,8.65743,-0.04520,0.02566,-0.68783,31.2516749,75.7052386,1.220,190.20
592.846,-0.38307,1.54665,6.92403,0.28344,-0.24923,-0.74648,31.2516749,75.7052386,1.220,190.20
592.948,-1.12527,1.93930,9.47146,0.22846,-0.53512,-0.70738,31.2516749,75.7052386,1.220,190.20
593.051,-1.59454,3.00233,10.25197,0.29932,0.05986,0.62797,31.2516749,75.7052386,1.220,190.20
593.154,0.20111,1.76213,11.07558,-0.55467,-0.38485,1.52350,31.2516749,75.7052386,1.220,190.20
593.255,-0.11492,2.32716,7.49864,0.29077,0.71227,0.47647,31.2516749,75.7052386,1.220,190.20
593.358,-0.61770,2.38462,6.83305,0.13195,0.72937,0.89919,31.2516749,75.7052386,1.220,190.20
593.459,1.14443,3.50511,8.74362,0.15638,0.16371,1.21684,31.2516631,75.7052371,1.180,190.70
593.561,1.50835,3.60567,12.39239,-0.26878,0.13195,1.14354,31.2516631,75.7052371,1.180,190.70
593.663,2.59531,3.23217,13.10107,-0.26389,-0.21014,0.17837,31.2516631,75.7052371,1.180,190.70
593.767,2.79164,2.53307,6.82826,0.02932,0.50213,-0.82222,31.2516631,75.7052371,1.180,190.70
593.869,0.78530,1.31681,8.30309,-0.35064,-0.28344,-1.14720,31.2516631,75.7052371,1.180,190.70
593.972,-0.28252,1.58017,6.93840,0.30910,-0.31398,-1.00182,31.2516631,75.7052371,1.180,190.70
594.074,-1.69509,1.39821,12.79461,-0.28588,-0.38851,-0.14661,31.2516631,75.7052371,1.180,190.70
594.178,-0.92895,1.56581,12.16254,-0.67928,-0.15394,1.28404,31.2516631,75.7052371,1.180,190.70
594.283,0.17238,2.71981,9.54329,0.58399,0.29932,0.43738,31.2516631,75.7052371,1.180,190.70
594.387,-0.36871,2.19788,8.15944,0.25045,0.23702,0.38607,31.2516631,75.7052371,1.180,190.70
594.491,1.01514,3.58173,7.14430,0.67317,0.59865,0.43249,31.2516513,75.7052355,1.200,187.20
594.594,1.03430,4.87459,9.87369,0.27611,-0.22358,0.42516,31.2516513,75.7052355,1.200,187.20
594.697,1.88663,4.14676,12.00453,-0.52901,-0.56200,0.14416,31.2516513,75.7052355,1.200,187.20
594.800,2.23140,2.51391,8.43238,0.12339,-0.12339,-0.97738,31.2516513,75.7052355,1.200,187.20
594.905,0.40701,1.81959,8.52815,-0.03054,-0.28588,-1.11911,31.2516513,75.7052355,1.200,187.20
595.010,0.71347,2.00155,5.87058,0.10873,-0.57666,-1.03847,31.2516513,75.7052355,1.200,187.20
595.113,-1.86269,2.71024,11.12825,-1.03236,-0.21014,-0.56077,31.2516513,75.7052355,1.200,187.20
595.218,-1.29287,2.66235,11.11867,-0.11240,0.33964,0.90042,31.2516513,75.7052355,1.200,187.20
595.323,1.70946,2.55701,9.91199,-0.30055,-0.36774,0.51924,31.2516513,75.7052355,1.200,187.20
595.426,-1.19231,2.82037,8.47547,0.20892,1.20707,0.13928,31.2516513,75.7052355,1.200,187.20
595.531,0.26336,2.16436,7.70933,0.90897,0.38362,0.83322,31.2516385,75.7052360,1.250,184.60
595.634,1.99198,4.98473,7.36935,0.20769,0.23579,0.99815,31.2516385,75.7052360,1.250,184.60
595.738,3.37582,6.58884,11.08994,-0.62919,-0.49847,-0.18570,31.2516385,75.7052360,1.250,184.60
595.841,1.50835,1.85790,12.38760,0.59498,-0.94318,-0.86621,31.2516385,75.7052360,1.250,184.60
595.946,0.58897,2.52349,7.42203,0.66340,0.38607,-1.05069,31.2516385,75.7052360,1.250,184.60
596.051,-0.78051,2.27928,6.92403,-0.12584,-0.71716,-0.68050,31.2516385,75.7052360,1.250,184.60
596.155,1.03430,2.55701,10.14184,0.10018,-0.38118,-1.11544,31.2516385,75.7052360,1.250,184.60
596.258,-2.37984,3.96001,9.11712,0.26267,0.22602,0.20403,31.2516385,75.7052360,1.250,184.60
596.361,-0.36392,3.35667,11.70765,-0.70983,0.18937,1.62124,31.2516385,75.7052360,1.250,184.60
596.466,-0.32561,3.18429,9.30387,-0.07697,0.49358,0.74281,31.2516267,75.7052360,1.250,182.20
596.570,0.34477,1.92494,8.40365,-0.02443,0.62553,0.56810,31.2516267,75.7052360,1.250,182.20
596.672,1.63285,3.98874,6.87615,0.41294,0.57666,0.64752,31.2516267,75.7052360,1.250,182.20
596.774,2.23618,4.99909,11.11867,0.24801,-0.25534,0.59010,31.2516267,75.7052360,1.250,182.20
596.876,2.84910,4.48195,12.52646,-0.22113,-0.56688,-0.15394,31.2516267,75.7052360,1.250,182.20
596.980,1.16358,4.26168,10.16578,0.29444,-0.40195,-1.29870,31.2516267,75.7052360,1.250,182.20
597.082,0.12450,2.36068,8.47069,0.15027,-0.71105,-1.58825,31.2516267,75.7052360,1.250,182.20
597.186,-1.20668,2.73897,4.31435,-0.51191,-0.58643,-0.99815,31.2516267,75.7052360,1.250,182.20
597.289,-1.88184,2.50912,9.69652,0.18570,0.13561,-0.75747,31.2516267,75.7052360,1.250,182.20
597.394,-2.35111,2.78206,11.52569,-0.87232,-0.08063,0.99815,31.2516267,75.7052360,1.250,182.20
597.498,0.08140,2.84910,9.78750,-0.39095,0.06842,1.00793,31.2516148,75.7052358,1.260,180.60
597.601,-1.05824,2.22661,9.88805,-0.87232,0.18082,0.59865,31.2516148,75.7052358,1.260,180.60
597.707,0.47884,3.04542,4.92727,0.58399,0.96028,0.81245,31.2516148,75.7052358,1.260,180.60
597.813,1.73819,4.15633,13.34528,0.11973,0.12706,1.17286,31.2516148,75.7052358,1.260,180.60
597.918,2.80122,4.00789,11.10910,-0.37996,-0.76847,0.68417,31.2516148,75.7052358,1.260,180.60
598.022,2.26491,2.18830,10.79306,0.61942,0.01100,-0.91141,31.2516148,75.7052358,1.260,180.60
598.125,0.29209,2.17872,7.78594,-0.17593,-0.16616,-0.93707,31.2516148,75.7052358,1.260,180.60
598.229,-0.78530,2.08296,5.98550,-0.16738,-0.38118,-0.81978,31.2516148,75.7052358,1.260,180.60
598.332,-0.18675,2.28407,9.12670,-0.11118,-0.08674,-0.98960,31.2516148,75.7052358,1.260,180.60
598.436,-2.42772,2.28886,12.56477,-0.38729,0.70372,0.75625,31.2516148,75.7052358,1.260,180.60
598.539,1.06303,2.87783,9.90721,-0.32254,0.31887,0.53267,31.2516043,75.7052400,1.280,172.20
598.642,1.17795,2.90656,7.70933,-0.04398,0.11240,-0.10140,31.2516043,75.7052400,1.280,172.20
598.746,-0.37350,2.17872,7.20176,0.50457,0.24801,0.29444,31.2516043,75.7052400,1.280,172.20
598.849,-0.66559,4.05099,8.65743,0.58399,0.21014,0.69516,31.2516043,75.7052400,1.280,172.20
598.955,1.71425,4.73573,11.34373,-0.50091,-0.69028,0.63286,31.2516043,75.7052400,1.280,172.20
599.059,-0.12929,2.37026,10.19930,0.86499,0.61453,-0.23579,31.2516043,75.7052400,1.280,172.20
599.164,0.09577,2.09732,7.33105,-0.44471,0.14050,-0.96639,31.2516043,75.7052400,1.280,172.20
599.269,1.14443,1.35512,6.23450,-0.65851,-0.64996,-1.45386,31.2516043,75.7052400,1.280,172.20
599.376,-0.62728,1.58017,10.94150,-0.25656,-0.82467,-1.10811,31.2516043,75.7052400,1.280,172.20
599.480,-2.60968,2.35111,11.25275,-0.49969,0.28711,0.77702,31.2515922,75.7052432,1.390,172.30
599.583,-1.31202,2.11169,11.41555,0.15516,-0.40439,-0.41294,31.2515922,75.7052432,1.390,172.30
599.686,-0.79487,1.98719,6.36379,0.48503,0.59865,0.29322,31.2515922,75.7052432,1.390,172.30
599.791,-0.96247,2.14520,6.43083,0.21258,0.18448,0.95906,31.2515922,75.7052432,1.390,172.30
599.894,1.25456,4.71658,9.07402,0.40195,0.49114,1.03358,31.2515922,75.7052432,1.390,172.30
599.999,2.38941,5.02782,13.01009,-0.33964,-0.54856,0.03054,31.2515922,75.7052432,1.390,172.30
600.102,1.45089,3.16035,9.14585,0.45326,-0.35308,-0.73182,31.2515922,75.7052432,1.390,172.30
600.206,1.22583,2.24576,8.77236,0.17593,-0.28833,-0.88209,31.2515922,75.7052432,1.390,172.30
600.311,-1.07260,2.98796,5.92325,0.19670,-0.35430,-0.83444,31.2515922,75.7052432,1.390,172.30
600.414,-0.42617,2.77727,9.02614,-0.11851,-0.52534,-0.29810,31.2515922,75.7052432,1.390,172.30
600.518,-0.73741,3.07416,10.63983,-0.49847,0.24190,0.70494,31.2515807,75.7052435,1.260,180.10
600.620,-0.44532,2.68151,10.84095,-0.34453,0.04154,0.40073,31.2515807,75.7052435,1.260,180.10
600.722,-1.22104,3.20823,5.99029,-0.35552,0.94562,0.46059,31.2515807,75.7052435,1.260,180.10
600.827,0.70868,2.06380,7.96311,0.15760,0.53390,0.77336,31.2515807,75.7052435,1.260,180.10
600.930,0.90022,3.49075,9.13627,0.15760,0.41539,0.99449,31.2515807,75.7052435,1.260,180.10
601.034,2.88741,4.43885,12.09551,-0.43494,-0.64630,0.31398,31.2515807,75.7052435,1.260,180.10
601.136,1.35991,3.00712,13.79060,0.46059,-0.39584,-0.62797,31.2515807,75.7052435,1.260,180.10
601.240,1.38864,2.54743,9.22246,0.16005,0.19670,-0.90042,31.2515807,75.7052435,1.260,180.10
601.346,0.21548,1.69031,6.34942,0.24557,-0.68661,-1.23517,31.2515807,75.7052435,1.260,180.10
601.452,-0.20590,2.11169,8.06846,0.07575,-0.74037,-1.02014,31.2515704,75.7052433,1.280,181.60
601.554,-2.26970,3.03106,10.11790,0.38851,0.59010,0.23213,31.2515704,75.7052433,1.280,181.60
601.658,-0.55545,2.65278,13.54639,-0.60598,0.07330,1.07024,31.2515704,75.7052433,1.280,181.60
601.763,-0.64643,3.01669,6.95755,0.26756,0.76358,0.55589,31.2515704,75.7052433,1.280,181.60
601.867,-0.37828,2.43251,5.68862,0.02443,0.38240,0.66951,31.2515704,75.7052433,1.280,181.60
601.973,1.53708,4.44843,8.09719,0.01344,0.29810,0.86010,31.2515704,75.7052433,1.280,181.60
602.076,2.88262,4.96079,13.83370,-0.16493,-0.22235,-0.01710,31.2515704,75.7052433,1.280,181.60
602.181,2.00634,3.51948,12.48816,0.21991,-0.37751,-0.69883,31.2515704,75.7052433,1.280,181.60
602.288,1.48919,2.45166,9.44273,0.06720,0.50213,-0.91508,31.2515704,75.7052433,1.280,181.60
602.394,-0.13886,1.47962,7.43160,0.15149,-0.71105,-1.23883,31.2515704,75.7052433,1.280,181.60
602.498,-0.50757,2.56180,7.78116,0.44960,-0.06475,-0.73304,31.2515601,75.7052437,1.220,181.30
602.600,-1.88663,2.87304,9.75877,0.03421,-0.18570,0.52412,31.2515601,75.7052437,1.220,181.30
602.703,0.47884,2.76291,10.23761,-0.90897,-0.51557,0.79046,31.2515601,75.7052437,1.220,181.30
602.808,-1.72861,3.33273,8.99741,-0.51801,0.50824,0.37385,31.2515601,75.7052437,1.220,181.30
602.914,0.42617,1.87705,8.34619,0.07819,0.36408,0.78435,31.2515601,75.7052437,1.220,181.30
603.017,1.61369,2.95444,7.10599,0.88331,0.92729,0.99449,31.2515601,75.7052437,1.220,181.30
603.120,1.85790,3.95043,12.97657,-0.17593,-0.34819,0.97250,31.2515601,75.7052437,1.220,181.30
603.223,2.51870,3.23217,14.24550,-0.56688,-0.18204,-0.49724,31.2515601,75.7052437,1.220,181.30
603.326,2.59531,3.16513,8.00142,0.33109,-0.23457,-1.44775,31.2515601,75.7052437,1.220,181.30
603.429,-0.22027,2.13084,7.93917,-0.07453,-0.48625,-1.49906,31.2515601,75.7052437,1.220,181.30
603.532,-0.06225,1.89621,8.45153,-0.15638,-0.58277,-1.25838,31.2515500,75.7052437,1.230,182.60
603.634,-3.51469,2.94966,9.20810,0.28588,0.48991,-0.39340,31.2515500,75.7052437,1.230,182.60
603.739,-2.08774,2.39420,9.40921,-0.88575,0.19426,1.69454,31.2515500,75.7052437,1.230,182.60
603.843,-0.83318,1.81002,10.38605,-0.05253,-0.46426,0.88331,31.2515500,75.7052437,1.230,182.60
603.946,-1.18752,2.14999,7.61356,-0.42761,0.45937,0.73304,31.2515500,75.7052437,1.230,182.60
604.050,0.34955,2.71024,6.73250,0.55100,0.53145,0.62308,31.2515500,75.7052437,1.230,182.60
604.153,0.65601,3.63440,9.64384,-0.38118,0.07941,1.42942,31.2515500,75.7052437,1.230,182.60
604.257,2.73418,3.22260,13.12501,-1.02992,-0.76603,0.72082,31.2515500,75.7052437,1.230,182.60
604.361,2.68151,0.38786,11.84651,1.23395,-0.22846,-0.91752,31.2515500,75.7052437,1.230,182.60
604.463,1.49398,1.10612,7.79073,1.29015,0.91019,-1.51739,31.2515375,75.7052443,1.250,181.60
604.565,-0.22027,2.14999,5.56412,0.26023,-0.49969,-1.56748,31.2515375,75.7052443,1.250,181.60
604.667,-2.45166,2.46124,10.24718,-0.41294,-0.58399,-1.01281,31.2515375,75.7052443,1.250,181.60
604.769,-3.39977,4.13239,10.28549,0.30421,0.10996,0.51435,31.2515375,75.7052443,1.250,181.60
604.872,-0.22027,2.14999,11.08994,-0.63041,-0.46670,0.97250,31.2515375,75.7052443,1.250,181.60
604.974,-1.28808,2.85868,8.02536,-0.28466,0.88087,0.15760,31.2515375,75.7052443,1.250,181.60
605.077,0.21548,2.36068,5.77003,0.17471,0.32376,0.71471,31.2515375,75.7052443,1.250,181.60
605.180,1.29766,3.91691,7.51779,0.18082,0.48136,0.54978,31.2515375,75.7052443,1.250,181.60
605.283,3.01191,5.03261,12.49294,-0.33231,-1.08734,-0.02199,31.2515375,75.7052443,1.250,181.60
605.387,1.16358,2.33674,11.30063,0.43005,-1.19730,-0.96761,31.2515375,75.7052443,1.250,181.60
605.489,0.89543,2.34153,7.11557,-0.00244,0.17471,-1.27426,31.2515252,75.7052450,1.280,181.20
605.591,0.32561,1.47962,8.08761,-0.26634,-0.29077,-1.09345,31.2515252,75.7052450,1.280,181.20
605.693,-1.05824,1.17795,8.58082,1.05191,-0.06475,-1.35001,31.2515252,75.7052450,1.280,181.20
605.796,-4.16591,3.20344,8.32703,0.35430,0.38729,-0.05864,31.2515252,75.7052450,1.280,181.20
605.899,-1.64242,2.22661,11.42034,-0.89309,-0.12095,1.51495,31.2515252,75.7052450,1.280,181.20
606.003,-1.42694,2.72460,7.47949,-0.43127,-0.02688,0.93951,31.2515252,75.7052450,1.280,181.20
606.106,0.02873,2.37984,7.67102,-0.37874,0.34208,0.80634,31.2515252,75.7052450,1.280,181.20
606.208,0.70868,3.58173,9.49062,0.05253,0.51679,0.71838,31.2515252,75.7052450,1.280,181.20
606.312,1.65200,3.73974,12.51689,-0.23702,-0.55344,0.49480,31.2515252,75.7052450,1.280,181.20
606.416,1.49877,3.70622,13.63737,0.98105,-0.23824,-0.84177,31.2515252,75.7052450,1.280,181.20
606.521,0.58897,2.49476,8.53294,0.41172,0.15760,-0.49847,31.2515127,75.7052457,1.320,184.50
606.624,0.41180,1.13964,7.45076,0.18815,-0.85643,-0.81856,31.2515127,75.7052457,1.320,184.50
606.728,-0.02873,2.62883,6.32548,-0.00977,-0.87354,-1.03114,31.2515127,75.7052457,1.320,184.50
606.834,-2.16436,3.50990,10.13705,-0.01710,0.70616,-0.27122,31.2515127,75.7052457,1.320,184.50
606.937,-0.62728,2.25055,13.60385,-0.69028,-0.04520,0.84422,31.2515127,75.7052457,1.320,184.50
607.042,-1.00556,3.00233,7.37893,-0.31276,0.11973,0.07330,31.2515127,75.7052457,1.320,184.50
607.146,-0.28252,2.34632,7.23528,-0.21991,0.22480,0.30299,31.2515127,75.7052457,1.320,184.50
607.251,0.26336,3.50990,8.55209,0.56322,0.38607,0.88820,31.2515127,75.7052457,1.320,184.50
607.354,1.92494,3.85945,11.92312,-0.02321,-0.48258,0.84422,31.2515127,75.7052457,1.320,184.50
607.457,2.77727,2.73418,13.81933,0.33598,-0.29444,-0.06964,31.2515008,75.7052450,1.340,182.50
607.560,1.04866,3.00712,8.88249,0.23946,0.36896,-0.39095,31.2515008,75.7052450,1.340,182.50
607.663,0.70868,2.49955,5.05655,-0.28100,-0.82467,-0.73304,31.2515008,75.7052450,1.340,182.50
607.769,-0.14365,3.91213,7.47470,0.09285,0.12584,-0.97372,31.2515008,75.7052450,1.340,182.50
607.872,0.09098,3.15077,12.82334,-0.06964,0.01833,0.00733,31.2515008,75.7052450,1.340,182.50
607.977,1.06781,2.62405,12.42591,0.17715,-0.58032,0.00855,31.2515008,75.7052450,1.340,182.50
608.082,-0.79966,3.31836,8.84418,0.06720,0.28100,-0.47037,31.2515008,75.7052450,1.340,182.50
608.186,-0.73263,2.39420,6.37815,-0.24679,-0.07575,0.22358,31.2515008,75.7052450,1.340,182.50
608.290,0.47884,3.84509,4.73094,0.29444,-0.70127,0.46792,31.2515008,75.7052450,1.340,182.50
608.394,2.31759,4.60166,10.93192,0.44715,0.38973,0.73059,31.2515008,75.7052450,1.340,182.50
608.499,3.28484,3.86424,16.33324,-0.21136,0.71960,0.51313,31.2514890,75.7052436,1.390,185.40
608.602,1.31681,3.66313,9.48104,0.05864,0.23213,-0.65973,31.2514890,75.7052436,1.390,185.40
608.705,0.62249,1.98719,5.79397,-0.77213,-0.87476,-0.46181,31.2514890,75.7052436,1.390,185.40
608.810,0.35913,2.30801,7.94396,0.28588,0.26145,-0.49114,31.2514890,75.7052436,1.390,185.40
608.917,-0.36392,3.30400,11.64540,0.30910,0.54734,-0.47037,31.2514890,75.7052436,1.390,185.40
609.021,-0.19632,2.65756,13.35486,-0.36652,0.08186,0.81856,31.2514890,75.7052436,1.390,185.40
609.123,-1.41737,2.99754,7.75243,-0.39340,0.01344,-0.05742,31.2514890,75.7052436,1.390,185.40
609.226,-0.33040,1.78607,9.07881,-0.13073,0.48014,0.26634,31.2514890,75.7052436,1.390,185.40
609.330,0.94332,3.15556,5.42047,0.41050,-0.28955,0.51557,31.2514890,75.7052436,1.390,185.40
609.433,2.32238,3.97916,12.25831,0.00122,-0.29199,0.56444,31.2514890,75.7052436,1.390,185.40
609.537,2.53785,3.48117,13.74751,-0.63286,0.54123,0.04154,31.2514768,75.7052400,1.370,186.30
609.641,-0.81882,4.10845,7.81946,0.16616,0.56077,-0.43494,31.2514768,75.7052400,1.370,186.30
609.746,0.31125,2.12126,5.88974,-0.42761,-0.95295,-0.46304,31.2514768,75.7052400,1.370,186.30
609.851,0.80445,3.08852,6.86178,0.48991,-0.32987,-0.59132,31.2514768,75.7052400,1.370,186.30
609.955,-1.98240,3.25133,12.75152,0.35064,0.88942,-0.30177,31.2514768,75.7052400,1.370,186.30
610.059,-0.13408,2.09732,13.12980,-0.84788,0.11729,1.26083,31.2514768,75.7052400,1.370,186.30
610.161,-0.48842,2.33674,7.66145,-0.02199,-0.45693,0.13317,31.2514768,75.7052400,1.370,186.30
610.267,-0.42138,1.61848,6.32069,-0.06597,0.54978,0.66218,31.2514768,75.7052400,1.370,186.30
610.371,1.04387,2.85868,8.75320,-0.31887,0.41661,1.14110,31.2514768,75.7052400,1.370,186.30
610.477,1.43652,6.36379,12.01889,0.19670,0.00855,0.06720,31.2514664,75.7052379,1.370,184.10
610.578,1.80523,2.88262,14.23114,0.77580,0.29322,-0.12217,31.2514664,75.7052379,1.370,184.10
610.680,2.44209,2.17394,7.16345,-0.06475,-0.27245,-0.45571,31.2514664,75.7052379,1.370,184.10
610.784,0.67995,1.46046,5.78918,-0.22969,-0.49358,-0.88331,31.2514664,75.7052379,1.370,184.10
610.889,0.16281,2.36068,8.34140,0.05498,-0.32254,-0.97738,31.2514664,75.7052379,1.370,184.10
610.993,-2.08774,3.29921,10.53449,0.51313,0.26389,-0.32376,31.2514664,75.7052379,1.370,184.10
611.099,-0.32561,2.10690,12.35887,-0.32009,-0.05376,0.87354,31.2514664,75.7052379,1.370,184.10
611.204,-1.20189,2.49476,6.97670,-0.45326,0.25779,0.56444,31.2514664,75.7052379,1.370,184.10
611.310,1.08697,1.92494,6.94318,-0.31032,0.31887,0.51068,31.2514664,75.7052379,1.370,184.10
611.415,1.90100,3.93607,8.77236,0.07330,0.19426,0.75503,31.2514664,75.7052379,1.370,184.10
611.520,1.95846,6.31112,11.80820,0.09163,-0.35919,0.08919,31.2514542,75.7052360,1.390,181.20
611.623,1.54665,2.38462,12.14818,1.13499,-0.42394,-1.06291,31.2514542,75.7052360,1.390,181.20
611.725,0.60813,2.12126,7.84819,0.35308,0.44593,-0.62919,31.2514542,75.7052360,1.390,181.20
611.830,0.57940,1.47483,4.78362,0.19303,-1.08123,-0.92241,31.2514542,75.7052360,1.390,181.20
611.933,0.61770,2.93050,7.90565,0.19059,0.26756,-0.51068,31.2514542,75.7052360,1.390,181.20
612.037,-3.71580,4.52025,11.21923,0.12950,0.60720,-0.50824,31.2514542,75.7052360,1.390,181.20
612.141,-0.32561,2.51391,11.40598,0.02321,-0.67806,0.37507,31.2514542,75.7052360,1.390,181.20
612.246,-0.53151,2.53785,6.40210,-0.35064,0.06231,0.46059,31.2514542,75.7052360,1.390,181.20
612.350,0.89543,2.39420,4.52983,-0.02810,0.11240,0.96639,31.2514542,75.7052360,1.390,181.20
612.454,1.17795,4.07972,11.04685,-0.15027,0.79412,0.24679,31.2514405,75.7052355,1.420,180.80
612.556,0.92895,6.44040,13.02446,-0.52168,-0.47647,0.05009,31.2514405,75.7052355,1.420,180.80
612.661,1.46046,2.90656,10.34774,1.02503,-0.24190,-0.72204,31.2514405,75.7052355,1.420,180.80
612.766,1.06781,2.10690,7.01980,-0.05498,-0.30665,-0.42516,31.2514405,75.7052355,1.420,180.80
612.870,-0.22027,1.71904,5.66468,-0.15516,-0.61209,-0.83933,31.2514405,75.7052355,1.420,180.80
612.974,0.00000,2.89220,8.15465,0.51068,-0.36041,-0.75503,31.2514405,75.7052355,1.420,180.80
613.079,-2.84910,4.49152,9.57681,0.02688,0.21869,0.42883,31.2514405,75.7052355,1.420,180.80
613.184,0.12929,2.14999,10.44830,-0.46792,0.39584,0.44349,31.2514405,75.7052355,1.420,180.80
613.289,-1.00078,2.45645,7.08684,-0.59620,0.21136,0.64752,31.2514405,75.7052355,1.420,180.80
613.395,2.31759,2.47082,6.94318,-0.36530,0.32620,0.98960,31.2514405,75.7052355,1.420,180.80
613.499,0.72784,4.13718,11.54963,0.32865,0.58399,0.65118,31.2514273,75.7052336,1.360,183.90
613.604,1.10133,5.54018,12.69406,-0.37629,-0.53023,0.12339,31.2514273,75.7052336,1.360,183.90
613.709,0.30646,2.46603,9.79228,0.92363,-0.65607,-0.91263,31.2514273,75.7052336,1.360,183.90
613.815,0.95768,1.58975,6.79953,0.20769,-0.09774,-0.65240,31.2514273,75.7052336,1.360,183.90
613.919,0.35434,1.62327,5.27682,0.07208,-1.12033,-1.40743,31.2514273,75.7052336,1.360,183.90
614.023,-1.91057,2.30801,10.01255,0.05498,0.56077,-0.07453,31.2514273,75.7052336,1.360,183.90
614.125,-1.47004,2.50433,11.45865,-1.36223,-0.01466,1.54671,31.2514273,75.7052336,1.360,183.90
614.233,-0.59855,2.89698,9.63427,0.24679,-0.60109,-0.38729,31.2514273,75.7052336,1.360,183.90
614.338,-0.09577,2.62405,6.37336,0.09529,1.20585,0.75259,31.2514273,75.7052336,1.360,183.90
614.441,1.60890,2.18351,7.41245,-0.13683,-0.53634,0.83811,31.2514273,75.7052336,1.360,183.90
614.544,0.84276,5.59764,11.16177,0.10140,0.41294,-0.33109,31.2514135,75.7052330,1.380,183.50
614.646,1.67594,4.41491,16.23269,-0.29077,0.74159,-0.05620,31.2514135,75.7052330,1.380,183.50
614.749,0.17717,3.46680,7.85777,0.78435,-0.59376,-0.60720,31.2514135,75.7052330,1.380,183.50
614.855,1.36948,1.14443,5.31513,-0.49236,-0.47159,-0.08552,31.2514135,75.7052330,1.380,183.50
614.960,-0.09577,2.14042,6.37815,0.01344,-0.15027,-1.03969,31.2514135,75.7052330,1.380,183.50
615.065,-2.52828,3.94564,12.47379,0.07819,0.69761,0.07330,31.2514135,75.7052330,1.380,183.50
615.171,-1.43652,3.21781,13.22078,-0.37018,-0.23579,1.29259,31.2514135,75.7052330,1.380,183.50
615.277,-1.54665,2.62405,8.93516,0.34453,0.22846,-0.07575,31.2514135,75.7052330,1.380,183.50
615.384,-0.68953,2.20267,6.16746,-0.07819,0.67806,0.84055,31.2514135,75.7052330,1.380,183.50
615.487,0.62728,3.34709,6.90967,0.05253,0.38485,1.06168,31.2514011,75.7052332,1.370,181.90
615.589,2.35111,4.97036,11.88482,-0.41172,0.05009,0.32254,31.2514011,75.7052332,1.370,181.90
615.693,1.71904,4.72615,14.97334,-0.21869,-0.29199,-0.61209,31.2514011,75.7052332,1.370,181.90
615.799,0.10056,3.34231,8.84418,0.70372,-0.55589,-0.73670,31.2514011,75.7052332,1.370,181.90
615.906,0.27294,1.89142,5.78439,-0.04276,-0.60476,-0.71716,31.2514011,75.7052332,1.370,181.90
616.010,-0.07183,2.45166,7.55131,0.65118,0.10018,-0.81001,31.2514011,75.7052332,1.370,181.90
616.116,-2.55701,3.77326,9.26556,-0.00733,0.54856,0.12217,31.2514011,75.7052332,1.370,181.90
616.220,-1.28808,3.50032,9.99340,-0.87476,0.08430,0.95051,31.2514011,75.7052332,1.370,181.90
616.325,-2.42772,3.68707,9.63427,-1.04824,0.43494,0.35797,31.2514011,75.7052332,1.370,181.90
616.429,-1.49398,2.14520,9.35175,-0.48258,0.25534,0.53512,31.2514011,75.7052332,1.370,181.90
616.532,-1.03430,2.94966,6.35900,0.07575,0.59376,0.91874,31.2513888,75.7052337,1.320,181.20
616.634,2.01113,3.85945,10.44351,0.11729,0.16005,0.77580,31.2513888,75.7052337,1.320,181.20
616.740,2.37026,4.67348,11.75553,0.13806,-0.79535,-0.37018,31.2513888,75.7052337,1.320,181.20
616.845,0.07661,2.88741,11.22402,0.89431,-0.65729,-0.99938,31.2513888,75.7052337,1.320,181.20
616.950,0.50757,2.03028,7.93438,-0.14661,-0.00122,-0.83933,31.2513888,75.7052337,1.320,181.20
617.056,-1.02951,2.17872,7.17303,-0.12217,-0.43616,-0.97005,31.2513888,75.7052337,1.320,181.20
617.159,-1.35991,2.51391,8.37013,0.56322,-0.04765,-0.45204,31.2513888,75.7052337,1.320,181.20
617.263,-0.65601,3.23217,9.09797,0.05986,-0.21014,0.89431,31.2513888,75.7052337,1.320,181.20
617.369,0.95768,2.96881,11.95185,-0.36163,-0.13683,0.37996,31.2513888,75.7052337,1.320,181.20
617.474,-0.74699,2.90656,9.57202,-0.36041,0.52168,-0.06597,31.2513782,75.7052351,1.220,178.90
617.577,-0.10056,2.44209,7.12993,-0.00244,-0.34697,0.02443,31.2513782,75.7052351,1.220,178.90
617.679,-0.02873,4.54898,7.40287,0.31643,0.55833,0.32009,31.2513782,75.7052351,1.220,178.90
617.783,0.91937,4.63996,10.86010,0.27855,0.00611,0.24435,31.2513782,75.7052351,1.220,178.90
617.886,0.86670,5.02782,13.33092,-0.35797,0.61453,-0.20525,31.2513782,75.7052351,1.220,178.90
617.990,1.32639,3.02148,7.19218,0.10996,-0.90775,-0.55833,31.2513782,75.7052351,1.220,178.90
618.093,0.10534,1.69988,6.84263,0.25901,-0.21625,-0.97372,31.2513782,75.7052351,1.220,178.90
618.195,-0.73741,2.21224,7.88171,0.55100,-0.26512,-0.61331,31.2513782,75.7052351,1.220,178.90
618.298,-1.71904,2.33674,9.93115,0.31398,0.02688,0.57544,31.2513782,75.7052351,1.220,178.90
618.400,-0.50757,3.54821,10.79306,-1.07512,0.32865,1.36712,31.2513782,75.7052351,1.220,178.90
618.502,-0.95768,3.11725,9.37569,-0.27611,-0.37018,0.04887,31.2513673,75.7052370,1.290,180.60
618.606,-0.61770,2.72460,8.95431,0.00611,0.15516,0.72693,31.2513673,75.7052370,1.290,180.60
618.709,0.63207,3.05979,7.73806,0.30299,0.33475,0.68417,31.2513673,75.7052370,1.290,180.60
618.812,1.06303,3.15077,10.40999,0.00855,-0.04520,0.38851,31.2513673,75.7052370,1.290,180.60
618.914,1.56581,5.16190,8.61913,0.05986,0.16860,-0.22602,31.2513673,75.7052370,1.290,180.60
619.018,2.10211,3.16035,9.96467,0.07208,-0.41172,-0.26878,31.2513673,75.7052370,1.290,180.60
619.123,1.75734,3.76847,9.08360,0.15272,0.30421,-0.36896,31.2513673,75.7052370,1.290,180.60
619.227,1.23541,3.18908,8.83460,-0.13561,-0.44960,-0.42272,31.2513673,75.7052370,1.290,180.60
619.330,0.28252,3.80678,7.80510,0.07330,0.12706,-0.54245,31.2513673,75.7052370,1.290,180.60
619.435,0.90980,3.96959,9.27514,0.19059,-0.00977,0.08796,31.2513673,75.7052370,1.290,180.60
619.539,0.63686,4.63039,9.00220,0.30421,-0.00855,0.12339,31.2513597,75.7052376,0.700,175.30
619.642,-0.06225,4.94642,9.55287,-0.00977,-0.02566,0.40806,31.2513597,75.7052376,0.700,175.30
619.745,-0.14844,3.75411,7.56568,0.11240,-0.30177,0.31521,31.2513597,75.7052376,0.700,175.30
619.849,-0.25379,4.34787,7.39329,-0.14661,0.39218,0.62675,31.2513597,75.7052376,0.700,175.30
619.955,1.26893,5.32470,6.68461,-0.39340,0.95051,0.49236,31.2513597,75.7052376,0.700,175.30
620.059,0.56024,5.01825,7.44118,-0.42028,0.44715,0.30421,31.2513597,75.7052376,0.700,175.30
620.164,0.74699,4.25210,10.67814,-0.16493,0.73059,0.34453,31.2513597,75.7052376,0.700,175.30
620.266,1.20189,4.79319,11.76990,-0.60231,-0.00367,0.08552,31.2513597,75.7052376,0.700,175.30
620.372,1.47483,2.55222,9.01656,0.34697,-0.32742,-0.91874,31.2513597,75.7052376,0.700,175.30
620.476,0.79009,2.06859,9.72046,-0.04643,-0.15027,-0.85888,31.2513536,75.7052405,0.720,174.60
620.580,0.53630,3.12683,7.69018,0.26145,-0.28344,-0.89186,31.2513536,75.7052405,0.720,174.60
620.684,-0.89064,3.44286,10.62068,0.02810,0.21869,-0.48136,31.2513536,75.7052405,0.720,174.60
620.788,-1.10133,3.40934,10.14663,-0.00733,-0.18692,-0.03054,31.2513536,75.7052405,0.720,174.60
620.890,-2.48039,1.65679,12.14339,0.25656,-0.20403,0.01222,31.2513536,75.7052405,0.720,174.60
620.995,-1.63285,2.27449,6.78038,-0.19548,0.16738,0.22113,31.2513536,75.7052405,0.720,174.60
621.099,-0.56024,3.27048,6.66067,0.25045,0.14050,-0.01100,31.2513536,75.7052405,0.720,174.60
621.203,-0.61292,4.42927,8.60955,0.33353,-0.13561,-0.00122,31.2513536,75.7052405,0.720,174.60
621.307,-1.56581,5.21936,11.31979,-0.15272,-0.19181,-0.15638,31.2513536,75.7052405,0.720,174.60
621.411,-0.66559,2.79643,14.28860,0.03910,-0.13928,-0.09407,31.2513536,75.7052405,0.720,174.60
621.519,-0.74220,2.42772,8.28394,-0.24923,0.53390,-0.13928,31.2513446,75.7052405,1.200,182.20
621.623,-0.34477,2.37505,6.53617,-0.03543,-0.49480,-0.32132,31.2513446,75.7052405,1.200,182.20
621.725,-1.35033,3.42371,8.28394,0.39462,0.21747,-0.36408,31.2513446,75.7052405,1.200,182.20
621.830,-3.37582,3.75890,11.99495,-0.01833,0.47159,0.17593,31.2513446,75.7052405,1.200,182.20
621.934,-1.83396,2.18351,12.74673,-0.59132,-0.23335,0.94928,31.2513446,75.7052405,1.200,182.20
622.038,-1.65679,3.03585,5.75087,0.37874,0.60964,0.24923,31.2513446,75.7052405,1.200,182.20
622.142,-1.38385,2.94008,7.14430,-0.46914,0.60598,0.61087,31.2513446,75.7052405,1.200,182.20
622.248,0.26815,4.01268,7.91044,0.19548,0.09774,0.78679,31.2513446,75.7052405,1.200,182.20
622.353,0.09098,5.25288,11.35330,-0.32009,-0.37385,0.17104,31.2513446,75.7052405,1.200,182.20
622.459,1.47962,3.39019,13.44105,0.86499,0.11729,-0.55467,31.2513332,75.7052418,1.260,178.10
622.561,0.17717,3.31358,8.52815,0.30910,0.01833,-0.57666,31.2513332,75.7052418,1.260,178.10
622.665,-0.39744,2.06380,5.92325,-0.03421,-1.16064,-0.81367,31.2513332,75.7052418,1.260,178.10
622.773,-0.65122,2.79164,7.22570,0.43738,-0.43738,-0.81856,31.2513332,75.7052418,1.260,178.10
622.878,-3.44765,4.38618,10.69250,-0.02932,0.88331,-0.18082,31.2513332,75.7052418,1.260,178.10
622.982,-1.01514,3.47638,10.78827,-0.15394,0.19059,0.32376,31.2513332,75.7052418,1.260,178.10
623.088,-2.03028,3.46202,7.54174,-0.62675,0.38729,0.80023,31.2513332,75.7052418,1.260,178.10
623.192,-0.28252,1.87705,6.58884,0.40928,-0.10996,0.40806,31.2513332,75.7052418,1.260,178.10
623.297,0.25379,4.09887,7.60877,0.16127,0.24557,0.32254,31.2513332,75.7052418,1.260,178.10
623.401,0.11492,6.15310,11.03248,-0.50335,-0.81123,0.04032,31.2513332,75.7052418,1.260,178.10
623.505,0.88107,4.52504,12.72279,0.78802,-0.05009,-0.71227,31.2513213,75.7052420,1.350,176.20
623.609,1.51314,2.50912,8.89685,0.24923,0.37996,-0.73059,31.2513213,75.7052420,1.350,176.20
623.711,0.08619,2.26491,4.85544,-0.12217,-1.59069,-0.96639,31.2513213,75.7052420,1.350,176.20
623.817,-1.48441,3.55778,8.31746,0.28833,0.18326,-0.47037,31.2513213,75.7052420,1.350,176.20
623.922,-3.33273,5.14753,11.93270,0.08186,0.87965,0.33475,31.2513213,75.7052420,1.350,176.20
624.026,-0.64643,3.02627,9.68215,0.03421,-0.36530,1.13254,31.2513213,75.7052420,1.350,176.20
624.131,-0.33519,2.85868,6.65588,-0.33598,0.30177,0.84177,31.2513213,75.7052420,1.350,176.20
624.237,-0.08140,1.98719,6.79474,0.06720,0.54000,0.67195,31.2513213,75.7052420,1.350,176.20
624.341,0.63207,4.12282,10.04128,0.19914,0.56077,0.78557,31.2513213,75.7052420,1.350,176.20
624.445,1.65679,6.19619,11.73159,-0.54489,-0.48014,-0.10140,31.2513094,75.7052440,1.370,173.20
624.547,0.90980,3.89776,14.93982,0.15149,0.00000,-1.02014,31.2513094,75.7052440,1.370,173.20
624.649,0.37828,2.74376,7.87692,0.34941,0.02810,-1.24861,31.2513094,75.7052440,1.370,173.20
624.753,0.13886,1.90578,5.94720,0.28588,-0.86743,-1.14965,31.2513094,75.7052440,1.370,173.20
624.859,-1.05345,3.05500,7.58962,0.42638,-0.85643,-0.89675,31.2513094,75.7052440,1.370,173.20
624.964,-2.32238,4.39097,10.65420,-0.04887,0.29077,0.18082,31.2513094,75.7052440,1.370,173.20
625.069,0.20111,2.99754,11.48738,-0.72693,-0.39828,1.07757,31.2513094,75.7052440,1.370,173.20
625.176,-1.92973,3.51469,6.57927,-0.28955,0.67073,0.40073,31.2513094,75.7052440,1.370,173.20
625.280,-0.52672,2.08296,8.74362,-0.24801,0.99571,0.99815,31.2513094,75.7052440,1.370,173.20
625.386,1.37427,4.16112,7.57525,-0.05986,0.58032,1.04702,31.2513094,75.7052440,1.370,173.20
625.490,1.77171,4.94642,12.97178,-0.05253,-0.44593,0.53267,31.2512987,75.7052444,1.380,177.70
625.592,2.37026,3.70144,13.66610,0.49847,-0.00977,-1.02137,31.2512987,75.7052444,1.380,177.70
625.696,1.08218,3.24175,7.80031,0.37141,-0.11118,-1.34513,31.2512987,75.7052444,1.380,177.70
625.800,0.38307,1.96803,5.88495,0.07453,-0.66706,-1.04458,31.2512987,75.7052444,1.380,177.70
625.904,-0.10534,3.45723,8.78672,0.47892,-0.27367,-0.59498,31.2512987,75.7052444,1.380,177.70
626.008,-0.93853,3.43807,11.54963,0.14783,-0.10140,0.20769,31.2512987,75.7052444,1.380,177.70
626.111,-0.70390,2.90656,12.00932,-0.43005,-0.18570,0.98960,31.2512987,75.7052444,1.380,177.70
626.216,-0.98641,3.62482,7.69018,-0.02688,0.22602,0.26756,31.2512987,75.7052444,1.380,177.70
626.321,0.19154,3.12204,8.09719,-0.62186,-0.48503,0.87720,31.2512987,75.7052444,1.380,177.70
626.424,1.14922,3.79720,7.03416,0.54123,0.18937,0.76114,31.2512987,75.7052444,1.380,177.70
626.528,2.60010,5.65510,9.87848,-0.22358,0.42272,0.40317,31.2512868,75.7052448,1.350,184.50
626.632,3.81157,5.76045,12.31099,-0.51801,0.25290,-0.00489,31.2512868,75.7052448,1.350,184.50
626.735,3.48117,3.87382,7.90565,0.37018,-0.25412,-0.80146,31.2512868,75.7052448,1.350,184.50
626.840,0.77093,2.09253,7.28316,0.33964,-0.31032,-1.08245,31.2512868,75.7052448,1.350,184.50
626.944,-1.13485,3.95522,7.58962,0.11362,-0.22846,-0.44593,31.2512868,75.7052448,1.350,184.50
627.049,-1.08697,4.21380,10.29507,0.35552,0.56810,0.26878,31.2512868,75.7052448,1.350,184.50
627.152,0.05267,3.29921,10.64462,-0.82589,0.21014,0.93829,31.2512868,75.7052448,1.350,184.50
627.255,-1.80044,3.71580,7.62793,-0.07330,-0.00244,0.05864,31.2512868,75.7052448,1.350,184.50
627.358,-1.17795,2.78206,7.16345,-0.58887,0.56077,0.76480,31.2512868,75.7052448,1.350,184.50
627.460,0.50757,3.87382,7.26880,-0.13806,0.38973,0.85155,31.2512750,75.7052422,1.320,189.50
627.563,1.77171,5.30076,11.53526,-0.43982,0.10018,0.84177,31.2512750,75.7052422,1.320,189.50
627.666,2.60968,3.73974,15.06911,-0.11484,0.39828,-0.03543,31.2512750,75.7052422,1.320,189.50
627.770,2.24576,3.45723,7.47470,0.43616,-0.21502,-0.82222,31.2512750,75.7052422,1.320,189.50
627.877,0.75657,1.89621,6.07648,0.40928,-0.32742,-0.99938,31.2512750,75.7052422,1.320,189.50
627.981,-0.91937,3.80678,7.03416,-0.09896,-0.02810,-0.77946,31.2512750,75.7052422,1.320,189.50
628.085,-1.42694,3.94564,10.41478,0.47647,-0.46304,-0.27245,31.2512750,75.7052422,1.320,189.50
628.188,0.94810,2.39899,12.82334,-1.20096,0.20647,1.53816,31.2512750,75.7052422,1.320,189.50
628.293,-0.79009,3.63919,7.63272,0.18937,0.49480,-0.05131,31.2512750,75.7052422,1.320,189.50
628.398,-0.22027,2.56658,7.06289,-0.01344,0.43249,0.48136,31.2512750,75.7052422,1.320,189.50
628.502,0.04788,4.37181,6.29196,0.07208,0.34086,0.62797,31.2512632,75.7052405,1.310,187.30
628.604,2.31759,4.69264,11.26232,-0.24557,-0.16982,0.98594,31.2512632,75.7052405,1.310,187.30
628.711,1.29766,3.05021,17.31965,0.19426,0.45082,-0.36163,31.2512632,75.7052405,1.310,187.30
628.817,1.84832,4.05099,6.47392,0.49847,-0.12339,-0.90286,31.2512632,75.7052405,1.310,187.30
628.921,1.11091,2.13563,5.67426,0.23946,-0.47647,-0.95539,31.2512632,75.7052405,1.310,187.30
629.024,0.94332,3.15077,6.28717,-0.12217,-0.33475,-0.57421,31.2512632,75.7052405,1.310,187.30
629.127,-1.29287,3.87382,12.83292,-0.09774,0.16860,-0.12584,31.2512632,75.7052405,1.310,187.30
629.229,-0.09577,3.78284,9.61990,-1.22417,-0.23824,1.11422,31.2512632,75.7052405,1.310,187.30
629.335,-0.68474,3.47638,9.27035,0.30299,0.34208,-0.06475,31.2512632,75.7052405,1.310,187.30
629.437,-1.27372,2.96881,6.03818,0.19303,0.40561,0.34697,31.2512632,75.7052405,1.310,187.30
629.542,0.93374,3.26090,6.09085,-0.08552,0.58032,0.97005,31.2512514,75.7052400,1.300,184.90
629.645,2.53785,5.27203,10.17057,-0.05253,-0.27000,0.11729,31.2512514,75.7052400,1.300,184.90
629.749,1.94409,5.51145,15.75864,-0.65973,0.02443,-0.25779,31.2512514,75.7052400,1.300,184.90
629.854,0.70390,3.40455,6.87615,0.48136,-0.23457,-0.75259,31.2512514,75.7052400,1.300,184.90
629.959,0.76614,1.85311,5.74608,0.30910,-0.19670,-0.59743,31.2512514,75.7052400,1.300,184.90
630.063,-0.06704,2.89220,6.62715,0.18204,0.09529,-0.58399,31.2512514,75.7052400,1.300,184.90
630.165,-1.81959,3.51469,10.58237,0.13317,0.55100,-0.77580,31.2512514,75.7052400,1.300,184.90
630.269,-3.05021,3.79720,11.59751,-1.09834,-0.04154,0.95661,31.2512514,75.7052400,1.300,184.90
630.373,-0.50757,2.44687,8.16902,0.07819,-0.19059,0.43371,31.2512514,75.7052400,1.300,184.90
630.477,-1.63285,2.19788,6.68940,-0.63408,0.37996,0.49114,31.2512392,75.7052396,1.350,182.90
630.580,-0.28252,3.02627,7.38372,-0.19792,0.68539,0.70494,31.2512392,75.7052396,1.350,182.90
630.685,1.23062,4.82192,11.97101,-0.17837,-0.06964,0.69883,31.2512392,75.7052396,1.350,182.90
630.788,2.16915,5.51145,12.36845,0.07697,-0.56077,-0.07208,31.2512392,75.7052396,1.350,182.90
630.893,0.99120,2.71502,8.14507,0.65851,-0.44715,-0.78069,31.2512392,75.7052396,1.350,182.90
630.997,0.70868,1.85311,7.34541,0.48014,-0.33353,-0.65851,31.2512392,75.7052396,1.350,182.90
631.101,0.50278,2.27928,6.70855,0.56810,-0.56322,-0.81978,31.2512392,75.7052396,1.350,182.90
631.206,-1.56581,3.78284,10.39084,-0.04765,0.23457,-0.42150,31.2512392,75.7052396,1.350,182.90
631.310,-2.10211,4.10845,9.24641,-0.67928,-0.33964,1.05558,31.2512392,75.7052396,1.350,182.90
631.412,-0.06704,2.95444,11.57357,-0.21258,0.16493,0.01833,31.2512392,75.7052396,1.350,182.90
631.515,-1.61369,2.98318,5.76524,-0.31765,0.19548,0.21991,31.2512276,75.7052385,1.300,183.00
631.619,0.28252,3.25133,7.11078,-0.04398,0.46181,0.90652,31.2512276,75.7052385,1.300,183.00
631.723,1.30245,4.70221,10.20409,-0.14783,-0.18570,0.34941,31.2512276,75.7052385,1.300,183.00
631.828,1.12049,5.16190,12.33972,-0.60353,-0.05742,-0.37385,31.2512276,75.7052385,1.300,183.00
631.931,0.47884,2.61926,10.19451,0.64385,-0.59865,-1.05924,31.2512276,75.7052385,1.300,183.00
632.034,0.65122,1.95846,7.12036,0.32620,-0.56933,-0.55467,31.2512276,75.7052385,1.300,183.00
632.138,-0.17717,2.78685,6.97670,0.28344,-0.00244,-0.59865,31.2512276,75.7052385,1.300,183.00
632.244,-1.41737,2.96881,8.88728,0.39095,-0.01222,-0.35552,31.2512276,75.7052385,1.300,183.00
632.350,-2.03507,4.06535,9.55287,-0.54978,-0.17715,0.91996,31.2512276,75.7052385,1.300,183.00
632.453,-0.27294,2.45166,12.50252,-0.15027,-0.09285,0.28711,31.2512159,75.7052373,1.350,183.80
632.556,-1.85311,3.33273,6.52659,-0.15638,0.81489,0.31276,31.2512159,75.7052373,1.350,183.80
632.659,0.11971,3.51948,6.98149,0.40684,0.34453,0.81734,31.2512159,75.7052373,1.350,183.80
632.762,1.52271,4.59687,9.70609,-0.09652,-0.36896,0.42028,31.2512159,75.7052373,1.350,183.80
632.867,1.48919,6.22971,12.27268,-0.19059,-0.17715,-0.33353,31.2512159,75.7052373,1.350,183.80
632.973,0.89543,3.43807,9.97903,0.93462,-0.61942,-0.46670,31.2512159,75.7052373,1.350,183.80
633.077,1.65200,2.02549,5.16669,0.13439,-0.21502,-0.17715,31.2512159,75.7052373,1.350,183.80
633.182,0.74220,2.70066,6.92403,-0.11973,0.00122,-0.75381,31.2512159,75.7052373,1.350,183.80
633.287,0.24900,3.92170,10.36211,-0.27000,-0.27611,-0.67806,31.2512159,75.7052373,1.350,183.80
633.390,-1.67594,4.39575,10.79306,0.09407,-0.02810,0.07575,31.2512159,75.7052373,1.350,183.80
633.492,-1.76213,2.54743,11.58315,0.23824,-0.25168,0.11484,31.2512044,75.7052370,1.350,183.00
633.595,-1.24498,2.34632,5.15232,-0.18937,0.22235,0.09285,31.2512044,75.7052370,1.350,183.00
633.697,-0.26815,2.82995,7.39329,-0.03665,0.67195,0.20892,31.2512044,75.7052370,1.350,183.00
633.801,0.55067,4.93206,9.93594,0.11851,-0.21136,0.05009,31.2512044,75.7052370,1.350,183.00
633.906,0.11013,6.10521,11.20965,-0.02321,-0.41050,0.05131,31.2512044,75.7052370,1.350,183.00
634.009,1.91536,4.14676,11.17613,0.73915,-0.23579,-0.39462,31.2512044,75.7052370,1.350,183.00
634.113,0.38307,3.04064,8.26478,-0.12950,0.13317,-0.10263,31.2512044,75.7052370,1.350,183.00
634.217,0.91937,2.28886,5.84664,0.21869,-0.45448,-0.78557,31.2512044,75.7052370,1.350,183.00
634.323,-0.75657,3.28484,9.93115,0.51801,-0.29077,-0.46426,31.2512044,75.7052370,1.350,183.00
634.427,-1.82917,4.46758,9.35175,0.22724,0.64263,0.68783,31.2512044,75.7052370,1.350,183.00
634.532,-0.11971,2.88741,12.54562,-1.45875,0.12339,1.57725,31.2511924,75.7052379,1.300,182.40
634.635,-0.59376,3.34709,7.96311,-0.43616,0.71349,0.12950,31.2511924,75.7052379,1.300,182.40
634.739,-0.81882,2.76291,7.10599,0.05009,0.68661,0.54123,31.2511924,75.7052379,1.300,182.40
634.843,1.28808,4.22816,8.51378,0.08063,0.11484,0.71471,31.2511924,75.7052379,1.300,182.40
634.948,1.88184,5.69341,11.50653,-0.10629,-0.22235,0.02688,31.2511924,75.7052379,1.300,182.40
635.057,0.58419,2.58095,14.01566,0.99815,-0.62430,-0.45448,31.2511924,75.7052379,1.300,182.40
635.161,0.30167,2.65756,7.08205,0.39340,-0.16371,-0.61209,31.2511924,75.7052379,1.300,182.40
635.265,1.07260,2.80122,5.88016,-0.31643,-0.49724,-0.95051,31.2511924,75.7052379,1.300,182.40
635.370,-1.77171,3.75411,8.73405,0.53878,-0.20159,-1.12033,31.2511924,75.7052379,1.300,182.40
635.473,-1.54665,3.23217,9.60554,0.24068,-0.08186,1.01404,31.2511809,75.7052389,1.330,180.40
635.577,0.36392,3.70144,9.76355,-0.84422,0.50335,1.22540,31.2511809,75.7052389,1.330,180.40
635.681,-0.24900,3.54342,8.53294,-0.11729,0.35675,-0.00367,31.2511809,75.7052389,1.330,180.40
635.789,-0.02873,2.48997,6.81869,-0.04887,0.25901,0.79901,31.2511809,75.7052389,1.330,180.40
635.892,1.54187,4.12282,6.41646,-0.08552,0.20403,0.57788,31.2511809,75.7052389,1.330,180.40
635.995,1.71425,5.16669,13.25909,-0.53512,-0.31032,-0.04765,31.2511809,75.7052389,1.330,180.40
636.098,0.72784,4.18985,16.32845,-0.13806,0.28955,-0.01833,31.2511809,75.7052389,1.330,180.40
636.206,0.86670,2.81558,7.79073,0.30543,0.04887,-0.25168,31.2511809,75.7052389,1.330,180.40
636.311,0.78051,2.40857,4.22816,0.21380,-0.34331,-0.85155,31.2511809,75.7052389,1.330,180.40
636.416,0.58897,3.07894,7.01022,0.04032,-0.33842,-1.01281,31.2511809,75.7052389,1.330,180.40
636.522,-2.94487,4.47716,11.38682,0.16249,0.48747,-0.15027,31.2511688,75.7052398,1.230,179.70
636.625,0.43574,2.19788,13.84327,-0.94073,0.17837,1.02870,31.2511688,75.7052398,1.230,179.70
636.729,-2.43251,3.42850,7.67102,-0.07086,0.12339,-0.65363,31.2511688,75.7052398,1.230,179.70
636.835,-1.30723,2.98318,6.74686,-0.06353,-0.24679,0.40439,31.2511688,75.7052398,1.230,179.70
636.940,-0.06704,4.32393,7.40766,0.14172,0.36774,0.80023,31.2511688,75.7052398,1.230,179.70
637.045,1.23541,5.28161,11.67892,0.09774,0.20159,0.05864,31.2511688,75.7052398,1.230,179.70
637.149,1.22104,4.58729,14.91109,-0.20281,0.49602,-0.11118,31.2511688,75.7052398,1.230,179.70
637.254,0.90022,3.83551,6.41167,0.58277,-0.40928,-0.47281,31.2511688,75.7052398,1.230,179.70
637.359,1.13964,2.63362,5.95199,0.15516,-0.41294,-0.48014,31.2511688,75.7052398,1.230,179.70
637.462,0.38307,3.53863,7.42203,0.13317,-0.25045,-0.59010,31.2511566,75.7052407,1.300,176.90
637.565,-1.43173,4.09408,11.61188,-0.11240,0.23213,0.06109,31.2511566,75.7052407,1.300,176.90
637.668,-0.79966,3.52905,10.82179,-1.36589,0.11606,1.27182,31.2511566,75.7052407,1.300,176.90
637.772,-1.00078,3.02627,8.10677,-0.22602,-0.06842,-0.07697,31.2511566,75.7052407,1.300,176.90
637.878,-0.80445,2.71502,6.86178,-0.12462,0.47647,0.33964,31.2511566,75.7052407,1.300,176.90
637.982,0.03352,4.08930,6.66546,-0.04276,0.57788,0.90164,31.2511566,75.7052407,1.300,176.90
638.088,1.66636,5.95199,11.57836,0.08186,0.26512,0.57055,31.2511566,75.7052407,1.300,176.90
638.192,1.84354,4.41012,16.93658,-0.47647,0.06597,0.14050,31.2511566,75.7052407,1.300,176.90
638.296,1.04866,3.06937,8.43238,0.78191,-0.64996,-0.88331,31.2511566,75.7052407,1.300,176.90
638.399,0.41180,2.21703,4.86981,-0.03421,-0.66340,-0.66951,31.2511566,75.7052407,1.300,176.90
638.502,-0.35434,3.12683,7.82425,-0.10140,0.33720,-0.68783,31.2511450,75.7052420,1.260,174.50
638.606,-2.08296,4.46758,10.52970,0.25412,0.88698,0.03176,31.2511450,75.7052420,1.260,174.50
638.708,-0.90980,3.96959,9.80186,-1.65178,-0.13561,1.78250,31.2511450,75.7052420,1.260,174.50
638.815,1.46046,2.65278,11.24317,0.17104,-0.50946,0.31887,31.2511450,75.7052420,1.260,174.50
638.919,-1.72861,2.91614,6.25844,0.72204,0.73304,0.19914,31.2511450,75.7052420,1.260,174.50
639.023,1.40300,3.15556,5.47315,0.19181,0.74159,0.60109,31.2511450,75.7052420,1.260,174.50
639.128,2.18830,5.91847,10.02213,-0.22602,-0.03421,0.27122,31.2511450,75.7052420,1.260,174.50
639.232,2.21224,7.01022,11.54484,-0.32132,-0.85032,-0.36285,31.2511450,75.7052420,1.260,174.50
639.336,2.35589,3.18429,10.37168,0.34575,-0.41050,-1.06535,31.2511450,75.7052420,1.260,174.50
639.443,1.26893,1.99676,8.57124,0.41661,-0.09163,-1.16309,31.2511450,75.7052420,1.260,174.50
639.545,-0.99120,3.05979,7.41245,0.69394,-0.29810,-1.23028,31.2511341,75.7052435,1.250,174.00
639.649,-1.93451,4.05099,9.30387,0.29932,0.20036,-0.13317,31.2511341,75.7052435,1.250,174.00
639.753,-1.92494,4.40054,8.59040,-0.99327,0.32620,1.10200,31.2511341,75.7052435,1.250,174.00
639.857,0.13408,3.98395,8.81066,-0.39706,-0.53390,-0.07575,31.2511341,75.7052435,1.250,174.00
639.961,-1.96325,3.42850,8.58082,-0.17959,0.47403,0.09896,31.2511341,75.7052435,1.250,174.00
640.065,-0.39744,3.52905,5.83228,0.33109,0.08919,0.38973,31.2511341,75.7052435,1.250,174.00
640.169,0.27294,4.92248,8.16423,-0.26389,0.00611,0.76847,31.2511341,75.7052435,1.250,174.00
640.274,1.34075,6.79953,11.97580,-0.19792,-0.46548,-0.50335,31.2511341,75.7052435,1.250,174.00
640.379,0.87149,3.99353,8.14029,0.83689,-1.23028,-0.95539,31.2511341,75.7052435,1.250,174.00
640.483,1.44131,3.01191,6.87615,-0.02566,0.12950,-0.58032,31.2511234,75.7052448,1.290,181.20
640.586,0.63207,2.49955,6.98628,-0.02932,0.05131,-1.09467,31.2511234,75.7052448,1.290,181.20
640.690,-1.25456,4.02705,9.29908,0.08919,-0.33353,-0.40928,31.2511234,75.7052448,1.290,181.20
640.796,-1.48919,4.82192,10.56322,0.09896,0.22480,0.58521,31.2511234,75.7052448,1.290,181.20
640.901,-0.44532,2.98796,11.21444,-0.72204,-0.17959,0.70860,31.2511234,75.7052448,1.290,181.20
641.004,-1.46046,3.10767,6.15310,0.38729,0.47525,-0.06964,31.2511234,75.7052448,1.290,181.20
641.106,-0.57940,3.64398,5.74608,-0.11362,0.43738,0.44593,31.2511234,75.7052448,1.290,181.20
641.210,1.07260,4.91769,8.69574,-0.01344,0.13928,0.62186,31.2511234,75.7052448,1.290,181.20
641.312,0.81403,6.01902,12.64139,-0.17471,-0.49480,0.00855,31.2511234,75.7052448,1.290,181.20
641.417,0.73263,4.31435,10.99896,0.69272,-0.74159,-0.53267,31.2511234,75.7052448,1.290,181.20
641.518,1.27850,3.89776,7.83383,-0.35186,0.28222,0.09407,31.2511113,75.7052440,1.300,183.70
641.620,0.02873,3.34709,6.49307,0.05498,-0.32254,-0.70983,31.2511113,75.7052440,1.300,183.70
641.722,-0.12929,4.06057,8.26000,0.36652,0.19670,-0.13806,31.2511113,75.7052440,1.300,183.70
641.824,-2.13084,3.84509,11.38204,0.45082,1.02014,0.49847,31.2511113,75.7052440,1.300,183.70
641.928,-0.51715,3.24654,10.94629,-0.55833,0.52290,1.73974,31.2511113,75.7052440,1.300,183.70
642.032,0.36871,3.34231,8.28394,-0.29932,0.55589,0.50091,31.2511113,75.7052440,1.300,183.70
642.136,-0.51715,3.53863,6.80432,-0.65851,0.46670,0.33842,31.2511113,75.7052440,1.300,183.70
642.241,1.09654,4.41970,8.25521,-0.13195,0.56933,0.77702,31.2511113,75.7052440,1.300,183.70
642.346,1.83875,5.69820,12.25352,0.12095,-0.19181,0.38851,31.2511113,75.7052440,1.300,183.70
642.452,0.29688,6.41646,11.43471,0.10873,-0.06597,-0.42150,31.2510996,75.7052441,1.220,181.10
642.555,2.12126,3.48596,8.65743,0.30299,-0.85032,-0.66584,31.2510996,75.7052441,1.220,181.10
642.659,0.24900,2.69587,5.81791,0.09041,-0.42883,-0.88942,31.2510996,75.7052441,1.220,181.10
642.766,-0.49799,3.15556,6.18662,-0.19548,-0.03299,-0.54123,31.2510996,75.7052441,1.220,181.10
642.871,-1.81959,3.27527,12.77546,-0.29932,0.45082,-0.29444,31.2510996,75.7052441,1.220,181.10
642.975,-2.15478,3.76847,8.75320,-0.81856,-0.21014,1.00426,31.2510996,75.7052441,1.220,181.10
643.079,-1.05345,2.90656,10.03649,0.10751,0.14416,-0.07575,31.2510996,75.7052441,1.220,181.10
643.182,-2.49955,2.95444,6.44519,0.07208,0.47037,0.60720,31.2510996,75.7052441,1.220,181.10
643.286,0.22505,3.92649,6.59842,0.43371,0.65240,0.96272,31.2510996,75.7052441,1.220,181.10
643.389,0.20111,6.80911,11.43471,0.31765,0.68906,0.76969,31.2510996,75.7052441,1.220,181.10
643.492,1.13485,7.22091,8.56645,0.58521,-0.53267,0.35675,31.2510884,75.7052458,1.210,181.30
643.595,2.00155,3.94086,8.19296,0.39584,-0.95784,-0.08430,31.2510884,75.7052458,1.210,181.30
643.698,1.78607,3.14119,6.54096,-0.30788,-0.33231,-0.72326,31.2510884,75.7052458,1.210,181.30
643.802,-0.54588,3.89776,6.71334,-0.24312,-0.25779,-1.17897,31.2510884,75.7052458,1.210,181.30
643.906,-1.95367,3.95043,11.05163,-0.34819,-0.83689,-0.43738,31.2510884,75.7052458,1.210,181.30
644.009,-2.82995,5.40611,9.52413,-0.55344,0.82345,0.69883,31.2510884,75.7052458,1.210,181.30
644.111,-0.38786,3.67749,9.95988,-0.26756,-0.41539,1.08001,31.2510884,75.7052458,1.210,181.30
644.217,-1.03908,3.65834,6.05733,0.00367,1.15209,0.54000,31.2510884,75.7052458,1.210,181.30
644.321,0.82839,3.43807,8.17380,0.29566,0.77458,0.89064,31.2510884,75.7052458,1.210,181.30
644.427,1.70946,5.43963,10.20888,0.44104,0.16616,1.01892,31.2510884,75.7052458,1.210,181.30
644.530,2.08774,7.60877,9.37569,-0.51557,-0.53023,0.41783,31.2510778,75.7052463,1.310,176.40
644.633,2.37026,4.79798,9.21289,0.22724,-0.38362,-0.74037,31.2510778,75.7052463,1.310,176.40
644.739,0.50278,2.52349,8.20253,0.26389,-0.12584,-1.16675,31.2510778,75.7052463,1.310,176.40
644.843,-0.21548,3.55778,6.40210,0.16982,-0.41783,-0.96272,31.2510778,75.7052463,1.310,176.40
644.947,-1.47004,3.36146,12.16254,-0.03910,-0.00611,-0.55955,31.2510778,75.7052463,1.310,176.40
645.050,-2.40857,5.39174,9.25598,-0.59620,0.40195,0.73304,31.2510778,75.7052463,1.310,176.40
645.155,0.06704,4.21858,10.21366,-0.30421,-0.37141,0.59620,31.2510778,75.7052463,1.310,176.40
645.260,-1.82438,3.32794,6.28717,0.04765,0.47159,0.64385,31.2510778,75.7052463,1.310,176.40
645.366,0.53151,3.93128,6.72292,0.40561,0.67928,0.97861,31.2510778,75.7052463,1.310,176.40
645.472,1.35033,6.24887,10.39084,0.27367,0.27122,0.91630,31.2510663,75.7052487,1.300,170.30
645.575,2.30801,6.94797,11.07558,-0.43982,0.05742,0.39462,31.2510663,75.7052487,1.300,170.30
645.679,2.50433,4.21858,8.57124,0.24068,-0.48503,-0.75625,31.2510663,75.7052487,1.300,170.30
645.783,0.79487,2.43251,6.60800,-0.17593,-0.50457,-0.62430,31.2510663,75.7052487,1.300,170.30
645.886,-0.11492,2.94008,7.56568,0.42150,-0.14783,-1.04947,31.2510663,75.7052487,1.300,170.30
645.990,-2.51391,4.01268,11.86088,-0.27000,-0.17593,-0.07330,31.2510663,75.7052487,1.300,170.30
646.094,-3.32794,5.32470,8.69095,-0.36530,0.60842,1.32436,31.2510663,75.7052487,1.300,170.30
646.197,-1.00078,4.00311,9.78750,-0.33598,0.60353,0.83444,31.2510663,75.7052487,1.300,170.30
646.301,-1.98240,2.56658,6.60800,0.24435,0.51679,1.01404,31.2510663,75.7052487,1.300,170.30
646.407,0.46926,3.77326,7.45554,-0.01466,1.18630,1.23639,31.2510663,75.7052487,1.300,170.30
646.511,0.66559,5.95199,9.92636,-0.11729,-0.06842,0.91385,31.2510563,75.7052520,1.260,168.40
646.613,0.15802,5.56891,12.72758,-0.66706,0.67317,0.70494,31.2510563,75.7052520,1.260,168.40
646.717,1.96803,3.94086,8.59040,0.53634,-0.36530,-0.29810,31.2510563,75.7052520,1.260,168.40
646.822,0.27294,2.88262,5.18584,0.15149,-0.77580,-1.22540,31.2510563,75.7052520,1.260,168.40
646.927,-1.81959,3.77805,7.06768,0.45204,0.51068,-0.97128,31.2510563,75.7052520,1.260,168.40
647.031,-3.61524,4.33829,12.61265,0.31276,0.03910,0.23335,31.2510563,75.7052520,1.260,168.40
647.134,-4.40054,5.23373,10.69250,-0.21502,0.19059,1.37811,31.2510563,75.7052520,1.260,168.40
647.239,-2.01592,2.82516,8.85376,-0.65363,0.56322,0.67317,31.2510563,75.7052520,1.260,168.40
647.343,-1.51314,3.38540,6.74686,-0.25168,0.51191,0.84422,31.2510563,75.7052520,1.260,168.40
647.448,-0.25379,4.62560,6.65109,0.27489,0.39951,1.06657,31.2510563,75.7052520,1.260,168.40
647.550,-0.17238,6.07648,9.47625,0.06353,0.45571,0.90042,31.2510464,75.7052571,1.100,163.70
647.655,1.23062,5.43963,12.93827,-0.63774,0.72693,0.86132,31.2510464,75.7052571,1.100,163.70
647.759,1.01514,4.23774,8.01579,0.47403,0.03176,-0.82100,31.2510464,75.7052571,1.100,163.70
647.865,-1.34554,3.07894,5.65989,-0.78191,-1.23517,-0.70738,31.2510464,75.7052571,1.100,163.70
647.969,-0.00958,3.26569,7.77637,-0.35064,-0.41783,-0.84666,31.2510464,75.7052571,1.100,163.70
648.073,-1.88184,3.33752,11.40119,0.17471,0.38729,-0.52046,31.2510464,75.7052571,1.100,163.70
648.177,-2.86347,3.89776,13.88158,-0.04765,1.01892,0.38485,31.2510464,75.7052571,1.100,163.70
648.281,-2.74376,2.50433,9.93115,-0.05742,0.13195,1.41843,31.2510464,75.7052571,1.100,163.70
648.385,-1.19710,3.00233,5.71257,-0.10018,0.04276,1.00671,31.2510464,75.7052571,1.100,163.70
648.489,1.27372,3.78763,6.59363,0.31032,0.45937,0.85521,31.2510400,75.7052637,0.940,144.60
648.592,0.53151,5.60243,8.94474,0.42028,0.29688,0.21502,31.2510400,75.7052637,0.940,144.60
648.695,-0.32082,6.08127,9.96467,-0.36408,-1.04947,-0.37018,31.2510400,75.7052637,0.940,144.60
648.798,0.19632,3.84509,11.82257,-0.34453,-0.35675,-0.05986,31.2510400,75.7052637,0.940,144.60
648.903,-0.41659,1.83396,8.34619,0.69516,0.02566,-0.31154,31.2510400,75.7052637,0.940,144.60
649.007,0.12450,2.03028,5.80354,-0.07575,-0.14294,-0.62064,31.2510400,75.7052637,0.940,144.60
649.113,-2.06380,3.09331,9.19373,0.18937,0.36163,-0.40073,31.2510400,75.7052637,0.940,144.60
649.217,-2.94487,1.69509,14.84405,-0.05376,0.39095,1.22906,31.2510400,75.7052637,0.940,144.60
649.323,1.47483,2.73418,11.08037,-0.63530,0.52657,0.46548,31.2510400,75.7052637,0.940,144.60
649.428,-2.88262,2.17872,7.54174,0.49236,0.26878,0.45204,31.2510400,75.7052637,0.940,144.60
649.533,-1.45567,2.61447,6.01902,0.32498,-0.59865,0.92607,31.2510359,75.7052722,0.940,124.50
649.637,0.53630,4.93684,5.80354,0.54489,0.17715,0.89553,31.2510359,75.7052722,0.940,124.50
649.741,2.57616,5.69341,11.87045,0.00733,-0.33598,0.19426,31.2510359,75.7052722,0.940,124.50
649.844,2.83952,3.53863,15.26064,-1.12399,0.35675,0.33475,31.2510359,75.7052722,0.940,124.50
649.949,1.13964,3.09331,8.37971,0.70494,0.16493,-0.81978,31.2510359,75.7052722,0.940,124.50
650.053,0.52194,2.22661,4.60644,0.12828,-0.52534,-0.22358,31.2510359,75.7052722,0.940,124.50
650.159,0.72784,3.21781,7.30232,0.20525,0.59620,-0.12584,31.2510359,75.7052722,0.940,124.50
650.263,0.82361,3.32315,12.71800,-0.54978,0.69516,0.12339,31.2510359,75.7052722,0.940,124.50
650.368,-1.59933,3.37104,12.87602,-1.41354,0.51679,0.66218,31.2510359,75.7052722,0.940,124.50
650.472,-3.01669,3.16513,7.79552,0.39706,0.38240,-0.37874,31.2510338,75.7052816,0.890,105.40
650.574,-1.02951,1.82438,8.32703,-0.02810,-0.34331,0.65485,31.2510338,75.7052816,0.890,105.40
650.677,1.09654,4.18028,5.75566,0.70127,0.41783,0.55955,31.2510338,75.7052816,0.890,105.40
650.781,1.25456,5.80833,10.22803,0.23702,0.00367,0.34086,31.2510338,75.7052816,0.890,105.40
650.886,1.19710,7.25922,11.66934,-0.69761,0.68295,-0.33353,31.2510338,75.7052816,0.890,105.40
650.989,1.03908,3.20823,9.59596,1.12399,-1.36467,-1.10567,31.2510338,75.7052816,0.890,105.40
651.094,1.13006,1.80523,3.97916,-0.10873,-0.54611,-0.28100,31.2510338,75.7052816,0.890,105.40
651.200,1.27372,2.98318,8.43717,0.20281,0.08674,-0.59987,31.2510338,75.7052816,0.890,105.40
651.304,-0.89543,4.52504,10.65420,-0.32987,0.47159,0.27611,31.2510338,75.7052816,0.890,105.40
651.409,-0.67995,4.60166,10.95108,-0.85399,-0.17593,0.00855,31.2510338,75.7052816,0.890,105.40
651.513,-1.85790,2.78685,7.47470,0.80634,0.02443,-0.00855,31.2510323,75.7052907,0.850,95.30
651.615,-1.31681,3.35667,6.22492,-0.26267,-0.08919,0.69394,31.2510323,75.7052907,0.850,95.30
651.719,0.35913,4.86981,5.41090,0.25045,0.01833,0.57910,31.2510323,75.7052907,0.850,95.30
651.825,2.25534,5.68384,9.79707,0.22358,-0.69272,0.35064,31.2510323,75.7052907,0.850,95.30
651.929,2.02549,8.29351,11.22881,-0.16249,0.09407,-0.54978,31.2510323,75.7052907,0.850,95.30
652.031,0.79487,3.72059,8.67659,0.24923,0.40561,-0.22969,31.2510323,75.7052907,0.850,95.30
652.136,2.34632,1.88184,7.67581,0.34331,-0.62797,-0.55955,31.2510323,75.7052907,0.850,95.30
652.241,2.76770,3.58173,4.68306,-0.16127,-0.51191,-0.76480,31.2510323,75.7052907,0.850,95.30
652.345,0.42617,4.03184,10.08917,-0.16860,0.14294,-0.27489,31.2510323,75.7052907,0.850,95.30
652.450,1.39343,3.88818,11.70765,-0.53634,-0.61820,-0.09774,31.2510310,75.7053005,0.960,91.10
652.552,-2.03028,2.23618,10.23761,0.06353,-0.29077,-0.62919,31.2510310,75.7053005,0.960,91.10
652.654,-1.50356,3.51469,4.68785,-0.43494,0.30665,0.69394,31.2510310,75.7053005,0.960,91.10
652.758,0.86191,2.69108,7.80031,0.09774,0.35797,0.66584,31.2510310,75.7053005,0.960,91.10
652.863,1.07260,5.36301,8.46111,0.04032,0.50457,0.97372,31.2510310,75.7053005,0.960,91.10
652.967,3.41413,5.84185,9.36612,0.45571,-0.98105,0.01222,31.2510310,75.7053005,0.960,91.10
653.070,1.85790,5.78439,11.78426,0.57666,0.87476,-0.54611,31.2510310,75.7053005,0.960,91.10
653.175,2.16436,3.41413,7.82904,0.40806,0.08186,-0.59010,31.2510310,75.7053005,0.960,91.10
653.280,1.22583,2.82995,4.95600,-0.12462,-0.32865,-0.79412,31.2510310,75.7053005,0.960,91.10
653.388,-0.53630,3.70622,8.65265,0.00000,-0.14661,-1.03847,31.2510310,75.7053005,0.960,91.10
653.489,-2.43251,4.44843,10.58237,0.00977,0.07941,0.13195,31.2510295,75.7053090,0.870,87.30
653.592,-0.17238,3.45244,11.43950,-1.78250,0.04643,1.35734,31.2510295,75.7053090,0.870,87.30
653.694,-2.48997,2.32716,12.16254,0.21991,0.48869,-1.05558,31.2510295,75.7053090,0.870,87.30
653.799,-2.66235,3.18908,3.60088,-0.45693,0.18204,0.70738,31.2510295,75.7053090,0.870,87.30
653.904,1.60890,3.42850,6.53138,-0.62675,0.53023,1.28160,31.2510295,75.7053090,0.870,87.30
654.008,1.35991,5.63595,12.55998,-0.58399,0.06964,0.48625,31.2510295,75.7053090,0.870,87.30
654.110,1.24498,5.05655,15.04037,-0.47037,-0.18815,0.22480,31.2510295,75.7053090,0.870,87.30
654.215,1.96803,2.95444,8.47069,0.58765,-0.16493,-0.55711,31.2510295,75.7053090,0.870,87.30
654.322,1.65679,2.14999,6.94318,0.00489,-0.26267,-0.88331,31.2510295,75.7053090,0.870,87.30
654.427,-0.31125,2.43251,7.55610,0.33475,0.14172,-0.91385,31.2510295,75.7053090,0.870,87.30
654.529,-2.13563,2.72460,11.22402,0.31521,-0.04154,-0.44838,31.2510270,75.7053189,0.920,89.00
654.633,-1.75256,3.59609,9.40442,-0.44349,0.07330,0.79168,31.2510270,75.7053189,0.920,89.00
654.736,-0.88585,3.28006,10.41478,-0.44227,-0.03910,0.45571,31.2510270,75.7053189,0.920,89.00
654.839,-0.49321,2.59053,7.78594,-0.13928,0.54611,0.48014,31.2510270,75.7053189,0.920,89.00
654.944,0.99120,2.52349,7.13472,0.16371,0.63897,0.52412,31.2510270,75.7053189,0.920,89.00
655.048,1.00078,5.08050,9.75398,0.01466,0.07086,0.35186,31.2510270,75.7053189,0.920,89.00
655.150,1.99198,6.22014,11.42513,-0.18692,-1.10811,0.02199,31.2510270,75.7053189,0.920,89.00
655.253,2.04465,2.86347,11.88961,0.28711,-0.16860,-0.61942,31.2510270,75.7053189,0.920,89.00
655.356,0.73263,2.23618,8.74362,0.53634,-0.04154,-0.87720,31.2510270,75.7053189,0.920,89.00
655.458,-0.59376,3.10767,5.91847,0.41783,-0.25045,-0.81856,31.2510255,75.7053296,0.990,89.90
655.560,-0.92895,2.62883,9.58638,0.14539,0.23213,-0.49847,31.2510255,75.7053296,0.990,89.90
655.662,-2.98318,3.89776,10.31901,-0.27367,0.33598,0.46304,31.2510255,75.7053296,0.990,89.90
655.767,0.71826,2.88741,9.84975,-0.90286,-0.35064,0.94195,31.2510255,75.7053296,0.990,89.90
655.870,-0.82839,2.82516,8.35576,-0.44838,0.67195,0.03054,31.2510255,75.7053296,0.990,89.90
655.972,-0.42138,2.53307,6.77559,-0.21869,0.40928,0.70616,31.2510255,75.7053296,0.990,89.90
656.075,1.47483,3.93607,8.43238,-0.01222,0.15272,0.68050,31.2510255,75.7053296,0.990,89.90
656.180,2.53785,5.32949,12.79940,-0.27367,-0.38118,-0.20159,31.2510255,75.7053296,0.990,89.90
656.284,0.50757,2.52349,13.04361,0.71227,-0.79290,-0.84910,31.2510255,75.7053296,0.990,89.90
656.388,0.57940,3.20344,7.86735,0.08308,0.20525,-0.60353,31.2510255,75.7053296,0.990,89.90
656.489,0.40701,1.92494,7.52258,0.75869,-0.49480,-1.07757,31.2510256,75.7053399,0.950,89.10
656.592,-1.26893,2.12126,7.83862,0.98227,0.21991,-1.24128,31.2510256,75.7053399,0.950,89.10
656.694,-3.42371,3.08852,8.61913,-0.05376,0.29077,0.32620,31.2510256,75.7053399,0.950,89.10
656.798,-0.87628,2.31759,9.23204,-1.94622,0.05376,1.98776,31.2510256,75.7053399,0.950,89.10
656.900,0.34955,2.25534,11.24317,-0.67440,0.08063,-0.15394,31.2510256,75.7053399,0.950,89.10
657.003,-1.56581,3.25133,6.54575,-0.04276,-0.00244,0.42638,31.2510256,75.7053399,0.950,89.10
657.106,0.24421,3.74932,9.07402,0.11973,0.54734,0.90164,31.2510256,75.7053399,0.950,89.10
657.210,1.45089,4.60644,10.84095,0.08919,-0.11240,0.33109,31.2510256,75.7053399,0.950,89.10
657.313,0.24900,4.39097,13.28782,-0.31521,0.47647,0.08919,31.2510256,75.7053399,0.950,89.10
657.417,2.42293,2.34153,8.65265,0.36652,-0.89064,-0.42761,31.2510256,75.7053399,0.950,89.10
657.519,1.99198,1.75256,7.37893,0.23946,-0.07819,-0.77946,31.2510230,75.7053505,0.980,91.70
657.622,-1.04866,2.29365,8.58082,0.26634,0.16860,-1.01892,31.2510230,75.7053505,0.980,91.70
657.724,-2.60010,2.40857,10.13705,0.32009,0.41539,-0.09163,31.2510230,75.7053505,0.980,91.70
657.830,-1.69988,3.43329,9.31823,-0.57666,0.04032,0.99693,31.2510230,75.7053505,0.980,91.70
657.933,0.57461,2.32716,11.70286,-0.60476,-0.30421,0.29199,31.2510230,75.7053505,0.980,91.70
658.037,-0.70868,2.89220,5.78439,0.17959,0.26634,-0.07941,31.2510230,75.7053505,0.980,91.70
658.139,-1.61848,3.73974,7.19218,0.44349,0.89675,0.28222,31.2510230,75.7053505,0.980,91.70
658.242,2.74854,3.87861,9.98382,-0.23702,-0.82955,1.02259,31.2510230,75.7053505,0.980,91.70
658.345,2.48039,5.30076,12.25352,-0.20159,0.16493,-0.27367,31.2510230,75.7053505,0.980,91.70
658.448,1.25456,2.77727,11.92312,0.94928,-0.35797,-0.63897,31.2510191,75.7053629,1.140,97.50
658.551,1.37906,1.65679,7.10120,0.52046,-0.57421,-0.64019,31.2510191,75.7053629,1.140,97.50
658.653,1.16837,1.82438,5.52103,0.12462,-0.39584,-1.28893,31.2510191,75.7053629,1.140,97.50
658.755,0.12450,3.10289,9.35654,0.47892,-0.49724,-1.26693,31.2510191,75.7053629,1.140,97.50
658.858,-1.92494,4.52504,9.42837,-0.15638,-0.49114,0.39951,31.2510191,75.7053629,1.140,97.50
658.962,1.85790,2.67193,12.27268,-1.10078,-0.77213,0.87965,31.2510191,75.7053629,1.140,97.50
659.064,-2.73897,3.48596,8.62391,0.67195,1.15454,-0.44471,31.2510191,75.7053629,1.140,97.50
659.166,-1.22104,2.96881,6.34942,0.15516,0.05131,0.79412,31.2510191,75.7053629,1.140,97.50
659.269,2.20267,4.01268,7.46512,-0.02810,0.08919,1.29259,31.2510191,75.7053629,1.140,97.50
659.371,4.47237,5.54976,11.31979,-0.21014,-0.01344,0.24923,31.2510191,75.7053629,1.140,97.50
659.473,2.56658,4.14676,12.91432,0.02321,0.19914,-0.29810,31.2510119,75.7053730,1.020,106.50
659.575,2.71981,2.92571,7.89129,0.25168,-0.15394,-0.82222,31.2510119,75.7053730,1.020,106.50
659.677,1.18752,1.98719,6.48829,0.29199,-0.55711,-1.18997,31.2510119,75.7053730,1.020,106.50
659.780,-0.15802,2.63841,7.29274,-0.13561,-0.33109,-0.86743,31.2510119,75.7053730,1.020,106.50
659.882,-1.63763,2.85868,12.42591,-0.47647,0.41661,-0.24312,31.2510119,75.7053730,1.020,106.50
659.985,-0.47884,3.19865,11.06121,-0.88453,0.18815,0.85765,31.2510119,75.7053730,1.020,106.50
660.088,-1.00556,3.50511,9.73961,0.15638,0.06842,-0.44227,31.2510119,75.7053730,1.020,106.50
660.190,-1.80523,3.28963,5.62159,0.12217,0.56933,-0.01344,31.2510119,75.7053730,1.020,106.50
660.292,-0.03831,3.20823,6.34463,-0.13073,0.53145,0.95417,31.2510119,75.7053730,1.020,106.50
660.395,0.90022,3.99353,11.00854,-0.73304,-0.19548,1.02625,31.2510119,75.7053730,1.020,106.50
660.497,2.07338,5.55455,12.09551,-0.55467,-0.47770,-0.04765,31.2510100,75.7053818,0.850,111.00
660.599,1.48919,2.31759,9.99340,0.61942,-0.30177,-0.54245,31.2510100,75.7053818,0.850,111.00
660.701,1.46525,2.52828,7.84819,0.11240,0.41661,-0.95417,31.2510100,75.7053818,0.850,111.00
660.803,0.10056,2.47560,7.14430,0.20892,-0.20036,-1.08490,31.2510100,75.7053818,0.850,111.00
660.905,0.22027,2.87304,8.53772,0.10385,-1.28282,-0.59376,31.2510100,75.7053818,0.850,111.00
661.007,-0.11492,2.86347,8.97347,0.39340,-0.21502,0.71716,31.2510100,75.7053818,0.850,111.00
661.109,1.10133,2.60010,11.19529,-0.59132,0.15027,0.41294,31.2510100,75.7053818,0.850,111.00
661.212,-0.61292,2.72939,6.82347,-0.38607,0.09896,0.15760,31.2510100,75.7053818,0.850,111.00
661.315,0.18196,2.92571,7.06768,0.15516,0.67928,0.47770,31.2510100,75.7053818,0.850,111.00
661.416,1.06781,3.61524,8.64786,0.41783,0.70250,0.80512,31.2510100,75.7053818,0.850,111.00
661.518,1.62806,5.02782,11.04206,-0.33598,-0.22969,0.20036,31.2510056,75.7053907,0.870,115.00
661.621,1.36469,3.47159,16.55351,-0.43371,0.73182,0.18082,31.2510056,75.7053907,0.870,115.00
661.725,2.33195,2.76291,10.28549,0.37141,0.00855,-0.54367,31.2510056,75.7053907,0.870,115.00
661.829,0.86670,1.67594,6.46913,0.50702,-0.66829,-1.17530,31.2510056,75.7053907,0.870,115.00
661.933,-1.01514,2.59053,7.91044,0.52534,-0.26512,-0.68906,31.2510056,75.7053907,0.870,115.00
662.036,-2.39420,3.81636,8.30788,0.34331,0.10018,0.58032,31.2510056,75.7053907,0.870,115.00
662.141,0.90022,4.52025,8.56167,-0.96272,0.27978,1.40132,31.2510056,75.7053907,0.870,115.00
662.244,1.05345,3.34709,11.14261,-0.15394,0.43371,0.03421,31.2510056,75.7053907,0.870,115.00
662.348,-0.81882,2.92093,7.09641,0.44349,0.91385,0.11973,31.2510056,75.7053907,0.870,115.00
662.450,0.85712,3.70144,6.86178,0.30788,0.37874,0.56810,31.2510035,75.7053976,0.780,117.40
662.552,1.35033,5.62637,9.45710,-0.07697,-0.13317,0.08796,31.2510035,75.7053976,0.780,117.40
662.653,1.11091,6.10521,10.84095,-0.47281,-0.22724,-0.45815,31.2510035,75.7053976,0.780,117.40
662.756,2.30322,2.75812,9.66300,0.00611,-0.98471,-1.06779,31.2510035,75.7053976,0.780,117.40
662.859,0.90022,2.14520,9.44273,0.18937,-0.26756,-1.19363,31.2510035,75.7053976,0.780,117.40
662.960,-0.05746,2.75333,5.97593,0.21380,-0.45204,-1.25472,31.2510035,75.7053976,0.780,117.40
663.062,-0.20111,3.25133,9.51456,0.34697,-0.27855,-0.78679,31.2510035,75.7053976,0.780,117.40
663.164,-1.83875,4.74052,10.11790,0.56322,-0.16738,0.41905,31.2510035,75.7053976,0.780,117.40
663.267,0.89543,2.50433,13.30697,-0.43738,-0.61087,0.29566,31.2510035,75.7053976,0.780,117.40
663.369,-2.01592,3.61046,5.08528,0.21747,0.58887,-0.55222,31.2510035,75.7053976,0.780,117.40
663.473,0.13886,3.17950,7.04374,-0.24068,0.45693,0.73304,31.2510009,75.7054054,0.750,118.80
663.576,2.06380,4.92248,8.31746,0.04398,-0.06353,0.28833,31.2510009,75.7054054,0.750,118.80
663.678,2.03028,5.07571,12.31577,0.23091,-0.01466,-0.40928,31.2510009,75.7054054,0.750,118.80
663.780,1.37427,5.32949,11.54484,0.12950,0.34941,-0.58032,31.2510009,75.7054054,0.750,118.80
663.884,2.36068,4.07972,9.15064,-0.48503,-0.69150,-0.91874,31.2510009,75.7054054,0.750,118.80
663.985,1.25935,1.46046,9.65821,0.58277,-0.88087,-1.67011,31.2510009,75.7054054,0.750,118.80
664.087,-0.68953,2.66714,5.95677,0.50091,-0.52657,-1.27060,31.2510009,75.7054054,0.750,118.80
664.188,-1.30723,2.70545,8.86812,0.32498,-0.16127,-0.21869,31.2510009,75.7054054,0.750,118.80
664.291,-1.20189,4.43406,9.16500,-0.86621,-0.04032,0.82467,31.2510009,75.7054054,0.750,118.80
664.393,0.95768,4.79798,9.47625,-0.29566,-0.10629,-0.59620,31.2510009,75.7054054,0.750,118.80
664.497,-0.18675,4.08930,9.49540,-0.20525,0.68295,-0.71227,31.2509989,75.7054112,0.670,119.40
664.599,1.69988,3.02148,7.34541,0.24190,0.21136,-0.34697,31.2509989,75.7054112,0.670,119.40
664.703,2.09253,3.78763,8.37971,-0.00489,-0.10751,-0.67928,31.2509989,75.7054112,0.670,119.40
664.807,1.61848,3.31836,11.76032,-0.24312,-1.09956,-1.35856,31.2509989,75.7054112,0.670,119.40
664.909,0.20590,2.91135,12.12424,-0.20036,-0.21747,-1.76174,31.2509989,75.7054112,0.670,119.40
665.012,1.57060,2.56658,8.51378,0.56933,-0.43982,-2.42758,31.2509989,75.7054112,0.670,119.40
665.115,1.24020,0.82839,10.10353,0.76603,-1.33657,-2.20156,31.2509989,75.7054112,0.670,119.40
665.222,-0.14844,1.98719,8.17859,0.61697,-0.88331,-1.83626,31.2509989,75.7054112,0.670,119.40
665.324,-1.13485,3.49075,9.52413,0.45937,-1.05802,-0.92485,31.2509989,75.7054112,0.670,119.40
665.425,-2.52349,4.47716,9.27993,-0.11729,-0.38485,-0.18448,31.2509957,75.7054157,0.560,122.40
665.528,-1.22583,2.63362,10.39562,-0.24679,-1.10567,-0.40806,31.2509957,75.7054157,0.560,122.40
665.629,-1.75734,3.77326,5.75087,-0.08552,0.17593,-0.57421,31.2509957,75.7054157,0.560,122.40
665.732,-0.43574,3.54342,8.84897,-0.73793,0.64507,0.14416,31.2509957,75.7054157,0.560,122.40
665.834,-0.34955,4.21858,8.26000,-0.11484,0.46792,0.34086,31.2509957,75.7054157,0.560,122.40
665.937,1.45567,4.98952,8.87291,-0.05009,-0.57910,-0.05376,31.2509957,75.7054157,0.560,122.40
666.040,1.60412,6.45477,10.33816,-0.46792,-0.43494,-0.34819,31.2509957,75.7054157,0.560,122.40
666.142,1.54665,2.42772,12.31577,0.70005,-1.57603,-1.02503,31.2509957,75.7054157,0.560,122.40
666.244,0.60334,2.32716,8.46111,0.90042,0.22846,-1.38422,31.2509957,75.7054157,0.560,122.40
666.348,0.49321,1.47004,8.16902,0.75014,-1.05680,-1.11911,31.2509957,75.7054157,0.560,122.40
666.450,-1.87227,2.98796,7.41245,0.38851,0.01344,-0.45082,,,,
666.552,-2.46124,3.41892,8.43717,-0.01955,0.02688,0.18692,,,,
666.654,-1.27372,4.66869,7.22091,-1.03847,0.58521,0.64752,,,,
666.757,-0.23463,3.00233,12.28704,-0.78802,-0.37751,0.75747,,,,
666.859,-0.89543,3.16035,7.40766,-0.32132,0.20647,0.96761,,,,
666.963,0.19632,3.41413,7.23528,0.05742,0.36408,0.73059,,,,
667.066,0.92895,4.46279,9.39006,0.11851,0.50213,0.78802,,,,
667.169,2.20745,5.88495,11.84651,-0.17104,-0.24312,-0.11729,,,,
667.272,3.17471,3.48117,12.95263,0.91752,-0.73182,-0.81367,,,,
667.375,1.02951,2.48039,9.40921,0.72082,-0.17959,-0.89919,,,,
667.477,0.00479,2.05901,5.83228,0.39218,-0.89553,-1.03236,,,,
667.579,-1.36948,3.10767,8.16423,0.52901,0.13806,-0.66951,,,,
667.682,-1.98719,4.73573,8.07804,-0.24557,0.04032,0.64996,,,,
667.785,0.04310,3.60567,12.98615,-0.99327,0.43127,1.55771,,,,
667.888,-0.61770,4.06057,7.92481,0.04520,0.57421,0.30299,,,,
667.990,-0.85234,3.02148,7.26401,0.01588,0.53756,0.80512,,,,
668.092,0.19154,4.29520,6.68940,0.19792,0.46304,0.97738,,,,
668.195,3.74453,5.92325,9.22246,-0.60842,-0.31887,0.89064,,,,
668.297,2.55222,4.77883,16.78814,-0.63652,0.32620,-0.06964,,,,
668.400,1.61848,3.64876,7.61835,0.85155,-0.74648,-0.87354,,,,
668.502,1.25935,2.43730,6.04775,0.15394,-0.45571,-0.82100,31.2509794,75.7054125,0.830,149.60
668.605,-0.29209,3.33273,7.10120,0.26878,0.33598,-0.82100,31.2509794,75.7054125,0.830,149.60
668.707,-2.21703,4.54898,10.68772,0.10140,0.15516,0.09285,31.2509794,75.7054125,0.830,149.60
668.809,-1.34075,4.08451,9.19852,-0.67195,-0.02932,1.12888,31.2509794,75.7054125,0.830,149.60
668.911,-0.82361,4.01268,9.75398,-0.58765,0.75869,0.31765,31.2509794,75.7054125,0.830,149.60
669.016,-1.81959,3.09331,8.75320,-0.51801,0.55344,0.66340,31.2509794,75.7054125,0.830,149.60
669.120,-0.86191,3.35188,5.78918,0.22602,0.43249,0.94928,31.2509794,75.7054125,0.830,149.60
669.224,1.15879,5.10923,9.82580,-0.34697,0.67562,1.55526,31.2509794,75.7054125,0.830,149.60
669.328,3.00712,5.54018,12.70363,-0.22113,-0.27122,0.38973,31.2509794,75.7054125,0.830,149.60
669.431,1.60890,4.06535,9.27514,0.56322,-0.57299,-0.33353,31.2509794,75.7054125,0.830,149.60
669.533,1.66636,2.24097,9.89763,0.33231,-0.19792,-0.74403,31.2509754,75.7054090,0.730,168.20
669.637,0.17717,2.51391,6.46434,0.10751,-0.94562,-1.18386,31.2509754,75.7054090,0.730,168.20
669.740,-1.01035,3.42850,8.33661,0.51191,-0.16493,-0.81123,31.2509754,75.7054090,0.730,168.20
669.843,-2.37505,3.99353,10.40041,-0.13806,0.22724,1.06779,31.2509754,75.7054090,0.730,168.20
669.946,-0.67516,3.60088,8.95431,-0.02932,0.75136,1.20585,31.2509754,75.7054090,0.730,168.20
670.048,-1.17795,3.10289,9.08839,-0.43494,0.79412,0.91874,31.2509754,75.7054090,0.730,168.20
670.151,-0.78051,2.70545,6.79474,0.17959,0.59987,1.23273,31.2509754,75.7054090,0.730,168.20
670.254,1.26414,4.68306,7.59920,0.09652,1.12766,1.43187,31.2509754,75.7054090,0.730,168.20
670.358,2.41336,6.26323,11.07079,-0.28466,-0.01222,1.41843,31.2509754,75.7054090,0.730,168.20
670.460,1.68073,4.19943,16.36197,-0.43494,0.15272,0.69761,31.2509688,75.7054058,0.640,184.70
670.563,2.30322,3.26569,8.24563,0.54978,0.05131,-0.11362,31.2509688,75.7054058,0.640,184.70
670.667,1.35033,2.75812,5.51624,0.37629,0.17104,-0.89797,31.2509688,75.7054058,0.640,184.70
670.770,-1.98240,3.64398,7.73806,0.20769,-0.32498,-0.54734,31.2509688,75.7054058,0.640,184.70
670.873,-4.05099,4.65912,10.51533,-0.04765,-0.13439,0.74770,31.2509688,75.7054058,0.640,184.70
670.977,-0.03831,4.97036,9.71088,-0.78557,0.24801,1.52472,31.2509688,75.7054058,0.640,184.70
671.080,-1.47483,4.10845,9.52892,0.05986,0.38851,0.60720,31.2509688,75.7054058,0.640,184.70
671.183,0.80445,2.57616,6.26802,-0.06475,0.24801,1.03236,31.2509688,75.7054058,0.640,184.70
671.285,1.45567,4.67827,6.67982,0.17715,0.44715,0.42394,31.2509688,75.7054058,0.640,184.70
671.388,2.52828,6.22492,10.73081,0.39584,0.55589,-0.04398,31.2509688,75.7054058,0.640,184.70
671.490,1.72383,6.89051,10.44351,-0.35186,-0.56933,0.07575,31.2509634,75.7054017,0.690,200.70
671.594,2.63362,4.21380,8.78193,0.27489,-0.36163,-0.13439,31.2509634,75.7054017,0.690,200.70
671.697,1.03908,3.33273,6.77080,-0.33109,0.09529,-0.32620,31.2509634,75.7054017,0.690,200.70
671.799,-0.53151,3.39977,7.90565,-0.22846,0.09285,-0.86132,31.2509634,75.7054017,0.690,200.70
671.903,-1.39343,3.81157,9.00220,0.63530,1.13743,-0.09285,31.2509634,75.7054017,0.690,200.70
672.005,-1.47483,5.70299,8.82503,-0.07575,0.17593,0.54611,31.2509634,75.7054017,0.690,200.70
672.107,-1.65200,5.14753,9.70609,-0.00244,0.48747,0.60720,31.2509634,75.7054017,0.690,200.70
672.211,-1.33596,3.69186,7.33105,0.11240,0.87354,0.74281,31.2509634,75.7054017,0.690,200.70
672.315,-0.85712,4.43406,6.78996,-0.20769,0.54611,0.82589,31.2509634,75.7054017,0.690,200.70
672.417,0.14844,5.96635,7.77158,0.07697,0.16616,0.77580,31.2509634,75.7054017,0.690,200.70
672.521,0.22505,6.54575,11.13783,0.19181,-0.00367,0.51557,31.2509577,75.7054015,0.720,206.30
672.623,0.17238,4.68785,11.49217,-0.11362,0.23824,0.50702,31.2509577,75.7054015,0.720,206.30
672.725,0.56024,4.44843,7.02459,-0.23091,0.40928,0.18326,31.2509577,75.7054015,0.720,206.30
672.828,-0.56503,4.17070,7.61356,-0.11118,0.09285,-0.12950,31.2509577,75.7054015,0.720,206.30
672.930,-1.69988,4.24731,8.57124,0.21747,0.08796,0.05131,31.2509577,75.7054015,0.720,206.30
673.034,-1.81002,4.28083,9.67257,-0.29688,0.44471,0.62186,31.2509577,75.7054015,0.720,206.30
673.138,-1.37906,4.62560,9.61511,-0.73915,0.43982,0.90042,31.2509577,75.7054015,0.720,206.30
673.241,-2.60010,4.88417,8.93037,-0.23091,0.38607,0.43616,31.2509577,75.7054015,0.720,206.30
673.343,-1.84832,3.51469,8.24084,-0.11118,0.39951,0.64874,31.2509577,75.7054015,0.720,206.30
673.447,-0.55067,4.00789,7.64708,0.16860,0.05253,0.77458,31.2509487,75.7053984,0.780,211.20
673.549,0.48842,4.28562,8.52336,0.06597,-0.04154,0.57055,31.2509487,75.7053984,0.780,211.20
673.652,-0.52672,4.37660,9.38527,-0.32742,0.40561,0.04887,31.2509487,75.7053984,0.780,211.20
673.754,0.22027,3.24175,8.28873,0.07453,-0.09774,-0.21014,31.2509487,75.7053984,0.780,211.20
673.858,-0.10534,2.71981,8.94474,-0.25779,-0.35552,-0.17593,31.2509487,75.7053984,0.780,211.20
673.961,-0.85712,2.86825,8.57603,-0.34941,-0.02932,-0.13561,31.2509487,75.7053984,0.780,211.20
674.064,-0.94810,2.12126,10.19451,-0.22602,-0.14905,0.40073,31.2509487,75.7053984,0.780,211.20
674.166,-0.25379,2.14520,10.98939,-0.57788,0.53634,0.55589,31.2509487,75.7053984,0.780,211.20
674.268,-1.82438,3.92170,8.86812,0.34575,0.90286,-0.50946,31.2509487,75.7053984,0.780,211.20
674.374,-2.68629,2.40378,8.79151,0.59620,1.25838,0.04765,31.2509487,75.7053984,0.780,211.20
674.477,-2.00155,1.75734,8.88728,-2.12215,-1.41965,1.26205,31.2509417,75.7053965,0.690,212.30
674.581,-0.51236,1.24020,10.61110,-1.14232,-1.04336,0.32132,31.2509417,75.7053965,0.690,212.30
674.684,0.09577,0.00000,10.49618,0.13561,0.17471,0.36896,31.2509417,75.7053965,0.690,212.30
674.787,-0.09577,0.51715,9.75877,0.25779,0.17471,-0.08063,31.2509417,75.7053965,0.690,212.30
674.890,-0.42138,1.44131,9.73004,-0.04887,0.04520,-0.04276,31.2509417,75.7053965,0.690,212.30
674.993,-0.30167,0.58897,9.75398,0.08186,0.08430,0.08186,31.2509417,75.7053965,0.690,212.30
675.096,-0.25857,1.00078,9.96946,0.06353,0.10996,-0.02321,31.2509417,75.7053965,0.690,212.30
675.199,-0.57940,1.53229,9.60554,0.08186,0.07086,0.02443,31.2509417,75.7053965,0.690,212.30
