time_since_start,accel_x,accel_y,accel_z,gyro_x,gyro_y,gyro_z,lat,lon,speed_gt,heading_gt
0.016,0.81882,4.05578,8.02536,0.45082,-0.29444,-0.21380,31.2519966,75.7021255,0.540,9.40
0.121,0.81882,3.84030,7.82904,-0.17715,0.01466,-0.35430,31.2519966,75.7021255,0.540,9.40
0.229,0.63207,4.76925,8.18338,-0.06475,-0.19303,-0.12217,31.2520019,75.7021335,0.410,15.90
0.331,0.33519,5.20021,8.07804,-0.04276,-0.02199,-0.05253,31.2520019,75.7021335,0.410,15.90
0.435,-1.16837,4.52504,10.22324,0.02810,0.27978,-0.04643,31.2520019,75.7021335,0.410,15.90
0.538,-0.47884,3.51469,7.13951,0.21258,0.09407,-0.28344,31.2520019,75.7021335,0.410,15.90
0.642,-1.69031,2.31759,11.45386,-0.87598,1.40988,0.25656,31.2520019,75.7021335,0.410,15.90
0.746,-1.12527,4.61602,8.28873,-0.68417,0.06597,1.18386,31.2520019,75.7021335,0.410,15.90
0.847,0.92416,3.68707,9.50977,-0.28955,-0.10263,0.88820,31.2520019,75.7021335,0.410,15.90
0.950,0.85712,3.47638,9.24641,0.30299,0.04032,0.10140,31.2520019,75.7021335,0.410,15.90
1.051,1.89621,3.81157,9.20331,0.15638,-0.92241,-0.38485,31.2520019,75.7021335,0.410,15.90
1.152,1.76213,2.40857,11.25754,-0.50457,-0.00611,-0.59498,31.2520045,75.7021423,0.400,22.50
1.254,1.60890,2.91135,8.13071,0.12584,-0.88453,-1.31947,31.2520045,75.7021423,0.400,22.50
1.356,0.24900,2.54743,10.00776,0.14172,0.31887,-1.03847,31.2520045,75.7021423,0.400,22.50
1.460,-0.68474,3.41413,9.09318,0.77702,0.57666,-1.02381,31.2520045,75.7021423,0.400,22.50
1.562,-0.21069,4.14676,8.65265,-0.90042,-1.65911,-0.37018,31.2520045,75.7021423,0.400,22.50
1.664,1.52271,3.50032,10.52012,-0.02810,-0.20769,-0.77946,31.2520045,75.7021423,0.400,22.50
1.766,2.97360,2.03986,7.28795,-1.07879,-0.73670,-0.58277,31.2520045,75.7021423,0.400,22.50
1.868,1.44131,1.74777,10.89841,0.12217,-0.19181,-0.54856,31.2520045,75.7021423,0.400,22.50
1.970,-0.63207,3.33752,7.21612,0.23213,0.23457,-0.63286,31.2520045,75.7021423,0.400,22.50
2.072,0.50278,2.24576,10.72602,-0.87354,-0.88209,0.06597,31.2520045,75.7021423,0.400,22.50
2.178,1.79565,3.08852,8.02058,0.28588,-0.24435,-0.99571,31.2520065,75.7021441,0.440,33.00
2.282,1.23541,3.06937,10.76912,0.33720,0.11606,-1.02625,31.2520065,75.7021441,0.440,33.00
2.386,-2.36068,3.44286,10.22324,0.66706,0.57666,-0.36285,31.2520065,75.7021441,0.440,33.00
2.492,1.29287,3.83072,9.84496,-0.23335,-0.33598,-0.32742,31.2520065,75.7021441,0.440,33.00
2.594,2.72939,3.13162,6.65588,-0.26145,-0.41294,-0.25412,31.2520065,75.7021441,0.440,33.00
2.698,1.77171,4.45800,9.23204,-0.27122,-0.00367,-0.59376,31.2520065,75.7021441,0.440,33.00
2.806,0.90022,4.29041,10.02213,0.19792,-0.20769,-0.48625,31.2520065,75.7021441,0.440,33.00
2.909,0.25379,3.29442,10.86489,-0.41539,0.37996,0.10996,31.2520065,75.7021441,0.440,33.00
3.012,0.12450,2.36547,8.26957,0.20769,-0.45815,-0.06720,31.2520065,75.7021441,0.440,33.00
3.118,-0.89064,2.91135,8.00621,-0.01344,0.14416,0.36652,31.2520065,75.7021441,0.440,33.00
3.222,0.99599,3.28963,8.96868,-0.13195,-0.05009,0.32132,31.2520072,75.7021494,0.430,47.80
3.324,0.20111,4.53462,8.06367,0.03910,0.35064,-0.10018,31.2520072,75.7021494,0.430,47.80
3.427,1.13006,4.63996,9.66300,0.12339,0.44349,-0.13073,31.2520072,75.7021494,0.430,47.80
3.531,1.10612,5.13796,8.71011,0.69639,-0.85765,-0.95906,31.2520072,75.7021494,0.430,47.80
3.634,0.11013,2.78685,12.86644,0.49847,0.88698,-0.53390,31.2520072,75.7021494,0.430,47.80
3.736,0.97205,4.07493,6.11479,-0.25534,-1.34635,-0.65973,31.2520072,75.7021494,0.430,47.80
3.838,-0.35913,3.10289,9.28471,-0.27000,0.01955,-0.44593,31.2520072,75.7021494,0.430,47.80
3.943,1.19231,4.91290,7.55131,-0.21625,-0.62797,-0.10385,31.2520072,75.7021494,0.430,47.80
4.048,0.83797,5.14753,8.71489,0.14416,0.22602,-0.18692,31.2520072,75.7021494,0.430,47.80
4.151,0.37350,5.30076,8.99741,0.32376,0.15394,-0.31154,31.2520072,75.7021494,0.430,47.80
4.254,-0.14844,4.61602,10.64941,-0.84177,0.50824,0.51435,31.2520076,75.7021571,0.450,65.40
4.357,-0.41180,2.99754,7.00543,0.10018,-0.36530,-0.12095,31.2520076,75.7021571,0.450,65.40
4.461,-0.95289,3.33752,8.37013,-0.70860,0.47770,0.63041,31.2520076,75.7021571,0.450,65.40
4.564,-0.40701,3.91213,7.51779,-0.31154,-0.42272,0.30177,31.2520076,75.7021571,0.450,65.40
4.668,-0.20111,4.18028,9.63427,0.12950,1.09101,0.08308,31.2520076,75.7021571,0.450,65.40
4.772,-0.69911,4.59208,11.33415,-0.14905,-0.47892,0.15394,31.2520076,75.7021571,0.450,65.40
4.876,0.20111,4.26647,10.27112,0.03299,-0.41539,-0.17715,31.2520076,75.7021571,0.450,65.40
4.980,0.52194,2.65756,8.96389,0.54000,-0.19548,-0.28955,31.2520076,75.7021571,0.450,65.40
5.081,0.00958,2.70545,8.12592,0.22358,0.57055,0.20892,31.2520076,75.7021571,0.450,65.40
5.187,0.41180,3.28006,7.72848,0.14539,-0.53145,0.13073,31.2520090,75.7021616,0.450,77.30
5.289,-0.01915,3.72059,8.55688,-0.06109,-0.03054,0.24679,31.2520090,75.7021616,0.450,77.30
5.392,0.14844,4.08930,10.40999,-0.00367,0.41050,0.58521,31.2520090,75.7021616,0.450,77.30
5.497,-1.05345,4.97036,8.51378,0.22358,0.79901,0.78924,31.2520090,75.7021616,0.450,77.30
5.605,-0.00958,2.35589,10.35732,-0.02321,0.48869,1.37689,31.2520090,75.7021616,0.450,77.30
5.708,0.00000,3.32315,7.47470,0.19914,0.42150,0.51801,31.2520090,75.7021616,0.450,77.30
5.812,-0.27294,4.05099,8.01579,-0.19181,-0.08674,0.66829,31.2520090,75.7021616,0.450,77.30
5.915,0.24421,4.81713,7.94875,0.10507,0.31398,0.41783,31.2520090,75.7021616,0.450,77.30
6.018,0.55545,5.66947,8.05409,0.18204,-0.24679,-0.00122,31.2520090,75.7021616,0.450,77.30
6.121,0.35913,5.70299,9.97903,0.19426,-0.08430,-0.17471,31.2520090,75.7021616,0.450,77.30
6.224,0.59376,5.76045,9.84975,-0.17959,-0.21747,-0.09652,31.2520105,75.7021704,0.720,81.60
6.326,0.81882,3.13640,7.35499,0.49969,-1.02137,-0.84910,31.2520105,75.7021704,0.720,81.60
6.430,0.27294,4.22337,7.94875,0.08674,0.73182,-0.44471,31.2520105,75.7021704,0.720,81.60
6.535,0.73263,4.68306,7.12993,-0.33109,-1.15698,-0.05864,31.2520105,75.7021704,0.720,81.60
6.638,1.42694,4.97515,7.69496,-0.08063,0.04398,-0.17226,31.2520105,75.7021704,0.720,81.60
6.742,1.52271,5.53061,8.90164,-0.06964,-0.01955,-0.34941,31.2520105,75.7021704,0.720,81.60
6.844,0.10056,5.76524,9.24641,0.36285,0.45815,-0.36041,31.2520105,75.7021704,0.720,81.60
6.948,0.13886,5.11401,9.44752,-0.50457,0.20892,0.42028,31.2520105,75.7021704,0.720,81.60
7.051,-0.58419,3.05500,8.66222,0.09163,-0.38973,0.15149,31.2520105,75.7021704,0.720,81.60
7.153,-0.99120,3.85945,6.95755,-0.17593,0.49969,0.18204,31.2520105,75.7021704,0.720,81.60
7.256,-0.26336,4.07972,7.67581,-0.37507,-0.04154,0.34819,31.2520130,75.7021822,0.780,79.60
7.360,-0.16759,4.79319,7.76679,-0.37996,0.38485,0.29810,31.2520130,75.7021822,0.780,79.60
7.467,-0.13408,5.20021,9.83538,-0.15272,0.12706,0.20525,31.2520130,75.7021822,0.780,79.60
7.571,-0.45011,5.01346,10.80264,0.16616,-0.07941,0.33231,31.2520130,75.7021822,0.780,79.60
7.674,1.09654,4.05578,11.87524,0.08063,0.15516,0.11240,31.2520130,75.7021822,0.780,79.60
7.778,0.70390,3.73017,8.17859,0.19792,-0.34086,-0.19670,31.2520130,75.7021822,0.780,79.60
7.879,0.84755,2.60489,7.99185,0.37874,-0.42516,-0.18570,31.2520130,75.7021822,0.780,79.60
7.983,0.61770,4.42927,6.82826,0.24557,-0.05498,-0.06109,31.2520130,75.7021822,0.780,79.60
8.086,1.25456,4.67827,10.35253,0.29932,0.40317,-0.10385,31.2520130,75.7021822,0.780,79.60
8.189,-0.20111,6.07648,8.00621,0.10507,0.26878,0.00855,31.2520154,75.7021921,0.790,72.90
8.291,0.13886,4.08930,10.41957,-0.79901,0.04643,0.80146,31.2520154,75.7021921,0.790,72.90
8.394,0.06704,3.75890,7.66145,0.06964,-0.44227,-0.16005,31.2520154,75.7021921,0.790,72.90
8.497,0.12929,4.31435,8.16902,-0.39828,-0.28466,0.19181,31.2520154,75.7021921,0.790,72.90
8.600,0.44053,4.76446,8.09240,-0.13073,0.27245,-0.08674,31.2520154,75.7021921,0.790,72.90
8.705,0.18196,5.05655,8.45632,0.00977,0.10996,-0.23091,31.2520154,75.7021921,0.790,72.90
8.807,-0.00479,5.37259,8.18338,0.12950,-0.08674,-0.11118,31.2520154,75.7021921,0.790,72.90
8.913,0.99120,5.89452,9.44273,0.00122,-0.46059,0.01588,31.2520154,75.7021921,0.790,72.90
9.017,0.51236,3.92170,9.53371,0.33842,0.44838,-0.35675,31.2520154,75.7021921,0.790,72.90
9.118,2.23618,4.10366,7.73806,-0.21380,-1.36223,-0.84422,31.2520154,75.7021921,0.790,72.90
9.224,-0.04310,3.45244,7.73327,0.05620,0.00000,-0.55344,31.2520188,75.7022004,0.770,68.30
9.326,1.43173,4.10845,7.51779,-0.41783,-0.75503,-0.05131,31.2520188,75.7022004,0.770,68.30
9.428,0.66559,4.83629,9.41879,-0.09163,-0.01222,0.08552,31.2520188,75.7022004,0.770,68.30
9.532,0.31603,5.23373,12.37802,-0.05498,0.92118,0.66096,31.2520188,75.7022004,0.770,68.30
9.634,-0.41180,4.86023,10.38605,-0.28344,0.95417,1.00671,31.2520188,75.7022004,0.770,68.30
9.738,-0.19154,2.19309,8.48984,0.73426,0.43371,0.73059,31.2520188,75.7022004,0.770,68.30
9.840,0.19632,2.44687,6.35900,-0.43249,0.13073,0.99571,31.2520188,75.7022004,0.770,68.30
9.943,0.79966,4.06535,6.59842,0.22602,0.59376,0.58765,31.2520188,75.7022004,0.770,68.30
10.047,-0.04788,5.53061,8.93516,-0.05376,0.20403,0.30299,31.2520188,75.7022004,0.770,68.30
10.152,0.07183,5.91847,10.21366,0.28344,-0.20403,-0.01588,31.2520188,75.7022004,0.770,68.30
10.255,1.24020,4.13718,10.83137,-0.47892,-0.05376,-0.00855,31.2520223,75.7022089,0.850,73.00
10.359,0.84755,3.87861,7.61835,0.18448,0.17837,-0.36408,31.2520223,75.7022089,0.850,73.00
10.464,0.31125,3.06458,7.45554,-0.23702,-0.30543,-0.26389,31.2520223,75.7022089,0.850,73.00
10.568,-1.57538,4.11803,8.23127,0.26389,0.36774,-0.16127,31.2520223,75.7022089,0.850,73.00
10.672,-1.69031,4.52983,10.04128,-0.07819,0.44104,0.67317,31.2520223,75.7022089,0.850,73.00
10.778,-1.16837,5.20021,10.04128,-0.18937,0.27122,0.48258,31.2520223,75.7022089,0.850,73.00
10.881,-1.79086,3.49553,8.69574,-0.19059,-0.22235,0.04032,31.2520223,75.7022089,0.850,73.00
10.985,-1.90100,3.22260,7.97748,-0.28833,0.45815,0.90042,31.2520223,75.7022089,0.850,73.00
11.089,-0.62728,4.58250,7.09163,0.28222,0.16249,0.76847,31.2520223,75.7022089,0.850,73.00
11.194,0.52194,5.32470,7.57525,0.17349,0.46548,0.40073,31.2520247,75.7022218,0.970,76.30
11.298,-0.13886,5.74130,11.12346,0.28222,-0.49114,-0.15027,31.2520247,75.7022218,0.970,76.30
11.402,0.61292,2.94008,12.91911,-0.15638,-0.17226,0.14783,31.2520247,75.7022218,0.970,76.30
11.506,-0.91459,3.15556,7.91044,0.28222,-0.14905,-0.61697,31.2520247,75.7022218,0.970,76.30
11.611,-0.86191,3.59130,5.61680,0.28833,-0.26512,-0.35430,31.2520247,75.7022218,0.970,76.30
11.715,-0.65601,3.76847,7.73806,-0.10140,0.36285,0.43616,31.2520247,75.7022218,0.970,76.30
11.820,-0.20590,4.18506,11.10910,-0.30788,0.29566,0.87354,31.2520247,75.7022218,0.970,76.30
11.923,1.04866,3.85466,11.66455,-0.67806,0.24679,0.61209,31.2520247,75.7022218,0.970,76.30
12.027,-1.69988,3.75890,8.13550,0.22358,0.25168,-0.48869,31.2520247,75.7022218,0.970,76.30
12.132,-0.49321,2.92571,6.26323,-0.03543,-0.09407,0.44349,31.2520247,75.7022218,0.970,76.30
12.236,1.80523,4.29999,6.40210,-0.24679,0.50824,0.56200,31.2520273,75.7022319,0.940,72.90
12.339,1.63763,5.15232,10.99896,-0.08430,-0.11362,-0.70127,31.2520273,75.7022319,0.940,72.90
12.443,1.18274,5.64553,9.19373,0.55100,-0.80146,-0.11973,31.2520273,75.7022319,0.940,72.90
12.546,1.59454,3.72059,9.15543,0.44349,-0.61331,-0.48014,31.2520273,75.7022319,0.940,72.90
12.650,0.28730,2.27928,10.43872,-0.93096,0.66829,-0.30788,31.2520273,75.7022319,0.940,72.90
12.754,-1.09654,3.23217,7.18739,0.47037,-0.26023,-1.61513,31.2520273,75.7022319,0.940,72.90
12.860,-1.28329,4.06057,7.37414,0.20159,-0.29810,0.02566,31.2520273,75.7022319,0.940,72.90
12.963,0.87149,4.36224,8.74841,-0.17471,0.03054,0.73182,31.2520273,75.7022319,0.940,72.90
13.067,-0.73263,2.40378,14.53280,-0.92118,-0.13317,-0.22969,31.2520273,75.7022319,0.940,72.90
13.169,-3.59130,3.41892,7.58483,0.70127,0.73182,0.01344,31.2520295,75.7022430,1.000,72.20
13.271,-1.65200,3.24175,7.56089,-0.22480,-0.33231,0.76114,31.2520295,75.7022430,1.000,72.20
13.373,-0.06704,5.13317,7.12993,0.60720,0.89797,0.70127,31.2520295,75.7022430,1.000,72.20
13.476,0.54109,5.32949,9.76834,0.22113,0.23702,0.27367,31.2520295,75.7022430,1.000,72.20
13.580,1.62327,6.67025,9.76355,0.24312,0.05376,0.16371,31.2520295,75.7022430,1.000,72.20
13.685,2.00634,2.92571,9.57681,0.16860,-0.87476,-0.41661,31.2520295,75.7022430,1.000,72.20
13.790,-0.78530,3.03585,7.20655,0.43371,0.30910,-0.55589,31.2520295,75.7022430,1.000,72.20
13.893,0.61292,3.30400,6.88094,-0.46304,-0.61209,-0.26756,31.2520295,75.7022430,1.000,72.20
13.997,0.43096,3.65834,8.31746,-0.55589,-0.39095,-0.15149,31.2520295,75.7022430,1.000,72.20
14.102,-0.22027,4.24253,11.84651,-0.41294,-0.12584,0.08919,31.2520295,75.7022430,1.000,72.20
14.207,-1.53229,2.20267,12.49773,-0.04520,-0.74770,-0.25779,31.2520328,75.7022535,1.040,66.20
14.310,-1.76213,3.57694,5.78439,0.40806,0.78069,0.29566,31.2520328,75.7022535,1.040,66.20
14.414,0.70868,3.69665,7.38851,0.24312,0.45448,0.62064,31.2520328,75.7022535,1.040,66.20
14.518,1.29287,5.01825,7.16824,0.43371,0.77580,0.15516,31.2520328,75.7022535,1.040,66.20
14.622,0.69911,5.25767,13.43147,-0.04520,-0.59620,-0.45815,31.2520328,75.7022535,1.040,66.20
14.725,0.53630,3.18429,14.35085,0.07941,-0.27489,-0.13073,31.2520328,75.7022535,1.040,66.20
14.828,-0.06704,3.02627,7.12514,0.41661,0.10751,-0.60964,31.2520328,75.7022535,1.040,66.20
14.936,1.00078,3.39498,5.41568,-0.37996,-0.72571,-0.51557,31.2520328,75.7022535,1.040,66.20
15.041,0.70868,4.18985,7.39808,0.21014,0.30788,-0.29566,31.2520328,75.7022535,1.040,66.20
15.144,-0.41180,4.81713,12.51210,-0.38607,0.36041,0.54978,31.2520328,75.7022535,1.040,66.20
15.249,-0.22505,3.48596,12.17691,-1.06413,0.31887,0.15516,31.2520365,75.7022648,1.090,61.90
15.354,-1.27372,2.67193,9.10275,-0.20892,-0.40195,-0.02932,31.2520365,75.7022648,1.090,61.90
15.458,-0.64643,2.57616,7.42681,0.01833,0.00977,0.78679,31.2520365,75.7022648,1.090,61.90
15.562,0.33519,2.62405,5.76045,0.58032,0.18692,0.63163,31.2520365,75.7022648,1.090,61.90
15.666,-0.01915,4.38139,5.91847,0.41050,0.98716,0.24557,31.2520365,75.7022648,1.090,61.90
15.771,1.81480,6.73250,11.87045,0.18448,-0.90164,-0.24801,31.2520365,75.7022648,1.090,61.90
15.874,1.81480,3.56736,15.33726,0.42516,0.78191,0.40561,31.2520365,75.7022648,1.090,61.90
15.979,0.00000,2.82995,9.63906,0.74403,0.00855,-0.20769,31.2520365,75.7022648,1.090,61.90
16.083,0.38307,2.37026,4.41491,-0.33353,-0.58277,0.12828,31.2520365,75.7022648,1.090,61.90
16.187,-0.69432,3.13640,5.95199,0.67806,0.83811,-0.05498,31.2520427,75.7022748,1.140,57.60
16.289,0.06704,3.59609,10.12747,-0.31643,0.18570,0.05986,31.2520427,75.7022748,1.140,57.60
16.393,0.55067,3.96001,12.64617,-1.39033,-0.13195,1.04458,31.2520427,75.7022748,1.140,57.60
16.496,-0.85712,1.12049,14.22635,-0.77091,-0.92852,-0.66340,31.2520427,75.7022748,1.140,57.60
16.602,-1.28329,1.97761,9.29908,0.58154,0.27489,0.52534,31.2520427,75.7022748,1.140,57.60
16.704,-0.21548,2.28886,6.43083,1.47952,0.50335,0.56688,31.2520427,75.7022748,1.140,57.60
16.808,0.87628,3.07416,5.08050,0.33475,0.23335,0.73915,31.2520427,75.7022748,1.140,57.60
16.911,1.22583,5.77960,9.68215,-0.37629,0.13439,0.11484,31.2520427,75.7022748,1.140,57.60
17.017,5.24330,6.11000,12.52646,0.07697,0.04520,0.04276,31.2520427,75.7022748,1.140,57.60
17.120,0.65122,2.79164,13.34528,0.89064,-0.48625,-0.69883,31.2520427,75.7022748,1.140,57.60
17.224,-0.58419,1.96325,6.72771,0.36163,-0.80146,-0.23335,31.2520487,75.7022860,1.020,53.10
17.327,0.45969,3.39019,3.43329,0.12339,0.19548,-0.57788,31.2520487,75.7022860,1.020,53.10
17.431,-0.12929,3.53863,7.75721,-0.09285,0.92118,-0.01710,31.2520487,75.7022860,1.020,53.10
17.536,0.11971,4.92248,8.81545,-0.46181,0.55833,0.44715,31.2520487,75.7022860,1.020,53.10
17.642,-1.08697,5.59285,13.34528,-0.68295,0.67562,0.46426,31.2520487,75.7022860,1.020,53.10
17.746,0.23942,2.78206,11.74595,0.26267,-0.91874,0.14416,31.2520487,75.7022860,1.020,53.10
17.851,-1.54187,3.12204,4.82192,1.06657,0.53390,0.24801,31.2520487,75.7022860,1.020,53.10
17.958,-0.10534,3.57215,6.84742,-0.13439,-0.02932,0.50580,31.2520487,75.7022860,1.020,53.10
18.062,0.64165,5.09486,6.56969,0.15638,0.19914,0.13806,31.2520487,75.7022860,1.020,53.10
18.166,0.73263,6.11000,9.75877,-0.29688,0.02810,-0.36285,31.2520487,75.7022860,1.020,53.10
18.269,2.40378,6.56969,12.35408,-0.96150,-0.51679,-0.10629,31.2520546,75.7022952,0.960,50.90
18.371,1.23541,3.42371,11.87524,1.27549,-0.77458,-1.01037,31.2520546,75.7022952,0.960,50.90
18.473,-0.57461,3.28006,3.95043,0.99327,-0.05253,-0.24679,31.2520546,75.7022952,0.960,50.90
18.579,0.72784,3.50990,6.86178,-0.28222,-0.23091,-0.37996,31.2520546,75.7022952,0.960,50.90
18.685,0.40223,4.17070,6.97192,0.00122,-0.06964,-0.00367,31.2520546,75.7022952,0.960,50.90
18.789,0.36392,5.36301,7.95354,-0.80512,1.01648,0.24557,31.2520546,75.7022952,0.960,50.90
18.890,-1.12527,3.20823,17.45373,-1.78984,0.54978,0.36041,31.2520546,75.7022952,0.960,50.90
18.995,-1.04866,3.93128,6.47871,0.77946,0.47159,-0.17104,31.2520546,75.7022952,0.960,50.90
19.099,-0.37350,2.59053,7.28316,-0.07086,0.02321,0.24190,31.2520546,75.7022952,0.960,50.90
19.203,-0.43574,3.46680,4.92727,0.39095,0.42883,0.29322,31.2520618,75.7023033,0.920,50.50
19.307,0.82361,4.83150,8.74362,-0.73059,0.54978,0.13806,31.2520618,75.7023033,0.920,50.50
19.409,1.73340,6.24887,13.32613,-0.64874,-0.82955,0.10507,31.2520618,75.7023033,0.920,50.50
19.512,1.51792,3.27527,13.33570,1.68354,-0.82589,-0.74770,31.2520618,75.7023033,0.920,50.50
19.616,-1.47004,1.54187,9.88805,2.19056,0.30910,-0.48381,31.2520618,75.7023033,0.920,50.50
19.720,0.88585,2.49476,3.77326,0.25901,-0.43982,-0.34086,31.2520618,75.7023033,0.920,50.50
19.823,0.56503,4.52983,6.19141,-0.63408,-0.06720,-0.08430,31.2520618,75.7023033,0.920,50.50
19.927,1.47004,5.21936,12.20085,-1.70798,0.15027,0.38118,31.2520618,75.7023033,0.920,50.50
20.029,-1.76692,5.06134,13.09149,-0.40195,0.27489,0.16493,31.2520618,75.7023033,0.920,50.50
20.134,-1.55623,3.68707,7.66623,0.61697,-0.04032,-0.34575,31.2520618,75.7023033,0.920,50.50
20.240,0.08140,3.36146,5.06134,-0.34331,0.24190,0.50824,31.2520680,75.7023122,0.900,51.30
20.345,-0.05746,4.44364,6.09564,0.05986,0.88698,0.31887,31.2520680,75.7023122,0.900,51.30
20.449,0.75178,6.00466,10.05086,-0.48991,-0.13073,-0.27733,31.2520680,75.7023122,0.900,51.30
20.554,2.65278,7.51779,11.07079,0.47159,-1.12033,-0.70494,31.2520680,75.7023122,0.900,51.30
20.656,-0.29688,2.36068,13.50330,0.86010,-0.67928,-0.64141,31.2520680,75.7023122,0.900,51.30
20.758,-2.53307,3.01669,6.32548,0.43127,0.23946,-0.57910,31.2520680,75.7023122,0.900,51.30
20.860,-0.61770,4.26168,6.26323,-0.43616,-0.11606,0.22969,31.2520680,75.7023122,0.900,51.30
20.964,1.93451,4.00311,7.49864,-0.28955,-0.36896,0.79901,31.2520680,75.7023122,0.900,51.30
21.068,2.19788,4.61602,9.73961,-0.40195,0.06597,0.25534,31.2520680,75.7023122,0.900,51.30
21.171,-0.08140,4.99430,10.40041,0.04520,0.29199,-0.37996,31.2520732,75.7023205,0.900,47.80
21.273,-0.60813,3.16992,9.05966,0.23335,-0.20769,-0.03421,31.2520732,75.7023205,0.900,47.80
21.376,-0.51715,3.15077,6.06691,0.03421,0.28833,0.41661,31.2520732,75.7023205,0.900,47.80
21.478,0.86191,4.09887,6.07648,-0.13806,0.75503,0.28100,31.2520732,75.7023205,0.900,47.80
21.581,1.03430,5.09965,9.43794,-0.29932,0.31032,-0.04154,31.2520732,75.7023205,0.900,47.80
21.684,0.27294,6.01423,11.61667,0.41294,-0.87232,-0.68173,31.2520732,75.7023205,0.900,47.80
21.789,0.12450,2.51870,12.80898,0.27855,-0.44715,0.03421,31.2520732,75.7023205,0.900,47.80
21.893,-0.33998,3.24175,7.39329,0.52779,-0.10629,-0.79535,31.2520732,75.7023205,0.900,47.80
21.997,0.81882,2.42772,4.29041,-0.43738,-0.56566,-0.21625,31.2520732,75.7023205,0.900,47.80
22.101,2.05901,3.99832,9.99819,-0.53878,-0.08308,-0.42028,31.2520732,75.7023205,0.900,47.80
22.206,0.11013,4.50110,15.12657,0.28466,-0.29810,-0.17226,31.2520796,75.7023279,0.840,45.80
22.309,-1.39821,3.31836,11.39161,-0.38607,0.02321,0.45571,31.2520796,75.7023279,0.840,45.80
22.412,-2.27928,2.11647,8.25521,0.43860,-0.17959,0.00367,31.2520796,75.7023279,0.840,45.80
22.518,-0.09098,2.72939,5.97593,-0.36041,0.17471,0.45326,31.2520796,75.7023279,0.840,45.80
22.623,0.17238,4.86981,7.40766,0.41172,0.95173,0.49236,31.2520796,75.7023279,0.840,45.80
22.727,0.55545,5.37259,10.78348,0.25290,-0.05009,0.45448,31.2520796,75.7023279,0.840,45.80
22.830,1.46046,7.47949,8.16423,0.69761,-0.22480,-0.06842,31.2520796,75.7023279,0.840,45.80
22.934,2.57616,3.70622,11.71722,-0.02688,-0.52412,0.25045,31.2520796,75.7023279,0.840,45.80
23.038,2.06380,2.45166,8.37971,0.74159,-0.16860,-0.25168,31.2520796,75.7023279,0.840,45.80
23.143,0.34955,3.60088,4.87938,0.09041,-0.35308,-0.34819,31.2520796,75.7023279,0.840,45.80
23.246,1.09176,4.73094,6.87136,-0.56688,-0.19670,0.10385,31.2520850,75.7023349,0.730,45.60
23.351,0.89064,5.16669,11.53048,-0.45448,0.38729,0.59865,31.2520850,75.7023349,0.730,45.60
23.454,0.45490,2.26970,15.55752,-0.39462,-0.66462,0.45815,31.2520850,75.7023349,0.730,45.60
23.559,-1.89621,3.76368,6.06212,0.68417,1.18874,0.10629,31.2520850,75.7023349,0.730,45.60
23.663,0.86670,3.75890,6.51702,-0.03543,0.53267,0.75625,31.2520850,75.7023349,0.730,45.60
23.767,2.51870,5.47793,9.08360,0.29566,0.83078,0.74526,31.2520850,75.7023349,0.730,45.60
23.870,2.38462,6.66067,10.91277,0.50946,-0.21258,-0.51557,31.2520850,75.7023349,0.730,45.60
23.975,1.84354,6.47871,10.35732,0.14416,-0.48381,-0.28955,31.2520850,75.7023349,0.730,45.60
24.081,2.37505,4.03662,7.83862,0.86254,-0.60476,-0.58154,31.2520850,75.7023349,0.730,45.60
24.185,0.88107,2.92571,5.36301,0.02688,-1.35368,-0.40439,31.2520919,75.7023420,0.850,40.90
24.288,-0.28730,4.35266,5.20021,0.25412,-0.36652,-0.34697,31.2520919,75.7023420,0.850,40.90
24.394,1.37906,6.10521,9.23204,-1.03114,0.64996,0.19548,31.2520919,75.7023420,0.850,40.90
24.498,1.31202,6.66546,10.60153,-0.86987,0.39340,0.31765,31.2520919,75.7023420,0.850,40.90
24.603,0.24421,4.12282,11.56878,0.62186,-0.03665,0.03543,31.2520919,75.7023420,0.850,40.90
24.707,0.84755,4.01747,5.20021,-0.11606,0.14294,0.89797,31.2520919,75.7023420,0.850,40.90
24.812,1.47483,4.84108,6.07648,0.85399,0.67195,0.51801,31.2520919,75.7023420,0.850,40.90
24.916,2.19309,5.85143,5.93762,-0.07819,0.09896,0.42150,31.2520919,75.7023420,0.850,40.90
25.020,1.85311,7.10120,10.25676,-0.28466,0.20525,-0.48258,31.2520919,75.7023420,0.850,40.90
25.124,2.64320,6.00466,13.00530,-0.55344,-0.09896,0.00611,31.2520919,75.7023420,0.850,40.90
25.228,1.86269,3.58173,8.60955,0.17104,-0.33720,-0.47647,31.2520989,75.7023485,0.940,38.20
25.330,1.30723,3.23217,4.46279,0.23702,-0.57421,-1.01770,31.2520989,75.7023485,0.940,38.20
25.434,0.01437,3.76847,6.36858,0.22358,0.48869,0.42761,31.2520989,75.7023485,0.940,38.20
25.538,-0.09098,5.69820,9.10754,-0.71593,0.04643,-0.38729,31.2520989,75.7023485,0.940,38.20
25.643,-0.43096,7.01022,11.71243,-0.40928,0.11851,0.10507,31.2520989,75.7023485,0.940,38.20
25.747,-0.62249,4.02705,9.68694,0.34697,-0.72815,-0.49480,31.2520989,75.7023485,0.940,38.20
25.852,-1.94888,4.04620,3.75411,0.40317,0.41417,0.12950,31.2520989,75.7023485,0.940,38.20
25.956,0.62728,5.10444,5.79397,0.18326,0.70005,0.63652,31.2520989,75.7023485,0.940,38.20
26.060,1.44610,6.66067,8.87770,-0.58399,0.01222,0.21991,31.2520989,75.7023485,0.940,38.20
26.163,0.62728,7.43160,8.93037,0.32132,-0.87598,-0.32987,31.2521053,75.7023543,0.890,38.40
26.266,2.28886,5.16190,11.60230,-0.15394,-0.46914,0.15149,31.2521053,75.7023543,0.890,38.40
26.368,0.56982,4.30477,8.22648,0.21502,0.09774,-0.30665,31.2521053,75.7023543,0.890,38.40
26.472,0.43574,3.92649,5.42526,-0.27855,-0.95661,-0.42638,31.2521053,75.7023543,0.890,38.40
26.577,0.63207,4.51068,6.51223,-0.23335,0.13439,-0.03299,31.2521053,75.7023543,0.890,38.40
26.681,1.10133,5.43005,10.23761,-0.20036,0.55100,0.36041,31.2521053,75.7023543,0.890,38.40
26.786,0.56503,6.16268,12.04762,-0.63041,0.63408,0.60842,31.2521053,75.7023543,0.890,38.40
26.892,-0.78051,4.55856,7.57525,0.39340,0.01344,-0.45204,31.2521053,75.7023543,0.890,38.40
26.997,-1.13485,3.69665,6.13394,0.07697,0.21625,0.28833,31.2521053,75.7023543,0.890,38.40
27.102,0.25379,4.98473,5.64074,0.17471,0.63408,0.67073,31.2521053,75.7023543,0.890,38.40
27.205,1.34075,5.70299,7.85298,-0.27245,0.14905,0.31154,31.2521115,75.7023629,0.860,47.00
27.306,1.65200,7.31668,9.53371,0.41661,0.28588,-0.21014,31.2521115,75.7023629,0.860,47.00
27.408,1.68073,3.85945,12.82334,-0.53390,-0.46059,0.15638,31.2521115,75.7023629,0.860,47.00
27.509,0.99120,3.89297,9.49540,0.18204,0.13439,-0.45937,31.2521115,75.7023629,0.860,47.00
27.611,0.36871,3.88340,7.27358,0.04154,-0.92363,-0.57544,31.2521115,75.7023629,0.860,47.00
27.714,-0.49799,4.73094,7.22091,0.22235,-0.05620,-0.22358,31.2521115,75.7023629,0.860,47.00
27.818,0.03831,5.38695,8.90164,0.13073,0.43860,0.16371,31.2521115,75.7023629,0.860,47.00
27.923,-1.14443,5.61680,10.40999,-1.13254,1.06046,0.67317,31.2521115,75.7023629,0.860,47.00
28.030,-0.68953,4.08451,7.99663,0.13683,-0.85155,-0.26267,31.2521115,75.7023629,0.860,47.00
28.134,0.16759,3.93128,5.70778,-0.21869,0.25290,0.27978,31.2521115,75.7023629,0.860,47.00
28.238,-0.02394,4.40533,6.96234,-0.15516,0.62430,0.21502,31.2521161,75.7023714,0.880,52.70
28.341,-0.61770,5.76524,9.38048,-0.32620,-0.14416,0.27855,31.2521161,75.7023714,0.880,52.70
28.444,2.48039,7.58962,9.71567,-0.57910,-0.76969,0.07575,31.2521161,75.7023714,0.880,52.70
28.549,2.14520,3.54821,11.37246,0.21380,-0.77580,-0.45082,31.2521161,75.7023714,0.880,52.70
28.654,0.41180,2.30322,7.22091,0.50213,0.18326,-0.40195,31.2521161,75.7023714,0.880,52.70
28.759,0.67995,2.86825,7.22570,0.21014,-0.16005,-0.51557,31.2521161,75.7023714,0.880,52.70
28.865,-0.27294,4.10845,9.04529,-0.13683,0.32254,-0.11362,31.2521161,75.7023714,0.880,52.70
28.971,0.54109,4.82192,9.95030,-0.50335,-0.18692,-0.07208,31.2521161,75.7023714,0.880,52.70
29.074,-0.53630,2.42772,12.98136,-0.12706,-0.74403,-0.15149,31.2521161,75.7023714,0.880,52.70
29.178,-1.56581,3.45244,5.88016,0.33720,0.52046,0.20159,31.2521221,75.7023813,0.990,54.90
29.280,-0.93374,4.06535,6.08127,0.37629,0.54489,0.45326,31.2521221,75.7023813,0.990,54.90
29.382,1.01993,4.45322,9.76834,-0.52046,0.01955,0.65485,31.2521221,75.7023813,0.990,54.90
29.489,0.22984,6.56969,10.11311,0.60476,-0.04887,-0.38118,31.2521221,75.7023813,0.990,54.90
29.593,1.40300,5.11880,13.83849,-0.64263,0.12339,0.17349,31.2521221,75.7023813,0.990,54.90
29.696,1.37906,3.44286,7.36935,0.55344,-0.02077,-0.62797,31.2521221,75.7023813,0.990,54.90
29.798,0.46448,2.71024,5.43005,-0.01710,-0.87842,-0.64019,31.2521221,75.7023813,0.990,54.90
29.902,-0.42617,3.94564,7.23528,-0.06353,-0.02077,-0.14050,31.2521221,75.7023813,0.990,54.90
30.006,-1.12049,5.17148,9.47625,-0.18692,0.60476,0.59498,31.2521221,75.7023813,0.990,54.90
30.109,-1.58496,4.64954,12.48337,-1.14598,1.30725,1.41476,31.2521221,75.7023813,0.990,54.90
30.211,-1.90100,3.59609,9.78271,0.35064,0.18204,-0.10629,31.2521280,75.7023921,1.000,56.60
30.314,-0.67516,2.64799,5.54976,0.12584,0.17715,1.01037,31.2521280,75.7023921,1.000,56.60
30.417,1.02951,4.08451,6.70855,0.06720,1.05680,1.23150,31.2521280,75.7023921,1.000,56.60
30.522,2.28407,5.61680,9.47146,-0.44349,-0.09896,-0.00367,31.2521280,75.7023921,1.000,56.60
30.625,2.02071,7.56568,9.27035,0.24312,-0.66584,-0.28222,31.2521280,75.7023921,1.000,56.60
30.727,2.17394,3.47638,11.41555,0.73059,-0.98594,-0.47770,31.2521280,75.7023921,1.000,56.60
30.831,0.42138,2.76291,7.52737,0.70372,-0.20159,-0.84910,31.2521280,75.7023921,1.000,56.60
30.935,-0.82361,3.42850,6.48350,-0.04520,-0.66096,-1.14598,31.2521280,75.7023921,1.000,56.60
31.039,-1.72861,4.49152,7.19697,-0.24801,-0.03176,0.08674,31.2521280,75.7023921,1.000,56.60
31.142,0.38307,5.18584,8.32224,-0.45326,0.62430,0.68539,31.2521280,75.7023921,1.000,56.60
31.246,-0.75178,2.79164,14.54238,-1.08612,0.38851,0.30055,31.2521333,75.7024032,1.000,56.30
31.348,-1.84354,3.79720,7.92481,0.70372,0.14905,-0.23213,31.2521333,75.7024032,1.000,56.30
31.452,0.13408,3.57694,6.45956,0.12584,0.16493,0.60964,31.2521333,75.7024032,1.000,56.30
31.559,0.94810,4.75488,6.90009,0.38607,0.57299,0.53023,31.2521333,75.7024032,1.000,56.30
31.663,1.40300,6.05254,9.87848,0.02321,-0.72449,-0.71471,31.2521333,75.7024032,1.000,56.30
31.766,1.07739,4.46758,14.75307,-0.50702,-0.12950,-0.20281,31.2521333,75.7024032,1.000,56.30
31.871,0.03831,4.36224,9.39964,1.10689,-0.05864,-1.05069,31.2521333,75.7024032,1.000,56.30
31.974,-0.23463,2.57616,5.25288,0.35186,-1.25350,0.07453,31.2521333,75.7024032,1.000,56.30
32.076,0.81403,3.40455,6.33506,-0.14539,-0.49969,-0.16738,31.2521333,75.7024032,1.000,56.30
32.178,0.93853,4.65433,9.14106,-0.48625,-0.00489,0.14050,31.2521406,75.7024129,0.990,52.40
32.279,0.73741,4.86023,10.39084,-1.13377,0.45448,0.43616,31.2521406,75.7024129,0.990,52.40
32.382,-0.88107,4.11803,8.96389,-0.27367,-0.47037,-0.70372,31.2521406,75.7024129,0.990,52.40
32.486,-0.74220,3.62482,6.27760,0.20525,0.00611,0.19792,31.2521406,75.7024129,0.990,52.40
32.589,1.52271,4.57771,6.67025,0.38729,0.75381,0.63652,31.2521406,75.7024129,0.990,52.40
32.692,2.14520,5.06134,8.75799,-0.39340,-0.17593,-0.05009,31.2521406,75.7024129,0.990,52.40
32.795,1.50356,5.54976,10.22324,0.34575,-0.31154,-0.45571,31.2521406,75.7024129,0.990,52.40
32.897,1.21147,3.05500,8.87770,0.33231,0.06231,-0.22235,31.2521406,75.7024129,0.990,52.40
33.002,0.99120,2.34632,9.53371,-0.79168,-0.13195,-0.15760,31.2521406,75.7024129,0.990,52.40
33.105,0.47405,3.91691,7.73806,-0.06109,-0.06353,-0.78435,31.2521406,75.7024129,0.990,52.40
33.207,0.10534,4.68306,9.20810,0.05986,-0.44593,0.06597,31.2521470,75.7024221,0.900,50.20
33.309,1.46525,3.50990,11.45865,0.28100,-0.15394,0.30910,31.2521470,75.7024221,0.900,50.20
33.411,-0.72784,2.66714,12.94305,0.28833,1.44409,0.60231,31.2521470,75.7024221,0.900,50.20
33.515,-1.28808,3.15556,7.71891,0.29444,-0.73793,-0.43738,31.2521470,75.7024221,0.900,50.20
33.618,0.81882,4.00311,5.67905,0.23824,0.18570,0.36163,31.2521470,75.7024221,0.900,50.20
33.721,2.28886,5.50666,6.88572,0.21625,0.63530,0.21502,31.2521470,75.7024221,0.900,50.20
33.825,3.56736,4.73573,10.16578,0.35797,-1.01159,-0.29932,31.2521470,75.7024221,0.900,50.20
33.928,3.96959,4.55856,11.29106,-0.21625,0.76847,-0.35308,31.2521470,75.7024221,0.900,50.20
34.031,2.96881,4.11324,10.03170,0.66340,-0.24679,-0.32132,31.2521470,75.7024221,0.900,50.20
34.133,-2.27928,3.13162,6.34463,0.63897,1.44164,-2.06595,31.2521470,75.7024221,0.900,50.20
34.235,-1.43173,4.14197,5.74130,0.22113,-0.45082,-0.95539,31.2521522,75.7024310,1.010,55.20
34.337,-1.38385,6.36858,7.33583,-0.40073,0.44593,-0.63163,31.2521522,75.7024310,1.010,55.20
34.444,-2.32238,7.58004,10.48660,0.14294,-0.15272,0.32742,31.2521522,75.7024310,1.010,55.20
34.547,-3.31836,4.28083,9.95509,0.56566,0.03299,0.28833,31.2521522,75.7024310,1.010,55.20
34.652,-0.03352,4.66391,8.78193,0.12095,-0.58399,0.30788,31.2521522,75.7024310,1.010,55.20
34.755,-0.45011,4.76446,4.69264,0.28466,0.76480,0.38607,31.2521522,75.7024310,1.010,55.20
34.856,0.67516,5.99987,7.92481,0.15272,-0.09163,0.10263,31.2521522,75.7024310,1.010,55.20
34.961,1.58975,6.69419,10.43393,-0.20036,-0.02443,-0.41539,31.2521522,75.7024310,1.010,55.20
35.065,1.32639,4.76925,10.80264,-0.87109,-0.73426,-1.15454,31.2521522,75.7024310,1.010,55.20
35.166,1.28329,3.55300,6.06691,0.43494,0.06842,0.12095,31.2521576,75.7024418,1.020,58.80
35.267,0.21069,3.00712,5.29597,-1.01892,-1.17042,-0.98960,31.2521576,75.7024418,1.020,58.80
35.370,-0.27773,5.05177,8.07804,-0.79412,-1.02503,-0.48014,31.2521576,75.7024418,1.020,58.80
35.476,-1.01993,7.03895,11.26232,-0.42272,-0.33475,-0.20525,31.2521576,75.7024418,1.020,58.80
35.580,-3.36625,6.58405,10.11311,-0.07208,0.68050,0.65485,31.2521576,75.7024418,1.020,58.80
35.683,-2.57616,1.51792,14.26944,0.79657,0.53756,1.36467,31.2521576,75.7024418,1.020,58.80
35.788,0.39265,2.13084,7.34541,1.57237,1.08612,0.81612,31.2521576,75.7024418,1.020,58.80
35.893,1.19710,3.95522,5.04698,0.62675,1.62857,0.46059,31.2521576,75.7024418,1.020,58.80
35.997,0.29209,5.43963,5.93283,-0.17959,0.27978,0.17471,31.2521576,75.7024418,1.020,58.80
36.101,1.58975,5.66468,10.54885,-0.79046,-0.19914,-0.28955,31.2521576,75.7024418,1.020,58.80
36.206,1.09654,4.10366,11.81299,-0.71838,-0.55467,-0.12706,31.2521640,75.7024529,1.000,53.40
36.308,0.89064,4.15633,5.18105,-0.17959,-0.84544,-0.51068,31.2521640,75.7024529,1.000,53.40
36.410,-1.19710,3.66313,5.98072,-0.32254,-0.60598,-0.31887,31.2521640,75.7024529,1.000,53.40
36.515,-0.96726,6.10521,9.84017,-0.23213,-1.00548,0.03787,31.2521640,75.7024529,1.000,53.40
36.619,-0.94332,6.36379,10.70208,-0.53878,0.51435,0.31765,31.2521640,75.7024529,1.000,53.40
36.722,-1.06781,6.00466,10.42435,-0.11362,0.29688,0.87965,31.2521640,75.7024529,1.000,53.40
36.828,-2.25055,3.82593,9.91678,0.49114,0.55344,1.63956,31.2521640,75.7024529,1.000,53.40
36.932,-0.25379,1.85790,7.53695,1.53694,1.67866,1.22906,31.2521640,75.7024529,1.000,53.40
37.036,0.41180,4.53462,6.05254,0.75747,1.62001,0.41783,31.2521640,75.7024529,1.000,53.40
37.142,-0.67516,5.10444,8.89685,-0.72204,0.69761,0.04398,31.2521640,75.7024529,1.000,53.40
37.247,0.79966,5.37738,11.29584,-0.73059,1.79350,-0.65729,31.2521727,75.7024627,0.920,44.10
37.349,-0.03352,2.51870,13.25430,-0.59498,0.91385,-0.39218,31.2521727,75.7024627,0.920,44.10
37.452,0.19154,3.62961,5.68862,0.00855,-0.44349,-0.39340,31.2521727,75.7024627,0.920,44.10
37.556,-2.15478,3.95522,6.00945,0.51435,-1.41110,-0.70127,31.2521727,75.7024627,0.920,44.10
37.660,-3.44765,5.88495,8.72926,-0.21380,-0.78924,-0.35064,31.2521727,75.7024627,0.920,44.10
37.762,-4.51546,5.09486,7.91523,0.53267,0.17104,0.90530,31.2521727,75.7024627,0.920,44.10
37.864,-2.60010,4.12282,14.87757,-0.94440,-1.16553,0.65851,31.2521727,75.7024627,0.920,44.10
37.966,-1.83875,3.42850,8.85376,-0.39462,1.84481,0.88087,31.2521727,75.7024627,0.920,44.10
38.071,-1.12049,3.40455,7.10599,0.24923,0.93218,1.02503,31.2521727,75.7024627,0.920,44.10
38.174,-0.92416,3.99353,7.12993,0.14905,0.77702,0.31154,31.2521819,75.7024701,0.940,27.90
38.276,0.43574,5.16190,8.71489,-0.37141,-0.76358,-0.04032,31.2521819,75.7024701,0.940,27.90
38.379,0.17238,3.40455,13.76187,-1.26449,-0.52046,-1.18752,31.2521819,75.7024701,0.940,27.90
38.483,-0.60813,1.23062,9.62469,1.07512,0.90530,-0.38973,31.2521819,75.7024701,0.940,27.90
38.587,-0.24900,2.18830,5.69341,0.51068,-0.96761,-1.16309,31.2521819,75.7024701,0.940,27.90
38.691,-1.89621,3.27527,7.36456,-0.08919,-1.37323,-1.49418,31.2521819,75.7024701,0.940,27.90
38.794,-3.37104,4.45800,10.15620,-0.32376,-0.07453,-0.98716,31.2521819,75.7024701,0.940,27.90
38.897,-5.68862,4.95600,9.53371,-0.27367,0.27000,-0.09285,31.2521819,75.7024701,0.940,27.90
39.003,-5.08528,2.58095,11.18571,0.46304,0.45326,0.73059,31.2521819,75.7024701,0.940,27.90
39.108,-3.60088,0.73263,9.44273,0.10385,-0.05253,0.09285,31.2521819,75.7024701,0.940,27.90
39.213,-1.16837,2.36068,6.51223,0.87232,0.52412,0.97738,31.2521906,75.7024752,1.030,22.70
39.316,-1.08218,4.13718,7.11557,0.10507,0.00489,0.05498,31.2521906,75.7024752,1.030,22.70
39.420,-1.50356,4.58250,11.10910,-0.07575,-0.14905,-0.20647,31.2521906,75.7024752,1.030,22.70
39.524,-0.35434,3.67749,11.59751,-1.11055,-1.14598,-1.48196,31.2521906,75.7024752,1.030,22.70
39.629,-1.00078,2.95923,7.03895,0.75014,-0.16249,-0.28100,31.2521906,75.7024752,1.030,22.70
39.733,-1.52750,2.75333,7.01980,0.31032,-0.19181,-0.63041,31.2521906,75.7024752,1.030,22.70
39.837,-2.30322,5.00867,6.59363,-0.10140,-1.01526,-0.19426,31.2521906,75.7024752,1.030,22.70
39.941,-1.83396,5.92804,10.87446,-0.32865,-0.36163,0.03299,31.2521906,75.7024752,1.030,22.70
40.046,-3.62482,5.24330,10.23282,-0.15882,0.08919,0.07330,31.2521906,75.7024752,1.030,22.70
40.150,-2.32238,2.47082,9.08360,0.87354,1.55282,1.15087,31.2522017,75.7024785,1.030,15.50
40.252,-1.12527,2.84910,8.04931,0.22235,0.52779,0.27489,31.2522017,75.7024785,1.030,15.50
40.355,-1.12049,3.70622,6.52181,0.05864,0.55222,0.56933,31.2522017,75.7024785,1.030,15.50
40.456,-0.59376,5.01825,7.56089,-0.21502,-0.08919,0.12950,31.2522017,75.7024785,1.030,15.50
40.559,-1.50356,4.43406,11.18092,-0.27122,-0.37751,-0.48136,31.2522017,75.7024785,1.030,15.50
40.662,-0.24421,5.50188,8.46111,-0.42638,-0.99693,-1.16309,31.2522017,75.7024785,1.030,15.50
40.765,-1.66636,1.12527,8.33661,1.07390,0.37507,-0.59254,31.2522017,75.7024785,1.030,15.50
40.867,-0.73741,2.04465,7.96311,-0.07453,-1.21440,-1.48807,31.2522017,75.7024785,1.030,15.50
40.973,-1.44610,4.22816,7.14909,-0.07330,-1.10933,-0.95784,31.2522017,75.7024785,1.030,15.50
41.079,-3.05979,4.84108,11.51132,-0.13439,-0.55833,-0.57299,31.2522017,75.7024785,1.030,15.50
41.182,-2.82516,6.25844,9.66779,0.52534,0.16493,-0.21380,31.2522124,75.7024812,0.940,18.80
41.283,-4.65433,2.01592,13.74751,-0.24679,0.32498,-0.36041,31.2522124,75.7024812,0.940,18.80
41.385,-2.03028,3.62003,7.39808,0.84422,0.67806,1.06046,31.2522124,75.7024812,0.940,18.80
41.487,-1.79086,2.12126,6.85699,0.17104,1.24617,0.57910,31.2522124,75.7024812,0.940,18.80
41.593,-0.76614,3.54342,6.29675,0.34086,0.07330,0.83322,31.2522124,75.7024812,0.940,18.80
41.699,-0.02873,5.60722,9.47625,-0.10751,-0.68906,0.12584,31.2522124,75.7024812,0.940,18.80
41.805,0.25857,6.87615,8.32224,-0.75014,-0.64019,-0.41417,31.2522124,75.7024812,0.940,18.80
41.911,-1.15879,2.56180,10.11311,0.00977,0.75014,-0.34331,31.2522124,75.7024812,0.940,18.80
42.014,0.94332,4.04141,7.18739,0.14294,-0.61575,-0.50213,31.2522124,75.7024812,0.940,18.80
42.118,-1.15879,5.14753,6.41646,-0.15272,-0.85888,-0.61209,31.2522124,75.7024812,0.940,18.80
42.221,-2.08296,5.37259,9.52892,-0.43127,-0.28955,-0.43127,31.2522211,75.7024848,0.950,18.30
42.325,-2.25055,6.11958,9.77792,0.18570,0.11240,0.09041,31.2522211,75.7024848,0.950,18.30
42.427,-2.74854,3.50032,13.45063,-0.45082,0.23335,-0.20769,31.2522211,75.7024848,0.950,18.30
42.529,1.54665,8.75799,8.88728,-0.44349,2.02807,-0.40439,31.2522211,75.7024848,0.950,18.30
42.634,-2.15957,4.26168,9.36612,1.31336,-2.70125,-2.21133,31.2522211,75.7024848,0.950,18.30
42.739,0.98641,0.55545,11.84651,2.21378,-1.04580,-2.47400,31.2522211,75.7024848,0.950,18.30
42.841,-0.29209,1.30723,5.74130,1.39033,-1.37445,-0.99815,31.2522211,75.7024848,0.950,18.30
42.945,-1.80523,1.57060,6.90967,0.00733,1.66644,0.86987,31.2522211,75.7024848,0.950,18.30
43.047,2.03986,8.15944,6.28239,0.78802,-0.70250,-0.03176,31.2522211,75.7024848,0.950,18.30
43.152,0.07183,8.33182,2.99275,0.33353,-0.84055,0.12828,31.2522211,75.7024848,0.950,18.30
43.254,-0.48842,7.94396,5.58807,-0.45082,-0.38118,0.14416,31.2522303,75.7024885,0.960,25.10
43.356,0.55545,9.08360,6.46434,0.44593,-1.26571,0.01955,31.2522303,75.7024885,0.960,25.10
43.460,-0.72305,9.32302,6.45956,0.60109,0.21014,-0.13195,31.2522303,75.7024885,0.960,25.10
43.564,-1.57060,8.00142,7.20176,-0.18326,-0.45937,-0.10140,31.2522303,75.7024885,0.960,25.10
43.667,-1.07739,5.96156,6.44519,0.18448,1.12399,0.42761,31.2522303,75.7024885,0.960,25.10
43.771,-0.14365,6.43561,6.01902,-0.09041,0.88209,0.69883,31.2522303,75.7024885,0.960,25.10
43.875,0.67516,6.78517,5.48272,0.16371,0.61697,0.68783,31.2522303,75.7024885,0.960,25.10
43.979,1.53708,7.46991,5.33428,-0.25168,0.56322,0.45448,31.2522303,75.7024885,0.960,25.10
44.084,3.27527,8.69574,6.65588,-0.54245,-0.41417,0.13928,31.2522303,75.7024885,0.960,25.10
44.187,3.90255,8.16423,6.50265,-0.90164,-1.29015,0.01466,31.2522395,75.7024940,0.960,33.40
44.289,3.39498,6.69419,5.80833,0.03787,-0.44715,-0.24923,31.2522395,75.7024940,0.960,33.40
44.391,1.88663,5.59764,4.63996,-0.37751,-0.74403,-0.70616,31.2522395,75.7024940,0.960,33.40
44.495,-0.43574,6.36858,6.59842,-0.55222,-0.98227,-0.56200,31.2522395,75.7024940,0.960,33.40
44.597,0.22505,8.41801,7.83383,-0.30543,-0.28466,-0.21747,31.2522395,75.7024940,0.960,33.40
44.698,-0.68474,8.21211,7.54174,-0.01100,0.23946,-0.15516,31.2522395,75.7024940,0.960,33.40
44.805,0.41180,3.58651,13.70920,0.58154,1.11788,0.24068,31.2522395,75.7024940,0.960,33.40
44.909,1.67115,4.73094,8.69095,0.90775,0.53267,0.46181,31.2522395,75.7024940,0.960,33.40
45.013,0.87628,4.54898,5.91368,0.07575,1.99264,0.72082,31.2522395,75.7024940,0.960,33.40
45.119,2.56658,6.12437,5.69820,0.32254,0.76847,0.73915,31.2522395,75.7024940,0.960,33.40
45.223,2.37984,8.11156,6.46434,-0.03665,-0.12095,0.38240,31.2522483,75.7025007,0.940,41.50
45.327,4.06535,8.49463,9.40921,-0.74770,-1.28037,0.09285,31.2522483,75.7025007,0.940,41.50
45.430,3.24654,6.72292,4.33829,1.18019,0.21747,0.01833,31.2522483,75.7025007,0.940,41.50
45.533,1.27372,5.22894,4.12760,-0.00977,-0.45937,-0.37018,31.2522483,75.7025007,0.940,41.50
45.638,-0.11492,7.16824,3.57215,0.07330,-0.87476,0.10996,31.2522483,75.7025007,0.940,41.50
45.741,1.57060,9.38048,5.83228,-0.47281,-0.53756,0.00367,31.2522483,75.7025007,0.940,41.50
45.844,2.01113,9.18416,7.48906,0.09529,0.11729,-0.07086,31.2522483,75.7025007,0.940,41.50
45.947,3.67749,6.55532,9.97424,-0.25779,-0.40439,-0.31643,31.2522483,75.7025007,0.940,41.50
46.050,1.62806,6.07170,5.24330,0.43860,0.39828,0.49114,31.2522483,75.7025007,0.940,41.50
46.159,1.50356,5.69341,6.14831,-0.30177,0.66706,0.43371,31.2522483,75.7025007,0.940,41.50
46.262,3.72059,7.45554,4.93684,0.51313,0.09041,0.35552,31.2522560,75.7025081,0.850,41.20
46.366,3.43807,8.32224,5.55455,-0.21258,-0.22724,-0.14661,31.2522560,75.7025081,0.850,41.20
46.469,3.28006,8.82982,4.91290,0.25045,-0.22480,-0.48747,31.2522560,75.7025081,0.850,41.20
46.576,5.60243,6.04775,9.07881,-0.71349,-0.14539,-0.72082,31.2522560,75.7025081,0.850,41.20
46.680,3.94086,5.99029,3.17471,0.35552,-1.22295,-0.53512,31.2522560,75.7025081,0.850,41.20
46.784,2.22182,5.68384,3.15556,-0.69883,-0.93340,-0.78069,31.2522560,75.7025081,0.850,41.20
46.888,1.39343,8.27915,6.32069,-0.73548,-1.21440,-0.31276,31.2522560,75.7025081,0.850,41.20
46.990,2.00155,9.29908,8.64786,-0.37141,-0.31521,-0.51557,31.2522560,75.7025081,0.850,41.20
47.095,2.68151,8.24563,8.79151,-0.70738,-0.31398,-0.92363,31.2522560,75.7025081,0.850,41.20
47.200,0.45011,4.36702,8.75320,0.60964,0.75014,-0.65118,31.2522622,75.7025149,0.730,56.30
47.302,0.25379,4.47237,4.94642,-0.01344,0.61331,-0.00244,31.2522622,75.7025149,0.730,56.30
47.404,0.15802,6.09085,6.15789,0.00122,-0.05498,0.28711,31.2522622,75.7025149,0.730,56.30
47.509,2.28886,8.37492,7.22091,-0.34208,-0.33964,-0.04520,31.2522622,75.7025149,0.730,56.30
47.613,2.37505,8.45153,9.06445,0.34086,-0.14539,0.08919,31.2522622,75.7025149,0.730,56.30
47.717,3.08373,6.91445,6.80432,-0.26634,-0.87842,0.12706,31.2522622,75.7025149,0.730,56.30
47.823,2.30322,5.61680,3.28006,0.65240,0.06842,-0.03910,31.2522622,75.7025149,0.730,56.30
47.926,1.45089,6.16746,4.74531,-0.41783,-0.30421,-0.26145,31.2522622,75.7025149,0.730,56.30
48.028,1.26893,8.15465,5.52582,0.00367,-0.73548,0.16738,31.2522622,75.7025149,0.730,56.30
48.131,1.97761,9.03572,7.04374,0.16982,0.25045,0.09041,31.2522622,75.7025149,0.730,56.30
48.235,0.48842,9.28471,5.88016,-0.07819,0.90042,0.10507,31.2522658,75.7025229,0.760,73.50
48.339,1.58496,4.91769,11.37725,-0.04398,1.03236,0.20036,31.2522658,75.7025229,0.760,73.50
48.444,1.68073,5.33428,7.03895,0.26756,0.31887,0.46304,31.2522658,75.7025229,0.760,73.50
48.548,0.51715,6.02860,5.90889,0.01344,0.99571,0.73915,31.2522658,75.7025229,0.760,73.50
48.653,3.21302,7.34541,7.89129,0.16738,0.23457,0.32132,31.2522658,75.7025229,0.760,73.50
48.759,2.79643,8.10677,6.43083,-0.03299,-0.14172,0.01955,31.2522658,75.7025229,0.760,73.50
48.863,2.81558,8.44674,4.71179,0.04154,-0.41050,0.03665,31.2522658,75.7025229,0.760,73.50
48.966,1.73819,5.73651,4.55856,0.25901,0.50580,-0.02199,31.2522658,75.7025229,0.760,73.50
49.070,1.54187,5.45878,5.37259,-0.35308,-0.10873,-0.12217,31.2522658,75.7025229,0.760,73.50
49.176,0.69911,7.46033,5.05655,-0.01710,-0.49847,0.16616,31.2522683,75.7025315,0.890,72.80
49.278,1.69509,8.78672,6.18183,0.07575,-0.05498,0.18204,31.2522683,75.7025315,0.890,72.80
49.380,0.96726,9.05487,7.97269,-0.04154,0.64141,0.08919,31.2522683,75.7025315,0.890,72.80
49.483,1.05824,6.21535,11.68370,0.02810,0.48381,0.36896,31.2522683,75.7025315,0.890,72.80
49.587,-0.96726,5.25288,7.97748,1.30847,1.16675,1.23395,31.2522683,75.7025315,0.890,72.80
49.691,1.12527,4.51068,9.28471,0.86621,3.48682,1.74952,31.2522683,75.7025315,0.890,72.80
49.796,1.78607,5.44920,9.63427,-0.00122,4.55583,1.65544,31.2522683,75.7025315,0.890,72.80
49.901,3.44286,6.21535,7.62793,0.51435,3.74583,2.01097,31.2522683,75.7025315,0.890,72.80
50.006,3.24654,7.36456,4.53462,0.05620,2.35305,0.88331,31.2522683,75.7025315,0.890,72.80
50.109,2.25055,3.96959,7.20655,0.57544,-0.23946,0.49969,31.2522683,75.7025315,0.890,72.80
50.213,1.35033,7.39808,1.47004,-0.43005,-0.52412,-0.00489,31.2522730,75.7025395,0.840,54.70
50.316,0.22027,7.24964,4.93206,-1.54427,-0.48503,-0.44104,31.2522730,75.7025395,0.840,54.70
50.418,-0.00479,7.37414,7.89129,-1.10567,-1.34635,0.03176,31.2522730,75.7025395,0.840,54.70
50.523,1.90100,7.37893,11.18571,-0.39706,-1.20218,0.10873,31.2522730,75.7025395,0.840,54.70
50.628,0.10056,7.75243,7.48427,-0.55955,0.27733,0.23213,31.2522730,75.7025395,0.840,54.70
50.733,-1.45089,5.76524,8.98783,0.31521,0.54245,0.43371,31.2522730,75.7025395,0.840,54.70
50.836,-2.44687,5.85622,9.41879,-0.06475,0.49602,0.30543,31.2522730,75.7025395,0.840,54.70
50.939,-1.08697,4.92248,9.99819,0.78191,1.19119,0.74648,31.2522730,75.7025395,0.840,54.70
51.043,0.19632,4.86981,9.10275,0.46914,1.23273,0.62675,31.2522730,75.7025395,0.840,54.70
51.147,1.92973,6.82826,6.58405,0.60598,1.21929,0.54856,31.2522730,75.7025395,0.840,54.70
51.249,3.50032,4.21380,9.34218,0.50213,0.46426,0.36530,31.2522784,75.7025444,0.750,33.10
51.354,3.39019,5.92804,4.35266,0.01833,-0.39584,0.45204,31.2522784,75.7025444,0.750,33.10
51.458,1.72383,6.30154,5.35344,-0.83933,-0.89919,-0.55344,31.2522784,75.7025444,0.750,33.10
51.563,1.20668,6.70376,7.91044,-0.38362,-0.90164,-0.25901,31.2522784,75.7025444,0.750,33.10
51.666,0.86191,6.93361,10.87446,-0.42394,-0.50946,-0.54856,31.2522784,75.7025444,0.750,33.10
51.771,-0.66559,9.77313,7.95354,-0.43860,-0.41783,-0.07330,31.2522784,75.7025444,0.750,33.10
51.876,-2.73897,8.77714,12.29183,0.21014,0.40195,0.51313,31.2522784,75.7025444,0.750,33.10
51.979,1.95367,7.98706,6.57927,1.00915,0.47892,0.87476,31.2522784,75.7025444,0.750,33.10
52.083,-0.11492,3.16992,-0.24900,-1.31092,0.73304,-0.09896,31.2522784,75.7025444,0.750,33.10
52.187,-1.51314,2.03986,17.85596,-0.07453,-0.37385,-0.48625,31.2522851,75.7025466,0.760,10.90
52.290,0.34955,0.48363,13.77145,1.62368,-0.24801,0.64874,31.2522851,75.7025466,0.760,10.90
52.392,5.51624,1.59454,1.51792,1.16187,1.53327,1.08856,31.2522851,75.7025466,0.760,10.90
52.495,6.70855,5.97593,1.58975,0.54000,0.07819,0.74526,31.2522851,75.7025466,0.760,10.90
52.598,3.26569,7.00543,3.73495,0.12828,-1.58581,-0.34453,31.2522851,75.7025466,0.760,10.90
52.703,1.32160,8.53294,7.07247,-0.74770,-0.63041,-0.20647,31.2522851,75.7025466,0.760,10.90
52.806,3.12204,9.49062,8.50420,-0.06109,0.08919,-0.05620,31.2522851,75.7025466,0.760,10.90
52.910,3.68228,6.27760,9.42358,0.13317,0.05742,-0.31398,31.2522851,75.7025466,0.760,10.90
53.016,2.45166,5.51624,5.85143,0.56077,-0.28344,0.10507,31.2522851,75.7025466,0.760,10.90
53.119,3.84988,6.47871,5.78439,0.19059,-0.67073,-0.22235,31.2522851,75.7025466,0.760,10.90
53.222,6.17225,8.21211,7.31189,-0.22480,-0.80756,-1.88513,31.2522916,75.7025472,0.670,359.60
53.324,5.36301,8.01579,7.20655,-0.17715,-2.56075,-3.99384,31.2522916,75.7025472,0.670,359.60
53.427,-0.81403,2.75333,14.22635,-0.17226,-3.50637,-5.30964,31.2522916,75.7025472,0.670,359.60
53.531,-1.99676,2.99275,11.79863,0.10873,-2.82831,-4.22230,31.2522916,75.7025472,0.670,359.60
53.635,-4.37181,0.87628,9.94073,0.42150,-1.59680,-3.26691,31.2522916,75.7025472,0.670,359.60
53.741,-8.49463,0.75178,5.36301,1.02381,0.05376,-1.25227,31.2522916,75.7025472,0.670,359.60
53.843,-7.65666,4.86502,4.12282,0.07941,-0.59376,1.17530,31.2522916,75.7025472,0.670,359.60
53.947,-1.72383,8.94474,3.03585,-1.08001,0.93585,1.97920,31.2522916,75.7025472,0.670,359.60
54.051,-0.63207,8.66222,6.06212,-1.54549,0.10018,0.84422,31.2522916,75.7025472,0.670,359.60
54.154,-0.73741,6.62715,8.37492,-0.32376,-0.04398,0.11118,31.2522970,75.7025495,0.390,347.70
54.256,-1.44610,4.80756,7.79073,0.38607,-0.51313,-0.63163,31.2522970,75.7025495,0.390,347.70
54.360,-4.54898,5.34865,7.40287,0.79168,-0.70860,-0.20403,31.2522970,75.7025495,0.390,347.70
54.465,-2.11647,5.68384,8.16902,0.05742,-0.03176,0.95784,31.2522970,75.7025495,0.390,347.70
54.570,-2.51870,5.06134,10.44351,0.44593,-0.48258,0.29932,31.2522970,75.7025495,0.390,347.70
54.674,-2.27928,5.85622,6.33027,0.90164,-0.60598,0.10507,31.2522970,75.7025495,0.390,347.70
54.779,-2.02549,6.44040,5.98550,-0.02321,-0.08796,-0.00855,31.2522970,75.7025495,0.390,347.70
54.885,-1.27850,6.27760,6.75644,-0.27367,0.16616,0.02199,31.2522970,75.7025495,0.390,347.70
54.989,-1.50356,7.74764,6.35900,-0.02932,-0.60109,0.05864,31.2522970,75.7025495,0.390,347.70
55.094,0.91459,8.19775,10.77870,-0.08063,-0.02443,0.35919,31.2522970,75.7025495,0.390,347.70
55.199,3.17950,8.04452,7.84340,0.26389,-0.63408,0.23335,31.2522969,75.7025536,0.440,347.80
55.302,2.48039,5.94241,4.51546,0.81489,-0.06964,-0.31643,31.2522969,75.7025536,0.440,347.80
55.405,0.50278,5.96156,4.81235,-0.03787,-0.85399,-0.75503,31.2522969,75.7025536,0.440,347.80
55.511,0.01915,7.35020,5.62637,-0.18570,-1.23395,-0.11484,31.2522969,75.7025536,0.440,347.80
55.615,1.27372,8.53772,6.38294,0.25779,-0.63897,-0.15027,31.2522969,75.7025536,0.440,347.80
55.719,-0.03831,8.95431,6.18183,0.43982,-0.31521,-0.10263,31.2522969,75.7025536,0.440,347.80
55.823,0.11971,7.90087,5.80833,0.24312,0.40684,0.41783,31.2522969,75.7025536,0.440,347.80
55.927,0.28252,6.04296,7.05811,0.06109,1.07757,0.40928,31.2522969,75.7025536,0.440,347.80
56.033,1.00078,6.91445,6.36858,-0.15760,0.74770,0.32987,31.2522969,75.7025536,0.440,347.80
56.136,0.43096,6.81390,7.03895,-0.26878,0.80390,0.41661,31.2522969,75.7025536,0.440,347.80
56.239,1.43173,7.81946,5.88974,-0.01955,0.49358,0.56810,31.2522951,75.7025604,0.510,75.10
56.341,2.44209,8.21211,8.07804,-0.10385,0.07086,0.12584,31.2522951,75.7025604,0.510,75.10
56.443,3.49553,8.61913,6.05733,0.09041,-0.58154,-0.08063,31.2522951,75.7025604,0.510,75.10
56.545,3.66313,5.98072,6.98149,0.06475,-0.16005,-0.48258,31.2522951,75.7025604,0.510,75.10
56.649,2.53307,6.60800,2.58574,0.78069,-1.32069,-0.52901,31.2522951,75.7025604,0.510,75.10
56.755,1.53708,7.26880,3.49075,-0.48381,-0.43982,-0.27978,31.2522951,75.7025604,0.510,75.10
56.857,1.78129,8.41801,3.62003,0.02199,-1.13254,-0.12706,31.2522951,75.7025604,0.510,75.10
56.961,2.43730,9.16979,5.51624,-0.76114,-0.28588,-0.46914,31.2522951,75.7025604,0.510,75.10
57.064,-0.92895,8.80109,6.00945,-0.91752,0.73304,0.40806,31.2522951,75.7025604,0.510,75.10
57.171,-0.53630,5.46357,7.92481,-2.14536,2.08549,0.50580,31.2522932,75.7025664,0.570,96.20
57.274,-0.08140,4.83629,8.63349,-0.37874,0.50091,0.61453,31.2522932,75.7025664,0.570,96.20
57.378,0.10534,4.14676,8.67180,-0.42272,0.91385,0.35797,31.2522932,75.7025664,0.570,96.20
57.484,-0.51715,4.65912,7.43639,-0.22602,0.10996,0.34575,31.2522932,75.7025664,0.570,96.20
57.589,0.23942,4.99430,10.06522,-0.07208,-0.57177,0.20403,31.2522932,75.7025664,0.570,96.20
57.693,1.87705,5.31513,10.86010,0.18204,-0.46670,0.05864,31.2522932,75.7025664,0.570,96.20
57.797,1.55623,2.98796,11.50175,-0.24923,0.01955,-0.31643,31.2522932,75.7025664,0.570,96.20
57.902,2.26013,3.80199,5.50666,-0.39095,-0.50457,-0.26267,31.2522932,75.7025664,0.570,96.20
58.007,1.53708,3.60567,7.36935,0.09896,-0.44349,-0.37874,31.2522932,75.7025664,0.570,96.20
58.110,2.05422,4.76446,7.21134,-0.31276,-0.65851,-0.43982,31.2522932,75.7025664,0.570,96.20
58.214,1.57538,4.50110,10.41478,-0.40073,-0.75503,-0.53145,31.2522931,75.7025744,0.870,106.40
58.316,0.43096,3.27048,10.51533,-0.91996,-0.59498,0.11973,31.2522931,75.7025744,0.870,106.40
58.419,-0.28252,3.18429,8.34619,0.22358,0.04765,0.76969,31.2522931,75.7025744,0.870,106.40
58.523,1.64721,3.25133,10.07001,-0.07819,-0.17471,0.25168,31.2522931,75.7025744,0.870,106.40
58.627,1.01514,3.40934,8.59040,0.34575,0.08552,0.19426,31.2522931,75.7025744,0.870,106.40
58.731,3.07894,3.00712,11.40598,0.25779,0.40195,0.08186,31.2522931,75.7025744,0.870,106.40
58.836,2.86825,3.48117,8.92080,0.08796,-0.30543,0.00122,31.2522931,75.7025744,0.870,106.40
58.941,3.73017,0.84755,12.69406,0.05620,0.73793,-0.12462,31.2522931,75.7025744,0.870,106.40
59.045,3.97437,3.39498,5.60722,0.21991,-1.18386,-0.20403,31.2522931,75.7025744,0.870,106.40
59.151,1.83875,3.91213,6.08606,-0.23091,0.10018,-0.37385,31.2522931,75.7025744,0.870,106.40
59.254,1.87705,4.74531,9.78750,-0.41905,-0.44227,-0.42638,31.2522912,75.7025847,0.990,111.60
59.356,1.76692,5.41090,11.43471,0.37507,0.04032,0.09896,31.2522912,75.7025847,0.990,111.60
59.460,0.76136,5.36780,9.11233,0.00611,0.32865,0.36408,31.2522912,75.7025847,0.990,111.60
59.564,-0.09577,1.76213,10.40041,0.59132,0.75992,0.63041,31.2522912,75.7025847,0.990,111.60
59.667,1.19710,2.60968,7.36935,1.38666,0.15149,0.83689,31.2522912,75.7025847,0.990,111.60
59.771,1.51792,4.22816,7.52258,0.25045,0.61453,0.41417,31.2522912,75.7025847,0.990,111.60
59.874,3.86424,5.62159,9.09797,0.38973,0.02810,0.01588,31.2522912,75.7025847,0.990,111.60
59.978,3.63440,5.38217,7.97748,0.16982,-0.14661,-0.37507,31.2522912,75.7025847,0.990,111.60
60.082,4.84586,4.12282,9.74440,-0.94318,-0.89186,-0.65485,31.2522912,75.7025847,0.990,111.60
60.186,3.06937,3.69186,4.88417,-0.12339,-1.07879,-1.18019,31.2522897,75.7025964,1.050,104.20
60.289,1.36948,2.18351,7.78594,-1.09711,-0.21014,-1.01648,31.2522897,75.7025964,1.050,104.20
60.392,0.46448,4.65433,6.87136,-1.45264,-0.97005,-0.44715,31.2522897,75.7025964,1.050,104.20
60.497,-0.03831,5.40132,15.20797,-0.75992,-0.75992,-0.40806,31.2522897,75.7025964,1.050,104.20
60.601,0.55545,5.90889,13.10107,0.08186,0.27367,0.36285,31.2522897,75.7025964,1.050,104.20
60.704,1.71904,2.88741,10.86968,1.57359,0.36652,0.77946,31.2522897,75.7025964,1.050,104.20
60.808,2.26970,2.20267,6.97670,1.82527,0.50702,0.32254,31.2522897,75.7025964,1.050,104.20
60.912,2.38941,3.91213,4.33829,0.74892,0.52534,0.34697,31.2522897,75.7025964,1.050,104.20
61.016,2.64320,5.93283,6.29675,-0.23824,0.12950,0.12339,31.2522897,75.7025964,1.050,104.20
61.120,3.85945,6.65109,10.07001,-0.65363,-0.17349,0.05131,31.2522897,75.7025964,1.050,104.20
61.222,5.39174,5.23851,11.60709,-0.90164,-0.78313,-0.33109,31.2522870,75.7026073,1.040,107.10
61.325,3.02148,4.25210,4.89854,0.01710,-0.62553,-0.71227,31.2522870,75.7026073,1.040,107.10
61.430,1.50835,3.93607,5.92325,-0.13683,-0.48136,-0.61087,31.2522870,75.7026073,1.040,107.10
61.532,1.03908,6.29196,6.84742,-0.55955,-0.62186,-0.56566,31.2522870,75.7026073,1.040,107.10
61.636,0.90501,6.88094,11.15219,-0.20281,-0.18937,-0.10873,31.2522870,75.7026073,1.040,107.10
61.740,1.80044,5.98550,10.14663,-0.03176,-0.50824,0.25412,31.2522870,75.7026073,1.040,107.10
61.842,1.93930,3.68228,9.43794,0.38362,0.69761,0.75869,31.2522870,75.7026073,1.040,107.10
61.947,2.03028,2.84910,6.83784,0.74403,1.16920,0.91874,31.2522870,75.7026073,1.040,107.10
62.050,2.89698,5.33428,4.84108,0.71593,0.09041,0.75381,31.2522870,75.7026073,1.040,107.10
62.153,4.25689,6.24408,9.85932,-0.24557,0.26634,0.00733,31.2522870,75.7026073,1.040,107.10
62.258,3.80678,6.18183,7.59920,0.10385,0.26267,0.38973,31.2522848,75.7026191,1.050,107.40
62.360,6.01902,4.79319,9.19373,0.27000,0.11362,-0.06231,31.2522848,75.7026191,1.050,107.40
62.464,3.99353,4.21380,6.51702,-0.58765,-0.78191,-0.47770,31.2522848,75.7026191,1.050,107.40
62.568,2.25055,4.86981,3.91213,0.04154,-0.49847,-0.33598,31.2522848,75.7026191,1.050,107.40
62.671,2.31280,6.90967,7.57047,-0.65118,-0.47770,-0.46304,31.2522848,75.7026191,1.050,107.40
62.774,1.96803,8.15944,9.45710,0.21136,0.26145,0.00855,31.2522848,75.7026191,1.050,107.40
62.877,2.25055,5.00388,12.21522,-0.17471,-0.04887,-0.37507,31.2522848,75.7026191,1.050,107.40
62.981,2.37505,4.59208,9.16022,0.54856,-0.27122,0.23457,31.2522848,75.7026191,1.050,107.40
63.082,1.69031,3.71101,4.78840,0.62553,0.79657,0.38973,31.2522848,75.7026191,1.050,107.40
63.188,3.19865,6.05733,4.97036,0.29566,-0.29810,0.12217,31.2522830,75.7026315,1.080,107.80
63.291,4.23295,6.41167,9.31823,-0.14294,0.01588,-0.16249,31.2522830,75.7026315,1.080,107.80
63.398,3.46680,7.45076,6.29675,-0.87109,-0.19792,-0.24801,31.2522830,75.7026315,1.080,107.80
63.502,3.21302,3.75890,7.34062,0.65851,0.82467,0.04520,31.2522830,75.7026315,1.080,107.80
63.610,3.61046,4.27126,5.26246,-0.56444,-0.72571,-0.47770,31.2522830,75.7026315,1.080,107.80
63.716,1.80044,6.19141,5.58807,-0.43494,-1.09223,-0.52412,31.2522830,75.7026315,1.080,107.80
63.820,0.96247,6.93361,10.50097,-0.59132,0.24801,-0.44104,31.2522830,75.7026315,1.080,107.80
63.925,0.11492,7.81467,7.80031,0.31887,0.68173,0.20525,31.2522830,75.7026315,1.080,107.80
64.031,1.08218,5.34865,12.06678,0.25779,0.17104,0.37263,31.2522830,75.7026315,1.080,107.80
64.136,1.50835,3.17950,9.04051,0.85155,0.63897,0.32498,31.2522830,75.7026315,1.080,107.80
64.239,1.78129,3.95522,3.52905,0.61820,0.57421,0.91385,31.2522806,75.7026433,1.050,107.70
64.343,3.26569,6.31590,6.28239,-0.04765,0.17471,0.50457,31.2522806,75.7026433,1.050,107.70
64.449,3.30400,7.35020,8.91122,-0.70494,0.51191,0.03421,31.2522806,75.7026433,1.050,107.70
64.553,3.51948,3.25133,14.87278,-0.90164,0.02566,0.08308,31.2522806,75.7026433,1.050,107.70
64.658,4.09408,4.70700,4.07493,-0.28344,-0.06964,-0.12095,31.2522806,75.7026433,1.050,107.70
64.762,2.44209,4.81713,5.38217,-0.17471,-0.75747,-0.59010,31.2522806,75.7026433,1.050,107.70
64.863,1.20189,5.98550,8.60955,-0.60842,-0.20281,-0.37629,31.2522806,75.7026433,1.050,107.70
64.968,0.66080,6.66067,10.32859,0.05009,0.17593,0.02688,31.2522806,75.7026433,1.050,107.70
65.070,0.39744,4.38139,15.16008,-0.25779,-0.23702,0.20647,31.2522806,75.7026433,1.050,107.70
65.173,1.22104,3.82115,11.40598,1.05069,-0.01466,0.51679,31.2522787,75.7026548,1.030,105.90
65.275,1.53229,2.55701,4.93684,1.19241,1.41354,0.48625,31.2522787,75.7026548,1.030,105.90
65.378,1.06781,4.51546,4.58250,0.44104,0.22358,0.26878,31.2522787,75.7026548,1.030,105.90
65.483,2.02549,7.14909,7.54174,-0.25656,-0.34086,0.07086,31.2522787,75.7026548,1.030,105.90
65.588,2.62405,6.67982,8.19775,-1.05191,-0.05376,-0.18692,31.2522787,75.7026548,1.030,105.90
65.692,2.89220,4.37181,6.83305,0.90775,0.64996,0.29688,31.2522787,75.7026548,1.030,105.90
65.795,1.80523,3.17950,6.90009,-0.20525,-0.17837,-0.46548,31.2522787,75.7026548,1.030,105.90
65.899,1.57538,5.26246,6.54096,0.09285,-1.16797,-0.51068,31.2522787,75.7026548,1.030,105.90
66.004,1.42216,7.72369,9.05008,-0.12339,-0.05620,-0.08796,31.2522787,75.7026548,1.030,105.90
66.109,0.31603,8.70053,7.62793,0.19303,0.72082,0.39584,31.2522787,75.7026548,1.030,105.90
66.212,0.51236,5.98072,10.23761,0.12706,0.17349,0.13195,31.2522763,75.7026661,1.030,104.70
66.314,0.59376,3.49553,7.63750,0.85277,0.17349,-0.02688,31.2522763,75.7026661,1.030,104.70
66.418,1.46525,4.72615,3.81636,0.51924,0.28955,0.41172,31.2522763,75.7026661,1.030,104.70
66.522,2.23140,6.97670,6.59842,-0.09041,-0.13928,0.18082,31.2522763,75.7026661,1.030,104.70
66.628,2.59531,7.99663,9.07402,-0.29688,0.15882,-0.05009,31.2522763,75.7026661,1.030,104.70
66.733,3.15556,3.62003,12.18170,0.18937,0.62675,-0.13317,31.2522763,75.7026661,1.030,104.70
66.839,3.89776,4.95600,5.39174,-0.37018,-0.80390,-0.39218,31.2522763,75.7026661,1.030,104.70
66.943,1.91057,5.54976,4.56814,-0.28955,-0.78069,-0.60476,31.2522763,75.7026661,1.030,104.70
67.046,1.44131,6.87136,9.18895,-0.62186,-0.53023,-0.47281,31.2522763,75.7026661,1.030,104.70
67.150,0.11492,8.56167,8.71968,0.26389,0.47647,-0.01833,31.2522763,75.7026661,1.030,104.70
67.252,0.37828,4.67348,14.11621,0.45082,-0.01466,0.06720,31.2522734,75.7026791,1.160,104.70
67.356,0.90022,4.34787,8.52336,0.57177,-0.17593,0.00855,31.2522734,75.7026791,1.160,104.70
67.461,0.93853,3.85945,4.83150,0.59743,0.74648,0.38118,31.2522734,75.7026791,1.160,104.70
67.569,1.23062,5.77003,5.78918,0.27489,0.40195,0.32742,31.2522734,75.7026791,1.160,104.70
67.673,3.38540,7.49864,9.47146,-0.05009,-0.09896,0.25412,31.2522734,75.7026791,1.160,104.70
67.777,4.55856,5.95677,9.04051,-1.34757,-0.83322,-0.29566,31.2522734,75.7026791,1.160,104.70
67.881,4.50110,5.89452,4.99909,-0.14050,-0.09041,-0.26634,31.2522734,75.7026791,1.160,104.70
67.987,2.82516,5.01346,5.23851,-0.17349,-0.76725,-0.67440,31.2522734,75.7026791,1.160,104.70
68.090,1.29287,6.29675,6.76601,-0.60231,-0.73915,-0.67806,31.2522734,75.7026791,1.160,104.70
68.193,1.30723,7.45076,10.87925,0.04643,-0.43371,0.01466,31.2522716,75.7026917,1.030,103.50
68.298,1.49877,6.95755,11.65976,-0.96395,-0.58643,0.15149,31.2522716,75.7026917,1.030,103.50
68.402,0.74220,5.06613,7.88171,0.76725,0.78435,0.72204,31.2522716,75.7026917,1.030,103.50
68.507,0.96247,3.42371,4.28562,0.50824,1.30236,0.59376,31.2522716,75.7026917,1.030,103.50
68.612,2.14042,5.65989,5.82270,0.27367,-0.00122,0.56200,31.2522716,75.7026917,1.030,103.50
68.717,4.05578,6.57927,10.50097,0.05131,0.34697,0.19914,31.2522716,75.7026917,1.030,103.50
68.821,4.15633,7.01980,5.89931,-0.41050,-0.02077,-0.25412,31.2522716,75.7026917,1.030,103.50
68.925,4.48195,5.18584,5.74608,0.15027,-0.01466,-0.12217,31.2522716,75.7026917,1.030,103.50
69.028,2.28886,4.53462,4.29520,-0.25168,-0.09163,-0.69272,31.2522716,75.7026917,1.030,103.50
69.131,1.61369,5.96156,6.15310,-0.44960,-1.24006,-0.86132,31.2522716,75.7026917,1.030,103.50
69.234,0.40701,7.63750,9.59117,-0.21747,-0.30177,-0.22235,31.2522699,75.7027041,0.990,100.60
69.335,-0.41659,9.50019,7.16824,0.36285,0.57666,0.24190,31.2522699,75.7027041,0.990,100.60
69.439,-1.40300,4.39575,13.48414,0.62675,0.67317,0.41294,31.2522699,75.7027041,0.990,100.60
69.544,1.22583,2.62883,8.37971,1.53449,0.52412,0.70372,31.2522699,75.7027041,0.990,100.60
69.649,2.37505,5.06134,3.49553,0.53390,0.72815,0.54123,31.2522699,75.7027041,0.990,100.60
69.752,1.96325,7.15387,5.68862,-0.12828,0.38118,0.22969,31.2522699,75.7027041,0.990,100.60
69.856,3.73495,8.52336,8.71011,-0.22846,0.12462,0.04398,31.2522699,75.7027041,0.990,100.60
69.962,4.71179,4.80756,13.50330,-0.10140,-0.58521,0.01466,31.2522699,75.7027041,0.990,100.60
70.067,2.90656,5.19063,2.65756,-0.25656,-0.34697,-0.16860,31.2522699,75.7027041,0.990,100.60
70.172,1.09176,5.66468,4.44364,-0.32132,-0.75625,-0.49847,31.2522693,75.7027139,0.830,96.90
70.276,1.28329,8.13550,8.34619,-0.51313,-0.37141,-0.21502,31.2522693,75.7027139,0.830,96.90
70.379,1.59454,9.38048,9.09318,0.87109,0.48503,0.37385,31.2522693,75.7027139,0.830,96.90
70.481,1.37906,7.08205,10.67335,0.45204,-0.07819,-0.05009,31.2522693,75.7027139,0.830,96.90
70.589,0.76614,4.69742,7.23049,0.62919,0.11606,0.21502,31.2522693,75.7027139,0.830,96.90
70.693,0.44053,4.41491,3.87382,0.27855,1.20218,0.45448,31.2522693,75.7027139,0.830,96.90
70.797,1.38385,7.70933,5.50188,-0.07941,0.30665,0.54734,31.2522693,75.7027139,0.830,96.90
70.901,3.61524,8.51857,9.68215,-0.42028,1.25350,0.21258,31.2522693,75.7027139,0.830,96.90
71.004,6.20098,6.56490,13.54639,-0.61453,-0.75503,-0.13195,31.2522693,75.7027139,0.830,96.90
71.108,3.16513,4.87938,2.13563,0.61087,0.61575,-0.39340,31.2522693,75.7027139,0.830,96.90
71.213,1.22583,4.97515,4.12760,-0.28711,-1.19241,-0.45448,31.2522683,75.7027239,0.890,94.10
71.317,0.94810,7.16345,6.95276,-0.97738,-0.99693,-0.51801,31.2522683,75.7027239,0.890,94.10
71.422,1.33118,9.02614,10.42914,-0.04765,-0.33598,0.04765,31.2522683,75.7027239,0.890,94.10
71.527,1.18274,7.93438,12.22958,-0.32376,-0.93462,-0.30055,31.2522683,75.7027239,0.890,94.10
71.631,0.38786,5.30076,7.66145,0.54856,1.01892,0.53512,31.2522683,75.7027239,0.890,94.10
71.734,0.76136,3.94564,3.70144,0.36285,1.45508,0.57666,31.2522683,75.7027239,0.890,94.10
71.840,1.75734,6.44040,5.20021,0.14539,0.36285,0.27489,31.2522683,75.7027239,0.890,94.10
71.943,3.10289,7.75243,8.76757,0.00122,0.04154,0.07330,31.2522683,75.7027239,0.890,94.10
72.048,2.90656,8.82503,5.90410,-0.75992,-0.04765,-0.28711,31.2522683,75.7027239,0.890,94.10
72.151,3.77805,4.37181,9.17458,0.85643,0.67684,-0.25290,31.2522696,75.7027337,0.830,89.40
72.253,1.88184,4.32872,4.62560,-0.32009,-0.72449,-0.70494,31.2522696,75.7027337,0.830,89.40
72.356,0.31603,5.88974,5.49230,-0.52412,-0.94440,-0.73059,31.2522696,75.7027337,0.830,89.40
72.461,-0.12929,7.68539,9.92636,-0.63286,-0.57910,-0.29688,31.2522696,75.7027337,0.830,89.40
72.567,-1.04866,9.06445,8.88728,-0.14294,-0.30788,0.06597,31.2522696,75.7027337,0.830,89.40
72.672,-1.07260,5.17626,10.22803,0.71593,0.95539,0.55100,31.2522696,75.7027337,0.830,89.40
72.776,0.18196,3.79242,7.59441,0.50702,0.40195,0.80023,31.2522696,75.7027337,0.830,89.40
72.879,0.85234,5.27203,5.41090,0.44349,0.65240,0.54489,31.2522696,75.7027337,0.830,89.40
72.983,1.85311,6.80432,6.97670,-0.01466,0.35064,0.09529,31.2522696,75.7027337,0.830,89.40
73.086,2.21703,6.91445,8.97826,-0.23335,0.22724,0.11851,31.2522696,75.7027337,0.830,89.40
73.194,4.56335,5.63116,9.65342,-0.75992,-0.44227,0.01588,31.2522709,75.7027420,0.780,85.30
73.297,3.00233,5.78918,4.08930,-0.32376,-0.71960,-0.55222,31.2522709,75.7027420,0.780,85.30
73.400,2.08774,5.42047,5.91368,-0.14539,-0.92852,-0.86254,31.2522709,75.7027420,0.780,85.30
73.505,0.75657,6.22971,6.94797,-0.36285,-0.74281,-0.81245,31.2522709,75.7027420,0.780,85.30
73.610,0.79009,7.86735,9.03572,0.00733,-0.71960,-0.26023,31.2522709,75.7027420,0.780,85.30
73.715,-0.29209,8.41801,7.63272,-0.39340,-0.16493,0.07819,31.2522709,75.7027420,0.780,85.30
73.818,-1.23062,5.58328,9.52413,0.31765,0.94440,0.72449,31.2522709,75.7027420,0.780,85.30
73.922,1.07739,4.26647,7.35020,0.90286,0.83322,0.56322,31.2522709,75.7027420,0.780,85.30
74.026,1.47962,5.07571,5.69341,0.62675,0.79535,0.52412,31.2522709,75.7027420,0.780,85.30
74.131,1.63285,6.85221,5.17148,-0.04032,0.52046,0.38240,31.2522709,75.7027420,0.780,85.30
74.234,3.48596,8.12592,9.61990,-0.48991,-0.21380,-0.08919,31.2522732,75.7027519,0.840,80.60
74.336,4.79798,6.11958,12.02847,-0.33109,-0.93462,-0.36530,31.2522732,75.7027519,0.840,80.60
74.442,2.84910,5.07571,2.19309,0.23946,-0.57055,-0.50091,31.2522732,75.7027519,0.840,80.60
74.547,1.41737,4.50110,4.54898,-0.76358,-1.09956,-0.76969,31.2522732,75.7027519,0.840,80.60
74.652,-0.18196,7.12993,6.37336,-1.07268,-1.18019,-0.78435,31.2522732,75.7027519,0.840,80.60
74.757,0.17238,9.19852,10.80743,-0.22602,-0.33720,0.06475,31.2522732,75.7027519,0.840,80.60
74.861,1.19231,8.31746,10.99896,-0.17593,0.18326,0.09163,31.2522732,75.7027519,0.840,80.60
74.965,-0.05746,4.64954,7.35020,0.91141,1.50884,0.82955,31.2522732,75.7027519,0.840,80.60
75.069,0.65601,3.31358,5.55934,-0.07208,1.29626,0.59010,31.2522732,75.7027519,0.840,80.60
75.174,1.65679,5.21457,4.47716,0.17593,0.24923,0.97005,31.2522743,75.7027617,0.850,79.30
75.275,2.72460,6.39731,7.13472,-0.18937,-0.08430,0.57544,31.2522743,75.7027617,0.850,79.30
75.378,2.93529,6.89530,9.22246,-0.63041,-0.04154,0.26389,31.2522743,75.7027617,0.850,79.30
75.480,5.10923,5.01346,8.68616,0.48747,0.49236,0.71960,31.2522743,75.7027617,0.850,79.30
75.584,3.88340,5.36780,6.32069,-0.74892,-0.25534,-0.74892,31.2522743,75.7027617,0.850,79.30
75.688,2.35589,4.75010,4.80756,0.01955,-0.28222,-0.59010,31.2522743,75.7027617,0.850,79.30
75.792,1.68073,6.06691,7.03416,-0.46426,-0.67195,-0.04032,31.2522743,75.7027617,0.850,79.30
75.895,2.48997,8.09719,11.82736,-0.05376,0.40561,0.01466,31.2522743,75.7027617,0.850,79.30
75.999,1.81959,3.79720,11.34852,1.17897,0.65485,0.16371,31.2522743,75.7027617,0.850,79.30
76.103,1.96803,4.84108,7.11078,0.47770,-0.18937,0.04276,31.2522743,75.7027617,0.850,79.30
76.207,1.48441,3.81157,4.56335,0.37141,0.81856,0.39095,31.2522737,75.7027734,0.960,82.90
76.311,0.75178,5.65510,5.49230,0.06109,-0.10507,0.15638,31.2522737,75.7027734,0.960,82.90
76.414,2.17394,6.42125,9.88326,-0.14172,-0.03176,0.05620,31.2522737,75.7027734,0.960,82.90
76.520,4.21858,5.64553,12.39239,-1.36467,-0.63897,-0.00733,31.2522737,75.7027734,0.960,82.90
76.625,3.66313,3.92170,5.07571,0.45693,0.47525,0.33720,31.2522737,75.7027734,0.960,82.90
76.728,3.33752,3.95522,3.53863,-0.40928,-0.22113,-0.57055,31.2522737,75.7027734,0.960,82.90
76.832,1.36469,4.72137,6.02381,-0.95173,-0.94073,-0.51924,31.2522737,75.7027734,0.960,82.90
76.933,1.69988,7.41245,10.71645,-0.73670,-0.00244,0.25779,31.2522737,75.7027734,0.960,82.90
77.038,2.27449,9.21768,12.79940,0.22969,0.26878,-0.06109,31.2522737,75.7027734,0.960,82.90
77.143,-1.35991,5.38695,7.92002,1.72875,0.69639,0.49114,31.2522737,75.7027734,0.960,82.90
77.246,1.18274,2.88741,6.90488,1.43309,0.46059,0.00611,31.2522727,75.7027853,1.080,88.30
77.348,1.48919,3.82115,4.05099,0.71716,1.00548,0.02566,31.2522727,75.7027853,1.080,88.30
77.454,1.48441,6.21535,3.39498,-0.11362,0.04032,0.23579,31.2522727,75.7027853,1.080,88.30
77.559,3.44765,9.10754,6.91445,-0.89919,-0.57788,-0.11362,31.2522727,75.7027853,1.080,88.30
77.665,1.96803,4.88896,11.33894,-0.38851,0.77702,0.02810,31.2522727,75.7027853,1.080,88.30
77.770,3.39019,5.25288,6.60800,-0.21625,-1.21929,-0.43982,31.2522727,75.7027853,1.080,88.30
77.875,2.57137,5.08050,5.25767,0.05376,-0.95539,-0.76603,31.2522727,75.7027853,1.080,88.30
77.980,1.23062,6.23450,6.40688,-0.62430,-0.16493,-0.81123,31.2522727,75.7027853,1.080,88.30
78.083,0.32561,7.87214,10.60631,-0.39340,0.20036,-0.20769,31.2522727,75.7027853,1.080,88.30
78.187,-0.01437,4.23295,14.13058,0.35919,0.21625,0.31643,31.2522726,75.7027961,1.000,91.10
78.289,-0.02394,4.82192,8.08282,0.75869,-0.48747,0.60109,31.2522726,75.7027961,1.000,91.10
78.394,1.01993,3.87382,5.96635,0.96150,0.14294,0.37751,31.2522726,75.7027961,1.000,91.10
78.498,1.27372,4.67827,5.41090,0.13317,1.32680,0.11606,31.2522726,75.7027961,1.000,91.10
78.602,2.21224,7.02938,7.32147,-0.41905,0.53512,0.21136,31.2522726,75.7027961,1.000,91.10
78.705,3.82593,8.97826,9.14106,-0.99327,-0.05742,0.02077,31.2522726,75.7027961,1.000,91.10
78.807,3.52426,4.41012,7.78116,1.70920,0.58399,-0.00244,31.2522726,75.7027961,1.000,91.10
78.913,2.33674,3.62961,4.05099,-0.04276,-1.27915,-0.77946,31.2522726,75.7027961,1.000,91.10
79.017,0.14844,4.69742,4.27126,-0.80634,-1.03603,-0.71105,31.2522726,75.7027961,1.000,91.10
79.120,1.18274,7.75243,7.47949,-0.69272,-0.57421,-0.14294,31.2522726,75.7027961,1.000,91.10
79.225,-0.01915,8.73884,9.61990,-0.14172,0.45815,-0.07819,31.2522726,75.7028087,1.090,91.10
79.328,-0.07183,5.29119,10.70208,0.81001,0.86010,0.32865,31.2522726,75.7028087,1.090,91.10
79.433,1.05345,4.22816,8.48984,0.90286,-0.12095,0.04520,31.2522726,75.7028087,1.090,91.10
79.537,0.72784,3.25611,4.07014,0.69028,0.85765,0.41539,31.2522726,75.7028087,1.090,91.10
79.641,1.73340,5.83228,4.38139,-0.06720,0.21136,0.21014,31.2522726,75.7028087,1.090,91.10
79.746,3.25133,9.00220,8.70053,-0.66706,-0.52412,-0.16860,31.2522726,75.7028087,1.090,91.10
79.850,4.47716,7.10120,13.48893,-0.98716,-0.98105,-0.52901,31.2522726,75.7028087,1.090,91.10
79.954,1.94409,4.61602,1.33596,1.08856,-0.04032,-0.19059,31.2522726,75.7028087,1.090,91.10
80.059,1.48919,3.96001,4.61602,-0.72326,-0.10385,-0.47403,31.2522726,75.7028087,1.090,91.10
80.164,1.03908,6.33027,4.84108,-0.68539,-0.91752,-0.08063,31.2522734,75.7028210,1.100,91.30
80.267,2.44687,8.27436,12.34929,-0.44471,-0.46304,-0.19914,31.2522734,75.7028210,1.100,91.30
80.371,1.41737,7.65187,10.80743,-0.41172,0.23213,-0.01466,31.2522734,75.7028210,1.100,91.30
80.476,0.22505,4.20901,8.41323,0.76114,0.57544,0.36408,31.2522734,75.7028210,1.100,91.30
80.582,0.40701,2.44209,3.42371,0.63408,0.43494,0.34453,31.2522734,75.7028210,1.100,91.30
80.685,1.44610,4.02705,4.90333,0.14294,-0.13317,0.92241,31.2522734,75.7028210,1.100,91.30
80.787,4.10366,7.07726,8.78193,-0.35919,0.29322,0.27000,31.2522734,75.7028210,1.100,91.30
80.892,3.58651,7.79073,8.82982,-0.60353,-0.00855,-0.21625,31.2522734,75.7028210,1.100,91.30
80.995,4.64954,2.54743,11.36767,0.65851,-0.00977,-0.28100,31.2522734,75.7028210,1.100,91.30
81.097,2.74376,3.23217,3.68228,-0.52901,-0.59865,-0.64141,31.2522734,75.7028210,1.100,91.30
81.203,1.57060,4.75488,6.29675,-0.57421,-0.77458,-0.62064,31.2522745,75.7028334,1.010,90.30
81.305,2.08296,6.90009,10.49139,-0.72571,-0.29810,-0.57544,31.2522745,75.7028334,1.010,90.30
81.410,1.08697,8.16423,9.28950,0.73304,0.39340,0.24190,31.2522745,75.7028334,1.010,90.30
81.514,0.74220,3.33752,12.05241,1.02870,0.99449,0.34086,31.2522745,75.7028334,1.010,90.30
81.618,1.94409,3.03106,6.66067,0.89553,-0.13195,0.64019,31.2522745,75.7028334,1.010,90.30
81.722,1.46525,2.60489,3.73974,0.42028,1.24739,0.71349,31.2522745,75.7028334,1.010,90.30
81.825,2.18351,5.38695,6.40210,0.00000,0.21625,0.50335,31.2522745,75.7028334,1.010,90.30
81.928,4.44364,7.41245,9.51935,-0.44593,-0.38729,0.02566,31.2522745,75.7028334,1.010,90.30
82.033,5.43484,4.29520,14.37958,-0.35430,-0.13439,-0.22846,31.2522745,75.7028334,1.010,90.30
82.136,3.35188,4.14676,2.36547,0.06475,-0.58277,-0.43982,31.2522745,75.7028334,1.010,90.30
82.239,1.92973,3.45723,4.80277,-0.39584,-0.16005,-0.29688,31.2522716,75.7028498,1.140,91.10
82.342,3.23217,6.45956,8.30309,-0.66829,-0.76114,-0.41783,31.2522716,75.7028498,1.140,91.10
82.447,1.97282,7.40287,10.04607,0.07941,-0.12217,-0.34941,31.2522716,75.7028498,1.140,91.10
82.554,0.36871,4.87938,11.53526,-0.49724,-0.10629,0.35186,31.2522716,75.7028498,1.140,91.10
82.659,2.33674,5.17148,8.63828,0.07575,0.32254,0.82711,31.2522716,75.7028498,1.140,91.10
82.762,3.29921,4.20422,5.09486,0.85032,1.01037,0.16860,31.2522716,75.7028498,1.140,91.10
82.864,2.92093,5.04219,5.22894,0.80634,-0.29688,-0.09529,31.2522716,75.7028498,1.140,91.10
82.969,2.16436,5.95677,8.37013,0.11484,-0.70616,-0.24312,31.2522716,75.7028498,1.140,91.10
83.073,3.03106,7.78594,8.27436,-0.33598,-0.00977,-0.32376,31.2522716,75.7028498,1.140,91.10
83.175,1.77650,3.85945,7.58483,0.51924,0.61087,-0.15638,31.2522697,75.7028644,1.140,91.00
83.278,2.50912,3.79242,5.88974,-0.48381,-0.12462,0.04643,31.2522697,75.7028644,1.140,91.00
83.383,1.67594,5.75087,5.38217,-0.43860,-0.33842,-0.21380,31.2522697,75.7028644,1.140,91.00
83.488,2.14999,7.57525,8.38449,-0.36774,0.04643,0.12706,31.2522697,75.7028644,1.140,91.00
83.592,0.66080,8.43717,8.12592,0.10018,1.06657,0.15516,31.2522697,75.7028644,1.140,91.00
83.696,0.52672,4.86981,11.42034,0.58032,0.59620,0.54489,31.2522697,75.7028644,1.140,91.00
83.799,2.85868,4.05578,7.76679,0.98838,0.44715,0.08674,31.2522697,75.7028644,1.140,91.00
83.905,1.37906,4.47716,3.88818,0.39828,0.39462,0.13683,31.2522697,75.7028644,1.140,91.00
84.009,1.12049,5.80833,5.27682,0.04643,0.05009,0.00855,31.2522697,75.7028644,1.140,91.00
84.113,3.45244,7.51300,9.33739,-0.35186,-0.23579,-0.03787,31.2522697,75.7028644,1.140,91.00
84.218,3.55778,6.02860,9.80665,-0.91141,-0.45448,-0.61209,31.2522689,75.7028759,0.920,90.80
84.322,3.73974,5.38695,5.56891,-0.16371,-0.92363,-0.41661,31.2522689,75.7028759,0.920,90.80
84.426,3.25611,4.66869,5.24809,-0.29932,-0.76603,-0.77824,31.2522689,75.7028759,0.920,90.80
84.530,1.13006,5.99987,5.19542,-0.41661,-0.91141,-0.80146,31.2522689,75.7028759,0.920,90.80
84.634,0.91459,8.16902,11.14261,-0.03910,-0.11729,-0.33964,31.2522689,75.7028759,0.920,90.80
84.739,1.35991,6.08606,14.94940,0.10385,-0.52657,-0.14539,31.2522689,75.7028759,0.920,90.80
84.844,1.49398,5.14753,6.98628,0.80390,0.12584,0.26023,31.2522689,75.7028759,0.920,90.80
84.948,1.12049,3.84988,4.12282,0.20892,1.00548,0.34575,31.2522689,75.7028759,0.920,90.80
85.052,3.01669,5.77960,6.26802,0.33231,0.02566,0.30665,31.2522689,75.7028759,0.920,90.80
85.156,3.44765,6.91445,7.26880,-0.14294,-0.19181,-0.10140,31.2522661,75.7028858,0.920,93.30
85.257,3.27048,6.65109,6.44519,-1.11544,-0.42761,-0.15027,31.2522661,75.7028858,0.920,93.30
85.359,4.45800,5.10444,5.89931,0.37141,0.04398,0.25045,31.2522661,75.7028858,0.920,93.30
85.463,3.45723,4.78362,3.95522,-0.54611,-0.44471,-0.77946,31.2522661,75.7028858,0.920,93.30
85.565,1.59933,5.68384,5.98072,-0.55344,-0.79657,-0.97738,31.2522661,75.7028858,0.920,93.30
85.671,0.93374,7.63750,9.29908,-0.33475,-0.50091,-0.25412,31.2522661,75.7028858,0.920,93.30
85.777,0.87149,8.75799,7.49385,-0.01955,0.43249,0.11851,31.2522661,75.7028858,0.920,93.30
85.879,0.89064,5.20021,11.59272,0.86132,0.64507,0.55711,31.2522661,75.7028858,0.920,93.30
85.985,1.95846,3.28006,6.52181,1.29870,1.28404,0.25290,31.2522661,75.7028858,0.920,93.30
86.090,1.67594,4.96557,4.44364,0.39095,0.55100,0.50457,31.2522661,75.7028858,0.920,93.30
86.194,2.24097,6.83305,7.91044,-0.02566,0.48136,0.39218,31.2522635,75.7028963,0.980,96.40
86.297,3.56257,7.85777,5.26246,-0.43738,0.16493,0.20403,31.2522635,75.7028963,0.980,96.40
86.401,3.89297,4.67827,7.11557,0.06720,0.15149,0.09163,31.2522635,75.7028963,0.980,96.40
86.505,3.24654,4.32872,5.49230,-0.61942,-0.00855,-0.38240,31.2522635,75.7028963,0.980,96.40
86.609,1.65200,5.44441,4.90333,-0.32742,-0.91996,-0.51191,31.2522635,75.7028963,0.980,96.40
86.714,1.41258,7.00543,7.53216,-0.49358,-0.50702,-0.36408,31.2522635,75.7028963,0.980,96.40
86.818,2.71024,8.82503,10.53928,0.51313,0.07697,0.01955,31.2522635,75.7028963,0.980,96.40
86.920,1.48919,6.39252,11.73638,0.35186,0.15272,-0.25168,31.2522635,75.7028963,0.980,96.40
87.026,1.44131,4.76925,7.45554,0.82467,0.26512,0.18815,31.2522635,75.7028963,0.980,96.40
87.129,1.12527,3.40455,4.61602,0.31643,1.18508,0.67073,31.2522635,75.7028963,0.980,96.40
87.233,3.38540,5.61201,4.28562,0.61453,0.38851,0.80879,31.2522624,75.7029060,0.980,96.80
87.338,4.25689,6.94318,7.84340,-0.02566,0.15272,-0.09529,31.2522624,75.7029060,0.980,96.80
87.442,3.47638,7.53695,6.19141,-0.93585,-0.20036,0.09041,31.2522624,75.7029060,0.980,96.80
87.546,4.98952,5.43484,5.90889,0.38118,0.80756,0.58765,31.2522624,75.7029060,0.980,96.80
87.649,3.74932,4.66391,5.29119,-0.50580,-0.08552,-0.53145,31.2522624,75.7029060,0.980,96.80
87.754,2.01113,5.59285,5.42047,-0.52290,-0.88698,-0.93585,31.2522624,75.7029060,0.980,96.80
87.858,-0.81882,6.84263,9.56244,-0.79657,0.27489,-0.18815,31.2522624,75.7029060,0.980,96.80
87.961,1.01993,7.76200,13.19205,-0.65729,-0.74648,0.42516,31.2522624,75.7029060,0.980,96.80
88.065,0.52194,4.68785,9.46667,1.42942,1.08856,1.11544,31.2522624,75.7029060,0.980,96.80
88.169,2.20745,3.30400,4.65912,1.44042,0.88453,0.86987,31.2522605,75.7029161,1.060,97.80
88.272,2.94487,4.04141,4.54898,0.34697,1.06779,0.41783,31.2522605,75.7029161,1.060,97.80
88.374,2.98318,5.93283,3.70622,-0.33720,-0.32132,0.09529,31.2522605,75.7029161,1.060,97.80
88.477,4.69264,6.87615,8.25521,-1.50517,-0.44838,-0.09285,31.2522605,75.7029161,1.060,97.80
88.582,6.11958,5.03740,12.70842,0.30055,0.20036,0.07330,31.2522605,75.7029161,1.060,97.80
88.688,3.88818,4.32393,3.06937,0.22358,-0.49114,-1.05069,31.2522605,75.7029161,1.060,97.80
88.792,1.59454,4.28562,4.87938,-0.20892,-1.12399,-1.09345,31.2522605,75.7029161,1.060,97.80
88.899,0.77093,6.08127,8.21211,-0.63774,-0.67928,-0.45326,31.2522605,75.7029161,1.060,97.80
89.002,0.95768,8.41801,7.88171,-0.11851,0.46426,0.14783,31.2522605,75.7029161,1.060,97.80
89.107,1.60890,5.35822,16.13213,-0.03421,0.23213,0.32009,31.2522605,75.7029161,1.060,97.80
89.211,1.76213,3.76847,9.54329,1.29137,0.78435,0.67073,31.2522614,75.7029265,0.980,97.40
89.317,1.76692,3.32794,3.21781,0.83933,1.18997,0.68295,31.2522614,75.7029265,0.980,97.40
89.421,2.18830,5.12838,4.98473,0.36285,0.42883,0.36408,31.2522614,75.7029265,0.980,97.40
89.525,3.95522,6.45956,7.86256,-0.53390,-0.57299,0.40561,31.2522614,75.7029265,0.980,97.40
89.628,5.43484,5.90410,10.63983,-2.28341,-0.66706,-0.30543,31.2522614,75.7029265,0.980,97.40
89.732,4.96557,4.77883,6.61278,0.41905,0.48747,-0.16493,31.2522614,75.7029265,0.980,97.40
89.836,2.89220,3.74453,5.49709,-0.40317,-0.48503,-0.95539,31.2522614,75.7029265,0.980,97.40
89.939,1.54665,5.21457,7.40287,-0.23702,-0.87720,-0.90652,31.2522614,75.7029265,0.980,97.40
90.044,0.43574,6.57927,7.61356,0.03299,0.02199,-0.18815,31.2522614,75.7029265,0.980,97.40
90.149,2.03507,6.37815,13.25430,-1.31580,-1.24861,0.48381,31.2522650,75.7029396,1.080,95.30
90.252,1.91057,4.72615,11.21444,0.99205,0.42150,0.95051,31.2522650,75.7029396,1.080,95.30
90.354,2.27928,3.07416,5.93283,1.31947,0.80512,0.27245,31.2522650,75.7029396,1.080,95.30
90.458,2.63362,4.00311,4.94163,0.75503,0.51557,-0.01588,31.2522650,75.7029396,1.080,95.30
90.564,2.12126,5.60243,6.85221,0.09285,-0.06964,0.06964,31.2522650,75.7029396,1.080,95.30
90.668,4.05578,7.75243,6.99586,-0.62797,0.07819,-0.17226,31.2522650,75.7029396,1.080,95.30
90.771,4.10845,3.47638,11.90876,-0.05864,0.63652,-0.25534,31.2522650,75.7029396,1.080,95.30
90.876,4.36702,4.27126,5.58807,-0.10263,-0.78069,-0.58887,31.2522650,75.7029396,1.080,95.30
90.981,2.48518,4.76925,5.06613,-0.21014,-0.94562,-0.83933,31.2522650,75.7029396,1.080,95.30
91.085,1.31202,6.64152,9.58638,-0.52290,-0.59498,-0.33842,31.2522650,75.7029396,1.080,95.30
91.187,0.48842,7.88171,8.16423,0.29077,0.45448,0.19792,31.2522645,75.7029515,1.020,96.50
91.290,1.29766,5.59285,12.01889,0.44715,0.47525,0.45693,31.2522645,75.7029515,1.020,96.50
91.394,2.45645,4.10845,8.92080,1.02503,0.09774,0.03054,31.2522645,75.7029515,1.020,96.50
91.498,1.31202,3.37104,3.18908,0.57666,0.90164,0.16249,31.2522645,75.7029515,1.020,96.50
91.605,2.11169,6.21535,6.78038,0.14294,-0.02321,0.29932,31.2522645,75.7029515,1.020,96.50
91.709,3.84988,8.35098,9.71088,-0.52046,-0.25290,0.13928,31.2522645,75.7029515,1.020,96.50
91.813,4.66869,4.08451,15.51922,-0.86865,0.00367,-0.12095,31.2522645,75.7029515,1.020,96.50
91.916,3.59609,4.93684,1.97282,0.12462,-0.21258,-0.12706,31.2522645,75.7029515,1.020,96.50
92.021,1.81480,4.13718,6.62715,-0.14416,-0.11240,-0.27245,31.2522645,75.7029515,1.020,96.50
92.124,2.10211,6.13394,6.34463,-0.38973,-0.72693,-0.16738,31.2522645,75.7029515,1.020,96.50
92.228,2.68151,7.41724,11.74117,-0.08308,-0.03910,0.06842,31.2522669,75.7029643,1.090,92.80
92.331,1.02472,6.85699,10.42914,-0.03910,-0.13317,0.42028,31.2522669,75.7029643,1.090,92.80
92.435,2.49955,5.72214,9.58160,0.90652,0.27611,0.54123,31.2522669,75.7029643,1.090,92.80
92.540,1.71904,3.35188,5.49230,1.22295,0.96517,0.24923,31.2522669,75.7029643,1.090,92.80
92.645,2.10211,4.99909,3.95043,0.96517,0.42028,0.08552,31.2522669,75.7029643,1.090,92.80
92.748,3.04064,7.33105,6.25844,0.21747,-0.06720,-0.04154,31.2522669,75.7029643,1.090,92.80
92.851,3.52905,7.92481,5.00388,-0.69394,0.08552,-0.04643,31.2522669,75.7029643,1.090,92.80
92.954,3.66313,5.44441,7.65187,-0.08430,0.28711,0.05864,31.2522669,75.7029643,1.090,92.80
93.060,3.60567,4.45800,7.24485,-1.01037,-0.45326,-0.54123,31.2522669,75.7029643,1.090,92.80
93.163,2.00634,5.36780,4.78362,-0.26389,-1.17775,-0.44471,31.2522719,75.7029771,1.070,86.60
93.266,1.24020,7.62793,8.02536,-0.41905,-0.68661,-0.23579,31.2522719,75.7029771,1.070,86.60
93.369,1.33118,9.13148,8.45632,0.68539,0.37507,-0.01222,31.2522719,75.7029771,1.070,86.60
93.472,1.56102,5.32470,13.78102,-0.07330,0.11606,-0.00122,31.2522719,75.7029771,1.070,86.60
93.576,3.49553,4.70221,8.17859,0.66462,0.31887,0.24801,31.2522719,75.7029771,1.070,86.60
93.679,2.26491,3.95522,3.58651,0.46670,0.73915,0.28222,31.2522719,75.7029771,1.070,86.60
93.786,2.99275,6.12916,5.41568,0.25779,-0.21747,0.14783,31.2522719,75.7029771,1.070,86.60
93.890,3.82593,7.24485,7.99663,-0.35430,0.19914,0.03299,31.2522719,75.7029771,1.070,86.60
93.994,5.06134,4.62560,12.21043,-0.85155,0.29810,-0.13928,31.2522719,75.7029771,1.070,86.60
94.100,4.65912,5.31034,5.20978,-0.20403,-0.33964,-0.55833,31.2522719,75.7029771,1.070,86.60
94.205,1.68552,5.01825,4.00789,-0.15638,-0.46181,-0.63897,31.2522730,75.7029894,1.080,84.10
94.308,1.06781,6.67025,7.07247,-0.45204,-0.70616,-0.50457,31.2522730,75.7029894,1.080,84.10
94.412,-0.39744,8.12113,10.50576,0.33842,0.57055,0.56200,31.2522730,75.7029894,1.080,84.10
94.518,1.23062,6.40688,14.99728,0.60231,-0.01344,0.89309,31.2522730,75.7029894,1.080,84.10
94.624,2.60489,5.15232,9.63427,1.48685,0.14905,0.75992,31.2522730,75.7029894,1.080,84.10
94.728,2.98796,4.08451,2.32716,0.52290,1.58703,-0.04398,31.2522730,75.7029894,1.080,84.10
94.833,1.93930,6.10043,4.71179,0.35064,0.36041,0.04154,31.2522730,75.7029894,1.080,84.10
94.936,3.64876,7.74764,5.33907,-0.50946,-0.47892,-0.09407,31.2522730,75.7029894,1.080,84.10
95.038,4.05099,8.89685,5.42047,-1.24494,-0.78679,-0.39706,31.2522730,75.7029894,1.080,84.10
95.142,2.97360,6.27281,8.77714,-0.35064,0.26267,-0.58521,31.2522730,75.7029894,1.080,84.10
95.244,1.46046,4.36224,6.66067,-0.41417,-0.36408,-0.93585,31.2522750,75.7030024,1.070,83.80
95.348,0.74699,5.41090,5.07571,0.01833,-0.98960,-0.52168,31.2522750,75.7030024,1.070,83.80
95.453,0.07183,7.96311,8.41323,-0.62430,0.00244,0.04643,31.2522750,75.7030024,1.070,83.80
95.558,0.04310,10.24718,8.54251,-0.55955,0.36652,0.35675,31.2522750,75.7030024,1.070,83.80
95.664,-0.36392,4.05578,9.65821,0.93829,0.96639,0.70494,31.2522750,75.7030024,1.070,83.80
95.768,2.43251,2.93529,8.77236,1.10444,0.40073,0.21991,31.2522750,75.7030024,1.070,83.80
95.875,1.92015,3.67749,2.82995,0.93585,0.85399,0.52779,31.2522750,75.7030024,1.070,83.80
95.980,2.64799,6.32548,5.05655,-0.03176,0.11606,0.57177,31.2522750,75.7030024,1.070,83.80
96.087,3.38061,8.03494,7.86735,-0.55833,-0.05131,0.26512,31.2522750,75.7030024,1.070,83.80
96.193,5.32470,6.63194,12.77067,-1.58825,-0.75381,-0.20647,31.2522770,75.7030167,1.100,84.10
96.298,3.02627,4.64954,3.79720,-0.35919,-0.57055,-1.02014,31.2522770,75.7030167,1.100,84.10
96.405,1.50356,4.44843,4.48195,-0.24923,-0.83811,-0.85643,31.2522770,75.7030167,1.100,84.10
96.509,0.63686,5.77481,7.93438,-0.70127,-0.64874,-0.58643,31.2522770,75.7030167,1.100,84.10
96.613,0.28252,8.29351,10.73560,0.12950,0.13683,0.08674,31.2522770,75.7030167,1.100,84.10
96.716,-0.49799,4.53941,13.62780,0.32987,0.37629,0.34208,31.2522770,75.7030167,1.100,84.10
96.819,1.28329,4.29041,8.95910,0.78924,0.03665,0.81367,31.2522770,75.7030167,1.100,84.10
96.925,1.74298,3.12204,5.00867,0.88453,1.01281,0.72204,31.2522770,75.7030167,1.100,84.10
97.029,1.01514,5.08528,4.09408,0.87354,0.06109,0.63530,31.2522770,75.7030167,1.100,84.10
97.133,3.01669,7.89608,7.09163,-0.20525,0.38362,0.57788,31.2522770,75.7030167,1.100,84.10
97.236,3.62003,6.24408,7.70933,-0.57177,0.67684,-0.09407,31.2522784,75.7030298,1.090,85.90
97.340,5.20021,5.16669,5.35344,-0.07575,0.11362,0.25412,31.2522784,75.7030298,1.090,85.90
97.443,3.88818,4.78840,4.25689,-0.29444,-0.18204,-0.50457,31.2522784,75.7030298,1.090,85.90
97.547,2.70066,5.55455,6.19141,-0.34208,-1.50029,-1.05313,31.2522784,75.7030298,1.090,85.90
97.651,1.09176,6.77559,9.39964,-0.53267,-0.16005,-0.64507,31.2522784,75.7030298,1.090,85.90
97.756,1.22583,7.96311,10.95587,-0.57421,-0.42150,0.29322,31.2522784,75.7030298,1.090,85.90
97.860,0.90980,5.56891,8.97826,0.83444,0.44349,0.69272,31.2522784,75.7030298,1.090,85.90
97.964,1.05345,2.51391,4.60166,0.96272,0.87842,0.61209,31.2522784,75.7030298,1.090,85.90
98.068,0.90980,4.71658,3.34231,0.34453,0.23091,0.52901,31.2522784,75.7030298,1.090,85.90
98.172,2.96402,7.32147,9.42358,-0.04032,0.02443,0.76847,31.2522780,75.7030430,1.080,88.70
98.274,5.07092,8.23127,8.95431,-0.46548,0.68173,0.13806,31.2522780,75.7030430,1.080,88.70
98.377,5.62637,4.75488,5.86101,0.81245,0.49358,0.00855,31.2522780,75.7030430,1.080,88.70
98.482,4.18985,3.96480,5.28161,-0.44227,-0.33964,-0.92974,31.2522780,75.7030430,1.080,88.70
98.587,2.23618,4.74052,5.31513,-0.76603,-1.02137,-1.28037,31.2522780,75.7030430,1.080,88.70
98.693,0.25857,6.33027,9.57681,-0.77946,-0.13683,-0.48991,31.2522780,75.7030430,1.080,88.70
98.796,-0.34955,8.23605,8.32224,-0.18937,0.95539,-0.00733,31.2522780,75.7030430,1.080,88.70
98.898,-0.78530,4.72137,10.74039,0.85765,0.49236,0.67073,31.2522780,75.7030430,1.080,88.70
99.003,0.71826,2.90656,7.24485,0.90042,0.12828,0.57421,31.2522780,75.7030430,1.080,88.70
99.109,1.37906,4.43885,3.93607,0.24190,0.55589,0.34819,31.2522780,75.7030430,1.080,88.70
99.211,1.34075,6.26323,7.21134,0.15149,0.37507,-0.09896,31.2522774,75.7030577,1.130,93.30
99.314,2.12605,7.02459,11.10910,-0.51068,0.11484,0.00000,31.2522774,75.7030577,1.130,93.30
99.418,3.61524,3.77805,14.22156,-0.61453,-0.30299,0.15638,31.2522774,75.7030577,1.130,93.30
99.523,3.30879,4.14676,3.90734,-0.06475,-0.22969,-0.40806,31.2522774,75.7030577,1.130,93.30
99.628,1.06781,3.76368,5.26724,-0.49480,-0.77458,-0.96761,31.2522774,75.7030577,1.130,93.30
99.733,0.60334,6.76123,9.04051,-0.75381,-0.55833,-0.24190,31.2522774,75.7030577,1.130,93.30
99.838,0.92895,8.38449,11.57357,0.39951,-0.00367,0.50335,31.2522774,75.7030577,1.130,93.30
99.942,0.81882,4.34787,11.99495,1.02259,0.38729,0.25901,31.2522774,75.7030577,1.130,93.30
100.047,0.95768,2.60968,8.36534,0.67806,0.05009,0.28955,31.2522774,75.7030577,1.130,93.30
100.151,2.10690,3.12683,3.29921,0.97128,0.66218,0.56200,31.2522769,75.7030721,1.220,93.70
100.254,2.56658,5.48272,6.20098,0.08552,-0.10996,0.57910,31.2522769,75.7030721,1.220,93.70
100.358,4.76446,7.78594,9.30387,-0.44471,0.01588,0.48625,31.2522769,75.7030721,1.220,93.70
100.462,5.09007,3.79720,16.38592,-1.00548,0.47892,-0.59743,31.2522769,75.7030721,1.220,93.70
100.568,3.59130,4.77404,4.38618,0.23946,-0.74526,-0.58032,31.2522769,75.7030721,1.220,93.70
100.672,2.09253,3.59609,6.75165,0.02077,-0.56322,-0.55467,31.2522769,75.7030721,1.220,93.70
100.777,2.21224,5.35344,7.24964,-0.28588,-0.71960,-0.33964,31.2522769,75.7030721,1.220,93.70
100.880,1.65679,6.61757,8.61913,-0.00977,-0.20647,0.14294,31.2522769,75.7030721,1.220,93.70
100.984,1.50356,7.32626,12.34929,-0.45326,0.76603,0.34575,31.2522769,75.7030721,1.220,93.70
101.089,2.15957,5.59285,9.39485,0.88331,0.11851,0.55222,31.2522769,75.7030721,1.220,93.70
101.193,2.17872,3.13162,6.24408,0.60353,0.92974,0.19303,31.2522780,75.7030843,1.150,90.20
101.297,2.12126,4.66391,5.00867,0.63041,-0.18815,0.29199,31.2522780,75.7030843,1.150,90.20
101.402,3.09810,5.79397,8.00621,-0.08430,-0.09285,0.09285,31.2522780,75.7030843,1.150,90.20
101.506,4.55377,7.36935,8.79151,-0.82955,-0.00367,-0.18570,31.2522780,75.7030843,1.150,90.20
101.611,3.87861,5.14275,6.56490,0.33231,0.36163,-0.03176,31.2522780,75.7030843,1.150,90.20
101.714,3.23217,3.45244,7.88171,-0.50580,-0.16005,-0.85155,31.2522780,75.7030843,1.150,90.20
101.817,1.47483,4.57293,4.85065,-0.18692,-1.01770,-0.61575,31.2522780,75.7030843,1.150,90.20
101.923,1.34075,7.40766,8.01579,-0.88209,-0.39340,-0.14294,31.2522780,75.7030843,1.150,90.20
102.027,1.65679,8.94953,10.03170,-0.95661,-0.25656,-0.00611,31.2522780,75.7030843,1.150,90.20
102.131,1.89621,4.61602,9.47146,1.19241,0.58887,0.35552,31.2522780,75.7030843,1.150,90.20
102.235,3.63919,3.67271,5.42047,1.05802,-0.52168,-0.24190,31.2522813,75.7030986,1.130,86.40
102.341,1.35033,4.07493,3.09331,0.12584,0.59865,-0.20525,31.2522813,75.7030986,1.130,86.40
102.447,2.78685,5.88016,6.11000,-0.74526,-0.64752,0.22113,31.2522813,75.7030986,1.130,86.40
102.551,3.84988,7.36935,8.93516,-0.97616,-0.11729,-0.13806,31.2522813,75.7030986,1.130,86.40
102.657,5.04219,3.70622,11.42513,-0.25901,0.78191,-0.23702,31.2522813,75.7030986,1.130,86.40
102.763,4.38618,4.15155,4.80756,-0.69028,-1.15209,-0.75503,31.2522813,75.7030986,1.130,86.40
102.865,3.76847,4.30956,6.51223,-0.34208,-1.13499,-0.94684,31.2522813,75.7030986,1.130,86.40
102.970,2.54264,5.76524,8.52336,-0.74159,-0.49969,-0.63163,31.2522813,75.7030986,1.130,86.40
103.073,2.53785,7.56089,10.36211,0.09774,0.50213,-0.35552,31.2522813,75.7030986,1.130,86.40
103.174,2.08774,3.88340,16.06988,0.14172,-0.09529,-0.37018,31.2522825,75.7031113,1.100,86.00
103.279,1.88663,3.74453,6.44519,1.00182,-0.18937,0.00122,31.2522825,75.7031113,1.100,86.00
103.384,1.24498,3.09331,4.41491,0.32254,0.60353,0.03910,31.2522825,75.7031113,1.100,86.00
103.488,2.61926,4.72615,6.46434,0.13806,-0.07819,0.32254,31.2522825,75.7031113,1.100,86.00
103.591,4.29999,5.24809,7.96311,-0.32865,-0.14294,0.27489,31.2522825,75.7031113,1.100,86.00
103.694,5.33428,4.97994,12.07156,-1.90834,-0.19181,-0.45571,31.2522825,75.7031113,1.100,86.00
103.799,4.73573,3.95522,4.79319,0.90164,0.05376,0.23702,31.2522825,75.7031113,1.100,86.00
103.904,3.89776,3.55778,5.21457,-0.59254,-0.19181,-0.79535,31.2522825,75.7031113,1.100,86.00
104.007,1.78129,5.17626,8.05888,-0.52779,-1.04702,-0.74526,31.2522825,75.7031113,1.100,86.00
104.112,2.21224,6.81390,11.46344,0.08919,-0.03299,-0.18448,31.2522825,75.7031113,1.100,86.00
104.215,1.88663,6.85221,10.51055,-0.03787,0.06720,0.18326,31.2522842,75.7031249,1.120,84.30
104.319,0.87628,3.97437,9.81623,1.23639,0.82222,0.68906,31.2522842,75.7031249,1.120,84.30
104.423,1.12049,2.21224,6.60800,0.73548,0.94440,0.57910,31.2522842,75.7031249,1.120,84.30
104.529,2.12605,3.85945,5.07571,0.52290,0.64630,0.92607,31.2522842,75.7031249,1.120,84.30
104.637,4.50589,6.00945,8.62391,0.19426,0.07819,0.48381,31.2522842,75.7031249,1.120,84.30
104.741,4.47237,6.50744,7.47949,-0.60109,0.55222,-0.04765,31.2522842,75.7031249,1.120,84.30
104.844,3.91213,3.60088,10.65420,-0.00489,0.58032,0.16127,31.2522842,75.7031249,1.120,84.30
104.950,2.91614,2.86825,8.74841,-0.68783,-0.09774,-0.77458,31.2522842,75.7031249,1.120,84.30
105.054,1.66158,4.57771,4.86502,-0.31521,-0.98838,-0.59743,31.2522842,75.7031249,1.120,84.30
105.157,3.07894,7.07726,9.84975,-0.19792,-0.50702,-0.55589,31.2522824,75.7031370,1.110,86.60
105.259,1.21147,7.63750,8.91601,0.72815,0.10263,0.09407,31.2522824,75.7031370,1.110,86.60
105.364,2.10690,4.98473,11.76511,0.92363,-0.02566,0.13195,31.2522824,75.7031370,1.110,86.60
105.469,0.82839,4.09887,9.32781,1.05558,-0.06353,0.32620,31.2522824,75.7031370,1.110,86.60
105.573,1.21147,4.26647,5.24330,0.44715,0.65973,0.49969,31.2522824,75.7031370,1.110,86.60
105.677,2.69108,6.25844,6.46434,0.24068,0.75503,0.23579,31.2522824,75.7031370,1.110,86.60
105.781,4.29041,6.79474,8.74362,0.11606,0.18448,0.01344,31.2522824,75.7031370,1.110,86.60
105.884,5.23373,6.45956,8.64307,-0.52046,-0.73182,-0.10751,31.2522824,75.7031370,1.110,86.60
105.990,4.29041,4.74052,4.22337,0.42516,0.27855,-0.18326,31.2522824,75.7031370,1.110,86.60
106.094,1.72861,4.29520,4.88417,-0.50702,-0.55467,-0.32865,31.2522824,75.7031370,1.110,86.60
106.200,1.89621,6.60800,6.67025,-0.85277,-1.03114,-0.33109,31.2522817,75.7031488,1.120,89.30
106.302,3.02627,9.46667,9.55287,-0.09285,-1.01526,-0.39095,31.2522817,75.7031488,1.120,89.30
106.406,2.30801,9.88326,8.65743,-0.30421,-0.10018,-0.29932,31.2522817,75.7031488,1.120,89.30
106.509,-0.22505,4.93684,9.05008,1.24983,1.24128,0.27122,31.2522817,75.7031488,1.120,89.30
106.613,1.90578,3.96001,4.40054,1.03725,1.39888,0.43494,31.2522817,75.7031488,1.120,89.30
106.718,2.52349,5.75566,4.02705,0.52412,0.45326,0.10996,31.2522817,75.7031488,1.120,89.30
106.822,2.82516,7.13472,7.21612,-0.31276,-0.28466,0.07819,31.2522817,75.7031488,1.120,89.30
106.925,4.24253,9.66300,6.52181,-1.08001,-0.02566,-0.02932,31.2522817,75.7031488,1.120,89.30
107.029,5.34386,5.73172,7.39808,0.20036,0.54000,0.23091,31.2522817,75.7031488,1.120,89.30
107.133,2.43730,4.20422,5.87537,-0.69394,-0.39584,-1.03236,31.2522817,75.7031488,1.120,89.30
107.237,0.74699,5.94241,6.00466,-0.45326,-0.84788,-0.78557,31.2522801,75.7031633,1.150,89.80
107.341,0.99599,8.58082,7.27837,-0.28833,-0.22724,0.06475,31.2522801,75.7031633,1.150,89.80
107.447,-0.03831,10.53928,6.67025,-0.35797,1.01159,-0.29810,31.2522801,75.7031633,1.150,89.80
107.550,-2.27928,4.35745,12.20085,-0.31887,1.62368,-0.21258,31.2522801,75.7031633,1.150,89.80
107.654,-0.35913,2.45645,8.63349,1.09467,0.30177,1.02748,31.2522801,75.7031633,1.150,89.80
107.758,1.50356,4.14197,3.86903,0.44227,1.19730,1.23517,31.2522801,75.7031633,1.150,89.80
107.863,1.53708,5.42526,7.22570,-0.50091,0.40561,0.58032,31.2522801,75.7031633,1.150,89.80
107.968,3.88340,7.38372,8.86333,-0.21136,-0.43860,0.74403,31.2522801,75.7031633,1.150,89.80
108.073,4.06535,5.78439,10.79306,-1.58092,-0.54367,-0.66951,31.2522801,75.7031633,1.150,89.80
108.178,2.82995,5.11880,5.19063,-0.14416,-0.81245,-0.83200,31.2522805,75.7031775,1.110,89.20
108.281,0.82361,4.06057,5.77960,-0.12095,-0.54489,-0.72815,31.2522805,75.7031775,1.110,89.20
108.387,0.85234,5.31034,7.04853,-0.60842,-0.49358,-0.67195,31.2522805,75.7031775,1.110,89.20
108.492,-0.30646,6.72292,9.46667,-0.76236,-0.34086,-0.20892,31.2522805,75.7031775,1.110,89.20
108.597,-2.07338,3.18908,18.45451,-0.36774,0.34453,0.58032,31.2522805,75.7031775,1.110,89.20
108.701,1.04387,3.87382,9.16500,1.37567,-0.21258,1.40621,31.2522805,75.7031775,1.110,89.20
108.807,1.55623,2.13084,6.27281,1.36834,1.09101,1.07512,31.2522805,75.7031775,1.110,89.20
108.911,2.93529,4.57293,4.25210,0.79046,0.34697,0.78191,31.2522805,75.7031775,1.110,89.20
109.014,3.77805,6.15310,7.07726,-0.06842,-0.07330,0.11484,31.2522805,75.7031775,1.110,89.20
109.119,3.07894,6.88572,6.39252,-1.19607,0.02077,-0.59498,31.2522805,75.7031775,1.110,89.20
109.223,2.37984,4.38618,8.04452,0.06353,0.60109,-0.06231,31.2522791,75.7031898,1.020,91.80
109.328,1.75256,3.86903,9.20810,-0.46059,-0.58032,-0.55100,31.2522791,75.7031898,1.020,91.80
109.431,1.05345,5.11401,5.54018,0.34941,-0.55222,-0.47525,31.2522791,75.7031898,1.020,91.80
109.535,0.80924,5.97593,8.38928,-0.17349,-0.07453,-0.24801,31.2522791,75.7031898,1.020,91.80
109.640,1.80044,8.79151,7.56568,0.05253,0.75503,0.36774,31.2522791,75.7031898,1.020,91.80
109.744,0.11492,4.35266,11.01812,0.77580,1.15698,0.41783,31.2522791,75.7031898,1.020,91.80
109.849,0.70868,4.10845,6.80432,0.68906,-0.12217,0.32620,31.2522791,75.7031898,1.020,91.80
109.953,0.21548,4.14676,5.51145,0.12462,0.60720,0.20769,31.2522791,75.7031898,1.020,91.80
110.057,1.30245,5.72214,6.09564,0.07086,0.26634,0.10385,31.2522791,75.7031898,1.020,91.80
110.161,2.21703,6.67982,8.07804,-0.16371,-0.38240,-0.11484,31.2522779,75.7032023,1.050,94.40
110.263,4.69742,6.21535,8.30309,-1.42332,-1.55771,-0.38118,31.2522779,75.7032023,1.050,94.40
110.366,2.81079,4.58729,4.45800,0.49236,0.24190,-0.50091,31.2522779,75.7032023,1.050,94.40
110.474,1.68552,3.33273,6.57927,-0.73426,-0.84544,-0.99693,31.2522779,75.7032023,1.050,94.40
110.577,1.01035,5.51145,7.52258,-0.51313,-1.29748,-0.88820,31.2522779,75.7032023,1.050,94.40
110.683,0.29209,7.27837,11.15698,-0.14172,-0.16982,-0.28711,31.2522779,75.7032023,1.050,94.40
110.787,0.61770,7.05811,12.40675,-0.84544,-0.71349,-0.08308,31.2522779,75.7032023,1.050,94.40
110.891,0.08619,3.48117,10.03170,1.21807,1.27426,0.87965,31.2522779,75.7032023,1.050,94.40
110.994,2.06380,2.78206,5.89931,1.07512,0.84177,0.84422,31.2522779,75.7032023,1.050,94.40
111.101,2.27928,4.68306,4.56814,0.52901,0.37874,0.46059,31.2522779,75.7032023,1.050,94.40
111.205,3.04064,6.44519,7.21612,0.04154,-0.06109,0.31643,31.2522776,75.7032156,1.110,94.50
111.308,2.72939,7.73806,5.74130,-0.93829,-0.07086,0.08063,31.2522776,75.7032156,1.110,94.50
111.412,4.86502,4.66391,10.30464,0.26878,0.06964,0.10996,31.2522776,75.7032156,1.110,94.50
111.517,4.25689,4.00789,7.67581,-0.82955,-0.47770,-1.00548,31.2522776,75.7032156,1.110,94.50
111.622,2.12605,4.31914,4.12282,-0.01955,-0.58521,-0.70372,31.2522776,75.7032156,1.110,94.50
111.726,1.80523,6.78996,8.52815,-0.55833,-0.69516,-0.54489,31.2522776,75.7032156,1.110,94.50
111.829,0.90501,8.16423,10.25197,0.07941,0.05986,-0.07819,31.2522776,75.7032156,1.110,94.50
111.934,0.59376,4.45800,16.95574,0.46304,0.17349,0.19670,31.2522776,75.7032156,1.110,94.50
112.040,0.97205,3.96959,7.82425,1.12888,0.42028,0.88331,31.2522776,75.7032156,1.110,94.50
112.144,2.56180,3.30879,4.16112,0.89797,1.40743,0.61087,31.2522776,75.7032156,1.110,94.50
112.246,3.05979,5.76045,4.99909,0.57910,0.22602,0.08186,31.2522808,75.7032302,1.200,90.10
112.349,3.02627,6.55054,7.29753,-0.20159,0.25412,0.05498,31.2522808,75.7032302,1.200,90.10
112.454,4.75967,6.34463,8.99741,-1.43553,-0.54367,0.18204,31.2522808,75.7032302,1.200,90.10
112.558,4.63996,5.90889,3.89776,-0.01833,0.07453,-0.10385,31.2522808,75.7032302,1.200,90.10
112.662,2.59531,4.24731,6.02860,-0.41905,-0.24312,-0.63041,31.2522808,75.7032302,1.200,90.10
112.765,2.03028,5.55455,6.54096,-0.39706,-0.88575,-0.64996,31.2522808,75.7032302,1.200,90.10
112.869,1.33596,7.57525,9.70131,-0.10507,-0.15516,-0.16493,31.2522808,75.7032302,1.200,90.10
112.973,0.60813,8.71011,7.79073,-0.04520,0.85765,0.00489,31.2522808,75.7032302,1.200,90.10
113.079,0.05267,4.39097,10.52012,1.02992,0.99449,0.68050,31.2522808,75.7032302,1.200,90.10
113.184,1.83875,3.03106,7.04853,1.02137,0.94562,0.49847,31.2522829,75.7032439,1.230,86.40
113.287,2.11647,3.84988,3.28484,0.49480,0.52901,0.73915,31.2522829,75.7032439,1.230,86.40
113.389,3.17950,6.36379,6.91924,-0.31643,-0.23335,0.81734,31.2522829,75.7032439,1.230,86.40
113.495,5.31513,7.96790,8.15465,-1.05435,0.26878,0.27489,31.2522829,75.7032439,1.230,86.40
113.598,6.10043,4.06535,14.89193,-0.24435,-0.19181,-0.24312,31.2522829,75.7032439,1.230,86.40
113.700,4.15155,4.50110,3.52905,0.06720,-0.53145,-0.80023,31.2522829,75.7032439,1.230,86.40
113.805,1.89142,3.99832,5.42047,-0.39828,-0.86743,-1.01526,31.2522829,75.7032439,1.230,86.40
113.908,1.12049,5.64553,7.53695,-0.97128,-0.30910,-0.75381,31.2522829,75.7032439,1.230,86.40
114.011,0.15323,6.98149,9.58638,-0.36530,0.38118,0.22358,31.2522829,75.7032439,1.230,86.40
114.114,0.17717,5.39653,16.99883,-0.54245,-0.72449,0.29932,31.2522829,75.7032439,1.230,86.40
114.217,2.06380,3.70144,10.15620,1.43553,0.29932,0.71349,31.2522837,75.7032560,1.120,83.90
114.319,1.95846,2.15957,4.50110,1.34513,1.07757,0.47647,31.2522837,75.7032560,1.120,83.90
114.425,1.01514,5.26724,3.47159,0.55833,0.47403,0.60842,31.2522837,75.7032560,1.120,83.90
114.528,3.35667,6.54096,8.28873,-0.31521,0.08186,0.31398,31.2522837,75.7032560,1.120,83.90
114.633,4.97036,6.67982,6.95755,-1.42209,-0.09041,0.22846,31.2522837,75.7032560,1.120,83.90
114.738,5.08528,4.21380,6.68940,0.49724,0.36896,-0.39828,31.2522837,75.7032560,1.120,83.90
114.843,2.61447,2.71502,5.96635,-0.66340,-0.11973,-1.05191,31.2522837,75.7032560,1.120,83.90
114.948,1.90100,4.96557,6.77559,-0.53512,-1.19119,-0.79290,31.2522837,75.7032560,1.120,83.90
115.052,1.09176,6.71334,10.55364,-0.70738,-0.29322,-0.31276,31.2522837,75.7032560,1.120,83.90
115.155,-0.61292,7.69018,10.24718,-0.03665,0.09896,0.37874,31.2522845,75.7032704,1.160,81.50
115.258,1.58017,3.18908,15.62935,1.43431,0.30177,0.64996,31.2522845,75.7032704,1.160,81.50
115.363,2.36547,2.88262,6.95755,1.94622,0.06475,0.41050,31.2522845,75.7032704,1.160,81.50
115.468,1.50835,3.48117,2.02549,0.59254,1.17286,0.04398,31.2522845,75.7032704,1.160,81.50
115.574,2.27449,5.87058,6.35900,-0.40561,0.30177,0.24312,31.2522845,75.7032704,1.160,81.50
115.677,4.51546,6.79474,7.08684,-0.06109,-0.09774,0.24923,31.2522845,75.7032704,1.160,81.50
115.781,4.79319,4.67827,12.56477,-1.08856,-0.42150,-0.50213,31.2522845,75.7032704,1.160,81.50
115.884,3.93607,4.68785,5.73172,-0.51068,-0.37263,-0.59376,31.2522845,75.7032704,1.160,81.50
115.988,1.48919,3.70622,4.74531,-0.30910,-0.47525,-0.80268,31.2522845,75.7032704,1.160,81.50
116.091,1.39821,6.37336,7.98227,-0.82833,-0.34575,-0.34453,31.2522845,75.7032704,1.160,81.50
116.195,2.46124,8.35098,11.38682,0.30299,0.07697,0.38118,31.2522871,75.7032842,1.200,81.20
116.297,2.18830,4.03184,16.40028,0.10507,0.14416,0.05498,31.2522871,75.7032842,1.200,81.20
116.400,2.00634,4.55377,7.05811,1.28893,-0.42638,0.71227,31.2522871,75.7032842,1.200,81.20
116.502,2.41336,3.05500,4.79319,0.33353,1.04702,-0.02199,31.2522871,75.7032842,1.200,81.20
116.606,2.03986,4.58729,4.38139,0.30665,0.33598,-0.05253,31.2522871,75.7032842,1.200,81.20
116.710,3.80199,6.49786,7.29274,-0.37263,-0.72082,0.16738,31.2522871,75.7032842,1.200,81.20
116.813,4.32393,7.28795,7.89608,-1.05313,0.07086,-0.06353,31.2522871,75.7032842,1.200,81.20
116.915,5.64553,4.14676,7.96790,0.84788,0.13928,-0.21747,31.2522871,75.7032842,1.200,81.20
117.020,3.46680,3.15556,5.77960,-0.66096,-0.65118,-1.00426,31.2522871,75.7032842,1.200,81.20
117.123,1.75256,4.39575,4.84586,-0.38607,-0.94806,-0.67928,31.2522871,75.7032842,1.200,81.20
117.227,2.25534,6.71334,9.85932,-0.68173,-0.49969,-0.38851,31.2522850,75.7032972,1.140,82.90
117.329,1.41737,7.74764,9.65821,0.57910,0.71471,-0.15760,31.2522850,75.7032972,1.140,82.90
117.431,1.32639,5.30076,12.94305,0.36408,0.18326,0.34697,31.2522850,75.7032972,1.140,82.90
117.536,3.23217,3.83072,7.62314,1.29992,0.24312,0.41539,31.2522850,75.7032972,1.140,82.90
117.640,2.15957,3.82115,2.76770,0.55833,1.02014,0.37629,31.2522850,75.7032972,1.140,82.90
117.744,2.21224,6.11958,6.37815,0.37385,-0.11484,0.20159,31.2522850,75.7032972,1.140,82.90
117.848,4.00311,7.14430,9.21768,-0.49114,0.01344,0.12339,31.2522850,75.7032972,1.140,82.90
117.954,4.81235,4.73094,11.41077,-0.94562,-0.49969,0.08186,31.2522850,75.7032972,1.140,82.90
118.059,4.90811,5.18584,5.13317,-0.58032,-0.59498,-0.29444,31.2522850,75.7032972,1.140,82.90
118.162,2.05422,4.28083,5.18105,-0.26512,-0.18082,-0.32009,31.2522827,75.7033100,1.220,84.90
118.265,2.64799,6.00945,7.65666,-0.47281,-0.34819,-0.25045,31.2522827,75.7033100,1.220,84.90
118.368,1.85790,7.28795,8.81545,-0.22969,0.14539,-0.00122,31.2522827,75.7033100,1.220,84.90
118.474,2.26491,5.48751,13.79060,-0.27855,-0.42883,0.32742,31.2522827,75.7033100,1.220,84.90
118.578,2.94966,4.57293,8.66222,0.66340,0.03665,0.27000,31.2522827,75.7033100,1.220,84.90
118.683,2.03986,3.39019,4.42448,0.67195,0.91874,0.21014,31.2522827,75.7033100,1.220,84.90
118.786,1.98719,4.90333,5.03261,0.37141,0.41539,0.17226,31.2522827,75.7033100,1.220,84.90
118.890,3.88818,6.70855,8.25521,0.09652,0.04154,0.12095,31.2522827,75.7033100,1.220,84.90
118.994,5.52103,5.65510,7.96790,-0.67928,0.05742,0.05498,31.2522827,75.7033100,1.220,84.90
119.096,4.86981,5.00388,4.25210,0.37141,0.23091,0.05498,31.2522827,75.7033100,1.220,84.90
119.201,2.87783,3.87861,5.61201,-0.58887,-0.43249,-0.58277,31.2522840,75.7033243,1.230,84.60
119.305,2.79643,5.65989,6.40688,-0.53756,-1.05435,-0.59010,31.2522840,75.7033243,1.230,84.60
119.408,2.25534,6.84263,8.81066,-0.40195,-0.18082,-0.35308,31.2522840,75.7033243,1.230,84.60
119.512,2.01113,8.30309,7.50822,0.00489,0.51924,0.27733,31.2522840,75.7033243,1.230,84.60
119.616,1.78607,4.27126,12.51210,0.72571,0.99205,0.69150,31.2522840,75.7033243,1.230,84.60
119.719,2.35589,3.82115,6.78038,1.08734,0.54245,0.57910,31.2522840,75.7033243,1.230,84.60
119.823,1.67594,4.08451,5.06613,0.45204,0.67684,0.47281,31.2522840,75.7033243,1.230,84.60
119.928,2.39420,5.68862,6.10521,0.30910,0.30055,0.21991,31.2522840,75.7033243,1.230,84.60
120.032,4.86981,6.60321,8.18817,-0.15149,0.37385,0.16371,31.2522840,75.7033243,1.230,84.60
120.137,5.31992,2.80600,13.23036,-0.13928,0.79535,0.14539,31.2522840,75.7033243,1.230,84.60
120.241,3.70144,4.30956,3.46202,-0.43127,-0.62430,-0.23335,31.2522836,75.7033391,1.230,85.70
120.345,2.80122,5.02782,4.55377,-0.39584,-0.70005,-0.54367,31.2522836,75.7033391,1.230,85.70
120.450,2.60968,6.29196,9.25598,-0.29199,-0.38729,-0.36163,31.2522836,75.7033391,1.230,85.70
120.554,2.76291,6.72771,10.13705,0.69639,-0.22969,0.19548,31.2522836,75.7033391,1.230,85.70
120.658,4.53941,3.59609,12.55998,-0.43982,-0.61575,-0.35919,31.2522836,75.7033391,1.230,85.70
120.762,3.22260,1.89621,5.06613,-0.36041,0.32132,-0.21869,31.2522836,75.7033391,1.230,85.70
120.867,3.85466,5.67905,3.43329,-0.35064,-1.59558,-0.50091,31.2522836,75.7033391,1.230,85.70
120.971,0.45011,5.54976,10.01255,-0.56444,-0.56810,-0.80512,31.2522836,75.7033391,1.230,85.70
121.074,3.14598,5.30555,12.41633,0.09529,-0.06109,0.01222,31.2522836,75.7033391,1.230,85.70
121.176,6.46434,3.70622,11.79384,-0.07941,-0.61942,0.27733,31.2522847,75.7033529,1.130,87.60
121.279,6.39252,3.32794,2.79643,0.69761,0.63286,0.12706,31.2522847,75.7033529,1.130,87.60
121.381,3.73017,3.16035,5.92325,-0.43738,-0.19548,-0.77580,31.2522847,75.7033529,1.130,87.60
121.485,3.20344,5.99508,5.24809,-0.44227,-0.77702,-0.41172,31.2522847,75.7033529,1.130,87.60
121.590,3.70622,7.69975,10.32380,0.17471,-0.45448,0.06109,31.2522847,75.7033529,1.130,87.60
121.695,2.40857,7.35499,9.96946,0.13928,-0.11729,0.11973,31.2522847,75.7033529,1.130,87.60
121.800,2.18351,5.24330,10.53928,1.51495,0.54734,0.40195,31.2522847,75.7033529,1.130,87.60
121.904,2.26491,2.75333,5.05177,1.47463,1.82649,0.43494,31.2522847,75.7033529,1.130,87.60
122.007,3.62003,5.00388,3.92649,0.85765,0.62308,0.46792,31.2522847,75.7033529,1.130,87.60
122.111,4.52983,5.65032,6.41167,-0.39095,0.13073,0.13195,31.2522847,75.7033529,1.130,87.60
122.215,7.26880,7.37414,5.34386,-1.15454,-0.72937,0.10140,31.2522841,75.7033664,1.140,90.60
122.318,5.52582,5.35822,6.04296,-0.40195,-0.04398,-0.01588,31.2522841,75.7033664,1.140,90.60
122.421,3.44765,3.98874,5.88495,-0.81612,-0.55589,-0.92974,31.2522841,75.7033664,1.140,90.60
122.525,1.43652,5.31034,5.91368,-0.85277,-0.92729,-0.75136,31.2522841,75.7033664,1.140,90.60
122.630,2.02071,7.80989,10.20888,-0.40317,-0.33720,0.43371,31.2522841,75.7033664,1.140,90.60
122.738,5.01825,9.09318,11.41555,-0.57788,-0.38240,0.25779,31.2522841,75.7033664,1.140,90.60
122.841,2.46603,3.96959,9.51935,1.80694,1.48318,0.66218,31.2522841,75.7033664,1.140,90.60
122.945,3.37104,2.94008,5.15711,1.29626,1.72142,0.51191,31.2522841,75.7033664,1.140,90.60
123.050,2.50433,4.40533,3.02627,0.54489,1.21440,0.26389,31.2522841,75.7033664,1.140,90.60
123.155,3.39019,6.17704,6.17704,-0.36408,0.59987,0.39095,31.2522859,75.7033808,1.120,92.10
123.257,3.79720,7.60398,5.57370,-1.09711,0.40561,0.19670,31.2522859,75.7033808,1.120,92.10
123.360,6.80432,4.81713,11.48259,0.29932,0.34331,0.45815,31.2522859,75.7033808,1.120,92.10
123.466,3.76368,3.61046,3.98874,-0.59987,-0.35552,-0.80390,31.2522859,75.7033808,1.120,92.10
123.571,2.82516,4.92727,5.08528,-0.52046,-1.21196,-1.02625,31.2522859,75.7033808,1.120,92.10
123.676,1.23062,6.11000,9.72525,-0.81978,-0.47159,-0.61209,31.2522859,75.7033808,1.120,92.10
123.780,1.63285,8.03494,9.27993,-0.06475,-0.03299,0.23579,31.2522859,75.7033808,1.120,92.10
123.884,1.69988,4.63039,10.74518,0.92852,1.02992,0.38485,31.2522859,75.7033808,1.120,92.10
123.988,2.30322,2.70066,8.00621,1.18019,0.08186,0.17349,31.2522859,75.7033808,1.120,92.10
124.093,2.59053,4.31435,3.09810,0.85521,0.90042,0.28588,31.2522859,75.7033808,1.120,92.10
124.197,2.93529,6.35421,6.15310,0.37018,-0.06109,-0.05253,31.2522828,75.7033944,1.190,96.80
124.300,3.29442,7.54174,7.49864,-0.33964,0.50335,0.03910,31.2522828,75.7033944,1.190,96.80
124.403,4.71658,5.72693,12.92869,-0.92241,-0.22724,0.12584,31.2522828,75.7033944,1.190,96.80
124.507,3.81636,5.24330,4.06057,-0.70494,-0.52657,-0.69150,31.2522828,75.7033944,1.190,96.80
124.611,1.85790,4.30956,4.09408,-0.18448,-0.43005,-0.50213,31.2522828,75.7033944,1.190,96.80
124.715,2.60968,7.04853,7.39808,-0.43127,-1.40866,-0.53145,31.2522828,75.7033944,1.190,96.80
124.818,1.46046,7.91523,10.86489,-0.03299,-0.02321,-0.33109,31.2522828,75.7033944,1.190,96.80
124.923,2.42293,7.67581,11.73638,-0.23946,-0.85888,-0.06353,31.2522828,75.7033944,1.190,96.80
125.027,-0.09098,5.34865,6.93840,0.21502,0.37507,0.28344,31.2522828,75.7033944,1.190,96.80
125.133,0.46448,3.54821,5.54976,0.47892,1.14354,0.44349,31.2522828,75.7033944,1.190,96.80
125.238,1.45089,5.53539,5.28640,0.45815,0.36896,0.35308,31.2522816,75.7034070,1.120,96.00
125.342,3.43329,6.51702,7.56089,0.44960,-0.13561,0.40806,31.2522816,75.7034070,1.120,96.00
125.446,3.84030,7.87692,5.94720,-0.96028,0.05009,0.47525,31.2522816,75.7034070,1.120,96.00
125.548,4.83150,5.14753,5.51145,0.87842,0.61820,-0.01955,31.2522816,75.7034070,1.120,96.00
125.654,2.88741,4.23774,6.10043,-0.60353,-0.27978,-0.61575,31.2522816,75.7034070,1.120,96.00
125.757,1.35512,5.30555,5.41090,-0.23702,-0.81367,-0.51801,31.2522816,75.7034070,1.120,96.00
125.861,1.61369,7.06768,7.98706,-0.43127,0.18082,-0.28711,31.2522816,75.7034070,1.120,96.00
125.964,0.55067,8.09719,8.37971,0.04887,0.86254,0.14050,31.2522816,75.7034070,1.120,96.00
126.065,-0.08140,4.61602,12.41633,0.34697,0.78435,0.67440,31.2522816,75.7034070,1.120,96.00
126.169,2.02549,4.02705,9.51935,0.59010,-0.10018,0.19426,31.2522825,75.7034189,1.070,92.70
126.272,0.96247,3.57215,4.34787,0.83933,0.46059,0.24923,31.2522825,75.7034189,1.070,92.70
126.375,1.49398,5.57370,6.23450,0.19914,-0.10018,0.28588,31.2522825,75.7034189,1.070,92.70
126.481,4.40533,7.36456,8.86812,-0.10263,-0.03910,0.28466,31.2522825,75.7034189,1.070,92.70
126.586,4.08930,4.86502,12.00932,-0.82589,-0.26756,-0.21258,31.2522825,75.7034189,1.070,92.70
126.689,4.25210,4.57771,5.06613,-0.18937,-0.56200,-0.11484,31.2522825,75.7034189,1.070,92.70
126.793,3.17950,4.95600,4.55377,-0.31398,-1.02259,-0.70250,31.2522825,75.7034189,1.070,92.70
126.897,2.50912,6.75644,7.76679,-0.45815,-0.53023,-0.76114,31.2522825,75.7034189,1.070,92.70
127.002,0.11013,8.21690,10.54885,0.03543,0.28466,-0.25779,31.2522825,75.7034189,1.070,92.70
127.105,0.42617,5.44920,17.87990,0.50702,-0.51313,0.31032,31.2522825,75.7034189,1.070,92.70
127.210,1.24498,4.13718,8.12592,1.12033,0.17593,0.62186,31.2522844,75.7034314,1.060,90.60
127.313,2.06380,3.29442,3.16035,0.63652,1.26205,0.48014,31.2522844,75.7034314,1.060,90.60
127.415,2.14042,5.47315,4.92727,-0.12462,0.67440,-0.00733,31.2522844,75.7034314,1.060,90.60
127.519,3.47159,7.07726,8.34619,-0.63652,0.04887,0.25534,31.2522844,75.7034314,1.060,90.60
127.622,5.04219,6.01423,9.45231,-1.76051,-0.45204,-0.37874,31.2522844,75.7034314,1.060,90.60
127.726,3.82593,5.24809,6.27281,0.28833,-0.17593,-0.37996,31.2522844,75.7034314,1.060,90.60
127.828,1.22104,3.18429,6.82826,-0.41172,-0.09529,-0.82222,31.2522844,75.7034314,1.060,90.60
127.932,-0.21069,5.34386,7.85298,-0.26878,-0.75259,-0.60598,31.2522844,75.7034314,1.060,90.60
128.037,-0.88107,7.03416,9.33260,0.12462,-0.35797,0.50824,31.2522844,75.7034314,1.060,90.60
128.141,-0.33519,6.62715,10.20888,-0.09407,1.57725,1.58214,31.2522844,75.7034314,1.060,90.60
128.245,0.22505,2.93529,10.48660,0.05620,2.30541,2.01463,31.2522867,75.7034453,1.060,88.70
128.346,-1.30245,1.66158,7.56089,0.01833,1.63834,1.38789,31.2522867,75.7034453,1.060,88.70
128.451,2.75812,2.76291,6.60800,-0.32865,1.25350,0.82467,31.2522867,75.7034453,1.060,88.70
128.555,-1.52271,3.69665,7.35499,-0.86376,-0.86132,1.20096,31.2522867,75.7034453,1.060,88.70
128.664,8.05888,9.29908,14.08748,0.18082,0.52046,-0.51557,31.2522867,75.7034453,1.060,88.70
128.766,-2.22182,1.04866,14.28860,-0.36408,-0.50213,-2.15391,31.2522867,75.7034453,1.060,88.70
128.867,-1.00078,1.47004,7.59920,1.24617,-0.27978,0.47403,31.2522867,75.7034453,1.060,88.70
128.972,-0.23942,2.49955,6.71334,-0.34941,-1.44409,-0.57666,31.2522867,75.7034453,1.060,88.70
129.076,0.51715,3.83551,8.42759,1.29259,0.15516,-0.19914,31.2522867,75.7034453,1.060,88.70
129.180,0.20590,5.57370,9.89763,0.04520,0.43860,0.12828,31.2522872,75.7034570,1.020,83.90
129.282,-2.55701,2.85389,12.14818,-0.74892,0.26145,0.35430,31.2522872,75.7034570,1.020,83.90
129.384,-1.84832,3.60088,5.74130,0.40439,-0.15394,-0.37751,31.2522872,75.7034570,1.020,83.90
129.488,-0.66080,3.15556,5.29119,-0.89797,-0.19303,0.30788,31.2522872,75.7034570,1.020,83.90
129.596,0.47884,5.55934,9.19373,0.15149,0.23702,0.72937,31.2522872,75.7034570,1.020,83.90
129.700,2.10690,5.51624,12.56477,-0.65729,-0.64752,0.30543,31.2522872,75.7034570,1.020,83.90
129.803,3.10767,4.15155,11.70765,0.00855,-0.05376,-0.16860,31.2522872,75.7034570,1.020,83.90
129.907,2.61447,3.54821,7.81467,0.50457,0.20036,-0.70372,31.2522872,75.7034570,1.020,83.90
130.011,0.79487,1.34075,7.09641,0.48381,0.22846,-0.47403,31.2522872,75.7034570,1.020,83.90
130.113,-1.56581,3.56257,7.29753,0.38485,-0.79168,-0.72082,31.2522872,75.7034570,1.020,83.90
130.217,-0.65122,4.58250,11.13304,-0.53756,-0.14783,1.04702,31.2522886,75.7034690,1.020,81.60
130.320,-0.12450,1.90578,15.22233,-1.66400,0.61453,1.35490,31.2522886,75.7034690,1.020,81.60
130.425,-1.73340,3.23217,7.17782,1.75807,1.20829,-0.50824,31.2522886,75.7034690,1.020,81.60
130.530,0.71826,3.33752,4.10845,-0.45815,0.78557,0.47159,31.2522886,75.7034690,1.020,81.60
130.634,0.40701,5.55455,9.58160,0.00000,0.82222,0.67684,31.2522886,75.7034690,1.020,81.60
130.737,-0.22505,5.93283,10.30464,0.44227,-0.97738,0.07941,31.2522886,75.7034690,1.020,81.60
130.841,0.56024,4.19464,10.88404,-0.54000,0.04032,0.57055,31.2522886,75.7034690,1.020,81.60
130.946,1.30723,2.93529,8.37492,-0.09774,-0.36041,-0.50702,31.2522886,75.7034690,1.020,81.60
131.050,0.53630,2.64320,5.77003,0.37263,0.27000,-0.33842,31.2522886,75.7034690,1.020,81.60
131.153,-0.49321,4.58729,7.79073,0.04887,0.02688,-0.14905,31.2522886,75.7034690,1.020,81.60
131.256,-0.33040,5.03261,11.47780,-0.35797,0.32987,0.35308,31.2522877,75.7034803,1.050,84.00
131.358,-2.10211,2.60968,12.79940,-0.96883,0.64996,0.69761,31.2522877,75.7034803,1.050,84.00
131.462,-2.39899,3.08852,6.63673,0.56810,0.25534,-0.52046,31.2522877,75.7034803,1.050,84.00
131.569,-1.40779,2.78685,5.21457,-1.09711,0.62553,0.56077,31.2522877,75.7034803,1.050,84.00
131.674,-0.10534,3.52905,7.46033,-0.34575,0.77824,0.37141,31.2522877,75.7034803,1.050,84.00
131.779,-1.11091,3.78284,13.57034,-0.53145,0.53512,0.84177,31.2522877,75.7034803,1.050,84.00
131.882,-1.04387,6.33506,11.54005,0.17471,1.35001,-0.69272,31.2522877,75.7034803,1.050,84.00
131.984,-1.70946,3.66313,9.48583,0.91996,-1.55893,-1.08734,31.2522877,75.7034803,1.050,84.00
132.089,-2.15478,2.56180,6.28239,0.59743,-0.19426,-0.16127,31.2522877,75.7034803,1.050,84.00
132.194,-0.95768,2.90177,5.65989,-0.21991,-1.12888,-0.70738,31.2522869,75.7034922,1.070,83.50
132.295,-1.65679,3.68228,9.00220,-0.11118,0.07697,-0.02443,31.2522869,75.7034922,1.070,83.50
132.400,-0.88585,3.78763,12.96221,-1.78250,-1.07268,0.31154,31.2522869,75.7034922,1.070,83.50
132.503,-1.56102,1.25456,9.49062,0.08674,-0.79657,-0.35064,31.2522869,75.7034922,1.070,83.50
132.607,-1.48919,2.46603,5.52582,0.03665,0.59743,0.60476,31.2522869,75.7034922,1.070,83.50
132.714,-0.24421,3.00712,7.71412,0.26756,0.66951,0.54367,31.2522869,75.7034922,1.070,83.50
132.816,-0.73741,3.62003,8.46111,-0.28711,0.30543,0.61575,31.2522869,75.7034922,1.070,83.50
132.921,0.83797,5.36301,11.43950,-0.27733,-0.81245,-0.33964,31.2522869,75.7034922,1.070,83.50
133.024,1.98719,0.10056,14.42746,0.29688,-0.75869,-0.78435,31.2522869,75.7034922,1.070,83.50
133.126,0.25857,0.65601,7.63272,1.32313,1.03969,-0.92118,31.2522869,75.7034922,1.070,83.50
133.229,-0.49321,1.65679,5.89452,0.21502,-0.61331,-0.67195,31.2522874,75.7035035,1.080,83.40
133.332,-1.70946,2.69108,8.35576,0.30177,0.19303,-0.04520,31.2522874,75.7035035,1.080,83.40
133.436,-0.86670,3.56257,10.54406,-0.57910,-0.07330,0.61087,31.2522874,75.7035035,1.080,83.40
133.539,-1.33596,1.23541,15.90229,-0.78435,0.38485,0.82345,31.2522874,75.7035035,1.080,83.40
133.641,-3.62482,2.28886,7.05811,1.25472,0.58154,-0.12950,31.2522874,75.7035035,1.080,83.40
133.747,-0.61292,2.58574,5.70299,0.09529,0.17349,0.87965,31.2522874,75.7035035,1.080,83.40
133.850,-0.65122,4.07493,8.39886,0.18204,1.02137,0.86010,31.2522874,75.7035035,1.080,83.40
133.955,0.19154,4.89854,11.90397,-0.45815,-0.66584,0.19181,31.2522874,75.7035035,1.080,83.40
134.060,0.40701,4.49152,12.56956,-0.51435,-0.24068,0.27489,31.2522874,75.7035035,1.080,83.40
134.166,0.94332,2.83952,9.19373,0.29932,0.26512,-0.25534,31.2522874,75.7035152,1.010,83.20
134.268,-0.32561,2.39899,6.99107,0.40684,-0.34331,-0.55100,31.2522874,75.7035152,1.010,83.20
134.371,-0.76614,2.80122,8.42759,0.54734,-0.24557,-0.27611,31.2522874,75.7035152,1.010,83.20
134.476,-0.89543,3.76368,9.29908,-0.19548,-0.10507,0.14661,31.2522874,75.7035152,1.010,83.20
134.580,-0.03831,3.12204,12.71800,-1.89490,0.40928,0.95661,31.2522874,75.7035152,1.010,83.20
134.682,-1.67115,2.36068,9.82102,0.40684,-0.26634,-0.67073,31.2522874,75.7035152,1.010,83.20
134.786,-1.66636,3.16035,5.58328,-0.02321,0.31765,0.48014,31.2522874,75.7035152,1.010,83.20
134.888,-0.58897,3.95522,6.95276,0.18448,0.84666,0.91141,31.2522874,75.7035152,1.010,83.20
134.991,0.83318,4.84586,9.96467,-0.50702,-0.06353,0.36530,31.2522874,75.7035152,1.010,83.20
135.096,2.60968,5.18105,15.11699,-0.48381,-0.01222,0.13317,31.2522874,75.7035152,1.010,83.20
135.200,1.52750,2.38941,9.33739,0.87354,-1.14598,-1.06901,31.2522886,75.7035275,0.970,82.40
135.303,-0.79487,2.20267,6.16746,0.68906,0.71960,-0.69394,31.2522886,75.7035275,0.970,82.40
135.408,-0.46926,3.16992,7.60398,-0.08430,-0.12095,-0.41294,31.2522886,75.7035275,0.970,82.40
135.512,-0.80924,3.90734,10.63983,0.01588,-0.02077,0.11118,31.2522886,75.7035275,0.970,82.40
135.616,-0.13408,4.39097,11.65019,-0.87476,-0.08552,0.91508,31.2522886,75.7035275,0.970,82.40
135.720,-0.60813,1.81480,10.86968,-0.15272,-1.06291,-0.31154,31.2522886,75.7035275,0.970,82.40
135.823,-1.97761,2.91135,5.13796,0.33598,0.76236,-0.05376,31.2522886,75.7035275,0.970,82.40
135.925,-0.18196,3.25133,6.83784,-0.19670,0.02810,0.49602,31.2522886,75.7035275,0.970,82.40
136.029,0.92416,4.45800,10.03170,-0.18937,-0.06964,0.29566,31.2522886,75.7035275,0.970,82.40
136.132,0.96726,5.86101,11.00375,0.34575,-0.42761,-0.09285,31.2522886,75.7035275,0.970,82.40
136.234,2.12126,3.09810,14.35085,-0.13439,-0.25168,0.09285,31.2522895,75.7035385,0.960,83.40
136.337,1.57060,3.21302,8.21690,0.57666,0.22602,-0.65851,31.2522895,75.7035385,0.960,83.40
136.442,-0.13408,2.37984,5.69341,0.33231,-0.68783,-0.52534,31.2522895,75.7035385,0.960,83.40
136.547,-0.56024,3.27527,8.59040,0.43005,0.29199,0.20036,31.2522895,75.7035385,0.960,83.40
136.651,0.39265,3.87382,9.69173,-0.27489,0.24801,0.76603,31.2522895,75.7035385,0.960,83.40
136.754,0.51236,3.73017,11.85130,-1.04580,0.75625,0.96517,31.2522895,75.7035385,0.960,83.40
136.859,-0.56024,3.42371,8.37013,0.06597,-0.03543,-0.39951,31.2522895,75.7035385,0.960,83.40
136.964,-0.74699,3.10767,6.01423,-0.08186,0.23213,0.42150,31.2522895,75.7035385,0.960,83.40
137.070,0.92895,4.12282,5.92325,-0.00244,0.67806,0.66340,31.2522895,75.7035385,0.960,83.40
137.174,1.51314,4.23774,12.39239,-0.47159,-0.26389,0.04643,31.2522891,75.7035476,0.850,84.70
137.276,1.42216,4.14197,13.35007,-0.64019,0.31765,0.34453,31.2522891,75.7035476,0.850,84.70
137.383,2.42293,2.35589,10.23282,0.12339,-1.02014,-0.99815,31.2522891,75.7035476,0.850,84.70
137.488,0.88107,1.90100,7.02938,0.77946,0.15638,-0.93462,31.2522891,75.7035476,0.850,84.70
137.592,0.73741,2.06859,7.44118,0.54367,-0.04520,-0.96395,31.2522891,75.7035476,0.850,84.70
137.696,-0.64643,3.92649,10.21366,-0.11362,0.25656,-0.21136,31.2522891,75.7035476,0.850,84.70
137.799,-0.19632,4.17549,11.71722,-1.17042,-0.17471,0.64630,31.2522891,75.7035476,0.850,84.70
137.903,-0.90501,2.07338,9.41400,0.07208,-0.90286,-0.40561,31.2522891,75.7035476,0.850,84.70
138.006,-1.79086,2.93050,5.70299,-0.38729,0.76358,0.27122,31.2522891,75.7035476,0.850,84.70
138.109,-0.91937,3.06937,7.56089,0.24435,0.37996,0.23946,31.2522891,75.7035476,0.850,84.70
138.213,1.84354,4.00311,9.67257,-0.65607,-0.08796,0.41172,31.2522914,75.7035576,0.910,85.80
138.316,1.41258,5.91368,11.50175,0.49724,0.09896,-0.58521,31.2522914,75.7035576,0.910,85.80
138.419,1.74298,2.16915,14.04439,0.27000,-0.94928,-0.31154,31.2522914,75.7035576,0.910,85.80
138.525,0.73263,3.04064,7.54652,1.07757,0.71960,-0.95539,31.2522914,75.7035576,0.910,85.80
138.630,0.18675,1.71425,5.87537,-0.10385,-0.94684,-0.39584,31.2522914,75.7035576,0.910,85.80
138.734,-0.60813,2.35589,7.31189,-0.51924,0.49847,0.42150,31.2522914,75.7035576,0.910,85.80
138.838,0.18196,1.56581,12.41154,-0.66462,-0.49236,0.65973,31.2522914,75.7035576,0.910,85.80
138.942,0.10534,1.27850,15.25107,-0.79046,0.12706,0.03787,31.2522914,75.7035576,0.910,85.80
139.048,-2.77249,3.66792,6.74686,0.95417,1.13987,-0.42638,31.2522914,75.7035576,0.910,85.80
139.151,-0.66080,2.48039,6.95276,0.05498,-0.13561,0.55467,31.2522939,75.7035680,0.990,81.40
139.253,0.16281,3.36625,9.03572,0.17593,0.30665,0.87598,31.2522939,75.7035680,0.990,81.40
139.356,1.55144,4.93206,10.88404,-0.05253,-0.56322,-0.25045,31.2522939,75.7035680,0.990,81.40
139.460,1.57060,3.42371,15.04037,-0.85032,0.21136,-0.13073,31.2522939,75.7035680,0.990,81.40
139.564,1.13485,1.93451,10.82179,0.98471,-0.32132,-1.11422,31.2522939,75.7035680,0.990,81.40
139.666,0.04788,1.50356,4.85065,0.79046,-1.14598,-0.93340,31.2522939,75.7035680,0.990,81.40
139.775,-0.25379,2.60489,7.17782,0.12706,-0.19548,-0.44960,31.2522939,75.7035680,0.990,81.40
139.881,-0.52194,4.23774,9.66300,-0.31887,0.54367,0.18692,31.2522939,75.7035680,0.990,81.40
139.984,-0.65122,4.02705,13.11065,-1.82404,0.91019,0.75747,31.2522939,75.7035680,0.990,81.40
140.087,-1.23062,2.83473,10.26634,0.68050,-0.75992,-1.14598,31.2522939,75.7035680,0.990,81.40
140.192,-2.10211,3.35667,4.57771,0.29688,0.37385,0.04765,31.2522954,75.7035820,1.150,81.90
140.294,-0.02873,3.73017,6.39731,-0.19426,0.50213,0.82833,31.2522954,75.7035820,1.150,81.90
140.399,1.71425,4.75967,11.28148,-0.46059,-0.33598,0.33842,31.2522954,75.7035820,1.150,81.90
140.504,1.54187,6.48350,10.48660,0.24068,-0.15272,-0.39340,31.2522954,75.7035820,1.150,81.90
140.608,2.25055,2.56180,10.88883,0.52779,-1.40499,-0.83078,31.2522954,75.7035820,1.150,81.90
140.712,1.12527,2.63362,7.10120,0.66218,0.43494,-0.86010,31.2522954,75.7035820,1.150,81.90
140.816,0.33040,2.79643,6.73728,-0.10140,-0.69394,-1.08367,31.2522954,75.7035820,1.150,81.90
140.920,-1.45567,4.52504,8.01579,-0.01955,0.49236,-0.33720,31.2522954,75.7035820,1.150,81.90
141.024,-1.35512,5.74608,12.32535,-0.78435,0.23946,0.70494,31.2522954,75.7035820,1.150,81.90
141.125,-1.53708,2.62883,12.05241,-0.12339,-0.45204,0.99938,31.2522954,75.7035820,1.150,81.90
141.229,-1.55623,2.37026,6.45956,0.57666,0.52657,0.43005,31.2522963,75.7035960,1.210,88.00
141.330,0.15323,2.30322,6.12437,-0.40195,0.30788,0.63163,31.2522963,75.7035960,1.210,88.00
141.435,1.21147,4.04620,7.64229,-0.22358,0.88209,0.46304,31.2522963,75.7035960,1.210,88.00
141.538,1.81480,5.60722,11.92312,-0.48503,-0.24557,0.09407,31.2522963,75.7035960,1.210,88.00
141.640,1.42694,3.10289,17.17122,-0.34819,0.03910,-0.11729,31.2522963,75.7035960,1.210,88.00
141.743,1.02951,2.04465,9.75877,1.43309,-0.35797,-1.06291,31.2522963,75.7035960,1.210,88.00
141.846,0.03352,1.51792,5.97114,0.72204,-1.05313,-0.51557,31.2522963,75.7035960,1.210,88.00
141.950,0.06704,2.39899,6.17704,0.46914,-0.25290,-0.48014,31.2522963,75.7035960,1.210,88.00
142.053,-0.18196,4.21858,8.23127,-0.51313,0.25534,-0.04154,31.2522963,75.7035960,1.210,88.00
142.156,-1.14922,3.97916,12.32056,-1.59436,0.70616,0.53145,31.2522963,75.7036123,1.170,88.80
142.258,-0.76136,3.19387,9.35175,-0.02810,-0.54000,-0.18448,31.2522963,75.7036123,1.170,88.80
142.360,-0.22505,2.68151,6.42125,-0.42761,0.60476,0.49236,31.2522963,75.7036123,1.170,88.80
142.463,0.50757,3.31358,7.65666,0.39584,0.59376,0.46792,31.2522963,75.7036123,1.170,88.80
142.568,0.45969,3.90734,9.79707,-0.08552,-0.18204,0.76480,31.2522963,75.7036123,1.170,88.80
142.671,1.63285,5.39653,10.74997,0.15027,-0.35797,-0.09896,31.2522963,75.7036123,1.170,88.80
142.773,1.43652,2.73897,14.05875,-0.32987,-0.35552,0.19792,31.2522963,75.7036123,1.170,88.80
142.877,2.10211,2.71502,8.12113,1.12277,0.58399,-0.95051,31.2522963,75.7036123,1.170,88.80
142.983,0.74699,2.61447,6.59363,0.10140,-0.76114,-0.56810,31.2522963,75.7036123,1.170,88.80
143.085,-0.47405,3.14119,8.33661,0.70738,0.04276,-0.37018,31.2522963,75.7036123,1.170,88.80
143.190,-1.13485,4.12282,9.55287,-0.26389,0.21991,0.58643,31.2522955,75.7036260,1.110,89.40
143.294,-0.46926,3.51469,11.32457,-1.46363,0.61575,0.93951,31.2522955,75.7036260,1.110,89.40
143.398,-0.93853,3.45244,8.90643,0.21014,-0.08552,-0.61209,31.2522955,75.7036260,1.110,89.40
143.503,-0.77093,3.14119,6.49307,-0.43982,-0.00977,0.45204,31.2522955,75.7036260,1.110,89.40
143.609,0.56982,3.82593,6.90488,-0.25290,0.57788,0.81734,31.2522955,75.7036260,1.110,89.40
143.712,0.83797,4.93684,11.60230,-0.05864,0.40684,-0.08186,31.2522955,75.7036260,1.110,89.40
143.815,0.13408,6.62236,10.21845,-0.04276,-0.41783,0.02077,31.2522955,75.7036260,1.110,89.40
143.920,2.72460,1.80523,12.37802,0.32132,-1.29748,-0.43738,31.2522955,75.7036260,1.110,89.40
144.027,0.05267,1.72861,7.39808,1.20218,-0.17959,-0.63774,31.2522955,75.7036260,1.110,89.40
144.131,-0.32082,2.82516,5.86101,0.81489,-0.63041,-0.77580,31.2522955,75.7036260,1.110,89.40
144.234,-0.31125,4.58250,5.85143,0.07941,0.34575,-0.15516,31.2522946,75.7036395,1.160,88.70
144.337,-1.31202,5.25288,12.23916,-1.24006,0.47159,0.35675,31.2522946,75.7036395,1.160,88.70
144.444,-1.69988,3.13640,9.97424,-0.04276,-0.92118,-0.22113,31.2522946,75.7036395,1.160,88.70
144.548,-2.14042,3.64398,5.48751,-0.21991,0.82711,0.52901,31.2522946,75.7036395,1.160,88.70
144.651,-0.06225,3.53384,6.50265,0.02199,0.42761,0.97128,31.2522946,75.7036395,1.160,88.70
144.755,1.68073,4.16112,8.47547,-0.31887,0.14661,0.82467,31.2522946,75.7036395,1.160,88.70
144.859,1.88663,5.73172,10.85052,0.03910,0.12828,-0.34331,31.2522946,75.7036395,1.160,88.70
144.965,1.66636,2.29843,14.48492,0.18815,-1.33902,-0.59376,31.2522946,75.7036395,1.160,88.70
145.069,0.80445,1.95367,8.30309,1.38666,0.12706,-0.82711,31.2522946,75.7036395,1.160,88.70
145.177,-0.26815,2.43251,5.06134,0.72326,-0.86621,-1.03236,31.2522937,75.7036547,1.140,90.80
145.279,-0.54588,3.87382,5.90889,0.20036,0.18570,-0.21991,31.2522937,75.7036547,1.140,90.80
145.382,-0.79009,4.99909,11.45386,-0.71716,0.83811,0.54856,31.2522937,75.7036547,1.140,90.80
145.486,-1.07739,2.62405,14.00129,-1.39888,-0.86010,0.58643,31.2522937,75.7036547,1.140,90.80
145.592,-1.75256,3.33273,6.14352,0.83322,0.54123,-0.21625,31.2522937,75.7036547,1.140,90.80
145.697,-0.98162,2.59053,7.29274,-0.47403,0.15394,0.76114,31.2522937,75.7036547,1.140,90.80
145.802,0.76614,3.78763,6.44040,-0.00733,0.67317,0.78557,31.2522937,75.7036547,1.140,90.80
145.907,1.87227,5.20978,11.54484,-0.24435,0.25290,0.18204,31.2522937,75.7036547,1.140,90.80
146.009,1.08218,5.77960,14.41788,-0.81001,0.45204,0.17349,31.2522937,75.7036547,1.140,90.80
146.114,1.89621,1.56581,9.91199,1.17653,-1.17164,-1.31947,31.2522937,75.7036547,1.140,90.80
146.217,-0.25857,2.04944,6.73250,1.27549,0.04520,-0.99693,31.2522919,75.7036683,1.040,89.90
146.320,0.65122,2.05422,6.10043,0.41783,-0.99938,-0.98960,31.2522919,75.7036683,1.040,89.90
146.425,0.23463,4.46758,7.10120,-0.23702,-0.16005,-0.69761,31.2522919,75.7036683,1.040,89.90
146.529,-0.26336,5.92804,9.97424,-1.21684,-0.55222,0.21258,31.2522919,75.7036683,1.040,89.90
146.634,-1.75256,1.57060,14.73392,-0.32620,-0.90164,0.18815,31.2522919,75.7036683,1.040,89.90
146.740,-2.76770,3.01669,5.74608,0.87109,1.18386,0.34697,31.2522919,75.7036683,1.040,89.90
146.846,-0.86670,3.16035,6.22014,0.11362,0.80390,1.09101,31.2522919,75.7036683,1.040,89.90
146.952,2.29843,4.23774,10.40041,-0.60231,0.17104,1.07390,31.2522919,75.7036683,1.040,89.90
147.055,1.84832,6.45477,10.92235,0.54367,-0.20769,-0.40928,31.2522919,75.7036683,1.040,89.90
147.159,2.25534,3.30879,13.50330,0.29688,-0.76969,-0.24190,31.2522919,75.7036810,1.040,90.10
147.261,1.42216,3.16513,7.32147,1.14965,0.18448,-0.79412,31.2522919,75.7036810,1.040,90.10
147.362,0.74699,2.33674,5.37259,0.36896,-0.82345,-0.63408,31.2522919,75.7036810,1.040,90.10
147.468,0.18675,3.80678,6.36858,0.10385,0.07575,-0.38729,31.2522919,75.7036810,1.040,90.10
147.575,-0.49799,5.38217,11.13783,-0.77213,0.75259,0.20769,31.2522919,75.7036810,1.040,90.10
147.678,-1.82917,4.33829,13.43626,-0.82711,0.36285,0.37629,31.2522919,75.7036810,1.040,90.10
147.780,-2.73418,4.05578,6.35421,0.95539,0.24312,-0.16249,31.2522919,75.7036810,1.040,90.10
147.884,-0.79009,3.09810,5.83706,-0.72937,0.40439,1.27671,31.2522919,75.7036810,1.040,90.10
147.992,0.89064,4.08451,6.63194,-0.11606,0.67806,0.79535,31.2522919,75.7036810,1.040,90.10
148.096,1.33118,5.29119,10.03649,-0.42883,0.01833,0.02321,31.2522919,75.7036810,1.040,90.10
148.201,2.14520,7.39808,11.54005,-0.46914,-0.04398,-0.08186,31.2522918,75.7036949,1.070,91.40
148.306,2.04465,2.00155,12.60787,0.32132,-1.74219,-1.23883,31.2522918,75.7036949,1.070,91.40
148.410,-1.34075,2.90177,5.79397,1.61513,0.21014,-0.90652,31.2522918,75.7036949,1.070,91.40
148.514,0.03352,3.16992,5.78918,0.40928,-0.93462,-0.50702,31.2522918,75.7036949,1.070,91.40
148.617,0.50278,3.97437,6.81869,-0.31154,-0.11240,-0.16493,31.2522918,75.7036949,1.070,91.40
148.720,-0.73263,5.28161,11.14740,-1.00304,0.36285,-0.23946,31.2522918,75.7036949,1.070,91.40
148.822,-3.00233,3.88818,14.15452,-0.45693,-0.17349,0.20036,31.2522918,75.7036949,1.070,91.40
148.925,-2.65278,4.49631,5.25288,0.71716,0.65118,0.24068,31.2522918,75.7036949,1.070,91.40
149.030,-0.12450,3.15077,7.86735,-0.63286,0.19426,1.04580,31.2522918,75.7036949,1.070,91.40
149.135,0.63686,3.89776,7.73327,-0.16249,0.49602,0.78313,31.2522918,75.7036949,1.070,91.40
149.238,1.11570,5.16190,10.17057,-0.27122,-0.20403,-0.12584,31.2522918,75.7037095,1.150,91.40
149.341,0.32561,4.43885,18.03313,-0.72815,0.54123,0.18937,31.2522918,75.7037095,1.150,91.40
149.444,1.16837,2.61926,7.82904,1.36589,-0.88087,-1.36712,31.2522918,75.7037095,1.150,91.40
149.548,-0.54109,3.03106,4.82671,0.76236,-0.23457,-0.48136,31.2522918,75.7037095,1.150,91.40
149.653,1.05824,2.87783,8.21211,-0.00122,-0.31154,-0.32865,31.2522918,75.7037095,1.150,91.40
149.757,-0.53151,4.34787,10.86010,-0.29932,0.15882,-0.21258,31.2522918,75.7037095,1.150,91.40
149.859,-1.97761,5.55455,9.31344,-0.59620,0.42394,0.26756,31.2522918,75.7037095,1.150,91.40
149.963,-1.80523,2.40378,10.03170,-0.45448,-0.84422,0.24801,31.2522918,75.7037095,1.150,91.40
150.068,-1.24498,3.62961,4.63517,0.32498,0.76480,0.44227,31.2522918,75.7037095,1.150,91.40
150.172,0.83318,3.88340,7.56568,0.17104,0.84422,0.72449,31.2522929,75.7037244,1.180,89.80
150.274,0.43574,4.97515,9.02135,-0.15760,0.00977,0.45815,31.2522929,75.7037244,1.180,89.80
150.381,0.69911,6.86657,9.78271,-0.15882,0.03665,-0.24557,31.2522929,75.7037244,1.180,89.80
150.484,0.15323,3.85945,14.80095,0.61575,-0.77458,-0.23579,31.2522929,75.7037244,1.180,89.80
150.589,0.16281,3.04542,8.22648,0.86132,-0.30421,-0.34697,31.2522929,75.7037244,1.180,89.80
150.693,-0.04310,2.66714,4.90811,0.19914,-0.72693,-0.55833,31.2522929,75.7037244,1.180,89.80
150.797,-1.62327,4.28083,7.51300,0.16860,0.27733,-0.32865,31.2522929,75.7037244,1.180,89.80
150.902,-0.50757,5.59285,8.72447,-0.24679,0.70127,-0.13073,31.2522929,75.7037244,1.180,89.80
151.006,-1.77650,5.00867,13.43626,-1.70920,0.43494,0.82345,31.2522929,75.7037244,1.180,89.80
151.110,-1.06781,3.46680,9.02135,0.12339,-0.96761,-0.45448,31.2522929,75.7037244,1.180,89.80
151.213,-1.35991,2.96881,5.63595,-0.31276,0.02443,0.60109,31.2522949,75.7037388,1.200,85.30
151.316,0.60813,3.40934,6.55054,0.09163,0.46181,0.57299,31.2522949,75.7037388,1.200,85.30
151.421,1.14922,5.07571,9.02614,-0.36896,-0.05864,0.04398,31.2522949,75.7037388,1.200,85.30
151.526,2.79643,6.79474,11.57357,-0.04154,-1.40377,-0.53145,31.2522949,75.7037388,1.200,85.30
151.632,2.01592,3.48596,12.62702,1.57481,-0.07086,-0.37263,31.2522949,75.7037388,1.200,85.30
151.737,0.88585,3.69665,7.48906,0.98716,0.47770,-0.31032,31.2522949,75.7037388,1.200,85.30
151.841,0.68953,2.51391,5.82270,0.10263,-1.14843,-0.55222,31.2522949,75.7037388,1.200,85.30
151.944,0.35434,4.34308,6.26802,-0.02077,-0.48503,-0.48014,31.2522949,75.7037388,1.200,85.30
152.048,0.63686,6.55054,9.48104,-0.72937,0.70983,0.13439,31.2522949,75.7037388,1.200,85.30
152.151,0.60334,5.49230,12.78983,-1.54182,0.37018,0.84788,31.2522949,75.7037388,1.200,85.30
152.253,-0.02873,3.38061,8.39407,0.25168,-0.36408,-0.11118,31.2522942,75.7037526,1.130,86.90
152.355,-0.92895,3.73974,5.28161,0.15394,0.87232,0.39584,31.2522942,75.7037526,1.130,86.90
152.457,1.25456,4.10366,5.88495,-0.01710,0.78191,0.77458,31.2522942,75.7037526,1.130,86.90
152.562,0.90022,4.89854,9.99340,-0.07575,0.60231,0.13439,31.2522942,75.7037526,1.130,86.90
152.667,1.18752,6.58884,9.88326,0.08919,-0.51557,-0.24923,31.2522942,75.7037526,1.130,86.90
152.773,1.83396,4.56814,13.73793,-0.14783,-0.50091,-0.11973,31.2522942,75.7037526,1.130,86.90
152.876,2.40378,3.76847,9.78271,0.58643,-0.13317,-0.79168,31.2522942,75.7037526,1.130,86.90
152.979,0.25379,2.90656,5.04219,0.52046,-0.85155,-0.97738,31.2522942,75.7037526,1.130,86.90
153.083,0.14844,3.85945,6.90967,-0.29932,-0.30299,-0.33353,31.2522942,75.7037526,1.130,86.90
153.187,-0.06704,4.65433,9.77313,-0.47159,0.27367,0.03176,31.2522968,75.7037667,1.120,87.00
153.289,-1.07260,4.52025,13.18726,-1.03725,0.53878,0.48381,31.2522968,75.7037667,1.120,87.00
153.394,-0.60813,3.39498,8.19296,0.58277,-0.47770,-0.47281,31.2522968,75.7037667,1.120,87.00
153.499,-1.43652,3.93128,4.51068,0.02199,0.69761,0.16249,31.2522968,75.7037667,1.120,87.00
153.603,0.52194,4.06057,6.69419,-0.44349,0.52901,0.70372,31.2522968,75.7037667,1.120,87.00
153.708,1.97761,4.44843,10.84095,-0.57910,-0.68050,0.37385,31.2522968,75.7037667,1.120,87.00
153.811,2.08296,6.20098,10.56322,-0.13561,-0.47770,-0.38851,31.2522968,75.7037667,1.120,87.00
153.914,1.84354,2.70066,11.61667,0.46548,-1.05558,-1.02503,31.2522968,75.7037667,1.120,87.00
154.019,0.27773,2.54743,7.27837,0.72204,0.77458,-0.59987,31.2522968,75.7037667,1.120,87.00
154.122,0.79009,2.93529,6.09085,0.23213,-0.53878,-0.76358,31.2522968,75.7037667,1.120,87.00
154.226,0.45969,4.35266,8.34619,-0.16249,-0.30055,-0.13928,31.2523002,75.7037801,1.010,87.10
154.329,0.44532,5.62159,11.61667,-0.52168,0.40195,0.83078,31.2523002,75.7037801,1.010,87.10
154.436,-0.84755,2.39899,13.99171,-0.67317,0.34208,0.65240,31.2523002,75.7037801,1.010,87.10
154.540,-1.58975,2.99754,6.32548,0.83200,0.38362,-0.27978,31.2523002,75.7037801,1.010,87.10
154.642,0.15802,3.06458,6.76601,-0.25901,0.40561,0.73793,31.2523002,75.7037801,1.010,87.10
154.747,0.89064,4.02226,7.79552,-0.21869,0.34208,0.63286,31.2523002,75.7037801,1.010,87.10
154.850,1.41258,5.30555,11.13783,-0.11362,-0.42028,-0.21136,31.2523002,75.7037801,1.010,87.10
154.955,1.62806,5.64074,12.69406,-0.59498,0.01588,-0.10507,31.2523002,75.7037801,1.010,87.10
155.060,1.92015,3.52905,9.08360,1.01648,-0.33598,-1.01281,31.2523002,75.7037801,1.010,87.10
155.164,0.67038,2.46124,6.16268,0.34941,-0.62308,-0.41050,31.2522996,75.7037918,1.000,88.10
155.265,0.39744,3.42850,7.19697,0.34208,-0.17471,-0.43371,31.2522996,75.7037918,1.000,88.10
155.368,-0.55545,5.03740,9.48583,0.04398,0.09652,0.12217,31.2522996,75.7037918,1.000,88.10
155.474,0.73263,4.73094,9.20810,-1.40988,-0.02321,1.12155,31.2522996,75.7037918,1.000,88.10
155.576,0.41180,1.34075,11.78905,-0.80879,-1.06535,0.27855,31.2522996,75.7037918,1.000,88.10
155.680,-0.84755,2.94966,5.75566,0.82589,0.84422,0.07453,31.2522996,75.7037918,1.000,88.10
155.786,1.13964,3.57694,7.21134,-0.10263,0.77580,0.84422,31.2522996,75.7037918,1.000,88.10
155.889,2.67672,3.94086,9.69652,-0.36774,-0.14905,0.54245,31.2522996,75.7037918,1.000,88.10
155.993,3.26090,5.08528,10.63504,0.16371,-0.49847,-0.43371,31.2522996,75.7037918,1.000,88.10
156.096,2.53307,3.06937,15.75864,-0.08552,-0.18326,-0.29199,31.2522996,75.7037918,1.000,88.10
156.199,2.05422,2.64320,8.23605,1.55038,0.36285,-1.38056,31.2523018,75.7038030,1.020,90.20
156.302,-0.18675,2.60010,4.22816,0.65607,-0.91019,-1.02748,31.2523018,75.7038030,1.020,90.20
156.406,0.78051,3.86424,7.24964,0.04520,0.12217,-0.34941,31.2523018,75.7038030,1.020,90.20
156.511,-0.19154,5.41090,9.79707,-0.45571,0.64019,0.23457,31.2523018,75.7038030,1.020,90.20
156.615,-2.42772,5.54497,13.68526,-1.20218,1.30481,1.16675,31.2523018,75.7038030,1.020,90.20
156.721,-0.73263,3.50511,8.09719,0.15760,-0.70494,-0.01955,31.2523018,75.7038030,1.020,90.20
156.825,-0.09098,3.29442,6.06691,-0.42638,0.36530,0.83811,31.2523018,75.7038030,1.020,90.20
156.927,0.35913,3.84509,7.80989,0.03543,0.62797,0.86254,31.2523018,75.7038030,1.020,90.20
157.030,1.10612,5.46836,9.61511,-0.37141,-0.17715,0.19059,31.2523018,75.7038030,1.020,90.20
157.134,1.75734,7.21612,11.20486,-0.45571,0.09529,-0.02932,31.2523018,75.7038030,1.020,90.20
157.238,2.15478,2.98318,11.05163,0.67806,-1.08123,-0.59498,31.2523022,75.7038166,1.130,93.50
157.342,0.67516,2.45645,7.22570,0.84299,0.18082,-0.30299,31.2523022,75.7038166,1.130,93.50
157.447,0.73263,2.74854,5.89452,0.07575,-1.00060,-0.79168,31.2523022,75.7038166,1.130,93.50
157.553,-0.14844,5.00388,8.53772,-0.21991,-0.10996,-0.35919,31.2523022,75.7038166,1.130,93.50
157.657,-0.30646,5.62637,9.89284,-0.52779,0.35430,0.33353,31.2523022,75.7038166,1.130,93.50
157.760,-1.76213,2.86825,12.97657,-0.83078,0.10873,1.02748,31.2523022,75.7038166,1.130,93.50
157.862,-0.81882,3.35667,7.91523,0.11240,0.75381,0.26512,31.2523022,75.7038166,1.130,93.50
157.965,-0.10534,3.16992,6.68461,0.09041,0.29566,0.41539,31.2523022,75.7038166,1.130,93.50
158.069,0.41180,4.60644,8.11634,0.22480,0.65118,0.42028,31.2523022,75.7038166,1.130,93.50
158.173,0.82361,5.18584,11.18092,-0.11606,-0.45571,0.14661,31.2523045,75.7038297,1.110,91.30
158.276,0.72305,4.29520,13.88637,-0.32254,0.56810,0.44593,31.2523045,75.7038297,1.110,91.30
158.380,1.22104,3.11246,9.67257,0.87109,0.15882,-0.58032,31.2523045,75.7038297,1.110,91.30
158.485,-0.81403,2.73418,5.23851,1.07634,-0.51191,-0.78069,31.2523045,75.7038297,1.110,91.30
158.588,-0.74220,3.89297,6.21056,0.25779,-0.34453,-0.41417,31.2523045,75.7038297,1.110,91.30
158.691,-0.27294,5.15232,11.01333,-0.52290,-0.27000,0.38851,31.2523045,75.7038297,1.110,91.30
158.795,-1.22104,4.96557,10.17536,-0.52779,0.62308,0.58277,31.2523045,75.7038297,1.110,91.30
158.898,-1.30245,3.73017,9.21768,-0.07086,0.01222,-0.05376,31.2523045,75.7038297,1.110,91.30
159.003,0.17238,3.06458,5.12359,-0.21136,0.21136,0.43738,31.2523045,75.7038297,1.110,91.30
159.109,1.35991,4.22337,6.46434,0.04276,0.93951,0.39340,31.2523045,75.7038297,1.110,91.30
159.212,0.49799,5.36301,10.38126,-0.35308,-0.84422,0.21747,31.2523082,75.7038431,1.080,84.90
159.316,1.00078,6.53138,9.70131,-0.05620,-0.32987,0.04032,31.2523082,75.7038431,1.080,84.90
159.418,1.87227,3.17950,12.02847,0.11240,-0.76480,-0.53634,31.2523082,75.7038431,1.080,84.90
159.521,0.20590,3.00233,7.60398,1.02625,0.36163,-0.38362,31.2523082,75.7038431,1.080,84.90
159.625,0.87628,2.90656,4.67827,0.38118,-0.56200,-0.50091,31.2523082,75.7038431,1.080,84.90
159.729,-0.46448,4.64954,9.54329,-0.15516,0.10751,-0.25168,31.2523082,75.7038431,1.080,84.90
159.834,-0.67995,5.58328,9.39485,-0.50824,0.21502,0.28955,31.2523082,75.7038431,1.080,84.90
159.938,-1.97282,2.73897,12.52646,-0.91508,-0.15149,0.58154,31.2523082,75.7038431,1.080,84.90
160.043,-2.35589,4.21858,6.74686,0.21747,0.83811,0.20403,31.2523082,75.7038431,1.080,84.90
160.151,-0.26336,3.21781,6.83784,-0.08186,0.29444,0.68661,31.2523082,75.7038431,1.080,84.90
160.254,-0.09577,4.63039,7.37893,-0.51435,0.53390,0.89309,31.2523144,75.7038568,1.160,84.10
160.358,0.77572,6.47871,12.55519,-0.25168,-0.03176,-0.22846,31.2523144,75.7038568,1.160,84.10
160.462,0.00479,2.85868,13.51766,-0.10751,-1.12277,0.34941,31.2523144,75.7038568,1.160,84.10
160.567,0.90022,2.17394,7.75721,1.65911,0.53756,-0.77213,31.2523144,75.7038568,1.160,84.10
160.671,-0.69911,2.78685,4.54898,0.32009,-0.85277,-0.45693,31.2523144,75.7038568,1.160,84.10
160.775,-0.28252,4.98473,7.79073,0.02199,0.33842,-0.05131,31.2523144,75.7038568,1.160,84.10
160.878,-0.51715,5.28640,11.68849,-0.24801,-0.24068,0.26145,31.2523144,75.7038568,1.160,84.10
160.983,-2.28407,4.46758,11.23838,-1.03236,0.44838,0.61942,31.2523144,75.7038568,1.160,84.10
161.087,-3.04542,3.76847,7.64708,0.88331,0.58032,-0.19303,31.2523144,75.7038568,1.160,84.10
161.192,-1.15401,3.21302,6.78996,-0.76480,0.36530,0.95661,31.2523186,75.7038710,1.160,79.30
161.294,-0.25379,4.69264,6.26802,0.34575,0.90530,0.70738,31.2523186,75.7038710,1.160,79.30
161.399,0.86191,5.92325,9.68215,-0.68050,-0.52046,0.39218,31.2523186,75.7038710,1.160,79.30
161.503,1.73819,7.32147,12.32056,-0.84422,-0.22235,-0.04276,31.2523186,75.7038710,1.160,79.30
161.608,0.52194,2.75333,10.68293,0.72449,-1.49051,-1.07146,31.2523186,75.7038710,1.160,79.30
161.713,-2.32238,2.96402,4.86502,0.36163,-0.11484,-0.00611,31.2523186,75.7038710,1.160,79.30
161.817,0.03352,3.55778,5.84664,-0.29688,-0.13561,0.14050,31.2523186,75.7038710,1.160,79.30
161.921,0.40223,5.47315,8.69095,-0.13928,0.35430,0.12828,31.2523186,75.7038710,1.160,79.30
162.025,-0.79966,5.14753,14.16410,-0.40684,0.36163,0.59987,31.2523186,75.7038710,1.160,79.30
162.127,-0.35434,1.69988,9.82102,-0.20281,-0.92485,0.39828,31.2523186,75.7038710,1.160,79.30
162.231,-1.44131,4.21858,4.85544,0.35186,1.22173,0.31765,31.2523224,75.7038849,1.030,69.80
162.333,0.67038,3.73495,7.23049,0.31276,0.51679,0.53023,31.2523224,75.7038849,1.030,69.80
162.436,0.00479,4.44364,7.79073,-0.04765,-0.05253,0.60231,31.2523224,75.7038849,1.030,69.80
162.540,0.86670,6.51223,9.46667,-0.33353,-0.30665,0.27245,31.2523224,75.7038849,1.030,69.80
162.644,2.19788,3.62482,15.93581,0.04520,0.05253,0.09163,31.2523224,75.7038849,1.030,69.80
162.750,0.57940,3.38540,7.43160,0.85032,0.19670,-0.47647,31.2523224,75.7038849,1.030,69.80
162.853,0.28730,2.37026,4.56814,-0.22480,-0.87598,-0.31154,31.2523224,75.7038849,1.030,69.80
162.956,-0.19632,4.16112,8.99262,-0.29444,0.14661,0.02443,31.2523224,75.7038849,1.030,69.80
163.059,0.39744,4.50589,12.12903,-0.16493,0.69761,0.49847,31.2523224,75.7038849,1.030,69.80
163.162,-0.13886,2.73897,13.93425,-0.90530,0.20403,0.99327,31.2523224,75.7038849,1.030,69.80
163.265,-2.82995,3.39498,7.77158,1.11177,0.56077,-0.59498,31.2523301,75.7038968,1.010,56.30
163.368,-1.47962,2.96402,6.33027,-0.73182,-0.28222,0.97983,31.2523301,75.7038968,1.010,56.30
163.471,-0.23942,4.09408,6.13873,0.25045,0.90042,0.91630,31.2523301,75.7038968,1.010,56.30
163.574,1.07739,4.67348,10.92714,-0.26878,0.16860,0.61209,31.2523301,75.7038968,1.010,56.30
163.678,2.10211,6.43561,11.39161,-0.51801,0.30299,0.70005,31.2523301,75.7038968,1.010,56.30
163.785,1.88663,2.77249,10.78827,0.69272,-0.81245,-0.47281,31.2523301,75.7038968,1.010,56.30
163.889,-0.67038,2.50433,5.79397,0.74281,-0.44349,-0.23824,31.2523301,75.7038968,1.010,56.30
163.992,0.34477,3.77805,5.53061,0.53390,0.01100,-0.41417,31.2523301,75.7038968,1.010,56.30
164.097,-0.26336,4.67827,9.86411,-0.14416,0.14661,0.12462,31.2523301,75.7038968,1.010,56.30
164.199,-0.43096,5.96635,9.68694,-0.70005,0.39340,0.42883,31.2523369,75.7039066,0.900,44.70
164.301,-1.50835,2.90177,11.00854,-0.63163,-0.74159,-0.16860,31.2523369,75.7039066,0.900,44.70
164.404,-3.25133,3.64876,6.94318,0.08308,0.56444,0.64874,31.2523369,75.7039066,0.900,44.70
164.507,-0.20111,3.96480,4.94642,0.57544,0.78069,1.25227,31.2523369,75.7039066,0.900,44.70
164.608,2.27928,4.64954,7.98227,0.50946,1.09467,1.07390,31.2523369,75.7039066,0.900,44.70
164.713,1.52750,6.35421,10.76912,-0.23335,-0.70372,-0.34941,31.2523369,75.7039066,0.900,44.70
164.815,3.03585,3.66313,13.75708,-0.23579,-0.00611,0.35552,31.2523369,75.7039066,0.900,44.70
164.917,0.16281,3.01669,7.62793,1.57115,0.69639,-1.14598,31.2523369,75.7039066,0.900,44.70
165.021,-1.06303,1.71425,3.54821,0.05620,0.39951,-0.22113,31.2523369,75.7039066,0.900,44.70
165.123,-0.52194,6.86178,7.61356,-0.13439,0.03543,1.33535,31.2523369,75.7039066,0.900,44.70
165.226,-1.10612,5.65510,8.98304,-0.73670,-0.00611,-0.89797,31.2523475,75.7039122,0.990,20.20
165.329,-2.32716,7.16345,13.88158,-1.32924,-0.78069,1.28526,31.2523475,75.7039122,0.990,20.20
165.431,-0.79009,3.76368,9.28471,0.87476,0.43005,0.67073,31.2523475,75.7039122,0.990,20.20
165.534,1.13485,2.34632,6.34463,0.87720,-0.26634,0.23946,31.2523475,75.7039122,0.990,20.20
165.636,0.50757,5.63116,4.24731,0.54123,0.51068,-0.34697,31.2523475,75.7039122,0.990,20.20
165.740,1.28808,6.79953,9.03572,0.00733,-0.21625,0.27855,31.2523475,75.7039122,0.990,20.20
165.842,1.92494,5.83228,11.21923,0.15638,-0.37507,-0.35430,31.2523475,75.7039122,0.990,20.20
165.944,2.11169,4.36702,9.09797,-0.48991,-0.50213,-0.23457,31.2523475,75.7039122,0.990,20.20
166.047,0.85234,4.72137,6.82347,-0.20281,-0.06964,-0.90652,31.2523475,75.7039122,0.990,20.20
166.149,0.35913,5.44441,6.41167,-0.10751,-0.18204,-0.43982,31.2523592,75.7039119,1.160,0.80
166.252,-0.00479,5.25288,7.61356,0.37874,-0.23702,-0.34086,31.2523592,75.7039119,1.160,0.80
166.354,0.92416,6.44998,10.85531,-0.09285,-1.31703,0.21014,31.2523592,75.7039119,1.160,0.80
166.459,-0.07661,5.66947,10.32380,-0.35919,-0.39584,-0.08796,31.2523592,75.7039119,1.160,0.80
166.563,0.95768,3.64876,8.26957,-0.10263,0.23824,-0.28344,31.2523592,75.7039119,1.160,0.80
166.666,-0.32561,3.93607,4.95121,0.04154,0.63041,0.29077,31.2523592,75.7039119,1.160,0.80
166.770,0.71826,5.35822,9.11712,0.44227,-0.58399,0.21258,31.2523592,75.7039119,1.160,0.80
166.875,1.32639,6.52659,9.58638,0.18570,-0.07697,0.03421,31.2523592,75.7039119,1.160,0.80
166.978,1.66158,6.30154,7.70454,-0.32254,-0.44960,0.01344,31.2523592,75.7039119,1.160,0.80
167.080,3.96001,5.11880,6.51702,0.42761,0.58032,-0.14294,31.2523592,75.7039119,1.160,0.80
167.183,0.64643,2.74376,7.41245,-1.38666,-0.42272,-0.46914,31.2523733,75.7039113,1.140,350.20
167.285,1.23062,5.05177,6.58884,-0.09285,-0.51068,-0.48258,31.2523733,75.7039113,1.140,350.20
167.390,2.09253,5.93762,10.48660,-0.36285,0.10018,0.11362,31.2523733,75.7039113,1.140,350.20
167.495,0.38786,7.01022,8.87291,0.07575,0.43127,0.32376,31.2523733,75.7039113,1.140,350.20
167.598,-0.35913,4.18028,11.49696,0.92729,1.25350,0.54856,31.2523733,75.7039113,1.140,350.20
167.704,0.91937,3.28963,7.17303,-0.04154,0.42272,0.30055,31.2523733,75.7039113,1.140,350.20
167.807,1.21147,3.73495,6.21056,1.10322,0.86987,0.28344,31.2523733,75.7039113,1.140,350.20
167.911,2.38462,6.20098,7.71891,0.10018,-1.04458,0.48014,31.2523733,75.7039113,1.140,350.20
168.014,1.70946,6.38773,9.35175,0.44593,0.93585,-0.05742,31.2523733,75.7039113,1.140,350.20
168.121,1.85790,4.10366,10.24718,-0.77091,-1.53083,0.24801,31.2523733,75.7039113,1.140,350.20
168.225,1.01993,4.57771,4.94642,-0.32132,-0.67928,-0.38973,31.2523852,75.7039123,1.100,350.80
168.328,1.06303,5.77481,5.87058,-0.25290,0.15149,-0.20159,31.2523852,75.7039123,1.100,350.80
168.432,2.44687,7.17782,8.59997,0.03910,-0.99938,1.15942,31.2523852,75.7039123,1.100,350.80
168.535,3.87382,7.02459,7.48906,0.37263,0.73304,0.33109,31.2523852,75.7039123,1.100,350.80
168.637,1.01993,4.03184,8.75320,0.07575,0.74403,0.52657,31.2523852,75.7039123,1.100,350.80
168.739,0.38786,3.27527,6.70376,-0.85643,-0.34086,0.03176,31.2523852,75.7039123,1.100,350.80
168.841,2.06859,4.57771,5.54976,-0.11484,0.04765,0.19548,31.2523852,75.7039123,1.100,350.80
168.942,2.72939,5.82749,7.36935,0.64874,0.40928,0.14416,31.2523852,75.7039123,1.100,350.80
169.043,3.28484,6.13394,9.21289,-0.12706,0.19670,0.01588,31.2523852,75.7039123,1.100,350.80
169.146,2.96402,4.14197,10.32859,-0.73426,-0.02810,-0.44104,31.2523852,75.7039123,1.100,350.80
169.248,2.85389,3.50032,6.24408,-0.48381,-0.21747,-0.70250,31.2523959,75.7039145,1.020,352.80
169.350,1.88184,2.78206,6.17225,-0.66096,-0.67195,-0.93218,31.2523959,75.7039145,1.020,352.80
169.455,3.30400,5.51145,8.78193,0.27367,0.22724,-0.98716,31.2523959,75.7039145,1.020,352.80
169.557,1.39343,4.75488,10.12268,-0.61209,0.27855,0.07941,31.2523959,75.7039145,1.020,352.80
169.660,-1.01993,5.30555,11.43950,-0.34941,-0.70494,-0.04398,31.2523959,75.7039145,1.020,352.80
169.763,-0.21069,4.28562,7.78594,1.00182,1.51983,0.60353,31.2523959,75.7039145,1.020,352.80
169.865,0.34955,2.11169,6.21535,-0.01588,0.88087,-0.16127,31.2523959,75.7039145,1.020,352.80
169.968,-1.89621,4.77883,9.46667,-0.25779,0.87965,-0.58887,31.2523959,75.7039145,1.020,352.80
170.070,-3.20344,3.68228,11.17613,-0.72449,0.53512,0.06597,31.2523959,75.7039145,1.020,352.80
170.172,-1.69031,3.54821,10.07480,0.50702,-0.50213,-0.29688,31.2524074,75.7039161,1.170,355.80
170.274,-0.20111,2.90656,8.73884,0.72693,-0.44960,0.20525,31.2524074,75.7039161,1.170,355.80
170.377,-1.62806,3.16992,7.26880,0.09652,0.03421,-0.58154,31.2524074,75.7039161,1.170,355.80
170.480,-1.53229,3.64398,6.65109,-0.01222,-0.36163,-0.34331,31.2524074,75.7039161,1.170,355.80
170.582,-2.10211,5.12838,10.91756,-0.70494,-0.21869,-0.33720,31.2524074,75.7039161,1.170,355.80
170.684,-4.45800,4.73573,8.66222,-0.79046,0.72449,-0.27611,31.2524074,75.7039161,1.170,355.80
170.789,-3.14598,1.08218,10.23761,-1.12399,-0.03543,0.38240,31.2524074,75.7039161,1.170,355.80
170.891,-1.05345,0.14844,7.84819,1.78739,-1.46608,1.05313,31.2524074,75.7039161,1.170,355.80
170.993,-0.16281,3.84030,7.31189,1.20340,-0.74770,0.39340,31.2524074,75.7039161,1.170,355.80
171.095,1.06781,4.02226,10.38605,0.11362,0.04154,0.35675,31.2524074,75.7039161,1.170,355.80
171.199,1.99676,4.11803,10.50576,0.21502,1.30970,-0.06597,31.2524195,75.7039176,1.150,358.10
171.302,2.34632,2.28886,10.37168,-0.28588,0.04276,-0.33353,31.2524195,75.7039176,1.150,358.10
171.403,-0.01437,3.29442,7.44118,0.06720,-0.36652,-0.70005,31.2524195,75.7039176,1.150,358.10
171.507,-1.17795,4.67827,5.37738,0.49602,-0.19914,-0.38607,31.2524195,75.7039176,1.150,358.10
171.609,-0.31603,4.53462,10.24718,-0.21502,-0.26756,-0.09774,31.2524195,75.7039176,1.150,358.10
171.711,-0.85234,5.46357,9.71088,-0.22724,0.45693,0.10873,31.2524195,75.7039176,1.150,358.10
171.814,-0.66080,2.94008,11.08037,-0.11362,-0.05376,0.41172,31.2524195,75.7039176,1.150,358.10
171.917,-0.26336,2.41336,8.27436,0.39340,-0.37263,0.21502,31.2524195,75.7039176,1.150,358.10
172.019,0.44532,4.46279,5.25288,0.29932,0.73915,0.41905,31.2524195,75.7039176,1.150,358.10
172.121,-0.78530,4.03184,8.99741,0.03543,-0.04276,0.12584,31.2524195,75.7039176,1.150,358.10
172.224,0.90501,4.51546,10.48660,0.07819,0.18937,-0.23335,31.2524293,75.7039182,1.020,0.30
172.326,0.35913,3.96959,9.83538,-1.00426,-0.32009,-0.66584,31.2524293,75.7039182,1.020,0.30
172.428,1.77650,2.36068,9.57681,-0.76358,0.07697,-0.40561,31.2524293,75.7039182,1.020,0.30
172.530,-1.04866,0.75657,6.96234,-0.16738,0.44471,-0.56810,31.2524293,75.7039182,1.020,0.30
172.634,0.09577,4.47716,8.69095,-0.02199,-0.05498,0.55344,31.2524293,75.7039182,1.020,0.30
172.737,-1.41258,2.60010,13.81454,0.03176,0.28466,0.54978,31.2524293,75.7039182,1.020,0.30
172.842,-2.12605,3.06937,11.90397,-0.02199,-0.89064,0.19303,31.2524293,75.7039182,1.020,0.30
172.945,0.38786,2.67193,9.17937,0.38973,-0.13683,0.58277,31.2524293,75.7039182,1.020,0.30
173.050,-0.46448,1.35512,4.29999,-1.04336,1.44653,-0.08430,31.2524293,75.7039182,1.020,0.30
173.152,-0.58419,1.75256,10.40999,0.00000,-0.98838,0.29077,31.2524293,75.7039182,1.020,0.30
173.255,0.58897,1.23541,13.37880,-0.28833,-0.61942,-0.18204,31.2524387,75.7039187,1.030,1.10
173.357,0.27294,0.62728,11.71243,-0.43127,-0.27367,-0.71960,31.2524387,75.7039187,1.030,1.10
173.459,1.34075,0.83797,7.71412,0.60720,0.18815,-0.53512,31.2524387,75.7039187,1.030,1.10
173.565,0.73741,1.19231,6.33027,0.46792,-0.25168,-0.55344,31.2524387,75.7039187,1.030,1.10
173.668,0.26336,2.46603,8.39407,-0.32987,-1.36101,-0.59376,31.2524387,75.7039187,1.030,1.10
173.770,-0.14844,2.24576,12.60787,0.04154,0.18204,0.33720,31.2524387,75.7039187,1.030,1.10
173.872,-0.86191,3.39498,9.93594,0.52412,-1.00915,0.66706,31.2524387,75.7039187,1.030,1.10
173.974,1.11091,1.97761,10.03170,-0.19303,0.92118,0.47037,31.2524387,75.7039187,1.030,1.10
174.078,1.10133,0.62249,7.46033,0.50457,0.40073,0.15760,31.2524387,75.7039187,1.030,1.10
174.181,1.93930,3.10767,6.09085,0.10263,0.44838,0.23457,31.2524460,75.7039193,0.800,2.50
174.285,2.22182,1.95846,11.27669,-0.26389,-0.32132,0.01100,31.2524460,75.7039193,0.800,2.50
174.387,2.77249,2.04944,10.85531,-0.71349,-0.04520,-0.76969,31.2524460,75.7039193,0.800,2.50
174.491,1.92973,0.01437,10.62547,0.24068,0.23824,-0.24435,31.2524460,75.7039193,0.800,2.50
174.598,1.00078,0.80924,7.48427,-0.52901,0.14172,-1.22295,31.2524460,75.7039193,0.800,2.50
174.704,0.17717,2.51391,8.26478,0.00611,-0.47281,-0.64019,31.2524460,75.7039193,0.800,2.50
174.807,0.33998,3.80678,10.41957,0.09041,-0.58154,0.20769,31.2524460,75.7039193,0.800,2.50
174.910,0.00958,3.60567,11.20008,-0.51068,-0.14050,0.28711,31.2524460,75.7039193,0.800,2.50
175.014,-0.01437,1.39343,10.51533,0.66340,0.97616,0.71838,31.2524460,75.7039193,0.800,2.50
175.118,0.42138,0.34477,8.47547,0.74526,0.52534,0.63408,31.2524460,75.7039193,0.800,2.50
175.222,2.15957,2.12605,6.53138,0.85032,0.67440,0.64630,31.2524557,75.7039199,0.910,3.30
175.326,2.55701,1.93930,9.24641,-0.18937,-0.40439,-0.09896,31.2524557,75.7039199,0.910,3.30
175.430,3.63440,1.78607,10.48660,-0.80390,-0.29444,-0.84910,31.2524557,75.7039199,0.910,3.30
175.535,1.83396,-0.35913,11.87045,-0.50213,-0.29810,-1.04702,31.2524557,75.7039199,0.910,3.30
175.640,1.95367,0.98641,7.17782,-0.46792,-0.16860,-1.64445,31.2524557,75.7039199,0.910,3.30
175.744,-0.10534,1.65679,7.51779,-0.60476,-0.50946,-1.50029,31.2524557,75.7039199,0.910,3.30
175.848,-1.95367,1.87227,12.55519,-0.29444,-0.15027,-0.69761,31.2524557,75.7039199,0.910,3.30
175.951,-1.55144,2.77727,13.09628,-0.00611,0.18448,-0.05498,31.2524557,75.7039199,0.910,3.30
176.056,-1.25456,-0.75178,15.51922,0.81489,0.12339,0.89064,31.2524557,75.7039199,0.910,3.30
176.160,-0.14365,-0.14844,8.33661,1.27915,-0.05131,0.73548,31.2524557,75.7039199,0.910,3.30
176.263,1.34554,1.51792,6.45477,1.14476,1.14720,0.99571,31.2524641,75.7039190,0.920,0.00
176.366,1.39821,2.26970,7.77158,0.71105,0.16127,0.13439,31.2524641,75.7039190,0.920,0.00
176.469,2.03986,2.11169,10.64462,-0.36530,0.52534,0.16371,31.2524641,75.7039190,0.920,0.00
176.571,1.83396,1.22104,13.35965,-1.42332,-0.07819,-0.33720,31.2524641,75.7039190,0.920,0.00
176.678,3.06937,3.04542,7.17303,-0.23457,-0.55222,-0.60598,31.2524641,75.7039190,0.920,0.00
176.781,0.98641,2.92571,6.84263,0.14905,-0.16371,-0.57299,31.2524641,75.7039190,0.920,0.00
176.883,-0.71826,3.72538,8.85855,-0.49847,-0.80879,-0.52168,31.2524641,75.7039190,0.920,0.00
176.986,-1.00556,4.22816,13.26867,0.03910,0.00244,0.38607,31.2524641,75.7039190,0.920,0.00
177.090,-1.10612,2.11647,15.72033,-0.49724,0.15272,0.46059,31.2524641,75.7039190,0.920,0.00
177.196,0.00000,2.30801,8.35576,0.89919,-0.00244,1.25716,31.2524729,75.7039156,0.950,355.40
177.300,1.01035,1.09176,7.48906,0.77946,0.94684,0.72693,31.2524729,75.7039156,0.950,355.40
177.404,0.73741,2.84910,6.51702,0.10873,0.43982,0.17959,31.2524729,75.7039156,0.950,355.40
177.509,1.72383,3.35667,9.82580,-0.41294,-0.08552,0.05498,31.2524729,75.7039156,0.950,355.40
177.613,1.75256,2.94487,10.10353,-1.14354,-0.54734,-0.83444,31.2524729,75.7039156,0.950,355.40
177.716,2.43730,2.31759,8.89685,0.74648,0.30788,-0.08308,31.2524729,75.7039156,0.950,355.40
177.820,1.19231,1.70467,7.13951,0.08919,-0.20281,-0.84055,31.2524729,75.7039156,0.950,355.40
177.923,0.87149,3.50511,7.13951,0.12584,-1.16920,-0.78557,31.2524729,75.7039156,0.950,355.40
178.027,0.28252,4.33829,11.30542,-0.86132,-0.15272,-0.61453,31.2524729,75.7039156,0.950,355.40
178.130,-1.45089,3.73974,11.65019,-0.72082,-0.48625,-0.10263,31.2524729,75.7039156,0.950,355.40
178.234,-1.18752,2.47082,11.29106,0.85032,0.60476,0.97494,31.2524829,75.7039158,0.980,352.90
178.337,-0.40223,0.69911,8.99262,0.93951,0.23213,0.52412,31.2524829,75.7039158,0.980,352.90
178.441,0.33040,2.74854,4.94163,0.41783,0.69639,0.50580,31.2524829,75.7039158,0.980,352.90
178.545,1.69031,3.08373,9.84975,-0.33231,0.31521,-0.00977,31.2524829,75.7039158,0.980,352.90
178.650,2.10211,2.80600,9.87369,-0.61575,0.18937,-0.39218,31.2524829,75.7039158,0.980,352.90
178.754,3.01191,0.91937,12.39239,0.26634,0.08796,0.33353,31.2524829,75.7039158,0.980,352.90
178.860,1.02472,1.71904,8.32224,-0.92974,-0.49724,-1.17164,31.2524829,75.7039158,0.980,352.90
178.965,-0.13408,3.53863,6.65588,0.48747,-0.59865,-0.53145,31.2524829,75.7039158,0.980,352.90
179.069,-1.26893,4.26168,10.23282,0.30665,-0.45937,-0.19181,31.2524829,75.7039158,0.980,352.90
179.173,-0.56503,4.65912,11.95185,0.22480,0.69272,0.61331,31.2524927,75.7039134,1.060,350.20
179.274,-0.80445,0.74699,11.46344,1.11055,0.83689,1.20707,31.2524927,75.7039134,1.060,350.20
179.375,1.03430,1.95846,7.66145,0.34208,-0.21869,0.83444,31.2524927,75.7039134,1.060,350.20
179.481,1.16837,2.24097,6.17704,0.22235,1.08367,0.82222,31.2524927,75.7039134,1.060,350.20
179.585,1.10133,3.55300,8.59997,-0.00733,-0.35919,0.30665,31.2524927,75.7039134,1.060,350.20
179.688,2.57137,4.06535,10.78348,-0.44715,-0.06597,0.30055,31.2524927,75.7039134,1.060,350.20
179.792,2.10690,1.76213,13.68047,-0.74281,-0.12217,-0.43860,31.2524927,75.7039134,1.060,350.20
179.898,2.90177,2.91135,6.12916,-0.17837,-0.20892,-1.18019,31.2524927,75.7039134,1.060,350.20
180.002,0.88585,1.80044,6.62715,0.05986,0.11729,-1.06535,31.2524927,75.7039134,1.060,350.20
180.107,-0.18675,3.30400,9.74919,-1.03481,-0.69028,-0.85399,31.2524927,75.7039134,1.060,350.20
180.210,-1.65200,3.58651,14.47534,0.00489,-0.01955,0.14539,31.2525018,75.7039110,1.020,347.20
180.313,-1.88663,3.00712,14.11142,-0.22969,-0.14172,0.07941,31.2525018,75.7039110,1.020,347.20
180.417,-1.40300,1.65679,8.45153,1.05558,0.46914,1.12155,31.2525018,75.7039110,1.020,347.20
180.524,-0.33519,0.90980,5.84664,0.90530,0.77213,1.14354,31.2525018,75.7039110,1.020,347.20
180.629,1.09176,3.13640,7.37893,0.53023,0.37874,0.96272,31.2525018,75.7039110,1.020,347.20
180.732,2.07338,3.25133,11.89918,-0.54856,0.94684,0.45082,31.2525018,75.7039110,1.020,347.20
180.835,0.76136,1.11091,12.36366,-2.29563,-0.94928,-0.56322,31.2525018,75.7039110,1.020,347.20
180.939,2.26970,1.95846,6.36858,0.90286,0.28833,0.72204,31.2525018,75.7039110,1.020,347.20
181.044,2.79643,2.82516,5.82270,-0.34208,-0.61209,-1.20096,31.2525018,75.7039110,1.020,347.20
181.147,1.11091,2.70545,8.22648,-0.49602,-1.13621,-1.48318,31.2525117,75.7039064,1.090,342.50
181.249,-0.69432,4.12282,13.32613,-0.41050,-0.28588,-0.76236,31.2525117,75.7039064,1.090,342.50
181.351,-3.56736,4.16112,13.49851,-1.02381,0.27122,-0.49114,31.2525117,75.7039064,1.090,342.50
181.455,-3.17471,1.83396,9.45231,1.60047,0.09896,1.50151,31.2525117,75.7039064,1.090,342.50
181.561,-0.07183,0.90980,7.89608,1.50884,0.16127,0.67684,31.2525117,75.7039064,1.090,342.50
181.664,1.15401,1.81959,5.23851,0.94440,1.15209,0.56444,31.2525117,75.7039064,1.090,342.50
181.769,2.63841,3.57215,7.62793,-0.75503,-0.43982,0.08552,31.2525117,75.7039064,1.090,342.50
181.872,2.88741,5.37259,8.87291,-0.68661,-0.03787,-0.29810,31.2525117,75.7039064,1.090,342.50
181.976,1.67115,1.37906,15.08826,-0.66706,0.16738,-0.60598,31.2525117,75.7039064,1.090,342.50
182.080,1.63763,2.53307,6.66067,-0.11851,-0.64630,-1.26693,31.2525117,75.7039064,1.090,342.50
182.185,-0.08619,2.22661,6.14352,-0.07575,-0.98471,-1.04336,31.2525213,75.7039021,1.100,339.80
182.287,-0.26815,4.43406,12.91911,-0.67073,-0.37263,-0.26878,31.2525213,75.7039021,1.100,339.80
182.390,-1.78607,5.97593,11.73159,0.18204,0.73304,0.76236,31.2525213,75.7039021,1.100,339.80
182.494,-1.58017,0.71826,14.74828,1.40621,0.20525,1.38056,31.2525213,75.7039021,1.100,339.80
182.601,1.72383,1.33118,8.81066,1.59436,0.14905,0.92607,31.2525213,75.7039021,1.100,339.80
182.705,1.59454,1.04866,3.98874,0.91630,1.56381,0.87232,31.2525213,75.7039021,1.100,339.80
182.810,2.40378,3.41892,6.24887,-0.43616,0.72571,0.32865,31.2525213,75.7039021,1.100,339.80
182.915,3.66313,4.72615,10.24718,-0.25534,0.20281,-0.03299,31.2525213,75.7039021,1.100,339.80
183.018,2.40378,1.36469,17.93257,-1.47096,0.19914,-0.44838,31.2525213,75.7039021,1.100,339.80
183.122,3.29921,4.49631,5.16190,0.08308,-0.22113,-0.94562,31.2525213,75.7039021,1.100,339.80
183.226,-1.11570,1.64721,6.35421,-0.19548,-0.20403,-1.25350,31.2525310,75.7039009,1.040,341.20
183.329,0.18196,4.33351,9.37091,-0.12706,-0.92974,-0.46181,31.2525310,75.7039009,1.040,341.20
183.434,-2.16436,5.05177,14.18804,-0.64874,1.23273,-0.19059,31.2525310,75.7039009,1.040,341.20
183.538,-1.52750,1.95846,13.84806,1.43187,-0.29444,0.55344,31.2525310,75.7039009,1.040,341.20
183.645,-0.59855,1.42694,7.10120,1.01770,-0.15272,0.57055,31.2525310,75.7039009,1.040,341.20
183.749,-0.08619,1.62327,4.96079,0.40439,1.31336,0.85155,31.2525310,75.7039009,1.040,341.20
183.851,1.49877,4.16112,7.22091,-0.41172,0.40073,0.35064,31.2525310,75.7039009,1.040,341.20
183.956,2.12126,4.49152,12.49773,-0.39828,0.28711,-0.09896,31.2525310,75.7039009,1.040,341.20
184.060,0.19154,1.28808,15.82088,-1.46608,0.23091,-0.91996,31.2525310,75.7039009,1.040,341.20
184.165,2.58574,3.58173,6.50744,0.70860,-0.49236,-0.29077,31.2525410,75.7038990,1.100,342.80
184.268,1.20189,2.97839,5.54976,0.17837,-0.48747,-0.71349,31.2525410,75.7038990,1.100,342.80
184.370,-1.13006,4.00311,8.72447,-0.33598,-0.91385,-0.58643,31.2525410,75.7038990,1.100,342.80
184.474,-2.97839,5.48272,12.25831,-0.28711,0.56077,0.08919,31.2525410,75.7038990,1.100,342.80
184.580,-2.39899,1.58975,17.12812,0.20647,-0.46914,1.06779,31.2525410,75.7038990,1.100,342.80
184.684,0.32082,2.16436,6.44998,0.24068,0.44593,0.83811,31.2525410,75.7038990,1.100,342.80
184.789,0.73263,0.76614,6.19619,0.83566,0.27733,0.84910,31.2525410,75.7038990,1.100,342.80
184.893,1.16358,2.57137,6.97670,0.22235,-0.37996,0.46792,31.2525410,75.7038990,1.100,342.80
184.998,3.21302,3.86424,11.64061,-0.51557,0.16493,-0.02688,31.2525410,75.7038990,1.100,342.80
185.103,1.31681,0.26815,18.14805,-1.20951,0.25045,-1.35123,31.2525410,75.7038990,1.100,342.80
185.207,2.65278,3.88340,5.78439,0.73182,-0.00733,-0.27000,31.2525510,75.7038943,1.130,342.70
185.311,0.27294,2.79643,5.88016,-0.07453,-0.39340,-0.76236,31.2525510,75.7038943,1.130,342.70
185.415,-0.90980,4.93684,8.04452,0.09163,-0.87598,-0.40806,31.2525510,75.7038943,1.130,342.70
185.520,-2.52349,5.42047,15.94538,-0.14783,0.64385,-0.34453,31.2525510,75.7038943,1.130,342.70
185.623,-1.82438,2.26970,14.32211,1.09345,0.47892,0.59620,31.2525510,75.7038943,1.130,342.70
185.726,0.59376,2.27449,6.40688,0.93829,-0.12828,0.44104,31.2525510,75.7038943,1.130,342.70
185.830,0.33519,2.32716,4.76446,0.63652,-0.01344,0.29199,31.2525510,75.7038943,1.130,342.70
185.935,0.00000,5.35822,7.73327,0.15027,0.00122,-0.06231,31.2525510,75.7038943,1.130,342.70
186.037,1.30723,6.29675,11.16177,-0.13195,0.33353,-0.38729,31.2525510,75.7038943,1.130,342.70
186.142,1.40300,4.76446,10.52491,-1.11177,-0.21380,-0.75869,31.2525581,75.7038891,0.960,341.00
186.244,2.34153,1.97761,7.69975,0.20892,-0.25534,0.26634,31.2525581,75.7038891,0.960,341.00
186.346,1.60412,3.09810,4.68306,-0.17104,-0.25168,-0.18204,31.2525581,75.7038891,0.960,341.00
186.449,-0.08619,4.46758,6.94318,-0.71349,-1.12888,-0.42883,31.2525581,75.7038891,0.960,341.00
186.551,0.05267,6.05733,11.41077,0.08430,0.21136,0.00489,31.2525581,75.7038891,0.960,341.00
186.654,-1.29287,4.77404,13.35965,-1.51006,-0.32865,0.36408,31.2525581,75.7038891,0.960,341.00
186.757,0.40223,3.03585,10.29507,0.69883,0.23457,1.25227,31.2525581,75.7038891,0.960,341.00
186.859,1.18274,2.93050,5.56891,0.87232,0.64141,0.63163,31.2525581,75.7038891,0.960,341.00
186.962,0.88585,4.01747,6.70376,0.35919,-0.35919,0.27122,31.2525581,75.7038891,0.960,341.00
187.065,3.00712,4.30477,9.79707,-0.02566,-0.67806,-0.13317,31.2525581,75.7038891,0.960,341.00
187.168,3.20823,4.55856,8.92558,-0.04520,0.30543,-0.19059,31.2525668,75.7038873,0.980,341.20
187.271,2.97839,2.42293,10.82658,-0.54123,0.16616,-0.58154,31.2525668,75.7038873,0.980,341.20
187.376,2.32716,2.34153,6.61757,-0.18570,-0.35797,-0.69516,31.2525668,75.7038873,0.980,341.20
187.478,0.64643,2.93050,6.33506,-0.48014,-0.40317,-0.64019,31.2525668,75.7038873,0.980,341.20
187.580,0.89064,4.86502,9.82580,-0.93462,0.69639,-0.16738,31.2525668,75.7038873,0.980,341.20
187.683,-0.58419,4.45800,13.06755,0.46426,0.58277,0.37141,31.2525668,75.7038873,0.980,341.20
187.786,-1.85790,3.14119,13.69483,-0.43738,-0.22724,0.25656,31.2525668,75.7038873,0.980,341.20
187.888,-0.09577,2.08774,9.48583,0.70005,0.34208,0.37996,31.2525668,75.7038873,0.980,341.20
187.990,0.57461,0.92895,6.95755,0.90530,0.82467,0.52168,31.2525668,75.7038873,0.980,341.20
188.093,0.28252,3.00233,5.87058,0.49480,0.32498,0.63652,31.2525668,75.7038873,0.980,341.20
188.195,0.64643,3.73974,10.48182,-0.59620,0.22235,0.24801,31.2525762,75.7038849,1.120,342.60
188.298,1.57060,2.56180,12.62223,-1.88391,-0.77213,-0.58032,31.2525762,75.7038849,1.120,342.60
188.401,1.92015,1.48919,7.12036,1.10200,1.40255,-0.07453,31.2525762,75.7038849,1.120,342.60
188.504,0.81882,2.98318,5.99987,-0.10018,-0.82955,-0.65118,31.2525762,75.7038849,1.120,342.60
188.606,0.36392,3.52905,7.09163,0.22113,-1.28893,-0.38118,31.2525762,75.7038849,1.120,342.60
188.709,0.43096,5.54976,10.01734,-0.88209,-0.16738,0.08430,31.2525762,75.7038849,1.120,342.60
188.811,-1.93451,6.25844,11.95664,-1.29015,0.41539,-0.36163,31.2525762,75.7038849,1.120,342.60
188.914,-2.11169,1.91536,11.37725,0.45082,0.01222,1.26083,31.2525762,75.7038849,1.120,342.60
189.016,0.71347,2.25055,7.40766,0.27000,0.08186,0.39828,31.2525762,75.7038849,1.120,342.60
189.118,0.79009,2.26013,5.90889,1.03358,0.58277,0.49358,31.2525762,75.7038849,1.120,342.60
189.222,0.38307,2.56180,9.84496,0.07819,-0.25534,-0.04032,31.2525835,75.7038788,1.070,339.00
189.325,1.87705,3.65355,11.21923,-1.14843,0.30177,-0.86987,31.2525835,75.7038788,1.070,339.00
189.430,1.34075,0.45490,10.45787,-0.02932,0.79901,0.29322,31.2525835,75.7038788,1.070,339.00
189.534,2.00634,2.69108,5.92325,-0.29932,-0.93096,-0.65851,31.2525835,75.7038788,1.070,339.00
189.638,-0.53151,2.99754,9.49062,-0.15027,-0.87842,-0.91874,31.2525835,75.7038788,1.070,339.00
189.741,-2.05901,4.15633,12.61265,-0.30543,0.14661,-0.31765,31.2525835,75.7038788,1.070,339.00
189.846,-1.32639,4.07972,13.80497,-0.46548,-0.40195,0.49480,31.2525835,75.7038788,1.070,339.00
189.949,-0.30646,2.09732,9.35654,1.40988,0.82467,1.28037,31.2525835,75.7038788,1.070,339.00
190.054,1.02951,0.76614,5.55934,0.86621,0.12095,0.49114,31.2525835,75.7038788,1.070,339.00
190.160,0.21548,3.28484,5.54497,-0.04398,0.13928,0.35186,31.2525922,75.7038738,1.130,334.60
190.262,1.64242,4.38618,11.06600,-0.51679,-0.82955,-0.06231,31.2525922,75.7038738,1.130,334.60
190.364,1.12527,4.96557,11.12346,-0.94318,0.55100,-0.68050,31.2525922,75.7038738,1.130,334.60
190.468,2.17394,1.31202,10.90319,1.02259,0.39828,0.32987,31.2525922,75.7038738,1.130,334.60
190.574,1.60412,1.92494,5.78439,-0.47159,-0.29444,-1.26449,31.2525922,75.7038738,1.130,334.60
190.678,0.37828,2.65278,6.43561,0.01100,-0.65118,-0.70616,31.2525922,75.7038738,1.130,334.60
190.783,-0.52194,4.43406,11.15219,-0.63652,-0.32987,-0.30177,31.2525922,75.7038738,1.130,334.60
190.887,-1.23062,5.59764,10.65420,0.04520,0.45571,0.41539,31.2525922,75.7038738,1.130,334.60
190.992,-1.12527,1.55144,11.52090,0.86376,0.82345,0.98594,31.2525922,75.7038738,1.130,334.60
191.097,0.22505,1.83875,7.64708,0.50824,-0.05986,0.23091,31.2525922,75.7038738,1.130,334.60
191.200,0.45969,2.84431,5.53061,0.52657,0.36652,0.49480,31.2526043,75.7038757,1.010,334.50
191.302,1.51314,3.33752,10.15620,0.02321,-0.04643,0.20403,31.2526043,75.7038757,1.010,334.50
191.405,1.89621,4.66869,10.05086,-0.56200,0.02321,-0.27855,31.2526043,75.7038757,1.010,334.50
191.509,2.64799,0.70390,14.90630,0.08308,-0.60720,-0.32742,31.2526043,75.7038757,1.010,334.50
191.612,3.45723,4.18028,4.77404,-0.31276,-0.87109,-1.08245,31.2526043,75.7038757,1.010,334.50
191.714,0.55067,1.81002,8.11156,-0.21625,-0.41539,-0.96272,31.2526043,75.7038757,1.010,334.50
191.815,0.96247,3.68707,7.93917,-0.25779,-1.39399,-1.01037,31.2526043,75.7038757,1.010,334.50
191.917,0.03352,4.54898,13.59428,-0.43982,0.10996,-0.08063,31.2526043,75.7038757,1.010,334.50
192.019,-0.47405,3.20823,17.39627,-0.59010,-0.16860,0.43738,31.2526043,75.7038757,1.010,334.50
192.125,1.05824,2.32716,8.37492,1.40499,-0.04398,1.08612,31.2526043,75.7038757,1.010,334.50
192.227,1.38385,1.24977,4.93684,1.15698,1.20829,0.90775,31.2526127,75.7038723,0.980,333.30
192.330,1.97761,3.67271,4.69742,0.60231,-0.42028,0.68417,31.2526127,75.7038723,0.980,333.30
192.432,3.95522,4.32393,9.98861,-0.68050,-0.38362,-0.19059,31.2526127,75.7038723,0.980,333.30
192.534,4.13239,4.57771,10.15620,-2.15025,0.21869,-1.01404,31.2526127,75.7038723,0.980,333.30
192.636,3.04064,2.61926,8.60476,0.56444,0.76480,0.26878,31.2526127,75.7038723,0.980,333.30
192.738,1.61848,1.93451,7.30232,-0.66462,-0.02199,-1.35368,31.2526127,75.7038723,0.980,333.30
192.842,1.27372,3.39977,6.56011,0.03787,-0.97372,-0.66340,31.2526127,75.7038723,0.980,333.30
192.944,0.13408,3.76368,12.38281,-0.69516,0.20892,0.07575,31.2526127,75.7038723,0.980,333.30
193.045,1.20189,5.43963,11.28627,-0.42883,-0.39584,0.36530,31.2526127,75.7038723,0.980,333.30
193.151,-0.38786,2.64799,10.60631,0.86621,0.69639,0.57421,31.2526223,75.7038758,0.960,336.30
193.253,0.28730,1.16837,8.35098,1.06046,0.43249,0.12828,31.2526223,75.7038758,0.960,336.30
193.355,1.59933,2.53785,5.01825,0.84788,0.61820,0.61209,31.2526223,75.7038758,0.960,336.30
193.458,2.28407,3.75411,7.47470,0.02077,-0.52779,0.31765,31.2526223,75.7038758,0.960,336.30
193.560,2.45166,5.20978,11.15698,-0.90042,-0.35675,-0.43982,31.2526223,75.7038758,0.960,336.30
193.662,1.04387,2.07338,15.14572,-0.59743,0.42272,-0.96272,31.2526223,75.7038758,0.960,336.30
193.766,2.03507,2.98796,5.52103,0.28588,-0.58032,-0.76969,31.2526223,75.7038758,0.960,336.30
193.868,0.37828,2.46124,5.80833,-0.13317,-0.41172,-0.78435,31.2526223,75.7038758,0.960,336.30
193.970,-0.17717,3.87861,8.15944,-0.75503,-0.76725,-0.42272,31.2526223,75.7038758,0.960,336.30
194.072,0.13886,6.25844,12.48816,-0.20281,0.40317,-0.04643,31.2526223,75.7038758,0.960,336.30
194.174,-1.30245,2.43730,18.75618,0.30421,-0.66951,-0.05131,31.2526343,75.7038833,0.950,343.30
194.279,0.83318,2.86825,8.63349,1.12766,0.62919,0.36774,31.2526343,75.7038833,0.950,343.30
194.381,0.25379,0.71347,5.48751,0.97372,0.91385,0.32376,31.2526343,75.7038833,0.950,343.30
194.485,0.90022,2.71981,4.65912,0.57177,-0.46426,0.73915,31.2526343,75.7038833,0.950,343.30
194.587,2.96402,3.96959,11.16656,-1.36345,-0.57788,0.35552,31.2526343,75.7038833,0.950,343.30
194.689,2.30801,3.73974,13.68047,-2.14292,0.25412,-0.73793,31.2526343,75.7038833,0.950,343.30
194.791,3.18908,3.90734,8.19296,0.38851,-0.06842,0.39951,31.2526343,75.7038833,0.950,343.30
194.894,1.17795,1.82917,8.32703,-0.46670,0.41661,-0.78313,31.2526343,75.7038833,0.950,343.30
194.995,1.22104,3.20823,5.75566,0.07453,-0.40806,-0.85032,31.2526343,75.7038833,0.950,343.30
195.097,-2.44687,2.87783,10.53928,-1.21318,0.41294,-0.88575,31.2526343,75.7038833,0.950,343.30
195.198,-2.26013,3.73017,14.42746,-0.79046,-0.86132,0.34697,31.2526501,75.7038968,0.930,350.60
195.303,-2.31759,0.80445,10.49139,1.57115,0.82100,1.76296,31.2526501,75.7038968,0.930,350.60
195.405,0.04310,0.78530,7.07726,1.56381,0.36041,1.16064,31.2526501,75.7038968,0.930,350.60
195.507,0.18675,2.24097,4.61123,0.36163,0.47770,0.88942,31.2526501,75.7038968,0.930,350.60
195.610,1.68073,2.94966,9.86890,-0.24557,-0.05376,0.43005,31.2526501,75.7038968,0.930,350.60
195.713,2.32238,3.60567,10.32380,-0.24801,0.80512,-0.02443,31.2526501,75.7038968,0.930,350.60
195.814,1.78607,1.90100,14.45619,-1.23273,-0.31765,-0.43371,31.2526501,75.7038968,0.930,350.60
195.917,2.41336,3.16035,7.08684,0.42761,0.01344,-0.26145,31.2526501,75.7038968,0.930,350.60
196.020,1.62806,2.69108,4.93206,0.26023,-0.49724,-1.02870,31.2526501,75.7038968,0.930,350.60
196.123,0.58897,3.81636,8.93037,-0.30910,-1.54182,-1.22417,31.2526501,75.7038968,0.930,350.60
196.229,-1.21625,4.95121,13.26388,0.01955,0.60842,0.35919,31.2526637,75.7039007,1.000,358.50
196.331,-2.79164,2.51391,15.44739,-0.14172,-0.20403,-0.16493,31.2526637,75.7039007,1.000,358.50
196.434,-0.04788,1.71904,10.92714,1.62612,0.38240,0.86499,31.2526637,75.7039007,1.000,358.50
196.538,1.05345,1.82917,3.99832,1.32313,1.03603,0.69883,31.2526637,75.7039007,1.000,358.50
196.640,0.50757,3.53384,4.09408,0.00122,0.47281,0.40317,31.2526637,75.7039007,1.000,358.50
196.742,1.94409,5.47315,9.38527,-0.43494,-0.55344,0.39951,31.2526637,75.7039007,1.000,358.50
196.845,2.75812,6.29196,9.68694,-1.31092,0.08552,-0.73915,31.2526637,75.7039007,1.000,358.50
196.947,0.94810,2.50912,10.34295,0.55344,0.66829,0.09407,31.2526637,75.7039007,1.000,358.50
197.049,0.72784,2.08774,6.48829,-0.04643,-0.06109,-1.03481,31.2526637,75.7039007,1.000,358.50
197.153,-0.03831,3.74932,6.08606,-0.18815,-1.37811,-0.87842,31.2526637,75.7039007,1.000,358.50
197.256,-1.59454,4.75967,12.34929,-0.81612,0.10018,-0.56688,31.2526750,75.7039042,0.950,2.90
197.358,-2.14520,5.38217,11.05642,-0.32498,0.00367,0.55100,31.2526750,75.7039042,0.950,2.90
197.461,-1.32639,2.49955,10.20888,1.06168,0.49602,1.23517,31.2526750,75.7039042,0.950,2.90
197.563,0.17717,1.42694,8.70532,1.05924,-0.17349,0.68050,31.2526750,75.7039042,0.950,2.90
197.665,1.69509,3.47159,3.96480,0.81001,0.74648,0.88820,31.2526750,75.7039042,0.950,2.90
197.768,2.03986,4.56335,9.16500,0.00977,-0.23457,-0.06842,31.2526750,75.7039042,0.950,2.90
197.870,1.79565,5.18584,9.25119,-0.71593,0.26512,-0.41050,31.2526750,75.7039042,0.950,2.90
197.972,1.64242,1.17795,12.51689,-0.20403,0.18204,-0.11729,31.2526750,75.7039042,0.950,2.90
198.074,1.32639,2.72939,7.12036,-0.81612,-0.62553,-1.17286,31.2526750,75.7039042,0.950,2.90
198.175,0.50278,3.33752,6.84263,-0.18815,-0.92118,-0.67562,31.2526852,75.7039091,1.030,4.30
198.277,-0.91459,4.08451,11.39640,-0.47647,-0.27733,-0.32498,31.2526852,75.7039091,1.030,4.30
198.378,-0.61770,4.67827,12.41633,0.63408,0.38729,0.37874,31.2526852,75.7039091,1.030,4.30
198.480,-1.79086,3.23696,14.10664,-0.18448,-0.07575,0.52046,31.2526852,75.7039091,1.030,4.30
198.582,0.56503,2.43251,10.18015,0.95417,0.16249,0.94806,31.2526852,75.7039091,1.030,4.30
198.684,0.73263,1.65679,4.09887,1.05069,1.01281,0.83444,31.2526852,75.7039091,1.030,4.30
198.786,0.30167,3.66792,6.45956,0.28466,0.00733,0.13195,31.2526852,75.7039091,1.030,4.30
198.890,1.05345,4.60166,9.41400,-0.33109,0.08430,0.28588,31.2526852,75.7039091,1.030,4.30
198.993,1.43652,3.74932,11.79384,-1.63468,-0.24801,-0.58887,31.2526852,75.7039091,1.030,4.30
199.095,2.49955,3.23696,7.95354,0.45326,0.00122,0.13561,31.2526852,75.7039091,1.030,4.30
199.199,0.68474,1.83875,5.80354,-0.10385,0.29566,-0.64874,31.2526989,75.7039146,1.020,1.70
199.301,0.47405,3.63440,6.56969,-0.11240,-1.19730,-0.54367,31.2526989,75.7039146,1.020,1.70
199.403,-0.20111,4.66391,11.17613,-1.14598,0.16005,0.02077,31.2526989,75.7039146,1.020,1.70
199.507,-0.55545,5.17626,13.30697,-0.37018,-0.24557,0.66706,31.2526989,75.7039146,1.020,1.70
199.610,-0.69911,2.65278,9.55287,0.94195,0.69394,1.33413,31.2526989,75.7039146,1.020,1.70
199.712,0.87628,2.16915,7.52258,1.28282,0.57055,0.69028,31.2526989,75.7039146,1.020,1.70
199.816,0.26336,3.15077,5.91847,0.66462,0.58765,0.22358,31.2526989,75.7039146,1.020,1.70
199.919,1.55623,3.81636,9.17458,0.10873,-0.09774,0.23335,31.2526989,75.7039146,1.020,1.70
200.022,3.40934,5.10444,8.76757,-0.51924,0.24923,-0.23579,31.2526989,75.7039146,1.020,1.70
200.125,1.51314,1.39821,12.10030,-0.13439,0.62064,-0.62797,31.2526989,75.7039146,1.020,1.70
200.229,1.65679,3.32794,7.53216,-0.48381,-0.73426,-1.15454,31.2527192,75.7039223,1.120,2.70
200.332,0.39265,3.84509,6.56969,0.20403,-0.88575,-0.91752,31.2527192,75.7039223,1.120,2.70
200.434,-1.23062,4.78362,10.99896,-0.19914,-0.64630,-0.43616,31.2527192,75.7039223,1.120,2.70
200.537,-0.73263,6.08127,11.73159,0.36408,0.22969,0.26267,31.2527192,75.7039223,1.120,2.70
200.640,-0.75178,3.37104,11.76511,0.71349,0.19914,0.53023,31.2527192,75.7039223,1.120,2.70
200.743,0.57461,2.71981,8.90643,0.57055,0.01833,0.15516,31.2527192,75.7039223,1.120,2.70
200.846,0.52672,2.19788,3.39019,0.40806,0.89186,0.53512,31.2527192,75.7039223,1.120,2.70
200.950,0.91459,4.25689,9.55765,-0.05742,-0.34086,0.60842,31.2527192,75.7039223,1.120,2.70
201.052,1.80044,5.68384,9.50977,-0.93707,-0.32376,-0.10751,31.2527192,75.7039223,1.120,2.70
201.154,1.90100,2.50912,13.89595,-0.84788,0.00000,-0.74403,31.2527370,75.7039273,1.150,0.10
201.256,2.86825,4.12760,6.02860,-0.11484,-0.22358,-0.59865,31.2527370,75.7039273,1.150,0.10
201.357,0.48363,2.88741,6.55054,0.07941,0.16249,-0.59987,31.2527370,75.7039273,1.150,0.10
201.462,0.84276,5.18105,9.28471,0.28955,-0.59376,-0.58032,31.2527370,75.7039273,1.150,0.10
201.563,0.10056,5.87058,10.26634,0.38607,-0.03421,-0.35308,31.2527370,75.7039273,1.150,0.10
201.666,-1.06303,5.68384,10.98460,-0.73670,-0.79779,-0.51557,31.2527370,75.7039273,1.150,0.10
201.770,-2.24576,3.08373,8.01579,0.81367,1.02503,0.63774,31.2527370,75.7039273,1.150,0.10
201.872,-0.58419,2.14999,5.87537,0.73548,0.69272,0.48625,31.2527370,75.7039273,1.150,0.10
201.975,-0.55067,4.41970,6.31590,-0.12095,0.36774,0.24068,31.2527370,75.7039273,1.150,0.10
202.079,0.52194,5.43005,10.16099,-0.16493,-0.46181,0.06720,31.2527370,75.7039273,1.150,0.10
202.182,1.65679,6.28239,9.03572,-0.56810,-0.16127,-0.19426,31.2527558,75.7039317,1.250,354.90
202.285,1.33118,3.74932,8.55688,0.37629,-0.10385,-0.34453,31.2527558,75.7039317,1.250,354.90
202.387,0.52672,2.40857,8.21211,-0.18326,-0.45082,-0.80146,31.2527558,75.7039317,1.250,354.90
202.490,-0.53630,4.60166,6.77559,-0.35186,-1.06291,-0.41905,31.2527558,75.7039317,1.250,354.90
202.594,-2.39899,5.94720,9.98382,-0.49480,0.04276,-0.29566,31.2527558,75.7039317,1.250,354.90
202.697,-0.83797,6.49307,10.91756,-0.19181,-0.00489,0.60842,31.2527558,75.7039317,1.250,354.90
202.799,-0.44532,3.10767,9.62948,0.97250,0.98838,1.18386,31.2527558,75.7039317,1.250,354.90
202.900,-0.11013,1.81002,8.79151,0.80023,0.82833,0.94684,31.2527558,75.7039317,1.250,354.90
203.003,0.82839,3.83551,5.26246,0.50702,0.48136,0.97983,31.2527558,75.7039317,1.250,354.90
203.106,2.48997,3.77326,10.55843,-0.03543,-0.06475,0.15027,31.2527558,75.7039317,1.250,354.90
203.207,2.89220,5.24330,7.51779,-0.29444,-0.01466,0.00611,31.2527724,75.7039358,1.190,353.40
203.310,2.83952,4.01268,12.01889,-0.67195,-0.03054,-0.46792,31.2527724,75.7039358,1.190,353.40
203.413,2.73897,5.02782,5.18105,-0.31765,-0.86499,-0.59254,31.2527724,75.7039358,1.190,353.40
203.517,0.29209,3.84509,7.15866,-0.28344,-0.09163,-0.55344,31.2527724,75.7039358,1.190,353.40
203.621,-0.16759,5.12359,8.67659,-0.49724,-0.13806,-0.49236,31.2527724,75.7039358,1.190,353.40
203.723,1.33596,6.30154,11.65497,0.28955,-0.12217,0.25901,31.2527724,75.7039358,1.190,353.40
203.826,-1.00078,3.05500,13.21599,-0.32254,0.67562,-0.12584,31.2527724,75.7039358,1.190,353.40
203.930,-0.56503,4.48673,7.69975,0.38607,-0.50091,0.68417,31.2527724,75.7039358,1.190,353.40
204.033,0.13408,2.49955,7.57525,0.14905,1.37078,0.39828,31.2527724,75.7039358,1.190,353.40
204.134,0.59376,3.68228,5.20499,0.32742,0.60476,0.64141,31.2527724,75.7039358,1.190,353.40
204.237,1.71904,4.48195,9.47625,-0.14905,-0.24435,0.15027,31.2527871,75.7039428,1.040,354.20
204.339,2.92571,4.09887,10.32380,-0.53267,0.17715,-0.61453,31.2527871,75.7039428,1.040,354.20
204.442,1.14443,1.28329,9.94073,0.02932,0.08308,-0.32132,31.2527871,75.7039428,1.040,354.20
204.544,2.19788,3.16513,7.04374,-1.05313,-0.75381,-1.38911,31.2527871,75.7039428,1.040,354.20
204.646,0.47884,3.41413,8.14507,-0.09407,-0.66706,-1.40988,31.2527871,75.7039428,1.040,354.20
204.749,-1.79086,3.64398,7.78116,-0.09652,-0.46792,-0.73670,31.2527871,75.7039428,1.040,354.20
204.852,-0.86191,3.33752,14.98770,0.15516,-0.14661,0.34697,31.2527871,75.7039428,1.040,354.20
204.953,-1.23062,1.71425,15.78737,-0.02566,0.20036,0.25779,31.2527871,75.7039428,1.040,354.20
205.057,0.18196,2.14520,9.57681,1.23273,-0.18448,0.69272,31.2527871,75.7039428,1.040,354.20
205.159,0.24900,0.81403,5.52103,0.75259,1.12277,0.61331,31.2527871,75.7039428,1.040,354.20
205.261,1.35033,2.98796,4.84108,0.15149,0.13683,0.69761,31.2527974,75.7039455,0.950,1.80
205.362,1.98240,4.00789,10.73081,-0.63163,-0.13439,0.00977,31.2527974,75.7039455,0.950,1.80
205.465,2.93529,3.56257,12.84250,-1.56259,-0.38240,-0.67562,31.2527974,75.7039455,0.950,1.80
205.568,2.73897,2.15478,7.37414,0.94928,0.88575,0.11240,31.2527974,75.7039455,0.950,1.80
205.670,0.70390,1.70467,7.51779,-0.61575,-0.14172,-1.39644,31.2527974,75.7039455,0.950,1.80
205.773,-0.93374,3.47638,7.35978,-0.15272,-0.51435,-0.75869,31.2527974,75.7039455,0.950,1.80
205.875,-1.64242,3.64398,12.05720,0.03665,-0.06720,0.21136,31.2527974,75.7039455,0.950,1.80
205.978,-0.93853,4.29041,9.99819,0.56444,0.31765,0.83566,31.2527974,75.7039455,0.950,1.80
206.082,-1.62806,1.09654,13.02446,0.66829,0.22724,0.94562,31.2527974,75.7039455,0.950,1.80
206.185,-0.69911,1.46046,8.45632,0.65240,0.28100,0.71227,31.2528116,75.7039485,1.010,16.40
206.287,0.30646,3.32315,5.34386,0.35797,0.58521,0.41050,31.2528116,75.7039485,1.010,16.40
206.389,0.00958,2.95444,9.17937,0.07330,0.50824,0.34086,31.2528116,75.7039485,1.010,16.40
206.494,1.77650,3.69665,9.95509,-0.26389,-0.12339,0.10873,31.2528116,75.7039485,1.010,16.40
206.598,2.70545,2.26491,11.29584,-1.70798,-0.89919,-1.45142,31.2528116,75.7039485,1.010,16.40
206.701,1.98240,2.39420,6.84742,0.22113,0.09896,-0.62675,31.2528116,75.7039485,1.010,16.40
206.803,0.25379,2.24576,7.35020,-0.24923,-0.71960,-1.19607,31.2528116,75.7039485,1.010,16.40
206.905,-0.16281,3.05500,10.01734,-0.32620,-0.89919,-1.09834,31.2528116,75.7039485,1.010,16.40
207.006,-1.70467,3.92170,13.38359,-0.41905,-0.43005,-0.21502,31.2528116,75.7039485,1.010,16.40
207.109,-1.88663,5.75566,9.42358,-0.16127,0.65240,0.29199,31.2528116,75.7039485,1.010,16.40
207.211,-1.41737,1.05345,13.69483,1.43798,0.29322,1.17775,31.2528236,75.7039475,1.030,19.00
207.313,0.66559,0.88107,7.03416,1.87413,0.79290,0.80634,31.2528236,75.7039475,1.030,19.00
207.417,0.57940,2.08774,4.66869,0.78679,0.99938,0.73670,31.2528236,75.7039475,1.030,19.00
207.519,1.33118,3.31358,7.76679,-0.61331,-0.00733,0.47403,31.2528236,75.7039475,1.030,19.00
207.621,3.09810,4.94642,9.31344,-0.05498,0.26634,0.39584,31.2528236,75.7039475,1.030,19.00
207.724,2.70545,2.07817,16.81208,-1.56015,-0.20769,-0.49969,31.2528236,75.7039475,1.030,19.00
207.827,2.51870,3.90255,5.91847,-0.54245,-0.56810,-1.00915,31.2528236,75.7039475,1.030,19.00
207.932,0.48842,3.40934,7.11078,0.01466,-0.55100,-0.81856,31.2528236,75.7039475,1.030,19.00
208.034,-0.52672,3.85945,10.75954,-0.46670,-0.72571,-0.51191,31.2528236,75.7039475,1.030,19.00
208.136,-0.02873,5.16669,12.04283,0.44715,0.22969,0.37018,31.2528236,75.7039475,1.030,19.00
208.239,-1.49398,2.94008,15.32289,-0.48503,-0.40561,-0.34208,31.2528393,75.7039485,1.060,15.50
208.342,-1.25935,2.62883,6.78517,1.12521,0.42761,1.33535,31.2528393,75.7039485,1.060,15.50
208.444,0.93853,2.24097,7.77637,0.72937,0.62919,0.73182,31.2528393,75.7039485,1.060,15.50
208.547,0.35913,3.79242,5.38217,0.14294,0.79657,0.24190,31.2528393,75.7039485,1.060,15.50
208.649,0.32561,5.14753,9.66779,-0.10140,-0.17593,0.31643,31.2528393,75.7039485,1.060,15.50
208.752,2.30801,6.12437,9.49540,-0.11362,0.06842,0.05498,31.2528393,75.7039485,1.060,15.50
208.854,1.35033,2.33195,10.73560,0.06597,0.09285,-0.57177,31.2528393,75.7039485,1.060,15.50
208.957,1.08218,2.82995,7.12993,-1.06657,-0.64874,-1.02381,31.2528393,75.7039485,1.060,15.50
209.060,0.33998,3.87382,6.51223,-0.14661,-0.58765,-0.29932,31.2528393,75.7039485,1.060,15.50
209.162,0.27773,4.97036,9.41400,-0.70738,-0.22235,-0.63163,31.2528517,75.7039525,1.090,18.00
209.264,-1.31202,5.13796,13.38359,-0.08308,0.41050,-0.30177,31.2528517,75.7039525,1.090,18.00
209.366,-2.19309,4.27126,13.12980,-0.09041,-0.69639,-0.05864,31.2528517,75.7039525,1.090,18.00
209.469,-3.23217,3.67749,5.77960,0.46914,-0.08186,0.87842,31.2528517,75.7039525,1.090,18.00
209.572,-1.38385,4.19464,8.98783,0.28100,0.43738,0.65851,31.2528517,75.7039525,1.090,18.00
209.675,2.26013,3.00233,9.39006,2.00608,0.99938,0.62675,31.2528517,75.7039525,1.090,18.00
209.778,1.38385,2.71981,3.78763,0.73059,0.96028,0.22358,31.2528517,75.7039525,1.090,18.00
209.881,-0.33040,3.05021,5.99987,-0.99571,-0.44593,-0.28711,31.2528517,75.7039525,1.090,18.00
209.983,0.80924,2.03507,14.64294,-2.48500,-0.64263,-0.37996,31.2528517,75.7039525,1.090,18.00
210.085,2.79643,4.47716,8.96389,-0.45815,-0.31887,-0.18937,31.2528517,75.7039525,1.090,18.00
210.187,0.16281,2.67672,8.59997,-0.43371,-0.44715,-1.05802,31.2528612,75.7039578,1.160,16.10
210.289,-1.07260,3.24654,10.80743,-0.37507,-0.51313,-0.57177,31.2528612,75.7039578,1.160,16.10
210.391,-0.87628,4.16112,12.16733,0.01588,0.11118,0.22846,31.2528612,75.7039578,1.160,16.10
210.494,-1.90578,3.52905,13.38359,-0.56688,-0.37507,-0.29810,31.2528612,75.7039578,1.160,16.10
210.597,-1.82438,2.15957,8.04931,1.22173,0.59743,1.24617,31.2528612,75.7039578,1.160,16.10
210.699,-0.76136,1.67594,8.90643,0.80756,0.19059,0.42272,31.2528612,75.7039578,1.160,16.10
210.800,-0.44053,2.19788,6.28717,0.75992,0.96761,0.60842,31.2528612,75.7039578,1.160,16.10
210.902,0.05267,2.94966,7.04853,-0.13195,0.06353,0.51068,31.2528612,75.7039578,1.160,16.10
211.005,1.93930,3.75411,11.58794,-0.22480,-0.07453,0.36652,31.2528612,75.7039578,1.160,16.10
211.107,1.01993,1.53708,15.58146,-1.27426,-0.45204,-0.75992,31.2528612,75.7039578,1.160,16.10
211.209,2.38941,3.16513,6.43561,0.05131,-0.43371,-0.72082,31.2528712,75.7039635,1.090,15.50
211.312,0.23942,2.84910,7.21134,-0.13073,-0.79290,-1.01159,31.2528712,75.7039635,1.090,15.50
211.415,-0.77093,3.69665,9.01656,-0.37874,-0.55100,-0.91141,31.2528712,75.7039635,1.090,15.50
211.518,-2.14999,4.64475,12.06199,-0.17349,-0.41661,0.04032,31.2528712,75.7039635,1.090,15.50
211.621,-1.39821,4.97994,14.03481,-0.70738,-0.67928,0.11606,31.2528712,75.7039635,1.090,15.50
211.723,-0.05267,1.37906,9.41879,1.79839,1.10444,1.50639,31.2528712,75.7039635,1.090,15.50
211.826,0.18196,1.81959,6.67982,1.37200,0.32987,0.89431,31.2528712,75.7039635,1.090,15.50
211.928,0.42617,2.83473,5.23373,0.28222,1.08612,0.46670,31.2528712,75.7039635,1.090,15.50
212.034,1.53708,3.77326,8.10198,-0.52412,0.37141,0.46426,31.2528712,75.7039635,1.090,15.50
212.136,2.67193,4.49631,9.02614,-0.36408,0.03787,0.24312,31.2528712,75.7039635,1.090,15.50
212.239,4.06057,1.58017,14.09227,-1.11300,-1.23028,-0.62675,31.2528809,75.7039638,1.100,14.30
212.342,2.37984,2.55701,8.04452,-0.71471,-0.21136,-1.25960,31.2528809,75.7039638,1.100,14.30
212.446,1.76692,2.97839,6.39252,-0.39951,-0.95295,-1.31336,31.2528809,75.7039638,1.100,14.30
212.549,-0.11971,3.23217,11.31021,-0.48503,-0.36774,-1.10444,31.2528809,75.7039638,1.100,14.30
212.651,0.26815,4.02226,10.95587,0.16738,-0.10507,-0.54000,31.2528809,75.7039638,1.100,14.30
212.752,-3.33752,1.29287,15.26064,-0.08063,0.47037,-0.10018,31.2528809,75.7039638,1.100,14.30
212.855,-1.27372,1.35991,10.12268,1.34146,0.04276,1.35612,31.2528809,75.7039638,1.100,14.30
212.958,1.44610,2.37505,5.21936,1.32069,0.42150,1.37200,31.2528809,75.7039638,1.100,14.30
213.060,1.20668,3.10289,6.10521,0.76603,0.27245,0.64874,31.2528809,75.7039638,1.100,14.30
213.162,3.16992,3.61524,10.08917,-0.46792,0.15882,-0.28222,31.2528926,75.7039686,1.210,22.40
213.264,2.70545,4.18985,10.16578,-1.18997,0.14783,-0.49847,31.2528926,75.7039686,1.210,22.40
213.367,3.04064,2.58095,9.04051,0.50580,0.36285,0.78435,31.2528926,75.7039686,1.210,22.40
213.469,2.69587,2.55701,6.79474,-0.07208,-0.01710,-0.42150,31.2528926,75.7039686,1.210,22.40
213.571,1.63285,2.95923,7.25922,-0.25045,-0.88575,-0.89553,31.2528926,75.7039686,1.210,22.40
213.673,1.10612,4.10366,8.90164,-0.74281,0.00977,-0.76603,31.2528926,75.7039686,1.210,22.40
213.776,-0.29688,5.56412,10.95587,-1.36712,-1.12766,0.04643,31.2528926,75.7039686,1.210,22.40
213.881,0.79009,2.79164,13.37880,1.23761,0.31521,0.91874,31.2528926,75.7039686,1.210,22.40
213.985,0.53151,1.89621,7.69496,1.08734,0.05742,0.30788,31.2528926,75.7039686,1.210,22.40
214.088,1.20189,2.37505,5.97593,0.52290,1.01281,0.23946,31.2528926,75.7039686,1.210,22.40
214.194,1.72861,2.24097,7.99663,0.07819,0.13195,-0.13073,31.2529029,75.7039729,1.120,23.40
214.297,3.87382,3.30879,8.93037,-0.57299,0.07575,0.19548,31.2529029,75.7039729,1.120,23.40
214.398,1.63763,0.37828,16.52957,-1.24739,0.28711,-0.40561,31.2529029,75.7039729,1.120,23.40
214.502,3.34231,3.28006,5.31513,0.21258,-0.43982,-0.50335,31.2529029,75.7039729,1.120,23.40
214.605,0.52194,1.99676,6.33985,-0.26878,0.13195,-0.94073,31.2529029,75.7039729,1.120,23.40
214.709,0.24900,2.98318,9.29908,-0.74892,-0.92363,-0.60476,31.2529029,75.7039729,1.120,23.40
214.811,-0.10056,2.64320,14.09227,0.00977,-0.25534,0.11240,31.2529029,75.7039729,1.120,23.40
214.915,0.26336,3.20344,14.14494,-0.39095,-0.15882,-0.10018,31.2529029,75.7039729,1.120,23.40
215.018,1.37427,2.50433,11.77468,1.28037,-0.52290,0.68417,31.2529029,75.7039729,1.120,23.40
215.120,1.92494,1.65679,4.94642,1.22295,1.45997,0.18204,31.2529029,75.7039729,1.120,23.40
215.222,1.37906,2.73897,5.67905,0.63408,0.11484,0.07208,31.2529135,75.7039777,1.060,22.50
215.323,1.94888,3.39019,9.17458,-0.37385,-0.36652,0.29322,31.2529135,75.7039777,1.060,22.50
215.425,2.51870,5.30555,8.18817,-1.28770,0.56322,-0.57544,31.2529135,75.7039777,1.060,22.50
215.528,1.50356,0.75178,12.96221,0.39951,0.38729,-0.04032,31.2529135,75.7039777,1.060,22.50
215.632,2.63362,2.76770,6.45477,-0.42150,-0.54856,-1.10689,31.2529135,75.7039777,1.060,22.50
215.735,0.92416,2.89698,6.90488,0.11484,-0.68783,-0.89553,31.2529135,75.7039777,1.060,22.50
215.837,-0.83318,3.77805,9.77792,-0.37507,-0.25901,-0.66706,31.2529135,75.7039777,1.060,22.50
215.939,0.18675,5.87537,11.28148,0.35919,0.16493,-0.07453,31.2529135,75.7039777,1.060,22.50
216.043,-2.33674,0.88585,14.11621,0.51435,0.45204,0.18815,31.2529135,75.7039777,1.060,22.50
216.145,0.64165,1.90100,9.31344,0.89919,-0.06475,0.51924,31.2529135,75.7039777,1.060,22.50
216.247,0.85234,2.22182,5.31513,0.53390,0.86743,0.66340,31.2529233,75.7039813,1.110,23.70
216.349,1.01993,2.97360,8.06846,0.41050,-0.07941,0.51191,31.2529233,75.7039813,1.110,23.70
216.452,2.24576,4.04620,10.86489,-0.37751,0.02688,-0.10751,31.2529233,75.7039813,1.110,23.70
216.554,1.82917,3.06458,12.15776,-1.43920,-0.10507,-0.95295,31.2529233,75.7039813,1.110,23.70
216.656,2.91614,3.71101,5.38217,0.19181,-0.37996,-0.19303,31.2529233,75.7039813,1.110,23.70
216.759,0.75657,2.98796,6.96234,-0.16005,0.01100,-0.75014,31.2529233,75.7039813,1.110,23.70
216.862,-0.82839,3.90255,7.37414,-0.42394,-0.51801,-0.69272,31.2529233,75.7039813,1.110,23.70
216.964,-1.08218,4.79319,12.72279,-0.13195,-0.26634,0.07941,31.2529233,75.7039813,1.110,23.70
217.067,-0.51715,4.98473,10.52012,-0.34086,-0.06842,0.09652,31.2529233,75.7039813,1.110,23.70
217.170,0.80924,2.73897,9.35654,0.65363,0.42883,1.00304,31.2529329,75.7039851,1.050,26.50
217.273,0.18675,1.66636,8.01579,0.56566,0.49358,0.30177,31.2529329,75.7039851,1.050,26.50
217.374,0.96247,2.84431,5.55455,0.59132,0.32865,0.74281,31.2529329,75.7039851,1.050,26.50
217.477,2.38941,4.12282,8.29830,-0.13561,-0.19670,0.36041,31.2529329,75.7039851,1.050,26.50
217.580,3.20344,4.49152,9.74440,-0.32132,-0.04643,-0.06353,31.2529329,75.7039851,1.050,26.50
217.682,1.93451,1.16358,12.38760,0.29322,0.81489,-0.13439,31.2529329,75.7039851,1.050,26.50
217.784,3.10289,2.77727,6.66546,0.02321,-0.70983,-0.85277,31.2529329,75.7039851,1.050,26.50
217.886,1.68552,2.67193,6.72292,-0.15394,-0.93951,-0.99327,31.2529329,75.7039851,1.050,26.50
217.989,0.45490,3.97916,9.42358,-0.31398,-0.57666,-0.51924,31.2529329,75.7039851,1.050,26.50
218.092,0.31603,5.99987,11.20486,0.21991,-0.23335,-0.07819,31.2529329,75.7039851,1.050,26.50
218.195,-2.07338,2.55701,15.61498,-0.29199,0.17349,-0.20036,31.2529401,75.7039899,1.080,33.30
218.298,-0.02394,3.05500,9.35175,0.39951,0.61697,0.98227,31.2529401,75.7039899,1.080,33.30
218.400,0.68474,1.98240,8.17380,0.28955,1.27671,0.85765,31.2529401,75.7039899,1.080,33.30
218.502,0.99120,3.06458,6.45477,0.63774,0.38851,0.93829,31.2529401,75.7039899,1.080,33.30
218.605,1.71904,3.85945,10.64462,0.03054,-0.45693,-0.15760,31.2529401,75.7039899,1.080,33.30
218.709,2.94487,4.81713,7.33105,-0.88575,0.27611,-0.38729,31.2529401,75.7039899,1.080,33.30
218.812,3.16035,3.15077,8.64307,0.69639,-0.10873,-0.17959,31.2529401,75.7039899,1.080,33.30
218.915,1.79565,1.93451,8.00621,-0.05376,-0.61209,-1.13621,31.2529401,75.7039899,1.080,33.30
219.017,0.45011,2.81079,6.45956,-0.26878,-0.89919,-1.09101,31.2529401,75.7039899,1.080,33.30
219.119,-0.99599,4.42927,8.91601,-0.87232,-0.26634,-0.89309,31.2529401,75.7039899,1.080,33.30
219.220,-2.14520,5.26724,11.80341,-0.85521,0.91874,-0.70005,31.2529475,75.7039981,1.050,39.60
219.321,-5.32949,0.69432,14.14973,0.14172,0.08308,0.42028,31.2529475,75.7039981,1.050,39.60
219.424,-0.68953,1.89142,10.21366,0.92607,-0.17349,0.80756,31.2529475,75.7039981,1.050,39.60
219.528,0.01915,1.37427,6.53617,0.88698,0.52534,1.00793,31.2529475,75.7039981,1.050,39.60
219.631,1.26414,2.39420,7.93438,0.64019,-0.27367,0.71227,31.2529475,75.7039981,1.050,39.60
219.734,1.92494,2.83473,10.64462,-0.17226,0.08186,0.08796,31.2529475,75.7039981,1.050,39.60
219.836,1.23062,1.88184,12.18649,-1.67133,-0.20647,-0.65118,31.2529475,75.7039981,1.050,39.60
219.938,3.66313,4.27604,6.80911,-0.07819,-0.27122,0.33353,31.2529475,75.7039981,1.050,39.60
220.042,0.33519,3.76847,7.68060,-0.11118,-0.05986,-0.74281,31.2529475,75.7039981,1.050,39.60
220.143,-1.52750,4.26168,9.76355,0.36530,-0.50213,-0.22113,31.2529475,75.7039981,1.050,39.60
220.245,0.68953,5.34865,11.82736,0.50091,-0.03176,0.43127,31.2529547,75.7040038,1.100,39.70
220.347,-0.79966,4.28083,10.97023,-0.32254,0.06475,0.32009,31.2529547,75.7040038,1.100,39.70
220.450,0.55067,3.53863,8.18338,0.27367,0.24801,0.75625,31.2529547,75.7040038,1.100,39.70
220.554,-0.00479,2.14042,6.64152,0.43494,0.51924,0.24923,31.2529547,75.7040038,1.100,39.70
220.657,-0.40701,4.25210,6.95276,0.19303,-0.00733,0.30421,31.2529547,75.7040038,1.100,39.70
220.760,0.11013,5.57370,9.30866,-0.08063,0.35308,0.28222,31.2529547,75.7040038,1.100,39.70
220.863,1.24977,4.68785,11.30063,0.34086,0.22846,0.27855,31.2529547,75.7040038,1.100,39.70
220.966,2.59531,2.35589,9.73961,0.52779,0.03421,-0.01710,31.2529547,75.7040038,1.100,39.70
221.069,1.27850,3.63919,7.65187,-0.35675,-0.32865,-0.58032,31.2529547,75.7040038,1.100,39.70
221.172,-0.29209,4.92248,5.87537,0.23702,-0.42272,-0.77213,31.2529634,75.7040126,1.080,37.50
221.275,-0.11013,5.66947,8.68138,-0.32132,-0.12706,-0.19548,31.2529634,75.7040126,1.080,37.50
221.377,0.72305,5.63595,11.21923,0.23579,0.37629,0.17715,31.2529634,75.7040126,1.080,37.50
221.480,-1.19231,3.48117,11.77947,-0.40561,0.24068,0.03665,31.2529634,75.7040126,1.080,37.50
221.583,-0.20590,3.78284,7.82904,0.06231,-0.82100,0.32254,31.2529634,75.7040126,1.080,37.50
221.689,-0.29209,3.64876,5.75566,0.06231,0.67073,0.78679,31.2529634,75.7040126,1.080,37.50
221.792,0.13408,4.35745,8.00142,0.18326,-0.37263,0.70127,31.2529634,75.7040126,1.080,37.50
221.894,2.08774,4.48195,9.98861,-0.20281,0.04765,0.43616,31.2529634,75.7040126,1.080,37.50
221.997,3.56257,5.35822,8.71968,-0.67562,0.39584,-0.55222,31.2529634,75.7040126,1.080,37.50
222.100,2.97839,2.57137,9.27035,0.41905,0.47159,-0.23213,31.2529634,75.7040126,1.080,37.50
222.203,1.61369,1.83875,8.98783,-1.26083,-0.45082,-1.47463,31.2529717,75.7040207,1.040,36.50
222.306,0.98162,3.85466,6.70855,0.06109,-0.84422,-0.68173,31.2529717,75.7040207,1.040,36.50
222.408,-0.38786,4.51546,11.11388,-0.43127,-0.01222,-0.17837,31.2529717,75.7040207,1.040,36.50
222.510,-0.00479,5.93762,10.45308,0.22846,0.75869,0.33475,31.2529717,75.7040207,1.040,36.50
222.612,-1.45089,0.56503,13.51287,0.70738,0.57421,0.39340,31.2529717,75.7040207,1.040,36.50
222.714,0.79966,2.30322,8.94474,0.59376,-0.25901,0.48381,31.2529717,75.7040207,1.040,36.50
222.815,0.70868,1.73819,6.45477,0.43738,0.69150,0.47770,31.2529717,75.7040207,1.040,36.50
222.917,1.61848,3.21781,7.63272,0.34575,0.38240,0.44593,31.2529717,75.7040207,1.040,36.50
223.020,2.20267,4.60644,10.01255,-0.39462,-0.43616,-0.09407,31.2529717,75.7040207,1.040,36.50
223.123,2.52349,3.46202,10.93671,-1.96088,-0.15882,-1.26449,31.2529717,75.7040207,1.040,36.50
223.225,0.70390,1.54665,6.94797,1.20951,0.51924,0.08063,31.2529778,75.7040269,1.000,38.20
223.326,0.92895,2.14042,7.73327,-0.58154,-0.80756,-0.97861,31.2529778,75.7040269,1.000,38.20
223.430,0.82361,3.72059,8.25042,-0.25412,-0.71593,-0.65729,31.2529778,75.7040269,1.000,38.20
223.532,-0.45490,3.89776,11.46344,-0.18815,0.05620,0.06964,31.2529778,75.7040269,1.000,38.20
223.635,-0.51236,5.49709,8.61434,-0.14172,0.25901,0.32132,31.2529778,75.7040269,1.000,38.20
223.737,-1.90578,1.22583,11.62146,0.69394,0.32498,0.92485,31.2529778,75.7040269,1.000,38.20
223.840,-0.00479,1.35512,8.21690,1.07512,0.18326,0.81612,31.2529778,75.7040269,1.000,38.20
223.944,0.79009,2.72460,5.34865,0.31887,0.59132,0.88209,31.2529778,75.7040269,1.000,38.20
224.047,0.56503,3.09331,9.48583,-0.21502,0.24557,0.51191,31.2529778,75.7040269,1.000,38.20
224.149,2.20745,4.53941,10.47224,-0.20647,0.10751,0.19792,31.2529778,75.7040269,1.000,38.20
224.252,1.25935,0.58897,15.33247,-0.28711,0.21625,-0.18082,31.2529861,75.7040341,1.060,38.00
224.355,3.06458,3.40455,6.44998,0.03299,-0.30299,-0.24068,31.2529861,75.7040341,1.060,38.00
224.458,1.59933,2.96402,6.00466,-0.02443,-0.05986,-0.50946,31.2529861,75.7040341,1.060,38.00
224.561,0.06704,3.72059,8.19775,-0.66462,-0.27367,-0.72204,31.2529861,75.7040341,1.060,38.00
224.664,-0.38307,4.62560,12.56477,-0.12339,-0.36285,0.20403,31.2529861,75.7040341,1.060,38.00
224.766,0.22505,4.60166,13.84327,-0.76358,-0.85155,0.16493,31.2529861,75.7040341,1.060,38.00
224.868,-0.28252,2.47560,9.63427,0.97861,0.55222,1.17164,31.2529861,75.7040341,1.060,38.00
224.970,1.16837,1.58017,6.34463,1.41965,0.41417,0.73548,31.2529861,75.7040341,1.060,38.00
225.073,1.33118,3.48596,5.58328,0.16249,0.45937,0.39462,31.2529861,75.7040341,1.060,38.00
225.174,2.48518,5.10923,9.16022,-0.01710,-0.21258,0.34819,31.2529947,75.7040409,1.100,30.90
225.276,2.43730,5.61680,9.96467,-0.84910,0.56566,-0.63652,31.2529947,75.7040409,1.100,30.90
225.379,0.34477,0.22505,12.37802,0.54611,0.59132,-0.30665,31.2529947,75.7040409,1.100,30.90
225.481,2.11169,2.63362,6.96234,-0.34086,-0.48747,-0.97372,31.2529947,75.7040409,1.100,30.90
225.584,0.11013,3.40455,5.31513,-0.25045,-0.54000,-0.85888,31.2529947,75.7040409,1.100,30.90
225.686,-1.21147,4.85065,12.02847,-0.30543,-0.28955,-0.77213,31.2529947,75.7040409,1.100,30.90
225.789,-1.38864,5.49230,11.58315,0.62797,0.43127,0.09652,31.2529947,75.7040409,1.100,30.90
225.891,-2.94487,3.87382,11.58794,0.04276,0.27855,-0.19303,31.2529947,75.7040409,1.100,30.90
225.993,-2.35589,2.09253,10.54885,0.38240,0.13806,0.76114,31.2529947,75.7040409,1.100,30.90
226.097,-0.18196,2.33674,5.03261,0.44715,0.87720,1.34024,31.2529947,75.7040409,1.100,30.90
226.199,0.42138,4.19464,7.23528,0.34941,-0.16616,1.10078,31.2530045,75.7040482,1.160,32.20
226.302,2.33195,5.21936,12.72279,-0.51679,-0.05131,0.00122,31.2530045,75.7040482,1.160,32.20
226.406,1.93451,4.46279,9.66779,-0.83444,0.43860,-1.06413,31.2530045,75.7040482,1.160,32.20
226.509,2.26013,3.08852,6.53138,1.03114,-0.10751,0.27000,31.2530045,75.7040482,1.160,32.20
226.612,0.97205,2.27449,6.91445,-0.20281,-0.50213,-1.00671,31.2530045,75.7040482,1.160,32.20
226.713,-0.38786,4.11803,7.51779,-0.15027,-0.98349,-1.08490,31.2530045,75.7040482,1.160,32.20
226.815,-2.26013,5.34386,10.27591,-0.42761,-0.38851,-0.46914,31.2530045,75.7040482,1.160,32.20
226.919,-1.92973,6.73250,10.06522,-1.05802,0.21136,-0.05253,31.2530045,75.7040482,1.160,32.20
227.021,-2.68629,2.67193,9.58160,0.82955,1.05802,1.21807,31.2530045,75.7040482,1.160,32.20
227.125,-0.63207,2.21703,8.24563,0.75136,-0.00977,0.73304,31.2530045,75.7040482,1.160,32.20
227.227,-0.08619,3.02627,7.01022,0.13806,0.72815,0.38240,31.2530149,75.7040552,1.100,34.90
227.329,0.81882,4.25210,7.92960,0.32987,0.19303,0.41417,31.2530149,75.7040552,1.100,34.90
227.431,0.87628,4.92248,10.83616,-0.40561,-0.13195,0.00489,31.2530149,75.7040552,1.100,34.90
227.534,1.84354,4.14676,12.83292,-0.88087,-0.74648,-0.85155,31.2530149,75.7040552,1.100,34.90
227.636,2.20267,3.95043,4.92248,0.62797,0.06475,-0.79290,31.2530149,75.7040552,1.100,34.90
227.738,-0.06225,2.73418,6.66067,0.01833,-0.71349,-1.17408,31.2530149,75.7040552,1.100,34.90
227.840,-1.34075,4.57771,8.57124,-0.47770,-1.07512,-0.93096,31.2530149,75.7040552,1.100,34.90
227.942,-2.57137,6.91924,10.89841,-0.31276,-0.38240,-0.20769,31.2530149,75.7040552,1.100,34.90
228.046,-3.84509,5.72693,13.64216,-0.44227,-0.44104,-0.37629,31.2530149,75.7040552,1.100,34.90
228.148,-2.44687,2.72939,8.29351,0.64752,1.16675,1.48929,31.2530149,75.7040552,1.100,34.90
228.250,-0.64643,1.90100,8.88728,0.24435,0.54000,0.69272,31.2530220,75.7040627,1.110,39.30
228.352,0.01437,2.36068,6.93361,0.52779,0.99082,0.96028,31.2530220,75.7040627,1.110,39.30
228.455,1.29766,3.86903,6.86657,0.12584,-0.08796,0.50457,31.2530220,75.7040627,1.110,39.30
228.558,1.59933,5.34386,10.03649,-0.75747,-0.11362,-0.28711,31.2530220,75.7040627,1.110,39.30
228.660,1.03430,2.72460,13.68047,0.03176,-0.09285,-0.26756,31.2530220,75.7040627,1.110,39.30
228.764,1.44131,3.26090,7.86735,0.07697,-0.49847,-1.16553,31.2530220,75.7040627,1.110,39.30
228.865,-0.44532,3.56257,5.45878,0.15149,-0.90042,-1.08612,31.2530220,75.7040627,1.110,39.30
228.968,-1.35033,4.92727,9.05008,-0.27733,-1.10689,-0.85155,31.2530220,75.7040627,1.110,39.30
229.070,-1.93930,6.27281,9.85453,-0.05498,-0.29810,-0.19181,31.2530220,75.7040627,1.110,39.30
229.172,-2.57616,2.55222,15.42824,0.18570,-0.65240,0.44227,31.2530304,75.7040705,1.110,36.60
229.274,-0.57461,3.45244,8.33661,0.37507,0.55589,0.95173,31.2530304,75.7040705,1.110,36.60
229.376,0.04310,2.55701,5.85143,0.69028,1.11422,1.22051,31.2530304,75.7040705,1.110,36.60
229.477,1.93451,4.97994,6.78038,0.50213,-0.08308,0.74403,31.2530304,75.7040705,1.110,36.60
229.579,3.07416,4.26647,11.02769,-0.01710,0.02810,-0.24801,31.2530304,75.7040705,1.110,36.60
229.682,2.65278,3.35667,11.29584,-0.85521,-0.46059,-1.08612,31.2530304,75.7040705,1.110,36.60
229.783,1.96325,3.64876,6.01902,0.35552,-0.27000,-0.04887,31.2530304,75.7040705,1.110,36.60
229.886,0.43096,2.78206,8.19775,-0.28344,-0.05620,-0.88942,31.2530304,75.7040705,1.110,36.60
229.988,0.45011,5.25288,6.82826,-0.21747,-0.57788,-0.24679,31.2530304,75.7040705,1.110,36.60
230.092,0.10534,5.79397,11.30542,0.01955,-0.35186,0.31154,31.2530304,75.7040705,1.110,36.60
230.194,0.83318,7.86735,8.68138,-0.51801,0.45204,0.13073,31.2530396,75.7040777,1.140,30.20
230.299,-1.64721,2.23140,9.23683,0.67440,1.52105,0.95539,31.2530396,75.7040777,1.140,30.20
230.400,-0.04788,2.43251,7.35499,0.41783,0.91752,0.83444,31.2530396,75.7040777,1.140,30.20
230.503,1.54187,4.57293,6.62715,0.16371,0.12095,0.81734,31.2530396,75.7040777,1.140,30.20
230.605,2.05422,3.35667,9.85453,-0.10629,0.10751,0.12950,31.2530396,75.7040777,1.140,30.20
230.706,3.07894,5.33428,8.72447,-0.97494,-0.94073,-0.52779,31.2530396,75.7040777,1.140,30.20
230.808,1.76213,1.49398,9.85453,0.43005,1.05802,0.53145,31.2530396,75.7040777,1.140,30.20
230.911,2.00634,2.94966,6.91445,-0.55955,-0.64019,-1.45264,31.2530396,75.7040777,1.140,30.20
231.012,-0.48363,3.14119,7.32626,-0.32254,-0.45448,-1.18752,31.2530396,75.7040777,1.140,30.20
231.114,-0.65601,5.24330,10.29507,-0.32620,-0.50946,-0.36163,31.2530396,75.7040777,1.140,30.20
231.216,-1.32160,6.23450,10.54406,0.11240,0.26756,0.14050,31.2530499,75.7040826,1.140,27.60
231.318,-2.87304,1.38864,14.71955,0.66218,0.24679,0.67928,31.2530499,75.7040826,1.140,27.60
231.420,-1.70946,2.61926,7.48427,0.77213,0.15272,1.15576,31.2530499,75.7040826,1.140,27.60
231.522,-0.45969,2.33674,5.95677,0.55100,0.89431,1.11300,31.2530499,75.7040826,1.140,27.60
231.624,1.77650,4.30956,7.09163,0.43249,0.01833,0.63897,31.2530499,75.7040826,1.140,27.60
231.728,3.41892,4.72615,8.58561,0.01344,0.30299,0.23091,31.2530499,75.7040826,1.140,27.60
231.830,2.12126,1.25456,15.54795,-1.08367,-0.16249,-0.92729,31.2530499,75.7040826,1.140,27.60
231.932,3.04064,3.55300,5.54976,0.45937,-0.49358,-0.00367,31.2530499,75.7040826,1.140,27.60
232.034,0.71347,2.97839,6.63194,-0.52534,-0.06964,-1.14232,31.2530499,75.7040826,1.140,27.60
232.136,0.22505,4.80756,8.92558,-0.24801,-0.49480,-0.60598,31.2530499,75.7040826,1.140,27.60
232.238,-0.18675,5.37259,10.74997,0.09163,0.06353,0.05620,31.2530593,75.7040883,1.180,26.80
232.341,-1.63285,3.28963,15.38514,-0.53634,-0.56566,-0.13439,31.2530593,75.7040883,1.180,26.80
232.445,-0.85712,2.93529,7.92002,0.62919,0.45326,0.87720,31.2530593,75.7040883,1.180,26.80
232.549,0.94332,2.27928,5.65989,0.52779,1.19607,0.63408,31.2530593,75.7040883,1.180,26.80
232.651,2.12605,4.86502,5.75087,0.34086,-0.23702,0.18815,31.2530593,75.7040883,1.180,26.80
232.754,1.46046,4.06057,10.98939,-0.09041,-0.41905,-0.02810,31.2530593,75.7040883,1.180,26.80
232.857,3.53384,4.98473,9.37091,-0.43249,-0.43738,-0.41539,31.2530593,75.7040883,1.180,26.80
232.959,2.94966,1.83396,10.18015,0.11484,0.11240,-0.55344,31.2530593,75.7040883,1.180,26.80
233.061,2.90656,2.86347,6.38773,-0.72204,-0.79901,-1.46974,31.2530593,75.7040883,1.180,26.80
233.164,-0.23463,3.39498,7.74285,-0.72449,-0.38973,-1.47707,31.2530593,75.7040883,1.180,26.80
233.267,-1.64242,4.63039,10.23761,-0.46304,0.04398,-0.64874,31.2530685,75.7040947,1.160,31.90
233.370,-2.60010,6.00945,9.14585,-0.14416,0.79046,0.41294,31.2530685,75.7040947,1.160,31.90
233.473,-1.71425,0.70390,13.01967,1.04091,0.61209,1.29748,31.2530685,75.7040947,1.160,31.90
233.578,-0.73263,1.20189,8.63828,0.89309,0.40317,1.19241,31.2530685,75.7040947,1.160,31.90
233.680,1.23541,3.06458,6.51702,0.60353,0.65973,1.05924,31.2530685,75.7040947,1.160,31.90
233.783,1.92973,2.84431,7.71891,-0.15394,0.25534,0.05498,31.2530685,75.7040947,1.160,31.90
233.885,3.28484,4.10366,8.89207,-0.55222,-0.41905,-0.16127,31.2530685,75.7040947,1.160,31.90
233.987,1.64242,0.15323,15.06432,-0.68661,0.17349,-0.60964,31.2530685,75.7040947,1.160,31.90
234.092,2.98318,3.53863,5.87058,-0.12217,-0.91630,-0.86987,31.2530685,75.7040947,1.160,31.90
234.195,0.03352,3.30400,7.40287,-0.19548,-0.13928,-1.09834,31.2530767,75.7041015,1.190,34.60
234.297,-0.77572,4.38139,9.05487,-0.17715,0.09652,-0.49847,31.2530767,75.7041015,1.190,34.60
234.400,-0.09577,5.39174,10.80264,0.32132,0.25168,0.43371,31.2530767,75.7041015,1.190,34.60
234.504,-1.54665,1.31202,15.37078,0.65607,0.36652,0.38118,31.2530767,75.7041015,1.190,34.60
234.606,-0.81882,1.85790,9.39964,0.46548,-0.16982,0.66218,31.2530767,75.7041015,1.190,34.60
234.709,0.40701,3.21302,5.03740,0.42883,1.33657,0.98838,31.2530767,75.7041015,1.190,34.60
234.813,0.78530,3.75890,8.47547,0.31032,-0.13683,0.38607,31.2530767,75.7041015,1.190,34.60
234.915,1.36469,3.18429,10.28070,-0.70005,0.05986,-0.47892,31.2530767,75.7041015,1.190,34.60
235.018,2.52828,2.82995,11.32936,-1.44042,-0.81001,-1.05191,31.2530767,75.7041015,1.190,34.60
235.121,2.62883,1.90578,7.74285,0.60353,-0.03421,-0.42272,31.2530767,75.7041015,1.190,34.60
235.223,-0.22505,1.01993,6.39252,-0.65118,-0.43249,-1.66033,31.2530846,75.7041103,1.210,42.00
235.325,-1.13964,3.29442,9.28471,-0.40439,-1.09223,-1.22540,31.2530846,75.7041103,1.210,42.00
235.427,-2.46124,4.05099,11.20008,-0.22235,0.16493,-0.42150,31.2530846,75.7041103,1.210,42.00
235.530,-2.43251,5.85143,9.59117,-0.27122,0.72815,0.24190,31.2530846,75.7041103,1.210,42.00
235.633,-2.78206,0.88107,11.99974,1.03847,0.32742,1.81183,31.2530846,75.7041103,1.210,42.00
235.736,-0.73741,-0.46448,9.12670,1.87047,0.40073,1.65667,31.2530846,75.7041103,1.210,42.00
235.838,1.75734,2.57616,4.59208,0.91263,1.04458,1.22906,31.2530846,75.7041103,1.210,42.00
235.940,1.43652,4.01268,6.96234,-0.32376,0.09896,0.17471,31.2530846,75.7041103,1.210,42.00
236.044,1.96325,3.70622,12.82334,-0.83811,0.62430,-0.26756,31.2530846,75.7041103,1.210,42.00
236.146,1.16837,2.27449,12.63660,-0.38118,-0.02688,-0.47037,31.2530846,75.7041103,1.210,42.00
236.249,1.39343,3.25133,6.95276,-0.25534,-0.77946,-0.76725,31.2530937,75.7041194,1.240,43.40
236.351,-0.84276,2.18351,6.20098,0.11606,-0.31276,-0.57055,31.2530937,75.7041194,1.240,43.40
236.455,-1.06303,4.12760,9.74440,-0.18815,-0.82345,-0.67073,31.2530937,75.7041194,1.240,43.40
236.557,-2.01592,4.60644,12.94305,-0.38485,0.25901,-0.14661,31.2530937,75.7041194,1.240,43.40
236.659,-4.28562,1.89142,13.86722,-0.19426,-0.03299,0.60231,31.2530937,75.7041194,1.240,43.40
236.763,-1.69031,1.92494,10.01734,0.70616,0.04276,1.26693,31.2530937,75.7041194,1.240,43.40
236.866,-0.29209,1.33596,5.74130,0.98594,1.16675,1.50029,31.2530937,75.7041194,1.240,43.40
236.970,0.64165,3.06937,7.96311,0.90042,0.37996,0.89553,31.2530937,75.7041194,1.240,43.40
237.072,1.66636,4.81235,8.79630,-0.29566,0.76969,0.13073,31.2530937,75.7041194,1.240,43.40
237.174,1.82917,4.28562,10.82658,-1.37323,-0.83322,-0.75503,31.2531020,75.7041272,1.170,37.80
237.276,2.68151,3.03106,6.89051,1.11544,-0.08308,0.20036,31.2531020,75.7041272,1.170,37.80
237.379,0.05267,2.11647,7.02459,-0.64263,-0.67073,-1.07146,31.2531020,75.7041272,1.170,37.80
237.482,-0.79966,3.96480,8.49942,-0.36652,-1.00915,-0.85399,31.2531020,75.7041272,1.170,37.80
237.585,-1.48441,5.32949,11.09473,-0.38118,0.15272,-0.35797,31.2531020,75.7041272,1.170,37.80
237.687,-2.58574,5.63116,10.57279,-0.51435,0.61453,0.27122,31.2531020,75.7041272,1.170,37.80
237.791,-2.29843,1.81959,11.41077,0.94440,0.58887,1.51250,31.2531020,75.7041272,1.170,37.80
237.894,-0.67516,1.91536,9.22725,0.95295,0.33353,0.73548,31.2531020,75.7041272,1.170,37.80
237.998,-0.14844,3.71580,5.83228,0.35675,0.80634,0.58765,31.2531020,75.7041272,1.170,37.80
238.101,-0.27294,4.03662,8.33182,-0.18448,0.41172,-0.02932,31.2531020,75.7041272,1.170,37.80
238.202,1.78129,4.60644,9.96946,-0.34331,-0.05864,-0.13195,31.2531113,75.7041346,1.160,32.30
238.305,0.13408,0.82361,12.32056,-0.16127,0.08552,-0.42150,31.2531113,75.7041346,1.160,32.30
238.409,0.76614,3.47638,6.79474,-0.53878,-0.78069,-1.01404,31.2531113,75.7041346,1.160,32.30
238.518,-1.24020,3.22738,7.77158,-0.10140,-0.66584,-0.81856,31.2531113,75.7041346,1.160,32.30
238.621,-1.70467,4.85065,10.04128,-0.36530,-0.25045,-0.47892,31.2531113,75.7041346,1.160,32.30
238.726,-3.04064,5.41090,9.64863,-0.44715,0.22724,-0.06842,31.2531113,75.7041346,1.160,32.30
238.834,-3.60567,1.25456,14.38436,0.57177,0.34819,0.82100,31.2531113,75.7041346,1.160,32.30
238.938,-1.03908,1.42216,8.10677,1.30603,0.50213,0.86376,31.2531113,75.7041346,1.160,32.30
239.041,-0.40701,2.75812,5.19542,0.75381,0.64996,0.94073,31.2531113,75.7041346,1.160,32.30
239.148,0.56024,3.64398,9.44273,-0.14294,-0.31398,0.10385,31.2531213,75.7041407,1.160,27.50
239.250,2.21224,4.45322,9.30866,-0.70250,-0.12339,-0.15760,31.2531213,75.7041407,1.160,27.50
239.353,0.77093,0.30167,13.08671,-0.47281,0.38607,-0.49602,31.2531213,75.7041407,1.160,27.50
239.457,2.11169,2.94008,7.57525,-0.32132,-0.75869,-0.86621,31.2531213,75.7041407,1.160,27.50
239.560,0.11971,2.98318,5.49709,0.03299,-0.98716,-0.95784,31.2531213,75.7041407,1.160,27.50
239.664,-1.35033,3.57215,10.84095,-0.97861,-0.48625,-1.01892,31.2531213,75.7041407,1.160,27.50
239.767,-0.77572,5.47793,12.57914,-0.17593,-0.13806,0.19059,31.2531213,75.7041407,1.160,27.50
239.872,-1.29287,2.90177,16.87912,0.09041,-0.80634,0.30665,31.2531213,75.7041407,1.160,27.50
239.976,0.05267,2.43730,11.40119,1.27549,-0.15149,0.60231,31.2531213,75.7041407,1.160,27.50
240.081,0.10056,2.14999,5.10444,0.81367,1.22295,0.24801,31.2531213,75.7041407,1.160,27.50
240.185,1.47004,3.27527,6.99107,1.13743,0.07697,0.08919,31.2531312,75.7041472,1.210,29.10
240.287,2.93050,3.86424,9.84496,0.61209,-0.84299,-0.20281,31.2531312,75.7041472,1.210,29.10
240.391,3.78284,6.15310,7.20655,-0.64385,-0.72326,-0.11240,31.2531312,75.7041472,1.210,29.10
240.495,2.24097,4.31914,7.74764,-0.33231,-0.08919,-0.25045,31.2531312,75.7041472,1.210,29.10
240.602,0.58897,4.03662,6.25844,0.08674,0.27367,-0.80634,31.2531312,75.7041472,1.210,29.10
240.706,-0.94810,6.18662,7.30710,0.12828,-0.18204,-0.57666,31.2531312,75.7041472,1.210,29.10
240.809,0.44532,8.32703,9.46667,0.01833,0.03787,0.19426,31.2531312,75.7041472,1.210,29.10
240.915,-0.14844,7.07247,8.74841,-0.63286,0.35919,-0.31521,31.2531312,75.7041472,1.210,29.10
241.019,-2.25534,4.00789,7.81946,0.23579,0.66951,0.02810,31.2531312,75.7041472,1.210,29.10
241.125,-1.90578,3.24175,5.15711,0.28344,0.88820,0.62919,31.2531312,75.7041472,1.210,29.10
241.230,-0.56982,6.15789,7.49864,0.23091,-0.34575,0.59865,31.2531399,75.7041537,1.090,37.70
241.332,-0.02394,7.20176,10.72124,0.00244,-0.39095,-0.09529,31.2531399,75.7041537,1.090,37.70
241.436,1.16358,6.88094,8.29351,-0.17593,-0.00122,-0.22235,31.2531399,75.7041537,1.090,37.70
241.540,1.83875,2.59053,9.63906,0.82100,0.57177,0.14661,31.2531399,75.7041537,1.090,37.70
241.644,0.37828,4.41491,5.75087,-0.24190,-0.22235,-0.72815,31.2531399,75.7041537,1.090,37.70
241.751,-1.34075,6.02381,5.01346,-0.08308,-0.12095,-0.48258,31.2531399,75.7041537,1.090,37.70
241.855,-1.42216,8.05409,9.50498,-0.28344,-0.52779,0.18448,31.2531399,75.7041537,1.090,37.70
241.960,-2.94008,7.22570,8.29351,0.09529,0.93829,0.34331,31.2531399,75.7041537,1.090,37.70
242.067,-1.12527,4.98473,8.44196,0.41172,0.32498,0.71471,31.2531399,75.7041537,1.090,37.70
242.170,-0.34955,3.41413,5.40132,0.29322,1.00793,0.27489,31.2531481,75.7041621,1.180,38.20
242.272,-0.85712,5.30076,5.51145,-0.20769,-1.00793,0.32865,31.2531481,75.7041621,1.180,38.20
242.377,0.87149,6.74207,9.65821,-0.15272,-0.31765,0.17837,31.2531481,75.7041621,1.180,38.20
242.481,1.77171,6.73250,7.08684,-0.27611,-0.36774,-0.21502,31.2531481,75.7041621,1.180,38.20
242.585,2.75812,3.65355,9.88805,0.11118,0.03421,-0.65607,31.2531481,75.7041621,1.180,38.20
242.691,1.71904,3.15556,7.44597,-0.36774,-0.78679,-0.99938,31.2531481,75.7041621,1.180,38.20
242.796,-0.76614,4.71179,4.62560,-0.22235,-0.41783,-0.40317,31.2531481,75.7041621,1.180,38.20
242.901,0.15323,6.44519,10.18015,-0.67806,-1.06046,0.20647,31.2531481,75.7041621,1.180,38.20
243.005,0.30167,6.76601,10.18972,0.41661,0.70127,0.30055,31.2531481,75.7041621,1.180,38.20
243.108,-1.97282,2.75333,12.10508,0.40073,0.93585,0.37874,31.2531481,75.7041621,1.180,38.20
243.211,-0.90501,3.03106,8.18817,0.26389,1.02259,0.61697,31.2531582,75.7041708,1.130,44.00
243.316,2.39899,5.36780,5.45878,0.50580,1.03114,0.67440,31.2531582,75.7041708,1.130,44.00
243.419,0.37828,4.27604,7.16345,-0.02810,0.07819,-0.53023,31.2531582,75.7041708,1.130,44.00
243.523,-0.01437,5.15232,8.94953,-0.46181,-0.03299,0.49602,31.2531582,75.7041708,1.130,44.00
243.625,2.53785,4.14676,15.50006,-0.57910,-1.10200,-0.63408,31.2531582,75.7041708,1.130,44.00
243.730,1.13485,3.53384,5.85622,0.32865,0.05253,-0.98349,31.2531582,75.7041708,1.130,44.00
243.835,0.72305,3.58651,5.16669,0.42272,-0.42150,-0.51313,31.2531582,75.7041708,1.130,44.00
243.937,-0.51236,5.42526,6.09564,-0.37385,-0.69639,-0.80756,31.2531582,75.7041708,1.130,44.00
244.044,-1.77171,6.24408,11.90397,-0.58643,-0.43616,-0.32132,31.2531582,75.7041708,1.130,44.00
244.149,-1.18274,5.45399,11.87524,-0.23457,0.30177,-0.21747,31.2531660,75.7041789,1.150,43.30
244.251,-2.12126,3.46202,8.59040,0.19426,-0.02688,0.02199,31.2531660,75.7041789,1.150,43.30
244.356,-1.94409,2.91135,6.29196,0.52779,1.02381,0.61453,31.2531660,75.7041789,1.150,43.30
244.459,-0.43574,4.32393,5.91368,0.62308,0.12095,0.70616,31.2531660,75.7041789,1.150,43.30
244.563,1.23062,6.09085,9.54329,0.01588,-0.57788,0.05009,31.2531660,75.7041789,1.150,43.30
244.669,2.70066,7.05811,8.46111,-0.21869,-0.19792,-0.19303,31.2531660,75.7041789,1.150,43.30
244.770,2.00634,3.51469,10.34295,0.39340,-0.27122,-0.54123,31.2531660,75.7041789,1.150,43.30
244.873,1.60412,3.17950,6.60800,-0.32009,-0.90408,-1.35368,31.2531660,75.7041789,1.150,43.30
244.978,-0.81403,3.89297,6.03818,-0.43371,-1.16920,-1.12277,31.2531660,75.7041789,1.150,43.30
245.081,-2.27449,5.67905,10.10353,-0.69639,-0.79168,-0.46181,31.2531660,75.7041789,1.150,43.30
245.188,-2.52349,7.46991,9.49062,0.18692,0.35064,0.10263,31.2531726,75.7041881,1.100,49.00
245.291,-3.97916,1.62327,15.09305,0.36530,1.11055,0.38240,31.2531726,75.7041881,1.100,49.00
245.393,-0.89543,1.93451,9.76355,0.48258,0.90775,0.99205,31.2531726,75.7041881,1.100,49.00
245.498,0.23463,2.63841,5.29597,0.14294,1.52472,1.20829,31.2531726,75.7041881,1.100,49.00
245.601,0.93374,3.80678,7.01980,0.15760,0.36163,0.75259,31.2531726,75.7041881,1.100,49.00
245.706,1.13485,4.61602,9.81623,-0.45937,-0.31398,0.16371,31.2531726,75.7041881,1.100,49.00
245.809,1.36469,2.80600,16.29015,-1.53205,-0.60353,-1.08245,31.2531726,75.7041881,1.100,49.00
245.913,2.04465,3.95043,5.65032,0.64141,-0.43005,-0.44593,31.2531726,75.7041881,1.100,49.00
246.017,-0.22984,2.43251,5.30076,0.01588,-0.16249,-0.93707,31.2531726,75.7041881,1.100,49.00
246.122,-2.15478,3.94086,8.72926,-0.58765,-1.14598,-1.02503,31.2531726,75.7041881,1.100,49.00
246.226,-3.03585,5.71735,12.11945,-0.48625,-0.42028,-0.00733,31.2531795,75.7041974,1.170,48.10
246.328,-2.10211,5.75566,12.93348,-0.94318,-0.24801,-0.61575,31.2531795,75.7041974,1.170,48.10
246.433,-2.72939,1.08218,9.29908,1.04702,1.16309,1.55282,31.2531795,75.7041974,1.170,48.10
246.538,0.57940,2.27928,4.69264,1.22662,1.25960,1.26449,31.2531795,75.7041974,1.170,48.10
246.642,-0.42617,3.95522,5.42526,0.16249,0.62919,0.82711,31.2531795,75.7041974,1.170,48.10
246.745,0.04788,4.95121,10.26634,-0.18692,-0.62675,0.43494,31.2531795,75.7041974,1.170,48.10
246.849,2.24576,6.18183,8.72447,-0.77213,-0.13928,-0.17226,31.2531795,75.7041974,1.170,48.10
246.952,1.38385,2.29843,10.75475,0.31276,0.24435,-0.49236,31.2531795,75.7041974,1.170,48.10
247.061,1.13006,2.71024,6.94318,-0.37018,-0.48991,-1.59802,31.2531795,75.7041974,1.170,48.10
247.165,-0.78051,3.35667,7.39808,-0.13317,-1.15454,-1.66766,31.2531865,75.7042072,1.230,49.00
247.267,-3.84509,4.26168,8.45153,-0.61575,-0.01710,-1.27060,31.2531865,75.7042072,1.230,49.00
247.370,-5.40611,4.57293,11.78426,-0.10018,-0.41783,-0.14783,31.2531865,75.7042072,1.230,49.00
247.472,-4.07493,1.02951,12.59350,0.85765,0.76236,1.45019,31.2531865,75.7042072,1.230,49.00
247.577,-1.60890,0.69911,7.65666,0.98471,0.56322,1.08001,31.2531865,75.7042072,1.230,49.00
247.683,-0.84276,0.68953,3.72538,-0.14539,1.35856,1.34513,31.2531865,75.7042072,1.230,49.00
247.786,1.17795,2.96402,8.10677,-0.86010,-0.22724,1.40988,31.2531865,75.7042072,1.230,49.00
247.893,1.21147,3.44765,12.22479,-0.59376,0.48625,0.57910,31.2531865,75.7042072,1.230,49.00
247.997,1.28808,0.20590,18.12411,-1.24983,-0.27733,-0.17471,31.2531865,75.7042072,1.230,49.00
248.101,2.94008,3.30879,5.03261,0.65485,-0.14539,-0.21747,31.2531865,75.7042072,1.230,49.00
248.205,0.55545,2.17394,8.09719,0.38973,-0.74770,-1.03236,31.2531951,75.7042168,1.220,44.20
248.309,-0.75657,3.72538,8.74362,0.21014,-0.90775,-0.69272,31.2531951,75.7042168,1.220,44.20
248.411,-1.52271,4.42927,10.86968,0.05009,-0.24435,0.26756,31.2531951,75.7042168,1.220,44.20
248.516,-0.23942,4.00789,14.15931,-0.83933,-0.50457,0.40439,31.2531951,75.7042168,1.220,44.20
248.620,-0.80445,1.74298,8.02058,1.07390,0.62675,1.60902,31.2531951,75.7042168,1.220,44.20
248.725,1.88184,1.70946,6.40688,1.00060,0.68783,1.17897,31.2531951,75.7042168,1.220,44.20
248.826,2.23140,4.03662,4.91290,0.19303,0.58277,0.42028,31.2531951,75.7042168,1.220,44.20
248.931,1.29766,4.54898,9.56244,-0.53634,0.05009,0.32987,31.2531951,75.7042168,1.220,44.20
249.035,3.06937,4.67827,11.70286,-1.08367,0.08552,-0.71838,31.2531951,75.7042168,1.220,44.20
249.137,2.75333,1.68073,8.97347,0.72937,0.76480,-0.18082,31.2531951,75.7042168,1.220,44.20
249.241,2.17394,2.20745,5.63595,-0.32498,-0.60109,-1.28404,31.2532029,75.7042262,1.120,47.10
249.344,0.84755,3.19387,7.21134,-0.17104,-1.14720,-0.98471,31.2532029,75.7042262,1.120,47.10
249.447,-0.38307,3.54342,12.05720,-0.65729,0.10629,-0.91752,31.2532029,75.7042262,1.120,47.10
249.552,-2.61447,5.62637,8.98783,-0.20769,0.50946,0.23579,31.2532029,75.7042262,1.120,47.10
249.658,-1.79565,1.21625,11.20008,0.86865,0.97128,0.88453,31.2532029,75.7042262,1.120,47.10
249.762,0.94810,2.30801,8.54251,1.13254,-0.44349,1.02014,31.2532029,75.7042262,1.120,47.10
249.867,0.95289,2.90177,5.29119,0.65973,0.81978,0.55467,31.2532029,75.7042262,1.120,47.10
249.971,-0.03352,3.75411,7.25922,-0.09529,0.23579,0.39706,31.2532029,75.7042262,1.120,47.10
250.078,2.08774,3.62961,10.26155,-0.51313,0.48014,0.03665,31.2532029,75.7042262,1.120,47.10
250.181,1.28329,0.86670,13.43626,-0.56077,0.05742,-0.54367,31.2532093,75.7042365,1.180,54.20
250.283,2.84431,3.49075,8.05409,-0.28833,-0.84788,-0.52779,31.2532093,75.7042365,1.180,54.20
250.385,0.58419,2.50912,6.35900,-0.09041,0.06720,-0.51679,31.2532093,75.7042365,1.180,54.20
250.489,0.92895,3.45723,9.08839,-0.13806,-0.86743,-0.60720,31.2532093,75.7042365,1.180,54.20
250.593,-0.17238,4.17549,12.63181,-0.43005,0.31154,-0.32498,31.2532093,75.7042365,1.180,54.20
250.697,0.02873,5.03261,10.99417,-0.03054,-0.32865,0.41661,31.2532093,75.7042365,1.180,54.20
250.802,0.02394,3.39019,9.52892,0.73915,-0.41294,0.78191,31.2532093,75.7042365,1.180,54.20
250.906,0.03352,1.00556,6.42125,0.73793,0.64141,0.46792,31.2532093,75.7042365,1.180,54.20
251.011,1.22583,2.86825,5.60243,0.37141,0.17593,0.59010,31.2532093,75.7042365,1.180,54.20
251.116,1.69031,3.92170,9.73961,-0.35552,-0.03910,0.15760,31.2532093,75.7042365,1.180,54.20
251.219,3.80199,4.61123,10.33337,-1.44286,-0.25779,-0.73915,31.2532162,75.7042466,1.210,53.40
251.321,2.71024,2.08296,8.36055,0.99693,0.75503,0.20525,31.2532162,75.7042466,1.210,53.40
251.423,1.64242,1.98240,7.42203,-0.46304,-0.64385,-1.17164,31.2532162,75.7042466,1.210,53.40
251.527,0.37350,3.42371,6.86657,-0.02810,-0.49847,-0.47525,31.2532162,75.7042466,1.210,53.40
251.632,0.05267,4.74531,11.35330,-0.25534,0.40561,-0.26267,31.2532162,75.7042466,1.210,53.40
251.735,-0.23463,5.66468,11.02769,0.51435,0.81245,0.54978,31.2532162,75.7042466,1.210,53.40
251.837,-0.33519,1.70946,11.44907,1.37200,0.55344,0.63652,31.2532162,75.7042466,1.210,53.40
251.941,-0.03831,1.77171,6.82347,0.60231,-0.19303,0.27855,31.2532162,75.7042466,1.210,53.40
252.045,0.40223,2.84431,4.44364,0.34331,0.50457,0.43738,31.2532162,75.7042466,1.210,53.40
252.150,0.06704,4.53462,7.69496,-0.52534,-0.34331,0.11362,31.2532162,75.7042466,1.210,53.40
252.255,2.31280,5.39653,12.30141,-0.61209,-0.00733,0.13439,31.2532231,75.7042569,1.180,53.60
252.359,1.09176,0.22027,16.27099,0.16493,0.46914,-0.08186,31.2532231,75.7042569,1.180,53.60
252.461,3.13162,4.17070,2.61926,0.80634,-0.71838,-0.08063,31.2532231,75.7042569,1.180,53.60
252.566,-0.59855,1.50356,6.23450,-0.50335,0.32987,-0.78191,31.2532231,75.7042569,1.180,53.60
252.672,1.16837,4.41491,7.24007,-0.56077,-1.03969,-0.33353,31.2532231,75.7042569,1.180,53.60
252.775,0.68953,5.36301,11.96622,-0.71838,0.57177,-0.11240,31.2532231,75.7042569,1.180,53.60
252.879,-0.21548,3.73974,15.25107,-0.58643,-0.35919,0.56322,31.2532231,75.7042569,1.180,53.60
252.985,0.40223,3.18908,7.84819,0.68295,-0.19914,1.19730,31.2532231,75.7042569,1.180,53.60
253.091,0.03352,0.86670,6.08127,0.55711,0.71227,0.66584,31.2532231,75.7042569,1.180,53.60
253.195,0.71826,2.84431,6.83305,-0.06109,0.21258,0.61331,31.2532281,75.7042672,1.140,51.60
253.300,2.26013,3.86424,11.30063,0.04032,-0.06597,0.42150,31.2532281,75.7042672,1.140,51.60
253.402,3.39019,3.60567,11.55442,-0.92852,0.02077,-0.48014,31.2532281,75.7042672,1.140,51.60
253.508,3.58651,0.80924,8.39407,1.27671,0.43616,0.02077,31.2532281,75.7042672,1.140,51.60
253.612,2.13563,1.13006,5.16669,-0.62186,-0.08552,-1.14110,31.2532281,75.7042672,1.140,51.60
253.717,1.01514,2.81558,6.38294,-0.51924,-0.86254,-0.89186,31.2532281,75.7042672,1.140,51.60
253.823,-0.92416,3.76368,13.02925,-0.67928,0.29322,-0.66951,31.2532281,75.7042672,1.140,51.60
253.927,-1.07260,4.92248,11.65976,0.40073,0.59010,0.61820,31.2532281,75.7042672,1.140,51.60
254.033,-1.65679,1.94409,10.18972,1.21196,0.36408,0.94195,31.2532281,75.7042672,1.140,51.60
254.139,0.05267,1.38864,8.53294,1.44409,-0.26634,0.93340,31.2532281,75.7042672,1.140,51.60
254.243,0.99599,2.88741,4.59687,0.54734,0.67928,0.72204,31.2532341,75.7042775,1.160,53.60
254.344,1.38864,4.37181,7.39808,-0.46059,0.01100,0.48381,31.2532341,75.7042775,1.160,53.60
254.446,3.21302,5.16669,10.84095,-1.07390,0.48747,-0.17715,31.2532341,75.7042775,1.160,53.60
254.551,0.94332,1.26893,15.56710,-0.80268,0.03787,-0.86743,31.2532341,75.7042775,1.160,53.60
254.656,3.48596,3.35188,6.18662,0.43982,-0.77946,-0.61331,31.2532341,75.7042775,1.160,53.60
254.758,1.37427,1.27372,5.40611,-0.17837,0.16005,-1.23883,31.2532341,75.7042775,1.160,53.60
254.863,0.33519,2.80122,7.82425,-0.91630,-0.92729,-1.11666,31.2532341,75.7042775,1.160,53.60
254.968,-2.12126,4.03662,13.35965,-0.22846,0.67806,-0.29444,31.2532341,75.7042775,1.160,53.60
255.073,-2.37505,2.61447,16.44817,-0.07208,-0.87842,0.45571,31.2532341,75.7042775,1.160,53.60
255.177,-1.08697,2.37505,9.02135,1.12766,-0.05009,1.33535,31.2532394,75.7042878,1.160,58.30
255.280,0.31603,1.66636,5.70778,1.16920,0.66829,1.08978,31.2532394,75.7042878,1.160,58.30
255.381,0.71347,3.29442,5.30555,0.23702,0.41050,0.31765,31.2532394,75.7042878,1.160,58.30
255.483,2.03986,4.52025,10.72602,-0.16982,-0.37507,0.21136,31.2532394,75.7042878,1.160,58.30
255.586,4.20901,5.56412,9.87848,-0.76358,0.36530,-0.48625,31.2532394,75.7042878,1.160,58.30
255.693,2.17872,0.95289,9.99819,0.92974,0.49969,-0.16493,31.2532394,75.7042878,1.160,58.30
255.797,1.63763,2.41336,4.75488,-0.58032,-0.49969,-1.34024,31.2532394,75.7042878,1.160,58.30
255.902,-0.41659,3.03585,7.29753,-0.43860,-0.85765,-0.86132,31.2532394,75.7042878,1.160,58.30
256.005,-1.27850,3.99353,12.06678,-0.39095,0.08186,-0.36652,31.2532394,75.7042878,1.160,58.30
256.109,-1.56581,5.77481,9.85453,-0.08674,0.75992,0.61331,31.2532394,75.7042878,1.160,58.30
256.213,-2.40378,0.85712,13.12022,1.22540,0.40684,1.10078,31.2532441,75.7042986,1.150,56.10
256.317,-0.03352,2.39420,9.27035,1.05558,-0.33353,0.73304,31.2532441,75.7042986,1.150,56.10
256.423,1.19231,3.67271,5.53061,0.42516,0.96150,0.47403,31.2532441,75.7042986,1.150,56.10
256.527,-0.08619,3.57215,7.27837,-0.14172,0.22480,0.35430,31.2532441,75.7042986,1.150,56.10
256.631,1.80044,5.35822,11.24317,-0.13806,-0.55100,-0.07697,31.2532441,75.7042986,1.150,56.10
256.737,1.12049,2.82516,11.38204,-0.32865,-0.22602,-0.52901,31.2532441,75.7042986,1.150,56.10
256.843,2.03507,4.35745,6.90009,-0.44593,-0.28466,-0.55955,31.2532441,75.7042986,1.150,56.10
256.947,0.10534,3.92170,5.74608,-0.03421,-0.50457,-0.68173,31.2532441,75.7042986,1.150,56.10
257.051,-1.68552,4.52504,9.69173,-0.43249,-0.50335,-1.03481,31.2532441,75.7042986,1.150,56.10
257.158,-1.45567,5.69341,12.87123,0.11362,-0.16371,-0.05009,31.2532441,75.7042986,1.150,56.10
257.262,-1.32639,5.47793,10.95587,0.01466,0.07941,0.21136,31.2532499,75.7043093,1.080,54.20
257.365,-3.17471,3.65834,8.79151,0.43371,0.37874,1.08490,31.2532499,75.7043093,1.080,54.20
257.470,-0.72784,2.84910,7.35978,0.32865,0.91630,1.02137,31.2532499,75.7043093,1.080,54.20
257.577,-0.51236,2.93050,6.37336,0.47525,0.78802,1.12766,31.2532499,75.7043093,1.080,54.20
257.682,1.38385,4.51068,6.35421,-0.20159,0.96639,0.81734,31.2532499,75.7043093,1.080,54.20
257.786,2.71981,4.53462,10.16578,-1.42942,0.12584,-0.24068,31.2532499,75.7043093,1.080,54.20
257.891,3.68707,3.14119,9.23204,0.43982,-0.20892,0.37996,31.2532499,75.7043093,1.080,54.20
257.995,2.16436,1.98240,7.65666,-0.85521,-0.36285,-1.38300,31.2532499,75.7043093,1.080,54.20
258.099,0.79966,2.39899,6.52181,-0.19181,-1.44897,-1.14476,31.2532499,75.7043093,1.080,54.20
258.203,0.09098,4.42448,9.78271,-1.10078,-0.33964,-1.18630,31.2532567,75.7043183,1.140,43.10
258.306,-3.57694,4.94642,14.30775,-0.58154,0.17959,-0.53756,31.2532567,75.7043183,1.140,43.10
258.409,-2.27449,1.86269,12.18649,1.60047,0.49114,1.53083,31.2532567,75.7043183,1.140,43.10
258.511,0.26815,1.19231,9.15543,1.94377,0.08430,1.08978,31.2532567,75.7043183,1.140,43.10
258.617,0.39265,1.16358,4.08451,0.98960,1.23273,0.71838,31.2532567,75.7043183,1.140,43.10
258.722,0.87628,2.87783,6.81869,-0.58399,0.65729,0.31398,31.2532567,75.7043183,1.140,43.10
258.828,2.25534,4.36702,9.35654,-1.25227,0.44593,0.09041,31.2532567,75.7043183,1.140,43.10
258.933,1.32160,1.17795,16.29015,-0.89309,-0.00855,0.10751,31.2532567,75.7043183,1.140,43.10
259.037,3.20344,4.73094,3.88818,0.00367,-0.81612,-0.37018,31.2532567,75.7043183,1.140,43.10
259.141,-0.56982,1.21147,7.92481,-0.21991,-0.13561,-1.20585,31.2532567,75.7043183,1.140,43.10
259.245,-1.03908,3.04064,9.54808,-0.54245,-0.36652,-1.12155,31.2532650,75.7043260,1.120,37.70
259.347,-3.19387,2.73897,11.54963,-0.47770,0.64385,0.02077,31.2532650,75.7043260,1.120,37.70
259.452,-0.68953,1.34554,16.17044,0.33231,-0.00244,0.89309,31.2532650,75.7043260,1.120,37.70
259.556,-0.85234,2.37984,7.90565,0.72571,-0.09652,1.18141,31.2532650,75.7043260,1.120,37.70
259.660,-0.20111,1.41737,6.27760,0.68783,0.13317,1.18141,31.2532650,75.7043260,1.120,37.70
259.761,-0.01915,2.54264,7.24007,0.25779,-0.22602,0.74770,31.2532650,75.7043260,1.120,37.70
259.866,3.29442,2.63841,12.26789,-0.37507,0.14905,0.28588,31.2532650,75.7043260,1.120,37.70
259.970,2.07817,1.92015,11.22402,-1.35123,-0.24923,-1.42454,31.2532650,75.7043260,1.120,37.70
260.074,1.40779,2.01592,7.28795,0.53634,0.17837,0.47892,31.2532650,75.7043260,1.120,37.70
260.176,1.73819,1.86748,8.56645,-0.38362,-0.35064,-0.91508,31.2532751,75.7043316,1.200,23.40
260.278,1.05345,2.70066,6.65109,-0.09041,-0.67806,-0.81123,31.2532751,75.7043316,1.200,23.40
260.380,-0.61292,3.62482,10.13226,-0.87720,0.71349,-0.21014,31.2532751,75.7043316,1.200,23.40
260.484,-1.52750,4.75967,13.46020,-0.40439,-0.63286,0.32009,31.2532751,75.7043316,1.200,23.40
260.587,-1.13006,1.25456,12.12903,1.73608,0.63530,1.02625,31.2532751,75.7043316,1.200,23.40
260.692,0.52194,0.99120,6.95755,1.65422,0.64385,0.51679,31.2532751,75.7043316,1.200,23.40
260.797,0.13886,2.17394,5.01346,0.55711,1.13865,0.67562,31.2532751,75.7043316,1.200,23.40
260.900,0.86191,3.24175,6.79474,0.18082,-0.20892,0.74037,31.2532751,75.7043316,1.200,23.40
261.002,3.78284,4.34787,11.14740,-1.33413,0.07086,0.03665,31.2532751,75.7043316,1.200,23.40
261.104,1.91536,0.92895,13.49372,-0.57421,1.01281,-0.22846,31.2532751,75.7043316,1.200,23.40
261.206,2.36547,3.11246,5.37259,-0.33720,-0.62797,-0.95417,31.2532859,75.7043347,1.240,13.30
261.309,-0.90501,2.09732,8.33661,-0.57788,-0.32376,-1.10200,31.2532859,75.7043347,1.240,13.30
261.413,-1.20668,3.40455,10.47224,-0.12706,-0.27489,-0.62064,31.2532859,75.7043347,1.240,13.30
261.517,-1.81480,5.00867,11.88003,-0.15516,-0.00244,0.64019,31.2532859,75.7043347,1.240,13.30
261.622,-1.14922,0.69911,13.72835,1.56137,-0.15638,1.30970,31.2532859,75.7043347,1.240,13.30
261.728,1.62327,1.83875,8.11156,1.91934,-1.19485,1.37445,31.2532859,75.7043347,1.240,13.30
261.832,0.97683,1.70467,4.11803,0.29810,1.57359,0.54367,31.2532859,75.7043347,1.240,13.30
261.935,0.49799,2.73897,9.06445,0.29688,-0.17471,0.37629,31.2532859,75.7043347,1.240,13.30
262.039,4.52983,3.71580,9.33739,-0.80879,-0.06475,-0.13439,31.2532859,75.7043347,1.240,13.30
262.143,2.63362,0.62728,13.46978,-0.79290,0.57544,-0.86499,31.2532859,75.7043347,1.240,13.30
262.250,3.55300,3.53384,5.25767,0.23946,-0.54489,-0.37874,31.2532966,75.7043367,1.200,9.20
262.353,1.27850,2.72939,7.78116,-0.47159,-0.09163,-0.77702,31.2532966,75.7043367,1.200,9.20
262.456,1.22583,3.86903,10.03649,-0.34453,-0.30910,-0.76969,31.2532966,75.7043367,1.200,9.20
262.561,-0.71347,3.95043,11.04206,-0.01833,0.81001,0.10385,31.2532966,75.7043367,1.200,9.20
262.665,1.45089,3.97916,14.00129,-0.20403,-1.35246,0.49969,31.2532966,75.7043367,1.200,9.20
262.770,2.25055,3.00233,11.88961,0.49847,0.04643,0.29566,31.2532966,75.7043367,1.200,9.20
262.873,0.03352,1.02951,4.92727,0.80268,1.18874,0.21747,31.2532966,75.7043367,1.200,9.20
262.979,-0.24900,2.53307,7.01980,0.57788,0.01833,0.48503,31.2532966,75.7043367,1.200,9.20
263.082,2.39420,2.60968,9.57202,-0.22724,-0.63041,0.80023,31.2532966,75.7043367,1.200,9.20
263.186,4.07972,1.26414,14.29817,-2.15147,-0.43616,-0.58277,31.2533074,75.7043383,1.190,12.00
263.290,3.27527,0.76136,8.35576,0.65363,0.82711,0.26267,31.2533074,75.7043383,1.190,12.00
263.394,3.24175,2.84910,5.35822,-0.21380,-0.27000,-0.57666,31.2533074,75.7043383,1.190,12.00
263.501,1.37906,3.35188,7.68539,-0.78313,-0.81856,-1.09589,31.2533074,75.7043383,1.190,12.00
263.606,0.26336,3.50032,13.00530,-0.35308,0.22358,-0.36041,31.2533074,75.7043383,1.190,12.00
263.710,0.88107,3.79242,16.04115,0.20036,-0.71716,0.03421,31.2533074,75.7043383,1.190,12.00
263.813,0.39265,1.88663,9.95030,1.69698,-0.05498,0.55100,31.2533074,75.7043383,1.190,12.00
263.917,0.89064,0.76614,5.22894,1.19852,0.90286,0.21747,31.2533074,75.7043383,1.190,12.00
264.022,0.62249,2.36547,4.95121,0.26145,0.48503,0.07697,31.2533074,75.7043383,1.190,12.00
264.124,0.43096,2.18830,8.52336,-0.81612,-0.21014,0.51679,31.2533074,75.7043383,1.190,12.00
264.227,4.18985,4.68306,10.04607,-2.12092,-0.09896,0.12828,31.2533176,75.7043415,1.150,14.70
264.330,2.11169,0.97683,12.86165,0.02810,1.61757,0.15149,31.2533176,75.7043415,1.150,14.70
264.433,3.65355,3.09331,5.06613,0.42761,-1.66888,-0.69639,31.2533176,75.7043415,1.150,14.70
264.538,0.91937,1.85790,8.04931,-0.52779,-0.53023,-0.88820,31.2533176,75.7043415,1.150,14.70
264.642,0.83797,3.21302,11.01812,-0.40561,-0.10385,-0.70738,31.2533176,75.7043415,1.150,14.70
264.747,-0.09098,3.84030,10.74039,0.38240,0.40806,0.34331,31.2533176,75.7043415,1.150,14.70
264.849,-0.22505,1.34554,11.48259,0.92974,0.41294,0.54000,31.2533176,75.7043415,1.150,14.70
264.953,1.99676,2.39420,9.79228,1.25472,-0.66462,0.42883,31.2533176,75.7043415,1.150,14.70
265.058,1.23541,2.83952,5.16190,0.42150,0.64630,-0.24068,31.2533176,75.7043415,1.150,14.70
265.162,0.99599,2.42293,8.41801,0.44471,-0.23702,0.07941,31.2533176,75.7043415,1.150,14.70
265.265,2.08774,3.64876,8.84897,-0.51801,0.11973,-0.09652,31.2533280,75.7043444,1.110,16.30
265.367,2.52349,1.76213,14.50886,-1.83504,0.36041,-0.79901,31.2533280,75.7043444,1.110,16.30
265.470,2.97839,2.30322,4.75010,0.45571,-0.20892,0.24190,31.2533280,75.7043444,1.110,16.30
265.574,1.86748,1.88184,7.81946,-0.93462,-0.27978,-0.54367,31.2533280,75.7043444,1.110,16.30
265.679,0.66080,3.27048,10.09874,-0.32254,-0.40439,-0.59743,31.2533280,75.7043444,1.110,16.30
265.783,-0.07661,4.41970,10.91756,-0.16005,0.70616,-0.05376,31.2533280,75.7043444,1.110,16.30
265.886,-1.81480,2.24097,17.35317,-0.65363,-0.33109,-0.12950,31.2533280,75.7043444,1.110,16.30
265.990,-0.92416,1.34554,8.65265,1.66400,0.36774,1.54182,31.2533280,75.7043444,1.110,16.30
266.094,1.04387,0.90022,7.91044,0.36408,-0.21502,1.17164,31.2533280,75.7043444,1.110,16.30
266.198,1.29766,1.70946,5.88016,0.52046,0.85032,0.96883,31.2533382,75.7043473,1.110,11.70
266.303,1.63285,1.56581,10.93671,-0.37385,-0.55589,0.43860,31.2533382,75.7043473,1.110,11.70
266.406,3.04064,3.16992,11.40119,-1.60169,0.22602,-0.11606,31.2533382,75.7043473,1.110,11.70
266.509,3.95522,0.89064,10.94150,0.57788,0.88087,0.97005,31.2533382,75.7043473,1.110,11.70
266.613,3.69186,1.81002,5.64553,-0.07575,-0.36408,-0.66218,31.2533382,75.7043473,1.110,11.70
266.717,2.21224,2.26970,5.92325,-0.46059,-0.53634,-1.17164,31.2533382,75.7043473,1.110,11.70
266.821,0.71347,3.05021,11.63582,-0.95417,-0.43005,-0.43127,31.2533382,75.7043473,1.110,11.70
266.926,0.76614,4.84586,12.19606,0.07941,0.01100,0.14294,31.2533382,75.7043473,1.110,11.70
267.029,-1.14922,0.57461,14.83447,1.26693,0.24312,0.55222,31.2533382,75.7043473,1.110,11.70
267.135,0.69432,1.82438,10.03170,1.29992,-0.32498,0.82345,31.2533382,75.7043473,1.110,11.70
267.239,1.23062,1.27372,6.90488,0.75747,1.43798,0.27978,31.2533486,75.7043497,1.070,7.20
267.341,2.55222,3.48596,5.84185,1.26938,-0.11240,0.35186,31.2533486,75.7043497,1.070,7.20
267.443,2.85868,3.01669,9.15543,-0.20281,-0.18326,-0.03787,31.2533486,75.7043497,1.070,7.20
267.546,4.64475,3.83551,10.24718,-1.41110,-0.44715,-0.70494,31.2533486,75.7043497,1.070,7.20
267.651,2.72460,2.03507,7.10120,-0.24801,0.67317,-0.57910,31.2533486,75.7043497,1.070,7.20
267.754,2.51391,2.81558,6.32548,-0.82222,-0.69516,-1.40132,31.2533486,75.7043497,1.070,7.20
267.857,0.39265,3.36625,9.77313,-0.72815,-1.20585,-1.08978,31.2533486,75.7043497,1.070,7.20
267.962,0.14365,5.02304,11.50175,-0.15638,-0.37629,-0.41783,31.2533486,75.7043497,1.070,7.20
268.066,-0.45490,4.44843,13.75708,-1.22784,-1.00915,-0.41050,31.2533486,75.7043497,1.070,7.20
268.171,-0.22984,1.17795,11.29106,1.55160,0.61331,1.36589,31.2533486,75.7043497,1.070,7.20
268.273,0.54109,0.75178,6.58884,1.44042,1.51128,0.84055,31.2533590,75.7043530,1.140,13.00
268.377,0.90501,3.42371,5.52582,0.38485,1.63468,0.55589,31.2533590,75.7043530,1.140,13.00
268.483,2.15478,3.64398,11.00375,-0.19670,0.05009,0.27489,31.2533590,75.7043530,1.140,13.00
268.586,2.87783,3.96001,7.61356,-0.78313,0.19548,-0.05620,31.2533590,75.7043530,1.140,13.00
268.691,3.00233,1.48441,11.30063,-0.31398,0.05742,-0.21625,31.2533590,75.7043530,1.140,13.00
268.795,2.40857,2.59531,5.49230,-0.65973,-0.36530,-1.24739,31.2533590,75.7043530,1.140,13.00
268.899,0.49799,2.18830,10.23282,-0.36530,-1.44286,-1.57725,31.2533590,75.7043530,1.140,13.00
269.003,-1.86269,3.92649,9.67257,-0.72449,0.15516,-1.14110,31.2533590,75.7043530,1.140,13.00
269.106,-5.31992,3.63919,11.48259,-0.27855,0.54123,0.46792,31.2533590,75.7043530,1.140,13.00
269.211,-0.33998,-0.92895,16.09861,1.14354,-0.52534,1.90712,31.2533704,75.7043564,1.130,13.10
269.313,1.29287,0.00000,8.90164,1.40499,0.52901,1.43798,31.2533704,75.7043564,1.130,13.10
269.415,2.19309,1.02472,5.03261,1.29748,0.99449,1.40621,31.2533704,75.7043564,1.130,13.10
269.520,1.54665,2.53785,6.73728,0.41783,0.18326,0.44593,31.2533704,75.7043564,1.130,13.10
269.624,3.65834,3.70144,10.10353,-0.53145,0.20525,0.15027,31.2533704,75.7043564,1.130,13.10
269.729,2.53307,0.80445,15.37078,-1.13499,-0.36408,-0.51068,31.2533704,75.7043564,1.130,13.10
269.834,4.08451,3.82593,5.17626,0.21380,-0.50580,-0.50580,31.2533704,75.7043564,1.130,13.10
269.940,1.69988,2.57616,6.44998,-0.40561,-0.56933,-1.49173,31.2533704,75.7043564,1.130,13.10
270.044,0.62249,3.38540,9.48104,-0.51557,-0.92485,-1.30725,31.2533704,75.7043564,1.130,13.10
270.146,-0.46926,2.99275,13.73793,-0.20036,0.27978,-0.32498,31.2533704,75.7043564,1.130,13.10
270.250,-0.38307,2.19309,14.92066,0.21380,-0.17959,0.27000,31.2533809,75.7043590,1.140,10.60
270.353,2.28886,2.30322,11.08037,0.96883,-0.23213,0.33598,31.2533809,75.7043590,1.140,10.60
270.455,1.57060,1.74298,4.63996,1.13010,1.04336,0.43005,31.2533809,75.7043590,1.140,10.60
270.559,1.24977,3.98874,5.83706,0.32742,-0.21747,-0.24923,31.2533809,75.7043590,1.140,10.60
270.662,2.03507,3.87861,10.22803,-0.16616,-0.34208,-0.10873,31.2533809,75.7043590,1.140,10.60
270.766,2.73897,2.62405,11.76990,-1.37811,-0.20036,-0.66096,31.2533809,75.7043590,1.140,10.60
270.871,2.99754,2.54743,6.02860,0.66584,0.20525,0.12828,31.2533809,75.7043590,1.140,10.60
270.975,1.47483,1.59454,7.53695,-1.11422,-0.04154,-1.08978,31.2533809,75.7043590,1.140,10.60
271.078,0.37350,2.75333,7.67581,-0.36163,-1.09467,-0.41783,31.2533809,75.7043590,1.140,10.60
271.182,0.95289,4.02705,11.63582,-1.26205,0.75747,-0.49236,31.2533809,75.7043590,1.140,10.60
271.286,-1.62327,3.96959,10.49139,-0.29688,0.84910,0.28466,31.2533917,75.7043616,1.210,14.30
271.389,-2.11647,0.99599,12.14339,0.96395,0.22724,1.07512,31.2533917,75.7043616,1.210,14.30
271.494,-1.51792,0.61292,8.94953,0.93829,0.14539,0.51068,31.2533917,75.7043616,1.210,14.30
271.598,0.24900,1.15401,5.88495,1.18264,0.57544,1.07879,31.2533917,75.7043616,1.210,14.30
271.700,1.13485,2.73418,8.49463,0.17104,0.10385,0.33475,31.2533917,75.7043616,1.210,14.30
271.804,1.74298,2.40378,11.30063,-0.07208,0.48747,0.28955,31.2533917,75.7043616,1.210,14.30
271.909,1.79086,0.28252,14.17367,-0.38607,-0.15394,-0.18448,31.2533917,75.7043616,1.210,14.30
272.013,2.32716,2.60968,6.35421,-0.51679,-0.54856,-0.67317,31.2533917,75.7043616,1.210,14.30
272.118,0.74699,2.83473,6.20577,-0.25779,-0.79046,-0.69028,31.2533917,75.7043616,1.210,14.30
272.222,-0.42138,2.28886,12.19127,-0.72082,-0.75869,-0.75014,31.2534026,75.7043636,1.190,8.60
272.326,0.28252,3.78763,12.03805,0.36774,0.10385,0.43860,31.2534026,75.7043636,1.190,8.60
272.428,-1.55144,2.82037,12.52646,-0.51435,-0.13195,0.01222,31.2534026,75.7043636,1.190,8.60
272.531,0.08140,1.47962,13.35486,0.91019,-0.18082,0.63530,31.2534026,75.7043636,1.190,8.60
272.637,1.01514,0.07661,6.49307,1.44653,0.98471,0.58277,31.2534026,75.7043636,1.190,8.60
272.741,3.43329,2.82516,4.74052,1.11544,0.41417,0.67317,31.2534026,75.7043636,1.190,8.60
272.845,1.87227,4.02705,8.30788,0.09041,-0.23335,0.31643,31.2534026,75.7043636,1.190,8.60
272.949,0.49799,5.47793,10.90319,-1.22662,0.38729,-0.27245,31.2534026,75.7043636,1.190,8.60
273.054,3.01669,2.15957,13.15374,1.32558,0.06597,0.20159,31.2534026,75.7043636,1.190,8.60
273.159,2.82516,2.42772,5.18105,0.43127,-0.41050,-1.45019,31.2534026,75.7043636,1.190,8.60
273.262,0.39744,3.07416,4.36702,-0.12828,-0.18815,-1.27793,31.2534135,75.7043653,1.190,6.80
273.365,-0.90980,5.31034,7.60398,-0.87232,-1.00793,-0.60476,31.2534135,75.7043653,1.190,6.80
273.467,-2.46603,7.53695,13.18247,-0.33353,-0.14539,0.03543,31.2534135,75.7043653,1.190,6.80
273.571,-2.09732,2.02071,13.80497,1.42698,0.72937,0.70250,31.2534135,75.7043653,1.190,6.80
273.674,0.13886,2.27449,8.69095,1.45386,-0.14539,1.39644,31.2534135,75.7043653,1.190,6.80
273.778,1.09176,2.17394,5.61680,0.92485,1.33169,1.06779,31.2534135,75.7043653,1.190,6.80
273.882,1.43652,4.83150,4.67827,0.25534,0.86499,0.65118,31.2534135,75.7043653,1.190,6.80
273.986,2.79643,5.30076,9.00220,-0.68783,-0.23824,0.44349,31.2534135,75.7043653,1.190,6.80
274.090,4.44843,4.35745,9.63427,-2.40314,-0.61942,-0.54367,31.2534135,75.7043653,1.190,6.80
274.195,2.39899,3.16992,8.48026,0.11729,0.06231,-0.35430,31.2534236,75.7043678,1.130,14.00
274.297,0.99120,2.31759,5.43005,-0.07208,-0.24190,-1.38789,31.2534236,75.7043678,1.130,14.00
274.401,-0.14365,3.87861,7.70933,-0.59865,-1.01159,-1.48318,31.2534236,75.7043678,1.130,14.00
274.505,-0.74220,4.96079,13.71399,-0.42272,0.30177,-0.20036,31.2534236,75.7043678,1.130,14.00
274.610,-0.48363,6.65588,10.97023,0.19914,0.38729,0.76480,31.2534236,75.7043678,1.130,14.00
274.713,-2.44687,2.96881,11.00375,0.77946,0.79046,0.95661,31.2534236,75.7043678,1.130,14.00
274.815,-0.44532,1.05824,6.90009,1.55893,0.32498,0.75381,31.2534236,75.7043678,1.130,14.00
274.917,0.62728,3.68228,3.58651,0.49724,1.05191,0.75136,31.2534236,75.7043678,1.130,14.00
275.021,0.90980,4.41491,8.08282,-0.98594,-0.15394,0.06353,31.2534236,75.7043678,1.130,14.00
275.126,2.02071,6.08606,8.80109,-0.64507,-0.28711,0.19914,31.2534236,75.7043678,1.130,14.00
275.228,1.12527,-0.28252,15.49527,0.10385,0.47770,-0.21014,31.2534343,75.7043711,1.230,16.70
275.331,1.45567,2.36547,5.09486,0.03176,-0.04887,-1.38056,31.2534343,75.7043711,1.230,16.70
275.435,-0.29209,3.10289,5.36301,-0.42883,-0.54734,-0.61453,31.2534343,75.7043711,1.230,16.70
275.539,1.19231,5.28640,9.89284,-0.83322,-0.27855,-0.03910,31.2534343,75.7043711,1.230,16.70
275.643,-0.89064,6.14831,10.91756,-0.13195,0.37018,0.08674,31.2534343,75.7043711,1.230,16.70
275.747,-2.14520,0.44053,16.35240,0.71105,0.48625,0.22235,31.2534343,75.7043711,1.230,16.70
275.851,-0.20590,2.25534,9.27993,0.83811,-0.37751,0.95051,31.2534343,75.7043711,1.230,16.70
275.954,0.45490,3.30879,4.08451,0.42028,1.18141,1.19485,31.2534343,75.7043711,1.230,16.70
276.058,0.32561,4.23774,9.46189,-0.34331,0.00611,0.16493,31.2534343,75.7043711,1.230,16.70
276.163,1.47962,5.48272,8.64307,0.43005,0.89186,0.49969,31.2534343,75.7043711,1.230,16.70
276.268,0.86670,-0.41180,14.52802,-1.14843,0.93096,-0.11484,31.2534457,75.7043738,1.170,11.00
276.373,3.84988,3.08373,6.22014,0.48381,-0.78924,-0.05253,31.2534457,75.7043738,1.170,11.00
276.477,1.61848,3.43807,5.37738,-0.63286,-0.28466,-1.33902,31.2534457,75.7043738,1.170,11.00
276.581,0.17717,3.84030,9.91199,-0.72204,-0.33475,-1.04214,31.2534457,75.7043738,1.170,11.00
276.686,-1.32160,4.63039,11.57836,-0.15272,-0.49114,-0.66951,31.2534457,75.7043738,1.170,11.00
276.790,-2.67672,3.00233,16.03636,-0.86010,-0.80023,-0.68295,31.2534457,75.7043738,1.170,11.00
276.895,-2.28407,3.90255,7.12993,0.80634,-0.38118,0.87232,31.2534457,75.7043738,1.170,11.00
276.999,-0.82839,1.98240,9.30866,0.95539,0.22724,0.51313,31.2534457,75.7043738,1.170,11.00
277.103,0.13886,2.39899,6.87615,0.81734,0.91385,0.27855,31.2534457,75.7043738,1.170,11.00
277.205,1.97282,3.62961,6.54575,0.01100,0.26878,0.26145,31.2534549,75.7043765,1.050,16.10
277.307,1.39821,4.21380,8.80109,-0.67684,-0.18082,0.14783,31.2534549,75.7043765,1.050,16.10
277.409,0.40223,0.91937,16.33324,-1.29626,-0.08186,-0.93340,31.2534549,75.7043765,1.050,16.10
277.512,0.63686,2.12126,7.14430,-0.07575,-0.35552,-0.52168,31.2534549,75.7043765,1.050,16.10
277.617,-0.50757,3.18908,8.35576,-0.30910,-0.37996,-0.71105,31.2534549,75.7043765,1.050,16.10
277.720,-3.09810,3.52905,10.47703,-0.37874,-0.34575,-0.02688,31.2534549,75.7043765,1.050,16.10
277.823,-1.36948,3.24175,12.60308,0.50213,0.19792,1.35612,31.2534549,75.7043765,1.050,16.10
277.927,-3.62003,-0.33040,16.01721,-0.55222,-0.06964,1.50273,31.2534549,75.7043765,1.050,16.10
278.031,1.38864,1.94409,7.00543,1.47219,-0.35186,2.78188,31.2534549,75.7043765,1.050,16.10
278.134,2.35111,2.32716,5.44920,-0.87598,1.62979,0.13439,31.2534549,75.7043765,1.050,16.10
278.237,-2.94008,2.56180,8.32224,1.14843,-1.30603,1.37323,31.2534645,75.7043774,1.030,4.80
278.340,5.99029,3.10289,7.61356,-1.59925,0.02443,0.70983,31.2534645,75.7043774,1.030,4.80
278.443,0.23942,1.88663,9.62948,-2.75134,1.81916,-0.93340,31.2534645,75.7043774,1.030,4.80
278.546,1.70467,-1.75256,13.38359,-0.43005,-1.28648,-0.70005,31.2534645,75.7043774,1.030,4.80
278.650,2.27928,0.34955,8.25042,1.23395,0.17959,-0.54000,31.2534645,75.7043774,1.030,4.80
278.753,1.68552,1.44131,6.13873,0.39584,-1.18630,-1.23883,31.2534645,75.7043774,1.030,4.80
278.855,1.03430,2.53785,10.88883,0.72204,0.17471,-0.40928,31.2534645,75.7043774,1.030,4.80
278.958,0.57461,2.71024,10.91277,0.15394,0.59620,0.55100,31.2534645,75.7043774,1.030,4.80
279.063,-1.14922,-0.11013,12.46900,0.29932,-0.02932,0.79779,31.2534645,75.7043774,1.030,4.80
279.168,-1.97282,1.75256,6.05733,1.53083,0.77213,0.29444,31.2534645,75.7043774,1.030,4.80
279.271,0.30167,3.17950,6.17704,0.23091,0.64874,0.49602,31.2534732,75.7043766,1.050,355.60
279.373,0.60334,5.08050,9.13148,-0.04154,1.07512,0.59987,31.2534732,75.7043766,1.050,355.60
279.478,-0.19154,6.85221,9.29429,0.33109,-0.54245,0.05131,31.2534732,75.7043766,1.050,355.60
279.584,-1.09176,5.11401,15.41866,-0.69883,1.57848,0.43494,31.2534732,75.7043766,1.050,355.60
279.688,1.01993,2.85868,8.43238,0.74892,-1.93889,-0.76480,31.2534732,75.7043766,1.050,355.60
279.792,0.13886,2.13563,6.26802,0.71716,-0.14905,-0.64996,31.2534732,75.7043766,1.050,355.60
279.897,-1.13485,3.41413,6.59842,-0.05376,-0.09285,-0.21869,31.2534732,75.7043766,1.050,355.60
280.000,-1.00078,4.57293,9.05487,-0.46059,0.12462,0.18570,31.2534732,75.7043766,1.050,355.60
280.105,-0.96247,5.96635,8.79630,-0.95417,0.78924,0.39584,31.2534732,75.7043766,1.050,355.60
280.208,-3.54821,2.58095,12.24874,-0.40806,-0.88820,-0.13073,31.2534828,75.7043769,1.080,359.90
280.309,-2.56180,3.85945,5.46357,0.67928,1.26571,0.63774,31.2534828,75.7043769,1.080,359.90
280.411,-0.87149,4.24731,7.50343,-0.05253,0.69394,1.09223,31.2534828,75.7043769,1.080,359.90
280.514,0.39265,5.19063,6.76123,-0.08186,0.24557,0.46914,31.2534828,75.7043769,1.080,359.90
280.618,1.84832,4.91290,11.04685,-0.25412,-0.62675,-0.27122,31.2534828,75.7043769,1.080,359.90
280.724,0.46926,1.35991,14.57111,-0.15882,-1.78128,-0.69761,31.2534828,75.7043769,1.080,359.90
280.826,0.11492,3.19387,7.22570,1.19852,0.17715,-1.08367,31.2534828,75.7043769,1.080,359.90
280.929,0.40701,3.74453,4.97036,-0.04276,-0.44960,-0.64996,31.2534828,75.7043769,1.080,359.90
281.033,-0.49321,4.17549,9.11712,-0.02199,-0.12339,-0.36163,31.2534828,75.7043769,1.080,359.90
281.137,-0.57940,4.95121,10.53449,-0.04887,-0.15394,-0.06353,31.2534828,75.7043769,1.080,359.90
281.242,-2.00155,3.44286,12.82813,-0.72937,0.83200,0.46181,31.2534915,75.7043762,1.100,356.00
281.344,-1.78607,2.77727,7.37414,0.59498,-0.66218,-0.10751,31.2534915,75.7043762,1.100,356.00
281.448,-1.43652,3.44765,5.43963,-0.25168,0.63286,0.53878,31.2534915,75.7043762,1.100,356.00
281.551,0.26336,4.48673,7.01022,-0.12950,0.47892,0.56810,31.2534915,75.7043762,1.100,356.00
281.656,0.77572,5.32470,9.74919,-0.37996,0.31154,0.18692,31.2534915,75.7043762,1.100,356.00
281.761,2.17394,6.19619,10.14184,-0.24435,-0.37751,-0.27122,31.2534915,75.7043762,1.100,356.00
281.864,1.14922,2.37984,11.43950,0.46548,-1.07757,-0.87720,31.2534915,75.7043762,1.100,356.00
281.968,-0.23463,2.23618,8.43238,0.49969,0.43249,-0.79901,31.2534915,75.7043762,1.100,356.00
282.073,-0.50278,2.78206,6.31112,0.08674,-0.70127,-0.86499,31.2534915,75.7043762,1.100,356.00
282.178,-1.19231,4.02705,8.73405,-0.00611,-0.07208,-0.57910,31.2535023,75.7043750,1.150,358.60
282.281,-2.44209,5.76045,10.28070,-0.22724,-0.30910,0.18204,31.2535023,75.7043750,1.150,358.60
282.384,-0.97205,1.56102,13.01009,-0.07086,-1.37445,0.45571,31.2535023,75.7043750,1.150,358.60
282.486,-1.82438,2.71024,4.64475,0.80634,1.03969,0.26756,31.2535023,75.7043750,1.150,358.60
282.591,-0.54109,3.50032,6.33027,-0.29688,0.39951,0.51191,31.2535023,75.7043750,1.150,358.60
282.696,-0.76614,5.35822,8.46590,-0.33964,0.81367,0.35552,31.2535023,75.7043750,1.150,358.60
282.802,0.69911,6.63194,11.03727,0.14294,-0.39095,0.12217,31.2535023,75.7043750,1.150,358.60
282.903,0.33519,2.29843,14.85363,-0.08186,-0.12217,0.17959,31.2535023,75.7043750,1.150,358.60
283.004,1.09176,3.15556,7.61356,0.64385,0.17959,-0.80268,31.2535023,75.7043750,1.150,358.60
283.107,0.06225,2.89220,5.09007,0.15027,-0.47647,-0.32620,31.2535023,75.7043750,1.150,358.60
283.209,-0.76614,3.40455,9.02135,0.16127,0.12828,0.03543,31.2535130,75.7043750,1.130,359.20
283.311,-0.19154,3.53384,9.27514,-0.13928,-1.52594,-0.08430,31.2535130,75.7043750,1.130,359.20
283.413,0.99120,4.89854,10.80743,-1.18874,-0.08552,0.53145,31.2535130,75.7043750,1.130,359.20
283.518,-0.12450,3.28484,7.82425,-0.06842,-1.31703,-0.79168,31.2535130,75.7043750,1.130,359.20
283.621,-0.59376,3.28484,5.68862,0.30788,1.41354,-0.12339,31.2535130,75.7043750,1.130,359.20
283.724,0.43574,4.39575,7.57525,-0.13928,-0.00367,0.69150,31.2535130,75.7043750,1.130,359.20
283.827,0.27294,4.90333,10.32859,0.00977,-0.28100,0.25290,31.2535130,75.7043750,1.130,359.20
283.931,2.03028,5.97114,12.07156,-0.36652,-0.74648,0.00611,31.2535130,75.7043750,1.130,359.20
284.032,3.27527,3.15556,8.90643,0.68906,-0.40317,-0.76847,31.2535130,75.7043750,1.130,359.20
284.134,0.02873,2.21224,8.47069,-0.03543,0.62064,-0.31154,31.2535130,75.7043750,1.130,359.20
284.238,0.02873,3.20344,6.79474,0.08308,0.13561,-0.46792,31.2535224,75.7043735,1.090,355.00
284.340,0.31125,4.22337,8.55688,-0.08674,-0.29566,0.03787,31.2535224,75.7043735,1.090,355.00
284.442,1.54187,5.07092,10.40999,-0.30665,0.44960,0.52046,31.2535224,75.7043735,1.090,355.00
284.546,-0.53630,1.58496,10.44830,0.11729,-0.15882,0.36408,31.2535224,75.7043735,1.090,355.00
284.650,-0.23942,3.29921,5.88495,0.17593,0.58765,-0.13561,31.2535224,75.7043735,1.090,355.00
284.753,0.69432,2.75812,7.37414,-0.43494,0.71349,-0.26634,31.2535224,75.7043735,1.090,355.00
284.856,-1.57060,3.73974,8.92080,0.05864,0.29199,-0.35552,31.2535224,75.7043735,1.090,355.00
284.959,-0.41659,4.38618,10.83616,0.26145,-0.78679,-0.25534,31.2535224,75.7043735,1.090,355.00
285.064,0.85712,2.39899,13.63258,-0.58399,0.25901,0.12217,31.2535224,75.7043735,1.090,355.00
285.167,2.45166,3.25133,6.19141,0.39584,0.08919,-1.21684,31.2535326,75.7043715,1.110,351.40
285.269,-0.84755,1.43652,8.28394,0.05620,1.16431,-0.75014,31.2535326,75.7043715,1.110,351.40
285.372,0.81403,2.51391,7.80031,-1.03358,-1.41354,-0.81367,31.2535326,75.7043715,1.110,351.40
285.474,-0.38307,1.07260,14.12100,-0.74526,-0.43860,-0.28833,31.2535326,75.7043715,1.110,351.40
285.577,-2.25055,1.92973,12.82334,-0.34819,0.03665,0.47525,31.2535326,75.7043715,1.110,351.40
285.679,-2.03986,0.00000,10.48660,1.10200,-0.68417,-0.30177,31.2535326,75.7043715,1.110,351.40
285.781,-0.22505,2.13084,4.87938,0.19548,0.21869,0.49602,31.2535326,75.7043715,1.110,351.40
285.882,0.49799,2.94008,7.38851,0.45448,1.35368,0.64507,31.2535326,75.7043715,1.110,351.40
285.985,0.79009,4.11803,8.42759,-0.32009,-0.72449,0.25412,31.2535326,75.7043715,1.110,351.40
286.087,1.85790,5.85143,11.27669,0.00367,-0.45204,-0.37018,31.2535326,75.7043715,1.110,351.40
286.188,1.76213,1.10133,13.14896,0.87720,-1.25350,-0.60842,31.2535435,75.7043720,1.080,6.10
286.291,0.66080,3.02148,6.69419,1.03603,0.81245,-0.77580,31.2535435,75.7043720,1.080,6.10
286.393,0.47884,2.61926,6.22971,0.10996,-1.17897,-0.50702,31.2535435,75.7043720,1.080,6.10
286.495,-1.22583,3.44286,6.54096,0.38240,0.46059,-0.33475,31.2535435,75.7043720,1.080,6.10
286.598,-2.71502,3.11725,10.83616,-0.80146,0.61453,0.33231,31.2535435,75.7043720,1.080,6.10
286.700,-1.21625,2.62883,13.25909,-1.70554,0.25534,1.02992,31.2535435,75.7043720,1.080,6.10
286.803,-0.73741,2.77249,9.26077,0.28833,-0.18082,-0.12339,31.2535435,75.7043720,1.080,6.10
286.906,-0.81882,3.14598,6.65109,-0.05864,-0.13439,0.60598,31.2535435,75.7043720,1.080,6.10
287.008,0.13408,3.93128,7.57047,0.42394,0.58032,0.70494,31.2535435,75.7043720,1.080,6.10
287.113,-0.13408,5.12359,11.44428,0.22969,-0.20892,0.03421,31.2535435,75.7043720,1.080,6.10
287.215,0.80445,7.58483,11.30063,-0.06720,-0.15272,-0.06597,31.2535526,75.7043754,1.080,18.50
287.316,2.30801,3.22260,9.07402,0.70860,-1.13377,-0.77946,31.2535526,75.7043754,1.080,18.50
287.419,-0.12450,3.05021,7.15387,0.39584,0.95051,-0.71227,31.2535526,75.7043754,1.080,18.50
287.521,-0.32082,3.07416,6.37336,0.10996,-0.76480,-0.40684,31.2535526,75.7043754,1.080,18.50
287.625,-1.66636,3.90255,7.89129,0.14416,0.07330,0.06597,31.2535526,75.7043754,1.080,18.50
287.728,-1.53708,4.55377,11.90397,-0.57299,0.25901,0.77336,31.2535526,75.7043754,1.080,18.50
287.830,-1.12527,2.51391,12.10508,-0.37018,-0.46914,0.50335,31.2535526,75.7043754,1.080,18.50
287.933,-1.50835,3.96001,5.20978,0.39584,0.83444,0.18815,31.2535526,75.7043754,1.080,18.50
288.035,0.30167,3.89297,6.16746,-0.20403,0.40073,0.74403,31.2535526,75.7043754,1.080,18.50
288.138,0.07661,4.41012,9.24162,-0.33475,0.41539,0.84055,31.2535526,75.7043754,1.080,18.50
288.241,0.59376,5.97593,12.10987,0.17471,-0.27489,-0.12950,31.2535611,75.7043797,1.110,17.80
288.344,0.44532,5.43963,14.03960,-0.62430,0.32376,0.02810,31.2535611,75.7043797,1.110,17.80
288.446,1.31202,3.67271,8.37492,1.33291,-0.21869,-1.11422,31.2535611,75.7043797,1.110,17.80
288.548,0.22984,2.37026,6.26323,0.35064,-0.98471,-0.36285,31.2535611,75.7043797,1.110,17.80
288.651,-0.65601,2.51391,7.00543,0.71227,-0.32742,-0.37629,31.2535611,75.7043797,1.110,17.80
288.753,-1.47004,4.56335,7.27358,-0.57299,0.33475,0.44838,31.2535611,75.7043797,1.110,17.80
288.854,-1.88663,4.20422,11.31979,-2.23577,1.03114,1.09834,31.2535611,75.7043797,1.110,17.80
288.956,-1.14922,3.78284,10.21366,0.11606,-0.43738,0.17593,31.2535611,75.7043797,1.110,17.80
289.058,0.93853,3.48596,5.94241,-0.36408,0.38118,0.72937,31.2535611,75.7043797,1.110,17.80
289.160,0.98641,3.95043,7.89129,0.29688,1.28893,0.60842,31.2535711,75.7043833,1.110,13.70
289.262,0.79966,4.06057,9.10275,-0.39462,-0.65485,0.68417,31.2535711,75.7043833,1.110,13.70
289.365,1.81002,6.10043,9.43794,0.10263,-0.59987,-0.84788,31.2535711,75.7043833,1.110,13.70
289.470,2.24576,2.42772,14.40352,0.09529,-0.51313,-0.82100,31.2535711,75.7043833,1.110,13.70
289.573,-0.96726,1.46525,8.22648,1.29015,0.73426,-0.76969,31.2535711,75.7043833,1.110,13.70
289.677,-0.19154,1.90578,5.68384,0.67928,-0.95295,-0.30910,31.2535711,75.7043833,1.110,13.70
289.782,-0.39744,3.81157,6.63194,-0.31643,0.45937,0.29199,31.2535711,75.7043833,1.110,13.70
289.887,0.00479,3.86903,12.44985,-1.27915,-0.56444,0.58765,31.2535711,75.7043833,1.110,13.70
289.990,0.27773,1.55144,13.24951,-0.20036,-1.24128,0.00367,31.2535711,75.7043833,1.110,13.70
290.094,-1.45089,2.88262,3.53384,0.81001,0.88331,-0.26878,31.2535711,75.7043833,1.110,13.70
290.198,-0.05746,3.77326,6.05254,-0.34331,0.62797,0.42761,31.2535817,75.7043856,1.220,12.60
290.301,0.89064,4.43885,8.97826,-0.74159,0.23091,0.50824,31.2535817,75.7043856,1.220,12.60
290.404,2.05422,4.76925,12.22958,0.30421,-0.62553,-0.36163,31.2535817,75.7043856,1.220,12.60
290.509,0.55545,5.99987,14.24071,-0.19670,0.50213,-0.78191,31.2535817,75.7043856,1.220,12.60
290.616,0.50757,2.60968,8.19775,0.87720,0.71838,-0.90408,31.2535817,75.7043856,1.220,12.60
290.720,-2.79643,2.26013,5.13317,0.41417,-0.53756,-0.46792,31.2535817,75.7043856,1.220,12.60
290.824,-0.23463,2.54743,6.51702,-0.62430,-0.64507,0.26756,31.2535817,75.7043856,1.220,12.60
290.929,2.24576,4.14197,9.75398,-0.94928,0.40561,0.01710,31.2535817,75.7043856,1.220,12.60
291.034,0.21548,2.21703,16.94616,-0.41417,-0.02688,0.30543,31.2535817,75.7043856,1.220,12.60
291.137,-1.58975,2.25534,7.14430,1.31336,0.12828,-0.64263,31.2535817,75.7043856,1.220,12.60
291.241,-1.86269,2.89698,4.36224,-0.59620,0.06964,0.22358,31.2535930,75.7043899,1.180,16.00
291.344,-0.13886,4.10366,6.90488,0.17226,1.09345,0.23457,31.2535930,75.7043899,1.180,16.00
291.447,1.06303,5.17626,11.43471,-0.59498,-0.41783,0.18692,31.2535930,75.7043899,1.180,16.00
291.550,2.12605,7.24007,10.77391,0.29322,-0.45448,-0.58277,31.2535930,75.7043899,1.180,16.00
291.653,0.97683,3.50032,9.55287,0.70127,-0.87842,-0.92974,31.2535930,75.7043899,1.180,16.00
291.758,0.36871,1.98719,7.27837,0.13806,0.01344,-0.67806,31.2535930,75.7043899,1.180,16.00
291.861,0.26815,2.53785,7.34062,0.74526,-0.32498,-1.34635,31.2535930,75.7043899,1.180,16.00
291.964,-1.75256,4.47716,9.68694,-0.17837,-0.67073,-0.54245,31.2535930,75.7043899,1.180,16.00
292.070,-1.02951,5.09486,11.34852,-0.68417,-0.09529,0.59620,31.2535930,75.7043899,1.180,16.00
292.172,-2.06859,1.58496,12.43070,-0.05253,-0.97738,0.25412,31.2535930,75.7043899,1.180,16.00
292.275,-2.02549,3.29442,4.92248,0.20525,0.82589,0.31521,31.2536044,75.7043957,1.180,23.60
292.377,-0.03352,3.62482,6.22492,-0.07208,0.81734,1.01037,31.2536044,75.7043957,1.180,23.60
292.479,0.86191,3.76847,9.15064,-0.28711,0.09774,0.81856,31.2536044,75.7043957,1.180,23.60
292.583,1.37427,5.56412,11.55442,0.20769,-0.05864,-0.02688,31.2536044,75.7043957,1.180,23.60
292.688,1.10133,2.26491,15.94059,-0.50335,0.18570,-0.10751,31.2536044,75.7043957,1.180,23.60
292.793,1.06303,2.57616,7.22091,0.66584,0.12828,-0.91019,31.2536044,75.7043957,1.180,23.60
292.896,0.29688,2.36068,6.11958,0.17837,-0.54489,-0.44960,31.2536044,75.7043957,1.180,23.60
293.000,0.66080,2.98796,8.51857,-0.27367,-0.34575,-0.20403,31.2536044,75.7043957,1.180,23.60
293.105,-0.86191,3.63440,12.50731,0.11973,0.68295,-0.05009,31.2536044,75.7043957,1.180,23.60
293.207,-2.48039,4.15633,11.86566,-0.86865,0.73670,0.50702,31.2536146,75.7044017,1.100,24.20
293.310,-1.65679,2.62405,7.15387,0.21502,-0.89431,-0.10385,31.2536146,75.7044017,1.100,24.20
293.413,-1.25456,2.66235,5.08050,-0.27122,0.26756,0.68539,31.2536146,75.7044017,1.100,24.20
293.515,0.14844,3.30400,7.81946,-0.25901,0.77824,0.90042,31.2536146,75.7044017,1.100,24.20
293.619,0.66080,4.38139,11.20486,-0.02688,-0.18937,0.13561,31.2536146,75.7044017,1.100,24.20
293.722,1.71904,6.58884,9.94073,0.43249,0.45204,-0.32132,31.2536146,75.7044017,1.100,24.20
293.826,0.66559,2.38941,9.65821,0.30543,-1.17042,-0.61697,31.2536146,75.7044017,1.100,24.20
293.930,-0.64643,2.06859,8.73884,0.58643,0.43616,-0.96883,31.2536146,75.7044017,1.100,24.20
294.035,-1.00078,1.85311,6.98628,0.13928,-0.84666,-0.64141,31.2536146,75.7044017,1.100,24.20
294.139,-0.76614,3.41892,7.81946,-0.53145,-0.17471,-0.29199,31.2536146,75.7044017,1.100,24.20
294.243,-1.65200,4.29041,11.64540,-0.36774,0.03421,-0.01588,31.2536226,75.7044076,0.970,30.20
294.347,-3.54342,1.35991,14.37000,-0.05986,-0.91752,0.49847,31.2536226,75.7044076,0.970,30.20
294.451,-3.60088,3.11246,5.53061,0.56933,0.62675,0.17471,31.2536226,75.7044076,0.970,30.20
294.557,-0.92895,2.78685,7.17782,-0.28100,0.00489,0.85032,31.2536226,75.7044076,0.970,30.20
294.661,-0.38307,3.90255,9.36612,-0.30177,0.48258,0.94562,31.2536226,75.7044076,0.970,30.20
294.765,0.73741,4.98952,11.88482,0.66096,0.08552,0.14294,31.2536226,75.7044076,0.970,30.20
294.873,-1.35033,4.24731,13.83370,-0.16005,0.15027,0.29444,31.2536226,75.7044076,0.970,30.20
294.975,1.14443,2.97360,7.09163,0.86743,-0.49724,-0.73426,31.2536226,75.7044076,0.970,30.20
295.080,1.27372,1.83396,6.65588,-0.30299,-0.30055,-0.30299,31.2536226,75.7044076,0.970,30.20
295.185,0.37828,3.54821,8.91601,0.00977,0.36896,-0.75259,31.2536320,75.7044132,0.980,26.50
295.287,-1.07260,5.53061,9.53371,-0.20647,-0.07819,-0.11606,31.2536320,75.7044132,0.980,26.50
295.390,-1.45567,4.08451,12.40675,0.20159,0.08674,0.07697,31.2536320,75.7044132,0.980,26.50
295.494,-1.70946,2.39899,11.82736,-0.58032,-0.21991,0.35064,31.2536320,75.7044132,0.980,26.50
295.597,-1.86269,2.42772,8.23605,0.74526,0.20892,-0.15394,31.2536320,75.7044132,0.980,26.50
295.702,-1.95367,2.13084,6.38773,0.00000,-0.17959,0.49358,31.2536320,75.7044132,0.980,26.50
295.810,-0.90980,3.75890,4.96557,-0.20769,0.95906,0.53267,31.2536320,75.7044132,0.980,26.50
295.914,0.25379,4.57771,10.72602,-0.57666,0.27245,0.42638,31.2536320,75.7044132,0.980,26.50
296.016,0.38307,5.57370,10.16099,0.94195,0.25901,-0.27978,31.2536320,75.7044132,0.980,26.50
296.121,-1.56581,4.99909,16.64928,0.94928,1.82649,-0.53390,31.2536320,75.7044132,0.980,26.50
296.225,0.28730,3.67271,6.84742,0.01710,-1.73974,-0.60720,31.2536403,75.7044168,0.800,25.70
296.328,-0.33519,2.71024,5.51145,-0.23091,-0.54611,-0.72449,31.2536403,75.7044168,0.800,25.70
296.429,-0.40223,3.84030,8.97347,-0.68661,-0.84788,-0.26389,31.2536403,75.7044168,0.800,25.70
296.534,-1.35991,4.04620,12.83292,-0.09896,-0.10996,0.24435,31.2536403,75.7044168,0.800,25.70
296.637,-1.26414,4.30477,11.04685,-0.93218,0.46670,0.68417,31.2536403,75.7044168,0.800,25.70
296.742,-1.90578,3.18908,7.42203,0.66706,0.26634,0.11484,31.2536403,75.7044168,0.800,25.70
296.846,0.36392,3.14119,6.22971,-0.23091,0.39462,0.46670,31.2536403,75.7044168,0.800,25.70
296.949,1.55144,4.32872,7.20176,0.10751,1.10811,-0.04887,31.2536403,75.7044168,0.800,25.70
297.053,-2.22661,3.56736,11.89439,0.26512,-0.18692,-0.10140,31.2536403,75.7044168,0.800,25.70
297.157,-1.35033,5.24809,9.52892,-1.13743,-0.01588,0.43494,31.2536403,75.7044168,0.800,25.70
297.259,1.90100,2.71981,10.07001,-0.34697,-1.74219,-0.17959,31.2536482,75.7044217,0.970,28.70
297.361,-0.19154,2.63362,8.02058,1.37811,0.94928,-0.69394,31.2536482,75.7044217,0.970,28.70
297.463,0.03352,3.96001,7.10599,-0.59498,-0.41539,-0.03054,31.2536482,75.7044217,0.970,28.70
297.567,-0.39265,4.10366,12.35887,0.00611,0.23579,-0.18692,31.2536482,75.7044217,0.970,28.70
297.672,-1.42694,3.91691,11.65497,-1.00304,0.61942,0.71593,31.2536482,75.7044217,0.970,28.70
297.776,-0.34477,1.34075,10.37647,0.75747,-1.13987,-0.36896,31.2536482,75.7044217,0.970,28.70
297.881,-2.53785,3.07894,5.34386,0.36163,0.70983,0.14905,31.2536482,75.7044217,0.970,28.70
297.986,-0.52672,5.42526,6.87615,0.79779,0.97738,0.14294,31.2536482,75.7044217,0.970,28.70
298.090,-0.99120,6.20098,8.97826,-0.18570,0.07697,0.39706,31.2536482,75.7044217,0.970,28.70
298.194,1.21625,6.87615,8.50899,0.29199,-0.35064,-0.07575,31.2536556,75.7044277,0.960,33.50
298.297,1.20668,2.85389,10.13705,-0.03787,-1.36712,-0.20159,31.2536556,75.7044277,0.960,33.50
298.401,1.36469,3.05979,7.48906,-0.51313,-0.12706,-0.39706,31.2536556,75.7044277,0.960,33.50
298.508,0.95768,3.03585,8.38928,-0.71716,-1.60291,-0.79535,31.2536556,75.7044277,0.960,33.50
298.611,0.00479,3.80199,10.20409,-0.16982,-0.02932,-0.30055,31.2536556,75.7044277,0.960,33.50
298.716,0.07661,4.52025,9.54808,-0.10263,0.00000,0.62430,31.2536556,75.7044277,0.960,33.50
298.820,1.61369,0.56503,12.83771,-0.47647,-1.40377,0.43249,31.2536556,75.7044277,0.960,33.50
298.924,-0.77093,3.34709,4.50110,0.74037,1.29870,0.19059,31.2536556,75.7044277,0.960,33.50
299.028,1.78129,3.86903,6.79953,-0.01344,0.45571,0.57544,31.2536556,75.7044277,0.960,33.50
299.132,1.66158,4.84108,9.08839,-0.32376,0.35064,0.16127,31.2536556,75.7044277,0.960,33.50
299.234,1.46525,5.89452,10.43393,0.37507,-0.47892,-0.22235,31.2536645,75.7044342,0.990,38.30
299.337,3.77326,3.88340,13.19684,-0.66462,-0.86865,-0.17959,31.2536645,75.7044342,0.990,38.30
299.441,3.05979,2.87783,9.58638,0.74526,0.32742,-1.25105,31.2536645,75.7044342,0.990,38.30
299.545,0.13408,2.59053,4.90333,0.49847,-0.97250,-0.96395,31.2536645,75.7044342,0.990,38.30
299.650,0.00479,3.12683,7.04853,0.04276,-0.56200,-0.42394,31.2536645,75.7044342,0.990,38.30
299.754,0.09577,5.11880,9.07402,-0.51191,0.82222,0.06353,31.2536645,75.7044342,0.990,38.30
299.859,0.78530,3.98395,14.55196,-1.70431,0.51924,1.34390,31.2536645,75.7044342,0.990,38.30
299.962,1.13485,3.12683,9.37569,0.42761,-0.69150,-0.34697,31.2536645,75.7044342,0.990,38.30
300.066,-0.74699,3.55778,5.76524,0.20159,0.29688,0.52901,31.2536645,75.7044342,0.990,38.30
300.169,0.51236,3.88340,6.31112,0.10507,0.92607,0.93951,31.2536645,75.7044342,0.990,38.30
300.274,2.28886,4.43406,10.43393,-0.36530,0.19914,0.70127,31.2536730,75.7044411,1.050,40.60
300.378,2.97839,6.97192,9.69173,-0.02443,0.09041,-0.05742,31.2536730,75.7044411,1.050,40.60
300.481,2.29843,3.47159,11.77468,0.31765,-0.65118,-0.27122,31.2536730,75.7044411,1.050,40.60
300.586,1.43652,3.17471,7.81467,0.51191,0.79779,-0.61942,31.2536730,75.7044411,1.050,40.60
300.692,0.93853,2.74854,7.34062,0.03421,-0.64019,-0.81123,31.2536730,75.7044411,1.050,40.60
300.797,-1.45089,3.70144,8.45632,0.36285,0.14783,-0.18448,31.2536730,75.7044411,1.050,40.60
300.901,-0.37350,4.06535,8.70053,-0.27978,-0.16371,0.79779,31.2536730,75.7044411,1.050,40.60
301.003,-0.98162,3.43329,14.12100,-1.69698,1.30236,1.00304,31.2536730,75.7044411,1.050,40.60
301.107,-2.32716,4.60166,6.88572,0.80146,0.78679,0.02321,31.2536730,75.7044411,1.050,40.60
301.211,-1.08697,3.27048,7.46991,-0.28100,0.13806,1.06535,31.2536808,75.7044485,0.940,39.30
301.314,0.28252,3.85945,7.24007,-0.35308,0.59498,1.00304,31.2536808,75.7044485,0.940,39.30
301.416,1.62806,4.93206,12.06678,0.11973,-0.47159,-0.02443,31.2536808,75.7044485,0.940,39.30
301.519,2.66235,6.60800,8.48026,-0.14172,-0.59498,0.10629,31.2536808,75.7044485,0.940,39.30
301.623,2.96881,2.71502,9.61033,-0.04765,-1.02748,-0.38240,31.2536808,75.7044485,0.940,39.30
301.727,0.85712,1.15879,9.34218,-0.01955,0.11362,-0.65240,31.2536808,75.7044485,0.940,39.30
301.830,-0.66559,3.12683,6.01902,0.54000,-0.08796,-1.08734,31.2536808,75.7044485,0.940,39.30
301.934,-1.63285,4.43885,8.21690,-0.60353,0.45571,-0.00977,31.2536808,75.7044485,0.940,39.30
302.039,-2.06859,4.05099,11.99495,-0.86376,1.06413,0.90286,31.2536808,75.7044485,0.940,39.30
302.143,-3.12204,0.70390,13.67568,-0.52290,0.50824,1.20218,31.2536808,75.7044485,0.940,39.30
302.249,-2.86825,2.45166,6.11958,0.88575,1.42209,0.96639,31.2536898,75.7044540,1.000,26.50
302.353,0.80445,3.18908,7.16345,-0.44471,0.21502,1.03969,31.2536898,75.7044540,1.000,26.50
302.457,0.17717,3.75890,9.83059,-0.04032,0.83933,0.20892,31.2536898,75.7044540,1.000,26.50
302.562,0.39265,3.79720,10.34774,0.64385,-1.36345,-0.47281,31.2536898,75.7044540,1.000,26.50
302.665,-1.33118,4.44843,11.91834,-0.50091,0.70372,-0.23457,31.2536898,75.7044540,1.000,26.50
302.770,0.69432,2.36068,8.86812,0.40684,-1.01404,-1.52228,31.2536898,75.7044540,1.000,26.50
302.873,-1.12049,1.97282,8.05888,0.12095,-0.22358,-0.92485,31.2536898,75.7044540,1.000,26.50
302.975,0.00000,2.94008,8.07804,-0.15516,-0.46792,-0.54856,31.2536898,75.7044540,1.000,26.50
303.077,-1.85790,3.97437,10.65420,-0.04032,0.76725,-0.07086,31.2536898,75.7044540,1.000,26.50
303.181,-2.50433,3.59130,12.15297,-0.36652,0.89431,0.72326,31.2536987,75.7044578,0.890,15.70
303.283,-1.27850,2.27449,7.17303,0.64996,-0.99082,0.14783,31.2536987,75.7044578,0.890,15.70
303.385,-1.38864,3.66792,5.91368,-0.38118,0.84055,0.52534,31.2536987,75.7044578,0.890,15.70
303.490,0.20111,3.94564,8.87770,-0.10507,-0.01222,0.34575,31.2536987,75.7044578,0.890,15.70
303.596,-0.79009,4.89375,7.61356,0.40561,-0.10996,-0.04643,31.2536987,75.7044578,0.890,15.70
303.701,-1.07260,5.49230,10.59195,0.25656,-0.19426,-0.15638,31.2536987,75.7044578,0.890,15.70
303.805,-0.26336,5.10444,13.33092,0.12584,-0.29444,-0.32620,31.2536987,75.7044578,0.890,15.70
303.909,1.21625,4.37181,6.91924,-0.06720,0.18570,-0.66218,31.2536987,75.7044578,0.890,15.70
304.015,0.65122,2.62883,6.88094,-0.17593,-0.85399,-0.79779,31.2536987,75.7044578,0.890,15.70
304.119,0.48363,3.65834,8.82982,0.09163,-0.42516,-0.56933,31.2536987,75.7044578,0.890,15.70
304.222,-1.02951,2.92093,11.14740,0.23579,-0.37507,-0.05742,31.2537088,75.7044610,0.950,18.90
304.325,-1.92015,4.15633,10.35253,-0.68783,1.24861,0.02932,31.2537088,75.7044610,0.950,18.90
304.427,-3.18908,2.64320,9.83538,-0.10140,-0.98594,-0.21625,31.2537088,75.7044610,0.950,18.90
304.532,-2.48997,3.32794,5.13317,-0.53023,0.10263,1.10078,31.2537088,75.7044610,0.950,18.90
304.635,0.14844,3.11246,7.33583,-0.08552,0.66829,0.88087,31.2537088,75.7044610,0.950,18.90
304.739,-0.37828,5.18584,8.12592,-0.27978,0.31887,0.28344,31.2537088,75.7044610,0.950,18.90
304.843,1.57538,7.01501,11.43950,-0.62064,-0.66096,-0.10263,31.2537088,75.7044610,0.950,18.90
304.947,0.00479,2.87783,15.28458,0.82100,-0.80146,-0.66829,31.2537088,75.7044610,0.950,18.90
305.050,0.02394,2.98318,7.70454,1.16675,0.55711,-0.96883,31.2537088,75.7044610,0.950,18.90
305.155,-0.45969,2.34632,6.64630,0.56810,-1.07757,-0.26145,31.2537088,75.7044610,0.950,18.90
305.259,-0.39265,3.53384,6.36379,0.37141,-0.24801,0.08186,31.2537179,75.7044659,0.980,20.80
305.363,-0.64643,5.22415,8.73405,-0.37996,0.44593,0.48991,31.2537179,75.7044659,0.980,20.80
305.465,-1.39821,5.87537,10.09395,-0.16127,0.35064,0.43860,31.2537179,75.7044659,0.980,20.80
305.569,-1.69988,3.95043,11.51611,-0.10751,0.25168,0.84910,31.2537179,75.7044659,0.980,20.80
305.673,-0.34477,3.38540,8.43717,-0.18204,0.69883,0.95417,31.2537179,75.7044659,0.980,20.80
305.774,0.33519,3.88818,6.88094,0.34331,0.74403,0.73059,31.2537179,75.7044659,0.980,20.80
305.877,1.19710,4.87459,6.55532,-0.60598,0.46792,0.82833,31.2537179,75.7044659,0.980,20.80
305.979,1.63285,5.82270,10.39562,-0.50702,0.06109,-0.16493,31.2537179,75.7044659,0.980,20.80
306.083,1.66636,6.46913,9.84975,-0.33475,-0.56322,-0.44960,31.2537179,75.7044659,0.980,20.80
306.186,1.30723,2.52349,11.33415,0.05742,-0.80268,-0.82589,31.2537272,75.7044701,0.850,21.80
306.288,0.11492,3.53863,7.18739,1.03847,0.43127,-1.49662,31.2537272,75.7044701,0.850,21.80
306.390,0.54109,2.50912,8.74841,-0.00733,-1.52350,-0.54489,31.2537272,75.7044701,0.850,21.80
306.493,0.43096,3.39019,5.96635,-0.01955,-0.46181,-0.72693,31.2537272,75.7044701,0.850,21.80
306.596,-0.06225,4.31435,9.27035,-0.69028,-0.43860,-0.50213,31.2537272,75.7044701,0.850,21.80
306.699,-1.68073,5.39174,12.08114,0.20525,0.36408,-0.33598,31.2537272,75.7044701,0.850,21.80
306.801,-1.83396,4.42448,12.30620,-0.27611,0.30055,0.73915,31.2537272,75.7044701,0.850,21.80
306.908,-0.70390,2.75812,6.31112,0.96883,0.11851,0.37751,31.2537272,75.7044701,0.850,21.80
307.013,-0.54109,3.25611,6.64152,-0.89553,0.57910,0.97861,31.2537272,75.7044701,0.850,21.80
307.116,0.79487,4.42448,8.08282,-0.24923,0.70616,0.59498,31.2537272,75.7044701,0.850,21.80
307.220,1.29287,5.17148,9.66300,-0.24190,-0.05376,0.48258,31.2537356,75.7044751,0.940,29.00
307.324,1.88663,6.25844,10.55843,0.47770,0.43616,-0.17593,31.2537356,75.7044751,0.940,29.00
307.427,2.20745,3.52426,13.42190,0.15027,-0.99571,-0.55222,31.2537356,75.7044751,0.940,29.00
307.533,1.15401,4.12282,6.90967,0.92607,0.29322,-1.32313,31.2537356,75.7044751,0.940,29.00
307.638,0.35434,2.80600,7.06768,-0.10996,-1.34268,-0.49114,31.2537356,75.7044751,0.940,29.00
307.741,0.16759,2.97839,7.39329,0.25656,-0.54000,-0.53145,31.2537356,75.7044751,0.940,29.00
307.846,0.13886,4.15633,10.71645,-0.35308,0.12339,-0.12217,31.2537356,75.7044751,0.940,29.00
307.951,-0.85712,5.76524,9.92157,-1.04214,0.52412,0.21502,31.2537356,75.7044751,0.940,29.00
308.055,-0.32082,3.37104,9.63906,-0.32742,-0.88087,0.18815,31.2537356,75.7044751,0.940,29.00
308.160,-1.53708,3.42371,7.11557,-0.09163,0.59865,0.48869,31.2537356,75.7044751,0.940,29.00
308.264,0.46448,3.51469,7.49864,0.27000,0.32620,0.62553,31.2537435,75.7044823,1.000,36.20
308.368,0.72305,5.15232,7.63272,0.05742,0.08186,0.35552,31.2537435,75.7044823,1.000,36.20
308.472,1.43652,6.70376,9.89763,0.14172,0.32376,0.02810,31.2537435,75.7044823,1.000,36.20
308.575,0.77572,3.06937,12.31099,-0.23579,0.12584,0.23091,31.2537435,75.7044823,1.000,36.20
308.681,2.08296,3.76847,6.90009,0.35430,-0.39462,-1.34146,31.2537435,75.7044823,1.000,36.20
308.785,0.17717,3.10767,7.67102,0.48625,0.46914,-0.82711,31.2537435,75.7044823,1.000,36.20
308.887,-1.11091,3.88340,9.43794,-0.06964,0.55833,-0.00122,31.2537435,75.7044823,1.000,36.20
308.989,-3.68228,3.77805,11.50175,0.98471,0.09041,0.59254,31.2537435,75.7044823,1.000,36.20
309.093,-2.13563,5.12359,7.56089,0.02566,0.54734,0.29077,31.2537435,75.7044823,1.000,36.20
309.197,-2.24576,3.62003,7.22091,0.33598,-0.66096,-0.08796,31.2537517,75.7044917,1.110,46.60
309.299,-2.61447,4.04620,5.23373,-0.62919,0.36285,0.42028,31.2537517,75.7044917,1.110,46.60
309.402,-1.32639,4.76925,6.45956,-0.24679,0.64996,0.45937,31.2537517,75.7044917,1.110,46.60
309.509,-0.85712,5.59285,7.90565,-0.77580,-0.06353,0.23702,31.2537517,75.7044917,1.110,46.60
309.613,0.06704,5.32470,10.07480,-0.39462,-0.47770,-0.06231,31.2537517,75.7044917,1.110,46.60
309.718,-0.18196,4.50589,13.86243,-0.63774,-0.31154,-0.00855,31.2537517,75.7044917,1.110,46.60
309.823,1.58496,3.65355,9.09797,0.30421,-0.60109,-0.66706,31.2537517,75.7044917,1.110,46.60
309.930,0.61770,1.85790,7.52258,0.44104,-0.84544,-0.80756,31.2537517,75.7044917,1.110,46.60
310.034,0.19154,2.67672,6.12437,0.33842,-0.52412,-0.65729,31.2537517,75.7044917,1.110,46.60
310.139,-0.38307,4.14197,8.57124,0.08063,-0.14050,-0.73670,31.2537517,75.7044917,1.110,46.60
310.243,-1.60890,4.92727,12.23437,-1.55282,0.16738,0.50702,31.2537591,75.7045013,0.970,50.10
310.345,-1.30245,2.26491,11.69807,0.27855,-1.05191,0.25656,31.2537591,75.7045013,0.970,50.10
310.450,-2.14999,3.04064,5.68384,0.25901,0.60720,0.60964,31.2537591,75.7045013,0.970,50.10
310.554,-0.08140,2.68629,6.67982,-0.00733,0.84788,1.03603,31.2537591,75.7045013,0.970,50.10
310.657,1.09176,3.41892,9.21768,-0.59132,0.76114,1.08245,31.2537591,75.7045013,0.970,50.10
310.765,2.20745,5.34865,11.43950,0.28466,0.49602,-0.01222,31.2537591,75.7045013,0.970,50.10
310.869,1.47962,2.68151,16.08904,0.30299,-0.43616,-0.26023,31.2537591,75.7045013,0.970,50.10
310.973,1.14443,3.05021,6.89051,1.34757,-0.08796,-0.93096,31.2537591,75.7045013,0.970,50.10
311.077,0.80445,2.04465,6.36379,0.31765,-0.73670,-0.60598,31.2537591,75.7045013,0.970,50.10
311.180,-0.03352,3.05979,7.20655,-0.07941,-0.67317,-0.48014,31.2537670,75.7045088,1.030,43.90
311.282,-1.15879,3.69665,10.58716,-0.47403,0.02688,-0.03543,31.2537670,75.7045088,1.030,43.90
311.385,-0.92895,4.78362,10.93192,-1.07146,0.85155,0.55344,31.2537670,75.7045088,1.030,43.90
311.488,-0.85234,2.71981,9.72046,0.04398,-0.90164,-0.04276,31.2537670,75.7045088,1.030,43.90
311.593,-1.83875,3.36625,5.67905,0.16738,0.90286,0.40317,31.2537670,75.7045088,1.030,43.90
311.698,0.00000,3.45244,6.92882,-0.01588,0.45693,0.82345,31.2537670,75.7045088,1.030,43.90
311.802,1.53708,4.13239,9.66300,-0.28588,-0.05009,0.35308,31.2537670,75.7045088,1.030,43.90
311.908,0.61770,6.18662,11.09473,0.32254,0.42028,-0.28833,31.2537670,75.7045088,1.030,43.90
312.010,0.97683,3.49075,15.57189,0.11851,-0.69028,-0.26512,31.2537670,75.7045088,1.030,43.90
312.114,0.58897,3.52905,7.88650,1.45142,0.23213,-0.96028,31.2537670,75.7045088,1.030,43.90
312.217,-0.51715,2.37505,6.11958,0.26512,-0.89675,-0.30788,31.2537746,75.7045165,1.010,47.00
312.319,-1.24977,3.13640,5.78918,0.24923,0.07208,-0.10507,31.2537746,75.7045165,1.010,47.00
312.422,-0.82361,4.26168,8.79151,-0.66096,0.67562,0.17959,31.2537746,75.7045165,1.010,47.00
312.525,-2.34153,3.94564,13.92947,-2.00730,1.35490,0.75136,31.2537746,75.7045165,1.010,47.00
312.630,-1.20668,3.25133,9.78750,0.37141,-0.59132,-0.00611,31.2537746,75.7045165,1.010,47.00
312.733,-2.28407,3.21302,5.59285,-0.03787,0.15394,0.56688,31.2537746,75.7045165,1.010,47.00
312.836,-0.38307,3.78284,5.57370,-0.10507,0.75381,0.94928,31.2537746,75.7045165,1.010,47.00
312.940,1.61848,4.33829,11.33415,-0.52779,0.06597,0.54245,31.2537746,75.7045165,1.010,47.00
313.043,-0.07183,6.61278,11.23359,0.34208,0.19303,-0.28955,31.2537746,75.7045165,1.010,47.00
313.145,0.73741,2.67672,12.81856,0.69883,-1.54549,-0.59743,31.2537746,75.7045165,1.010,47.00
313.252,-0.60813,3.52426,6.98149,0.86743,0.56444,-0.68661,31.2537821,75.7045256,1.010,44.40
313.356,0.55545,1.93451,5.99508,0.08308,-1.39888,-0.70738,31.2537821,75.7045256,1.010,44.40
313.460,-0.61770,3.62961,6.43561,0.36285,0.31643,-0.55467,31.2537821,75.7045256,1.010,44.40
313.563,-0.98162,4.72615,10.80264,-0.46426,0.11606,0.05620,31.2537821,75.7045256,1.010,44.40
313.670,-2.87304,2.93050,16.37155,-1.64689,0.17715,0.33353,31.2537821,75.7045256,1.010,44.40
313.774,-3.56257,3.37104,6.36858,1.60413,0.30543,-0.36774,31.2537821,75.7045256,1.010,44.40
313.876,-1.27372,3.60088,5.60722,-0.28833,0.33720,0.84422,31.2537821,75.7045256,1.010,44.40
313.980,-0.18675,4.19464,6.69898,-0.13561,0.70494,0.85643,31.2537821,75.7045256,1.010,44.40
314.085,0.33519,5.32949,8.84418,-0.29077,-0.21625,0.21380,31.2537821,75.7045256,1.010,44.40
314.189,1.22583,7.79073,9.67736,-0.30665,-0.16371,0.07330,31.2537902,75.7045336,1.080,42.40
314.291,0.99599,3.84509,13.98214,0.30177,-0.64019,-0.27978,31.2537902,75.7045336,1.080,42.40
314.395,0.12929,3.41892,8.24084,1.06046,-0.14661,-0.84177,31.2537902,75.7045336,1.080,42.40
314.498,-0.94332,2.45166,6.79953,0.90042,-0.76847,-0.69272,31.2537902,75.7045336,1.080,42.40
314.602,-0.33040,3.42850,4.66869,0.35552,-0.21625,-0.23091,31.2537902,75.7045336,1.080,42.40
314.707,-2.14520,4.21380,10.35253,-1.24983,1.20340,-0.14783,31.2537902,75.7045336,1.080,42.40
314.811,-2.89220,4.86981,12.99573,-1.79350,0.15149,0.24312,31.2537902,75.7045336,1.080,42.40
314.916,-2.31280,4.35745,7.19697,0.03665,-0.25168,-0.06109,31.2537902,75.7045336,1.080,42.40
315.021,-1.54187,3.78763,5.87537,-0.26023,0.76725,0.58521,31.2537902,75.7045336,1.080,42.40
315.124,-0.57940,3.71580,8.83460,-0.23457,0.51924,0.72571,31.2537902,75.7045336,1.080,42.40
315.228,-0.75657,4.43406,11.01333,0.13928,-0.21380,0.19548,31.2537982,75.7045424,1.120,40.20
315.331,-0.36871,7.23049,10.84573,-0.43127,0.32132,-0.09041,31.2537982,75.7045424,1.120,40.20
315.435,0.92895,3.07894,11.59751,1.02503,-1.38666,-0.69394,31.2537982,75.7045424,1.120,40.20
315.539,-0.44053,2.59053,7.13472,0.57544,0.02199,-0.57910,31.2537982,75.7045424,1.120,40.20
315.643,0.03831,2.72939,5.84664,0.25901,-0.48747,-0.63286,31.2537982,75.7045424,1.120,40.20
315.748,-1.38864,4.15633,8.21690,-0.21502,0.17104,-0.38118,31.2537982,75.7045424,1.120,40.20
315.852,-2.19788,4.92248,9.94073,-0.83200,0.17226,0.21014,31.2537982,75.7045424,1.120,40.20
315.957,-2.99275,1.30723,14.44661,-0.96517,-0.98227,0.47159,31.2537982,75.7045424,1.120,40.20
316.061,-2.75812,3.24654,5.75087,0.69394,0.78557,-0.09774,31.2537982,75.7045424,1.120,40.20
316.166,-1.24020,3.21302,6.76601,-0.03910,0.46792,0.79168,31.2537982,75.7045424,1.120,40.20
316.270,-0.18675,4.20901,9.33739,-0.17959,0.43860,0.48625,31.2538070,75.7045501,1.210,40.90
316.374,-1.45089,5.23851,10.54885,0.50580,0.27855,-0.02932,31.2538070,75.7045501,1.210,40.90
316.476,0.27294,5.83228,11.82257,-0.95417,-0.21258,0.13195,31.2538070,75.7045501,1.210,40.90
316.582,1.38385,3.40934,9.78271,0.88698,-0.58399,-0.84666,31.2538070,75.7045501,1.210,40.90
316.687,-1.40300,2.21703,6.24887,0.17471,-0.49236,-0.20036,31.2538070,75.7045501,1.210,40.90
316.791,-0.56503,1.95846,6.30154,0.24435,-0.35308,-0.36652,31.2538070,75.7045501,1.210,40.90
316.895,-1.35991,3.62003,9.34696,-0.32987,0.36408,-0.31154,31.2538070,75.7045501,1.210,40.90
316.999,-2.22661,3.43329,11.99974,-1.74707,0.28222,0.68906,31.2538070,75.7045501,1.210,40.90
317.105,-1.69988,1.74298,9.80665,-0.49724,-1.68843,0.41783,31.2538070,75.7045501,1.210,40.90
317.209,-1.89621,2.53785,5.40132,0.09285,0.96639,0.64507,31.2538170,75.7045592,1.210,37.70
317.311,-0.25857,2.52349,7.51779,0.30665,1.20829,0.88087,31.2538170,75.7045592,1.210,37.70
317.414,-0.53630,3.46680,9.27514,-0.43860,0.28711,0.81001,31.2538170,75.7045592,1.210,37.70
317.519,1.66158,4.75010,10.80743,-0.30788,-0.62675,0.05986,31.2538170,75.7045592,1.210,37.70
317.622,-0.35434,1.34075,16.36197,-0.08796,-0.27122,-0.31276,31.2538170,75.7045592,1.210,37.70
317.727,-0.45011,1.92015,6.91445,1.09956,0.44471,-1.11177,31.2538170,75.7045592,1.210,37.70
317.832,0.30646,1.38864,5.83706,0.14294,-1.10322,-0.80756,31.2538170,75.7045592,1.210,37.70
317.935,-0.45011,2.70545,7.87214,0.00489,0.02810,-0.50946,31.2538170,75.7045592,1.210,37.70
318.038,-1.30723,2.71981,12.48337,-0.45693,0.08308,0.07697,31.2538170,75.7045592,1.210,37.70
318.142,-3.60088,1.84354,15.23670,-1.46730,1.11666,0.75136,31.2538170,75.7045592,1.210,37.70
318.246,-1.60412,2.93529,6.71813,0.75259,0.69028,-0.18815,31.2538250,75.7045662,1.160,32.10
318.348,-0.21069,2.34153,7.58962,0.06353,0.06720,0.44960,31.2538250,75.7045662,1.160,32.10
318.451,-0.91459,3.05979,7.70454,0.36408,0.78313,0.19792,31.2538250,75.7045662,1.160,32.10
318.554,-1.01514,3.10289,10.91756,0.12950,-1.03114,0.07697,31.2538250,75.7045662,1.160,32.10
318.657,-0.26815,4.03184,12.13381,-1.07512,0.81245,0.17104,31.2538250,75.7045662,1.160,32.10
318.761,2.12126,1.77171,9.53850,-0.20036,-1.58458,-0.55833,31.2538250,75.7045662,1.160,32.10
318.865,-0.37350,1.39343,9.14106,0.68906,0.00977,-0.49114,31.2538250,75.7045662,1.160,32.10
318.968,1.30245,2.29365,6.64630,0.12828,-0.16860,-0.36896,31.2538250,75.7045662,1.160,32.10
319.075,1.69509,2.80122,9.15543,-0.57421,-0.35919,-0.43860,31.2538250,75.7045662,1.160,32.10
319.178,-0.34477,2.68629,13.70441,-0.12706,0.74281,-0.77580,31.2538353,75.7045735,1.120,34.80
319.280,-4.16591,-0.72784,12.59350,0.05620,-0.21014,0.00367,31.2538353,75.7045735,1.120,34.80
319.383,-2.02549,1.27850,4.19943,0.11973,0.03543,0.82467,31.2538353,75.7045735,1.120,34.80
319.486,0.85712,1.86269,7.07247,-0.22358,0.00367,0.71593,31.2538353,75.7045735,1.120,34.80
319.593,-0.19632,3.39977,7.86256,-0.19303,0.34453,0.51679,31.2538353,75.7045735,1.120,34.80
319.697,-0.09098,3.05500,15.78258,-0.13195,-0.17837,0.26389,31.2538353,75.7045735,1.120,34.80
319.800,0.21069,2.76770,14.72434,0.10873,-0.04887,0.26512,31.2538353,75.7045735,1.120,34.80
319.903,1.89621,1.28329,8.08761,1.53572,-0.10751,-0.96028,31.2538353,75.7045735,1.120,34.80
320.008,0.29688,1.69509,6.06691,0.32987,-0.43249,-0.27855,31.2538353,75.7045735,1.120,34.80
320.113,0.11492,2.83473,6.09085,0.53634,0.44471,-0.35430,31.2538353,75.7045735,1.120,34.80
320.217,-0.37350,3.41413,8.26000,-0.59620,0.15882,0.17959,31.2538436,75.7045806,1.050,37.00
320.319,-1.92015,3.08373,12.74673,-0.53756,0.83078,0.14905,31.2538436,75.7045806,1.050,37.00
320.422,-3.05021,0.33998,13.37401,-0.57421,-0.40806,0.18448,31.2538436,75.7045806,1.050,37.00
320.527,-3.03106,3.54342,6.54575,-0.30788,0.86376,0.24557,31.2538436,75.7045806,1.050,37.00
320.630,-1.37427,3.34231,7.84819,0.04520,0.36774,0.84666,31.2538436,75.7045806,1.050,37.00
320.734,-1.05824,2.45166,6.73728,-0.43738,-0.02077,1.17653,31.2538436,75.7045806,1.050,37.00
320.837,0.44532,3.80678,11.92791,-0.10018,-0.19792,-0.05864,31.2538436,75.7045806,1.050,37.00
320.940,-0.75657,5.77481,17.27656,0.69761,0.93340,-0.28466,31.2538436,75.7045806,1.050,37.00
321.042,-0.22027,2.70066,8.86812,1.74830,-1.42087,-0.59620,31.2538436,75.7045806,1.050,37.00
321.145,-0.77093,1.52750,6.62236,0.94440,-0.14294,-0.47892,31.2538436,75.7045806,1.050,37.00
321.251,-0.52194,2.23140,4.89375,0.47403,-0.54000,-1.08001,31.2538520,75.7045871,1.030,35.40
321.355,-1.69509,4.04620,6.68940,-0.68783,-0.24679,-0.23091,31.2538520,75.7045871,1.030,35.40
321.459,-2.62883,4.94163,10.66377,-1.61146,1.13865,0.19426,31.2538520,75.7045871,1.030,35.40
321.560,-6.39731,2.59531,15.19360,-2.15025,0.47281,0.48869,31.2538520,75.7045871,1.030,35.40
321.664,-3.87861,1.82438,7.68060,1.14476,0.34331,0.57299,31.2538520,75.7045871,1.030,35.40
321.768,-1.43652,1.52750,5.27203,-0.27978,-0.46059,1.22295,31.2538520,75.7045871,1.030,35.40
321.872,-0.85234,3.13162,7.68539,-0.19059,0.80756,0.78313,31.2538520,75.7045871,1.030,35.40
321.976,-0.83318,4.66391,11.77947,-0.11362,-0.16860,0.03543,31.2538520,75.7045871,1.030,35.40
322.079,-0.94810,6.72292,12.50731,-0.86376,0.32376,0.02199,31.2538520,75.7045871,1.030,35.40
322.182,0.11013,2.45166,12.57914,1.34513,-1.35490,-0.41661,31.2538596,75.7045939,0.950,42.50
322.286,-0.36871,1.92494,7.19218,1.26938,-0.32498,-0.65851,31.2538596,75.7045939,0.950,42.50
322.389,0.00479,1.73340,5.29119,0.94318,-0.82222,-0.96761,31.2538596,75.7045939,0.950,42.50
322.493,-1.94888,4.55856,6.54096,0.31521,-0.01466,-0.37018,31.2538596,75.7045939,0.950,42.50
322.597,-2.35589,5.01825,11.39640,-1.05069,0.22846,0.45693,31.2538596,75.7045939,0.950,42.50
322.701,-1.95846,2.75812,13.36922,-1.13499,-0.56077,0.29322,31.2538596,75.7045939,0.950,42.50
322.805,-3.32315,4.11803,5.94241,0.40073,0.76480,-0.01466,31.2538596,75.7045939,0.950,42.50
322.909,-1.06303,3.91691,4.77404,-0.17715,-0.05620,0.99571,31.2538596,75.7045939,0.950,42.50
323.014,0.66080,4.04141,8.94953,-0.66829,-0.09163,1.08245,31.2538596,75.7045939,0.950,42.50
323.118,0.98162,5.58328,11.22881,0.21747,-0.33964,-0.46304,31.2538596,75.7045939,0.950,42.50
323.223,1.32160,5.56412,16.53436,-0.59376,0.60476,-0.16249,31.2538677,75.7046005,1.080,37.40
323.326,1.98240,2.64320,11.14740,1.93033,-0.44349,-1.28282,31.2538677,75.7046005,1.080,37.40
323.428,-0.54588,1.63763,5.89452,1.41232,-0.86987,-0.75625,31.2538677,75.7046005,1.080,37.40
323.532,-1.13485,2.71502,3.83072,0.81245,-0.05498,-0.50580,31.2538677,75.7046005,1.080,37.40
323.637,-1.60412,4.36224,5.61680,-1.61635,-0.03176,0.40928,31.2538677,75.7046005,1.080,37.40
323.741,-2.89220,4.58729,14.42267,-3.05066,1.52228,0.55222,31.2538677,75.7046005,1.080,37.40
323.844,-2.67193,3.33752,12.63660,0.54978,-0.40439,0.10385,31.2538677,75.7046005,1.080,37.40
323.947,-2.23618,3.26569,4.48195,0.29322,0.48991,0.89919,31.2538677,75.7046005,1.080,37.40
324.052,-0.12929,3.14119,5.05177,-0.12217,0.70983,1.39766,31.2538677,75.7046005,1.080,37.40
324.158,1.37427,3.97437,10.84095,-0.67317,-0.05131,0.81489,31.2538677,75.7046005,1.080,37.40
324.262,2.13563,6.70376,13.88637,-0.52779,-0.14661,-0.49724,31.2538771,75.7046067,1.080,30.90
324.368,1.28329,2.33674,13.59907,1.41476,-1.12766,-1.32680,31.2538771,75.7046067,1.080,30.90
324.474,-0.73741,2.37505,6.57927,1.73364,-0.05131,-1.29381,31.2538771,75.7046067,1.080,30.90
324.578,-0.21548,3.31836,4.33829,0.53390,-0.77091,-0.54611,31.2538771,75.7046067,1.080,30.90
324.682,-0.19154,4.92727,8.12113,-0.17226,0.03910,-0.14539,31.2538771,75.7046067,1.080,30.90
324.786,-0.86670,5.88495,8.81545,-0.48991,-0.15027,0.26756,31.2538771,75.7046067,1.080,30.90
324.891,-1.53708,2.75812,14.17846,-1.05313,-0.47892,0.75136,31.2538771,75.7046067,1.080,30.90
324.996,-1.62327,4.54898,3.83551,0.61697,0.49236,-0.18937,31.2538771,75.7046067,1.080,30.90
325.100,-0.13886,4.15155,6.11000,-0.14783,0.67440,0.67684,31.2538771,75.7046067,1.080,30.90
325.203,0.20111,4.38618,8.90643,-0.71349,0.12950,0.89186,31.2538846,75.7046112,0.930,28.40
325.306,1.67594,6.56011,9.00699,-0.17959,-0.58032,-0.13806,31.2538846,75.7046112,0.930,28.40
325.409,1.96803,3.13640,20.21185,-0.45082,0.23457,-0.10873,31.2538846,75.7046112,0.930,28.40
325.511,2.33195,2.63841,7.54174,2.16979,-0.60109,-1.79717,31.2538846,75.7046112,0.930,28.40
325.616,-0.27773,2.92093,4.77883,1.14598,-0.48503,-0.76603,31.2538846,75.7046112,0.930,28.40
325.719,0.67995,3.27527,6.26802,0.11362,-0.38851,-0.23213,31.2538846,75.7046112,0.930,28.40
325.823,0.05267,6.03818,9.24641,-0.56810,-0.13806,0.07330,31.2538846,75.7046112,0.930,28.40
325.927,-1.58975,6.31112,11.50653,-1.89124,0.89309,0.84910,31.2538846,75.7046112,0.930,28.40
326.031,-1.16358,3.90255,8.68138,0.61820,-0.37385,0.04520,31.2538846,75.7046112,0.930,28.40
326.138,-0.63686,4.22337,4.52983,-0.08430,0.71105,0.76358,31.2538846,75.7046112,0.930,28.40
326.241,1.38385,4.61602,6.90009,-0.38240,0.79046,0.98838,31.2538931,75.7046182,1.060,29.50
326.344,3.31836,5.79876,10.29986,-0.11240,-0.83444,0.44471,31.2538931,75.7046182,1.060,29.50
326.447,4.27126,8.23127,11.19529,-0.73793,0.32742,-0.00977,31.2538931,75.7046182,1.060,29.50
326.549,2.68151,2.93529,11.06121,1.33902,-0.76603,-1.38911,31.2538931,75.7046182,1.060,29.50
326.654,-0.08140,2.94008,4.63517,0.97616,-0.16616,-1.06779,31.2538931,75.7046182,1.060,29.50
326.759,1.18752,3.49075,5.22894,-0.10996,-0.37751,-0.47892,31.2538931,75.7046182,1.060,29.50
326.863,0.38786,5.53061,11.12825,-0.78924,0.70983,-0.23579,31.2538931,75.7046182,1.060,29.50
326.967,-1.19710,7.13472,10.86968,-0.69883,0.66096,0.64507,31.2538931,75.7046182,1.060,29.50
327.071,-0.54109,3.87382,8.57603,0.16982,-0.43371,0.25168,31.2538931,75.7046182,1.060,29.50
327.175,-0.82361,4.16112,5.25767,-0.41294,0.44715,0.46670,31.2539023,75.7046244,1.140,30.80
327.278,-0.13408,3.76847,6.42125,0.07697,0.69272,0.53756,31.2539023,75.7046244,1.140,30.80
327.382,1.47962,4.53941,10.56322,-0.48747,-0.25779,0.50824,31.2539023,75.7046244,1.140,30.80
327.485,2.22661,6.96234,9.02135,-0.24679,-0.23702,-0.30665,31.2539023,75.7046244,1.140,30.80
327.590,2.35589,2.78685,14.09706,-0.05253,-0.96150,-0.92363,31.2539023,75.7046244,1.140,30.80
327.695,0.23942,3.39019,7.33583,1.22906,0.56200,-1.33046,31.2539023,75.7046244,1.140,30.80
327.799,0.76136,2.81079,4.92248,0.17959,-0.84666,-0.35064,31.2539023,75.7046244,1.140,30.80
327.903,1.20668,3.74453,8.05409,-0.14783,-0.01100,-0.36530,31.2539023,75.7046244,1.140,30.80
328.008,-0.15802,4.36702,12.27747,-0.23091,-0.66096,-0.21014,31.2539023,75.7046244,1.140,30.80
328.111,-1.42216,2.46603,12.77067,-1.16920,0.06964,0.55344,31.2539023,75.7046244,1.140,30.80
328.214,-1.98240,3.38540,7.97748,0.16249,0.40317,-0.15149,31.2539119,75.7046320,1.220,34.80
328.317,0.00479,3.13162,7.08684,-0.24435,0.17959,0.53267,31.2539119,75.7046320,1.220,34.80
328.421,-0.17717,3.66792,6.46434,0.02443,0.75625,0.88209,31.2539119,75.7046320,1.220,34.80
328.526,2.13563,3.95043,10.59195,-0.53634,-0.33964,0.53878,31.2539119,75.7046320,1.220,34.80
328.631,2.74854,5.48272,14.10185,-0.77458,0.18692,-0.01955,31.2539119,75.7046320,1.220,34.80
328.738,2.19309,1.60890,9.97424,0.77702,-0.97250,-1.13865,31.2539119,75.7046320,1.220,34.80
328.844,0.76614,1.27372,5.79397,0.00000,-0.85765,-0.53634,31.2539119,75.7046320,1.220,34.80
328.949,1.18752,1.97282,5.98550,0.21136,-0.17471,-0.80390,31.2539119,75.7046320,1.220,34.80
329.050,0.56024,3.10289,10.50097,-0.45571,-0.04276,-0.11973,31.2539119,75.7046320,1.220,34.80
329.153,0.23942,2.56180,11.11867,-1.19241,-0.12462,0.94562,31.2539119,75.7046320,1.220,34.80
329.256,-1.73340,0.13408,12.23916,-0.78557,-0.52412,0.99815,31.2539221,75.7046387,1.150,37.80
329.362,0.84755,0.99599,7.78116,-0.05009,-0.20647,0.97372,31.2539221,75.7046387,1.150,37.80
329.466,1.38864,1.96803,7.53695,0.82467,1.68599,0.81245,31.2539221,75.7046387,1.150,37.80
329.570,2.74854,2.35589,9.62469,0.02566,-0.54489,0.87232,31.2539221,75.7046387,1.150,37.80
329.675,5.31034,4.30477,10.07959,0.51557,0.03054,-0.43249,31.2539221,75.7046387,1.150,37.80
329.780,5.49230,1.25935,15.47612,0.70127,-0.87842,-0.52534,31.2539221,75.7046387,1.150,37.80
329.884,1.89621,0.79009,7.25922,0.99327,-0.23702,-1.72753,31.2539221,75.7046387,1.150,37.80
329.989,2.09253,0.10534,5.48751,-0.22602,-1.08978,-1.48318,31.2539221,75.7046387,1.150,37.80
330.094,-0.09577,2.65278,7.56568,0.09529,1.09956,-0.71960,31.2539221,75.7046387,1.150,37.80
330.197,-4.55856,5.37738,13.57034,0.36530,2.61573,3.79836,31.2539313,75.7046460,1.140,36.70
330.300,-4.23774,4.70700,13.93904,-0.87354,0.30055,1.06291,31.2539313,75.7046460,1.140,36.70
330.403,-1.08697,3.71101,7.14430,1.10811,-1.55648,0.71471,31.2539313,75.7046460,1.140,36.70
330.505,0.08140,1.24020,7.22570,1.51372,0.77946,0.37018,31.2539313,75.7046460,1.140,36.70
330.610,-1.82438,4.78362,4.76925,-1.38544,0.99082,0.07453,31.2539313,75.7046460,1.140,36.70
330.715,2.74376,3.50990,13.09149,-0.56200,-0.17349,1.01281,31.2539313,75.7046460,1.140,36.70
330.819,5.86101,5.61201,10.80264,0.43249,-0.85032,-1.26571,31.2539313,75.7046460,1.140,36.70
330.923,3.12683,2.26970,11.34373,0.67684,0.37141,-1.70309,31.2539313,75.7046460,1.140,36.70
331.027,0.85234,-0.52194,6.53138,0.08308,-0.21747,-2.69636,31.2539313,75.7046460,1.140,36.70
331.132,-1.04866,1.25456,4.92727,-0.24435,-1.19852,-2.56808,31.2539313,75.7046460,1.140,36.70
331.235,-1.96325,2.96402,12.11945,-2.53143,-2.89061,-0.29077,31.2539390,75.7046541,1.010,43.60
331.337,-0.51236,4.41970,12.71321,1.32924,-0.34453,-0.00977,31.2539390,75.7046541,1.010,43.60
331.439,0.23942,4.15155,14.09706,1.70676,1.36712,0.55589,31.2539390,75.7046541,1.010,43.60
331.544,0.80924,2.38462,8.80109,2.05373,-0.12217,0.17959,31.2539390,75.7046541,1.010,43.60
331.648,0.96247,2.88262,4.57293,0.87842,1.48929,0.51313,31.2539390,75.7046541,1.010,43.60
331.752,0.65122,5.83706,4.27604,-0.01344,0.19426,0.40317,31.2539390,75.7046541,1.010,43.60
331.855,2.16436,6.11000,9.93594,-1.69943,0.01588,-0.63897,31.2539390,75.7046541,1.010,43.60
331.959,2.14520,4.22337,16.01242,-1.07757,-0.80756,0.07086,31.2539390,75.7046541,1.010,43.60
332.063,2.97839,4.63996,5.25288,0.40195,-0.91141,-0.79168,31.2539390,75.7046541,1.010,43.60
332.166,-0.20590,3.07894,6.22971,-0.40439,-0.28588,-1.10811,31.2539390,75.7046541,1.010,43.60
332.270,-0.85234,5.53061,6.33985,0.21136,-2.01097,-0.28222,31.2539467,75.7046619,1.070,41.70
332.372,2.40378,7.02938,12.75152,-0.59498,-0.06964,0.28588,31.2539467,75.7046619,1.070,41.70
332.477,-0.04788,5.55455,13.18247,-0.44838,-0.39951,-0.30788,31.2539467,75.7046619,1.070,41.70
332.582,-1.43173,3.09810,7.73806,0.74403,0.73915,0.76358,31.2539467,75.7046619,1.070,41.70
332.688,0.24421,1.91057,5.26246,0.61331,0.15638,1.11055,31.2539467,75.7046619,1.070,41.70
332.792,3.16035,4.74531,6.17704,0.16371,0.10507,1.06046,31.2539467,75.7046619,1.070,41.70
332.896,4.44364,5.12359,10.21366,-0.85399,0.51068,0.15882,31.2539467,75.7046619,1.070,41.70
332.999,4.18985,4.75488,8.17859,-0.59376,-0.93951,0.18937,31.2539467,75.7046619,1.070,41.70
333.103,6.12916,2.82516,12.10987,-0.79901,1.33657,-0.49602,31.2539467,75.7046619,1.070,41.70
333.209,2.04465,2.48039,7.05811,-0.14539,-0.57910,-1.16920,31.2539568,75.7046688,1.060,32.80
333.313,1.14443,3.69665,7.17303,0.02566,-0.81612,-0.56444,31.2539568,75.7046688,1.060,32.80
333.416,1.90578,4.81235,9.99819,-0.85155,0.69516,-0.85032,31.2539568,75.7046688,1.060,32.80
333.519,-0.05267,3.91213,10.19930,0.99327,-0.50213,0.11973,31.2539568,75.7046688,1.060,32.80
333.622,1.25456,3.04542,12.84729,0.21869,0.08063,0.32987,31.2539568,75.7046688,1.060,32.80
333.726,1.41737,3.51948,9.44752,0.68783,-0.28466,0.43371,31.2539568,75.7046688,1.060,32.80
333.829,1.09176,2.70545,5.69820,0.60109,0.89553,0.33964,31.2539568,75.7046688,1.060,32.80
333.936,1.72383,4.29520,6.98628,0.28100,-0.09041,0.29444,31.2539568,75.7046688,1.060,32.80
334.041,2.36547,4.94163,11.02769,-0.24435,0.29444,0.00244,31.2539568,75.7046688,1.060,32.80
334.145,3.35188,3.97437,11.31979,-0.76358,-0.38362,-0.48258,31.2539568,75.7046688,1.060,32.80
334.250,2.52349,3.75890,4.00789,0.74526,-0.30788,0.06720,31.2539654,75.7046753,0.950,35.20
334.353,2.35111,3.42850,6.54575,-0.77946,-0.27978,-0.54367,31.2539654,75.7046753,0.950,35.20
334.456,1.90100,4.37181,7.45076,-0.39584,-1.37933,-0.55100,31.2539654,75.7046753,0.950,35.20
334.562,0.66080,5.58328,10.69729,-0.69272,-0.15882,-0.27367,31.2539654,75.7046753,0.950,35.20
334.667,0.55067,6.53617,11.20008,-0.80756,0.43738,0.42028,31.2539654,75.7046753,0.950,35.20
334.775,0.10534,2.63362,8.28394,0.99082,0.75136,0.98594,31.2539654,75.7046753,0.950,35.20
334.878,0.32082,1.43173,6.85699,1.04214,0.72571,0.90042,31.2539654,75.7046753,0.950,35.20
334.981,1.37906,3.46680,4.81235,0.83322,-0.31276,1.03114,31.2539654,75.7046753,0.950,35.20
335.087,4.24253,4.35745,10.14663,-0.50213,-0.22358,0.73793,31.2539654,75.7046753,0.950,35.20
335.191,4.40533,5.06613,8.43238,-0.70738,0.27855,-0.03054,31.2539734,75.7046818,1.060,34.50
335.293,4.30956,1.87227,10.15620,-0.39584,1.33779,-0.28588,31.2539734,75.7046818,1.060,34.50
335.395,3.15077,3.01669,4.90811,-0.18570,-0.07697,-0.93462,31.2539734,75.7046818,1.060,34.50
335.498,1.79565,3.99353,7.09163,-0.25901,-1.03358,-1.13743,31.2539734,75.7046818,1.060,34.50
335.602,1.46046,4.02705,12.21043,-0.99449,-0.03299,-0.55344,31.2539734,75.7046818,1.060,34.50
335.708,1.21147,6.40210,9.92636,0.50946,0.04520,0.32498,31.2539734,75.7046818,1.060,34.50
335.811,0.57461,3.26569,12.94305,0.77702,0.81245,-0.03543,31.2539734,75.7046818,1.060,34.50
335.915,-0.64165,2.17394,8.84418,1.47585,-0.15149,0.37385,31.2539734,75.7046818,1.060,34.50
336.021,0.03831,2.65278,5.20978,1.11177,0.23824,0.43249,31.2539734,75.7046818,1.060,34.50
336.126,1.29766,4.59208,5.57370,-0.11362,0.63652,0.30665,31.2539734,75.7046818,1.060,34.50
336.230,3.03106,5.56412,9.84496,-0.70005,-0.02566,0.15394,31.2539811,75.7046891,1.010,41.30
336.332,3.96480,6.00945,9.97903,-1.42454,-0.63408,-0.07086,31.2539811,75.7046891,1.010,41.30
336.435,2.63841,4.43885,4.62081,0.61942,-0.27489,-0.38362,31.2539811,75.7046891,1.010,41.30
336.537,2.07817,2.83952,7.41245,-0.78313,-0.50091,-1.32802,31.2539811,75.7046891,1.010,41.30
336.641,-0.31603,3.79720,7.19218,-0.45204,-0.95295,-1.09589,31.2539811,75.7046891,1.010,41.30
336.744,-0.11971,5.60722,10.64941,-0.58399,-0.43249,-0.25534,31.2539811,75.7046891,1.010,41.30
336.849,-0.08140,6.31112,12.53604,-0.51924,-0.15027,0.44471,31.2539811,75.7046891,1.010,41.30
336.953,-0.38786,2.25534,10.09395,1.50029,1.19363,1.12521,31.2539811,75.7046891,1.010,41.30
337.058,0.82361,2.27449,7.32147,1.27671,-0.07330,1.25594,31.2539811,75.7046891,1.010,41.30
337.161,0.56982,3.07416,5.79397,0.71716,0.73182,0.91019,31.2539811,75.7046891,1.010,41.30
337.265,2.37505,4.92248,9.73004,-0.19426,-0.02566,0.61087,31.2539879,75.7046977,0.930,46.40
337.367,4.19943,5.17148,6.92403,0.24190,1.11055,0.43371,31.2539879,75.7046977,0.930,46.40
337.469,5.50666,2.28886,14.13537,-0.48136,1.08856,0.09652,31.2539879,75.7046977,0.930,46.40
337.573,3.88340,4.23774,3.95522,0.38851,-0.21258,-0.11484,31.2539879,75.7046977,0.930,46.40
337.677,1.38385,4.45800,5.50666,-0.37751,-0.43860,-0.82222,31.2539879,75.7046977,0.930,46.40
337.781,1.30723,5.73651,9.46667,-0.56444,-0.67317,-0.47403,31.2539879,75.7046977,0.930,46.40
337.885,0.29688,6.81869,11.08994,0.28955,0.63530,0.02199,31.2539879,75.7046977,0.930,46.40
337.990,-0.01915,4.32872,15.35162,0.23335,-0.14661,0.08186,31.2539879,75.7046977,0.930,46.40
338.093,0.21069,4.29999,9.84496,0.85521,0.04643,0.69028,31.2539879,75.7046977,0.930,46.40
338.198,0.91937,2.37984,3.97437,1.40499,1.43553,0.69639,31.2539958,75.7047044,1.020,36.80
338.302,0.22027,4.85065,3.94086,0.22846,0.53878,0.18815,31.2539958,75.7047044,1.020,36.80
338.406,0.97683,7.10120,7.27358,-0.56322,-0.14661,0.31032,31.2539958,75.7047044,1.020,36.80
338.508,1.87227,8.03015,7.76200,-1.24617,0.25534,-0.21258,31.2539958,75.7047044,1.020,36.80
338.611,2.45166,4.60644,8.01100,0.43371,0.82222,-0.08552,31.2539958,75.7047044,1.020,36.80
338.715,1.94888,3.56257,6.41646,-0.08919,-0.52290,-0.93218,31.2539958,75.7047044,1.020,36.80
338.820,-0.74220,4.60166,5.93762,-0.37263,-0.80268,-0.85888,31.2539958,75.7047044,1.020,36.80
338.924,-0.43574,6.96713,12.99573,-0.50091,-0.46181,-0.18570,31.2539958,75.7047044,1.020,36.80
339.029,-1.63285,7.39808,12.67490,-0.30177,0.05376,0.16493,31.2539958,75.7047044,1.020,36.80
339.134,-3.43329,5.99508,9.70131,1.16309,1.06901,0.39828,31.2539958,75.7047044,1.020,36.80
339.237,0.04310,6.09564,8.03015,1.51250,-0.40073,0.68417,31.2540053,75.7047110,1.040,31.60
339.339,5.50666,4.87459,3.50990,1.76418,-0.67928,-0.46304,31.2540053,75.7047110,1.040,31.60
339.441,-1.61848,3.84509,5.55455,-0.54000,1.31825,-1.67866,31.2540053,75.7047110,1.040,31.60
339.545,-1.06303,9.33260,6.93840,0.25290,-1.00304,0.14050,31.2540053,75.7047110,1.040,31.60
339.651,0.94810,6.54575,8.98783,-0.58154,-0.54245,0.48869,31.2540053,75.7047110,1.040,31.60
339.753,0.45490,6.82347,2.37505,0.27978,-0.35675,0.04154,31.2540053,75.7047110,1.040,31.60
339.856,0.00479,7.97269,5.30076,-0.40561,-0.75381,-0.22235,31.2540053,75.7047110,1.040,31.60
339.960,-0.76136,8.24084,5.26246,-0.00855,-0.24068,-0.16738,31.2540053,75.7047110,1.040,31.60
340.063,1.36469,9.38527,8.33182,0.06720,-0.62064,0.30055,31.2540053,75.7047110,1.040,31.60
340.165,-0.88107,7.47470,7.04853,-1.42087,-0.29077,-0.01588,31.2540053,75.7047110,1.040,31.60
340.268,-0.80924,6.22014,5.15711,-0.34819,0.03054,0.22358,31.2540131,75.7047162,0.800,32.80
340.370,-0.34955,5.21936,5.36301,0.09896,0.49969,0.51801,31.2540131,75.7047162,0.800,32.80
340.472,0.06225,6.03339,5.43484,-0.11240,-0.00733,0.52412,31.2540131,75.7047162,0.800,32.80
340.577,0.40701,7.06289,8.63349,-0.67928,0.29688,0.44960,31.2540131,75.7047162,0.800,32.80
340.682,4.25210,7.62314,10.14663,-0.36896,0.04154,0.42761,31.2540131,75.7047162,0.800,32.80
340.787,4.91769,3.88818,9.68215,0.82711,0.28100,0.36652,31.2540131,75.7047162,0.800,32.80
340.892,3.14119,4.26647,3.00233,-0.56200,-0.94073,-0.41172,31.2540131,75.7047162,0.800,32.80
340.996,1.79086,4.21380,6.04775,-1.02625,-0.61697,-0.85032,31.2540131,75.7047162,0.800,32.80
341.100,2.36547,5.93283,7.11557,-0.77702,-0.52046,-0.28466,31.2540131,75.7047162,0.800,32.80
341.204,2.61447,7.39329,12.37802,-0.48747,-0.51801,-0.27489,31.2540212,75.7047237,0.920,34.60
341.305,1.86269,5.02304,16.66364,0.18570,-0.49602,-0.31276,31.2540212,75.7047237,0.920,34.60
341.409,0.88585,4.03184,8.51378,1.13743,0.27611,0.22602,31.2540212,75.7047237,0.920,34.60
341.511,0.62249,1.43652,5.05655,0.95784,1.63590,0.21014,31.2540212,75.7047237,0.920,34.60
341.615,-0.10056,3.43329,4.45322,-0.03665,1.17897,0.60720,31.2540212,75.7047237,0.920,34.60
341.719,2.10211,6.41646,7.46033,-0.33842,0.16982,0.66706,31.2540212,75.7047237,0.920,34.60
341.823,6.61757,6.45477,14.24550,-0.60842,-0.60598,0.21380,31.2540212,75.7047237,0.920,34.60
341.926,6.08606,4.24731,5.48272,1.24739,0.50824,-0.25656,31.2540212,75.7047237,0.920,34.60
342.031,2.84431,3.09331,4.27604,-0.90775,-0.24801,-1.17286,31.2540212,75.7047237,0.920,34.60
342.134,1.07260,4.39575,6.53138,-0.25290,-1.34757,-0.79535,31.2540212,75.7047237,0.920,34.60
342.238,0.87149,6.54096,10.42914,-0.60109,0.14783,-0.56322,31.2540313,75.7047314,1.150,35.50
342.341,-0.82361,7.52258,9.68215,-0.39706,0.13561,0.13683,31.2540313,75.7047314,1.150,35.50
342.443,0.79009,4.49631,11.10431,1.13987,0.36652,0.78191,31.2540313,75.7047314,1.150,35.50
342.546,0.79966,2.90177,6.61757,0.51313,0.65851,0.22846,31.2540313,75.7047314,1.150,35.50
342.649,0.88585,4.18028,5.15232,0.68661,0.27733,0.30910,31.2540313,75.7047314,1.150,35.50
342.753,1.15401,5.88974,6.21056,0.36408,0.11973,0.15394,31.2540313,75.7047314,1.150,35.50
342.858,3.32794,6.44040,8.46111,-0.19426,0.21136,0.18692,31.2540313,75.7047314,1.150,35.50
342.962,4.09408,2.73418,17.30050,-0.95661,-0.12828,-0.24557,31.2540313,75.7047314,1.150,35.50
343.066,2.71024,4.33351,3.06937,-0.18692,-0.63774,-0.37629,31.2540313,75.7047314,1.150,35.50
343.171,1.45567,3.96959,6.92403,-0.51191,-0.29077,-0.50091,31.2540393,75.7047362,0.960,35.40
343.273,2.17394,6.22971,9.76834,-0.56566,-0.58643,-0.40561,31.2540393,75.7047362,0.960,35.40
343.376,1.37906,6.44040,10.28549,0.11973,0.13928,0.02321,31.2540393,75.7047362,0.960,35.40
343.478,-0.22984,5.32470,12.30620,-0.33842,-0.42761,0.21380,31.2540393,75.7047362,0.960,35.40
343.586,0.66559,4.82671,9.40921,1.05558,-0.02810,0.80146,31.2540393,75.7047362,0.960,35.40
343.689,1.25935,3.91213,5.04219,0.84422,0.64630,0.12095,31.2540393,75.7047362,0.960,35.40
343.795,1.35033,5.11401,5.52103,0.79290,0.58154,-0.11606,31.2540393,75.7047362,0.960,35.40
343.900,1.92494,6.34463,7.29753,0.21136,-0.08552,0.31765,31.2540393,75.7047362,0.960,35.40
344.005,2.49476,6.48350,5.68384,-0.87476,-0.01344,0.13195,31.2540393,75.7047362,0.960,35.40
344.110,3.38540,4.34308,7.36935,-0.14050,0.97616,0.05620,31.2540393,75.7047362,0.960,35.40
344.217,2.67672,4.44843,6.03818,-0.54611,-0.36774,-0.45571,31.2540490,75.7047416,1.070,28.00
344.320,1.67115,5.36780,5.68862,-0.17959,-0.89675,-0.56444,31.2540490,75.7047416,1.070,28.00
344.422,1.35991,6.26323,9.72046,-0.37996,-0.29932,-0.33475,31.2540490,75.7047416,1.070,28.00
344.525,0.99599,7.19218,10.27112,0.22358,0.10140,0.09285,31.2540490,75.7047416,1.070,28.00
344.628,0.88107,4.28083,11.87524,0.76480,0.65240,0.18692,31.2540490,75.7047416,1.070,28.00
344.734,1.23062,2.94487,9.45710,0.87598,-0.28833,-0.08186,31.2540490,75.7047416,1.070,28.00
344.838,1.14443,3.90734,3.64876,0.63774,0.77336,0.49114,31.2540490,75.7047416,1.070,28.00
344.942,1.09654,6.12437,6.80432,0.17837,-0.03787,0.35308,31.2540490,75.7047416,1.070,28.00
345.047,3.18908,7.41724,9.08839,-0.38362,-0.14905,0.12706,31.2540490,75.7047416,1.070,28.00
345.151,4.30956,3.67271,13.61343,-0.27367,0.52534,-0.11362,31.2540490,75.7047416,1.070,28.00
345.255,3.06937,5.09965,3.69665,0.15394,-0.61453,-0.56688,31.2540599,75.7047484,1.100,30.40
345.359,1.72383,4.54898,6.89530,0.01955,0.01833,-0.83200,31.2540599,75.7047484,1.100,30.40
345.465,1.55144,6.15789,5.55455,-0.03299,-0.28588,-0.57788,31.2540599,75.7047484,1.100,30.40
345.569,2.81079,8.77236,7.10120,0.07453,-0.45082,-0.60842,31.2540599,75.7047484,1.100,30.40
345.674,0.72305,5.12838,14.57590,-0.85032,-0.81367,-0.83689,31.2540599,75.7047484,1.100,30.40
345.777,-1.08218,3.82115,7.55131,0.99815,0.41172,0.49724,31.2540599,75.7047484,1.100,30.40
345.885,-0.00479,3.38061,4.78362,0.53756,0.44838,0.60598,31.2540599,75.7047484,1.100,30.40
345.990,0.64165,5.50666,5.09965,0.14416,-0.04398,0.58399,31.2540599,75.7047484,1.100,30.40
346.095,3.66792,7.19218,10.00297,-0.56566,-0.09041,-0.03299,31.2540599,75.7047484,1.100,30.40
346.199,3.20344,7.03895,7.58004,-0.70616,-0.13317,-0.06475,31.2540687,75.7047568,1.050,39.00
346.301,4.82671,4.18985,8.10198,0.72693,0.45082,-0.06109,31.2540687,75.7047568,1.050,39.00
346.403,2.61447,3.97437,5.21457,-0.79046,-0.99693,-0.68661,31.2540687,75.7047568,1.050,39.00
346.507,1.35033,5.01825,5.43963,-0.22235,-0.97005,-0.47037,31.2540687,75.7047568,1.050,39.00
346.612,2.44687,6.99107,10.24239,-0.50213,-0.26878,-0.49724,31.2540687,75.7047568,1.050,39.00
346.717,1.45089,7.53695,8.88249,0.04154,0.14294,0.14783,31.2540687,75.7047568,1.050,39.00
346.820,1.73340,4.24253,12.66533,0.50946,0.53634,0.36896,31.2540687,75.7047568,1.050,39.00
346.925,1.05345,3.80199,7.48906,0.78191,0.25656,0.38118,31.2540687,75.7047568,1.050,39.00
347.028,0.69432,3.73017,4.35745,0.56200,1.08123,0.57421,31.2540687,75.7047568,1.050,39.00
347.133,2.61926,6.23929,9.07881,0.18326,0.02077,0.53023,31.2540687,75.7047568,1.050,39.00
347.239,3.92649,6.43561,8.96868,0.09285,0.65118,0.30055,31.2540773,75.7047647,1.010,39.20
347.341,5.41568,4.59687,10.72602,-1.38056,-0.59376,0.04887,31.2540773,75.7047647,1.010,39.20
347.442,4.33829,4.28562,3.72538,0.25045,0.40806,-0.14172,31.2540773,75.7047647,1.010,39.20
347.546,2.52828,3.89297,5.43963,-0.35064,-0.36530,-0.53390,31.2540773,75.7047647,1.010,39.20
347.651,1.41258,5.52103,5.70778,-0.42883,-0.90164,-0.35308,31.2540773,75.7047647,1.010,39.20
347.754,1.62806,6.96234,10.94150,0.06475,0.03421,0.07453,31.2540773,75.7047647,1.010,39.20
347.856,1.78607,7.07247,11.06600,-0.62553,-0.29444,0.26023,31.2540773,75.7047647,1.010,39.20
347.960,1.99198,4.46279,8.93516,0.75747,0.86987,0.73548,31.2540773,75.7047647,1.010,39.20
348.064,1.85790,2.99275,6.45477,0.38729,0.82955,0.26389,31.2540773,75.7047647,1.010,39.20
348.168,1.60412,4.40533,4.75967,0.53634,0.20159,0.56566,31.2540849,75.7047712,0.990,33.50
348.269,2.87783,5.34865,9.39485,-0.20159,-0.44960,0.33720,31.2540849,75.7047712,0.990,33.50
348.372,3.27048,6.03339,8.85855,-0.26512,0.46792,0.38973,31.2540849,75.7047712,0.990,33.50
348.477,5.07092,4.52504,10.38126,-0.02810,0.19426,-0.00244,31.2540849,75.7047712,0.990,33.50
348.580,5.47315,4.83629,5.19063,0.06353,-0.64874,-0.54245,31.2540849,75.7047712,0.990,33.50
348.685,1.54187,4.23774,5.71735,-0.07819,-0.13317,-0.90408,31.2540849,75.7047712,0.990,33.50
348.789,-1.22104,6.96713,7.80031,-0.32865,0.35064,-0.50335,31.2540849,75.7047712,0.990,33.50
348.892,0.56503,8.71968,13.35965,0.73915,1.32680,0.41294,31.2540849,75.7047712,0.990,33.50
348.996,2.77249,7.20176,11.46823,0.75625,1.48440,-1.19363,31.2540849,75.7047712,0.990,33.50
349.101,-1.47004,1.37427,4.96557,0.29199,0.68661,-1.26205,31.2540849,75.7047712,0.990,33.50
349.204,-1.16358,1.97282,2.26491,1.61024,-0.12217,0.65363,31.2540947,75.7047780,1.110,31.00
349.307,-1.46046,4.52983,3.82115,-0.09407,-0.28100,0.71593,31.2540947,75.7047780,1.110,31.00
349.409,1.14443,6.60321,7.59441,-1.16675,-0.92118,1.03358,31.2540947,75.7047780,1.110,31.00
349.512,6.77080,5.98072,14.49929,-2.78188,-1.60780,0.82222,31.2540947,75.7047780,1.110,31.00
349.617,3.16992,5.23851,4.60166,-0.48869,-0.01710,-0.40195,31.2540947,75.7047780,1.110,31.00
349.720,1.72861,4.47237,6.29675,-0.19670,-0.94073,-0.75869,31.2540947,75.7047780,1.110,31.00
349.822,1.52271,5.73172,8.25521,-0.45448,-1.14843,-0.66584,31.2540947,75.7047780,1.110,31.00
349.927,1.24020,6.81869,10.79306,-0.29566,0.16738,-0.30543,31.2540947,75.7047780,1.110,31.00
350.031,0.45011,5.88974,13.87200,-0.94806,-0.13195,-0.24190,31.2540947,75.7047780,1.110,31.00
350.135,0.22027,2.40378,9.97424,1.45875,0.98960,0.72937,31.2540947,75.7047780,1.110,31.00
350.238,1.70467,2.76291,4.12760,1.27060,0.95417,0.62186,31.2541041,75.7047865,1.030,33.00
350.341,1.50835,4.93206,5.12359,0.59132,0.13195,0.37263,31.2541041,75.7047865,1.030,33.00
350.445,2.57137,6.68940,9.07402,-0.41417,-0.43860,0.31276,31.2541041,75.7047865,1.030,33.00
350.549,4.03184,8.39407,6.49786,-0.21014,-0.65118,-0.11240,31.2541041,75.7047865,1.030,33.00
350.651,3.29442,3.57215,8.75320,-0.01710,1.00304,-0.65729,31.2541041,75.7047865,1.030,33.00
350.755,3.09810,4.58250,5.25767,-0.11606,-1.11422,-0.42638,31.2541041,75.7047865,1.030,33.00
350.860,1.69031,5.78918,5.20021,-0.07453,-0.95784,-0.70738,31.2541041,75.7047865,1.030,33.00
350.962,1.82917,7.43639,9.33260,-0.54978,-0.43371,-0.36652,31.2541041,75.7047865,1.030,33.00
351.067,-0.19154,8.59518,7.83862,0.18204,0.42150,-0.06109,31.2541041,75.7047865,1.030,33.00
351.173,0.57940,4.82192,13.80497,0.25168,0.82100,0.28100,31.2541131,75.7047937,1.020,32.70
351.275,0.87628,4.41491,7.30710,0.93951,0.21869,0.47281,31.2541131,75.7047937,1.020,32.70
351.378,1.29766,5.12838,3.99832,0.69150,0.64019,0.44838,31.2541131,75.7047937,1.020,32.70
351.482,1.22104,6.76123,6.71813,0.04398,0.29566,0.14905,31.2541131,75.7047937,1.020,32.70
351.588,3.02148,8.14029,8.81066,0.29199,0.60353,0.18692,31.2541131,75.7047937,1.020,32.70
351.694,4.41012,6.19619,10.68293,-0.54734,-0.14416,-0.38851,31.2541131,75.7047937,1.020,32.70
351.799,2.66714,5.44920,3.34709,0.59132,-0.25534,-0.08919,31.2541131,75.7047937,1.020,32.70
351.902,1.21625,5.62637,2.89698,0.00611,-0.61087,-0.33964,31.2541131,75.7047937,1.020,32.70
352.007,1.25935,7.40766,5.07571,-0.70250,-1.30603,-0.11362,31.2541131,75.7047937,1.020,32.70
352.111,1.96325,8.34619,11.31021,-0.13928,0.02932,0.02321,31.2541131,75.7047937,1.020,32.70
352.213,0.83318,7.97269,12.04762,-0.93096,-0.10018,0.01344,31.2541223,75.7047999,1.050,27.20
352.315,-0.40223,5.75566,8.50420,0.64141,1.13865,0.72571,31.2541223,75.7047999,1.050,27.20
352.418,1.11570,4.15155,5.60722,0.85399,1.36223,0.54489,31.2541223,75.7047999,1.050,27.20
352.521,0.03352,5.89931,4.50110,0.64019,0.21380,0.39218,31.2541223,75.7047999,1.050,27.20
352.624,0.70868,6.06212,8.83460,-0.33964,-0.34331,0.38240,31.2541223,75.7047999,1.050,27.20
352.727,3.00233,7.64708,7.75243,-0.83933,-0.16738,0.81367,31.2541223,75.7047999,1.050,27.20
352.829,6.43083,5.76524,9.17458,-0.23457,0.55467,0.22235,31.2541223,75.7047999,1.050,27.20
352.932,4.17549,5.23373,3.96480,-0.39828,-0.39706,-0.82833,31.2541223,75.7047999,1.050,27.20
353.036,0.94810,5.03740,5.11880,-0.28100,-0.67440,-0.93340,31.2541223,75.7047999,1.050,27.20
353.138,1.47483,6.23929,8.66222,-0.42394,-0.92852,-0.50091,31.2541223,75.7047999,1.050,27.20
353.241,1.62806,8.45153,9.21289,0.17226,-0.12462,0.02810,31.2541321,75.7048055,0.960,22.90
353.344,0.21548,6.20577,16.02679,-0.47159,-0.25656,-0.60476,31.2541321,75.7048055,0.960,22.90
353.446,0.54109,5.05655,8.95910,1.30481,0.56688,0.49480,31.2541321,75.7048055,0.960,22.90
353.548,2.54743,3.77326,5.38217,1.22051,1.26083,-0.10140,31.2541321,75.7048055,0.960,22.90
353.650,0.85712,5.77003,3.04542,0.85277,0.29444,-0.06842,31.2541321,75.7048055,0.960,22.90
353.753,0.65122,7.38851,5.41090,-0.10751,0.05376,0.18082,31.2541321,75.7048055,0.960,22.90
353.856,2.03986,9.78750,6.21056,-0.37018,-0.26756,0.51679,31.2541321,75.7048055,0.960,22.90
353.958,3.52905,5.32949,12.58871,-0.72571,0.33231,-0.29322,31.2541321,75.7048055,0.960,22.90
354.060,2.86825,5.85143,4.26168,-0.28222,-1.53083,-0.59010,31.2541321,75.7048055,0.960,22.90
354.164,0.71347,6.13873,4.68785,-0.14783,-0.93218,-0.52657,31.2541321,75.7048055,0.960,22.90
354.267,1.30245,8.25042,5.84185,-0.45815,-0.65607,-0.61087,31.2541416,75.7048095,1.060,20.90
354.369,-0.11013,9.36133,7.81467,-0.06720,0.07941,-0.37996,31.2541416,75.7048095,1.060,20.90
354.471,-0.43574,5.81791,14.48492,-0.42883,0.30421,-0.26389,31.2541416,75.7048095,1.060,20.90
354.575,-0.34477,5.32470,7.69975,0.54367,0.04032,0.41783,31.2541416,75.7048095,1.060,20.90
354.678,0.84276,4.42927,3.93607,0.61331,0.95661,0.65973,31.2541416,75.7048095,1.060,20.90
354.780,0.90501,6.03339,4.30477,0.42761,0.15638,0.68417,31.2541416,75.7048095,1.060,20.90
354.882,3.74453,7.64708,9.35654,-0.61331,-0.01100,0.32132,31.2541416,75.7048095,1.060,20.90
354.985,5.14275,4.56814,14.43704,-1.25105,-0.29199,-0.08186,31.2541416,75.7048095,1.060,20.90
355.088,4.18028,5.02304,2.03986,0.44715,0.03910,0.12584,31.2541416,75.7048095,1.060,20.90
355.189,2.57616,4.63996,5.05177,-0.76358,-0.64507,-0.86132,31.2541506,75.7048149,1.130,22.50
355.292,1.81959,6.46434,6.32548,-0.85032,-1.06413,-0.98471,31.2541506,75.7048149,1.130,22.50
355.395,0.69432,7.42681,11.35330,-0.38851,-0.42272,-0.13683,31.2541506,75.7048149,1.130,22.50
355.498,1.31681,6.82826,13.58470,-1.14843,-1.64078,-0.28466,31.2541506,75.7048149,1.130,22.50
355.601,1.13485,3.13640,11.29584,0.96272,1.50029,0.38973,31.2541506,75.7048149,1.130,22.50
355.703,1.65679,2.30322,4.29041,1.34024,1.02259,0.45693,31.2541506,75.7048149,1.130,22.50
355.805,0.96247,4.11803,2.68151,0.38973,0.34208,0.37629,31.2541506,75.7048149,1.130,22.50
355.907,3.78284,6.17704,6.65109,-0.16982,-1.27549,0.69883,31.2541506,75.7048149,1.130,22.50
356.009,5.58807,7.01501,8.55209,-1.42332,-0.21136,0.04520,31.2541506,75.7048149,1.130,22.50
356.113,5.27682,4.71179,12.55519,-0.50702,0.76358,-0.51679,31.2541506,75.7048149,1.130,22.50
356.215,2.85868,3.50032,6.12916,-0.02443,-0.48381,-0.97738,31.2541603,75.7048229,1.140,28.50
356.318,0.96247,3.96959,4.20901,-0.01588,-0.73915,-0.69150,31.2541603,75.7048229,1.140,28.50
356.420,2.02071,5.60243,8.12592,-0.54734,-0.88698,-0.45204,31.2541603,75.7048229,1.140,28.50
356.522,2.47082,6.94318,11.44907,0.21869,0.10751,0.34208,31.2541603,75.7048229,1.140,28.50
356.625,2.96881,4.52504,16.90306,0.04765,-0.07575,0.12584,31.2541603,75.7048229,1.140,28.50
356.728,3.09331,3.67271,8.71489,1.61879,0.27733,0.04032,31.2541603,75.7048229,1.140,28.50
356.830,1.89621,3.14598,3.41413,0.58032,1.20829,-0.27000,31.2541603,75.7048229,1.140,28.50
356.935,1.04866,3.45723,4.65433,0.57299,0.00611,0.25168,31.2541603,75.7048229,1.140,28.50
357.038,3.65834,3.90255,5.69820,-0.70983,-0.59132,1.15576,31.2541603,75.7048229,1.140,28.50
357.143,6.46434,5.03740,12.75152,-1.91079,-0.37629,0.65485,31.2541603,75.7048229,1.140,28.50
357.245,5.33428,5.44920,6.57448,0.53512,0.48747,0.04765,31.2541699,75.7048301,1.060,33.70
357.348,3.51469,3.05500,5.88016,-0.12095,0.32009,-0.94440,31.2541699,75.7048301,1.060,33.70
357.451,2.48997,3.26090,5.69820,-0.31398,-0.74037,-0.57910,31.2541699,75.7048301,1.060,33.70
357.554,1.67594,6.14352,9.83059,-0.97861,-0.39828,0.00611,31.2541699,75.7048301,1.060,33.70
357.655,0.98641,6.44998,11.39161,0.05620,0.20769,0.23213,31.2541699,75.7048301,1.060,33.70
357.758,0.64165,2.60968,9.98861,0.79290,1.08245,0.80023,31.2541699,75.7048301,1.060,33.70
357.861,3.30400,2.72460,7.64229,1.40499,0.60842,0.56933,31.2541699,75.7048301,1.060,33.70
357.963,1.75256,3.06458,4.77404,0.76725,0.60109,0.74281,31.2541699,75.7048301,1.060,33.70
358.067,3.68707,5.31513,7.75243,0.09652,-0.45815,0.47037,31.2541699,75.7048301,1.060,33.70
358.169,3.24175,6.24408,8.03015,-1.07390,0.23091,0.01222,31.2541799,75.7048371,1.070,33.60
358.271,6.52181,4.14197,12.40675,0.19670,0.08186,-0.56200,31.2541799,75.7048371,1.070,33.60
358.373,3.11246,2.87304,5.20021,-0.04643,-0.81123,-0.91263,31.2541799,75.7048371,1.070,33.60
358.476,2.33195,3.42371,6.40688,0.05742,-0.57055,-0.41050,31.2541799,75.7048371,1.070,33.60
358.580,2.06859,5.55934,6.93840,-0.44227,-0.56688,-0.32620,31.2541799,75.7048371,1.070,33.60
358.682,1.97282,6.41646,10.93192,0.27245,0.04398,0.06109,31.2541799,75.7048371,1.070,33.60
358.786,3.37582,3.96001,14.20719,0.37874,0.21625,0.11851,31.2541799,75.7048371,1.070,33.60
358.889,2.53307,4.34787,6.82826,0.27855,-0.10996,0.40195,31.2541799,75.7048371,1.070,33.60
358.991,2.25534,3.44765,5.30555,-0.10629,1.08612,0.07941,31.2541799,75.7048371,1.070,33.60
359.094,1.92494,4.80277,6.29196,0.22846,0.13317,0.40561,31.2541799,75.7048371,1.070,33.60
359.197,3.32794,5.49230,9.10275,0.17959,0.00122,0.22358,31.2541891,75.7048451,1.090,35.60
359.299,4.45322,5.12359,9.85453,-0.44838,0.37751,-0.25412,31.2541891,75.7048451,1.090,35.60
359.402,5.01825,2.67672,7.86256,0.46426,0.28955,-0.15760,31.2541891,75.7048451,1.090,35.60
359.505,3.44286,3.19865,6.82826,-1.05924,-0.27855,-0.80879,31.2541891,75.7048451,1.090,35.60
359.607,0.77572,5.21457,6.26323,-0.25412,-1.16797,-0.49724,31.2541891,75.7048451,1.090,35.60
359.710,0.39744,6.94797,10.69729,-0.57666,0.10263,-0.41661,31.2541891,75.7048451,1.090,35.60
359.812,0.54588,7.05811,9.56244,0.45571,0.41050,0.20525,31.2541891,75.7048451,1.090,35.60
359.915,0.43574,3.87861,10.24239,0.81245,0.76969,0.58277,31.2541891,75.7048451,1.090,35.60
360.017,1.64721,2.83952,7.64229,0.70738,0.20403,0.39095,31.2541891,75.7048451,1.090,35.60
360.120,1.59454,3.09810,3.89297,0.78557,0.73304,0.72815,31.2541891,75.7048451,1.090,35.60
360.222,3.02627,5.48751,7.36456,0.30299,-0.43738,0.38485,31.2541986,75.7048537,1.040,38.50
360.324,3.46202,6.22014,8.02536,-0.40195,0.17104,0.05131,31.2541986,75.7048537,1.040,38.50
360.425,4.51068,3.80678,14.63336,-0.96517,0.01344,-0.22846,31.2541986,75.7048537,1.040,38.50
360.527,4.30477,4.86981,4.08930,-0.56933,-0.97005,-0.38973,31.2541986,75.7048537,1.040,38.50
360.629,2.85868,3.99353,7.20176,-0.41783,-0.22480,-0.80023,31.2541986,75.7048537,1.040,38.50
360.731,1.97282,4.66391,6.46913,-0.10629,-0.73426,-0.63163,31.2541986,75.7048537,1.040,38.50
360.835,1.38385,6.32548,9.11712,-0.43616,-0.06964,-0.00855,31.2541986,75.7048537,1.040,38.50
360.937,2.16436,6.42604,14.27902,-0.74526,-0.08919,-0.17104,31.2541986,75.7048537,1.040,38.50
361.039,1.53708,3.89297,9.48583,0.94928,0.29199,0.42883,31.2541986,75.7048537,1.040,38.50
361.141,1.63285,2.75812,5.05655,0.99082,0.74281,0.19670,31.2541986,75.7048537,1.040,38.50
361.244,0.79009,3.64876,4.96557,0.60476,0.17471,0.48991,31.2542063,75.7048617,1.000,41.40
361.346,3.01191,5.43963,6.74686,0.15149,-0.22358,0.18204,31.2542063,75.7048617,1.000,41.40
361.449,3.66792,6.39252,7.47949,-1.47952,0.12217,-0.37018,31.2542063,75.7048617,1.000,41.40
361.552,3.62003,3.10289,9.65342,0.46914,1.28893,0.45937,31.2542063,75.7048617,1.000,41.40
361.657,3.33752,3.96001,4.69264,-0.07575,-1.05558,-0.11118,31.2542063,75.7048617,1.000,41.40
361.760,2.04465,3.94086,6.98628,-0.51557,-0.60964,-0.50824,31.2542063,75.7048617,1.000,41.40
361.863,3.61046,5.92804,9.44273,-0.00367,-0.53878,-0.10507,31.2542063,75.7048617,1.000,41.40
361.968,1.71425,6.82347,5.98072,-0.08430,0.57055,-0.01955,31.2542063,75.7048617,1.000,41.40
362.070,0.00479,3.78763,13.61822,-0.17593,0.57910,0.72937,31.2542063,75.7048617,1.000,41.40
362.174,2.24097,3.53863,10.85531,1.06046,-0.06353,0.81245,31.2542130,75.7048687,0.930,43.20
362.276,2.68629,3.59609,3.80678,0.97250,0.91508,0.60964,31.2542130,75.7048687,0.930,43.20
362.379,2.96881,4.75010,6.73250,0.37141,0.17837,0.21747,31.2542130,75.7048687,0.930,43.20
362.482,4.34308,6.02381,9.41879,-0.15272,0.01466,0.21991,31.2542130,75.7048687,0.930,43.20
362.585,6.72771,4.66391,14.44661,-1.52472,-0.61209,-0.46304,31.2542130,75.7048687,0.930,43.20
362.688,3.73974,3.77805,2.39420,0.38118,0.17104,-0.31643,31.2542130,75.7048687,0.930,43.20
362.790,2.83952,3.36625,5.76045,-0.72326,-0.24312,-1.02503,31.2542130,75.7048687,0.930,43.20
362.894,2.01113,4.76925,7.53695,-0.44104,-1.08734,-0.71838,31.2542130,75.7048687,0.930,43.20
362.996,1.62327,6.13873,11.03248,-0.43494,0.13073,-0.56810,31.2542130,75.7048687,0.930,43.20
363.097,1.07260,6.06691,13.57991,-1.04580,-0.53634,0.07208,31.2542130,75.7048687,0.930,43.20
363.200,0.64643,3.99353,8.73884,0.99938,0.99082,0.72571,31.2542199,75.7048746,0.910,46.90
363.305,1.26893,1.82438,6.05733,1.08856,0.94928,0.61453,31.2542199,75.7048746,0.910,46.90
363.407,1.32160,4.46758,3.91691,0.12950,0.27367,0.23213,31.2542199,75.7048746,0.910,46.90
363.509,2.14042,5.58807,8.51378,-0.13928,-0.22969,0.31154,31.2542199,75.7048746,0.910,46.90
363.612,4.31435,5.81791,8.30788,-1.23761,-0.75747,0.10263,31.2542199,75.7048746,0.910,46.90
363.716,4.84586,3.31358,7.76679,0.57055,0.88209,0.00611,31.2542199,75.7048746,0.910,46.90
363.819,2.45166,2.62405,6.08127,-0.74770,-0.19670,-0.92241,31.2542199,75.7048746,0.910,46.90
363.922,1.67594,4.08451,6.60800,-0.23702,-1.14843,-0.60476,31.2542199,75.7048746,0.910,46.90
364.024,2.69108,6.01423,11.12346,-0.41539,-0.21869,-0.51801,31.2542199,75.7048746,0.910,46.90
364.128,0.75178,7.04374,10.17536,0.50824,0.29077,0.07086,31.2542199,75.7048746,0.910,46.90
364.230,1.35033,3.60567,15.73948,1.04091,0.32254,0.29688,31.2542281,75.7048817,1.010,43.20
364.334,1.11570,2.65278,7.11078,1.21562,0.02199,0.62186,31.2542281,75.7048817,1.010,43.20
364.437,1.23541,3.28963,3.93607,0.55467,0.72937,0.57421,31.2542281,75.7048817,1.010,43.20
364.541,2.06380,4.93206,7.33105,0.09774,-0.39828,0.63897,31.2542281,75.7048817,1.010,43.20
364.644,5.60722,6.41646,8.64786,-0.11606,-0.03665,0.52046,31.2542281,75.7048817,1.010,43.20
364.746,6.07170,4.87938,11.38682,-1.65911,-0.37629,-0.44349,31.2542281,75.7048817,1.010,43.20
364.848,4.54898,4.31435,4.42448,0.48747,0.19914,-0.21747,31.2542281,75.7048817,1.010,43.20
364.951,3.28006,4.14676,5.13317,-0.52901,-0.34575,-0.83811,31.2542281,75.7048817,1.010,43.20
365.053,2.37505,5.12838,5.93283,-0.38973,-0.72693,-0.71105,31.2542281,75.7048817,1.010,43.20
365.157,2.82516,6.51702,10.80264,-0.16005,-0.30055,-0.00244,31.2542281,75.7048817,1.010,43.20
365.258,3.02148,7.92002,9.16979,-0.35308,-0.37507,0.06720,31.2542379,75.7048889,1.040,38.60
365.361,0.87149,4.35266,8.98783,0.91141,1.11666,0.26756,31.2542379,75.7048889,1.040,38.60
365.465,2.00155,3.30879,6.76601,0.89919,0.46914,0.16860,31.2542379,75.7048889,1.040,38.60
365.568,1.73819,4.12282,4.99430,0.67317,0.55100,0.26267,31.2542379,75.7048889,1.040,38.60
365.670,2.12605,5.64074,7.15387,0.17959,0.07819,0.28588,31.2542379,75.7048889,1.040,38.60
365.775,4.56335,7.95354,7.40766,-0.32865,-0.38362,0.46181,31.2542379,75.7048889,1.040,38.60
365.878,5.69820,4.46758,12.57435,0.12950,0.55589,-0.26023,31.2542379,75.7048889,1.040,38.60
365.982,3.29442,4.53941,2.35589,-0.09041,-0.52412,-0.70250,31.2542379,75.7048889,1.040,38.60
366.084,2.62883,4.27604,5.07571,-0.45693,-0.55222,-0.60720,31.2542379,75.7048889,1.040,38.60
366.186,3.25133,6.50265,6.65109,-0.52168,-0.91996,-0.25779,31.2542468,75.7048971,0.970,37.00
366.288,2.94487,7.75721,10.19930,0.05131,-0.35919,-0.31398,31.2542468,75.7048971,0.970,37.00
366.391,1.14443,7.54174,10.73560,-0.66096,-0.56933,-0.20159,31.2542468,75.7048971,0.970,37.00
366.493,1.43652,5.12838,8.99262,0.71471,0.84544,0.47525,31.2542468,75.7048971,0.970,37.00
366.595,2.07817,3.15556,4.56814,0.48258,1.31703,0.42883,31.2542468,75.7048971,0.970,37.00
366.698,2.45645,5.08050,4.44843,0.32987,0.03910,0.40439,31.2542468,75.7048971,0.970,37.00
366.801,3.68228,6.60321,8.43238,-0.13806,-0.69761,0.75136,31.2542468,75.7048971,0.970,37.00
366.904,5.60243,8.75799,7.22091,-0.92118,0.01344,-0.08063,31.2542468,75.7048971,0.970,37.00
367.008,4.46279,4.37660,7.75243,0.68050,1.02381,-0.19426,31.2542468,75.7048971,0.970,37.00
367.110,3.67749,4.28562,4.33829,-0.56688,-0.60476,-0.53390,31.2542468,75.7048971,0.970,37.00
367.212,1.45567,4.77883,3.45244,-0.44715,-0.28222,-0.46670,31.2542543,75.7049040,0.980,38.60
367.314,3.20823,6.98628,8.84418,-0.42638,-0.56933,-0.06964,31.2542543,75.7049040,0.980,38.60
367.416,1.58496,7.97748,8.59518,0.18326,0.42272,0.12462,31.2542543,75.7049040,0.980,38.60
367.520,2.39420,4.62081,12.30620,0.65363,0.84544,0.45326,31.2542543,75.7049040,0.980,38.60
367.621,0.63207,4.27604,4.27126,0.54978,0.09896,0.68906,31.2542543,75.7049040,0.980,38.60
367.724,1.13006,4.12282,6.11000,-0.12950,0.55711,0.50702,31.2542543,75.7049040,0.980,38.60
367.827,2.43251,5.45399,7.38372,0.28955,0.20647,0.90652,31.2542543,75.7049040,0.980,38.60
367.929,5.79397,7.78594,8.81066,0.15882,-0.66340,0.25045,31.2542543,75.7049040,0.980,38.60
368.032,5.77960,6.33027,8.52336,-0.20281,0.10140,-0.21380,31.2542543,75.7049040,0.980,38.60
368.134,4.98952,2.87304,5.50188,0.84666,0.19426,-0.28222,31.2542543,75.7049040,0.980,38.60
368.236,3.39977,3.21781,4.38139,-0.92485,-0.48136,-0.95784,31.2542633,75.7049107,0.950,35.20
368.339,2.77249,5.52582,6.53138,-0.75014,-0.76725,-0.16738,31.2542633,75.7049107,0.950,35.20
368.441,3.35188,7.40766,7.75721,-0.31032,-0.36041,0.03910,31.2542633,75.7049107,0.950,35.20
368.543,2.72939,8.43238,8.66222,0.02199,0.52534,-0.17593,31.2542633,75.7049107,0.950,35.20
368.646,2.13563,4.60166,13.04840,0.97738,0.79412,0.18570,31.2542633,75.7049107,0.950,35.20
368.748,2.70545,4.92248,6.53138,0.95539,-0.70127,0.61942,31.2542633,75.7049107,0.950,35.20
368.851,2.41336,3.23696,4.63996,0.49236,1.26449,0.25534,31.2542633,75.7049107,0.950,35.20
368.953,2.68629,4.71658,4.28562,0.17104,-0.03054,0.62675,31.2542633,75.7049107,0.950,35.20
369.056,5.68862,5.85143,10.61589,-0.37385,-0.10263,0.33964,31.2542633,75.7049107,0.950,35.20
369.158,7.56568,5.20021,12.02847,-1.50151,-0.85032,-0.01955,31.2542633,75.7049107,0.950,35.20
369.261,5.57370,4.43406,2.79643,0.15882,-0.36652,-0.25779,31.2542731,75.7049179,0.890,30.20
369.363,3.57215,3.05500,7.44118,-0.65851,-0.13073,-0.91385,31.2542731,75.7049179,0.890,30.20
369.465,3.37582,4.47237,7.03895,-0.54123,-0.93218,-0.47525,31.2542731,75.7049179,0.890,30.20
369.569,2.71502,5.93762,7.43639,-0.02688,0.02199,-0.01710,31.2542731,75.7049179,0.890,30.20
369.670,2.12605,7.97269,6.79953,-0.65485,0.70250,0.01833,31.2542731,75.7049179,0.890,30.20
369.774,5.27203,3.84030,17.48725,1.16553,0.14905,0.39340,31.2542731,75.7049179,0.890,30.20
369.876,1.89142,3.37104,4.18985,1.49295,0.57544,0.62186,31.2542731,75.7049179,0.890,30.20
369.981,3.06937,4.19943,5.44441,0.97738,0.93096,0.47525,31.2542731,75.7049179,0.890,30.20
370.085,3.71580,4.97994,4.63517,0.81489,1.01159,0.02932,31.2542731,75.7049179,0.890,30.20
370.186,5.00388,5.97114,4.94163,-0.12828,0.60720,-0.00367,31.2542816,75.7049225,0.920,25.70
370.288,8.41323,3.88818,14.48971,-1.02503,0.21869,-0.17715,31.2542816,75.7049225,0.920,25.70
370.390,4.33829,4.38618,0.65601,0.47403,-0.52657,-0.34697,31.2542816,75.7049225,0.920,25.70
370.494,3.46202,4.07014,5.82749,-1.00060,-0.67195,-1.18508,31.2542816,75.7049225,0.920,25.70
370.598,2.94487,4.98473,7.11078,-1.44286,-0.90286,-1.13010,31.2542816,75.7049225,0.920,25.70
370.706,1.96803,7.88171,9.21289,-0.58887,-0.11606,-0.53267,31.2542816,75.7049225,0.920,25.70
370.809,5.80833,7.47949,17.56386,0.13439,-1.19852,-0.54123,31.2542816,75.7049225,0.920,25.70
370.914,3.41413,4.81713,7.08205,1.39399,-0.59254,-1.58458,31.2542816,75.7049225,0.920,25.70
371.020,0.56982,1.69509,8.18817,0.07453,-0.11240,-2.20522,31.2542816,75.7049225,0.920,25.70
371.123,-2.36547,4.05099,8.57603,0.86010,0.65851,-1.15087,31.2542816,75.7049225,0.920,25.70
371.228,-0.65601,4.44843,8.28394,1.10689,0.97372,0.68783,31.2542891,75.7049292,0.910,39.00
371.332,2.58574,5.81312,3.13162,0.49358,1.44531,1.49418,31.2542891,75.7049292,0.910,39.00
371.435,7.08684,7.07726,7.08205,-1.34268,-0.11362,0.65363,31.2542891,75.7049292,0.910,39.00
371.538,4.43406,7.37893,4.73573,-0.56566,-1.07146,0.16860,31.2542891,75.7049292,0.910,39.00
371.642,2.28407,7.15866,5.76524,-0.48869,-0.90897,-0.43982,31.2542891,75.7049292,0.910,39.00
371.747,1.27372,7.41245,7.16345,-0.33842,-0.74281,-0.14294,31.2542891,75.7049292,0.910,39.00
371.850,0.79009,8.10198,8.45153,-0.14539,0.41539,-0.04154,31.2542891,75.7049292,0.910,39.00
371.956,2.10690,5.30555,16.70195,-0.75259,-0.43982,0.15516,31.2542891,75.7049292,0.910,39.00
372.060,1.91536,4.89375,8.20732,1.06168,0.90286,0.50091,31.2542891,75.7049292,0.910,39.00
372.163,1.27850,4.14676,5.16669,0.23579,1.58214,0.39706,31.2542966,75.7049361,0.870,42.20
372.265,1.96325,5.59764,5.22894,0.32620,0.43494,0.54123,31.2542966,75.7049361,0.870,42.20
372.369,3.01191,8.11156,4.54898,-0.08919,-0.34941,0.22480,31.2542966,75.7049361,0.870,42.20
372.471,6.03818,9.33739,9.11712,-0.18937,-0.40317,-0.51801,31.2542966,75.7049361,0.870,42.20
372.574,6.69419,7.40287,14.18325,0.20036,-1.50884,-1.49295,31.2542966,75.7049361,0.870,42.20
372.679,2.53785,5.13796,5.02782,1.00304,-1.70798,-2.13070,31.2542966,75.7049361,0.870,42.20
372.783,0.49321,4.34787,3.74932,0.32009,-1.51128,-1.81793,31.2542966,75.7049361,0.870,42.20
372.889,-2.77249,6.02860,5.27203,-0.23091,-1.24372,-0.86743,31.2542966,75.7049361,0.870,42.20
372.993,-5.02304,7.14909,5.94241,0.00000,-0.10873,-0.14294,31.2542966,75.7049361,0.870,42.20
373.098,-3.85945,5.88016,11.33415,-1.84115,0.36530,1.17408,31.2542966,75.7049361,0.870,42.20
373.202,2.14999,4.52504,9.85932,0.52290,1.94377,2.43613,31.2543006,75.7049441,0.820,52.70
373.304,3.39977,4.65912,7.16824,0.08430,1.67011,1.83137,31.2543006,75.7049441,0.820,52.70
373.408,2.38462,5.43963,7.19697,-0.01710,0.77580,1.31092,31.2543006,75.7049441,0.820,52.70
373.513,2.49955,6.73728,8.50420,0.06597,0.39462,0.86621,31.2543006,75.7049441,0.820,52.70
373.617,2.72460,6.67503,6.85221,-0.00733,0.42272,0.52412,31.2543006,75.7049441,0.820,52.70
373.721,4.53462,4.34308,10.93671,-0.22480,0.61453,0.37507,31.2543006,75.7049441,0.820,52.70
373.825,4.31914,5.12838,5.07092,-0.21258,-0.34208,0.04032,31.2543006,75.7049441,0.820,52.70
373.930,2.76291,5.60722,5.46836,-0.38607,-0.85765,-0.29932,31.2543006,75.7049441,0.820,52.70
374.034,1.63285,5.81312,7.94875,-0.38973,-0.59254,-0.17959,31.2543006,75.7049441,0.820,52.70
374.139,2.47560,6.85221,10.03649,0.37751,-0.72204,0.29077,31.2543006,75.7049441,0.820,52.70
374.242,3.12204,7.62314,11.54484,-0.74770,-0.32254,-0.07086,31.2543084,75.7049510,1.030,36.30
374.347,0.74220,3.34231,7.56089,1.37689,1.44164,0.62430,31.2543084,75.7049510,1.030,36.30
374.450,2.59531,3.60088,5.79397,0.90530,0.93829,0.47281,31.2543084,75.7049510,1.030,36.30
374.553,1.68552,4.46279,4.28083,0.33231,0.72693,0.45082,31.2543084,75.7049510,1.030,36.30
374.658,2.88262,6.02860,6.29675,-0.24801,0.07330,0.69883,31.2543084,75.7049510,1.030,36.30
374.763,6.86178,8.19296,7.92481,-0.28222,-0.23579,0.55711,31.2543084,75.7049510,1.030,36.30
374.866,7.52737,5.46357,16.18480,-1.18508,0.43860,-0.44104,31.2543084,75.7049510,1.030,36.30
374.969,3.42371,4.22337,1.55623,0.42883,-0.79535,-1.06657,31.2543084,75.7049510,1.030,36.30
375.072,1.76213,3.42371,5.74130,-0.55467,-0.47892,-1.15698,31.2543084,75.7049510,1.030,36.30
375.179,1.84354,5.92325,6.95276,-0.72449,-0.97372,-0.31887,31.2543176,75.7049565,0.980,30.40
375.281,1.72383,7.25922,10.49618,0.01588,-0.41050,-0.10140,31.2543176,75.7049565,0.980,30.40
375.384,1.95846,6.93840,12.86644,-0.48503,-0.23946,-0.01344,31.2543176,75.7049565,0.980,30.40
375.486,0.55067,3.83072,7.11078,1.07146,1.00915,0.57177,31.2543176,75.7049565,0.980,30.40
375.590,1.91536,3.58173,6.25365,0.80023,1.03603,0.75014,31.2543176,75.7049565,0.980,30.40
375.694,2.25534,5.41568,4.63039,0.61209,0.40195,0.64385,31.2543176,75.7049565,0.980,30.40
375.798,3.35188,6.57448,6.76601,-0.07208,-0.29932,0.20647,31.2543176,75.7049565,0.980,30.40
375.901,4.71179,6.90009,7.79552,-0.39095,0.05864,-0.21502,31.2543176,75.7049565,0.980,30.40
376.004,4.49631,3.84509,10.57279,-0.73670,-0.08674,-0.41294,31.2543176,75.7049565,0.980,30.40
376.108,4.60644,4.30956,6.40688,-0.24435,-0.61942,-0.36652,31.2543176,75.7049565,0.980,30.40
376.212,2.24097,4.67348,5.43963,-0.73793,-0.84666,-0.88087,31.2543262,75.7049618,1.000,29.60
376.315,1.21147,5.82270,9.30387,-0.91019,-0.33720,-0.68906,31.2543262,75.7049618,1.000,29.60
376.419,0.53630,6.33985,12.01410,0.09896,0.32498,0.11973,31.2543262,75.7049618,1.000,29.60
376.525,2.26970,3.64876,15.60541,0.54734,-0.51435,0.59865,31.2543262,75.7049618,1.000,29.60
376.628,1.25935,3.39498,7.29274,0.88820,0.23946,0.94562,31.2543262,75.7049618,1.000,29.60
376.732,1.51792,2.45645,5.11880,0.33353,1.16431,0.83200,31.2543262,75.7049618,1.000,29.60
376.838,3.18429,4.40054,6.48350,0.34697,-0.28588,0.83566,31.2543262,75.7049618,1.000,29.60
376.943,5.12359,4.50110,9.73961,0.56688,0.09163,0.44349,31.2543262,75.7049618,1.000,29.60
377.048,6.74686,4.51068,11.49696,-1.42209,-0.33964,-0.04032,31.2543262,75.7049618,1.000,29.60
377.152,4.20901,3.84030,4.14676,0.06109,0.10629,-0.22724,31.2543262,75.7049618,1.000,29.60
377.256,3.04064,2.94966,7.45554,-0.75014,-0.00611,-0.76969,31.2543351,75.7049665,1.020,25.40
377.358,2.28407,4.30956,6.08127,-0.44227,-0.70738,-0.48503,31.2543351,75.7049665,1.020,25.40
377.462,2.11169,5.41568,10.53928,-0.41783,-0.35430,-0.30421,31.2543351,75.7049665,1.020,25.40
377.567,2.82516,7.56089,10.93671,-0.59132,-0.37996,-0.01955,31.2543351,75.7049665,1.020,25.40
377.672,2.04944,2.68151,10.31422,1.57970,1.01892,0.47525,31.2543351,75.7049665,1.020,25.40
377.776,2.65756,2.85868,7.59920,1.37200,0.29444,0.29688,31.2543351,75.7049665,1.020,25.40
377.881,1.79086,2.57137,3.91213,0.88820,1.25227,0.28711,31.2543351,75.7049665,1.020,25.40
377.984,2.95923,4.83629,5.32470,0.03176,-0.17837,0.31887,31.2543351,75.7049665,1.020,25.40
378.086,5.75087,5.92325,7.80031,-0.45204,-0.09529,0.40439,31.2543351,75.7049665,1.020,25.40
378.191,5.71257,3.55300,15.89750,-1.51006,-0.32620,-0.42150,31.2543449,75.7049716,0.960,21.10
378.294,4.21380,4.28562,4.53941,-0.25656,-0.59987,-0.60476,31.2543449,75.7049716,0.960,21.10
378.396,1.93930,3.50511,5.91847,-0.46181,-0.34575,-0.97616,31.2543449,75.7049716,0.960,21.10
378.500,2.84910,4.79319,8.17380,-0.82345,-0.91508,-0.76480,31.2543449,75.7049716,0.960,21.10
378.604,1.51314,5.77003,10.52012,-0.41417,0.07941,-0.27978,31.2543449,75.7049716,0.960,21.10
378.708,2.79643,6.20577,10.67814,-0.58399,-0.40195,0.30543,31.2543449,75.7049716,0.960,21.10
378.811,2.58574,3.67271,8.16423,0.99938,0.74159,-0.01588,31.2543449,75.7049716,0.960,21.10
378.915,0.94332,2.66235,6.83784,0.93951,0.90652,0.37263,31.2543449,75.7049716,0.960,21.10
379.019,2.14042,4.45322,5.57370,1.15942,0.21258,0.81245,31.2543449,75.7049716,0.960,21.10
379.122,3.28006,5.70778,7.09163,-0.00489,-0.14661,-0.23824,31.2543449,75.7049716,0.960,21.10
379.226,4.64954,6.41646,8.13071,-0.40806,0.13439,-0.08063,31.2543538,75.7049782,0.950,26.00
379.330,5.27203,3.92649,11.07079,0.09163,0.33598,-0.27489,31.2543538,75.7049782,0.950,26.00
379.434,4.03662,4.40533,4.81713,-0.51435,-0.84422,-0.67073,31.2543538,75.7049782,0.950,26.00
379.538,1.51792,4.74052,5.02782,-0.37018,-0.99205,-0.87476,31.2543538,75.7049782,0.950,26.00
379.642,1.41737,6.57448,8.73884,-0.68661,-0.66706,-0.47403,31.2543538,75.7049782,0.950,26.00
379.745,1.11570,8.12592,10.27112,-0.04765,0.21380,0.01100,31.2543538,75.7049782,0.950,26.00
379.849,1.57060,4.97994,17.34360,0.17593,0.50824,-0.03910,31.2543538,75.7049782,0.950,26.00
379.952,1.51314,4.21858,8.24084,1.48318,0.26634,0.58765,31.2543538,75.7049782,0.950,26.00
380.054,0.78051,3.85466,4.87938,0.44471,1.49173,0.22602,31.2543538,75.7049782,0.950,26.00
380.158,0.34477,4.85544,5.38217,0.51313,0.84788,0.35919,31.2543538,75.7049782,0.950,26.00
380.260,3.09810,7.12993,7.52737,0.03421,-0.26756,0.36163,31.2543627,75.7049837,1.000,28.80
380.362,4.07493,7.04374,7.97748,-1.09223,-0.48258,0.26878,31.2543627,75.7049837,1.000,28.80
380.465,5.06134,4.54419,6.38773,0.62919,0.07697,-0.09163,31.2543627,75.7049837,1.000,28.80
380.567,3.09331,3.61046,5.43484,-0.50824,-0.98716,-0.83322,31.2543627,75.7049837,1.000,28.80
380.669,0.57940,5.34386,5.56891,-0.67806,-1.28648,-0.85399,31.2543627,75.7049837,1.000,28.80
380.772,0.64165,7.96790,9.46667,-0.46059,-0.72449,-0.66462,31.2543627,75.7049837,1.000,28.80
380.875,0.36392,8.37492,10.72124,0.00244,0.26878,-0.20647,31.2543627,75.7049837,1.000,28.80
380.977,-0.67995,4.54898,9.03093,1.04702,0.69028,0.80634,31.2543627,75.7049837,1.000,28.80
381.079,2.57137,4.90333,10.37168,0.48991,0.25045,0.68173,31.2543627,75.7049837,1.000,28.80
381.181,1.54665,3.84988,4.48673,0.55344,1.26449,0.48991,31.2543716,75.7049906,1.010,33.20
381.283,1.83875,5.57849,6.08606,0.70860,0.02321,0.26878,31.2543716,75.7049906,1.010,33.20
381.385,3.10767,7.47949,7.63272,-0.75381,0.26023,0.13928,31.2543716,75.7049906,1.010,33.20
381.486,2.66235,7.31668,7.04853,-1.16797,0.52534,-0.35064,31.2543716,75.7049906,1.010,33.20
381.589,1.96803,4.47237,7.80989,0.46059,0.43005,0.07453,31.2543716,75.7049906,1.010,33.20
381.692,2.28886,4.93206,6.72292,-0.33598,-0.42028,-0.27733,31.2543716,75.7049906,1.010,33.20
381.794,0.50757,6.12437,6.33506,-0.07330,-0.00244,-0.44349,31.2543716,75.7049906,1.010,33.20
381.897,-0.82361,6.00945,8.43717,-0.09041,0.60964,-0.04398,31.2543716,75.7049906,1.010,33.20
381.999,-1.42694,7.64229,7.84340,0.28711,1.73119,0.40195,31.2543716,75.7049906,1.010,33.20
382.101,-1.58975,4.48673,9.57202,0.52534,1.17408,0.52779,31.2543716,75.7049906,1.010,33.20
382.202,-1.60890,4.39097,7.56089,-0.01100,0.21380,0.44838,31.2543797,75.7049969,1.010,33.50
382.304,-0.51236,5.07092,4.89854,-0.17104,0.26145,0.48991,31.2543797,75.7049969,1.010,33.50
382.406,-1.08218,6.42125,6.42604,0.06353,0.10140,0.48503,31.2543797,75.7049969,1.010,33.50
382.508,2.02071,7.63272,9.61990,-0.26389,-0.31276,0.28222,31.2543797,75.7049969,1.010,33.50
382.611,1.81002,6.72292,11.08515,-0.96761,-0.45815,-0.67562,31.2543797,75.7049969,1.010,33.50
382.713,0.89064,4.31914,5.65510,0.74892,-0.10263,-0.41539,31.2543797,75.7049969,1.010,33.50
382.815,0.09577,3.62003,6.98628,-0.05498,-0.52168,-0.48503,31.2543797,75.7049969,1.010,33.50
382.918,0.09098,6.25844,5.43484,-0.43982,-0.76847,-0.89675,31.2543797,75.7049969,1.010,33.50
383.022,-0.71826,7.40766,10.71166,-0.13439,-0.65485,-0.36163,31.2543797,75.7049969,1.010,33.50
383.125,-2.43730,6.95276,9.20810,-0.53634,0.18815,-0.19059,31.2543797,75.7049969,1.010,33.50
383.228,-1.75256,3.98874,10.07959,0.20769,0.40195,0.43371,31.2543885,75.7050039,1.020,36.40
383.331,-2.05901,2.86347,8.05888,0.14416,0.05009,0.39340,31.2543885,75.7050039,1.020,36.40
383.433,-0.10534,4.18985,5.16669,0.13928,0.43371,0.69761,31.2543885,75.7050039,1.020,36.40
383.536,-0.06225,6.14831,7.35978,-0.11484,-0.45815,0.28466,31.2543885,75.7050039,1.020,36.40
383.639,2.01113,6.07170,10.83616,-0.04520,-0.42883,-0.10263,31.2543885,75.7050039,1.020,36.40
383.742,3.21302,5.54976,9.61511,-0.67317,-1.14110,-0.55589,31.2543885,75.7050039,1.020,36.40
383.845,1.78129,4.36702,5.95199,0.30665,-0.04643,-0.57177,31.2543885,75.7050039,1.020,36.40
383.947,1.38385,3.85466,6.44998,-0.16616,-0.52046,-0.84177,31.2543885,75.7050039,1.020,36.40
384.050,0.49799,5.73651,5.78918,-0.31887,-0.93218,-0.70983,31.2543885,75.7050039,1.020,36.40
384.153,-0.47884,7.03416,9.08839,-0.23946,-0.40073,-0.21869,31.2543885,75.7050039,1.020,36.40
384.256,-0.33040,8.21211,9.87369,-0.40073,-0.03787,0.01100,31.2543970,75.7050109,0.930,34.10
384.359,-1.50835,3.23696,10.57758,0.66829,1.56748,0.86499,31.2543970,75.7050109,0.930,34.10
384.462,-0.80445,2.09732,9.57202,0.79412,1.20585,1.54549,31.2543970,75.7050109,0.930,34.10
384.564,0.42138,2.73897,5.76524,0.05498,2.60106,2.24554,31.2543970,75.7050109,0.930,34.10
384.666,3.92649,6.40210,7.74764,0.19059,0.85032,1.36101,31.2543970,75.7050109,0.930,34.10
384.768,5.03261,7.42681,7.65187,0.30177,-0.75503,0.77580,31.2543970,75.7050109,0.930,34.10
384.870,4.18985,4.75967,13.19205,-0.29566,-1.47829,-0.56322,31.2543970,75.7050109,0.930,34.10
384.973,2.99754,4.21380,6.09564,-0.28588,-0.47403,-0.82100,31.2543970,75.7050109,0.930,34.10
385.075,1.04866,4.56335,5.60243,0.02077,-0.25656,-0.40317,31.2543970,75.7050109,0.930,34.10
385.177,2.94487,5.84185,4.82671,-0.39706,-0.98716,-0.39095,31.2544062,75.7050157,1.020,24.50
385.285,2.26970,7.37414,9.99819,-0.64996,-0.00733,-0.39828,31.2544062,75.7050157,1.020,24.50
385.387,-0.38786,4.25689,15.19839,0.03787,1.50029,0.57421,31.2544062,75.7050157,1.020,24.50
385.492,1.32160,4.65912,6.28239,0.68539,-0.54489,0.73548,31.2544062,75.7050157,1.020,24.50
385.595,-0.00479,2.51391,6.29196,-0.82467,0.34819,0.21502,31.2544062,75.7050157,1.020,24.50
385.698,2.08774,5.47793,9.87848,-0.05620,1.28893,0.42028,31.2544062,75.7050157,1.020,24.50
385.800,3.84988,6.46434,11.25754,0.47770,-0.63652,0.85277,31.2544062,75.7050157,1.020,24.50
385.905,3.69665,5.78439,9.31344,-0.39828,0.48991,0.06475,31.2544062,75.7050157,1.020,24.50
386.009,3.84988,2.79164,7.46991,0.76725,0.17593,-0.28344,31.2544062,75.7050157,1.020,24.50
386.111,2.62883,3.74453,7.07726,-0.36285,-0.48625,-0.82833,31.2544062,75.7050157,1.020,24.50
386.216,1.68073,4.84108,7.15387,-0.22602,-0.38118,-0.71349,31.2544146,75.7050210,0.920,24.40
386.318,3.60088,6.10043,8.96389,0.16738,-0.09652,-0.23702,31.2544146,75.7050210,0.920,24.40
386.421,2.23140,7.38851,8.90164,0.56933,-0.57544,-0.48258,31.2544146,75.7050210,0.920,24.40
386.523,0.03352,6.16268,12.76110,-0.11729,-1.10322,-0.53390,31.2544146,75.7050210,0.920,24.40
386.625,-0.33519,4.77404,8.38449,0.53756,-0.37751,0.12828,31.2544146,75.7050210,0.920,24.40
386.727,1.25456,4.46758,5.25288,0.48258,0.95295,0.33720,31.2544146,75.7050210,0.920,24.40
386.829,2.37984,5.85143,5.44441,0.40684,0.04276,0.11973,31.2544146,75.7050210,0.920,24.40
386.932,3.65834,6.34463,7.28795,-0.34086,-0.19303,-0.10018,31.2544146,75.7050210,0.920,24.40
387.034,6.42604,5.68862,11.74117,-1.31703,-1.75318,-0.52657,31.2544146,75.7050210,0.920,24.40
387.137,3.68707,4.90333,4.82192,-0.17349,0.14661,-0.30665,31.2544146,75.7050210,0.920,24.40
387.239,1.98719,3.94086,5.57849,-0.69761,-0.17837,-0.83811,31.2544242,75.7050266,1.010,23.10
387.342,2.00634,6.12916,6.24408,-0.50702,-0.87354,-0.58154,31.2544242,75.7050266,1.010,23.10
387.445,0.94810,7.04853,9.70609,-0.14416,-0.04032,0.18937,31.2544242,75.7050266,1.010,23.10
387.548,2.18830,6.02860,15.01164,-0.37874,-0.45326,0.65973,31.2544242,75.7050266,1.010,23.10
387.650,0.77093,4.89854,6.92882,1.09223,0.70738,1.07757,31.2544242,75.7050266,1.010,23.10
387.752,2.09732,3.63919,7.58004,0.91508,1.32436,0.74892,31.2544242,75.7050266,1.010,23.10
387.855,3.24175,4.92727,5.03261,0.96272,0.76969,0.43371,31.2544242,75.7050266,1.010,23.10
387.958,3.54342,5.16669,6.31112,-0.17226,0.05253,-0.07208,31.2544242,75.7050266,1.010,23.10
388.059,5.27682,6.25844,6.67025,-0.53023,-0.84422,0.01710,31.2544242,75.7050266,1.010,23.10
388.161,4.50110,3.34231,10.89841,-0.51435,-0.51679,-0.56444,31.2544242,75.7050266,1.010,23.10
388.263,3.34709,4.12282,5.61680,-0.97005,-0.76847,-1.01159,31.2544341,75.7050336,1.090,27.20
388.365,1.00556,3.60567,6.92403,-0.69394,-0.09041,-0.96761,31.2544341,75.7050336,1.090,27.20
388.468,1.92973,5.65032,8.75320,-0.67073,-0.43494,-0.16127,31.2544341,75.7050336,1.090,27.20
388.570,2.23140,7.09163,10.03170,-0.03054,-0.00489,0.23946,31.2544341,75.7050336,1.090,27.20
388.673,2.11169,3.56257,15.92623,0.54978,-0.06353,0.47281,31.2544341,75.7050336,1.090,27.20
388.775,1.50835,3.81636,8.38928,1.08612,-0.13806,0.88942,31.2544341,75.7050336,1.090,27.20
388.877,2.06380,2.93050,7.62314,0.61453,1.29748,0.45937,31.2544341,75.7050336,1.090,27.20
388.980,2.96402,4.33351,5.62637,0.83322,0.64874,0.28100,31.2544341,75.7050336,1.090,27.20
389.083,5.10444,4.63996,7.15387,0.12095,-0.13195,0.13928,31.2544341,75.7050336,1.090,27.20
389.186,6.76601,4.33829,8.47547,-1.51006,-0.91996,-0.24068,31.2544433,75.7050391,1.110,29.20
389.288,4.63517,3.38061,5.49230,-0.14294,-0.08552,-0.30543,31.2544433,75.7050391,1.110,29.20
389.391,2.99275,3.35667,7.14430,-1.15698,-0.44227,-1.03236,31.2544433,75.7050391,1.110,29.20
389.494,2.14520,4.51068,7.61356,-0.59010,-0.72693,-1.01648,31.2544433,75.7050391,1.110,29.20
389.597,3.70622,5.66468,10.86010,-0.28711,-0.33964,-0.59987,31.2544433,75.7050391,1.110,29.20
389.699,3.13640,5.62159,9.81144,-0.18204,-1.10322,0.25901,31.2544433,75.7050391,1.110,29.20
389.802,3.12683,2.51391,9.13627,1.56259,0.91630,-0.00244,31.2544433,75.7050391,1.110,29.20
389.904,1.78607,2.56180,7.21612,1.02259,0.23579,0.12462,31.2544433,75.7050391,1.110,29.20
390.007,2.67672,5.05177,4.55377,0.74770,0.65240,0.47770,31.2544433,75.7050391,1.110,29.20
390.109,4.45322,5.08528,6.66067,0.33964,0.00244,-0.09774,31.2544433,75.7050391,1.110,29.20
390.211,5.20499,5.54018,6.34942,-0.53145,-0.74403,0.15394,31.2544520,75.7050448,0.950,29.50
390.313,6.59842,3.37582,11.65976,-1.41232,-0.21380,-0.45937,31.2544520,75.7050448,0.950,29.50
390.415,4.46279,4.23295,4.07014,-0.39462,-0.53634,-0.58521,31.2544520,75.7050448,0.950,29.50
390.517,2.61447,4.13718,5.53539,-0.94684,-0.23702,-1.06168,31.2544520,75.7050448,0.950,29.50
390.620,2.62883,5.28640,8.38449,-0.85277,-0.80146,-0.59498,31.2544520,75.7050448,0.950,29.50
390.722,3.15556,5.67426,10.37168,0.04032,0.23579,-0.08796,31.2544520,75.7050448,0.950,29.50
390.826,3.26090,4.42927,12.92869,-0.88087,-0.92974,0.00367,31.2544520,75.7050448,0.950,29.50
390.928,3.18908,2.83473,10.41478,0.97983,0.27733,0.43738,31.2544520,75.7050448,0.950,29.50
391.033,1.19710,2.13563,5.00388,0.67562,1.29626,0.45815,31.2544520,75.7050448,0.950,29.50
391.134,2.52349,4.07972,5.59764,0.54856,0.19670,0.57299,31.2544520,75.7050448,0.950,29.50
391.237,4.50589,4.14197,10.30464,-0.27122,-0.17226,0.44838,31.2544606,75.7050519,0.960,30.70
391.338,6.64152,5.13796,7.76679,-0.30299,-0.50824,0.01710,31.2544606,75.7050519,0.960,30.70
391.441,5.68862,2.58574,10.17057,-0.15272,0.57299,-0.42516,31.2544606,75.7050519,0.960,30.70
391.544,4.42927,3.47159,5.95677,-0.08430,-0.59010,-0.54856,31.2544606,75.7050519,0.960,30.70
391.646,2.20267,4.04141,5.98550,-0.11484,-0.15760,-0.86621,31.2544606,75.7050519,0.960,30.70
391.748,2.93050,6.05733,9.21768,-0.60353,-0.84177,-0.45815,31.2544606,75.7050519,0.960,30.70
391.851,1.85311,6.77080,8.97826,0.47281,0.37507,0.03787,31.2544606,75.7050519,0.960,30.70
391.953,3.29442,2.47560,13.69483,0.90652,1.01892,0.05742,31.2544606,75.7050519,0.960,30.70
392.057,2.13563,2.62405,8.82024,1.17897,0.41417,0.53023,31.2544606,75.7050519,0.960,30.70
392.161,2.12605,3.02627,5.06134,0.60598,1.52961,0.66340,31.2544606,75.7050519,0.960,30.70
392.263,3.15077,4.74052,3.93607,0.48381,0.61942,0.74403,31.2544686,75.7050593,0.980,33.70
392.365,4.69742,6.07170,7.56089,-0.50457,-0.34819,0.21625,31.2544686,75.7050593,0.980,33.70
392.466,6.35421,5.82749,9.52413,-1.09223,-0.31276,-0.31032,31.2544686,75.7050593,0.980,33.70
392.570,5.34386,3.31358,8.25521,0.16738,0.38362,-0.81001,31.2544686,75.7050593,0.980,33.70
392.673,2.54743,2.33674,3.97437,-0.91019,-0.65363,-1.24861,31.2544686,75.7050593,0.980,33.70
392.779,1.59933,3.92649,7.55610,-1.12521,-1.31825,-1.24372,31.2544686,75.7050593,0.980,33.70
392.884,0.89064,4.70700,12.61744,-1.40255,0.19059,-0.52657,31.2544686,75.7050593,0.980,33.70
392.989,0.92416,4.68306,13.01967,-0.47647,-0.75747,-0.06475,31.2544686,75.7050593,0.980,33.70
393.093,0.00958,1.99198,8.04931,1.38422,0.84177,0.96395,31.2544686,75.7050593,0.980,33.70
393.195,1.36948,1.09654,9.22246,1.66155,0.09652,1.19607,31.2544781,75.7050658,0.910,30.60
393.298,2.82037,2.81558,5.49230,1.05802,0.88453,1.45630,31.2544781,75.7050658,0.910,30.60
393.402,3.73974,4.31914,6.77559,0.25779,0.51557,0.60109,31.2544781,75.7050658,0.910,30.60
393.506,5.12838,4.30956,8.41801,-0.43982,0.04032,0.27978,31.2544781,75.7050658,0.910,30.60
393.612,7.05332,2.73897,14.09227,-0.92974,-0.74526,-0.23824,31.2544781,75.7050658,0.910,30.60
393.717,4.74531,3.37104,3.53384,-0.24435,-0.76969,-0.28955,31.2544781,75.7050658,0.910,30.60
393.820,3.23696,2.90177,6.66067,-0.83689,-0.59132,-0.70983,31.2544781,75.7050658,0.910,30.60
393.925,2.54264,3.93128,8.35098,-0.65607,-0.92363,-0.42394,31.2544781,75.7050658,0.910,30.60
394.029,2.63362,5.26246,11.67413,-0.24679,-0.07697,0.09774,31.2544781,75.7050658,0.910,30.60
394.135,4.06535,3.75411,17.56865,-0.59132,-0.52779,0.35308,31.2544781,75.7050658,0.910,30.60
394.238,2.68151,1.97761,8.04931,1.75807,0.58399,0.95906,31.2544842,75.7050731,0.910,31.70
394.340,3.77805,1.73819,6.26323,1.41110,1.36345,0.61942,31.2544842,75.7050731,0.910,31.70
394.442,3.60567,2.68629,5.26246,1.06046,1.09467,0.66096,31.2544842,75.7050731,0.910,31.70
394.546,4.83629,4.07493,6.38773,-0.08552,0.45326,0.51191,31.2544842,75.7050731,0.910,31.70
394.651,5.75087,5.35822,6.25844,-0.28100,-0.27611,0.32742,31.2544842,75.7050731,0.910,31.70
394.757,6.67025,3.07416,11.91834,-0.60720,0.25290,-0.41783,31.2544842,75.7050731,0.910,31.70
394.860,3.97437,2.83473,6.12916,-0.49724,-0.45326,-0.79412,31.2544842,75.7050731,0.910,31.70
394.963,2.47082,3.52905,6.11479,-0.28833,-0.61575,-0.90408,31.2544842,75.7050731,0.910,31.70
395.066,2.93529,5.11880,9.07402,-0.52290,-0.66951,-0.39584,31.2544842,75.7050731,0.910,31.70
395.168,2.72460,5.58807,11.09473,0.27367,0.05620,0.03054,31.2544934,75.7050803,1.040,30.40
395.269,4.69264,4.62081,15.24149,-0.50702,-0.52779,0.16860,31.2544934,75.7050803,1.040,30.40
395.371,2.81079,2.68629,8.95431,1.37567,0.47403,0.64385,31.2544934,75.7050803,1.040,30.40
395.473,2.26013,2.42293,5.16190,1.34635,1.29626,0.42028,31.2544934,75.7050803,1.040,30.40
395.576,2.92093,4.68785,5.41090,0.40561,0.63530,0.25290,31.2544934,75.7050803,1.040,30.40
395.677,3.88340,5.57849,8.51857,0.14416,-0.03910,0.25779,31.2544934,75.7050803,1.040,30.40
395.779,5.46357,6.09564,6.85221,-0.46181,-0.39340,0.14539,31.2544934,75.7050803,1.040,30.40
395.882,5.88974,3.59609,9.43794,0.08552,0.16860,-0.31887,31.2544934,75.7050803,1.040,30.40
395.983,4.07972,3.02148,5.50188,-0.38118,-0.82833,-0.71960,31.2544934,75.7050803,1.040,30.40
396.085,2.22661,3.69665,5.05177,-0.70738,-0.82100,-0.56566,31.2544934,75.7050803,1.040,30.40
396.188,2.64320,5.60722,8.57603,-0.72082,-1.02259,-0.12095,31.2545028,75.7050877,0.980,30.10
396.290,2.90656,6.47871,10.95108,-0.58154,-0.14783,0.06231,31.2545028,75.7050877,0.980,30.10
396.392,5.67905,5.10923,16.45774,-0.15027,-0.12706,0.38729,31.2545028,75.7050877,0.980,30.10
396.494,3.81157,2.97360,7.80031,1.58825,0.75503,0.26389,31.2545028,75.7050877,0.980,30.10
396.596,2.94966,2.61926,5.61680,0.97250,1.26083,0.32498,31.2545028,75.7050877,0.980,30.10
396.699,2.67672,4.41970,5.04698,0.84910,0.50580,0.39095,31.2545028,75.7050877,0.980,30.10
396.801,4.19943,6.07648,6.62236,-0.08796,-0.02199,0.24923,31.2545028,75.7050877,0.980,30.10
396.904,5.38217,6.26323,6.46434,-0.52290,-0.09774,0.13561,31.2545028,75.7050877,0.980,30.10
397.006,6.62715,3.53384,9.88805,-0.16860,0.42394,-0.32009,31.2545028,75.7050877,0.980,30.10
397.109,4.90333,3.77326,4.50589,-0.21991,-1.46974,-0.60353,31.2545028,75.7050877,0.980,30.10
397.211,3.00712,3.95043,6.16746,-0.93340,-0.53634,-0.72693,31.2545100,75.7050952,1.000,28.80
397.313,2.49955,5.87537,8.28394,-0.71471,-0.91508,-0.50457,31.2545100,75.7050952,1.000,28.80
397.416,3.00233,7.01022,10.97981,-0.18692,-0.01833,-0.12584,31.2545100,75.7050952,1.000,28.80
397.518,4.75010,4.05099,16.11298,0.88087,0.32132,0.27122,31.2545100,75.7050952,1.000,28.80
397.621,3.12204,3.64876,8.13550,0.93707,0.16005,0.58154,31.2545100,75.7050952,1.000,28.80
397.726,2.26491,3.24654,4.68785,0.78557,1.43187,0.48625,31.2545100,75.7050952,1.000,28.80
397.829,2.87783,4.93684,5.00867,0.84422,0.43371,0.54123,31.2545100,75.7050952,1.000,28.80
397.931,4.91769,6.37815,6.55532,0.09041,0.16005,0.45082,31.2545100,75.7050952,1.000,28.80
398.036,6.59363,6.94797,6.80432,-0.76847,-0.25045,-0.16738,31.2545100,75.7050952,1.000,28.80
398.137,4.97994,2.82037,6.62715,0.25901,0.92363,-0.45571,31.2545100,75.7050952,1.000,28.80
398.239,3.79720,3.35188,3.40455,-0.32742,-0.20159,-0.37507,31.2545196,75.7051019,1.120,25.00
398.341,1.54665,4.75010,4.13718,-0.69272,-1.09101,-0.47037,31.2545196,75.7051019,1.120,25.00
398.444,2.90177,7.05332,10.20409,-1.11055,-0.46059,-0.10385,31.2545196,75.7051019,1.120,25.00
398.547,2.79164,6.99107,10.45787,-0.15149,-0.15272,0.25045,31.2545196,75.7051019,1.120,25.00
398.652,4.53462,2.81558,15.03559,0.85277,0.57055,0.38851,31.2545196,75.7051019,1.120,25.00
398.754,2.77727,2.70066,8.06367,1.28282,0.48625,0.50457,31.2545196,75.7051019,1.120,25.00
398.856,2.81079,3.77326,4.76446,0.98716,0.98960,0.79657,31.2545196,75.7051019,1.120,25.00
398.957,3.58173,5.15232,5.53539,0.85277,0.37751,0.65485,31.2545196,75.7051019,1.120,25.00
399.060,6.94797,6.22492,7.79073,-0.19670,-0.14783,0.38118,31.2545196,75.7051019,1.120,25.00
399.164,7.91523,5.33428,8.48984,-1.55648,-0.24312,-0.29810,31.2545294,75.7051086,1.080,22.20
399.266,4.41491,3.33752,3.43329,-0.23091,0.72326,-0.59254,31.2545294,75.7051086,1.080,22.20
399.369,3.58173,3.24175,5.57370,-1.12521,-0.67317,-0.88942,31.2545294,75.7051086,1.080,22.20
399.471,3.28484,4.49152,6.58405,-0.83200,-1.21684,-0.81978,31.2545294,75.7051086,1.080,22.20
399.573,3.63919,5.43963,10.72124,-0.90408,-0.44838,-0.53267,31.2545294,75.7051086,1.080,22.20
399.675,4.48673,6.75644,12.01410,-0.88698,-1.52838,0.08552,31.2545294,75.7051086,1.080,22.20
399.778,3.03106,2.84910,10.17057,1.50029,0.82345,0.28955,31.2545294,75.7051086,1.080,22.20
399.880,2.48039,2.75812,6.68461,1.41232,0.01710,0.08552,31.2545294,75.7051086,1.080,22.20
399.983,2.30801,3.61046,6.02381,0.78313,0.50335,0.16005,31.2545294,75.7051086,1.080,22.20
400.087,4.77404,4.63039,6.36379,-0.27733,-0.10629,0.28100,31.2545294,75.7051086,1.080,22.20
400.189,6.15789,5.03740,6.33027,-0.17593,0.26267,0.23457,31.2545389,75.7051152,1.020,23.20
400.291,8.23605,4.95121,8.95431,-0.80879,-1.40743,0.01955,31.2545389,75.7051152,1.020,23.20
400.393,6.44040,3.59609,6.13873,-0.74892,0.09285,-0.51924,31.2545389,75.7051152,1.020,23.20
400.496,4.63039,3.37104,4.47716,-0.53756,-0.15149,-0.86743,31.2545389,75.7051152,1.020,23.20
400.598,3.18908,3.79720,5.09965,-0.57421,-1.49295,-0.82467,31.2545389,75.7051152,1.020,23.20
400.700,6.92882,6.04775,12.72279,-0.97616,-0.42272,0.45326,31.2545389,75.7051152,1.020,23.20
400.804,6.51223,5.38217,15.75385,-0.07453,0.05253,0.25656,31.2545389,75.7051152,1.020,23.20
400.907,3.15077,3.24654,8.71011,1.66278,0.07453,0.37874,31.2545389,75.7051152,1.020,23.20
401.009,3.09810,1.85311,5.69341,1.49051,1.19852,0.14416,31.2545389,75.7051152,1.020,23.20
401.111,4.49631,3.53863,5.03261,1.09711,0.60353,0.35186,31.2545389,75.7051152,1.020,23.20
401.213,5.66947,4.29041,5.08050,-0.32865,0.60109,0.26634,31.2545459,75.7051224,0.820,26.70
401.315,6.71334,4.83150,5.00867,-1.08123,-0.61697,0.35430,31.2545459,75.7051224,0.820,26.70
401.418,9.36133,4.50110,10.13226,-1.05680,1.31947,-0.24801,31.2545459,75.7051224,0.820,26.70
401.521,5.36301,3.99832,3.67749,0.26389,-1.42698,-0.98960,31.2545459,75.7051224,0.820,26.70
401.623,4.04620,3.56736,6.79953,-1.04824,-0.24190,-0.96639,31.2545459,75.7051224,0.820,26.70
401.726,3.46680,5.57849,7.29753,-0.13928,-0.59010,-0.35675,31.2545459,75.7051224,0.820,26.70
401.830,2.95923,6.09085,8.85855,0.32254,0.13439,0.04765,31.2545459,75.7051224,0.820,26.70
401.933,4.45322,4.21380,15.66287,-0.21625,0.58643,0.58032,31.2545459,75.7051224,0.820,26.70
402.035,3.59609,3.04064,9.63427,1.13132,0.32254,0.45693,31.2545459,75.7051224,0.820,26.70
402.138,3.04542,2.37984,5.92325,1.19607,1.51861,0.18326,31.2545459,75.7051224,0.820,26.70
402.241,2.50433,3.38540,5.04219,0.83444,0.88575,0.19303,31.2545538,75.7051277,0.850,21.90
402.342,3.74453,4.10845,5.01825,-0.03543,-0.01344,0.51801,31.2545538,75.7051277,0.850,21.90
402.445,7.00543,3.61524,5.75566,-2.34572,-1.39766,0.27122,31.2545538,75.7051277,0.850,21.90
402.549,6.23450,2.48997,10.86968,-1.74463,2.07694,-0.13928,31.2545538,75.7051277,0.850,21.90
402.651,3.96480,2.14999,6.17704,-0.01100,-1.68721,-1.06413,31.2545538,75.7051277,0.850,21.90
402.754,2.85868,2.57137,7.57047,-0.81612,-0.35552,-0.82345,31.2545538,75.7051277,0.850,21.90
402.857,2.80600,3.66313,10.10832,-0.69516,-0.35919,-0.24190,31.2545538,75.7051277,0.850,21.90
402.960,4.67827,4.14676,11.16177,-0.28344,-0.22480,-0.05620,31.2545538,75.7051277,0.850,21.90
403.062,3.17950,0.41180,14.13058,0.00000,1.39644,0.16005,31.2545538,75.7051277,0.850,21.90
403.164,2.88741,0.50278,7.32147,1.82282,-0.31887,0.35064,31.2545538,75.7051277,0.850,21.90
403.266,2.18830,1.77650,5.35822,1.18508,0.78557,0.71716,31.2545608,75.7051350,0.970,20.80
403.369,3.17471,2.96881,5.55455,0.73670,-0.26878,0.38485,31.2545608,75.7051350,0.970,20.80
403.471,6.20577,3.64876,8.14029,-0.44593,0.04765,0.71593,31.2545608,75.7051350,0.970,20.80
403.575,9.53850,2.90177,13.24472,-2.10993,-0.84055,-0.16860,31.2545608,75.7051350,0.970,20.80
403.678,5.88974,2.25055,5.66947,0.15272,0.97983,-0.60231,31.2545608,75.7051350,0.970,20.80
403.782,4.07014,2.57137,5.05177,-0.45204,-0.25901,-1.09467,31.2545608,75.7051350,0.970,20.80
403.885,2.65278,3.04542,6.60321,-0.36163,-1.15454,-0.88087,31.2545608,75.7051350,0.970,20.80
403.989,2.03986,3.99832,12.24874,-0.55589,-0.29444,-0.17837,31.2545608,75.7051350,0.970,20.80
404.091,4.17070,4.09887,17.00362,-0.85643,-1.29137,0.48381,31.2545608,75.7051350,0.970,20.80
404.193,3.03585,0.45490,10.99896,2.28708,0.73059,1.18997,31.2545693,75.7051414,0.950,24.50
404.294,3.44286,0.25379,5.59764,2.24310,1.57603,0.45815,31.2545693,75.7051414,0.950,24.50
404.396,2.61926,2.50912,3.22260,1.06535,1.01404,0.93829,31.2545693,75.7051414,0.950,24.50
404.498,5.02782,3.39019,7.60877,-0.62186,-0.27489,0.21502,31.2545693,75.7051414,0.950,24.50
404.603,6.85221,4.91769,6.53138,-0.26634,0.45326,-0.05620,31.2545693,75.7051414,0.950,24.50
404.705,6.47871,2.44687,13.41711,-0.84422,1.27060,-0.26512,31.2545693,75.7051414,0.950,24.50
404.807,4.74531,2.82995,4.35745,-0.42394,-1.43676,-0.98349,31.2545693,75.7051414,0.950,24.50
404.910,2.50433,2.75812,6.41646,-0.98349,-0.52534,-1.19730,31.2545693,75.7051414,0.950,24.50
405.013,1.63763,3.64398,10.02213,-1.04702,-0.77580,-0.69883,31.2545693,75.7051414,0.950,24.50
405.116,1.95367,5.30555,12.24395,-0.01222,-0.07575,0.11484,31.2545693,75.7051414,0.950,24.50
405.218,3.86903,2.41814,18.67956,0.43860,0.44227,0.19426,31.2545778,75.7051474,1.000,23.90
405.319,2.34632,1.25456,8.14507,2.25654,0.56688,0.56688,31.2545778,75.7051474,1.000,23.90
405.421,2.71024,1.77171,4.53941,1.36712,1.18508,0.23579,31.2545778,75.7051474,1.000,23.90
405.523,2.07817,2.85389,4.23295,0.59620,0.68417,0.13683,31.2545778,75.7051474,1.000,23.90
405.626,3.03106,4.10366,6.77080,-0.27855,-0.60964,0.76847,31.2545778,75.7051474,1.000,23.90
405.728,7.67102,5.19063,12.17691,-2.08672,-0.81001,0.17226,31.2545778,75.7051474,1.000,23.90
405.831,5.58807,3.62003,6.79474,0.72571,0.61209,-0.50824,31.2545778,75.7051474,1.000,23.90
405.933,3.70144,2.91614,4.95600,-1.01404,-0.83200,-1.05069,31.2545778,75.7051474,1.000,23.90
406.035,2.53307,3.44765,6.03339,-0.15638,-0.81245,-0.82833,31.2545778,75.7051474,1.000,23.90
406.138,3.27048,5.15232,8.97826,-0.82955,-0.45082,-0.49724,31.2545778,75.7051474,1.000,23.90
406.241,3.11725,6.20098,11.67892,-0.41172,0.39340,-0.21258,31.2545861,75.7051540,0.990,25.50
406.343,2.53307,2.92571,14.93503,0.67928,0.81856,-0.05986,31.2545861,75.7051540,0.990,25.50
406.445,1.56102,2.82516,7.82904,1.35368,-0.35675,0.31521,31.2545861,75.7051540,0.990,25.50
406.548,2.28886,3.17950,5.61201,1.18874,0.61575,0.15272,31.2545861,75.7051540,0.990,25.50
406.650,1.52271,4.11803,5.43963,0.35919,0.39462,0.06720,31.2545861,75.7051540,0.990,25.50
406.754,2.64799,4.86981,8.08761,-0.44349,0.03054,0.21747,31.2545861,75.7051540,0.990,25.50
406.856,4.39575,5.32949,7.69496,-1.24983,-0.12828,0.53267,31.2545861,75.7051540,0.990,25.50
406.959,4.99909,3.81157,8.61434,0.37507,0.64385,-0.04276,31.2545861,75.7051540,0.990,25.50
407.062,4.02705,3.56736,6.13394,-0.48991,-0.40684,-0.53634,31.2545861,75.7051540,0.990,25.50
407.165,2.37505,3.84030,5.12838,-0.01100,-0.90286,-0.48014,31.2545861,75.7051540,0.990,25.50
407.268,2.58095,5.31513,9.42358,-0.60231,-0.59132,-0.26267,31.2545962,75.7051609,1.050,26.30
407.371,1.44610,6.07170,10.88404,-0.14661,0.50824,0.19670,31.2545962,75.7051609,1.050,26.30
407.473,0.74220,3.08373,13.67089,1.16675,0.90408,0.96761,31.2545962,75.7051609,1.050,26.30
407.575,3.09810,4.60644,8.64307,1.58947,0.10507,1.15820,31.2545962,75.7051609,1.050,26.30
407.678,3.60088,4.82671,3.92170,1.08123,1.61391,-0.00733,31.2545962,75.7051609,1.050,26.30
407.783,4.59208,5.93762,4.14197,0.12950,0.13806,-1.54427,31.2545962,75.7051609,1.050,26.30
407.888,-0.02873,2.63362,7.89129,-0.84299,0.61820,-0.94073,31.2545962,75.7051609,1.050,26.30
407.993,7.36456,4.06535,10.57758,-1.15698,-1.88146,1.48562,31.2545962,75.7051609,1.050,26.30
408.096,5.53539,3.59609,5.75566,-0.20647,-0.47647,-0.34941,31.2545962,75.7051609,1.050,26.30
408.198,3.83551,3.12683,5.76524,-0.72571,-0.98838,-0.94440,31.2546050,75.7051684,1.060,26.80
408.303,2.16436,3.53384,6.74686,-1.00671,-1.65544,-1.04580,31.2546050,75.7051684,1.060,26.80
408.406,2.39899,5.27203,11.93270,-1.04336,-0.69883,-0.57177,31.2546050,75.7051684,1.060,26.80
408.511,3.00233,5.77003,12.95742,-0.53023,-0.03665,0.23824,31.2546050,75.7051684,1.060,26.80
408.616,2.27928,3.04542,8.69574,1.51495,0.81489,0.74403,31.2546050,75.7051684,1.060,26.80
408.719,2.33674,1.92015,6.08606,1.79350,0.34331,0.53267,31.2546050,75.7051684,1.060,26.80
408.822,2.00634,3.14119,4.75488,0.72449,0.99082,0.46670,31.2546050,75.7051684,1.060,26.80
408.927,2.83473,3.95522,7.81946,-0.11118,0.55955,0.53634,31.2546050,75.7051684,1.060,26.80
409.030,7.45076,5.28161,7.99663,-0.27855,0.26756,0.72693,31.2546050,75.7051684,1.060,26.80
409.138,6.56490,3.07416,10.36689,-0.23457,1.20340,-0.07208,31.2546050,75.7051684,1.060,26.80
409.241,4.56814,3.13162,4.96557,-0.09285,-0.94195,-0.55222,31.2546140,75.7051759,1.040,31.30
409.344,2.36068,2.94966,5.85622,-0.44227,-0.91508,-0.73182,31.2546140,75.7051759,1.040,31.30
409.447,3.35188,4.95600,9.66779,-0.46792,-1.20096,-0.35797,31.2546140,75.7051759,1.040,31.30
409.550,2.70066,6.38294,10.63504,0.04765,0.43371,0.21747,31.2546140,75.7051759,1.040,31.30
409.653,4.48195,3.94564,16.41465,0.72693,0.41050,0.40928,31.2546140,75.7051759,1.040,31.30
409.757,2.79164,2.41814,7.59920,1.64689,0.15149,0.54734,31.2546140,75.7051759,1.040,31.30
409.859,2.38941,2.49476,4.36224,0.89309,1.16187,0.55222,31.2546140,75.7051759,1.040,31.30
409.962,2.90177,3.91213,5.59285,0.20892,0.26756,0.27122,31.2546140,75.7051759,1.040,31.30
410.065,5.42526,4.69264,8.78193,-0.10385,0.18937,0.42638,31.2546140,75.7051759,1.040,31.30
410.167,8.42280,4.75488,12.99573,-1.90101,-0.78679,-0.08552,31.2546217,75.7051828,1.010,32.40
410.268,4.77404,3.66792,4.09408,0.47281,0.80390,-0.11851,31.2546217,75.7051828,1.010,32.40
410.370,3.92170,2.88741,5.10923,-0.43371,-0.51679,-0.95295,31.2546217,75.7051828,1.010,32.40
410.473,2.99754,3.65355,5.55455,-0.86865,-1.23517,-0.66706,31.2546217,75.7051828,1.010,32.40
410.577,3.13640,5.18105,10.55843,-0.76114,-0.09652,-0.10263,31.2546217,75.7051828,1.010,32.40
410.679,3.91213,6.17704,12.33972,-0.78435,-1.36712,-0.03787,31.2546217,75.7051828,1.010,32.40
410.781,4.23774,3.51948,11.76990,1.40377,0.53390,0.11240,31.2546217,75.7051828,1.010,32.40
410.885,3.40455,2.21224,7.26401,1.93644,0.26267,-0.29444,31.2546217,75.7051828,1.010,32.40
410.987,2.21224,2.36068,3.01669,1.26571,1.12033,0.00244,31.2546217,75.7051828,1.010,32.40
411.089,2.44209,4.22337,3.14598,0.16493,0.27733,0.25779,31.2546217,75.7051828,1.010,32.40
411.191,5.62637,5.22894,7.92002,-0.88331,-0.36285,0.70616,31.2546296,75.7051893,1.040,29.00
411.293,7.37414,2.60968,15.63893,-1.96454,0.35064,0.38607,31.2546296,75.7051893,1.040,29.00
411.395,6.43083,4.22337,5.12838,-0.74037,-0.58154,-0.18570,31.2546296,75.7051893,1.040,29.00
411.498,2.96881,3.10289,5.97593,-0.60598,-0.28955,-0.54245,31.2546296,75.7051893,1.040,29.00
411.602,4.31435,4.05578,8.23605,-0.34575,-1.00304,-0.23335,31.2546296,75.7051893,1.040,29.00
411.705,4.47237,4.87459,10.81221,0.03787,0.27122,-0.00977,31.2546296,75.7051893,1.040,29.00
411.807,6.44519,3.37104,18.02355,0.22969,-0.56566,0.10751,31.2546296,75.7051893,1.040,29.00
411.910,3.29921,2.69587,7.75721,1.79106,-0.18204,0.40439,31.2546296,75.7051893,1.040,29.00
412.012,2.50433,1.70946,5.19063,1.55038,0.73793,0.12339,31.2546296,75.7051893,1.040,29.00
412.114,2.17394,2.74376,4.91769,0.43494,0.66462,0.29932,31.2546296,75.7051893,1.040,29.00
412.217,5.60243,3.40934,9.59596,-0.62797,-0.37018,0.41539,31.2546378,75.7051977,0.960,32.30
412.319,7.75721,3.06458,8.76278,-2.06717,-0.21014,0.16982,31.2546378,75.7051977,0.960,32.30
412.421,7.46033,2.58574,7.99185,0.49358,1.61757,0.15149,31.2546378,75.7051977,0.960,32.30
412.523,5.02304,2.59053,3.54342,-0.38240,-0.18570,-0.81612,31.2546378,75.7051977,0.960,32.30
412.628,2.89220,2.41814,4.74052,-0.76725,-1.21073,-0.92852,31.2546378,75.7051977,0.960,32.30
412.729,3.82115,3.88818,11.31500,-1.05558,-0.95661,-0.23091,31.2546378,75.7051977,0.960,32.30
412.831,3.16035,6.76601,11.64061,0.38240,0.52168,0.13317,31.2546378,75.7051977,0.960,32.30
412.934,3.92649,2.56658,18.87589,1.62246,0.90164,-0.11362,31.2546378,75.7051977,0.960,32.30
413.037,3.86424,1.11091,9.62469,2.77088,0.37629,0.38485,31.2546378,75.7051977,0.960,32.30
413.140,2.68151,0.30167,1.82917,1.37200,2.24921,0.07941,31.2546378,75.7051977,0.960,32.30
413.242,0.43574,2.05422,0.14844,0.03421,0.41172,0.59010,31.2546467,75.7052054,1.040,27.80
413.345,6.99107,5.43005,9.84975,-1.64323,-1.60658,1.37323,31.2546467,75.7052054,1.040,27.80
413.447,10.67335,5.72214,19.69949,-2.12215,-0.68906,0.26267,31.2546467,75.7052054,1.040,27.80
413.550,4.55856,3.54342,4.96079,0.79412,0.71227,-0.28955,31.2546467,75.7052054,1.040,27.80
413.655,4.18506,3.14598,2.72460,-0.35797,-0.63408,-0.85155,31.2546467,75.7052054,1.040,27.80
413.758,2.82995,3.48117,6.63194,-0.83566,-0.74281,-0.76480,31.2546467,75.7052054,1.040,27.80
413.862,4.75967,5.24809,12.18649,-0.23213,0.38485,-0.30299,31.2546467,75.7052054,1.040,27.80
413.965,6.70855,5.75087,16.31409,0.18937,-1.09101,0.45204,31.2546467,75.7052054,1.040,27.80
414.067,3.05021,3.39019,6.17704,1.86803,-0.08552,0.38973,31.2546467,75.7052054,1.040,27.80
414.170,3.17950,2.68151,4.58729,0.87720,0.51679,-0.34086,31.2546572,75.7052106,0.970,25.10
414.271,1.68073,3.58651,3.56257,0.01466,0.67928,-0.32009,31.2546572,75.7052106,0.970,25.10
414.372,3.43807,5.89452,7.52258,-0.50335,-0.05620,0.28222,31.2546572,75.7052106,0.970,25.10
414.474,5.31992,6.35421,8.56167,-0.30055,0.35797,0.19670,31.2546572,75.7052106,0.970,25.10
414.577,8.04452,3.72538,13.79060,-0.37018,-0.17226,-0.19303,31.2546572,75.7052106,0.970,25.10
414.682,4.61602,3.31358,1.84832,0.05986,-0.44838,-0.47037,31.2546572,75.7052106,0.970,25.10
414.784,3.47638,2.97839,4.11803,-1.13132,-0.43738,-0.95661,31.2546572,75.7052106,0.970,25.10
414.886,3.86903,4.34787,7.09163,-1.26083,-1.25960,-0.88698,31.2546572,75.7052106,0.970,25.10
414.988,4.42448,5.57370,10.49618,-0.28588,-0.91019,-0.16371,31.2546572,75.7052106,0.970,25.10
415.090,4.26168,3.83072,18.72266,-1.13254,-0.37141,0.20281,31.2546572,75.7052106,0.970,25.10
415.194,3.41413,2.63841,9.86411,1.60169,0.95295,0.94195,31.2546633,75.7052160,0.770,28.60
415.295,4.36702,3.31358,4.99430,1.50639,0.73182,-0.18448,31.2546633,75.7052160,0.770,28.60
415.397,1.22583,2.57137,5.20021,0.88942,0.82711,-0.12339,31.2546633,75.7052160,0.770,28.60
415.499,1.91057,3.73495,6.72771,0.60964,0.30421,0.37385,31.2546633,75.7052160,0.770,28.60
415.603,5.65032,4.70221,8.38449,-0.21747,-0.08674,0.96761,31.2546633,75.7052160,0.770,28.60
415.706,8.96868,3.67749,14.08748,-0.24801,0.90286,0.48747,31.2546633,75.7052160,0.770,28.60
415.808,5.88495,3.97437,2.66235,0.26512,-0.53267,-0.22969,31.2546633,75.7052160,0.770,28.60
415.910,3.58173,2.80600,4.78362,-0.92241,-0.16860,-0.99571,31.2546633,75.7052160,0.770,28.60
416.015,3.03106,3.47638,6.10521,-0.74770,-1.28160,-0.65607,31.2546633,75.7052160,0.770,28.60
416.118,3.74453,5.17148,9.89284,-0.58032,0.06109,-0.42272,31.2546633,75.7052160,0.770,28.60
416.219,3.28484,7.28795,8.43717,-0.54489,0.05009,0.17349,31.2546703,75.7052232,0.850,29.80
416.322,4.23774,4.12760,11.83214,0.87232,1.14476,0.08063,31.2546703,75.7052232,0.850,29.80
416.424,2.77727,2.34153,9.75398,1.55771,0.07086,-0.03421,31.2546703,75.7052232,0.850,29.80
416.527,1.96325,2.60968,4.32393,1.31947,0.94928,0.02077,31.2546703,75.7052232,0.850,29.80
416.629,2.21703,4.66391,3.93128,1.06168,0.20159,0.18204,31.2546703,75.7052232,0.850,29.80
416.733,4.87459,6.47871,8.54251,-0.40806,-0.37385,0.32132,31.2546703,75.7052232,0.850,29.80
416.835,7.18739,5.97593,10.97502,-1.79717,-0.64630,-0.10629,31.2546703,75.7052232,0.850,29.80
416.937,5.22415,4.21380,5.00388,-0.05498,0.84422,-0.31887,31.2546703,75.7052232,0.850,29.80
417.039,3.59609,3.66792,4.44843,-0.81367,-0.74648,-0.58643,31.2546703,75.7052232,0.850,29.80
417.142,3.04542,4.39097,5.96635,-0.62186,-1.27915,-0.63408,31.2546703,75.7052232,0.850,29.80
417.245,3.45244,5.65989,10.29986,-0.73670,-0.40439,-0.41172,31.2546794,75.7052313,0.940,31.70
417.347,3.74453,7.23049,9.83538,-0.59498,-0.52901,0.30788,31.2546794,75.7052313,0.940,31.70
417.451,3.39498,4.01747,11.60230,1.29015,0.81856,0.33842,31.2546794,75.7052313,0.940,31.70
417.553,3.20823,3.70144,7.46991,1.18264,0.11362,0.00367,31.2546794,75.7052313,0.940,31.70
417.655,1.64242,3.02627,4.48195,0.51557,0.89309,-0.18692,31.2546794,75.7052313,0.940,31.70
417.759,1.88663,3.63919,6.03818,0.20159,0.21502,0.17349,31.2546794,75.7052313,0.940,31.70
417.862,4.09887,4.62081,8.38928,-0.38607,0.03299,0.64385,31.2546794,75.7052313,0.940,31.70
417.964,7.04853,4.71179,9.26077,-1.99997,-1.24617,0.38729,31.2546794,75.7052313,0.940,31.70
418.067,4.96079,3.65355,3.24654,0.52168,-0.26023,-0.19181,31.2546794,75.7052313,0.940,31.70
418.169,4.54898,2.98318,7.22091,-1.50762,-0.41783,-0.88942,31.2546870,75.7052410,1.010,30.30
418.271,3.24654,3.87382,6.98628,-0.24801,-0.67684,-0.38851,31.2546870,75.7052410,1.010,30.30
418.373,3.01669,5.01825,8.45153,-0.27367,0.16738,-0.16738,31.2546870,75.7052410,1.010,30.30
418.476,4.70221,6.24887,8.75799,-0.24312,-0.75992,0.22358,31.2546870,75.7052410,1.010,30.30
418.579,5.03261,3.15077,14.23114,0.83078,1.09101,0.15760,31.2546870,75.7052410,1.010,30.30
418.681,3.99832,3.08852,7.73806,1.58214,-0.06353,0.14905,31.2546870,75.7052410,1.010,30.30
418.782,2.14042,2.26013,4.23774,0.90042,1.26693,-0.00611,31.2546870,75.7052410,1.010,30.30
418.886,2.30801,3.78284,4.55856,0.39462,0.27611,0.26512,31.2546870,75.7052410,1.010,30.30
418.988,6.57448,5.11880,10.47703,-0.27611,-0.14661,0.64019,31.2546870,75.7052410,1.010,30.30
419.091,6.90967,4.52504,9.64384,-1.42698,-0.47037,0.19548,31.2546870,75.7052410,1.010,30.30
419.195,6.13394,3.29442,5.79876,0.00977,0.57910,-0.32132,31.2546945,75.7052492,1.010,30.90
419.296,4.49152,2.72939,6.66067,-0.91752,-0.23213,-0.99815,31.2546945,75.7052492,1.010,30.90
419.398,1.91057,3.34231,5.50666,-0.22235,-0.96761,-0.64385,31.2546945,75.7052492,1.010,30.90
419.503,2.34632,5.00867,10.27591,-0.79168,0.03543,-0.13683,31.2546945,75.7052492,1.010,30.90
419.607,3.14598,5.42047,10.76912,0.00000,0.44227,0.41172,31.2546945,75.7052492,1.010,30.90
419.711,3.72538,1.99676,11.08037,1.43553,0.91019,0.86743,31.2546945,75.7052492,1.010,30.90
419.815,3.80199,2.64799,7.99663,1.60413,-0.54000,0.71105,31.2546945,75.7052492,1.010,30.90
419.919,2.54264,1.93930,5.09965,1.02748,1.07634,0.82100,31.2546945,75.7052492,1.010,30.90
420.021,4.04141,4.74052,4.57293,0.62675,0.07941,0.38240,31.2546945,75.7052492,1.010,30.90
420.124,5.62159,4.69264,9.59117,-0.32865,-0.07330,-0.07330,31.2546945,75.7052492,1.010,30.90
420.226,5.96156,4.24253,6.96234,-1.22662,-0.04887,-0.14050,31.2547033,75.7052559,0.950,30.60
420.330,6.33027,2.84431,6.84263,0.17959,0.77213,-0.27000,31.2547033,75.7052559,0.950,30.60
420.432,3.82593,2.27928,5.98072,-1.33046,-0.81612,-1.18997,31.2547033,75.7052559,0.950,30.60
420.533,2.68629,3.48596,7.35499,-0.74770,-1.00915,-0.56566,31.2547033,75.7052559,0.950,30.60
420.639,2.82995,4.63996,11.11388,-0.49358,0.43616,-0.36041,31.2547033,75.7052559,0.950,30.60
420.742,1.63763,6.08127,7.93917,0.16738,0.07575,0.37385,31.2547033,75.7052559,0.950,30.60
420.846,3.69186,3.27048,14.37479,0.55344,-0.04398,0.79290,31.2547033,75.7052559,0.950,30.60
420.950,3.84030,1.63763,9.34218,2.10871,-0.37385,1.03236,31.2547033,75.7052559,0.950,30.60
421.052,2.64799,1.80044,3.41892,1.50029,0.80756,0.58765,31.2547033,75.7052559,0.950,30.60
421.155,3.01669,3.81636,4.87459,-0.00611,-0.01466,0.38118,31.2547033,75.7052559,0.950,30.60
421.257,6.65109,4.78362,8.83939,-0.21747,0.28466,0.42761,31.2547110,75.7052663,0.940,34.90
421.359,8.47069,4.07014,10.93192,-1.63468,-0.10507,-0.07941,31.2547110,75.7052663,0.940,34.90
421.462,5.46357,3.16035,4.29999,0.47403,0.36408,-0.10263,31.2547110,75.7052663,0.940,34.90
421.564,4.74531,2.63362,4.96079,-1.25227,-0.57299,-0.86376,31.2547110,75.7052663,0.940,34.90
421.666,4.15155,3.54342,7.95833,-0.51068,-0.98105,-0.66096,31.2547110,75.7052663,0.940,34.90
421.767,4.12282,4.97515,10.43872,-0.51313,0.10873,-0.55100,31.2547110,75.7052663,0.940,34.90
421.869,3.00712,5.69820,8.70053,-0.19548,0.12339,0.00733,31.2547110,75.7052663,0.940,34.90
421.972,3.43329,3.07416,9.87848,1.50273,0.78069,0.39218,31.2547110,75.7052663,0.940,34.90
422.074,3.46202,2.33674,6.57927,1.03236,0.69516,0.19426,31.2547110,75.7052663,0.940,34.90
422.177,3.01669,2.76770,3.96001,0.99693,0.65851,0.29322,31.2547187,75.7052753,0.900,37.80
422.279,4.22816,4.57771,5.60243,-0.19670,0.17471,0.09652,31.2547187,75.7052753,0.900,37.80
422.381,5.18584,5.37259,7.97269,-0.81367,0.28100,0.10873,31.2547187,75.7052753,0.900,37.80
422.484,7.25922,3.33752,16.01242,-1.52228,0.06109,-0.31154,31.2547187,75.7052753,0.900,37.80
422.586,4.70221,3.52426,3.86424,0.20159,-0.44349,-0.47403,31.2547187,75.7052753,0.900,37.80
422.687,3.90734,2.60010,6.92403,-0.54978,-0.03665,-0.91141,31.2547187,75.7052753,0.900,37.80
422.790,3.64398,3.81636,7.97748,-0.26145,-1.25838,-0.68661,31.2547187,75.7052753,0.900,37.80
422.891,2.71024,5.56412,8.78672,-0.48869,0.11851,-0.55467,31.2547187,75.7052753,0.900,37.80
422.994,3.09810,4.15155,19.89103,-0.07086,-0.54245,0.55222,31.2547187,75.7052753,0.900,37.80
423.098,2.70545,3.51469,10.38126,2.02441,-0.03054,0.85765,31.2547187,75.7052753,0.900,37.80
423.200,2.59053,1.96803,5.75566,1.91445,1.24739,0.33964,31.2547261,75.7052834,1.020,37.80
423.302,2.48039,3.77805,4.78362,1.08123,0.56933,0.31276,31.2547261,75.7052834,1.020,37.80
423.407,4.13718,4.63039,6.93840,-0.18815,0.41539,0.19059,31.2547261,75.7052834,1.020,37.80
423.510,5.18584,5.63116,5.29119,-1.18752,0.23457,0.07819,31.2547261,75.7052834,1.020,37.80
423.611,5.69341,3.83072,9.83538,-0.33353,0.49602,-0.10385,31.2547261,75.7052834,1.020,37.80
423.714,4.37181,4.38139,4.46279,-0.73793,-0.96150,-0.52657,31.2547261,75.7052834,1.020,37.80
423.817,3.07894,4.43406,6.58884,-1.03725,-0.49236,-0.99571,31.2547261,75.7052834,1.020,37.80
423.919,3.41892,5.67905,8.50899,-0.94195,-0.30177,-0.80634,31.2547261,75.7052834,1.020,37.80
424.021,2.43730,7.62314,10.01255,0.24923,-0.05742,-0.36408,31.2547261,75.7052834,1.020,37.80
424.124,3.20823,4.68785,15.28458,2.03296,-0.34086,-0.03665,31.2547261,75.7052834,1.020,37.80
424.225,1.39343,3.82593,7.00543,1.25227,0.28955,-0.07697,31.2547326,75.7052944,0.950,38.10
424.328,1.80044,2.23618,7.58004,1.13987,1.02503,0.05742,31.2547326,75.7052944,0.950,38.10
424.429,1.13485,4.68785,2.87783,0.40317,0.99815,-0.03543,31.2547326,75.7052944,0.950,38.10
424.533,1.97282,6.33985,7.33583,-1.73119,0.94318,0.21136,31.2547326,75.7052944,0.950,38.10
424.636,4.52025,7.69496,6.42125,-0.04643,-1.05191,0.87109,31.2547326,75.7052944,0.950,38.10
424.738,5.65510,3.41892,10.57279,-0.38118,0.43860,-0.48136,31.2547326,75.7052944,0.950,38.10
424.841,2.84910,3.11725,4.37181,-0.90775,-0.64752,-0.86865,31.2547326,75.7052944,0.950,38.10
424.946,2.53307,3.96480,6.90488,-0.91019,-0.71960,-0.33475,31.2547326,75.7052944,0.950,38.10
425.048,4.36702,5.64074,9.82102,-0.50946,-1.41110,0.25168,31.2547326,75.7052944,0.950,38.10
425.150,3.73495,6.80432,8.93516,-0.00489,-0.21869,-0.12095,31.2547326,75.7052944,0.950,38.10
425.252,3.30400,5.86579,14.31254,-0.79779,-0.39951,0.09041,31.2547414,75.7053009,0.910,38.00
425.354,2.26970,2.69108,9.01656,2.06839,1.06291,1.08245,31.2547414,75.7053009,0.910,38.00
425.456,3.79242,2.67672,8.29830,1.50151,1.17897,0.74403,31.2547414,75.7053009,0.910,38.00
425.557,3.46680,3.59609,4.88417,1.24983,1.17775,0.36530,31.2547414,75.7053009,0.910,38.00
425.660,4.75010,4.38618,6.19619,0.02932,0.23824,-0.23824,31.2547414,75.7053009,0.910,38.00
425.763,4.92248,5.10923,3.90255,-0.98838,-0.02932,0.06842,31.2547414,75.7053009,0.910,38.00
425.864,6.26323,3.94564,10.26155,-0.53145,0.84299,0.13928,31.2547414,75.7053009,0.910,38.00
425.968,5.16669,4.18985,3.89776,-0.58154,-1.53083,-0.68906,31.2547414,75.7053009,0.910,38.00
426.070,2.52828,3.26569,6.11958,-1.02870,-0.79901,-1.32924,31.2547414,75.7053009,0.910,38.00
426.172,2.68151,3.96959,7.77158,-1.28893,-1.20829,-0.86987,31.2547505,75.7053083,0.920,32.40
426.274,3.80678,6.30154,15.65329,-0.63652,-0.06475,-0.11484,31.2547505,75.7053083,0.920,32.40
426.378,4.86502,3.94564,17.30529,0.58521,0.47770,-0.07086,31.2547505,75.7053083,0.920,32.40
426.480,1.37906,3.23217,4.32393,1.38056,-0.21014,0.41661,31.2547505,75.7053083,0.920,32.40
426.584,1.60890,3.39498,5.59764,0.65363,0.60476,-0.06964,31.2547505,75.7053083,0.920,32.40
426.687,1.56581,3.72059,6.32069,0.58521,0.89797,-0.00611,31.2547505,75.7053083,0.920,32.40
426.790,3.87861,4.63039,8.97347,0.07086,0.27489,0.39951,31.2547505,75.7053083,0.920,32.40
426.892,6.11000,5.04698,10.19451,-2.22599,-0.77213,0.12217,31.2547505,75.7053083,0.920,32.40
426.996,5.81791,3.40455,8.17380,0.33964,0.77580,0.08919,31.2547505,75.7053083,0.920,32.40
427.097,4.14676,3.30879,4.98473,-0.11362,-0.65363,-0.79779,31.2547505,75.7053083,0.920,32.40
427.199,1.89621,3.98395,6.09085,-0.54611,-1.33902,-0.94440,31.2547569,75.7053152,0.920,31.10
427.304,1.81959,6.69419,9.54808,-1.01770,-0.37507,-0.99938,31.2547569,75.7053152,0.920,31.10
427.407,-1.00556,7.58962,9.96467,-0.56444,0.35552,-0.03421,31.2547569,75.7053152,0.920,31.10
427.509,0.65122,3.42850,13.76187,1.04091,0.45082,1.19852,31.2547569,75.7053152,0.920,31.10
427.611,2.95923,2.20745,9.40921,2.23088,0.44715,0.94440,31.2547569,75.7053152,0.920,31.10
427.713,2.23140,2.32238,3.06458,1.37933,1.11177,0.34331,31.2547569,75.7053152,0.920,31.10
427.815,1.66636,4.05099,4.29041,0.06231,0.52534,0.19181,31.2547569,75.7053152,0.920,31.10
427.917,4.56814,5.63595,9.66779,-0.82589,0.23702,0.51068,31.2547569,75.7053152,0.920,31.10
428.020,9.05008,5.84664,14.92066,-1.70920,-1.31214,-0.26634,31.2547569,75.7053152,0.920,31.10
428.123,4.42927,4.38618,3.43807,0.33842,-0.54123,-0.90042,31.2547569,75.7053152,0.920,31.10
428.225,0.83797,2.77249,4.65433,-0.27489,-0.25168,-0.85521,31.2547675,75.7053199,1.000,33.50
428.327,1.12049,4.00789,7.04853,-0.55344,-1.44409,-0.54000,31.2547675,75.7053199,1.000,33.50
428.430,2.25055,6.25844,12.29662,-0.98716,0.38118,-0.42150,31.2547675,75.7053199,1.000,33.50
428.532,3.36146,6.42125,14.33169,-0.48747,-0.70983,0.50457,31.2547675,75.7053199,1.000,33.50
428.634,2.42293,3.12683,8.82024,1.86803,0.55833,0.38607,31.2547675,75.7053199,1.000,33.50
428.737,1.30245,2.13084,6.15789,1.41843,1.05435,-0.03176,31.2547675,75.7053199,1.000,33.50
428.839,0.26815,3.48596,4.95600,0.48625,1.49051,0.17837,31.2547675,75.7053199,1.000,33.50
428.941,0.62249,5.64074,7.14430,-0.00977,0.68173,0.54978,31.2547675,75.7053199,1.000,33.50
429.045,3.49553,7.28795,7.81946,0.25045,0.14539,0.72693,31.2547675,75.7053199,1.000,33.50
429.149,5.16190,4.06535,11.32457,-0.14294,-0.15638,0.51679,31.2547675,75.7053199,1.000,33.50
429.252,4.55856,4.60644,3.28006,-0.40806,-1.04336,-0.46548,31.2547772,75.7053282,1.060,34.10
429.354,2.25055,3.72538,6.08606,-1.15331,-0.58643,-0.99082,31.2547772,75.7053282,1.060,34.10
429.457,2.49476,5.40611,7.84819,-0.99693,-0.98716,-0.72937,31.2547772,75.7053282,1.060,34.10
429.560,1.54187,7.00065,11.83214,-0.58765,-0.39462,-0.08430,31.2547772,75.7053282,1.060,34.10
429.662,1.84832,7.47949,11.97580,-0.37263,-0.16738,0.34453,31.2547772,75.7053282,1.060,34.10
429.765,1.53229,3.99353,7.92481,1.76296,0.36652,0.67928,31.2547772,75.7053282,1.060,34.10
429.869,2.57137,3.14119,6.56011,1.13987,0.70738,0.12462,31.2547772,75.7053282,1.060,34.10
429.972,1.77171,3.52426,4.03184,0.55222,1.07390,-0.02321,31.2547772,75.7053282,1.060,34.10
430.076,1.95846,4.60644,4.02705,-0.06353,-0.14783,0.57055,31.2547772,75.7053282,1.060,34.10
430.178,4.07972,5.85143,6.62236,-1.19363,-0.42516,0.90530,31.2547853,75.7053381,0.960,34.50
430.280,7.27837,4.18506,16.45774,-1.01037,0.19670,0.23946,31.2547853,75.7053381,0.960,34.50
430.382,5.08050,4.42927,3.71101,0.25901,-0.48258,-0.46304,31.2547853,75.7053381,0.960,34.50
430.485,3.15556,3.01191,5.26246,-0.75259,-0.40439,-0.92485,31.2547853,75.7053381,0.960,34.50
430.589,3.19387,4.50589,7.44118,-0.93096,-0.62675,-0.23213,31.2547853,75.7053381,0.960,34.50
430.692,3.34231,6.08127,11.37725,-0.09529,0.20159,0.06842,31.2547853,75.7053381,0.960,34.50
430.794,4.41970,3.98395,16.44817,0.18570,0.42028,-0.01710,31.2547853,75.7053381,0.960,34.50
430.897,1.08697,2.11169,6.22971,1.90346,0.53878,0.66462,31.2547853,75.7053381,0.960,34.50
431.000,2.30322,2.59531,6.51702,1.02259,0.50335,0.31521,31.2547853,75.7053381,0.960,34.50
431.103,2.33674,3.60088,5.12359,0.58154,0.73793,0.18937,31.2547853,75.7053381,0.960,34.50
431.206,3.17471,4.76925,7.09163,-0.21380,0.20769,0.35186,31.2547950,75.7053463,0.970,34.30
431.309,6.85221,5.92325,9.16500,-0.44349,-0.14539,0.24557,31.2547950,75.7053463,0.970,34.30
431.412,6.00466,2.94966,12.66054,-0.71716,0.53023,-0.56933,31.2547950,75.7053463,0.970,34.30
431.516,3.24175,3.00712,2.92093,-0.84788,-0.70005,-1.00426,31.2547950,75.7053463,0.970,34.30
431.621,2.05422,2.94966,7.32147,-1.13132,-0.54978,-1.13499,31.2547950,75.7053463,0.970,34.30
431.724,2.37505,4.47716,10.64462,-0.79290,-1.37323,-0.35064,31.2547950,75.7053463,0.970,34.30
431.829,2.52828,5.62159,11.24317,0.77213,0.55711,0.07941,31.2547950,75.7053463,0.970,34.30
431.933,3.98874,3.51948,18.21988,-0.13806,-0.17349,-0.30055,31.2547950,75.7053463,0.970,34.30
432.038,1.20668,1.84354,8.71489,1.93400,0.52168,0.53756,31.2547950,75.7053463,0.970,34.30
432.141,1.84354,1.60890,5.50188,1.34390,1.30236,0.49358,31.2547950,75.7053463,0.970,34.30
432.245,0.64165,2.35111,4.61123,0.28588,1.31214,0.39095,31.2548039,75.7053559,0.950,37.60
432.350,2.48997,4.80277,7.80031,-0.52290,0.13806,0.59865,31.2548039,75.7053559,0.950,37.60
432.454,6.21056,6.53138,10.77870,-1.72753,-0.97128,0.38607,31.2548039,75.7053559,0.950,37.60
432.558,6.34942,3.39498,10.47224,1.22906,1.18874,0.16860,31.2548039,75.7053559,0.950,37.60
432.662,3.41892,3.04064,2.26491,0.09407,-1.52472,-0.74526,31.2548039,75.7053559,0.950,37.60
432.766,1.21625,2.21224,6.65588,-0.67440,-0.80756,-0.77213,31.2548039,75.7053559,0.950,37.60
432.871,2.79643,5.47315,9.60554,-1.02992,-0.84299,-0.18692,31.2548039,75.7053559,0.950,37.60
432.974,2.79164,6.39731,11.24796,-0.34208,-0.10996,0.15149,31.2548039,75.7053559,0.950,37.60
433.078,3.50511,3.74453,13.99650,0.83200,0.54489,0.45326,31.2548039,75.7053559,0.950,37.60
433.182,2.13563,3.23696,6.49307,1.20829,-0.15149,0.65729,31.2548119,75.7053647,0.840,37.20
433.284,1.65200,2.50433,5.10444,0.76847,0.77213,0.46792,31.2548119,75.7053647,0.840,37.20
433.387,2.66235,3.55300,7.40287,0.54123,0.25534,0.62064,31.2548119,75.7053647,0.840,37.20
433.494,5.73172,4.30956,8.05888,-0.07208,0.39584,0.20525,31.2548119,75.7053647,0.840,37.20
433.598,7.01022,3.52905,9.22246,-1.78250,-1.29992,-0.03787,31.2548119,75.7053647,0.840,37.20
433.701,6.74207,3.23696,5.29119,0.06720,0.33720,-0.04276,31.2548119,75.7053647,0.840,37.20
433.804,3.73495,2.44687,5.92804,-1.05069,-0.10140,-0.95417,31.2548119,75.7053647,0.840,37.20
433.908,3.53384,3.79242,6.27281,-0.71227,-1.18997,-0.69883,31.2548119,75.7053647,0.840,37.20
434.011,2.60489,5.07571,10.00297,-0.52534,0.06109,-0.01222,31.2548119,75.7053647,0.840,37.20
434.113,4.71179,6.56490,13.75708,-0.87232,-0.86376,0.50824,31.2548119,75.7053647,0.840,37.20
434.217,3.98874,1.43652,11.82257,2.48500,0.74403,0.65363,31.2548232,75.7053693,0.880,31.30
434.321,4.64475,1.52271,6.80911,2.23332,0.78802,-0.04276,31.2548232,75.7053693,0.880,31.30
434.426,1.34554,1.47962,3.10289,0.57666,1.55648,-0.01222,31.2548232,75.7053693,0.880,31.30
434.529,1.25456,3.58173,4.56335,-0.14539,-0.04887,0.43127,31.2548232,75.7053693,0.880,31.30
434.631,5.43963,4.58250,8.81545,-1.23028,0.08186,1.10444,31.2548232,75.7053693,0.880,31.30
434.736,9.51456,2.82037,14.95418,-1.29626,0.37874,1.10811,31.2548232,75.7053693,0.880,31.30
434.839,3.98874,2.54264,4.31914,0.03299,0.50580,-0.07575,31.2548232,75.7053693,0.880,31.30
434.941,3.76847,2.40378,5.88016,-0.47770,-0.36774,-0.78069,31.2548232,75.7053693,0.880,31.30
435.044,2.99275,2.38462,6.79953,-0.48014,-0.49602,-0.54489,31.2548232,75.7053693,0.880,31.30
435.146,4.53462,3.30879,10.75475,-0.44715,-0.14539,0.23335,31.2548232,75.7053693,0.880,31.30
435.248,5.31992,4.55856,10.09395,0.14783,-0.43005,0.74037,31.2548347,75.7053732,1.030,24.10
435.352,5.59764,1.79086,9.64384,1.44164,0.05742,-0.00244,31.2548347,75.7053732,1.030,24.10
435.454,2.77727,1.09654,6.15789,1.45508,0.73548,-0.37751,31.2548347,75.7053732,1.030,24.10
435.558,2.03028,2.43251,4.67827,0.84055,0.43982,-0.06964,31.2548347,75.7053732,1.030,24.10
435.661,3.40934,3.42850,6.68940,0.20892,-0.18815,0.18692,31.2548347,75.7053732,1.030,24.10
435.764,6.27281,4.09887,8.94953,-0.39462,0.39951,-0.01222,31.2548347,75.7053732,1.030,24.10
435.866,6.03339,2.46124,11.89918,-0.44838,0.49358,-0.34331,31.2548347,75.7053732,1.030,24.10
435.969,4.63517,2.50433,4.20901,0.09529,-0.29566,-0.49236,31.2548347,75.7053732,1.030,24.10
436.070,3.53384,2.82037,4.74531,-1.12033,-0.49236,-0.86865,31.2548347,75.7053732,1.030,24.10
436.172,2.83473,4.08451,9.07402,-1.18141,-0.62186,-0.62675,31.2548452,75.7053801,1.090,25.10
436.274,2.40857,5.22415,10.56322,0.02810,0.28833,0.01833,31.2548452,75.7053801,1.090,25.10
436.377,4.54898,2.84910,18.48324,0.30177,-0.43005,0.40073,31.2548452,75.7053801,1.090,25.10
436.480,3.28006,2.33674,10.13705,1.67621,-0.23824,0.46426,31.2548452,75.7053801,1.090,25.10
436.584,1.68073,1.81480,3.82593,1.03114,0.98471,0.34208,31.2548452,75.7053801,1.090,25.10
436.687,2.60489,3.08852,6.04775,0.32865,0.17959,0.64996,31.2548452,75.7053801,1.090,25.10
436.790,5.63595,3.53863,10.82179,-0.04398,0.21869,0.77091,31.2548452,75.7053801,1.090,25.10
436.892,8.35576,3.29442,10.80743,-1.63590,-0.55222,0.15027,31.2548452,75.7053801,1.090,25.10
436.998,4.29520,2.80122,3.07416,-0.06597,0.40073,-0.19670,31.2548452,75.7053801,1.090,25.10
437.102,4.59687,3.02627,7.96311,-0.22602,-0.29199,-0.70005,31.2548452,75.7053801,1.090,25.10
437.205,2.80600,3.80199,6.45477,0.05986,-0.55955,-0.60231,31.2548568,75.7053867,1.070,21.60
437.309,4.79319,4.04141,11.03248,0.04643,0.57788,-0.52534,31.2548568,75.7053867,1.070,21.60
437.411,3.20344,5.64074,7.43160,-0.43249,-0.75503,0.19059,31.2548568,75.7053867,1.070,21.60
437.514,3.24175,3.73495,9.08839,0.45571,0.60598,-0.04520,31.2548568,75.7053867,1.070,21.60
437.617,2.81079,2.94008,7.89129,1.06779,0.08063,-0.09285,31.2548568,75.7053867,1.070,21.60
437.720,1.50356,3.18908,4.32393,0.54978,0.73182,0.08552,31.2548568,75.7053867,1.070,21.60
437.822,3.58173,3.59609,7.62793,-0.14294,-0.90897,0.43127,31.2548568,75.7053867,1.070,21.60
437.925,5.51624,4.08930,7.80031,-0.83566,-0.12462,0.18082,31.2548568,75.7053867,1.070,21.60
438.028,7.85298,2.47082,13.74272,-1.21073,0.03054,-0.43616,31.2548568,75.7053867,1.070,21.60
438.131,4.98952,2.32238,5.09965,-0.13806,-0.05742,-0.53512,31.2548568,75.7053867,1.070,21.60
438.234,3.90255,2.49955,4.93206,-0.88942,-0.37018,-1.06046,31.2548664,75.7053953,1.040,23.40
438.337,3.06458,3.38540,7.54652,-0.69516,-0.82345,-0.38729,31.2548664,75.7053953,1.040,23.40
438.440,4.45800,4.92248,9.98382,0.27978,0.27489,0.38973,31.2548664,75.7053953,1.040,23.40
438.542,6.36858,3.22738,17.87990,0.52534,0.20403,0.14294,31.2548664,75.7053953,1.040,23.40
438.645,3.42371,2.03028,8.83460,2.21133,0.12584,0.23824,31.2548664,75.7053953,1.040,23.40
438.748,2.73418,1.43652,4.84586,1.53205,1.46241,-0.04765,31.2548664,75.7053953,1.040,23.40
438.850,1.57060,2.32238,3.57215,0.71227,0.73793,0.38485,31.2548664,75.7053953,1.040,23.40
438.952,4.15633,3.76847,7.70933,-0.18326,-0.34453,0.98349,31.2548664,75.7053953,1.040,23.40
439.055,8.37492,5.49230,7.34062,-1.41476,-0.28955,0.62919,31.2548664,75.7053953,1.040,23.40
439.159,6.95276,2.83952,6.35900,0.20892,0.86743,-0.53512,31.2548664,75.7053953,1.040,23.40
439.261,5.03261,3.26090,3.81157,-0.91752,-1.27426,-1.06901,31.2548785,75.7054002,1.120,18.70
439.363,2.85389,3.85945,7.18261,-0.48503,-0.70983,-0.80146,31.2548785,75.7054002,1.120,18.70
439.466,2.86347,5.78918,8.07804,-0.46181,0.01466,-0.28344,31.2548785,75.7054002,1.120,18.70
439.569,4.60644,7.19697,10.07001,0.53634,0.16249,0.54000,31.2548785,75.7054002,1.120,18.70
439.672,5.22894,3.87861,11.83693,1.36834,1.08245,0.18570,31.2548785,75.7054002,1.120,18.70
439.776,3.03106,3.39977,7.37893,1.62979,-0.13317,0.40439,31.2548785,75.7054002,1.120,18.70
439.878,2.31759,3.36146,3.99353,0.48747,1.17042,0.04887,31.2548785,75.7054002,1.120,18.70
439.979,1.83875,4.69264,5.91847,0.02443,0.30665,0.01710,31.2548785,75.7054002,1.120,18.70
440.083,3.63440,4.52504,7.07726,-0.81734,0.36285,0.85277,31.2548785,75.7054002,1.120,18.70
440.186,7.16824,4.52025,10.37647,-1.84603,-0.54123,0.92852,31.2548903,75.7054048,1.070,20.50
440.287,9.01656,3.99832,7.53216,0.32376,0.45693,-0.07697,31.2548903,75.7054048,1.070,20.50
440.390,4.09408,2.52828,5.17626,-0.61331,0.22602,-1.17408,31.2548903,75.7054048,1.070,20.50
440.492,3.06937,3.26569,4.83629,-0.40317,-0.75136,-1.29381,31.2548903,75.7054048,1.070,20.50
440.596,2.72939,3.65355,9.76834,-1.06413,-0.10385,-0.76847,31.2548903,75.7054048,1.070,20.50
440.700,3.10289,6.02860,11.25275,-0.93218,-0.10140,0.32254,31.2548903,75.7054048,1.070,20.50
440.802,1.54187,2.16436,12.38281,1.37689,0.65973,0.61209,31.2548903,75.7054048,1.070,20.50
440.905,2.95444,1.40779,8.94474,1.96699,-0.06475,0.20892,31.2548903,75.7054048,1.070,20.50
441.009,-0.07183,1.29766,4.70221,0.69883,0.96761,0.45693,31.2548903,75.7054048,1.070,20.50
441.112,2.56658,3.86424,8.26000,-0.32865,1.33779,0.20281,31.2548903,75.7054048,1.070,20.50
441.214,1.86748,3.97916,9.01178,-0.91874,1.72875,0.63408,31.2549008,75.7054113,1.000,20.20
441.318,7.28316,1.56581,19.18713,-0.36530,-1.59925,0.59743,31.2549008,75.7054113,1.000,20.20
441.421,5.10923,2.53307,4.52504,-0.09407,0.41172,-0.40684,31.2549008,75.7054113,1.000,20.20
441.523,2.40857,2.29365,5.52582,-0.66829,-0.67562,-1.29503,31.2549008,75.7054113,1.000,20.20
441.627,1.03908,3.10767,9.43316,-1.05313,-0.51435,-0.73915,31.2549008,75.7054113,1.000,20.20
441.730,1.60890,4.33829,14.16889,-0.16616,-0.49358,0.09896,31.2549008,75.7054113,1.000,20.20
441.832,4.93684,3.90734,15.99806,0.47647,-0.27978,0.10629,31.2549008,75.7054113,1.000,20.20
441.935,0.95289,2.10211,6.23450,1.64323,0.32009,0.01466,31.2549008,75.7054113,1.000,20.20
442.038,1.74298,2.07817,7.63272,1.29748,-0.35430,-0.12217,31.2549008,75.7054113,1.000,20.20
442.141,0.51236,2.94008,5.13796,0.76358,0.56810,-0.01344,31.2549008,75.7054113,1.000,20.20
442.243,3.14598,4.44843,8.35576,-0.10629,0.09774,0.26512,31.2549109,75.7054173,0.960,18.10
442.345,4.50589,4.90333,7.99663,-0.75014,0.38851,0.26389,31.2549109,75.7054173,0.960,18.10
442.448,6.13394,3.13640,14.75307,-0.37629,0.38485,-0.25779,31.2549109,75.7054173,0.960,18.10
442.550,4.17549,4.22337,4.83150,-0.37996,-0.89919,-0.71227,31.2549109,75.7054173,0.960,18.10
442.652,2.72460,3.59130,5.89931,-0.24435,-0.66951,-0.86010,31.2549109,75.7054173,0.960,18.10
442.754,2.73418,4.30477,9.82580,-0.32498,-1.01159,-0.51191,31.2549109,75.7054173,0.960,18.10
442.857,3.28006,5.93283,11.06600,0.44593,0.12339,-0.39584,31.2549109,75.7054173,0.960,18.10
442.959,1.79565,5.08050,13.36443,0.15394,-0.78679,-0.00122,31.2549109,75.7054173,0.960,18.10
443.062,0.57940,4.21380,8.79151,1.23883,0.37385,0.51801,31.2549109,75.7054173,0.960,18.10
443.166,3.12204,4.77404,4.40054,1.23150,0.89919,0.20403,31.2549200,75.7054219,1.000,23.00
443.268,2.53307,5.45399,3.82593,0.14539,0.52901,-0.78557,31.2549200,75.7054219,1.000,23.00
443.370,1.51792,5.04698,9.45231,-0.92118,0.52534,-0.46304,31.2549200,75.7054219,1.000,23.00
443.472,5.99508,5.01825,11.24317,-0.83933,-0.79779,1.48929,31.2549200,75.7054219,1.000,23.00
443.575,5.32470,3.69186,4.87938,-0.08796,1.07512,-0.40317,31.2549200,75.7054219,1.000,23.00
443.679,3.99832,3.54342,5.39174,-0.18448,-0.98471,-0.62186,31.2549200,75.7054219,1.000,23.00
443.781,2.34153,4.63039,5.90410,-0.67073,-1.06046,-0.85277,31.2549200,75.7054219,1.000,23.00
443.883,2.37026,5.88974,9.84496,-0.46304,-0.37629,-0.55222,31.2549200,75.7054219,1.000,23.00
443.987,1.47004,6.56490,12.09551,-1.39522,-1.02503,0.43494,31.2549200,75.7054219,1.000,23.00
444.090,2.35111,4.95121,9.56244,0.81367,0.68295,0.86621,31.2549200,75.7054219,1.000,23.00
444.192,1.68073,2.55701,6.73250,1.15698,0.69883,0.35186,31.2549308,75.7054277,0.990,27.70
444.294,1.26893,3.87382,5.17626,0.83811,0.05376,0.39584,31.2549308,75.7054277,0.990,27.70
444.396,2.23618,3.63440,10.73560,0.16005,-0.01222,0.35186,31.2549308,75.7054277,0.990,27.70
444.498,5.76524,4.67827,7.77158,0.03543,0.41661,0.71838,31.2549308,75.7054277,0.990,27.70
444.601,6.54096,3.05021,11.97101,-0.86254,0.67195,-0.01222,31.2549308,75.7054277,0.990,27.70
444.704,5.16190,3.94564,3.86424,-0.18570,-0.73915,-0.04398,31.2549308,75.7054277,0.990,27.70
444.806,3.16992,3.33752,5.24809,-0.94195,-0.30910,-0.79901,31.2549308,75.7054277,0.990,27.70
444.909,3.48596,3.98874,8.43238,-0.98838,-0.62308,-0.69394,31.2549308,75.7054277,0.990,27.70
445.011,4.07972,4.99430,11.10910,-0.37996,-0.64385,-0.03299,31.2549308,75.7054277,0.990,27.70
445.113,6.27281,4.08930,16.39549,-0.55467,-0.13073,-0.03299,31.2549308,75.7054277,0.990,27.70
445.215,3.14598,2.35111,7.89608,1.33046,-0.31643,0.49358,31.2549403,75.7054319,0.990,25.40
445.317,2.63362,1.76213,5.16669,1.04702,0.96517,0.17104,31.2549403,75.7054319,0.990,25.40
445.419,3.08373,2.72939,5.42047,0.71349,0.04154,0.36163,31.2549403,75.7054319,0.990,25.40
445.522,4.97515,3.52426,8.80587,-0.31887,-0.07575,0.26878,31.2549403,75.7054319,0.990,25.40
445.623,6.87136,4.69742,8.44674,-0.97250,-0.24679,0.04887,31.2549403,75.7054319,0.990,25.40
445.725,7.84340,2.57616,9.15543,0.28344,1.47952,-0.18448,31.2549403,75.7054319,0.990,25.40
445.827,4.97994,2.50912,4.23295,-0.41294,-0.67806,-1.02625,31.2549403,75.7054319,0.990,25.40
445.930,2.53785,2.86825,4.90811,-0.26145,-1.01281,-0.76847,31.2549403,75.7054319,0.990,25.40
446.033,2.59531,4.43885,8.50420,-0.82711,-0.51679,0.17715,31.2549403,75.7054319,0.990,25.40
446.134,4.20901,6.91445,8.90643,-0.12095,-0.25901,0.47647,31.2549403,75.7054319,0.990,25.40
446.237,3.38540,3.95043,15.64850,0.71349,1.18997,0.48991,31.2549484,75.7054342,0.980,21.80
446.340,4.66869,3.80678,10.32380,2.12459,-0.50580,0.57666,31.2549484,75.7054342,0.980,21.80
446.442,3.23217,1.69988,6.38773,1.27671,1.45997,-0.17837,31.2549484,75.7054342,0.980,21.80
446.545,2.03028,2.30801,2.99275,0.75014,0.90775,-0.05131,31.2549484,75.7054342,0.980,21.80
446.647,4.03662,3.97916,6.92882,-0.65363,-0.13928,0.22358,31.2549484,75.7054342,0.980,21.80
446.752,4.89375,4.94163,7.88650,-1.30114,0.09407,0.39462,31.2549484,75.7054342,0.980,21.80
446.855,6.35900,4.15633,8.28873,-0.26145,0.56566,0.30299,31.2549484,75.7054342,0.980,21.80
446.957,4.34308,3.26569,6.22492,-1.08490,-0.80390,-0.82222,31.2549484,75.7054342,0.980,21.80
447.059,2.41814,3.16513,7.30710,-0.89919,-0.70860,-0.90775,31.2549484,75.7054342,0.980,21.80
447.162,2.34153,4.50589,10.36211,-0.67073,-0.05742,-0.37629,31.2549588,75.7054373,0.970,19.50
447.263,1.70946,5.96635,10.56322,0.49969,0.81978,0.40073,31.2549588,75.7054373,0.970,19.50
447.365,1.50356,2.16436,16.76420,0.45571,1.13987,0.29077,31.2549588,75.7054373,0.970,19.50
447.470,2.19309,0.32082,10.24718,2.32862,-0.31398,0.43249,31.2549588,75.7054373,0.970,19.50
447.572,2.63841,1.41737,3.80199,1.43798,0.97494,0.17471,31.2549588,75.7054373,0.970,19.50
447.676,1.86269,2.80122,5.05655,-0.00367,0.67562,-0.01344,31.2549588,75.7054373,0.970,19.50
447.778,3.38061,4.24731,8.17380,-0.67562,-0.05009,0.68417,31.2549588,75.7054373,0.970,19.50
447.881,6.05254,5.22894,10.24718,-1.68110,-1.27060,0.59254,31.2549588,75.7054373,0.970,19.50
447.984,5.42526,4.97515,7.18739,0.44227,0.27978,-0.67195,31.2549588,75.7054373,0.970,19.50
448.086,3.03106,2.54743,7.30710,-0.17226,-0.46670,-1.55038,31.2549588,75.7054373,0.970,19.50
448.189,1.50835,3.21781,5.82270,0.00977,-1.07879,-1.20707,31.2549701,75.7054405,1.100,16.40
448.291,2.48997,5.05655,7.35499,-0.31276,-0.99205,-0.56566,31.2549701,75.7054405,1.100,16.40
448.394,1.13485,7.37893,7.83862,-0.21869,0.36408,-0.05742,31.2549701,75.7054405,1.100,16.40
448.497,2.72939,4.78840,16.69716,0.59498,-0.12706,0.28344,31.2549701,75.7054405,1.100,16.40
448.601,3.26569,3.25133,9.19373,1.57603,0.62064,0.47770,31.2549701,75.7054405,1.100,16.40
448.703,2.76770,3.83551,3.54821,0.89064,1.11788,0.20892,31.2549701,75.7054405,1.100,16.40
448.805,2.77249,4.75010,5.68384,0.33475,-0.08796,-0.28222,31.2549701,75.7054405,1.100,16.40
448.907,3.78284,5.63116,7.34062,-0.48014,-0.21502,0.06964,31.2549701,75.7054405,1.100,16.40
449.010,4.27126,6.35421,6.08127,-1.31703,0.15638,0.54611,31.2549701,75.7054405,1.100,16.40
449.112,6.00466,4.21858,8.65743,0.14905,0.20525,-0.06842,31.2549701,75.7054405,1.100,16.40
449.215,3.93128,2.95923,7.01022,-0.97372,-0.94195,-1.07268,31.2549777,75.7054441,1.040,19.60
449.317,1.31681,3.78284,6.70855,-0.65363,-0.50091,-0.49114,31.2549777,75.7054441,1.040,19.60
449.419,2.14042,5.67905,9.67736,-1.16797,0.23579,0.32254,31.2549777,75.7054441,1.040,19.60
449.521,0.80445,5.37738,11.97101,-0.26634,1.19607,0.56444,31.2549777,75.7054441,1.040,19.60
449.624,2.03028,1.34554,14.80574,1.56626,0.63286,1.15698,31.2549777,75.7054441,1.040,19.60
449.726,2.66235,2.03986,7.74764,2.04518,-0.14294,0.89431,31.2549777,75.7054441,1.040,19.60
449.829,2.24576,2.13563,5.44920,0.91996,1.00548,0.42883,31.2549777,75.7054441,1.040,19.60
449.932,1.17795,2.60968,4.90811,0.18448,0.65729,0.33964,31.2549777,75.7054441,1.040,19.60
450.037,4.51546,4.42448,9.86411,-0.59376,-0.02199,1.18264,31.2549777,75.7054441,1.040,19.60
450.139,7.26880,4.69742,9.30387,-2.04029,-0.55100,0.31398,31.2549777,75.7054441,1.040,19.60
450.241,5.42526,3.49075,6.25844,0.24679,0.56566,-0.42272,31.2549847,75.7054472,1.060,15.00
450.346,3.57694,1.95846,7.52258,-0.67928,-0.82345,-1.35856,31.2549847,75.7054472,1.060,15.00
450.449,2.43251,2.88741,7.08684,-0.40439,-1.01648,-1.02625,31.2549847,75.7054472,1.060,15.00
450.551,2.62883,4.22337,9.57681,-0.40684,-0.44227,-0.52901,31.2549847,75.7054472,1.060,15.00
450.655,1.80044,6.14831,9.97903,0.11851,-0.02566,-0.07086,31.2549847,75.7054472,1.060,15.00
450.757,1.36948,2.00634,12.19606,1.10933,1.48318,0.46548,31.2549847,75.7054472,1.060,15.00
450.861,2.20745,2.84910,8.49942,1.51495,-0.47403,0.80268,31.2549847,75.7054472,1.060,15.00
450.965,2.81079,2.33195,6.90967,0.97616,1.32924,0.26145,31.2549847,75.7054472,1.060,15.00
451.067,2.15478,3.03585,4.41970,0.64507,0.60353,0.26389,31.2549847,75.7054472,1.060,15.00
451.169,4.24731,4.29520,8.82503,-0.24190,-0.36041,0.22358,31.2549951,75.7054504,1.030,17.10
451.270,5.70778,4.44843,9.26556,-2.09405,-0.34086,-0.07330,31.2549951,75.7054504,1.030,17.10
451.373,4.47237,4.11324,7.09641,-0.11606,0.84055,-0.06842,31.2549951,75.7054504,1.030,17.10
451.475,1.57060,3.34709,6.56969,0.21869,-0.30910,-0.49847,31.2549951,75.7054504,1.030,17.10
451.577,2.50912,4.54419,8.76757,-0.10263,-0.53756,-0.46670,31.2549951,75.7054504,1.030,17.10
451.680,2.26491,4.93206,9.42358,-0.06109,0.28833,-0.56322,31.2549951,75.7054504,1.030,17.10
451.784,0.49799,5.04219,7.25922,-0.49358,0.68173,-0.24801,31.2549951,75.7054504,1.030,17.10
451.886,0.25379,3.36146,9.08360,0.17715,0.49724,0.66584,31.2549951,75.7054504,1.030,17.10
451.989,0.81882,2.51391,10.59674,0.36896,-0.12828,0.48503,31.2549951,75.7054504,1.030,17.10
452.091,0.48842,3.61046,5.91368,0.19548,0.19670,0.36408,31.2549951,75.7054504,1.030,17.10
452.193,1.35991,3.92170,9.81144,0.25901,-0.34331,0.33720,31.2550044,75.7054546,0.880,22.90
452.295,3.42850,4.03184,10.71166,-0.06231,-0.23579,0.29688,31.2550044,75.7054546,0.880,22.90
452.398,4.83629,1.51314,15.18882,-0.69516,0.20403,-0.42761,31.2550044,75.7054546,0.880,22.90
452.501,3.57694,3.42371,2.96881,-0.22846,-0.61453,-0.56933,31.2550044,75.7054546,0.880,22.90
452.603,2.37026,2.31280,8.28394,-0.61331,-0.10140,-0.92485,31.2550044,75.7054546,0.880,22.90
452.707,1.82917,3.48117,8.07804,-0.43127,-0.82711,-0.65363,31.2550044,75.7054546,0.880,22.90
452.809,1.28808,4.47237,11.65019,-0.51435,0.10263,-0.22724,31.2550044,75.7054546,0.880,22.90
452.911,1.25456,5.28161,9.34218,-0.47770,-0.11118,0.30910,31.2550044,75.7054546,0.880,22.90
453.014,1.77650,2.28407,11.01333,0.87354,0.35675,0.84910,31.2550044,75.7054546,0.880,22.90
453.117,2.05422,1.11091,9.13627,1.25350,0.23213,0.40684,31.2550044,75.7054546,0.880,22.90
453.222,1.77171,2.36068,5.56891,0.99327,0.56322,0.49480,31.2550114,75.7054584,0.890,26.60
453.324,2.30322,3.28484,8.96389,-0.03421,0.39951,0.50824,31.2550114,75.7054584,0.890,26.60
453.427,4.07014,4.37660,9.51456,-0.12950,0.24679,0.44471,31.2550114,75.7054584,0.890,26.60
453.530,4.81713,1.64242,15.76342,-0.49847,0.42761,-0.01222,31.2550114,75.7054584,0.890,26.60
453.633,3.76368,3.15077,4.97994,0.04032,-0.59620,-0.20892,31.2550114,75.7054584,0.890,26.60
453.735,2.42772,3.00233,6.63194,-0.24068,-0.01833,-0.41050,31.2550114,75.7054584,0.890,26.60
453.837,1.73819,4.25689,9.35175,-0.88087,-0.00733,-0.71716,31.2550114,75.7054584,0.890,26.60
453.942,-0.19632,4.12282,11.65019,0.32742,0.70250,0.10263,31.2550114,75.7054584,0.890,26.60
454.045,1.40300,2.28407,15.93102,0.26634,-0.79535,0.77580,31.2550114,75.7054584,0.890,26.60
454.149,1.51314,2.96402,6.70376,1.02014,-0.45693,0.75259,31.2550114,75.7054584,0.890,26.60
454.252,1.12049,2.48997,6.60800,0.73304,0.58643,0.22724,31.2550210,75.7054635,0.940,23.20
454.354,0.45490,3.89297,6.11958,0.33842,0.17593,0.00733,31.2550210,75.7054635,0.940,23.20
454.458,1.24498,3.52426,9.35654,-0.16738,-0.24435,0.32498,31.2550210,75.7054635,0.940,23.20
454.560,3.81636,3.39019,9.13148,-0.25656,-0.15516,0.39951,31.2550210,75.7054635,0.940,23.20
454.661,4.33829,1.54187,14.20240,-1.14110,-0.15516,-0.14416,31.2550210,75.7054635,0.940,23.20
454.763,3.85466,2.70545,6.02860,-0.40561,-0.26878,-0.56077,31.2550210,75.7054635,0.940,23.20
454.867,2.91135,3.20344,5.86579,-0.42761,-0.49724,-0.90652,31.2550210,75.7054635,0.940,23.20
454.970,2.90656,4.02226,11.46823,-0.58154,-0.37629,-0.86499,31.2550210,75.7054635,0.940,23.20
455.073,1.72383,4.01747,11.76032,0.28588,0.24068,-0.32620,31.2550210,75.7054635,0.940,23.20
455.176,1.80523,3.38061,13.96298,-0.02932,-0.34331,0.03787,31.2550313,75.7054680,0.950,25.30
455.280,0.68953,3.00712,7.86256,1.13254,-0.19548,0.71593,31.2550313,75.7054680,0.950,25.30
455.382,1.72383,2.22661,8.34619,0.93585,0.42516,0.37874,31.2550313,75.7054680,0.950,25.30
455.486,1.37427,3.45244,5.91847,0.52534,0.44838,0.25534,31.2550313,75.7054680,0.950,25.30
455.589,3.08852,4.88417,8.16902,0.32742,-0.09896,0.35797,31.2550313,75.7054680,0.950,25.30
455.691,4.60644,4.60166,9.56723,-0.14905,0.32254,0.22358,31.2550313,75.7054680,0.950,25.30
455.793,5.01346,3.28963,10.55843,-0.54611,-0.06964,-0.38729,31.2550313,75.7054680,0.950,25.30
455.895,3.95043,3.02627,6.50265,-0.75747,-0.51679,-0.79901,31.2550313,75.7054680,0.950,25.30
455.997,2.19788,3.29921,5.17148,-0.35308,-0.38729,-0.73304,31.2550313,75.7054680,0.950,25.30
456.099,2.25534,4.75010,9.82580,-0.66462,-0.78924,-0.52534,31.2550313,75.7054680,0.950,25.30
456.202,2.31759,5.70299,10.90319,-0.08919,0.35675,-0.32498,31.2550380,75.7054737,0.930,22.20
456.304,2.12126,4.18028,14.07312,-0.33720,-0.66096,-0.19059,31.2550380,75.7054737,0.930,22.20
456.406,2.21703,2.92093,8.94953,0.18815,-0.17471,-0.31887,31.2550380,75.7054737,0.930,22.20
456.509,1.13964,2.55701,5.83706,0.74403,0.73059,-0.05498,31.2550380,75.7054737,0.930,22.20
456.612,0.80924,3.73017,6.13873,0.38973,-0.05009,-0.01710,31.2550380,75.7054737,0.930,22.20
456.715,2.87304,4.54419,10.01734,0.15272,-0.13439,0.13317,31.2550380,75.7054737,0.930,22.20
456.816,3.58173,4.94642,8.26000,-0.61209,-0.41294,0.41417,31.2550380,75.7054737,0.930,22.20
456.919,5.15711,2.65278,8.47547,0.42272,0.44838,0.12462,31.2550380,75.7054737,0.930,22.20
457.022,4.41491,3.49553,5.51624,-0.82955,-1.13865,-0.54000,31.2550380,75.7054737,0.930,22.20
457.127,3.11725,3.92170,7.27837,-0.37507,-0.45326,-0.54245,31.2550380,75.7054737,0.930,22.20
457.229,2.16915,4.60166,8.52336,-0.30177,-0.01100,-0.14661,31.2550459,75.7054753,0.900,19.50
457.331,3.15077,4.79798,10.10832,0.05376,-0.53390,0.55467,31.2550459,75.7054753,0.900,19.50
457.434,3.64398,2.80600,14.53280,0.33231,0.60720,0.22480,31.2550459,75.7054753,0.900,19.50
457.538,2.53307,2.63841,8.29351,0.79412,-0.04154,0.38607,31.2550459,75.7054753,0.900,19.50
457.641,1.34554,2.17394,4.96079,0.56077,1.05191,0.42761,31.2550459,75.7054753,0.900,19.50
457.744,2.98318,3.53863,6.29675,0.11240,-0.18815,0.43127,31.2550459,75.7054753,0.900,19.50
457.846,4.83150,2.27449,12.12903,-0.14905,-0.13561,-0.00489,31.2550459,75.7054753,0.900,19.50
457.948,5.25767,1.71425,13.54160,-1.44409,0.30299,-0.03910,31.2550459,75.7054753,0.900,19.50
458.050,4.74052,2.62405,4.94642,0.09407,-0.07941,-0.01466,31.2550459,75.7054753,0.900,19.50
458.152,2.77727,1.84354,7.39808,-0.42516,0.36408,-0.57177,31.2550459,75.7054753,0.900,19.50
458.255,2.29843,3.01191,7.61356,-0.13683,-0.64507,-0.52290,31.2550573,75.7054803,1.130,20.50
458.357,1.93930,4.34308,11.58794,0.04276,-0.05253,-0.15394,31.2550573,75.7054803,1.130,20.50
458.459,2.26013,4.92248,9.49062,0.53267,0.57666,0.44471,31.2550573,75.7054803,1.130,20.50
458.561,1.84354,1.12049,12.04762,0.93218,0.61942,0.46670,31.2550573,75.7054803,1.130,20.50
458.667,2.15478,2.01113,7.49385,1.08245,-0.27122,0.65973,31.2550573,75.7054803,1.130,20.50
458.770,1.94409,2.72460,6.32069,0.35064,0.58887,0.27489,31.2550573,75.7054803,1.130,20.50
458.873,1.97761,3.29442,6.54096,0.09529,0.17471,0.21258,31.2550573,75.7054803,1.130,20.50
458.976,4.12760,3.19387,10.47703,-0.09407,0.15394,0.53023,31.2550573,75.7054803,1.130,20.50
459.078,4.09887,2.03986,13.57991,-0.93340,0.81489,-0.07330,31.2550573,75.7054803,1.130,20.50
459.182,3.44286,3.24175,4.03184,-0.16982,-0.26512,-0.05376,31.2550642,75.7054844,1.030,18.10
459.284,2.57616,2.69587,8.55688,-0.39951,-0.06842,-0.50335,31.2550642,75.7054844,1.030,18.10
459.386,2.51870,3.26090,8.38449,0.01955,-1.01404,-0.46548,31.2550642,75.7054844,1.030,18.10
459.492,3.06937,4.03184,12.83292,0.32620,-0.67440,0.00733,31.2550642,75.7054844,1.030,18.10
459.595,4.14676,4.17070,12.83292,-0.31643,-0.08674,0.19670,31.2550642,75.7054844,1.030,18.10
459.699,1.58975,3.34231,7.39329,0.78802,-0.00244,0.48869,31.2550642,75.7054844,1.030,18.10
459.802,1.84832,1.75256,8.65265,0.78557,0.63774,0.17349,31.2550642,75.7054844,1.030,18.10
459.905,1.20189,2.73418,5.77003,1.09834,0.30910,0.51068,31.2550642,75.7054844,1.030,18.10
460.007,2.64799,4.54898,8.33661,0.72815,-0.36041,0.77824,31.2550642,75.7054844,1.030,18.10
460.108,6.33985,5.49709,8.94474,-0.39095,0.68050,0.40928,31.2550642,75.7054844,1.030,18.10
460.213,6.36379,2.06380,6.76601,0.69028,1.63834,-0.30055,31.2550736,75.7054870,0.950,18.40
460.315,5.09007,2.41336,4.70221,-0.33964,-1.29137,-0.87965,31.2550736,75.7054870,0.950,18.40
460.417,2.82516,2.85389,5.75566,-0.51435,-0.58765,-0.87354,31.2550736,75.7054870,0.950,18.40
460.520,3.84509,5.11880,10.27591,-0.98716,-0.81734,-0.67928,31.2550736,75.7054870,0.950,18.40
460.622,2.30801,6.06691,10.87925,-0.00244,0.01710,-0.34575,31.2550736,75.7054870,0.950,18.40
460.725,2.77249,3.91213,15.22233,0.43005,-0.52168,0.17593,31.2550736,75.7054870,0.950,18.40
460.827,1.25456,3.73495,7.48906,0.70616,0.00489,0.53023,31.2550736,75.7054870,0.950,18.40
460.930,2.22182,2.28886,7.02459,0.89675,0.74281,0.57055,31.2550736,75.7054870,0.950,18.40
461.033,2.82037,3.56736,6.07170,0.81123,0.16738,0.73426,31.2550736,75.7054870,0.950,18.40
461.137,4.61123,5.54497,6.93840,-0.16982,0.79046,0.44593,31.2550736,75.7054870,0.950,18.40
461.241,5.56412,5.85143,10.21845,-1.34268,-0.35919,0.08674,31.2550829,75.7054919,0.980,21.00
461.344,6.41646,2.15957,9.76834,0.37263,1.01281,-0.32620,31.2550829,75.7054919,0.980,21.00
461.446,3.93128,2.41336,4.15633,-0.52168,-0.76969,-0.80268,31.2550829,75.7054919,0.980,21.00
461.549,2.94966,3.38540,5.01346,-0.18448,-0.86254,-0.68539,31.2550829,75.7054919,0.980,21.00
461.650,2.36068,3.80199,8.22648,-0.83200,-0.52901,-0.65485,31.2550829,75.7054919,0.980,21.00
461.751,2.74854,4.66391,10.67335,-0.44960,-0.18326,0.47525,31.2550829,75.7054919,0.980,21.00
461.853,4.79319,2.63841,17.39627,0.06597,-0.07086,0.75014,31.2550829,75.7054919,0.980,21.00
461.957,4.36224,2.61447,6.73250,1.30847,0.05498,0.56688,31.2550829,75.7054919,0.980,21.00
462.059,3.10289,2.12605,4.24731,0.42394,0.53634,-0.06597,31.2550829,75.7054919,0.980,21.00
462.162,2.18351,2.78206,6.44040,0.17104,-0.46304,0.21014,31.2550829,75.7054919,0.980,21.00
462.264,5.10923,3.88818,10.32859,-0.02810,-0.40073,0.27978,31.2550917,75.7054950,0.930,18.60
462.365,6.74207,5.01346,6.02860,-0.91385,0.73182,-0.54123,31.2550917,75.7054950,0.930,18.60
462.468,6.32069,1.46046,8.00621,0.33109,0.91630,-0.51557,31.2550917,75.7054950,0.930,18.60
462.570,5.24809,2.07338,4.86502,-0.33598,-0.62553,-1.15942,31.2550917,75.7054950,0.930,18.60
462.671,1.35991,2.44687,5.07571,-0.32254,-0.88087,-0.91019,31.2550917,75.7054950,0.930,18.60
462.773,1.18752,4.53462,11.30063,-0.84422,-0.48869,-0.27122,31.2550917,75.7054950,0.930,18.60
462.875,1.30245,7.35499,10.27112,0.10996,1.32558,0.63774,31.2550917,75.7054950,0.930,18.60
462.978,5.09965,2.99754,10.86968,1.90223,1.32558,0.14661,31.2550917,75.7054950,0.930,18.60
463.084,3.18429,1.65200,5.83706,1.47952,0.84788,-0.55589,31.2550917,75.7054950,0.930,18.60
463.186,1.02951,2.30801,2.57616,0.65363,0.23579,-0.11118,31.2550917,75.7054950,0.930,18.60
463.288,1.93451,3.31358,6.31590,-0.27733,-0.60109,0.18692,31.2551022,75.7054989,0.930,19.90
463.391,4.90811,5.36301,7.80989,-0.82955,-0.27489,0.13928,31.2551022,75.7054989,0.930,19.90
463.494,5.25288,3.48596,15.85919,-0.63897,0.21502,-0.17104,31.2551022,75.7054989,0.930,19.90
463.597,4.69264,4.10366,5.77960,-0.63774,-0.34208,-0.75503,31.2551022,75.7054989,0.930,19.90
463.701,1.66636,3.24654,6.13394,-0.21014,-0.58643,-1.13987,31.2551022,75.7054989,0.930,19.90
463.804,0.67995,3.72059,8.39407,-0.51679,-0.37018,-0.54000,31.2551022,75.7054989,0.930,19.90
463.906,0.82839,4.82671,11.23838,0.07208,0.52168,0.38851,31.2551022,75.7054989,0.930,19.90
464.009,2.51391,4.37660,17.88947,-0.35552,-1.00915,0.80146,31.2551022,75.7054989,0.930,19.90
464.112,2.85389,3.40934,8.37971,1.59191,0.12095,1.04702,31.2551022,75.7054989,0.930,19.90
464.214,2.29843,1.99198,4.46758,1.35368,0.70494,0.36285,31.2551105,75.7055055,0.940,24.60
464.316,2.30801,3.33752,4.19943,0.45082,0.16982,0.23091,31.2551105,75.7055055,0.940,24.60
464.418,5.52582,4.80756,8.22169,-0.76358,-0.27122,-0.11484,31.2551105,75.7055055,0.940,24.60
464.521,3.42850,4.85544,8.44196,-1.45630,-0.28711,-0.84788,31.2551105,75.7055055,0.940,24.60
464.624,2.24576,2.29365,9.15543,0.72815,0.66096,0.36774,31.2551105,75.7055055,0.940,24.60
464.727,1.56581,2.20745,6.26323,-0.55344,-0.40684,0.29322,31.2551105,75.7055055,0.940,24.60
464.829,3.61046,4.64475,8.00142,-0.44471,-0.35064,-0.44715,31.2551105,75.7055055,0.940,24.60
464.931,3.05500,5.54497,9.54329,-0.04643,0.05253,-0.36652,31.2551105,75.7055055,0.940,24.60
465.033,2.59531,5.42047,10.12268,0.84788,0.14172,0.40684,31.2551105,75.7055055,0.940,24.60
465.138,2.40857,3.06937,12.09072,0.39584,-0.31032,0.38240,31.2551105,75.7055055,0.940,24.60
465.239,1.14443,2.57137,8.59518,0.59865,-0.16860,0.39706,31.2551193,75.7055119,0.970,26.50
465.341,1.01993,2.67193,4.85065,0.36408,0.83811,0.77702,31.2551193,75.7055119,0.970,26.50
465.443,2.42772,4.96079,5.75087,0.05376,0.19181,0.84299,31.2551193,75.7055119,0.970,26.50
465.545,4.71179,4.94642,9.96467,-0.06475,0.32742,0.47647,31.2551193,75.7055119,0.970,26.50
465.647,5.04219,3.12683,10.18493,-1.04214,0.14783,-0.15638,31.2551193,75.7055119,0.970,26.50
465.751,4.76925,2.29843,6.71813,0.18815,0.41294,0.21991,31.2551193,75.7055119,0.970,26.50
465.853,3.47159,3.16992,5.80354,-0.34086,0.11118,-0.59132,31.2551193,75.7055119,0.970,26.50
465.956,2.55222,4.10845,7.83383,-0.16005,-0.98960,-0.63286,31.2551193,75.7055119,0.970,26.50
466.061,2.33674,4.39575,11.49696,-0.02932,0.25412,-0.58277,31.2551193,75.7055119,0.970,26.50
466.162,2.72460,4.51546,12.88559,-0.21869,-0.52046,0.11851,31.2551316,75.7055170,1.000,24.50
466.264,0.39744,3.72059,8.24563,0.46059,0.24435,0.57421,31.2551316,75.7055170,1.000,24.50
466.367,1.97761,2.53307,6.47871,0.71105,0.64141,0.25534,31.2551316,75.7055170,1.000,24.50
466.470,1.37427,3.56736,5.36301,0.53634,0.01466,0.29077,31.2551316,75.7055170,1.000,24.50
466.574,3.51469,3.63440,10.70687,-0.23213,-0.37751,0.01466,31.2551316,75.7055170,1.000,24.50
466.677,4.69264,3.93128,8.26478,-0.82467,-0.28100,-0.37751,31.2551316,75.7055170,1.000,24.50
466.779,3.91213,1.52271,11.52569,-0.39706,0.59132,-0.47770,31.2551316,75.7055170,1.000,24.50
466.883,3.14119,2.69108,7.52737,-0.77458,-0.48747,-0.63774,31.2551316,75.7055170,1.000,24.50
466.987,2.50912,3.71101,7.01022,-0.14050,-0.62308,-0.32742,31.2551316,75.7055170,1.000,24.50
467.090,2.66235,4.54419,9.68215,-0.33598,-0.16982,-0.39095,31.2551316,75.7055170,1.000,24.50
467.194,1.91536,5.85143,9.31344,0.41417,0.32254,0.07697,31.2551404,75.7055207,0.950,19.10
467.297,3.47638,2.82037,15.40908,1.19485,0.17471,0.30299,31.2551404,75.7055207,0.950,19.10
467.400,2.25534,2.49476,8.19296,1.04702,-0.37263,0.24923,31.2551404,75.7055207,0.950,19.10
467.503,1.39821,2.44209,4.03662,0.46426,0.56200,0.32498,31.2551404,75.7055207,0.950,19.10
467.605,3.17950,3.94564,7.74764,0.05376,-0.28100,0.45571,31.2551404,75.7055207,0.950,19.10
467.708,5.61201,4.52025,8.63828,-0.25779,0.25901,0.35675,31.2551404,75.7055207,0.950,19.10
467.812,6.23929,1.39343,13.30219,-1.31458,-0.17593,-0.29688,31.2551404,75.7055207,0.950,19.10
467.915,5.09007,2.74854,4.81713,-0.54856,-0.42883,-0.45693,31.2551404,75.7055207,0.950,19.10
468.017,2.72939,2.48997,6.84263,-0.75259,0.03176,-1.08367,31.2551404,75.7055207,0.950,19.10
468.121,2.24576,3.89297,9.13148,-0.48625,-0.58521,-0.59376,31.2551404,75.7055207,0.950,19.10
468.226,2.49955,5.18584,11.84172,0.78435,-0.03665,0.41050,31.2551506,75.7055248,0.970,17.40
468.330,3.93607,3.67271,16.43859,1.12277,-0.45448,0.80756,31.2551506,75.7055248,0.970,17.40
468.435,2.64320,3.10767,7.95833,1.54671,0.20403,1.01770,31.2551506,75.7055248,0.970,17.40
468.539,2.52349,2.13084,4.99909,1.31580,0.99327,0.60842,31.2551506,75.7055248,0.970,17.40
468.643,2.65756,4.11803,4.51068,0.38240,0.22480,0.29810,31.2551506,75.7055248,0.970,17.40
468.747,5.59285,4.28562,8.45153,-0.25779,0.25168,0.09163,31.2551506,75.7055248,0.970,17.40
468.851,7.03895,4.12282,9.19852,-1.41965,-0.70005,-0.22969,31.2551506,75.7055248,0.970,17.40
468.956,4.98952,3.39977,6.38294,-0.25168,0.21258,-0.27611,31.2551506,75.7055248,0.970,17.40
469.060,4.50110,3.55300,6.18183,-0.75747,-0.49847,-0.85277,31.2551506,75.7055248,0.970,17.40
469.164,2.85868,3.88818,6.69419,-0.48014,-0.63774,-0.67195,31.2551506,75.7055248,0.970,17.40
469.269,4.55856,5.84185,9.97903,-0.02443,-0.47647,0.04154,31.2551618,75.7055299,1.030,16.20
469.372,3.98395,6.55054,8.47069,-0.60231,-0.50091,0.31398,31.2551618,75.7055299,1.030,16.20
469.477,3.25133,4.03184,9.97903,1.35368,0.64630,0.53756,31.2551618,75.7055299,1.030,16.20
469.581,3.76368,3.12204,7.95354,1.72753,0.68906,0.30177,31.2551618,75.7055299,1.030,16.20
469.684,2.67193,3.52426,4.75488,0.95417,0.90408,0.32498,31.2551618,75.7055299,1.030,16.20
469.788,5.07571,4.63039,5.20021,0.19059,-0.09285,0.19181,31.2551618,75.7055299,1.030,16.20
469.892,6.01902,4.88417,6.22492,-0.64507,-0.19181,0.15272,31.2551618,75.7055299,1.030,16.20
469.995,5.62637,3.53384,9.61033,-0.78191,0.07941,0.07575,31.2551618,75.7055299,1.030,16.20
470.099,5.95677,4.53941,5.63116,-0.74648,-0.75747,-0.37996,31.2551618,75.7055299,1.030,16.20
470.205,3.44765,3.73017,6.44040,-0.82833,-0.40806,-0.96150,31.2551738,75.7055361,1.080,13.60
470.307,3.00233,4.91290,8.65265,-0.70983,-0.26145,-0.52779,31.2551738,75.7055361,1.080,13.60
470.412,2.71502,6.34463,9.69652,-0.02810,0.25901,0.28466,31.2551738,75.7055361,1.080,13.60
470.516,4.21858,4.52025,15.18403,0.93951,-0.90042,1.13987,31.2551738,75.7055361,1.080,13.60
470.621,4.03184,3.82593,8.92558,1.67499,0.03910,0.97616,31.2551738,75.7055361,1.080,13.60
470.725,3.54342,2.45166,5.74608,1.67011,1.09345,0.53512,31.2551738,75.7055361,1.080,13.60
470.829,3.63919,3.32315,3.89776,1.02259,0.83689,0.16249,31.2551738,75.7055361,1.080,13.60
470.932,6.22014,4.10366,5.35344,-0.11973,0.21380,0.16249,31.2551738,75.7055361,1.080,13.60
471.040,8.54251,3.50990,8.23127,-1.95721,-0.88087,0.05864,31.2551738,75.7055361,1.080,13.60
471.144,7.09163,3.03106,5.19542,-0.46548,0.41905,-0.31398,31.2551738,75.7055361,1.080,13.60
471.248,5.00867,2.76291,6.19141,-1.56259,-0.67562,-1.35979,31.2551847,75.7055401,1.130,12.20
471.350,3.99353,3.78284,8.33182,-1.41721,-0.79657,-1.41599,31.2551847,75.7055401,1.130,12.20
471.453,3.98395,5.14275,11.67892,-0.55833,0.06842,-0.78069,31.2551847,75.7055401,1.130,12.20
471.556,3.90734,5.64553,12.86644,-0.17471,-0.71838,0.29566,31.2551847,75.7055401,1.130,12.20
471.661,2.64320,4.14197,8.51378,1.55404,0.32865,0.57544,31.2551847,75.7055401,1.130,12.20
471.765,3.42371,2.99754,8.72447,1.65667,0.23702,0.19914,31.2551847,75.7055401,1.130,12.20
471.868,2.70066,3.05500,4.88896,1.07146,0.70494,-0.01710,31.2551847,75.7055401,1.130,12.20
471.975,3.91691,3.68228,4.81235,-0.05620,0.60231,0.16982,31.2551847,75.7055401,1.130,12.20
472.078,6.34942,4.42448,5.37259,-0.63408,0.07086,0.39218,31.2551847,75.7055401,1.130,12.20
472.182,8.00142,4.02226,13.45063,-1.10322,-0.16493,-0.15027,31.2551951,75.7055447,1.000,17.20
472.285,5.13317,4.17549,5.13796,-0.70860,-0.46426,-0.67195,31.2551951,75.7055447,1.000,17.20
472.392,2.51391,3.51469,6.24887,-0.63163,-0.34697,-0.93340,31.2551951,75.7055447,1.000,17.20
472.495,3.87861,5.16190,9.01656,-0.39462,-0.48014,-0.44960,31.2551951,75.7055447,1.000,17.20
472.600,3.94564,5.74608,10.09874,0.51924,-0.11729,0.16616,31.2551951,75.7055447,1.000,17.20
472.703,3.82593,5.04219,12.92869,-0.29444,-0.49847,0.23091,31.2551951,75.7055447,1.000,17.20
472.808,4.44843,4.34308,7.72848,1.49540,0.11484,0.81245,31.2551951,75.7055447,1.000,17.20
472.911,4.34787,3.10767,5.56412,1.34146,0.45937,0.25045,31.2551951,75.7055447,1.000,17.20
473.015,3.45244,3.40455,4.11324,0.86132,0.42883,0.08308,31.2551951,75.7055447,1.000,17.20
473.122,4.39097,5.87537,3.92649,-0.23213,0.09041,0.40561,31.2551951,75.7055447,1.000,17.20
473.225,6.79474,6.57927,6.34463,-0.94073,0.36163,0.17959,31.2552042,75.7055505,1.020,21.70
473.329,8.15944,3.75411,12.55041,-0.11240,0.29688,-0.21869,31.2552042,75.7055505,1.020,21.70
473.432,5.43005,3.73017,3.13640,-0.55833,-0.97738,-0.68173,31.2552042,75.7055505,1.020,21.70
473.537,3.10767,3.85945,5.72214,-1.06657,-0.51557,-1.04458,31.2552042,75.7055505,1.020,21.70
473.641,2.85389,5.63116,7.62314,-0.71471,-0.41783,-0.26145,31.2552042,75.7055505,1.020,21.70
473.745,4.47237,6.85699,10.36689,0.54734,0.14661,0.31643,31.2552042,75.7055505,1.020,21.70
473.849,5.66947,5.29119,14.61900,0.39462,-0.05742,-0.16616,31.2552042,75.7055505,1.020,21.70
473.956,4.19464,4.60166,7.58004,1.28770,-0.41539,0.06353,31.2552042,75.7055505,1.020,21.70
474.059,2.23140,2.93529,4.05099,0.60353,1.34024,-0.26267,31.2552042,75.7055505,1.020,21.70
474.164,2.26013,4.74531,3.40455,0.40195,-0.34208,0.40073,31.2552042,75.7055505,1.020,21.70
474.267,5.99987,5.94720,8.65265,-0.11851,-0.65363,0.34331,31.2552133,75.7055561,0.860,28.10
474.369,7.68060,6.51702,8.06367,-1.06779,-0.54367,0.25290,31.2552133,75.7055561,0.860,28.10
474.472,5.05177,4.68785,4.10845,-0.03299,0.43860,-0.31643,31.2552133,75.7055561,0.860,28.10
474.576,4.67827,3.93128,6.67503,-0.79657,-0.33231,-0.73915,31.2552133,75.7055561,0.860,28.10
474.680,3.45723,4.69264,4.18028,-0.34819,-0.56810,-0.52290,31.2552133,75.7055561,0.860,28.10
474.782,3.40934,5.72214,5.60722,-0.66096,-0.09285,-0.33353,31.2552133,75.7055561,0.860,28.10
474.884,5.22415,8.10198,8.52815,-0.07575,0.07819,0.15027,31.2552133,75.7055561,0.860,28.10
474.988,4.42927,5.06613,15.12657,0.37385,0.39584,-0.00489,31.2552133,75.7055561,0.860,28.10
475.094,2.23618,4.68785,7.08205,1.07512,-0.27489,0.44471,31.2552133,75.7055561,0.860,28.10
475.198,2.23618,3.78284,6.03818,0.70738,1.31092,0.18326,31.2552216,75.7055621,0.870,32.30
475.300,3.20344,4.95600,4.97994,0.58521,0.90652,0.44104,31.2552216,75.7055621,0.870,32.30
475.405,5.36301,5.78439,6.90967,0.46670,0.11484,0.49847,31.2552216,75.7055621,0.870,32.30
475.512,6.66067,6.94318,5.59285,-0.12950,0.01100,0.47037,31.2552216,75.7055621,0.870,32.30
475.616,6.18183,4.04141,6.68461,-0.09529,0.10629,-0.48747,31.2552216,75.7055621,0.870,32.30
475.719,4.39097,3.02148,4.96079,-1.13621,-0.87354,-0.97983,31.2552216,75.7055621,0.870,32.30
475.823,2.31759,3.73495,5.78918,-1.30481,-0.69394,-0.90042,31.2552216,75.7055621,0.870,32.30
475.927,2.70545,6.00466,10.29986,-1.23761,-0.61697,-0.12828,31.2552216,75.7055621,0.870,32.30
476.033,1.76213,7.70454,11.87045,0.12828,0.60109,0.24801,31.2552216,75.7055621,0.870,32.30
476.138,1.92973,2.85389,16.21832,1.78250,0.29932,1.18264,31.2552216,75.7055621,0.870,32.30
476.242,4.08930,2.82516,7.64229,2.09649,0.25412,0.74770,31.2552305,75.7055672,0.940,26.90
476.345,2.94008,1.07260,4.95600,1.16187,1.26938,0.56810,31.2552305,75.7055672,0.940,26.90
476.451,2.75812,2.80122,3.01191,0.09407,0.62430,0.66829,31.2552305,75.7055672,0.940,26.90
476.554,7.24964,5.09007,7.25922,-1.12033,-0.75992,1.10689,31.2552305,75.7055672,0.940,26.90
476.657,7.91523,5.19063,10.25676,-2.00975,0.01588,0.18692,31.2552305,75.7055672,0.940,26.90
476.760,6.89530,3.75890,7.18739,0.22846,0.76480,-0.57299,31.2552305,75.7055672,0.940,26.90
476.864,4.37181,2.22182,5.87537,-1.05191,-0.57910,-1.48318,31.2552305,75.7055672,0.940,26.90
476.967,3.18908,3.31358,6.76123,-0.71471,-0.94073,-0.97372,31.2552305,75.7055672,0.940,26.90
477.070,3.11246,4.67348,9.95988,-0.37141,-0.34453,-0.45937,31.2552305,75.7055672,0.940,26.90
477.174,3.03585,6.19141,10.12268,0.81734,0.13073,0.17104,31.2552402,75.7055724,0.970,21.80
477.276,1.77650,3.33752,14.77701,1.06291,-0.25045,0.67684,31.2552402,75.7055724,0.970,21.80
477.384,4.28083,3.28963,10.41478,1.82160,-0.21136,0.89064,31.2552402,75.7055724,0.970,21.80
477.487,3.62961,1.51792,5.28640,1.73852,1.52105,0.50946,31.2552402,75.7055724,0.970,21.80
477.590,2.71502,2.50433,3.59609,0.66340,0.88087,0.27855,31.2552402,75.7055724,0.970,21.80
477.694,5.07571,4.09887,6.78038,-0.50580,0.02199,0.75381,31.2552402,75.7055724,0.970,21.80
477.798,8.66701,3.29921,15.23670,-2.36527,-0.09163,-0.46059,31.2552402,75.7055724,0.970,21.80
477.902,6.07648,3.83072,3.16513,-0.05253,0.18570,-0.56566,31.2552402,75.7055724,0.970,21.80
478.006,4.29999,2.32238,6.42125,-1.24617,-0.94195,-1.49173,31.2552402,75.7055724,0.970,21.80
478.109,2.85389,2.83473,7.18261,-0.89919,-1.18997,-1.24983,31.2552402,75.7055724,0.970,21.80
478.214,4.92248,4.18506,12.51210,-0.70250,-0.83444,-0.51191,31.2552504,75.7055753,1.000,17.00
478.316,5.70299,5.24809,14.58548,-0.14661,-0.69394,0.09163,31.2552504,75.7055753,1.000,17.00
478.419,1.63763,4.47237,6.07648,1.13377,-0.01100,0.15394,31.2552504,75.7055753,1.000,17.00
478.523,2.64320,2.65756,8.59040,1.47829,0.22846,-0.19426,31.2552504,75.7055753,1.000,17.00
478.627,2.49955,2.78685,5.99508,1.07390,0.68417,0.10751,31.2552504,75.7055753,1.000,17.00
478.731,5.12838,3.08852,5.33907,-1.11422,3.13496,-0.32132,31.2552504,75.7055753,1.000,17.00
478.835,3.62961,3.08373,5.16669,-0.73182,-0.61453,0.23335,31.2552504,75.7055753,1.000,17.00
478.938,8.08282,3.13640,10.48660,0.45326,-1.54549,0.70983,31.2552504,75.7055753,1.000,17.00
479.042,5.62159,3.61524,4.35266,-0.79779,-0.71716,-0.59987,31.2552504,75.7055753,1.000,17.00
479.144,4.23774,3.01669,6.78517,-0.86499,-0.28833,-1.16797,31.2552504,75.7055753,1.000,17.00
479.247,4.25210,3.64398,9.79228,-0.71471,-0.24923,-0.79657,31.2552602,75.7055797,1.030,19.40
479.350,3.98874,5.27682,10.07001,0.54123,-0.21747,-0.01466,31.2552602,75.7055797,1.030,19.40
479.454,4.56335,4.60644,16.88391,0.04032,-1.18630,0.17837,31.2552602,75.7055797,1.030,19.40
479.557,3.60088,3.19865,9.05966,1.99631,0.11729,0.54978,31.2552602,75.7055797,1.030,19.40
479.662,3.78284,1.39821,5.48751,1.60780,1.20463,0.07697,31.2552602,75.7055797,1.030,19.40
479.765,2.54743,2.51870,2.29843,0.77336,0.71349,0.19914,31.2552602,75.7055797,1.030,19.40
479.867,5.42047,4.15155,7.66145,-0.72082,0.25045,0.30055,31.2552602,75.7055797,1.030,19.40
479.970,6.34942,3.94564,7.93917,-2.32862,-0.05009,0.21869,31.2552602,75.7055797,1.030,19.40
480.073,6.95276,2.71981,7.83383,-0.00977,1.33413,0.23702,31.2552602,75.7055797,1.030,19.40
480.176,6.24887,3.46202,4.25689,-1.14598,-1.10200,-0.93707,31.2552690,75.7055862,1.020,24.20
480.278,3.68228,2.88262,7.22570,-1.16187,-0.26023,-1.54305,31.2552690,75.7055862,1.020,24.20
480.382,3.50990,4.10366,11.69807,-0.39828,-0.45326,-0.76358,31.2552690,75.7055862,1.020,24.20
480.484,3.43807,5.64074,9.63906,0.64141,0.20403,-0.19914,31.2552690,75.7055862,1.020,24.20
480.587,1.91057,3.31836,12.74673,0.89553,0.14661,-0.06597,31.2552690,75.7055862,1.020,24.20
480.691,3.16992,3.70622,8.38449,1.03603,-0.12584,0.21869,31.2552690,75.7055862,1.020,24.20
480.793,2.57616,2.63362,5.84185,0.79535,0.92729,-0.05009,31.2552690,75.7055862,1.020,24.20
480.897,2.69108,3.69186,5.78439,0.72693,0.11362,-0.06353,31.2552690,75.7055862,1.020,24.20
481.000,3.87382,5.11880,7.36456,-0.17226,-0.06842,0.11240,31.2552690,75.7055862,1.020,24.20
481.103,5.67426,5.54018,6.22492,-1.24739,0.12584,0.08430,31.2552690,75.7055862,1.020,24.20
481.205,4.60644,4.10366,5.07571,0.14416,0.43005,-0.09652,31.2552776,75.7055930,1.000,34.00
481.306,4.04141,3.39977,7.52737,-1.10200,-0.46914,-0.79779,31.2552776,75.7055930,1.000,34.00
481.411,2.52828,4.46758,6.25365,-0.37751,-0.70738,-0.72693,31.2552776,75.7055930,1.000,34.00
481.516,2.73418,5.85143,9.25119,-0.35430,-0.20159,-0.37018,31.2552776,75.7055930,1.000,34.00
481.619,2.89220,6.58884,10.11790,0.21502,-0.02199,0.26756,31.2552776,75.7055930,1.000,34.00
481.724,2.49476,3.35188,9.05487,0.74159,1.36712,0.41172,31.2552776,75.7055930,1.000,34.00
481.828,1.14922,3.02148,8.79630,0.71105,-0.08919,0.72449,31.2552776,75.7055930,1.000,34.00
481.932,1.64721,3.66792,6.22014,0.74037,0.89675,0.51313,31.2552776,75.7055930,1.000,34.00
482.037,2.11647,4.42927,6.74207,0.55955,0.54856,0.31887,31.2552776,75.7055930,1.000,34.00
482.143,4.58729,4.91769,8.98783,-0.05498,-0.18448,0.37018,31.2552776,75.7055930,1.000,34.00
482.248,5.84185,3.24175,13.80497,-1.39155,-0.28100,-0.28711,31.2552858,75.7056009,1.020,41.50
482.351,4.39575,3.40934,3.57694,0.57666,0.12950,-0.06231,31.2552858,75.7056009,1.020,41.50
482.455,2.78206,2.26970,7.29274,-1.11911,0.06475,-0.99327,31.2552858,75.7056009,1.020,41.50
482.556,2.46124,3.81636,7.37414,-0.80023,-1.00793,-0.67928,31.2552858,75.7056009,1.020,41.50
482.663,2.12605,5.14275,10.78348,-0.64141,0.18937,-0.41905,31.2552858,75.7056009,1.020,41.50
482.766,1.91057,6.43561,9.54329,0.17715,0.61697,0.27367,31.2552858,75.7056009,1.020,41.50
482.870,1.53229,3.79242,10.94150,1.28404,-0.05986,0.85643,31.2552858,75.7056009,1.020,41.50
482.974,2.03986,3.01191,10.08917,1.53938,-0.15027,0.47892,31.2552858,75.7056009,1.020,41.50
483.077,2.40857,2.86825,5.28161,1.22417,0.57421,0.34819,31.2552858,75.7056009,1.020,41.50
483.180,2.48039,4.07972,5.08050,0.49602,0.58643,0.00122,31.2552949,75.7056076,1.020,42.20
483.282,4.38139,5.49230,9.37091,-0.14539,-0.05009,0.00733,31.2552949,75.7056076,1.020,42.20
483.386,4.61123,3.62961,12.21043,-1.24372,-0.15882,-0.21625,31.2552949,75.7056076,1.020,42.20
483.490,4.18985,4.21380,4.12760,0.02932,-0.44227,-0.23457,31.2552949,75.7056076,1.020,42.20
483.593,3.79720,3.21302,8.51857,-0.87232,-0.40073,-1.02992,31.2552949,75.7056076,1.020,42.20
483.698,1.99676,3.78284,6.72292,-0.62553,-0.62186,-0.96272,31.2552949,75.7056076,1.020,42.20
483.801,1.82438,5.82270,9.89284,-0.33720,-0.71105,-0.42394,31.2552949,75.7056076,1.020,42.20
483.906,1.05824,7.00543,10.15620,-0.34208,0.35797,0.16982,31.2552949,75.7056076,1.020,42.20
484.014,1.21147,4.08930,10.24718,1.30236,0.72815,1.02748,31.2552949,75.7056076,1.020,42.20
484.118,2.53785,2.86825,8.90643,1.38544,0.13928,0.64263,31.2552949,75.7056076,1.020,42.20
484.223,1.94409,2.89220,4.59687,0.98838,0.76847,0.42638,31.2553034,75.7056157,1.040,45.70
484.326,3.14598,4.33351,7.02459,-0.21014,0.21502,0.42516,31.2553034,75.7056157,1.040,45.70
484.429,6.65109,6.31590,9.82580,-0.90652,1.54915,0.17715,31.2553034,75.7056157,1.040,45.70
484.535,3.53863,2.92571,14.42746,-0.55100,0.50824,-0.33231,31.2553034,75.7056157,1.040,45.70
484.640,3.54821,3.55778,4.77404,-0.07086,-0.94562,-0.57055,31.2553034,75.7056157,1.040,45.70
484.744,1.60890,2.53785,6.19619,-0.57055,-0.40073,-0.74281,31.2553034,75.7056157,1.040,45.70
484.849,1.72861,4.46279,8.76278,-0.75625,-0.95539,-0.52657,31.2553034,75.7056157,1.040,45.70
484.953,1.58496,5.88016,11.97580,-0.22846,0.03421,-0.02566,31.2553034,75.7056157,1.040,45.70
485.056,1.99198,6.41167,13.12022,-0.46792,-0.44838,0.37385,31.2553034,75.7056157,1.040,45.70
485.161,1.06781,3.73017,8.16423,1.46241,0.47647,0.93340,31.2553034,75.7056157,1.040,45.70
485.266,2.27928,2.37505,7.20655,1.25105,0.16249,0.54489,31.2553116,75.7056236,1.060,38.00
485.369,2.75812,3.39498,5.75087,0.78313,0.50091,0.31398,31.2553116,75.7056236,1.060,38.00
485.472,3.02627,4.97515,5.95199,-0.06353,0.17715,0.42638,31.2553116,75.7056236,1.060,38.00
485.577,4.72615,6.26802,7.48427,-0.86743,0.77458,0.09652,31.2553116,75.7056236,1.060,38.00
485.683,5.15232,3.55300,13.96298,0.00733,0.41294,-0.20159,31.2553116,75.7056236,1.060,38.00
485.788,3.90255,3.66313,4.53941,-0.21869,-0.70738,-0.79779,31.2553116,75.7056236,1.060,38.00
485.892,3.65355,4.29041,5.33428,-0.35552,-1.29748,-1.14476,31.2553116,75.7056236,1.060,38.00
485.996,1.48441,4.55377,10.29507,-1.12644,-0.46059,-1.38056,31.2553116,75.7056236,1.060,38.00
486.100,-0.31125,6.85699,11.78905,0.09163,-0.18448,0.03665,31.2553116,75.7056236,1.060,38.00
486.201,0.55545,3.88340,18.02355,1.02625,-0.68173,0.51068,31.2553215,75.7056307,1.030,35.40
486.304,1.01993,3.44765,9.35175,1.42332,0.15638,0.83444,31.2553215,75.7056307,1.030,35.40
486.407,2.17872,2.50433,5.07571,1.28160,1.17653,0.73182,31.2553215,75.7056307,1.030,35.40
486.511,1.78607,4.21380,5.34386,0.33231,0.86254,0.28833,31.2553215,75.7056307,1.030,35.40
486.616,4.74531,5.15232,8.00142,-0.08186,0.43616,0.65118,31.2553215,75.7056307,1.030,35.40
486.719,5.92804,5.40611,7.71412,-1.55771,0.05376,0.03299,31.2553215,75.7056307,1.030,35.40
486.822,6.16268,4.33351,6.21535,0.04032,-0.26634,-0.18082,31.2553215,75.7056307,1.030,35.40
486.925,3.33752,2.82995,5.78439,-0.80390,-0.46670,-0.94195,31.2553215,75.7056307,1.030,35.40
487.031,1.94409,4.39097,7.61835,-0.68906,-1.18997,-0.79657,31.2553215,75.7056307,1.030,35.40
487.135,0.52672,7.94396,10.51533,-0.89064,0.80268,-0.50580,31.2553215,75.7056307,1.030,35.40
487.237,0.79009,8.00142,16.01242,0.08186,-1.26816,0.19914,31.2553292,75.7056370,1.040,28.60
487.339,-0.20590,4.72137,10.66377,2.51554,1.27304,1.36345,31.2553292,75.7056370,1.040,28.60
487.442,-0.15323,1.99676,6.64630,3.62121,-0.64385,1.71164,31.2553292,75.7056370,1.040,28.60
487.545,2.18830,1.84832,3.21302,1.63468,1.20829,1.95599,31.2553292,75.7056370,1.040,28.60
487.650,7.90565,5.44441,5.04698,-1.43431,3.64564,-0.93340,31.2553292,75.7056370,1.040,28.60
487.755,8.37013,8.25521,11.42034,0.97372,1.57970,-0.97983,31.2553292,75.7056370,1.040,28.60
487.856,3.73974,4.48673,8.88728,0.94684,-0.26878,-1.69088,31.2553292,75.7056370,1.040,28.60
487.962,1.17795,3.08373,2.24097,0.94073,-1.83626,-0.07575,31.2553292,75.7056370,1.040,28.60
488.067,2.13563,4.44364,1.64242,-1.13743,-3.03234,0.04887,31.2553292,75.7056370,1.040,28.60
488.172,-0.43574,7.42681,8.90164,-1.69210,-1.69332,0.02932,31.2553381,75.7056411,1.020,20.50
488.273,1.25456,11.71722,10.64462,-0.50457,-0.12828,-0.23335,31.2553381,75.7056411,1.020,20.50
488.376,-0.95768,9.84496,13.49851,-0.44227,-0.15760,-0.17959,31.2553381,75.7056411,1.020,20.50
488.480,3.19387,5.82749,7.91044,1.26327,1.46119,0.88087,31.2553381,75.7056411,1.020,20.50
488.585,1.73819,2.03028,3.39019,0.19670,1.23150,0.84788,31.2553381,75.7056411,1.020,20.50
488.689,3.40455,4.02226,4.20422,0.87965,-0.19059,1.05191,31.2553381,75.7056411,1.020,20.50
488.794,5.27203,6.73728,8.23605,-1.30114,-0.31032,0.73426,31.2553381,75.7056411,1.020,20.50
488.897,7.09641,7.44597,13.58949,-2.50821,1.20585,-0.31521,31.2553381,75.7056411,1.020,20.50
489.000,6.01423,4.32393,6.76123,0.95051,0.86865,-0.55467,31.2553381,75.7056411,1.020,20.50
489.103,2.61447,2.44687,4.44843,-0.32620,-1.03847,-1.36834,31.2553381,75.7056411,1.020,20.50
489.205,0.67516,3.59130,4.66869,-0.20892,-1.12399,-0.82833,31.2553471,75.7056448,1.070,17.30
489.307,1.56102,6.41167,9.52892,-0.68661,-0.55711,-0.26878,31.2553471,75.7056448,1.070,17.30
489.410,1.22583,7.96311,9.83538,0.47037,0.60109,0.37385,31.2553471,75.7056448,1.070,17.30
489.513,1.18752,5.20978,14.05875,0.81245,0.06353,0.34208,31.2553471,75.7056448,1.070,17.30
489.619,2.91135,3.98395,8.46111,1.23273,0.25290,0.44715,31.2553471,75.7056448,1.070,17.30
489.723,2.44687,3.28963,3.61524,0.92974,0.97738,0.36408,31.2553471,75.7056448,1.070,17.30
489.828,2.77249,5.02304,3.55300,0.33720,0.27000,0.40806,31.2553471,75.7056448,1.070,17.30
489.930,5.09486,6.54096,8.06846,-0.68295,-0.36896,0.53878,31.2553471,75.7056448,1.070,17.30
490.033,6.42125,4.56814,14.85363,-1.87047,-0.87598,-0.17837,31.2553471,75.7056448,1.070,17.30
490.138,4.97994,5.23851,2.74854,-0.33109,-0.48014,-0.56077,31.2553471,75.7056448,1.070,17.30
490.241,3.62003,3.51948,6.20098,-0.85643,-0.57299,-1.20951,31.2553567,75.7056483,1.100,18.30
490.345,3.07894,4.86981,6.52659,-0.65363,-0.91630,-0.76969,31.2553567,75.7056483,1.100,18.30
490.447,3.00712,7.05811,9.85932,-0.30055,-0.39584,-0.22969,31.2553567,75.7056483,1.100,18.30
490.554,1.59454,7.94875,10.42914,-0.37629,0.46304,-0.06597,31.2553567,75.7056483,1.100,18.30
490.658,2.10211,5.16190,9.14585,1.42698,0.55467,0.63041,31.2553567,75.7056483,1.100,18.30
490.762,2.85389,3.43329,4.90333,1.06413,1.15087,0.23946,31.2553567,75.7056483,1.100,18.30
490.864,2.95444,4.57771,4.09887,0.95661,0.63774,0.25901,31.2553567,75.7056483,1.100,18.30
490.969,3.62482,6.28717,6.25844,-0.04887,0.16127,0.22113,31.2553567,75.7056483,1.100,18.30
491.074,5.48272,7.26880,4.85544,-0.53023,0.48625,0.25779,31.2553567,75.7056483,1.100,18.30
491.177,6.39731,3.93128,7.35978,-0.25290,0.08063,-0.24923,31.2553664,75.7056527,1.100,22.20
491.279,4.30956,3.41413,4.26168,-0.89186,-0.83933,-1.01526,31.2553664,75.7056527,1.100,22.20
491.382,3.23217,5.04219,5.45878,-1.05558,-1.42087,-0.91874,31.2553664,75.7056527,1.100,22.20
491.486,2.37026,7.09641,10.33337,-0.79290,-0.81123,-0.57299,31.2553664,75.7056527,1.100,22.20
491.589,0.93853,7.97748,9.11233,-0.00855,0.56566,-0.12095,31.2553664,75.7056527,1.100,22.20
491.692,2.76291,4.50110,14.71955,1.44286,0.24801,0.76236,31.2553664,75.7056527,1.100,22.20
491.796,2.26970,3.59609,6.78996,1.49173,0.43249,0.58521,31.2553664,75.7056527,1.100,22.20
491.900,2.25534,3.67749,4.09887,0.88820,1.21073,0.42883,31.2553664,75.7056527,1.100,22.20
492.003,4.05578,5.77481,3.96480,0.13561,0.24068,0.35919,31.2553664,75.7056527,1.100,22.20
492.109,5.69820,5.93762,7.12514,-0.60720,-0.10018,0.33109,31.2553664,75.7056527,1.100,22.20
492.213,5.93762,4.26647,12.47858,-1.85825,-0.64141,-0.29810,31.2553769,75.7056597,1.070,28.80
492.317,4.73573,4.42927,5.41568,-0.21014,-0.49236,-0.39584,31.2553769,75.7056597,1.070,28.80
492.422,3.43329,3.75890,5.85622,-0.55589,-0.13439,-0.98838,31.2553769,75.7056597,1.070,28.80
492.525,2.44687,4.93684,6.04775,-0.59620,-0.69028,-0.57544,31.2553769,75.7056597,1.070,28.80
492.630,3.35188,7.18739,10.34774,-0.14539,-0.72693,0.09896,31.2553769,75.7056597,1.070,28.80
492.734,3.22738,8.81545,8.03015,-0.10629,0.12706,0.07086,31.2553769,75.7056597,1.070,28.80
492.839,1.43652,3.67749,9.52413,1.63956,1.02625,0.70738,31.2553769,75.7056597,1.070,28.80
492.942,3.10767,3.28963,7.30232,1.57359,0.97494,0.79657,31.2553769,75.7056597,1.070,28.80
493.047,2.87783,3.55778,4.42927,1.07390,1.44897,0.54367,31.2553769,75.7056597,1.070,28.80
493.151,4.55856,5.24330,4.43406,0.46792,0.69272,0.44960,31.2553769,75.7056597,1.070,28.80
493.255,6.03339,6.33506,6.64630,-0.57421,-0.17959,0.21625,31.2553873,75.7056647,1.110,22.10
493.357,6.87136,5.92804,9.16500,-1.85703,-0.57177,-0.15516,31.2553873,75.7056647,1.110,22.10
493.463,4.58729,4.44364,2.60968,-0.17349,-0.02199,-0.71105,31.2553873,75.7056647,1.110,22.10
493.567,2.61447,3.47638,5.58328,-1.37078,-0.85277,-1.14965,31.2553873,75.7056647,1.110,22.10
493.671,2.41336,5.82749,7.60877,-1.00182,-0.92974,-0.89309,31.2553873,75.7056647,1.110,22.10
493.776,1.50356,7.82904,10.07959,-0.33964,-0.36163,-0.13317,31.2553873,75.7056647,1.110,22.10
493.881,2.18830,6.87615,13.55597,0.11851,-0.02199,0.32132,31.2553873,75.7056647,1.110,22.10
493.986,1.15401,4.97515,8.85855,1.12644,0.75992,0.71471,31.2553873,75.7056647,1.110,22.10
494.089,1.48441,2.10690,5.65032,0.66829,1.52838,0.28344,31.2553873,75.7056647,1.110,22.10
494.193,1.84832,4.02705,5.07092,0.59620,0.51801,0.70860,31.2553976,75.7056704,1.030,20.60
494.295,3.03106,5.34865,7.59441,-0.33720,-0.11851,0.60231,31.2553976,75.7056704,1.030,20.60
494.398,5.95677,6.69898,7.69975,-1.41599,-0.27733,0.45815,31.2553976,75.7056704,1.030,20.60
494.501,5.43484,4.09408,3.73495,0.33720,1.49051,-0.07819,31.2553976,75.7056704,1.030,20.60
494.606,3.24175,3.03585,5.99029,-0.43616,-0.56933,-0.74526,31.2553976,75.7056704,1.030,20.60
494.711,2.59531,4.53462,5.68384,0.10263,-1.24494,-0.41905,31.2553976,75.7056704,1.030,20.60
494.814,2.90177,6.41646,9.22246,-0.47037,-0.28833,-0.33842,31.2553976,75.7056704,1.030,20.60
494.918,2.22182,8.48984,8.94474,-0.76358,-0.66584,0.25656,31.2553976,75.7056704,1.030,20.60
495.020,1.92973,4.35266,10.79306,1.06779,0.68906,0.80879,31.2553976,75.7056704,1.030,20.60
495.125,2.77249,2.99275,5.93762,1.27060,0.81001,0.45448,31.2553976,75.7056704,1.030,20.60
495.229,2.15478,3.92170,4.27126,0.66462,0.28955,0.21258,31.2554075,75.7056731,1.030,12.70
495.333,3.28484,4.30956,7.43160,-0.24557,0.22724,0.31154,31.2554075,75.7056731,1.030,12.70
495.435,5.65510,5.48272,6.82347,-0.90164,0.82222,0.28711,31.2554075,75.7056731,1.030,12.70
495.540,6.16268,3.41413,10.24239,0.07941,1.00548,0.11484,31.2554075,75.7056731,1.030,12.70
495.644,4.41491,4.11324,4.67348,-0.88942,-1.05558,-1.28893,31.2554075,75.7056731,1.030,12.70
495.748,1.07739,3.22260,7.46512,-0.65973,-0.97128,-1.14232,31.2554075,75.7056731,1.030,12.70
495.853,1.77171,5.95677,9.90242,-0.45693,-0.35064,-0.52290,31.2554075,75.7056731,1.030,12.70
495.956,1.64721,7.86256,9.91678,0.47647,0.39584,0.14050,31.2554075,75.7056731,1.030,12.70
496.058,-0.17238,3.99353,16.57266,0.63286,0.10140,0.61209,31.2554075,75.7056731,1.030,12.70
496.159,2.18830,3.20344,7.88171,1.55893,0.33842,1.26327,31.2554182,75.7056753,1.100,7.70
496.261,2.57137,2.63362,4.17549,0.86254,1.25960,0.61453,31.2554182,75.7056753,1.100,7.70
496.365,2.53785,3.61524,7.16345,0.61820,0.52901,0.30665,31.2554182,75.7056753,1.100,7.70
496.469,4.40054,5.42047,8.34140,-0.06109,0.21502,0.55833,31.2554182,75.7056753,1.100,7.70
496.571,5.91847,4.97994,12.22479,-1.68843,-0.99449,0.04643,31.2554182,75.7056753,1.100,7.70
496.675,5.17626,4.35745,5.41568,0.26878,0.42394,-0.17715,31.2554182,75.7056753,1.100,7.70
496.779,3.55300,3.31358,4.60644,-0.76480,-0.46426,-1.20585,31.2554182,75.7056753,1.100,7.70
496.882,2.29843,4.63996,5.71735,-0.65485,-1.18386,-0.98716,31.2554182,75.7056753,1.100,7.70
496.985,1.50835,6.97670,9.89284,-0.57788,0.13317,-0.54123,31.2554182,75.7056753,1.100,7.70
497.090,1.93930,6.57448,14.25029,-0.92607,-1.13132,0.38362,31.2554182,75.7056753,1.100,7.70
497.196,1.45567,4.31435,7.51779,1.45630,0.69639,1.15820,31.2554290,75.7056758,1.050,358.70
497.300,2.65278,3.22260,6.21056,0.89431,0.21747,0.33964,31.2554290,75.7056758,1.050,358.70
497.404,1.91536,3.56257,5.22415,0.23457,0.73793,0.19914,31.2554290,75.7056758,1.050,358.70
497.508,4.07014,4.33351,10.60631,0.25901,0.24557,0.22235,31.2554290,75.7056758,1.050,358.70
497.613,4.65433,5.91847,6.41646,-1.47707,-0.23579,-0.05376,31.2554290,75.7056758,1.050,358.70
497.717,5.86101,2.18830,7.32626,0.39462,1.11788,0.66829,31.2554290,75.7056758,1.050,358.70
497.822,5.25288,3.53384,4.16591,-0.11606,-0.16371,-0.47037,31.2554290,75.7056758,1.050,358.70
497.926,3.01669,4.03184,5.92804,-0.54489,-1.24006,-0.82222,31.2554290,75.7056758,1.050,358.70
498.030,2.82037,5.60243,10.70687,-0.77091,-0.27245,-0.51924,31.2554290,75.7056758,1.050,358.70
498.135,2.14520,7.45076,9.56244,0.13317,0.41417,0.27978,31.2554290,75.7056758,1.050,358.70
498.239,2.01592,3.67749,12.45943,1.30481,0.72204,0.41050,31.2554403,75.7056744,1.020,351.50
498.342,2.41336,4.13239,7.91523,1.23639,-0.36163,0.24190,31.2554403,75.7056744,1.020,351.50
498.446,2.65278,3.18429,6.09564,0.81367,0.96028,-0.07819,31.2554403,75.7056744,1.020,351.50
498.549,2.45166,4.24731,3.72538,0.46548,0.52290,0.14172,31.2554403,75.7056744,1.020,351.50
498.654,4.56335,6.73250,7.09641,-0.13806,-0.44715,0.39951,31.2554403,75.7056744,1.020,351.50
498.758,5.61680,6.17704,9.84975,-1.76296,-0.93340,-0.33109,31.2554403,75.7056744,1.020,351.50
498.862,3.95043,4.51068,5.21457,0.57055,0.57055,-0.29077,31.2554403,75.7056744,1.020,351.50
498.969,3.18908,3.50032,5.32949,-0.69639,-0.48136,-0.90775,31.2554403,75.7056744,1.020,351.50
499.070,2.72460,4.82192,7.28316,-0.87476,-1.08612,-0.76480,31.2554403,75.7056744,1.020,351.50
499.173,2.93529,7.01501,9.54808,-0.39706,-0.12339,-0.61575,31.2554506,75.7056734,0.990,352.80
499.275,1.80044,8.48026,8.19775,-0.36408,-0.14416,-0.21014,31.2554506,75.7056734,0.990,352.80
499.377,1.66158,4.62081,9.89763,1.27060,0.51191,0.35308,31.2554506,75.7056734,0.990,352.80
499.481,0.92416,4.14676,7.21134,0.68295,-0.10385,0.44715,31.2554506,75.7056734,0.990,352.80
499.585,1.42694,4.07972,4.74531,0.26634,0.94440,0.46181,31.2554506,75.7056734,0.990,352.80
499.689,2.77249,5.88495,6.94318,0.25901,0.13073,0.51924,31.2554506,75.7056734,0.990,352.80
499.793,4.93206,6.75165,6.29196,-0.04398,0.79901,0.41172,31.2554506,75.7056734,0.990,352.80
499.897,6.46913,2.55701,13.97256,-0.05742,0.53267,0.30788,31.2554506,75.7056734,0.990,352.80
500.005,4.50110,4.22337,1.38864,-0.21625,-0.31521,-0.37018,31.2554506,75.7056734,0.990,352.80
500.110,3.60567,4.43406,8.97826,-0.66584,-0.73793,-0.77946,31.2554506,75.7056734,0.990,352.80
500.214,3.45244,5.41568,7.23528,-0.29932,-0.20281,-0.64263,31.2554607,75.7056727,0.900,354.00
500.316,2.82037,6.56011,7.78594,0.06597,-0.44471,-0.34086,31.2554607,75.7056727,0.900,354.00
500.419,3.14119,6.53138,14.85842,-0.68050,-1.04458,-0.07330,31.2554607,75.7056727,0.900,354.00
500.523,0.73263,4.09887,7.48427,1.08123,1.15820,0.51801,31.2554607,75.7056727,0.900,354.00
500.628,0.80924,4.05578,6.68940,0.97738,0.31643,0.80390,31.2554607,75.7056727,0.900,354.00
500.732,1.64721,5.97114,6.09085,0.59987,0.75136,0.39218,31.2554607,75.7056727,0.900,354.00
500.834,3.65834,5.54497,8.43238,0.40195,0.95295,0.17471,31.2554607,75.7056727,0.900,354.00
500.938,5.16190,5.55455,5.57370,-0.32254,0.23702,0.31521,31.2554607,75.7056727,0.900,354.00
501.039,5.90889,2.94487,11.28627,-0.76236,0.11484,-0.00367,31.2554607,75.7056727,0.900,354.00
501.141,5.66947,4.58250,4.46758,-0.40928,-0.73182,-0.48747,31.2554607,75.7056727,0.900,354.00
501.244,2.90656,3.62961,6.50744,-0.74526,-0.79168,-1.21318,31.2554706,75.7056734,0.960,5.10
501.347,2.62405,4.68306,8.40844,-0.58032,-1.27671,-0.66218,31.2554706,75.7056734,0.960,5.10
501.450,2.57137,6.16746,10.67335,0.26145,-0.48258,-0.23457,31.2554706,75.7056734,0.960,5.10
501.553,3.25611,6.59363,12.67969,-1.11177,-0.79046,-0.38362,31.2554706,75.7056734,0.960,5.10
501.656,1.23062,3.20344,7.69018,1.49173,1.32558,0.79412,31.2554706,75.7056734,0.960,5.10
501.760,2.97839,3.41413,6.46434,1.17897,0.54123,0.54734,31.2554706,75.7056734,0.960,5.10
501.862,2.12126,4.42927,5.11880,0.70005,0.51191,0.38118,31.2554706,75.7056734,0.960,5.10
501.966,3.14598,5.37738,6.70855,0.15027,0.49358,0.17471,31.2554706,75.7056734,0.960,5.10
502.071,5.48272,6.69898,8.91601,-0.35186,-0.20281,0.11484,31.2554706,75.7056734,0.960,5.10
502.174,6.27281,6.46434,10.15141,-0.73548,-0.65363,-0.50824,31.2554812,75.7056754,0.960,11.20
502.276,2.95444,4.75967,4.22816,0.23335,-0.26878,-0.97616,31.2554812,75.7056754,0.960,11.20
502.379,2.42772,3.63440,6.31590,-0.32987,-0.54489,-0.78069,31.2554812,75.7056754,0.960,11.20
502.481,1.70946,5.54497,5.20978,-0.41417,-0.95784,-0.28833,31.2554812,75.7056754,0.960,11.20
502.587,4.36702,8.81066,7.67581,0.03543,-0.56933,-0.30299,31.2554812,75.7056754,0.960,11.20
502.692,2.14042,8.47547,6.91445,0.61453,0.35919,-0.35675,31.2554812,75.7056754,0.960,11.20
502.796,-0.76136,4.66391,12.72279,0.24557,0.56810,-0.35552,31.2554812,75.7056754,0.960,11.20
502.901,0.79009,3.56736,7.57525,0.58399,0.78069,0.59132,31.2554812,75.7056754,0.960,11.20
503.005,2.88262,5.27682,4.02705,0.41294,1.31336,1.01037,31.2554812,75.7056754,0.960,11.20
503.109,3.85945,7.35499,6.42125,0.46792,0.15516,0.29199,31.2554812,75.7056754,0.960,11.20
503.213,3.57694,8.36055,6.67982,0.21380,0.09652,-0.05620,31.2554922,75.7056774,1.080,9.10
503.318,4.21380,4.52983,13.01488,-0.62186,-0.31032,-0.19059,31.2554922,75.7056774,1.080,9.10
503.421,3.29921,4.95600,2.01113,-0.11484,0.07941,0.20403,31.2554922,75.7056774,1.080,9.10
503.525,4.12282,5.27203,4.73094,-0.81123,-0.68050,-0.33353,31.2554922,75.7056774,1.080,9.10
503.629,3.06937,6.71813,6.98628,-0.91752,-1.31092,-0.50580,31.2554922,75.7056774,1.080,9.10
503.734,2.19788,7.68539,8.92080,-0.01344,-0.32742,-0.33109,31.2554922,75.7056774,1.080,9.10
503.836,0.66559,8.63349,6.79953,-0.39462,0.48136,0.15516,31.2554922,75.7056774,1.080,9.10
503.940,1.01514,5.56891,11.12346,0.78679,0.77213,0.68050,31.2554922,75.7056774,1.080,9.10
504.045,1.44610,3.46680,7.41724,0.65729,1.21929,0.44471,31.2554922,75.7056774,1.080,9.10
504.149,1.91536,4.29520,5.38695,1.12888,0.86376,0.74770,31.2554922,75.7056774,1.080,9.10
504.253,2.54743,5.51145,6.17225,0.53390,0.57544,0.44715,31.2555045,75.7056787,1.030,5.50
504.355,3.97916,7.84819,5.78439,-0.63652,0.15516,0.43738,31.2555045,75.7056787,1.030,5.50
504.458,5.07571,4.70700,11.62624,-0.24557,0.99327,-0.12584,31.2555045,75.7056787,1.030,5.50
504.562,3.07894,4.88417,5.64553,-0.39951,-0.55344,-0.58154,31.2555045,75.7056787,1.030,5.50
504.666,1.42694,5.28640,5.41568,0.04032,-0.64630,-0.20159,31.2555045,75.7056787,1.030,5.50
504.770,1.82917,6.72771,5.99987,0.00244,-0.72449,0.00489,31.2555045,75.7056787,1.030,5.50
504.872,1.80044,8.17859,8.92558,-0.11606,-0.50824,-0.13928,31.2555045,75.7056787,1.030,5.50
504.977,1.99198,7.54174,12.93827,-0.35430,-0.41172,-0.42394,31.2555045,75.7056787,1.030,5.50
505.081,0.48842,5.03261,7.06289,0.54489,0.89797,0.44471,31.2555045,75.7056787,1.030,5.50
505.184,1.36948,4.04620,5.99029,0.63041,0.65240,0.52534,31.2555155,75.7056768,0.980,357.60
505.286,1.24977,5.00867,4.58729,0.44715,0.21014,0.56322,31.2555155,75.7056768,0.980,357.60
505.392,0.57461,6.16746,6.45477,-0.28466,0.06231,0.63530,31.2555155,75.7056768,0.980,357.60
505.496,4.57771,7.57525,8.92080,-0.37507,0.16127,0.42272,31.2555155,75.7056768,0.980,357.60
505.602,5.13317,3.86903,11.52569,-0.04887,0.28222,-0.11484,31.2555155,75.7056768,0.980,357.60
505.706,4.73573,4.48673,3.61524,-0.20036,-0.91263,-0.42516,31.2555155,75.7056768,0.980,357.60
505.810,3.03106,4.18028,5.96635,-0.33475,-0.81245,-0.51679,31.2555155,75.7056768,0.980,357.60
505.915,3.26090,6.00945,7.26401,-0.32620,-1.48196,-0.33964,31.2555155,75.7056768,0.980,357.60
506.019,2.90177,8.24563,9.41879,-0.00367,-0.40806,-0.19181,31.2555155,75.7056768,0.980,357.60
506.124,2.09732,7.01501,12.37323,-0.80879,-0.31032,0.12584,31.2555155,75.7056768,0.980,357.60
506.228,1.62806,4.59687,7.84340,1.15454,1.50762,1.00426,31.2555241,75.7056747,0.940,349.70
506.329,3.25133,3.64398,6.08127,1.14110,0.27367,0.98716,31.2555241,75.7056747,0.940,349.70
506.432,3.97916,5.18105,4.79319,0.94684,0.72204,0.60476,31.2555241,75.7056747,0.940,349.70
506.535,4.20901,6.00466,4.92727,0.08919,0.41172,0.15516,31.2555241,75.7056747,0.940,349.70
506.640,6.61278,6.55054,6.94318,-0.93707,0.02688,-0.02077,31.2555241,75.7056747,0.940,349.70
506.745,5.43484,4.00789,9.62948,0.00611,0.37874,-0.12462,31.2555241,75.7056747,0.940,349.70
506.848,5.21936,4.46279,4.29041,-0.23091,-0.85277,-0.51191,31.2555241,75.7056747,0.940,349.70
506.953,3.28484,4.96557,5.55455,-0.38851,-0.82100,-0.74892,31.2555241,75.7056747,0.940,349.70
507.057,2.80600,6.55054,7.24964,-0.47525,-0.71227,-0.60476,31.2555241,75.7056747,0.940,349.70
507.158,2.77249,7.88650,9.69652,0.00611,-0.41172,-0.03543,31.2555241,75.7056747,0.940,349.70
507.260,2.89698,5.98072,12.92390,0.42516,-0.04032,0.35797,31.2555335,75.7056713,0.800,349.60
507.363,2.75812,5.49230,8.43717,1.03847,0.15760,0.68906,31.2555335,75.7056713,0.800,349.60
507.468,2.47560,3.29921,5.13796,0.85155,1.76907,0.37629,31.2555335,75.7056713,0.800,349.60
507.571,2.78685,4.68306,4.11803,0.90408,0.56322,0.62064,31.2555335,75.7056713,0.800,349.60
507.674,5.89931,6.48350,7.19218,-0.12706,-0.37751,0.62308,31.2555335,75.7056713,0.800,349.60
507.778,7.04374,6.88572,5.25767,-1.02381,0.06720,0.08186,31.2555335,75.7056713,0.800,349.60
507.881,5.37738,3.96001,6.99107,-0.27978,0.42516,-0.16005,31.2555335,75.7056713,0.800,349.60
507.987,4.72137,3.92649,5.06613,-0.68906,-0.60231,-0.62919,31.2555335,75.7056713,0.800,349.60
508.091,3.31358,4.78362,5.38695,-0.58521,-0.94195,-0.63774,31.2555335,75.7056713,0.800,349.60
508.196,4.37660,6.68461,8.66222,-0.75625,-0.48136,-0.54489,31.2555418,75.7056684,0.730,342.10
508.299,3.36146,7.82425,8.44674,0.08308,-0.16616,-0.25901,31.2555418,75.7056684,0.730,342.10
508.402,2.43730,5.82749,13.18247,0.27733,0.21991,0.06353,31.2555418,75.7056684,0.730,342.10
508.507,2.90177,4.08930,9.49062,1.43065,0.14416,0.60964,31.2555418,75.7056684,0.730,342.10
508.612,3.24654,2.85868,4.83150,1.43431,1.20096,0.63530,31.2555418,75.7056684,0.730,342.10
508.716,3.40934,4.70221,3.62961,0.60109,0.55589,0.43005,31.2555418,75.7056684,0.730,342.10
508.820,4.85544,6.42604,6.15310,-0.55467,0.34331,0.17593,31.2555418,75.7056684,0.730,342.10
508.926,9.48583,6.90488,12.84250,-1.01037,-0.82711,-0.06720,31.2555418,75.7056684,0.730,342.10
509.029,5.12359,4.35266,3.38061,0.49358,0.46792,-0.47892,31.2555418,75.7056684,0.730,342.10
509.132,3.51948,3.11246,4.35745,-0.66218,-0.58154,-0.76725,31.2555418,75.7056684,0.730,342.10
509.236,3.07416,4.85544,4.55856,-0.68173,-1.13987,-0.57666,31.2555485,75.7056632,0.740,336.50
509.339,3.63440,7.38372,9.59117,-0.82955,-0.26389,-0.36285,31.2555485,75.7056632,0.740,336.50
509.441,3.51948,8.85376,10.29986,-0.68783,-0.57544,-0.07575,31.2555485,75.7056632,0.740,336.50
509.545,1.54665,5.06613,8.97826,1.06779,0.85032,0.20036,31.2555485,75.7056632,0.740,336.50
509.648,2.20267,3.30400,7.90087,1.40377,0.37874,0.30788,31.2555485,75.7056632,0.740,336.50
509.752,2.04944,4.41012,4.45800,0.93829,0.64141,0.47770,31.2555485,75.7056632,0.740,336.50
509.857,2.80600,5.81312,5.55455,0.15394,0.44104,0.16005,31.2555485,75.7056632,0.740,336.50
509.961,5.43005,7.54652,7.04374,0.00977,-0.00489,0.44227,31.2555485,75.7056632,0.740,336.50
510.066,6.53138,6.79953,10.68772,-1.76296,-0.36652,0.24068,31.2555485,75.7056632,0.740,336.50
510.170,5.17626,4.99430,2.83473,0.73915,-0.34819,-0.43005,31.2555563,75.7056585,0.760,330.60
510.272,2.80122,4.38618,5.47315,-0.42394,-0.32742,-0.65118,31.2555563,75.7056585,0.760,330.60
510.373,2.63841,6.11958,4.46758,-0.23335,-0.98838,-0.08552,31.2555563,75.7056585,0.760,330.60
510.475,2.87783,8.37492,6.86178,-0.31887,-0.59498,0.12339,31.2555563,75.7056585,0.760,330.60
510.578,0.94332,10.34295,6.44998,-0.58032,1.21807,-0.18448,31.2555563,75.7056585,0.760,330.60
510.682,1.63285,4.53462,15.00686,1.11544,1.55648,0.58765,31.2555563,75.7056585,0.760,330.60
510.785,4.01747,3.33752,7.17303,2.27608,0.60476,0.64263,31.2555563,75.7056585,0.760,330.60
510.889,2.54743,4.15155,1.14922,0.78679,1.33535,0.78679,31.2555563,75.7056585,0.760,330.60
510.994,3.55778,6.82826,3.92649,-0.56322,0.30299,0.57421,31.2555563,75.7056585,0.760,330.60
511.098,5.42526,8.59518,7.02459,-0.73548,0.15638,0.31521,31.2555563,75.7056585,0.760,330.60
511.202,7.17303,4.08451,17.47767,-1.04702,0.66096,0.22235,31.2555628,75.7056513,0.760,319.50
511.304,4.18985,4.52025,0.22027,0.58765,-0.06964,0.18448,31.2555628,75.7056513,0.760,319.50
511.410,3.74932,4.68306,4.54419,-0.99815,-0.73426,-0.86499,31.2555628,75.7056513,0.760,319.50
511.514,3.11725,5.33428,7.92960,-0.98960,-0.94195,-0.16249,31.2555628,75.7056513,0.760,319.50
511.618,5.26724,7.22091,10.19930,-0.02688,-0.78557,-0.04887,31.2555628,75.7056513,0.760,319.50
511.723,3.62482,8.51857,7.68539,-0.91752,-0.13683,-0.18692,31.2555628,75.7056513,0.760,319.50
511.830,2.55701,3.97437,7.57525,1.43676,0.54000,0.51679,31.2555628,75.7056513,0.760,319.50
511.938,3.86424,4.17549,6.19141,1.22295,0.24801,-0.07697,31.2555628,75.7056513,0.760,319.50
512.042,2.05422,4.41970,3.69665,0.30788,0.62675,-0.14905,31.2555628,75.7056513,0.760,319.50
512.146,3.32315,5.96635,5.81312,-0.03299,0.16249,-0.02321,31.2555628,75.7056513,0.760,319.50
512.251,5.51145,7.72848,5.49230,-0.36652,-0.05620,0.29688,31.2555689,75.7056442,0.780,318.90
512.354,6.74686,4.58729,12.38281,-0.29688,0.35797,-0.14294,31.2555689,75.7056442,0.780,318.90
512.456,4.81235,4.64475,1.65679,0.00855,-0.88575,-0.27978,31.2555689,75.7056442,0.780,318.90
512.562,3.32794,4.18985,4.59208,-0.85888,-0.58887,-0.75259,31.2555689,75.7056442,0.780,318.90
512.667,3.60567,5.98550,7.23528,-1.00426,-0.63774,-0.38362,31.2555689,75.7056442,0.780,318.90
512.772,2.47082,7.58004,9.39485,0.25901,-0.00244,0.22358,31.2555689,75.7056442,0.780,318.90
512.874,4.26168,5.81312,15.73948,0.11851,0.25901,0.28588,31.2555689,75.7056442,0.780,318.90
512.977,0.81882,3.91213,6.16746,1.33535,1.00304,0.82345,31.2555689,75.7056442,0.780,318.90
513.081,2.65278,3.71580,6.47871,0.97738,0.96639,0.57177,31.2555689,75.7056442,0.780,318.90
513.188,2.62405,4.79319,5.02304,0.66584,0.63897,0.43494,31.2555775,75.7056364,0.870,323.70
513.290,5.57370,5.80354,7.58004,-0.34331,0.21014,0.16127,31.2555775,75.7056364,0.870,323.70
513.395,7.11078,5.82270,7.08684,-1.42209,-0.43371,-0.26634,31.2555775,75.7056364,0.870,323.70
513.500,5.80354,3.23696,7.21134,0.17226,0.39584,-0.44838,31.2555775,75.7056364,0.870,323.70
513.605,5.13317,3.59609,4.68306,-0.64263,-1.94255,-0.82589,31.2555775,75.7056364,0.870,323.70
513.710,2.48997,4.38618,5.60722,-0.66218,-1.35734,-0.61575,31.2555775,75.7056364,0.870,323.70
513.813,3.32794,6.93361,9.01178,-0.86254,-0.05620,-0.29688,31.2555775,75.7056364,0.870,323.70
513.917,3.07894,8.05409,8.38928,-0.16127,0.48136,0.00000,31.2555775,75.7056364,0.870,323.70
514.020,4.48673,4.46279,14.69082,0.66218,0.89797,0.30421,31.2555775,75.7056364,0.870,323.70
514.125,3.99832,4.89854,6.51702,1.52350,0.05986,0.38118,31.2555775,75.7056364,0.870,323.70
514.229,2.58574,3.67749,5.56412,0.67562,1.27060,-0.19181,31.2555839,75.7056295,0.600,319.60
514.332,2.72939,5.04219,5.10923,0.46914,0.38118,0.07330,31.2555839,75.7056295,0.600,319.60
514.436,4.17549,5.60243,6.92882,-0.02688,0.29932,0.19914,31.2555839,75.7056295,0.600,319.60
514.540,5.92804,5.76524,6.70855,-1.76051,-0.21869,0.06353,31.2555839,75.7056295,0.600,319.60
514.643,5.27203,3.92170,7.34541,-0.07697,0.64630,-0.31643,31.2555839,75.7056295,0.600,319.60
514.746,4.08451,3.67749,5.61680,-0.73793,-0.75992,-0.96028,31.2555839,75.7056295,0.600,319.60
514.849,2.09253,4.41012,6.42604,-0.63774,-1.27671,-0.68295,31.2555839,75.7056295,0.600,319.60
514.957,3.44765,6.63673,9.65821,-0.30055,-0.16982,-0.21136,31.2555839,75.7056295,0.600,319.60
515.062,3.12683,7.41724,8.96868,-0.48869,-0.40561,-0.21258,31.2555839,75.7056295,0.600,319.60
515.166,1.84354,4.06535,11.19529,0.97738,0.56688,0.24312,31.2555839,75.7056295,0.600,319.60
515.268,2.47082,3.71580,9.56244,0.90775,0.28833,0.28466,31.2555908,75.7056227,0.540,319.50
515.370,1.42216,2.69587,5.67426,0.97250,1.09711,0.47892,31.2555908,75.7056227,0.540,319.50
515.474,2.46603,4.55856,4.76446,0.31154,0.50335,0.40195,31.2555908,75.7056227,0.540,319.50
515.578,5.23373,5.98550,8.54251,-0.09041,-0.03543,0.60353,31.2555908,75.7056227,0.540,319.50
515.682,5.86579,5.55455,6.58405,-1.27304,-0.59498,0.20036,31.2555908,75.7056227,0.540,319.50
515.786,4.96557,3.93128,5.77003,0.12828,0.55589,-0.26389,31.2555908,75.7056227,0.540,319.50
515.890,4.24731,3.73495,7.36935,-1.14232,-0.79535,-0.97616,31.2555908,75.7056227,0.540,319.50
515.995,1.91057,4.54898,6.63194,-0.46426,-0.77580,-0.45326,31.2555908,75.7056227,0.540,319.50
516.100,1.55623,5.97114,9.59596,-0.25534,0.20769,0.43860,31.2555908,75.7056227,0.540,319.50
516.203,1.54665,6.48829,10.72124,0.85888,1.28282,0.90530,,,,
516.305,0.77572,1.88663,15.25107,0.69028,2.16368,1.70065,,,,
516.408,1.51792,3.01669,8.39407,1.04947,1.13743,1.72264,,,,
516.511,2.29365,3.45244,4.32393,0.24679,1.60169,1.06046,,,,
516.615,11.46823,6.16746,11.36767,-0.57055,-0.65240,1.09345,,,,
516.718,6.74207,4.27126,10.26634,-0.11118,0.71349,-1.04947,,,,
516.821,0.89064,3.25133,11.85609,-1.02137,3.06410,-0.51924,,,,
516.926,-0.41659,3.06937,10.31422,-0.17959,-4.07814,-0.90897,,,,
517.030,0.53630,2.18830,9.31823,0.46792,0.42272,-0.07941,,,,
517.134,0.75178,3.19865,6.85699,0.51191,-0.50702,-0.17837,,,,
517.236,-0.50757,3.73974,8.11156,0.11484,-0.33964,0.36163,,,,
517.339,-1.60890,3.02148,10.18972,-0.61331,1.19363,0.79535,,,,
517.443,-1.07260,1.32160,13.53682,-0.53756,-0.19059,0.50335,,,,
517.547,-0.79487,3.01191,6.13873,0.58154,1.18752,0.71716,,,,
517.654,-0.28730,3.13162,7.97748,-0.17226,0.50946,0.81367,,,,
517.759,-0.30167,4.40054,8.91122,0.14539,0.33475,0.60353,,,,
517.862,-0.43574,4.97036,10.41478,0.24312,-0.60842,-0.03054,,,,
517.965,1.56102,4.86502,13.17769,-0.98471,0.43127,0.11973,,,,
518.069,1.60890,3.19387,10.04128,1.06901,-0.69028,-0.66829,,,,
518.176,-0.22027,2.57616,5.71735,0.86132,-0.60720,-0.18326,,,,
518.279,-0.70390,3.32315,6.22014,0.40073,-0.08430,-0.12339,,,,
518.382,-0.64643,4.63039,9.74919,-0.09041,0.65118,0.07086,,,,
518.485,-0.43096,6.30154,10.93671,-0.41539,0.53878,0.24923,,,,
518.591,-1.21147,3.96001,9.37091,0.13806,-0.80146,0.00000,,,,
518.696,-2.86347,3.86424,5.99029,0.01100,1.21562,0.55344,,,,
518.799,0.49799,4.10366,5.79876,-0.06353,0.32620,0.76480,,,,
518.903,0.93853,4.98952,9.39964,-0.79168,0.29444,0.06353,,,,
519.008,1.56581,6.04775,10.86489,0.40439,-0.57544,-0.14050,,,,
519.112,1.94409,5.54497,10.88883,-0.03543,-1.33413,-0.54978,,,,
519.215,-1.64721,2.13563,9.99340,-0.76114,-1.22906,-0.76603,31.2556049,75.7056109,0.350,319.80
519.318,0.56982,2.67193,8.11156,0.11729,-0.24801,-0.95906,31.2556049,75.7056109,0.350,319.80
519.423,1.43173,3.85466,9.32781,-0.73548,-0.49114,-0.15394,31.2556049,75.7056109,0.350,319.80
519.527,2.66235,2.60489,8.87770,-0.32254,-0.69272,-0.53878,31.2556049,75.7056109,0.350,319.80
519.632,0.50757,2.89698,6.49786,0.44960,0.23702,-1.15331,31.2556049,75.7056109,0.350,319.80
519.737,-0.37350,4.71658,7.89129,-0.30543,0.03299,-0.31398,31.2556049,75.7056109,0.350,319.80
519.841,0.65601,4.64954,16.41465,-0.54367,-0.06353,0.54489,31.2556049,75.7056109,0.350,319.80
519.944,0.95768,2.03507,12.43070,0.53634,0.11606,0.27245,31.2556049,75.7056109,0.350,319.80
520.047,-2.53785,2.88741,5.15232,2.13681,1.44042,-0.51557,31.2556049,75.7056109,0.350,319.80
520.149,-2.39899,3.64398,4.87459,-0.36774,0.29688,1.10322,31.2556049,75.7056109,0.350,319.80
520.252,-0.21069,5.01825,8.03015,0.26389,0.60476,0.61942,31.2556104,75.7056084,0.310,319.80
520.358,-1.09654,5.74608,4.00311,0.61453,0.71960,0.43982,31.2556104,75.7056084,0.310,319.80
520.462,0.11971,5.69341,7.27837,-0.33353,0.09652,0.41783,31.2556104,75.7056084,0.310,319.80
520.564,0.76614,7.11078,9.95988,0.28344,-0.92363,0.07941,31.2556104,75.7056084,0.310,319.80
520.668,1.24977,4.65433,8.81545,-0.63286,-0.72937,0.31643,31.2556104,75.7056084,0.310,319.80
520.772,2.01113,4.68785,8.38928,0.10263,-0.15516,-0.84788,31.2556104,75.7056084,0.310,319.80
520.877,0.71347,4.53462,6.37815,-0.13317,-0.85888,-0.61942,31.2556104,75.7056084,0.310,319.80
520.982,0.37350,5.14275,8.18817,-0.31276,-0.42272,0.09774,31.2556104,75.7056084,0.310,319.80
521.086,0.66080,4.81235,8.93995,-0.74770,-0.82955,0.10873,31.2556104,75.7056084,0.310,319.80
521.190,0.33040,5.84185,8.79151,0.58765,0.74526,-0.51801,31.2556135,75.7056070,0.120,319.70
521.293,-0.75178,4.13239,13.23994,-1.26816,0.84299,0.32742,31.2556135,75.7056070,0.120,319.70
521.397,-0.62249,2.99275,8.75799,1.54060,-0.15272,-0.08308,31.2556135,75.7056070,0.120,319.70
521.501,-0.71826,4.17070,5.28640,0.31765,0.61575,0.42394,31.2556135,75.7056070,0.120,319.70
521.605,-0.07183,5.73651,5.02782,0.19670,0.20525,-0.15394,31.2556135,75.7056070,0.120,319.70
521.708,0.11971,6.42125,7.46512,-0.16371,-0.48136,-0.01833,31.2556135,75.7056070,0.120,319.70
521.815,0.50757,6.88094,8.44674,-0.33964,-1.05069,0.18570,31.2556135,75.7056070,0.120,319.70
521.918,0.73741,3.94564,11.94228,-0.88698,-0.41905,0.27122,31.2556135,75.7056070,0.120,319.70
522.023,2.96881,4.23774,5.65032,0.14783,0.07086,-0.66584,31.2556135,75.7056070,0.120,319.70
522.126,1.43652,3.18429,7.09641,-0.59865,-0.84177,-0.07330,31.2556135,75.7056070,0.120,319.70
522.234,0.89543,4.69264,9.78271,0.44715,0.84788,-0.22602,,,,
522.337,-0.61292,5.55455,8.79151,0.05620,0.46181,0.13806,,,,
522.441,-0.21069,4.61602,10.40041,-0.22480,-0.03787,0.54611,,,,
522.546,-0.35434,2.15957,9.44752,0.34086,-0.18937,0.62797,,,,
522.650,-1.84354,3.44765,5.99987,0.46670,1.49173,0.75381,,,,
522.754,-0.86670,3.39498,8.66222,-0.78557,0.45448,0.98227,,,,
522.857,-0.18675,4.70700,7.99185,-0.14783,0.90286,0.46792,,,,
522.961,-0.16759,5.03740,9.40442,-0.20892,-0.05376,0.57910,,,,
523.062,1.19710,5.44920,9.72525,-0.11484,-0.58399,0.33598,,,,
523.166,0.92416,2.46603,9.82580,0.59743,-1.01892,-0.24557,,,,
523.269,-0.34477,3.28963,8.69095,0.22235,1.36712,-0.37874,,,,
523.372,-0.19632,3.03106,7.01980,-0.11851,-0.75136,-0.25901,,,,
523.476,-1.11091,4.33829,7.69496,-0.28344,0.12217,0.02199,,,,
523.582,-0.74220,4.79319,11.75553,-0.40561,0.02810,0.36652,,,,
523.685,-0.00958,4.33829,12.26310,-0.18692,0.71716,0.74403,,,,
523.788,-1.13485,2.09253,6.56490,1.20707,-0.65485,-0.18570,,,,
523.892,-1.57538,3.43329,5.38695,-0.30910,1.31458,0.51801,,,,
523.996,-0.54109,3.83551,8.82503,-0.57788,0.27367,0.36041,,,,
524.100,-0.78051,5.12359,8.21690,-0.14416,0.18082,-0.00977,,,,
524.205,-0.77093,5.01346,10.37647,0.56810,-0.30055,-0.06720,,,,
524.309,0.02873,4.24731,11.67892,-0.01710,-0.22724,-0.16616,,,,
524.412,1.78129,3.39019,7.43160,0.77702,0.30788,-1.04336,,,,
524.518,-0.74699,3.51469,7.36456,-0.81001,-0.84666,-0.42638,,,,
524.622,0.33998,2.89220,8.86333,-0.63408,-0.27978,-0.33842,,,,
524.726,0.32561,4.14197,9.97903,-0.66584,-0.41783,-0.38973,,,,
524.830,-0.49321,4.42927,13.84327,0.55100,-0.10873,-0.41539,,,,
524.935,-1.92973,3.22260,12.67969,-0.20403,1.57725,0.17593,,,,
525.038,-1.40300,1.93451,6.77559,0.86987,-0.36530,-0.22235,,,,
525.142,-3.03585,2.10211,5.99029,0.00244,1.34757,0.71349,,,,
525.244,-1.10612,3.84988,7.84340,-0.47037,0.16005,0.40684,,,,
525.349,-1.69509,4.86981,7.29753,-0.06353,0.18815,0.44227,,,,
525.453,-1.11570,4.48673,7.49385,-0.04032,0.10263,0.41783,,,,
525.555,-1.76692,5.21457,10.70208,-0.11606,0.65973,-0.07819,,,,
525.658,-2.18351,6.13394,10.80264,0.33475,-0.32620,-0.26878,,,,
525.763,-1.34554,2.99275,9.10754,-0.09896,-1.45386,-0.06597,,,,
525.865,0.36392,3.14598,8.50420,0.33353,-0.00733,-0.60720,,,,
525.970,0.11013,2.89220,8.11156,0.10018,-0.88575,-0.14905,,,,
526.074,0.69911,2.58095,8.57603,-0.20159,-0.60109,-0.45082,,,,
526.178,0.17717,3.99832,7.25443,-0.28466,-0.05376,-0.84910,,,,
526.280,-0.82361,5.20978,10.72124,-0.41783,-0.09774,-0.50457,,,,
526.384,-0.70868,4.38139,13.37401,0.25045,0.02321,-0.24435,,,,
526.488,-2.03986,3.26569,10.72602,-0.34819,0.53145,0.10507,,,,
526.592,-1.92015,1.85790,6.88094,0.56933,0.31276,-0.27122,,,,
526.698,-3.23217,3.01669,6.46434,-0.25534,0.63163,0.53634,,,,
526.802,-0.86191,4.47716,7.19697,-0.32742,0.23213,0.48258,,,,
526.906,-0.99599,5.17148,7.53695,0.00000,0.55589,0.34819,,,,
527.011,-1.30723,5.14275,10.88404,-0.21380,0.10263,0.38607,,,,
527.115,-2.35111,5.75087,11.49217,1.12399,0.00733,-0.43616,,,,
527.217,-1.73340,3.43807,8.97826,-0.13806,-1.48196,0.27367,,,,
527.318,0.45490,3.10767,7.95354,0.64874,0.57910,-0.48625,,,,
527.421,0.77093,3.05979,5.88016,0.53756,-0.57910,-0.27978,,,,
527.525,1.13006,3.52426,7.57047,-0.25412,-0.23335,-0.23824,,,,
527.628,-0.07661,4.73094,7.21134,-0.29810,-0.42272,-0.51924,,,,
527.729,-1.00556,5.01346,8.75799,-0.51068,-0.57421,-0.43005,,,,
527.832,-1.06303,6.09564,11.01812,-0.30055,0.39584,-0.31521,,,,
527.936,-0.79009,6.27760,12.66054,-0.34697,0.17715,0.14783,,,,
528.041,-1.39343,1.69509,11.20008,0.27733,-0.39095,0.27611,,,,
528.146,-2.36068,3.10289,5.65510,0.62919,0.80634,-0.18570,,,,
528.247,-3.10289,3.32794,6.43083,-0.23946,0.54978,0.66706,,,,
528.350,-0.25857,4.57293,7.32147,-0.32376,0.33109,0.41417,,,,
528.457,-0.52672,5.58328,8.15944,-0.16982,0.54856,-0.01588,,,,
528.562,-2.88741,5.31992,11.28627,0.22358,-0.13561,0.02199,,,,
528.667,-1.56102,5.50666,8.91122,0.23457,-0.36285,-0.18326,,,,
528.771,-1.34554,2.76291,9.82102,0.22846,-0.35186,-0.42761,,,,
528.873,-0.56503,3.79242,6.94797,-0.05864,0.19792,-0.33842,,,,
528.980,-0.62728,4.29520,9.18895,-0.14783,-0.83689,-0.28588,,,,
529.085,-1.85790,3.28006,8.29830,0.49114,-0.11362,-0.58399,,,,
529.188,-0.67038,4.07972,5.98072,-0.39340,-0.54123,-0.08919,,,,
529.292,-0.46926,4.47237,10.58237,-0.73304,0.67440,-0.02932,,,,
529.396,-2.37984,4.15633,13.17290,0.11240,0.84422,-0.13561,,,,
529.499,-1.31202,1.12049,8.47547,0.08919,-1.27549,-0.01466,,,,
529.603,-4.40533,2.60968,6.44998,0.67440,1.66033,-0.23213,,,,
529.707,-2.79643,3.39498,7.11078,-0.45693,-0.38118,0.57666,,,,
529.811,-1.97761,4.23774,6.76123,0.32009,0.38485,-0.00611,,,,
529.916,-3.50990,4.95121,7.20176,-0.25412,0.64263,0.50824,,,,
530.022,-2.41336,4.70221,10.40520,-0.03421,-0.02077,0.13928,,,,
530.125,-1.98240,5.87537,9.34218,0.33842,-0.27611,-0.11851,,,,
530.229,-3.23696,3.96480,13.01009,-0.65240,-0.65729,0.12828,,,,
530.332,-0.52672,3.05021,8.84418,0.65118,-0.75381,-0.76725,,,,
530.436,-1.04866,3.54342,6.84742,0.20892,-0.69883,-0.03054,,,,
530.541,0.03352,3.39498,7.58483,0.16982,-0.44960,-0.31765,,,,
530.645,-0.61292,4.14197,6.85699,-0.01100,-0.24190,-0.54734,,,,
530.749,-1.68552,5.56412,11.94228,-0.64141,0.56077,-0.44104,,,,
530.853,-1.30245,5.23851,12.45943,-0.19792,-0.26389,-0.33598,,,,
530.956,-3.40934,1.95846,8.67180,-0.07575,-0.32865,0.05742,,,,
531.065,-5.53061,1.97282,7.73327,-0.37996,1.39888,0.81245,,,,
531.167,-2.65756,3.21781,6.87615,-0.05742,0.42638,0.79168,,,,
531.270,-1.56102,4.22337,5.99508,-0.11729,0.85277,0.79657,,,,
531.375,-1.17795,4.86023,10.03170,-0.25534,0.86010,0.74403,,,,
531.479,-1.84832,5.58807,11.51611,0.49969,-0.70738,0.03665,,,,
531.582,-4.20422,6.50744,11.58315,-0.09652,0.27245,-0.17471,,,,
531.687,-0.36392,3.58651,7.51300,0.70616,-1.95966,-0.32620,,,,
531.791,-1.14922,3.64398,6.37815,0.89064,0.27978,0.05864,,,,
531.894,0.94810,3.78763,6.38773,0.03176,-0.32987,0.37751,,,,
531.998,1.18274,4.34787,5.28640,-0.32620,-0.48503,-0.29932,,,,
532.104,-0.64165,6.67025,9.80665,-0.40561,0.31032,-0.55711,,,,
532.207,-1.07739,7.34541,13.00530,0.06231,-0.29566,0.09285,,,,
532.311,-0.76614,4.14197,12.57914,-0.07086,0.57666,-0.15760,,,,
532.416,-4.67348,4.60644,5.49230,0.99815,1.53327,-0.59254,,,,
532.520,-2.15478,3.16513,7.20655,-0.49847,-1.06657,1.27549,,,,
532.626,-1.58975,4.23774,4.18028,0.74159,0.36530,0.35675,,,,
532.733,-2.02071,5.43484,4.26168,-0.15516,1.10078,0.71838,,,,
532.836,-0.65601,6.22014,7.36456,-1.36223,0.49114,0.98349,,,,
532.940,-0.85712,7.28316,11.58794,0.59743,-0.29932,0.18570,,,,
533.044,-1.35991,6.68940,9.98861,-0.12217,0.82100,0.68417,,,,
533.150,2.19788,3.64398,6.51223,0.40928,-1.81916,-0.39340,,,,
533.252,1.97282,4.03662,5.48272,0.14661,-0.01466,-0.36896,,,,
533.354,2.81079,4.16591,7.80510,-0.40439,-1.23639,-0.42761,,,,
533.457,0.22984,5.30076,9.16979,0.05009,-0.15638,-0.65607,,,,
533.562,-0.91937,5.68384,9.84975,-0.16982,-0.73304,0.25779,,,,
533.666,-0.67516,5.41568,10.30464,-0.49602,0.73059,0.62430,,,,
533.770,-0.74220,3.09331,7.31189,0.45082,-0.05620,0.60231,,,,
533.876,0.79487,4.68785,5.00867,-0.70250,1.85703,0.86132,,,,
533.980,-0.97205,4.12282,13.44584,-0.24190,2.04518,0.62430,,,,
534.083,-0.46448,4.57293,8.60955,0.72815,-0.17226,0.41539,,,,
534.188,-0.18675,5.23373,8.95431,0.26756,-0.27245,0.12706,,,,
534.293,0.59855,5.16190,9.83538,-0.63408,-0.09163,-0.09285,,,,
534.401,1.23062,3.33752,6.39731,0.79779,-1.21807,-0.75136,,,,
534.505,0.22984,3.17950,8.80109,-0.22969,-0.23702,-0.68539,,,,
534.610,0.05746,4.04620,8.96868,0.35675,-0.24679,-0.59010,,,,
534.714,-0.27773,5.14275,8.13071,0.24312,0.21258,-0.22480,,,,
534.821,-0.88585,4.93684,10.54406,0.17349,0.12828,0.10629,,,,
534.924,-1.81480,3.37582,10.10832,-0.07453,-0.26634,0.34453,,,,
535.028,-2.50433,3.90255,6.46913,0.00977,0.54856,-0.00855,,,,
535.133,-1.53229,4.19464,7.42681,-0.32132,0.32498,0.62430,,,,
535.237,-0.98162,6.02381,7.63272,-0.05253,0.53512,0.76358,,,,
535.341,-0.23942,6.24887,9.84017,0.07453,0.39340,0.66218,,,,
535.444,1.34554,6.10043,8.77714,0.17837,-0.18815,0.40195,,,,
535.550,0.87149,4.23295,8.38449,1.27426,-0.79535,-0.29810,,,,
535.654,0.10056,4.93206,7.42681,0.18204,0.81978,-0.25045,,,,
535.759,0.00000,4.70700,8.10677,0.24679,-0.69883,-0.41783,,,,
535.864,-1.30245,5.92804,6.19141,0.22846,-0.14050,0.04032,,,,
535.970,-0.84755,5.81791,10.30464,-0.03421,-0.18937,0.48625,,,,
536.073,-2.90656,6.10043,10.00776,-0.53267,0.65607,0.01100,,,,
536.177,-2.68629,4.94163,5.10923,0.52779,0.28833,-0.00611,,,,
536.279,-1.44131,5.32949,6.05733,-0.62797,0.48136,0.48991,,,,
536.383,-0.52194,6.54575,6.39731,-0.23579,0.40439,0.55100,,,,
536.485,-0.53630,6.83305,7.85777,-0.02077,0.04520,0.42883,,,,
536.590,1.78607,6.87136,7.56568,0.02688,-0.45448,0.44715,,,,
536.695,1.88184,3.67749,13.06755,-0.92241,-0.65485,-0.18570,,,,
536.800,0.56982,4.60166,7.62314,0.32987,0.34575,-1.13743,,,,
536.904,0.37828,3.55778,7.57047,-0.24923,-0.93829,-0.58765,,,,
537.006,-0.04310,4.02226,8.03494,-0.29199,-0.54489,-0.25290,,,,
537.110,0.20111,4.49631,10.23282,-0.59498,-0.45448,-0.01833,,,,
537.212,-0.73263,4.43885,11.77468,-0.59743,-0.02932,-0.11118,,,,
537.314,-2.26491,3.16035,8.93995,0.63774,-0.62430,-0.35919,,,,
537.419,-1.54665,3.50990,5.47315,0.01344,0.59620,0.78069,,,,
537.522,1.08218,3.96001,7.91523,-0.29444,0.78069,1.14110,,,,
537.627,2.83473,4.83150,9.49062,-0.07208,0.04154,0.70983,,,,
537.730,2.63362,5.39653,10.08917,0.64385,-0.37018,-0.00122,,,,
537.835,2.82995,3.52905,13.10586,-0.77702,0.05498,0.43616,,,,
537.939,2.67672,3.60088,6.53617,0.81612,-0.20892,-1.32069,,,,
538.044,0.95289,2.75812,7.97269,0.02199,-0.08063,-0.74770,,,,
538.149,-0.11492,3.14598,8.48026,0.24557,-0.06475,-0.31521,,,,
538.252,-0.07661,4.56814,9.14585,-0.22602,0.40684,0.26145,,,,
538.355,-0.20590,5.54497,10.80264,-0.72204,0.43371,0.58765,,,,
538.459,-0.95289,4.04141,11.33894,0.73059,-0.36774,0.08308,,,,
538.564,-0.83318,3.55300,3.30879,0.79290,0.41294,0.71105,,,,
538.668,0.81882,3.48117,7.60398,-0.35797,0.73426,0.77824,,,,
538.771,0.90501,5.66947,7.23049,-0.10996,0.68050,0.32254,,,,
538.874,1.65679,6.00945,7.93438,-0.29322,0.46304,0.26634,,,,
538.975,2.65756,5.98072,9.74919,-0.92485,-0.43249,0.22602,,,,
539.080,4.19943,2.16915,14.01087,-0.09407,-1.86436,-0.70738,,,,
539.182,1.29287,2.64320,7.91044,0.69150,0.73670,-1.63956,31.2556248,75.7055775,0.760,315.60
539.284,0.45969,1.92494,8.81545,0.01710,-1.37445,-1.48074,31.2556248,75.7055775,0.760,315.60
539.389,-1.05345,3.12683,6.05733,0.10263,-0.37629,-0.50946,31.2556248,75.7055775,0.760,315.60
539.494,0.43096,3.39498,7.18261,-1.06291,0.10873,-0.13561,31.2556248,75.7055775,0.760,315.60
539.598,-0.27773,3.68228,17.11375,-1.64445,-1.20463,-0.41050,31.2556248,75.7055775,0.760,315.60
539.702,-1.38385,2.99275,10.92235,1.04947,-0.66706,-0.41294,31.2556248,75.7055775,0.760,315.60
539.805,-2.96881,3.02627,5.68862,0.80634,1.40743,0.56200,31.2556248,75.7055775,0.760,315.60
539.910,0.45011,3.07416,6.93840,-0.20769,0.73304,1.22906,31.2556248,75.7055775,0.760,315.60
540.015,1.82917,4.55856,7.89608,-0.41417,0.85277,1.02381,31.2556248,75.7055775,0.760,315.60
540.119,2.64320,4.86502,11.16656,-0.16249,0.04276,0.62186,31.2556248,75.7055775,0.760,315.60
540.226,4.12760,4.53941,12.89996,-0.64507,-0.32009,0.25290,31.2556270,75.7055635,0.930,309.20
540.329,2.97360,1.96325,9.75398,1.05924,-1.00060,-1.59558,31.2556270,75.7055635,0.930,309.20
540.434,-1.96803,2.07817,7.41245,0.60231,-0.70127,-0.89186,31.2556270,75.7055635,0.930,309.20
540.538,-0.76614,3.03585,5.71735,0.37018,-0.29810,-0.37751,31.2556270,75.7055635,0.930,309.20
540.642,1.14443,4.36224,7.97748,-0.39340,0.06231,0.02443,31.2556270,75.7055635,0.930,309.20
540.747,1.62806,6.08606,14.27902,-1.20585,0.24435,0.18448,31.2556270,75.7055635,0.930,309.20
540.851,0.41180,3.18429,10.57279,0.16371,-0.72571,-0.22235,31.2556270,75.7055635,0.930,309.20
540.956,-1.99676,3.33752,3.20823,0.93340,0.39828,-0.06109,31.2556270,75.7055635,0.930,309.20
541.058,0.42138,2.68151,7.20655,-1.28404,0.23457,0.64507,31.2556270,75.7055635,0.930,309.20
541.161,0.93374,4.68785,8.80109,-0.35186,0.75136,0.02077,31.2556267,75.7055517,0.970,300.80
541.263,1.54187,5.33907,11.15698,-0.10629,-0.14783,0.13806,31.2556267,75.7055517,0.970,300.80
541.365,3.38061,5.40132,9.29429,0.31032,-0.41539,-0.20647,31.2556267,75.7055517,0.970,300.80
541.467,2.36068,2.85868,11.43950,0.15272,0.05376,-0.64263,31.2556267,75.7055517,0.970,300.80
541.569,1.79086,3.37582,7.20655,0.11973,-0.21380,-1.65300,31.2556267,75.7055517,0.970,300.80
541.671,1.17795,1.65200,8.16423,-0.28222,-1.51983,-0.94562,31.2556267,75.7055517,0.970,300.80
541.774,0.23942,2.68629,7.93917,-0.19548,-0.06842,-0.57544,31.2556267,75.7055517,0.970,300.80
541.877,0.87628,3.08373,11.79384,-0.57666,-0.11729,0.13806,31.2556267,75.7055517,0.970,300.80
541.980,1.24977,3.95522,11.79863,-0.60231,0.31154,-0.05253,31.2556267,75.7055517,0.970,300.80
542.084,0.48842,2.30801,10.18015,0.40317,-0.47037,-0.25168,31.2556267,75.7055517,0.970,300.80
542.186,-0.83318,2.59053,6.13394,0.52901,0.74037,0.33598,31.2556285,75.7055386,0.940,293.10
542.288,1.45567,2.29843,7.44118,-0.33353,0.02688,0.86621,31.2556285,75.7055386,0.940,293.10
542.390,1.92973,2.90177,8.23605,-0.50702,0.28100,0.35308,31.2556285,75.7055386,0.940,293.10
542.494,1.37427,4.20901,10.96066,0.13195,0.06475,0.09652,31.2556285,75.7055386,0.940,293.10
542.597,2.91614,5.06613,10.62547,0.33720,0.32376,-0.17715,31.2556285,75.7055386,0.940,293.10
542.699,2.32238,2.72939,9.66300,0.09285,-1.12521,-0.18937,31.2556285,75.7055386,0.940,293.10
542.801,2.09253,3.33273,8.65265,0.28833,0.87842,-0.94684,31.2556285,75.7055386,0.940,293.10
542.903,0.42617,2.43730,8.59518,0.35552,-0.73915,-0.54245,31.2556285,75.7055386,0.940,293.10
543.006,0.11013,3.06458,7.41724,0.45693,-0.02932,0.23213,31.2556285,75.7055386,0.940,293.10
543.109,0.69911,3.63919,8.59997,-0.01344,0.43616,0.46059,31.2556285,75.7055386,0.940,293.10
543.210,0.49321,4.19464,12.23916,-1.02625,0.38118,0.37874,31.2556350,75.7055267,0.830,287.50
543.311,0.10056,2.79643,10.73081,0.50580,-0.56444,0.14050,31.2556350,75.7055267,0.830,287.50
543.414,-1.67594,3.36146,4.84108,0.34086,0.94440,0.82100,31.2556350,75.7055267,0.830,287.50
543.517,0.80924,2.66235,8.84418,-0.64752,0.24312,1.02259,31.2556350,75.7055267,0.830,287.50
543.620,0.53151,4.35266,7.73327,-0.08552,0.82955,0.37629,31.2556350,75.7055267,0.830,287.50
543.722,1.13485,4.97036,10.12268,-0.21258,0.04643,0.34208,31.2556350,75.7055267,0.830,287.50
543.824,2.52828,6.31590,10.65899,-0.45326,-0.10385,0.31398,31.2556350,75.7055267,0.830,287.50
543.926,3.25133,2.27928,11.19529,0.72937,-1.69088,-0.72449,31.2556350,75.7055267,0.830,287.50
544.029,-0.33998,2.83473,8.48984,1.06291,1.15087,-0.92974,31.2556350,75.7055267,0.830,287.50
544.132,0.32561,2.51391,7.55131,0.14661,-1.21318,-0.59620,31.2556350,75.7055267,0.830,287.50
544.236,-0.59376,3.35667,7.84819,0.08308,-0.08796,-0.04032,31.2556426,75.7055181,0.520,283.30
544.339,0.00479,4.20422,10.08917,-0.36652,0.08552,0.20525,31.2556426,75.7055181,0.520,283.30
544.441,-0.34477,4.40054,12.12903,-1.04702,0.79535,0.50580,31.2556426,75.7055181,0.520,283.30
544.544,-1.31202,4.07493,7.77637,0.74403,0.05498,-0.03054,31.2556426,75.7055181,0.520,283.30
544.646,-1.68073,3.28963,7.97269,-0.34453,0.41172,0.76480,31.2556426,75.7055181,0.520,283.30
544.748,-0.20590,3.71101,7.48427,-0.03787,0.50580,0.66584,31.2556426,75.7055181,0.520,283.30
544.852,0.22984,4.34787,8.43717,-0.43616,0.57788,0.59498,31.2556426,75.7055181,0.520,283.30
544.953,0.81882,5.11401,10.46266,0.02688,-0.04154,0.39462,31.2556426,75.7055181,0.520,283.30
545.054,2.50433,5.02782,12.45943,-0.21258,0.23702,-0.28344,31.2556426,75.7055181,0.520,283.30
545.156,1.48919,3.26090,6.74686,0.91019,-1.50029,-1.40010,31.2556505,75.7055037,0.360,279.50
545.258,-1.09654,2.83952,8.92080,-0.01955,0.14294,-0.18692,31.2556505,75.7055037,0.360,279.50
545.361,-0.00479,2.97360,7.54652,0.08796,-0.46914,-0.21502,31.2556505,75.7055037,0.360,279.50
545.465,0.33998,3.70622,10.62547,-0.24068,0.02077,0.06597,31.2556505,75.7055037,0.360,279.50
545.570,-0.21069,4.71658,10.29507,0.08674,0.17471,0.17715,31.2556505,75.7055037,0.360,279.50
545.672,-0.17717,2.45645,9.91199,-0.30299,-0.96883,0.53267,31.2556505,75.7055037,0.360,279.50
545.776,-1.25456,3.93128,5.18584,0.81489,1.23883,-0.26634,31.2556505,75.7055037,0.360,279.50
545.879,-0.15323,3.90255,9.94073,-0.84299,0.17959,0.68417,31.2556505,75.7055037,0.360,279.50
545.982,0.27773,4.73573,8.90643,0.12339,0.52779,-0.01344,31.2556505,75.7055037,0.360,279.50
546.087,-0.34955,4.88896,9.30387,0.54978,-0.17104,-0.30421,31.2556505,75.7055037,0.360,279.50
546.193,0.73741,5.89452,10.04128,-0.43982,-0.01100,-0.45571,,,,
546.296,1.44131,3.84509,8.62391,0.38118,-1.06779,-0.98105,,,,
546.400,-1.83875,3.00712,7.97748,0.56688,0.18326,-0.43005,,,,
546.505,0.24900,3.16035,7.20176,-0.10751,0.44715,-0.06231,,,,
546.610,-0.76136,4.54898,8.81066,-0.86376,-0.26145,0.37385,,,,
546.715,-0.80445,4.94163,10.70208,-0.44471,0.17593,0.30299,,,,
546.819,-1.53708,3.32315,10.81221,0.12706,0.42394,0.31032,,,,
546.923,-2.07338,2.55222,7.20176,0.19303,0.47037,0.40195,,,,
547.026,4.81235,1.50356,8.11156,-0.45082,1.52961,0.53267,,,,
547.131,-2.40857,4.62560,7.70933,-0.04154,0.01222,-0.51557,,,,
547.234,-1.87705,4.38139,7.92960,-0.33598,-0.80879,0.39095,,,,
547.337,-0.86191,3.84509,9.44752,0.18448,-0.11973,0.16738,,,,
547.440,-0.51715,3.72538,7.19697,0.20159,-0.13073,0.04887,,,,
547.546,-0.21548,4.70221,10.65899,-0.18815,0.16616,-0.60109,,,,
547.651,1.34554,2.90177,9.38048,-0.94684,-1.25716,-0.29566,,,,
547.754,-0.48363,2.83473,10.34295,0.88331,-0.16860,-1.62246,,,,
547.859,-1.50835,2.31759,9.36133,-0.18570,-0.29566,0.22235,,,,
547.964,0.38786,1.92015,10.08438,0.51068,-0.81856,-0.48625,,,,
548.068,1.03430,2.89698,9.85453,-0.10385,-0.47403,0.75381,,,,
548.172,2.08774,2.76770,8.34619,0.11484,-0.42028,0.45571,,,,
548.275,3.53384,2.06380,8.69574,0.00977,-0.27489,-0.00367,,,,
548.378,2.24576,2.65756,7.99185,-0.38485,-0.13806,-0.08063,,,,
548.482,1.92015,2.79643,9.85932,-0.82589,-0.86621,0.34941,,,,
548.586,4.58250,3.02627,11.01333,0.19181,1.05435,0.21258,,,,
548.690,1.70946,2.22182,8.93037,1.34024,1.10322,-0.45571,,,,
548.794,1.57538,2.62405,8.59518,0.33964,-0.59498,-0.20769,,,,
548.898,1.12049,4.03662,8.41801,0.33842,0.18570,-0.31154,,,,
549.002,1.47004,4.48195,8.77714,0.10751,0.02566,-0.09041,,,,
549.105,1.81480,4.10366,8.98783,0.08063,0.02077,0.05986,,,,
549.208,1.65679,3.79720,9.21289,0.21136,-0.08308,0.00489,31.2556790,75.7054690,0.350,285.30
549.311,1.28329,4.15633,8.31746,0.14416,0.17959,-0.00977,31.2556790,75.7054690,0.350,285.30
549.414,1.64721,4.42448,8.59997,-0.17226,0.14416,-0.10629,31.2556790,75.7054690,0.350,285.30
549.517,1.42216,4.74052,8.62391,0.04765,0.01588,-0.09896,31.2556790,75.7054690,0.350,285.30
549.621,1.76213,4.25689,9.16500,-0.09163,-0.07575,0.04032,31.2556790,75.7054690,0.350,285.30
549.725,1.35991,4.27126,7.97269,0.11851,-0.05376,-0.25779,31.2556790,75.7054690,0.350,285.30
549.828,0.75178,4.28562,8.80587,-0.19914,0.11240,-0.03421,31.2556790,75.7054690,0.350,285.30
549.931,0.68953,4.66391,8.86333,-0.17104,0.23091,-0.00244,31.2556790,75.7054690,0.350,285.30
550.036,1.47962,4.80277,7.90087,-0.54367,0.47770,0.10140,31.2556790,75.7054690,0.350,285.30
550.141,0.67516,3.78763,11.13783,-0.30543,0.01955,0.05742,31.2556790,75.7054690,0.350,285.30
550.244,-0.06225,3.84030,8.37013,0.62675,0.23824,0.03176,31.2556870,75.7054558,0.320,285.30
550.348,0.60813,3.83551,8.37492,0.19426,0.07208,0.13561,31.2556870,75.7054558,0.320,285.30
550.450,0.37828,4.20901,8.83460,0.05742,0.12584,0.01833,31.2556870,75.7054558,0.320,285.30
550.558,0.48363,4.49152,8.55688,-0.05131,0.18448,0.01100,31.2556870,75.7054558,0.320,285.30
550.663,0.45011,4.49152,8.41323,-0.11729,0.07575,0.08674,31.2556870,75.7054558,0.320,285.30
550.767,0.26815,4.37181,9.13148,0.06475,0.03421,-0.00977,31.2556870,75.7054558,0.320,285.30
550.871,-0.02394,4.38618,8.84897,-0.01955,0.14416,-0.00489,31.2556870,75.7054558,0.320,285.30
550.975,0.22027,4.40054,8.74362,-0.01955,0.04643,0.00611,31.2556870,75.7054558,0.320,285.30
551.079,0.10534,4.66391,8.48505,-0.06597,0.11362,-0.01222,31.2556870,75.7054558,0.320,285.30
551.182,-0.59855,4.66391,8.70053,-0.00489,0.07330,0.00122,31.2556959,75.7054482,0.280,285.30
551.285,-0.88585,4.73094,8.25521,0.10263,-0.02077,0.10507,31.2556959,75.7054482,0.280,285.30
551.389,-2.04944,4.74052,8.49942,0.13317,0.12217,0.54734,31.2556959,75.7054482,0.280,285.30
551.494,-0.13408,4.56814,8.89685,-0.15149,0.07575,0.87842,31.2556959,75.7054482,0.280,285.30
551.599,0.77572,4.29999,7.60877,-0.05864,0.30665,0.89919,31.2556959,75.7054482,0.280,285.30
551.704,0.08619,3.87382,9.58638,-0.53512,0.43616,0.87842,31.2556959,75.7054482,0.280,285.30
551.807,0.28730,3.09810,9.89763,-0.11851,0.28466,0.64630,31.2556959,75.7054482,0.280,285.30
551.910,0.43574,3.05021,9.50019,-0.15882,0.48869,0.26512,31.2556959,75.7054482,0.280,285.30
552.012,-0.22505,2.98796,9.85932,-0.35430,0.54489,0.28100,31.2556959,75.7054482,0.280,285.30
552.114,0.53630,2.92093,8.72447,-0.21136,0.00244,0.32865,31.2556959,75.7054482,0.280,285.30
552.219,0.39744,2.93050,9.56244,0.01100,0.14416,0.21380,,,,
552.322,0.07183,3.28963,9.89763,0.08552,-0.03787,-0.03910,,,,
552.426,-0.11492,3.50511,8.25521,-0.03543,-0.42761,0.11851,,,,
552.529,0.67516,2.85389,9.29908,-0.28344,-0.29077,0.12950,,,,
552.633,0.94332,2.72939,9.81144,-0.16616,-0.78679,-0.10385,,,,
552.738,0.76136,2.94966,8.98304,0.13928,-0.08796,-0.05376,,,,
552.842,1.07260,3.01191,9.22725,0.04765,-0.09163,0.04032,,,,
552.946,1.48441,2.96402,9.07402,0.12217,-0.10140,0.07086,,,,
553.050,1.86748,3.02148,8.93037,-0.08186,0.03665,0.03543,,,,
553.154,1.39343,3.03106,9.27993,0.07819,-0.02566,-0.03787,,,,
553.257,1.53708,3.01191,9.09318,-0.05620,-0.01955,-0.02810,,,,
553.360,1.21625,2.94966,9.40921,-0.04398,0.06597,-0.11362,,,,
553.463,1.09654,2.82995,9.05487,-0.07941,0.10018,-0.00489,,,,
553.567,1.01993,3.05979,9.59596,0.04032,0.06964,-0.14172,,,,
553.672,1.10612,3.24654,8.93516,0.20647,-0.10385,0.01833,,,,
553.775,1.71425,3.00712,8.79630,-0.01710,-0.01100,-0.01100,,,,
553.880,1.32160,3.05500,9.68215,-0.09896,0.01588,-0.11851,,,,
553.984,1.15401,3.23696,8.88249,0.08552,-0.01710,-0.12950,,,,
554.087,1.11091,3.26569,9.20331,-0.00977,0.00855,-0.10507,,,,
554.191,1.28808,3.17950,9.55287,0.05620,-0.05620,-0.10873,,,,
554.294,1.05345,3.18429,9.03093,-0.02932,-0.05376,-0.09774,,,,
554.398,1.45567,3.13162,9.09318,-0.08186,-0.08063,-0.06842,,,,
554.502,1.52750,3.38061,8.89685,-0.09041,-0.07453,-0.03543,,,,
554.607,1.29287,2.91614,9.58160,-0.08308,-0.03054,-0.12828,,,,
554.711,0.80924,2.94966,9.15543,-0.00489,0.02566,-0.22113,,,,
554.814,0.69911,3.13640,8.87291,-0.23091,0.13073,-0.20647,,,,
554.919,0.74699,2.88741,10.28070,-0.18692,-0.03787,0.04765,,,,
555.023,1.28808,3.06937,8.81066,0.12706,-0.10385,0.04520,,,,
555.126,1.39343,2.63841,9.59596,-0.10629,0.02443,0.00367,,,,
555.231,1.08697,2.64799,9.73004,0.07819,-0.09652,-0.13683,31.2557175,75.7054277,0.170,286.00
555.335,0.66559,2.84910,9.08839,0.04765,0.05864,-0.11973,31.2557175,75.7054277,0.170,286.00
555.438,1.33118,2.92571,8.52336,0.01100,-0.16982,-0.06353,31.2557175,75.7054277,0.170,286.00
555.542,1.18274,3.36625,9.32302,0.13317,-0.00733,-0.09652,31.2557175,75.7054277,0.170,286.00
555.648,0.97683,2.83952,8.82503,-0.14661,0.07941,0.08063,31.2557175,75.7054277,0.170,286.00
555.751,1.25935,2.85868,9.79707,0.03176,0.46059,-0.02199,31.2557175,75.7054277,0.170,286.00
555.854,0.56024,3.17471,9.36133,-0.03176,0.05986,-0.05253,31.2557175,75.7054277,0.170,286.00
555.958,0.72784,2.95444,9.09797,0.00367,0.01344,0.00855,31.2557175,75.7054277,0.170,286.00
556.063,0.59376,2.86825,9.26556,0.02566,0.07819,-0.02199,31.2557175,75.7054277,0.170,286.00
556.166,0.59376,2.81079,9.62948,-0.07819,-0.08919,-0.01222,31.2557142,75.7054244,0.590,238.50
556.270,0.28252,3.15077,9.73961,0.06720,-0.00489,0.01100,31.2557142,75.7054244,0.590,238.50
556.374,0.66559,3.03106,9.27514,0.12828,-0.06842,0.09896,31.2557142,75.7054244,0.590,238.50
556.478,0.73741,2.87304,9.26077,-0.01344,-0.05498,0.04765,31.2557142,75.7054244,0.590,238.50
556.582,0.62728,3.03106,8.84418,-0.06353,-0.12217,0.11118,31.2557142,75.7054244,0.590,238.50
556.687,1.59933,2.76770,8.84897,-0.26878,-0.33842,0.35064,31.2557142,75.7054244,0.590,238.50
556.790,0.89064,1.96325,9.66779,-1.33779,0.30421,-0.82589,31.2557142,75.7054244,0.590,238.50
556.894,1.05824,1.03430,10.99417,-0.17226,-0.30177,-0.27855,31.2557142,75.7054244,0.590,238.50
556.999,0.60334,1.48919,9.88805,0.02321,0.16616,-0.14416,31.2557142,75.7054244,0.590,238.50
557.103,1.72861,1.56102,9.37091,0.12339,-0.28344,0.02932,31.2557142,75.7054244,0.590,238.50
557.208,0.60813,1.45089,9.87848,0.53390,0.69883,-0.12950,31.2557132,75.7054111,0.330,235.80
557.312,1.27850,2.72460,8.77236,0.05253,-0.15394,0.04276,31.2557132,75.7054111,0.330,235.80
557.414,1.82917,2.25055,9.37091,-0.06842,-0.39340,0.17104,31.2557132,75.7054111,0.330,235.80
557.518,1.99198,2.16436,9.30387,-0.04276,-0.01100,-0.05864,31.2557132,75.7054111,0.330,235.80
557.625,1.57060,2.40378,9.49062,0.11118,-0.13439,-0.08552,31.2557132,75.7054111,0.330,235.80
557.729,1.87227,2.32238,8.82024,0.07330,-0.16371,0.19792,31.2557132,75.7054111,0.330,235.80
557.833,2.02549,1.90578,9.93115,-0.19059,0.51557,-0.30055,31.2557132,75.7054111,0.330,235.80
557.937,1.28808,2.42772,9.29908,0.29444,0.00489,-0.10263,31.2557132,75.7054111,0.330,235.80
558.039,1.34554,2.62405,9.06445,0.04643,-0.00489,-0.07453,31.2557132,75.7054111,0.330,235.80
558.141,1.37427,2.48518,9.51935,0.01466,-0.06842,-0.05742,31.2557132,75.7054111,0.330,235.80
558.244,1.40779,2.46603,9.16022,-0.03787,-0.06964,-0.11118,31.2557114,75.7054080,0.110,235.10
558.348,1.33596,2.48039,9.88326,0.03299,0.08796,-0.16616,31.2557114,75.7054080,0.110,235.10
558.452,0.73263,2.76291,9.15543,0.40317,0.19670,-0.21747,31.2557114,75.7054080,0.110,235.10
558.556,0.67516,3.11246,8.89685,-0.00489,-0.12339,0.05009,31.2557114,75.7054080,0.110,235.10
558.660,1.02951,3.02148,9.45710,0.01466,0.04643,0.15394,31.2557114,75.7054080,0.110,235.10
558.765,1.15401,3.00712,8.92558,0.14294,0.05131,0.13928,31.2557114,75.7054080,0.110,235.10
558.869,1.06303,2.87783,8.70053,0.08063,0.06842,0.00977,31.2557114,75.7054080,0.110,235.10
558.973,1.39343,3.07894,8.86812,0.02932,0.07330,-0.12584,31.2557114,75.7054080,0.110,235.10
559.077,1.25935,3.47159,8.97826,-0.18815,0.07208,0.03299,31.2557114,75.7054080,0.110,235.10
559.180,1.24020,3.21781,10.19930,-0.17104,0.07697,-0.09529,,,,
559.283,0.51236,3.21302,9.16022,0.15394,0.11484,-0.07086,,,,
559.385,0.59855,3.16513,9.28471,-0.07575,0.01466,0.01466,,,,
559.488,0.64643,2.99754,9.08360,0.00855,0.02321,0.02443,,,,
559.592,1.20189,2.94008,8.82982,-0.10629,-0.01466,0.02077,,,,
559.695,1.15879,2.74376,10.18972,-0.17837,-0.09652,-0.17837,,,,
559.799,0.33519,3.08852,9.15064,0.16982,0.00367,-0.17226,,,,
559.904,0.57461,3.12204,9.10275,-0.03910,0.04032,-0.04398,,,,
560.007,0.67038,2.93050,9.76355,0.00977,-0.03665,-0.00977,,,,
560.111,0.53151,3.02148,9.04051,0.01710,-0.04276,0.04765,,,,
560.215,0.60334,2.94008,9.51935,-0.06597,0.03054,0.06720,,,,
560.318,0.60334,3.04064,8.87291,-0.00367,0.07453,0.12950,,,,
560.422,1.13006,2.88262,9.32302,-0.14294,-0.00855,0.15149,,,,
560.526,1.07260,2.83952,9.62469,0.14172,0.06720,-0.06353,,,,
560.630,0.67516,3.09810,8.89207,0.11851,-0.00489,0.05253,,,,
560.733,0.25857,3.44286,10.30943,0.04398,0.22113,0.03176,,,,
560.837,-0.19632,3.60567,9.16022,0.47892,0.20892,0.18692,,,,
560.943,0.23463,3.57694,8.50420,0.35064,0.25534,0.38362,,,,
561.047,0.63207,3.90734,8.84897,0.21991,0.27367,0.41539,,,,
561.151,0.70390,3.94086,8.82982,0.13806,0.22602,0.33720,,,,
561.253,0.79966,3.81636,8.61434,0.05131,0.17959,0.13561,,,,
561.357,0.23463,3.99353,8.35098,0.04032,0.08552,0.02199,,,,
561.460,0.23942,3.75890,8.67659,-0.05986,-0.13806,0.03665,,,,
561.565,0.03352,3.83072,8.88249,-0.12217,-0.00489,-0.14905,,,,
561.668,-0.52672,3.98395,8.76757,-0.08674,0.01222,-0.00367,,,,
561.771,0.01915,3.71580,8.88728,-0.10629,0.02077,0.00244,,,,
561.875,-0.11971,3.46202,9.40442,-0.08308,0.03421,-0.04765,,,,
561.978,-0.41180,3.84030,8.82503,-0.08430,-0.00611,0.04032,,,,
562.082,-0.10056,3.72059,9.53850,-0.04032,0.03910,0.08063,,,,
562.187,-0.27773,3.69186,8.98783,0.11484,0.05498,0.07330,,,,
562.289,0.33040,3.50032,8.90643,-0.02688,0.08796,0.15638,,,,
562.393,-0.12450,3.86424,8.72447,0.08919,0.08430,0.00977,,,,
562.497,0.19632,3.74932,8.90164,0.06353,-0.00855,0.07086,,,,
562.601,0.16759,3.73017,9.09797,0.00367,0.04032,0.00367,,,,
562.706,-0.06704,3.81636,8.39407,0.07208,0.06231,-0.06842,,,,
562.811,-0.34955,3.58651,8.74841,-0.11851,0.11606,-0.05742,,,,
562.915,-0.19632,3.43807,8.42759,-0.05864,-0.05620,-0.14050,,,,
563.020,-0.81882,3.78763,8.84897,-0.17471,0.04154,-0.31765,,,,
563.122,-1.73819,4.63996,9.14106,-0.06109,0.15149,-0.20647,,,,
563.227,-0.41659,4.63517,8.68138,-0.07453,-0.07575,0.04154,31.2557079,75.7053764,0.270,235.70
563.330,0.06704,4.49631,7.80510,-0.03543,-0.04032,-0.13928,31.2557079,75.7053764,0.270,235.70
563.435,0.12450,4.57293,8.36534,-0.12217,-0.25290,-0.14050,31.2557079,75.7053764,0.270,235.70
563.538,-0.32082,4.21380,9.92636,-0.18448,-0.32620,-0.08308,31.2557079,75.7053764,0.270,235.70
563.644,0.11971,3.64398,12.06199,0.16616,-0.86376,-0.28588,31.2557079,75.7053764,0.270,235.70
563.747,0.08619,2.57137,10.13705,0.16493,-0.62797,-0.53512,31.2557079,75.7053764,0.270,235.70
563.852,0.58897,4.18028,5.77003,0.45082,0.04154,0.28344,31.2557079,75.7053764,0.270,235.70
563.956,3.11246,2.15957,8.11156,-0.40561,-1.17775,-0.27245,31.2557079,75.7053764,0.270,235.70
564.061,0.48842,4.13718,8.00621,0.46426,1.21684,-0.96639,31.2557079,75.7053764,0.270,235.70
564.165,-0.42138,4.31435,8.71011,-0.10018,-0.21136,0.21991,31.2557122,75.7053690,0.150,235.50
564.267,1.16837,4.07493,11.66934,-0.32987,-0.18326,0.61209,31.2557122,75.7053690,0.150,235.50
564.370,0.81882,2.96881,11.75553,0.04398,0.57299,0.57177,31.2557122,75.7053690,0.150,235.50
564.474,-1.29287,2.26970,7.49864,0.79901,0.65973,0.19181,31.2557122,75.7053690,0.150,235.50
564.577,-1.87705,2.51391,7.24007,-0.14294,0.34453,0.90408,31.2557122,75.7053690,0.150,235.50
564.681,0.27773,3.81157,7.35978,-0.29444,0.51435,1.03603,31.2557122,75.7053690,0.150,235.50
564.785,1.35033,4.45322,9.46189,-0.25045,0.52657,0.78802,31.2557122,75.7053690,0.150,235.50
564.889,1.08218,4.17070,10.38605,0.22724,-0.17593,0.66584,31.2557122,75.7053690,0.150,235.50
564.993,1.87705,4.17549,11.35809,-0.40561,-0.05620,0.91385,31.2557122,75.7053690,0.150,235.50
565.099,2.03028,4.47716,8.32703,0.48258,0.39584,-0.28344,31.2557122,75.7053690,0.150,235.50
565.202,0.24900,3.02627,9.18416,0.24435,-0.19426,0.23335,31.2557157,75.7053727,0.190,235.30
565.306,-1.34554,2.97360,7.24964,0.80023,0.61209,0.78313,31.2557157,75.7053727,0.190,235.30
565.410,-0.82361,3.19865,7.51300,0.08796,0.65851,1.09467,31.2557157,75.7053727,0.190,235.30
565.515,0.48842,4.42927,10.08917,-0.73548,0.34208,0.92974,31.2557157,75.7053727,0.190,235.30
565.621,-0.19632,3.06937,12.56956,-0.31643,0.52290,0.55955,31.2557157,75.7053727,0.190,235.30
565.727,-3.30400,3.59130,6.27281,0.75014,1.00426,0.92118,31.2557157,75.7053727,0.190,235.30
565.831,-1.54665,3.14119,7.93917,-0.50213,0.30299,1.58336,31.2557157,75.7053727,0.190,235.30
565.934,-0.83797,4.33829,8.32703,-0.41417,0.86132,1.40866,31.2557157,75.7053727,0.190,235.30
566.038,1.58496,4.53941,10.12747,-0.19181,-0.23579,1.44531,31.2557157,75.7053727,0.190,235.30
566.144,3.48117,2.82516,13.02925,-0.54611,-0.23824,1.12399,31.2557157,75.7053727,0.190,235.30
566.248,2.27449,3.24654,8.45632,0.64996,0.52657,-0.13561,,,,
566.350,1.25935,1.63285,9.50977,0.27489,-0.91752,-0.47403,,,,
566.454,-1.44131,3.28006,7.43160,0.26512,0.05009,0.23091,,,,
566.558,-0.38307,2.61447,10.28549,-0.14172,-0.05498,0.66462,,,,
566.664,-1.72861,4.40054,9.06924,0.24801,1.35246,0.56444,,,,
566.767,-1.32160,3.53863,10.79306,-0.30543,0.58399,0.84544,,,,
566.871,-2.26491,3.99353,8.33182,0.24190,0.81001,0.81856,,,,
566.974,-0.11013,3.50990,6.52181,-0.01955,0.37629,1.16431,,,,
567.080,0.81403,4.12282,7.98227,-0.31276,0.46181,0.78069,,,,
567.185,0.09577,5.09486,8.44674,-0.49114,0.01344,0.75747,,,,
567.288,1.25456,5.38695,11.81299,-1.09223,0.55222,0.88087,,,,
567.394,1.40779,2.80600,11.93749,0.40317,-0.93096,-0.22480,,,,
567.502,-0.76614,1.78607,8.91122,0.70250,-0.70616,-0.08919,,,,
567.606,-1.52750,3.36146,5.56412,0.82222,0.26512,0.29932,,,,
567.709,0.23942,3.62482,8.87770,-0.19670,0.14294,0.86499,,,,
567.812,1.19231,3.62482,11.57357,-0.49969,-0.24679,1.10322,,,,
567.917,-1.27850,2.64320,10.64941,0.57299,-0.13561,0.46670,,,,
568.023,-3.09331,3.03106,5.54497,0.14172,0.95539,0.98227,,,,
568.128,-0.75657,3.07416,7.86256,-0.33720,0.99693,1.25105,,,,
568.234,1.56581,3.96001,7.97269,-0.48136,0.96395,1.02870,,,,
568.337,2.66235,4.76446,11.36288,-0.96150,0.29444,0.15516,,,,
568.441,2.13084,2.20745,14.14973,-0.01344,-0.65363,-0.65607,,,,
568.545,-0.73263,1.68073,10.20888,1.18630,-0.18326,-0.77091,,,,
568.646,-0.63686,1.38864,7.55610,0.87354,-1.02992,-0.40928,,,,
568.754,0.09098,2.15478,6.44519,0.46670,-0.33598,-0.13806,,,,
568.857,-0.56982,3.70144,10.42435,-0.88209,0.56077,-0.02199,,,,
568.962,-1.23541,2.14042,14.29338,-1.29015,-0.01222,0.68417,,,,
569.065,-3.16035,2.74854,9.09797,0.64752,0.40317,-0.21869,,,,
569.169,-2.22182,3.24654,5.65510,-0.04765,0.22602,1.01892,,,,
569.270,0.89543,3.10289,7.35978,-0.35919,0.47647,1.33046,,,,
569.373,2.72939,3.79242,11.91355,-0.61820,-0.20403,0.42028,,,,
569.476,2.64320,3.66313,13.85764,-0.34575,0.64263,-0.10018,,,,
569.579,1.81959,1.90578,8.31746,0.87720,-0.05131,-1.17408,,,,
569.684,0.28730,1.52271,7.87214,0.69028,-0.48747,-0.81367,,,,
569.787,-0.17717,2.60489,7.06768,0.68906,-0.40684,-0.36408,,,,
569.891,-0.22505,3.16992,10.10832,-0.32620,-0.05009,0.46914,,,,
569.996,0.99599,3.32315,9.99340,-1.00426,0.09041,0.52290,,,,
570.100,-1.57060,2.00155,9.93115,0.48381,-0.12339,-0.26389,,,,
570.203,-2.28886,2.62405,5.31992,0.39340,0.64630,0.61942,,,,
570.306,0.15802,2.56180,7.22091,0.10385,0.37385,1.13010,,,,
570.409,1.70467,4.34787,10.91756,-0.47159,0.87232,0.81856,,,,
570.513,3.08852,5.08050,11.75074,0.35919,-0.43371,-0.08186,,,,
570.615,3.20823,3.15077,10.71645,0.43249,-0.71349,-0.38851,,,,
570.718,2.56180,2.51391,9.35175,0.23946,0.09041,-0.93707,,,,
570.821,0.31125,2.03507,7.22091,0.66584,-0.95295,-1.20340,,,,
570.923,-0.35913,3.31358,7.00543,0.19181,-0.62919,-0.39095,,,,
571.025,0.16759,3.87861,9.64863,-0.52046,-0.02077,0.14050,,,,
571.129,-0.41180,2.66714,12.34450,-1.18508,0.42272,0.60964,,,,
571.231,-0.98641,2.74376,9.21768,-0.23091,0.26756,0.18082,31.2556988,75.7053597,0.510,230.90
571.333,-0.67995,2.92093,8.01579,-0.08308,0.43738,0.64996,31.2556988,75.7053597,0.510,230.90
571.435,0.98162,3.53384,8.58561,0.20525,0.53512,0.91630,31.2556988,75.7053597,0.510,230.90
571.539,2.35111,3.95043,10.36211,0.48014,-0.50946,0.23946,31.2556988,75.7053597,0.510,230.90
571.642,1.78129,5.32470,11.06600,-0.87598,0.77946,0.29688,31.2556988,75.7053597,0.510,230.90
571.743,1.38385,3.08373,8.51857,0.47403,-0.03176,-0.54856,31.2556988,75.7053597,0.510,230.90
571.846,0.29688,2.57137,7.77637,0.40195,0.70860,-0.24801,31.2556988,75.7053597,0.510,230.90
571.949,0.53151,2.72460,8.04452,0.13073,-0.16616,-0.17959,31.2556988,75.7053597,0.510,230.90
572.053,0.12929,3.08852,8.59997,-0.34697,-0.13073,0.16982,31.2556988,75.7053597,0.510,230.90
572.156,-0.33519,2.64320,13.12022,-1.07024,-0.37507,0.83322,31.2556866,75.7053573,0.990,219.60
572.257,0.25857,1.15879,12.78504,0.29322,-1.25960,0.07819,31.2556866,75.7053573,0.990,219.60
572.359,-2.10211,2.82037,5.35822,0.75259,1.09589,0.14050,31.2556866,75.7053573,0.990,219.60
572.461,-0.16759,2.76770,7.79552,0.16249,0.45815,0.73182,31.2556866,75.7053573,0.990,219.60
572.563,2.00634,3.61046,7.64229,0.02321,0.57910,0.67928,31.2556866,75.7053573,0.990,219.60
572.664,2.32238,5.24809,10.72602,-0.55344,0.10751,-0.25779,31.2556866,75.7053573,0.990,219.60
572.766,2.51870,2.66235,15.23191,-0.65485,-0.75992,-0.54978,31.2556866,75.7053573,0.990,219.60
572.867,1.31202,2.89698,6.84742,1.08978,0.18815,-1.50884,31.2556866,75.7053573,0.990,219.60
572.969,0.50278,1.97761,8.54251,0.38851,-0.65363,-0.82345,31.2556866,75.7053573,0.990,219.60
573.072,-0.29209,2.89698,7.47949,0.71227,-0.44471,-0.73182,31.2556866,75.7053573,0.990,219.60
573.174,-0.83797,3.35188,9.39485,-0.48747,-0.36285,0.34819,31.2556757,75.7053582,1.160,210.20
573.276,-0.19632,3.61524,11.18092,-1.23395,0.29566,0.92118,31.2556757,75.7053582,1.160,210.20
573.380,-0.62249,2.02071,10.08438,0.14905,-0.14539,0.07086,31.2556757,75.7053582,1.160,210.20
573.484,-1.53708,2.56180,6.44519,0.12462,0.64752,0.59010,31.2556757,75.7053582,1.160,210.20
573.588,0.86670,2.77727,6.04775,-0.05009,0.43738,1.17164,31.2556757,75.7053582,1.160,210.20
573.692,3.07894,2.75812,8.38928,-1.01526,0.36774,0.62919,31.2556757,75.7053582,1.160,210.20
573.796,4.19464,3.71101,16.39071,-0.89431,-0.14783,-0.40561,31.2556757,75.7053582,1.160,210.20
573.899,3.01191,0.81403,11.63582,0.98960,-1.07879,-1.65911,31.2556757,75.7053582,1.160,210.20
574.005,0.01437,1.82438,6.83784,0.83811,0.04154,-1.25960,31.2556757,75.7053582,1.160,210.20
574.108,0.75657,1.65679,7.83383,0.39462,-0.55589,-0.75014,31.2556757,75.7053582,1.160,210.20
574.211,-0.81403,2.78685,9.03093,0.00000,0.07575,-0.17593,31.2556645,75.7053648,1.260,197.00
574.313,-0.91459,3.70622,9.88326,-0.49602,-0.12706,0.49358,31.2556645,75.7053648,1.260,197.00
574.416,-0.87628,1.75256,12.56956,-0.13683,-0.50580,0.17349,31.2556645,75.7053648,1.260,197.00
574.520,-2.42293,2.50433,6.18662,0.52290,0.73793,0.45937,31.2556645,75.7053648,1.260,197.00
574.623,-0.40223,2.44209,7.30710,0.02932,0.97372,1.27671,31.2556645,75.7053648,1.260,197.00
574.727,2.96402,3.23217,9.42837,-0.23213,0.06353,0.86254,31.2556645,75.7053648,1.260,197.00
574.830,2.61926,4.99909,11.35330,-0.37507,-0.07819,-0.25045,31.2556645,75.7053648,1.260,197.00
574.933,2.26970,2.60010,13.61343,0.74770,-0.84177,-1.06657,31.2556645,75.7053648,1.260,197.00
575.037,0.89543,3.10289,7.84819,0.83200,0.21625,-0.96517,31.2556645,75.7053648,1.260,197.00
575.141,0.75178,1.99676,7.57525,0.55344,-0.72815,-0.60231,31.2556542,75.7053697,1.360,182.80
575.244,-1.17795,3.35188,6.79474,0.59010,-0.19548,-0.11729,31.2556542,75.7053697,1.360,182.80
575.346,0.18675,4.09887,8.28394,-0.52412,-0.10507,0.62186,31.2556542,75.7053697,1.360,182.80
575.449,-0.37828,3.26090,15.64850,-0.62797,-0.00855,0.73182,31.2556542,75.7053697,1.360,182.80
575.551,-1.75734,3.48117,6.82347,0.92118,0.72204,0.26145,31.2556542,75.7053697,1.360,182.80
575.655,-0.31125,2.54743,6.54096,0.08430,0.55100,0.90897,31.2556542,75.7053697,1.360,182.80
575.758,-0.01915,4.55856,6.54575,0.11240,1.28037,0.82222,31.2556542,75.7053697,1.360,182.80
575.863,0.99599,5.84664,11.55442,-0.49114,0.22358,0.82467,31.2556542,75.7053697,1.360,182.80
575.966,2.75812,5.71257,11.55442,-0.20036,-0.05986,0.56200,31.2556542,75.7053697,1.360,182.80
576.070,2.73897,3.37104,6.24887,0.49847,-0.38485,-0.35919,31.2556542,75.7053697,1.360,182.80
576.175,2.11647,2.10690,8.31746,-0.29322,-0.23702,-0.37507,31.2556443,75.7053741,1.440,171.60
576.278,-0.60334,3.36146,8.68616,0.33475,-0.16127,-0.80756,31.2556443,75.7053741,1.440,171.60
576.385,-0.72784,3.82593,8.87291,-0.21869,-0.67684,0.11729,31.2556443,75.7053741,1.440,171.60
576.488,-0.59855,4.69742,10.68772,-0.46426,0.74892,0.49847,31.2556443,75.7053741,1.440,171.60
576.590,-1.04387,3.41413,11.55921,0.40806,-0.34208,0.80146,31.2556443,75.7053741,1.440,171.60
576.695,-1.31202,3.00233,6.66067,0.48136,1.08490,0.88087,31.2556443,75.7053741,1.440,171.60
576.801,0.16281,2.72460,7.34062,0.26389,0.82833,0.81367,31.2556443,75.7053741,1.440,171.60
576.904,0.91937,4.08930,6.97670,-0.30788,0.77580,0.91508,31.2556443,75.7053741,1.440,171.60
577.011,1.86748,5.12359,9.84496,-0.14172,0.27000,0.34697,31.2556443,75.7053741,1.440,171.60
577.115,0.57461,4.74531,12.60308,0.69639,0.92607,-0.19181,31.2556443,75.7053741,1.440,171.60
577.219,-0.26336,5.33907,7.49385,0.05376,-0.33964,-0.37996,31.2556332,75.7053814,1.440,161.20
577.323,-0.93853,2.39420,8.14986,-0.52657,-1.19974,0.25534,31.2556332,75.7053814,1.440,161.20
577.427,-1.48441,3.28484,7.99663,0.38607,0.24923,0.24312,31.2556332,75.7053814,1.440,161.20
577.530,0.02394,3.31836,9.43794,-0.04154,0.11851,0.89064,31.2556332,75.7053814,1.440,161.20
577.634,0.89064,2.80122,12.08593,-1.39644,0.78679,1.22662,31.2556332,75.7053814,1.440,161.20
577.738,-1.80523,3.22738,8.66701,0.69028,0.50335,-0.19303,31.2556332,75.7053814,1.440,161.20
577.842,-3.12204,2.93529,6.37815,-0.45204,0.27245,1.38666,31.2556332,75.7053814,1.440,161.20
577.945,-0.15323,3.33752,7.96790,-0.58765,0.79535,1.24739,31.2556332,75.7053814,1.440,161.20
578.049,-0.79966,3.85945,11.71243,-0.18448,0.74403,0.93951,31.2556332,75.7053814,1.440,161.20
578.152,2.11169,4.88417,8.58082,-0.22846,-0.76236,1.17164,31.2556238,75.7053776,1.250,161.90
578.255,3.02148,2.17394,11.10910,0.27733,-1.05435,-0.00611,31.2556238,75.7053776,1.250,161.90
578.358,-0.16281,1.73819,10.44351,0.56933,0.49724,-0.34331,31.2556238,75.7053776,1.250,161.90
578.464,0.24900,1.67115,6.60321,0.29566,-1.33413,-0.20281,31.2556238,75.7053776,1.250,161.90
578.567,-0.78051,2.83952,8.09719,-0.21625,0.58521,0.35675,31.2556238,75.7053776,1.250,161.90
578.669,0.62249,3.27527,12.58871,-0.29810,0.43371,0.75381,31.2556238,75.7053776,1.250,161.90
578.774,-0.77093,2.82995,12.39718,-0.57177,1.09834,1.23395,31.2556238,75.7053776,1.250,161.90
578.877,-0.90501,0.76614,7.77158,0.68783,-1.13254,0.30665,31.2556238,75.7053776,1.250,161.90
578.981,-2.35111,2.37026,6.36858,0.08186,1.31092,1.11422,31.2556238,75.7053776,1.250,161.90
579.083,0.15323,2.76770,8.86812,-0.16249,0.66584,1.40255,31.2556238,75.7053776,1.250,161.90
579.186,0.44532,3.50511,12.72758,0.03787,0.19548,1.15454,31.2556180,75.7053783,1.050,164.10
579.289,0.14365,4.47237,9.68215,0.67195,0.38607,0.61820,31.2556180,75.7053783,1.050,164.10
579.393,2.94966,2.30801,7.25922,0.16493,-1.00915,0.02199,31.2556180,75.7053783,1.050,164.10
579.493,0.65122,2.95923,8.12592,0.46426,1.13865,-0.31154,31.2556180,75.7053783,1.050,164.10
579.595,0.83797,3.63919,8.55209,0.03421,-0.02688,0.09041,31.2556180,75.7053783,1.050,164.10
579.699,0.38307,3.84988,10.66377,-0.18082,0.52657,0.43860,31.2556180,75.7053783,1.050,164.10
579.803,-0.00958,4.07972,8.86812,0.40073,0.00977,0.36774,31.2556180,75.7053783,1.050,164.10
579.905,-1.77650,2.26491,11.66934,-0.72815,0.64019,1.52838,31.2556180,75.7053783,1.050,164.10
580.007,-0.41659,3.20823,7.98227,0.37874,0.13073,-0.01588,31.2556180,75.7053783,1.050,164.10
580.109,-1.73819,2.96881,8.19296,-0.60842,0.19670,1.16797,31.2556180,75.7053783,1.050,164.10
580.211,-0.02873,2.82037,8.67659,-0.09041,0.52901,0.93951,31.2556169,75.7053786,0.790,169.20
580.313,0.17238,3.85945,8.97347,-0.16127,0.55589,0.43616,31.2556169,75.7053786,0.790,169.20
580.417,0.94810,4.74531,9.07881,0.02199,0.17593,0.43494,31.2556169,75.7053786,0.790,169.20
580.520,1.05345,2.87783,12.05241,-0.27733,-0.09163,0.34086,31.2556169,75.7053786,0.790,169.20
580.622,0.58897,2.74376,9.98861,0.52534,0.37263,-0.98227,31.2556169,75.7053786,0.790,169.20
580.724,-2.81558,2.16915,8.25042,0.47281,-0.84055,-0.16005,31.2556169,75.7053786,0.790,169.20
580.826,-1.84354,3.41413,6.52659,0.05498,0.38485,0.30543,31.2556169,75.7053786,0.790,169.20
580.929,-0.53151,3.82115,10.19930,-0.32376,1.06901,0.79290,31.2556169,75.7053786,0.790,169.20
581.030,-0.24900,3.73495,10.02213,0.15882,0.58399,0.96639,31.2556169,75.7053786,0.790,169.20
581.135,0.41180,3.03106,8.96868,-0.53145,0.18692,0.79901,31.2556169,75.7053786,0.790,169.20
581.237,-2.62883,2.28407,8.07804,0.27489,0.27000,-0.10629,31.2556307,75.7053626,0.720,181.10
581.339,-3.00233,2.66714,7.37414,-0.38973,0.17104,0.73059,31.2556307,75.7053626,0.720,181.10
581.444,0.38307,2.91614,10.17536,-0.83078,-0.04032,0.26512,31.2556307,75.7053626,0.720,181.10
581.546,-1.06781,4.45322,8.33182,0.06109,0.06231,-0.38240,31.2556307,75.7053626,0.720,181.10
581.651,-0.56503,4.54898,8.58082,0.05620,-0.33720,-0.07453,31.2556307,75.7053626,0.720,181.10
581.754,-0.22027,4.33829,10.74039,-0.01466,-0.43860,-0.41905,31.2556307,75.7053626,0.720,181.10
581.857,-2.41814,4.62081,9.94551,0.71593,-0.41661,-0.64874,31.2556307,75.7053626,0.720,181.10
581.959,-0.00479,3.14598,9.63906,0.21625,-0.53634,-0.22358,31.2556307,75.7053626,0.720,181.10
582.061,0.25379,2.66714,8.14029,0.71716,0.05131,-0.90286,31.2556307,75.7053626,0.720,181.10
582.163,-0.51236,2.36547,9.83059,-0.19059,-0.41905,0.19059,31.2556495,75.7053560,0.560,196.50
582.265,0.02394,3.21781,8.69095,0.13073,-0.16371,-0.12339,31.2556495,75.7053560,0.560,196.50
582.368,-0.12929,3.28963,10.14184,0.14539,-0.57421,0.00489,31.2556495,75.7053560,0.560,196.50
582.472,0.17717,3.94086,8.57124,0.16738,-0.12584,0.21502,31.2556495,75.7053560,0.560,196.50
582.575,1.60412,3.99832,8.67659,-0.53756,-0.29688,0.05253,31.2556495,75.7053560,0.560,196.50
582.679,1.52271,4.97994,9.04051,-0.07941,-0.12339,-0.62919,31.2556495,75.7053560,0.560,196.50
582.780,0.89064,4.42448,11.03727,0.40928,-0.02443,-0.16738,31.2556495,75.7053560,0.560,196.50
582.882,0.54588,3.46680,7.61356,0.64996,-0.21380,0.06353,31.2556495,75.7053560,0.560,196.50
582.984,1.21625,4.12282,7.62793,0.02077,0.05864,0.03299,31.2556495,75.7053560,0.560,196.50
583.088,1.01514,5.27682,10.86489,-0.45082,0.44349,0.24679,31.2556495,75.7053560,0.560,196.50
583.190,0.40223,4.07493,10.71166,0.26756,-0.24312,0.13317,31.2556623,75.7053477,0.480,203.40
583.292,-1.09654,3.78284,6.07170,0.34941,0.47770,0.18937,31.2556623,75.7053477,0.480,203.40
583.395,-0.39265,4.28083,8.61434,-0.07086,0.67195,0.86499,31.2556623,75.7053477,0.480,203.40
583.497,0.31125,4.61123,9.31344,0.09652,0.53145,1.31336,31.2556623,75.7053477,0.480,203.40
583.599,1.77650,3.84030,9.26556,-0.37996,0.75869,1.48196,31.2556623,75.7053477,0.480,203.40
583.700,2.04944,3.97437,8.40365,-0.16616,0.97983,0.40684,31.2556623,75.7053477,0.480,203.40
583.803,-0.55545,4.79319,9.86411,0.21258,0.60231,0.69394,31.2556623,75.7053477,0.480,203.40
583.905,1.23062,4.36702,7.63272,-0.03910,-0.24068,0.54611,31.2556623,75.7053477,0.480,203.40
584.007,0.11013,4.97515,8.74362,-0.16249,0.24679,-0.26023,31.2556623,75.7053477,0.480,203.40
584.109,0.04788,4.53941,9.45231,0.05131,-0.36774,-0.21502,31.2556623,75.7053477,0.480,203.40
584.212,0.19632,3.62003,8.51378,0.10507,-0.30299,-0.26878,31.2556749,75.7053491,0.060,203.30
584.315,-0.73741,4.07493,8.52336,-0.08552,-0.13928,-0.28955,31.2556749,75.7053491,0.060,203.30
584.419,-0.81882,4.55856,9.01178,0.10385,-0.12828,-0.09041,31.2556749,75.7053491,0.060,203.30
584.522,-0.50278,5.41090,8.07325,0.11240,0.03299,0.17837,31.2556749,75.7053491,0.060,203.30
584.624,1.93930,4.07014,7.78116,-0.33353,-0.15638,0.28588,31.2556749,75.7053491,0.060,203.30
584.727,1.72861,3.44286,10.03649,-0.00122,-0.20159,-0.13439,31.2556749,75.7053491,0.060,203.30
584.830,0.46926,3.93128,8.67659,-0.02321,-0.28711,-0.13195,31.2556749,75.7053491,0.060,203.30
584.932,0.21069,3.99353,8.70532,-0.03421,0.17959,-0.19548,31.2556749,75.7053491,0.060,203.30
585.034,-0.16759,4.16591,8.00621,0.01100,0.03176,-0.05009,31.2556749,75.7053491,0.060,203.30
585.137,0.57461,4.44843,8.61434,-0.41539,0.06231,0.27978,31.2556749,75.7053491,0.060,203.30
585.239,0.99120,4.27126,9.87369,0.07086,-0.01588,0.04520,31.2556918,75.7053481,0.090,203.40
585.341,0.33519,3.95522,8.41323,0.06475,-0.02443,0.13439,31.2556918,75.7053481,0.090,203.40
585.443,0.54109,3.60567,8.84897,0.05009,0.03176,0.05376,31.2556918,75.7053481,0.090,203.40
585.545,0.83318,4.01747,8.59997,-0.12339,0.08552,0.04398,31.2556918,75.7053481,0.090,203.40
585.649,1.04866,3.64398,10.22803,-0.20769,-0.07941,0.08186,31.2556918,75.7053481,0.090,203.40
585.750,0.37828,3.63919,8.59518,0.13928,0.18570,-0.20647,31.2556918,75.7053481,0.090,203.40
585.852,-0.16281,3.94086,9.00699,-0.13073,0.00489,0.01833,31.2556918,75.7053481,0.090,203.40
585.953,0.16281,3.62961,9.32781,-0.02810,0.00244,0.09529,31.2556918,75.7053481,0.090,203.40
586.055,0.21069,3.93128,8.45632,-0.00489,0.17715,0.07941,31.2556918,75.7053481,0.090,203.40
586.157,0.70868,3.81157,9.48104,-0.11484,0.02443,0.20769,31.2557073,75.7053458,0.170,203.70
586.259,0.63207,3.26090,8.77236,0.07575,0.00489,-0.04887,31.2557073,75.7053458,0.170,203.70
586.361,0.17238,3.74932,8.99741,-0.09896,0.05253,0.02810,31.2557073,75.7053458,0.170,203.70
586.463,0.61292,3.55300,9.74440,-0.05253,-0.03787,0.07086,31.2557073,75.7053458,0.170,203.70
586.565,0.27294,3.54821,8.64307,0.03054,0.01588,-0.04765,31.2557073,75.7053458,0.170,203.70
586.667,0.42617,3.57694,9.40442,-0.07330,-0.03787,0.15272,31.2557073,75.7053458,0.170,203.70
586.770,0.73263,3.26569,9.22725,0.04520,0.06353,-0.04398,31.2557073,75.7053458,0.170,203.70
586.873,0.18196,3.63919,8.76757,0.03176,0.05498,-0.05009,31.2557073,75.7053458,0.170,203.70
586.977,0.53151,3.51948,9.87369,-0.11240,-0.04765,0.10996,31.2557073,75.7053458,0.170,203.70
587.079,0.20590,3.50511,8.52336,0.13806,0.04154,-0.05376,31.2557073,75.7053458,0.170,203.70
587.181,0.64165,3.60088,8.92080,-0.11484,-0.01222,0.10996,,,,
587.283,0.89064,2.97839,9.34696,-0.07575,-0.12828,-0.09774,,,,
587.385,0.37350,3.24175,8.64786,-0.20036,-0.01588,-0.19303,,,,
587.487,0.67995,3.39498,9.81623,-0.19914,-0.02077,-0.09896,,,,
587.591,0.77093,3.16992,9.66779,0.09652,-0.16249,-0.20525,,,,
587.696,0.12929,3.23696,9.33260,0.10873,-0.03299,-0.14172,,,,
587.799,0.45969,4.98952,10.29986,0.04032,0.01466,-0.04032,,,,
587.900,0.85712,3.94564,9.38527,0.39095,0.29932,-0.19548,,,,
588.002,0.57940,2.48518,8.55688,0.60720,-0.06109,0.30910,,,,
588.104,0.01437,2.98318,7.45076,0.35675,0.04887,0.18692,,,,
588.206,-0.02394,3.51948,7.41245,-0.04765,-0.02199,0.20647,,,,
588.310,0.04788,3.52905,8.82024,-0.47037,0.00244,0.13561,,,,
588.411,0.63686,3.57694,9.28471,-0.34575,0.17715,0.22113,,,,
588.514,0.83797,3.27048,9.51935,-0.49847,0.25412,0.17593,,,,
588.618,0.50278,3.00233,10.42914,-0.21502,-0.02443,0.17349,,,,
588.722,0.45011,3.01669,9.68694,-0.09529,-0.08186,0.19181,,,,
588.823,0.61770,2.84910,9.18895,-0.05253,0.06597,-0.02566,,,,
588.927,0.46448,2.93529,9.51456,-0.02932,0.10751,-0.07086,,,,
589.029,0.71347,3.29442,11.20008,-0.12095,0.14172,0.02688,,,,
589.132,-0.52672,3.05500,10.08438,0.98960,0.05131,-0.21136,,,,
589.237,0.06225,3.54821,7.50822,0.69150,0.11118,0.05376,,,,
589.339,0.04310,3.86424,8.74362,0.40195,-0.01833,-0.14783,,,,
589.442,-0.35434,4.44364,8.19775,0.20525,0.09896,-0.12706,,,,
589.545,-0.29209,4.47716,8.28394,0.14172,-0.03787,-0.01588,,,,
589.648,-0.11971,4.71179,8.26957,-0.07819,-0.07697,-0.01344,,,,
589.749,-0.29209,4.84108,8.34619,0.00367,0.05620,-0.03176,,,,
589.852,-0.26815,4.55377,8.89207,0.00000,-0.04643,0.03176,,,,
589.954,-0.30646,4.56814,8.34619,-0.03299,-0.04520,0.01100,,,,
590.057,-0.30167,4.78840,8.55209,-0.06475,0.04765,-0.02566,,,,
590.159,-0.19154,4.75488,8.91601,0.05253,0.01955,-0.03910,,,,
590.263,-0.07661,4.73573,8.29830,-0.01222,-0.00244,-0.00367,,,,
590.366,-0.11971,4.63517,8.65743,-0.07941,-0.00733,-0.05498,,,,
590.468,-0.33998,4.63996,8.29351,0.05131,-0.07453,-0.09529,,,,
590.570,-0.23463,4.58729,8.51378,-0.06597,0.00855,-0.01344,,,,
590.672,-0.43574,4.28562,8.52815,-0.11729,-0.06597,0.03421,,,,
590.774,-0.49799,4.16112,8.36534,-0.14539,0.02199,0.10018,,,,
590.877,-0.35913,4.07493,8.93516,-0.25901,0.19181,0.15149,,,,
590.979,0.24421,4.33351,9.55765,-0.36774,0.13195,0.17349,,,,
591.081,0.24421,4.08930,9.83059,-0.03787,0.10263,0.12095,,,,
591.183,0.12929,3.75411,9.29429,0.07453,-0.02566,0.08552,,,,
591.285,-0.27773,3.70622,8.59040,0.21014,-0.00122,-0.08063,,,,
591.388,-0.40701,3.88340,8.70532,-0.02810,0.05986,0.01222,,,,
591.490,0.05267,3.87382,9.23683,-0.05376,0.02932,0.02443,,,,
591.592,-0.04310,3.96959,8.82503,-0.01955,-0.00977,-0.05864,,,,
591.695,-0.25857,3.75411,9.31344,0.05009,-0.08186,-0.07453,,,,
591.799,-0.53151,3.89776,8.22648,0.06964,-0.06475,-0.06597,,,,
591.901,-0.19154,3.86903,9.23204,-0.16738,0.00244,0.06842,,,,
592.005,0.00000,3.78284,9.83059,-0.01466,-0.13073,-0.01100,,,,
592.109,-0.41659,4.02226,8.54730,0.10751,-0.03421,-0.01222,,,,
592.211,0.08619,3.77805,9.15543,-0.09163,0.00611,0.08674,31.2557007,75.7053195,0.300,202.70
592.314,-0.03352,3.97437,8.52815,0.06231,0.01955,-0.08430,31.2557007,75.7053195,0.300,202.70
592.416,0.11013,3.82115,9.02614,-0.09041,-0.02199,-0.03910,31.2557007,75.7053195,0.300,202.70
592.518,-0.13408,3.70622,10.00297,-0.00122,-0.11606,-0.10385,31.2557007,75.7053195,0.300,202.70
592.623,-0.41659,4.07972,8.33661,0.03910,0.01955,-0.03910,31.2557007,75.7053195,0.300,202.70
592.726,-0.06225,3.99832,8.77236,0.02932,0.06353,-0.04520,31.2557007,75.7053195,0.300,202.70
592.828,0.06225,3.70622,9.36612,0.03787,-0.02566,-0.07941,31.2557007,75.7053195,0.300,202.70
592.931,-0.41180,3.86903,8.57124,-0.01833,0.02321,-0.06597,31.2557007,75.7053195,0.300,202.70
593.032,-0.24421,3.83072,9.56244,-0.09041,0.11240,-0.06353,31.2557007,75.7053195,0.300,202.70
593.135,-0.56982,4.08451,8.61913,0.13439,0.06597,-0.04398,31.2557007,75.7053195,0.300,202.70
593.237,-0.02394,3.81636,8.90164,-0.10385,0.04887,0.08796,31.2557022,75.7053166,0.080,202.80
593.340,-0.18196,3.82593,8.99262,0.01100,0.00611,-0.04398,31.2557022,75.7053166,0.080,202.80
593.443,-0.36392,3.95522,8.57603,0.03543,0.02077,0.05620,31.2557022,75.7053166,0.080,202.80
593.545,0.09577,3.60567,9.70131,0.00611,-0.04032,-0.07330,31.2557022,75.7053166,0.080,202.80
593.649,-0.89543,4.17070,8.40365,0.04032,0.03543,0.00733,31.2557022,75.7053166,0.080,202.80
593.753,0.21069,3.85945,9.43794,-0.02321,-0.00855,0.07819,31.2557022,75.7053166,0.080,202.80
593.855,-0.17238,3.86903,9.21768,0.14905,-0.05620,-0.19914,31.2557022,75.7053166,0.080,202.80
593.958,-0.59855,3.98395,8.49942,-0.11362,-0.06109,0.10629,31.2557022,75.7053166,0.080,202.80
594.060,0.05746,3.76847,8.94474,-0.11118,0.05253,-0.05620,31.2557022,75.7053166,0.080,202.80
594.162,-0.29209,3.96959,8.82503,-0.00977,0.06353,-0.11851,31.2557059,75.7053104,0.200,203.00
594.264,-0.07661,3.65834,9.18895,0.00244,-0.10873,-0.04520,31.2557059,75.7053104,0.200,203.00
594.367,-0.28730,3.67271,9.55287,-0.13561,-0.10873,-0.02810,31.2557059,75.7053104,0.200,203.00
594.469,-0.69432,3.96001,8.63349,0.03787,-0.04398,-0.01710,31.2557059,75.7053104,0.200,203.00
594.571,0.08140,3.67271,9.00699,-0.04398,-0.02566,0.07208,31.2557059,75.7053104,0.200,203.00
594.673,0.22984,3.64398,9.49540,0.01344,-0.10263,-0.02443,31.2557059,75.7053104,0.200,203.00
594.777,-0.15323,3.82115,9.05008,-0.03299,-0.06842,0.01955,31.2557059,75.7053104,0.200,203.00
594.880,-0.13886,3.68707,9.23683,0.15638,-0.18815,-0.04887,31.2557059,75.7053104,0.200,203.00
594.983,-0.35434,4.03662,8.13550,0.09285,0.03176,-0.03421,31.2557059,75.7053104,0.200,203.00
595.085,0.23463,4.01747,8.92080,-0.10140,0.16493,0.04765,31.2557059,75.7053104,0.200,203.00
595.189,0.50278,3.71580,9.87369,0.03299,-0.08063,-0.01222,,,,
595.291,0.02394,3.85945,8.47069,0.06353,-0.10873,-0.08186,,,,
595.396,0.02394,3.74453,8.91122,-0.00855,-0.02810,-0.16127,,,,
595.499,-0.01915,3.80678,8.82503,-0.07941,-0.04276,-0.10629,,,,
595.602,0.07183,3.86424,8.48505,-0.01222,-0.02443,-0.06842,,,,
595.705,-0.19632,3.72538,9.73482,0.08919,-0.11851,-0.14416,,,,
595.808,-1.08218,4.05578,8.37013,0.15638,0.02810,0.07208,,,,
595.912,-0.12929,3.96480,8.38449,-0.03176,0.09652,0.28222,,,,
596.014,0.92895,4.23774,8.83939,-0.01588,0.09407,0.21258,,,,
596.120,0.44532,3.83551,10.02692,0.09041,-0.01588,0.07208,,,,
596.222,0.02873,3.82593,7.94396,0.19914,-0.04154,-0.09041,,,,
596.327,0.29209,4.19943,7.79073,0.22358,0.16860,-0.14783,,,,
596.430,-0.10534,4.24731,8.74841,-0.35675,-0.11973,0.02443,,,,
596.532,-0.07661,4.01747,8.65265,-0.14172,-0.06475,-0.05253,,,,
596.634,0.01915,3.77805,9.42358,-0.03665,0.06109,-0.14172,,,,
596.737,-0.41180,3.75411,9.14106,0.00489,0.16127,-0.07941,,,,
596.839,-0.20590,3.99353,8.96868,0.11118,0.02566,-0.08796,,,,
596.940,0.24421,4.07014,9.03572,-0.04520,0.10996,0.01344,,,,
597.043,0.12929,4.01268,9.16500,0.07208,0.05131,-0.10140,,,,
597.146,-0.54588,3.93128,8.37013,0.08674,0.00489,-0.16249,,,,
597.249,-0.23942,4.17070,8.33182,-0.26267,-0.09041,-0.15882,,,,
597.351,-1.71904,5.39653,7.98706,0.15027,0.16982,-0.57055,,,,
597.454,-1.17795,4.80277,7.58962,-0.25168,-0.02566,0.05009,,,,
597.558,-0.32561,4.08451,7.96790,-0.13195,0.02077,-0.20159,,,,
597.660,-1.29766,4.96079,8.61913,-0.33109,-0.28344,-0.19181,,,,
597.762,-0.96726,5.48272,10.01255,-0.12828,-0.50824,0.11729,,,,
597.866,-1.70467,2.94966,14.03002,1.06901,-0.83322,-0.35797,,,,
597.969,-0.51236,1.13006,7.02938,1.08490,-0.89064,-0.45082,,,,
598.072,-0.38786,3.21302,5.73651,0.35186,0.73548,0.00367,,,,
598.174,1.65200,4.80756,6.22492,-0.32132,-0.09285,0.32376,,,,
598.276,0.40701,4.97994,9.15064,-0.43371,0.43616,0.66096,,,,
598.378,0.26815,4.11324,11.54484,-0.18815,-0.72082,0.22846,,,,
598.482,-0.05746,5.41568,8.59997,-0.00855,0.62675,0.19792,,,,
598.584,-0.12929,2.84431,12.16254,-0.02810,-0.49358,0.39706,,,,
598.686,-3.00233,2.99754,5.20499,1.49540,0.61331,0.05498,,,,
598.788,-1.58496,3.55778,7.59920,-0.70250,0.84177,1.02503,,,,
598.890,-1.11091,5.44441,7.48427,-0.30421,1.18264,1.21440,,,,
598.991,1.24020,4.68306,10.87925,-0.45204,0.29566,1.40866,,,,
599.093,1.41258,6.20098,8.61434,0.64019,0.61942,0.64874,,,,
599.195,2.53785,4.67827,10.13705,-0.18082,-0.99449,0.72204,31.2557065,75.7052795,0.320,202.90
599.297,2.82516,3.75411,10.85052,0.23579,0.42761,-0.23702,31.2557065,75.7052795,0.320,202.90
599.399,0.47405,3.47159,6.66067,0.62430,-1.15209,-0.93829,31.2557065,75.7052795,0.320,202.90
599.502,-1.13006,4.60644,7.28795,0.21625,-0.80023,0.01588,31.2557065,75.7052795,0.320,202.90
599.604,0.27294,5.17148,7.87692,-0.25168,0.31765,0.99082,31.2557065,75.7052795,0.320,202.90
599.709,0.75178,5.98550,11.54484,-0.31887,0.68417,0.60353,31.2557065,75.7052795,0.320,202.90
599.811,-0.63207,3.84030,8.80109,0.90530,0.76603,0.70372,31.2557065,75.7052795,0.320,202.90
599.914,-0.31125,3.39019,7.15866,-0.12339,1.02625,0.96395,31.2557065,75.7052795,0.320,202.90
600.017,-0.56024,4.29041,7.15866,0.31276,0.93340,0.81001,31.2557065,75.7052795,0.320,202.90
600.119,1.56102,4.43406,5.09007,-1.63834,-0.73304,0.74403,31.2557065,75.7052795,0.320,202.90
600.221,3.12204,5.51145,11.04685,0.21502,-0.05742,0.30910,31.2557044,75.7052743,0.150,203.00
600.323,2.26491,4.32393,11.10431,0.16127,0.17959,0.37141,31.2557044,75.7052743,0.150,203.00
600.426,3.10767,3.15077,6.59842,0.06475,-0.22358,-1.02381,31.2557044,75.7052743,0.150,203.00
600.529,-1.92494,3.52426,8.99741,0.00000,-0.23335,-1.03603,31.2557044,75.7052743,0.150,203.00
600.631,-3.49553,4.17070,7.20176,-0.26634,0.25779,0.87842,31.2557044,75.7052743,0.150,203.00
600.733,-0.54109,3.99353,10.07959,-0.66951,-0.87842,1.60780,31.2557044,75.7052743,0.150,203.00
600.836,0.11492,3.53863,8.64307,1.49418,1.51250,0.76847,31.2557044,75.7052743,0.150,203.00
600.939,2.02071,4.40054,8.71489,1.11177,1.45997,0.81734,31.2557044,75.7052743,0.150,203.00
601.043,-2.01113,5.97114,6.62715,0.67317,0.70005,0.42272,31.2557044,75.7052743,0.150,203.00
601.145,-1.45089,4.94642,6.68461,0.10751,1.11666,0.26023,31.2557044,75.7052743,0.150,203.00
601.248,-1.26414,5.01346,6.74207,-0.33231,0.95417,0.31887,31.2557023,75.7052720,0.140,203.00
601.350,-0.15802,7.02938,8.82024,-1.21196,-0.75381,0.36285,31.2557023,75.7052720,0.140,203.00
601.453,0.54109,5.13796,13.34528,0.08186,-0.45326,-0.13195,31.2557023,75.7052720,0.140,203.00
601.556,1.03908,5.00388,6.05254,1.62612,0.47647,0.10140,31.2557023,75.7052720,0.140,203.00
601.660,0.33519,4.38618,5.35822,-0.38851,-0.69639,-0.96761,31.2557023,75.7052720,0.140,203.00
601.762,-1.12527,5.44920,5.74608,-0.88331,-0.24557,-0.36774,31.2557023,75.7052720,0.140,203.00
601.864,-1.94409,7.42203,10.07480,-0.45693,-0.83933,-0.05253,31.2557023,75.7052720,0.140,203.00
601.967,-2.60968,6.68461,10.69729,0.45815,1.30481,0.06842,31.2557023,75.7052720,0.140,203.00
602.069,-3.16513,4.18028,8.91122,-0.27245,-0.38118,0.54611,31.2557023,75.7052720,0.140,203.00
602.172,-2.83952,4.24253,7.35020,0.99938,1.00793,1.46241,31.2556992,75.7052707,0.820,207.80
602.274,-0.29209,4.63517,8.91122,-0.06964,0.07208,0.69150,31.2556992,75.7052707,0.820,207.80
602.377,-0.46926,5.44920,6.73250,-0.03665,1.64689,0.30299,31.2556992,75.7052707,0.820,207.80
602.480,-0.76136,6.09085,8.12592,-0.62919,0.30788,0.22113,31.2556992,75.7052707,0.820,207.80
602.581,2.43251,7.38372,9.64384,-0.43860,-0.31521,-0.11362,31.2556992,75.7052707,0.820,207.80
602.685,2.41814,3.74932,9.51935,0.23335,0.24557,-0.82222,31.2556992,75.7052707,0.820,207.80
602.787,-0.49321,4.18028,5.39174,0.61087,-0.54734,-0.91752,31.2556992,75.7052707,0.820,207.80
602.889,-1.39821,4.52983,7.00543,-0.13928,-0.82467,-0.23946,31.2556992,75.7052707,0.820,207.80
602.991,-1.78607,6.78996,7.27837,0.24068,-0.95173,-0.34453,31.2556992,75.7052707,0.820,207.80
603.093,-3.89297,7.32626,8.80587,-0.24190,0.24679,-0.22480,31.2556992,75.7052707,0.820,207.80
603.195,-3.51948,4.02226,11.85609,-0.49969,0.00244,0.63774,31.2556922,75.7052603,0.980,205.20
603.298,-1.56581,4.50589,8.54251,1.10444,0.73304,1.33046,31.2556922,75.7052603,0.980,205.20
603.400,0.13408,3.61524,7.44118,0.50457,0.75381,0.69028,31.2556922,75.7052603,0.980,205.20
603.503,0.41659,4.59208,5.89452,0.04765,1.26693,0.65485,31.2556922,75.7052603,0.980,205.20
603.609,1.25456,6.86657,6.39252,-0.41539,0.46426,0.38118,31.2556922,75.7052603,0.980,205.20
603.712,0.29688,7.10120,10.32380,-1.04824,-0.50457,0.00489,31.2556922,75.7052603,0.980,205.20
603.814,1.21147,4.92727,12.54562,-0.31765,-0.75503,0.00977,31.2556922,75.7052603,0.980,205.20
603.917,1.77650,5.28161,4.70221,0.68539,-0.31765,-0.45571,31.2556922,75.7052603,0.980,205.20
604.018,-0.65601,3.73974,5.24330,-0.15027,-0.59865,-0.53267,31.2556922,75.7052603,0.980,205.20
604.122,-0.63686,6.62236,7.23528,-0.10018,-1.14843,-0.69516,31.2556922,75.7052603,0.980,205.20
604.224,-2.54743,8.17859,10.86010,-0.36285,0.09774,-0.42761,31.2556836,75.7052541,0.990,204.50
604.326,-3.81157,7.68539,12.03805,0.09529,-1.07390,0.37751,31.2556836,75.7052541,0.990,204.50
604.429,-1.30723,4.34787,8.99262,1.67988,1.76418,1.12399,31.2556836,75.7052541,0.990,204.50
604.532,-0.87149,3.20344,7.47470,0.31154,1.09345,0.51801,31.2556836,75.7052541,0.990,204.50
604.634,-0.36871,3.73017,5.29119,0.02077,1.83015,1.05924,31.2556836,75.7052541,0.990,204.50
604.737,1.64242,6.43083,6.78996,0.08674,0.58765,0.74281,31.2556836,75.7052541,0.990,204.50
604.839,1.06303,7.58004,8.75799,-0.90408,0.62553,0.04520,31.2556836,75.7052541,0.990,204.50
604.942,1.43652,5.05177,11.06600,-0.76236,-0.20159,0.03054,31.2556836,75.7052541,0.990,204.50
605.045,1.61848,5.80833,5.60722,0.37141,-0.30299,-0.10140,31.2556836,75.7052541,0.990,204.50
605.147,-0.05267,4.83629,5.74608,-0.30543,-0.21747,-0.27733,31.2556716,75.7052485,1.020,205.60
605.249,-0.39744,6.86178,6.49307,-0.17349,-0.66096,-0.50946,31.2556716,75.7052485,1.020,205.60
605.351,-2.39899,7.39329,10.91277,-0.23335,-0.58643,-0.38851,31.2556716,75.7052485,1.020,205.60
605.453,-2.42772,6.60321,10.94629,-0.22724,-0.11362,-0.06231,31.2556716,75.7052485,1.020,205.60
605.555,-2.76291,4.55856,5.64553,0.50457,1.60658,0.96761,31.2556716,75.7052485,1.020,205.60
605.659,-1.96325,3.84988,9.14106,0.12584,-0.15882,0.76236,31.2556716,75.7052485,1.020,205.60
605.767,-0.96247,5.08050,6.67503,0.08796,1.06413,0.73304,31.2556716,75.7052485,1.020,205.60
605.872,-0.56503,6.33027,7.34541,0.24801,0.48869,0.13683,31.2556716,75.7052485,1.020,205.60
605.975,0.31603,7.59441,8.60955,-0.32498,0.13195,-0.10018,31.2556716,75.7052485,1.020,205.60
606.078,1.07260,4.44843,11.19529,-0.14905,0.00977,0.00122,31.2556716,75.7052485,1.020,205.60
606.181,0.87149,5.15711,5.46357,0.12584,-1.11666,-0.72571,31.2556602,75.7052456,0.990,206.10
606.283,-0.46926,5.13317,5.87058,0.05009,-0.13317,-0.69639,31.2556602,75.7052456,0.990,206.10
606.387,-2.51870,7.32147,6.77559,-0.47403,-0.71960,-0.54611,31.2556602,75.7052456,0.990,206.10
606.489,-4.00789,7.21134,11.35809,-0.21625,0.57788,-0.21380,31.2556602,75.7052456,0.990,206.10
606.592,-3.50990,4.99430,10.99417,0.54123,0.49480,0.76603,31.2556602,75.7052456,0.990,206.10
606.696,-2.86347,5.82749,6.96713,0.46670,-0.20159,0.77213,31.2556602,75.7052456,0.990,206.10
606.799,-1.05345,4.11324,6.22971,0.58765,1.05435,0.62919,31.2556602,75.7052456,0.990,206.10
606.903,0.33998,6.11479,4.78362,0.30543,0.44593,0.37263,31.2556602,75.7052456,0.990,206.10
607.006,0.00958,7.39329,7.23528,-0.65729,-0.78191,-0.17837,31.2556602,75.7052456,0.990,206.10
607.110,0.33519,8.19296,7.64708,-0.71105,-0.59865,-0.30299,31.2556602,75.7052456,0.990,206.10
607.213,1.09654,5.73172,8.87770,0.40806,0.39340,-0.28466,31.2556537,75.7052407,0.970,208.60
607.316,0.60813,4.51068,6.22014,-0.08674,-0.98716,-1.11055,31.2556537,75.7052407,0.970,208.60
607.420,-0.37350,5.62159,5.62159,0.08186,-0.60476,-0.82467,31.2556537,75.7052407,0.970,208.60
607.527,-2.12605,7.65187,10.16099,-0.81489,-0.72326,-0.54978,31.2556537,75.7052407,0.970,208.60
607.630,-4.09887,7.35978,7.71412,0.07575,0.41050,0.01833,31.2556537,75.7052407,0.970,208.60
607.734,-3.20344,6.03339,8.64307,0.18570,0.66462,0.66706,31.2556537,75.7052407,0.970,208.60
607.839,-3.34709,4.10845,9.46189,0.33353,0.41172,0.51557,31.2556537,75.7052407,0.970,208.60
607.943,-0.81882,4.98473,5.73651,0.64874,1.04702,0.69150,31.2556537,75.7052407,0.970,208.60
608.046,-0.44532,6.19619,6.47392,-0.02077,0.47037,-0.02566,31.2556537,75.7052407,0.970,208.60
608.151,0.79009,7.31189,8.81066,-0.70860,-0.16371,-0.12706,31.2556460,75.7052363,0.990,209.50
608.253,-0.36392,4.81713,10.77870,-0.71105,-1.00182,-0.70127,31.2556460,75.7052363,0.990,209.50
608.356,0.71826,5.53061,6.23929,0.86499,-1.36712,-0.63041,31.2556460,75.7052363,0.990,209.50
608.460,-0.96247,4.53941,6.14352,-0.31887,-0.78313,-1.04580,31.2556460,75.7052363,0.990,209.50
608.565,-3.42371,6.49307,7.49385,-0.10996,-0.58521,-0.97128,31.2556460,75.7052363,0.990,209.50
608.669,-4.79319,7.41724,9.50019,-0.14539,0.03054,-0.45204,31.2556460,75.7052363,0.990,209.50
608.776,-4.94642,4.62081,11.20965,-0.16005,0.30421,0.09896,31.2556460,75.7052363,0.990,209.50
608.880,-4.30477,3.86424,8.94953,0.42272,0.44104,0.87232,31.2556460,75.7052363,0.990,209.50
608.986,-2.13084,3.39977,5.34386,0.39218,1.45142,1.09834,31.2556460,75.7052363,0.990,209.50
609.090,0.40223,5.63595,6.84742,-0.06353,0.73182,0.97005,31.2556460,75.7052363,0.990,209.50
609.194,0.23942,7.01022,8.76757,-0.61942,-0.25656,-0.02810,31.2556379,75.7052359,0.980,209.20
609.296,-0.29688,5.63116,9.75398,-0.88453,-0.33842,-0.61209,31.2556379,75.7052359,0.980,209.20
609.400,0.86670,5.34386,8.40365,0.18692,-0.81489,0.05009,31.2556379,75.7052359,0.980,209.20
609.504,-0.10534,4.27604,5.49709,0.37385,-0.48991,-0.85765,31.2556379,75.7052359,0.980,209.20
609.609,-2.60010,6.08606,7.60877,-0.42638,-0.66584,-0.85032,31.2556379,75.7052359,0.980,209.20
609.712,-4.50110,7.14430,10.23761,-0.45693,-0.33475,-0.50091,31.2556379,75.7052359,0.980,209.20
609.813,-5.99029,3.54821,13.31655,0.04520,-0.56566,0.17349,31.2556379,75.7052359,0.980,209.20
609.917,-3.75411,3.28963,7.70454,0.78557,0.77091,1.64811,31.2556379,75.7052359,0.980,209.20
610.021,-1.07260,3.51948,6.56969,0.42272,1.25350,1.26205,31.2556379,75.7052359,0.980,209.20
610.125,0.31603,5.10444,7.97269,0.04276,0.77580,1.03847,31.2556379,75.7052359,0.980,209.20
610.229,0.52194,6.51223,9.09318,-0.22358,0.60720,0.05742,31.2556301,75.7052301,0.980,208.30
610.330,-0.30167,4.15155,9.62469,-1.10322,0.39095,-0.43127,31.2556301,75.7052301,0.980,208.30
610.434,1.81002,5.18584,7.96790,0.07453,-0.80023,0.52412,31.2556301,75.7052301,0.980,208.30
610.537,1.16358,5.04698,5.73172,-0.20403,-0.00244,-0.65363,31.2556301,75.7052301,0.980,208.30
610.641,-1.10612,6.26323,7.10120,-0.32132,-0.66218,-1.10689,31.2556301,75.7052301,0.980,208.30
610.748,-4.22816,6.04775,10.46745,-0.71593,-0.02077,-0.74403,31.2556301,75.7052301,0.980,208.30
610.852,-5.05655,3.23696,12.60787,0.42272,-0.67806,0.76725,31.2556301,75.7052301,0.980,208.30
610.957,-2.95923,3.62003,9.47146,0.95051,0.14172,1.45508,31.2556301,75.7052301,0.980,208.30
611.062,-0.94332,2.86825,7.17303,0.85765,1.44164,1.16797,31.2556301,75.7052301,0.980,208.30
611.166,1.01514,5.03740,6.90009,0.57544,0.81612,0.92241,31.2556211,75.7052264,0.980,207.20
611.269,1.19710,6.23450,7.37414,-0.10507,0.12339,-0.02688,31.2556211,75.7052264,0.980,207.20
611.373,1.17316,6.80432,8.35576,-0.68661,-0.83200,-0.39095,31.2556211,75.7052264,0.980,207.20
611.477,0.89064,6.32069,7.08684,0.20036,-0.64263,0.27367,31.2556211,75.7052264,0.980,207.20
611.582,0.55545,5.08528,6.91445,-0.28588,-0.22846,-0.63530,31.2556211,75.7052264,0.980,207.20
611.684,-0.54588,6.29675,5.70778,-0.10629,-0.68661,-0.57788,31.2556211,75.7052264,0.980,207.20
611.789,-2.67193,7.44118,7.74285,-0.64996,-0.05986,-0.38851,31.2556211,75.7052264,0.980,207.20
611.895,-3.13162,7.20655,10.52012,-0.20525,0.13683,0.40806,31.2556211,75.7052264,0.980,207.20
611.998,-3.22260,4.39097,6.92403,0.53023,1.13132,0.98471,31.2556211,75.7052264,0.980,207.20
612.100,-1.26414,3.36146,12.27268,0.22235,0.12462,1.20707,31.2556211,75.7052264,0.980,207.20
612.203,-0.31603,3.31358,6.56011,0.61087,1.69332,1.47707,31.2556151,75.7052246,0.900,206.40
612.305,0.61292,5.09965,6.60800,0.06964,0.99571,0.67684,31.2556151,75.7052246,0.900,206.40
612.410,1.29287,6.79474,9.78750,-0.74770,0.33964,0.11606,31.2556151,75.7052246,0.900,206.40
612.513,0.97683,4.30477,9.26556,-0.35675,0.95417,-0.19792,31.2556151,75.7052246,0.900,206.40
612.616,1.68073,5.68862,7.25922,0.15272,-1.00915,0.36530,31.2556151,75.7052246,0.900,206.40
612.718,-0.45969,5.20021,6.47392,-0.39340,-0.10263,-0.24068,31.2556151,75.7052246,0.900,206.40
612.820,-2.37984,6.08127,6.75165,-0.03176,-0.10140,-0.28344,31.2556151,75.7052246,0.900,206.40
612.923,-3.42850,6.70855,10.46266,-0.71227,0.03543,0.09041,31.2556151,75.7052246,0.900,206.40
613.025,-3.99353,4.90811,11.99016,0.11729,0.67684,0.82955,31.2556151,75.7052246,0.900,206.40
613.127,-2.30322,3.16513,6.44998,1.30481,1.15820,1.56381,31.2556151,75.7052246,0.900,206.40
613.230,-2.20745,3.20823,9.95509,-0.46426,0.55100,1.27304,31.2556101,75.7052250,0.870,206.50
613.332,-1.15879,3.15077,7.09163,0.57544,1.34268,1.56137,31.2556101,75.7052250,0.870,206.50
613.435,0.30167,5.64553,6.95276,-0.34208,0.65729,0.56200,31.2556101,75.7052250,0.870,206.50
613.538,1.32160,6.18662,10.88883,-0.46181,0.60109,0.46181,31.2556101,75.7052250,0.870,206.50
613.642,1.26414,4.72615,8.68138,-0.15149,0.55222,0.27978,31.2556101,75.7052250,0.870,206.50
613.746,1.78607,5.74130,6.81869,0.11973,-0.97983,0.40439,31.2556101,75.7052250,0.870,206.50
613.850,-0.10056,4.43885,6.25365,-0.49724,-0.12462,-0.28588,31.2556101,75.7052250,0.870,206.50
613.953,-1.34075,5.44920,6.32548,-0.14905,-0.81489,-0.03176,31.2556101,75.7052250,0.870,206.50
614.055,-1.13485,6.18183,14.30296,-1.00671,-0.20281,0.11484,31.2556101,75.7052250,0.870,206.50
614.160,-2.56180,5.74130,9.16500,0.34086,0.40928,1.16553,31.2556050,75.7052285,0.770,209.30
614.262,-2.08296,2.52349,9.04529,0.85277,1.38300,1.57725,31.2556050,75.7052285,0.770,209.30
614.365,-1.31681,2.47082,10.19930,0.42516,0.69516,1.84359,31.2556050,75.7052285,0.770,209.30
614.469,0.52672,3.73495,8.19296,0.86010,1.11177,1.38911,31.2556050,75.7052285,0.770,209.30
614.571,1.44610,4.35266,9.99819,-0.74159,1.94255,-0.44838,31.2556050,75.7052285,0.770,209.30
614.673,0.72305,4.22337,8.53772,-0.14050,1.19852,0.20769,31.2556050,75.7052285,0.770,209.30
614.776,-1.01514,2.12605,9.47625,-0.56933,0.62675,0.51679,31.2556050,75.7052285,0.770,209.30
614.878,1.74777,4.75010,7.14430,1.01892,-1.20463,0.69150,31.2556050,75.7052285,0.770,209.30
614.980,-1.00556,4.99430,6.11479,-0.44104,-0.20647,-0.34575,31.2556050,75.7052285,0.770,209.30
615.082,-1.61848,5.91368,7.86256,-0.53267,-0.42028,-0.14172,31.2556050,75.7052285,0.770,209.30
615.188,-1.95367,6.13394,9.90721,-0.02566,0.02077,0.17226,,,,
615.290,-3.24175,6.11000,9.48104,-0.06964,0.19914,0.38607,,,,
615.393,-2.74854,1.92494,10.38126,0.59620,1.29503,1.33046,,,,
615.496,-1.40779,2.77249,10.47224,0.52412,0.43249,1.32191,,,,
615.599,-1.62327,3.34231,6.64630,0.14661,1.52716,1.41721,,,,
615.701,-1.14922,4.42927,8.48984,-0.05498,1.46241,1.44286,,,,
615.803,-0.48363,4.76446,8.41801,-0.90652,1.61391,2.26264,,,,
615.905,0.64643,2.06859,9.30387,-1.77151,0.23213,1.66522,,,,
616.007,11.43471,7.61835,12.15297,-1.57970,2.41170,-1.10689,,,,
616.109,-1.97761,0.15802,10.00297,-1.20829,-0.63286,-0.05620,,,,
616.211,3.88818,1.49398,10.69250,0.86132,-2.65360,-0.48381,31.2556223,75.7052358,0.140,209.40
616.313,0.37828,1.46046,13.51766,-0.53512,-1.59191,0.46426,31.2556223,75.7052358,0.140,209.40
616.416,-0.14844,1.17316,9.51456,0.97983,0.39828,1.49418,31.2556223,75.7052358,0.140,209.40
616.518,2.31280,-1.86269,9.84975,0.42883,0.23824,1.91201,31.2556223,75.7052358,0.140,209.40
616.621,1.18752,-0.17238,9.42358,0.95173,0.92241,0.83200,31.2556223,75.7052358,0.140,209.40
616.723,1.04866,0.24900,8.43717,-0.07941,-0.16249,0.95539,31.2556223,75.7052358,0.140,209.40
616.825,2.24576,0.83797,8.99741,0.10018,0.15882,0.30299,31.2556223,75.7052358,0.140,209.40
616.928,2.46124,1.69509,9.64384,0.04765,0.06597,-0.14294,31.2556223,75.7052358,0.140,209.40
617.029,2.01592,1.57060,9.79228,-0.04520,-0.25412,-0.03299,31.2556223,75.7052358,0.140,209.40
617.130,1.51792,1.94888,9.53850,0.20525,0.00244,-0.19059,31.2556223,75.7052358,0.140,209.40
617.233,1.54187,2.87304,9.46189,0.15149,-0.23702,-0.39828,,,,
617.335,1.41258,4.00789,9.50977,0.50091,-0.33109,-0.26878,,,,
617.437,1.71904,2.59531,9.73482,0.07697,0.27000,0.48136,,,,
617.539,2.54264,1.20189,9.43794,0.09407,-0.14539,-0.81123,,,,
617.641,2.26491,0.97205,9.27993,-0.25534,-0.41294,0.16371,,,,
617.744,2.35589,0.98641,9.29429,-0.17349,-0.48014,-0.69272,,,,
617.847,0.68953,1.37906,10.99417,0.44349,0.17715,0.11729,,,,
617.950,1.63285,2.43251,8.49942,-0.30788,-0.69272,0.03910,,,,
618.053,3.35667,1.90578,8.97826,0.02443,0.17471,0.21136,,,,
618.155,2.87783,1.94888,9.30866,0.01100,-0.19059,0.06720,,,,
618.257,2.44687,2.34632,8.75320,-0.08919,-0.35919,-0.06231,,,,
618.359,2.64799,2.38941,9.31823,-0.33353,-0.14905,-0.17349,,,,
618.461,3.40934,2.45645,9.71567,-0.05376,-0.08186,-0.45815,,,,
618.566,2.90177,2.26491,10.43872,0.16982,0.07819,-0.32742,,,,
618.669,2.42772,2.01592,9.23683,0.11484,-0.22113,-0.29077,,,,
618.771,2.73418,2.69108,8.59997,0.24068,0.23091,-0.31765,,,,
618.872,2.78685,2.96402,8.92558,-0.04032,0.06964,-0.12217,,,,
618.974,2.45166,2.66235,9.57681,0.37751,0.44104,0.07941,,,,
619.076,1.84354,3.12204,8.82982,0.02810,-0.10018,-0.06353,,,,
619.179,1.97282,2.91614,8.85855,0.03910,0.27489,0.33231,,,,
619.282,2.94966,2.73418,9.73961,-0.03054,0.29322,0.29566,,,,
619.385,2.88741,2.62405,9.96946,0.11851,-0.02566,-0.01588,,,,
619.490,1.94409,3.07894,8.87770,0.25045,0.09652,0.08552,,,,
619.591,1.78607,2.92571,9.05487,0.02443,0.16493,0.10507,,,,
619.694,1.48441,3.13640,8.85855,-0.01588,0.22480,0.11362,,,,
619.796,2.18830,3.10289,8.73405,-0.11606,0.07453,0.25534,,,,
619.898,1.80523,3.19865,9.43316,-0.00244,0.07819,0.01833,,,,
620.000,1.27850,3.55778,9.12191,0.06597,-0.12706,-0.01222,,,,
620.104,1.87705,3.66313,8.41801,0.11606,-0.06842,0.09896,,,,
620.209,2.14042,3.05500,9.18895,-0.03910,-0.07575,0.16249,31.2556735,75.7052498,0.090,209.20
620.312,2.08296,3.07416,8.99262,0.03054,-0.13928,-0.02077,31.2556735,75.7052498,0.090,209.20
620.416,2.32716,3.13162,9.34218,-0.01833,0.05864,-0.09163,31.2556735,75.7052498,0.090,209.20
620.519,2.24097,3.58173,9.05487,0.05864,-0.14050,-0.28588,31.2556735,75.7052498,0.090,209.20
620.621,1.87227,3.06937,8.29351,-0.01588,-0.16005,-0.00489,31.2556735,75.7052498,0.090,209.20
620.725,2.27928,3.32794,8.70532,-0.21625,0.06842,-0.01466,31.2556735,75.7052498,0.090,209.20
620.828,2.97360,3.43329,9.31823,-0.03665,-0.10140,-0.23579,31.2556735,75.7052498,0.090,209.20
620.931,3.95522,3.17471,9.85932,0.05376,-0.14539,-0.49847,31.2556735,75.7052498,0.090,209.20
621.034,3.50511,3.45244,9.48104,0.55222,-0.18204,-1.12277,31.2556735,75.7052498,0.090,209.20
621.136,2.67672,3.88818,8.69574,0.21747,-0.60109,-0.99449,31.2556735,75.7052498,0.090,209.20
621.239,1.64242,3.78763,7.13472,-0.24068,-0.80756,-0.88087,31.2556819,75.7052559,0.200,209.20
621.342,1.52271,2.53785,8.59518,-0.09652,0.12706,-1.28282,31.2556819,75.7052559,0.200,209.20
621.445,-1.44610,6.75165,10.10832,0.59620,-0.21991,-0.87965,31.2556819,75.7052559,0.200,209.20
621.547,2.66235,7.07247,4.85544,-0.80512,0.40195,-1.08734,31.2556819,75.7052559,0.200,209.20
621.649,-0.96726,4.29999,8.48026,-0.80512,-0.16371,-0.26389,31.2556819,75.7052559,0.200,209.20
621.751,-1.31202,4.29041,8.87291,-0.53267,0.01710,0.30421,31.2556819,75.7052559,0.200,209.20
621.854,-1.75734,2.76770,11.23359,-0.56077,1.68477,0.27489,31.2556819,75.7052559,0.200,209.20
621.957,0.07183,6.33506,7.16824,0.88453,-1.55038,-0.51679,31.2556819,75.7052559,0.200,209.20
622.059,-0.13886,4.48673,9.13627,-0.28711,-0.90042,-0.70127,31.2556819,75.7052559,0.200,209.20
622.161,-0.34477,4.09408,8.90164,0.07819,-0.47892,-0.45693,31.2556926,75.7052642,0.120,209.20
622.264,-0.22984,4.42927,9.37091,0.10385,-0.10263,-0.24923,31.2556926,75.7052642,0.120,209.20
622.365,-0.50757,3.81636,9.18416,0.09285,0.16616,-0.25412,31.2556926,75.7052642,0.120,209.20
622.468,-0.87149,4.67827,8.51857,0.20281,0.31032,0.00977,31.2556926,75.7052642,0.120,209.20
622.570,-0.82839,4.86502,7.64229,0.22969,0.11362,0.02199,31.2556926,75.7052642,0.120,209.20
622.672,-1.19231,4.75488,7.33105,0.03910,-0.06720,0.07819,31.2556926,75.7052642,0.120,209.20
622.775,-0.27773,4.87938,8.01100,-0.31887,-0.08430,0.07575,31.2556926,75.7052642,0.120,209.20
622.877,-0.23942,4.71658,10.04607,-0.37751,-0.16738,-0.20769,31.2556926,75.7052642,0.120,209.20
622.979,-1.20189,4.17070,9.52413,0.12706,0.11118,0.06720,31.2556926,75.7052642,0.120,209.20
623.082,-0.32561,4.84108,8.44196,0.33842,0.16493,0.20403,31.2556926,75.7052642,0.120,209.20
623.184,0.02873,5.38217,8.01100,0.13806,0.07208,-0.27978,,,,
623.287,-1.89621,4.92248,8.01579,0.20281,-0.10507,-0.09041,,,,
623.390,-1.40779,5.21936,7.98227,0.10996,-0.04887,0.12828,,,,
623.493,-1.03908,5.85622,7.26880,0.14416,0.03910,0.17349,,,,
623.597,-0.38786,5.53539,8.36534,-0.26389,-0.16371,0.01588,,,,
623.700,-0.94810,5.35822,8.95431,-0.03787,0.24557,-0.03543,,,,
623.803,-0.59376,5.30555,7.46033,0.45693,-0.08552,-0.29810,,,,
623.905,-1.47483,5.16190,7.60877,-0.01955,-0.04765,-0.16005,,,,
624.006,-1.56581,5.02304,8.42759,-0.57299,-0.26145,-0.04765,,,,
624.109,-1.05824,5.13317,9.13148,0.04398,-0.05376,0.11973,,,,
624.212,-0.68953,5.71735,7.76200,0.16127,-0.07941,-0.09774,,,,
624.314,-0.92895,4.82671,8.27436,-0.04887,-0.03176,-0.04887,,,,
624.418,-0.61770,4.84108,8.75320,-0.10140,0.00489,0.06109,,,,
624.520,-0.92416,5.50666,8.09240,0.03665,-0.01100,0.06353,,,,
624.622,-1.19710,5.27203,8.02536,0.01833,0.07086,0.07086,,,,
624.725,-0.44053,5.20021,8.30309,0.01710,0.07941,-0.00244,,,,
624.826,-1.03430,5.07571,8.08282,0.02077,0.08552,-0.05498,,,,
624.930,-1.14443,5.61680,7.80031,0.08430,-0.15882,0.05986,,,,
625.031,-1.04387,5.19542,8.76278,-0.13073,-0.11362,-0.06597,,,,
625.134,-0.60813,4.78840,8.12113,0.21258,0.20647,0.05131,,,,
625.238,-0.33998,5.20499,7.56568,0.00977,-0.04887,-0.09407,,,,
625.340,-1.13006,5.09007,8.80109,-0.08919,-0.06353,0.00122,,,,
625.442,-1.02472,5.78918,8.04931,0.18204,-0.08796,0.08919,,,,
625.545,-0.14365,5.52103,7.58483,0.13195,-0.24435,-0.06842,,,,
625.649,-0.74220,5.37738,8.42280,-0.07941,-0.27733,-0.12339,,,,
625.752,-0.39265,5.07571,8.12592,0.15516,-0.09529,-0.03543,,,,
625.857,-0.81882,5.45878,8.70532,-0.19059,0.07330,0.05986,,,,
625.960,0.43096,5.63595,7.60877,0.23824,-0.08063,0.00855,,,,
626.061,-0.50278,5.66947,8.21690,-0.07208,-0.08674,-0.06231,,,,
626.165,-0.68953,5.35822,8.29351,0.18326,0.00489,0.05376,31.2557166,75.7052866,0.170,209.20
626.266,0.03831,5.64074,7.73806,0.12950,-0.01710,0.10018,31.2557166,75.7052866,0.170,209.20
626.368,-0.00958,5.87058,7.57525,-0.14294,-0.16493,0.01955,31.2557166,75.7052866,0.170,209.20
626.471,0.02873,5.40132,8.72926,-0.04520,-0.09163,0.08430,31.2557166,75.7052866,0.170,209.20
626.576,0.00479,5.61201,7.85298,0.05742,-0.01222,0.00367,31.2557166,75.7052866,0.170,209.20
626.679,0.13886,5.43484,8.71968,0.00733,0.05253,0.07453,31.2557166,75.7052866,0.170,209.20
626.781,-0.22984,5.98072,7.42681,0.09774,-0.09163,-0.05620,31.2557166,75.7052866,0.170,209.20
626.884,-0.13408,5.01346,8.73884,-0.17226,-0.04765,-0.00611,31.2557166,75.7052866,0.170,209.20
626.986,0.41180,5.55455,7.95833,0.22969,0.31521,0.14783,31.2557166,75.7052866,0.170,209.20
627.089,0.02873,6.17225,7.45554,0.00244,0.09896,-0.01222,31.2557166,75.7052866,0.170,209.20
627.191,-0.75657,5.68384,8.00621,0.06109,-0.07575,-0.02932,31.2557201,75.7052862,0.150,209.20
627.293,-0.10056,6.11958,7.63750,0.17471,-0.07208,0.04520,31.2557201,75.7052862,0.150,209.20
627.396,0.10534,6.22014,7.36935,-0.02199,-0.08308,-0.04032,31.2557201,75.7052862,0.150,209.20
627.499,0.59376,5.54976,7.67581,0.08796,-0.04398,0.04765,31.2557201,75.7052862,0.150,209.20
627.601,0.35434,5.84185,7.73806,-0.11362,-0.05742,0.04276,31.2557201,75.7052862,0.150,209.20
627.702,0.03352,5.84185,8.48505,-0.12217,0.09407,0.08919,31.2557201,75.7052862,0.150,209.20
627.804,0.67995,6.28717,7.25443,0.30910,0.00611,0.07819,31.2557201,75.7052862,0.150,209.20
627.906,0.58897,6.06691,7.21612,-0.03665,-0.09529,-0.07697,31.2557201,75.7052862,0.150,209.20
628.009,-0.18196,5.90889,8.24563,-0.06109,-0.07697,-0.01833,31.2557201,75.7052862,0.150,209.20
628.111,1.21147,5.86101,7.15866,0.11729,-0.12950,0.02199,31.2557201,75.7052862,0.150,209.20
628.213,0.61770,5.91847,8.72926,-0.31765,0.10873,-0.03543,31.2557174,75.7052882,0.070,209.30
628.315,0.40223,6.37336,7.38851,0.38607,0.04765,-0.00489,31.2557174,75.7052882,0.070,209.30
628.418,0.47405,6.10043,7.35499,-0.11240,0.02932,-0.03543,31.2557174,75.7052882,0.070,209.30
628.521,0.50757,5.83706,7.82904,0.08552,-0.00244,0.05742,31.2557174,75.7052882,0.070,209.30
628.622,1.14922,6.18183,6.97192,-0.03421,0.05376,0.04765,31.2557174,75.7052882,0.070,209.30
628.726,0.46448,6.09085,8.11634,-0.13806,-0.05253,-0.04398,31.2557174,75.7052882,0.070,209.30
628.828,0.37828,6.41646,7.51300,0.21625,-0.05253,0.01955,31.2557174,75.7052882,0.070,209.30
628.930,0.62249,5.95677,7.20176,-0.24557,-0.10385,-0.04276,31.2557174,75.7052882,0.070,209.30
629.033,0.55067,5.72214,8.47547,0.03787,0.09285,0.11240,31.2557174,75.7052882,0.070,209.30
629.136,0.91937,6.53138,6.84742,0.17104,-0.11484,-0.01955,31.2557174,75.7052882,0.070,209.30
629.239,0.59376,6.07170,7.99663,-0.21625,-0.02321,-0.06964,,,,
629.341,0.77572,5.94241,7.24964,0.18937,0.04276,0.03176,,,,
629.445,0.96726,6.04775,7.22091,-0.08674,0.01833,0.01588,,,,
629.547,0.29209,6.61278,7.66623,-0.00489,0.00733,0.05131,,,,
629.649,0.59855,6.40688,7.09641,0.01955,-0.13806,0.02566,,,,
629.751,1.05345,5.44441,7.44597,-0.06964,-0.07453,0.12706,,,,
629.853,0.17238,5.80354,8.12592,-0.01344,0.34208,0.46181,,,,
629.955,0.25857,5.35344,7.50822,-0.10018,0.64996,0.97861,,,,
630.057,2.22182,5.93283,7.12514,-0.34331,0.33842,0.91019,,,,
630.161,2.09253,6.27281,8.13071,-0.61209,0.61697,0.54000,,,,
630.264,0.53630,4.55856,8.35576,-0.54000,-0.28222,0.09041,,,,
630.366,-0.14365,5.63116,7.59441,0.05864,0.09163,-0.02199,,,,
630.469,0.00958,4.12760,8.43238,-1.62001,0.00367,0.18326,,,,
630.573,0.81882,3.16992,11.01333,0.51191,-0.36530,-0.58887,,,,
630.675,-1.28329,4.64954,5.48751,-0.25045,0.57421,0.39706,,,,
630.776,1.18752,4.17070,9.07402,0.51313,-2.09649,0.49236,,,,
630.879,1.99198,3.89297,8.71011,-0.24679,-0.71838,-0.01588,,,,
630.981,1.49877,4.44843,7.65187,0.33720,0.38607,0.10507,,,,
631.085,1.76213,4.34308,9.76834,0.18448,1.17775,0.58399,,,,
631.188,2.41814,5.00867,7.69018,0.50702,0.62919,0.92607,,,,
631.291,1.53229,4.41012,8.58082,-0.58277,1.25960,1.08367,,,,
631.393,1.68552,3.62961,8.98783,-0.05131,-0.03176,0.96639,,,,
631.495,1.88663,3.12683,9.73004,0.26023,0.16127,0.48625,,,,
631.598,1.63285,3.70622,7.85777,0.64752,0.76969,0.38485,,,,
631.701,1.36948,3.99353,7.95354,0.07575,0.25412,-0.00733,,,,
631.804,1.06303,3.95043,8.69095,-0.08186,0.06842,0.09896,,,,
631.905,0.48842,4.23295,8.70532,-0.39462,0.31765,-0.05986,,,,
632.008,-0.54109,4.29520,9.34696,-0.15027,0.14172,0.20892,,,,
632.110,0.22984,3.81157,8.83460,-0.07575,-0.08919,0.35430,,,,
632.213,1.13964,3.59609,8.76278,-0.36530,-0.12217,0.38362,31.2557229,75.7052995,0.070,209.30
632.315,1.69031,2.84431,9.81144,-0.22113,0.06231,0.37141,31.2557229,75.7052995,0.070,209.30
632.418,1.18752,3.11246,8.84418,0.22113,-0.17593,0.21014,31.2557229,75.7052995,0.070,209.30
632.521,1.57538,3.30400,8.55209,-0.11606,-0.24801,0.19059,31.2557229,75.7052995,0.070,209.30
632.624,1.68552,2.98318,9.13627,0.02932,-0.06353,0.14661,31.2557229,75.7052995,0.070,209.30
632.725,1.51314,3.28006,8.49463,-0.05131,0.09407,0.10018,31.2557229,75.7052995,0.070,209.30
632.828,1.58975,2.82995,8.72926,-0.24679,0.07330,0.22846,31.2557229,75.7052995,0.070,209.30
632.932,2.13563,2.33674,9.08360,-0.31276,0.14905,-0.07697,31.2557229,75.7052995,0.070,209.30
633.034,0.85234,3.06937,9.59117,-0.00122,0.17593,-0.36530,31.2557229,75.7052995,0.070,209.30
633.136,0.79009,4.16112,8.82982,-0.06720,0.14294,-0.25779,31.2557229,75.7052995,0.070,209.30
633.240,1.84832,3.29921,8.39407,-0.08186,-0.10629,0.05742,31.2557202,75.7052951,0.190,209.30
633.343,1.49877,3.13162,8.57124,-0.25168,-0.03299,-0.36896,31.2557202,75.7052951,0.190,209.30
633.445,1.27372,3.61046,9.08839,-0.28588,0.02199,-0.31154,31.2557202,75.7052951,0.190,209.30
633.548,2.55222,2.26491,10.77391,-0.52046,-0.42516,-0.26023,31.2557202,75.7052951,0.190,209.30
633.650,0.35913,2.14999,13.07234,0.28100,-0.14416,-1.10200,31.2557202,75.7052951,0.190,209.30
633.751,0.49799,1.28329,9.32781,0.82100,-0.73059,-0.44960,31.2557202,75.7052951,0.190,209.30
633.853,1.04387,2.15957,8.17859,-0.08674,0.08063,0.15516,31.2557202,75.7052951,0.190,209.30
633.955,3.00233,2.26013,7.88650,-0.40439,-0.25901,-0.10873,31.2557202,75.7052951,0.190,209.30
634.058,1.35991,3.18908,8.66222,0.31398,0.14416,0.16249,31.2557202,75.7052951,0.190,209.30
634.161,2.26491,3.04542,8.33661,0.10263,-0.16371,0.54611,31.2557202,75.7052951,0.190,209.30
634.262,2.86347,2.46124,10.71645,0.07819,-0.24801,0.41172,31.2557187,75.7052961,0.120,209.30
634.364,2.70066,2.65278,9.87369,-0.29810,0.14416,0.54611,31.2557187,75.7052961,0.120,209.30
634.468,1.02951,0.87628,10.64462,0.40928,0.08674,0.34697,31.2557187,75.7052961,0.120,209.30
634.572,1.01993,3.22738,7.40766,0.20403,0.14783,0.79412,31.2557187,75.7052961,0.120,209.30
634.675,2.03507,2.40378,10.46745,-0.23213,0.55833,0.85399,31.2557187,75.7052961,0.120,209.30
634.778,0.90501,4.11324,7.35499,0.87476,1.02870,0.96272,31.2557187,75.7052961,0.120,209.30
634.881,1.99198,3.66313,8.66222,0.45693,0.64996,1.25838,31.2557187,75.7052961,0.120,209.30
634.983,4.58250,4.33351,9.77313,0.38240,0.16616,0.64019,31.2557187,75.7052961,0.120,209.30
635.085,2.93529,3.48117,11.75074,0.23946,-0.19426,0.34575,31.2557187,75.7052961,0.120,209.30
635.186,2.92571,3.87861,5.66468,0.91752,-0.59132,-0.35675,,,,
635.288,1.50356,2.36547,7.83383,-0.47892,-0.03176,0.57788,,,,
635.390,1.38864,3.06458,9.65821,-0.28711,0.68539,0.07208,,,,
635.493,2.37026,3.52905,9.75398,0.13195,0.47037,0.40928,,,,
635.596,2.37984,3.14598,10.85531,-0.64752,0.66218,0.55222,,,,
635.698,0.05267,3.37104,7.87214,0.59743,-0.33720,-0.66462,,,,
635.802,0.33519,3.59609,6.61757,0.11484,0.41172,0.65485,,,,
635.904,1.69988,3.38061,7.84819,-0.62430,0.52657,0.11973,,,,
636.007,1.07739,3.58173,10.12268,-0.32620,0.05131,-0.06720,,,,
636.111,1.70946,3.84509,11.32457,-0.60231,0.03421,-0.21991,,,,
636.213,2.53785,1.83875,8.14507,0.22602,-1.67133,-0.65118,31.2557202,75.7052904,0.400,211.80
636.315,1.23062,2.32716,10.30943,-0.10996,0.10507,-0.60842,31.2557202,75.7052904,0.400,211.80
636.417,2.44209,1.95846,8.13071,-0.06109,-0.88820,0.13806,31.2557202,75.7052904,0.400,211.80
636.519,2.94008,2.11169,10.37168,-0.07575,-0.24679,0.21747,31.2557202,75.7052904,0.400,211.80
636.623,2.22182,2.25534,11.02290,0.73915,0.49969,0.03299,31.2557202,75.7052904,0.400,211.80
636.725,-0.17238,2.58095,8.60476,0.63408,0.11851,0.01833,31.2557202,75.7052904,0.400,211.80
636.828,-0.85234,4.20422,7.18261,0.47892,0.88087,0.10996,31.2557202,75.7052904,0.400,211.80
636.931,0.97683,4.03184,7.57047,-0.16249,-0.01100,1.31825,31.2557202,75.7052904,0.400,211.80
637.034,1.88184,3.91691,9.35654,0.20281,0.26389,0.85888,31.2557202,75.7052904,0.400,211.80
637.136,3.20344,4.31435,9.04529,0.19426,-0.72449,0.59743,31.2557202,75.7052904,0.400,211.80
637.239,5.45399,3.30879,9.33739,-0.25656,-0.35675,0.63041,31.2557189,75.7052818,0.490,214.50
637.341,4.63039,2.83473,7.97748,0.40928,-0.92607,-0.98594,31.2557189,75.7052818,0.490,214.50
637.443,3.22738,2.33674,9.61511,-0.26878,-0.76603,-0.32620,31.2557189,75.7052818,0.490,214.50
637.547,3.39977,2.76770,8.30309,-0.30177,-0.94440,-0.78679,31.2557189,75.7052818,0.490,214.50
637.649,3.13162,2.67672,7.77637,0.69272,-0.36774,0.37385,31.2557189,75.7052818,0.490,214.50
637.750,5.18584,4.81235,6.91445,0.05253,0.48503,0.13195,31.2557189,75.7052818,0.490,214.50
637.852,4.52504,3.08852,8.87291,0.69516,0.32865,0.72326,31.2557189,75.7052818,0.490,214.50
637.958,3.37104,5.29119,7.72848,-0.15882,0.81734,-0.70127,31.2557189,75.7052818,0.490,214.50
638.061,3.82593,5.05655,6.05254,0.36041,-0.57788,-0.40928,31.2557189,75.7052818,0.490,214.50
638.164,3.49075,4.85065,7.18261,0.52168,-0.91996,-0.89309,31.2557164,75.7052779,0.400,214.80
638.266,4.50589,7.90087,5.74608,-0.64263,0.08430,-1.36345,31.2557164,75.7052779,0.400,214.80
638.368,5.25288,4.55856,6.21535,0.06964,-1.70309,-0.42516,31.2557164,75.7052779,0.400,214.80
638.472,3.48117,4.43406,7.40287,-1.22906,-0.14172,-0.81856,31.2557164,75.7052779,0.400,214.80
638.574,3.61046,5.80833,6.64630,-0.51679,0.38851,-0.42150,31.2557164,75.7052779,0.400,214.80
638.677,3.51948,5.52103,8.30309,0.28466,-0.27489,0.16982,31.2557164,75.7052779,0.400,214.80
638.780,2.63841,5.63595,9.39006,-0.39218,0.72571,0.49480,31.2557164,75.7052779,0.400,214.80
638.884,1.02472,2.94966,9.54808,0.63774,0.41905,0.16493,31.2557164,75.7052779,0.400,214.80
638.988,-0.43096,4.98473,5.73172,-0.02932,0.45082,-0.06720,31.2557164,75.7052779,0.400,214.80
639.089,3.07416,4.97994,5.98550,-0.23091,0.50091,1.03481,31.2557164,75.7052779,0.400,214.80
639.191,3.33273,5.42526,9.47146,-0.30788,0.67195,0.45815,,,,
639.294,4.36702,5.70299,8.93995,0.79779,-0.75503,-0.34086,,,,
639.395,2.73418,4.58729,10.48660,0.09529,0.48014,-0.11606,,,,
639.500,3.85945,4.40054,6.23450,-0.70127,-0.40073,-1.48196,,,,
639.602,2.26970,3.98874,7.48427,0.44349,-0.59498,-0.11118,,,,
639.705,2.38941,4.54898,7.55610,-0.50335,0.05864,-0.39340,,,,
639.807,2.59531,4.68785,9.95030,0.09774,0.23213,0.39584,,,,
639.908,2.38941,5.90410,9.59117,-0.38118,0.44349,0.01100,,,,
640.012,0.30167,3.73974,9.50019,0.67806,-0.59376,0.08308,,,,
640.116,0.43096,4.69264,4.70221,0.03299,0.30055,-0.09163,,,,
640.219,2.59053,4.31914,6.77080,-0.50946,0.35308,0.56077,,,,
640.321,2.85868,5.56412,8.87770,-0.45204,0.52046,-0.07941,,,,
640.425,2.31759,5.52582,10.07480,0.66340,-0.15760,-0.29199,,,,
640.527,4.57293,6.78038,7.01501,-0.24923,-1.11544,-0.53390,,,,
640.629,3.44765,2.97360,8.60955,0.33475,-1.50517,-0.32865,,,,
640.732,3.70622,4.18985,6.98149,-1.11788,0.88331,-1.62246,,,,
640.834,2.87783,2.81558,7.70454,0.20647,-1.46730,-0.48625,,,,
640.938,1.58017,3.93128,8.72447,-0.70738,-0.20525,-1.00915,,,,
641.041,2.40857,4.75488,10.29507,-0.13928,0.18570,0.35797,,,,
641.144,1.56581,4.50589,10.89362,-0.37385,0.26512,0.14539,,,,
641.246,0.85234,3.48596,7.28316,0.68050,-0.21380,-0.05742,,,,
641.350,1.06781,3.86903,7.52258,-0.28955,0.62186,0.43371,,,,
641.453,1.80523,4.45800,7.59920,-0.07086,0.46181,0.20159,,,,
641.557,1.79565,5.39174,7.48427,0.00489,0.31887,0.26756,,,,
641.661,2.80600,4.85065,9.69173,0.19670,0.14661,0.44349,,,,
641.763,3.76368,5.26724,10.44830,-0.25779,0.25290,-0.29077,,,,
641.867,4.45800,3.65834,5.02782,0.17593,-2.01219,-1.04580,,,,
641.970,1.13006,3.27527,10.55364,-0.05986,0.80023,-0.72571,,,,
642.073,2.78206,3.23696,6.30633,-0.17349,-0.62186,-0.44715,,,,
642.177,1.69509,5.02304,8.54730,-0.43616,-0.10140,-0.34575,,,,
642.280,2.35111,4.44843,11.97101,0.01833,0.16371,0.03910,,,,
642.382,-0.44532,2.99754,10.68293,0.03787,-0.29688,0.53023,,,,
642.486,0.45969,3.27527,6.21535,-0.17593,0.08430,-0.12706,,,,
642.589,0.58897,3.33752,7.56089,0.13073,0.45326,0.70005,,,,
642.692,2.10211,4.18028,8.42759,-0.30788,0.55467,0.64874,,,,
642.796,3.34709,4.32393,10.34295,0.29077,0.36896,0.21625,,,,
642.900,3.62482,6.38773,10.13226,-0.07819,-0.20036,-0.56688,,,,
643.002,2.19788,1.78129,10.76433,-0.12950,-1.08734,0.24801,,,,
643.107,2.13084,3.50511,6.92882,-0.31154,1.00304,-1.68477,,,,
643.210,1.90578,2.79643,7.51779,0.25290,-0.71960,0.04520,31.2557034,75.7052680,0.730,212.20
643.314,2.10690,3.63440,8.62870,-0.96761,-0.14416,-0.32987,31.2557034,75.7052680,0.730,212.20
643.419,2.27928,3.13640,11.02769,-0.13683,-0.11240,0.59743,31.2557034,75.7052680,0.730,212.20
643.521,0.41180,3.74932,11.33415,-0.29688,0.99815,0.20647,31.2557034,75.7052680,0.730,212.20
643.625,0.05267,2.64320,7.10599,1.18752,0.00977,0.25534,31.2557034,75.7052680,0.730,212.20
643.729,0.21069,3.98874,7.26880,-0.07819,0.39340,0.71349,31.2557034,75.7052680,0.730,212.20
643.833,2.21224,4.65912,7.25443,0.14416,0.26267,0.78557,31.2557034,75.7052680,0.730,212.20
643.938,3.24654,4.72137,8.77236,0.13195,-0.13683,0.16982,31.2557034,75.7052680,0.730,212.20
644.044,3.05021,6.28239,9.33260,0.23702,-0.24679,-0.22969,31.2557034,75.7052680,0.730,212.20
644.147,3.35188,2.62405,9.88326,0.64263,-1.10689,0.06964,31.2556988,75.7052650,0.690,210.70
644.249,2.60489,3.47159,7.48906,0.16371,0.95661,-0.95295,31.2556988,75.7052650,0.690,210.70
644.351,2.15957,3.47159,6.97192,0.09529,-0.67928,-0.25290,31.2556988,75.7052650,0.690,210.70
644.454,1.32160,4.44364,7.96790,0.02810,-0.01588,-0.04520,31.2556988,75.7052650,0.690,210.70
644.557,1.97761,4.89854,9.50498,-0.63774,0.62797,0.47403,31.2556988,75.7052650,0.690,210.70
644.660,1.58975,4.70221,11.67892,-0.95539,0.34575,0.43494,31.2556988,75.7052650,0.690,210.70
644.761,0.90022,2.99275,8.14507,1.11177,-0.79046,0.03543,31.2556988,75.7052650,0.690,210.70
644.863,0.39265,3.73495,6.00945,-0.22235,0.83322,0.46426,31.2556988,75.7052650,0.690,210.70
644.964,1.91057,3.79720,7.06768,-0.01222,0.41661,0.67928,31.2556988,75.7052650,0.690,210.70
645.067,3.23696,4.72137,9.07402,-0.25290,0.25656,0.18815,31.2556988,75.7052650,0.690,210.70
645.169,4.13718,5.37259,10.64462,0.17104,-0.39340,-0.37141,31.2556945,75.7052614,0.610,208.60
645.271,2.17872,3.13162,12.53604,-0.48869,-0.19548,0.00122,31.2556945,75.7052614,0.610,208.60
645.374,4.59208,3.57694,4.92248,0.17349,-1.42332,-1.52350,31.2556945,75.7052614,0.610,208.60
645.476,1.93451,2.52349,9.12670,0.64263,0.10140,-0.52779,31.2556945,75.7052614,0.610,208.60
645.577,1.76692,3.97437,7.12036,-0.25656,0.17959,-0.83200,31.2556945,75.7052614,0.610,208.60
645.681,0.41180,4.06057,10.46266,-0.06842,-0.01710,0.36896,31.2556945,75.7052614,0.610,208.60
645.784,1.75256,4.51546,8.72447,-1.27671,0.33231,0.51557,31.2556945,75.7052614,0.610,208.60
645.886,0.38307,2.82037,10.20409,0.56200,0.06475,-0.62675,31.2556945,75.7052614,0.610,208.60
645.989,-0.04310,4.30477,6.43561,-0.05253,0.10996,0.64507,31.2556945,75.7052614,0.610,208.60
646.092,1.57538,4.58729,7.01980,0.04154,0.31643,0.43249,31.2556945,75.7052614,0.610,208.60
646.194,1.91536,4.70700,9.57202,-0.05253,0.27978,0.21380,,,,
646.299,2.69108,6.44998,9.82102,0.58277,-0.08186,-0.45448,,,,
646.403,1.84354,3.14598,10.97023,-0.07819,-1.02625,-0.13439,,,,
646.506,2.07817,3.97916,7.63272,-0.24068,0.39706,-0.95173,,,,
646.607,1.00078,3.36146,7.15866,0.49602,-1.04824,-0.09652,,,,
646.709,0.33040,4.40054,8.29830,-0.33842,0.08308,-0.37263,,,,
646.811,1.24977,4.86023,9.66300,-0.08552,0.19792,0.54367,,,,
646.914,-0.21069,3.15077,13.11544,-0.79535,1.41843,1.29626,,,,
647.017,0.60334,3.78284,6.62715,0.32620,0.15882,-0.35552,,,,
647.120,0.30646,3.65834,7.25443,0.08674,0.29199,1.08856,,,,
647.223,1.96803,4.44364,7.85298,-0.07453,0.48991,0.74648,,,,
647.326,3.10289,4.37181,9.75398,0.14783,0.06231,0.22480,,,,
647.428,2.75333,5.95199,9.55765,0.62919,-0.19059,-0.51313,,,,
647.531,2.31759,2.83952,11.26232,-0.18204,-0.49969,0.08186,,,,
647.634,1.86748,3.86424,7.77637,-0.27489,0.83444,-0.72693,,,,
647.737,1.95846,3.34231,7.03416,-0.08796,-0.91141,-0.57544,,,,
647.839,0.07661,4.64954,8.27436,0.08919,-0.07330,-0.32254,,,,
647.942,1.39821,5.10444,8.68138,-0.36041,0.35797,0.35675,,,,
648.045,1.61848,4.90333,11.17134,-0.44349,0.41172,0.61331,,,,
648.148,0.56024,3.22260,9.04051,0.63652,-0.69761,0.21014,31.2556761,75.7052557,0.770,206.50
648.250,-0.06225,3.80199,7.64708,0.12706,0.62064,0.47770,31.2556761,75.7052557,0.770,206.50
648.354,1.09176,4.30956,7.23528,-0.00489,0.25656,0.71838,31.2556761,75.7052557,0.770,206.50
648.457,1.82917,4.84586,8.33661,0.29810,0.51557,0.55100,31.2556761,75.7052557,0.770,206.50
648.559,2.28886,5.77481,8.24563,0.11973,0.16493,0.26634,31.2556761,75.7052557,0.770,206.50
648.661,5.41090,6.10043,8.53772,-0.00733,-0.40684,0.02810,31.2556761,75.7052557,0.770,206.50
648.763,2.95923,3.63440,8.56645,0.95051,-1.30359,-0.52657,31.2556761,75.7052557,0.770,206.50
648.865,1.91057,3.69665,8.50899,-0.60964,0.81367,-0.80879,31.2556761,75.7052557,0.770,206.50
648.968,1.98719,3.49553,6.51702,-0.04643,-0.74281,-0.78557,31.2556761,75.7052557,0.770,206.50
649.070,0.81403,4.70700,8.41323,-0.10873,-0.33964,-0.16982,31.2556761,75.7052557,0.770,206.50
649.173,1.86269,4.80756,10.01255,-0.22113,0.38485,0.52657,31.2556704,75.7052496,0.910,208.60
649.275,0.83318,4.14676,10.79306,-0.62308,0.62553,0.46059,31.2556704,75.7052496,0.910,208.60
649.378,0.04310,3.39019,7.36456,0.54611,0.18570,-0.14905,31.2556704,75.7052496,0.910,208.60
649.481,0.31125,3.60567,7.58483,-0.45937,0.23824,0.74892,31.2556704,75.7052496,0.910,208.60
649.583,1.67594,4.04141,8.58561,-0.21258,0.46426,0.16249,31.2556704,75.7052496,0.910,208.60
649.686,0.75657,5.13317,8.98304,0.04643,0.26756,0.09407,31.2556704,75.7052496,0.910,208.60
649.792,2.20267,4.51546,9.13148,0.44960,0.44349,0.27000,31.2556704,75.7052496,0.910,208.60
649.894,2.15957,5.62637,9.24162,-0.40195,0.22358,-0.55100,31.2556704,75.7052496,0.910,208.60
649.996,2.98318,3.25133,6.17704,0.72449,-2.20522,-0.87965,31.2556704,75.7052496,0.910,208.60
650.098,0.11013,3.06458,10.47224,0.27367,0.41050,-0.73059,31.2556704,75.7052496,0.910,208.60
650.202,1.16837,3.38540,8.13550,-0.34819,-0.57421,-0.68661,31.2556653,75.7052429,0.910,209.00
650.305,0.32561,3.76368,9.89284,0.03421,-0.42028,-0.22846,31.2556653,75.7052429,0.910,209.00
650.408,0.78051,4.69742,9.15064,0.06597,-0.30788,-0.15027,31.2556653,75.7052429,0.910,209.00
650.510,-1.03908,3.52426,11.53048,-0.55711,0.58154,0.52534,31.2556653,75.7052429,0.910,209.00
650.614,-0.71347,3.18429,7.18739,0.42761,0.09529,-0.06964,31.2556653,75.7052429,0.910,209.00
650.717,-0.00958,3.39498,7.71891,-0.23335,0.33231,0.46670,31.2556653,75.7052429,0.910,209.00
650.819,1.73819,4.29520,7.59441,-0.14905,0.28833,0.25656,31.2556653,75.7052429,0.910,209.00
650.921,1.42216,4.76446,10.29028,0.15027,0.05376,-0.22846,31.2556653,75.7052429,0.910,209.00
651.024,2.91135,5.29597,10.86968,0.01222,-0.05376,-0.28711,31.2556653,75.7052429,0.910,209.00
651.127,1.75256,2.78685,8.25042,1.32313,-1.31580,-0.62308,31.2556653,75.7052429,0.910,209.00
651.230,2.01592,3.82115,7.23049,-0.80512,-0.19670,-1.33291,31.2556584,75.7052327,0.960,210.40
651.334,2.11169,3.05979,7.84340,-0.33109,-0.36896,-0.16249,31.2556584,75.7052327,0.960,210.40
651.437,0.45490,4.03184,9.66300,-0.21747,-0.41783,-0.27855,31.2556584,75.7052327,0.960,210.40
651.539,1.60412,4.51546,10.65899,-0.53634,-0.00367,0.41294,31.2556584,75.7052327,0.960,210.40
651.640,0.33040,3.10767,12.38281,-0.38973,0.96395,0.76603,31.2556584,75.7052327,0.960,210.40
651.744,0.98162,2.95923,6.81869,0.75014,0.03054,0.02932,31.2556584,75.7052327,0.960,210.40
651.846,-0.00958,3.76847,7.69975,0.16860,0.72571,0.52779,31.2556584,75.7052327,0.960,210.40
651.948,1.34554,4.27604,7.49385,-0.20281,0.45815,0.64996,31.2556584,75.7052327,0.960,210.40
652.051,2.43730,4.33351,8.61434,-0.11484,0.33964,0.41783,31.2556584,75.7052327,0.960,210.40
652.153,2.43730,4.49631,10.63026,0.31765,-0.32498,-0.33353,31.2556521,75.7052268,0.800,211.30
652.256,0.69911,3.56257,12.26789,-0.77580,0.12584,-0.11362,31.2556521,75.7052268,0.800,211.30
652.359,3.54342,3.73495,5.47315,0.02932,-1.21318,-1.03603,31.2556521,75.7052268,0.800,211.30
652.462,1.34075,2.26491,8.79151,0.36041,-0.79535,0.02077,31.2556521,75.7052268,0.800,211.30
652.565,0.12929,3.19865,8.54730,-0.34086,-0.12339,-0.64507,31.2556521,75.7052268,0.800,211.30
652.668,1.94888,4.27126,8.40844,0.09285,-0.14416,0.43371,31.2556521,75.7052268,0.800,211.30
652.770,1.41258,4.75010,11.75074,0.09407,0.64385,0.80634,31.2556521,75.7052268,0.800,211.30
652.872,-0.38786,1.89621,10.85531,0.55100,0.31032,1.24983,31.2556521,75.7052268,0.800,211.30
652.977,0.21548,3.32315,6.21056,0.32620,0.88820,0.53756,31.2556521,75.7052268,0.800,211.30
653.078,0.00000,3.05021,8.58561,-0.19792,0.71349,1.29137,31.2556521,75.7052268,0.800,211.30
653.180,1.58975,3.85945,8.50899,-0.19303,0.82711,0.93462,31.2556481,75.7052184,0.790,215.90
653.283,2.74376,3.74453,10.29986,0.08674,0.07330,0.61209,31.2556481,75.7052184,0.790,215.90
653.385,3.26090,5.00867,9.23204,0.52901,-0.55100,-0.18815,31.2556481,75.7052184,0.790,215.90
653.487,1.58975,2.75333,11.52569,0.18815,-0.07697,0.12584,31.2556481,75.7052184,0.790,215.90
653.590,2.93529,3.32315,6.32069,-0.07453,-0.30788,-1.18874,31.2556481,75.7052184,0.790,215.90
653.692,1.21625,2.78206,7.63272,0.26512,-0.52534,-0.08430,31.2556481,75.7052184,0.790,215.90
653.796,1.39343,3.51948,8.80587,-0.82467,-0.08919,-0.58032,31.2556481,75.7052184,0.790,215.90
653.899,1.15879,3.13162,11.54484,-0.16493,-0.12217,0.36652,31.2556481,75.7052184,0.790,215.90
654.001,1.38864,3.96001,10.00776,-0.29810,0.16738,0.26023,31.2556481,75.7052184,0.790,215.90
654.106,0.56503,2.58574,8.15944,0.35675,-0.49602,-0.34819,31.2556481,75.7052184,0.790,215.90
654.208,-0.36392,3.48596,7.39329,0.25656,0.40195,0.53634,31.2556436,75.7052164,0.800,219.40
654.310,2.03028,3.77326,7.20655,-0.32132,0.41905,0.28100,31.2556436,75.7052164,0.800,219.40
654.412,1.53708,4.51068,9.41400,-0.02566,0.35552,0.15638,31.2556436,75.7052164,0.800,219.40
654.514,1.95846,4.01268,11.18571,0.75259,0.11118,-0.07575,31.2556436,75.7052164,0.800,219.40
654.616,1.29287,4.76446,10.78348,0.03910,0.52901,-0.33720,31.2556436,75.7052164,0.800,219.40
654.719,3.11725,3.42850,6.29675,0.41172,-1.54427,-0.77946,31.2556436,75.7052164,0.800,219.40
654.821,0.39265,3.23217,9.55287,0.12095,-0.20036,-0.01466,31.2556436,75.7052164,0.800,219.40
654.923,2.32238,3.58173,6.90488,-0.47647,-0.33109,-0.53145,31.2556436,75.7052164,0.800,219.40
655.027,1.99676,3.85945,9.02135,-0.16127,-0.37018,0.44715,31.2556436,75.7052164,0.800,219.40
655.130,2.70545,4.31914,9.88805,-0.43371,0.15638,0.23213,31.2556436,75.7052164,0.800,219.40
655.233,1.53229,2.31280,10.09874,-0.16738,-0.19914,0.35797,31.2556402,75.7052096,0.820,222.40
655.336,0.63686,4.06057,6.94797,0.62308,0.64874,-0.22724,31.2556402,75.7052096,0.820,222.40
655.438,1.53229,3.55300,7.35978,-0.46181,0.17471,0.60353,31.2556402,75.7052096,0.820,222.40
655.540,1.66158,4.27126,8.50899,-0.07086,0.57788,-0.03910,31.2556402,75.7052096,0.820,222.40
655.642,1.99676,4.22337,10.10353,-0.30299,-0.13806,0.22480,31.2556402,75.7052096,0.820,222.40
655.743,3.24175,4.40054,8.72447,0.48503,-0.85032,-0.33231,31.2556402,75.7052096,0.820,222.40
655.845,2.17394,3.74453,10.87925,0.60231,0.61697,-0.03665,31.2556402,75.7052096,0.820,222.40
655.948,4.00311,3.88340,6.14352,-0.65973,-0.39584,-1.08245,31.2556402,75.7052096,0.820,222.40
656.051,3.08373,2.78206,8.24563,0.42516,-0.46914,-0.09774,31.2556402,75.7052096,0.820,222.40
656.153,2.01592,3.09331,8.22169,-0.34086,0.30299,-0.66584,31.2556358,75.7052019,0.820,226.10
656.255,1.41258,3.87861,9.06924,-0.13195,-0.25168,-0.46914,31.2556358,75.7052019,0.820,226.10
656.359,0.10056,3.94086,11.39640,-0.04154,-0.00855,-0.40073,31.2556358,75.7052019,0.820,226.10
656.461,-0.71347,3.97437,9.45231,-0.32620,0.33353,-0.15149,31.2556358,75.7052019,0.820,226.10
656.565,-0.41659,3.18429,7.97269,0.48381,-0.12706,-0.10751,31.2556358,75.7052019,0.820,226.10
656.668,0.09098,3.55300,8.63828,-0.19181,0.39706,0.43005,31.2556358,75.7052019,0.820,226.10
656.773,0.44053,3.98874,8.98783,-0.24557,-0.01466,-0.08552,31.2556358,75.7052019,0.820,226.10
656.876,0.16281,5.03740,8.11634,0.53145,0.10873,-0.21869,31.2556358,75.7052019,0.820,226.10
656.979,1.29287,4.70221,9.70609,0.30177,-0.13806,-0.32132,31.2556358,75.7052019,0.820,226.10
657.080,2.32716,4.81235,9.78271,-0.15882,-0.72326,-0.80756,31.2556358,75.7052019,0.820,226.10
657.183,2.38462,3.08852,10.16578,0.29810,-0.68906,-0.97005,31.2556314,75.7051946,0.790,229.10
657.288,1.64242,3.33273,8.55209,-0.18082,-0.52290,-1.33779,31.2556314,75.7051946,0.790,229.10
657.391,0.87149,3.47638,8.65265,-0.16860,-1.05191,-0.92241,31.2556314,75.7051946,0.790,229.10
657.492,0.42138,5.01825,7.77637,0.24435,-0.49969,-0.68050,31.2556314,75.7051946,0.790,229.10
657.594,1.75734,5.14275,8.25521,-0.64507,-0.58643,-0.06964,31.2556314,75.7051946,0.790,229.10
657.696,1.98719,4.13718,10.91277,-0.18570,0.10507,0.10140,31.2556314,75.7051946,0.790,229.10
657.800,1.93930,4.79798,8.34619,-0.05131,0.12339,-0.02077,31.2556314,75.7051946,0.790,229.10
657.904,1.27850,4.15155,8.26957,-0.20159,-0.27978,-0.10140,31.2556314,75.7051946,0.790,229.10
658.007,1.35512,3.71580,7.58962,0.34941,-0.06475,0.21502,31.2556314,75.7051946,0.790,229.10
658.110,1.82917,3.76847,7.76200,-0.44593,0.06231,0.20525,31.2556314,75.7051946,0.790,229.10
658.213,2.22661,3.99353,7.83383,-0.07086,-0.01100,0.05498,31.2556265,75.7051878,0.790,231.50
658.316,2.57137,4.56814,8.60955,0.05253,0.15149,-0.16860,31.2556265,75.7051878,0.790,231.50
658.419,2.21224,4.88896,9.07402,-0.20036,-0.18937,-0.25656,31.2556265,75.7051878,0.790,231.50
658.522,2.83952,4.62560,9.59117,0.47892,-0.66706,-0.43249,31.2556265,75.7051878,0.790,231.50
658.625,2.55222,4.12760,9.99819,0.23579,-0.02199,-0.20281,31.2556265,75.7051878,0.790,231.50
658.727,2.82037,3.40934,7.51300,-0.15638,-0.41050,-0.80146,31.2556265,75.7051878,0.790,231.50
658.829,3.88818,3.65355,6.90009,0.18326,-0.48381,-0.85521,31.2556265,75.7051878,0.790,231.50
658.931,2.94966,3.70144,9.36612,-0.45204,-0.48258,-0.48381,31.2556265,75.7051878,0.790,231.50
659.033,2.65278,4.27126,8.37492,-0.23946,-0.68173,-0.84177,31.2556265,75.7051878,0.790,231.50
659.135,3.13640,4.11324,7.94875,-0.21502,-0.45693,-0.50335,31.2556260,75.7051775,0.770,238.00
659.237,2.48997,4.30477,9.81144,-0.03787,0.04887,-0.77946,31.2556260,75.7051775,0.770,238.00
659.340,2.69587,5.32470,7.84340,-0.46181,-0.78924,-0.77824,31.2556260,75.7051775,0.770,238.00
659.442,1.15879,5.41090,8.88249,0.06475,0.00611,-0.82467,31.2556260,75.7051775,0.770,238.00
659.544,1.66636,4.93684,7.58483,0.20159,-0.44838,-0.51679,31.2556260,75.7051775,0.770,238.00
659.646,3.53384,4.46279,6.27281,-0.15272,-0.54000,-0.26267,31.2556260,75.7051775,0.770,238.00
659.749,3.58651,3.30879,7.80989,-0.64996,-0.38485,-1.22051,31.2556260,75.7051775,0.770,238.00
659.852,2.33195,4.52983,7.75721,-0.52901,-0.74770,-1.72997,31.2556260,75.7051775,0.770,238.00
659.955,3.00233,4.17070,9.14106,-0.51924,-1.37689,-1.82282,31.2556260,75.7051775,0.770,238.00
660.057,2.14042,3.76847,10.23761,-0.37751,-1.37078,-1.73608,31.2556260,75.7051775,0.770,238.00
660.160,1.94888,3.16035,8.31746,-0.24557,-1.75196,-2.08916,31.2556281,75.7051681,0.750,247.40
660.262,3.39498,3.03585,9.36133,-0.71593,-1.38911,-2.37749,31.2556281,75.7051681,0.750,247.40
660.365,4.18506,3.26090,10.53928,-0.27978,-1.40988,-2.32740,31.2556281,75.7051681,0.750,247.40
660.467,3.63919,4.09887,8.15465,-0.26267,-1.26083,-1.71897,31.2556281,75.7051681,0.750,247.40
660.570,2.63362,3.78284,10.27112,-0.26634,-1.50639,-1.34635,31.2556281,75.7051681,0.750,247.40
660.673,2.28886,4.52983,7.62314,-0.27367,-1.67133,-1.41965,31.2556281,75.7051681,0.750,247.40
660.773,3.14598,5.12838,6.06212,-0.48991,-0.46059,-1.07634,31.2556281,75.7051681,0.750,247.40
660.878,3.63440,5.35344,7.92002,-0.47525,-0.15027,-0.87109,31.2556281,75.7051681,0.750,247.40
660.981,3.76847,6.10521,6.75165,-0.60720,-0.45693,-0.51435,31.2556281,75.7051681,0.750,247.40
661.083,1.81002,4.72137,7.19218,-0.38973,-0.27733,0.03543,31.2556281,75.7051681,0.750,247.40
661.185,1.20189,4.75010,7.53216,-1.35734,0.26878,-0.51191,31.2556331,75.7051593,0.810,261.20
661.288,0.38786,3.77326,9.54808,-0.81856,0.52901,-0.35797,31.2556331,75.7051593,0.810,261.20
661.392,-1.24498,3.28963,11.42992,0.05864,0.47159,-0.17349,31.2556331,75.7051593,0.810,261.20
661.496,-0.61292,3.56257,9.66779,0.58765,0.51191,-0.37629,31.2556331,75.7051593,0.810,261.20
661.598,-1.54187,4.82192,8.43717,1.02625,0.80390,-0.31032,31.2556331,75.7051593,0.810,261.20
661.701,-0.97683,5.54497,7.75243,-0.09896,-0.04398,-0.02566,31.2556331,75.7051593,0.810,261.20
661.803,0.00479,5.36301,7.70454,-0.34697,-0.56200,0.08186,31.2556331,75.7051593,0.810,261.20
661.905,-0.06704,4.97515,10.08438,-0.00977,-0.54367,-0.10140,31.2556331,75.7051593,0.810,261.20
662.009,0.54109,3.87382,8.89207,-0.05742,-0.11606,-0.06964,31.2556331,75.7051593,0.810,261.20
662.111,0.86191,3.04064,8.71968,-0.17837,-0.32498,-0.33109,31.2556331,75.7051593,0.810,261.20
662.214,1.40779,3.32794,9.02135,0.05742,0.04276,-0.22602,31.2556387,75.7051517,0.780,275.40
662.316,-0.07183,3.72538,9.29908,-0.15516,-0.04276,0.07208,31.2556387,75.7051517,0.780,275.40
662.418,1.12527,3.95522,8.74362,-0.01466,0.04154,0.12339,31.2556387,75.7051517,0.780,275.40
662.520,0.82361,4.17070,9.33739,0.08674,0.20647,0.35919,31.2556387,75.7051517,0.780,275.40
662.623,0.53630,4.24731,9.56244,0.08063,0.44104,0.59498,31.2556387,75.7051517,0.780,275.40
