time_since_start,accel_x,accel_y,accel_z,gyro_x,gyro_y,gyro_z,lat,lon,speed_gt,heading_gt
0.001,-0.79905,2.20800,10.22400,0.39105,0.22742,0.51631,31.2551500,75.7057467,1.071,166.62
0.116,-0.43905,1.86495,8.22495,0.02998,-0.12100,0.56210,31.2551500,75.7057467,1.071,166.62
0.233,-0.19500,2.61495,7.97100,-0.02970,0.21890,0.43739,31.2551400,75.7057500,1.059,182.13
0.351,-0.00795,3.37605,8.65305,-0.13833,0.23485,0.15194,31.2551400,75.7057500,1.059,182.13
0.454,0.18705,2.83500,10.95405,-0.22467,-0.05390,0.07521,31.2551400,75.7057500,1.059,182.13
0.557,0.81705,1.63995,11.62395,-0.11495,0.25190,-0.40301,31.2551400,75.7057500,1.059,182.13
0.659,0.88800,1.80495,10.05600,0.17476,-0.38514,-0.49472,31.2551400,75.7057500,1.059,182.13
0.761,-0.33900,2.75295,7.22400,0.19607,0.37758,-0.28586,31.2551400,75.7057500,1.059,182.13
0.862,-0.07800,3.31800,7.52595,0.12045,0.09955,-0.21766,31.2551400,75.7057500,1.059,182.13
0.963,-0.19500,3.53595,9.72795,-0.03286,-0.03781,-0.07810,31.2551400,75.7057500,1.059,182.13
1.066,0.26805,3.81900,10.67205,0.26001,-0.46819,-0.09625,31.2551400,75.7057500,1.059,182.13
1.168,-1.65300,2.53095,10.48995,-0.41965,0.15606,0.36919,31.2551300,75.7057467,1.040,189.98
1.270,-1.27695,1.43400,11.30100,-0.02118,-0.55454,0.57695,31.2551300,75.7057467,1.040,189.98
1.373,0.17205,2.75100,7.43895,0.50930,0.09309,0.88797,31.2551300,75.7057467,1.040,189.98
1.475,0.57705,3.18705,7.22895,-0.11179,0.02076,0.37139,31.2551300,75.7057467,1.040,189.98
1.580,0.71595,2.75295,10.08300,-0.15757,0.03878,0.10189,31.2551300,75.7057467,1.040,189.98
1.682,1.29300,2.20995,13.65195,-1.10880,-0.23073,-0.10051,31.2551300,75.7057467,1.040,189.98
1.784,2.25495,2.37795,11.24595,0.18012,-0.33825,0.17861,31.2551300,75.7057467,1.040,189.98
1.886,0.57705,2.55495,7.11405,0.23444,0.36053,-0.24324,31.2551300,75.7057467,1.040,189.98
2.005,0.20805,2.61900,7.26195,-0.15441,-0.31694,-0.38170,31.2551300,75.7057467,1.040,189.98
2.109,0.20595,2.92800,9.56805,-0.23953,0.05802,-0.06957,31.2551300,75.7057467,1.040,189.98
2.213,0.65595,3.72795,10.30005,0.26111,0.02819,0.44069,31.2551217,75.7057400,1.077,186.32
2.317,-0.56400,1.75695,12.42900,0.22385,0.39669,0.46832,31.2551217,75.7057400,1.077,186.32
2.421,1.05405,1.83405,9.72300,0.06504,-0.08800,0.19236,31.2551217,75.7057400,1.077,186.32
2.528,0.88605,2.07795,6.67095,0.18975,0.00151,0.35640,31.2551217,75.7057400,1.077,186.32
2.636,1.87995,1.93695,8.80395,-0.35461,-0.84851,-0.26345,31.2551217,75.7057400,1.077,186.32
2.743,1.93200,2.36805,9.24195,-0.18631,0.28174,-0.33069,31.2551217,75.7057400,1.077,186.32
2.851,3.56700,1.51605,10.89405,-0.90544,-0.38734,-1.02630,31.2551217,75.7057400,1.077,186.32
2.959,4.06095,-0.14700,11.38005,0.18123,-0.17215,-1.10509,31.2551217,75.7057400,1.077,186.32
3.064,0.15795,0.64395,7.49895,0.00536,-0.16995,-1.08584,31.2551217,75.7057400,1.077,186.32
3.172,1.29495,2.65305,7.64295,0.08209,-0.41181,-0.29122,31.2551133,75.7057300,1.082,247.31
3.275,1.32900,2.97795,9.31605,0.03314,0.00371,-0.32642,31.2551133,75.7057300,1.082,247.31
3.382,1.03395,3.14100,10.81005,0.27596,0.21244,-0.02805,31.2551133,75.7057300,1.082,247.31
3.488,2.89200,3.32805,13.07505,0.20680,-0.46929,0.22756,31.2551133,75.7057300,1.082,247.31
3.592,1.18995,2.63400,7.81305,1.12186,0.46819,0.74429,31.2551133,75.7057300,1.082,247.31
3.696,1.30500,2.35800,9.10605,-0.01911,0.30195,0.25740,31.2551133,75.7057300,1.082,247.31
3.803,1.67595,3.24405,7.79400,0.43574,0.35200,0.35970,31.2551133,75.7057300,1.082,247.31
3.910,1.40295,3.33795,7.14495,0.13860,0.61091,-0.04194,31.2551133,75.7057300,1.082,247.31
4.018,0.79995,3.62700,8.09505,-0.10643,-0.00385,-0.09735,31.2551133,75.7057300,1.082,247.31
4.126,2.64105,3.96495,12.47895,-1.46245,-0.68448,-0.43615,31.2551133,75.7057300,1.082,247.31
4.233,2.41095,3.25095,9.59700,0.29728,-0.15936,-0.09089,31.2551117,75.7057167,1.082,214.32
4.341,0.64905,3.30600,6.52500,0.13970,-0.11784,-0.67155,31.2551117,75.7057167,1.082,214.32
4.449,0.10995,3.31395,7.75500,-0.17669,-0.18494,-0.60871,31.2551117,75.7057167,1.082,214.32
4.555,-0.21405,4.10400,10.84395,0.02461,0.05692,0.15194,31.2551117,75.7057167,1.082,214.32
4.663,1.54395,4.70895,11.78295,0.26221,-0.24874,0.19883,31.2551117,75.7057167,1.082,214.32
4.775,-0.68100,3.77100,8.13600,0.37716,0.33179,0.57489,31.2551117,75.7057167,1.082,214.32
4.881,0.90000,2.95500,10.81500,0.00646,-0.12306,0.78471,31.2551117,75.7057167,1.082,214.32
4.989,1.81500,3.55095,5.95695,0.72449,0.12829,0.74951,31.2551117,75.7057167,1.082,214.32
5.097,1.18005,3.26595,6.97995,-0.02338,0.25506,0.01237,31.2551117,75.7057167,1.082,214.32
5.205,1.20705,3.56295,9.64905,-0.78183,-0.11990,0.01554,31.2551017,75.7057067,1.059,192.38
5.334,2.41800,3.02595,14.20095,-0.63058,0.27747,-0.46489,31.2551017,75.7057067,1.059,192.38
5.442,2.81595,3.20400,8.69595,0.23870,-0.17215,-0.70661,31.2551017,75.7057067,1.059,192.38
5.550,0.34500,3.55500,6.17805,0.08209,-0.06765,-0.57667,31.2551017,75.7057067,1.059,192.38
5.657,0.14400,3.87600,8.21805,0.08745,0.10065,-0.35406,31.2551017,75.7057067,1.059,192.38
5.765,0.24405,4.67805,11.43795,0.19181,0.18150,0.13379,31.2551017,75.7057067,1.059,192.38
5.873,0.52395,4.53495,10.67205,-0.33646,0.25726,0.00495,31.2551017,75.7057067,1.059,192.38
5.980,-0.40605,3.82605,9.06000,0.23127,-0.12953,0.68984,31.2551017,75.7057067,1.059,192.38
6.086,0.85005,3.06195,9.17295,0.18975,0.09845,0.56306,31.2551017,75.7057067,1.059,192.38
6.192,1.06305,3.42600,6.62100,0.65945,-0.14974,0.32450,31.2550900,75.7056983,1.090,201.08
6.301,0.51195,3.57900,7.16205,0.01182,0.01004,-0.10161,31.2550900,75.7056983,1.090,201.08
6.409,0.96705,3.90000,10.07295,-0.86488,0.14534,0.03052,31.2550900,75.7056983,1.090,201.08
6.516,1.66905,2.42805,14.00700,-0.79035,0.56609,-0.00467,31.2550900,75.7056983,1.090,201.08
6.622,1.69500,2.37300,9.28305,0.16734,0.04304,-0.42763,31.2550900,75.7056983,1.090,201.08
6.726,0.26100,3.27105,6.26595,0.20570,0.01430,-0.37001,31.2550900,75.7056983,1.090,201.08
6.832,-0.05895,3.30600,8.51400,-0.20130,-0.17311,-0.34980,31.2550900,75.7056983,1.090,201.08
6.938,-0.21000,3.85005,10.75800,0.46461,0.17201,0.19346,31.2550900,75.7056983,1.090,201.08
7.045,-0.06405,3.56700,10.68795,-0.21931,0.18796,0.06352,31.2550900,75.7056983,1.090,201.08
7.149,-1.43805,3.49305,8.66805,-0.00412,-0.25836,0.86886,31.2550767,75.7056933,1.088,201.41
7.251,0.51705,2.13795,10.36305,0.38046,-0.27115,0.90186,31.2550767,75.7056933,1.088,201.41
7.353,1.22100,2.94495,6.27105,0.37936,-0.00481,0.63346,31.2550767,75.7056933,1.088,201.41
7.455,0.84795,2.51400,7.79595,-0.09584,-0.00165,-0.04510,31.2550767,75.7056933,1.088,201.41
7.557,1.70700,2.63595,10.93995,-0.65821,0.13571,-0.10161,31.2550767,75.7056933,1.088,201.41
7.659,1.46100,1.57800,14.28900,-0.84040,0.42020,-0.47341,31.2550767,75.7056933,1.088,201.41
7.763,3.95295,2.30295,10.44705,0.08951,-0.51507,-0.46489,31.2550767,75.7056933,1.088,201.41
7.871,1.26405,2.75100,6.52200,0.39957,0.12622,-0.53625,31.2550767,75.7056933,1.088,201.41
7.979,0.64395,3.10995,7.88505,-0.14795,-0.09969,-0.71514,31.2550767,75.7056933,1.088,201.41
8.086,-0.71505,3.55800,11.41395,-0.01911,0.52030,-0.02282,31.2550767,75.7056933,1.088,201.41
8.193,0.67305,3.40695,12.26595,-0.11179,0.00151,0.06036,31.2550667,75.7056817,1.111,194.19
8.300,-0.40395,3.17505,9.39795,0.35695,-0.25726,0.70799,31.2550667,75.7056817,1.111,194.19
8.408,0.75195,2.02605,8.65605,0.46558,0.15702,0.66852,31.2550667,75.7056817,1.111,194.19
8.516,1.33800,2.94495,5.72805,0.19071,0.01004,0.41181,31.2550667,75.7056817,1.111,194.19
8.633,0.66600,2.94705,8.95305,-0.37703,-0.17421,-0.01526,31.2550667,75.7056817,1.111,194.19
8.736,2.08800,2.89905,11.13105,-0.60390,0.16033,-0.17298,31.2550667,75.7056817,1.111,194.19
8.843,1.51605,1.81995,11.76105,0.07466,0.42130,-0.15909,31.2550667,75.7056817,1.111,194.19
8.950,1.61400,2.54805,7.30995,0.28352,0.27431,-0.43189,31.2550667,75.7056817,1.111,194.19
9.057,0.85005,3.55500,5.65605,0.13324,-0.18920,-0.57888,31.2550667,75.7056817,1.111,194.19
9.164,-0.08505,3.39495,10.47795,-0.41539,-0.00275,-0.54684,31.2550533,75.7056767,1.087,203.51
9.271,0.07695,4.23495,11.76600,0.31749,0.07397,0.26166,31.2550533,75.7056767,1.087,203.51
9.375,-1.06905,3.22695,10.93305,0.21422,0.22839,0.30965,31.2550533,75.7056767,1.087,203.51
9.478,0.42900,2.63100,10.43700,0.09914,-0.51411,0.84439,31.2550533,75.7056767,1.087,203.51
9.580,0.35400,1.95405,8.43105,0.32285,0.24544,0.72394,31.2550533,75.7056767,1.087,203.51
9.685,1.31205,2.32200,5.63400,0.10024,-0.17105,0.30635,31.2550533,75.7056767,1.087,203.51
9.791,0.81900,2.19105,8.28705,-0.39408,-0.26056,0.22124,31.2550533,75.7056767,1.087,203.51
9.896,3.81405,2.95200,11.99295,-1.06728,0.26579,0.14658,31.2550533,75.7056767,1.087,203.51
10.003,2.82000,2.61495,11.06700,0.54024,0.05266,0.11577,31.2550533,75.7056767,1.087,203.51
10.110,1.04895,2.15700,7.45395,0.34732,0.50435,-0.61930,31.2550533,75.7056767,1.087,203.51
10.219,1.23795,2.89005,5.75595,0.13434,-0.22963,-0.64707,31.2550433,75.7056783,1.093,195.66
10.328,-0.20205,2.99805,10.12605,0.01182,-0.07617,-0.39353,31.2550433,75.7056783,1.093,195.66
10.437,0.88395,4.20405,12.13395,-0.06600,-0.04111,0.09446,31.2550433,75.7056783,1.093,195.66
10.545,-0.78705,2.88705,9.72795,0.74264,0.45114,0.46090,31.2550433,75.7056783,1.093,195.66
10.652,0.99405,2.10495,9.93705,0.17586,-0.20405,0.52800,31.2550433,75.7056783,1.093,195.66
10.757,1.27095,2.31795,6.17505,0.84590,0.11440,0.89554,31.2550433,75.7056783,1.093,195.66
10.865,1.01295,2.55495,6.61305,-0.19594,-0.05280,0.05926,31.2550433,75.7056783,1.093,195.66
10.973,2.25795,3.28500,9.94095,-0.79241,-0.19126,0.08168,31.2550433,75.7056783,1.093,195.66
11.081,2.32005,1.60395,16.81005,-1.24946,0.68117,-0.47438,31.2550433,75.7056783,1.093,195.66
11.188,4.59000,2.97600,8.07600,0.36864,-0.42034,-0.59909,31.2550317,75.7056783,1.164,189.91
11.295,0.89595,2.38500,7.15905,0.47520,0.15812,-0.75254,31.2550317,75.7056783,1.164,189.91
11.405,0.32805,3.04800,7.89900,-0.01581,-0.24984,-0.56499,31.2550317,75.7056783,1.164,189.91
11.514,-0.36300,4.27605,11.19405,0.25039,0.25932,0.11784,31.2550317,75.7056783,1.164,189.91
11.621,1.51605,4.44405,13.05105,-0.21299,-0.28614,0.03479,31.2550317,75.7056783,1.164,189.91
11.729,-0.15900,3.67500,8.84505,0.42831,-0.27761,0.71445,31.2550317,75.7056783,1.164,189.91
11.834,0.73500,2.52795,8.83800,0.26318,0.13475,0.56306,31.2550317,75.7056783,1.164,189.91
11.962,1.30005,2.76795,5.78700,0.33784,-0.15084,0.42034,31.2550317,75.7056783,1.164,189.91
12.070,1.16805,2.80800,8.01405,-0.24805,-0.07191,0.12430,31.2550317,75.7056783,1.164,189.91
12.178,3.18405,4.24500,10.71705,-1.06837,-0.10505,0.08690,31.2550200,75.7056750,1.166,184.44
12.285,2.82300,3.45000,12.40695,0.18439,0.60871,-0.01952,31.2550200,75.7056750,1.166,184.44
12.393,2.01405,3.19905,6.61605,0.29095,0.19222,-0.79076,31.2550200,75.7056750,1.166,184.44
12.501,0.78795,3.42105,6.39795,0.41869,-0.04854,-0.56389,31.2550200,75.7056750,1.166,184.44
12.609,0.79995,4.30995,8.77095,0.14066,0.01224,-0.16981,31.2550200,75.7056750,1.166,184.44
12.717,0.48105,5.19495,9.94095,0.10876,0.07934,0.26056,31.2550200,75.7056750,1.166,184.44
12.824,-1.73505,3.99600,11.20500,0.01292,0.58850,0.67705,31.2550200,75.7056750,1.166,184.44
12.929,-0.33600,2.64105,12.52500,0.57956,-0.21477,1.20230,31.2550200,75.7056750,1.166,184.44
13.036,1.63500,3.22995,7.18095,1.08983,0.43079,1.03180,31.2550200,75.7056750,1.166,184.44
13.144,2.35395,4.03905,7.45605,0.56045,0.50435,0.35008,31.2550200,75.7056750,1.166,184.44
13.252,1.83900,4.72605,8.11905,-0.26084,0.94751,-0.30827,31.2550100,75.7056750,1.194,184.29
13.360,1.19505,4.01805,11.86395,-0.53034,-0.34141,-0.69809,31.2550100,75.7056750,1.194,184.29
13.470,1.75995,3.92700,8.17905,0.32601,-0.48001,-0.49362,31.2550100,75.7056750,1.194,184.29
13.577,1.04400,4.02705,6.55395,0.21629,-0.40219,-0.68214,31.2550100,75.7056750,1.194,184.29
13.684,0.36405,4.95405,6.49095,-0.10216,-0.21477,-0.77055,31.2550100,75.7056750,1.194,184.29
13.790,-1.14300,5.45205,9.82905,-0.17146,-0.43739,-0.47547,31.2550100,75.7056750,1.194,184.29
13.897,-1.21995,5.20305,12.37395,-0.91602,-0.26579,-0.18356,31.2550100,75.7056750,1.194,184.29
14.005,-0.70800,5.30805,8.94300,-0.10436,0.05692,0.50669,31.2550100,75.7056750,1.194,184.29
14.113,0.66795,3.73305,8.98605,0.10450,-0.32546,0.45444,31.2550100,75.7056750,1.194,184.29
14.219,1.45605,3.85995,5.54805,0.15771,-0.09859,0.40865,31.2550017,75.7056733,1.239,174.81
14.322,1.45095,4.08195,7.24500,-0.25341,-0.41497,0.13172,31.2550017,75.7056733,1.239,174.81
14.427,1.99905,4.79595,10.64805,-0.72531,0.44261,-0.17724,31.2550017,75.7056733,1.239,174.81
14.535,1.94700,4.40805,10.71195,0.23870,0.26579,-0.36369,31.2550017,75.7056733,1.239,174.81
14.643,2.16000,3.46905,7.83405,0.02351,0.01650,-0.86859,31.2550017,75.7056733,1.239,174.81
14.751,-0.09195,4.29495,5.80905,-0.13406,0.00467,-0.53941,31.2550017,75.7056733,1.239,174.81
14.858,0.32595,4.96605,10.66395,-0.17999,-0.27651,-0.17188,31.2550017,75.7056733,1.239,174.81
14.965,0.44805,5.41800,10.16400,0.64144,-0.06985,0.25946,31.2550017,75.7056733,1.239,174.81
15.073,-0.25695,4.42200,9.98400,-0.09364,-0.19443,-0.03988,31.2550017,75.7056733,1.239,174.81
15.180,-0.77700,3.50505,9.36405,-0.15964,0.40947,0.50023,31.2549900,75.7056717,1.250,196.76
15.288,1.03395,3.06495,8.08605,0.59345,0.02709,1.02328,31.2549900,75.7056717,1.250,196.76
15.390,1.75695,3.57000,6.03900,0.30580,0.03355,0.66852,31.2549900,75.7056717,1.250,196.76
15.498,2.99295,2.91600,9.51795,-0.21615,-0.04111,0.19993,31.2549900,75.7056717,1.250,196.76
15.607,3.57000,4.36200,9.17295,-0.77110,0.15812,-0.58094,31.2549900,75.7056717,1.250,196.76
15.714,3.63405,3.62205,9.21795,-0.28119,-0.27968,-0.98257,31.2549900,75.7056717,1.250,196.76
15.840,1.71705,3.57000,7.31700,-0.30250,-0.25726,-1.51841,31.2549900,75.7056717,1.250,196.76
15.947,0.29205,4.18500,8.47395,-0.28215,-0.52580,-1.04335,31.2549900,75.7056717,1.250,196.76
16.056,0.11505,5.06400,10.89405,0.50820,-0.03039,-0.20061,31.2549900,75.7056717,1.250,196.76
16.165,0.26805,5.54700,11.05905,0.03740,0.10808,-0.14740,31.2549783,75.7056633,1.225,216.30
16.273,1.06305,4.13205,10.30005,0.43904,-0.24241,0.41511,31.2549783,75.7056633,1.225,216.30
16.395,0.63195,2.41605,6.87195,0.72132,0.42336,0.58341,31.2549783,75.7056633,1.225,216.30
16.503,1.99905,4.17795,5.95995,0.45815,-0.15400,0.50985,31.2549783,75.7056633,1.225,216.30
16.611,2.04705,4.52505,7.34595,-0.19910,0.48620,0.18178,31.2549783,75.7056633,1.225,216.30
16.719,2.60505,3.60105,15.33795,-1.42739,-0.03891,-0.68956,31.2549783,75.7056633,1.225,216.30
16.827,3.64200,4.18005,7.68600,-0.40260,-0.68558,-0.36039,31.2549783,75.7056633,1.225,216.30
16.934,0.80505,3.57195,7.17405,-0.13942,-0.12210,-0.69286,31.2549783,75.7056633,1.225,216.30
17.040,0.27300,5.13600,8.17200,-0.15964,-0.51617,-0.46695,31.2549783,75.7056633,1.225,216.30
17.148,-0.08505,5.64105,11.58405,0.37936,0.06655,0.17751,31.2549783,75.7056633,1.225,216.30
17.257,0.37800,4.91295,11.13105,0.29191,-0.05706,0.37139,31.2549700,75.7056567,1.248,213.85
17.364,0.57705,3.87405,7.89705,0.17050,-0.12843,0.67279,31.2549700,75.7056567,1.248,213.85
17.493,1.23600,2.85600,8.17005,0.06297,-0.19553,0.75378,31.2549700,75.7056567,1.248,213.85
17.599,1.86000,3.85200,7.23600,-0.33976,0.42020,0.29686,31.2549700,75.7056567,1.248,213.85
17.705,2.22405,3.62700,8.51400,-0.14163,0.19759,0.30429,31.2549700,75.7056567,1.248,213.85
17.813,2.88795,2.93295,14.34000,-1.54880,-0.25520,-0.25602,31.2549700,75.7056567,1.248,213.85
17.921,5.92305,3.82800,8.91900,0.11083,-0.69836,0.09116,31.2549700,75.7056567,1.248,213.85
18.026,2.56395,3.11505,5.88300,-0.17036,-0.15290,-0.80891,31.2549700,75.7056567,1.248,213.85
18.130,2.36100,3.28995,7.90905,-0.06806,-0.56196,-0.70345,31.2549700,75.7056567,1.248,213.85
18.237,1.44900,4.02195,9.31200,-0.22674,-0.07521,-0.48084,31.2549583,75.7056483,1.246,211.08
18.345,0.96495,4.79100,10.89195,-0.11811,0.40095,-0.05899,31.2549583,75.7056483,1.246,211.08
18.453,0.92205,3.81600,10.60200,-0.04359,0.20075,0.57379,31.2549583,75.7056483,1.246,211.08
18.560,1.41495,2.05905,8.53095,0.51246,0.50325,0.80066,31.2549583,75.7056483,1.246,211.08
18.663,2.29095,2.55495,5.19405,0.53487,-0.33193,0.46942,31.2549583,75.7056483,1.246,211.08
18.769,1.91805,1.99395,10.15200,0.19924,-0.14864,0.21698,31.2549583,75.7056483,1.246,211.08
18.877,4.48905,3.26595,9.37605,-0.29714,0.50545,-0.10588,31.2549583,75.7056483,1.246,211.08
18.982,4.06800,2.39400,9.05295,-0.10010,0.20611,-0.00151,31.2549583,75.7056483,1.246,211.08
19.086,2.47305,2.98095,7.36800,-0.30992,0.25396,-0.58740,31.2549583,75.7056483,1.246,211.08
19.189,1.64700,3.61995,6.86505,-0.11179,-0.01870,-0.50958,31.2549450,75.7056450,1.231,203.54
19.293,1.69005,4.25505,9.96795,0.05555,0.22949,-0.30827,31.2549450,75.7056450,1.231,203.54
19.397,1.96800,4.43400,11.01900,0.71280,-0.20625,0.30539,31.2549450,75.7056450,1.231,203.54
19.501,2.12100,3.20100,10.03695,0.77248,-0.67389,0.45664,31.2549450,75.7056450,1.231,203.54
19.603,1.38600,2.56695,10.23600,0.12471,-0.00275,0.36066,31.2549450,75.7056450,1.231,203.54
19.705,1.58505,2.67705,6.78105,0.27390,0.36272,0.44591,31.2549450,75.7056450,1.231,203.54
19.809,1.54005,2.36295,6.47895,-0.04139,0.39573,0.12004,31.2549450,75.7056450,1.231,203.54
19.912,3.02895,2.95005,8.06700,-0.21079,0.13365,0.23292,31.2549450,75.7056450,1.231,203.54
20.014,5.22195,3.78795,13.50600,-1.51470,0.45636,-0.19003,31.2549450,75.7056450,1.231,203.54
20.116,4.36500,2.78895,9.73500,0.20776,-0.25836,-0.22839,31.2549450,75.7056450,1.231,203.54
20.222,1.66605,2.90205,6.67995,-0.03190,0.02929,-0.84411,31.2549333,75.7056400,1.222,210.82
20.325,1.17105,3.34005,6.92205,0.06188,-0.40645,-0.48510,31.2549333,75.7056400,1.222,210.82
20.427,1.07505,3.95805,10.30500,0.15139,-0.01554,-0.13145,31.2549333,75.7056400,1.222,210.82
20.529,0.82800,4.73595,11.44305,0.49431,0.05486,0.18067,,,,
20.631,-0.62100,3.71295,12.79995,0.15029,0.63965,0.53763,,,,
20.736,2.57595,2.46405,11.16000,0.73411,0.16129,1.10962,,,,
20.839,2.61900,3.18705,5.24595,0.59029,0.84095,0.85814,,,,
20.943,2.00895,3.63705,5.91900,-0.04249,0.11124,-0.02379,,,,
21.045,1.46805,4.21605,8.50995,-0.05211,-0.42570,0.04758,,,,
21.148,2.78895,3.56295,11.94795,-1.47524,-0.46186,-0.52772,31.2549233,75.7056367,1.153,216.34
21.256,3.88605,3.34995,11.47095,-0.30346,-0.55137,0.00605,31.2549233,75.7056367,1.153,216.34
21.365,1.29795,3.15105,6.99900,0.00110,0.73659,-0.54588,31.2549233,75.7056367,1.153,216.34
21.473,0.61095,3.93405,6.33105,-0.06380,-0.13695,-0.38074,31.2549233,75.7056367,1.153,216.34
21.581,0.79500,4.82700,10.74300,-0.02008,-0.10821,-0.32313,31.2549233,75.7056367,1.153,216.34
21.689,1.05405,5.26995,11.92095,0.15345,-0.51507,0.08800,31.2549233,75.7056367,1.153,216.34
21.796,0.20595,4.18995,9.46500,0.72875,0.04840,0.71541,31.2549233,75.7056367,1.153,216.34
21.908,0.51705,2.83995,8.73000,0.60940,0.26043,0.66330,31.2549233,75.7056367,1.153,216.34
22.012,1.40505,3.72795,5.25405,0.54766,0.03781,0.60252,31.2549233,75.7056367,1.153,216.34
22.119,0.99105,3.77805,7.40400,-0.15538,0.18260,0.02090,31.2549233,75.7056367,1.153,216.34
22.222,2.29095,4.32900,9.73305,-0.51549,0.02599,0.15826,31.2549133,75.7056300,1.131,216.68
22.330,2.84700,3.04305,13.71900,-0.68269,0.30085,-0.10477,31.2549133,75.7056300,1.131,216.68
22.438,3.94800,4.06305,6.37395,0.13434,0.25190,-0.34980,31.2549133,75.7056300,1.131,216.68
22.546,1.59495,4.01505,5.68005,-0.20336,-0.00165,-0.94641,31.2549133,75.7056300,1.131,216.68
22.653,1.20405,4.72605,9.53700,-0.10010,-0.08044,-0.69383,31.2549133,75.7056300,1.131,216.68
22.761,0.67995,5.73195,9.64695,0.60514,0.04840,0.18604,31.2549133,75.7056300,1.131,216.68
22.869,0.10095,3.97695,13.18305,0.56787,0.11660,0.28834,31.2549133,75.7056300,1.131,216.68
22.977,0.39000,3.52200,8.22195,0.50077,0.07714,0.62274,31.2549133,75.7056300,1.131,216.68
23.083,1.02000,3.53895,6.68505,0.59139,-0.15290,0.55784,31.2549133,75.7056300,1.131,216.68
23.185,1.84800,3.67995,6.09900,0.25149,0.11976,0.04758,31.2549050,75.7056250,1.103,216.08
23.289,2.46900,4.60695,7.38195,-0.60816,-0.44165,0.04758,31.2549050,75.7056250,1.103,216.08
23.397,4.75995,3.48405,13.28400,-1.70115,-0.45017,-0.69066,31.2549050,75.7056250,1.103,216.08
23.506,4.81995,4.17300,11.01900,-0.33550,-0.64721,-0.33069,31.2549050,75.7056250,1.103,216.08
23.613,1.49205,3.56700,6.53895,0.29411,0.48620,-0.52030,31.2549050,75.7056250,1.103,216.08
23.721,1.12500,4.01295,6.21600,-0.20336,-0.09432,-0.67361,31.2549050,75.7056250,1.103,216.08
23.829,1.29795,4.49595,10.54905,-0.26414,0.03451,-0.29549,31.2549050,75.7056250,1.103,216.08
23.938,2.73405,5.36295,11.38500,-0.36204,-0.14658,0.08800,31.2549050,75.7056250,1.103,216.08
24.045,1.52505,3.33300,11.12400,0.61792,-0.28187,0.76230,31.2549050,75.7056250,1.103,216.08
24.153,1.24005,2.56395,7.31505,0.64034,0.54161,0.48537,31.2548933,75.7056183,1.053,212.64
24.259,1.36500,3.12000,6.11805,0.44110,-0.02090,0.60252,31.2548933,75.7056183,1.053,212.64
24.368,1.99695,3.74895,7.69095,-0.06064,-0.00811,0.13599,31.2548933,75.7056183,1.053,212.64
24.475,3.16500,4.45995,8.83005,-0.38555,-0.07095,0.02832,31.2548933,75.7056183,1.053,212.64
24.584,2.84205,3.95100,10.88205,-0.42281,0.38816,-0.47231,31.2548933,75.7056183,1.053,212.64
24.692,3.17205,3.43605,7.61700,-0.16610,0.37758,-0.83875,31.2548933,75.7056183,1.053,212.64
24.802,1.05600,3.89505,5.74905,0.23760,0.24970,-0.62246,31.2548933,75.7056183,1.053,212.64
24.905,1.22805,3.98595,9.33600,-0.01375,0.06119,-0.47121,31.2548933,75.7056183,1.053,212.64
25.010,1.74795,4.80495,10.49400,0.49335,0.04098,-0.03768,31.2548933,75.7056183,1.053,212.64
25.113,0.82395,5.00205,12.52005,-0.40466,-0.41717,0.18920,31.2548933,75.7056183,1.053,212.64
25.231,1.59195,3.56505,9.70005,0.31323,-0.11028,1.15115,31.2548833,75.7056167,1.043,212.37
25.340,2.08995,3.14100,6.36405,0.33990,-0.08800,0.65904,31.2548833,75.7056167,1.043,212.37
25.448,1.78095,3.09105,6.17505,-0.54642,0.23059,0.09116,31.2548833,75.7056167,1.043,212.37
25.556,2.37300,3.63900,9.79800,0.21422,0.05486,0.57269,31.2548833,75.7056167,1.043,212.37
25.665,4.08495,3.16005,14.74695,-0.69877,0.44041,-0.38500,31.2548833,75.7056167,1.043,212.37
25.773,4.22100,3.63405,7.57305,-0.11069,0.15180,-0.37854,31.2548833,75.7056167,1.043,212.37
25.878,1.49595,3.08595,6.09405,-0.09157,0.24338,-0.83765,31.2548833,75.7056167,1.043,212.37
25.987,1.22100,3.47400,8.84205,-0.08731,-0.22110,-0.58314,31.2548833,75.7056167,1.043,212.37
26.093,0.75195,4.40805,11.18595,-0.03190,0.26895,-0.05046,31.2548833,75.7056167,1.043,212.37
26.201,1.03695,3.87105,12.97200,-0.23526,0.10588,0.04648,31.2548717,75.7056133,1.062,218.19
26.307,1.46805,4.10400,8.51700,0.44000,-0.80273,0.48854,31.2548717,75.7056133,1.062,218.19
26.415,-0.29595,2.96895,7.97100,0.31006,0.53845,0.42570,31.2548717,75.7056133,1.062,218.19
26.519,0.95505,3.53205,6.11295,0.23554,-0.20515,0.19772,31.2548717,75.7056133,1.062,218.19
26.625,1.08000,3.36600,7.03695,0.12581,0.08250,0.14231,31.2548717,75.7056133,1.062,218.19
26.732,3.69405,3.69000,10.68600,-0.90324,-0.19346,0.03259,31.2548717,75.7056133,1.062,218.19
26.838,3.96705,3.39000,12.84300,-0.87024,-0.45650,-0.34018,31.2548717,75.7056133,1.062,218.19
26.945,2.20500,3.59595,6.79305,0.16734,-0.03149,-0.18260,31.2548717,75.7056133,1.062,218.19
27.052,1.33095,3.90000,5.51205,-0.02544,-0.00907,-0.42226,31.2548717,75.7056133,1.062,218.19
27.159,1.30500,4.30500,10.23300,-0.17572,-0.06132,-0.20281,31.2548583,75.7056117,1.047,205.75
27.266,2.05200,5.64600,12.14895,0.44536,0.04414,0.15304,31.2548583,75.7056117,1.047,205.75
27.374,-0.43200,3.83100,9.62805,0.46035,0.62260,0.48001,31.2548583,75.7056117,1.047,205.75
27.481,1.15605,2.93505,7.46805,0.24186,0.16775,0.54711,31.2548583,75.7056117,1.047,205.75
27.589,1.35300,3.24900,6.24705,0.56471,-0.35530,0.54615,31.2548583,75.7056117,1.047,205.75
27.697,1.22805,3.02400,8.62005,-0.03822,0.06971,0.12320,31.2548583,75.7056117,1.047,205.75
27.804,2.52795,3.33795,9.28305,-1.11732,-0.06242,0.11468,31.2548583,75.7056117,1.047,205.75
27.913,3.46695,2.69595,12.78795,-0.37386,0.22839,0.12004,31.2548583,75.7056117,1.047,205.75
28.021,3.36900,2.85900,7.56900,0.04592,0.05912,-0.53309,31.2548583,75.7056117,1.047,205.75
28.128,1.98495,3.14805,6.35205,0.22385,-0.14864,-0.63002,31.2548583,75.7056117,1.047,205.75
28.237,1.47300,3.77805,8.73195,-0.02970,-0.28187,-0.52456,31.2548483,75.7056083,1.040,192.40
28.343,1.34295,4.75500,10.85805,0.43684,0.12719,-0.03988,31.2548483,75.7056083,1.040,192.40
28.448,0.78795,3.38505,12.44295,0.26537,0.24021,-0.00041,31.2548483,75.7056083,1.040,192.40
28.556,0.90000,3.22500,9.12705,0.21532,-0.00701,0.37881,31.2548483,75.7056083,1.040,192.40
28.663,0.44805,2.75100,7.42005,0.47204,0.24970,0.72078,31.2548483,75.7056083,1.040,192.40
28.766,1.80795,3.20595,6.72600,0.24090,-0.04964,0.35750,31.2548483,75.7056083,1.040,192.40
28.874,1.20405,3.28695,8.77995,-0.16926,0.16555,0.43216,31.2548483,75.7056083,1.040,192.40
28.983,3.97200,3.75705,10.91805,-0.79667,0.17517,0.02942,31.2548483,75.7056083,1.040,192.40
29.111,3.90300,3.10095,9.62295,0.40810,-0.23169,-0.12403,31.2548483,75.7056083,1.040,192.40
29.219,1.86795,3.26595,6.02400,-0.15868,0.26675,-0.89416,31.2548350,75.7056067,1.079,204.04
29.327,0.95295,3.84495,6.95295,-0.15015,-0.18384,-0.55962,31.2548350,75.7056067,1.079,204.04
29.435,1.20000,4.75305,10.99005,-0.06174,-0.07411,-0.17407,31.2548350,75.7056067,1.079,204.04
29.542,1.50405,5.13300,12.31200,0.03630,-0.43519,-0.05362,31.2548350,75.7056067,1.079,204.04
29.649,1.04400,3.59400,9.09900,0.41869,-0.11880,0.28297,31.2548350,75.7056067,1.079,204.04
29.756,0.63705,2.64105,8.20995,0.09171,0.04840,0.22330,31.2548350,75.7056067,1.079,204.04
29.862,1.81500,3.38805,5.61495,0.51356,-0.04744,0.41511,31.2548350,75.7056067,1.079,204.04
29.970,1.35795,3.40200,8.27700,-0.18521,-0.16885,0.05280,31.2548350,75.7056067,1.079,204.04
30.079,3.19200,3.92400,10.04205,-0.74346,0.23595,0.25850,31.2548350,75.7056067,1.079,204.04
30.201,3.08100,3.06495,12.10605,-0.43450,0.10917,-0.34664,31.2548233,75.7056033,1.098,213.23
30.308,2.03805,3.27300,6.56595,0.06724,0.21464,-0.64804,31.2548233,75.7056033,1.098,213.23
30.417,0.69705,3.50295,6.64500,0.02888,-0.13585,-0.59056,31.2548233,75.7056033,1.098,213.23
30.525,1.11105,4.09695,9.62505,0.10134,0.01966,-0.09309,31.2548233,75.7056033,1.098,213.23
30.633,1.73805,5.01600,11.86905,0.19071,-0.03685,0.26592,31.2548233,75.7056033,1.098,213.23
30.762,0.65400,3.62700,10.65495,0.24942,-0.06669,0.65574,31.2548233,75.7056033,1.098,213.23
30.869,0.71595,2.61195,8.28900,0.14919,0.52882,0.50243,31.2548233,75.7056033,1.098,213.23
30.975,1.40100,2.89500,5.35395,0.75639,-0.01870,0.67499,31.2548233,75.7056033,1.098,213.23
31.083,1.48200,2.75805,8.11695,0.02571,-0.32024,0.28614,31.2548233,75.7056033,1.098,213.23
31.191,2.82000,3.22995,9.51795,-0.93088,0.04840,0.57379,31.2548133,75.7056033,1.129,207.11
31.300,3.01905,2.76300,13.30800,-0.36630,0.50009,0.01031,31.2548133,75.7056033,1.129,207.11
31.407,3.32595,2.79405,7.35105,0.20144,0.28270,-0.73219,31.2548133,75.7056033,1.129,207.11
31.515,1.51305,3.15105,5.69595,0.36437,-0.06449,-0.69713,31.2548133,75.7056033,1.129,207.11
31.623,1.12500,3.94305,7.99695,0.17586,0.11550,-0.58204,31.2548133,75.7056033,1.129,207.11
31.732,0.70605,5.09295,10.69095,0.39737,0.30827,-0.06957,31.2548133,75.7056033,1.129,207.11
31.856,0.12000,3.88605,11.99805,0.05555,0.29769,-0.15593,31.2548133,75.7056033,1.129,207.11
31.964,0.92700,3.58695,7.80795,-0.03506,-0.28930,0.18178,31.2548133,75.7056033,1.129,207.11
32.072,1.07700,2.87595,7.57605,0.40384,0.16885,0.50669,31.2548133,75.7056033,1.129,207.11
32.180,0.95100,3.22995,7.07505,0.10340,-0.08264,0.09226,31.2548017,75.7056017,1.158,205.54
32.284,1.29105,3.12195,8.91195,-0.33124,-0.10079,0.24145,31.2548017,75.7056017,1.158,205.54
32.415,2.92800,2.65800,14.58105,-1.15363,0.18906,-0.37221,31.2548017,75.7056017,1.158,205.54
32.522,4.14405,3.17505,7.78695,0.30896,-0.38087,-0.30608,31.2548017,75.7056017,1.158,205.54
32.630,0.84000,2.63100,6.80295,-0.18095,-0.01334,-0.73975,31.2548017,75.7056017,1.158,205.54
32.739,0.63000,2.98095,7.91100,-0.34609,-0.11357,-0.54478,31.2548017,75.7056017,1.158,205.54
32.847,0.87195,4.42005,10.82205,-0.26620,0.09735,0.01554,31.2548017,75.7056017,1.158,205.54
32.954,-0.31005,2.83500,13.97295,0.20254,0.65876,-0.03658,31.2548017,75.7056017,1.158,205.54
33.060,1.57800,2.33895,11.96895,0.48056,-0.38940,0.15084,31.2548017,75.7056017,1.158,205.54
33.167,0.81195,2.23395,6.54195,1.01846,0.48510,0.39696,31.2547900,75.7055967,1.196,207.89
33.275,1.15905,3.05505,5.85000,0.43684,0.09845,0.20199,31.2547900,75.7055967,1.196,207.89
33.383,1.38900,4.08495,7.72200,-0.29177,-0.03891,0.00385,31.2547900,75.7055967,1.196,207.89
33.511,2.62395,2.64600,12.04800,-0.85319,0.18150,-0.30511,31.2547900,75.7055967,1.196,207.89
33.619,3.14595,2.42295,10.50900,-0.14052,-0.31488,-0.16225,31.2547900,75.7055967,1.196,207.89
33.727,1.09905,2.93100,7.47795,0.08429,0.31900,-0.30291,31.2547900,75.7055967,1.196,207.89
33.835,0.43305,3.31605,7.60905,0.06297,0.09419,-0.25286,31.2547900,75.7055967,1.196,207.89
33.944,0.49605,4.03395,10.42305,0.25891,0.24970,-0.01320,31.2547900,75.7055967,1.196,207.89
34.066,-0.05400,3.23700,12.09405,-0.05844,-0.11784,0.04428,31.2547900,75.7055967,1.196,207.89
34.174,-0.03000,2.95695,9.47400,0.01499,-0.13901,0.60995,31.2547900,75.7055967,1.196,207.89
34.282,0.02595,2.37000,7.32900,-0.05638,-0.04854,0.58121,31.2547800,75.7055917,1.226,211.50
34.391,0.90000,2.54295,7.50600,-0.04249,-0.32024,0.34045,31.2547800,75.7055917,1.226,211.50
34.499,1.02000,2.35095,10.22595,-0.06380,-0.00701,0.39380,31.2547800,75.7055917,1.226,211.50
34.605,2.83695,3.34005,10.28595,-0.51122,0.18370,0.29356,31.2547800,75.7055917,1.226,211.50
34.713,2.07300,1.38600,12.93900,-0.07659,0.33811,-0.08883,31.2547800,75.7055917,1.226,211.50
34.821,1.24995,2.68200,6.37200,0.21739,0.31584,-0.57035,31.2547800,75.7055917,1.226,211.50
34.928,0.77595,2.74605,6.93195,0.12788,-0.07301,-0.59373,31.2547800,75.7055917,1.226,211.50
35.037,0.05505,3.34695,10.40595,-0.06600,-0.06449,-0.16761,31.2547800,75.7055917,1.226,211.50
35.143,1.68300,4.55595,12.11505,0.05019,-0.37661,0.22756,31.2547700,75.7055867,1.227,205.21
35.252,-0.78900,3.42600,10.44900,0.22165,-0.01664,0.55247,31.2547700,75.7055867,1.227,205.21
35.360,0.96000,2.34195,10.27695,0.53061,-0.09432,0.88907,31.2547700,75.7055867,1.227,205.21
35.468,1.18500,2.88705,5.85900,0.86405,0.14424,0.71445,31.2547700,75.7055867,1.227,205.21
35.575,1.14900,2.98605,6.18705,0.09171,0.23691,-0.05582,31.2547700,75.7055867,1.227,205.21
35.679,2.43495,3.73995,10.33200,-0.64543,-0.10601,-0.10271,31.2547700,75.7055867,1.227,205.21
35.782,1.62795,2.62905,14.94795,-0.77110,0.24654,-0.60225,31.2547700,75.7055867,1.227,205.21
35.887,2.73195,3.24405,7.46805,0.14919,0.36905,-0.55330,31.2547700,75.7055867,1.227,205.21
35.988,-0.18600,2.82300,6.26895,-0.15015,-0.45114,-0.48716,31.2547700,75.7055867,1.227,205.21
36.090,-0.62895,3.74700,5.46405,0.52841,0.34994,-0.20391,31.2547700,75.7055867,1.227,205.21
36.191,-0.12105,4.55400,11.04705,-0.21931,-0.13695,-0.12072,31.2547583,75.7055800,1.227,203.37
36.296,-0.44205,3.81195,13.41795,0.11412,0.27954,0.27651,31.2547583,75.7055800,1.227,203.37
36.399,0.51495,3.41895,11.37795,0.12155,-0.49170,0.64625,31.2547583,75.7055800,1.227,203.37
36.505,1.00605,2.61000,7.24500,0.85126,0.49692,0.79750,31.2547583,75.7055800,1.227,203.37
36.608,2.13795,2.34405,5.67495,0.26854,0.10917,0.19566,31.2547583,75.7055800,1.227,203.37
36.711,1.27905,2.86800,6.97995,-0.10106,-0.30319,0.08484,31.2547583,75.7055800,1.227,203.37
36.815,4.21605,3.88305,13.00800,-1.91208,-0.50559,-0.15909,31.2547583,75.7055800,1.227,203.37
36.916,3.38295,3.37605,10.58100,0.29095,0.47025,0.12320,31.2547583,75.7055800,1.227,203.37
37.019,1.46805,3.22995,6.76200,-0.20130,0.14327,-0.63099,31.2547583,75.7055800,1.227,203.37
37.121,0.32805,3.60105,6.32895,0.08003,-0.29893,-0.42006,31.2547483,75.7055750,1.257,186.96
37.223,0.16305,4.06800,10.41795,0.19498,0.13475,-0.10588,31.2547483,75.7055750,1.257,186.96
37.326,1.64700,4.92495,11.60295,0.59029,0.20818,0.37771,31.2547483,75.7055750,1.257,186.96
37.428,-1.54095,4.79595,9.51795,0.41979,0.81111,0.57915,31.2547483,75.7055750,1.257,186.96
37.531,0.58395,2.75805,10.39905,0.92579,0.25300,0.83696,31.2547483,75.7055750,1.257,186.96
37.635,1.69500,2.77995,5.63895,0.68186,0.78774,0.54821,31.2547483,75.7055750,1.257,186.96
37.740,1.85295,2.52795,4.39200,0.19071,0.16239,-0.03451,31.2547483,75.7055750,1.257,186.96
37.845,2.26695,3.27300,8.50200,-0.66247,-0.36603,-0.26881,31.2547483,75.7055750,1.257,186.96
37.951,2.83200,3.65595,14.31300,-1.62552,-0.40535,-1.03909,31.2547483,75.7055750,1.257,186.96
38.056,2.22405,3.88800,10.20495,-0.28119,-0.98491,-0.78760,31.2547483,75.7055750,1.257,186.96
38.162,0.09105,2.97795,5.46195,-0.41223,-0.17738,-1.33086,31.2547333,75.7055717,1.293,193.63
38.270,-0.99705,3.46395,8.08800,-0.64336,-0.37235,-0.57035,31.2547333,75.7055717,1.293,193.63
38.377,0.54795,4.36695,13.96095,0.31969,0.50325,0.08057,31.2547333,75.7055717,1.293,193.63
38.485,3.00705,4.23495,12.42705,-0.24599,-0.31267,-0.26345,31.2547333,75.7055717,1.293,193.63
38.589,0.45705,2.26695,11.27700,0.41552,0.36272,0.64405,31.2547333,75.7055717,1.293,193.63
38.696,1.33605,2.31300,7.01805,0.71280,0.52992,0.77825,31.2547333,75.7055717,1.293,193.63
38.804,1.42005,2.28900,5.69595,0.74896,0.06655,0.37771,31.2547333,75.7055717,1.293,193.63
38.912,0.62700,2.07795,8.09295,0.00220,0.15496,0.04758,31.2547333,75.7055717,1.293,193.63
39.020,2.79705,4.59000,10.49895,-1.33994,-0.30209,-0.27734,31.2547333,75.7055717,1.293,193.63
39.127,4.04400,4.31895,10.18605,0.51356,-0.18590,0.60899,31.2547333,75.7055717,1.293,193.63
39.234,0.61305,3.23700,6.37200,-0.41855,0.19759,-0.55646,31.2547217,75.7055683,1.289,205.89
39.343,-0.23100,3.93105,5.99805,-0.12031,-0.19236,-0.34774,31.2547217,75.7055683,1.289,205.89
39.451,-1.88100,4.63500,12.76905,0.42721,0.62466,0.23292,31.2547217,75.7055683,1.289,205.89
39.564,0.92205,4.89600,12.16800,0.73081,0.11124,0.26276,31.2547217,75.7055683,1.289,205.89
39.671,-0.09900,4.10100,7.68795,0.20776,-0.48001,0.77192,31.2547217,75.7055683,1.289,205.89
39.779,0.23700,2.11905,7.28400,-0.24379,-0.05486,0.48427,31.2547217,75.7055683,1.289,205.89
39.887,2.01405,2.43300,5.23200,-0.12348,-0.62054,0.31817,31.2547217,75.7055683,1.289,205.89
39.995,0.51195,2.29905,10.33395,-0.51012,-0.49486,-0.12183,31.2547217,75.7055683,1.289,205.89
40.102,3.32595,4.11795,12.17295,-1.78956,0.24544,-0.85896,31.2547217,75.7055683,1.289,205.89
40.211,3.59100,2.55195,12.73500,0.40590,0.02172,-0.17614,31.2547067,75.7055633,1.366,181.36
40.318,1.43400,2.41605,5.28705,0.28875,0.33495,-0.98464,31.2547067,75.7055633,1.366,181.36
40.422,-0.74805,2.78895,6.02700,-0.28325,-0.42886,-0.90901,31.2547067,75.7055633,1.366,181.36
40.530,-1.50495,4.02195,10.94895,-0.04785,0.01320,-0.11756,31.2547067,75.7055633,1.366,181.36
40.635,0.20100,4.75005,12.64695,0.71170,0.55976,0.53543,31.2547067,75.7055633,1.366,181.36
40.740,0.17700,4.05795,10.72395,0.76917,0.26579,0.62700,31.2547067,75.7055633,1.366,181.36
40.846,0.77595,2.02095,9.73095,0.00220,0.57571,0.04111,31.2547067,75.7055633,1.366,181.36
40.954,0.97005,2.31795,3.08700,0.84274,0.20391,0.68778,31.2547067,75.7055633,1.366,181.36
41.061,0.69900,2.60700,5.53095,-0.54642,-0.13585,-0.23898,31.2547067,75.7055633,1.366,181.36
41.169,2.28405,4.54695,12.20400,-0.41429,-0.68558,-0.07288,31.2546967,75.7055617,1.390,179.96
41.277,2.56200,2.88495,16.76205,-1.00238,-0.14231,-1.14345,31.2546967,75.7055617,1.390,179.96
41.385,3.17700,1.98195,7.42305,-0.38019,-0.24241,-1.52900,31.2546967,75.7055617,1.390,179.96
41.493,-0.99705,2.61495,3.92205,-0.27899,-0.35324,-1.25950,31.2546967,75.7055617,1.390,179.96
41.601,-1.58400,3.22695,10.73100,-0.52608,-0.68131,-0.35626,31.2546967,75.7055617,1.390,179.96
41.708,-0.23100,5.09295,15.17505,-0.17036,0.09419,0.43106,31.2546967,75.7055617,1.390,179.96
41.817,0.02400,2.13105,10.81995,0.95562,1.15101,0.96470,31.2546967,75.7055617,1.390,179.96
41.925,1.44105,1.71195,7.41105,0.52415,0.07824,1.05848,31.2546967,75.7055617,1.390,179.96
42.032,1.64700,2.05695,3.50805,0.72022,-0.34251,0.89017,31.2546967,75.7055617,1.390,179.96
42.136,1.81005,2.45895,8.74200,-1.01612,-0.73672,0.10821,31.2546867,75.7055600,1.377,178.25
42.240,1.17795,3.05295,11.24895,-0.54642,0.66522,0.06463,31.2546867,75.7055600,1.377,178.25
42.344,0.02205,3.02895,17.11695,-0.93308,0.73865,0.24887,31.2546867,75.7055600,1.377,178.25
42.448,6.25395,4.23300,7.83705,1.13465,-0.75047,0.51727,31.2546867,75.7055600,1.377,178.25
42.556,1.33095,3.00000,4.85595,0.35695,0.41374,-0.73329,31.2546867,75.7055600,1.377,178.25
42.663,0.84000,3.16305,7.09200,-0.25767,-0.30841,-0.73645,31.2546867,75.7055600,1.377,178.25
42.769,0.67500,3.52395,10.93695,0.01072,-0.41291,-0.05046,31.2546867,75.7055600,1.377,178.25
42.885,-0.69105,4.17600,11.38695,-0.81593,0.54381,0.18714,31.2546867,75.7055600,1.377,178.25
42.993,-0.37500,2.71500,13.25505,-0.49637,-1.14895,1.00842,31.2546867,75.7055600,1.377,178.25
43.101,0.95805,2.16900,6.52695,1.34764,-0.04964,1.47812,31.2546867,75.7055600,1.377,178.25
43.209,2.14095,2.95500,5.99295,0.44536,-0.45017,0.31707,31.2546750,75.7055583,1.371,189.28
43.317,2.11200,2.63595,9.82605,-0.59331,0.42763,-0.27417,31.2546750,75.7055583,1.371,189.28
43.424,3.02895,3.32595,11.85705,-0.93308,0.81537,-0.24324,31.2546750,75.7055583,1.371,189.28
43.531,2.34900,3.27300,10.41300,-0.27266,-0.11137,-0.31680,31.2546750,75.7055583,1.371,189.28
43.640,0.72795,2.52105,7.64100,-0.11921,0.63965,-0.41058,31.2546750,75.7055583,1.371,189.28
43.747,0.30900,2.79600,7.69095,-0.12457,0.10917,-0.54904,31.2546750,75.7055583,1.371,189.28
43.856,-0.44895,3.48105,10.50900,-0.20130,-0.16142,0.22440,31.2546750,75.7055583,1.371,189.28
43.980,0.15600,2.20800,12.89805,0.13750,-0.45870,-0.11220,31.2546750,75.7055583,1.371,189.28
44.085,-1.19400,2.80395,8.86200,0.17050,-0.07521,0.73040,31.2546750,75.7055583,1.371,189.28
44.188,-0.32700,1.95900,8.17200,0.55825,-0.30635,0.89444,31.2546650,75.7055533,1.383,197.33
44.296,1.80795,2.61495,5.75205,0.74470,-0.61531,0.78155,31.2546650,75.7055533,1.383,197.33
44.404,2.10900,3.50805,8.17200,-0.73384,-0.08044,-0.11124,31.2546650,75.7055533,1.383,197.33
44.509,3.75405,2.65305,14.78505,-1.51470,0.00467,-0.60115,31.2546650,75.7055533,1.383,197.33
44.615,3.29505,2.61195,10.22100,0.45925,-0.05390,0.27871,31.2546650,75.7055533,1.383,197.33
44.724,1.36995,2.65005,5.00205,-0.15441,0.21890,-0.57461,31.2546650,75.7055533,1.383,197.33
44.832,0.49995,2.90700,7.11900,-0.27692,-0.24131,-0.51494,31.2546650,75.7055533,1.383,197.33
44.941,-0.99000,3.34500,11.89005,-0.04785,0.73439,-0.09515,31.2546650,75.7055533,1.383,197.33
45.049,0.05295,3.16995,14.62200,-0.33866,-0.09006,0.23182,31.2546650,75.7055533,1.383,197.33
45.156,-0.03000,2.00895,9.04605,0.44536,0.03025,0.97322,31.2546550,75.7055467,1.379,192.17
45.262,0.47205,1.61595,8.07105,0.30264,-0.27431,1.07016,31.2546550,75.7055467,1.379,192.17
45.371,1.55595,2.18100,7.60005,0.41016,-0.33935,0.71445,31.2546550,75.7055467,1.379,192.17
45.479,1.19205,1.51095,10.69800,0.09377,0.48840,0.22124,31.2546550,75.7055467,1.379,192.17
45.587,3.19395,1.79595,9.97200,-0.26084,0.34567,-0.59056,31.2546550,75.7055467,1.379,192.17
45.694,2.57595,0.89805,11.82300,0.05555,0.01746,-0.34444,31.2546550,75.7055467,1.379,192.17
45.802,1.02195,2.13300,6.67800,-0.02118,0.31680,-0.54478,31.2546550,75.7055467,1.379,192.17
45.907,1.09395,3.25605,4.94895,-0.26510,0.15070,-0.95810,31.2546550,75.7055467,1.379,192.17
46.013,-1.69905,2.09505,12.50100,-0.35778,0.46393,-0.78870,31.2546550,75.7055467,1.379,192.17
46.119,-0.24600,3.81900,12.27105,0.44000,-0.12210,0.08057,31.2546550,75.7055467,1.379,192.17
46.227,-2.12505,2.52405,10.80795,0.52209,0.46599,0.43216,31.2546450,75.7055450,1.372,190.32
46.335,-0.08505,1.99395,9.47895,0.06724,-0.42776,0.37139,31.2546450,75.7055450,1.372,190.32
46.438,0.34200,1.78095,7.01100,0.53061,-0.17738,0.62810,31.2546450,75.7055450,1.372,190.32
46.541,1.11795,2.04495,7.17405,0.12471,-0.27225,0.11468,31.2546450,75.7055450,1.372,190.32
46.647,1.02495,1.93200,9.91305,-0.11605,-0.13159,-0.00357,31.2546450,75.7055450,1.372,190.32
46.762,1.58295,1.37205,14.76105,-1.40717,0.48414,-0.81318,31.2546450,75.7055450,1.372,190.32
46.868,2.73705,2.32500,9.52695,0.15771,-0.22963,-0.26881,31.2546450,75.7055450,1.372,190.32
46.975,0.69900,3.03600,4.84395,0.28133,-0.21051,-0.37648,31.2546450,75.7055450,1.372,190.32
47.080,0.90300,3.12000,9.40500,-0.56018,-0.91355,-0.61298,31.2546450,75.7055450,1.372,190.32
47.188,1.03200,3.61995,13.28595,0.46667,0.45966,0.20941,31.2546350,75.7055400,1.333,188.93
47.305,-0.29595,1.28805,11.23695,1.08886,1.09560,0.36713,31.2546350,75.7055400,1.333,188.93
47.412,0.95295,1.43895,9.19395,0.08003,-0.22110,0.35008,31.2546350,75.7055400,1.333,188.93
47.520,0.73995,2.14005,6.06000,0.43904,0.22523,0.57695,31.2546350,75.7055400,1.333,188.93
47.627,0.58200,2.51595,6.90105,-0.07452,0.03561,-0.07384,31.2546350,75.7055400,1.333,188.93
47.735,0.08895,3.01005,10.23300,-0.44729,0.17517,0.07315,31.2546350,75.7055400,1.333,188.93
47.857,1.56405,0.41400,15.43605,-1.43165,-0.03891,-0.56499,31.2546350,75.7055400,1.333,188.93
47.964,2.99295,1.89105,9.58500,0.12788,-0.12306,0.02516,31.2546350,75.7055400,1.333,188.93
48.071,0.04305,2.32500,5.48595,0.30154,-0.43202,0.04111,31.2546350,75.7055400,1.333,188.93
48.179,2.36595,2.96595,8.96895,0.11412,-0.49913,0.19236,31.2546317,75.7055300,0.000,188.93
48.286,2.08305,4.17795,11.71995,0.08855,0.67375,0.04538,31.2546317,75.7055300,0.000,188.93
48.418,0.01695,2.85900,14.42805,0.48056,0.30195,0.59084,31.2546317,75.7055300,0.000,188.93
48.526,1.62300,2.90895,10.28100,0.76395,-0.81235,0.95095,31.2546317,75.7055300,0.000,188.93
48.634,0.19200,1.86000,5.98905,1.10687,0.14108,0.60789,31.2546317,75.7055300,0.000,188.93
48.741,1.95105,1.73295,4.72005,0.16624,-0.28504,-0.02805,31.2546317,75.7055300,0.000,188.93
48.848,2.72895,2.20995,10.69095,-0.68063,0.11234,-0.48290,31.2546317,75.7055300,0.000,188.93
48.955,3.78795,2.63805,16.17795,-2.06016,0.44261,-1.14978,31.2546317,75.7055300,0.000,188.93
49.063,3.03405,2.95005,9.62295,0.61586,0.32010,-0.22412,31.2546317,75.7055300,0.000,188.93
49.169,-0.11595,2.99805,6.56100,0.46351,0.65244,-0.46695,31.2546250,75.7055217,1.245,200.91
49.274,0.21105,4.16100,6.81900,0.27816,-0.45540,-0.33495,31.2546250,75.7055217,1.245,200.91
49.382,-0.25305,4.89405,11.17005,0.24833,-0.24131,0.03052,31.2546250,75.7055217,1.245,200.91
49.490,0.43800,4.30695,12.74700,-0.23953,-0.44055,0.27129,31.2546250,75.7055217,1.245,200.91
49.597,0.40695,3.86205,8.66295,-0.06600,-0.31378,0.77509,31.2546250,75.7055217,1.245,200.91
49.702,-0.06600,2.42295,7.36500,-0.00316,0.19332,0.85071,31.2546250,75.7055217,1.245,200.91
49.809,0.64200,3.03600,6.19200,0.03314,-0.27858,0.41827,31.2546250,75.7055217,1.245,200.91
49.917,0.72105,2.95905,8.89500,-0.40892,-0.13805,0.12320,31.2546250,75.7055217,1.245,200.91
50.025,2.67705,1.10100,16.06605,-2.62254,0.24654,-0.86542,31.2546250,75.7055217,1.245,200.91
50.134,4.63995,2.61900,9.73095,0.96951,0.18576,0.90406,31.2546250,75.7055217,1.245,200.91
50.243,0.16305,1.95900,6.95295,0.01719,0.12196,-0.58204,31.2546150,75.7055150,1.166,200.43
50.351,0.74895,2.71500,8.07405,-0.22674,-0.55344,-0.43079,31.2546150,75.7055150,1.166,200.43
50.459,0.54405,3.74700,10.65000,0.13544,0.05486,-0.11220,31.2546150,75.7055150,1.166,200.43
50.567,0.22995,4.29795,12.21795,-0.02338,-0.27005,-0.00577,31.2546150,75.7055150,1.166,200.43
50.674,0.18405,2.98095,11.02800,0.41772,-0.38624,0.69204,31.2546150,75.7055150,1.166,200.43
50.782,0.16995,1.83900,7.61400,0.05335,0.09735,0.47369,31.2546150,75.7055150,1.166,200.43
50.889,1.11600,2.04495,6.39300,0.49761,-0.44055,0.53116,31.2546150,75.7055150,1.166,200.43
50.997,0.34500,1.71195,8.86200,-0.12980,0.01114,0.02516,31.2546150,75.7055150,1.166,200.43
51.105,5.01795,2.67405,12.47895,-1.78104,0.10917,-0.34238,31.2546150,75.7055150,1.166,200.43
51.211,3.79995,2.59500,11.66505,0.59029,0.32106,0.68351,31.2546067,75.7055117,1.122,183.54
51.318,1.75995,2.61705,5.86605,0.07686,0.20927,-0.91231,31.2546067,75.7055117,1.122,183.54
51.420,0.57000,2.55705,6.14700,0.16418,-0.27541,-0.84301,31.2546067,75.7055117,1.122,183.54
51.522,-0.39900,3.12705,10.56900,0.04702,0.20391,-0.47231,31.2546067,75.7055117,1.122,183.54
51.624,0.38805,4.38600,12.54900,0.30154,-0.14327,0.20515,31.2546067,75.7055117,1.122,183.54
51.735,-1.48605,3.79695,8.94105,0.70524,0.44784,0.71761,31.2546067,75.7055117,1.122,183.54
51.840,-0.21000,2.61900,10.37700,0.00220,-0.38624,0.74745,31.2546067,75.7055117,1.122,183.54
51.945,0.64905,2.72895,6.15900,0.54546,0.19649,1.02121,31.2546067,75.7055117,1.122,183.54
52.053,0.78795,2.56905,6.78300,0.23237,0.00577,0.21161,31.2546067,75.7055117,1.122,183.54
52.161,1.40805,2.27700,9.24195,-0.87230,0.42446,-0.36795,31.2545983,75.7055100,0.000,183.54
52.276,3.15795,2.96400,16.61205,-1.29209,0.06435,-0.52662,31.2545983,75.7055100,0.000,183.54
52.383,3.90495,3.31395,9.55095,0.36658,-0.38307,-0.68214,31.2545983,75.7055100,0.000,183.54
52.489,0.45000,2.31000,6.27600,0.36547,-0.00385,-1.10082,31.2545983,75.7055100,0.000,183.54
52.597,-0.44700,2.86800,7.86300,0.00646,-0.23073,-1.08584,31.2545983,75.7055100,0.000,183.54
52.705,-1.58100,3.87600,11.13105,0.24090,-0.01334,-0.14534,31.2545983,75.7055100,0.000,183.54
52.810,-1.19805,3.82800,12.23295,-0.03712,0.21464,-0.02709,31.2545983,75.7055100,0.000,183.54
52.915,-0.16395,3.21300,10.90095,0.26111,-0.51727,0.48854,31.2545983,75.7055100,0.000,183.54
53.024,0.22800,2.22705,7.28895,0.46035,0.19222,0.74209,31.2545983,75.7055100,0.000,183.54
53.132,1.35000,2.80095,5.92095,0.10560,-0.28820,0.27871,31.2545983,75.7055100,0.000,183.54
53.240,0.76905,2.68605,7.89000,-0.29714,-0.06022,-0.05046,31.2545900,75.7055083,0.000,183.54
53.347,2.50200,3.69195,11.38005,-1.11416,0.00577,-0.04194,31.2545900,75.7055083,0.000,183.54
53.454,1.81695,3.10095,12.33105,0.20886,-0.07191,-0.07604,31.2545900,75.7055083,0.000,183.54
53.562,1.09695,2.18805,7.01295,-0.05101,0.34664,-1.11471,31.2545900,75.7055083,0.000,183.54
53.670,0.73305,2.56905,5.71095,0.09488,-0.38514,-0.78127,31.2545900,75.7055083,0.000,183.54
53.777,0.03795,2.82795,10.03200,-0.23320,-0.07617,-0.47547,31.2545900,75.7055083,0.000,183.54
53.882,0.58905,3.76605,12.66405,0.12898,0.10491,0.13172,31.2545900,75.7055083,0.000,183.54
53.990,-1.87605,2.58105,12.16095,0.59978,0.61091,0.48964,31.2545900,75.7055083,0.000,183.54
54.097,0.32595,1.89600,8.97600,0.47836,0.01746,0.82940,31.2545900,75.7055083,0.000,183.54
54.204,0.83100,2.29395,5.23200,0.62329,-0.26373,0.93390,31.2545833,75.7055050,1.017,182.22
54.313,1.22400,2.24295,6.68295,-0.01155,-0.18384,0.05280,31.2545833,75.7055050,1.017,182.22
54.416,1.96305,2.59800,9.93705,-0.92991,-0.10601,-0.16019,31.2545833,75.7055050,1.017,182.22
54.519,1.92000,2.01105,14.65995,-0.91919,0.65780,-0.18040,31.2545833,75.7055050,1.017,182.22
54.627,5.37705,2.77005,9.54600,0.07686,-0.23705,-0.38926,31.2545833,75.7055050,1.017,182.22
54.734,1.19205,2.12895,6.31695,0.06408,-0.03149,-1.05614,31.2545833,75.7055050,1.017,182.22
54.842,0.22005,2.61000,7.81500,-0.26414,-0.30745,-0.74607,31.2545833,75.7055050,1.017,182.22
54.949,0.46905,3.46905,12.51000,0.37510,0.21670,-0.01210,31.2545833,75.7055050,1.017,182.22
55.059,0.89805,3.25095,13.61205,-0.22151,0.00467,-0.27527,31.2545833,75.7055050,1.017,182.22
55.167,-0.18105,2.72700,8.89500,0.44000,-0.37029,0.81029,31.2545767,75.7055000,1.017,186.80
55.274,0.09795,1.63995,8.10300,0.46241,0.05376,0.66536,31.2545767,75.7055000,1.017,186.80
55.383,1.62300,2.02095,6.09405,0.50077,-0.25946,0.54189,31.2545767,75.7055000,1.017,186.80
55.490,1.14900,2.10195,7.41300,0.06408,0.06545,0.26276,31.2545767,75.7055000,1.017,186.80
55.600,2.77995,2.79900,10.69605,-1.18126,0.09309,0.18384,31.2545767,75.7055000,1.017,186.80
55.708,3.34200,2.73900,12.58905,-0.53996,0.29026,0.07205,31.2545767,75.7055000,1.017,186.80
55.815,2.53095,2.36595,7.98795,-0.06696,0.22839,-0.54588,31.2545767,75.7055000,1.017,186.80
55.922,1.57095,2.47605,6.72600,0.13434,-0.11248,-0.42652,31.2545767,75.7055000,1.017,186.80
56.029,1.44105,2.72505,9.37605,0.12898,-0.05912,-0.33701,31.2545767,75.7055000,1.017,186.80
56.138,2.43300,3.41700,12.32595,0.38473,-0.08896,0.05500,31.2545767,75.7055000,1.017,186.80
56.246,-0.27705,1.89105,12.85005,0.46461,0.73975,0.37249,31.2545633,75.7054817,1.037,214.29
56.353,1.73295,1.90095,9.24705,0.24612,0.06861,0.55357,31.2545633,75.7054817,1.037,214.29
56.460,1.60200,2.41095,6.17805,0.58382,-0.13901,0.62810,31.2545633,75.7054817,1.037,214.29
56.568,1.98495,2.08800,6.66600,0.23334,0.16981,0.13915,31.2545633,75.7054817,1.037,214.29
56.675,2.94705,2.70795,8.95305,-0.30030,-0.09749,0.22550,31.2545633,75.7054817,1.037,214.29
56.784,3.76605,1.40100,14.84700,-0.77440,0.37551,-0.25712,31.2545633,75.7054817,1.037,214.29
56.889,3.31095,2.60295,7.83405,-0.49101,0.36162,-0.41800,31.2545633,75.7054817,1.037,214.29
56.997,1.34805,2.79900,5.96505,0.18439,-0.06875,-0.29329,31.2545633,75.7054817,1.037,214.29
57.106,2.10000,2.37795,9.73995,-0.05844,-0.10711,-0.36685,31.2545633,75.7054817,1.037,214.29
57.214,2.02095,3.16305,11.36400,0.52209,-0.23499,0.00385,31.2545550,75.7054683,1.026,206.07
57.321,1.14195,2.66205,15.25605,-0.46970,0.22949,0.02200,31.2545550,75.7054683,1.026,206.07
57.425,2.36100,1.39605,11.70105,0.49541,-0.18067,0.37771,31.2545550,75.7054683,1.026,206.07
57.529,1.54200,1.86000,5.61495,0.84054,0.08030,0.65258,31.2545550,75.7054683,1.026,206.07
57.637,0.93405,1.89900,5.20305,0.42089,0.21134,0.21587,31.2545550,75.7054683,1.026,206.07
57.747,2.73900,3.26805,8.30595,-0.82871,-0.25410,0.26799,31.2545550,75.7054683,1.026,206.07
57.853,4.53000,1.86495,17.49705,-1.27820,-0.45540,-0.28696,31.2545550,75.7054683,1.026,206.07
57.960,5.66700,2.45205,8.80695,0.28559,-0.22330,-0.05899,31.2545550,75.7054683,1.026,206.07
58.069,1.22400,2.15505,5.72805,0.01292,0.86446,-0.58520,31.2545550,75.7054683,1.026,206.07
58.177,1.46295,2.40600,6.73605,-0.02970,-0.18384,-0.24227,31.2545467,75.7054633,1.048,203.36
58.284,3.07695,2.77305,11.75595,-0.16074,-0.10711,-0.10794,31.2545467,75.7054633,1.048,203.36
58.390,1.79595,2.73405,13.71900,-0.80094,-0.14121,-0.51494,31.2545467,75.7054633,1.048,203.36
58.497,1.80105,2.46405,11.61300,0.34732,-0.50765,0.27225,31.2545467,75.7054633,1.048,203.36
58.605,0.78795,1.79100,8.12895,0.75116,0.27005,0.34898,31.2545467,75.7054633,1.048,203.36
58.712,0.56505,2.44695,5.42595,0.45072,-0.02722,0.20419,31.2545467,75.7054633,1.048,203.36
58.820,0.87195,2.20995,6.29700,-0.10532,-0.06765,-0.04510,31.2545467,75.7054633,1.048,203.36
58.925,4.22595,2.82000,14.77500,-1.21536,-0.19346,-0.24117,31.2545467,75.7054633,1.048,203.36
59.030,3.45705,1.36695,14.27505,0.70854,0.68434,-0.11124,31.2545467,75.7054633,1.048,203.36
59.137,1.81305,2.04000,6.52500,0.16197,0.24338,-1.17851,31.2545467,75.7054633,1.048,203.36
59.240,-0.59505,2.26305,4.80600,0.47094,0.05060,-0.65560,31.2545383,75.7054533,1.089,200.64
59.343,-0.69300,3.42405,7.07295,0.05019,-0.46076,-0.12609,31.2545383,75.7054533,1.089,200.64
59.447,-0.72705,4.11300,11.70105,-0.59427,0.07934,0.20845,31.2545383,75.7054533,1.089,200.64
59.554,-0.09495,3.06900,16.04205,-0.12980,0.08030,0.58231,31.2545383,75.7054533,1.089,200.64
59.657,2.06595,2.78505,10.09005,0.69149,-0.23169,0.98821,31.2545383,75.7054533,1.089,200.64
59.764,0.18195,2.45400,5.96205,0.55399,0.12622,0.76230,31.2545383,75.7054533,1.089,200.64
59.873,0.96300,2.53095,5.50005,0.23760,-0.10285,0.49816,31.2545383,75.7054533,1.089,200.64
59.981,1.45800,2.37300,7.96395,-0.23430,-0.22963,0.30429,31.2545383,75.7054533,1.089,200.64
60.089,4.35000,3.21795,13.04895,-1.41996,-0.41607,-0.21134,31.2545383,75.7054533,1.089,200.64
60.196,5.08500,2.75295,10.02795,0.78416,0.12829,0.17435,31.2545283,75.7054433,1.082,201.99
60.301,1.60395,2.10495,6.97005,-0.36204,0.14327,-1.39906,31.2545283,75.7054433,1.082,201.99
60.409,0.72300,2.50005,6.22995,0.10876,-0.34471,-0.91974,31.2545283,75.7054433,1.082,201.99
60.517,0.97500,3.01695,10.47795,-0.23210,-0.26799,-0.52236,31.2545283,75.7054433,1.082,201.99
60.625,1.06605,4.98705,10.19295,0.07356,-0.40109,0.01127,31.2545283,75.7054433,1.082,201.99
60.733,-1.03605,2.63100,14.37105,0.13970,0.69603,0.12953,31.2545283,75.7054433,1.082,201.99
60.841,0.63495,1.78905,9.52005,0.78526,0.38074,1.12777,31.2545283,75.7054433,1.082,201.99
60.948,1.75695,1.87695,5.14095,1.16875,0.02929,1.40044,31.2545283,75.7054433,1.082,201.99
61.057,1.22100,2.26305,5.66805,0.07892,0.15276,0.35544,31.2545283,75.7054433,1.082,201.99
61.164,3.00000,3.42405,11.43495,-0.75831,-0.34361,0.17215,31.2545167,75.7054233,1.116,205.14
61.271,4.77405,1.85805,14.36100,-0.39187,0.41374,-0.27844,31.2545167,75.7054233,1.116,205.14
61.374,4.31400,2.87100,7.56195,0.15029,-0.11454,-0.40521,31.2545167,75.7054233,1.116,205.14
61.481,0.07005,2.47605,5.75205,-0.29714,0.83463,-0.86749,31.2545167,75.7054233,1.116,205.14
61.590,1.09695,3.22695,7.82505,-0.16074,-0.08896,-0.27527,31.2545167,75.7054233,1.116,205.14
61.698,-0.09495,4.38900,11.71095,-0.03286,0.03781,0.06352,31.2545167,75.7054233,1.116,205.14
61.806,1.38900,4.11795,15.24195,0.02461,-0.05596,0.24778,31.2545167,75.7054233,1.116,205.14
61.913,1.42005,3.06900,10.07505,0.79159,-0.10505,0.83270,31.2545167,75.7054233,1.116,205.14
62.016,1.50105,1.55205,8.93595,0.88963,0.18260,0.73576,31.2545167,75.7054233,1.116,205.14
62.123,0.65400,2.80800,3.57300,0.35915,0.00261,0.37565,31.2545167,75.7054233,1.116,205.14
62.243,0.81900,3.10305,6.73995,-0.41635,-0.10175,-0.22839,31.2545033,75.7054117,1.160,202.38
62.351,2.30295,3.23895,10.31505,-1.67131,-0.24447,-0.35943,31.2545033,75.7054117,1.160,202.38
62.455,2.04195,1.59495,15.41700,-0.60926,0.61091,-0.23045,31.2545033,75.7054117,1.160,202.38
62.563,2.21700,2.27205,7.52295,-0.00949,0.42763,-0.95590,31.2545033,75.7054117,1.160,202.38
62.671,0.19395,2.69805,6.33600,0.47314,-0.04111,-0.58204,31.2545033,75.7054117,1.160,202.38
62.782,1.03695,3.85695,8.66295,0.26427,-0.28078,-0.14314,31.2545033,75.7054117,1.160,202.38
62.888,0.52005,4.39800,11.51895,0.55193,-0.00385,0.31488,31.2545033,75.7054117,1.160,202.38
62.996,-0.90600,3.86895,10.73400,0.62219,0.67581,0.41717,31.2545033,75.7054117,1.160,202.38
63.104,1.25700,2.94000,9.63300,0.43051,-0.08896,0.43532,31.2545033,75.7054117,1.160,202.38
63.210,-0.47505,2.46105,4.91100,0.75213,0.60239,0.06559,31.2544883,75.7053950,1.239,201.45
63.319,0.44100,2.97600,6.01995,0.36864,-0.18590,0.38844,31.2544883,75.7053950,1.239,201.45
63.427,0.98400,3.59100,7.93500,-0.49527,0.07934,0.09969,31.2544883,75.7053950,1.239,201.45
63.533,3.06195,3.38805,13.69500,-1.81624,-0.62700,-0.42432,31.2544883,75.7053950,1.239,201.45
63.637,4.32405,3.94305,12.57495,-0.59854,-0.86130,-0.24750,,,,
63.740,1.55205,3.38100,7.46295,0.35585,0.18906,-0.44247,,,,
63.847,1.62105,3.50805,6.58500,0.25259,-0.35530,-0.65340,,,,
63.954,0.23700,4.36695,10.06095,-0.01265,0.04840,-0.18260,,,,
64.062,1.60395,5.01600,12.58005,0.05129,-0.04111,0.20845,,,,
64.168,0.79695,3.90495,9.89295,0.06297,0.01856,0.28834,31.2544750,75.7053833,1.289,209.20
64.276,-0.51600,2.11905,9.10605,-0.23004,0.45966,0.19456,31.2544750,75.7053833,1.289,209.20
64.384,0.98700,2.68200,4.65300,0.31006,-0.41387,0.71445,31.2544750,75.7053833,1.289,209.20
64.491,0.53205,2.81295,9.34500,-0.10436,-0.19346,0.22646,31.2544750,75.7053833,1.289,209.20
64.595,3.21105,3.90000,11.43495,-0.62205,0.58314,0.21904,31.2544750,75.7053833,1.289,209.20
64.700,1.71900,1.97505,9.93900,0.53171,0.71637,0.57063,31.2544750,75.7053833,1.289,209.20
64.809,0.90300,2.49000,8.45895,-0.15111,-0.01334,-0.33275,31.2544750,75.7053833,1.289,209.20
64.917,0.56805,3.19605,6.33300,0.17696,-0.30209,-0.21560,31.2544750,75.7053833,1.289,209.20
65.025,0.54105,3.50505,10.77900,-0.71473,-0.20199,-0.00467,31.2544750,75.7053833,1.289,209.20
65.131,1.44105,4.02705,10.46295,0.53487,0.48730,0.18920,31.2544750,75.7053833,1.289,209.20
65.239,-0.38700,3.13605,10.00095,-0.11701,-0.27431,0.30429,31.2544600,75.7053667,1.394,207.95
65.347,-0.26895,2.09505,10.53000,-0.27472,0.02172,0.38418,31.2544600,75.7053667,1.394,207.95
65.455,1.03200,2.47800,5.89005,-0.07232,-0.18700,0.46406,31.2544600,75.7053667,1.394,207.95
65.568,0.01005,2.64105,7.21200,-0.32161,-0.21147,0.06559,31.2544600,75.7053667,1.394,207.95
65.677,0.66600,2.79600,10.18995,0.00220,-0.38197,0.21161,31.2544600,75.7053667,1.394,207.95
65.782,2.77500,0.30705,18.78600,-1.18346,0.33289,-0.75460,31.2544600,75.7053667,1.394,207.95
65.890,4.33605,2.43495,7.87800,0.10024,0.08030,-0.29122,31.2544600,75.7053667,1.394,207.95
65.995,1.30005,2.55705,6.55800,0.17902,0.12403,-0.82060,31.2544600,75.7053667,1.394,207.95
66.116,0.97695,3.16995,9.48195,0.09488,-0.24557,-0.47341,31.2544600,75.7053667,1.394,207.95
66.220,0.01395,3.89295,11.79000,0.31226,0.00577,0.03905,31.2544483,75.7053517,1.394,206.60
66.323,-0.44400,3.04095,11.68005,0.41126,0.18150,0.29356,31.2544483,75.7053517,1.394,206.60
66.430,1.31505,2.49705,10.40295,-0.15868,-0.42144,0.42144,31.2544483,75.7053517,1.394,206.60
66.538,0.44100,1.95105,7.70505,0.40810,0.35736,0.74002,31.2544483,75.7053517,1.394,206.60
66.646,1.66200,2.93505,6.32595,-0.04785,-0.14754,0.05500,31.2544483,75.7053517,1.394,206.60
66.755,2.27205,2.38005,9.06000,-0.06696,-0.38307,0.04428,31.2544483,75.7053517,1.394,206.60
66.857,4.17795,2.31795,13.67205,-1.72783,0.04524,-0.55866,31.2544483,75.7053517,1.394,206.60
66.965,4.86300,2.87295,9.14595,0.26001,-0.70372,0.04758,31.2544483,75.7053517,1.394,206.60
67.072,0.90000,2.50395,6.71895,-0.44096,0.25616,-1.20835,31.2544483,75.7053517,1.394,206.60
67.180,0.44295,2.61195,6.93195,-0.23856,-0.19016,-0.76423,31.2544333,75.7053400,1.439,210.38
67.288,0.00000,2.90205,11.62200,0.12471,-0.05390,-0.03135,31.2544333,75.7053400,1.439,210.38
67.396,1.67595,3.42900,12.84795,0.21422,0.00151,0.13283,31.2544333,75.7053400,1.439,210.38
67.504,0.10095,2.56905,10.46805,0.19071,-0.25410,0.54615,31.2544333,75.7053400,1.439,210.38
67.610,0.86400,1.91295,8.11500,0.53487,0.08566,0.67925,31.2544333,75.7053400,1.439,210.38
67.714,1.85100,2.38200,5.56500,0.59551,-0.41717,0.46613,31.2544333,75.7053400,1.439,210.38
67.821,0.98205,2.19795,7.19505,0.06297,0.03781,0.12953,31.2544333,75.7053400,1.439,210.38
67.930,2.82795,2.05695,10.05900,-1.51690,-0.10601,-0.09735,31.2544333,75.7053400,1.439,210.38
68.036,3.56700,1.51605,13.89195,-0.79777,0.75474,-0.37111,31.2544333,75.7053400,1.439,210.38
68.142,2.14995,2.01600,8.36805,0.37400,0.33921,-0.49046,31.2544217,75.7053283,1.462,210.01
68.250,1.01805,2.26305,6.64500,0.03094,-0.00811,-0.61298,31.2544217,75.7053283,1.462,210.01
68.357,1.00095,2.37000,9.03405,-0.20446,-0.02406,-0.20391,31.2544217,75.7053283,1.462,210.01
68.466,1.43895,2.92800,11.97405,0.50930,-0.23279,0.41511,31.2544217,75.7053283,1.462,210.01
68.574,-0.24600,1.93695,13.41300,-0.14905,0.78127,0.15194,31.2544217,75.7053283,1.462,210.01
68.681,1.40505,1.78395,10.32705,0.53171,-0.41291,0.98821,31.2544217,75.7053283,1.462,210.01
68.787,1.44405,1.94400,7.05195,1.01104,0.02502,0.84865,31.2544217,75.7053283,1.462,210.01
68.893,1.39395,2.03505,6.40500,0.09914,-0.01870,0.13709,31.2544217,75.7053283,1.462,210.01
69.001,1.27605,1.78905,9.33795,-0.19910,0.44041,0.13172,31.2544217,75.7053283,1.462,210.01
69.109,4.10595,2.31495,13.77195,-1.75010,0.02076,-0.51494,31.2544217,75.7053283,1.462,210.01
69.213,4.94205,2.43495,10.34805,0.22165,-0.13805,0.28834,31.2544100,75.7053183,1.414,213.22
69.319,1.12095,2.75295,5.97705,0.04702,0.30731,-0.64061,31.2544100,75.7053183,1.414,213.22
69.445,0.84795,2.78895,8.74905,-0.08511,-0.29136,-0.58204,31.2544100,75.7053183,1.414,213.22
69.553,0.27495,3.40200,10.77705,0.38679,0.13475,-0.07177,31.2544100,75.7053183,1.414,213.22
69.661,1.21200,2.87295,14.26500,-0.10216,-0.68764,-0.16555,31.2544100,75.7053183,1.414,213.22
69.765,0.46200,2.58600,9.77895,-0.02654,-0.28187,0.39586,31.2544100,75.7053183,1.414,213.22
69.869,0.64905,2.07300,7.31505,0.00014,-0.12732,0.47685,31.2544100,75.7053183,1.414,213.22
69.993,0.96495,2.07300,7.64100,0.14713,-0.07301,0.24571,31.2544100,75.7053183,1.414,213.22
70.096,1.17300,2.20800,9.97200,0.08539,0.01224,0.04111,31.2544100,75.7053183,1.414,213.22
70.199,3.71400,3.15300,10.88895,-0.78389,0.18796,-0.42006,31.2544017,75.7053117,1.422,207.77
70.301,3.28995,2.44200,11.42100,-0.03712,-0.20199,-0.01100,31.2544017,75.7053117,1.422,207.77
70.404,1.24995,2.57595,6.90795,0.08635,0.38184,-0.60871,31.2544017,75.7053117,1.422,207.77
70.506,0.72600,2.77500,5.63400,0.14286,-0.25946,-0.59056,31.2544017,75.7053117,1.422,207.77
70.609,0.25395,2.72895,10.64805,-0.07452,-0.35530,-0.35516,31.2544017,75.7053117,1.422,207.77
70.717,0.91500,3.88305,12.25905,0.32175,0.06861,0.27555,31.2544017,75.7053117,1.422,207.77
70.825,-0.62595,2.89200,10.99500,0.25039,0.81221,0.16582,31.2544017,75.7053117,1.422,207.77
70.929,0.10305,1.74495,11.53605,0.24296,-0.63332,0.54395,31.2544017,75.7053117,1.422,207.77
71.035,0.98700,2.34900,6.49800,1.04198,0.12086,1.15335,31.2544017,75.7053117,1.422,207.77
71.143,1.55400,2.39700,6.94395,0.31543,-0.07191,0.38418,31.2544017,75.7053117,1.422,207.77
71.251,1.45605,2.55900,8.18400,0.15565,0.00797,0.10821,31.2543917,75.7053033,1.454,213.94
71.359,4.13700,2.46405,16.21695,-1.83329,0.30195,-0.55220,31.2543917,75.7053033,1.454,213.94
71.467,4.96995,3.72495,9.07905,-0.12031,-0.04538,-0.18892,31.2543917,75.7053033,1.454,213.94
71.575,1.76205,3.38505,5.96505,0.05019,-0.22000,-0.51810,31.2543917,75.7053033,1.454,213.94
71.681,0.88095,3.13605,9.39300,0.04276,-0.31488,-0.44467,31.2543917,75.7053033,1.454,213.94
71.789,0.86400,4.38600,10.34100,0.66275,0.22633,0.20735,31.2543917,75.7053033,1.454,213.94
71.897,1.38600,4.42695,14.93295,-0.23430,-0.31694,-0.25176,31.2543917,75.7053033,1.454,213.94
72.005,-0.32505,3.40500,10.93005,0.24090,-0.13695,0.47891,31.2543917,75.7053033,1.454,213.94
72.113,0.18000,2.56395,6.31395,0.37936,0.37331,0.63456,31.2543917,75.7053033,1.454,213.94
72.220,1.15395,2.80605,5.17005,0.18329,-0.37771,0.65258,31.2543783,75.7052917,1.452,185.77
72.324,0.40200,2.43495,9.79095,-0.87134,0.79833,0.19772,31.2543783,75.7052917,1.452,185.77
72.430,2.73900,3.60795,13.69995,-1.04390,-0.04208,0.23182,31.2543783,75.7052917,1.452,185.77
72.537,4.55100,4.00095,11.30100,0.24296,-0.41717,0.54395,31.2543783,75.7052917,1.452,185.77
72.645,1.48695,3.18900,6.90600,-0.09048,0.16349,-0.58520,31.2543783,75.7052917,1.452,185.77
72.753,1.20195,3.48795,4.78905,0.39847,-0.78567,-0.12292,31.2543783,75.7052917,1.452,185.77
72.861,1.41705,4.85805,10.97595,-0.40150,-0.04744,0.01457,31.2543783,75.7052917,1.452,185.77
72.969,1.79595,5.94705,11.77305,0.09804,0.31047,0.19566,31.2543783,75.7052917,1.452,185.77
73.078,1.07505,4.91100,10.39395,0.50504,-0.34251,0.55880,31.2543783,75.7052917,1.452,185.77
73.185,0.90705,2.83695,6.75900,0.19291,0.44151,0.06352,31.2543683,75.7052883,1.417,185.51
73.292,1.34595,2.66205,4.90605,0.43367,-0.13379,0.26373,31.2543683,75.7052883,1.417,185.51
73.399,2.19105,2.29395,7.00395,-0.08195,-0.23705,-0.19319,31.2543683,75.7052883,1.417,185.51
73.502,3.73500,2.77005,8.10300,-1.14290,0.51288,-0.02379,31.2543683,75.7052883,1.417,185.51
73.609,1.96800,1.88400,13.64805,-0.90214,0.40205,-0.41800,31.2543683,75.7052883,1.417,185.51
73.717,3.41700,3.09795,6.91305,0.11619,-0.25204,-0.66729,31.2543683,75.7052883,1.417,185.51
73.825,2.00400,2.53305,6.53895,-0.32051,-0.14658,-1.16682,31.2543683,75.7052883,1.417,185.51
73.931,3.61800,3.68700,10.36500,-0.04359,-0.39476,-0.72050,31.2543683,75.7052883,1.417,185.51
74.041,2.71005,4.65405,11.77305,0.44853,-0.48854,-0.34870,31.2543683,75.7052883,1.417,185.51
74.148,-0.53505,2.51895,12.94800,0.47410,0.45114,-0.17614,31.2543600,75.7052767,1.340,188.69
74.255,1.51305,2.36595,8.83005,0.79805,0.07714,0.44275,31.2543600,75.7052767,1.340,188.69
74.361,1.38195,2.40405,5.47905,1.16023,0.47987,0.83793,31.2543600,75.7052767,1.340,188.69
74.469,1.33395,2.51895,6.08400,0.13970,0.39036,0.36396,31.2543600,75.7052767,1.340,188.69
74.577,2.64105,2.53605,8.88600,-0.48785,0.02282,0.45334,31.2543600,75.7052767,1.340,188.69
74.684,4.07700,2.95005,15.65400,-1.71174,0.42652,-0.24117,31.2543600,75.7052767,1.340,188.69
74.791,6.10500,3.06000,9.56295,-0.01801,0.11866,-0.20914,31.2543600,75.7052767,1.340,188.69
74.898,1.51095,2.64600,5.58900,0.03850,0.32106,-1.12640,31.2543600,75.7052767,1.340,188.69
75.006,0.55605,2.55705,7.48995,-0.26510,-0.32120,-0.90475,31.2543600,75.7052767,1.340,188.69
75.114,-0.15195,3.31395,12.42405,-0.13736,-0.26799,-0.09419,31.2543600,75.7052767,1.340,188.69
75.218,0.67500,3.49305,13.46100,-0.36740,-0.21904,0.03259,31.2543533,75.7052733,1.207,190.24
75.322,0.30900,2.62395,12.43605,0.03314,-0.30525,0.73576,31.2543533,75.7052733,1.207,190.24
75.429,0.66795,1.56300,7.60500,1.11966,0.45746,1.20340,31.2543533,75.7052733,1.207,190.24
75.537,1.43700,2.45895,6.05100,0.80437,-0.49170,0.85814,31.2543533,75.7052733,1.207,190.24
75.645,1.49595,2.28900,7.17405,0.08635,0.35090,0.12746,31.2543533,75.7052733,1.207,190.24
75.750,1.93005,2.75595,9.78300,-1.07044,0.42763,-0.08236,31.2543533,75.7052733,1.207,190.24
75.858,3.34005,2.39400,13.64295,-0.70304,-0.20831,-0.37221,31.2543533,75.7052733,1.207,190.24
75.966,2.42295,2.46795,8.30595,-0.05748,0.42130,-0.64061,31.2543533,75.7052733,1.207,190.24
76.075,1.36995,2.46105,5.96700,0.17806,0.03245,-0.54258,31.2543533,75.7052733,1.207,190.24
76.182,0.35400,2.76105,9.45105,0.03850,0.04304,-0.26139,31.2543467,75.7052667,1.176,189.74
76.290,1.48200,3.28305,13.72905,0.66798,-0.42144,0.28930,31.2543467,75.7052667,1.176,189.74
76.399,-0.76305,3.22305,10.23795,0.65519,0.83559,0.42144,31.2543467,75.7052667,1.176,189.74
76.504,1.25895,2.24295,10.72200,0.27390,-0.03781,0.65478,31.2543467,75.7052667,1.176,189.74
76.627,0.81900,2.48295,4.81500,0.72765,-0.11137,0.94133,31.2543467,75.7052667,1.176,189.74
76.735,1.48500,2.47305,7.69800,0.27280,0.14960,0.14135,31.2543467,75.7052667,1.176,189.74
76.844,1.30005,2.74905,8.21805,-0.51342,0.42652,0.17751,31.2543467,75.7052667,1.176,189.74
76.951,6.60795,1.56300,17.01405,-1.59142,-1.12448,-0.51494,31.2543467,75.7052667,1.176,189.74
77.059,4.12305,2.76300,8.00700,0.05019,0.11976,-0.56815,31.2543467,75.7052667,1.176,189.74
77.171,1.23795,2.47605,6.69195,0.11192,0.02502,-1.05187,31.2543367,75.7052617,1.148,195.83
77.279,0.80700,2.86605,8.06895,-0.29287,-0.24131,-0.87918,31.2543367,75.7052617,1.148,195.83
77.387,1.29495,3.77805,12.90300,0.23870,-0.45017,-0.36369,31.2543367,75.7052617,1.148,195.83
77.495,0.33495,1.94700,14.32800,0.45609,0.07191,-0.44137,31.2543367,75.7052617,1.148,195.83
77.603,-0.16605,1.89105,9.22095,0.24723,-0.06875,0.54931,31.2543367,75.7052617,1.148,195.83
77.724,1.35795,1.96995,6.80700,0.69575,0.29549,0.68668,31.2543367,75.7052617,1.148,195.83
77.832,-0.13305,1.75695,5.62905,-0.05418,0.39036,0.30539,31.2543367,75.7052617,1.148,195.83
77.940,0.13395,1.08495,11.35395,-1.04390,0.26675,0.39476,31.2543367,75.7052617,1.148,195.83
78.047,2.59995,2.49495,16.73595,-0.87766,-0.38624,0.37675,31.2543367,75.7052617,1.148,195.83
78.157,7.26600,2.61705,8.85405,0.91616,-0.24447,-0.50215,31.2543367,75.7052617,1.148,195.83
78.279,0.54600,1.62300,5.61705,0.55193,0.36699,-1.03909,31.2543250,75.7052717,1.145,191.64
78.384,0.59595,2.47800,6.32100,-0.01485,-0.26799,-0.76106,31.2543250,75.7052717,1.145,191.64
78.493,0.02205,3.97695,10.55400,-0.48785,0.05582,-0.46062,31.2543250,75.7052717,1.145,191.64
78.601,1.25205,3.76905,15.57495,-0.51012,-0.18274,0.18384,31.2543250,75.7052717,1.145,191.64
78.709,0.82395,3.82800,9.49800,0.53377,-0.26263,1.10110,31.2543250,75.7052717,1.145,191.64
78.817,1.12500,2.46600,8.67195,0.56045,0.17944,0.66000,31.2543250,75.7052717,1.145,191.64
78.921,1.47300,2.67195,6.99195,0.49761,-0.03781,0.29893,31.2543250,75.7052717,1.145,191.64
79.025,1.15905,1.80105,7.76295,0.02668,0.14960,-0.23691,31.2543250,75.7052717,1.145,191.64
79.134,0.91200,2.69805,8.23200,-1.24410,0.60981,-0.06641,31.2543250,75.7052717,1.145,191.64
79.241,1.71195,2.68905,12.40995,0.26111,0.24227,0.62700,31.2543133,75.7052767,1.169,199.14
79.346,2.59995,2.72205,7.42005,0.17050,-0.13805,-0.74924,31.2543133,75.7052767,1.169,199.14
79.452,-0.13500,2.60505,6.97305,0.29521,-0.13695,-0.54684,31.2543133,75.7052767,1.169,199.14
79.559,0.32295,3.31095,9.75705,0.09804,0.21560,-0.32739,31.2543133,75.7052767,1.169,199.14
79.667,-0.19005,4.49595,10.97805,0.28352,0.13049,0.30319,31.2543133,75.7052767,1.169,199.14
79.774,-0.37200,3.31395,11.83800,0.61050,0.40521,0.48221,31.2543133,75.7052767,1.169,199.14
79.881,1.39395,2.45205,9.37395,0.07892,0.27211,0.17215,31.2543133,75.7052767,1.169,199.14
79.989,1.23300,2.38005,7.04895,1.06755,0.06435,0.94669,31.2543133,75.7052767,1.169,199.14
80.096,3.07200,2.88300,7.08495,0.43147,0.71211,-0.20061,31.2543133,75.7052767,1.169,199.14
80.204,1.09200,3.48105,9.04095,-0.02764,-0.04964,-0.78224,31.2543050,75.7052733,1.199,195.66
80.312,0.27105,4.48005,12.17805,-0.62631,-0.48854,-0.95590,31.2543050,75.7052733,1.199,195.66
80.418,2.81805,3.55500,9.15405,-0.20982,-0.66742,-0.99536,31.2543050,75.7052733,1.199,195.66
80.525,-0.72195,4.64700,6.70200,-0.07232,-0.47781,-1.30323,31.2543050,75.7052733,1.199,195.66
80.631,-0.52800,4.11795,9.76695,0.26964,-0.55990,-0.87821,31.2543050,75.7052733,1.199,195.66
80.739,0.95295,4.99905,7.44705,0.26427,-0.24778,-0.50325,31.2543050,75.7052733,1.199,195.66
80.846,-0.09900,5.45595,7.11105,-0.46117,0.62260,-0.48510,31.2543050,75.7052733,1.199,195.66
80.954,-0.78195,3.79200,11.51205,-0.35351,-0.12636,-0.11440,31.2543050,75.7052733,1.199,195.66
81.061,1.23300,3.00195,10.03200,0.36547,-0.08264,0.17105,31.2543050,75.7052733,1.199,195.66
81.167,2.16195,3.70905,6.04395,0.43257,-0.26056,0.04221,31.2543050,75.7052733,1.199,195.66
81.276,1.74300,3.85200,6.77595,-0.43340,-0.29893,-0.61077,31.2542933,75.7052700,1.142,206.21
81.381,3.97200,4.25505,8.76300,-1.34956,-0.85497,-0.92290,31.2542933,75.7052700,1.142,206.21
81.490,2.53605,1.09905,15.86205,-0.62631,0.04524,-0.81111,31.2542933,75.7052700,1.142,206.21
81.597,2.65995,2.01405,7.74300,-0.20226,-0.26482,-1.61219,31.2542933,75.7052700,1.142,206.21
81.705,1.66395,2.44905,6.71400,0.04166,-0.32024,-1.01447,31.2542933,75.7052700,1.142,206.21
81.813,1.46295,3.28005,8.88600,0.07260,-0.14011,-0.67787,31.2542933,75.7052700,1.142,206.21
81.920,1.97295,4.11300,12.69195,0.59235,-0.62384,-0.17298,31.2542933,75.7052700,1.142,206.21
82.027,0.85200,3.86700,11.90700,0.20350,0.45430,-0.17504,31.2542933,75.7052700,1.142,206.21
82.142,1.74795,2.28195,10.10895,0.73191,0.23375,0.26592,31.2542933,75.7052700,1.142,206.21
82.251,1.34595,3.08895,3.82905,0.72449,-0.42144,0.37675,31.2542850,75.7052617,1.123,263.79
82.358,2.30595,3.06000,6.27795,-0.15538,-0.16995,-0.05899,31.2542850,75.7052617,1.123,263.79
82.463,2.95695,3.85005,10.43505,-0.36534,0.24227,-0.01100,31.2542850,75.7052617,1.123,263.79
82.570,6.36600,1.63800,16.29795,-0.43766,-0.42240,-0.54258,31.2542850,75.7052617,1.123,263.79
82.679,2.91900,2.73900,4.55895,-0.40370,0.14327,-1.12104,31.2542850,75.7052617,1.123,263.79
82.786,1.25205,3.23505,5.90700,-0.31941,-0.59826,-0.77371,31.2542850,75.7052617,1.123,263.79
82.894,0.79305,3.82395,11.79900,0.26427,0.00577,-0.39449,31.2542850,75.7052617,1.123,263.79
83.002,1.24305,5.71500,9.85800,0.68612,0.25726,0.38624,31.2542850,75.7052617,1.123,263.79
83.110,2.14500,4.69305,11.35200,0.34306,-0.29893,0.68668,31.2542850,75.7052617,1.123,263.79
83.217,1.77705,2.69400,6.03900,0.82995,0.50545,0.45334,31.2542850,75.7052417,1.140,284.14
83.324,1.95900,3.49305,2.95695,0.48592,-0.16252,0.52910,31.2542850,75.7052417,1.140,284.14
83.431,1.94205,4.10100,6.27795,0.03850,-0.08580,0.19140,31.2542850,75.7052417,1.140,284.14
83.538,3.49995,5.32695,11.39205,-1.47634,0.17724,0.14231,31.2542850,75.7052417,1.140,284.14
83.644,6.90000,4.27905,11.77305,-0.12774,0.16981,-0.08236,31.2542850,75.7052417,1.140,284.14
83.750,2.08800,2.69100,3.99195,-0.17243,1.00293,-0.69493,31.2542850,75.7052417,1.140,284.14
83.854,3.82095,3.79695,9.53895,-0.55495,-1.26830,0.07837,31.2542850,75.7052417,1.140,284.14
83.961,0.16095,4.77195,7.11105,-0.85855,0.77275,-0.56182,31.2542850,75.7052417,1.140,284.14
84.068,-0.72405,2.86395,20.57400,0.39531,-0.05816,1.18305,31.2542850,75.7052417,1.140,284.14
84.177,0.81405,1.10100,10.27695,1.11004,1.58881,1.72645,31.2542883,75.7052200,1.231,294.36
84.285,5.18100,2.34900,2.05005,1.47235,0.43931,1.33224,31.2542883,75.7052200,1.231,294.36
84.391,2.77500,2.25105,5.06895,-0.08828,-0.11357,-0.34980,31.2542883,75.7052200,1.231,294.36
84.498,2.98605,5.02605,8.78505,-0.46544,-0.06559,-0.16019,31.2542883,75.7052200,1.231,294.36
84.602,3.80400,2.67900,13.56405,0.25795,0.56512,-0.46172,31.2542883,75.7052200,1.231,294.36
84.711,2.80095,2.86800,4.67700,0.13324,0.14644,-0.79612,31.2542883,75.7052200,1.231,294.36
84.819,0.25905,3.32805,4.95195,-0.21821,0.27101,-0.68214,31.2542883,75.7052200,1.231,294.36
84.929,2.19795,5.00400,9.16800,0.05019,-0.38624,-0.11976,31.2542883,75.7052200,1.231,294.36
85.036,1.78905,6.96000,9.40500,0.11839,0.18480,0.01127,31.2542883,75.7052200,1.231,294.36
85.140,0.86205,5.05695,8.90895,0.18439,0.41168,0.17861,31.2542917,75.7051967,1.301,275.68
85.244,1.56105,3.31800,8.31600,0.55729,0.21354,0.61531,31.2542917,75.7051967,1.301,275.68
85.346,2.16900,3.82095,4.70295,0.77454,-0.10395,0.63552,31.2542917,75.7051967,1.301,275.68
85.453,1.94205,4.56300,5.89005,-0.08621,0.29769,0.02832,31.2542917,75.7051967,1.301,275.68
85.557,3.79695,4.69305,6.15900,-1.33141,-0.12953,0.04854,31.2542917,75.7051967,1.301,275.68
85.664,3.32100,2.79600,7.51605,-1.63927,-0.22756,-0.19429,31.2542917,75.7051967,1.301,275.68
85.773,6.98400,1.96305,12.22500,-0.54532,-0.57159,0.16252,31.2542917,75.7051967,1.301,275.68
85.882,10.76700,4.50405,24.37395,-0.21615,-0.88261,-1.45984,31.2542917,75.7051967,1.301,275.68
85.990,-1.22205,4.65195,0.12300,-0.50806,-0.95288,-2.89259,31.2542917,75.7051967,1.301,275.68
86.096,-5.03400,4.01295,-2.83305,0.83531,0.07604,-0.75460,31.2542917,75.7051967,1.301,275.68
86.204,-3.79905,12.82605,16.69995,0.34843,0.97419,-0.63209,31.2542900,75.7051767,1.348,275.22
86.312,5.39700,0.25905,10.60695,4.08746,3.53499,2.14610,31.2542900,75.7051767,1.348,275.22
86.420,1.91805,-1.65600,-4.30095,-0.16816,0.05376,1.33444,31.2542900,75.7051767,1.348,275.22
86.541,2.53995,0.71595,-0.78405,-0.62727,-0.86983,-0.07920,31.2542900,75.7051767,1.348,275.22
86.648,20.90400,3.75705,43.69695,-2.21031,-1.39398,-1.28301,31.2542900,75.7051767,1.348,275.22
86.757,-3.16395,7.29495,1.99305,-0.19374,-1.15857,-2.32581,31.2542900,75.7051767,1.348,275.22
86.861,-5.24895,3.27495,2.61000,0.88536,0.27747,-0.92936,31.2542900,75.7051767,1.348,275.22
86.968,-5.72805,7.78095,10.99995,2.16686,1.19034,0.47039,31.2542900,75.7051767,1.348,275.22
87.102,2.76300,5.43000,5.98395,0.47946,1.47483,1.39618,31.2542900,75.7051767,1.348,275.22
87.210,3.99795,0.47205,-0.03900,0.17270,0.61091,0.70372,31.2542917,75.7051567,1.397,290.16
87.316,5.21505,4.09395,14.89695,-0.35888,0.03988,-0.34128,31.2542917,75.7051567,1.397,290.16
87.421,4.99695,6.23505,15.62295,-0.30346,0.93252,-1.02630,31.2542917,75.7051567,1.397,290.16
87.528,3.57705,4.21605,3.95805,-2.34561,-0.41291,-0.98794,31.2542917,75.7051567,1.397,290.16
87.639,-2.58495,4.18500,6.02700,-1.31766,0.58534,-0.35943,31.2542917,75.7051567,1.397,290.16
87.746,0.32295,3.81600,22.87695,0.18329,-0.52896,0.74099,31.2542917,75.7051567,1.397,290.16
87.853,1.51605,3.35700,9.73995,-0.81799,0.51068,-0.03658,31.2542917,75.7051567,1.397,290.16
87.961,0.66105,2.37300,5.73495,1.16449,0.47025,0.91039,31.2542917,75.7051567,1.397,290.16
88.070,3.69705,3.88095,9.27300,0.67128,0.19855,0.03479,31.2542917,75.7051567,1.397,290.16
88.199,1.39095,4.27095,5.67000,-0.15441,0.07081,0.21271,31.2542983,75.7051367,1.402,287.64
88.306,1.20000,4.74105,7.15005,-0.27899,-0.33935,-0.05156,31.2542983,75.7051367,1.402,287.64
88.415,1.55895,5.43300,9.48900,0.35063,-0.33715,0.04648,31.2542983,75.7051367,1.402,287.64
88.523,0.94095,6.52395,10.93995,0.64666,-0.22110,0.17641,31.2542983,75.7051367,1.402,287.64
88.631,0.89295,5.41305,11.96400,-0.04675,-0.22756,0.34045,31.2542983,75.7051367,1.402,287.64
88.738,2.19300,4.78095,9.02895,-0.13406,0.13681,1.02974,31.2542983,75.7051367,1.402,287.64
88.847,1.67100,4.65900,5.42400,0.54024,0.02076,1.11595,31.2542983,75.7051367,1.402,287.64
88.954,2.25495,5.13105,5.85900,0.27390,-0.19979,0.37139,31.2542983,75.7051367,1.402,287.64
89.063,1.68600,5.20005,8.96205,-0.56444,0.13475,-0.13681,31.2542983,75.7051367,1.402,287.64
89.168,3.80895,5.21895,11.38305,-0.69451,-0.09116,-0.12719,31.2543033,75.7051200,1.403,286.52
89.274,3.22305,4.64505,8.73495,-0.82445,0.46172,-0.46379,31.2543033,75.7051200,1.403,286.52
89.381,0.94095,4.44105,5.91000,0.33248,-0.13475,-0.13887,31.2543033,75.7051200,1.403,286.52
89.489,1.26705,4.61595,7.81095,-0.13090,0.07191,-0.23691,31.2543033,75.7051200,1.403,286.52
89.596,1.39095,5.75295,10.90395,0.30264,0.05912,0.18494,31.2543033,75.7051200,1.403,286.52
89.703,2.01600,4.72395,12.59400,0.05555,0.45540,-0.03341,31.2543033,75.7051200,1.403,286.52
89.811,2.27505,4.10100,9.37605,-0.49101,0.09419,0.18384,31.2543033,75.7051200,1.403,286.52
89.919,0.94800,3.16005,6.10305,0.28352,0.21780,0.37675,31.2543033,75.7051200,1.403,286.52
90.027,1.67805,4.12305,6.24705,-0.34609,-0.30525,-0.03451,31.2543033,75.7051200,1.403,286.52
90.135,1.24305,4.88700,8.47395,-0.64226,-0.46393,-0.06215,31.2543033,75.7051200,1.403,286.52
90.242,4.20000,2.92605,16.93200,-2.02716,0.38184,-0.38390,31.2543067,75.7051033,1.372,294.10
90.350,5.91405,1.80105,9.54405,0.04909,-0.26909,-1.12640,31.2543067,75.7051033,1.372,294.10
90.458,1.03695,2.21205,5.35605,0.29618,0.21244,-1.06356,31.2543067,75.7051033,1.372,294.10
90.566,1.30005,3.48600,7.86105,-0.12128,-0.06875,-0.50421,31.2543067,75.7051033,1.372,294.10
90.671,0.31395,5.40900,11.89005,0.37510,-0.11028,-0.24860,31.2543067,75.7051033,1.372,294.10
90.778,0.78495,3.95505,14.81100,0.29301,0.08250,-0.37111,31.2543067,75.7051033,1.372,294.10
90.886,0.66600,3.51705,9.19200,-0.11495,-0.38624,0.25946,31.2543067,75.7051033,1.372,294.10
90.994,0.88605,2.50695,7.06605,0.78952,0.10271,0.70689,31.2543067,75.7051033,1.372,294.10
91.102,2.40405,3.49800,4.28100,0.18755,-0.58438,0.34787,31.2543067,75.7051033,1.372,294.10
91.210,2.07795,4.30500,8.82600,-0.52401,-0.23595,0.26702,31.2543083,75.7050867,1.383,287.93
91.318,4.08000,2.84205,17.38695,-0.97034,0.36162,-0.26139,31.2543083,75.7050867,1.383,287.93
91.426,5.82495,3.53895,7.16400,0.17806,-0.11880,-0.75996,31.2543083,75.7050867,1.383,287.93
91.533,1.88400,3.34500,4.85400,0.26427,-0.11248,-1.25207,31.2543083,75.7050867,1.383,287.93
91.639,0.15795,4.36695,8.93100,-0.01911,-0.32876,-0.89622,31.2543083,75.7050867,1.383,287.93
91.744,0.10800,5.84895,10.54905,0.25891,-0.21258,-0.08140,31.2543083,75.7050867,1.383,287.93
91.851,0.73305,4.30200,11.92605,0.08951,0.45430,-0.15909,31.2543083,75.7050867,1.383,287.93
91.955,0.91905,3.74700,9.79500,-0.10216,-0.16569,0.41607,31.2543083,75.7050867,1.383,287.93
92.076,1.49895,3.27495,5.77800,0.88316,-0.08044,0.75598,31.2543083,75.7050867,1.383,287.93
92.180,1.67595,3.85200,7.15005,0.10134,-0.07728,0.20941,31.2543133,75.7050750,1.353,305.57
92.283,1.06095,4.62105,9.58905,-0.16926,0.00151,0.20845,31.2543133,75.7050750,1.353,305.57
92.391,4.42200,4.96095,12.01995,-0.34183,-0.31804,0.13805,31.2543133,75.7050750,1.353,305.57
92.494,4.78095,3.89505,10.44405,-0.07659,0.03245,-0.24750,31.2543133,75.7050750,1.353,305.57
92.601,1.20195,4.20195,4.35300,0.34953,0.08992,-0.41154,31.2543133,75.7050750,1.353,305.57
92.709,0.68505,4.67400,7.00095,-0.16926,-0.11454,-0.34774,31.2543133,75.7050750,1.353,305.57
92.818,0.09600,6.41700,9.46005,0.39957,0.07604,0.36176,31.2543133,75.7050750,1.353,305.57
92.926,1.95405,6.37800,11.05500,-0.09364,-0.03259,0.78677,31.2543133,75.7050750,1.353,305.57
93.035,0.94605,4.95405,11.38695,0.09171,0.00261,1.39727,31.2543133,75.7050750,1.353,305.57
93.142,2.17905,3.65595,6.34500,0.97061,0.26579,1.34296,31.2543133,75.7050750,1.353,305.57
93.251,2.91105,4.39605,5.48295,0.40700,-0.27541,0.78898,31.2543200,75.7050633,1.331,295.98
93.357,2.67195,5.38005,7.67205,-0.68695,0.76423,-0.32739,31.2543200,75.7050633,1.331,295.98
93.460,3.75195,5.75295,11.44500,-2.31687,0.71734,-0.93362,31.2543200,75.7050633,1.331,295.98
93.563,-0.10395,2.55900,11.38305,-0.33866,0.85264,0.11674,31.2543200,75.7050633,1.331,295.98
93.667,1.37400,2.87295,6.76200,0.37620,0.06765,0.21904,31.2543200,75.7050633,1.331,295.98
93.770,0.95805,3.76395,6.44295,0.57324,0.23911,0.34375,31.2543200,75.7050633,1.331,295.98
93.878,0.40200,4.45095,8.10495,-0.11921,0.48194,-0.05046,31.2543200,75.7050633,1.331,295.98
93.986,1.93005,3.95805,12.24900,-0.71679,-0.66426,0.20199,31.2543200,75.7050633,1.331,295.98
94.094,-0.20205,3.45705,10.55400,-0.41319,0.38390,0.64625,31.2543200,75.7050633,1.331,295.98
94.201,0.91500,2.94000,7.00395,0.08429,0.02282,0.66330,31.2543283,75.7050483,1.315,297.18
94.309,0.80205,2.89005,6.60600,0.13860,-0.14754,0.19993,31.2543283,75.7050483,1.315,297.18
94.417,0.42600,3.53895,8.95695,-0.05748,-0.25410,-0.26881,31.2543283,75.7050483,1.315,297.18
94.526,2.64795,2.80605,12.33600,-1.07154,0.28174,-0.58314,31.2543283,75.7050483,1.315,297.18
94.633,2.73705,1.23495,12.02700,0.04276,-0.37235,-0.41910,31.2543283,75.7050483,1.315,297.18
94.737,0.37095,2.03805,6.61800,0.54120,-0.11454,-0.43711,31.2543283,75.7050483,1.315,297.18
94.846,0.64200,3.08895,5.48295,0.38569,-0.42570,-0.35626,31.2543283,75.7050483,1.315,297.18
94.954,1.63305,3.72795,7.86300,-0.38665,-0.36809,-0.30718,31.2543283,75.7050483,1.315,297.18
95.062,2.87295,4.14405,12.03600,-0.31625,-0.00907,-0.08883,31.2543283,75.7050483,1.315,297.18
95.168,0.91905,4.19205,9.72105,0.35695,-0.17847,0.14135,31.2543350,75.7050350,1.284,299.83
95.272,2.80095,3.06705,10.28595,0.06724,-0.09323,-0.15276,31.2543350,75.7050350,1.284,299.83
95.402,2.31300,2.54505,5.37600,0.63608,-0.03259,-0.57557,31.2543350,75.7050350,1.284,299.83
95.509,1.16595,2.07795,6.42705,0.02145,-0.29783,-0.69066,31.2543350,75.7050350,1.284,299.83
95.616,3.61095,2.62200,9.78105,-0.63374,-0.83999,-0.15593,31.2543350,75.7050350,1.284,299.83
95.725,4.64205,1.82205,15.58695,-0.39518,0.58740,-0.41800,31.2543350,75.7050350,1.284,299.83
95.830,3.89805,3.01005,6.93405,-0.23953,0.23595,-1.34475,31.2543350,75.7050350,1.284,299.83
95.933,1.80105,2.83500,4.01595,-0.04042,0.27954,-1.69304,31.2543350,75.7050350,1.284,299.83
96.038,0.52395,3.09600,10.30305,-0.29397,-0.42570,-0.93995,31.2543350,75.7050350,1.284,299.83
96.147,1.23105,5.06100,10.58505,0.06078,-0.07948,-0.45746,31.2543350,75.7050350,1.284,299.83
96.253,1.15905,3.96195,12.79005,-0.60280,0.13145,-0.32959,31.2543383,75.7050233,1.237,313.66
96.362,0.24405,4.10895,10.00605,0.16624,-1.02864,0.56636,31.2543383,75.7050233,1.237,313.66
96.471,0.54405,2.55705,7.60200,0.90131,0.13145,0.28724,31.2543383,75.7050233,1.237,313.66
96.579,0.20400,2.65005,6.05295,0.38679,0.24544,0.13489,31.2543383,75.7050233,1.237,313.66
96.688,-0.47295,2.98995,7.33905,-0.30773,0.25190,-0.06957,31.2543383,75.7050233,1.237,313.66
96.793,1.14900,3.65805,11.33505,-0.73067,0.86542,0.29783,31.2543383,75.7050233,1.237,313.66
96.901,2.69100,3.21105,12.27795,0.26318,0.08883,0.05816,31.2543383,75.7050233,1.237,313.66
97.010,2.03295,3.27105,6.01005,0.11509,0.20611,-0.65450,31.2543383,75.7050233,1.237,313.66
97.118,0.01395,3.53400,6.45105,0.08951,-0.37029,-0.86322,31.2543383,75.7050233,1.237,313.66
97.224,-1.55295,4.43700,9.75900,-0.04042,0.11014,-0.55646,31.2543467,75.7050150,1.172,312.12
97.327,0.53595,4.96095,15.81900,-0.17669,-0.61958,0.37991,31.2543467,75.7050150,1.172,312.12
97.433,-0.16200,4.38405,8.81100,0.33248,0.09309,0.62810,31.2543467,75.7050150,1.172,312.12
97.541,0.56805,2.74095,7.26195,0.47094,0.12196,0.65148,31.2543467,75.7050150,1.172,312.12
97.648,0.83295,3.44100,4.52805,0.51673,-0.19236,0.66330,31.2543467,75.7050150,1.172,312.12
97.751,0.55095,3.46695,9.75705,-0.14259,0.08456,0.22550,31.2543467,75.7050150,1.172,312.12
97.859,2.94300,4.61595,8.80905,-0.79241,0.34141,0.22756,31.2543467,75.7050150,1.172,312.12
97.968,2.67705,2.72505,11.89500,-0.10532,0.42020,-0.25506,31.2543467,75.7050150,1.172,312.12
98.076,1.72395,2.99805,6.73800,0.13007,0.13255,-0.76106,31.2543467,75.7050150,1.172,312.12
98.180,1.15395,3.40905,6.30495,0.34732,-0.43629,-0.65560,31.2543533,75.7050067,1.145,317.80
98.287,0.81705,4.21095,9.38595,0.27390,-0.26373,-0.25176,31.2543533,75.7050067,1.145,317.80
98.393,1.07700,5.60295,11.06205,0.12788,-0.33083,0.22976,31.2543533,75.7050067,1.145,317.80
98.501,0.07395,4.68600,10.70295,0.17270,0.21244,0.47039,31.2543533,75.7050067,1.145,317.80
98.607,1.00305,2.79600,8.65995,0.24942,0.17944,0.42680,31.2543533,75.7050067,1.145,317.80
98.725,1.35000,2.88000,5.23005,0.37400,-0.22426,0.60995,31.2543533,75.7050067,1.145,317.80
98.833,0.75405,3.71295,7.19295,-0.31199,-0.24874,0.07837,31.2543533,75.7050067,1.145,317.80
98.941,1.57800,4.98195,10.13505,-0.46750,-0.27541,0.33413,31.2543533,75.7050067,1.145,317.80
99.049,1.25700,2.32995,13.66695,0.03740,0.93252,0.22976,31.2543533,75.7050067,1.145,317.80
99.158,2.72205,2.73705,7.24500,0.74786,0.27005,0.81345,31.2543533,75.7050067,1.145,317.80
99.280,1.41000,3.77595,6.65700,0.30374,-0.16995,0.60569,31.2543600,75.7050000,1.131,313.29
99.387,0.73995,4.04400,10.60695,0.15675,0.35846,0.42680,31.2543600,75.7050000,1.131,313.29
99.495,2.00205,4.37895,12.76695,0.26647,0.23169,0.86144,31.2543600,75.7050000,1.131,313.29
99.602,-0.53505,3.33300,7.17600,0.17806,0.71211,1.33760,31.2543600,75.7050000,1.131,313.29
99.707,1.18005,2.06100,9.16095,0.09597,0.09955,1.56764,31.2543600,75.7050000,1.131,313.29
99.822,2.38005,3.42405,7.39905,0.63718,-0.25300,1.27682,31.2543600,75.7050000,1.131,313.29
99.929,1.56600,3.01200,10.11405,0.29838,0.53102,0.31391,31.2543600,75.7050000,1.131,313.29
100.037,2.30595,3.67800,9.13005,-0.22894,0.80369,0.20625,31.2543600,75.7050000,1.131,313.29
100.143,1.47705,0.88095,13.19505,-0.07769,1.30226,0.25740,31.2543600,75.7050000,1.131,313.29
100.251,3.16305,2.31495,8.65605,0.05871,0.42226,0.17531,31.2543650,75.7049933,1.096,299.59
100.378,1.23795,3.34200,5.43495,0.17806,0.16775,0.29686,31.2543650,75.7049933,1.096,299.59
100.486,0.03600,4.08495,9.59400,-0.03822,-0.08800,0.80712,31.2543650,75.7049933,1.096,299.59
100.593,-0.50400,3.32595,14.11905,-0.29494,-0.04111,1.21193,31.2543650,75.7049933,1.096,299.59
100.700,0.40200,1.95105,11.40705,0.10656,0.54381,1.74776,31.2543650,75.7049933,1.096,299.59
100.808,1.21905,2.50695,5.16495,0.81606,0.56086,1.33334,31.2543650,75.7049933,1.096,299.59
100.933,1.03200,2.85600,6.64905,0.24723,0.01650,0.36919,31.2543650,75.7049933,1.096,299.59
101.041,1.24005,3.02895,11.34405,0.08745,-0.28394,0.43532,31.2543650,75.7049933,1.096,299.59
101.149,2.97600,1.95405,14.66805,-0.80946,0.13145,-0.24117,31.2543650,75.7049933,1.096,299.59
101.256,4.08705,2.48295,9.10605,0.02888,-0.31694,0.16156,31.2543650,75.7049850,1.060,242.86
101.363,0.27495,2.65305,6.76200,0.14396,0.32533,-0.31996,31.2543650,75.7049850,1.060,242.86
101.475,0.40995,3.33795,9.08895,0.01719,0.00577,-0.12925,31.2543650,75.7049850,1.060,242.86
101.583,0.49995,4.83600,10.93995,0.43477,0.13791,0.12953,31.2543650,75.7049850,1.060,242.86
101.693,-0.47505,3.61095,11.49300,-0.29824,0.45430,0.20625,31.2543650,75.7049850,1.060,242.86
101.800,0.56505,2.22705,9.14595,-0.12128,0.10808,0.84219,31.2543650,75.7049850,1.060,242.86
101.906,0.72600,2.52600,5.54805,0.49858,0.01224,0.88797,31.2543650,75.7049850,1.060,242.86
102.032,0.79695,3.35700,8.42295,0.03740,-0.11137,0.05390,31.2543650,75.7049850,1.060,242.86
102.141,1.70700,4.02495,8.19795,0.15991,-0.22110,0.09446,31.2543650,75.7049850,1.060,242.86
102.249,1.43700,-0.18795,14.49495,-0.35351,1.02094,-0.73329,31.2543617,75.7049767,1.060,238.62
102.356,2.01600,2.01405,7.51605,0.21532,0.18370,-0.77055,31.2543617,75.7049767,1.060,238.62
102.460,1.32600,2.90700,6.24705,0.35915,-0.10711,-0.60225,31.2543617,75.7049767,1.060,238.62
102.589,1.17600,3.99795,9.24000,0.10024,0.22633,-0.23265,31.2543617,75.7049767,1.060,238.62
102.697,1.23300,4.70505,10.63305,0.69355,0.25616,0.04221,31.2543617,75.7049767,1.060,238.62
102.805,-0.44205,4.36500,8.32800,0.05555,0.29659,0.10079,31.2543617,75.7049767,1.060,238.62
102.913,1.04895,2.43705,8.19405,-0.28119,0.11660,0.23292,31.2543617,75.7049767,1.060,238.62
103.020,0.47700,2.89500,5.77995,0.01719,-0.48950,0.47575,31.2543617,75.7049767,1.060,238.62
103.129,0.54795,3.29895,9.36900,0.02888,0.04098,0.09969,31.2543617,75.7049767,1.060,238.62
103.237,1.26195,3.44805,8.85000,-0.16610,0.27101,0.14548,31.2543567,75.7049633,1.066,239.12
103.344,1.87005,0.53895,15.58200,0.08745,0.23265,-0.23265,31.2543567,75.7049633,1.066,239.12
103.453,2.90895,2.45700,7.99695,0.29301,0.35943,-0.30937,31.2543567,75.7049633,1.066,239.12
103.561,0.63495,3.09795,6.96105,0.37400,0.41374,-0.46695,31.2543567,75.7049633,1.066,239.12
103.683,0.01905,3.76395,9.03600,0.41662,0.36699,0.20089,31.2543567,75.7049633,1.066,239.12
103.790,1.59705,3.99105,11.24895,-0.16390,-0.64501,0.05074,31.2543567,75.7049633,1.066,239.12
103.898,-0.49905,3.36600,9.95295,-0.19484,0.31157,0.13379,31.2543567,75.7049633,1.066,239.12
104.005,-1.11900,2.60295,7.54695,-0.12457,0.42446,0.11674,31.2543567,75.7049633,1.066,239.12
104.113,-0.14700,3.11700,6.82695,0.14713,-0.20831,0.25850,31.2543567,75.7049633,1.066,239.12
104.239,-0.19500,3.83595,10.97595,-0.03712,-0.48318,0.17641,31.2543517,75.7049500,1.039,241.52
104.347,2.85405,2.32995,12.20595,-0.81909,-0.11248,-0.04084,31.2543517,75.7049500,1.039,241.52
104.454,3.80895,2.93505,8.63895,0.30896,-0.53859,0.37345,31.2543517,75.7049500,1.039,241.52
104.561,0.41895,2.66700,8.44500,-0.13626,0.15496,-0.28806,31.2543517,75.7049500,1.039,241.52
104.669,0.75195,3.38295,7.25505,0.24833,0.10917,-0.26249,31.2543517,75.7049500,1.039,241.52
104.780,0.76095,4.12305,10.27200,-0.20763,-0.28504,0.01884,31.2543517,75.7049500,1.039,241.52
104.888,1.51095,3.99600,10.26705,-0.27789,-0.13379,-0.33069,31.2543517,75.7049500,1.039,241.52
104.993,-1.18200,3.04995,9.78300,-0.16074,-0.05170,-0.21024,31.2543517,75.7049500,1.039,241.52
105.101,-1.40205,2.40900,7.66395,-0.03712,0.27844,0.01664,31.2543517,75.7049500,1.039,241.52
105.210,-0.18795,3.25905,7.55400,0.21313,-0.03355,0.21367,31.2543450,75.7049400,1.036,245.18
105.313,-0.73200,4.29495,9.87900,0.18329,0.03451,0.07948,31.2543450,75.7049400,1.036,245.18
105.418,0.39000,4.58505,10.13805,0.07686,-0.13805,0.24571,31.2543450,75.7049400,1.036,245.18
105.527,1.40505,3.20805,10.42005,0.47094,-0.12526,0.85497,31.2543450,75.7049400,1.036,245.18
105.635,1.14195,2.97600,7.77000,0.09488,0.65244,0.03369,31.2543450,75.7049400,1.036,245.18
105.744,0.84495,3.73500,6.51495,0.47314,-0.09116,-0.00151,31.2543450,75.7049400,1.036,245.18
105.852,0.03795,4.76505,8.30595,0.09708,-0.13475,-0.00247,31.2543450,75.7049400,1.036,245.18
105.959,-0.94005,5.35395,9.65595,-0.24379,-0.02406,-0.44137,31.2543450,75.7049400,1.036,245.18
106.066,-1.56705,3.88800,9.81195,-0.23953,-0.04111,-0.21986,31.2543450,75.7049400,1.036,245.18
106.168,-1.43295,3.03405,7.58100,-0.09364,0.18370,0.12210,31.2543400,75.7049283,1.070,246.00
106.276,-0.51105,3.42405,7.33200,0.13117,-0.25630,0.40975,31.2543400,75.7049283,1.070,246.00
106.385,-0.89205,3.91005,9.47700,-0.16816,-0.22110,0.16156,31.2543400,75.7049283,1.070,246.00
106.493,0.70905,3.44100,11.49300,-0.28971,0.07824,-0.01856,31.2543400,75.7049283,1.070,246.00
106.601,0.12195,2.48805,10.55205,-0.02764,0.24447,0.14025,31.2543400,75.7049283,1.070,246.00
106.709,0.72105,2.80395,9.10800,-0.25231,0.24970,-0.13778,,,,
106.812,0.30705,3.78795,6.50805,0.36341,0.11770,0.02200,,,,
106.916,0.55095,3.85500,9.00795,0.09597,0.07508,0.03685,,,,
107.023,0.12705,4.76895,10.83405,0.28352,-0.37551,0.28614,,,,
107.130,-0.92505,4.63500,9.18705,-0.00742,0.16033,0.42254,,,,
107.234,0.50505,3.59400,9.31605,-0.06270,0.04524,0.32986,31.2543333,75.7049200,1.056,223.27
107.343,-0.40800,3.20805,7.08000,-0.10326,0.29769,0.26482,31.2543333,75.7049200,1.056,223.27
107.451,0.06000,3.66300,7.79895,0.07892,0.01540,0.16789,31.2543333,75.7049200,1.056,223.27
107.562,0.60105,4.02705,10.38705,-0.06064,-0.39682,0.02736,31.2543333,75.7049200,1.056,223.27
107.670,2.17395,2.41305,14.03805,-0.69341,-0.29246,-0.71307,31.2543333,75.7049200,1.056,223.27
107.775,3.63195,2.87805,10.09905,-0.13406,-0.37661,0.15084,31.2543333,75.7049200,1.056,223.27
107.883,1.16595,3.25095,7.24800,0.47630,0.39463,-0.18892,31.2543333,75.7049200,1.056,223.27
107.992,1.30995,4.13505,7.23405,0.18439,0.12513,-0.32959,31.2543333,75.7049200,1.056,223.27
108.102,0.14100,5.07795,10.46100,-0.15221,-0.24241,-0.05582,31.2543333,75.7049200,1.056,223.27
108.210,0.26295,4.33095,10.71705,0.10766,-0.33083,-0.28270,31.2543267,75.7049150,1.047,227.66
108.315,-1.01400,3.60300,8.95995,0.15249,0.31900,0.36176,31.2543267,75.7049150,1.047,227.66
108.416,-0.20205,2.81295,6.87705,-0.15221,0.33921,0.26909,31.2543267,75.7049150,1.047,227.66
108.520,0.50295,3.58905,7.82700,0.24186,-0.29783,0.47259,31.2543267,75.7049150,1.047,227.66
108.625,-0.24600,4.66200,8.91405,0.14286,-0.20089,0.12430,31.2543267,75.7049150,1.047,227.66
108.729,1.79805,4.29300,11.65605,-0.30140,0.18796,-0.01746,31.2543267,75.7049150,1.047,227.66
108.833,1.19205,3.15300,10.03005,0.02998,0.45320,-0.08566,31.2543267,75.7049150,1.047,227.66
108.934,1.00095,3.26805,7.46100,0.16734,0.21890,-0.47231,31.2543267,75.7049150,1.047,227.66
109.035,1.06995,4.07700,5.80200,0.13544,0.27844,-0.57131,31.2543267,75.7049150,1.047,227.66
109.139,-0.11100,3.76905,10.12800,-0.43340,0.02172,-0.69383,31.2543183,75.7049083,1.045,225.39
109.241,-0.54705,4.63500,10.50600,0.60624,-0.20941,0.11674,31.2543183,75.7049083,1.045,225.39
109.345,-1.05495,3.46695,11.73705,-0.48881,-0.15180,-0.02915,31.2543183,75.7049083,1.045,225.39
109.452,-0.37005,3.03795,8.90895,-0.05748,-0.18590,0.29356,31.2543183,75.7049083,1.045,225.39
109.560,-0.61395,2.77695,6.96795,-0.02544,0.03878,0.56100,31.2543183,75.7049083,1.045,225.39
109.668,-0.04905,3.43095,8.23005,-0.07975,-0.06985,0.20309,31.2543183,75.7049083,1.045,225.39
109.775,1.28100,3.64395,11.41095,-0.00742,-0.42350,-0.12499,31.2543183,75.7049083,1.045,225.39
109.883,1.82205,2.66505,11.81805,-0.64336,-0.10711,-0.73329,31.2543183,75.7049083,1.045,225.39
109.990,3.33795,2.87595,10.39395,0.23237,-0.77082,-0.37317,31.2543183,75.7049083,1.045,225.39
110.095,0.33000,3.41895,7.55400,0.20144,0.14754,-0.46805,31.2543183,75.7049083,1.045,225.39
110.198,0.77595,4.05795,7.26495,0.02778,-0.07948,-0.39449,31.2543100,75.7049033,1.082,208.11
110.311,-0.04695,4.77195,11.38500,0.06188,0.06861,-0.11330,31.2543100,75.7049033,1.082,208.11
110.420,-0.12300,3.83295,11.90205,-0.29397,-0.16789,-0.09419,31.2543100,75.7049033,1.082,208.11
110.527,-0.98295,3.45300,9.58500,-0.53254,-0.18164,0.03162,31.2543100,75.7049033,1.082,208.11
110.635,-0.78195,2.89500,7.50900,0.05761,0.11550,0.45127,31.2543100,75.7049033,1.082,208.11
110.740,-0.28905,3.34005,7.68405,0.14176,-0.11880,0.32560,31.2543100,75.7049033,1.082,208.11
110.871,0.20400,3.82395,11.14305,-0.10532,-0.06765,0.14767,31.2543100,75.7049033,1.082,208.11
110.979,1.94205,2.62905,14.34405,-1.02685,-0.83999,-0.31364,31.2543100,75.7049033,1.082,208.11
111.087,3.33495,3.01005,8.74200,0.33248,-0.24667,0.21477,31.2543100,75.7049033,1.082,208.11
111.195,0.65100,2.87595,6.41895,0.26537,0.41168,-0.41264,31.2542967,75.7049017,1.120,213.07
111.303,1.71195,3.87405,8.19405,0.00330,-0.08580,-0.46062,31.2542967,75.7049017,1.120,213.07
111.411,0.14895,4.70895,10.42005,0.08319,0.18054,-0.12403,31.2542967,75.7049017,1.120,213.07
111.519,-0.82500,4.11300,10.44195,-0.45375,-0.04208,-0.09735,31.2542967,75.7049017,1.120,213.07
111.626,-0.66195,3.68205,9.71400,-0.34293,-0.07411,0.26909,31.2542967,75.7049017,1.120,213.07
111.734,-0.68400,2.83200,7.88205,0.33674,0.26675,0.61325,31.2542967,75.7049017,1.120,213.07
111.842,0.25395,3.31800,7.63800,0.28449,-0.00165,0.30539,31.2542967,75.7049017,1.120,213.07
111.964,-0.10905,3.93405,9.89295,-0.01485,-0.17311,0.05926,31.2542967,75.7049017,1.120,213.07
112.071,2.67900,4.23300,10.57800,-0.50380,-0.37551,0.01127,31.2542967,75.7049017,1.120,213.07
112.178,1.51800,3.70605,8.64600,0.42625,-0.45650,0.24461,31.2542883,75.7048950,1.118,230.08
112.281,0.86400,3.27795,7.66695,0.05981,0.28270,-0.18150,31.2542883,75.7048950,1.118,230.08
112.386,0.76605,3.99795,7.28400,0.19498,0.08140,-0.11646,31.2542883,75.7048950,1.118,230.08
112.489,0.20805,4.57305,8.26095,0.17270,0.26043,-0.05899,31.2542883,75.7048950,1.118,230.08
112.591,0.35205,4.87905,11.51895,-0.01375,0.10491,-0.09199,31.2542883,75.7048950,1.118,230.08
112.694,-1.71600,3.95100,10.24500,0.21629,0.32010,0.32876,31.2542883,75.7048950,1.118,230.08
112.797,-0.41505,2.70300,9.33795,-0.13200,-0.06559,0.35214,31.2542883,75.7048950,1.118,230.08
112.901,-0.23100,3.25605,6.86505,0.08429,-0.19236,0.41291,31.2542883,75.7048950,1.118,230.08
113.009,0.04800,3.94305,7.81800,0.02145,-0.11880,0.00275,31.2542883,75.7048950,1.118,230.08
113.118,0.22305,4.27095,10.58505,-0.05954,-0.12416,-0.28806,31.2542883,75.7048950,1.118,230.08
113.225,-0.97605,1.98195,13.21695,-0.39614,0.34994,-0.33069,31.2542817,75.7048900,1.086,218.94
113.332,1.49895,2.79405,9.28305,-0.31199,-0.02722,-0.62783,31.2542817,75.7048900,1.086,218.94
113.436,-0.19995,3.85695,6.63000,0.54024,0.22742,-0.22412,31.2542817,75.7048900,1.086,218.94
113.542,-0.10395,4.53705,7.73595,0.18012,0.08786,-0.19855,31.2542817,75.7048900,1.086,218.94
113.651,-0.59505,5.20005,10.12800,0.31226,0.00261,-0.04936,31.2542817,75.7048900,1.086,218.94
113.762,-0.60900,3.44295,14.03295,-0.22578,-0.13379,0.15194,31.2542817,75.7048900,1.086,218.94
113.869,-1.02600,3.15795,8.77305,-0.31199,-0.20941,0.14025,31.2542817,75.7048900,1.086,218.94
113.977,-0.64800,2.79900,7.32000,-0.02764,0.05802,0.39696,31.2542817,75.7048900,1.086,218.94
114.084,-0.08295,3.28005,6.86205,0.00110,-0.03259,0.27651,31.2542817,75.7048900,1.086,218.94
114.192,-0.07095,4.06305,9.37200,-0.16390,-0.24241,0.02516,31.2542750,75.7048833,1.047,228.36
114.297,0.69705,3.64905,10.23795,-0.61559,-0.29989,-0.24324,31.2542750,75.7048833,1.047,228.36
114.405,1.57800,3.32295,9.89595,0.19401,-0.33825,0.24255,31.2542750,75.7048833,1.047,228.36
114.512,0.34995,3.20100,7.69800,0.20886,0.41704,-0.28476,31.2542750,75.7048833,1.047,228.36
114.621,0.03795,3.72300,6.54405,0.06297,0.02599,-0.49253,31.2542750,75.7048833,1.047,228.36
114.729,-0.81105,4.12500,9.64395,0.12788,-0.02090,-0.18040,31.2542750,75.7048833,1.047,228.36
114.837,-0.06795,4.69995,9.91305,0.25465,-0.04001,-0.00894,31.2542750,75.7048833,1.047,228.36
114.945,-1.64100,3.37095,9.44295,0.04482,0.05266,0.42254,31.2542750,75.7048833,1.047,228.36
115.052,-0.44205,2.19105,8.79900,-0.18631,0.01430,0.52800,31.2542750,75.7048833,1.047,228.36
115.160,0.18900,3.06900,7.16205,-0.05101,-0.07411,0.52057,31.2542700,75.7048800,1.021,241.94
115.268,-0.51105,3.53895,9.51000,-0.16610,-0.11880,0.07521,31.2542700,75.7048800,1.021,241.94
115.376,-0.09195,3.50805,10.84395,-0.10010,0.14644,0.09226,31.2542700,75.7048800,1.021,241.94
115.485,1.10400,2.42100,11.33700,0.23127,0.32216,0.23609,31.2542700,75.7048800,1.021,241.94
115.593,1.09395,2.32995,9.14400,0.15029,0.48510,-0.26771,31.2542700,75.7048800,1.021,241.94
115.701,0.62505,3.23505,5.78700,0.32711,0.08883,-0.28476,31.2542700,75.7048800,1.021,241.94
115.828,0.22500,3.78300,8.34705,-0.11605,0.02172,-0.28806,31.2542700,75.7048800,1.021,241.94
115.935,0.50505,4.43895,10.52595,0.16308,-0.06669,0.00701,31.2542700,75.7048800,1.021,241.94
116.043,-1.61295,3.09300,10.92795,0.03424,0.17724,0.43532,31.2542700,75.7048800,1.021,241.94
116.150,-0.06795,2.46795,9.29700,-0.12664,0.05486,0.39160,31.2542617,75.7048717,0.997,229.42
116.255,0.14400,2.72895,6.63495,0.03520,-0.00701,0.45017,31.2542617,75.7048717,0.997,229.42
116.367,0.39300,3.12495,8.94300,0.16101,-0.15400,0.27335,31.2542617,75.7048717,0.997,229.42
116.475,0.75405,3.13905,10.41495,-0.25657,-0.02929,-0.15702,31.2542617,75.7048717,0.997,229.42
116.583,0.45000,1.43895,12.63000,-0.17572,0.34994,-0.14630,31.2542617,75.7048717,0.997,229.42
116.690,1.57800,1.89900,8.88105,0.14603,0.43505,-0.30827,31.2542617,75.7048717,0.997,229.42
116.795,-0.07305,3.12900,5.60295,0.31543,0.05266,-0.24324,31.2542617,75.7048717,0.997,229.42
116.903,0.19605,3.65100,8.80695,0.13117,-0.05816,-0.19965,31.2542617,75.7048717,0.997,229.42
117.011,-0.40800,4.37400,11.08800,0.31543,0.03988,0.07741,31.2542617,75.7048717,0.997,229.42
117.119,-1.49505,2.94495,10.71705,-0.02118,0.08456,0.08264,31.2542617,75.7048717,0.997,229.42
117.227,-0.49695,2.46105,9.65895,-0.04565,-0.11784,0.44165,31.2542517,75.7048650,1.021,230.35
117.335,0.30900,2.57895,6.62505,0.22701,-0.03685,0.53543,31.2542517,75.7048650,1.021,230.35
117.443,0.55305,2.95200,6.79095,-0.02544,-0.18590,-0.04936,31.2542517,75.7048650,1.021,230.35
117.550,0.94305,3.33495,11.30100,-0.13833,-0.18920,-0.00041,31.2542517,75.7048650,1.021,230.35
117.658,0.42105,1.69995,12.96495,-0.95865,0.28916,-0.33495,31.2542517,75.7048650,1.021,230.35
117.765,4.62795,2.44200,10.50900,-0.08511,-0.59070,-0.22729,31.2542517,75.7048650,1.021,230.35
117.873,0.67995,2.43495,7.42305,0.53171,0.18576,-0.17298,31.2542517,75.7048650,1.021,230.35
117.981,0.51495,3.18705,8.20995,-0.03932,-0.10601,-0.40301,31.2542517,75.7048650,1.021,230.35
118.088,-0.19500,3.82800,11.46405,0.48592,0.27321,0.39696,31.2542517,75.7048650,1.021,230.35
118.196,0.72105,3.41700,11.77800,-0.20446,-0.03781,0.03369,31.2542433,75.7048550,1.016,242.31
118.304,0.04605,3.32100,9.90495,-0.16610,-0.53639,0.27445,31.2542433,75.7048550,1.016,242.31
118.412,-0.55200,2.19105,8.42805,0.26318,0.12292,0.62494,31.2542433,75.7048550,1.016,242.31
118.519,0.80505,2.91405,6.91500,0.39531,-0.09543,0.39380,31.2542433,75.7048550,1.016,242.31
118.628,0.85500,3.44295,9.15795,0.04592,-0.15826,0.08374,31.2542433,75.7048550,1.016,242.31
118.735,3.03405,2.99805,11.10705,-1.61810,-0.11564,-0.78554,31.2542433,75.7048550,1.016,242.31
118.844,2.55495,3.13905,9.65205,0.42295,-0.90393,0.15936,31.2542433,75.7048550,1.016,242.31
118.952,0.16500,2.31795,8.91195,0.11935,0.48840,-0.44894,31.2542433,75.7048550,1.016,242.31
119.061,0.55800,3.68700,5.53395,0.15675,0.08676,-0.30827,31.2542433,75.7048550,1.016,242.31
119.168,0.09795,4.20195,9.23295,-0.30882,0.00371,-0.23471,31.2542433,75.7048550,1.016,242.31
119.275,1.37400,4.85595,10.66200,0.27706,0.11550,0.36492,31.2542367,75.7048467,1.016,238.24
119.379,-1.35600,4.65000,8.42805,0.37716,0.34031,0.48001,31.2542367,75.7048467,1.016,238.24
119.484,-0.35595,2.26500,9.89100,0.00110,0.05582,0.19030,31.2542367,75.7048467,1.016,238.24
119.589,0.12000,2.92800,6.34305,0.30690,-0.08690,0.19030,31.2542367,75.7048467,1.016,238.24
119.706,0.40200,3.86205,7.45905,0.16197,-0.12526,0.11357,31.2542367,75.7048467,1.016,238.24
119.813,1.04205,4.00305,10.53495,-0.39834,-0.08044,0.01347,31.2542367,75.7048467,1.016,238.24
119.919,0.15105,2.95695,11.18400,0.03740,0.53625,-0.09625,31.2542367,75.7048467,1.016,238.24
120.028,0.73500,2.32995,8.81400,0.13324,0.39889,-0.33701,31.2542367,75.7048467,1.016,238.24
120.137,0.57900,3.51195,6.49095,0.26647,0.18370,-0.12609,31.2542367,75.7048467,1.016,238.24
120.246,0.35205,3.78105,8.63700,0.15249,0.18686,-0.09735,31.2542250,75.7048383,1.005,219.35
120.353,0.69900,4.51305,11.02800,0.34843,-0.04854,0.26373,31.2542250,75.7048383,1.005,219.35
120.461,-1.83495,3.30405,11.85900,-0.10436,0.30511,0.18287,31.2542250,75.7048383,1.005,219.35
120.569,0.41400,2.85195,9.32805,-0.21505,-0.08470,0.29686,31.2542250,75.7048383,1.005,219.35
120.676,0.05295,2.61495,7.25700,0.11192,-0.05060,0.42254,31.2542250,75.7048383,1.005,219.35
120.802,0.28995,3.49995,7.90605,-0.16720,0.00894,-0.17614,31.2542250,75.7048383,1.005,219.35
120.906,1.07505,3.56505,10.84905,-0.19277,0.03451,-0.23801,31.2542250,75.7048383,1.005,219.35
121.014,0.76395,1.56600,12.27105,0.22275,-0.05280,-0.21340,31.2542250,75.7048383,1.005,219.35
121.121,1.31700,2.18595,9.27105,-0.06600,0.21560,-0.74291,31.2542250,75.7048383,1.005,219.35
121.228,0.58200,3.53205,5.94795,0.31323,0.01224,-0.41484,31.2542167,75.7048300,0.987,224.25
121.334,0.32295,3.87900,8.49795,0.20886,0.02076,-0.30718,31.2542167,75.7048300,0.987,224.25
121.440,0.11295,4.75500,10.91295,0.41979,-0.03891,0.11577,31.2542167,75.7048300,0.987,224.25
121.544,-1.71105,3.05295,11.68200,-0.18741,0.27211,-0.08883,31.2542167,75.7048300,0.987,224.25
121.647,-0.64095,2.94000,9.48405,-0.13736,0.06119,0.30965,31.2542167,75.7048300,0.987,224.25
121.755,-0.11100,2.92800,6.90300,0.24296,-0.05596,0.47575,31.2542167,75.7048300,0.987,224.25
121.863,-0.06600,2.98605,7.04895,0.06297,-0.01554,0.19346,31.2542167,75.7048300,0.987,224.25
121.971,0.74505,2.59500,10.95405,-0.48139,-0.20941,0.05706,31.2542167,75.7048300,0.987,224.25
122.076,1.24995,2.26695,13.54905,-0.76587,0.08140,-0.16871,31.2542167,75.7048300,0.987,224.25
122.184,3.28995,2.24805,10.73595,-0.01581,-0.13695,-0.24654,31.2542067,75.7048217,0.990,226.87
122.290,0.94605,2.89200,5.91705,0.35489,0.04840,-0.26345,31.2542067,75.7048217,0.990,226.87
122.398,-0.20700,3.02895,7.66005,-0.04895,-0.05280,-0.24860,31.2542067,75.7048217,0.990,226.87
122.505,-0.40095,3.50505,11.99100,-0.03932,0.12939,0.25204,31.2542067,75.7048217,0.990,226.87
122.611,0.37800,3.30405,12.64200,-0.12554,-0.04744,0.17957,31.2542067,75.7048217,0.990,226.87
122.720,0.69405,2.72895,11.16000,-0.23856,-0.32972,0.26702,31.2542067,75.7048217,0.990,226.87
122.828,0.88800,2.06895,7.73595,0.36658,0.07604,0.58341,31.2542067,75.7048217,0.990,226.87
122.936,1.06095,2.81100,6.37200,0.06834,-0.15180,0.17861,31.2542067,75.7048217,0.990,226.87
123.043,0.66105,2.90400,9.28095,-0.45691,-0.38087,-0.27101,31.2542067,75.7048217,0.990,226.87
123.150,2.22195,3.35895,11.94300,-0.66894,-0.11137,-0.38280,31.2541983,75.7048133,1.013,225.79
123.258,2.39400,2.00895,10.94700,0.14492,-0.20831,-0.21766,31.2541983,75.7048133,1.013,225.79
123.366,1.27095,2.57100,7.08705,0.24186,0.08786,-0.61298,31.2541983,75.7048133,1.013,225.79
123.475,0.42105,3.16305,6.83805,0.06724,-0.13805,-0.52126,31.2541983,75.7048133,1.013,225.79
123.583,-0.16905,3.53400,11.09100,0.15565,-0.02186,-0.22096,31.2541983,75.7048133,1.013,225.79
123.691,0.86700,4.49205,11.82600,0.08951,-0.28820,0.02736,31.2541983,75.7048133,1.013,225.79
123.799,-0.66000,2.70795,10.67895,0.39737,0.15702,0.23182,31.2541983,75.7048133,1.013,225.79
123.907,0.36405,2.10705,7.89900,0.31226,0.22412,0.71761,31.2541983,75.7048133,1.013,225.79
124.015,1.31505,3.00495,6.37200,0.13750,0.10491,0.69410,31.2541983,75.7048133,1.013,225.79
124.119,1.17300,3.74895,8.47395,-0.33220,0.17517,0.21161,31.2541983,75.7048133,1.013,225.79
124.226,2.23095,4.15200,9.34305,-0.03286,-0.08896,0.17325,31.2541883,75.7048033,1.058,234.55
124.330,1.91100,2.58300,12.10800,-0.43340,0.12513,-0.46489,31.2541883,75.7048033,1.058,234.55
124.437,1.17795,2.44500,8.17905,-0.13736,0.13255,-0.69809,31.2541883,75.7048033,1.058,234.55
124.544,-0.03705,3.65805,5.79000,0.16418,0.12939,-0.42336,31.2541883,75.7048033,1.058,234.55
124.665,-0.05400,4.08495,10.19295,0.01815,-0.06875,-0.03135,31.2541883,75.7048033,1.058,234.55
124.773,0.37395,4.48695,11.17905,0.23664,0.20281,0.38624,31.2541883,75.7048033,1.058,234.55
124.880,-1.24395,2.93505,11.50005,0.14066,0.01320,0.56842,31.2541883,75.7048033,1.058,234.55
124.988,0.66600,2.63100,7.06095,-0.20226,0.09529,0.34155,31.2541883,75.7048033,1.058,234.55
125.095,-0.04395,2.25795,7.47300,0.10230,0.07934,0.62274,31.2541883,75.7048033,1.058,234.55
125.205,1.20900,2.76300,8.13105,-0.00206,-0.17847,0.26702,31.2541800,75.7047917,1.095,225.93
125.312,1.27905,2.62905,10.92495,-0.36850,0.21986,0.16789,31.2541800,75.7047917,1.095,225.93
125.420,2.35095,1.55205,13.99005,-0.29397,-0.32024,-0.34774,31.2541800,75.7047917,1.095,225.93
125.528,2.53995,2.54505,7.71495,0.19717,0.15923,-0.69603,31.2541800,75.7047917,1.095,225.93
125.634,0.69405,3.20805,4.71195,0.04372,-0.11028,-0.95494,31.2541800,75.7047917,1.095,225.93
125.742,-0.19305,3.18705,9.70905,-0.20336,-0.13901,-0.49472,31.2541800,75.7047917,1.095,225.93
125.850,0.85695,3.90300,12.58005,0.22385,-0.20405,0.23719,31.2541800,75.7047917,1.095,225.93
125.953,-0.62400,2.86095,11.22705,0.13007,0.32216,0.17009,31.2541800,75.7047917,1.095,225.93
126.056,0.67005,2.12595,9.36900,-0.13406,-0.14437,0.34691,31.2541800,75.7047917,1.095,225.93
126.159,0.79500,2.52600,6.36195,0.51040,-0.13475,0.61848,31.2541700,75.7047850,1.097,218.58
126.266,0.96000,2.76300,8.81805,-0.05748,-0.12416,0.00701,31.2541700,75.7047850,1.097,218.58
126.374,1.17795,2.89005,10.76505,-0.23430,-0.08896,0.12526,31.2541700,75.7047850,1.097,218.58
126.482,1.68300,2.18100,14.32995,-0.67210,0.46489,-0.23898,31.2541700,75.7047850,1.097,218.58
126.585,4.59000,2.82300,9.13905,0.27280,-0.37977,-0.24324,31.2541700,75.7047850,1.097,218.58
126.693,0.99795,2.75595,6.75900,0.32079,0.10381,-0.58094,31.2541700,75.7047850,1.097,218.58
126.797,0.33300,3.36600,6.71205,-0.09790,0.04730,-0.49362,31.2541700,75.7047850,1.097,218.58
126.904,-0.07095,4.16400,11.38005,0.02035,0.15180,0.00179,31.2541700,75.7047850,1.097,218.58
127.011,0.33000,4.36500,13.11795,-0.32368,-0.17957,-0.06641,31.2541700,75.7047850,1.097,218.58
127.118,-0.30795,3.77595,8.98605,0.07783,-0.17957,0.52374,31.2541700,75.7047850,1.097,218.58
127.227,-0.37995,2.43705,7.92795,0.06408,-0.00591,0.47891,31.2541633,75.7047767,1.072,236.75
127.335,1.15395,3.21105,6.14400,0.16308,-0.27541,0.30209,31.2541633,75.7047767,1.072,236.75
127.439,0.00000,2.88300,10.07295,-0.19167,-0.26153,0.00811,31.2541633,75.7047767,1.072,236.75
127.547,0.55995,3.06495,11.14095,-0.97680,0.39779,0.01031,31.2541633,75.7047767,1.072,236.75
127.655,2.64795,2.36295,10.85595,0.08745,-0.36809,1.07016,31.2541633,75.7047767,1.072,236.75
127.763,1.54005,3.10305,6.14700,0.20034,0.83132,-0.10477,31.2541633,75.7047767,1.072,236.75
127.871,2.02800,3.45300,6.40005,0.24942,-0.03149,-0.35296,31.2541633,75.7047767,1.072,236.75
127.978,0.04305,3.78495,11.60100,0.51989,-0.07301,-0.24860,31.2541633,75.7047767,1.072,236.75
128.082,1.11600,5.25300,11.75595,0.13544,-0.49706,-0.20818,31.2541633,75.7047767,1.072,236.75
128.188,-1.47900,4.57800,7.81095,-0.18095,0.12086,0.00605,31.2541533,75.7047700,1.106,226.10
128.292,-0.46305,1.94400,9.06705,-0.21615,0.07288,0.02310,,,,
128.396,0.66105,2.85900,5.47095,0.27170,-0.60142,0.48647,,,,
128.501,-0.02295,2.80395,9.60600,-0.30566,-0.53006,0.01554,,,,
128.607,1.17300,3.39300,10.71195,-0.67416,0.22633,-0.04414,,,,
128.714,2.33895,2.63805,12.34800,-0.03190,0.89210,0.11894,,,,
128.822,1.05600,2.86800,6.04095,0.30044,0.34457,-0.64061,,,,
128.929,0.43605,2.81295,6.24195,0.08635,-0.35750,-0.81964,,,,
129.035,-1.12695,3.48795,9.48600,-0.13310,0.13365,-0.28806,,,,
129.139,-0.15495,4.90605,12.14595,0.21106,-0.21258,0.41511,31.2541433,75.7047617,1.118,233.78
129.247,-0.54705,3.78300,10.85595,0.37510,0.33811,0.44701,31.2541433,75.7047617,1.118,233.78
129.356,-0.13800,2.35800,8.40900,0.18439,-0.02186,0.36176,31.2541433,75.7047617,1.118,233.78
129.464,0.94605,2.96205,6.54900,0.69259,-0.36176,0.46186,31.2541433,75.7047617,1.118,233.78
129.572,0.68700,3.58200,7.67595,0.09708,-0.10931,-0.24860,31.2541433,75.7047617,1.118,233.78
129.681,0.74895,3.87600,9.70200,-0.38335,0.19759,0.10079,31.2541433,75.7047617,1.118,233.78
129.788,-0.69300,3.57705,11.07405,-0.50806,0.91025,0.39160,31.2541433,75.7047617,1.118,233.78
129.897,2.81295,2.96400,10.14000,-0.33756,0.08786,-0.17834,31.2541433,75.7047617,1.118,233.78
130.004,0.79305,3.50805,5.98095,0.60307,0.21560,0.05280,31.2541433,75.7047617,1.118,233.78
130.111,0.13905,3.85005,9.12300,0.10450,0.16981,-0.24544,31.2541433,75.7047617,1.118,233.78
130.219,0.93900,5.52795,10.47495,0.31969,-0.58547,0.42254,31.2541333,75.7047517,1.128,232.10
130.328,-0.66705,4.97805,9.16305,-0.01801,0.49046,-0.02282,31.2541333,75.7047517,1.128,232.10
130.435,-0.28605,2.77500,9.70695,-0.10863,-0.23389,0.07205,31.2541333,75.7047517,1.128,232.10
130.544,0.31905,3.02400,6.68505,0.58492,-0.04428,0.51837,31.2541333,75.7047517,1.128,232.10
130.652,0.45495,3.45000,8.12895,0.03740,0.00797,-0.03988,31.2541333,75.7047517,1.128,232.10
130.760,0.37095,3.90300,10.15395,-0.49307,0.24021,0.15304,31.2541333,75.7047517,1.128,232.10
130.868,0.85695,3.58395,11.91405,-0.51865,0.47341,0.16899,31.2541333,75.7047517,1.128,232.10
130.976,1.96605,3.29700,8.61000,-0.09680,0.37125,-0.49143,31.2541333,75.7047517,1.128,232.10
131.079,0.33000,3.54600,5.77995,0.23760,0.03355,-0.53941,31.2541333,75.7047517,1.128,232.10
131.181,-0.41100,3.54600,8.85705,-0.21395,-0.02296,-0.42652,31.2541200,75.7047433,1.140,223.86
131.292,-0.34395,4.83600,10.11600,0.12361,-0.45444,0.29260,31.2541200,75.7047433,1.140,223.86
131.401,-1.06005,3.87600,11.28000,0.14713,0.21560,0.33413,31.2541200,75.7047433,1.140,223.86
131.506,0.39000,3.26595,9.22800,0.03094,-0.13379,0.45554,31.2541200,75.7047433,1.140,223.86
131.614,0.75900,2.93295,6.67995,0.65849,-0.15400,0.83793,31.2541200,75.7047433,1.140,223.86
131.723,1.10595,2.56200,6.78600,0.04372,-0.01870,0.06985,31.2541200,75.7047433,1.140,223.86
131.848,1.20705,2.61195,10.75095,-0.76587,0.23169,0.13599,31.2541200,75.7047433,1.140,223.86
131.956,1.25700,1.60905,14.85195,-0.44096,0.87505,-0.07177,31.2541200,75.7047433,1.140,223.86
132.064,2.95500,2.84895,7.44405,0.20254,0.04414,-0.71940,31.2541200,75.7047433,1.140,223.86
132.172,1.54005,2.92095,5.46405,0.14822,-0.38830,-0.86969,31.2541200,75.7047433,1.140,223.86
132.279,0.42600,3.01905,9.39495,0.04482,-0.32766,-0.63319,31.2541067,75.7047383,1.169,209.00
132.400,1.77705,4.08000,12.25395,0.30264,-0.57695,0.08057,31.2541067,75.7047383,1.169,209.00
132.506,-0.97305,3.18405,9.94605,0.31116,0.80053,0.26276,31.2541067,75.7047383,1.169,209.00
132.614,1.34295,3.04995,10.15200,-0.02434,-0.28284,0.24667,31.2541067,75.7047383,1.169,209.00
132.722,0.54795,3.18705,7.49205,0.75639,0.19759,0.42996,31.2541067,75.7047383,1.169,209.00
132.829,0.36600,3.52200,8.16000,0.28449,0.29769,0.05280,31.2541067,75.7047383,1.169,209.00
132.945,0.49800,3.92895,10.04895,-0.03616,0.48084,0.12526,31.2541067,75.7047383,1.169,209.00
133.053,0.18405,3.01905,11.67195,-0.30346,0.62260,0.02200,31.2541067,75.7047383,1.169,209.00
133.161,2.28405,3.54795,7.83000,-0.07659,0.39889,-0.53625,31.2541067,75.7047383,1.169,209.00
133.269,0.70395,3.56700,5.44500,0.34953,-0.17421,-0.25919,31.2540933,75.7047317,1.170,212.59
133.377,0.63900,3.99600,8.29905,-0.31515,-0.25094,-0.21560,31.2540933,75.7047317,1.170,212.59
133.501,0.81900,5.63100,11.22900,-0.14052,-0.16033,-0.11220,31.2540933,75.7047317,1.170,212.59
133.608,-0.96105,4.33605,10.21395,0.15991,0.29549,0.14877,31.2540933,75.7047317,1.170,212.59
133.715,-0.18600,3.13605,10.93305,-0.19167,-0.38197,0.24778,31.2540933,75.7047317,1.170,212.59
133.824,0.32100,2.69400,6.25905,0.68186,0.11976,0.75488,31.2540933,75.7047317,1.170,212.59
133.931,0.64200,3.58200,5.80905,0.20350,-0.05060,0.38624,31.2540933,75.7047317,1.170,212.59
134.058,0.64905,3.84300,12.72795,-1.06521,-0.00275,-0.26455,31.2540933,75.7047317,1.170,212.59
134.166,0.00705,1.82205,12.97995,0.69355,1.10935,0.46090,31.2540933,75.7047317,1.170,212.59
134.273,2.73900,2.61705,9.73500,-0.27899,-0.55234,0.22440,31.2540817,75.7047250,1.159,216.85
134.382,2.10495,4.08900,5.18400,0.40494,0.05156,0.08168,31.2540817,75.7047250,1.159,216.85
134.491,0.61305,3.96495,9.46695,-0.18205,0.08676,-0.53625,31.2540817,75.7047250,1.159,216.85
134.599,-0.12795,5.26995,11.13105,0.20350,0.09955,0.12100,31.2540817,75.7047250,1.159,216.85
134.707,-0.92505,3.77805,10.97805,0.33027,-0.00481,-0.01004,31.2540817,75.7047250,1.159,216.85
134.815,0.22800,3.26100,8.54595,-0.30882,-0.19869,-0.04730,31.2540817,75.7047250,1.159,216.85
134.923,0.42600,3.05700,6.34995,0.39105,-0.25094,0.39270,31.2540817,75.7047250,1.159,216.85
135.030,-0.00795,3.27105,6.95295,-0.04249,-0.08044,-0.16225,31.2540817,75.7047250,1.159,216.85
135.155,-0.16905,3.05505,13.26705,-0.48991,0.27101,0.00069,31.2540817,75.7047250,1.159,216.85
135.264,0.92700,2.31300,13.22595,-0.18095,0.20818,-0.42116,31.2540717,75.7047217,1.147,219.90
135.370,2.50200,3.32295,8.55795,0.28875,-0.21794,-0.32533,31.2540717,75.7047217,1.147,219.90
135.472,0.52200,3.38295,5.96700,0.34416,-0.09323,-0.60019,31.2540717,75.7047217,1.147,219.90
135.574,-0.45900,3.83595,7.80300,-0.10532,-0.27858,-0.64914,31.2540717,75.7047217,1.147,219.90
135.677,-0.30795,4.05795,10.93695,0.31653,-0.13379,0.03052,31.2540717,75.7047217,1.147,219.90
135.785,-0.88200,4.57095,11.08800,-0.38019,-0.04428,0.04964,31.2540717,75.7047217,1.147,219.90
135.892,-0.70305,4.39095,10.79100,-0.32697,-0.27858,0.62700,31.2540717,75.7047217,1.147,219.90
135.999,0.19395,2.68395,7.94205,0.45499,0.31254,0.68461,31.2540717,75.7047217,1.147,219.90
136.107,1.23300,3.04095,5.38305,0.18975,-0.23389,0.21477,31.2540717,75.7047217,1.147,219.90
136.215,-0.06795,2.72505,8.86905,-0.44619,-0.20515,-0.21340,31.2540617,75.7047167,1.147,208.93
136.323,2.02995,4.36005,10.40100,-0.89361,0.25932,0.09872,31.2540617,75.7047167,1.147,208.93
136.431,3.52395,3.83100,10.15395,0.21959,-0.35324,0.28297,31.2540617,75.7047167,1.147,208.93
136.538,0.98895,2.84400,6.97695,0.13544,0.42652,-0.83559,31.2540617,75.7047167,1.147,208.93
136.644,0.45000,2.98305,6.74700,0.25685,-0.13269,-0.53405,31.2540617,75.7047167,1.147,208.93
136.751,-0.10695,3.83805,10.12095,-0.15538,-0.00907,-0.25602,31.2540617,75.7047167,1.147,208.93
136.857,0.85500,4.85595,11.11500,0.04592,-0.21574,0.23925,31.2540617,75.7047167,1.147,208.93
136.963,-0.23805,3.93900,9.15600,0.14822,0.17311,0.55137,31.2540617,75.7047167,1.147,208.93
137.071,0.34005,2.47095,8.95695,-0.13406,0.09309,0.41717,31.2540617,75.7047167,1.147,208.93
137.179,1.17600,2.85195,5.98095,0.17270,-0.33399,0.43422,31.2540500,75.7047133,1.177,197.55
137.287,-0.18795,2.83200,9.16095,-0.15757,-0.08264,-0.01320,31.2540500,75.7047133,1.177,197.55
137.394,1.88895,3.50505,10.90605,-0.53996,0.67155,0.01980,31.2540500,75.7047133,1.177,197.55
137.502,1.67400,2.00895,12.14895,0.31006,0.62576,-0.14740,31.2540500,75.7047133,1.177,197.55
137.610,0.84795,2.66505,7.06605,0.18865,0.30511,-0.66083,31.2540500,75.7047133,1.177,197.55
137.717,0.32805,3.01395,5.87100,0.24296,-0.09652,-0.61504,31.2540500,75.7047133,1.177,197.55
137.825,-0.57600,3.46200,9.52995,-0.21395,-0.15826,-0.59263,31.2540500,75.7047133,1.177,197.55
137.933,-0.00105,4.46505,11.68695,0.35379,-0.60032,0.17215,31.2540500,75.7047133,1.177,197.55
138.044,-1.89495,3.90300,9.10305,-0.19800,0.22206,0.28614,31.2540500,75.7047133,1.177,197.55
138.152,-0.31695,2.01105,9.30195,-0.01265,0.14850,0.66962,31.2540500,75.7047133,1.177,197.55
138.260,1.09905,2.89500,5.45505,0.40067,-0.34677,0.73672,31.2540333,75.7047067,1.186,217.09
138.367,-0.23595,2.56695,8.05695,-0.20763,-0.09323,0.15730,31.2540333,75.7047067,1.186,217.09
138.478,1.41300,2.57595,11.38005,-0.60390,0.67911,0.20735,31.2540333,75.7047067,1.186,217.09
138.585,1.58295,1.71195,12.77400,0.08635,0.46283,0.14341,31.2540333,75.7047067,1.186,217.09
138.690,2.19600,2.73405,7.06605,0.32821,0.24338,-0.48936,31.2540333,75.7047067,1.186,217.09
138.798,0.62700,2.57595,5.91405,0.19924,-0.14548,-0.77165,31.2540333,75.7047067,1.186,217.09
138.905,-0.09705,3.26595,9.09405,0.08539,-0.26799,-0.51604,31.2540333,75.7047067,1.186,217.09
139.012,-0.31695,4.32600,11.19105,0.37716,-0.09116,0.22976,31.2540333,75.7047067,1.186,217.09
139.118,-2.26605,2.97600,11.12895,0.28242,0.51920,0.24667,31.2540333,75.7047067,1.186,217.09
139.226,-0.25500,1.81005,8.79900,0.06724,0.17627,0.25850,31.2540217,75.7046933,1.165,248.63
139.329,0.80700,2.51595,6.17295,0.30264,-0.31598,0.55027,31.2540217,75.7046933,1.165,248.63
139.433,0.34005,2.62695,6.70905,0.09377,-0.27115,0.21051,31.2540217,75.7046933,1.165,248.63
139.535,0.81900,2.54505,12.57000,-0.48881,-0.20295,0.09872,31.2540217,75.7046933,1.165,248.63
139.639,1.47000,2.40105,12.83100,-0.39187,0.42763,-0.21450,31.2540217,75.7046933,1.165,248.63
139.746,4.04400,2.57400,11.09100,0.17160,-0.39902,-0.35406,31.2540217,75.7046933,1.165,248.63
139.854,0.72300,2.89905,5.20305,0.32711,0.34457,-0.60019,31.2540217,75.7046933,1.165,248.63
139.962,0.23205,3.60300,6.78105,-0.29824,-0.38734,-0.44674,31.2540217,75.7046933,1.165,248.63
140.069,-0.77895,4.00305,11.56200,0.39737,0.16033,0.25314,31.2540217,75.7046933,1.165,248.63
140.176,0.03795,2.94705,16.27905,-0.77756,-0.46186,-0.26455,31.2540150,75.7046800,1.164,235.73
140.283,0.28500,2.96205,8.95695,0.23237,-0.05486,0.50023,31.2540150,75.7046800,1.164,235.73
140.391,-0.59700,2.18805,6.77400,0.38679,0.10697,0.55027,31.2540150,75.7046800,1.164,235.73
140.499,0.40005,2.77305,6.48405,0.24723,-0.10505,0.64309,31.2540150,75.7046800,1.164,235.73
140.608,0.51000,3.06900,10.10205,-0.09584,-0.17215,0.45870,31.2540150,75.7046800,1.164,235.73
140.714,2.71800,3.34200,13.20495,-0.80204,0.12719,-0.15276,31.2540150,75.7046800,1.164,235.73
140.822,3.75405,3.13605,11.08605,0.17270,-0.29356,0.19883,31.2540150,75.7046800,1.164,235.73
140.930,1.01505,3.21495,6.19905,0.20996,0.16775,-0.45416,31.2540150,75.7046800,1.164,235.73
141.037,0.65400,3.34695,7.86105,0.15675,0.03671,-0.57461,31.2540150,75.7046800,1.164,235.73
141.145,-0.92295,3.87900,11.46600,0.46035,-0.19979,0.03052,31.2540150,75.7046800,1.164,235.73
141.254,1.70505,4.81200,11.61300,-0.55165,-0.25410,0.01664,31.2540067,75.7046717,1.169,233.79
141.362,0.68700,3.86400,8.71095,-0.47506,-0.09749,0.00385,31.2540067,75.7046717,1.169,233.79
141.469,-0.73905,2.08095,7.89900,-0.14052,0.22206,0.19030,31.2540067,75.7046717,1.169,233.79
141.577,0.76095,3.18900,6.28995,0.25259,-0.62274,0.31914,31.2540067,75.7046717,1.169,233.79
141.685,-0.11595,2.73195,9.92205,-0.46227,-0.04318,-0.03878,31.2540067,75.7046717,1.169,233.79
141.793,3.22500,3.74205,11.10000,-0.81276,0.01004,-0.05679,31.2540067,75.7046717,1.169,233.79
141.901,3.00195,2.76300,9.71400,0.22481,-0.02296,0.27225,31.2540067,75.7046717,1.169,233.79
142.009,0.67800,2.76795,7.72695,0.11729,0.17201,-0.52882,31.2540067,75.7046717,1.169,233.79
142.116,0.75195,2.97405,6.72105,0.27390,-0.27431,-0.36259,31.2540067,75.7046717,1.169,233.79
142.223,-0.07305,3.35700,11.20305,-0.09680,-0.17531,-0.02709,31.2539967,75.7046617,1.180,244.79
142.330,1.97295,4.53195,10.83195,0.19607,0.05486,0.42254,31.2539967,75.7046617,1.180,244.79
142.437,-0.49200,3.57900,10.26495,-0.09900,0.29122,0.30635,31.2539967,75.7046617,1.180,244.79
142.541,0.33795,2.32695,8.38995,-0.02544,0.13145,0.43849,31.2539967,75.7046617,1.180,244.79
142.646,1.39800,2.73405,5.14605,0.60198,-0.59922,0.59400,31.2539967,75.7046617,1.180,244.79
142.750,0.53205,2.26695,8.83500,-0.24805,-0.23815,-0.00041,31.2539967,75.7046617,1.180,244.79
142.877,1.38600,3.40200,10.86300,-0.81276,0.52250,-0.02709,31.2539967,75.7046617,1.180,244.79
142.984,3.24405,2.89500,10.61205,0.49431,0.06971,0.51095,31.2539967,75.7046617,1.180,244.79
143.092,0.39495,2.29905,7.09200,0.06834,0.52030,-0.82486,31.2539967,75.7046617,1.180,244.79
143.200,1.30500,3.54795,6.48900,0.13324,-0.19979,-0.49679,31.2539883,75.7046500,1.228,237.12
143.309,1.25505,3.67995,9.95595,0.30154,-0.54491,-0.23375,31.2539883,75.7046500,1.228,237.12
143.433,3.02205,4.68300,11.11695,-0.23004,-0.00811,-0.26455,31.2539883,75.7046500,1.228,237.12
143.539,-0.95895,4.40100,8.60100,-0.12774,0.18370,-0.29975,31.2539883,75.7046500,1.228,237.12
143.647,-0.05400,2.10900,8.01405,0.44536,0.34567,-0.08140,31.2539883,75.7046500,1.228,237.12
143.753,0.46200,2.48805,6.25905,0.38473,0.26675,0.10931,31.2539883,75.7046500,1.228,237.12
143.861,0.19905,3.39495,9.02700,-0.35571,0.27321,-0.00894,31.2539883,75.7046500,1.228,237.12
143.973,1.93005,4.30005,12.01995,-1.03537,0.08992,0.27651,31.2539883,75.7046500,1.228,237.12
144.080,2.68395,3.97200,9.65595,0.40590,0.07191,0.74951,31.2539883,75.7046500,1.228,237.12
144.190,0.73500,3.38805,7.10700,0.14396,0.37648,-0.14960,31.2539767,75.7046383,1.245,242.48
144.296,0.71595,4.08495,7.50900,-0.09254,-0.14327,-0.27101,31.2539767,75.7046383,1.245,242.48
144.400,0.12195,3.79695,11.49000,0.27280,0.00797,0.03162,31.2539767,75.7046383,1.245,242.48
144.506,1.21905,5.12400,9.55800,0.12155,-0.15510,-0.15056,31.2539767,75.7046383,1.245,242.48
144.614,-0.25500,4.34100,8.50200,-0.30140,0.03135,0.01237,31.2539767,75.7046383,1.245,242.48
144.723,-0.89400,2.59095,9.70905,0.06078,-0.16363,0.49706,31.2539767,75.7046383,1.245,242.48
144.829,1.10100,3.54600,6.30495,0.55619,-0.31488,0.44907,31.2539767,75.7046383,1.245,242.48
144.937,-0.57405,3.01905,9.37905,0.02998,-0.29136,0.15084,31.2539767,75.7046383,1.245,242.48
145.045,1.48500,4.02000,9.62505,-0.60706,0.62260,0.22220,31.2539767,75.7046383,1.245,242.48
145.151,2.16900,3.14805,10.17105,0.08745,0.21354,0.22014,31.2539767,75.7046383,1.245,242.48
145.259,1.72905,2.97600,8.24595,-0.16500,0.14960,-0.74717,31.2539633,75.7046283,1.262,234.38
145.364,0.70605,3.36900,5.79705,0.22907,-0.10505,-0.58410,31.2539633,75.7046283,1.262,234.38
145.472,-0.26700,3.66795,10.14705,-0.20873,-0.23073,-0.48194,31.2539633,75.7046283,1.262,234.38
145.580,0.25905,4.77900,11.58900,0.20886,0.03245,0.17435,31.2539633,75.7046283,1.262,234.38
145.688,-1.43505,4.18305,9.00795,0.11509,0.28270,0.45980,31.2539633,75.7046283,1.262,234.38
145.795,0.72300,2.52105,8.86200,-0.14369,-0.02090,0.36176,31.2539633,75.7046283,1.262,234.38
145.901,0.35205,2.89500,5.40405,0.35063,-0.32024,0.70909,31.2539633,75.7046283,1.262,234.38
146.008,0.14100,2.86095,9.63705,-0.25657,-0.16363,0.24145,31.2539633,75.7046283,1.262,234.38
146.114,1.08705,2.97795,10.39605,-0.42061,0.82280,0.16252,31.2539633,75.7046283,1.262,234.38
146.221,0.97905,1.40505,12.60405,0.10766,0.49692,-0.02062,31.2539500,75.7046217,1.287,219.93
146.329,1.67400,2.48295,7.48500,0.20350,0.34238,-0.67471,31.2539500,75.7046217,1.287,219.93
146.436,0.63705,2.98800,5.81100,0.46351,-0.00907,-0.35406,31.2539500,75.7046217,1.287,219.93
146.543,2.07600,3.92400,9.75000,0.07260,-0.12526,-1.03373,31.2539500,75.7046217,1.287,219.93
146.651,-0.78705,4.45305,10.98300,0.74470,0.04730,-0.10051,31.2539500,75.7046217,1.287,219.93
146.759,-1.64595,4.09905,9.42705,0.46131,-0.06242,0.26373,31.2539500,75.7046217,1.287,219.93
146.864,0.10995,2.68905,8.51700,-0.12774,-0.10395,0.27129,31.2539500,75.7046217,1.287,219.93
146.969,0.06495,2.56395,6.10305,0.57530,-0.32450,0.59716,31.2539500,75.7046217,1.287,219.93
147.076,0.61095,2.91105,6.31395,-0.20226,-0.20625,0.11577,31.2539500,75.7046217,1.287,219.93
147.185,1.00605,3.43305,11.25300,-0.78925,0.56939,0.13379,31.2539367,75.7046133,1.295,218.41
147.313,2.04195,3.08595,11.03295,0.83105,0.32106,0.58011,31.2539367,75.7046133,1.295,218.41
147.419,1.91100,3.34695,5.73495,0.23018,0.53845,-0.63319,31.2539367,75.7046133,1.295,218.41
147.526,0.66300,3.37395,5.68395,-0.03616,-0.09543,-0.73549,31.2539367,75.7046133,1.295,218.41
147.634,-0.25305,3.64605,10.51395,0.05445,-0.34361,-0.26455,31.2539367,75.7046133,1.295,218.41
147.742,1.74105,5.51400,12.44295,0.03094,-0.63236,0.32670,31.2539367,75.7046133,1.295,218.41
147.853,0.18705,3.84795,9.38400,0.12581,0.03561,0.44495,31.2539367,75.7046133,1.295,218.41
147.960,0.18195,2.64300,7.59300,0.01499,0.20391,0.40233,31.2539367,75.7046133,1.295,218.41
148.066,0.38805,2.93295,5.01195,0.46461,-0.31488,0.63126,31.2539367,75.7046133,1.295,218.41
148.174,1.83900,3.77100,8.03805,-0.20130,-0.38197,0.70482,31.2539233,75.7046033,1.292,212.38
148.283,3.02205,4.19700,12.34500,-1.00980,0.54808,0.01127,31.2539233,75.7046033,1.292,212.38
148.390,1.81995,2.70600,12.87195,0.25685,0.75900,0.35640,31.2539233,75.7046033,1.292,212.38
148.499,2.40600,2.89500,6.37605,0.28669,0.40631,-0.58314,31.2539233,75.7046033,1.292,212.38
148.607,1.51305,4.05795,4.29300,0.24516,-0.22646,-0.50531,31.2539233,75.7046033,1.292,212.38
148.714,0.78495,4.14000,10.03500,-0.45691,-0.06022,-0.72270,31.2539233,75.7046033,1.292,212.38
148.821,0.52395,6.01905,11.10705,0.55082,0.07288,0.30855,31.2539233,75.7046033,1.292,212.38
148.930,-1.53795,4.06800,12.07005,0.10134,0.41278,-0.17834,31.2539233,75.7046033,1.292,212.38
149.038,1.42500,2.76105,8.96205,0.26001,-0.24984,0.62920,31.2539233,75.7046033,1.292,212.38
149.147,0.46500,2.39700,5.02605,0.45279,0.28806,0.74002,31.2539233,75.7046033,1.292,212.38
149.256,1.57095,3.05505,5.48295,-0.26620,-0.41814,0.18067,31.2539117,75.7045983,1.340,201.34
149.363,1.60695,4.60200,10.80105,-0.71899,0.51920,0.37881,31.2539117,75.7045983,1.340,201.34
149.472,-1.58100,1.75305,14.20095,-0.90970,1.52377,-0.39243,31.2539117,75.7045983,1.340,201.34
149.579,3.52695,3.03105,8.33700,-0.20226,0.00151,0.07948,31.2539117,75.7045983,1.340,201.34
149.687,0.85500,3.25905,6.25395,0.36547,-0.06132,-0.26139,,,,
149.790,0.10305,2.79600,11.21505,0.09171,-0.30635,-0.38280,,,,
149.894,0.38595,4.13205,11.69895,0.80011,-0.51411,0.44165,,,,
150.001,-1.06005,4.65900,10.31205,0.26647,0.35200,0.13062,,,,
150.106,1.43700,2.70795,11.04000,-0.02654,-0.62700,-0.03135,,,,
150.213,0.56505,2.22405,7.46100,-0.47506,-0.01980,-0.40205,31.2539000,75.7045967,1.381,211.83
150.319,0.19605,1.71195,6.68505,0.33784,-0.39160,-0.09199,31.2539000,75.7045967,1.381,211.83
150.425,0.19605,1.81995,10.56900,-0.36314,-0.27968,0.09116,31.2539000,75.7045967,1.381,211.83
150.532,1.60395,2.86605,14.97195,-1.23131,0.43835,-0.39449,31.2539000,75.7045967,1.381,211.83
150.641,3.22695,2.95500,11.38005,0.28242,0.20391,0.31914,31.2539000,75.7045967,1.381,211.83
150.749,1.14000,3.07395,4.85400,0.50394,0.20391,0.17957,31.2539000,75.7045967,1.381,211.83
150.857,0.55800,2.83005,7.65705,-0.22784,-0.08264,-0.29975,31.2539000,75.7045967,1.381,211.83
150.966,0.07200,3.74895,11.08305,0.21849,0.03561,0.31171,31.2539000,75.7045967,1.381,211.83
151.074,0.51195,2.89500,14.59605,-0.06380,0.16349,-0.03451,31.2539000,75.7045967,1.381,211.83
151.181,0.39000,2.88000,9.73095,-0.21931,-0.42886,0.52910,31.2538883,75.7045900,1.413,203.65
151.283,0.97005,2.62200,6.50100,0.60940,-0.04111,0.85814,31.2538883,75.7045900,1.413,203.65
151.389,1.04205,2.37795,5.15505,0.02888,-0.05060,0.03052,31.2538883,75.7045900,1.413,203.65
151.495,0.63900,1.85595,10.70295,-0.54312,-0.18590,-0.32423,31.2538883,75.7045900,1.413,203.65
151.605,1.25205,1.26705,17.94495,-1.53601,0.56719,-0.95920,31.2538883,75.7045900,1.413,203.65
151.729,4.71900,2.77995,8.80905,0.76395,-0.29673,0.07095,31.2538883,75.7045900,1.413,203.65
151.835,1.26900,2.81295,4.74600,0.33784,0.36699,-0.55536,31.2538883,75.7045900,1.413,203.65
151.943,0.02895,3.06195,9.22095,0.13324,-0.64501,-0.51604,31.2538883,75.7045900,1.413,203.65
152.052,0.64905,4.49895,10.72200,0.31116,0.14424,-0.11124,31.2538883,75.7045900,1.413,203.65
152.160,-2.35500,2.89200,11.70600,0.03630,0.60981,-0.04084,31.2538783,75.7045867,1.427,206.80
152.271,-0.58095,2.35095,9.21405,-0.20446,-0.18920,0.18178,31.2538783,75.7045867,1.427,206.80
152.379,1.59705,2.94300,5.95500,0.88743,-0.38087,0.55454,31.2538783,75.7045867,1.427,206.80
152.487,-0.19500,2.83995,7.14495,0.30154,-0.31488,-0.33591,31.2538783,75.7045867,1.427,206.80
152.595,0.27795,3.69900,9.61095,-0.51342,0.50751,0.13379,31.2538783,75.7045867,1.427,206.80
152.703,0.34500,2.42295,14.48805,-0.22041,0.92936,0.14877,31.2538783,75.7045867,1.427,206.80
152.826,1.85805,2.72700,7.42695,0.19401,0.22206,-0.75570,31.2538783,75.7045867,1.427,206.80
152.933,0.83805,2.99295,4.79400,0.22591,-0.27541,-0.78554,31.2538783,75.7045867,1.427,206.80
153.041,-0.56595,3.53205,9.79095,0.04592,-0.06449,-0.24750,31.2538783,75.7045867,1.427,206.80
153.148,0.21600,4.78095,11.27295,-0.73810,-0.18164,0.04758,31.2538783,75.7045867,1.427,206.80
153.253,0.63495,2.72700,12.56100,0.12471,0.32533,0.50353,31.2538683,75.7045767,1.411,214.98
153.384,-0.99705,2.50005,6.02205,0.20776,0.26579,0.67072,31.2538683,75.7045767,1.411,214.98
153.492,1.03005,2.83200,7.07100,0.19827,-0.05170,0.49074,31.2538683,75.7045767,1.411,214.98
153.600,0.22800,2.84895,9.88395,-0.11605,-0.12843,0.17009,31.2538683,75.7045767,1.411,214.98
153.708,3.00000,3.22305,10.72695,-0.64336,-0.37661,0.04331,31.2538683,75.7045767,1.411,214.98
153.815,4.35000,2.70300,12.00300,0.11729,-0.37029,0.14767,31.2538683,75.7045767,1.411,214.98
153.923,0.57705,2.89500,6.47505,0.17696,0.72160,-0.56072,31.2538683,75.7045767,1.411,214.98
154.031,0.60105,3.66600,6.61800,-0.17243,-0.06339,-0.46269,31.2538683,75.7045767,1.411,214.98
154.138,-0.81105,4.50405,10.47495,-0.03506,0.20927,-0.22193,31.2538683,75.7045767,1.411,214.98
154.245,-0.13500,4.25205,14.43300,0.11839,-1.10316,0.18384,31.2538600,75.7045683,1.399,203.78
154.353,0.91500,3.32100,9.56805,0.84054,-0.18164,0.89650,31.2538600,75.7045683,1.399,203.78
154.461,0.75705,2.76795,7.37505,0.40274,0.38390,0.79530,31.2538600,75.7045683,1.399,203.78
154.569,1.36200,3.45000,5.23905,0.06930,0.13997,0.76876,31.2538600,75.7045683,1.399,203.78
154.676,1.06305,3.87900,8.48595,-0.55275,-0.02406,-0.14314,31.2538600,75.7045683,1.399,203.78
154.783,1.64505,3.80205,9.40305,-0.52401,0.22949,0.08690,31.2538600,75.7045683,1.399,203.78
154.889,2.51400,3.31095,13.03905,-0.33014,0.06119,-0.22949,31.2538600,75.7045683,1.399,203.78
154.997,1.73595,3.14100,6.93900,-0.08085,0.84095,-1.01131,31.2538600,75.7045683,1.399,203.78
155.105,-0.27195,3.54600,6.01995,0.21313,0.22206,-0.65134,31.2538600,75.7045683,1.399,203.78
155.213,-0.03195,4.20000,8.98095,0.07892,0.07934,-0.76202,31.2538500,75.7045633,1.389,200.77
155.319,0.05505,4.50105,12.07695,-0.09364,-0.46076,-0.02172,31.2538500,75.7045633,1.389,200.77
155.426,-1.52205,2.35605,10.28100,-0.09474,0.80795,-0.13035,31.2538500,75.7045633,1.389,200.77
155.534,-1.57905,2.33700,9.13200,-0.17243,-0.78251,0.74209,31.2538500,75.7045633,1.389,200.77
155.642,0.65100,2.78205,7.18995,0.13544,-0.25946,0.48001,31.2538500,75.7045633,1.389,200.77
155.750,0.47895,1.34100,7.25295,-0.12884,-0.13901,-0.35626,31.2538500,75.7045633,1.389,200.77
155.854,0.57705,2.13105,10.69995,-0.76684,-0.56939,-0.24750,31.2538500,75.7045633,1.389,200.77
155.958,0.49605,-0.04200,16.12800,-0.55495,0.16885,-0.55220,31.2538500,75.7045633,1.389,200.77
156.065,2.69595,1.12995,9.02205,-0.03396,0.41168,-0.79612,31.2538500,75.7045633,1.389,200.77
156.173,0.20805,2.06895,5.38500,0.28023,0.26249,-0.35200,31.2538383,75.7045583,1.370,221.12
156.280,0.65895,2.49495,9.56295,-0.09790,-0.13805,-0.35626,31.2538383,75.7045583,1.370,221.12
156.388,0.65400,3.12495,13.02300,0.40590,-0.41291,0.23829,31.2538383,75.7045583,1.370,221.12
156.494,0.01695,1.56300,13.81005,0.58713,0.32959,0.32876,31.2538383,75.7045583,1.370,221.12
156.602,1.48500,1.55595,9.12495,0.68186,-0.20831,0.74855,31.2538383,75.7045583,1.370,221.12
156.710,0.79695,1.75695,6.56805,0.97694,0.02172,0.66110,31.2538383,75.7045583,1.370,221.12
156.816,0.92700,2.47095,5.00700,0.31859,0.01650,0.22866,31.2538383,75.7045583,1.370,221.12
156.924,1.47000,1.94700,10.83405,-0.78183,-0.61421,0.01237,31.2538383,75.7045583,1.370,221.12
157.030,3.64605,2.73195,13.35300,-1.68836,0.17834,-0.42116,31.2538383,75.7045583,1.370,221.12
157.135,4.03695,2.67000,11.02800,-0.07123,-0.33715,-0.32216,31.2538383,75.7045583,1.370,221.12
157.243,0.37605,1.87995,6.57300,0.40067,0.45746,-0.86322,31.2538300,75.7045483,1.364,228.69
157.349,0.85695,2.33205,6.03195,0.15565,-0.45966,-0.66619,31.2538300,75.7045483,1.364,228.69
157.456,-0.27705,3.08595,11.14800,-0.03932,-0.01017,-0.02489,31.2538300,75.7045483,1.364,228.69
157.563,2.16900,3.71100,15.98895,-0.14795,-0.70042,0.39696,31.2538300,75.7045483,1.364,228.69
157.670,1.03905,2.54805,11.75595,0.44426,-0.13159,0.56732,31.2538300,75.7045483,1.364,228.69
157.778,0.59100,1.52295,7.47495,0.86295,0.30305,0.76340,31.2538300,75.7045483,1.364,228.69
157.886,1.24005,1.89600,4.39605,0.93005,-0.15936,0.66220,31.2538300,75.7045483,1.364,228.69
157.993,1.95105,1.76205,6.80700,-0.62521,-0.01017,-0.11646,31.2538300,75.7045483,1.364,228.69
158.100,2.00595,2.23095,11.53095,-1.32082,0.81854,0.10395,31.2538300,75.7045483,1.364,228.69
158.208,2.16195,2.12895,13.38405,-0.30346,0.45004,-0.19003,31.2538233,75.7045433,1.334,212.22
158.316,2.32200,2.51205,6.97005,0.30374,0.06861,-0.61930,31.2538233,75.7045433,1.334,212.22
158.423,-0.39405,2.23095,5.99295,-0.08305,-0.06022,-0.72366,31.2538233,75.7045433,1.334,212.22
158.530,-0.49695,2.10195,12.37095,-0.23100,-0.26799,-0.21244,31.2538233,75.7045433,1.334,212.22
158.637,1.21905,3.35205,12.11100,1.02699,0.20501,0.52057,31.2538233,75.7045433,1.334,212.22
158.744,-0.11400,3.08400,9.18195,0.73301,0.20818,0.51837,31.2538233,75.7045433,1.334,212.22
158.850,0.81195,2.26995,9.82395,0.02998,-0.28820,0.45980,31.2538233,75.7045433,1.334,212.22
158.958,1.27095,2.37795,6.19905,0.81496,0.04304,0.72930,31.2538233,75.7045433,1.334,212.22
159.064,0.57705,3.86205,7.01805,0.04702,0.08140,-0.08772,31.2538233,75.7045433,1.334,212.22
159.172,1.04595,5.28195,9.27795,0.65202,0.31790,0.07521,31.2538133,75.7045367,1.280,225.20
159.278,1.62600,2.76300,11.68395,-1.18979,0.86873,-0.63319,31.2538133,75.7045367,1.280,225.20
159.386,4.36500,2.80395,10.58100,-0.02970,-0.99976,0.27651,31.2538133,75.7045367,1.280,225.20
159.492,-0.01305,2.99295,8.30400,0.04056,0.12196,-0.08456,31.2538133,75.7045367,1.280,225.20
159.600,0.45000,3.98205,7.30995,-0.16184,-0.01870,-0.27734,31.2538133,75.7045367,1.280,225.20
159.708,-0.14505,4.77195,10.28100,0.02888,0.53102,-0.07920,31.2538133,75.7045367,1.280,225.20
159.816,0.93405,4.37205,11.99805,-0.08085,-0.02516,-0.00247,31.2538133,75.7045367,1.280,225.20
159.923,0.17505,3.75705,8.56695,0.02035,-0.38307,0.09872,31.2538133,75.7045367,1.280,225.20
160.031,-0.42495,2.50395,8.12895,-0.16610,-0.09652,0.07205,31.2538133,75.7045367,1.280,225.20
160.139,1.10595,3.09105,6.84105,0.08539,-0.31171,-0.20391,31.2538133,75.7045367,1.280,225.20
160.247,-1.07595,2.67705,8.79900,-0.16294,-0.04854,-0.37111,31.2538050,75.7045300,1.244,229.86
160.352,-0.64995,3.52005,12.11100,-0.61242,-0.00055,-0.18576,31.2538050,75.7045300,1.244,229.86
160.460,1.03695,2.14305,13.13295,0.51246,0.27005,0.29040,31.2538050,75.7045300,1.244,229.86
160.568,2.50395,3.34995,4.65495,0.53171,0.02929,-0.24860,31.2538050,75.7045300,1.244,229.86
160.676,0.63495,3.33000,6.60405,-0.16184,-0.29466,-0.66193,31.2538050,75.7045300,1.244,229.86
160.784,-0.23595,3.59595,11.25795,-0.27472,-0.02612,-0.08566,31.2538050,75.7045300,1.244,229.86
160.891,1.31505,4.36905,14.17005,-0.09790,-0.44055,0.32244,31.2538050,75.7045300,1.244,229.86
160.997,-0.46095,3.76095,8.52195,0.14822,0.00797,0.14135,31.2538050,75.7045300,1.244,229.86
161.104,0.25095,2.47800,8.92605,-0.05844,-0.27651,0.30209,31.2538050,75.7045300,1.244,229.86
161.212,0.88800,2.71695,6.35505,0.53267,-0.17847,0.38734,31.2537917,75.7045183,1.213,218.93
161.320,0.63705,3.07695,7.87995,0.04909,0.03451,0.17105,31.2537917,75.7045183,1.213,218.93
161.427,0.37095,3.13605,12.67095,-0.51549,0.13145,0.45444,31.2537917,75.7045183,1.213,218.93
161.534,0.97695,2.56695,13.47795,-0.00949,0.84838,0.49816,31.2537917,75.7045183,1.213,218.93
161.642,2.47995,2.93100,7.99005,0.24296,0.23059,-0.21766,31.2537917,75.7045183,1.213,218.93
161.746,1.33095,3.11505,4.63605,0.40810,0.01114,-0.28160,31.2537917,75.7045183,1.213,218.93
161.849,0.87405,3.58695,7.59300,-0.36534,-0.31378,-0.50531,31.2537917,75.7045183,1.213,218.93
161.952,0.18405,4.65195,11.49000,0.09488,0.01746,0.25314,31.2537917,75.7045183,1.213,218.93
162.059,0.26295,3.85995,13.59495,-0.07123,0.06655,-0.08456,31.2537917,75.7045183,1.213,218.93
162.167,0.08205,4.02495,8.33700,0.17902,-0.46076,0.41085,31.2537800,75.7045117,1.183,212.74
162.274,-0.13500,2.37000,8.89500,0.59235,0.12939,0.42034,31.2537800,75.7045117,1.183,212.74
162.383,1.47495,3.12705,5.54100,0.27170,-0.08690,0.15400,31.2537800,75.7045117,1.183,212.74
162.489,1.79100,2.79900,8.64405,-1.30597,-0.65780,-0.49472,31.2537800,75.7045117,1.183,212.74
162.597,2.22705,2.67900,11.73195,-0.82019,0.67911,0.13062,31.2537800,75.7045117,1.183,212.74
162.705,2.78505,2.02605,12.50595,0.30154,0.75254,0.17957,31.2537800,75.7045117,1.183,212.74
162.813,2.33205,2.94705,5.60100,0.78623,-0.01554,-0.49362,31.2537800,75.7045117,1.183,212.74
162.922,1.51305,3.24705,5.72295,-0.16184,-0.60885,-1.13382,31.2537800,75.7045117,1.183,212.74
163.030,-0.72405,2.75805,11.49795,-0.35681,0.06765,-0.70235,31.2537800,75.7045117,1.183,212.74
163.138,1.12500,4.37700,11.72505,0.07686,-0.13049,0.17957,31.2537800,75.7045117,1.183,212.74
163.247,-0.33900,3.91905,10.02495,0.32505,0.27005,0.26702,31.2537700,75.7045050,1.130,228.11
163.352,0.52005,1.70205,11.74200,-0.09790,-0.25946,-0.31886,31.2537700,75.7045050,1.130,228.11
163.460,0.07905,2.15700,6.89595,0.77454,-0.04001,0.46090,31.2537700,75.7045050,1.130,228.11
163.567,0.21105,2.58600,6.20895,0.23554,-0.10395,0.36713,31.2537700,75.7045050,1.130,228.11
163.673,1.25205,3.35700,10.00395,-0.30250,-0.28284,0.36176,31.2537700,75.7045050,1.130,228.11
163.781,1.31700,1.30995,18.97005,-1.59142,0.06119,-0.72366,31.2537700,75.7045050,1.130,228.11
163.889,5.08500,3.13605,8.86395,0.93967,-0.54491,0.37249,31.2537700,75.7045050,1.130,228.11
163.997,0.64395,3.16305,5.75895,0.63498,0.35420,-0.35943,31.2537700,75.7045050,1.130,228.11
164.105,1.59495,4.42695,7.39605,-0.09048,-0.23169,-0.27101,31.2537700,75.7045050,1.130,228.11
164.213,-0.05205,5.11395,10.84605,0.10986,0.15496,-0.01526,31.2537650,75.7044983,1.124,231.33
164.321,0.66600,4.36200,11.77305,-0.06064,-0.09006,-0.04730,31.2537650,75.7044983,1.124,231.33
164.429,-0.13305,3.22500,8.69595,0.02241,0.00041,0.28504,31.2537650,75.7044983,1.124,231.33
164.537,0.02595,2.48805,8.36400,0.10656,0.35943,0.54931,31.2537650,75.7044983,1.124,231.33
164.643,1.18800,3.42900,5.38305,0.04056,-0.07521,0.38307,31.2537650,75.7044983,1.124,231.33
164.751,0.61095,3.52200,8.95695,-0.72641,-0.05596,-0.33275,31.2537650,75.7044983,1.124,231.33
164.859,1.49205,3.85005,11.51205,-0.60816,0.02819,-0.18466,31.2537650,75.7044983,1.124,231.33
164.983,1.26405,2.51595,12.93405,-0.07769,0.31474,-0.10477,31.2537650,75.7044983,1.124,231.33
165.088,1.93905,2.15700,8.08800,0.25465,0.13997,-0.52882,31.2537650,75.7044983,1.124,231.33
165.193,0.73305,2.55195,5.22000,0.22165,-0.18274,-0.64707,31.2537567,75.7044883,1.107,233.01
165.301,0.19395,3.24405,8.06700,-0.61462,-0.06765,-0.74607,31.2537567,75.7044883,1.107,233.01
165.409,0.97695,4.09395,11.39205,0.26854,-0.34898,0.27225,31.2537567,75.7044883,1.107,233.01
165.521,-0.17805,3.10995,11.88495,0.24723,0.11976,-0.07920,31.2537567,75.7044883,1.107,233.01
165.626,1.03695,2.73405,10.68795,-0.27692,-0.50985,0.16679,31.2537567,75.7044883,1.107,233.01
165.729,0.58695,2.24595,8.36595,0.58602,0.03878,0.57269,31.2537567,75.7044883,1.107,233.01
165.836,1.17105,2.94495,6.20205,0.18549,-0.16363,0.12856,31.2537567,75.7044883,1.107,233.01
165.945,0.55800,3.16800,8.05695,0.04909,-0.12526,0.01774,31.2537567,75.7044883,1.107,233.01
166.053,1.87695,3.17505,11.76300,-0.82445,0.12403,0.04758,31.2537567,75.7044883,1.107,233.01
166.160,1.70505,2.62905,11.97600,0.25369,0.46283,0.71541,31.2537567,75.7044883,1.107,233.01
166.268,1.45800,2.27700,6.52995,0.06724,0.46283,-0.41264,31.2537450,75.7044800,1.111,220.76
166.376,1.73100,2.89695,6.04395,-0.01691,-0.23705,-0.26345,31.2537450,75.7044800,1.111,220.76
166.485,0.55605,2.82300,10.39905,-0.54106,0.28916,-0.32533,31.2537450,75.7044800,1.111,220.76
166.592,2.17395,4.58295,11.02095,0.51989,-0.46076,0.34045,31.2537450,75.7044800,1.111,220.76
166.701,-0.09195,3.48405,12.21600,0.05335,0.27747,-0.08346,31.2537450,75.7044800,1.111,220.76
166.809,1.77705,2.60295,10.00800,0.02668,-0.56939,-0.12072,31.2537450,75.7044800,1.111,220.76
166.916,0.52395,2.50695,6.67305,0.66798,-0.08896,0.13915,31.2537450,75.7044800,1.111,220.76
167.024,0.64395,2.58105,7.27695,0.18012,-0.11028,-0.15386,31.2537450,75.7044800,1.111,220.76
167.132,1.06995,3.10095,10.44705,-0.36424,-0.15936,0.07095,31.2537450,75.7044800,1.111,220.76
167.239,0.88395,1.96305,13.96800,-1.03317,0.67155,-0.13461,31.2537367,75.7044700,1.110,234.36
167.347,5.27205,3.03795,9.56805,0.84274,-0.39160,0.78677,31.2537367,75.7044700,1.110,234.36
167.453,1.80300,2.72505,8.10300,-0.11069,0.54271,-0.47341,31.2537367,75.7044700,1.110,234.36
167.560,0.84495,3.07395,6.34800,-0.13736,-0.02406,-0.56182,31.2537367,75.7044700,1.110,234.36
167.667,0.34995,3.56295,10.32705,-0.07232,-0.02722,-0.16555,31.2537367,75.7044700,1.110,234.36
167.775,1.31205,4.38900,10.56405,0.24612,-0.02516,0.09446,31.2537367,75.7044700,1.110,234.36
167.883,-0.88005,4.08705,9.23700,0.21106,-0.01237,0.38197,31.2537367,75.7044700,1.110,234.36
167.987,1.62105,2.79600,10.95900,0.35379,-0.30525,0.42364,31.2537367,75.7044700,1.110,234.36
168.095,0.94605,2.70300,5.83095,0.58713,-0.13475,0.51205,31.2537367,75.7044700,1.110,234.36
168.202,1.37400,2.62695,7.30800,0.00536,0.01224,-0.02599,31.2537300,75.7044600,1.118,234.58
168.309,1.46505,3.08895,10.72695,-0.47712,-0.05816,0.21367,31.2537300,75.7044600,1.118,234.58
168.417,2.09505,2.28900,14.53800,-1.19831,0.50009,-0.39132,31.2537300,75.7044600,1.118,234.58
168.525,3.99795,2.78505,9.45300,0.84274,-0.34471,0.19993,31.2537300,75.7044600,1.118,234.58
168.633,0.52005,2.91105,6.34005,0.36437,0.14960,-0.13255,31.2537300,75.7044600,1.118,234.58
168.741,0.92895,3.46200,8.12700,0.01925,-0.21684,0.00921,31.2537300,75.7044600,1.118,234.58
168.849,0.87900,4.18800,10.10700,0.05651,0.36272,0.29356,31.2537300,75.7044600,1.118,234.58
168.957,2.04000,3.83805,11.87295,-0.07879,-0.28078,0.49280,31.2537300,75.7044600,1.118,234.58
169.065,1.03395,3.90495,9.14595,-0.20336,-0.31061,0.59290,31.2537300,75.7044600,1.118,234.58
169.168,1.74105,3.19395,9.11295,0.39215,0.08140,0.39696,31.2537217,75.7044533,1.128,220.22
169.276,0.62505,3.63000,6.56100,0.62961,0.00687,-0.32642,31.2537217,75.7044533,1.128,220.22
169.400,-0.14295,3.95295,8.05695,-0.17036,0.28064,-0.60541,31.2537217,75.7044533,1.128,220.22
169.508,1.87005,4.39095,11.39205,-0.89581,0.01856,-0.04084,31.2537217,75.7044533,1.128,220.22
169.616,1.00305,3.42105,10.86600,0.24090,0.08566,0.21587,31.2537217,75.7044533,1.128,220.22
169.724,1.83600,3.16800,7.84395,0.03740,0.20501,-0.30511,31.2537217,75.7044533,1.128,220.22
169.827,0.75705,3.65595,5.50500,0.19498,0.07288,-0.27198,31.2537217,75.7044533,1.128,220.22
169.931,0.63495,4.21905,7.73205,-0.23636,0.10917,-0.27417,31.2537217,75.7044533,1.128,220.22
170.038,0.55995,5.01600,11.38695,-0.01265,0.10381,0.34045,31.2537217,75.7044533,1.128,220.22
170.146,0.00000,3.80700,11.08800,-0.15015,0.18370,0.30855,31.2537217,75.7044533,1.128,220.22
170.253,0.04095,3.67995,8.98605,-0.16720,-0.33715,0.78581,31.2537150,75.7044467,1.097,237.63
170.361,0.16800,3.18405,7.83705,0.26001,-0.10821,0.88591,31.2537150,75.7044467,1.097,237.63
170.469,0.97200,3.23205,8.14305,0.06297,-0.15606,0.31598,31.2537150,75.7044467,1.097,237.63
170.577,0.72600,2.72505,10.99995,-0.41113,0.11866,0.06463,31.2537150,75.7044467,1.097,237.63
170.685,2.45400,3.40905,9.34995,-0.73604,0.31584,0.05074,31.2537150,75.7044467,1.097,237.63
170.794,1.42500,2.66505,10.81305,-0.27156,0.30195,-0.05472,31.2537150,75.7044467,1.097,237.63
170.902,1.67805,2.84400,7.39905,0.38899,0.09419,-0.22839,31.2537150,75.7044467,1.097,237.63
171.010,0.82800,2.82000,5.80200,0.35915,-0.14231,-0.25286,31.2537150,75.7044467,1.097,237.63
171.116,1.15905,3.29895,8.77500,-0.41539,0.01224,-0.49143,,,,
171.220,0.51705,4.18800,11.28495,0.24186,-0.07301,0.28724,31.2537083,75.7044400,1.063,231.62
171.327,0.77805,3.33495,13.21200,-0.22894,-0.44798,0.30319,31.2537083,75.7044400,1.063,231.62
171.435,0.63900,2.34900,10.77000,-0.03396,-0.27968,0.52374,31.2537083,75.7044400,1.063,231.62
171.543,0.90495,2.62695,6.61800,0.60514,-0.33083,0.75171,31.2537083,75.7044400,1.063,231.62
171.650,0.84495,2.45700,7.95405,0.11412,-0.12636,0.13172,31.2537083,75.7044400,1.063,231.62
171.755,0.59895,2.59995,9.65400,-0.35998,0.16033,0.09652,31.2537083,75.7044400,1.063,231.62
171.863,2.15205,3.32100,10.98495,-0.64543,0.23595,-0.06215,31.2537083,75.7044400,1.063,231.62
171.972,3.27300,2.08305,12.08205,0.12265,-0.15400,0.35324,31.2537083,75.7044400,1.063,231.62
172.081,1.29795,2.71005,5.93595,0.34210,0.44578,-0.45526,31.2537083,75.7044400,1.063,231.62
172.188,0.80205,3.13905,6.11100,-0.05528,-0.02832,-0.51274,31.2537033,75.7044367,1.039,196.90
172.293,0.54405,3.70605,9.93405,-0.12980,0.01650,-0.27198,31.2537033,75.7044367,1.039,196.90
172.401,1.07505,4.26195,11.76105,0.00536,0.04098,-0.08140,31.2537033,75.7044367,1.039,196.90
172.509,-0.57600,2.87595,10.00605,0.45499,0.42336,0.40012,31.2537033,75.7044367,1.039,196.90
172.617,0.98205,1.91295,10.69095,0.28875,0.06655,0.34265,31.2537033,75.7044367,1.039,196.90
172.724,1.12305,2.88000,6.87195,0.60734,0.15386,0.19566,31.2537033,75.7044367,1.039,196.90
172.831,0.58695,3.40005,6.12495,0.09914,0.08676,-0.24860,31.2537033,75.7044367,1.039,196.90
172.940,0.17700,4.68300,7.94895,-0.30992,-0.30525,-0.33495,31.2537033,75.7044367,1.039,196.90
173.049,2.76105,4.98195,10.55895,-0.33124,-0.47465,-0.70661,31.2537033,75.7044367,1.039,196.90
173.158,-0.67905,3.10500,7.79400,0.54230,0.12829,0.16582,31.2537033,75.7044367,1.039,196.90
173.275,0.11700,3.42600,6.91005,0.09061,0.21037,-0.22193,31.2536917,75.7044367,1.052,195.73
173.383,0.39495,3.86700,7.52595,0.04276,-0.00055,-0.21450,31.2536917,75.7044367,1.052,195.73
173.491,-0.52605,4.56600,10.05405,-0.02118,0.19759,0.05706,31.2536917,75.7044367,1.052,195.73
173.598,0.41400,4.15200,12.00300,-0.43560,0.36479,-0.37427,31.2536917,75.7044367,1.052,195.73
173.706,-1.37595,3.68205,9.37605,0.36974,-0.25946,0.26799,31.2536917,75.7044367,1.052,195.73
173.834,-0.74100,2.59995,7.28100,0.59978,-0.13585,0.61421,31.2536917,75.7044367,1.052,195.73
173.942,-0.29805,3.16305,6.95805,0.18549,-0.05816,0.32450,31.2536917,75.7044367,1.052,195.73
174.049,0.08205,3.86895,9.08400,0.15565,-0.33619,0.06036,31.2536917,75.7044367,1.052,195.73
174.157,1.14900,2.67705,12.41505,-1.08859,-0.07301,-0.53515,31.2536917,75.7044367,1.052,195.73
174.264,1.73100,3.43800,9.05100,0.34843,-0.44055,0.51947,31.2536817,75.7044350,1.053,213.16
174.371,0.28500,2.95500,8.19405,0.09914,0.24764,-0.14630,31.2536817,75.7044350,1.053,213.16
174.479,0.71805,4.12800,6.22095,0.30374,-0.23279,-0.09419,31.2536817,75.7044350,1.053,213.16
174.586,0.28005,4.52295,10.24305,-0.14052,-0.06559,-0.24860,31.2536817,75.7044350,1.053,213.16
174.693,1.14705,4.97505,11.28900,-0.09364,-0.10601,-0.22523,31.2536817,75.7044350,1.053,213.16
174.801,-1.27305,4.08495,8.13600,0.13214,0.06971,0.34045,31.2536817,75.7044350,1.053,213.16
174.909,0.33300,2.82495,9.88605,-0.32904,-0.25630,0.24571,31.2536817,75.7044350,1.053,213.16
175.017,0.76395,3.19395,7.10895,0.60624,-0.44688,0.53969,31.2536817,75.7044350,1.053,213.16
175.125,0.22995,3.05295,8.94495,-0.04469,-0.02090,-0.49679,31.2536817,75.7044350,1.053,213.16
175.231,1.03005,2.73405,10.84395,-0.38871,0.11550,-0.17930,31.2536700,75.7044283,1.074,205.67
175.337,1.97100,3.23205,12.08205,-0.12128,0.21670,0.01884,31.2536700,75.7044283,1.074,205.67
175.446,3.40905,2.85900,11.95200,-0.62837,-0.37455,-1.22540,31.2536700,75.7044283,1.074,205.67
175.553,0.54795,3.33795,5.82300,0.24942,0.01650,-0.51810,31.2536700,75.7044283,1.074,205.67
175.660,0.16500,3.77805,7.59000,-0.18741,-0.20199,-0.47231,31.2536700,75.7044283,1.074,205.67
175.768,-0.29100,4.86495,10.20195,-0.03932,-0.01237,0.08690,31.2536700,75.7044283,1.074,205.67
175.876,-0.85095,3.12705,13.62405,-0.66467,-0.04634,-0.03658,31.2536700,75.7044283,1.074,205.67
175.982,0.26595,2.35800,11.14305,-0.13942,0.07191,0.48318,31.2536700,75.7044283,1.074,205.67
176.090,0.27300,2.03805,7.35795,0.52635,0.19539,0.63236,31.2536700,75.7044283,1.074,205.67
176.198,0.90705,2.35095,7.36800,0.15771,-0.02929,0.02942,31.2536600,75.7044250,1.064,203.27
176.305,0.10995,2.63805,9.94605,-0.16294,-0.25520,-0.24970,31.2536600,75.7044250,1.064,203.27
176.414,1.55595,1.84095,12.52695,-0.86488,0.10161,-0.41800,31.2536600,75.7044250,1.064,203.27
176.522,2.76495,1.34805,13.20000,-0.31309,-0.13049,-0.34980,31.2536600,75.7044250,1.064,203.27
176.629,1.03905,2.80605,7.47300,0.29191,0.14754,-0.17614,31.2536600,75.7044250,1.064,203.27
176.737,0.46500,3.40200,7.03500,0.08112,0.02709,-0.26881,31.2536600,75.7044250,1.064,203.27
176.845,-0.00105,3.54600,10.40295,-0.03190,-0.06985,-0.07604,31.2536600,75.7044250,1.064,203.27
176.953,1.59195,4.07505,9.44595,-0.55069,-0.29989,0.08264,31.2536600,75.7044250,1.064,203.27
177.056,-1.11195,2.08305,11.55705,0.30580,0.53199,0.77082,31.2536600,75.7044250,1.064,203.27
177.163,0.36600,1.82205,8.47095,0.23664,0.22839,0.57159,31.2536483,75.7044183,1.074,218.03
177.271,0.90705,2.67900,5.78295,0.54876,0.01540,0.62067,31.2536483,75.7044183,1.074,218.03
177.373,1.32405,3.24705,8.27505,-0.51232,-0.25300,-0.19003,31.2536483,75.7044183,1.074,218.03
177.476,1.03005,1.83900,12.64905,-1.24946,0.29122,-0.65876,31.2536483,75.7044183,1.074,218.03
177.579,0.75900,0.08895,12.43605,0.09914,0.30511,-0.11014,31.2536483,75.7044183,1.074,218.03
177.682,1.03395,1.19205,9.27105,0.15249,0.28806,-0.57888,31.2536483,75.7044183,1.074,218.03
177.790,0.27300,2.69400,6.17505,0.44962,0.17201,-0.26771,31.2536483,75.7044183,1.074,218.03
177.898,0.52005,2.75595,9.20400,0.08429,-0.06339,-0.32533,31.2536483,75.7044183,1.074,218.03
178.005,0.47700,3.51705,11.27700,0.41236,-0.17421,-0.11330,31.2536483,75.7044183,1.074,218.03
178.110,-0.78405,2.49195,12.90300,-0.62521,-0.09859,-0.30291,31.2536483,75.7044183,1.074,218.03
178.214,-0.50400,1.97505,9.52995,0.09914,-0.29783,0.16582,31.2536400,75.7044083,1.086,223.15
178.323,-0.42705,2.08800,7.69995,0.53914,-0.10711,0.50875,31.2536400,75.7044083,1.086,223.15
178.430,0.03105,2.71995,7.81995,0.25575,-0.16142,0.21587,31.2536400,75.7044083,1.086,223.15
178.538,0.18900,3.17505,10.21005,0.02035,-0.10505,-0.01636,31.2536400,75.7044083,1.086,223.15
178.646,2.52600,2.78895,11.54100,-0.71679,-0.73136,-0.23691,31.2536400,75.7044083,1.086,223.15
178.754,2.68905,2.18805,10.31205,0.16954,-0.01870,-0.05582,31.2536400,75.7044083,1.086,223.15
178.861,1.31895,3.09600,6.91695,0.32505,0.23801,-0.09199,31.2536400,75.7044083,1.086,223.15
178.970,0.93900,4.09905,7.06605,-0.04359,0.04098,-0.17504,31.2536400,75.7044083,1.086,223.15
179.076,0.73005,4.87905,10.46100,0.01072,0.39146,0.05500,31.2536400,75.7044083,1.086,223.15
179.185,0.52695,3.96495,11.28495,-0.38665,0.30085,-0.19539,31.2536317,75.7044017,1.083,222.02
179.293,-0.89400,3.38100,9.52005,-0.33440,-0.15180,0.34375,31.2536317,75.7044017,1.083,222.02
179.400,0.06000,2.41095,7.90605,0.02888,0.07934,0.60679,31.2536317,75.7044017,1.083,222.02
179.509,0.38100,3.12000,6.39795,0.00536,-0.20295,0.34155,31.2536317,75.7044017,1.083,222.02
179.617,-0.10395,3.54600,9.16800,-0.03080,-0.12100,0.25204,31.2536317,75.7044017,1.083,222.02
179.724,0.61800,3.12900,11.21505,-0.79035,0.08030,0.17641,31.2536317,75.7044017,1.083,222.02
179.832,0.38805,2.33205,10.51800,0.24296,0.60665,0.37881,31.2536317,75.7044017,1.083,222.02
179.940,1.38195,2.35395,9.07200,0.19401,0.69506,-0.24434,31.2536317,75.7044017,1.083,222.02
180.047,0.58695,3.08895,5.66505,0.61586,0.19003,-0.13145,31.2536317,75.7044017,1.083,222.02
180.155,-0.00600,3.44295,8.24100,-0.01155,-0.19979,-0.05362,31.2536317,75.7044017,1.083,222.02
180.264,0.64905,4.75005,11.41605,0.17806,-0.85497,0.24035,31.2536233,75.7043933,1.093,232.28
180.371,-1.49295,3.57705,9.55605,-0.21395,0.29879,0.36396,31.2536233,75.7043933,1.093,232.28
180.489,0.22995,2.34195,8.77800,-0.24805,0.56086,0.54615,31.2536233,75.7043933,1.093,232.28
180.596,0.26295,2.62905,6.77895,0.14822,-0.06242,0.58231,31.2536233,75.7043933,1.093,232.28
180.704,-0.03705,3.04095,8.11695,0.02888,0.15496,0.29686,31.2536233,75.7043933,1.093,232.28
180.815,-0.10200,3.97395,10.26195,-0.17779,0.22742,0.08690,31.2536233,75.7043933,1.093,232.28
180.923,0.83805,1.01295,14.57895,-0.30882,0.49692,-0.49362,31.2536233,75.7043933,1.093,232.28
181.043,1.04895,1.71195,10.05405,0.26221,-0.04001,-0.35090,31.2536233,75.7043933,1.093,232.28
181.148,0.56295,2.53800,6.94095,0.54876,-0.27225,-0.00467,31.2536133,75.7043850,1.123,197.62
181.254,0.43305,3.21795,9.45105,-0.01375,0.29342,-0.13887,31.2536133,75.7043850,1.123,197.62
181.362,1.20405,4.15395,10.23795,0.08209,-0.00811,0.00605,31.2536133,75.7043850,1.123,197.62
181.469,-2.02005,2.49495,11.52195,-0.39518,0.52140,-0.07494,31.2536133,75.7043850,1.123,197.62
181.586,-0.45900,2.20800,8.33700,-0.13406,0.01746,0.30855,31.2536133,75.7043850,1.123,197.62
181.693,-0.09900,2.51205,6.56595,0.20776,-0.24778,0.52910,31.2536133,75.7043850,1.123,197.62
181.802,0.07200,2.61900,9.35505,-0.25025,-0.04744,0.03369,31.2536133,75.7043850,1.123,197.62
181.909,1.13700,1.73595,11.29395,-0.22151,0.23375,0.00811,31.2536133,75.7043850,1.123,197.62
182.017,-0.37200,2.23605,11.37495,0.09804,0.56719,-0.46172,31.2536133,75.7043850,1.123,197.62
182.140,0.79695,2.76495,8.84205,0.39737,0.60445,-0.25506,31.2536133,75.7043850,1.123,197.62
182.246,1.27605,3.41895,5.71095,0.32395,-0.20721,-0.19209,31.2536017,75.7043783,1.148,193.23
182.354,0.14895,3.86400,9.28800,-0.04469,-0.09859,-0.05899,31.2536017,75.7043783,1.148,193.23
182.461,0.21105,4.51605,11.56695,0.33564,0.04840,0.03259,31.2536017,75.7043783,1.148,193.23
182.570,-1.53105,3.65400,10.43895,0.26537,0.31900,0.13489,31.2536017,75.7043783,1.148,193.23
182.699,-0.31695,2.73900,7.38900,-0.15538,0.26785,0.27225,31.2536017,75.7043783,1.148,193.23
182.807,0.91200,2.89905,6.30900,0.47520,-0.44261,0.60899,31.2536017,75.7043783,1.148,193.23
182.912,-0.48705,3.47595,8.46195,-0.06490,0.24447,-0.12403,31.2536017,75.7043783,1.148,193.23
183.020,2.59305,3.98595,11.59800,-0.87560,-0.09116,-0.50325,31.2536017,75.7043783,1.148,193.23
183.129,1.25505,2.25300,11.83800,0.40920,0.37867,-0.01100,31.2536017,75.7043783,1.148,193.23
183.237,0.87195,2.45205,6.92205,-0.15331,0.74827,-1.02204,31.2535883,75.7043717,1.184,205.66
183.342,-0.46800,3.13605,5.46405,0.56678,-0.27225,-0.49569,31.2535883,75.7043717,1.184,205.66
183.449,-0.96405,3.66600,9.10605,0.21849,-0.44798,-0.10904,31.2535883,75.7043717,1.184,205.66
183.557,0.10305,5.59305,10.66200,-0.13090,0.14108,-0.20281,31.2535883,75.7043717,1.184,205.66
183.662,-2.39805,3.80400,9.24000,0.31433,0.51920,-0.01636,31.2535883,75.7043717,1.184,205.66
183.770,-1.98405,2.42295,10.03500,-0.11701,-0.16252,0.19772,31.2535883,75.7043717,1.184,205.66
183.878,0.10305,3.36600,6.16095,0.59345,-0.27115,0.79750,31.2535883,75.7043717,1.184,205.66
183.984,-0.07800,3.13605,8.15295,-0.16610,-0.06339,0.04111,31.2535883,75.7043717,1.184,205.66
184.088,-0.17100,3.93900,11.17005,-0.20020,-0.27115,0.24571,31.2535883,75.7043717,1.184,205.66
184.196,-0.45405,2.44500,13.80795,-0.79145,0.63222,-0.57778,31.2535750,75.7043633,1.201,222.78
184.303,2.86605,3.02595,11.23695,-0.00632,-0.48744,-0.27198,31.2535750,75.7043633,1.201,222.78
184.412,0.22800,3.27105,5.59800,0.57214,0.13681,-0.22839,31.2535750,75.7043633,1.201,222.78
184.518,0.64200,4.14705,8.00895,0.04702,-0.14548,-0.53735,31.2535750,75.7043633,1.201,222.78
184.621,-0.65700,4.76895,11.02605,0.25575,-0.06559,-0.02062,31.2535750,75.7043633,1.201,222.78
184.730,-0.35295,4.24500,11.97405,-0.19058,-0.02296,-0.11330,31.2535750,75.7043633,1.201,222.78
184.838,-0.21000,3.77100,9.58005,0.01072,-0.24557,0.35008,31.2535750,75.7043633,1.201,222.78
184.945,-1.27500,2.77005,7.24095,0.17270,0.31900,0.38101,31.2535750,75.7043633,1.201,222.78
185.053,0.01395,3.35400,7.01295,0.17160,-0.10175,0.24887,31.2535750,75.7043633,1.201,222.78
185.161,-0.69600,3.58695,9.91500,-0.16926,0.08250,0.18384,31.2535650,75.7043533,1.199,219.26
185.266,1.63995,4.21395,10.62600,-0.91712,0.17944,-0.22096,31.2535650,75.7043533,1.199,219.26
185.373,1.76505,3.38505,10.51095,0.18439,-0.36492,0.15194,31.2535650,75.7043533,1.199,219.26
185.480,0.63705,3.16500,7.09005,0.20570,0.21986,-0.47011,31.2535650,75.7043533,1.199,219.26
185.586,0.76905,4.03005,6.81900,-0.09364,-0.41071,-0.18892,31.2535650,75.7043533,1.199,219.26
185.693,-0.21195,4.34805,10.99995,0.01389,0.22742,-0.16871,31.2535650,75.7043533,1.199,219.26
185.801,-0.00600,5.50005,11.71095,0.18865,-0.07728,-0.03025,31.2535650,75.7043533,1.199,219.26
185.908,-1.69200,4.28295,7.85595,0.28559,0.23485,0.50985,31.2535650,75.7043533,1.199,219.26
186.018,-0.38895,3.04995,9.08700,-0.23210,-0.20721,0.36713,31.2535650,75.7043533,1.199,219.26
186.125,0.96000,3.74505,6.65895,0.43257,-0.37977,0.72188,31.2535650,75.7043533,1.199,219.26
186.230,-0.40395,4.08000,9.14205,-0.19058,0.06119,0.07741,31.2535533,75.7043450,1.202,217.65
186.337,0.69705,4.79805,9.70005,-0.25877,0.61518,-0.03341,31.2535533,75.7043450,1.202,217.65
186.446,0.38595,3.40500,10.36800,0.05761,0.29232,0.07741,31.2535533,75.7043450,1.202,217.65
186.575,-0.05205,3.20805,7.22400,0.18012,0.31790,-0.55866,31.2535533,75.7043450,1.202,217.65
186.683,0.03405,3.91905,5.42100,0.03094,-0.23389,-0.38170,31.2535533,75.7043450,1.202,217.65
186.791,-1.18200,4.04595,10.15005,-0.17243,0.17944,-0.30181,31.2535533,75.7043450,1.202,217.65
186.899,-0.85095,5.92305,11.08305,0.57434,-0.02929,0.38624,31.2535533,75.7043450,1.202,217.65
187.007,-1.80405,5.86095,7.45605,0.39421,0.64707,0.57159,31.2535533,75.7043450,1.202,217.65
187.131,-0.46800,3.06195,8.27505,-0.37276,0.11014,-0.04620,31.2535533,75.7043450,1.202,217.65
187.237,0.81900,3.30900,4.93305,0.30690,-0.65890,0.72504,31.2535433,75.7043383,1.212,204.05
187.346,-0.62400,3.58200,10.08300,-0.13626,0.04950,0.21477,31.2535433,75.7043383,1.212,204.05
187.453,2.34900,5.02605,9.52200,-0.34719,0.14327,0.33729,31.2535433,75.7043383,1.212,204.05
187.563,0.49995,3.54300,10.45395,0.17160,0.44578,0.20625,31.2535433,75.7043383,1.212,204.05
187.670,0.83100,3.45705,8.47395,-0.24062,0.31900,-0.65766,31.2535433,75.7043383,1.212,204.05
187.777,0.01200,3.39495,5.81400,0.40810,-0.06022,-0.38074,31.2535433,75.7043383,1.212,204.05
187.886,-0.85395,3.73305,10.93005,-0.13833,-0.10601,-0.58094,31.2535433,75.7043383,1.212,204.05
187.994,0.65400,5.88495,9.91695,0.58066,0.12939,0.68035,31.2535433,75.7043383,1.212,204.05
188.103,-1.80900,4.49400,10.08495,-0.18315,0.32642,0.03369,31.2535433,75.7043383,1.212,204.05
188.227,-1.33200,2.95905,9.88395,-0.18425,-0.40535,-0.06435,31.2535267,75.7043350,1.238,219.14
188.334,0.20100,3.43095,6.10800,0.57434,-0.22000,0.63236,31.2535267,75.7043350,1.238,219.14
188.441,-0.23400,3.37395,7.74105,0.24090,-0.07411,0.04964,31.2535267,75.7043350,1.238,219.14
188.547,0.59895,4.11600,11.24100,-0.13942,0.48620,-0.13887,31.2535267,75.7043350,1.238,219.14
188.654,-2.07705,3.04995,11.23905,0.00646,0.67581,-0.17298,31.2535267,75.7043350,1.238,219.14
188.783,-0.38400,3.41205,8.85705,-0.27156,0.05156,-0.72476,31.2535267,75.7043350,1.238,219.14
188.891,-0.54195,4.16400,4.95195,0.15345,-0.10079,-0.31460,31.2535267,75.7043350,1.238,219.14
188.999,-0.89400,5.05905,9.53895,-0.07975,-0.17105,-0.18892,31.2535267,75.7043350,1.238,219.14
189.107,-1.06200,5.92305,13.92300,0.05871,0.36162,-0.03341,31.2535267,75.7043350,1.238,219.14
189.214,-2.10600,4.50405,5.16300,0.73301,0.52992,0.72820,31.2535133,75.7043317,1.269,216.72
189.323,0.11700,2.63100,12.06000,-0.11275,-0.88797,0.26373,31.2535133,75.7043317,1.269,216.72
189.429,0.21795,3.55800,5.79000,0.36547,0.38390,0.82940,31.2535133,75.7043317,1.269,216.72
189.537,-0.29295,4.30695,5.17200,0.04056,0.15702,0.03479,31.2535133,75.7043317,1.269,216.72
189.645,-0.24795,4.76205,10.12305,-1.01186,-0.00055,-0.15799,31.2535133,75.7043317,1.269,216.72
189.751,-1.58400,2.80395,13.76700,0.00440,0.70139,0.13599,31.2535133,75.7043317,1.269,216.72
189.859,1.56405,3.77805,7.94895,0.18233,-0.23595,-0.70455,31.2535133,75.7043317,1.269,216.72
189.965,-0.05595,3.71295,4.87005,0.59881,-0.03891,-0.51920,31.2535133,75.7043317,1.269,216.72
190.070,-0.34395,4.07700,7.83900,-0.08305,-0.34567,-0.79929,31.2535133,75.7043317,1.269,216.72
190.178,-0.95400,5.02095,10.50195,0.03850,-0.41497,0.22550,31.2535017,75.7043250,1.292,226.71
190.285,-1.25595,3.54600,11.98095,-0.65285,0.37648,0.30209,31.2535017,75.7043250,1.292,226.71
190.391,-0.25695,3.68205,10.71195,-0.61462,-0.64501,0.18067,31.2535017,75.7043250,1.292,226.71
190.497,-1.00905,2.51595,8.30100,0.14066,0.29549,0.09336,31.2535017,75.7043250,1.292,226.71
190.605,-0.33405,3.09105,6.79305,0.09708,-0.05912,-0.02062,31.2535017,75.7043250,1.292,226.71
190.713,-1.52895,2.98605,10.06305,-0.26414,0.30621,0.06036,31.2535017,75.7043250,1.292,226.71
190.821,-0.24600,1.93500,13.45395,-1.38256,0.23911,-0.38280,31.2535017,75.7043250,1.292,226.71
190.927,2.86605,2.64105,9.81000,0.41016,-0.45444,0.53543,31.2535017,75.7043250,1.292,226.71
191.034,-0.08700,2.64795,7.62600,0.18975,0.00894,-0.35406,31.2535017,75.7043250,1.292,226.71
191.142,-0.14700,3.38805,7.65705,0.31226,-0.43409,-0.29549,31.2535017,75.7043250,1.292,226.71
191.246,-0.20700,3.91695,9.53400,0.22055,-0.02406,-0.06435,31.2534900,75.7043200,1.281,213.52
191.354,0.73500,4.96095,11.24400,-0.04991,-0.38734,0.07411,31.2534900,75.7043200,1.281,213.52
191.459,-1.32495,4.30005,10.01295,-0.02434,0.52566,0.36066,31.2534900,75.7043200,1.281,213.52
191.565,-0.33900,3.26595,8.55495,-0.17889,-0.03685,-0.00894,31.2534900,75.7043200,1.281,213.52
191.673,-0.88005,3.46395,7.98495,0.65202,-0.09226,0.13172,31.2534900,75.7043200,1.281,213.52
191.779,-0.22395,3.29400,7.74600,0.59139,-0.09323,-0.12292,31.2534900,75.7043200,1.281,213.52
191.889,-1.34700,3.80400,7.88505,-0.22674,0.31474,-0.42763,31.2534900,75.7043200,1.281,213.52
191.997,-1.59600,2.24595,16.42200,-0.71679,-0.21574,0.15084,31.2534900,75.7043200,1.281,213.52
192.105,2.35395,2.88000,8.26995,0.08003,0.32642,0.00275,31.2534900,75.7043200,1.281,213.52
192.213,0.84000,3.27105,5.64105,0.18975,0.07081,-0.13145,31.2534800,75.7043167,1.285,210.01
192.319,0.51000,3.88605,7.34100,-0.29714,-0.11028,-0.33811,31.2534800,75.7043167,1.285,210.01
192.425,-0.51105,4.78605,10.66905,-0.17462,-0.12100,0.01664,31.2534800,75.7043167,1.285,210.01
192.533,-0.15495,3.59595,13.72695,-0.47080,-0.59400,0.02200,31.2534800,75.7043167,1.285,210.01
192.639,-0.20505,3.00705,9.02700,-0.32368,-0.09749,-0.29865,,,,
192.743,-1.71795,1.66905,7.72695,-0.02008,0.33289,-0.09941,,,,
192.846,0.42600,2.69595,6.89100,0.08209,-0.28504,0.45334,,,,
192.954,-0.38700,2.52105,10.70295,0.06408,-0.29040,0.41827,,,,
193.062,1.53195,3.52695,10.77195,-0.56348,0.18906,0.18714,,,,
193.170,2.11695,1.64205,10.51095,0.42831,0.43725,0.33522,31.2534683,75.7043083,1.269,203.89
193.277,1.01805,2.67900,6.94395,0.13117,0.21986,-0.49253,31.2534683,75.7043083,1.269,203.89
193.385,0.29205,2.94705,7.23405,0.40494,0.06545,-0.24434,31.2534683,75.7043083,1.269,203.89
193.493,0.49605,3.88305,10.42500,0.33674,0.08883,0.08800,31.2534683,75.7043083,1.269,203.89
193.600,0.96495,5.25105,9.46995,0.04482,-0.22000,-0.01952,31.2534683,75.7043083,1.269,203.89
193.707,-1.32300,4.67100,9.77895,-0.21615,-0.04964,0.24351,31.2534683,75.7043083,1.269,203.89
193.814,0.06495,2.46405,7.99995,0.12265,-0.03355,0.30209,31.2534683,75.7043083,1.269,203.89
193.922,0.89805,3.00195,5.74200,0.32395,-0.28078,0.18714,31.2534683,75.7043083,1.269,203.89
194.030,-0.55200,3.00705,8.86905,-0.17146,-0.20199,-0.07177,31.2534683,75.7043083,1.269,203.89
194.138,0.71400,3.33300,9.80205,-0.91602,0.48510,-0.01320,31.2534683,75.7043083,1.269,203.89
194.246,1.12095,2.14500,11.85195,0.25795,0.37015,0.29356,31.2534567,75.7043017,1.270,217.09
194.351,1.27905,2.38905,7.78200,0.17380,0.37648,-0.53199,31.2534567,75.7043017,1.270,217.09
194.459,1.00095,3.12495,5.10705,0.45279,-0.18590,-0.24227,31.2534567,75.7043017,1.270,217.09
194.566,0.40995,3.18405,9.65400,-0.21079,0.19855,-0.27307,31.2534567,75.7043017,1.270,217.09
194.674,0.81405,4.52805,10.93995,0.35695,0.03671,0.31598,31.2534567,75.7043017,1.270,217.09
194.783,-1.36095,3.35700,9.43905,0.22481,0.58108,0.09116,31.2534567,75.7043017,1.270,217.09
194.891,-0.93300,2.49495,10.27200,-0.04991,-0.27225,0.33522,31.2534567,75.7043017,1.270,217.09
194.998,0.19605,2.63805,5.15805,0.89279,-0.24131,0.83476,31.2534567,75.7043017,1.270,217.09
195.106,0.90495,2.98800,7.87800,-0.04359,-0.37661,0.20089,31.2534567,75.7043017,1.270,217.09
195.214,1.22805,3.87105,9.59400,-0.43244,-0.12843,0.22014,31.2534467,75.7042933,1.267,217.52
195.322,3.15300,1.10400,14.14095,-1.04816,-0.12100,0.05500,31.2534467,75.7042933,1.267,217.52
195.428,4.63305,2.70795,10.53795,0.14919,-0.04208,-0.00041,31.2534467,75.7042933,1.267,217.52
195.534,1.85805,2.90700,5.56005,0.40384,0.23375,-0.55110,31.2534467,75.7042933,1.267,217.52
195.642,1.22805,3.12900,8.40705,-0.32794,0.04414,-0.67155,31.2534467,75.7042933,1.267,217.52
195.747,0.12495,4.01805,11.19405,0.31653,0.20611,-0.10051,31.2534467,75.7042933,1.267,217.52
195.853,1.80495,4.17795,11.54505,-0.00316,-0.00385,-0.18466,31.2534467,75.7042933,1.267,217.52
195.964,2.06205,3.52005,10.53795,0.12898,-0.70469,-0.01526,31.2534467,75.7042933,1.267,217.52
196.068,0.58395,1.49400,9.24195,0.65422,-0.26579,-0.07177,31.2534467,75.7042933,1.267,217.52
196.175,0.74205,2.31300,5.27295,0.34636,-0.20625,-0.02489,31.2534333,75.7042883,1.277,210.29
196.283,1.76205,4.48905,10.19295,-0.20873,-0.49596,-0.64914,31.2534333,75.7042883,1.277,210.29
196.390,2.14500,3.74205,10.54905,-1.12805,-0.27761,-0.78980,31.2534333,75.7042883,1.277,210.29
196.497,2.37795,2.63595,10.32900,-0.10216,0.72160,0.35008,31.2534333,75.7042883,1.277,210.29
196.605,0.75705,2.90700,7.74600,0.00110,0.62686,-0.31680,31.2534333,75.7042883,1.277,210.29
196.713,0.67995,3.52395,6.88395,0.12788,-0.01554,-0.11976,31.2534333,75.7042883,1.277,210.29
196.821,0.73800,4.09200,9.46695,-0.12128,0.00151,0.09763,31.2534333,75.7042883,1.277,210.29
196.930,1.47495,4.42905,11.55000,0.07040,-0.11357,0.15510,31.2534333,75.7042883,1.277,210.29
197.036,-0.95400,2.48505,11.55300,0.04372,0.51714,0.62177,31.2534333,75.7042883,1.277,210.29
197.144,0.72600,1.99905,9.18000,0.17270,0.11344,0.72298,31.2534333,75.7042883,1.277,210.29
197.252,1.21605,2.77695,6.19200,0.50504,0.03561,0.79434,31.2534250,75.7042767,1.268,211.20
197.360,0.84000,3.20400,9.26100,-0.17036,-0.02722,0.16363,31.2534250,75.7042767,1.268,211.20
197.466,1.54695,3.16500,10.78695,-0.37813,0.09419,0.03259,31.2534250,75.7042767,1.268,211.20
197.575,3.59100,1.68105,13.36995,-0.52181,0.29122,-0.92400,31.2534250,75.7042767,1.268,211.20
197.684,2.71305,2.64600,7.90095,-0.00742,0.04208,-0.77701,31.2534250,75.7042767,1.268,211.20
197.792,0.26100,2.98095,6.26100,0.23237,0.01650,-0.44564,31.2534250,75.7042767,1.268,211.20
197.900,-2.62800,1.97805,10.44405,-0.54216,0.31364,-0.12072,31.2534250,75.7042767,1.268,211.20
198.009,3.44805,5.26005,11.87805,0.46558,0.43299,0.71225,31.2534250,75.7042767,1.268,211.20
198.114,-1.10505,2.04495,11.23905,0.09377,0.97845,0.17009,31.2534250,75.7042767,1.268,211.20
198.221,0.78300,1.46295,10.58505,-0.05101,-0.68558,0.44907,31.2534167,75.7042650,1.254,217.15
198.329,1.02495,2.82495,5.74200,0.43574,-0.40961,0.48318,31.2534167,75.7042650,1.254,217.15
198.437,-0.22200,3.31605,7.44405,-0.25767,-0.02406,-0.23581,31.2534167,75.7042650,1.254,217.15
198.545,1.73295,4.11300,10.83405,-0.42597,-0.54285,-0.26139,31.2534167,75.7042650,1.254,217.15
198.652,2.49195,2.02995,12.31605,0.10024,0.08883,-0.56389,31.2534167,75.7042650,1.254,217.15
198.759,1.96095,1.18500,9.32400,0.17476,-0.03781,-0.81111,31.2534167,75.7042650,1.254,217.15
198.867,0.77100,2.71995,6.23295,0.36864,0.09529,-0.35406,31.2534167,75.7042650,1.254,217.15
198.975,2.97795,4.46805,7.47495,0.37936,-0.39902,-0.02805,31.2534167,75.7042650,1.254,217.15
199.081,1.99695,5.30295,9.55605,0.12361,-0.08896,-0.44467,31.2534167,75.7042650,1.254,217.15
199.189,-0.35100,2.85600,13.78605,0.05019,0.01540,-0.34870,31.2534067,75.7042517,1.244,229.68
199.297,-0.01305,2.49000,8.95500,-0.09048,-0.27115,0.45444,31.2534067,75.7042517,1.244,229.68
199.405,0.52695,2.17605,7.53300,0.33358,-0.06339,0.79750,31.2534067,75.7042517,1.244,229.68
199.513,-0.24600,2.11905,7.50900,-0.37276,0.30827,0.22646,31.2534067,75.7042517,1.244,229.68
199.616,1.88205,3.15600,10.20495,-0.56444,0.13901,0.99247,31.2534067,75.7042517,1.244,229.68
199.721,4.08900,2.45400,15.09105,-0.82541,0.54161,0.28187,31.2534067,75.7042517,1.244,229.68
199.841,3.51000,2.05200,10.03500,0.67444,-0.23279,-0.10794,31.2534067,75.7042517,1.244,229.68
199.948,1.40100,2.92305,6.01695,0.62755,0.53625,-0.02599,31.2534067,75.7042517,1.244,229.68
200.056,2.47800,4.03905,6.65205,-0.15647,0.03025,-0.32313,31.2534067,75.7042517,1.244,229.68
200.164,-0.49905,3.84795,10.66005,-0.05748,0.21244,-0.36149,31.2534067,75.7042517,1.244,229.68
200.273,-0.14505,3.19395,12.45000,-0.30346,0.02502,0.11041,31.2534000,75.7042367,1.230,232.19
200.397,-0.52605,2.52105,10.70805,-0.17462,-0.54711,0.43216,31.2534000,75.7042367,1.230,232.19
200.505,-0.18795,2.33400,7.38900,0.36341,0.20818,0.77302,31.2534000,75.7042367,1.230,232.19
200.613,1.31205,3.67005,7.17795,0.02461,0.02599,0.17105,31.2534000,75.7042367,1.230,232.19
200.721,0.34695,3.06195,10.27395,-0.16074,-0.18810,-0.13681,31.2534000,75.7042367,1.230,232.19
200.829,2.51205,2.30295,12.79800,-0.50160,-1.10096,0.05706,31.2534000,75.7042367,1.230,232.19
200.936,5.32695,2.47095,10.18305,0.26537,-0.28930,-0.30401,31.2534000,75.7042367,1.230,232.19
201.044,0.37800,2.14500,6.91005,0.03630,0.07604,-1.06989,31.2534000,75.7042367,1.230,232.19
201.153,0.57495,3.01695,6.67095,0.09171,-0.05596,-0.62466,31.2534000,75.7042367,1.230,232.19
201.260,0.50805,4.12005,9.56805,-0.23210,0.27321,-0.37111,31.2533933,75.7042283,1.240,226.49
201.368,2.04705,4.68795,12.81195,0.04372,-0.24241,0.35544,31.2533933,75.7042283,1.240,226.49
201.493,0.61500,3.80400,8.44995,0.24296,0.42336,0.57489,31.2533933,75.7042283,1.240,226.49
201.601,0.67005,2.68395,8.57700,0.44000,0.37758,0.40329,31.2533933,75.7042283,1.240,226.49
201.707,1.31700,3.35700,6.48405,0.24516,-0.01334,0.14451,31.2533933,75.7042283,1.240,226.49
201.812,-0.76995,3.37800,8.62200,-0.20336,0.26675,-0.16129,31.2533933,75.7042283,1.240,226.49
201.921,0.20595,3.57195,11.92095,-0.70084,0.27431,0.04758,31.2533933,75.7042283,1.240,226.49
202.050,2.37300,3.62505,9.65205,0.44330,-0.01554,0.40233,31.2533933,75.7042283,1.240,226.49
202.158,0.59100,2.79195,8.26995,-0.09900,0.61944,-0.32533,31.2533933,75.7042283,1.240,226.49
202.265,0.80205,3.82605,6.66105,0.03740,0.01114,-0.18260,31.2533883,75.7042200,1.220,217.36
202.373,0.23505,4.18305,9.03600,-0.08511,0.10697,-0.09941,31.2533883,75.7042200,1.220,217.36
202.481,0.52905,4.85295,11.85705,0.21532,-0.24351,0.17215,31.2533883,75.7042200,1.220,217.36
202.588,-2.01195,3.67800,9.47895,0.36437,0.18576,0.24461,31.2533883,75.7042200,1.220,217.36
202.696,0.26595,2.98095,9.45300,-0.12980,-0.37771,0.08690,31.2533883,75.7042200,1.220,217.36
202.804,0.26595,3.06000,6.45105,0.48263,-0.35420,0.47039,31.2533883,75.7042200,1.220,217.36
202.914,0.56805,3.46395,8.41905,-0.11385,-0.26153,-0.09309,31.2533883,75.7042200,1.220,217.36
203.021,0.87195,3.87405,11.03805,-0.52828,-0.20831,-0.02599,31.2533883,75.7042200,1.220,217.36
203.146,1.54200,2.84700,12.31200,0.00962,0.31157,0.12746,31.2533883,75.7042200,1.220,217.36
203.254,2.81805,3.00195,8.49795,0.03946,0.01320,-0.78980,31.2533800,75.7042133,1.221,231.52
203.361,0.92400,3.50295,5.32800,0.37290,-0.13049,-0.57984,31.2533800,75.7042133,1.221,231.52
203.469,0.29205,3.82095,8.59305,0.02241,-0.02832,-0.56389,31.2533800,75.7042133,1.221,231.52
203.579,-0.17400,5.40900,9.57300,0.22165,0.03561,-0.04620,31.2533800,75.7042133,1.221,231.52
203.702,-2.07900,3.15300,10.44195,0.03740,0.87395,-0.08140,31.2533800,75.7042133,1.221,231.52
203.808,1.67595,3.52395,10.23105,-0.07343,-0.76973,0.30429,31.2533800,75.7042133,1.221,231.52
203.915,0.55095,3.19905,6.64695,0.53267,-0.02929,0.38954,31.2533800,75.7042133,1.221,231.52
204.023,1.69305,3.71805,7.08300,-0.05418,-0.20721,-0.39559,31.2533800,75.7042133,1.221,231.52
204.132,1.31205,4.69995,8.61000,-0.19800,-0.38734,-0.55440,31.2533800,75.7042133,1.221,231.52
204.242,0.97500,2.76495,15.46200,-0.82129,-0.09543,-0.93995,31.2533717,75.7042050,1.194,251.91
204.349,2.49195,3.14595,7.48695,0.98862,-0.74731,0.01237,31.2533717,75.7042050,1.194,251.91
204.457,0.24405,3.51000,5.47095,0.19717,0.02392,-0.34664,31.2533717,75.7042050,1.194,251.91
204.565,-0.15900,4.28805,6.81705,-0.11179,0.15812,0.08374,31.2533717,75.7042050,1.194,251.91
204.672,0.89595,5.36805,11.14800,0.15455,0.52346,0.55137,31.2533717,75.7042050,1.194,251.91
204.780,1.65900,4.12800,14.31600,0.05129,-0.25094,0.75914,31.2533717,75.7042050,1.194,251.91
204.888,1.30995,4.00995,8.39505,-0.03396,-0.00165,0.93390,31.2533717,75.7042050,1.194,251.91
204.994,0.69705,3.28005,6.17295,0.15675,0.61408,0.76973,31.2533717,75.7042050,1.194,251.91
205.103,1.32405,4.05600,6.51300,0.06614,-0.06132,0.27651,31.2533717,75.7042050,1.194,251.91
205.210,1.40100,3.82605,10.87305,-0.14369,-0.16459,-0.05789,31.2533667,75.7041933,1.193,234.74
205.314,2.76795,3.51705,12.95805,-1.18663,0.12292,-0.64281,31.2533667,75.7041933,1.193,234.74
205.419,3.69405,3.05505,12.08400,0.19071,-0.56416,-0.06325,31.2533667,75.7041933,1.193,234.74
205.529,0.51000,3.07695,7.18305,0.27816,0.13791,-0.47011,31.2533667,75.7041933,1.193,234.74
205.637,0.09300,4.19700,6.55800,0.07686,-0.03891,-0.44784,31.2533667,75.7041933,1.193,234.74
205.745,-1.31595,3.57900,11.45400,0.05871,-0.34141,-0.05899,31.2533667,75.7041933,1.193,234.74
205.852,1.66200,3.72105,11.60505,-0.25877,-0.12100,0.52484,31.2533667,75.7041933,1.193,234.74
205.961,-0.82005,2.37495,9.98205,-1.04816,0.59482,0.41938,31.2533667,75.7041933,1.193,234.74
206.068,1.23600,4.25895,8.70105,0.44000,-0.05912,1.20120,31.2533667,75.7041933,1.193,234.74
206.175,1.41495,4.28595,8.27295,0.48799,0.20281,0.44701,31.2533600,75.7041867,1.165,228.05
206.284,0.44805,4.21905,8.26305,0.39311,0.17724,0.09969,31.2533600,75.7041867,1.165,228.05
206.393,0.28305,3.63405,10.22400,-0.71789,0.08140,-0.06641,31.2533600,75.7041867,1.165,228.05
206.501,1.03695,3.69000,9.02205,0.18012,-0.26799,0.51205,31.2533600,75.7041867,1.165,228.05
206.608,0.74700,3.40905,9.27300,0.02571,0.19003,0.10505,31.2533600,75.7041867,1.165,228.05
206.714,1.44600,3.97905,7.09500,0.15249,0.00261,0.01457,31.2533600,75.7041867,1.165,228.05
206.824,0.55605,4.59000,9.52500,0.16101,0.19855,-0.02282,31.2533600,75.7041867,1.165,228.05
206.932,1.04205,5.77695,9.05595,0.10024,-0.13585,0.02942,31.2533600,75.7041867,1.165,228.05
207.040,-0.43500,4.12305,9.13005,-0.09680,0.48730,-0.17504,31.2533600,75.7041867,1.165,228.05
207.147,0.13695,3.10305,8.82300,-0.35351,0.13365,-0.35516,31.2533600,75.7041867,1.165,228.05
207.255,0.53205,3.29400,6.74505,0.50820,-0.49280,0.27019,31.2533517,75.7041800,1.163,217.42
207.362,0.13395,3.18000,9.31905,-0.23320,-0.23169,-0.42432,31.2533517,75.7041800,1.163,217.42
207.465,0.57705,3.52200,10.48500,-0.25025,0.33289,-0.23898,31.2533517,75.7041800,1.163,217.42
207.573,-0.55395,1.53000,13.53495,-0.14905,0.55234,-0.44247,31.2533517,75.7041800,1.163,217.42
207.679,2.74605,2.67705,7.69605,0.23237,-0.11028,-0.57131,31.2533517,75.7041800,1.163,217.42
207.788,0.86700,3.38100,5.12895,0.52209,-0.32230,-0.51178,31.2533517,75.7041800,1.163,217.42
207.896,0.25905,4.11300,9.28500,0.12788,-0.18067,-0.53735,31.2533517,75.7041800,1.163,217.42
208.004,0.48405,4.99200,11.03295,0.52319,-0.24131,0.17641,31.2533517,75.7041800,1.163,217.42
208.117,-1.54605,4.21905,9.34995,0.11935,0.83889,0.20089,31.2533517,75.7041800,1.163,217.42
208.225,0.79995,3.29895,10.12800,-0.21299,-0.29893,0.01884,31.2533400,75.7041717,1.164,221.08
208.333,0.58695,2.92095,6.54600,0.99289,-0.12416,0.74951,31.2533400,75.7041717,1.164,221.08
208.441,0.55305,3.56505,6.89400,0.31653,-0.09543,0.13599,31.2533400,75.7041717,1.164,221.08
208.548,1.87500,4.59000,9.99600,-0.10863,-0.21794,0.24778,31.2533400,75.7041717,1.164,221.08
208.657,0.88605,2.25495,15.93900,-0.46117,1.08598,-0.49899,31.2533400,75.7041717,1.164,221.08
208.766,2.95005,3.65100,8.48295,0.22907,-0.04001,-0.33275,31.2533400,75.7041717,1.164,221.08
208.874,-0.15900,3.44505,5.67705,0.63924,0.00261,-0.10368,31.2533400,75.7041717,1.164,221.08
208.981,0.18000,4.36200,7.26900,-0.43134,-0.10395,-0.15483,31.2533400,75.7041717,1.164,221.08
209.090,0.26295,4.54395,11.95500,-0.33866,0.25300,0.24667,31.2533400,75.7041717,1.164,221.08
209.215,-0.88695,4.41000,8.42805,0.03204,0.45966,0.83270,31.2533317,75.7041633,1.165,230.08
209.321,-0.01800,3.17505,7.69095,-0.30676,0.09529,0.27651,31.2533317,75.7041633,1.165,230.08
209.428,0.89295,3.41400,8.22195,0.60404,-0.29246,0.53763,31.2533317,75.7041633,1.165,230.08
209.535,0.16095,3.17205,9.11295,-0.00632,0.15496,-0.20597,31.2533317,75.7041633,1.165,230.08
209.645,1.18500,2.88705,9.46500,-1.00334,0.11976,-0.83765,31.2533317,75.7041633,1.165,230.08
209.767,1.93500,2.53800,9.60105,0.58809,-0.45114,1.02121,31.2533317,75.7041633,1.165,230.08
209.872,-0.53505,2.72895,8.44005,-0.29920,0.28270,-0.40095,31.2533317,75.7041633,1.165,230.08
209.980,0.35895,3.39300,6.95805,0.20460,-0.12636,-0.20487,31.2533317,75.7041633,1.165,230.08
210.088,-0.15000,3.51495,9.93705,0.10656,0.03355,-0.07714,31.2533317,75.7041633,1.165,230.08
210.195,0.58200,4.30200,8.49000,0.45705,0.04524,0.19236,31.2533233,75.7041583,1.191,212.46
210.306,1.06305,4.85100,10.76505,-0.10010,-0.60775,0.36713,31.2533233,75.7041583,1.191,212.46
210.411,0.08595,2.50005,9.25395,0.58286,-0.28284,0.10079,31.2533233,75.7041583,1.191,212.46
210.519,1.42005,3.40005,6.34995,0.40494,-0.09543,0.22866,31.2533233,75.7041583,1.191,212.46
210.627,-0.10200,2.56905,10.09695,0.05019,0.58424,0.32024,31.2533233,75.7041583,1.191,212.46
210.735,-0.55395,3.47595,8.78295,-0.25451,0.49046,0.50023,31.2533233,75.7041583,1.191,212.46
210.843,3.88095,3.35400,11.86395,0.50614,0.12719,1.13094,31.2533233,75.7041583,1.191,212.46
210.951,2.42505,3.93600,6.17805,-0.09364,0.99756,-0.37964,31.2533233,75.7041583,1.191,212.46
211.058,1.82895,4.13700,6.09900,0.15345,-0.17738,-0.37964,31.2533233,75.7041583,1.191,212.46
211.167,0.19905,4.35300,10.69800,0.23334,0.16775,-0.11220,31.2533133,75.7041550,1.188,205.23
211.275,0.31395,5.39895,9.53700,0.60940,-0.06985,0.16046,31.2533133,75.7041550,1.188,205.23
211.383,-1.61700,5.60505,7.85100,0.30690,0.18260,0.29040,31.2533133,75.7041550,1.188,205.23
211.491,0.64695,3.33000,9.25905,-0.19058,0.00687,-0.15056,31.2533133,75.7041550,1.188,205.23
211.600,0.33495,3.26100,6.07695,0.36768,-0.36382,0.44907,31.2533133,75.7041550,1.188,205.23
211.707,0.50505,3.80400,7.87305,-0.12980,-0.37771,-0.05156,31.2533133,75.7041550,1.188,205.23
211.815,0.97695,3.93105,11.31600,-0.82225,0.31790,-0.08030,31.2533133,75.7041550,1.188,205.23
211.922,1.02195,2.89695,12.36900,0.23127,0.49472,0.19662,31.2533133,75.7041550,1.188,205.23
212.030,2.55495,3.51195,7.16895,-0.12664,0.23485,-0.54478,31.2533133,75.7041550,1.188,205.23
212.137,0.25095,3.49800,5.01900,0.11935,-0.12210,-0.51700,31.2533133,75.7041550,1.188,205.23
212.246,0.03795,3.29205,11.14605,-0.29397,-0.09432,-0.58314,31.2533017,75.7041483,1.200,194.72
212.353,0.13905,5.05695,10.75500,0.49761,0.14754,0.16363,31.2533017,75.7041483,1.200,194.72
212.462,-2.37405,3.67800,10.63095,0.21849,0.48304,0.12636,31.2533017,75.7041483,1.200,194.72
212.570,0.42600,2.66505,9.29295,0.25259,-0.15180,0.42034,31.2533017,75.7041483,1.200,194.72
212.678,0.40005,2.65800,5.42100,0.59029,-0.26482,0.64515,31.2533017,75.7041483,1.200,194.72
212.784,0.80895,3.07200,7.52295,-0.04469,-0.08580,-0.05266,31.2533017,75.7041483,1.200,194.72
212.888,1.07295,3.17700,10.52595,-0.47602,-0.10711,0.07948,31.2533017,75.7041483,1.200,194.72
212.996,1.30005,2.53605,15.02400,-0.99385,0.51494,-0.41374,31.2533017,75.7041483,1.200,194.72
213.107,3.86700,3.09300,8.88300,0.29618,-0.46929,-0.31570,31.2533017,75.7041483,1.200,194.72
213.215,0.23700,2.65800,6.65205,0.23334,-0.17847,-0.48194,31.2532900,75.7041417,1.196,205.58
213.323,0.51705,3.57900,8.06205,0.09171,0.05802,-0.37427,31.2532900,75.7041417,1.196,205.58
213.431,-0.05595,4.18005,11.43105,0.18755,0.15496,-0.06751,31.2532900,75.7041417,1.196,205.58
213.539,-0.29295,3.95100,11.97405,0.00330,0.30621,0.19140,31.2532900,75.7041417,1.196,205.58
213.649,0.64200,3.70905,10.50405,-0.10959,-0.48318,0.58438,31.2532900,75.7041417,1.196,205.58
213.757,0.47895,3.01395,6.14400,0.50284,0.12196,0.75488,31.2532900,75.7041417,1.196,205.58
213.865,0.89595,3.35400,6.71400,0.19291,-0.07521,0.33193,31.2532900,75.7041417,1.196,205.58
213.974,1.43205,4.02195,9.76200,-0.04785,-0.20199,0.15400,31.2532900,75.7041417,1.196,205.58
214.081,3.67305,2.33895,15.64005,-0.98312,0.43505,-1.27971,31.2532900,75.7041417,1.196,205.58
214.185,2.96700,3.28305,10.58295,-0.07549,-0.59070,-0.25602,31.2532767,75.7041333,1.229,195.06
214.289,0.07395,2.89500,5.85000,0.20350,0.01430,-0.50848,31.2532767,75.7041333,1.229,195.06
214.396,0.73005,4.13700,7.20000,-0.11811,-0.49170,-0.37854,31.2532767,75.7041333,1.229,195.06
214.505,0.04095,5.08305,11.95500,0.54230,0.14754,-0.11866,31.2532767,75.7041333,1.229,195.06
214.611,1.63305,4.53495,12.66405,0.04372,-0.33825,0.07631,31.2532767,75.7041333,1.229,195.06
214.717,0.53595,4.43400,9.56295,-0.36204,-0.26579,0.47039,31.2532767,75.7041333,1.229,195.06
214.824,0.28005,2.88495,7.08495,-0.13406,0.42020,0.73356,31.2532767,75.7041333,1.229,195.06
214.932,1.64295,3.76605,5.95005,0.13860,-0.45650,0.43106,31.2532767,75.7041333,1.229,195.06
215.040,0.87900,3.73995,10.01295,-0.41319,-0.01334,0.16473,31.2532767,75.7041333,1.229,195.06
215.147,3.48795,3.02205,14.80395,-1.39961,0.08250,0.09020,31.2532767,75.7041333,1.229,195.06
215.257,3.89805,3.13395,9.75900,0.19401,-0.12306,0.20309,31.2532633,75.7041250,1.241,203.22
215.364,0.58395,2.64300,6.24495,0.13860,0.07604,-0.63429,31.2532633,75.7041250,1.241,203.22
215.473,0.91005,2.91600,7.53300,0.08319,-0.03575,-0.46695,31.2532633,75.7041250,1.241,203.22
215.581,0.20595,3.91500,11.37495,0.00440,0.12513,-0.25822,31.2532633,75.7041250,1.241,203.22
215.689,-0.03195,3.70605,13.32705,-0.46117,-0.01334,-0.35516,31.2532633,75.7041250,1.241,203.22
215.794,-0.55005,3.87900,9.19200,-0.17999,-0.55990,0.32876,31.2532633,75.7041250,1.241,203.22
215.902,0.07695,2.54505,8.18400,0.02241,0.16129,0.48221,31.2532633,75.7041250,1.241,203.22
216.004,2.35605,3.12705,6.22605,0.48373,-0.56732,0.32986,31.2532633,75.7041250,1.241,203.22
216.112,0.75405,3.37800,10.48200,0.05555,-0.06339,-0.11550,31.2532633,75.7041250,1.241,203.22
216.217,1.29300,4.27905,11.90205,-0.53996,0.36369,0.01774,31.2532483,75.7041183,1.276,204.36
216.326,4.05105,3.94800,8.99295,0.44220,-0.30099,0.58438,31.2532483,75.7041183,1.276,204.36
216.433,0.43800,2.79405,6.71595,-0.49211,0.42652,-0.63319,31.2532483,75.7041183,1.276,204.36
216.541,1.51305,4.20000,6.86700,0.12471,-0.51617,-0.32642,31.2532483,75.7041183,1.276,204.36
216.649,-0.12300,4.89900,10.73100,0.04592,0.42763,-0.15056,31.2532483,75.7041183,1.276,204.36
216.757,1.65195,5.26695,11.97195,0.06188,-0.39366,0.21904,31.2532483,75.7041183,1.276,204.36
216.865,0.04995,4.64205,8.17200,-0.50696,-0.14231,0.20515,31.2532483,75.7041183,1.276,204.36
216.973,-0.66405,2.45205,8.18595,-0.03822,-0.19126,0.35118,31.2532483,75.7041183,1.276,204.36
217.078,1.14195,3.25905,5.57205,0.24612,-0.39160,0.45870,31.2532483,75.7041183,1.276,204.36
217.185,0.41400,3.15300,9.48600,-0.39944,-0.14974,-0.18892,31.2532367,75.7041100,1.279,219.43
217.294,3.10800,3.53400,11.26305,-0.97776,0.36795,0.00605,31.2532367,75.7041100,1.279,219.43
217.402,2.68200,2.30805,11.30100,0.42625,-0.11784,0.17751,31.2532367,75.7041100,1.279,219.43
217.528,1.20900,2.49000,5.82105,0.23237,0.26359,-0.39132,31.2532367,75.7041100,1.279,219.43
217.636,1.29105,2.87100,7.29300,-0.18741,-0.22000,-0.79076,31.2532367,75.7041100,1.279,219.43
217.745,-0.01095,4.09395,10.45395,-0.12980,0.28916,-0.41058,31.2532367,75.7041100,1.279,219.43
217.853,0.47895,4.75305,12.88095,-0.15868,-0.09859,0.13805,31.2532367,75.7041100,1.279,219.43
217.961,-0.53295,3.78795,11.28000,0.01925,-0.36809,0.64309,31.2532367,75.7041100,1.279,219.43
218.070,-0.10200,1.92495,9.11505,0.43477,0.37441,0.69314,31.2532367,75.7041100,1.279,219.43
218.177,1.43400,2.58795,5.94495,0.66908,-0.26799,0.63126,31.2532233,75.7041000,1.273,206.93
218.280,0.22995,2.66505,9.04095,0.21739,-0.07521,0.22866,31.2532233,75.7041000,1.273,206.93
218.384,2.82300,3.77805,10.06095,-1.35602,0.06339,-0.02379,31.2532233,75.7041000,1.273,206.93
218.490,1.65000,2.70105,11.69205,0.15345,0.27431,0.41401,31.2532233,75.7041000,1.273,206.93
218.598,0.89595,2.71995,7.40595,-0.27582,0.29659,-0.74827,31.2532233,75.7041000,1.273,206.93
218.706,0.66105,3.68700,6.03195,0.16101,-0.26153,-0.60967,31.2532233,75.7041000,1.273,206.93
218.813,-0.22200,4.05105,10.26900,0.08209,-0.08154,-0.40631,31.2532233,75.7041000,1.273,206.93
218.921,0.04605,4.75995,12.30000,0.14066,0.06339,0.12856,31.2532233,75.7041000,1.273,206.93
219.029,-1.58400,4.41705,8.94105,0.38252,-0.03575,0.72820,31.2532233,75.7041000,1.273,206.93
219.136,0.55605,2.78700,8.92605,0.05981,-0.16142,0.61641,31.2532233,75.7041000,1.273,206.93
219.245,0.99795,2.99805,5.77995,0.42941,-0.42666,0.92744,31.2532100,75.7040933,1.291,211.56
219.348,1.01805,3.46005,8.33205,-0.30250,-0.14121,0.08910,31.2532100,75.7040933,1.291,211.56
219.450,1.53705,3.85200,10.25295,-0.17036,0.50325,-0.15386,31.2532100,75.7040933,1.291,211.56
219.552,0.17700,1.81500,12.61800,-0.17669,1.05187,-0.57778,31.2532100,75.7040933,1.291,211.56
219.655,3.27105,2.58300,9.84105,0.00440,0.12622,-0.57461,31.2532100,75.7040933,1.291,211.56
219.760,0.67800,2.88705,5.83995,0.42721,-0.05390,-0.26991,31.2532100,75.7040933,1.291,211.56
219.868,0.34200,3.75405,7.72395,0.10450,-0.08154,-0.38706,31.2532100,75.7040933,1.291,211.56
219.976,0.45705,4.28295,10.98300,0.21959,-0.13585,-0.03658,31.2532100,75.7040933,1.291,211.56
220.084,-0.52605,2.96205,12.06300,-0.59538,0.20501,-0.24750,31.2532100,75.7040933,1.291,211.56
220.192,1.56795,3.20595,9.82200,-0.17036,-0.50559,0.44385,31.2531983,75.7040883,1.300,212.69
220.295,0.49605,2.49000,6.99195,0.35489,0.17517,0.67705,31.2531983,75.7040883,1.300,212.69
220.401,1.37895,2.92095,6.80295,0.07783,-0.21147,0.20845,31.2531983,75.7040883,1.300,212.69
220.507,1.18305,2.60295,10.22895,-0.42914,-0.13269,0.00811,31.2531983,75.7040883,1.300,212.69
220.614,2.58795,1.21395,16.36305,-1.44224,0.00687,-0.24324,31.2531983,75.7040883,1.300,212.69
220.722,4.75995,2.47095,11.14995,0.05981,-0.35104,0.17215,31.2531983,75.7040883,1.300,212.69
220.832,1.76895,3.07395,5.34900,0.39957,0.08566,-0.47657,31.2531983,75.7040883,1.300,212.69
220.940,1.96095,2.79195,8.72505,-0.15647,-0.56939,-0.94641,31.2531983,75.7040883,1.300,212.69
221.049,0.01395,3.46005,11.89995,0.11083,0.36795,-0.22949,31.2531983,75.7040883,1.300,212.69
221.156,1.83600,3.34500,14.35605,-0.19167,-0.27225,-0.14108,31.2531983,75.7040883,1.300,212.69
221.265,0.87405,3.36900,9.19695,-0.12664,-0.68874,0.28724,31.2531867,75.7040800,1.335,216.08
221.373,-0.12105,2.36100,8.12400,0.38789,0.04840,0.43739,31.2531867,75.7040800,1.335,216.08
221.481,1.55205,2.88705,5.61705,0.54230,-0.26579,0.26166,31.2531867,75.7040800,1.335,216.08
221.588,0.75195,2.50005,10.04205,-0.23004,-0.09006,-0.15702,31.2531867,75.7040800,1.335,216.08
221.694,2.65005,2.91600,12.66795,-1.61054,0.17311,-0.46172,31.2531867,75.7040800,1.335,216.08
221.802,3.96000,2.49000,12.14205,0.27596,-0.23279,0.22124,31.2531867,75.7040800,1.335,216.08
221.910,1.13295,2.82000,5.30895,0.46351,0.23265,-0.08236,31.2531867,75.7040800,1.335,216.08
222.017,0.97905,3.61305,5.80395,-0.26936,-0.11990,-0.79929,31.2531867,75.7040800,1.335,216.08
222.125,-0.89895,3.99405,10.85595,0.12265,0.39243,-0.22839,31.2531867,75.7040800,1.335,216.08
222.229,0.08895,4.51995,10.51800,-0.00206,0.31157,0.22756,31.2531750,75.7040717,1.360,224.23
222.335,-0.50400,4.77705,9.22095,-0.08511,-0.33399,0.44165,31.2531750,75.7040717,1.360,224.23
222.444,-0.65505,2.50200,5.27295,0.18123,-0.45224,0.78898,31.2531750,75.7040717,1.360,224.23
222.552,1.96605,2.70600,6.85800,0.37084,0.04840,0.06779,31.2531750,75.7040717,1.360,224.23
222.660,-0.03000,2.78205,8.93100,0.39215,0.10271,-0.18576,31.2531750,75.7040717,1.360,224.23
222.766,2.95500,4.15605,15.13200,-1.67764,-0.16789,-0.25822,31.2531750,75.7040717,1.360,224.23
222.875,2.08800,3.22995,11.20095,0.79585,0.34238,1.17782,31.2531750,75.7040717,1.360,224.23
222.982,1.25895,2.74605,6.78795,0.28023,0.36162,-0.42116,31.2531750,75.7040717,1.360,224.23
223.090,1.54395,3.26805,5.97405,0.33880,-0.28187,-0.39449,31.2531750,75.7040717,1.360,224.23
223.198,-0.11100,4.49400,10.39395,0.06297,0.09212,-0.29659,31.2531650,75.7040633,1.361,208.88
223.305,1.68600,5.98995,12.51795,-0.43560,-0.12306,0.03162,31.2531650,75.7040633,1.361,208.88
223.413,-1.23000,4.61805,8.77305,-0.03822,0.18796,0.30429,31.2531650,75.7040633,1.361,208.88
223.521,-0.62400,3.09795,8.03100,-0.08731,-0.16789,0.24035,31.2531650,75.7040633,1.361,208.88
223.629,0.83100,3.52005,6.59400,0.23237,-0.38624,0.43849,31.2531650,75.7040633,1.361,208.88
223.737,0.20400,3.64605,10.66200,-0.09254,-0.02186,-0.25506,31.2531650,75.7040633,1.361,208.88
223.846,1.37400,3.85200,9.67995,-1.15995,0.03451,-0.55110,31.2531650,75.7040633,1.361,208.88
223.953,2.19600,2.59800,12.59895,0.09488,-0.29136,0.42886,31.2531650,75.7040633,1.361,208.88
224.062,0.79305,2.59995,5.93100,0.19924,0.60019,-0.30401,31.2531650,75.7040633,1.361,208.88
224.171,1.26900,3.55305,4.83900,0.08003,-0.17105,-0.41374,31.2531533,75.7040550,1.358,212.99
224.275,1.54005,3.95505,10.80105,-1.00980,-0.60459,-1.16476,31.2531533,75.7040550,1.358,212.99
224.384,-0.20505,3.31605,14.58105,-0.16720,-0.02929,-0.22619,31.2531533,75.7040550,1.358,212.99
224.492,-0.65700,3.91500,8.26305,0.45815,-0.46929,0.42144,31.2531533,75.7040550,1.358,212.99
224.600,-0.13995,1.74105,9.37905,-0.02118,-0.05280,0.14658,31.2531533,75.7040550,1.358,212.99
224.725,0.99105,2.71995,6.68295,0.18233,-0.42460,-0.00041,31.2531533,75.7040550,1.358,212.99
224.833,0.01695,3.35700,8.48805,0.06297,-0.18164,-0.13997,31.2531533,75.7040550,1.358,212.99
224.941,1.91805,3.72795,12.46200,-1.45929,-0.23499,0.39380,31.2531533,75.7040550,1.358,212.99
225.049,3.61500,2.80605,9.92700,0.88743,-0.15510,1.44623,31.2531533,75.7040550,1.358,212.99
225.156,1.60395,2.88000,6.17505,-0.09680,0.50435,-0.17407,31.2531533,75.7040550,1.358,212.99
225.280,1.27095,3.82095,7.70295,-0.01801,-0.20295,-0.26029,31.2531400,75.7040450,1.344,211.43
225.388,0.47205,4.63500,10.91805,-0.08401,0.46062,-0.06435,31.2531400,75.7040450,1.344,211.43
225.496,2.66205,3.67500,12.36705,-0.66467,-0.71005,-0.09625,31.2531400,75.7040450,1.344,211.43
225.603,1.24500,2.83005,8.11905,0.32079,0.01430,0.35750,31.2531400,75.7040450,1.344,211.43
225.712,0.19905,1.53705,8.24400,-0.45691,0.27211,-0.06531,31.2531400,75.7040450,1.344,211.43
225.820,0.75405,2.68605,5.71095,0.28023,-0.13379,-0.06325,31.2531400,75.7040450,1.344,211.43
225.928,-0.01800,3.71100,10.59000,-0.07452,-0.26373,0.35640,31.2531400,75.7040450,1.344,211.43
226.035,1.60200,3.26100,13.99500,-0.50270,-0.43739,0.51631,31.2531400,75.7040450,1.344,211.43
226.142,4.13205,1.80300,10.61895,1.03235,0.30195,0.59290,31.2531400,75.7040450,1.344,211.43
226.251,0.61995,1.57095,6.85500,0.57640,0.45746,-0.27101,31.2531267,75.7040400,1.338,209.37
226.376,1.45305,2.98095,4.97100,0.02998,0.04730,-0.37111,31.2531267,75.7040400,1.338,209.37
226.483,1.69800,3.85500,10.19805,-0.26414,-0.14974,-0.04936,31.2531267,75.7040400,1.338,209.37
226.590,2.23605,4.88400,11.42805,-0.73494,0.07604,-0.16761,31.2531267,75.7040400,1.338,209.37
226.695,0.11505,3.39705,11.55000,0.17696,-0.03039,0.71871,31.2531267,75.7040400,1.338,209.37
226.801,0.77100,2.02305,9.06300,0.36974,0.21780,0.45870,31.2531267,75.7040400,1.338,209.37
226.930,1.51305,3.16005,5.97195,0.26647,-0.17847,0.33193,31.2531267,75.7040400,1.338,209.37
227.038,0.65400,3.02400,8.85705,-0.09900,-0.11784,-0.02709,31.2531267,75.7040400,1.338,209.37
227.147,4.72605,2.94000,12.40305,-1.03111,-0.10079,-0.11866,31.2531267,75.7040400,1.338,209.37
227.255,4.94400,2.66205,10.11600,0.36658,-0.16679,0.02736,31.2531150,75.7040333,1.347,201.02
227.363,1.33095,2.71005,6.44100,-0.04042,0.36053,-0.76313,31.2531150,75.7040333,1.347,201.02
227.474,0.97695,3.63405,6.25905,-0.05844,-0.26153,-0.56499,31.2531150,75.7040333,1.347,201.02
227.581,0.45300,4.18800,10.68105,-0.02434,0.18576,-0.24544,31.2531150,75.7040333,1.347,201.02
227.686,1.42500,4.55400,12.31605,-0.19484,0.04950,-0.01004,31.2531150,75.7040333,1.347,201.02
227.793,-1.04295,3.88800,8.07105,-0.01265,0.21670,0.56210,31.2531150,75.7040333,1.347,201.02
227.898,0.28995,2.24595,8.36805,0.23870,-0.10711,0.65574,31.2531150,75.7040333,1.347,201.02
228.006,1.28295,2.98605,5.88300,0.27170,-0.41291,0.73356,31.2531150,75.7040333,1.347,201.02
228.114,0.60300,2.83995,9.69195,0.05019,-0.00385,0.09543,31.2531150,75.7040333,1.347,201.02
228.222,1.86795,2.87805,10.97805,-0.64653,0.35420,0.10725,31.2531033,75.7040283,1.344,207.94
228.330,2.85405,2.10000,11.28705,0.46558,0.29879,0.19566,31.2531033,75.7040283,1.344,207.94
228.437,1.77900,2.68395,6.57000,0.28352,0.35516,-0.42006,31.2531033,75.7040283,1.344,207.94
228.545,1.27605,3.57900,5.19405,0.03204,-0.26482,-0.59799,31.2531033,75.7040283,1.344,207.94
228.652,0.92700,3.61095,11.13105,0.24186,-0.32876,-0.39243,31.2531033,75.7040283,1.344,207.94
228.755,1.06605,4.68105,10.99500,0.37084,0.11344,0.05610,31.2531033,75.7040283,1.344,207.94
228.863,-1.25100,4.18305,8.50995,0.06188,0.45320,0.19236,31.2531033,75.7040283,1.344,207.94
228.971,1.14495,2.08305,11.31600,-0.07659,-0.12416,-0.05582,31.2531033,75.7040283,1.344,207.94
229.079,1.28295,2.76300,6.18705,0.53061,-0.12210,0.93280,31.2531033,75.7040283,1.344,207.94
229.186,0.59895,3.00705,8.42100,0.11412,0.26675,0.27761,31.2530933,75.7040233,1.343,212.15
229.292,1.36005,3.57705,10.58100,-0.43244,0.08456,0.10821,31.2530933,75.7040233,1.343,212.15
229.397,2.83005,2.49495,13.45395,-0.26840,-0.88797,0.14974,31.2530933,75.7040233,1.343,212.15
229.503,5.72205,3.63000,9.41700,-0.42914,-0.01870,-0.24970,31.2530933,75.7040233,1.343,212.15
229.610,0.58695,2.66205,7.05405,0.12265,0.65134,-0.52772,31.2530933,75.7040233,1.343,212.15
229.718,1.31895,3.05700,6.30000,-0.24062,0.19649,-0.82816,31.2530933,75.7040233,1.343,212.15
229.826,-0.44205,3.79995,11.11905,-0.32271,-0.01870,-0.47547,31.2530933,75.7040233,1.343,212.15
229.934,0.90705,2.28705,14.85705,-0.49101,0.23265,-0.44247,31.2530933,75.7040233,1.343,212.15
230.042,0.45705,2.77005,9.75900,0.25575,-0.38197,0.73040,31.2530933,75.7040233,1.343,212.15
230.150,0.40200,2.15205,7.11900,1.03551,-0.02612,1.19377,31.2530933,75.7040233,1.343,212.15
230.257,2.04705,2.95005,6.42195,0.23760,-0.19772,0.51837,31.2530833,75.7040183,1.335,219.82
230.365,1.03005,2.73405,10.04700,-0.55385,-0.03465,0.04964,31.2530833,75.7040183,1.335,219.82
230.472,3.91005,2.98605,12.52005,-1.08006,0.47025,0.05184,31.2530833,75.7040183,1.335,219.82
230.580,3.79995,2.57895,9.70005,0.25259,-0.00165,0.31171,31.2530833,75.7040183,1.335,219.82
230.689,0.81195,2.33895,6.52200,0.02461,0.23911,-0.52236,31.2530833,75.7040183,1.335,219.82
230.808,0.72795,3.03105,7.26495,-0.16500,-0.33715,-0.49789,31.2530833,75.7040183,1.335,219.82
230.914,0.52395,3.74505,12.13200,0.08112,0.30511,-0.17407,31.2530833,75.7040183,1.335,219.82
231.022,1.71195,4.10895,11.60100,0.05761,-0.20199,0.01774,31.2530833,75.7040183,1.335,219.82
231.131,0.52395,3.29205,8.63400,0.23018,-0.43945,0.52264,31.2530833,75.7040183,1.335,219.82
231.240,0.58200,2.11395,9.19695,0.45815,-0.03149,0.75061,31.2530733,75.7040133,1.330,222.00
231.348,2.14500,3.08595,6.23805,0.54120,-0.47355,0.51727,31.2530733,75.7040133,1.330,222.00
231.456,1.23600,3.64395,8.96895,-0.17779,-0.20625,-0.15702,31.2530733,75.7040133,1.330,222.00
231.564,4.20405,3.28305,12.12705,-0.95645,0.45636,0.03589,31.2530733,75.7040133,1.330,222.00
231.673,3.97905,2.53800,9.41505,0.86831,0.03355,0.27555,31.2530733,75.7040133,1.330,222.00
231.780,0.97500,2.39205,7.82700,-0.23856,0.34884,-0.82280,31.2530733,75.7040133,1.330,222.00
231.886,1.82205,3.22995,5.24400,0.12581,-0.32120,-0.71844,31.2530733,75.7040133,1.330,222.00
231.993,0.48405,3.71295,10.22595,-0.39298,-0.02832,-0.67155,31.2530733,75.7040133,1.330,222.00
232.101,2.07600,4.39305,12.82395,-0.08937,-0.43409,-0.04510,31.2530733,75.7040133,1.330,222.00
232.209,-0.68100,3.74505,9.61305,-0.02008,-0.27115,0.37565,31.2530633,75.7040050,1.308,229.59
232.316,0.86400,2.19600,9.17505,-0.05748,0.00687,0.54395,31.2530633,75.7040050,1.308,229.59
232.422,1.27605,2.61000,6.24495,0.35805,-0.38087,0.69740,31.2530633,75.7040050,1.308,229.59
232.530,1.59195,2.64105,8.11200,-0.20020,-0.28614,-0.00467,31.2530633,75.7040050,1.308,229.59
232.638,2.20500,3.11700,10.75095,0.00646,0.52456,-0.10161,31.2530633,75.7040050,1.308,229.59
232.745,0.19395,1.23105,12.94800,-0.33220,1.14455,-0.33385,31.2530633,75.7040050,1.308,229.59
232.852,2.66205,2.51595,8.75400,0.00962,0.12196,-0.29013,31.2530633,75.7040050,1.308,229.59
232.961,0.65100,3.05700,5.78505,0.15771,0.25616,-0.27527,31.2530633,75.7040050,1.308,229.59
233.069,2.90895,2.52600,11.99595,-0.56444,-0.77605,-1.08267,31.2530633,75.7040050,1.308,229.59
233.177,2.12100,3.30900,10.46295,1.06425,-0.65684,0.38101,31.2530633,75.7040050,1.308,229.59
233.285,0.64200,3.25395,12.71100,1.07498,-0.63016,1.05737,31.2530583,75.7039950,1.300,243.91
233.393,2.88795,3.19395,8.92905,0.94930,-0.35104,0.58767,31.2530583,75.7039950,1.300,243.91
233.500,2.03295,3.17505,7.36500,0.37936,-0.17847,-0.18150,31.2530583,75.7039950,1.300,243.91
233.608,-0.12105,3.37800,7.15005,0.13860,0.37758,-0.23471,31.2530583,75.7039950,1.300,243.91
233.713,-0.48000,5.29095,7.09695,0.27280,-0.06985,0.36603,31.2530583,75.7039950,1.300,243.91
233.821,1.62300,5.68605,10.29300,-0.75089,1.13176,0.04538,31.2530583,75.7039950,1.300,243.91
233.929,1.40805,4.56600,11.38695,-0.16610,1.24039,0.15936,31.2530583,75.7039950,1.300,243.91
234.037,3.09300,4.33095,7.89705,0.39641,0.05692,0.29356,31.2530583,75.7039950,1.300,243.91
234.145,1.93500,3.98205,6.47700,-0.16074,-0.08044,-0.21876,31.2530583,75.7039950,1.300,243.91
234.249,0.96300,4.55100,7.05405,-0.24805,0.02709,-0.09735,31.2530517,75.7039900,1.239,217.49
234.353,0.88095,5.50395,11.09295,0.10986,-0.16459,0.37771,31.2530517,75.7039900,1.239,217.49
234.461,-0.22200,6.14100,10.87005,-0.32794,0.45114,0.55454,31.2530517,75.7039900,1.239,217.49
234.569,-1.14300,5.38005,8.99595,0.19071,-0.07411,1.36524,31.2530517,75.7039900,1.239,217.49
234.686,-0.54705,4.24995,9.03900,0.64350,-0.17311,1.07333,31.2530517,75.7039900,1.239,217.49
234.794,0.03105,3.98595,7.61205,0.38569,0.58850,-0.00894,31.2530517,75.7039900,1.239,217.49
234.902,1.06995,4.04895,7.21905,0.13750,0.62576,-0.33165,31.2530517,75.7039900,1.239,217.49
235.006,1.55895,4.63305,9.73995,-0.42281,0.02282,-0.53941,31.2530517,75.7039900,1.239,217.49
235.113,1.48500,3.66300,11.44500,-0.58369,-0.33509,-0.83875,31.2530517,75.7039900,1.239,217.49
235.225,1.76505,4.12995,8.59305,0.00014,-0.83050,-1.01241,31.2530400,75.7039900,1.222,206.40
235.333,-0.52995,3.57195,6.48705,0.10876,-0.33399,-1.09436,31.2530400,75.7039900,1.222,206.40
235.441,-0.90195,4.67400,7.14705,-0.15111,-0.68338,-0.62466,31.2530400,75.7039900,1.222,206.40
235.549,-0.75495,6.08595,8.73000,-0.16926,-0.27858,-0.02379,31.2530400,75.7039900,1.222,206.40
235.653,0.05295,6.34695,10.51095,-0.32478,0.35420,0.23292,,,,
235.758,0.19605,4.97805,10.28895,0.15771,0.33289,0.80176,,,,
235.865,1.90605,3.57495,9.91305,0.48592,-0.19869,0.68241,,,,
235.972,1.14000,3.94305,4.54695,0.41869,0.19965,0.18920,,,,
236.079,0.62295,3.95295,7.82505,-0.21821,-0.15180,-0.14108,,,,
236.187,1.56405,4.19205,10.47300,-0.45801,-0.37029,0.22646,31.2530267,75.7039850,1.198,204.72
236.294,2.21505,2.41605,15.07200,-1.09395,0.00577,-0.49362,31.2530267,75.7039850,1.198,204.72
236.402,3.81900,3.25905,9.45105,0.00014,-0.41071,-0.70661,31.2530267,75.7039850,1.198,204.72
236.506,0.53895,2.70600,6.16305,0.20776,0.08360,-0.81001,31.2530267,75.7039850,1.198,204.72
236.612,0.66795,3.63705,6.69705,-0.19800,-0.46296,-0.58740,31.2530267,75.7039850,1.198,204.72
236.720,0.32100,4.53900,11.12205,0.05129,0.03671,-0.18150,31.2530267,75.7039850,1.198,204.72
236.828,-0.03495,5.33700,9.05100,-0.25135,0.16981,-0.22302,31.2530267,75.7039850,1.198,204.72
236.935,-1.21995,3.93900,12.00795,-0.21931,-0.14754,0.46186,31.2530267,75.7039850,1.198,204.72
237.042,0.43305,3.15105,7.34100,0.56471,0.34567,0.85717,31.2530267,75.7039850,1.198,204.72
237.147,0.82605,3.34005,7.29105,0.23237,-0.20625,0.42144,31.2530183,75.7039783,1.155,203.68
237.255,0.34995,2.85600,9.51795,0.26111,0.40095,-0.02062,31.2530183,75.7039783,1.155,203.68
237.362,0.86400,3.26595,9.83400,-0.08828,0.56086,-0.11124,31.2530183,75.7039783,1.155,203.68
237.470,3.49800,4.13700,9.30495,0.93857,-0.68131,-0.46489,31.2530183,75.7039783,1.155,203.68
237.578,0.91500,3.20400,9.18195,-0.15441,-0.09432,-0.87821,31.2530183,75.7039783,1.155,203.68
237.687,0.07695,3.73005,5.63205,-0.01059,-0.22110,-0.42859,31.2530183,75.7039783,1.155,203.68
237.794,-0.69105,4.37895,9.36900,-0.10010,0.07191,0.04221,31.2530183,75.7039783,1.155,203.68
237.903,0.18195,5.63595,11.21700,0.09597,0.19113,0.30965,31.2530183,75.7039783,1.155,203.68
238.012,-1.63695,4.58295,11.22195,-0.02764,0.54271,0.53433,31.2530183,75.7039783,1.155,203.68
238.119,0.45705,3.03405,9.10605,-0.10959,0.22096,0.67279,31.2530183,75.7039783,1.155,203.68
238.228,0.53400,3.08595,6.06000,0.67018,-0.20089,0.87203,31.2530067,75.7039767,1.133,206.27
238.336,-0.52095,3.39705,7.35600,0.01815,0.05692,0.29783,31.2530067,75.7039767,1.133,206.27
238.443,0.18900,4.71195,9.90795,-0.38981,0.40521,0.29686,31.2530067,75.7039767,1.133,206.27
238.565,0.10500,3.10095,12.34305,0.38142,0.95384,0.38101,31.2530067,75.7039767,1.133,206.27
238.672,1.15905,2.61000,8.26095,0.20886,0.63745,-0.35090,31.2530067,75.7039767,1.133,206.27
238.777,0.32295,3.64395,4.34595,0.28449,-0.01554,-0.15166,31.2530067,75.7039767,1.133,206.27
238.881,-0.24600,3.82800,9.39300,-0.20226,-0.10395,-0.05046,31.2530067,75.7039767,1.133,206.27
238.989,-0.17100,5.19105,11.44305,0.32711,-0.05816,0.46296,31.2530067,75.7039767,1.133,206.27
239.103,-1.00005,4.67595,9.40500,-0.23004,0.24654,0.32024,31.2530067,75.7039767,1.133,206.27
239.210,-0.21000,3.99405,10.45905,-0.37813,-0.26153,0.68461,31.2529933,75.7039783,1.081,197.59
239.314,0.23205,3.53205,7.54200,0.28985,0.19222,0.87739,31.2529933,75.7039783,1.081,197.59
239.421,0.62505,3.73995,7.48995,0.23127,0.03878,0.35434,31.2529933,75.7039783,1.081,197.59
239.529,-0.01605,3.45495,8.92095,-0.09790,0.20927,0.13062,31.2529933,75.7039783,1.081,197.59
239.637,2.14305,2.94495,12.90495,-0.93624,0.26043,-0.49789,31.2529933,75.7039783,1.081,197.59
239.746,2.80605,2.95695,10.38900,-0.11385,-0.40329,-0.69066,31.2529933,75.7039783,1.081,197.59
239.854,-0.07995,2.65995,7.52805,0.06078,-0.21574,-0.80575,31.2529933,75.7039783,1.081,197.59
239.962,0.20100,3.80400,6.65895,-0.04675,-0.55344,-0.55536,31.2529933,75.7039783,1.081,197.59
240.069,-0.44895,4.28100,12.32400,0.19924,-0.20831,-0.18040,31.2529933,75.7039783,1.081,197.59
240.177,0.76395,4.93500,11.17005,0.25685,-0.19236,-0.11866,31.2529783,75.7039817,1.072,191.13
240.285,-0.92805,4.33395,9.53895,0.01925,-0.26153,0.24351,31.2529783,75.7039817,1.072,191.13
240.392,0.48405,2.96895,8.62005,-0.01801,0.13997,0.56842,31.2529783,75.7039817,1.072,191.13
240.498,0.70905,3.18900,6.39105,0.20886,-0.06339,0.46832,31.2529783,75.7039817,1.072,191.13
240.606,0.13695,3.12195,6.70395,-0.36960,0.41704,-0.13035,31.2529783,75.7039817,1.072,191.13
240.713,1.70205,3.52395,11.10300,-0.76161,0.54271,-0.41264,31.2529783,75.7039817,1.072,191.13
240.821,0.16995,1.77405,14.69895,0.51563,0.18576,-0.18040,31.2529783,75.7039817,1.072,191.13
240.929,1.65000,2.86095,6.83595,0.59551,-0.35530,-0.50958,31.2529783,75.7039817,1.072,191.13
241.037,0.26595,2.98305,5.67705,0.47740,-0.29356,-0.45100,31.2529783,75.7039817,1.072,191.13
241.145,1.11105,3.72300,9.67995,0.18439,-0.20089,-0.22096,31.2529783,75.7039817,1.072,191.13
241.253,0.51000,5.60505,9.07905,0.34306,0.50009,-0.16761,31.2529667,75.7039817,1.029,214.33
241.361,-1.29195,4.65195,12.69495,0.00962,0.25300,-0.09845,31.2529667,75.7039817,1.029,214.33
241.468,-0.08295,3.47400,10.29105,0.62961,-0.01760,0.34691,31.2529667,75.7039817,1.029,214.33
241.576,0.32100,2.67900,5.16495,0.81180,-0.04744,0.50559,31.2529667,75.7039817,1.029,214.33
241.684,0.70395,3.03405,5.70600,-0.25025,-0.15400,-0.04084,31.2529667,75.7039817,1.029,214.33
241.791,0.65100,4.47495,10.36500,-0.71253,-0.04208,-0.12609,31.2529667,75.7039817,1.029,214.33
241.899,0.98400,3.12705,16.36695,-0.77330,0.56182,-0.49143,31.2529667,75.7039817,1.029,214.33
242.006,4.09395,4.26405,9.63495,0.71706,-1.05834,-0.17077,31.2529667,75.7039817,1.029,214.33
242.111,0.50295,3.02895,5.60505,0.37716,0.16349,-0.80465,31.2529667,75.7039817,1.029,214.33
242.218,-0.26205,3.80400,7.26495,-0.31735,-0.08896,-0.71307,31.2529550,75.7039767,1.010,214.73
242.327,-1.95000,5.11395,10.76295,0.09488,0.50751,0.15400,31.2529550,75.7039767,1.010,214.73
242.434,0.40695,5.47095,11.56200,-0.00632,0.00894,0.60362,31.2529550,75.7039767,1.010,214.73
242.537,-0.57105,5.12805,8.47095,-0.02544,-0.05816,0.97322,31.2529550,75.7039767,1.010,214.73
242.640,0.05805,3.08100,8.57400,-0.20556,0.13901,0.66000,31.2529550,75.7039767,1.010,214.73
242.744,0.73005,3.54600,8.65305,0.20350,-0.25836,0.58767,31.2529550,75.7039767,1.010,214.73
242.852,0.59595,4.37700,8.88795,0.24612,0.34994,0.09446,31.2529550,75.7039767,1.010,214.73
242.959,0.55995,5.28600,9.96795,0.08003,0.63429,0.22646,31.2529550,75.7039767,1.010,214.73
243.066,-0.70500,3.43605,9.42405,0.18233,0.81001,0.10299,31.2529550,75.7039767,1.010,214.73
243.175,1.45605,3.55995,8.59095,-0.00742,-0.29563,-0.03135,31.2529483,75.7039717,0.989,194.04
243.284,0.42405,4.34100,6.56295,0.20680,-0.11990,0.22866,31.2529483,75.7039717,0.989,194.04
243.391,1.14195,4.53705,8.74395,-0.13516,-0.10079,-0.11976,31.2529483,75.7039717,0.989,194.04
243.498,1.41000,5.44395,10.08300,0.29838,-0.07617,-0.00247,31.2529483,75.7039717,0.989,194.04
243.606,-0.27900,3.98400,8.88600,0.15249,0.53199,-0.35406,31.2529483,75.7039717,0.989,194.04
243.712,0.63495,3.88305,9.64905,-0.55385,-0.73769,-0.38280,31.2529483,75.7039717,0.989,194.04
243.817,1.09695,3.12495,7.84605,-0.00742,-0.13159,-0.34774,31.2529483,75.7039717,0.989,194.04
243.921,0.76905,2.32695,11.42295,0.05871,-0.10821,-0.94105,31.2529483,75.7039717,0.989,194.04
244.029,1.31505,2.35800,9.71595,0.03314,0.11344,-1.02300,31.2529483,75.7039717,0.989,194.04
244.137,2.16195,3.86700,7.83195,-0.13516,-0.50765,-0.36891,31.2529483,75.7039717,0.989,194.04
244.247,0.52905,4.18995,6.87705,-0.34499,-0.23169,-0.69603,31.2529400,75.7039683,1.001,214.31
244.356,0.04995,5.17200,11.54100,0.12045,0.00467,-0.30291,31.2529400,75.7039683,1.001,214.31
244.463,0.89595,6.07695,10.81305,0.35063,-0.19236,0.11357,31.2529400,75.7039683,1.001,214.31
244.569,-1.41900,5.00205,8.65305,0.13007,0.12196,0.60142,31.2529400,75.7039683,1.001,214.31
244.676,1.32405,2.86095,11.51700,-0.20336,0.06435,0.88907,31.2529400,75.7039683,1.001,214.31
244.784,1.62795,3.32295,5.91405,0.60734,0.41168,0.74855,31.2529400,75.7039683,1.001,214.31
244.892,0.84795,3.37605,7.26900,0.18012,0.00151,-0.18040,31.2529400,75.7039683,1.001,214.31
245.001,2.05395,4.20705,10.01595,-0.82541,0.07081,-0.14534,31.2529400,75.7039683,1.001,214.31
245.110,1.87995,2.07795,13.56900,-0.77866,0.23265,-0.32739,31.2529400,75.7039683,1.001,214.31
245.218,2.12895,3.05295,7.61700,0.12045,0.06119,-0.51604,31.2529300,75.7039650,0.984,205.55
245.326,0.90495,3.36405,5.58405,0.23127,-0.18164,-0.62673,31.2529300,75.7039650,0.984,205.55
245.435,0.61095,3.26805,9.91695,-0.23004,-0.26579,-0.72696,31.2529300,75.7039650,0.984,205.55
245.543,-0.22200,4.34805,11.44500,0.36864,0.10491,0.08594,31.2529300,75.7039650,0.984,205.55
245.652,0.44805,3.84795,11.55000,0.06297,-0.24021,0.38528,31.2529300,75.7039650,0.984,205.55
245.760,0.00195,3.71595,9.21795,-0.02860,-0.16363,0.67279,31.2529300,75.7039650,0.984,205.55
245.868,0.24900,2.80800,8.09505,0.52525,0.16775,0.75171,31.2529300,75.7039650,0.984,205.55
245.971,1.02195,3.22695,6.51300,0.42721,-0.01444,0.44069,31.2529300,75.7039650,0.984,205.55
246.075,1.00605,3.85995,8.48805,-0.16816,-0.10931,0.06779,31.2529300,75.7039650,0.984,205.55
246.183,2.73195,4.13700,11.09100,-0.91712,0.34141,-0.06009,31.2529217,75.7039583,0.977,224.03
246.302,3.22695,3.04500,11.00700,-0.00096,-0.24351,-0.34444,31.2529217,75.7039583,0.977,224.03
246.409,0.74505,3.07695,6.51495,0.12581,0.22742,-0.50215,31.2529217,75.7039583,0.977,224.03
246.517,0.04605,3.54300,6.72600,-0.02008,-0.13269,-0.25822,31.2529217,75.7039583,0.977,224.03
246.625,0.79305,3.70905,10.83405,-0.06696,-0.01334,0.05390,31.2529217,75.7039583,0.977,224.03
246.734,1.57095,5.17905,10.31700,0.51893,-0.29673,0.23182,31.2529217,75.7039583,0.977,224.03
246.841,-1.56495,3.62205,10.60905,0.15771,0.76849,0.24997,31.2529217,75.7039583,0.977,224.03
246.946,1.27905,3.35700,10.03695,0.35159,-0.44055,0.86776,31.2529217,75.7039583,0.977,224.03
247.051,0.73305,3.06495,6.11100,0.75116,0.00577,1.00416,31.2529217,75.7039583,0.977,224.03
247.158,1.76505,3.60600,6.49800,0.27706,-0.11990,0.33729,31.2529217,75.7039583,0.977,224.03
247.266,1.97805,3.61305,10.39605,-0.43134,0.18906,0.06889,31.2529133,75.7039500,0.978,207.22
247.371,3.57705,2.45400,14.37105,-1.28466,0.52250,-0.47438,31.2529133,75.7039500,0.978,207.22
247.475,4.08000,3.36405,9.97200,0.21959,-0.48208,-0.05266,31.2529133,75.7039500,0.978,207.22
247.580,0.85995,3.07200,6.23295,0.04592,0.12513,-0.52979,31.2529133,75.7039500,0.978,207.22
247.689,1.08900,3.56505,7.33395,-0.10959,-0.19346,-0.38074,31.2529133,75.7039500,0.978,207.22
247.796,0.74505,4.62600,11.33700,0.08319,0.24874,-0.10271,31.2529133,75.7039500,0.978,207.22
247.904,0.65100,5.48805,10.81005,0.20254,0.11660,0.17215,31.2529133,75.7039500,0.978,207.22
248.012,-0.24600,4.63305,9.80505,0.09377,-0.18384,0.59400,31.2529133,75.7039500,0.978,207.22
248.121,0.55605,2.85195,7.45605,0.36341,0.35310,0.63236,31.2529133,75.7039500,0.978,207.22
248.228,0.98895,3.07395,5.92095,0.37084,-0.21147,0.56306,31.2529033,75.7039467,0.987,203.62
248.335,0.66795,3.62700,8.44995,-0.29494,-0.11028,0.04648,31.2529033,75.7039467,0.987,203.62
248.443,1.99905,3.98595,12.53400,-1.57864,0.45540,-0.18576,31.2529033,75.7039467,0.987,203.62
248.550,2.92305,3.14805,10.64505,0.62645,0.24021,0.46516,31.2529033,75.7039467,0.987,203.62
248.659,1.46805,2.97795,6.42405,-0.03080,0.05156,-0.69066,31.2529033,75.7039467,0.987,203.62
248.765,0.78795,3.77805,5.03805,0.07466,-0.31804,-0.64487,31.2529033,75.7039467,0.987,203.62
248.872,0.52395,4.29300,11.73000,0.04909,0.00151,-0.36685,31.2529033,75.7039467,0.987,203.62
248.976,0.78495,5.47800,10.77900,0.20680,0.03451,0.12856,31.2529033,75.7039467,0.987,203.62
249.084,-1.49295,4.55400,9.72600,-0.10010,0.24764,0.46406,31.2529033,75.7039467,0.987,203.62
249.193,-0.19500,2.68905,9.83400,-0.06806,0.00151,0.69410,31.2528917,75.7039400,1.034,208.19
249.301,1.26705,2.96400,5.72505,0.67554,-0.27005,0.93596,31.2528917,75.7039400,1.034,208.19
249.408,0.96495,3.16305,7.23405,0.13117,-0.05706,0.24997,31.2528917,75.7039400,1.034,208.19
249.513,1.67805,3.60105,10.58505,-0.45375,0.11976,0.18178,31.2528917,75.7039400,1.034,208.19
249.623,1.92000,2.85600,13.23795,-1.01406,0.57791,-0.36149,31.2528917,75.7039400,1.034,208.19
249.730,3.42600,3.08400,9.69195,0.20886,-0.15936,-0.32849,31.2528917,75.7039400,1.034,208.19
249.837,1.20405,2.99505,5.70105,0.47094,0.01114,-0.51384,31.2528917,75.7039400,1.034,208.19
249.943,0.98895,3.53595,8.17905,-0.05321,-0.25946,-0.45100,31.2528917,75.7039400,1.034,208.19
250.049,0.95100,4.55595,10.74795,0.33138,0.04840,0.07837,31.2528917,75.7039400,1.034,208.19
250.179,1.03200,3.69000,11.42805,0.15565,-0.01554,0.09969,31.2528917,75.7039400,1.034,208.19
250.287,1.33095,3.29700,9.02205,0.04056,0.09955,0.26702,31.2528783,75.7039350,1.045,209.93
250.394,0.59400,2.71995,6.39300,0.65945,0.15180,0.72078,31.2528783,75.7039350,1.045,209.93
250.501,1.83405,3.58695,6.54600,-0.06490,-0.06985,0.19566,31.2528783,75.7039350,1.045,209.93
250.608,2.29605,3.52200,10.44405,-0.46434,-0.13695,0.16156,31.2528783,75.7039350,1.045,209.93
250.718,4.03695,2.06100,15.07200,-1.69895,0.31364,-0.64487,31.2528783,75.7039350,1.045,209.93
250.826,3.97005,2.10900,8.57400,-0.10532,-0.54808,-0.25712,31.2528783,75.7039350,1.045,209.93
250.934,1.73295,2.18400,5.94105,-0.26936,-0.16679,-0.53735,31.2528783,75.7039350,1.045,209.93
251.041,1.13700,2.98995,8.77095,-0.35888,-0.38087,-0.31364,31.2528783,75.7039350,1.045,209.93
251.149,1.71195,3.73995,12.81000,0.62865,0.27101,0.19346,31.2528700,75.7039300,1.050,206.08
251.276,1.32405,3.46200,13.74105,0.01815,0.27211,-0.12292,31.2528700,75.7039300,1.050,206.08
251.384,1.79805,3.46695,8.11500,0.73081,-0.13379,0.69094,31.2528700,75.7039300,1.050,206.08
251.492,0.97905,2.71995,7.62600,0.30896,0.43505,0.40755,31.2528700,75.7039300,1.050,206.08
251.599,2.16705,3.39495,6.09900,0.84164,-0.08470,0.46722,31.2528700,75.7039300,1.050,206.08
251.704,1.78905,4.00095,8.16705,0.39737,0.06971,0.14877,31.2528700,75.7039300,1.050,206.08
251.834,4.09905,4.12995,13.53000,-1.65206,0.01320,-0.56292,31.2528700,75.7039300,1.050,206.08
251.942,3.55800,4.35495,8.98800,-0.18425,-0.60252,-0.14534,31.2528700,75.7039300,1.050,206.08
252.049,0.05805,3.12495,5.94495,-0.24379,0.37964,-0.73219,31.2528700,75.7039300,1.050,206.08
252.157,-0.12600,4.20000,7.56195,-0.20020,-0.30319,-0.25080,31.2528700,75.7039300,1.050,206.08
252.265,0.47700,5.35800,12.36705,0.11412,0.13571,0.10615,31.2528617,75.7039267,1.057,199.31
252.373,0.84300,4.59000,13.38405,0.32175,0.19965,0.47795,31.2528617,75.7039267,1.057,199.31
252.480,0.66600,4.27605,10.75500,-0.03190,-0.16252,0.78045,31.2528617,75.7039267,1.057,199.31
252.588,0.13395,2.28705,7.13805,0.57640,0.51714,0.86350,31.2528617,75.7039267,1.057,199.31
252.697,1.89405,3.64395,4.67400,0.61792,-0.25946,0.32986,31.2528617,75.7039267,1.057,199.31
252.805,0.10095,3.99405,7.81800,-0.29824,-0.37455,0.02406,31.2528617,75.7039267,1.057,199.31
252.925,3.76395,3.74205,14.48100,-1.92376,0.14644,-0.22302,31.2528617,75.7039267,1.057,199.31
253.030,4.09200,3.93900,10.51395,-0.16294,-0.32876,0.04854,31.2528617,75.7039267,1.057,199.31
253.138,0.61800,2.92095,7.15695,0.00536,0.33179,-0.52772,31.2528617,75.7039267,1.057,199.31
253.247,1.02705,4.07295,6.39300,0.05761,-0.42996,-0.36259,31.2528550,75.7039267,1.069,185.87
253.354,1.00305,4.63800,11.16000,0.39957,0.03245,-0.00247,31.2528550,75.7039267,1.069,185.87
253.486,2.06400,4.94205,12.51495,-0.00206,-0.10285,0.16899,31.2528550,75.7039267,1.069,185.87
253.593,1.51800,4.35795,9.59205,0.18439,-0.37345,0.53859,31.2528550,75.7039267,1.069,185.87
253.699,-0.55905,2.19600,7.83900,-0.71899,0.55440,0.34787,31.2528550,75.7039267,1.069,185.87
253.807,0.35700,2.87805,6.37605,0.54024,0.12829,0.80286,31.2528550,75.7039267,1.069,185.87
253.916,2.31300,4.37895,8.55495,0.40810,-0.12100,0.10725,31.2528550,75.7039267,1.069,185.87
254.026,3.41895,4.42005,11.22000,-1.22183,0.32862,-0.26249,31.2528550,75.7039267,1.069,185.87
254.133,2.45895,3.50805,11.42805,-0.02860,-0.28710,-0.04194,31.2528550,75.7039267,1.069,185.87
254.241,1.08000,3.00195,6.14400,-0.09680,0.07824,-0.48400,31.2528467,75.7039283,1.114,183.87
254.350,0.41400,4.33605,5.98605,0.01182,-0.63126,-0.21024,31.2528467,75.7039283,1.114,183.87
254.457,0.72600,4.91295,10.89900,0.09914,0.45540,-0.13681,31.2528467,75.7039283,1.114,183.87
254.582,1.83405,5.95695,12.61305,-0.40892,-0.20199,0.19772,31.2528467,75.7039283,1.114,183.87
254.689,0.85005,4.43205,9.69000,0.12691,-0.19236,0.72188,31.2528467,75.7039283,1.114,183.87
254.797,0.25605,2.18400,7.43205,0.00110,0.24117,0.55247,31.2528467,75.7039283,1.114,183.87
254.905,1.81305,3.18405,4.77000,0.65945,-0.52690,0.48647,31.2528467,75.7039283,1.114,183.87
255.013,0.41400,3.30600,8.08095,-0.23430,-0.14121,-0.17298,31.2528467,75.7039283,1.114,183.87
255.139,2.17395,1.85805,16.18305,-2.31041,-0.29136,-0.52126,31.2528467,75.7039283,1.114,183.87
255.247,5.63100,4.54905,9.27795,0.48689,-0.45334,0.14974,31.2528367,75.7039300,1.166,184.79
255.355,0.87405,2.73195,6.77595,0.02035,0.37867,-1.00169,31.2528367,75.7039300,1.166,184.79
255.463,0.78495,3.54600,6.87405,0.16624,-0.40439,-0.52979,31.2528367,75.7039300,1.166,184.79
255.571,1.15605,4.29000,10.04700,0.11083,-0.16459,-0.35406,31.2528367,75.7039300,1.166,184.79
255.680,1.82400,4.82700,13.45800,0.04592,-0.34994,-0.15483,31.2528367,75.7039300,1.166,184.79
255.785,0.55605,4.38405,9.43605,0.24406,-0.05390,-0.04194,31.2528367,75.7039300,1.166,184.79
255.893,-0.15195,2.59995,7.40100,0.57214,0.42336,0.26592,31.2528367,75.7039300,1.166,184.79
256.001,0.69000,3.49800,4.54200,0.30896,-0.14011,0.17861,31.2528367,75.7039300,1.166,184.79
256.109,-0.10905,4.16595,7.80105,-0.36740,-0.40645,0.00069,31.2528367,75.7039300,1.166,184.79
256.234,2.20800,3.37800,15.10605,-1.27710,0.27431,-0.08236,31.2528250,75.7039300,1.186,183.70
256.342,3.41400,3.84000,9.06000,0.32505,-0.26153,0.27871,31.2528250,75.7039300,1.186,183.70
256.448,1.10400,3.46905,5.71095,-0.10216,0.23059,-0.79833,31.2528250,75.7039300,1.186,183.70
256.552,0.48900,3.97695,7.08705,-0.15111,-0.17215,-0.72050,31.2528250,75.7039300,1.186,183.70
256.659,-1.17000,4.94595,12.18000,0.44962,0.18796,-0.29659,31.2528250,75.7039300,1.186,183.70
256.791,0.75900,5.76105,10.61205,-0.20130,-0.08264,-0.16871,31.2528250,75.7039300,1.186,183.70
256.899,-1.74705,4.38405,9.09600,-0.01155,-0.38514,0.77619,31.2528250,75.7039300,1.186,183.70
257.007,0.82605,3.04800,8.11200,0.51563,-0.18810,0.74429,31.2528250,75.7039300,1.186,183.70
257.115,1.51995,3.33795,6.12705,0.42831,-0.32876,0.37345,31.2528250,75.7039300,1.186,183.70
257.218,0.86400,3.26805,8.64600,-0.29920,-0.16679,-0.14108,31.2528133,75.7039300,1.191,180.32
257.343,3.62295,3.83805,14.19300,-1.40291,-0.04428,0.19140,31.2528133,75.7039300,1.191,180.32
257.450,4.86495,3.73500,10.53495,0.33248,-0.36176,0.42364,31.2528133,75.7039300,1.191,180.32
257.557,1.64295,2.99505,5.24595,-0.09900,0.46599,-0.90159,31.2528133,75.7039300,1.191,180.32
257.665,1.09695,3.40500,6.61305,-0.31625,-0.23595,-1.04225,31.2528133,75.7039300,1.191,180.32
257.773,0.05295,4.06500,12.50595,0.04799,0.47767,-0.47864,31.2528133,75.7039300,1.191,180.32
257.885,0.45705,5.98995,10.22100,0.17806,-0.05390,-0.11330,31.2528133,75.7039300,1.191,180.32
257.993,-1.13100,4.68105,10.18095,0.47630,-0.35324,0.19883,31.2528133,75.7039300,1.191,180.32
258.101,0.20400,2.88300,8.23005,0.17476,0.26469,0.38101,31.2528133,75.7039300,1.191,180.32
258.209,0.79005,2.74095,5.62905,0.75116,-0.14658,0.63346,31.2528033,75.7039300,1.177,184.04
258.317,0.39000,3.20805,6.47700,-0.24709,0.15276,-0.15909,31.2528033,75.7039300,1.177,184.04
258.441,2.94300,3.99795,10.40595,-1.64354,-0.53433,-0.43821,31.2528033,75.7039300,1.177,184.04
258.548,1.06305,2.28195,13.32900,-0.17572,0.42652,0.04015,31.2528033,75.7039300,1.177,184.04
258.652,0.81900,2.75805,7.07100,0.29301,0.29342,-0.49899,31.2528033,75.7039300,1.177,184.04
258.760,0.53400,3.37605,6.05595,0.44756,-0.26579,-0.39559,31.2528033,75.7039300,1.177,184.04
258.868,0.94605,3.64395,10.94895,-0.30346,0.04098,-0.48510,31.2528033,75.7039300,1.177,184.04
258.997,2.22705,4.99695,12.08700,-0.10959,-0.13585,-0.16445,31.2528033,75.7039300,1.177,184.04
259.105,-1.95495,3.63900,10.19505,0.13214,0.11014,0.36176,31.2528033,75.7039300,1.177,184.04
259.212,-0.42000,2.32005,8.64405,0.37716,-0.02090,0.69740,31.2527933,75.7039283,1.131,187.48
259.320,0.27300,2.83695,5.53800,0.58492,-0.16569,0.78677,31.2527933,75.7039283,1.131,187.48
259.428,-0.08505,3.11700,8.79705,0.04702,-0.15936,0.29686,31.2527933,75.7039283,1.131,187.48
259.538,1.69305,3.79005,10.58805,-0.96608,0.41058,0.13283,31.2527933,75.7039283,1.131,187.48
259.647,1.97295,2.97405,11.57700,0.42941,0.20818,0.41181,31.2527933,75.7039283,1.131,187.48
259.754,1.16805,2.63400,6.58500,0.32395,0.39669,-0.26029,31.2527933,75.7039283,1.131,187.48
259.863,1.04895,3.42900,5.50995,0.28023,-0.32340,-0.29013,31.2527933,75.7039283,1.131,187.48
259.967,0.86205,4.06500,10.79805,-0.25451,0.16555,-0.23265,31.2527933,75.7039283,1.131,187.48
260.074,0.77295,5.28405,11.90700,0.24612,-0.11028,0.05610,31.2527933,75.7039283,1.131,187.48
260.182,-1.67205,4.36005,9.90300,0.24516,0.60665,0.29040,31.2527833,75.7039283,1.121,187.70
260.287,0.73005,3.32595,9.07905,0.01609,-0.27651,0.66426,31.2527833,75.7039283,1.121,187.70
260.395,0.08595,3.01005,6.50595,0.48373,-0.01127,0.81235,31.2527833,75.7039283,1.121,187.70
260.503,0.94605,3.39705,7.28895,0.07150,-0.05596,0.20845,31.2527833,75.7039283,1.121,187.70
260.609,0.55800,3.79695,11.00700,-0.72847,0.24021,-0.18040,31.2527833,75.7039283,1.121,187.70
260.717,1.33605,1.72200,15.70905,-0.70400,1.21481,-0.51274,31.2527833,75.7039283,1.121,187.70
260.825,4.67595,3.64905,7.69995,0.54972,-0.43945,-0.20171,31.2527833,75.7039283,1.121,187.70
260.933,1.20195,3.26595,5.65305,0.25575,-0.14121,-0.82486,31.2527833,75.7039283,1.121,187.70
261.041,-0.24795,4.25505,7.60695,-0.01911,-0.24984,-0.72366,31.2527833,75.7039283,1.121,187.70
261.148,-1.98105,5.21205,11.89305,0.42405,-0.00481,-0.06751,31.2527833,75.7039283,1.121,187.70
261.255,0.13395,4.89900,11.29395,0.68612,-0.14658,0.41938,31.2527700,75.7039283,1.137,185.00
261.359,0.42405,5.04195,8.35605,0.04909,-0.47465,0.50875,31.2527700,75.7039283,1.137,185.00
261.468,-0.48000,2.99505,6.93900,-0.31735,0.64707,0.51095,31.2527700,75.7039283,1.137,185.00
261.575,1.20000,3.37605,5.23395,0.19607,-0.12526,0.37249,31.2527700,75.7039283,1.137,185.00
261.683,0.28995,3.84795,9.01005,-0.71046,-0.34677,-0.10477,31.2527700,75.7039283,1.137,185.00
261.791,2.30595,3.12900,15.99600,-1.38793,0.08250,-0.57241,31.2527700,75.7039283,1.137,185.00
261.895,3.45300,3.20100,11.45400,0.12265,-0.39792,-0.39022,31.2527700,75.7039283,1.137,185.00
261.997,0.26805,2.32500,7.20705,0.27170,0.10588,-0.73123,31.2527700,75.7039283,1.137,185.00
262.101,1.40100,3.40905,5.69205,0.42295,-0.87203,-0.58520,31.2527700,75.7039283,1.137,185.00
262.205,-0.43500,4.02195,9.72600,-0.29824,-0.04634,-0.58630,31.2527583,75.7039233,1.142,189.94
262.311,0.84495,5.32005,11.80395,0.35585,-0.01237,0.14658,31.2527583,75.7039233,1.142,189.94
262.418,-1.77795,4.63305,8.17200,0.36864,0.30621,0.49926,31.2527583,75.7039233,1.142,189.94
262.527,-1.09800,2.14800,9.01200,0.14286,-0.31598,0.74525,31.2527583,75.7039233,1.142,189.94
262.635,1.72200,2.93505,4.90605,0.70318,-0.35420,0.96470,31.2527583,75.7039233,1.142,189.94
262.742,1.48695,3.54105,6.91695,-0.36424,0.07508,-0.00674,31.2527583,75.7039233,1.142,189.94
262.857,2.65500,3.99105,12.10305,-1.14826,0.32216,-0.07810,31.2527583,75.7039233,1.142,189.94
262.963,1.93500,1.91505,12.46695,0.46667,0.99536,-0.03658,31.2527583,75.7039233,1.142,189.94
263.070,2.62200,2.59995,5.55795,0.31859,-0.15606,-0.74497,31.2527583,75.7039233,1.142,189.94
263.178,0.08205,3.00495,5.22000,-0.29714,0.07081,-0.77371,31.2527450,75.7039183,1.156,197.08
263.286,0.83805,3.55305,11.24895,-0.32368,0.07934,-0.57888,31.2527450,75.7039183,1.156,197.08
263.411,-0.02505,5.08800,11.01405,0.04056,0.06009,0.08374,31.2527450,75.7039183,1.156,197.08
263.516,-0.46095,3.17700,11.97405,0.54450,0.24874,0.40329,31.2527450,75.7039183,1.156,197.08
263.624,0.38595,2.63100,9.23295,0.73838,-0.31171,0.71225,31.2527450,75.7039183,1.156,197.08
263.732,0.41400,2.58105,5.42595,0.90241,-0.01444,0.66426,31.2527450,75.7039183,1.156,197.08
263.839,1.17105,3.24900,7.07295,-0.17462,0.01004,-0.06957,31.2527450,75.7039183,1.156,197.08
263.950,1.54200,3.78795,11.21505,-0.97254,0.27321,-0.04730,31.2527450,75.7039183,1.156,197.08
264.055,1.39395,2.22900,14.32800,-0.80094,0.90915,-0.19429,31.2527450,75.7039183,1.156,197.08
264.163,4.12500,3.66300,8.88105,0.35269,-0.65890,-0.01004,31.2527350,75.7039117,1.147,195.70
264.269,0.71400,2.49705,6.94605,0.20460,0.05582,-0.51384,31.2527350,75.7039117,1.147,195.70
264.377,0.77595,3.34200,7.69305,-0.37813,0.05060,-0.51068,31.2527350,75.7039117,1.147,195.70
264.484,-0.25500,4.30695,11.33205,-0.08731,0.00151,0.01884,31.2527350,75.7039117,1.147,195.70
264.591,0.17700,3.83805,12.41505,-0.08937,-0.06985,-0.07714,31.2527350,75.7039117,1.147,195.70
264.698,-1.08600,2.42805,11.95005,-0.04785,-0.48744,0.38624,31.2527350,75.7039117,1.147,195.70
264.803,0.12195,1.88205,7.31700,0.87684,0.16555,1.08185,31.2527350,75.7039117,1.147,195.70
264.910,1.15395,2.70300,5.27700,-0.03712,-0.13695,0.77302,31.2527350,75.7039117,1.147,195.70
265.018,0.44100,2.80800,9.29295,-0.19704,0.20185,0.20735,31.2527350,75.7039117,1.147,195.70
265.126,2.59500,2.70600,12.84600,-1.44650,0.15276,-0.31034,31.2527350,75.7039117,1.147,195.70
265.231,2.72895,2.36805,9.81900,0.54024,0.13901,0.14135,31.2527150,75.7039100,1.135,198.19
265.338,0.55305,2.50905,6.86700,0.13860,0.40205,-0.60335,31.2527150,75.7039100,1.135,198.19
265.444,0.56295,2.90895,7.56600,0.03424,-0.11784,-0.48620,31.2527150,75.7039100,1.135,198.19
265.552,-0.69600,3.06000,11.38500,0.16954,-0.04111,-0.31144,31.2527150,75.7039100,1.135,198.19
265.660,0.96300,4.30995,11.05695,0.57956,-0.42240,0.35750,31.2527150,75.7039100,1.135,198.19
265.767,-1.38000,3.70395,9.01695,0.23760,0.20707,0.65051,31.2527150,75.7039100,1.135,198.19
265.875,0.30705,2.29605,9.35505,-0.00522,0.25080,0.54931,31.2527150,75.7039100,1.135,198.19
265.983,1.31505,2.95500,5.72295,0.67554,-0.35846,0.74525,31.2527150,75.7039100,1.135,198.19
266.088,0.52905,3.11700,8.18400,-0.12128,-0.13475,-0.03658,31.2527150,75.7039100,1.135,198.19
266.195,2.20800,3.27795,10.72695,-1.03001,0.11234,-0.22096,31.2527050,75.7039050,1.141,201.60
266.302,0.59100,1.73100,11.92095,0.05761,0.88564,0.09116,31.2527050,75.7039050,1.141,201.60
266.410,2.51205,2.55705,8.05995,0.14396,-0.09652,-0.46695,31.2527050,75.7039050,1.141,201.60
266.518,0.75195,3.12195,5.49300,0.36974,-0.02516,-0.44041,31.2527050,75.7039050,1.141,201.60
266.626,0.63900,3.57705,9.52500,-0.26510,-0.22110,-0.60225,31.2527050,75.7039050,1.141,201.60
266.736,0.57900,4.56300,11.07600,0.71912,0.04950,0.10505,31.2527050,75.7039050,1.141,201.60
266.842,-1.62195,3.66300,9.44295,0.26744,0.64818,0.08800,31.2527050,75.7039050,1.141,201.60
266.951,-0.09495,2.31795,10.73595,-0.23210,-0.12953,0.67279,31.2527050,75.7039050,1.141,201.60
267.059,0.59100,2.71500,6.35505,0.65519,-0.07617,1.06384,31.2527050,75.7039050,1.141,201.60
267.166,1.12995,3.18000,8.21505,0.00962,-0.21794,0.25204,31.2526917,75.7038983,1.165,201.76
267.294,1.52505,3.21300,10.47795,-0.67416,0.07934,0.01457,31.2526917,75.7038983,1.165,201.76
267.402,1.22400,2.00895,12.49395,-0.51439,0.71734,-0.39353,31.2526917,75.7038983,1.165,201.76
267.510,2.11395,2.15700,9.89805,-0.00096,0.19113,-0.79833,31.2526917,75.7038983,1.165,201.76
267.618,0.86895,3.00000,6.39300,0.38789,0.03781,-0.43821,31.2526917,75.7038983,1.165,201.76
267.726,0.55605,3.27300,8.11695,0.27390,0.19539,-0.49472,31.2526917,75.7038983,1.165,201.76
267.834,-0.39195,3.98895,11.07405,0.42625,-0.01237,-0.12183,31.2526917,75.7038983,1.165,201.76
267.942,0.80205,3.55095,12.37395,0.10024,-0.21684,-0.26029,31.2526917,75.7038983,1.165,201.76
268.049,-0.31500,3.75705,7.89195,-0.02228,-0.40645,0.20089,31.2526917,75.7038983,1.165,201.76
268.157,-0.80805,2.55000,7.76700,0.20996,0.17627,0.43422,31.2526917,75.7038983,1.165,201.76
268.265,0.67305,3.12900,6.50595,0.15345,0.00797,0.27981,31.2526817,75.7038933,1.211,189.18
268.390,0.71805,3.52005,10.48500,-0.56348,-0.09652,0.14658,31.2526817,75.7038933,1.211,189.18
268.497,1.61100,1.57095,16.83900,-1.47001,0.74401,-0.72696,31.2526817,75.7038933,1.211,189.18
268.605,4.03200,3.01200,9.10095,0.58176,-0.44591,0.04111,31.2526817,75.7038933,1.211,189.18
268.714,0.83595,2.85900,5.73195,0.62645,0.16981,-0.37221,31.2526817,75.7038933,1.211,189.18
268.823,0.55605,3.60105,7.63305,-0.11069,-0.11674,-0.75350,31.2526817,75.7038933,1.211,189.18
268.947,-0.37005,4.99005,11.24400,0.36011,-0.07521,-0.01004,31.2526817,75.7038933,1.211,189.18
269.054,-0.12105,4.09200,11.48805,0.23334,-0.01017,-0.03878,31.2526817,75.7038933,1.211,189.18
269.162,0.16500,3.56700,9.20895,-0.27692,-0.32876,0.12746,31.2526633,75.7038883,1.330,195.69
269.270,-0.54495,2.34195,7.30995,0.48166,0.08456,0.74635,31.2526633,75.7038883,1.330,195.69
269.377,2.02800,3.49605,5.76795,-0.20020,-0.53212,0.44385,31.2526633,75.7038883,1.330,195.69
269.502,2.17395,3.57000,10.10400,-0.67953,-0.15606,0.10615,31.2526633,75.7038883,1.330,195.69
269.610,1.24500,1.08195,16.07805,-1.04912,0.57791,-0.58740,31.2526633,75.7038883,1.330,195.69
269.718,4.98705,3.22005,8.95500,0.58492,-0.91245,-0.41580,31.2526633,75.7038883,1.330,195.69
269.825,0.76605,2.68395,5.64105,0.47204,0.26895,-0.53515,31.2526633,75.7038883,1.330,195.69
269.932,1.80495,4.04895,6.91995,-0.37166,-0.11357,-0.66825,31.2526633,75.7038883,1.330,195.69
270.042,1.63995,4.68105,12.71100,0.26318,0.27747,-0.14630,31.2526633,75.7038883,1.330,195.69
270.150,0.82395,4.00605,11.50200,0.22385,0.20501,0.10615,31.2526633,75.7038883,1.330,195.69
270.258,2.63595,4.36200,11.70105,-0.26084,-1.49297,0.51095,31.2526400,75.7038783,1.475,199.79
270.365,0.46500,2.19795,7.18800,1.09739,0.60555,1.06274,31.2526400,75.7038783,1.475,199.79
270.474,1.80495,2.72895,5.12205,0.39421,-0.03465,0.30429,31.2526400,75.7038783,1.475,199.79
270.598,1.74300,3.41895,9.39300,-0.65079,0.05060,0.05706,31.2526400,75.7038783,1.475,199.79
270.704,3.97200,2.96400,14.98395,-0.56870,-0.97955,-0.09735,31.2526400,75.7038783,1.475,199.79
270.812,5.70105,4.37895,9.06000,0.53804,-0.26373,0.46613,31.2526400,75.7038783,1.475,199.79
270.920,2.41095,4.08900,5.07900,-0.17036,0.32642,-0.77481,31.2526400,75.7038783,1.475,199.79
271.029,1.41300,4.31700,7.61400,-0.46324,-0.11784,-0.87601,31.2526400,75.7038783,1.475,199.79
271.155,2.30805,5.33895,12.16995,0.67018,-0.00481,-0.15799,31.2526400,75.7038783,1.475,199.79
271.263,0.35205,4.59000,9.31200,0.61476,0.29659,-0.05156,31.2526200,75.7038700,0.000,199.79
271.370,1.05405,3.44805,9.64200,-0.07975,-0.36492,0.47039,31.2526200,75.7038700,0.000,199.79
271.472,0.58200,3.12000,6.51000,0.73081,0.39999,0.90929,31.2526200,75.7038700,0.000,199.79
271.579,1.94700,3.98895,5.55300,-0.19594,0.30195,0.21587,31.2526200,75.7038700,0.000,199.79
271.692,1.03905,3.34695,7.43205,-1.05985,0.09309,-0.05156,31.2526200,75.7038700,0.000,199.79
271.799,2.55705,1.80300,18.96300,-1.70967,0.37964,-0.28696,31.2526200,75.7038700,0.000,199.79
271.906,4.73805,3.99795,8.75100,1.05476,-0.46722,0.50449,31.2526200,75.7038700,0.000,199.79
272.014,1.37400,3.16005,5.75895,0.35063,0.22316,-0.60115,31.2526200,75.7038700,0.000,199.79
272.123,1.37895,3.52905,7.62900,-0.13310,0.04840,-0.70029,31.2526200,75.7038700,0.000,199.79
272.230,-0.15705,4.38900,11.25600,0.18549,0.53309,-0.26675,31.2526033,75.7038633,0.000,199.79
272.337,1.65000,4.46805,12.76905,-0.26304,-0.29246,-0.13681,31.2526033,75.7038633,0.000,199.79
272.445,-0.25005,4.45995,8.60505,0.07040,-0.54065,0.06036,31.2526033,75.7038633,0.000,199.79
272.553,-0.54495,2.67705,7.64100,0.63498,0.03671,0.48964,31.2526033,75.7038633,0.000,199.79
272.661,1.03005,3.85500,6.68805,0.38473,-0.14231,0.35434,31.2526033,75.7038633,0.000,199.79
272.767,0.27495,4.04595,9.31200,-0.44523,0.16665,0.01774,31.2526033,75.7038633,0.000,199.79
272.875,3.02895,3.95100,11.85195,-1.42422,-0.03259,-0.46805,31.2526033,75.7038633,0.000,199.79
272.983,3.61995,3.56505,10.91595,0.25891,-0.54491,0.07521,31.2526033,75.7038633,0.000,199.79
273.091,1.02705,3.12900,6.02205,0.23444,0.06339,-0.38706,31.2526033,75.7038633,0.000,199.79
273.199,0.94095,3.89805,6.21795,-0.20020,-0.32546,-0.77055,31.2525950,75.7038600,0.000,199.79
273.307,-0.38400,4.73295,10.67895,0.01072,0.48510,-0.20391,31.2525950,75.7038600,0.000,199.79
273.415,0.81195,5.49000,11.98800,-0.18095,-0.18920,0.05706,31.2525950,75.7038600,0.000,199.79
273.523,-0.01995,4.11600,9.84795,0.15991,-0.40109,0.51521,31.2525950,75.7038600,0.000,199.79
273.630,0.08205,2.42100,8.51895,0.03740,-0.20721,0.55247,31.2525950,75.7038600,0.000,199.79
273.734,1.21605,2.89005,5.60805,0.43904,-0.21147,0.58767,31.2525950,75.7038600,0.000,199.79
273.838,0.44505,3.60300,7.53300,-0.46324,-0.09969,-0.05156,31.2525950,75.7038600,0.000,199.79
273.944,3.81600,3.41895,15.19905,-1.54027,-0.07095,-0.07177,31.2525950,75.7038600,0.000,199.79
274.047,1.67400,2.35605,11.36805,0.41442,0.73439,0.22330,31.2525950,75.7038600,0.000,199.79
274.152,1.86300,2.84400,5.77095,0.36231,0.11344,-0.30181,31.2525950,75.7038600,0.000,199.79
274.257,1.70700,3.52200,5.05500,0.13434,-0.35324,-0.30401,31.2525950,75.7038600,0.000,199.79
274.364,1.36995,3.41205,8.94495,-0.52938,-0.09116,-0.51178,31.2525950,75.7038600,0.000,199.79
274.470,1.62300,5.44200,11.83500,0.08003,-0.13475,-0.08456,31.2525950,75.7038600,0.000,199.79
274.577,-0.28905,3.28995,11.17200,0.35379,-0.10711,0.31391,31.2525950,75.7038600,0.000,199.79
274.685,-0.18105,2.42100,7.18605,0.23760,-0.31598,0.59290,31.2525950,75.7038600,0.000,199.79
274.793,0.82800,2.51205,6.39795,0.51136,-0.27541,0.73576,31.2525950,75.7038600,0.000,199.79
274.901,1.70700,3.10095,10.67595,-0.77646,0.72586,-0.09845,31.2525950,75.7038600,0.000,199.79
275.014,1.70205,4.22595,9.01200,-0.24489,0.42983,-0.05362,31.2525950,75.7038600,0.000,199.79
275.122,0.47400,2.26695,13.78200,-0.15647,0.65450,-0.35090,31.2525950,75.7038600,0.000,199.79
275.226,1.60395,2.93805,7.24095,0.37826,0.20391,-0.34347,,,,
275.329,-0.00600,3.16500,5.10000,0.29728,-0.19016,-0.28696,,,,
275.436,-0.26895,3.32295,10.19505,-0.32697,-0.01017,-0.28586,,,,
275.543,-0.04395,4.71405,11.53095,0.50504,0.54808,0.22330,,,,
275.650,-1.63695,3.67305,10.04205,0.22811,0.26895,0.13805,,,,
275.756,-0.01305,2.83200,11.34705,-0.17779,-0.53955,0.85181,,,,
275.864,-0.12105,2.41305,7.08495,0.76917,0.46599,1.24699,,,,
275.967,1.46805,4.01295,4.38000,0.22591,-0.19126,0.49170,,,,
276.071,1.75305,3.94305,8.45895,-0.70936,-0.70372,-0.29329,,,,
276.178,2.59305,1.10895,17.88105,-1.73305,0.55124,-1.12956,,,,
276.285,2.67195,2.28705,10.06305,0.23980,-0.30745,-0.41484,,,,
276.392,0.19395,3.01395,4.86105,0.50614,0.03561,-0.48400,,,,
276.499,-0.50400,3.66600,8.87100,-0.18631,-0.35530,-0.38706,,,,
276.607,-0.85605,4.48395,11.39205,0.31543,0.42556,-0.00357,,,,
276.712,0.30705,3.59895,12.51795,-0.07659,-0.31267,-0.02805,,,,
276.819,-0.09000,3.06195,8.62500,-0.03932,-0.35214,0.38954,,,,
276.925,-0.71700,2.13600,8.16495,-0.12664,-0.24667,0.38197,,,,
277.032,1.07295,2.95005,7.17600,0.35805,-0.24351,0.33522,,,,
277.139,1.69800,3.39300,10.69995,0.09804,0.02172,-0.10161,,,,
277.250,2.63895,3.16995,11.20500,-0.50380,0.12086,-0.47231,31.2525400,75.7038750,0.000,199.79
277.354,1.08900,2.93805,9.53205,0.26111,-0.28710,0.13172,31.2525400,75.7038750,0.000,199.79
277.464,0.24000,2.99805,6.84600,0.23444,-0.01554,-0.21876,31.2525400,75.7038750,0.000,199.79
277.571,0.37800,3.70905,7.23405,0.04372,-0.09116,-0.35406,31.2525400,75.7038750,0.000,199.79
277.677,1.03200,4.26195,10.92495,0.21629,0.00151,-0.14314,31.2525400,75.7038750,0.000,199.79
277.797,1.09905,3.97395,12.09405,-0.65079,-0.47355,-0.28586,31.2525400,75.7038750,0.000,199.79
277.905,-1.04805,4.14405,8.54595,-0.45045,-0.08044,0.38734,31.2525400,75.7038750,0.000,199.79
278.013,-0.38400,2.36805,7.13295,-0.41965,0.36479,0.27019,31.2525400,75.7038750,0.000,199.79
278.122,0.42900,3.19905,7.12800,0.27170,-0.33825,0.46722,31.2525400,75.7038750,0.000,199.79
278.228,0.55995,3.54105,10.58100,0.15345,-0.16033,-0.03231,31.2525483,75.7038567,0.000,199.79
278.332,2.66505,3.04800,10.34595,-0.20763,-0.13379,-0.15056,31.2525483,75.7038567,0.000,199.79
278.439,3.23895,3.63705,8.50995,0.44646,-1.00733,0.07315,31.2525483,75.7038567,0.000,199.79
278.546,0.21105,2.98095,6.46995,0.10230,0.30731,-0.40205,31.2525483,75.7038567,0.000,199.79
278.653,0.86895,3.91005,6.81195,-0.10010,-0.16363,-0.44357,,,,
278.755,0.33795,4.95600,9.70200,0.17586,0.06545,-0.16981,,,,
278.859,1.37400,5.37705,11.03805,0.10450,-0.17957,-0.14424,,,,
278.967,-1.37595,3.74700,9.62505,0.24833,-0.10395,0.32986,,,,
279.076,-0.32895,2.67405,7.96905,-0.03506,0.33179,0.46613,,,,
279.183,0.21105,3.16005,6.56295,0.40810,-0.23073,0.62700,31.2525433,75.7038583,0.000,199.79
279.291,0.99600,3.91695,8.74395,-0.00412,-0.12210,0.08168,31.2525433,75.7038583,0.000,199.79
279.400,2.12400,3.85500,12.45300,-0.28119,0.31680,0.01554,31.2525433,75.7038583,0.000,199.79
279.506,0.76905,3.03795,9.85995,0.54340,0.55014,0.06669,31.2525433,75.7038583,0.000,199.79
279.613,1.60905,3.29700,7.33395,-0.15757,0.26359,-0.51068,31.2525433,75.7038583,0.000,199.79
279.721,0.69405,4.03200,6.16605,0.27074,0.00687,-0.50215,31.2525433,75.7038583,0.000,199.79
279.826,0.52695,4.51605,9.29700,-0.12664,0.05060,-0.22839,31.2525433,75.7038583,0.000,199.79
279.934,0.89595,5.71500,10.85100,0.51783,0.01004,0.13062,31.2525433,75.7038583,0.000,199.79
280.039,-1.88595,3.58905,10.66395,0.00962,0.52140,0.10931,31.2525433,75.7038583,0.000,199.79
280.147,0.57195,3.23700,8.95695,-0.04895,-0.33825,0.43643,31.2525433,75.7038583,0.000,199.79
280.256,0.37095,3.12495,6.35505,0.12265,-0.11137,0.56526,31.2524917,75.7039267,1.850,160.45
280.365,0.08595,3.60795,7.42695,-0.38981,0.08992,-0.06531,31.2524917,75.7039267,1.850,160.45
280.473,0.97200,4.70895,12.25695,-0.45155,-0.27968,-0.07494,31.2524917,75.7039267,1.850,160.45
280.581,0.84300,2.94705,14.61195,-0.31625,0.25616,-0.33921,31.2524917,75.7039267,1.850,160.45
280.689,3.05505,2.82000,9.04605,0.37400,-0.19236,-0.26029,31.2524917,75.7039267,1.850,160.45
280.796,0.65595,3.31800,4.71000,0.64776,0.21890,-0.29329,31.2524917,75.7039267,1.850,160.45
280.902,0.86700,4.38600,7.54005,0.12045,0.00261,-0.32642,31.2524917,75.7039267,1.850,160.45
281.010,0.35400,5.96205,10.42005,0.33027,0.25300,-0.03988,31.2524917,75.7039267,1.850,160.45
281.118,0.57900,4.52295,10.48200,0.02241,-0.05816,-0.19539,31.2524917,75.7039267,1.850,160.45
281.225,-0.13095,4.24005,7.94895,-0.38019,0.16981,-0.37427,31.2524983,75.7039083,1.794,170.80
281.334,-0.15495,2.85405,8.12700,0.23664,-0.01444,0.49280,31.2524983,75.7039083,1.794,170.80
281.440,0.84000,3.95805,5.98905,-0.06806,0.01004,0.34898,31.2524983,75.7039083,1.794,170.80
281.549,0.77295,3.85500,10.09005,-0.74346,-0.31598,0.22124,31.2524983,75.7039083,1.794,170.80
281.658,4.22805,2.32200,14.54100,-1.59349,-0.72504,-0.18892,31.2524983,75.7039083,1.794,170.80
281.767,4.81500,3.23505,9.71895,0.78306,-0.22000,0.25850,31.2524983,75.7039083,1.794,170.80
281.875,2.16900,2.27205,7.58295,0.46035,0.40521,-0.60967,31.2524983,75.7039083,1.794,170.80
281.980,1.65705,3.47400,6.43605,0.15675,0.09955,-0.65340,31.2524983,75.7039083,1.794,170.80
282.089,0.39795,4.11795,11.01900,0.10230,0.26579,-0.19745,31.2524983,75.7039083,1.794,170.80
282.213,0.97695,3.82800,12.78300,-0.17889,-0.19126,-0.13571,31.2525100,75.7038683,1.691,194.21
282.320,0.14400,3.49605,8.33205,0.03424,-0.09323,0.41827,31.2525100,75.7038683,1.691,194.21
282.425,-0.14505,2.61705,8.33205,-0.03712,-0.03891,0.62604,31.2525100,75.7038683,1.691,194.21
282.533,2.00205,3.47895,6.62505,0.47094,-0.22646,0.54821,31.2525100,75.7038683,1.691,194.21
282.641,1.36200,3.32295,9.19200,-0.13833,-0.06765,-0.06861,31.2525100,75.7038683,1.691,194.21
282.753,3.84795,2.70300,13.06095,-1.34420,-0.06242,-0.52662,31.2525100,75.7038683,1.691,194.21
282.858,4.27395,3.06495,10.04205,0.22811,-0.39682,-0.00894,31.2525100,75.7038683,1.691,194.21
282.966,1.28805,2.92305,6.17505,0.27390,0.04840,-0.49789,31.2525100,75.7038683,1.691,194.21
283.074,0.05505,3.51000,7.02000,-0.36107,-0.27541,-0.66619,31.2525100,75.7038683,1.691,194.21
283.181,-0.64500,3.88800,11.92605,0.00440,0.20075,-0.17614,31.2525067,75.7038617,1.485,191.16
283.289,0.64395,4.85595,10.86105,0.22165,0.26043,0.21161,31.2525067,75.7038617,1.485,191.16
283.397,-1.05195,4.39095,8.13405,0.43147,-0.25410,0.75804,31.2525067,75.7038617,1.485,191.16
283.505,0.64200,2.65005,9.18000,0.21106,0.31254,0.59936,31.2525067,75.7038617,1.485,191.16
283.612,1.60905,2.86095,5.28495,0.26744,0.15702,0.53859,31.2525067,75.7038617,1.485,191.16
283.717,0.88395,2.59095,7.69995,-0.09157,-0.07191,-0.21876,31.2525067,75.7038617,1.485,191.16
283.826,1.37400,2.69400,10.96395,-1.43907,0.11976,-0.41058,31.2525067,75.7038617,1.485,191.16
283.933,0.63705,2.52405,11.96205,0.30580,0.31900,0.39050,31.2525067,75.7038617,1.485,191.16
284.041,0.88395,2.48805,7.60695,0.31433,0.30827,-0.24324,31.2525067,75.7038617,1.485,191.16
284.149,0.77595,3.25905,4.86105,0.45072,-0.35750,-0.29329,31.2524900,75.7038683,1.348,184.49
284.254,0.04305,2.71500,10.75500,-0.28751,0.21560,-0.35200,31.2524900,75.7038683,1.348,184.49
284.362,1.34100,4.32900,11.75895,0.21106,-0.01334,0.32560,31.2524900,75.7038683,1.348,184.49
284.470,-0.16200,3.14400,10.83705,0.37084,0.20281,0.35860,31.2524900,75.7038683,1.348,184.49
284.578,-0.42495,3.12900,8.68005,-0.14685,-0.41387,0.42680,31.2524900,75.7038683,1.348,184.49
284.685,0.97905,3.02205,6.81705,0.82349,-0.40109,0.84549,31.2524900,75.7038683,1.348,184.49
284.793,0.74505,2.96400,7.29600,0.07040,-0.00811,-0.14630,31.2524900,75.7038683,1.348,184.49
284.899,1.00800,3.07200,9.98700,-0.52828,0.13681,-0.38596,31.2524900,75.7038683,1.348,184.49
285.007,2.94705,1.60695,16.70700,-0.84782,0.17311,-0.45100,31.2524900,75.7038683,1.348,184.49
285.115,3.37800,2.69400,10.36800,-0.02970,-0.03465,-0.73123,31.2524900,75.7038683,1.348,184.49
285.223,0.75405,3.05700,4.27395,0.33674,-0.05912,-0.47011,31.2524667,75.7038767,1.276,177.33
285.330,-0.58305,3.42405,8.02800,-0.46434,-0.34994,-0.48936,31.2524667,75.7038767,1.276,177.33
285.438,-0.34395,4.36500,12.56805,0.15345,0.07288,0.09020,31.2524667,75.7038767,1.276,177.33
285.544,-0.70800,3.85500,11.86395,0.26537,0.24227,0.03259,31.2524667,75.7038767,1.276,177.33
285.650,-0.75105,3.45300,8.62200,0.01499,-0.25520,0.39806,31.2524667,75.7038767,1.276,177.33
285.757,0.02400,2.21205,8.50695,0.53694,0.06655,0.95617,31.2524667,75.7038767,1.276,177.33
285.865,0.97905,2.95200,6.22095,0.14822,-0.13049,0.41938,31.2524667,75.7038767,1.276,177.33
285.973,1.37205,3.08595,8.43795,-0.09254,0.00371,-0.06325,31.2524667,75.7038767,1.276,177.33
286.094,2.72895,3.39000,10.87305,-1.29525,-0.16363,-0.38170,31.2524667,75.7038767,1.276,177.33
286.202,1.53000,2.43495,12.20100,-0.06380,0.13791,-0.06861,31.2524467,75.7038733,1.278,186.63
286.309,1.92300,2.94705,6.43095,0.23334,-0.15290,-0.57778,31.2524467,75.7038733,1.278,186.63
286.417,0.87405,2.33400,7.72200,-0.07769,-0.22220,-0.84301,31.2524467,75.7038733,1.278,186.63
286.525,0.60600,2.75805,9.73995,-0.15647,0.28490,-0.47341,31.2524467,75.7038733,1.278,186.63
286.647,0.84000,4.03395,11.17905,0.07783,-0.13049,0.00069,31.2524467,75.7038733,1.278,186.63
286.752,-1.14795,2.90700,11.25105,0.40384,-0.16569,0.75171,31.2524467,75.7038733,1.278,186.63
286.855,1.06605,2.35605,8.81100,1.11966,0.09103,0.93390,31.2524467,75.7038733,1.278,186.63
286.962,0.09795,4.96305,4.29600,0.57860,0.29026,0.15400,31.2524467,75.7038733,1.278,186.63
287.069,-0.60705,2.17395,10.99995,-0.19594,0.65670,-0.34664,31.2524467,75.7038733,1.278,186.63
287.189,3.57900,5.35800,4.45095,-0.06806,-0.31914,-0.10697,31.2524283,75.7038767,1.230,185.05
287.295,0.87600,2.64105,12.46995,-0.77014,0.35420,-0.50751,31.2524283,75.7038767,1.230,185.05
287.403,2.57895,2.38200,9.20595,-0.47506,-0.40645,-0.66193,31.2524283,75.7038767,1.230,185.05
287.511,0.10305,3.00495,5.85000,-0.53144,-0.36809,-0.67471,31.2524283,75.7038767,1.230,185.05
287.620,-0.01095,3.05295,11.94105,-0.56980,-0.03039,-0.32642,31.2524283,75.7038767,1.230,185.05
287.725,0.26100,3.64605,12.92205,0.47094,0.34347,0.57489,31.2524283,75.7038767,1.230,185.05
287.833,-0.67200,1.84605,11.14605,0.89499,0.67691,0.66756,31.2524283,75.7038767,1.230,185.05
287.941,-0.12105,2.27205,9.80505,0.39847,-0.57695,0.93280,31.2524283,75.7038767,1.230,185.05
288.049,0.19605,2.20500,6.85305,1.09092,-0.22220,0.89760,31.2524283,75.7038767,1.230,185.05
288.157,1.80795,3.10095,7.55205,-0.13406,0.07081,-0.02709,31.2524067,75.7038783,1.239,169.31
288.266,1.77705,3.97200,10.05405,-0.15015,0.05156,-0.36039,31.2524067,75.7038783,1.239,169.31
288.372,1.39605,4.09200,11.06400,-0.41113,0.36699,-0.44041,31.2524067,75.7038783,1.239,169.31
288.478,0.60795,3.68505,8.38800,0.49431,0.34774,-0.12292,31.2524067,75.7038783,1.239,169.31
288.586,0.59595,3.39300,8.07105,0.19498,0.01320,-0.34444,31.2524067,75.7038783,1.239,169.31
288.693,0.80700,4.21905,6.37395,0.21959,-0.10395,-0.11330,31.2524067,75.7038783,1.239,169.31
288.802,0.64695,4.34295,7.44405,-0.15441,-0.01554,-0.05266,31.2524067,75.7038783,1.239,169.31
288.909,1.14000,4.95600,10.34595,-0.04785,-0.25946,0.24667,31.2524067,75.7038783,1.239,169.31
289.017,-0.06405,3.57195,11.09805,-0.54959,0.07397,0.10821,31.2524067,75.7038783,1.239,169.31
289.125,-1.47600,3.14595,11.40900,-0.61985,-0.20941,0.74429,31.2524067,75.7038783,1.239,169.31
289.233,0.56805,2.74095,8.48100,0.43574,-0.12526,1.16710,31.2523933,75.7038800,1.179,164.85
289.341,1.23300,3.12705,7.42695,0.16418,-0.10285,0.50559,31.2523933,75.7038800,1.179,164.85
289.449,0.56805,3.04500,7.52595,-0.02764,0.10808,0.02090,31.2523933,75.7038800,1.179,164.85
289.556,1.38900,2.35800,12.92700,-1.49875,0.13475,-0.21244,31.2523933,75.7038800,1.179,164.85
289.664,0.69900,0.79305,13.34400,0.63718,0.69396,0.66852,31.2523933,75.7038800,1.179,164.85
289.772,2.00400,1.82700,8.11005,0.37194,0.01650,-0.15702,31.2523933,75.7038800,1.179,164.85
289.881,1.48200,2.44500,6.91005,0.39421,0.04950,-0.22193,31.2523933,75.7038800,1.179,164.85
289.988,0.90000,3.01695,8.60100,-0.07452,0.31790,-0.23265,31.2523933,75.7038800,1.179,164.85
290.095,0.55995,3.64200,9.77895,0.39421,-0.06669,0.15826,31.2523933,75.7038800,1.179,164.85
290.203,0.46200,1.96605,11.90700,0.31653,0.22742,-0.50105,31.2523850,75.7038800,1.105,184.20
290.311,0.43305,2.45400,9.83100,-0.18947,-0.19979,-0.70029,31.2523850,75.7038800,1.105,184.20
290.419,-0.17100,2.97795,7.53000,0.13324,0.06009,-0.63525,31.2523850,75.7038800,1.105,184.20
290.525,0.81900,3.24405,8.34900,-0.17462,-0.20515,-0.88344,31.2523850,75.7038800,1.105,184.20
290.633,1.92000,3.41400,9.73305,-0.24062,-0.64611,-1.29360,31.2523850,75.7038800,1.105,184.20
290.741,0.95805,4.08495,7.49400,0.09597,-1.09464,-0.87395,31.2523850,75.7038800,1.105,184.20
290.849,3.08100,3.27795,9.80205,-1.14606,-1.39507,-0.89842,31.2523850,75.7038800,1.105,184.20
290.956,1.11105,2.95005,9.40995,-0.58479,-0.41387,-0.81001,31.2523850,75.7038800,1.105,184.20
291.068,0.83100,3.71805,10.18305,-0.19058,-0.32024,-0.23581,31.2523850,75.7038800,1.105,184.20
291.176,0.05805,4.25505,11.18205,0.17050,0.11234,0.14341,31.2523750,75.7038783,1.049,218.11
291.282,0.26805,2.46405,11.36400,0.91520,0.63319,0.23925,31.2523750,75.7038783,1.049,218.11
291.387,1.04205,2.35800,9.19200,0.49335,0.28806,-0.01004,31.2523750,75.7038783,1.049,218.11
291.489,0.91200,2.62200,7.53000,0.66481,0.16349,0.17751,31.2523750,75.7038783,1.049,218.11
291.591,1.14195,3.01005,6.58905,0.23980,0.07081,0.04648,31.2523750,75.7038783,1.049,218.11
291.698,0.86205,3.58905,8.84700,0.02461,-0.28820,0.14231,31.2523750,75.7038783,1.049,218.11
291.806,2.03805,4.04400,9.39300,-0.73604,0.03781,-0.04084,31.2523750,75.7038783,1.049,218.11
291.914,2.69805,2.62695,12.24900,-0.23430,0.23375,-0.49569,31.2523750,75.7038783,1.049,218.11
292.022,0.87405,2.50395,6.89805,0.02035,0.15702,-1.02520,31.2523750,75.7038783,1.049,218.11
292.128,0.81195,3.20805,6.48705,-0.08305,-0.25410,-0.63745,31.2523750,75.7038783,1.049,218.11
292.235,0.20595,3.55305,10.04205,0.05651,0.03561,-0.14740,31.2523700,75.7038733,0.995,220.60
292.341,2.06595,4.47495,11.60100,0.82033,-0.20295,0.07205,31.2523700,75.7038733,0.995,220.60
292.449,-0.61905,3.64605,10.12095,0.53377,0.44357,-0.28903,31.2523700,75.7038733,0.995,220.60
292.557,0.25395,2.71005,10.13100,-0.16184,0.26579,-0.32739,31.2523700,75.7038733,0.995,220.60
292.665,0.34500,3.07905,5.18205,0.76821,-0.33715,0.38734,31.2523700,75.7038733,0.995,220.60
292.773,0.94605,3.54300,6.71895,-0.14259,-0.19979,-0.25506,31.2523700,75.7038733,0.995,220.60
292.882,1.11300,4.06995,10.15200,-0.35255,-0.32024,-0.33275,31.2523700,75.7038733,0.995,220.60
292.990,2.65800,3.15795,14.61495,-1.26761,-0.14231,-0.86226,31.2523700,75.7038733,0.995,220.60
293.095,3.87405,3.48105,9.64200,0.15881,-0.72174,-0.47438,31.2523700,75.7038733,0.995,220.60
293.204,0.63705,2.83500,7.03500,-0.00632,-0.24241,-1.10825,31.2523667,75.7038683,0.988,238.60
293.311,-0.07995,3.48405,7.47105,-0.26936,-0.12210,-0.84411,31.2523667,75.7038683,0.988,238.60
293.419,-0.20205,4.42005,10.95405,0.18865,0.16239,-0.08772,31.2523667,75.7038683,0.988,238.60
293.528,1.77405,4.57995,13.82205,-0.05321,-0.21904,-0.00357,31.2523667,75.7038683,0.988,238.60
293.636,0.61800,4.06305,7.81800,0.47836,-0.36809,0.47685,31.2523667,75.7038683,0.988,238.60
293.743,0.94095,3.25395,8.44500,0.21629,0.01004,0.42254,31.2523667,75.7038683,0.988,238.60
293.850,2.68200,3.76395,6.76200,0.53597,-0.20405,-0.12072,31.2523667,75.7038683,0.988,238.60
293.959,0.55995,3.74895,8.42595,-0.00632,0.23801,-0.69286,31.2523667,75.7038683,0.988,238.60
294.066,1.33605,4.66605,9.35700,-0.51342,0.01114,-0.60967,31.2523667,75.7038683,0.988,238.60
294.174,3.51000,4.04595,10.98300,-0.04785,-0.55234,-0.26455,31.2523667,75.7038650,0.973,271.48
294.279,0.73800,3.46905,7.18605,-0.22674,0.08456,-0.80891,31.2523667,75.7038650,0.973,271.48
294.387,-0.49500,4.30200,5.84700,-0.23430,-0.41291,-0.55330,31.2523667,75.7038650,0.973,271.48
294.494,-0.76305,4.97505,9.82395,-0.00949,-0.22000,0.10725,31.2523667,75.7038650,0.973,271.48
294.603,0.67005,5.15205,10.69800,0.79901,0.06655,0.84439,31.2523667,75.7038650,0.973,271.48
294.710,-0.91605,3.99600,11.04705,0.31749,0.72160,1.06274,31.2523667,75.7038650,0.973,271.48
294.819,0.42105,2.82795,11.95995,-0.19594,0.20707,1.30776,31.2523667,75.7038650,0.973,271.48
294.927,0.60600,3.04500,5.30895,0.79695,0.59909,1.66774,31.2523667,75.7038650,0.973,271.48
295.036,0.36405,3.01905,7.92300,0.12265,0.62370,0.53006,31.2523667,75.7038650,0.973,271.48
295.144,1.15200,4.08705,9.81900,-0.27362,0.50641,0.50023,31.2523650,75.7038633,0.918,241.40
295.249,2.22900,3.84000,15.20895,-1.08543,0.39036,-0.01746,31.2523650,75.7038633,0.918,241.40
295.354,2.76300,4.39605,7.74795,0.33564,-0.30525,0.42680,31.2523650,75.7038633,0.918,241.40
295.461,0.17205,3.83805,5.21295,0.01925,-0.06449,-0.32106,31.2523650,75.7038633,0.918,241.40
295.566,-0.73905,3.88605,8.88600,-0.59427,-0.23279,-0.44247,31.2523650,75.7038633,0.918,241.40
295.674,-1.38795,4.70205,10.99200,0.18233,0.31900,0.37029,31.2523650,75.7038633,0.918,241.40
295.782,-0.78405,5.16000,7.32900,0.39105,0.62466,0.60899,31.2523650,75.7038633,0.918,241.40
295.890,-1.89495,4.51095,7.61205,-0.02008,0.29122,1.43344,31.2523650,75.7038633,0.918,241.40
295.997,0.01695,2.58300,11.27700,-0.51755,0.45746,1.15225,31.2523650,75.7038633,0.918,241.40
296.105,1.21905,3.10500,5.98395,0.93321,-0.21574,1.09464,31.2523650,75.7038633,0.918,241.40
296.212,0.01005,3.38295,7.15500,0.07150,0.18576,-0.11756,31.2523583,75.7038617,0.827,204.76
296.317,-0.31500,3.84300,10.86795,-0.87766,0.43931,-0.49789,31.2523583,75.7038617,0.827,204.76
296.425,-0.30495,2.43000,13.93695,-0.10326,0.69603,-0.07288,31.2523583,75.7038617,0.827,204.76
296.533,2.43705,3.59595,7.24305,0.32821,-0.51617,-0.10477,31.2523583,75.7038617,0.827,204.76
296.642,0.02895,3.40695,5.63700,0.20350,-0.25836,-0.51068,31.2523583,75.7038617,0.827,204.76
296.750,-1.09500,3.66300,9.28305,-0.27472,-0.28187,-0.45210,31.2523583,75.7038617,0.827,204.76
296.858,-0.76305,5.13300,12.78795,0.25465,-0.29466,0.28834,31.2523583,75.7038617,0.827,204.76
296.966,-1.24905,4.18005,10.59495,0.32079,0.19003,0.60362,31.2523583,75.7038617,0.827,204.76
297.074,0.00495,2.98995,8.99100,0.24723,0.03671,1.07126,31.2523583,75.7038617,0.827,204.76
297.181,0.42600,2.99295,5.12700,0.50614,0.02392,1.15115,31.2523567,75.7038750,0.773,129.36
297.288,0.76095,3.42600,7.78695,-0.09584,-0.08044,0.35544,31.2523567,75.7038750,0.773,129.36
297.396,1.32195,3.79695,10.55205,-0.45897,0.44041,-0.06105,31.2523567,75.7038750,0.773,129.36
297.502,0.77805,1.80105,15.48405,-1.11952,1.06893,-0.83765,31.2523567,75.7038750,0.773,129.36
297.610,3.55500,3.34695,9.73095,0.46984,-0.30415,-0.02062,31.2523567,75.7038750,0.773,129.36
297.718,0.41700,3.09600,5.22195,0.49761,-0.05596,-0.30511,31.2523567,75.7038750,0.773,129.36
297.826,-0.23400,3.37800,7.29600,-0.12664,-0.03355,-0.55866,31.2523567,75.7038750,0.773,129.36
297.934,-0.36000,4.66605,11.64795,0.05651,0.14960,-0.11550,31.2523567,75.7038750,0.773,129.36
298.040,0.50295,4.47705,12.14895,-0.12884,0.00467,-0.21876,31.2523567,75.7038750,0.773,129.36
298.145,0.31605,3.90705,8.82105,0.17696,-0.46393,0.22124,31.2523500,75.7038850,0.706,187.40
298.251,-0.09195,2.67900,8.11695,0.17380,0.19429,-0.04304,31.2523500,75.7038850,0.706,187.40
298.359,1.03200,3.38805,5.43300,0.14822,-0.34045,-0.12499,31.2523500,75.7038850,0.706,187.40
298.467,-0.19995,3.15600,8.91900,-0.34073,-0.48427,-0.57557,31.2523500,75.7038850,0.706,187.40
298.575,1.37700,3.00195,12.03600,-1.22815,-0.11137,-0.58946,31.2523500,75.7038850,0.706,187.40
298.684,2.83500,2.38905,13.41795,-0.21725,0.08566,-0.50641,31.2523500,75.7038850,0.706,187.40
298.801,0.99795,2.62395,7.12305,0.49225,0.11440,-0.92716,31.2523500,75.7038850,0.706,187.40
298.906,0.57495,3.39705,5.44500,0.33138,-0.50655,-0.78224,31.2523500,75.7038850,0.706,187.40
299.014,-0.24600,3.85995,10.30800,-0.09900,0.12622,-0.53735,31.2523500,75.7038850,0.706,187.40
299.121,0.63900,5.19105,11.44995,0.46131,-0.11357,0.02832,31.2523500,75.7038850,0.706,187.40
299.227,-1.17900,4.02000,10.59495,0.35269,0.26895,0.10821,31.2523450,75.7038850,0.687,204.65
299.331,0.52200,3.97395,10.00800,-0.05418,-0.60032,0.43106,31.2523450,75.7038850,0.687,204.65
299.439,0.09300,3.40500,6.96300,0.66591,0.01004,0.76120,31.2523450,75.7038850,0.687,204.65
299.546,1.42005,3.45495,6.48195,-0.05844,-0.13159,0.04538,31.2523450,75.7038850,0.687,204.65
299.654,1.32195,3.31800,8.83305,-0.19277,-0.11357,-0.07810,31.2523450,75.7038850,0.687,204.65
299.762,3.95100,3.53895,12.46005,-1.57327,-0.29356,-0.52882,31.2523450,75.7038850,0.687,204.65
299.870,4.48200,3.69195,10.75800,0.11192,-0.61105,-0.32959,31.2523450,75.7038850,0.687,204.65
299.978,1.27905,2.80095,6.58200,0.09281,-0.11357,-1.22966,31.2523450,75.7038850,0.687,204.65
300.086,0.44805,3.25095,6.89595,-0.09790,-0.49913,-1.13919,31.2523450,75.7038850,0.687,204.65
300.193,1.29795,4.42905,9.53700,-0.00742,-0.57365,-0.57984,31.2523433,75.7038817,0.662,286.30
300.295,1.26405,5.53800,12.55095,0.21739,-0.04318,0.09226,,,,
300.399,-0.97605,4.40505,9.09405,0.76601,0.76959,0.42144,,,,
300.505,0.65895,3.30900,12.47205,0.16624,-0.32766,0.76024,,,,
300.612,0.86400,3.07395,6.14400,0.83531,0.49789,1.06906,,,,
300.719,1.95900,3.10095,5.61705,0.12788,0.19855,0.09226,,,,
300.827,0.98400,3.77595,7.40400,-0.49101,0.06119,-0.22412,,,,
300.932,2.00895,5.26695,14.10195,-1.39961,0.28064,-0.28476,,,,
301.038,2.12895,3.88605,10.85805,0.63814,-0.20295,0.20735,,,,
301.146,1.40295,3.36405,4.80795,-0.14589,-0.03685,-0.58946,,,,
301.253,-0.58095,3.67500,6.24705,-0.41965,-0.17847,-0.51494,31.2523450,75.7038750,0.702,264.83
301.359,-1.65795,3.77595,12.03600,-0.17572,0.60871,-0.01004,31.2523450,75.7038750,0.702,264.83
301.464,1.09905,5.04495,10.88700,0.69259,0.11770,0.81661,31.2523450,75.7038750,0.702,264.83
301.572,-0.20700,3.45000,11.16495,0.51136,0.24338,0.70689,31.2523450,75.7038750,0.702,264.83
301.680,-0.08505,3.35205,10.37895,-0.04042,-0.22000,0.79750,31.2523450,75.7038750,0.702,264.83
301.788,0.80700,3.11505,7.59705,0.63498,0.24117,1.17356,31.2523450,75.7038750,0.702,264.83
301.895,2.30295,4.05105,5.52600,0.08112,0.25396,0.09020,31.2523450,75.7038750,0.702,264.83
302.004,1.26195,4.21395,7.50600,-0.40370,0.10065,-0.44784,31.2523450,75.7038750,0.702,264.83
302.126,0.63705,5.41800,11.18895,-1.11306,0.07934,-0.44247,31.2523450,75.7038750,0.702,264.83
302.231,-0.26505,3.79995,11.50005,0.67224,0.03245,0.49500,31.2523400,75.7038650,0.780,256.49
302.340,2.02095,3.95505,7.27200,0.85869,-0.57269,0.33839,31.2523400,75.7038650,0.780,256.49
302.446,-1.06905,3.52005,6.85005,-0.17036,0.35516,-0.21560,31.2523400,75.7038650,0.780,256.49
302.553,-1.72995,3.22305,10.52100,-0.43134,0.94641,0.57063,31.2523400,75.7038650,0.780,256.49
302.660,0.21105,4.22100,10.85595,0.34210,1.05614,1.84140,31.2523400,75.7038650,0.780,256.49
302.764,0.64395,3.41700,9.99405,0.37400,0.89952,1.52501,31.2523400,75.7038650,0.780,256.49
302.872,0.81195,4.27395,6.43905,0.45279,0.01224,1.70088,31.2523400,75.7038650,0.780,256.49
302.980,1.03200,4.82895,8.92605,0.02351,-0.01664,0.78787,31.2523400,75.7038650,0.780,256.49
303.088,0.09105,4.95405,7.38705,-0.31102,0.51494,-0.17930,31.2523400,75.7038650,0.780,256.49
303.193,0.29505,5.60700,8.55300,-0.61462,0.47877,-0.64914,31.2523367,75.7038667,0.774,223.97
303.301,0.53895,4.92000,10.48695,-0.30346,0.60871,-0.59056,31.2523367,75.7038667,0.774,223.97
303.409,2.28900,4.60395,9.02205,0.07260,-0.34677,-0.46062,31.2523367,75.7038667,0.774,223.97
303.516,2.96400,4.06800,9.48405,0.06297,-1.20216,-0.98794,31.2523367,75.7038667,0.774,223.97
303.625,1.48005,2.67195,9.09405,0.24186,-1.08928,-1.72397,31.2523367,75.7038667,0.774,223.97
303.730,0.30195,1.61100,8.49000,-0.34719,-0.49170,-2.18955,31.2523367,75.7038667,0.774,223.97
303.837,-0.85605,2.95905,7.17795,-0.36534,-0.47781,-1.32770,31.2523367,75.7038667,0.774,223.97
303.945,-0.67605,4.64205,8.32005,-0.51975,-0.07617,-0.95274,31.2523367,75.7038667,0.774,223.97
304.053,-0.20505,5.20995,12.16095,0.10876,-0.06022,-0.26249,31.2523367,75.7038667,0.774,223.97
304.161,-0.80295,4.52295,10.42995,0.51783,0.00577,0.08800,31.2523350,75.7038600,0.774,269.26
304.267,-1.03305,3.89295,9.21600,0.40590,-0.28187,0.53336,31.2523350,75.7038600,0.774,269.26
304.375,-0.28395,3.34005,8.48295,0.62865,-0.12100,0.91039,31.2523350,75.7038600,0.774,269.26
304.482,0.67500,3.48105,6.83400,0.31543,0.08566,0.58341,31.2523350,75.7038600,0.774,269.26
304.590,1.12500,3.97200,7.35600,-0.46750,0.26153,-0.17077,31.2523350,75.7038600,0.774,269.26
304.698,1.21905,4.51995,10.74105,-0.97350,0.16775,-0.34774,31.2523350,75.7038600,0.774,269.26
304.806,1.75005,3.93405,14.42805,-0.53570,-0.00385,-0.48936,31.2523350,75.7038600,0.774,269.26
304.911,2.28705,3.52200,8.77095,0.83847,-0.38197,-0.02282,31.2523350,75.7038600,0.774,269.26
305.020,0.54600,2.95500,7.60695,0.37400,-0.06559,-0.66303,31.2523350,75.7038600,0.774,269.26
305.129,-0.39600,3.25605,6.11100,-0.08195,0.28696,-0.62040,31.2523350,75.7038600,0.774,269.26
305.237,-1.21800,4.10895,9.80700,-0.56664,0.25932,0.04111,31.2523333,75.7038550,0.722,248.69
305.343,0.65595,5.37000,11.38695,0.20886,0.23169,0.94669,31.2523333,75.7038550,0.722,248.69
305.450,0.22305,4.47195,10.60200,0.26854,0.02929,0.89554,31.2523333,75.7038550,0.722,248.69
305.555,2.05200,3.38100,10.37700,-0.18425,-0.41181,0.18714,31.2523333,75.7038550,0.722,248.69
305.663,1.29795,3.01005,7.53495,0.49115,-0.21684,0.01031,31.2523333,75.7038550,0.722,248.69
305.771,2.15505,3.95100,7.71495,-0.13736,-0.27651,-1.10715,31.2523333,75.7038550,0.722,248.69
305.878,1.16400,4.55895,7.58805,-0.01485,-0.33399,-1.55788,31.2523333,75.7038550,0.722,248.69
305.990,1.24005,4.48905,9.70005,0.02571,-1.02328,-1.01447,31.2523333,75.7038550,0.722,248.69
306.098,0.41205,2.13300,10.32000,-0.20982,-0.32024,-0.80259,31.2523333,75.7038550,0.722,248.69
306.206,1.12095,3.44805,6.13005,-0.37909,-0.21794,-0.52772,31.2523333,75.7038533,0.726,278.38
306.311,0.55305,4.39305,7.85400,-0.75831,-0.36699,-0.39353,31.2523333,75.7038533,0.726,278.38
306.418,0.66105,4.62300,10.55700,-0.39187,0.10271,-0.17407,31.2523333,75.7038533,0.726,278.38
306.548,1.44600,4.69995,10.95405,0.30896,0.17311,0.06779,31.2523333,75.7038533,0.726,278.38
306.656,2.08305,3.49995,11.20500,0.18012,0.54271,-0.68750,31.2523333,75.7038533,0.726,278.38
306.764,2.16405,2.10495,6.99195,0.50394,-0.26799,-0.45746,31.2523333,75.7038533,0.726,278.38
306.869,0.44505,2.51595,7.53795,-0.43670,-0.25946,-0.59263,31.2523333,75.7038533,0.726,278.38
306.975,-1.10295,3.61305,8.23695,-0.40576,-0.50229,-0.13035,31.2523333,75.7038533,0.726,278.38
307.086,-0.69105,3.89505,9.52005,-0.35888,-0.10711,0.18494,31.2523333,75.7038533,0.726,278.38
307.194,0.02895,3.68205,11.29905,-0.15111,-0.21684,0.38528,31.2523350,75.7038500,0.723,267.97
307.302,3.07905,3.29700,13.20705,-0.36204,0.12622,0.26373,31.2523350,75.7038500,0.723,267.97
307.410,4.62600,1.57995,8.93295,0.49115,0.04634,-0.30401,31.2523350,75.7038500,0.723,267.97
307.519,1.30500,2.39400,5.70405,0.11935,0.25822,-0.73549,31.2523350,75.7038500,0.723,267.97
307.643,1.08900,3.58905,8.65305,-0.02118,-0.60775,-0.27307,31.2523350,75.7038500,0.723,267.97
307.751,-0.21900,4.19700,9.38805,0.17806,-0.21684,0.12953,31.2523350,75.7038500,0.723,267.97
307.858,0.55095,4.55100,13.14495,0.14066,-0.09652,0.41291,31.2523350,75.7038500,0.723,267.97
307.966,0.22305,3.73695,9.44295,1.19432,0.33385,0.86240,31.2523350,75.7038500,0.723,267.97
308.073,1.75995,3.39495,12.03600,0.64240,-0.25300,0.40012,31.2523350,75.7038500,0.723,267.97
308.199,1.82400,3.02400,6.14400,0.90667,0.14218,-0.04730,31.2523367,75.7038367,0.696,293.52
308.306,1.40295,3.31095,4.50900,0.23870,0.15496,-0.12499,31.2523367,75.7038367,0.696,293.52
308.410,1.82895,4.15395,5.40195,-0.76794,-0.07095,-0.13461,31.2523367,75.7038367,0.696,293.52
308.518,3.25605,4.49400,11.66805,-2.16769,-0.21147,-0.40205,31.2523367,75.7038367,0.696,293.52
308.626,2.86800,3.67995,12.63705,-0.36424,-0.34787,-0.60335,31.2523367,75.7038367,0.696,293.52
308.737,0.66105,3.12900,5.21505,-0.42061,-0.06669,-1.16160,31.2523367,75.7038367,0.696,293.52
308.844,-0.20700,2.93295,8.83005,-0.57296,-0.50985,-0.61820,31.2523367,75.7038367,0.696,293.52
308.951,0.26100,3.70395,10.32000,-0.00839,0.13791,0.00385,31.2523367,75.7038367,0.696,293.52
309.059,1.48005,4.23105,11.88495,0.37510,0.26153,0.08264,31.2523367,75.7038367,0.696,293.52
309.169,-1.19595,3.22005,10.77900,0.56045,0.41484,0.50023,31.2523383,75.7038267,0.693,280.86
309.276,0.84795,2.44005,13.56600,0.52099,-0.57475,1.32261,31.2523383,75.7038267,0.693,280.86
309.384,1.02495,2.44005,6.02400,1.13135,0.31680,1.08611,31.2523383,75.7038267,0.693,280.86
309.490,1.45095,2.68395,5.48100,0.32821,0.24447,0.18178,31.2523383,75.7038267,0.693,280.86
309.597,0.94605,2.93805,7.19295,-0.27046,0.30305,0.16582,31.2523383,75.7038267,0.693,280.86
309.706,2.64300,4.46805,13.28400,-1.77031,-0.04744,-0.18892,31.2523383,75.7038267,0.693,280.86
309.814,0.98205,3.57195,10.18995,0.28669,0.23595,0.48427,31.2523383,75.7038267,0.693,280.86
309.920,-0.28605,3.60600,5.87100,0.07356,-0.14548,0.20419,31.2523383,75.7038267,0.693,280.86
310.028,-0.51405,2.98305,8.14995,-0.12664,-0.37881,0.39696,31.2523383,75.7038267,0.693,280.86
310.136,0.64695,2.60700,12.73800,0.38363,0.35626,0.74855,31.2523383,75.7038267,0.693,280.86
310.243,1.62600,3.61995,10.32900,0.37620,0.64501,0.54931,31.2523367,75.7038033,0.742,276.60
310.350,-1.34700,3.33300,10.30995,-0.24379,0.75790,0.94339,31.2523367,75.7038033,0.742,276.60
310.458,0.02595,1.59705,13.01595,0.88536,-0.01554,1.80950,31.2523367,75.7038033,0.742,276.60
310.566,1.15905,1.71900,5.42400,1.30295,0.02392,1.75092,31.2523367,75.7038033,0.742,276.60
310.671,1.95105,2.47095,4.93695,0.32601,0.10065,0.88591,31.2523367,75.7038033,0.742,276.60
310.779,1.81005,2.67195,8.98395,-0.48359,0.18906,0.23073,31.2523367,75.7038033,0.742,276.60
310.887,5.10195,3.42105,14.48100,-2.03981,0.21134,-0.03025,31.2523367,75.7038033,0.742,276.60
310.995,2.65800,3.11700,9.13905,0.77138,-0.05280,0.81881,31.2523367,75.7038033,0.742,276.60
311.103,1.65900,3.48105,6.36900,-0.12980,0.07934,-0.39559,31.2523367,75.7038033,0.742,276.60
311.211,0.35700,3.33300,7.49895,-0.12664,-0.16679,-0.29549,31.2523367,75.7037850,0.762,276.44
311.318,-0.49695,3.79200,11.43300,0.14066,0.22316,0.21477,31.2523367,75.7037850,0.762,276.44
311.422,1.44900,3.79200,13.71495,0.31116,0.11124,0.69630,31.2523367,75.7037850,0.762,276.44
311.530,-0.33195,3.72105,7.65495,0.38899,0.03025,1.16284,31.2523367,75.7037850,0.762,276.44
311.637,0.18405,1.87500,8.13600,0.33784,0.23691,1.19584,31.2523367,75.7037850,0.762,276.44
311.744,0.98400,2.32500,6.27105,0.38142,-0.22756,1.40676,31.2523367,75.7037850,0.762,276.44
311.851,2.40405,3.13395,8.17695,-0.15538,0.15386,0.53653,31.2523367,75.7037850,0.762,276.44
311.959,3.99600,3.26100,11.87100,-0.97034,0.08030,-0.06105,31.2523367,75.7037850,0.762,276.44
312.066,1.87200,1.61895,13.18605,0.01182,0.51920,0.11151,31.2523367,75.7037850,0.762,276.44
312.172,3.11295,2.59995,7.34400,0.76917,-0.02296,-0.19209,31.2523350,75.7037783,0.732,265.08
312.277,1.18500,2.74095,5.66295,0.43257,-0.13159,-0.61504,31.2523350,75.7037783,0.732,265.08
312.386,1.36500,2.34195,8.44305,-0.18631,-0.02516,-0.67251,31.2523350,75.7037783,0.732,265.08
312.494,1.75005,3.10800,11.06895,-0.51342,-0.19553,0.04428,31.2523350,75.7037783,0.732,265.08
312.617,1.12095,2.64105,15.32100,-0.94050,-0.25836,0.19772,31.2523350,75.7037783,0.732,265.08
312.725,2.73705,2.24295,10.54905,1.28164,-0.44481,1.18209,31.2523350,75.7037783,0.732,265.08
312.833,0.39300,1.38405,7.04700,1.34131,0.26249,0.50875,31.2523350,75.7037783,0.732,265.08
312.939,1.19205,2.27700,5.30595,0.34306,-0.05486,0.73576,31.2523350,75.7037783,0.732,265.08
313.048,2.12895,1.80795,9.48900,-0.17572,0.37551,0.68351,31.2523350,75.7037783,0.732,265.08
313.157,4.57995,2.92095,8.36595,-0.98739,-0.02406,0.77729,31.2523350,75.7037783,0.732,265.08
313.264,3.82095,0.07395,17.69595,-1.97271,0.02392,-0.09199,31.2523317,75.7037700,0.727,284.16
313.372,5.86095,1.41300,8.38800,0.82253,-0.37235,-0.01856,31.2523317,75.7037700,0.727,284.16
313.477,2.30595,0.81405,6.66600,0.16624,0.37551,-1.00595,31.2523317,75.7037700,0.727,284.16
313.580,2.50905,1.42005,7.26900,0.16844,-0.16252,-0.68007,31.2523317,75.7037700,0.727,284.16
313.689,2.73705,1.93005,9.97500,-0.18741,-0.03575,-0.43285,31.2523317,75.7037700,0.727,284.16
313.797,2.80800,2.92095,10.55205,-0.13406,0.25396,-0.17504,31.2523317,75.7037700,0.727,284.16
313.905,0.66795,2.69400,12.71100,0.17586,-0.05280,0.18714,31.2523317,75.7037700,0.727,284.16
314.013,2.90895,3.08100,13.12605,0.79901,-0.57475,0.39270,31.2523317,75.7037700,0.727,284.16
314.121,1.37205,1.86300,8.39205,1.32522,0.31680,0.59510,31.2523317,75.7037700,0.727,284.16
314.229,1.64700,2.75595,5.45205,0.66701,0.36369,0.40123,31.2523333,75.7037683,0.685,306.75
314.337,3.89805,4.42005,6.68805,0.03424,-0.04634,0.18604,31.2523333,75.7037683,0.685,306.75
314.446,2.86095,4.35300,7.52805,-0.35681,-0.11880,0.14135,31.2523333,75.7037683,0.685,306.75
314.554,2.53995,2.95695,10.56900,-2.00365,0.62796,-0.55220,31.2523333,75.7037683,0.685,306.75
314.660,2.76495,1.93500,11.64795,-0.47712,0.27637,-0.64914,31.2523333,75.7037683,0.685,306.75
314.768,2.79900,2.14005,8.05005,0.24612,-0.04001,-0.68214,31.2523333,75.7037683,0.685,306.75
314.875,1.20405,2.97105,5.90505,0.13640,-0.01334,-0.59373,31.2523333,75.7037683,0.685,306.75
314.984,0.63705,3.57000,10.04895,-0.76161,0.67581,-0.78760,31.2523333,75.7037683,0.685,306.75
315.091,0.53400,4.18995,9.98700,0.68722,0.08030,0.11894,31.2523333,75.7037683,0.685,306.75
315.198,1.12095,3.41400,11.48100,0.05445,0.20818,-0.12609,31.2523400,75.7037683,0.000,306.75
315.304,-0.68805,3.54795,9.13200,0.47946,0.40851,-0.02282,31.2523400,75.7037683,0.000,306.75
315.412,-0.72705,2.09505,12.11100,0.46984,0.19965,0.90076,31.2523400,75.7037683,0.000,306.75
315.520,0.51000,3.14400,5.82600,0.72985,0.04840,0.80176,31.2523400,75.7037683,0.000,306.75
315.628,0.45300,3.64905,6.42195,-0.03822,-0.21794,-0.04194,31.2523400,75.7037683,0.000,306.75
315.736,0.06195,3.90300,9.43095,-1.35699,-0.17421,-0.30085,31.2523400,75.7037683,0.000,306.75
315.844,-0.23595,2.63805,15.21600,-0.86488,0.37551,-0.21986,31.2523400,75.7037683,0.000,306.75
315.951,3.10500,3.73500,9.15405,0.88220,-0.55137,0.08690,31.2523400,75.7037683,0.000,306.75
316.057,0.41205,3.00705,6.41505,0.54546,-0.10505,-0.25396,31.2523400,75.7037683,0.000,306.75
316.162,0.99105,3.50295,6.49095,-0.03286,-0.24351,-0.14850,31.2523500,75.7037733,0.000,306.75
316.269,-0.08700,4.00095,10.80795,-0.43560,0.46709,0.07741,31.2523500,75.7037733,0.000,306.75
316.378,1.61895,4.70700,12.67995,-0.18425,-0.11564,0.49074,31.2523500,75.7037733,0.000,306.75
316.489,0.38805,3.79995,8.39205,0.61682,0.16349,0.97322,31.2523500,75.7037733,0.000,306.75
316.593,0.83595,3.28305,10.49700,-0.20652,-0.40645,0.81661,31.2523500,75.7037733,0.000,306.75
316.699,1.72395,3.39300,6.39105,0.77344,-0.21574,1.06590,31.2523500,75.7037733,0.000,306.75
316.807,1.92495,3.38295,7.02495,-0.15538,0.11124,-0.09515,31.2523500,75.7037733,0.000,306.75
316.914,2.11695,3.37095,9.70005,-0.70826,0.26043,-0.20597,31.2523500,75.7037733,0.000,306.75
317.036,1.56105,1.62300,15.70905,-0.66674,1.56434,-0.38280,31.2523500,75.7037733,0.000,306.75
317.143,4.20900,2.88705,7.52295,1.19529,-0.72078,-0.27101,31.2523500,75.7037733,0.000,306.75
317.252,0.46200,2.80095,5.28495,0.01609,0.18576,-1.09340,31.2523583,75.7037900,0.000,306.75
317.359,0.35205,3.60795,7.48500,-0.45471,-0.36919,-0.63951,31.2523583,75.7037900,0.000,306.75
317.466,-0.62895,4.41300,11.40405,-0.14685,0.33605,-0.25919,31.2523583,75.7037900,0.000,306.75
317.571,0.43305,3.48600,12.87405,-0.16926,0.16033,0.18604,31.2523583,75.7037900,0.000,306.75
317.679,-1.91400,4.36695,6.99600,-0.09680,-0.00591,0.69740,31.2523583,75.7037900,0.000,306.75
317.787,0.97005,2.53995,11.79195,0.90021,-0.01127,1.13094,31.2523583,75.7037900,0.000,306.75
317.893,1.60695,3.41895,5.62695,0.93115,-0.11248,0.84865,31.2523583,75.7037900,0.000,306.75
318.001,1.19700,3.07395,8.12205,-0.09254,0.11660,-0.21670,31.2523583,75.7037900,0.000,306.75
318.107,0.70200,2.28405,8.60505,-1.10990,0.32752,-0.34018,31.2523583,75.7037900,0.000,306.75
318.215,2.41800,3.03405,13.79805,-0.59001,0.80905,-0.16651,31.2523767,75.7038067,0.000,306.75
318.324,3.01005,2.63805,12.18495,-0.27156,-0.92524,-1.06040,31.2523767,75.7038067,0.000,306.75
318.432,0.14595,2.36100,5.89005,0.51356,-0.18384,-0.41910,31.2523767,75.7038067,0.000,306.75
318.540,0.91500,3.00495,7.33200,-0.32587,-0.23815,-0.36795,31.2523767,75.7038067,0.000,306.75
318.648,0.70395,4.40805,11.72295,0.19607,0.12719,-0.03135,31.2523767,75.7038067,0.000,306.75
318.755,1.84395,4.81695,12.84600,0.11729,0.06435,-0.11330,31.2523767,75.7038067,0.000,306.75
318.864,-0.47295,3.88800,7.42005,0.88536,-0.12210,0.63979,31.2523767,75.7038067,0.000,306.75
318.968,1.10400,3.10500,9.79095,0.62645,-0.20405,0.60362,31.2523767,75.7038067,0.000,306.75
319.076,1.10895,3.08895,5.81595,0.72339,0.13571,0.57585,31.2523767,75.7038067,0.000,306.75
319.184,1.22400,3.66600,6.39105,-0.47712,0.21134,-0.27624,31.2523833,75.7038283,0.000,306.75
319.289,0.55605,4.03395,8.82105,-1.23668,0.15276,0.13489,31.2523833,75.7038283,0.000,306.75
319.396,3.31095,2.57595,15.86505,-0.38665,0.50751,0.19236,31.2523833,75.7038283,0.000,306.75
319.505,3.93900,2.95200,8.20800,0.42515,-0.41607,-0.44467,31.2523833,75.7038283,0.000,306.75
319.613,0.68700,2.62905,6.02700,0.16624,0.07397,-0.63635,31.2523833,75.7038283,0.000,306.75
319.718,1.20900,3.66105,8.05995,-0.12128,-0.08374,-0.39022,31.2523833,75.7038283,0.000,306.75
319.826,1.09695,4.65900,11.46900,0.12691,0.19113,-0.19113,31.2523833,75.7038283,0.000,306.75
319.933,1.29795,4.99005,10.96800,0.12265,0.08992,-0.13255,31.2523833,75.7038283,0.000,306.75
320.043,-0.94905,4.58700,7.98495,0.22591,-0.07521,0.65478,31.2523833,75.7038283,0.000,306.75
320.151,0.72105,3.37800,10.76700,0.74154,-0.18810,1.01159,31.2523817,75.7038500,0.000,306.75
320.255,1.13505,3.50805,5.62005,0.70744,0.04730,0.80286,31.2523817,75.7038500,0.000,306.75
320.361,1.33395,3.53400,7.08300,-0.06806,0.22523,0.00921,31.2523817,75.7038500,0.000,306.75
320.468,1.53195,3.79995,9.44595,-1.05243,0.44261,-0.14204,31.2523817,75.7038500,0.000,306.75
320.575,2.00205,3.24705,11.51400,-0.33976,0.36905,-0.24544,31.2523817,75.7038500,0.000,306.75
320.684,3.34005,3.11505,8.12205,0.43051,-0.61958,-0.70029,31.2523817,75.7038500,0.000,306.75
320.793,0.97905,3.56295,6.16305,-0.20020,-0.01444,-0.86749,31.2523817,75.7038500,0.000,306.75
320.910,0.41895,3.88800,8.96895,-0.36204,-0.20405,-0.55110,31.2523817,75.7038500,0.000,306.75
321.017,1.67595,4.62795,13.07100,-0.05748,-0.14327,0.08800,31.2523817,75.7038500,0.000,306.75
321.126,0.90495,3.72495,10.09200,0.75322,0.43189,0.22756,31.2523817,75.7038500,0.000,306.75
321.234,-0.06105,3.42105,8.57895,0.18755,-0.16885,0.42034,31.2523917,75.7038767,0.000,306.75
321.341,0.86400,2.91900,6.83805,0.77674,0.14960,0.94243,31.2523917,75.7038767,0.000,306.75
321.451,1.80105,3.34200,4.82295,-0.09048,0.06655,0.34787,31.2523917,75.7038767,0.000,306.75
321.559,0.98700,3.33300,8.64405,-1.05669,0.32642,-0.13571,31.2523917,75.7038767,0.000,306.75
321.663,3.08100,3.04305,18.08400,-1.42945,0.03781,-0.60967,,,,
321.766,3.26295,3.02400,9.66600,1.01420,-0.15510,0.20309,,,,
321.873,1.58505,2.69595,5.56005,0.26964,0.15070,-0.68214,,,,
321.979,0.35400,3.15300,6.43905,0.02145,-0.24351,-0.43285,,,,
322.087,0.45495,4.19505,11.71305,-0.06064,0.17201,-0.25286,,,,
322.194,1.73295,5.28900,11.98095,0.50187,-0.19772,0.57159,31.2523933,75.7038983,0.000,306.75
322.299,0.01200,4.52295,7.22400,0.41346,0.13255,0.68668,31.2523933,75.7038983,0.000,306.75
322.409,0.48600,3.34695,9.94095,-0.10106,-0.18067,0.93060,31.2523933,75.7038983,0.000,306.75
322.517,2.35395,3.60795,6.45795,0.95879,-0.35324,1.17879,31.2523933,75.7038983,0.000,306.75
322.625,1.49895,3.79200,6.10095,-0.12128,0.21037,-0.07177,31.2523933,75.7038983,0.000,306.75
322.733,2.31795,3.89505,9.82905,-0.91712,0.67155,-0.32533,31.2523933,75.7038983,0.000,306.75
322.841,1.56600,2.77995,13.75800,-0.33124,0.77811,-0.32739,31.2523933,75.7038983,0.000,306.75
322.949,4.06500,4.00305,7.69605,0.74470,-0.66536,-0.04840,31.2523933,75.7038983,0.000,306.75
323.057,1.64505,3.55500,5.79705,0.14713,-0.00907,-0.64377,31.2523933,75.7038983,0.000,306.75
323.163,1.47000,3.48105,8.25795,-0.51549,0.04304,-0.68214,31.2523967,75.7039167,0.000,306.75
323.270,0.69705,4.88400,10.14495,-0.07123,0.43189,-0.16225,31.2523967,75.7039167,0.000,306.75
323.378,1.69005,4.87200,11.70795,0.14492,0.06435,-0.04620,31.2523967,75.7039167,0.000,306.75
323.485,0.31905,4.59705,7.37700,0.16527,-0.25300,0.24997,31.2523967,75.7039167,0.000,306.75
323.593,0.44295,2.97600,10.33605,0.19071,0.12939,0.57159,31.2523967,75.7039167,0.000,306.75
323.699,1.69305,3.50505,6.50805,0.31969,0.04414,0.44701,31.2523967,75.7039167,0.000,306.75
323.803,0.93900,3.59595,7.37700,-0.25877,0.23691,0.00385,31.2523967,75.7039167,0.000,306.75
323.911,1.88205,4.16400,10.59000,-0.88412,0.16981,0.02406,31.2523967,75.7039167,0.000,306.75
324.018,1.72905,2.68905,13.42995,0.23127,0.66839,0.04538,31.2523967,75.7039167,0.000,306.75
324.125,3.34200,3.46200,7.60200,0.62755,-0.39476,-0.16445,31.2523967,75.7039167,0.000,306.75
324.232,1.78095,3.64905,5.15100,0.19181,-0.09652,-0.57035,31.2523967,75.7039167,0.000,306.75
324.341,1.91100,4.30695,9.56805,-0.46970,-0.20625,-0.49472,31.2523967,75.7039167,0.000,306.75
324.446,1.17795,5.22195,9.93705,0.25795,0.13049,-0.02915,31.2523967,75.7039167,0.000,306.75
324.554,1.32600,5.05695,9.75705,-0.18631,0.15180,-0.33495,31.2523967,75.7039167,0.000,306.75
324.663,-0.87795,4.73100,8.40195,0.00220,-0.12416,0.38528,31.2523967,75.7039167,0.000,306.75
324.775,1.17300,3.69900,11.65995,0.48592,-0.38197,0.62494,31.2523967,75.7039167,0.000,306.75
324.882,0.67800,3.44805,6.40800,0.60307,0.18576,0.34691,31.2523967,75.7039167,0.000,306.75
324.989,0.43305,3.27495,7.38000,-0.03932,0.29659,0.10821,31.2523967,75.7039167,0.000,306.75
325.096,0.61995,4.61805,9.30195,-0.41965,0.31474,0.35860,31.2523967,75.7039167,0.000,306.75
325.202,2.51400,3.89805,14.24895,-0.17572,0.45636,0.36823,,,,
325.327,3.23895,3.87405,7.61205,0.39737,-0.14754,0.20419,,,,
325.432,0.99600,3.36600,7.00095,-0.02118,0.07191,-0.10051,,,,
325.540,0.63705,3.48795,9.08205,-0.18521,0.05376,0.14548,,,,
325.647,1.33095,3.77595,10.26495,0.08855,0.40851,0.27335,,,,
325.754,2.14800,4.45305,8.50005,0.06408,0.44041,0.13172,,,,
325.870,1.10595,4.67805,8.09100,0.16101,0.08786,0.28407,,,,
325.978,-0.22905,5.05200,8.25105,-0.05321,-0.20941,0.31707,,,,
326.085,0.54600,4.49895,11.73195,0.30264,-0.53433,0.36066,,,,
326.190,-0.08295,4.48905,7.36005,0.37290,0.24874,-0.05266,,,,
326.297,1.02705,4.07700,9.09900,0.11303,0.24447,-0.25080,,,,
326.404,1.26405,4.12305,6.82695,0.03850,0.30731,-0.24117,,,,
326.511,1.78095,4.93200,9.34500,-1.17494,-0.56086,-0.16871,,,,
326.616,-0.17400,4.49400,7.62600,0.18233,0.21037,0.41938,,,,
326.724,1.16805,4.65705,9.84795,-0.36740,-0.29989,0.36492,,,,
326.831,-0.85800,3.71100,9.30900,0.20254,0.42652,0.85291,,,,
326.938,-0.18105,3.12195,9.74700,0.04799,0.71734,1.05957,,,,
327.045,0.03795,2.49195,9.23295,0.29191,0.88041,1.92665,,,,
327.151,0.88800,2.65305,9.87900,-0.03506,0.81854,2.17484,,,,
327.254,1.19205,2.52105,9.61095,0.43051,0.45320,2.55833,,,,
327.357,0.75405,3.77805,9.00495,0.33880,0.88990,2.21114,,,,
327.464,-1.16205,3.52005,10.37205,0.59029,1.04129,2.18653,,,,
327.568,1.64700,3.59595,11.37300,0.73934,0.68007,2.01822,,,,
327.675,1.76205,2.90400,9.64695,0.95452,0.60335,1.58263,,,,
327.779,1.88700,3.26805,6.94605,0.42831,0.82706,1.19584,,,,
327.887,0.97905,4.00305,7.42305,-0.24599,0.50325,1.06700,,,,
327.994,0.95100,4.67100,9.13905,-0.41223,0.41704,0.95411,,,,
328.103,0.37605,4.26195,9.78600,-0.21931,0.59592,0.80383,,,,
328.210,1.43700,3.63405,10.50195,0.02461,0.68860,0.87629,,,,
328.317,2.31795,3.76905,9.79500,0.04702,0.68324,1.10742,,,,
328.425,2.47800,3.86895,9.00000,0.25465,0.48840,1.15651,,,,
328.531,2.71005,4.06500,9.56100,0.30374,0.28064,0.85497,,,,
328.651,0.95295,4.13205,8.11905,0.39531,0.40315,0.79324,,,,
328.757,1.46295,4.94895,8.37795,0.51893,0.10697,0.85071,,,,
328.859,0.30405,5.35605,8.91705,0.24833,0.48414,0.74525,,,,
328.963,-0.70800,3.79695,8.30595,0.63924,0.87079,1.49311,,,,
329.070,0.22500,5.02995,7.86600,0.20034,1.27242,1.92349,,,,
329.177,1.38600,4.87200,9.91500,-0.17353,0.40851,1.37596,,,,
329.284,2.11395,4.86705,8.04000,0.18755,0.36479,1.03180,,,,
329.390,2.28405,4.72095,8.66295,0.01499,-0.00275,0.38844,,,,
329.497,1.90605,3.97005,9.05295,0.00220,-0.08800,0.04854,,,,
329.604,1.79295,5.03700,6.95100,-0.42061,-0.00907,-0.10051,,,,
329.710,2.71800,4.53900,10.60500,-0.04249,-0.26373,-0.19209,,,,
329.818,2.17395,4.06500,7.72695,0.09061,0.01856,-0.76739,,,,
329.925,2.07300,4.08195,8.30100,-0.12664,-0.08044,-0.69919,,,,
330.032,1.28805,4.41495,8.23695,-0.29714,0.22412,-0.45100,,,,
330.139,2.00400,4.85805,8.79705,-0.25657,-0.14864,-0.13461,,,,
330.247,0.72795,5.02800,9.24000,-0.05528,0.08676,-0.07177,,,,
330.355,1.08705,4.77405,10.77195,0.23334,0.06655,0.16789,,,,
330.463,1.41300,4.94595,8.93595,0.20350,-0.02296,0.27225,,,,
330.569,0.56805,4.39605,6.95100,0.36864,0.11344,0.41717,,,,
330.677,1.01295,4.61400,9.23700,-0.18095,-0.35750,0.23292,,,,
330.785,0.41700,4.77405,7.76700,0.02888,0.14534,0.09226,,,,
330.891,0.92400,5.22900,8.00205,-0.23430,0.05912,-0.06957,,,,
330.999,0.87900,5.18595,8.21505,-0.26194,0.11344,0.00921,,,,
331.106,1.64505,5.26005,11.07105,-0.58479,-0.23815,-0.03768,,,,
331.213,2.16705,3.91200,10.38195,0.08112,-0.11357,-0.26345,,,,
331.321,1.81995,3.06195,8.25795,0.36011,-0.46613,-0.30608,,,,
331.428,-0.13800,3.10800,8.91705,0.04702,0.02502,-0.34664,,,,
331.534,-0.43005,4.24695,8.35200,-0.13626,0.23375,0.19346,,,,
331.639,-0.17805,4.54695,9.30900,0.39847,0.12939,1.05848,,,,
331.747,0.62295,4.42200,10.10895,0.24406,0.19222,1.48349,,,,
331.854,-0.11100,4.07505,8.17395,-0.00839,0.98588,1.43880,,,,
331.974,0.86205,4.37895,10.40100,-0.36107,0.08566,1.15115,,,,
332.081,0.68700,4.18305,10.43895,-0.01911,0.47877,0.48744,,,,
332.188,1.09695,3.85500,9.70395,0.38569,0.04098,0.14658,,,,
332.294,0.48600,4.05300,8.61000,0.27074,0.23059,-0.13887,,,,
332.398,0.73800,4.02495,8.39700,-0.16500,0.16665,0.03052,,,,
332.506,-0.25695,3.51495,9.13005,0.16101,0.75254,0.36396,,,,
332.612,0.87195,3.71805,9.03900,-0.07659,0.09735,0.16046,,,,
332.720,0.35205,4.35495,7.46295,0.06930,0.08992,0.35750,,,,
332.827,0.66300,4.45605,8.91405,-0.07232,-0.07617,0.39050,,,,
332.935,0.56295,4.84395,8.94300,-0.22151,0.15702,0.32450,,,,
333.041,-0.01995,4.73805,9.28305,0.01499,0.71527,0.44069,,,,
333.148,-0.92295,3.88305,9.14895,-1.74267,3.64897,-0.19745,,,,
333.251,-6.33405,2.83005,10.81800,0.31433,1.42257,1.16504,,,,
333.357,-4.58595,3.36195,7.10400,0.85016,0.01004,1.20010,,,,
333.464,-4.68000,3.32295,6.30900,0.62439,0.16239,0.81345,,,,
333.570,-3.96105,4.22295,5.41905,0.20996,0.08992,0.33949,,,,
333.677,-4.68000,4.80495,6.58200,-0.10959,-0.03781,-0.27417,,,,
333.785,-5.19195,5.28600,7.61700,-0.34499,0.15606,-0.32216,,,,
333.890,-4.39905,5.41605,7.25505,-0.15868,0.20707,0.18920,,,,
333.997,-4.06200,4.78095,7.76700,-0.19277,0.40851,0.16363,,,,
334.105,-3.82695,4.74105,6.95295,-0.33976,0.41484,0.49170,,,,
334.212,-4.23705,4.75695,7.87800,-0.46007,0.24874,0.49170,,,,
334.321,-4.16505,5.01795,7.99005,-0.25135,0.28270,0.37565,,,,
334.427,-4.56000,4.89900,7.93305,-0.02118,0.20501,0.31707,,,,
334.534,-5.69205,4.03005,7.69800,-0.41965,0.08140,0.17215,,,,
334.643,-4.65105,5.45205,5.86905,-0.77646,-0.04964,0.74002,,,,
334.755,-5.07195,3.85200,8.14605,-0.37276,0.37331,1.03826,,,,
334.863,-3.35295,4.35300,7.46805,-0.25341,-0.11028,0.45980,,,,
334.969,-3.79605,4.15905,8.20095,0.09488,-0.04111,0.09763,,,,
335.074,-3.85395,4.31700,7.65495,-0.12884,0.14850,-0.53089,,,,
335.181,-4.17405,3.91905,8.16705,-0.02434,0.02282,0.03905,,,,
335.293,-3.45900,3.60105,9.00795,-0.01155,-0.07095,-0.17407,,,,
335.401,-3.18105,4.21605,6.56295,-0.05844,-0.09323,-0.24970,,,,
335.506,-3.89400,3.97005,8.25600,-0.18631,-0.64075,-0.18040,,,,
335.610,-3.17595,4.76895,8.68395,-0.00839,-0.51727,0.24571,,,,
335.716,-2.87700,4.77705,9.11100,0.01815,-0.07948,0.01774,,,,
335.820,-3.49695,4.64700,8.68395,-0.48675,0.07604,0.02200,,,,
335.923,-3.38700,4.31700,9.15105,-0.11069,-0.11880,0.65574,,,,
336.027,-1.98405,3.04305,9.18705,0.27280,-0.11990,0.61531,,,,
336.133,-0.49905,4.65405,7.11405,0.25891,-0.12732,0.18067,,,,
336.239,-1.99800,4.42500,7.40595,0.10340,-0.19016,-0.40947,,,,
336.346,-2.48595,4.57095,7.42500,-0.15221,-0.19016,-0.49899,,,,
336.453,-1.35900,5.32500,8.30100,-0.32697,-0.27761,-0.26345,,,,
336.560,-3.19995,2.49000,10.80795,0.52099,0.11124,0.31488,,,,
336.668,-1.68405,3.34005,9.40305,0.06724,-0.26482,0.47575,,,,
336.775,-0.89700,3.96495,7.48005,0.38569,0.31254,0.57805,,,,
336.883,-0.16395,4.56600,7.15695,0.17902,0.23375,0.62067,,,,
336.991,-0.55200,5.02095,8.62695,-0.13736,0.34567,0.59826,,,,
337.098,-0.76500,6.04095,9.35700,0.37936,0.74401,0.97859,,,,
337.205,-1.32495,5.85195,7.76295,0.11619,0.43299,0.62274,,,,
337.313,-2.59695,5.89905,8.25105,-0.30456,0.27005,0.20845,,,,
337.420,-1.12695,5.39400,7.45905,0.35269,0.09529,0.42680,,,,
337.528,-2.69700,5.19300,7.32195,0.22385,0.44578,-0.03451,,,,
337.636,-2.86200,5.23095,6.99600,-0.19374,0.27321,0.41607,,,,
337.744,-0.82500,5.11905,10.27395,-0.79887,-0.03781,-0.03878,,,,
337.852,-0.84900,5.26500,8.41095,0.00014,0.00151,0.40975,,,,
337.959,-0.59700,4.48200,6.51000,0.16308,0.21354,0.16363,,,,
338.066,-0.05400,5.02095,6.87405,-0.20556,-0.30525,-0.19113,,,,
338.173,-1.14795,4.83900,9.81000,-0.05638,-0.37661,-0.43189,,,,
338.280,-1.00005,5.20305,10.36305,0.05555,-0.27431,-0.40205,,,,
338.387,-2.09895,4.84395,7.31295,0.46035,0.09639,0.24571,,,,
338.494,-0.80805,4.32405,9.57705,-0.00522,-0.61201,0.00069,,,,
338.612,-0.07305,3.69705,7.35600,0.23334,0.00371,-0.26991,,,,
338.718,-1.03095,4.24995,7.73595,-0.08621,0.12829,-0.39243,,,,
338.826,-1.55295,5.22900,8.78295,0.06188,0.27321,0.26702,,,,
338.933,-2.03895,4.00605,8.51205,0.21629,0.56292,0.27445,,,,
339.039,0.21600,3.97200,8.35605,-0.13736,-0.52690,0.42680,,,,
339.155,-0.92100,4.63995,8.07900,-0.31941,0.79406,0.22550,,,,
339.262,-2.04405,4.73595,7.96095,-0.17036,0.97089,0.72614,,,,
339.367,-2.62500,4.34805,11.54805,0.13970,-0.46393,1.71792,,,,
339.471,0.24705,3.38100,9.88605,0.76917,0.25932,0.94559,,,,
339.578,-0.41100,4.03395,7.56195,0.28985,0.06545,0.15400,,,,
339.685,-0.38700,3.93405,8.36400,0.23334,0.37648,-0.36575,,,,
339.793,0.04095,5.08305,6.94605,0.13860,-0.13159,-0.36795,,,,
339.897,-0.54195,5.48805,7.87995,-0.07123,-0.21574,-0.69286,,,,
340.002,-1.00005,6.00495,9.31200,-0.44839,-0.42144,-0.87175,,,,
340.109,-3.26205,3.68205,11.13600,-0.01691,-0.18700,-0.97831,,,,
340.215,-0.84600,4.83600,7.75800,0.36658,-0.95507,-0.72050,,,,
340.323,-0.94500,4.60395,7.05405,0.47204,-0.18384,-0.57888,,,,
340.431,-1.21800,5.05200,7.14705,0.13640,0.04524,-0.43821,,,,
340.538,-1.06695,5.85600,8.38800,0.12788,-0.16252,0.14658,,,,
340.645,-1.30095,5.93505,8.95995,-0.16926,0.34567,0.03905,,,,
340.753,-2.19405,4.66605,8.32305,0.03094,0.15606,0.63979,,,,
340.861,-1.21995,4.35795,8.86200,-0.11495,-0.06339,0.97212,,,,
340.968,-0.54705,4.93905,7.68795,-0.10326,0.24021,0.66536,,,,
341.076,-0.06795,5.15700,8.37300,0.04799,0.15606,0.33949,,,,
341.184,-0.10905,5.70105,9.60405,0.05129,0.12196,0.46942,,,,
341.290,-0.90405,3.60600,10.53495,-0.06064,0.54381,-0.37001,,,,
341.398,-0.04200,4.12500,8.19405,0.36974,-0.42350,0.18494,,,,
341.503,-2.00295,5.31000,7.04700,0.05129,0.01320,0.12210,,,,
341.610,0.16800,5.78400,7.28100,0.31116,0.29975,0.43422,,,,
341.716,0.48900,5.59500,9.84795,-0.38871,0.22412,-0.43931,,,,
341.824,-2.01195,4.81695,7.63605,0.30690,0.50751,0.36492,,,,
341.935,-0.50895,4.91805,8.98395,-0.15015,-0.20721,0.26799,,,,
342.042,0.25095,5.03295,6.77100,0.11839,0.06765,0.06669,,,,
342.149,-0.23400,5.23605,7.31295,-0.15015,-0.05060,-0.53309,,,,
342.256,-0.97605,5.63805,9.38595,-0.46324,-0.11564,-0.39875,,,,
342.364,-0.25500,4.44795,11.47395,-0.41855,-0.23279,-0.57778,,,,
342.492,0.37800,3.67500,9.31605,0.32175,-0.62274,-0.52456,,,,
342.599,-0.79905,3.94305,7.70295,0.29301,-0.22330,-0.80891,,,,
342.705,-0.82005,4.74495,7.55700,0.11509,-0.25410,-0.58410,,,,
342.812,-1.63200,5.09700,9.10305,0.02351,0.05060,-0.34664,,,,
342.918,-2.33595,6.51705,9.28800,-0.00412,-0.00701,0.37991,,,,
343.028,-2.63505,4.82700,6.91995,0.13324,1.11265,0.87739,,,,
343.131,-1.89495,4.76895,8.31600,-0.48881,-0.14011,1.04679,,,,
343.237,-0.28605,4.89405,7.37205,0.06834,0.17944,0.97639,,,,
343.345,-0.43695,4.61595,8.05200,-0.04991,0.06119,0.27651,,,,
343.453,-1.19805,4.92705,8.00700,-0.68599,0.26785,0.11577,,,,
343.560,-0.61905,3.01395,13.90395,-0.71363,0.05060,-0.18892,,,,
343.668,1.42200,3.60795,8.73900,0.21422,-0.37455,-0.16555,,,,
343.776,-1.06905,2.95695,7.21200,0.22907,-0.25836,-0.70139,,,,
343.883,-0.33195,3.88305,6.64695,0.10986,-0.51081,-0.68434,,,,
343.990,-2.23995,4.67595,11.57895,-0.07659,0.08360,-0.18150,,,,
344.097,-0.77895,5.42295,10.93005,0.09488,-0.19869,0.38624,,,,
344.204,-1.90500,4.82205,8.43105,-0.27362,0.26043,0.70166,,,,
344.312,-0.11595,2.65500,9.41700,-0.26620,-0.12306,0.71019,,,,
344.419,0.95505,3.06705,5.59095,0.37290,-0.39050,0.81455,,,,
344.527,0.32805,3.10995,8.90700,-0.08305,-0.26579,0.14451,,,,
344.631,1.27395,3.11295,10.19805,-0.92029,0.32533,-0.24970,,,,
344.740,0.88605,1.67595,12.13005,-0.44619,0.59482,-0.42652,,,,
344.849,1.67805,2.44905,8.05200,0.01499,0.04950,-0.68956,,,,
344.956,-0.09195,2.89005,7.05195,0.36341,-0.26153,-0.52552,,,,
345.061,0.02205,3.39000,9.29295,0.41126,-0.19553,-0.13778,,,,
345.167,0.51495,4.42005,11.27295,0.58713,0.23169,0.42254,,,,
345.274,-0.28395,3.22305,11.03295,0.28133,0.25726,-0.00247,,,,
345.381,-0.00795,2.92605,7.44405,-0.31625,0.01114,-0.02489,,,,
345.488,0.55095,3.02595,6.83400,0.22385,-0.29563,0.23403,,,,
345.596,-0.26505,2.95905,8.29905,-0.43134,-0.05486,-0.60967,,,,
345.701,0.12195,2.79195,10.28595,-0.39187,-0.03355,-0.01636,,,,
345.808,-1.06395,-0.11895,14.94000,-1.32082,1.62608,-0.49362,,,,
345.916,0.19395,1.32900,8.59095,0.68296,-0.23815,-0.38816,,,,
346.024,-0.65295,2.52795,6.86205,0.73934,-0.19662,-0.06957,,,,
346.132,-0.15900,3.20400,8.82105,0.09804,-0.40961,-0.28806,,,,
346.241,0.30405,4.13205,11.77095,0.31859,0.07824,0.21161,,,,
346.354,-1.14795,3.26805,10.91595,0.04056,0.24447,-0.08883,,,,
346.461,-0.56895,3.20595,8.10495,-0.31845,-0.29356,0.04331,,,,
346.568,-0.43200,1.87200,8.83305,0.10876,-0.20941,-0.13887,,,,
346.676,-0.37500,2.57100,8.20605,0.27706,-0.33399,-0.17077,,,,
346.783,0.16305,3.01395,8.68200,0.26537,-0.51081,0.18920,,,,
346.887,0.98700,2.81805,12.33600,-1.53065,-0.24667,-0.60225,,,,
346.995,2.13795,2.01795,11.50200,0.57956,-0.02612,0.33413,,,,
347.103,1.08495,2.65305,7.91805,0.07040,0.45430,-0.52126,,,,
347.211,0.02595,3.36600,7.63095,0.46558,-0.27335,-0.14534,,,,
347.317,0.79695,4.28595,9.08700,0.22385,0.07714,-0.18576,,,,
347.423,1.28100,4.97295,10.40595,0.20570,-0.22000,0.00605,,,,
347.530,-0.79605,3.94605,9.79995,-0.05101,0.12196,0.09020,,,,
347.637,-0.52095,3.41700,9.44805,-0.10436,-0.23499,0.57159,,,,
347.745,0.07905,3.16005,8.35905,0.16308,0.17724,0.67072,,,,
347.853,0.52200,3.44295,7.64505,0.02778,0.15812,0.09543,,,,
347.961,-0.23100,3.88305,8.06895,-0.02008,-0.06765,0.04111,,,,
348.068,0.79695,3.58395,12.33105,-1.20148,-0.16679,-0.32106,,,,
348.175,1.59900,2.76795,11.18595,0.54766,0.21560,0.47039,,,,
348.282,1.17600,3.27795,8.29395,0.53171,0.19965,-0.01210,,,,
348.389,0.59100,3.80400,6.97005,0.45609,0.04208,-0.13035,,,,
348.496,0.57900,4.37700,8.08605,0.09488,0.31680,-0.05266,,,,
348.604,-0.06600,4.67400,10.59000,0.36974,-0.44591,0.40659,,,,
348.710,-0.37695,4.26900,10.60500,-0.02118,0.39889,0.59084,,,,
348.818,0.43605,3.86700,9.45495,-0.15538,0.28600,0.72930,,,,
348.925,1.13295,4.29000,7.70805,0.41126,0.17517,0.82087,,,,
349.032,-0.86295,3.70395,8.78700,0.13214,-0.01870,0.03479,,,,
349.140,2.17200,5.97795,6.39300,0.36658,-0.18590,0.14135,,,,
349.248,-1.00695,3.61800,9.71400,-1.15995,1.15307,-0.34554,,,,
349.355,-1.33500,4.08195,11.59095,0.78733,-0.72078,0.99027,,,,
349.463,2.30295,4.03395,10.76700,0.82143,-0.77605,0.71445,,,,
349.571,2.48805,4.86000,6.52695,0.17270,0.16981,-0.20487,,,,
349.679,0.93900,4.80300,8.63205,0.07260,0.13681,-0.48936,,,,
349.786,1.87200,5.44200,9.65595,-0.66137,-0.62480,-0.34128,,,,
349.893,-0.57600,5.48505,8.11500,-0.05101,0.32642,0.17957,,,,
350.000,0.70200,4.78095,10.17600,-0.23430,-0.70469,-0.18040,,,,
350.108,0.62295,4.96995,7.28595,0.15455,-0.16679,-0.25286,,,,
350.232,3.37605,6.79995,5.02800,-0.16074,0.73013,-0.92510,,,,
350.338,-0.22605,5.38005,9.63705,-0.56128,0.02599,-0.92084,,,,
350.446,0.87600,3.25095,12.48195,-0.01155,-0.48427,-0.47864,,,,
350.553,1.22100,3.45705,7.65705,0.38569,-0.53006,-0.21244,,,,
350.660,0.22500,4.18995,7.68795,0.09597,-0.29246,-0.43285,,,,
350.766,0.28305,4.45995,8.42805,-0.00096,0.08456,-0.27307,,,,
350.870,0.29895,5.45205,9.22995,-0.00839,0.14424,-0.06861,,,,
350.977,0.04800,4.46295,10.48695,-0.07452,-0.04208,-0.00577,,,,
351.085,-0.15705,4.73595,9.02205,-0.12031,-0.25300,0.26592,,,,
351.191,0.64395,4.37895,8.56005,0.29095,0.13049,0.53336,,,,
351.299,1.14195,4.66395,7.32195,0.06834,0.10588,-0.04194,,,,
351.405,0.67500,5.20305,7.32405,-0.00632,-0.00591,-0.24007,,,,
351.511,0.18405,5.59800,8.41905,-0.09157,-0.15936,0.04758,,,,
351.618,-0.87495,3.36900,10.60695,-0.00316,0.23801,0.31488,,,,
351.725,1.38405,4.19700,8.23200,0.18123,0.23265,0.53226,,,,
351.832,1.34595,4.79100,7.75305,0.14603,0.27844,0.35860,,,,
351.939,1.75500,4.87905,9.45300,0.21959,0.39353,0.13379,,,,
352.047,1.40100,5.28900,8.17005,0.46131,0.04098,0.24035,,,,
352.154,0.94800,4.39305,7.81305,0.05555,0.30827,0.07205,,,,
352.261,-0.18795,5.47605,7.40100,-0.13090,-0.19553,0.01884,,,,
352.369,0.58200,4.99905,7.64805,-0.12664,0.17201,0.08690,,,,
352.476,1.06095,5.16000,7.13805,-0.49211,-0.08470,-0.22729,,,,
352.583,0.75405,5.33205,8.79195,-0.42171,-0.26799,-0.38390,,,,
352.692,0.43800,4.99395,10.27905,-0.84782,-0.24021,-0.30718,,,,
352.799,0.17700,3.39495,10.80300,0.30800,0.22742,0.26166,,,,
352.906,1.78095,3.64395,9.01500,0.82775,-0.33289,0.35970,,,,
353.012,1.42200,4.34595,6.92895,0.57750,0.38294,0.12100,,,,
353.119,1.48695,5.01105,7.25505,0.04799,0.44578,-0.17614,,,,
353.225,0.15600,4.90305,9.83100,0.32931,0.37221,0.22646,,,,
353.333,1.38405,4.54200,10.30500,-0.20446,0.03451,0.44495,,,,
353.436,-0.97095,5.16000,5.73705,-0.28215,0.63745,0.93913,,,,
353.554,1.20405,4.58295,9.20895,0.01182,0.27637,0.79750,,,,
353.662,1.78905,5.06895,6.67995,-0.03822,-0.13585,0.20941,,,,
353.769,1.05405,4.81200,8.44695,-0.13310,-0.10601,-0.29865,,,,
353.876,1.43205,4.34805,9.95100,-0.89361,-0.06449,-0.49143,,,,
353.983,2.02305,3.40500,10.13805,-0.12980,0.35626,-0.36149,,,,
354.109,1.48200,3.16305,9.32805,-0.21821,0.03988,-1.10399,,,,
354.216,0.37395,3.69000,7.00095,0.20570,-0.10711,-0.60967,,,,
354.324,0.46500,4.05795,9.36705,0.07040,-0.15510,-0.11756,,,,
354.431,1.03005,5.12805,9.57000,0.43367,-0.04111,0.44907,,,,
354.539,1.45095,5.27700,8.49795,0.50504,0.04950,0.42034,,,,
354.650,0.41205,4.78395,8.16000,0.44756,0.11014,0.55880,,,,
354.757,1.23795,4.00995,9.51795,0.16101,0.36479,0.59936,,,,
354.865,2.13105,5.07300,6.67095,0.04482,0.17724,0.31817,,,,
354.971,2.02305,5.28600,8.36805,-0.04895,-0.01017,-0.13351,,,,
355.078,1.15395,5.89005,8.89995,0.01072,-0.30209,-0.10904,,,,
355.186,0.98205,1.67100,7.89000,-0.08511,-0.56939,-1.04858,,,,
355.295,1.68600,3.97395,8.55795,-0.24915,0.49472,-1.47895,,,,
355.402,0.14100,3.64605,9.53895,0.23444,-0.35956,-0.65876,,,,
355.509,0.02895,4.65000,6.54405,0.45609,-0.18494,-0.09735,,,,
355.617,0.73305,5.27895,7.91805,-0.10752,-0.15606,-0.24007,,,,
355.725,0.86700,5.76795,8.40705,-0.01375,-0.19662,0.05074,,,,
355.828,0.91200,6.37095,8.66505,0.16418,-0.25630,-0.00894,,,,
355.936,0.21600,5.62200,8.60805,-0.07549,0.03561,-0.09309,,,,
356.044,0.47895,5.64300,7.01295,0.19717,0.15070,0.27335,,,,
356.151,0.91695,5.51205,9.14595,-0.41745,-0.06985,0.02516,,,,
356.259,0.93405,5.35800,7.85805,0.11509,-0.07728,0.10299,,,,
356.367,1.32900,5.48505,7.64805,-0.34925,-0.23595,-0.35516,,,,
356.475,1.28295,5.38200,9.32400,-0.45801,-0.59180,-0.53309,,,,
356.582,1.64700,5.01600,9.20205,-0.63374,-0.45334,-0.80039,,,,
356.690,0.94605,4.03395,8.58105,0.06834,-0.01237,-0.78127,,,,
356.798,1.31205,4.00605,9.66600,-0.08621,-0.24557,-0.92936,,,,
356.905,0.83295,4.72905,7.14300,0.10876,-0.21147,-0.61614,,,,
357.013,0.94305,4.75695,9.31905,0.00536,-0.17641,-0.52126,,,,
357.120,-0.22200,5.24595,9.09900,-0.00096,-0.01237,-0.23155,,,,
357.226,-0.82695,4.34805,8.44695,0.27596,0.28696,0.09969,,,,
357.332,0.22800,5.03295,9.04395,-0.23430,-0.41181,0.05926,,,,
357.439,-0.47505,4.51605,7.48500,0.00440,0.17724,0.27129,,,,
357.545,0.07005,4.57305,8.00205,-0.35461,-0.07948,0.04221,,,,
357.652,1.13505,4.57995,10.06305,-0.41319,0.09529,-0.02282,,,,
357.760,0.51000,3.22005,9.91305,0.15881,0.17834,-0.17188,,,,
357.869,1.18800,3.29700,9.70695,-0.06806,-0.04538,-0.60445,,,,
357.976,0.22305,4.05300,6.95805,0.08539,-0.03781,-0.29013,,,,
358.082,0.83295,4.35795,8.19795,-0.00839,-0.07411,-0.10271,,,,
358.189,-0.30300,5.04495,10.13295,0.01389,-0.04538,0.21698,,,,
358.297,-0.07095,5.22405,9.63705,0.40700,0.15812,0.49706,,,,
358.404,-1.32795,4.32600,7.99200,0.19827,0.45540,0.81139,,,,
358.525,-0.11400,3.39300,11.07600,0.44000,-0.18164,1.16504,,,,
358.630,0.41895,3.95295,6.63300,0.55619,0.27005,0.91891,,,,
358.738,0.63195,3.76095,8.03295,-0.08195,0.24654,0.27445,,,,
358.846,1.04400,4.22295,9.83805,-0.54849,-0.04318,0.37771,,,,
358.953,0.58395,3.75405,12.16095,-0.47080,0.73439,0.03259,,,,
359.065,1.43895,3.91500,8.93295,0.22165,0.09103,0.20625,,,,
359.171,-0.30795,3.89505,6.68805,0.28449,0.09735,0.13062,,,,
359.277,0.21105,4.27905,8.72700,-0.08305,0.06009,-0.12072,,,,
359.384,0.10305,5.14500,10.43505,0.07686,-0.07095,0.09763,,,,
359.492,-0.60705,4.76505,11.11500,-0.28861,0.55976,0.02736,,,,
359.598,-0.66900,4.60200,7.49700,0.32079,-0.20405,1.06164,,,,
359.706,0.04095,3.54105,9.36900,0.41979,-0.07617,0.95837,,,,
359.813,1.18995,4.02000,6.79995,0.36768,-0.03039,0.42570,,,,
359.921,0.17505,3.63000,8.68695,-0.18947,0.03355,-0.11756,,,,
360.027,1.96305,4.27905,9.50805,-1.19625,0.09639,-0.21340,,,,
360.134,1.83405,3.37395,11.11005,0.05871,0.23485,0.24255,,,,
360.241,0.56295,3.28995,7.69095,-0.18851,0.43615,-0.43189,,,,
360.348,0.26805,3.73695,6.85305,0.05761,0.08883,-0.17407,,,,
360.455,0.30405,4.24305,9.26595,-0.07879,0.14850,-0.12072,,,,
360.563,0.53595,4.50600,12.37395,0.42295,-0.34677,0.26909,,,,
360.671,-1.46205,4.18800,8.89695,0.38995,0.56829,0.40865,,,,
360.779,0.64200,3.39495,9.79800,-0.15331,-0.13159,0.30429,,,,
360.886,0.58905,3.58200,7.32900,0.48482,-0.07728,0.48318,,,,
360.993,0.67500,4.15395,7.35600,0.03424,-0.00055,-0.11330,,,,
361.098,0.42105,4.14000,8.94300,-0.35145,-0.15084,-0.31680,,,,
361.205,2.06205,3.89100,13.53000,-0.80204,-0.52044,-0.73755,,,,
361.313,2.68395,3.33300,9.51000,0.57434,-0.40645,-0.34444,,,,
361.421,0.11700,3.29400,6.50805,0.12155,0.18480,-0.77165,,,,
361.530,-0.96405,4.03695,7.73595,0.13640,-0.19346,-0.17724,,,,
361.637,-0.85095,5.11395,10.15395,0.15991,0.28064,0.14451,,,,
361.746,-0.47805,4.49595,12.38595,-0.03712,0.06339,0.18604,,,,
361.853,0.10500,4.37400,7.42695,0.02145,0.11770,0.53006,,,,
361.961,0.41205,3.76605,8.68395,0.07040,0.13791,0.51411,,,,
362.067,1.50105,4.29795,6.86505,0.00866,-0.22852,0.09116,,,,
362.175,0.74895,3.89505,9.96300,-0.25987,-0.39586,-0.20597,,,,
362.283,2.38695,3.71100,10.78200,-0.74883,-0.26153,-0.50751,,,,
362.405,3.14595,3.72495,8.24100,0.22055,-0.68558,-0.11440,,,,
362.512,0.68205,3.65595,7.97295,-0.30773,0.11976,-0.69603,,,,
362.620,0.48900,4.18500,8.45700,-0.23953,-0.21684,-0.23581,,,,
362.727,0.43605,4.83600,10.43505,0.21959,0.03135,0.27129,,,,
362.834,0.05505,4.81995,10.57095,0.21106,0.07397,0.41827,,,,
362.944,-1.47405,4.51605,7.99200,0.26318,0.33605,0.96044,,,,
363.052,0.30195,3.29700,11.10705,0.46461,0.41168,1.02657,,,,
363.159,0.80895,3.53400,7.50900,0.22165,0.19332,0.44165,,,,
363.264,0.82395,3.32295,7.75995,-0.42597,0.27637,-0.17298,,,,
363.370,0.92700,3.62505,8.67195,-0.25767,-0.12100,0.13283,,,,
363.477,1.38600,2.77695,12.56805,-0.37703,-0.09006,-0.17504,,,,
363.584,3.14805,3.75405,9.67605,0.27706,-0.83476,0.06132,,,,
363.691,1.64700,3.69405,8.32995,0.11303,-0.28504,-0.37221,,,,
363.798,2.11200,4.62105,8.37795,-0.16390,-0.06339,-0.12403,,,,
363.905,1.02495,4.62600,9.54600,0.15881,-0.12100,0.10079,,,,
364.012,2.57595,4.60905,9.34995,0.07356,-0.43409,0.23925,,,,
364.119,2.75100,4.28595,6.81705,0.48592,-0.45966,-0.19319,,,,
364.227,5.08500,3.88800,7.81305,-0.43876,-1.23420,-0.37648,,,,
364.334,3.59595,5.25105,5.88300,-0.70730,-1.10096,-0.89622,,,,
364.442,3.88305,4.36905,9.01695,-0.84782,-0.69726,-0.82912,,,,
364.548,4.67805,3.66300,8.83800,-0.16610,-0.55344,-0.57984,,,,
364.652,4.64700,3.45000,7.84200,-0.15868,-0.11137,-0.34128,,,,
364.755,4.08000,4.86300,6.29505,-0.17779,-0.12732,0.17531,,,,
364.863,3.12705,4.54695,8.67495,-0.39187,0.42652,0.44907,,,,
364.970,3.46005,4.03005,8.98095,0.88536,0.54904,1.03400,,,,
365.078,2.90400,3.98595,8.36100,0.59661,0.67801,1.13630,,,,
365.185,3.04095,3.42405,9.79500,0.53804,0.66729,1.09794,,,,
365.292,3.16500,3.32295,9.22995,0.64666,0.89526,0.90929,,,,
365.400,3.27795,4.39095,7.55895,0.50930,0.95604,0.73356,,,,
365.508,3.37095,4.86495,7.78200,0.11412,0.63745,0.33729,,,,
365.616,3.28005,4.32600,9.70005,-0.34499,0.77701,-0.13681,,,,
365.725,2.25795,4.05600,8.55795,0.46241,0.00371,-0.35723,,,,
365.830,1.67100,4.10400,9.17295,0.08319,-0.10711,-0.29439,,,,
365.935,1.32900,4.43895,7.92300,0.52209,-0.15400,0.15304,,,,
366.043,1.42695,5.39700,7.58100,0.32285,-0.00591,0.26166,,,,
366.149,2.39205,5.62605,8.09805,0.18755,-0.13901,0.22756,,,,
366.283,2.21700,5.61705,8.73000,-0.03616,-0.36603,0.00275,,,,
366.390,1.75995,5.67405,7.12800,0.17902,-0.27225,0.09446,,,,
366.497,3.50805,6.45195,7.38405,0.17476,-0.68984,-0.02915,,,,
366.605,4.65405,5.97405,6.62100,-0.92249,-0.17641,-0.95810,,,,
366.711,5.73900,4.43700,7.63605,-0.89155,-0.77715,-1.38517,,,,
366.822,4.11105,4.87005,6.81495,-0.76794,-1.36194,-1.23186,,,,
366.929,3.50805,5.14995,5.29200,0.36011,-1.33320,-0.40631,,,,
367.035,3.42600,4.51800,7.31295,-1.69579,-0.86446,-1.93916,,,,
367.142,5.28195,2.35605,6.81495,-1.29841,-1.34599,-2.04256,,,,
367.249,4.75995,5.47800,8.88300,-1.11952,-1.36098,-1.10715,,,,
367.356,1.48905,5.36100,6.62805,-0.05211,-0.09749,-0.43711,,,,
367.463,3.98400,5.17200,6.90795,-0.71899,0.04840,0.12636,,,,
367.572,5.18100,5.11605,9.26400,-0.62727,-0.12416,0.33096,,,,
367.679,4.85100,4.93695,7.77195,0.30470,0.39669,0.37455,,,,
367.784,4.16805,4.41495,7.51605,0.70524,0.67375,0.60899,,,,
367.891,3.84795,4.86300,7.27200,0.98436,0.80905,1.19804,,,,
367.994,5.36295,5.26500,8.74905,0.98436,1.17439,1.19804,,,,
368.099,6.11205,5.18100,8.56905,1.36263,0.69506,1.03606,,,,
368.204,4.96095,5.61405,6.75495,0.89389,0.41374,0.78581,,,,
368.310,4.02705,4.51305,10.08300,0.29411,0.25506,0.04854,,,,
368.417,3.42600,4.57305,5.48295,0.19717,0.02819,-0.09625,,,,
368.524,2.15505,5.08800,5.32800,-0.43450,0.03781,0.20199,,,,
368.631,4.47195,6.36900,8.93805,-0.99591,-0.30209,0.42790,,,,
368.737,6.30900,5.04495,9.25200,-0.09254,0.38074,-0.14740,,,,
368.843,4.02495,5.04705,4.84605,-0.14163,0.18576,-0.40521,,,,
368.950,3.04800,5.57895,6.47700,-0.14479,-0.07728,-0.26249,,,,
369.057,4.16400,6.17700,8.42595,0.21422,0.10697,-0.03878,,,,
369.165,4.61595,6.42600,10.12800,0.34732,0.07508,0.06669,,,,
369.274,0.95100,4.80000,7.09695,0.75322,0.93156,0.52484,,,,
369.381,3.91905,4.80495,9.16605,0.55619,0.07288,1.00952,,,,
369.489,2.94000,5.11905,5.27700,0.67444,0.30305,0.75914,,,,
369.595,3.63900,5.45595,6.21405,-0.07549,0.18260,0.31281,,,,
369.703,4.28295,5.77995,7.06605,-0.57406,-0.03685,0.10395,,,,
369.810,6.32595,5.11605,11.01900,-1.23448,-0.23815,0.05706,,,,
369.916,5.59500,4.84800,7.56405,0.13214,-0.20625,-0.05156,,,,
370.023,3.54405,4.36905,6.81705,-0.26194,0.14754,-0.42542,,,,
370.145,4.14195,5.16405,7.13100,-0.18425,-0.12732,-0.22096,,,,
370.252,3.24705,5.43495,8.23005,0.15455,-0.00165,-0.07288,,,,
370.359,4.60905,6.12195,8.94105,0.25891,-0.53639,0.20625,,,,
370.467,2.74605,4.90800,8.20305,0.34843,0.59056,0.37249,,,,
370.575,4.27605,4.96800,8.02605,0.08429,-0.14754,0.64405,,,,
370.686,2.73195,4.62600,6.79995,0.12045,0.48730,0.32024,,,,
370.791,3.36900,4.87200,6.30495,0.02035,-0.05060,0.30539,,,,
370.897,4.33605,4.75005,7.80795,-0.59964,-0.00591,0.15194,,,,
371.000,5.68605,4.45605,9.02205,-0.98106,-0.21258,0.02942,,,,
371.103,6.40905,3.57495,8.40705,-0.33550,-0.00591,-0.49679,,,,
371.207,4.55400,3.28995,6.81495,-0.58795,0.08360,-1.10082,,,,
371.310,3.70905,4.13700,6.76695,-0.22151,-0.32024,-0.78334,,,,
371.416,3.97695,4.57995,7.87995,-0.20763,0.01650,-0.72696,,,,
371.523,3.96495,4.98495,9.71895,0.12788,-0.35420,-0.37317,,,,
371.630,3.59595,4.34595,11.65305,0.16624,0.23169,0.07948,,,,
371.737,1.78395,4.00995,7.54500,0.78526,0.28696,0.91149,,,,
371.844,3.72105,4.06095,8.30595,0.58919,0.27211,0.78677,,,,
371.951,3.19605,4.27605,6.36705,0.18439,0.25300,0.41607,,,,
372.055,3.55095,4.47495,7.13100,0.01292,0.08456,0.16156,,,,
372.161,5.16900,4.50105,8.60295,-0.81703,0.45856,-0.08140,,,,
372.267,5.27205,3.15300,11.19405,0.08855,0.11440,0.00495,,,,
372.371,6.06000,3.81600,6.50805,0.10450,-0.48854,-0.31254,,,,
372.474,3.00000,4.29300,6.79095,-0.27789,0.07824,-0.46172,,,,
372.580,3.88305,5.07300,8.51400,0.00330,-0.03685,-0.13571,,,,
372.683,2.76105,5.38905,8.33205,0.65849,0.27637,0.00921,,,,
372.790,2.04195,4.10100,9.00300,0.92469,0.59056,0.45980,,,,
372.898,2.76300,5.35395,8.30400,0.45279,-0.12953,1.16284,,,,
373.005,1.69995,4.86000,7.99995,0.84164,0.85910,0.98395,,,,
373.111,2.28900,5.90205,6.82695,1.02589,0.79722,1.05421,,,,
373.215,3.86895,6.73500,6.01995,0.70634,0.66206,0.63772,,,,
373.323,6.31605,4.56105,11.78700,-0.50696,0.30731,-0.29755,,,,
373.446,4.83900,5.21205,5.81400,0.47094,-0.31804,0.41511,,,,
373.552,3.18195,5.57400,6.35505,-0.20226,0.07934,-0.02379,,,,
373.657,3.94095,6.13200,6.25395,-0.19277,-0.10395,-0.15483,,,,
373.763,3.55800,6.53595,7.03995,-0.03712,-0.14974,-0.22839,,,,
373.871,5.29095,5.87505,10.26495,-0.48359,-0.77935,-0.11646,,,,
373.987,2.37495,6.03105,7.13100,-0.24379,-0.36176,0.17861,,,,
374.094,3.10095,5.18100,7.78395,-0.02228,0.15702,0.06036,,,,
374.201,3.41205,5.51595,5.50305,-0.06806,-0.25836,-0.10794,,,,
374.309,3.57900,5.45895,6.88605,-0.37909,-0.34471,-0.16555,,,,
374.415,4.99395,5.11605,9.65400,-1.09711,-0.41717,-0.18576,,,,
374.524,5.44695,4.20705,8.50500,-0.10863,0.03245,-0.52882,,,,
374.632,3.42600,3.97200,5.81895,-0.20336,-0.04744,-0.88770,,,,
374.739,2.82300,4.47495,6.41505,-0.44523,-0.04964,-0.74607,,,,
374.845,3.22305,5.34900,8.70105,-0.12457,0.28696,-0.23898,,,,
374.953,5.16705,6.14805,10.24095,0.27280,-0.45540,0.24255,,,,
375.060,1.71195,5.21205,6.78300,0.32601,0.46393,0.26592,,,,
375.167,3.90705,4.63995,9.86700,0.00330,-0.27858,0.52484,,,,
375.275,2.96205,4.29795,5.74395,0.59139,0.15702,0.28614,,,,
375.382,3.40200,4.51995,5.43300,-0.04675,-0.03685,-0.01636,,,,
375.489,4.44405,4.92300,8.47605,-0.78183,-0.24241,-0.03561,,,,
375.595,6.16005,3.97905,12.90300,-0.65931,-0.04854,-0.32106,,,,
375.703,5.62395,4.27395,6.42900,0.27170,-0.43945,-0.45636,,,,
375.810,3.35700,3.91695,6.27795,-0.22578,-0.16033,-0.86116,,,,
375.916,3.33795,4.54200,7.11105,-0.42914,-0.20625,-0.65134,,,,
376.024,2.84700,5.59800,8.98095,-0.26730,0.15386,-0.30608,,,,
376.131,4.13205,5.95005,9.62805,-0.08828,0.05582,-0.02709,,,,
376.239,2.34600,4.96800,7.48305,0.19291,-0.05486,-0.04620,,,,
376.345,3.00000,4.08900,8.10495,0.15029,-0.08800,-0.17930,,,,
376.449,3.48795,4.62795,5.61705,0.02998,-0.14437,-0.56925,,,,
376.551,1.18005,4.81005,8.03100,0.17050,-0.07617,-0.23691,,,,
376.655,3.23895,6.12705,8.90505,-0.08401,-0.30209,0.29893,,,,
376.761,4.47705,4.70700,11.95005,0.24516,0.28174,0.40865,,,,
376.864,4.52505,4.16805,6.17805,0.56581,0.16665,-0.06215,,,,
376.967,2.53305,4.21905,5.99295,0.38363,0.40521,0.08264,,,,
377.073,2.77695,5.25795,6.20895,-0.05954,0.33921,0.15510,,,,
377.176,3.18900,6.04305,7.76505,0.04166,0.50971,0.27871,,,,
377.279,4.06995,6.65400,9.13905,0.04702,0.43505,0.51411,,,,
377.386,2.10495,6.28005,6.46695,0.25149,0.64707,0.60789,,,,
377.490,3.35895,4.87905,10.05900,-0.17572,-0.23279,0.43849,,,,
377.597,2.32005,4.57995,5.82600,0.33454,0.13571,0.26799,,,,
377.703,2.37795,4.84605,7.14495,-0.17243,-0.16363,-0.08140,,,,
377.811,3.24405,5.14305,8.60295,-0.70400,-0.07617,-0.05899,,,,
377.918,5.21505,3.73005,13.11600,-0.85525,-0.12306,-0.25822,,,,
378.025,4.81500,3.88605,7.55895,0.26647,-0.41607,-0.36259,,,,
378.133,1.91295,3.70905,6.06300,-0.09254,0.07288,-0.72160,,,,
378.240,1.81005,4.53495,6.74505,-0.17572,-0.16363,-0.47341,,,,
378.347,2.21205,5.30100,9.58905,-0.02228,0.23265,-0.13887,,,,
378.455,3.44505,6.02400,10.72905,0.06724,-0.05912,0.12746,,,,
378.563,0.52905,4.66395,7.70295,0.49019,0.26249,0.63030,,,,
378.670,2.46900,3.64905,9.39795,0.55509,-0.27968,1.10426,,,,
378.777,2.71305,4.05600,6.38400,0.80121,-0.09969,0.87313,,,,
378.884,2.57100,4.33800,6.83805,0.14713,0.20391,0.27981,,,,
378.990,3.32295,4.98195,8.13900,-0.78183,0.44151,0.10395,,,,
379.098,4.18005,3.20100,14.03805,-0.44839,0.89842,-0.04840,,,,
379.206,4.85595,4.25700,5.91195,0.69685,-0.44371,0.25204,,,,
379.313,2.33700,4.03905,5.93595,0.03740,0.22412,-0.35200,,,,
379.420,2.60505,4.82895,7.33200,-0.17999,0.01004,-0.30937,,,,
379.534,1.88895,6.04800,9.64905,0.13640,0.09309,0.04015,,,,
379.641,2.47095,5.26305,10.33395,-0.00412,0.25396,0.20845,,,,
379.746,0.33795,4.63305,8.05200,0.18755,-0.13805,1.06700,,,,
379.853,2.76495,3.56295,8.26995,0.74264,0.27005,1.06700,,,,
379.961,3.63900,3.70905,5.71095,0.29301,-0.02722,0.25630,,,,
380.073,4.20405,3.79200,7.74600,-0.40040,0.40851,-0.50641,,,,
380.180,3.74205,2.82795,11.84700,-0.61462,0.71101,-0.79296,,,,
380.286,4.90305,5.20305,6.89595,0.09708,-0.80589,-0.46062,,,,
380.394,2.26695,4.22295,7.45095,0.11839,-0.06765,-0.75570,,,,
380.502,1.72605,4.58505,8.24895,0.08855,0.09419,-0.10904,,,,
380.627,2.11695,5.75595,8.98605,0.39215,0.54478,0.37771,,,,
380.734,3.27495,4.63500,11.40195,0.58713,-0.10079,0.72504,,,,
380.840,2.34900,6.15600,6.87705,0.42831,-0.12100,0.43959,,,,
380.946,2.65005,5.65995,6.98895,-0.23320,-0.15716,-0.42006,,,,
381.053,0.56295,5.74905,8.42100,-0.17572,-0.21367,-0.75776,,,,
381.157,0.51195,7.40100,11.13795,0.80547,0.59482,0.23182,,,,
381.262,1.10100,8.68395,6.79500,0.97914,1.13919,-0.47121,,,,
381.364,-2.37195,5.99805,2.85495,0.59345,2.29721,-0.78017,,,,
381.467,-4.48605,4.82205,3.65895,-0.33440,0.34664,0.65148,,,,
381.573,-0.81495,6.28200,5.49795,-0.71363,-0.34677,1.35149,,,,
381.680,-0.42300,6.34500,4.75800,-1.47524,-0.77825,1.65605,,,,
381.787,2.90205,5.11200,12.67095,-0.62837,-0.24447,0.98395,,,,
381.894,3.25395,6.08400,8.18895,0.23980,0.74195,1.04789,,,,
382.002,4.57305,5.48505,8.17005,0.13214,-0.15510,0.92207,,,,
382.109,4.14195,6.87405,4.76295,0.12898,-0.40109,-0.03135,,,,
382.215,2.08800,3.86895,6.79500,-0.87560,0.13901,-0.85800,,,,
382.323,1.81005,3.98895,7.43895,-0.71679,-0.59716,-0.57667,,,,
382.429,1.53000,4.01295,11.13405,-0.96071,-0.20199,-0.47341,,,,
382.537,3.28500,3.94305,11.49300,-0.90214,-0.52044,-0.30937,,,,
382.645,3.31095,3.01005,8.62200,-0.29287,-0.18164,-0.73975,,,,
382.751,2.38005,2.72505,7.30095,-0.28325,0.44688,-1.02520,,,,
382.857,1.76505,3.67500,6.96105,-0.14369,0.18796,-0.65560,,,,
382.965,1.51095,3.51705,10.47300,-0.22578,0.44151,-0.42652,,,,
383.073,2.01105,3.33000,11.49000,-0.27899,-0.29040,-0.26249,,,,
383.181,-0.45405,2.55495,9.26595,0.08003,-0.16363,0.09226,,,,
383.289,1.12995,1.57500,9.50100,0.10024,-0.26689,0.32134,,,,
383.396,1.16595,2.43000,7.34400,0.39311,-0.11990,0.46296,,,,
383.503,1.12305,2.66700,8.41095,-0.12031,-0.01870,0.12636,,,,
383.609,3.06705,1.86300,10.68600,-0.70936,-0.26153,0.21904,,,,
383.715,4.06995,0.95805,11.36400,0.22055,0.29026,0.08168,,,,
383.823,3.11700,2.29905,6.58500,0.08319,0.11014,-0.53199,,,,
383.934,1.86795,2.95200,6.92505,0.04702,-0.23925,-0.58946,,,,
384.040,2.24595,2.76105,10.50600,0.00756,-0.03149,-0.48084,,,,
384.148,3.34005,3.32295,12.07200,0.43684,-0.10175,-0.14204,,,,
384.255,0.07905,3.39495,8.89500,0.70318,0.32862,0.24255,,,,
384.362,2.35800,2.31300,10.69995,0.03630,-0.21051,0.63126,,,,
384.469,1.96605,2.70105,7.08495,0.85663,0.12829,0.77729,,,,
384.576,2.28900,2.98995,6.86205,0.12471,0.20707,-0.07714,,,,
384.683,3.30600,3.13395,8.70105,-0.61985,0.15812,-0.12292,,,,
384.786,2.93505,0.92895,14.06205,-1.02781,0.68324,-0.42763,,,,
384.893,4.99695,2.86605,8.04300,0.08319,-0.54491,-0.50751,,,,
384.999,1.65195,3.04305,5.93595,0.11192,-0.02186,-0.77371,,,,
385.108,2.23395,3.10995,9.79095,-0.32587,-0.24667,-0.72366,,,,
385.215,1.89600,3.83100,11.36100,0.22811,0.04304,-0.16019,,,,
385.321,1.46295,3.10500,11.83995,-0.00522,0.26895,-0.06325,,,,
385.429,1.76505,2.74095,10.53000,-0.05101,-0.32546,0.32450,,,,
385.535,1.46805,2.33700,7.20000,1.09835,0.00041,0.60473,,,,
385.638,2.75595,3.10305,5.58195,0.27280,-0.24351,0.10821,,,,
385.746,1.29795,3.55500,8.73495,-0.33976,0.25190,0.11577,,,,
385.853,3.25905,3.28695,12.95295,-1.53601,0.15276,-0.28586,,,,
385.960,4.03005,2.73195,10.92795,0.85126,-0.00165,0.23719,,,,
386.068,2.89005,2.88000,6.14205,0.37194,-0.09859,-0.47657,,,,
386.174,1.80105,3.27105,6.79800,-0.28971,-0.10395,-0.67581,,,,
386.278,1.19505,4.06500,7.67595,-0.27692,0.10381,-0.55330,,,,
386.384,2.32005,4.73295,11.72505,-0.14905,-0.40755,0.02310,,,,
386.491,-0.11895,3.98895,8.49000,0.62535,0.46062,0.14658,,,,
386.599,1.65000,2.44005,10.03200,-0.04565,0.05060,0.06559,,,,
386.706,2.09295,3.23700,5.18895,0.78526,-0.21904,0.46516,,,,
386.812,0.40200,3.46695,7.63305,-0.22467,0.11124,0.08057,,,,
386.919,2.97405,4.90800,10.84905,-0.96828,-0.51191,0.47039,,,,
387.026,4.16595,2.40900,14.55000,-0.05954,0.42130,-0.11550,,,,
387.133,3.46695,3.24405,4.98105,0.86611,-0.03891,-0.17834,,,,
387.240,1.18305,3.13395,6.44595,-0.00316,-0.12843,-0.36575,,,,
387.345,0.85500,3.85200,8.30400,-0.35571,-0.16363,-0.17930,,,,
387.451,1.84800,4.48695,11.95695,0.00440,0.25080,0.31061,,,,
387.558,1.35495,3.98595,11.18895,0.12265,0.56086,0.58231,,,,
387.665,1.27905,2.98605,7.71195,-0.15538,-0.01980,0.73150,,,,
387.769,1.61400,2.84400,7.93695,0.54340,0.02819,0.92537,,,,
387.874,2.34900,3.64605,6.86205,0.20350,-0.23073,0.49706,,,,
387.981,3.32295,2.89200,11.37795,-0.33220,-0.13475,0.36286,,,,
388.089,2.60505,1.09905,13.95405,-0.49954,0.65780,-0.30827,,,,
388.197,4.41000,2.13795,7.99500,0.28449,-0.09859,-0.03768,,,,
388.305,1.99200,3.10500,5.75595,0.28352,-0.00385,-0.27198,,,,
388.411,1.82400,3.72795,8.70405,-0.00316,-0.19553,-0.36369,,,,
388.519,2.07300,4.49895,10.54005,0.16418,0.18480,-0.05472,,,,
388.626,2.07600,3.46695,11.13795,0.03204,0.55014,0.14451,,,,
388.734,1.60905,3.41700,9.65595,-0.10010,-0.38307,0.66756,,,,
388.841,1.96605,2.89500,7.07100,0.80217,-0.11454,0.72614,,,,
388.949,2.14995,3.53400,6.09105,0.01389,-0.06242,0.04331,,,,
389.057,1.74300,3.29895,8.29395,-0.58149,0.00151,0.20625,,,,
389.165,4.20405,0.81195,17.30595,-2.00681,0.61408,-0.21670,,,,
389.272,4.58295,3.38295,6.81900,0.29947,-0.40439,-0.09845,,,,
389.377,1.29105,2.80395,7.75095,0.09488,0.34457,-0.69383,,,,
389.483,1.72605,3.34500,7.87995,-0.02860,0.09419,-0.75254,,,,
389.591,0.54795,3.44805,11.86905,0.33784,0.03245,-0.28806,,,,
389.699,0.16995,3.02895,10.46295,0.30044,0.47025,0.18714,,,,
389.806,1.48905,2.98305,9.02895,0.13214,-0.32972,0.56842,,,,
389.913,1.20000,2.71005,6.67800,0.52841,-0.00275,0.56732,,,,
390.019,1.64295,3.14805,7.05600,-0.01375,-0.16363,0.14548,,,,
390.127,2.33400,2.69595,9.96300,-0.82129,-0.05390,0.22440,,,,
390.234,3.45495,1.38405,13.99995,-0.34402,0.13365,0.14877,,,,
390.341,4.82205,2.67705,7.60005,0.72875,-0.11028,-0.01746,,,,
390.449,2.04705,3.19200,4.46100,0.24612,0.37551,-0.66729,,,,
390.554,2.71305,3.19605,9.58005,-0.89265,0.13365,-0.78017,,,,
390.658,2.41800,3.55500,13.40595,0.11303,0.06435,-0.15483,,,,
390.764,0.53400,3.93405,8.83995,0.14176,-0.01237,0.21051,,,,
390.871,1.10895,2.20800,9.13695,0.09281,0.42226,0.13805,,,,
390.978,1.41000,2.30805,5.52600,0.40274,-0.18494,0.07411,,,,
391.085,0.41895,1.99695,8.72505,-0.26936,-0.14754,-0.20818,,,,
391.192,2.73405,1.73595,11.59305,-1.79492,0.34567,-0.10368,,,,
391.299,2.63595,1.15605,11.63205,0.44000,0.05266,0.49706,,,,
391.406,2.88495,2.69805,5.72505,0.45609,-0.10175,-0.41580,,,,
391.513,2.35095,3.17205,6.90105,0.17586,-0.34361,-0.64171,,,,
391.619,1.11600,3.38505,10.33605,0.26647,0.02709,-0.52662,,,,
391.727,2.86605,2.99505,12.65400,-0.13406,-0.37029,0.07948,,,,
391.834,2.52405,3.32805,9.74505,0.33248,-0.44907,0.20199,,,,
391.942,0.91500,2.69100,7.24800,0.55509,0.05692,0.37455,,,,
392.049,1.83900,3.22305,6.25005,0.18439,-0.16252,0.48427,,,,
392.157,3.30405,2.75295,10.50195,-0.54216,-0.52470,-0.02599,,,,
392.264,5.26695,1.84395,13.64505,-1.23874,-0.03891,-0.13461,,,,
392.371,4.86795,3.15795,8.07600,0.33990,-0.26689,0.23292,,,,
392.478,1.23795,2.85195,6.10305,0.27170,0.13049,-0.41154,,,,
392.583,1.71900,3.42105,7.42005,0.05019,0.03988,-0.33921,,,,
392.691,1.97805,4.09695,14.14305,-0.34719,-0.26056,-0.09625,,,,
392.798,2.27505,3.24405,9.79800,0.51563,0.70249,0.34581,,,,
392.904,1.68600,3.25395,8.62200,0.28023,-0.49060,0.91259,,,,
393.010,2.49000,2.44200,7.54995,0.82569,0.00577,0.66756,,,,
393.117,2.76495,3.42105,4.81800,0.23127,-0.22000,0.05280,,,,
393.223,2.10195,3.51195,8.31795,-0.67953,-0.26056,0.08168,,,,
393.331,4.17300,1.75500,15.36705,-1.15363,0.42983,0.01237,,,,
393.438,4.63995,3.71295,6.86205,0.64144,-0.20199,0.06985,,,,
393.546,1.47000,2.71695,6.50805,-0.05528,0.26579,-0.61820,,,,
393.653,2.25300,3.25395,8.25795,-0.41319,-0.03259,-0.42542,,,,
393.761,1.89600,4.11600,11.75100,0.16734,-0.15716,0.08168,,,,
393.879,1.04595,3.77295,10.29300,0.47314,0.50215,0.38624,,,,
393.987,2.72505,2.78505,9.18000,0.16527,-0.14327,0.29040,,,,
394.093,1.84095,2.77005,5.61000,0.85759,-0.16569,0.39380,,,,
394.201,1.08900,3.20595,6.48705,0.03946,-0.05706,-0.05679,,,,
394.308,4.05300,2.75100,10.61400,-1.21330,0.22949,-0.17614,,,,
394.436,3.86700,2.05905,9.55605,0.34416,0.15496,0.05280,,,,
394.543,2.10195,2.72205,5.82300,-0.02860,0.37964,-0.48084,,,,
394.650,1.67595,3.28305,7.26705,-0.06270,-0.21477,-0.57351,,,,
394.758,1.88895,3.40005,13.03695,0.42721,-0.21147,-0.15593,,,,
394.866,3.14400,3.93405,12.57000,0.09281,0.30731,0.17531,,,,
394.974,2.32200,3.92895,9.14400,0.30580,-0.04744,0.30002,,,,
395.078,1.37205,2.84400,6.71895,0.75213,0.04730,0.33193,,,,
395.186,1.52505,3.24900,5.69595,0.12265,0.02599,0.08057,,,,
395.293,2.16900,3.64905,9.52695,-0.40040,-0.03149,0.08594,,,,
395.401,4.31700,2.23605,15.10800,-1.43055,0.27747,-0.59799,,,,
395.508,4.04400,3.56505,8.20305,0.26427,-0.60252,0.23925,,,,
395.615,1.44105,3.35400,6.04605,-0.02544,0.10588,-0.47438,,,,
395.723,1.60395,3.61305,8.08305,-0.32904,-0.03465,-0.62576,,,,
395.830,1.01805,4.36005,12.24000,0.03094,0.08250,-0.15166,,,,
395.938,1.25205,3.63900,11.86395,0.40810,0.60129,0.13062,,,,
396.046,1.69005,3.51000,9.10800,0.02035,-0.41071,0.43532,,,,
396.151,1.17795,2.98605,6.94905,0.81180,-0.13049,0.65574,,,,
396.255,2.52405,3.57900,5.95500,0.05651,-0.11028,0.07095,,,,
396.359,3.15300,3.15300,9.11295,-0.43876,-0.05280,-0.03768,,,,
396.466,3.60795,1.40100,15.03405,-1.50727,0.08140,-0.65876,,,,
396.573,5.19105,2.93100,9.62100,0.15249,-0.44055,-0.49253,,,,
396.679,1.65900,3.31395,5.23695,-0.11921,-0.09543,-0.81318,,,,
396.785,1.94895,3.45000,8.67705,-0.41539,-0.35750,-0.65656,,,,
396.892,2.17395,3.97005,12.39300,0.21106,-0.01127,-0.11646,,,,
397.000,0.88395,2.39400,13.09695,-0.47396,0.77069,0.17531,,,,
397.107,0.33000,2.30595,10.14195,0.17696,0.03025,0.90833,,,,
397.215,2.00895,2.80095,7.26900,0.72132,0.13145,0.70056,,,,
397.321,1.58505,2.96400,6.14895,0.06504,-0.00275,0.28187,,,,
397.425,1.30500,2.95905,10.44900,-0.30140,-0.24874,0.33729,,,,
397.532,3.89295,1.81500,14.91405,-1.07690,0.25932,-0.27198,,,,
397.639,4.12800,2.93100,8.55495,0.96415,-1.02960,0.07837,,,,
397.758,0.91200,2.82300,5.76795,0.79159,-0.37551,-0.13035,,,,
397.865,3.06000,4.76895,6.01200,0.11509,-0.67389,-0.13571,,,,
397.972,3.01905,5.59500,10.63800,-0.41539,0.45320,-0.00357,,,,
398.079,3.30195,3.76095,11.55495,0.51673,-0.61421,0.27651,,,,
398.186,2.33400,2.79600,7.99995,0.53694,-0.03039,0.87739,,,,
398.315,3.54405,3.88095,6.83100,0.25039,0.58630,0.58341,,,,
398.422,5.16705,4.99200,7.62600,-0.17353,0.45856,-0.21670,,,,
398.529,3.47400,4.27395,8.97195,-0.26084,0.13255,-0.86969,,,,
398.635,3.91200,2.08800,10.63305,-0.55811,0.92400,-0.46585,,,,
398.741,5.61900,2.94300,9.47700,-0.36534,-0.45966,0.47575,,,,
398.854,0.91500,2.88495,8.07900,0.69355,-0.16142,0.28614,,,,
398.961,3.71805,4.23495,8.87805,0.63924,0.26469,0.06132,,,,
399.068,3.59595,5.19495,7.96395,0.18233,0.31047,-0.35516,,,,
399.175,1.12500,3.98895,9.24000,-0.54739,0.30937,-0.34018,,,,
399.280,1.82700,3.86895,8.21505,-0.30346,-0.18164,0.32560,,,,
399.387,0.25095,3.21105,6.08400,-0.05638,-0.11784,-0.06105,,,,
399.495,4.16595,4.67100,9.42405,0.31116,-0.21258,0.42364,,,,
399.602,4.46505,4.18005,9.89595,-0.09254,0.44261,0.10395,,,,
399.709,3.14805,2.12100,10.18305,-0.07879,0.67265,-0.31254,,,,
399.816,4.21905,2.39895,8.87805,-0.27692,-0.17421,-0.26455,,,,
399.924,2.20800,3.51705,7.60500,0.59881,-0.52580,-0.41154,,,,
400.031,2.87595,3.83805,10.28400,0.02241,-0.10079,-0.51384,,,,
400.137,1.80495,4.29000,9.28095,0.03204,0.35943,-0.29549,,,,
400.242,1.08000,3.99105,9.70395,-0.10326,0.38926,0.20845,,,,
400.347,1.63500,3.19395,8.90205,-0.37386,-0.03891,0.43216,,,,
400.453,2.17395,3.50505,7.55700,0.42831,-0.09859,0.46090,,,,
400.561,2.55195,3.98205,7.36800,0.07686,-0.12100,0.18494,,,,
400.670,4.06995,4.10400,9.27105,-0.32794,-0.18810,-0.05679,,,,
400.777,5.05905,2.23395,12.50595,-0.60184,-0.04001,-0.18686,,,,
400.883,4.45800,2.53605,8.18595,0.03424,-0.22963,-0.53199,,,,
400.991,1.35795,3.18000,6.70395,0.19181,-0.09969,-0.56292,,,,
401.095,2.94000,4.02495,8.43495,-0.06064,0.05060,-0.31460,,,,
401.202,2.71005,4.14195,10.81500,-0.16184,-0.06985,-0.16335,,,,
401.309,1.65705,2.59095,10.63605,-0.12774,0.21986,-0.03231,,,,
401.416,1.21395,1.00800,8.34000,-0.58795,-0.09323,0.00069,,,,
401.522,1.70205,2.09700,8.00895,-0.15647,-0.00907,0.57915,,,,
401.636,2.95200,3.22995,8.41905,-0.19910,-0.26153,0.33193,,,,
401.742,3.75900,3.13200,9.94095,0.29301,-0.34898,0.07095,,,,
401.849,4.73595,1.60905,12.04305,-0.80204,-0.25094,-0.46172,,,,
401.957,5.43300,1.75005,8.06895,0.57640,-0.30319,-0.29659,,,,
402.065,1.61100,2.38200,6.33795,0.02571,-0.04428,-0.47438,,,,
402.168,2.28195,3.20805,7.56600,-0.46117,-0.02090,-0.26139,,,,
402.271,2.18100,3.60105,8.80905,0.34732,0.06229,-0.11976,,,,
402.377,4.21095,2.86800,13.53000,0.15455,-0.10395,0.25740,,,,
402.481,4.05300,2.98305,10.32705,0.07783,-0.39586,0.50559,,,,
402.586,2.82495,2.62695,6.40305,0.58066,0.01856,0.31171,,,,
402.689,1.34100,3.08400,4.90200,0.09804,-0.22000,-0.01320,,,,
402.791,3.82095,3.95505,11.65800,0.27706,-0.27541,0.33839,,,,
402.893,6.46200,2.28195,14.25600,-0.56774,0.21670,-0.28476,,,,
402.995,4.01295,3.45495,6.24000,-0.01801,0.25726,0.23829,,,,
403.099,3.82605,4.05300,5.16495,-0.11701,-0.24021,-0.41264,,,,
403.202,1.43205,3.40905,10.82505,0.79049,0.01540,-0.58204,,,,
403.306,3.66300,4.22100,12.61095,0.38252,-0.07521,-0.24544,,,,
403.408,3.06195,3.92400,8.93595,-0.14259,0.13681,0.28407,,,,
403.510,2.86095,2.76495,5.91900,-0.28325,0.79090,0.95411,,,,
403.612,2.71800,4.53495,5.50305,0.75749,-0.52360,-0.21766,,,,
403.715,1.24305,6.11205,6.52005,-0.50270,0.46709,0.19030,,,,
403.818,1.50600,4.72395,6.67095,0.97694,-0.01760,-0.40727,,,,
403.920,2.36295,3.85005,12.01995,0.58176,-0.14231,-0.80149,,,,
404.023,2.64600,4.33800,2.74005,1.23475,-0.01237,-1.00279,,,,
404.127,1.34595,5.62905,3.44805,0.11509,-0.51727,-0.85470,,,,
404.230,4.44405,7.30995,9.96300,-1.19721,-0.61738,-0.50641,,,,
404.337,1.87005,5.37705,10.81005,-0.11385,-0.51934,-0.10271,,,,
404.444,3.49800,3.67800,6.47895,-0.00522,0.01004,-0.42226,,,,
404.551,1.54905,4.67100,2.69205,-0.30882,-0.20831,0.17215,,,,
404.659,1.72905,5.70495,9.70905,-1.03537,-0.27761,-0.38280,,,,
404.766,4.81005,5.49195,10.92105,-0.83820,-0.62384,0.06779,,,,
404.873,5.18100,6.06495,7.17105,1.49146,-0.47245,-0.04194,,,,
404.977,4.07700,4.18500,5.74695,0.18123,-0.01870,-1.09010,,,,
405.079,2.06595,3.39300,4.75995,0.31859,0.27321,-0.57131,,,,
405.182,4.88205,6.61500,5.32995,-0.12128,0.13681,-0.14534,,,,
405.285,3.06195,7.66395,6.56100,-0.14905,-0.68984,-0.38926,,,,
405.388,4.77705,5.88000,9.01995,-0.24172,-1.22031,-0.15166,,,,
405.506,2.77305,3.66600,9.30705,-0.70620,0.05266,-0.32216,,,,
405.609,2.58795,4.00800,5.72805,-0.21505,0.76423,-0.02805,,,,
405.711,2.05005,4.47705,6.00795,-0.79997,0.51494,-0.11440,,,,
405.813,3.94095,5.00895,8.66805,-0.65395,-0.30745,0.01774,,,,
405.915,4.98705,4.12995,12.28005,-0.43450,0.12513,-0.28903,,,,
406.018,3.89295,3.37605,9.11805,0.16308,0.02929,-0.94215,,,,
406.122,2.51595,3.36900,5.57700,0.66481,0.04840,-0.89952,,,,
406.224,2.86800,3.93900,6.48705,0.34210,-0.21258,-0.72050,,,,
406.326,2.83995,5.39700,7.93305,-0.34499,0.13997,-0.32739,,,,
406.430,2.28195,3.93105,12.70200,-1.07896,0.51288,-0.20914,,,,
406.533,2.74395,4.07505,9.73800,-0.45581,-0.34787,0.20735,,,,
406.637,1.69500,3.02205,8.05995,0.31226,-0.12416,0.08057,,,,
406.740,1.84395,3.21495,5.61705,0.36547,-0.28820,-0.07810,,,,
406.842,2.24295,3.14400,8.89005,-0.16184,-0.32340,-0.00894,,,,
406.946,6.93105,2.51895,13.70505,-1.61906,-0.58547,-0.16555,,,,
407.048,6.60300,2.80095,9.30195,0.10340,-0.63332,-0.44674,,,,
407.156,2.49000,2.52600,6.09105,-0.31735,0.16349,-0.96772,,,,
407.257,2.47095,2.72700,6.76200,-0.35461,-0.11454,-0.93459,,,,
407.361,1.15200,4.44795,11.26800,0.54024,-0.35530,-0.41058,,,,
407.463,3.81900,4.04595,15.99600,0.10656,-0.24874,0.13379,,,,
407.567,2.78700,3.83595,9.69195,0.85443,-0.08896,0.60473,,,,
407.670,1.65000,2.87595,5.85900,0.51246,0.03135,0.22550,,,,
407.774,2.74095,3.31605,5.44005,0.42089,-0.07728,0.25314,,,,
407.876,2.01795,3.73005,7.94700,-0.11179,0.04098,0.25520,,,,
407.978,4.03395,3.99795,10.19295,-1.74694,0.18686,0.21161,,,,
408.080,5.40405,3.21300,12.64695,-0.09048,0.18686,0.08168,,,,
408.183,2.78505,3.21105,6.17295,0.12898,0.46915,-0.78127,,,,
408.285,2.23395,3.57900,4.96905,0.25891,-0.24667,-0.57557,,,,
408.389,2.08095,4.23300,8.42805,-0.11605,0.05266,-0.48194,,,,
408.491,3.04800,5.74905,12.21795,0.27596,-0.65464,0.35750,,,,
408.595,0.57195,5.22195,8.08095,0.64776,-0.06985,0.07521,,,,
408.698,2.68605,3.27300,10.03500,-0.37056,-0.10821,0.15510,,,,
408.807,2.36100,2.83500,6.13005,0.92263,-0.08896,0.68778,,,,
408.909,2.46405,3.36900,6.04095,-0.19277,0.33811,0.06036,,,,
409.011,3.72105,3.79005,9.87705,-0.43340,-0.11990,0.27225,,,,
409.113,3.13395,1.68300,14.91195,-0.96181,1.46314,-0.01856,,,,
409.216,4.75995,3.73305,5.99595,0.89279,-0.45966,0.58121,31.2517983,75.7045833,0.000,306.75
409.320,2.67705,3.66105,6.72405,0.01719,0.02172,-0.10161,31.2517983,75.7045833,0.000,306.75
409.422,3.70605,4.10595,9.07905,-0.08511,-0.70262,-0.10271,31.2517983,75.7045833,0.000,306.75
409.526,3.52695,3.96195,11.84205,0.26427,0.42446,-0.26029,31.2517983,75.7045833,0.000,306.75
409.628,2.92800,3.17205,11.98800,0.09914,0.64818,0.09969,31.2517983,75.7045833,0.000,306.75
409.731,2.22000,3.69195,7.08000,-0.01265,-0.18920,0.37345,31.2517983,75.7045833,0.000,306.75
409.834,1.26195,3.25095,6.47505,0.23237,0.00371,0.29893,31.2517983,75.7045833,0.000,306.75
409.936,3.29205,4.67400,7.05195,0.12898,-0.34567,0.47039,31.2517983,75.7045833,0.000,306.75
410.038,4.68795,4.89105,10.12095,0.28669,-0.86873,0.16679,31.2517983,75.7045833,0.000,306.75
410.140,4.63005,4.05105,10.44900,-0.43024,-0.63016,-0.31570,31.2517117,75.7045600,0.000,306.75
410.242,3.86700,4.02000,8.39205,-0.11921,-0.33619,-0.07920,31.2517117,75.7045600,0.000,306.75
410.345,2.60505,3.18705,6.94605,-0.33440,0.06971,-0.06215,31.2517117,75.7045600,0.000,306.75
410.460,3.34995,4.31700,6.59400,0.06408,0.00151,0.00179,31.2517117,75.7045600,0.000,306.75
410.562,3.46200,4.62300,10.81500,0.09597,0.71211,-0.10904,31.2517117,75.7045600,0.000,306.75
410.665,6.18900,4.10400,11.99100,-0.89155,-0.04634,0.13915,31.2517117,75.7045600,0.000,306.75
410.767,2.15205,4.21095,7.27695,-0.11275,-0.21051,0.55564,31.2517117,75.7045600,0.000,306.75
410.870,2.28705,2.55000,8.46195,-0.74773,0.24447,0.31171,31.2517117,75.7045600,0.000,306.75
410.972,2.61900,3.92895,6.52995,0.60830,-0.32450,0.34691,31.2517117,75.7045600,0.000,306.75
411.074,1.77405,4.00095,9.45300,-0.09790,0.17944,-0.14534,31.2517117,75.7045600,0.000,306.75
411.177,2.66205,3.84300,8.52405,-0.29824,0.01650,-0.19539,31.2516950,75.7045533,0.000,306.75
411.280,2.45205,1.39305,11.65305,0.05651,0.59166,-0.02379,31.2516950,75.7045533,0.000,306.75
411.382,2.24805,2.83005,7.51605,0.18329,0.42983,-0.30401,31.2516950,75.7045533,0.000,306.75
411.484,1.66395,3.69705,6.21600,0.41979,0.51398,0.03479,31.2516950,75.7045533,0.000,306.75
411.587,1.02495,3.01005,11.04705,-0.16184,0.72916,-0.17407,31.2516950,75.7045533,0.000,306.75
411.690,1.03005,3.40695,9.70200,0.24942,0.54808,0.13599,31.2516950,75.7045533,0.000,306.75
411.793,0.20805,3.18405,10.95405,-0.11275,0.37015,0.38624,31.2516950,75.7045533,0.000,306.75
411.895,1.75500,2.43300,9.94605,-0.48675,-0.38940,0.47039,31.2516950,75.7045533,0.000,306.75
411.998,0.80205,2.87805,8.51895,0.03520,0.33715,0.50875,31.2516950,75.7045533,0.000,306.75
412.114,0.42600,3.48405,9.01695,0.12691,0.17407,0.25850,31.2516950,75.7045533,0.000,306.75
412.216,1.20405,3.09600,11.05200,0.00756,-0.04634,0.08800,31.2517083,75.7045317,1.762,257.46
412.318,1.07505,1.75005,13.08495,-0.67843,0.25726,-0.49789,31.2517083,75.7045317,1.762,257.46
412.420,2.14095,2.50200,8.79000,0.13970,-0.55660,-0.15909,31.2517083,75.7045317,1.762,257.46
412.523,-0.69300,2.44005,8.57895,0.12045,0.50545,-0.60651,31.2517083,75.7045317,1.762,257.46
412.625,0.19905,3.74700,7.68405,0.24516,0.17311,-0.16445,31.2517083,75.7045317,1.762,257.46
412.729,-0.13800,4.66395,9.64395,0.47094,0.07604,0.19662,31.2517083,75.7045317,1.762,257.46
412.832,-0.21705,4.12005,11.38305,-0.19704,-0.34677,0.10079,31.2517083,75.7045317,1.762,257.46
412.935,-0.43005,3.07905,9.76200,-0.56870,-0.07301,0.14135,31.2517083,75.7045317,1.762,257.46
413.038,-0.22905,2.51400,7.98300,-0.21079,0.00467,0.15620,31.2517083,75.7045317,1.762,257.46
413.142,-0.00600,3.32295,8.02800,-0.09254,-0.11248,0.23499,31.2517017,75.7044983,1.573,240.44
413.244,-0.66000,3.78105,9.90795,-0.03286,-0.00907,0.27129,31.2517017,75.7044983,1.573,240.44
413.346,0.73005,3.50505,10.76700,-0.51439,0.04098,-0.00041,31.2517017,75.7044983,1.573,240.44
413.449,0.47400,1.79295,9.20205,0.67870,0.08360,0.51205,31.2517017,75.7044983,1.573,240.44
413.551,1.25700,1.87005,8.11005,-0.36850,-0.09116,-0.44674,31.2517017,75.7044983,1.573,240.44
413.654,0.69195,2.79600,7.32705,0.03946,0.07397,-0.24007,31.2517017,75.7044983,1.573,240.44
413.764,0.51495,3.18900,9.09105,0.08003,0.28490,-0.26249,31.2517017,75.7044983,1.573,240.44
413.866,0.00495,3.98595,10.74300,0.35805,0.14424,0.04111,31.2517017,75.7044983,1.573,240.44
413.969,-0.91095,2.73195,10.17105,0.07150,0.13255,0.31707,31.2517017,75.7044983,1.573,240.44
414.071,0.57195,1.71900,9.64905,-0.06806,0.03988,0.42996,31.2517017,75.7044983,1.573,240.44
414.173,-0.41505,2.37000,6.92700,0.06834,0.01004,0.47795,31.2517217,75.7043933,1.445,210.25
414.276,0.60105,2.69595,8.08605,0.28133,-0.19772,0.43643,31.2517217,75.7043933,1.445,210.25
414.378,1.76505,2.56200,10.91595,0.05761,-0.42240,0.13805,31.2517217,75.7043933,1.445,210.25
414.482,1.81005,0.22800,17.00205,-0.61779,0.19332,-0.51700,31.2517217,75.7043933,1.445,210.25
414.584,3.68700,1.93695,8.82300,0.35269,0.06339,-0.37317,31.2517217,75.7043933,1.445,210.25
414.687,0.98895,2.68395,5.04795,0.23334,0.07714,-0.71417,31.2517217,75.7043933,1.445,210.25
414.789,1.05105,2.95905,9.95100,-0.11495,-0.14231,-0.68324,31.2517217,75.7043933,1.445,210.25
414.891,-0.37005,3.85005,11.35605,0.46984,0.11234,-0.04510,31.2517217,75.7043933,1.445,210.25
414.993,0.88095,2.83695,14.48295,-0.14479,-0.02612,-0.05899,31.2517217,75.7043933,1.445,210.25
415.095,0.68505,2.88705,8.44305,-0.10959,-0.22000,0.30112,31.2517217,75.7043933,1.445,210.25
415.198,-0.14505,2.12895,7.51605,0.08003,-0.02186,0.42460,31.2517217,75.7043617,1.310,226.41
415.300,1.47495,3.10800,6.62805,0.30580,-0.21051,0.47465,31.2517217,75.7043617,1.310,226.41
415.420,-0.04695,3.28500,10.38705,0.02668,0.07508,0.23403,31.2517217,75.7043617,1.310,226.41
415.523,2.61495,0.99600,17.65995,-1.27504,0.30305,0.20625,31.2517217,75.7043617,1.310,226.41
415.625,4.98000,3.20595,7.32000,0.73838,-0.40961,0.53859,31.2517217,75.7043617,1.310,226.41
415.727,1.77195,2.64105,7.22205,-0.18425,0.27005,-0.85470,31.2517217,75.7043617,1.310,226.41
415.829,1.80495,4.16595,6.29295,0.25465,-0.52690,-0.74071,31.2517217,75.7043617,1.310,226.41
415.932,-0.07095,4.61805,10.06305,-0.07452,0.29122,-0.79186,31.2517217,75.7043617,1.310,226.41
416.034,-0.65295,5.59995,9.84600,0.52951,0.02709,0.37675,31.2517217,75.7043617,1.310,226.41
416.136,-1.01895,5.07105,7.75800,0.23127,0.23059,0.44165,31.2517200,75.7043633,1.251,220.17
416.238,0.04095,2.32005,9.63495,-0.13310,0.01746,-0.15909,31.2517200,75.7043633,1.251,220.17
416.341,1.08195,2.93505,6.14700,0.41662,-0.42570,0.06352,31.2517200,75.7043633,1.251,220.17
416.443,0.54600,3.34995,7.82505,0.01292,-0.12526,-0.20391,31.2517200,75.7043633,1.251,220.17
416.546,1.87995,4.05795,11.24895,-0.40466,-0.06132,-0.09941,31.2517200,75.7043633,1.251,220.17
416.648,1.12095,2.65500,12.47400,-0.22247,0.48936,-0.38706,31.2517200,75.7043633,1.251,220.17
416.751,3.46005,3.37095,8.32800,-0.24283,-0.24447,-0.38170,31.2517200,75.7043633,1.251,220.17
416.853,0.91200,3.38295,5.81595,0.35489,-0.11990,-0.31460,31.2517200,75.7043633,1.251,220.17
416.955,0.37605,3.80205,9.03900,-0.20982,-0.05170,-0.48936,31.2517200,75.7043633,1.251,220.17
417.068,0.12900,4.50105,11.63595,0.48056,-0.03039,0.08594,31.2517200,75.7043633,1.251,220.17
417.171,-1.67205,3.68505,10.54695,0.16954,0.84838,0.23609,31.2517100,75.7043683,1.175,211.89
417.276,1.11600,2.83200,8.20605,0.14822,-0.00701,0.41607,31.2517100,75.7043683,1.175,211.89
417.380,0.72105,2.95200,6.10605,0.12691,0.02282,0.33522,31.2517100,75.7043683,1.175,211.89
417.485,0.90495,3.44505,7.42695,0.00220,-0.21147,0.21587,31.2517100,75.7043683,1.175,211.89
417.588,1.95900,3.72795,10.71705,-0.27362,-0.27541,0.24035,31.2517100,75.7043683,1.175,211.89
417.691,1.57800,2.82000,13.13805,-0.92771,0.33921,-0.10161,31.2517100,75.7043683,1.175,211.89
417.794,3.65595,2.85600,10.69995,-0.12128,-0.43312,0.04331,31.2517100,75.7043683,1.175,211.89
417.896,0.53205,3.06195,5.69400,0.15771,0.19649,-0.12499,31.2517100,75.7043683,1.175,211.89
417.999,1.78905,3.34695,8.44500,-0.32051,0.10697,-0.24750,31.2517100,75.7043683,1.175,211.89
418.103,0.50505,3.47400,10.86600,0.62219,0.19003,0.02406,31.2517100,75.7043683,1.175,211.89
418.205,2.26500,3.36600,12.22800,-0.22784,-0.53639,0.44069,31.2517017,75.7043767,0.970,173.72
418.307,0.42600,3.75900,7.40595,-0.34402,0.76643,0.12526,31.2517017,75.7043767,0.970,173.72
418.410,0.13695,1.80300,9.44295,-0.18851,-0.01237,0.00495,31.2517017,75.7043767,0.970,173.72
418.512,0.84795,2.91600,6.54405,0.10024,-0.16033,0.25314,31.2517017,75.7043767,0.970,173.72
418.615,-0.80595,3.19605,10.05600,0.20350,-0.20515,0.16156,31.2517017,75.7043767,0.970,173.72
418.739,1.20405,3.27105,9.65595,-0.25987,0.05486,0.25740,31.2517017,75.7043767,0.970,173.72
418.843,2.06205,2.52105,9.12300,-0.04042,0.09845,0.03369,31.2517017,75.7043767,0.970,173.72
418.946,0.66600,2.15700,7.29300,0.03314,0.39036,-0.31996,31.2517017,75.7043767,0.970,173.72
419.050,1.05405,3.00495,6.45495,0.10450,0.13791,-0.19745,31.2517017,75.7043767,0.970,173.72
419.152,0.96705,3.45000,9.19695,-0.14163,-0.08580,-0.13778,31.2516933,75.7043867,0.962,178.87
419.254,2.05200,3.70395,12.76395,-0.07232,-0.45870,-0.12609,31.2516933,75.7043867,0.962,178.87
419.356,-0.40095,2.70795,10.87995,0.54656,0.52676,0.16899,31.2516933,75.7043867,0.962,178.87
419.459,0.98895,2.06595,9.13500,-0.13626,0.01004,0.02406,31.2516933,75.7043867,0.962,178.87
419.563,0.28995,2.42505,7.07805,0.44536,-0.01237,0.31598,31.2516933,75.7043867,0.962,178.87
419.666,1.31505,3.20400,6.33795,0.20776,-0.24557,0.05816,31.2516933,75.7043867,0.962,178.87
419.769,2.18805,3.07200,9.50595,-0.27899,-0.69616,0.06132,31.2516933,75.7043867,0.962,178.87
419.872,3.40695,1.26900,15.20595,-1.07690,-0.28504,-0.04730,31.2516933,75.7043867,0.962,178.87
419.975,5.26005,2.30595,10.05405,0.41346,-0.45760,0.26482,31.2516933,75.7043867,0.962,178.87
420.078,1.67400,2.80605,5.66295,0.22591,0.29452,-0.35200,31.2516933,75.7043867,0.962,178.87
420.181,1.64295,3.46200,6.65205,-0.19167,-0.27858,-0.55330,31.2516800,75.7043967,0.995,164.87
420.285,1.22805,3.80205,11.17005,0.15249,-0.13805,-0.29122,31.2516800,75.7043967,0.995,164.87
420.387,2.01600,3.66600,11.89305,-0.20982,-0.05170,-0.10271,31.2516800,75.7043967,0.995,164.87
420.488,-0.11595,3.74700,8.45895,0.19071,-0.20295,0.49706,31.2516800,75.7043967,0.995,164.87
420.590,2.01405,2.18805,9.77400,0.08635,0.13145,0.34155,31.2516800,75.7043967,0.995,164.87
420.693,1.75995,3.38295,5.49300,0.44962,-0.27541,0.53006,31.2516800,75.7043967,0.995,164.87
420.795,1.13505,2.69595,8.49300,-0.13833,0.13997,-0.04194,31.2516800,75.7043967,0.995,164.87
420.899,2.73405,3.16995,10.57800,-0.88509,0.01320,0.18714,31.2516800,75.7043967,0.995,164.87
421.001,2.92305,1.16595,13.58100,0.28875,0.62040,0.34155,31.2516800,75.7043967,0.995,164.87
421.103,4.21395,2.58300,7.02000,0.09597,0.16129,-0.14960,31.2516800,75.7043967,0.995,164.87
421.206,1.82400,3.16305,5.20995,-0.10643,-0.03355,-0.44247,31.2516667,75.7044000,0.884,193.63
421.309,2.11395,3.07905,9.42195,-0.32904,-0.12843,-0.49143,31.2516667,75.7044000,0.884,193.63
421.412,1.90305,3.40695,11.47605,0.28779,0.05692,-0.03658,31.2516667,75.7044000,0.884,193.63
421.515,1.79805,2.58105,12.70695,0.10876,0.34141,0.06036,31.2516667,75.7044000,0.884,193.63
421.618,2.21205,2.53800,10.15905,-0.20130,-0.49803,0.44907,31.2516667,75.7044000,0.884,193.63
421.722,1.51095,2.34195,8.37300,0.58809,-0.00481,0.53543,31.2516667,75.7044000,0.884,193.63
421.825,2.00205,2.97105,6.34005,0.52319,-0.25836,0.24887,31.2516667,75.7044000,0.884,193.63
421.930,1.05600,2.90895,7.95195,-0.07452,-0.06022,0.12100,31.2516667,75.7044000,0.884,193.63
422.033,3.83100,2.02605,14.52900,-1.11100,0.29975,0.08910,31.2516667,75.7044000,0.884,193.63
422.134,5.40900,2.51895,10.02000,0.73507,-0.08264,0.63552,31.2516567,75.7043950,0.874,213.89
422.238,2.93295,2.85900,5.98395,0.00536,0.24117,-0.57241,31.2516567,75.7043950,0.874,213.89
422.340,1.78905,2.92305,5.64405,-0.12884,-0.06132,-0.76313,31.2516567,75.7043950,0.874,213.89
422.442,1.70505,3.23700,11.64600,-0.20556,-0.14437,-0.39669,31.2516567,75.7043950,0.874,213.89
422.544,3.16305,4.70700,11.20995,0.14176,-0.20721,0.01664,31.2516567,75.7043950,0.874,213.89
422.647,-0.25005,4.72905,7.85100,0.62439,0.22839,0.23499,31.2516567,75.7043950,0.874,213.89
422.749,1.19700,2.64795,10.91100,0.09171,0.03135,0.24145,31.2516567,75.7043950,0.874,213.89
422.852,1.52505,2.84700,5.00505,0.93431,-0.04744,0.54395,31.2516567,75.7043950,0.874,213.89
422.954,1.51800,3.04305,6.79500,-0.17779,-0.01444,0.05500,31.2516567,75.7043950,0.874,213.89
423.056,3.03405,3.50805,10.14495,-0.46117,-0.02929,0.13915,31.2516567,75.7043950,0.874,213.89
423.159,4.60395,1.22400,16.60395,-0.88082,0.51604,-0.37538,31.2516450,75.7043883,0.991,169.61
423.263,6.05505,2.97795,7.09200,0.84480,-0.24557,-0.00467,31.2516450,75.7043883,0.991,169.61
423.365,2.72895,3.01905,4.41795,-0.07232,0.12829,-1.23722,31.2516450,75.7043883,0.991,169.61
423.468,1.16400,3.49605,7.25700,-0.50160,-0.41181,-1.13699,31.2516450,75.7043883,0.991,169.61
423.571,1.39395,4.46295,12.10305,0.31969,-0.06765,-0.29013,31.2516450,75.7043883,0.991,169.61
423.680,2.03295,4.68795,11.04000,-0.11605,0.14960,-0.27624,31.2516450,75.7043883,0.991,169.61
423.782,0.42405,4.47195,7.68405,0.14066,-0.07191,0.38528,31.2516450,75.7043883,0.991,169.61
423.885,1.35000,2.80605,10.19805,-0.02338,0.16775,0.12004,31.2516450,75.7043883,0.991,169.61
423.988,1.68300,3.18195,6.13005,0.40164,-0.05706,0.05390,31.2516450,75.7043883,0.991,169.61
424.092,0.84795,3.36195,7.06395,-0.05101,-0.12306,-0.21244,31.2516450,75.7043883,0.991,169.61
424.194,2.37495,4.16595,11.04000,-0.15647,-0.03575,0.01664,31.2516283,75.7043950,1.074,185.69
424.297,3.29895,3.00195,14.32500,-0.27899,0.17627,-0.38926,31.2516283,75.7043950,1.074,185.69
424.400,4.04595,3.59400,7.89705,0.24723,-0.06985,-0.39779,31.2516283,75.7043950,1.074,185.69
424.502,1.39095,3.74700,5.04495,0.15455,0.04414,-0.66303,31.2516283,75.7043950,1.074,185.69
424.604,0.66300,3.96195,8.12400,-0.18947,-0.18700,-0.62246,31.2516283,75.7043950,1.074,185.69
424.707,0.70200,4.90095,10.61400,0.09488,0.02599,-0.05046,31.2516283,75.7043950,1.074,185.69
424.810,0.68205,5.02605,10.05600,-0.06916,0.24544,0.24461,31.2516283,75.7043950,1.074,185.69
424.913,0.77295,4.49205,9.65895,-0.00206,-0.35420,0.58974,31.2516283,75.7043950,1.074,185.69
425.016,1.68795,3.07695,8.48805,0.51893,0.40425,0.29576,31.2516283,75.7043950,1.074,185.69
425.118,1.81695,3.45495,4.57605,0.15139,0.00151,0.10505,31.2516133,75.7043867,1.150,187.36
425.220,0.71805,3.71295,7.23105,-0.32587,-0.06765,-0.15702,31.2516133,75.7043867,1.150,187.36
425.330,2.30805,4.81995,12.70695,-0.28009,0.57035,-0.19855,31.2516133,75.7043867,1.150,187.36
425.432,2.85600,3.54300,12.58005,0.08635,-0.00811,-0.24544,31.2516133,75.7043867,1.150,187.36
425.534,3.61095,3.67995,7.26900,0.41552,-0.30745,-0.55536,31.2516133,75.7043867,1.150,187.36
425.636,0.83295,3.61500,4.44900,0.14603,-0.13475,-0.75996,31.2516133,75.7043867,1.150,187.36
425.739,0.34500,4.51305,7.02000,-0.45471,-0.16679,-0.63951,31.2516133,75.7043867,1.150,187.36
425.842,0.04800,5.39895,10.78905,0.11083,-0.02090,0.07631,31.2516133,75.7043867,1.150,187.36
425.945,0.71805,4.73100,11.46900,-0.05844,0.21354,0.14877,31.2516133,75.7043867,1.150,187.36
426.047,0.25095,4.50105,8.95305,-0.01911,-0.14974,0.70689,31.2516133,75.7043867,1.150,187.36
426.149,1.23105,3.58395,8.85405,0.39421,0.16981,0.74002,31.2516033,75.7043850,1.208,171.57
426.252,2.10195,4.01505,6.07200,0.49541,-0.08896,0.36713,31.2516033,75.7043850,1.208,171.57
426.354,0.60795,4.21905,7.46100,-0.14795,0.11550,-0.05362,31.2516033,75.7043850,1.208,171.57
426.456,1.76895,5.19300,8.96895,-0.57200,-0.13379,0.05926,31.2516033,75.7043850,1.208,171.57
426.558,2.52600,2.71305,13.66005,-0.95122,0.71527,-0.17834,31.2516033,75.7043850,1.208,171.57
426.661,4.24005,2.99505,9.70395,0.63718,-0.60252,-0.08663,31.2516033,75.7043850,1.208,171.57
426.763,1.27095,3.10095,6.94605,0.32505,0.15276,-0.53515,31.2516033,75.7043850,1.208,171.57
426.867,0.96000,4.04400,6.36195,0.09488,-0.18920,-0.31996,31.2516033,75.7043850,1.208,171.57
426.970,1.08705,4.58505,9.45495,-0.08937,0.07824,-0.03561,31.2516033,75.7043850,1.208,171.57
427.073,1.56600,5.40405,10.17105,-0.03080,-0.15180,0.25740,31.2516033,75.7043850,1.208,171.57
427.176,1.35495,3.92895,11.84505,-0.11701,-0.05060,0.61751,31.2515933,75.7043767,1.254,151.90
427.278,0.44505,4.23300,8.53605,-0.42818,-0.08154,0.82197,31.2515933,75.7043767,1.254,151.90
427.380,0.76905,3.33000,8.87100,0.27926,0.22523,0.93390,31.2515933,75.7043767,1.254,151.90
427.483,0.14895,3.73695,7.76505,0.07040,0.40631,0.58974,31.2515933,75.7043767,1.254,151.90
427.586,0.60300,3.65595,9.33795,0.26964,0.42336,0.59716,31.2515933,75.7043767,1.254,151.90
427.689,2.03295,3.63000,10.62105,-0.81593,0.36795,0.45237,31.2515933,75.7043767,1.254,151.90
427.793,3.48795,2.16195,12.32100,-0.07659,0.10588,0.82514,31.2515933,75.7043767,1.254,151.90
427.896,2.26500,3.36900,8.84205,0.28779,-0.55454,0.78898,31.2515933,75.7043767,1.254,151.90
427.999,1.59000,3.48600,7.65495,0.34416,0.05912,0.32670,31.2515933,75.7043767,1.254,151.90
428.102,2.52795,4.04595,7.58505,0.35159,0.02502,0.39586,31.2515933,75.7043767,1.254,151.90
428.207,2.38500,4.36905,9.59895,0.36011,0.35943,0.11468,31.2515900,75.7043833,1.207,161.12
428.309,1.82700,5.00205,11.37795,-0.15538,-0.02516,0.23403,31.2515900,75.7043833,1.207,161.12
428.412,0.62295,4.70505,6.84600,0.49761,0.50971,0.54189,31.2515900,75.7043833,1.207,161.12
428.515,0.43800,3.74205,8.64105,-0.03396,0.09212,0.25424,31.2515900,75.7043833,1.207,161.12
428.617,0.43800,3.92400,7.41300,0.60088,0.29026,0.64089,31.2515900,75.7043833,1.207,161.12
428.719,1.15605,4.60395,7.42500,0.47410,0.24874,0.76450,31.2515900,75.7043833,1.207,161.12
428.822,1.27395,5.65800,8.56200,-0.28325,0.39573,0.64089,31.2515900,75.7043833,1.207,161.12
428.924,4.43400,4.92495,12.00795,-1.62662,0.19003,0.19883,31.2515900,75.7043833,1.207,161.12
429.028,3.44805,3.92895,9.59205,0.21203,0.40205,0.51727,,,,
429.131,2.57100,3.48105,7.28100,0.11412,0.25616,-0.46062,31.2515783,75.7043850,1.236,200.91
429.235,1.68300,4.03905,5.16300,0.40067,-0.23815,-0.44894,31.2515783,75.7043850,1.236,200.91
429.338,1.87200,4.47495,10.31700,0.09597,-0.21477,-0.33385,31.2515783,75.7043850,1.236,200.91
429.441,2.18100,6.47205,10.52595,0.00110,0.02392,0.18714,31.2515783,75.7043850,1.236,200.91
429.544,0.94095,5.40600,9.37605,0.28559,-0.07191,0.09020,31.2515783,75.7043850,1.236,200.91
429.647,1.27095,2.73900,7.15695,-0.10326,0.20281,-0.43395,31.2515783,75.7043850,1.236,200.91
429.750,1.27905,3.14400,4.28895,0.43051,-0.52786,0.25424,31.2515783,75.7043850,1.236,200.91
429.851,1.39395,3.85005,8.59605,-0.59331,-0.24241,-0.05472,31.2515783,75.7043850,1.236,200.91
429.953,3.70200,4.71705,11.97900,-0.55591,0.27747,-0.00894,31.2515783,75.7043850,1.236,200.91
430.056,2.80395,2.89695,14.40405,-0.20446,0.49582,-0.56609,31.2515783,75.7043850,1.236,200.91
430.158,4.33395,3.27495,5.97405,0.60830,-0.21794,-0.65230,31.2515600,75.7043833,1.274,183.93
430.261,2.13600,3.33300,4.16205,-0.04895,-0.32024,-0.83339,31.2515600,75.7043833,1.274,183.93
430.363,1.46505,3.92400,8.34195,-0.95865,-0.38830,-0.81427,31.2515600,75.7043833,1.274,183.93
430.467,2.01405,5.42505,12.06300,-0.04139,-0.32230,-0.09735,31.2515600,75.7043833,1.274,183.93
430.573,2.29905,4.59000,11.85900,0.51673,0.12086,-0.07288,31.2515600,75.7043833,1.274,183.93
430.679,2.29395,3.96195,9.69705,-0.24062,-0.44907,0.02200,31.2515600,75.7043833,1.274,183.93
430.782,0.55605,2.90895,6.82695,0.51563,0.29769,0.37345,31.2515600,75.7043833,1.274,183.93
430.884,2.05395,3.87105,5.62905,0.23334,-0.14121,0.25850,31.2515600,75.7043833,1.274,183.93
430.986,1.91295,4.03905,9.05295,-0.40686,-0.15936,0.02626,31.2515600,75.7043833,1.274,183.93
431.089,4.02000,4.06500,12.07695,-1.09395,-0.00907,0.03795,31.2515600,75.7043833,1.274,183.93
431.191,4.27605,3.44295,9.40305,0.22481,0.17627,0.03589,31.2515433,75.7043717,1.382,193.45
431.293,2.47305,3.27795,5.87595,-0.13833,0.32436,-0.80781,31.2515433,75.7043717,1.382,193.45
431.401,0.85005,3.46395,6.23295,-0.06696,-0.30209,-0.81744,31.2515433,75.7043717,1.382,193.45
431.502,1.34100,4.48695,10.41795,0.13214,-0.33083,-0.35516,31.2515433,75.7043717,1.382,193.45
431.605,1.43400,6.20295,10.82505,0.50820,-0.28284,0.12320,31.2515433,75.7043717,1.382,193.45
431.707,-1.38300,4.84800,9.37200,0.11412,0.66632,0.42144,31.2515433,75.7043717,1.382,193.45
431.809,1.43205,2.80605,10.03005,0.30044,-0.01237,1.17673,31.2515433,75.7043717,1.382,193.45
431.913,1.60395,3.54105,6.43905,0.82569,-0.08264,1.12777,31.2515433,75.7043717,1.382,193.45
432.016,1.26900,4.59000,7.28895,0.40274,0.08676,0.22220,31.2515433,75.7043717,1.382,193.45
432.119,2.90400,5.30805,11.59605,-0.09584,-0.03465,0.53653,31.2515267,75.7043717,0.000,193.45
432.223,4.16805,3.33000,11.19795,-1.70115,0.46172,0.29150,31.2515267,75.7043717,0.000,193.45
432.326,5.74605,1.87500,13.41105,0.10134,-0.35750,-0.07810,31.2515267,75.7043717,0.000,193.45
432.429,3.76095,2.33895,6.87900,-0.27156,0.00371,-0.80465,31.2515267,75.7043717,0.000,193.45
432.533,1.94700,2.16195,6.61605,-0.50160,-0.15510,-0.65340,31.2515267,75.7043717,0.000,193.45
432.637,1.36500,2.83695,5.52600,0.06834,-0.38734,-0.25080,31.2515267,75.7043717,0.000,193.45
432.740,2.48295,4.48395,10.81800,-0.28751,-0.44481,-0.07177,31.2515267,75.7043717,0.000,193.45
432.842,1.16100,3.69900,13.06605,-0.19704,0.55440,-0.11756,31.2515267,75.7043717,0.000,193.45
432.946,2.37495,2.55195,10.24305,0.93541,0.23801,0.25850,31.2515267,75.7043717,0.000,193.45
433.052,1.61895,2.44500,8.09505,0.41236,0.31584,0.19030,31.2515267,75.7043717,0.000,193.45
433.157,0.89805,2.60700,6.66795,0.13117,0.00261,0.49926,31.2515200,75.7043467,0.000,193.45
433.259,2.73705,3.43800,9.13905,-0.13736,-0.32024,0.48854,31.2515200,75.7043467,0.000,193.45
433.363,2.86800,3.56700,10.70805,-0.30882,-0.12100,0.14135,31.2515200,75.7043467,0.000,193.45
433.468,3.55095,2.34405,10.61895,-0.29397,0.80905,-0.49789,31.2515200,75.7043467,0.000,193.45
433.572,4.10595,2.45205,8.58405,0.61366,-0.04854,-0.18686,31.2515200,75.7043467,0.000,193.45
433.676,2.54505,3.37800,6.55605,0.34636,-0.12636,-0.58204,31.2515200,75.7043467,0.000,193.45
433.781,1.88895,4.29495,5.48100,0.54972,-0.30841,-0.58630,31.2515200,75.7043467,0.000,193.45
433.885,1.88895,5.42805,7.20495,-0.09254,-0.34251,-0.76945,31.2515200,75.7043467,0.000,193.45
433.989,0.55605,5.72505,9.48600,-0.08085,0.06655,-0.50958,31.2515200,75.7043467,0.000,193.45
434.093,1.48905,6.46005,9.82605,0.09377,-0.42776,0.37249,31.2515200,75.7043467,0.000,193.45
434.196,-0.55200,5.16900,8.14800,0.20460,0.55234,0.55247,31.2515200,75.7043400,0.000,193.45
434.301,0.72105,4.93905,9.22095,0.40384,-0.00591,0.98175,31.2515200,75.7043400,0.000,193.45
434.405,0.19395,4.71195,7.34400,0.27074,0.47671,0.63030,31.2515200,75.7043400,0.000,193.45
434.509,1.16400,5.12400,7.72695,0.09804,0.25932,0.38101,31.2515200,75.7043400,0.000,193.45
434.612,0.90705,5.13600,8.60805,-0.10326,0.20281,0.30209,31.2515200,75.7043400,0.000,193.45
434.717,3.05700,5.73900,10.57800,-0.87340,-0.19443,0.45334,31.2515200,75.7043400,0.000,193.45
434.821,2.39205,4.79595,9.91305,0.44000,0.10697,0.50559,31.2515200,75.7043400,0.000,193.45
434.924,2.69805,5.10705,6.75900,0.34100,-0.09859,-0.03025,31.2515200,75.7043400,0.000,193.45
435.029,0.59595,4.55895,7.08705,0.18549,-0.26909,-0.17504,31.2515200,75.7043400,0.000,193.45
435.132,1.54905,4.17300,8.63205,-0.02008,0.43299,-0.21766,31.2515267,75.7043450,1.424,77.15
435.236,-0.12600,6.19395,8.20995,0.29095,0.42983,0.51727,31.2515267,75.7043450,1.424,77.15
435.339,-0.10905,5.55900,6.70395,-0.17036,1.00719,0.47149,31.2515267,75.7043450,1.424,77.15
435.442,2.02800,4.22805,8.81805,0.04482,0.18480,0.71968,31.2515267,75.7043450,1.424,77.15
435.544,0.62295,5.09295,6.82905,0.22591,0.31680,0.62384,31.2515267,75.7043450,1.424,77.15
435.646,1.60695,5.63100,8.47095,0.18439,-0.01127,0.51301,31.2515267,75.7043450,1.424,77.15
435.749,1.48905,5.59500,7.78200,0.00110,0.15812,0.37029,31.2515267,75.7043450,1.424,77.15
435.853,2.27700,5.29395,8.23200,-0.36630,0.22316,0.50243,31.2515267,75.7043450,1.424,77.15
435.957,2.92800,3.58905,10.26495,0.23760,0.12292,0.36823,31.2515267,75.7043450,1.424,77.15
436.062,3.48405,4.18005,7.55205,0.32175,-0.28078,0.24035,31.2515267,75.7043450,1.424,77.15
436.164,2.27700,4.22100,7.43505,0.25891,-0.03575,0.08168,31.2515367,75.7043550,0.000,77.15
436.266,2.07795,4.27605,7.48305,-0.36630,0.13791,0.06985,31.2515367,75.7043550,0.000,77.15
436.368,2.84700,5.03700,10.21005,-0.11495,-0.00055,0.50243,31.2515367,75.7043550,0.000,77.15
436.471,3.30195,5.33205,10.18995,-0.01375,0.39243,0.66426,31.2515367,75.7043550,0.000,77.15
436.573,1.67805,3.67500,9.68505,0.26111,0.24021,0.35118,31.2515367,75.7043550,0.000,77.15
436.676,1.71705,3.08100,8.81595,0.02241,0.10065,-0.02379,31.2515367,75.7043550,0.000,77.15
436.780,1.74105,3.49995,7.16895,0.08855,0.19855,0.15510,31.2515367,75.7043550,0.000,77.15
436.885,2.42505,3.44295,9.02400,0.11509,-0.27761,0.37675,31.2515367,75.7043550,0.000,77.15
436.989,3.53205,3.32295,9.64905,0.06188,-0.14327,0.30539,31.2515367,75.7043550,0.000,77.15
437.092,4.08900,3.42105,9.11805,-0.08828,0.04098,0.30745,31.2515367,75.7043550,0.000,77.15
437.195,4.09395,3.59595,8.70105,-0.39298,0.19759,-0.15799,31.2515367,75.7043683,0.000,77.15
437.297,2.47995,3.79995,6.25905,0.17270,-0.03891,0.03905,31.2515367,75.7043683,0.000,77.15
437.399,3.42405,4.52505,9.78105,0.18659,-0.34567,-0.06861,31.2515367,75.7043683,0.000,77.15
437.502,1.82895,4.57800,11.30805,-0.10326,0.32216,-0.17724,31.2515367,75.7043683,0.000,77.15
437.606,1.90095,3.99600,8.75100,0.26001,0.08883,0.28297,31.2515367,75.7043683,0.000,77.15
437.711,2.36295,3.94305,8.28000,-0.10010,-0.09323,0.43739,31.2515367,75.7043683,0.000,77.15
437.814,2.22705,3.91005,6.20595,0.10560,0.12086,0.45870,31.2515367,75.7043683,0.000,77.15
437.916,4.06095,4.03395,9.71595,0.23018,-0.09432,0.22124,31.2515367,75.7043683,0.000,77.15
438.019,3.67995,3.61500,9.17295,-0.15331,-0.00481,-0.56389,31.2515367,75.7043683,0.000,77.15
438.122,4.57305,3.16800,8.37795,0.06297,-0.10931,-0.35833,31.2515283,75.7043867,0.000,77.15
438.226,2.69805,3.40005,6.16305,0.09708,-0.20721,-0.31460,31.2515283,75.7043867,0.000,77.15
438.330,3.94305,3.92895,8.48805,-0.05101,-0.60569,-0.32313,31.2515283,75.7043867,0.000,77.15
438.434,2.69100,4.88700,11.20800,0.10024,0.09955,-0.05582,31.2515283,75.7043867,0.000,77.15
438.538,2.10705,4.17300,9.45300,-0.03712,0.39779,0.42996,31.2515283,75.7043867,0.000,77.15
438.640,3.28305,4.83900,8.29695,-0.28641,0.21780,0.50353,31.2515283,75.7043867,0.000,77.15
438.742,3.38805,3.85005,6.30705,-0.00522,0.24654,0.15936,31.2515283,75.7043867,0.000,77.15
438.844,3.19200,3.66105,8.22495,-0.05638,-0.23925,0.02832,31.2515283,75.7043867,0.000,77.15
438.947,4.82700,3.46905,10.41795,-0.35571,-0.25946,-0.34554,31.2515283,75.7043867,0.000,77.15
439.049,3.27795,3.03105,11.43300,-0.81909,0.14534,-0.75570,31.2515283,75.7043867,0.000,77.15
439.151,3.61305,3.08895,7.43205,-0.41223,-0.14864,-0.65340,31.2515167,75.7044100,0.000,77.15
439.254,1.50795,2.67000,6.90600,0.18012,-0.15936,-0.47657,31.2515167,75.7044100,0.000,77.15
439.356,2.98605,3.47595,11.15505,0.40384,-0.31267,-0.02709,31.2515167,75.7044100,0.000,77.15
439.459,2.97795,4.36695,11.56695,0.06078,0.41058,-0.03231,31.2515167,75.7044100,0.000,77.15
439.561,1.24305,3.44505,9.36000,0.37620,0.25822,0.49500,31.2515167,75.7044100,0.000,77.15
439.664,3.22695,3.14100,9.60600,-0.18741,-0.00907,0.43849,31.2515167,75.7044100,0.000,77.15
439.769,2.15505,3.10800,5.73495,0.51356,-0.02296,0.37139,31.2515167,75.7044100,0.000,77.15
439.872,3.49095,3.73005,8.46405,0.02571,-0.19126,0.04648,31.2515167,75.7044100,0.000,77.15
439.975,5.40105,3.66795,10.20705,-0.23430,-0.04001,-0.33591,31.2515167,75.7044100,0.000,77.15
440.078,4.56105,2.92095,10.76700,-0.46750,-0.16459,-0.73439,31.2515167,75.7044100,0.000,77.15
440.182,3.29700,2.88495,7.73205,-0.28119,-0.73769,-0.69383,31.2514933,75.7044350,0.000,77.15
440.286,2.25105,2.67900,7.05900,0.66701,-1.33224,-0.32959,31.2514933,75.7044350,0.000,77.15
440.389,4.43205,4.65000,7.92495,-0.28971,-0.25836,-0.04936,31.2514933,75.7044350,0.000,77.15
440.491,4.37895,5.55000,11.47605,0.08003,0.41704,0.19140,31.2514933,75.7044350,0.000,77.15
440.593,3.94095,4.63305,12.01995,0.43904,0.83132,0.43849,31.2514933,75.7044350,0.000,77.15
440.696,3.51195,3.82095,7.47105,0.50077,0.09735,0.61531,31.2514933,75.7044350,0.000,77.15
440.800,3.48105,3.22005,5.83995,0.50820,0.23059,0.40975,31.2514933,75.7044350,0.000,77.15
440.907,4.57800,3.83100,6.98700,-0.15331,0.15606,-0.01526,31.2514933,75.7044350,0.000,77.15
441.015,5.24295,4.27605,10.56600,-0.59758,-0.11674,-0.15702,31.2514933,75.7044350,0.000,77.15
441.123,3.18000,4.02495,9.50595,-0.12457,-0.07095,-0.31996,31.2514933,75.7044350,0.000,77.15
441.228,3.45000,4.03905,7.07505,-0.05748,-0.56732,-0.18040,31.2514850,75.7044467,0.000,77.15
441.336,1.89600,3.85695,6.87000,0.52415,-0.25094,0.11357,31.2514850,75.7044467,0.000,77.15
441.443,4.27095,5.17200,7.44195,0.46241,0.32106,0.18604,31.2514850,75.7044467,0.000,77.15
441.547,4.94400,6.03105,8.29695,-0.13626,0.42652,0.20515,31.2514850,75.7044467,0.000,77.15
441.654,4.41300,4.61595,10.86795,0.44962,0.10491,0.61105,31.2514850,75.7044467,0.000,77.15
441.760,3.75900,3.84000,8.87805,0.67444,-0.00811,0.87203,31.2514850,75.7044467,0.000,77.15
441.876,2.00205,3.90300,5.44695,-0.01581,1.02204,0.56732,31.2514850,75.7044467,0.000,77.15
441.983,3.15105,4.84395,5.66100,0.71912,0.12622,0.67705,31.2514850,75.7044467,0.000,77.15
442.091,4.57500,5.10705,6.14700,-0.53460,0.25190,-0.09625,31.2514850,75.7044467,0.000,77.15
442.199,4.66200,4.32900,8.78700,-1.42422,-0.03149,-0.48084,31.2514750,75.7044583,0.000,77.15
442.307,2.70600,2.27505,11.82795,-0.62205,0.17091,-0.48194,31.2514750,75.7044583,0.000,77.15
442.431,4.43895,2.70795,7.21200,0.11729,-0.31598,-0.57461,31.2514750,75.7044583,0.000,77.15
442.538,1.45095,2.67405,6.05595,-0.09048,0.15070,-0.80465,31.2514750,75.7044583,0.000,77.15
442.645,2.58300,3.58200,7.55895,-0.46544,0.24764,-0.50215,31.2514750,75.7044583,0.000,77.15
442.753,2.68605,4.48005,11.28900,-0.24709,0.61944,-0.15386,31.2514750,75.7044583,0.000,77.15
442.861,4.70205,4.11300,13.36305,0.10766,0.06229,-0.22302,31.2514750,75.7044583,0.000,77.15
442.972,2.22405,4.05300,6.93705,0.77880,-0.52690,0.11577,31.2514750,75.7044583,0.000,77.15
443.079,1.63500,2.91105,10.14195,0.23018,0.01004,-0.03231,31.2514750,75.7044583,0.000,77.15
443.187,1.94700,3.62205,5.44305,0.55825,0.01966,0.16473,31.2514617,75.7044683,0.000,77.15
443.295,2.93295,3.58395,6.54195,-0.56664,-0.27335,-0.07810,31.2514617,75.7044683,0.000,77.15
443.403,5.58300,3.33000,11.75595,-1.22499,-0.42776,-0.16225,31.2514617,75.7044683,0.000,77.15
443.511,5.36100,2.80800,10.34400,0.30580,-0.17738,-0.35406,31.2514617,75.7044683,0.000,77.15
443.619,3.70395,3.42105,4.88505,-0.15757,-0.28284,-0.97515,31.2514617,75.7044683,0.000,77.15
443.726,2.54505,4.06800,6.30000,-0.36424,-0.51727,-1.16160,31.2514617,75.7044683,0.000,77.15
443.834,1.77705,4.46805,13.21905,0.10560,-0.38514,-0.39449,31.2514617,75.7044683,0.000,77.15
443.942,3.72105,5.57100,10.41300,0.56471,-0.26799,0.30112,31.2514617,75.7044683,0.000,77.15
444.049,1.30005,4.57995,8.82600,0.49858,0.15276,0.69520,31.2514617,75.7044683,0.000,77.15
444.156,2.07795,3.85695,7.87500,0.33564,1.06782,0.76230,31.2514483,75.7044767,0.000,77.15
444.263,0.73500,3.68700,6.86205,0.80121,0.51288,1.08405,31.2514483,75.7044767,0.000,77.15
444.371,2.10495,3.54105,6.91500,0.23664,0.36905,0.71225,31.2514483,75.7044767,0.000,77.15
444.479,5.59305,3.27495,11.89005,-1.09505,0.07508,0.76230,31.2514483,75.7044767,0.000,77.15
444.585,4.28295,2.72895,9.96300,-0.11275,0.46172,0.60899,31.2514483,75.7044767,0.000,77.15
444.693,2.56905,3.83295,6.14700,-0.66357,-0.02612,0.13062,31.2514483,75.7044767,0.000,77.15
444.801,1.85100,3.82095,9.40500,-0.35571,-0.21367,0.00385,31.2514483,75.7044767,0.000,77.15
444.909,2.80800,3.69900,10.96605,0.34953,0.27321,-0.08883,31.2514483,75.7044767,0.000,77.15
445.017,2.31795,4.27395,10.66395,1.07924,0.14424,0.11674,31.2514483,75.7044767,0.000,77.15
445.125,0.89295,4.18305,7.22205,0.62219,0.36479,0.19772,31.2514483,75.7044767,0.000,77.15
445.233,2.86095,3.08895,9.75705,-0.10863,0.41058,0.49706,31.2514483,75.7044767,0.000,77.15
445.339,2.56395,3.46200,5.43105,0.72339,0.17944,0.47369,31.2514483,75.7044767,0.000,77.15
445.444,2.08305,3.79500,6.61095,-0.23526,0.05692,-0.07604,31.2514483,75.7044767,0.000,77.15
445.551,3.81405,4.06095,10.96605,-1.10137,-0.27115,0.12636,31.2514483,75.7044767,0.000,77.15
445.656,4.40295,3.28305,11.99100,-0.09157,0.38926,-0.43711,31.2514483,75.7044767,0.000,77.15
445.762,3.97395,2.91105,6.55395,-0.38445,-0.01334,-1.14029,31.2514483,75.7044767,0.000,77.15
445.868,1.94205,3.08595,5.88105,-0.16500,-0.54175,-0.96662,31.2514483,75.7044767,0.000,77.15
445.973,1.44600,3.86895,9.41505,-0.37593,-0.12100,-0.70881,31.2514483,75.7044767,0.000,77.15
446.081,3.24195,5.22195,11.63895,0.32601,0.22316,0.03162,31.2514483,75.7044767,0.000,77.15
446.189,0.34995,3.85995,8.85195,0.64886,0.45430,-0.08663,,,,
446.294,2.50395,3.40695,9.79500,0.09708,-0.40645,0.27225,,,,
446.402,1.78905,3.22695,6.04800,0.93431,-0.13049,0.54395,,,,
446.510,1.63305,3.08595,5.22195,0.24833,-0.16363,0.17215,,,,
446.614,3.10800,3.94305,9.58695,-0.87656,-0.29246,0.50985,,,,
446.716,3.97005,3.96705,12.50100,-0.59538,0.85594,0.11248,,,,
446.823,5.29800,4.00605,6.30000,0.07260,-0.03781,0.08057,,,,
446.929,1.70505,3.77595,5.27505,-0.32697,-0.04318,-0.48290,,,,
447.032,2.57895,4.21395,9.79305,-0.16294,0.02709,-0.16019,,,,
447.138,4.02195,5.07600,12.21300,1.11224,-0.23499,0.33413,,,,
447.245,1.93200,4.30995,8.83995,0.82033,0.70565,0.16046,,,,
447.352,3.10095,4.05300,9.40695,-0.01691,0.16033,0.40123,,,,
447.460,1.89405,2.92095,5.75205,0.56471,0.96772,0.60789,,,,
447.563,2.84700,3.74205,4.84395,-0.05844,-0.18494,0.14767,,,,
447.669,2.43000,4.32405,8.20800,-0.73384,-0.24557,0.07315,,,,
447.777,3.90495,3.02595,17.20095,-1.39535,0.65670,-0.32216,,,,
447.885,4.76700,4.08000,7.89705,0.28352,-0.43202,-0.35296,,,,
447.992,1.20000,3.04305,7.31295,0.33990,0.11234,-0.72050,,,,
448.095,1.51095,3.52905,7.41300,0.06930,-0.27858,-0.58740,,,,
448.203,1.02705,4.36695,10.48500,0.31006,0.07714,0.07631,,,,
448.310,2.84895,4.15905,12.06705,0.18755,-0.04964,0.26482,,,,
448.416,1.57800,4.35495,7.55400,0.08319,-0.21574,0.61751,,,,
448.523,1.72395,3.78495,7.40100,0.32079,0.10381,0.43959,,,,
448.630,2.67705,4.00095,6.19005,0.28985,-0.08580,-0.02379,,,,
448.737,1.94895,3.73305,9.21795,-0.30140,-0.00907,-0.10904,,,,
448.844,4.75995,3.54600,14.22705,-1.33361,0.12196,-0.21560,,,,
448.951,4.41705,4.15395,8.29905,0.68502,-0.32340,0.28078,,,,
449.067,2.21505,3.57705,7.47105,-0.11701,0.01320,-0.77275,,,,
449.171,2.67000,3.83595,7.07505,0.03204,-0.37881,-0.68324,,,,
449.280,2.28195,4.51800,10.38900,0.04702,-0.14327,-0.55756,,,,
449.387,1.57305,3.79500,10.79100,0.13640,0.51494,-0.50531,,,,
449.494,2.43300,4.86495,8.38995,-0.08828,-0.71968,0.18920,,,,
449.611,1.73805,3.73005,6.91500,0.81180,-0.01554,0.41607,,,,
449.718,1.88205,3.96705,3.59700,-0.13516,-0.17847,0.13172,,,,
449.825,5.48805,3.87600,12.56100,-1.53601,-0.64501,0.06669,,,,
449.932,2.94000,3.44805,14.09100,-0.47176,0.55550,-0.00357,,,,
450.039,3.78795,4.25700,4.93305,0.87037,-0.18590,0.37249,,,,
450.147,1.96800,3.79995,7.85805,-0.41223,0.08250,-0.23581,,,,
450.252,2.02800,3.87405,10.40805,0.18123,0.40947,0.22976,,,,
450.360,2.63595,4.16400,9.97995,0.57007,0.31680,0.59936,,,,
450.467,0.97905,4.12995,7.78695,0.32505,0.29342,1.02657,,,,
450.571,2.23095,3.45495,9.15405,0.35063,0.22633,1.22678,,,,
450.673,3.26295,4.11795,5.06400,0.64350,-0.05596,0.98711,,,,
450.779,2.88795,3.53895,9.15795,-0.29287,-0.03149,-0.03231,,,,
450.886,5.04000,2.60295,13.40595,-1.41034,0.09845,-0.50641,,,,
450.993,5.52600,2.57100,9.68805,0.64666,0.10917,0.04428,,,,
451.099,2.76795,3.58905,4.93005,-0.21189,0.18906,-0.65230,,,,
451.204,1.83405,4.04895,6.83595,-0.37386,-0.11674,-0.64281,,,,
451.310,2.13600,4.69500,10.01295,-0.15868,0.06861,-0.25286,,,,
451.416,3.97395,5.23905,11.71305,0.43574,-0.36272,-0.08883,,,,
451.520,0.78300,4.48905,8.26995,0.56361,0.04304,0.15510,,,,
451.625,2.06595,3.77805,11.05005,0.32601,0.02502,0.68888,,,,
451.729,2.69400,3.83595,5.77800,1.05256,0.15702,0.64831,,,,
451.833,2.12895,3.85500,6.13200,-0.07123,0.19332,0.02200,,,,
451.936,2.08305,4.73295,7.50195,-0.62837,-0.04001,0.04964,,,,
452.040,4.06500,4.91505,13.04205,-1.22072,0.30401,-0.02915,,,,
452.141,4.24500,3.89805,8.94105,0.88000,0.17944,0.07741,,,,
452.244,4.56105,3.39000,7.50195,-0.26840,-0.10079,-1.14661,,,,
452.345,1.35795,3.26100,6.38100,0.09488,-0.19979,-0.87491,,,,
452.448,1.69800,4.17600,7.83900,-0.35778,-0.14658,-0.49362,,,,
452.554,1.96095,5.88300,9.65400,0.07356,-0.38087,0.14135,,,,
452.661,3.19395,5.17605,11.18400,0.22385,-0.18067,-0.01746,,,,
452.769,0.78795,4.93200,6.65400,0.38679,-0.21574,0.28724,,,,
452.875,2.76495,4.36905,11.41395,0.48689,-0.33083,0.63979,,,,
452.983,2.62395,4.51800,6.21105,0.61256,0.20391,0.26799,,,,
453.091,2.42100,4.63305,6.27300,-0.44839,0.37331,-0.41154,,,,
453.196,1.69005,4.57305,8.26500,-0.87450,0.40425,-0.48826,,,,
453.301,3.58695,4.00095,11.29200,-0.43024,0.07397,-0.09309,,,,
453.405,4.67595,3.68700,8.30100,0.38046,-0.45966,-0.10588,,,,
453.509,2.79405,3.40500,8.44500,-0.26194,-0.29040,-0.82486,,,,
453.614,1.84605,3.64905,8.29200,-0.17243,-0.14864,-0.51920,,,,
453.719,1.71405,4.39095,8.90505,0.03314,0.06971,-0.00894,,,,
453.826,2.97795,4.80495,9.83805,0.33358,0.14327,0.16679,,,,
453.933,3.14100,5.10495,8.06700,0.55619,0.15923,-0.03451,,,,
454.047,3.07905,5.14005,9.38595,0.56581,-0.01017,-0.64597,,,,
454.154,1.78395,5.89005,7.00800,0.89279,0.00041,-0.73865,,,,
454.258,-0.41505,6.61995,6.16095,0.20776,0.20281,-0.85580,,,,
454.363,-0.22395,6.89805,6.14400,0.31749,-0.79956,-0.48510,,,,
454.467,0.49800,6.79995,6.40500,-0.09584,-0.63332,-0.98257,,,,
454.579,-0.85605,7.00995,6.41505,-0.46860,-0.55660,-1.11567,,,,
454.682,-0.96900,7.45995,7.31700,-0.53790,-0.21477,-0.83985,,,,
454.786,-0.93000,7.77600,7.35105,-0.06490,-0.25520,-0.37538,,,,
454.890,-1.07400,8.41995,6.15405,0.16308,-0.40961,-0.13035,,,,
454.998,-0.26505,5.98095,7.83900,0.31653,-0.10175,-0.00674,,,,
455.105,1.67100,5.76105,6.11295,0.65202,-0.88151,0.04648,,,,
455.212,-0.41505,4.87695,6.36705,-0.57626,-0.27225,-0.69809,,,,
455.318,-1.03995,6.03600,7.32000,-0.64433,-0.29563,-0.05899,,,,
455.425,-0.45405,6.52395,8.84505,-0.90214,0.35626,0.27019,,,,
455.532,-0.74595,6.02100,9.54900,-0.25657,0.53529,1.27793,,,,
455.639,0.72600,5.15700,10.38900,0.76917,0.33715,1.59431,,,,
455.746,-0.77895,5.20500,9.89295,0.43257,0.55330,1.28535,,,,
455.852,0.04305,5.42505,8.34195,0.58492,0.66729,1.29071,,,,
455.959,0.14895,5.76495,7.25295,0.29947,0.88674,0.75488,,,,
456.066,1.07505,6.19905,7.56195,0.13117,0.55124,0.42886,,,,
456.173,0.91695,6.08100,5.83095,-0.20763,0.36479,0.26276,,,,
456.280,0.95295,6.70095,7.34595,-0.71789,-0.20831,0.30635,,,,
456.387,1.96095,6.10800,10.28100,0.08745,0.05266,0.12320,,,,
456.494,1.73100,5.35095,7.94895,0.18659,-0.04744,-0.06861,,,,
456.601,-0.47805,4.81500,6.59205,-0.01485,0.47877,-0.01952,,,,
456.707,0.10800,5.63400,7.23795,-0.29604,0.37758,0.36823,,,,
456.813,0.81195,6.15795,8.53605,-0.04991,0.54904,0.58121,,,,
456.921,1.64505,6.40905,9.93900,0.48263,0.33811,0.44591,,,,
457.026,1.10400,5.84400,9.33300,0.13640,0.25616,0.53433,,,,
457.133,-0.73200,5.12100,6.63705,0.21959,0.29879,0.69740,,,,
457.240,0.34995,5.32005,9.65400,0.00536,-0.10175,0.71115,,,,
457.346,-0.49905,4.90605,8.23395,0.22385,0.37331,0.36823,,,,
457.450,0.42105,5.08995,8.13600,0.15345,0.23265,0.33522,,,,
457.557,1.02000,5.88495,7.54995,0.08003,0.11976,0.34265,,,,
457.664,2.19795,6.41895,10.47000,-0.30992,-0.01444,0.41291,,,,
457.771,1.87005,5.40600,8.61300,0.71280,0.07397,0.65148,,,,
457.879,2.39205,5.32995,7.70295,0.29095,0.04304,0.02832,,,,
457.986,0.38295,4.78095,6.18705,-0.02434,0.62686,0.20309,,,,
458.093,1.33395,5.63595,8.68395,-0.39187,0.32752,0.73892,,,,
458.200,1.73295,6.15795,8.09295,-0.15111,0.64075,0.86996,,,,
458.306,2.70795,6.45000,8.40405,0.10656,0.36589,0.56732,,,,
458.413,1.95405,6.25605,8.91405,0.11192,0.27747,0.30635,,,,
458.521,0.95805,5.85405,7.70805,0.32395,0.30511,0.41181,,,,
458.627,1.26405,6.00495,7.99695,0.33027,0.17627,0.46186,,,,
458.734,1.41495,5.85900,8.08800,0.31323,0.26785,0.32244,,,,
458.842,0.64695,5.50005,6.99195,0.11619,0.50435,0.29783,,,,
458.950,0.90495,5.90895,6.86700,-0.13516,0.29769,0.50449,,,,
459.057,1.88205,6.28005,7.65300,-0.23856,0.08250,0.49074,,,,
459.165,1.89405,6.10305,8.35200,-0.39298,0.10808,0.21271,,,,
459.273,1.72605,5.68395,7.49895,-0.32478,-0.18920,0.31061,,,,
459.380,1.97100,4.93695,8.25105,-0.11811,-0.25726,0.39586,,,,
459.487,2.36595,5.24100,9.08700,-0.40260,0.32010,0.01127,,,,
459.592,1.95900,4.49400,9.89295,-0.07879,0.36795,-0.16129,,,,
459.700,1.23105,4.09905,8.38995,-0.24172,0.47877,-0.06957,,,,
459.807,1.05405,4.33095,8.29695,-0.30566,0.27211,-0.03768,,,,
459.913,1.36500,4.05600,8.47395,-0.21299,-0.01870,-0.11646,,,,
460.017,1.25205,3.96495,9.02400,-0.34499,0.04524,0.03795,,,,
460.125,1.21605,3.69405,9.36405,-0.29397,-0.04318,-0.20281,,,,
460.229,1.37400,3.46005,9.58005,-0.13736,-0.14548,-0.23581,,,,
460.334,1.52295,3.34995,9.30495,-0.02118,-0.09323,-0.40411,,,,
460.439,0.98205,3.27300,9.13005,-0.10959,-0.09859,-0.46172,,,,
460.547,0.65400,3.36405,9.20205,-0.00316,-0.07837,-0.24654,,,,
460.653,0.71100,3.36900,9.40695,-0.07026,-0.06559,-0.11014,,,,
460.759,0.91005,3.46905,9.25905,-0.02544,0.02929,-0.02599,,,,
460.866,1.07505,3.56700,9.36900,-0.01485,0.01004,-0.00894,,,,
460.973,1.18800,3.49995,9.35205,0.06408,0.06009,-0.00247,,,,
461.080,1.06995,3.34695,9.41700,0.06504,0.07824,-0.02379,,,,
461.187,1.12500,3.36405,9.14205,-0.01155,-0.00275,-0.07288,,,,
461.295,1.04400,3.30405,9.20595,-0.03080,-0.08044,-0.03025,,,,
461.400,0.97500,3.46695,9.19005,0.08209,-0.00907,0.01237,,,,
461.508,1.11105,3.50295,9.35700,0.02241,0.02502,-0.08663,,,,
461.615,1.12095,3.38295,9.23295,0.00646,-0.04318,-0.13145,,,,
461.722,1.23600,3.42105,9.25695,-0.00522,-0.01760,-0.14960,,,,
461.829,1.43700,3.54795,9.35505,-0.04139,-0.06132,-0.17930,,,,
461.935,1.37205,3.54300,9.02895,-0.04139,-0.04318,-0.29122,,,,
462.045,1.33605,3.51000,9.15105,-0.03822,0.00797,-0.37221,,,,
462.153,1.38195,3.66105,9.26595,0.00962,0.01650,-0.40411,,,,
462.262,1.64700,3.59400,9.57495,-0.04675,-0.03355,-0.56609,,,,
462.369,1.36995,3.54600,9.21600,0.05555,-0.07948,-0.67581,,,,
462.478,0.99600,3.53595,8.99100,0.02145,-0.25410,-0.74717,,,,
462.585,0.57705,3.21795,9.66600,0.09914,-0.26909,-0.79502,,,,
462.691,0.40695,3.50295,9.37395,0.05651,-0.33509,-0.73865,,,,
462.799,0.09795,3.63900,8.79195,0.12788,-0.41291,-0.82060,,,,
462.906,0.49095,3.36900,9.63300,-0.15538,-0.51081,-0.95384,,,,
463.013,-0.31695,3.38295,8.39205,-0.16926,-0.29989,-0.93362,,,,
463.120,-0.06600,3.81195,9.15105,-0.36960,-0.36176,-0.83022,,,,
463.228,-0.51105,3.87405,8.90505,-0.27046,-0.21051,-0.60019,,,,
463.335,-0.54000,3.80400,10.23105,-0.17462,-0.34787,-0.18466,,,,
463.443,0.79500,3.27300,11.01900,-0.32904,-0.58011,0.10615,,,,
463.550,-0.02505,2.34405,8.95695,0.74264,0.14850,0.55357,,,,
463.657,1.32600,2.42100,9.49395,0.08745,0.19855,0.05816,,,,
463.764,0.00495,3.19905,8.13405,0.09597,0.33289,0.25946,,,,
463.870,0.33795,3.37095,9.23295,-0.03190,0.17627,0.60252,,,,
463.997,0.63195,3.23505,10.11900,0.23334,0.33495,0.98395,,,,
464.103,0.15105,3.58905,9.27600,0.15881,0.42763,1.08295,,,,
464.208,-0.00600,3.23205,9.67605,0.30470,0.56939,1.18635,,,,
464.312,-0.10395,2.69400,9.43095,0.17806,0.73659,1.11595,,,,
464.416,-0.60900,3.16500,8.65605,0.23870,0.58424,1.26624,,,,
464.521,0.10995,3.35700,9.80505,-0.06490,0.34994,0.99027,,,,
464.623,-0.75105,3.63000,9.07200,0.10986,0.47987,0.84755,,,,
464.727,0.16305,4.00095,8.91405,0.11839,0.36905,0.52154,,,,
464.835,-0.27405,3.91005,9.20595,0.07783,0.19855,0.64735,,,,
464.941,0.22305,4.08900,8.66505,0.11839,0.05692,0.56526,,,,
465.049,0.38595,3.63705,9.09405,0.04702,0.18796,0.42254,,,,
465.156,0.54105,3.78105,8.18400,0.07686,0.16885,0.35214,,,,
465.263,0.46005,3.66105,9.23295,-0.30250,0.16555,0.34471,,,,
465.370,0.51705,3.78300,9.30900,-0.14685,0.09955,0.49706,,,,
465.477,1.00995,3.69405,9.57495,-0.17572,0.07604,0.48537,,,,
465.583,1.10895,3.80700,9.30495,-0.02338,0.10271,0.36286,,,,
465.689,0.79995,3.63405,9.31905,-0.06696,0.09529,0.10395,,,,
465.794,0.64200,3.41895,9.29505,-0.00316,0.15923,0.06669,,,,
465.902,0.55800,3.70200,9.41700,-0.03616,0.06339,0.11357,,,,
466.009,0.34500,3.79005,9.30495,0.09061,0.03671,0.15194,,,,
466.116,0.14100,3.64905,9.21600,0.14176,0.06861,0.09763,,,,
466.222,0.06705,3.49305,9.02400,0.15029,0.03878,0.21161,,,,
466.328,0.14895,3.39705,9.37905,0.02035,0.08883,0.23292,,,,
466.432,-0.18600,3.47400,9.03195,-0.00412,0.13365,0.25424,,,,
466.540,-0.07995,3.69405,8.81805,0.00756,0.10808,0.33619,,,,
466.647,0.44505,3.90000,9.04395,0.22275,-0.17847,0.37029,,,,
466.759,0.38595,3.49800,9.05295,0.00440,0.15606,0.36603,,,,
466.864,-0.18105,3.66300,8.32995,-0.08085,0.12403,0.30319,,,,
466.970,-0.46095,3.29205,8.25600,-0.20556,0.02929,0.35544,,,,
467.077,0.64395,3.49305,11.10300,-0.27692,0.02076,0.24887,,,,
467.184,-0.09495,3.63705,8.88300,0.01719,0.09735,-0.01526,,,,
467.299,-0.68100,2.98095,9.24900,0.05129,0.09309,0.08800,,,,
467.407,1.01805,3.34995,9.70200,0.15771,-0.20295,0.23182,,,,
467.514,-0.19005,3.12000,9.09105,-0.00412,0.04098,-0.01320,,,,
467.621,0.03795,3.21300,9.47895,0.07783,-0.02296,0.11577,,,,
467.728,0.39000,3.44805,9.24900,0.11509,-0.00907,0.00495,,,,
467.834,0.61995,3.65805,9.80505,0.08635,-0.18164,-0.07177,,,,
467.941,0.58695,3.66795,9.38100,0.29618,-0.14231,-0.13351,,,,
468.048,0.41400,3.82800,9.39105,0.46461,-0.50985,-0.40631,,,,
468.154,0.61500,4.03395,8.52600,0.43794,-0.37661,-0.63855,,,,
468.261,1.25895,4.45095,8.28195,0.26427,-0.60885,-0.41484,,,,
468.368,1.76700,4.86300,7.73895,0.20886,-0.38307,-0.13887,,,,
468.475,2.00400,4.93500,8.84205,-0.10643,-0.21904,-0.16129,,,,
468.582,2.04195,4.76700,8.44305,0.01925,-0.21051,-0.16129,,,,
468.689,2.07795,4.89405,8.08605,-0.04469,-0.27858,-0.14534,,,,
468.795,2.40600,5.09295,8.53395,-0.04565,-0.17641,-0.11550,,,,
468.902,2.48805,5.11200,8.44005,-0.07659,-0.11990,-0.13035,,,,
469.009,2.20800,4.69995,8.25300,-0.00632,0.00687,-0.04194,,,,
469.117,2.20500,4.87695,8.22705,-0.09790,-0.00055,0.00069,,,,
469.224,2.46405,4.93905,8.52405,-0.07343,0.00151,0.05074,,,,
469.332,2.35605,4.90095,8.28495,-0.02008,0.01966,-0.02172,,,,
469.438,1.81695,4.65405,8.17005,-0.10010,-0.00385,-0.02915,,,,
469.545,1.97295,4.44405,8.93805,-0.28325,0.16033,0.03589,,,,
469.653,1.48200,4.43700,8.54595,0.06614,0.04208,0.00069,,,,
469.757,2.00205,4.37700,9.11100,-0.28119,0.14327,0.14548,,,,
469.865,2.21505,4.25895,8.89005,-0.08401,0.05692,0.09763,,,,
469.971,1.88400,4.21095,8.88300,-0.08511,0.14327,0.04854,,,,
470.083,1.62105,3.86400,8.79195,-0.06064,0.15812,0.05816,,,,
470.191,1.75005,3.87600,8.90205,0.00756,0.07714,0.00811,,,,
470.298,1.90605,3.95295,9.40695,-0.12348,0.10065,0.04221,,,,
470.405,1.29795,3.97005,8.67000,-0.00206,0.06339,-0.05899,,,,
470.512,1.24005,3.61995,9.05295,-0.11179,0.00687,-0.04194,,,,
470.637,1.53195,3.78300,9.44595,-0.01059,0.11550,0.04964,,,,
470.742,0.85500,3.66795,8.79000,-0.00522,0.01114,0.03259,,,,
470.846,1.29495,3.49995,9.55095,-0.01691,0.11866,0.11248,,,,
470.953,1.41000,3.65100,9.26100,0.00756,0.08883,0.16363,,,,
471.060,1.11600,3.64905,9.02400,-0.02118,0.06119,0.17009,,,,
471.179,1.42200,3.53205,9.19200,0.05651,0.02819,0.18920,,,,
471.285,1.74300,3.53400,8.99100,0.13007,0.01320,0.18384,,,,
471.392,1.54395,3.61305,8.34405,-0.05638,0.06545,0.03369,,,,
471.499,1.09905,3.48405,9.51300,-0.38445,0.02282,0.03162,,,,
471.607,1.33095,3.27795,9.45795,0.07686,0.08676,0.15730,,,,
471.714,0.85500,3.35400,9.15105,-0.03286,0.22096,0.20309,,,,
471.820,0.86700,3.21795,9.32805,0.03094,0.25616,0.19140,,,,
471.927,0.65400,3.07905,9.25695,-0.03190,0.15702,0.33413,,,,
472.035,0.44295,3.03405,9.14400,-0.07879,0.16239,0.37565,,,,
472.142,0.57900,3.01395,9.70200,-0.18425,0.05156,0.41401,,,,
472.246,0.95295,2.96205,9.92505,0.01182,0.10808,0.44811,,,,
472.350,0.94605,2.86800,9.43095,0.03424,0.08250,0.42790,,,,
472.457,1.68795,3.33000,9.44295,0.13544,-0.02296,0.31061,,,,
472.561,1.42695,3.06900,9.41505,0.09061,-0.00591,0.02516,,,,
472.665,1.36995,3.13395,9.39105,-0.03712,0.00261,-0.13681,,,,
472.768,1.37400,3.38295,9.20595,0.08951,-0.17531,-0.13461,,,,
472.871,1.09695,3.50295,9.05295,0.07466,-0.14548,-0.26991,,,,
472.977,0.97200,3.50505,9.35205,0.03740,-0.25300,-0.28476,,,,
473.083,0.97695,3.50505,9.54900,-0.01485,0.06545,-0.28380,,,,
473.187,0.89805,3.64200,9.27795,-0.13090,0.33495,-0.28806,,,,
473.289,0.90495,3.51195,9.84300,0.01925,0.38610,-0.27734,,,,
473.398,0.55800,3.01395,9.48195,-0.05321,0.32862,-0.34444,,,,
473.503,-0.26505,2.46795,9.30195,0.26221,0.25932,-0.19539,,,,
473.606,-0.11595,2.62200,8.23695,0.20680,0.14644,0.04538,,,,
473.709,0.17505,3.26295,8.19105,-0.09680,-0.28504,0.12856,,,,
473.812,0.40995,3.78495,8.63895,-0.19910,-0.13475,0.15194,,,,
473.919,0.13200,3.81600,10.63305,-0.59538,0.14754,0.47795,,,,
474.027,0.57705,4.15605,10.44705,0.02035,0.22633,0.78361,,,,
474.134,0.68700,2.36595,10.27200,0.73618,0.26249,0.88701,,,,
474.241,0.25395,2.90700,7.65300,0.14286,0.09212,0.65684,,,,
474.348,-0.13800,2.63805,8.00205,0.03424,0.16885,0.68888,,,,
474.456,-0.01605,3.22695,9.35505,-0.61133,0.02282,0.76973,,,,
474.563,0.83295,3.46200,10.97595,-0.33646,0.10917,0.61421,,,,
474.671,0.70605,3.75195,9.65400,-0.08511,0.38294,0.29260,,,,
474.780,0.52005,2.95695,10.45605,0.02778,0.20281,0.13283,,,,
474.888,0.36405,2.86395,9.07005,0.39737,0.05802,0.20419,,,,
474.996,0.42405,2.82300,9.35700,0.22907,0.03561,0.03259,,,,
475.104,0.47700,2.82300,9.23505,0.12581,-0.03259,-0.03768,,,,
475.212,0.35700,3.22005,8.73705,-0.01581,-0.15290,0.02406,,,,
475.319,0.50505,3.35700,9.45300,-0.04042,-0.14121,0.02942,,,,
475.426,0.75705,3.54600,9.77895,0.01389,-0.06022,-0.05362,,,,
475.533,0.41400,3.54105,9.56805,-0.00096,-0.01237,-0.22412,,,,
475.640,0.38595,3.41205,9.42705,0.08745,0.01856,-0.18150,,,,
475.745,0.50505,3.53205,9.81195,0.27170,-0.14548,-0.07810,,,,
475.846,0.73305,3.65595,9.42405,0.33784,0.07508,-0.14108,,,,
475.950,0.12900,3.90000,8.13900,0.28133,0.22949,-0.22302,,,,
476.053,-0.25695,4.14900,8.80695,-0.01485,0.18796,-0.15483,,,,
476.162,-0.05400,4.26405,8.56005,0.00866,0.09845,-0.06957,,,,
476.268,-0.13800,4.13505,8.31105,-0.26620,0.20281,-0.17834,,,,
476.374,-0.84405,3.69195,9.58200,-0.41539,0.13365,-0.19429,,,,
476.479,-1.00695,3.63705,9.31200,-0.13200,-0.00385,-0.05362,,,,
476.585,-0.97800,3.53595,9.30195,-0.05844,-0.02090,0.02942,,,,
476.688,-0.79095,3.45000,9.32400,-0.06270,-0.01870,0.08168,,,,
476.792,-0.75795,3.51495,9.16800,-0.01155,0.03025,0.09763,,,,
476.900,-0.95400,3.26100,9.29700,-0.04042,-0.01760,0.10821,,,,
477.007,-0.84405,3.21495,9.73995,0.05129,-0.08800,0.32340,,,,
477.115,-0.55005,3.60795,9.14595,0.08319,0.03671,0.25204,,,,
477.223,-0.47505,3.56295,9.45300,0.04592,0.04524,0.22550,,,,
477.328,-0.51105,3.70395,9.15405,0.03314,0.00687,0.17435,,,,
477.433,-0.49905,3.66105,9.13200,0.11839,0.03451,0.15194,,,,
477.539,-0.41295,3.76605,9.09600,0.06614,0.00894,0.06669,,,,
477.647,-0.46095,3.79500,9.37905,-0.05418,-0.03685,-0.02915,,,,
477.753,-0.36000,3.89805,9.29505,0.08539,0.05912,-0.01746,,,,
477.860,-0.35595,3.81195,9.00000,0.03850,0.02819,-0.00894,,,,
477.967,-0.01605,3.73995,9.16995,-0.09254,-0.10395,0.06889,,,,
478.073,0.27495,3.60105,9.43395,-0.03932,-0.16459,-0.01320,,,,
478.179,0.65595,3.60600,8.98395,0.12361,-0.04428,-0.03231,,,,
478.286,0.97200,3.85200,8.65605,0.07150,-0.15180,-0.21876,,,,
478.394,1.06605,4.09200,9.21405,0.03520,-0.25410,-0.15909,,,,
478.500,0.48405,4.43895,9.42900,0.00646,0.02709,0.15510,,,,
478.608,0.40500,4.15905,8.95305,0.06078,0.26043,0.13805,,,,
478.715,0.70200,3.86400,9.12300,-0.23210,0.16129,0.15084,,,,
478.821,0.09795,4.06305,9.11100,0.03630,0.13049,0.31598,,,,
478.934,-0.00405,3.64395,9.04395,0.09061,0.12622,0.49170,,,,
479.041,-0.02505,3.85995,8.45205,-0.14369,0.17834,0.32560,,,,
479.148,-0.54000,3.02400,9.18705,-0.54312,0.19855,0.52057,,,,
479.254,-0.36300,2.72895,10.00605,-0.44192,0.14754,0.59936,,,,
479.362,-0.32895,3.34995,9.60405,0.26647,0.08250,0.28834,,,,
479.490,-0.20505,2.97405,9.99405,0.07150,0.08676,0.18810,,,,
479.597,-0.17400,3.61095,9.11100,0.42295,0.08250,0.19140,,,,
479.705,-0.40395,4.11105,8.70105,0.34953,0.24338,0.14974,,,,
479.812,-0.69300,4.35000,8.40405,0.73081,-0.18067,-0.20818,,,,
479.919,-0.59295,4.41495,9.16605,-0.22578,0.13255,0.02406,,,,
480.029,-0.31005,4.53000,8.77800,0.18329,-0.15606,-0.01952,,,,
480.135,-0.33195,4.43400,9.20400,-0.30676,-0.13585,-0.16019,,,,
480.243,-0.75300,4.56795,8.73705,0.04592,-0.12100,0.03685,,,,
480.351,-0.57795,4.52295,9.37605,-0.01265,-0.03259,0.06463,,,,
480.458,-0.34800,4.46805,9.07500,0.04056,-0.07411,0.08690,,,,
480.585,0.51000,4.54905,8.99595,-0.21615,-0.15936,0.33413,,,,
480.691,-0.01995,4.29495,8.80695,-0.32904,0.06971,0.08484,,,,
480.799,-0.69300,3.62505,9.33300,-0.64762,0.69823,0.05926,,,,
480.905,-0.56895,2.95200,9.85800,-0.33646,0.28490,0.13709,,,,
481.013,-0.72195,3.28500,8.73000,0.08855,0.21354,0.13805,,,,
481.143,-0.72900,3.34005,8.96895,0.12691,-0.17531,0.06352,,,,
481.250,-0.36300,3.35895,8.56005,0.22907,-0.56622,0.01774,,,,
481.357,0.70395,3.59100,11.42595,0.49019,0.13571,-0.15166,,,,
481.463,-0.15000,4.21905,9.03600,0.17160,0.49266,0.10725,,,,
481.571,-0.46305,4.14705,9.01005,-0.01691,0.22949,0.11151,,,,
481.681,-0.35595,4.03695,9.01005,0.03094,0.09845,0.11894,,,,
481.789,-0.52800,4.03005,9.31905,-0.08085,0.21134,0.12746,,,,
481.896,-0.58500,4.13700,8.77095,-0.07975,0.11440,0.08484,,,,
482.002,-0.81300,3.93405,8.94495,-0.08195,0.05376,0.04015,,,,
482.109,-1.17900,3.85500,9.07905,-0.17779,0.03561,0.05500,,,,
482.216,-0.63600,3.85005,9.16800,-0.03712,0.04208,0.00811,,,,
482.323,-0.70005,3.65805,9.09105,-0.10863,-0.00165,-0.02489,,,,
482.431,-0.70800,3.63195,9.25695,-0.09790,-0.04964,0.00701,,,,
482.539,-0.77505,3.63405,9.22095,0.10024,-0.15290,0.05706,,,,
482.646,-0.38400,3.69405,9.29505,0.01719,0.01540,0.07411,,,,
482.753,-0.06600,3.61095,9.20895,0.03094,0.07824,0.10615,,,,
482.859,-0.31005,3.72795,9.05295,-0.08621,0.03988,0.07205,,,,
482.961,-0.35100,3.61995,9.08205,0.07260,-0.00275,0.05074,,,,
483.062,-0.31995,3.58905,9.26400,0.00646,0.05692,0.01554,,,,
483.163,-0.48000,3.77100,9.11295,0.01072,0.04634,-0.01526,,,,
483.265,-0.50205,3.73305,9.03405,-0.00632,0.05266,-0.01526,,,,
483.368,-0.54705,3.82095,9.43395,-0.11495,0.08030,-0.02282,,,,
483.470,-0.67395,3.67800,9.22500,0.03314,-0.01664,-0.00674,,,,
483.572,-0.54705,3.70905,9.20205,0.02778,-0.01554,-0.01430,,,,
483.677,-0.56895,3.70905,9.15600,-0.00632,0.00894,-0.01100,,,,
483.779,-0.60000,3.68205,9.14400,-0.01581,-0.00165,-0.01636,,,,
483.881,-0.50595,3.79695,9.00000,0.02241,-0.01980,-0.05679,,,,
483.984,-0.37005,3.70605,9.12495,-0.02544,-0.05816,-0.01430,,,,
484.091,-0.27195,3.61800,9.08895,0.00330,-0.05486,-0.05582,,,,
484.198,-0.41805,3.67800,9.12300,-0.02228,-0.02406,-0.07604,,,,
484.305,-0.45405,3.66600,9.26595,-0.03190,-0.01127,-0.06009,,,,
484.411,-0.40800,3.59595,9.20595,-0.02434,-0.02516,-0.03135,,,,
484.519,-0.44700,3.53895,9.07200,-0.05748,-0.04001,-0.01952,,,,
484.626,-0.45600,3.49095,9.21600,-0.03286,-0.04428,0.01664,,,,
484.734,-0.31500,3.46905,9.36705,-0.04991,-0.02296,0.03369,,,,
484.839,-0.36000,3.49605,9.32805,-0.00522,-0.00907,0.03479,,,,
484.947,-0.27705,3.34695,9.34005,0.00866,0.05486,0.00811,,,,
485.054,-0.24105,3.37395,9.36195,0.04056,-0.03149,0.05280,,,,
485.161,-0.26505,3.40500,9.36705,0.07892,-0.01444,0.01664,,,,
485.269,-0.34395,3.42900,9.26400,0.07356,0.01224,0.01554,,,,
485.376,-0.32505,3.46695,9.13695,0.03740,0.01650,-0.00041,,,,
485.483,-0.33195,3.41400,9.30000,-0.12980,-0.00591,0.00179,,,,
485.591,-0.30300,3.55095,9.39300,-0.00522,0.03561,0.02942,,,,
485.698,-0.13305,3.43305,9.19695,0.01389,0.03671,0.00605,,,,
485.805,-0.15900,3.49605,9.19395,-0.03616,0.00467,-0.02709,,,,
485.911,-0.32205,3.53895,9.34800,-0.02970,-0.01980,-0.03658,,,,
486.018,-0.25995,3.50505,9.17295,-0.01375,0.00041,-0.03341,,,,
486.127,-0.27195,3.45495,9.33300,-0.04785,-0.02832,-0.03561,,,,
486.232,-0.27900,3.40905,9.36000,-0.00096,-0.00275,-0.00151,,,,
486.349,-0.34800,3.40005,9.31905,0.00220,-0.00165,0.01457,,,,
486.462,-0.31995,3.34695,9.23700,0.02668,-0.00275,0.01884,,,,
486.579,-0.27900,3.33300,9.31395,-0.02654,0.00577,0.02200,,,,
486.680,-0.29100,3.40200,9.24900,0.02888,0.01746,0.02626,,,,
486.782,-0.27900,3.39300,9.33105,0.01182,0.00151,0.01980,,,,
486.884,-0.27195,3.40200,9.32400,-0.00412,0.01114,0.00921,,,,
486.987,-0.24105,3.39300,9.22995,-0.02118,0.03245,0.00385,,,,
487.094,-0.26505,3.38100,9.24900,-0.01485,0.00371,0.00275,,,,
487.201,-0.31995,3.36900,9.29700,-0.02544,0.01966,-0.02172,,,,
487.309,-0.42000,3.27300,9.48405,0.00220,-0.01760,-0.01526,,,,
487.417,-0.31500,3.29895,9.18000,0.11509,-0.01870,-0.00674,,,,
487.524,-0.46800,3.23505,9.91695,-0.13406,0.07397,0.02310,,,,
487.640,-0.37200,3.30600,9.33600,0.03094,0.02819,0.00069,,,,
487.743,-0.37995,3.27495,9.26100,0.08209,0.03135,-0.00577,,,,
487.846,-0.45105,3.37800,9.34800,0.01719,0.01540,0.02736,,,,
487.948,-0.37500,3.41895,9.43605,0.06930,-0.08470,0.02736,,,,
488.050,-0.28395,3.57195,9.19005,0.10766,-0.04744,0.04428,,,,
488.153,-0.26505,3.52005,9.16800,0.08635,-0.07728,-0.03878,,,,
488.260,-0.19500,3.43800,9.51795,-0.06916,-0.00055,-0.02172,,,,
488.371,-0.42000,3.80700,9.11100,0.03204,0.14534,-0.00577,,,,
488.488,-0.41505,3.90705,9.11805,0.01719,0.09529,-0.02915,,,,
488.592,-0.49005,3.80205,9.24900,0.06504,0.09212,-0.02709,,,,
488.692,-0.69105,3.89295,9.18195,-0.04469,0.10381,-0.03341,,,,
488.794,-0.61695,3.78495,9.48600,-0.14163,-0.13049,0.01664,,,,
488.897,-0.33600,3.66795,9.32100,0.04592,-0.03465,0.01127,,,,
488.999,-0.43905,3.79995,9.34500,0.01499,-0.00055,0.00069,,,,
489.102,-0.47805,3.80400,8.84505,0.07150,0.03025,0.00069,,,,
489.218,-0.60495,3.79695,9.26400,-0.00206,0.03245,0.02516,,,,
489.330,-0.54705,3.93405,9.24195,0.05019,0.01320,-0.02062,,,,
489.433,-0.62595,3.84495,9.08400,-0.03822,-0.02832,-0.01004,,,,
489.535,-0.46800,3.90300,8.89995,-0.01581,-0.15290,0.03589,,,,
489.637,-0.61695,3.76095,9.02205,-0.02654,-0.03039,0.01347,,,,
489.739,-0.51600,3.79500,9.19905,-0.03190,-0.00701,0.04648,,,,
489.846,-0.51405,3.75705,9.19905,0.02035,0.00371,0.02310,,,,
489.954,-0.48495,3.70605,9.20595,-0.00206,0.05912,0.03162,,,,
490.064,-0.54705,3.73305,9.06495,-0.06174,0.03355,0.01031,,,,
490.171,-0.49905,3.74205,9.23295,-0.04469,0.01856,0.03162,,,,
490.279,-0.63300,3.79200,9.08205,-0.00096,0.02076,0.00701,,,,
490.386,-0.59295,3.72795,9.23295,0.01719,-0.01127,0.00495,,,,
490.493,-0.64095,3.69900,9.14895,-0.00742,-0.00907,0.00179,,,,
490.605,-0.74805,3.66600,9.65400,-0.05844,-0.06132,0.00495,,,,
490.711,-0.64995,3.78105,9.25695,-0.03190,-0.03259,-0.10477,,,,
490.818,-0.90900,3.73305,9.08700,-0.00742,-0.01664,-0.09199,,,,
490.925,-0.99495,3.83100,9.13695,-0.04249,-0.05706,-0.08236,,,,
491.032,-0.69105,3.76605,9.38400,-0.02544,-0.09323,-0.06957,,,,
491.151,-0.67905,3.68505,9.24195,0.04276,-0.03891,-0.07494,,,,
491.255,-0.55905,3.45705,9.57300,0.01292,-0.06242,-0.04304,,,,
491.357,0.16500,3.38805,9.50100,0.10656,-0.21794,0.04538,,,,
491.459,0.60300,3.61095,8.51895,0.22907,0.01004,-0.07604,,,,
491.561,0.18195,3.65805,8.60505,-0.09680,0.13997,-0.27101,,,,
491.663,0.64200,3.75705,9.14595,-0.35035,0.01320,-0.28160,,,,
491.765,0.35895,4.04895,9.25695,-0.25341,-0.25204,-0.17504,,,,
491.867,-0.16395,3.60105,9.36000,-0.08195,-0.19236,-0.04304,,,,
491.969,-0.21900,3.69000,9.24495,-0.12774,-0.00907,-0.01430,,,,
492.071,-0.26895,3.63900,9.21600,-0.05211,0.00371,0.12100,,,,
492.173,-0.43005,3.54300,9.99900,-0.01691,0.10381,0.19456,,,,
492.275,-0.37500,3.63000,9.22800,0.30896,0.12719,0.33096,,,,
492.378,-0.17100,2.95005,8.66505,0.31653,-0.10601,0.38624,,,,
492.485,-0.60195,3.20400,7.73205,0.11839,0.02709,0.42680,,,,
492.592,0.48900,2.98605,10.54905,-0.61669,-0.31694,0.14974,,,,
492.699,0.37095,3.63900,8.78505,-0.13942,-0.16142,0.05816,,,,
492.812,0.94605,3.46395,9.59895,-0.15868,-0.23815,-0.35296,,,,
492.918,0.13200,2.83500,10.22100,-0.08305,-0.19553,-0.50958,,,,
493.025,1.36005,2.77305,9.62505,0.23127,-0.22852,-0.40631,,,,
493.132,2.33895,2.31495,9.69495,0.44330,-0.10711,-0.58630,,,,
493.239,1.53000,2.96400,8.05200,0.12691,0.01114,-0.69066,,,,
493.372,1.10100,4.31205,8.49000,0.21959,-0.19346,-0.27417,,,,
493.479,1.25895,4.84605,9.58200,0.41346,-0.24447,-0.05472,,,,
493.586,1.25505,5.08800,8.47395,0.82679,-0.10931,-0.03988,,,,
493.691,0.67305,5.51595,8.47395,0.44536,0.06119,-0.16981,,,,
493.796,-0.11400,5.21700,6.78795,0.18549,0.28380,-0.04414,,,,
493.927,0.12195,5.59995,8.26800,0.00110,0.01320,0.25204,,,,
494.034,2.15505,5.62395,8.96505,-0.34609,-0.33289,-0.25286,,,,
494.141,0.57705,5.42805,7.88505,-0.17146,-0.06132,-0.55866,,,,
494.249,0.56505,4.88895,8.72505,-0.34829,-0.37551,-0.73219,,,,
494.356,1.98705,4.03395,9.19005,-0.66674,-0.33083,-0.76313,,,,
494.464,1.49400,3.90705,7.72200,-0.16074,-0.42776,-0.73755,,,,
494.570,-0.15000,3.42405,9.25200,-0.27692,-0.25094,-0.39132,,,,
494.677,1.25895,4.24005,9.65895,-0.12664,0.05486,-0.26249,,,,
494.783,1.16805,4.16100,9.40305,0.05555,-0.26153,-0.12719,,,,
494.890,1.53195,3.55095,9.06000,0.00866,-0.07837,-0.07494,,,,
494.997,1.24305,3.76395,9.12000,-0.24915,-0.06242,-0.20914,,,,
495.106,0.97695,3.77805,9.40500,-0.08195,-0.09543,-0.14108,,,,
495.227,1.74300,3.85500,8.86605,0.10134,-0.15180,0.04111,,,,
495.337,1.40805,3.70905,9.16305,-0.00522,-0.11248,-0.02379,,,,
495.447,1.10100,3.56700,9.17295,0.08209,0.06655,-0.00151,,,,
495.549,0.97500,4.01505,8.83005,0.23334,0.29342,-0.09309,,,,
495.653,0.51195,4.04595,9.36900,-0.03932,0.34347,0.01237,,,,
495.757,1.18500,4.20195,8.87805,0.09597,-0.01980,-0.14740,,,,
495.859,0.69195,4.04595,7.91805,0.03314,-0.31267,0.01980,,,,
495.961,0.91695,3.98400,9.08205,-0.01059,-0.02722,-0.07384,,,,
496.063,0.55800,4.03695,8.61495,-0.22578,-0.02929,-0.36465,,,,
496.169,0.56805,3.86700,9.18195,-0.13516,-0.01237,-0.40411,,,,
496.274,0.16995,3.69000,8.87595,-0.12457,-0.06449,-0.41374,,,,
496.381,0.27300,3.63195,9.38595,-0.06380,-0.39050,-0.19113,,,,
496.489,0.60795,3.46695,9.43905,0.21203,-0.31694,-0.17724,,,,
496.596,0.66105,3.94095,9.12495,0.05129,0.02282,-0.19003,,,,
496.712,0.59100,4.11300,8.60100,-0.00096,-0.10711,-0.07604,,,,
496.816,0.87195,3.97695,9.48195,-0.18425,0.02282,-0.12292,,,,
496.932,-1.92900,4.30995,9.53400,-0.05528,0.09529,-0.09199,,,,
497.050,-0.62400,3.69195,9.80205,-0.13626,0.17517,0.33522,,,,
497.175,1.03905,4.29795,8.80695,-0.05101,0.02282,0.13599,,,,
497.288,0.08595,4.14000,8.90700,0.21532,0.10588,-0.08456,,,,
497.407,0.96705,3.66600,9.58200,0.14066,0.04634,0.05706,,,,
497.509,0.07695,3.85005,8.75895,0.13860,0.02929,0.04648,,,,
497.611,0.34200,3.81600,9.38595,0.04372,-0.17105,0.00495,,,,
497.714,0.63705,3.91695,9.08205,0.00962,-0.04111,-0.05789,,,,
497.816,0.52905,3.91500,9.27795,0.01719,-0.01334,-0.10904,,,,
497.918,0.47205,3.99600,8.92395,0.07040,-0.08690,-0.12499,,,,
498.020,0.60795,4.04895,9.13500,0.01499,-0.05170,-0.14850,,,,
498.128,0.28500,3.92700,8.98095,-0.01911,-0.01760,-0.05472,,,,
498.246,0.33795,4.12995,8.96505,0.00962,-0.03039,-0.04414,,,,
498.367,0.35895,4.01295,9.12000,0.06614,-0.09116,-0.02805,,,,
498.474,0.41895,4.03695,9.08700,-0.00316,0.00261,0.05074,,,,
498.582,0.39495,4.11795,8.91195,0.03424,0.01114,-0.02709,,,,
498.709,0.34995,4.08000,9.04800,0.02778,-0.04111,-0.00357,,,,
498.829,0.54105,4.02195,9.19005,-0.02338,-0.00591,-0.03231,,,,
498.945,0.43605,4.06500,8.89305,-0.05638,0.07288,-0.06215,,,,
499.060,0.35400,3.96000,8.99805,-0.09254,0.06229,-0.06531,,,,
499.180,0.25605,3.90705,9.05595,-0.05418,0.02709,-0.08566,,,,
499.297,0.26805,3.94095,9.15600,-0.03396,0.00371,-0.12072,,,,
499.418,0.52200,3.73305,9.24705,-0.05844,-0.09969,-0.17930,,,,
499.532,0.62505,3.84300,9.18495,-0.14479,-0.09432,-0.16445,,,,
499.652,0.52005,3.95100,9.48195,-0.08621,-0.12953,-0.07714,,,,
499.771,0.20400,3.84000,9.08205,0.08003,0.09103,0.04221,,,,
499.890,-0.08700,3.70905,9.54195,0.16844,0.03135,0.27651,,,,
500.010,0.58200,3.92205,9.14895,0.36864,0.08676,0.33839,,,,
500.129,0.15795,3.85005,8.81100,0.16954,-0.00275,0.23292,,,,
500.243,-0.38400,3.65595,9.11805,0.18123,0.06229,0.44495,,,,
500.345,-0.43005,3.91005,8.86605,0.16954,0.28696,0.67925,,,,
500.455,0.61305,4.52505,8.04000,0.08209,0.41800,0.73040,,,,
500.586,0.76605,4.09905,8.32005,-0.38129,0.45856,0.41938,,,,
500.690,-0.02805,3.57000,9.18000,-0.41965,0.35310,0.18287,,,,
500.821,-0.39195,3.25905,10.06095,-0.38129,-0.00055,-0.16981,,,,
500.922,-0.02805,3.07905,10.18800,-0.20652,0.01856,-0.31680,,,,
501.033,-0.20700,2.53995,9.85005,0.01499,-0.11564,-0.65560,,,,
501.137,-0.90600,3.04095,9.33600,0.22055,-0.18920,-0.41154,,,,
501.251,-0.64305,2.99295,9.53400,0.09171,-0.33399,-0.48716,,,,
501.370,0.37800,3.03405,9.26595,0.06724,-0.61421,-0.35626,,,,
501.471,0.35895,3.33300,9.17295,0.03946,-0.24874,-0.43711,,,,
501.575,0.18705,3.32100,9.44805,0.01389,-0.15936,-0.35723,,,,
501.694,0.33795,3.24705,9.49095,0.03520,-0.11357,-0.27417,,,,
501.795,0.28695,3.43095,9.46995,0.03946,-0.07948,-0.17077,,,,
501.910,0.20400,3.35400,9.30195,0.01719,-0.02612,-0.07604,,,,
502.035,0.40500,3.28995,9.20205,-0.00742,-0.02516,0.03162,,,,
502.149,0.22305,3.16005,9.50100,-0.09900,0.02172,0.24667,,,,
502.265,0.78300,3.69405,9.57705,0.10766,0.07081,0.23403,,,,
502.374,0.44505,3.37800,10.08000,0.00440,0.11124,0.19883,,,,
502.484,0.29205,3.19905,9.49095,0.10656,0.06435,0.14658,,,,
502.586,0.37605,3.42900,9.04800,-0.02228,0.10161,0.15936,,,,
502.693,0.30705,3.38505,9.31905,-0.04359,0.09639,0.14548,,,,
502.806,0.54105,3.47595,9.30900,-0.03286,0.06655,0.08168,,,,
502.914,0.41400,3.41400,9.26895,-0.02654,0.06435,-0.01210,,,,
503.046,0.39300,3.31800,9.37905,0.00536,0.06435,-0.08236,,,,
503.158,0.33000,3.43305,9.39495,-0.05528,0.09529,-0.02379,,,,
503.274,0.26595,3.51195,8.98605,0.00440,-0.02406,0.00179,,,,
503.393,0.20100,3.35205,9.36000,-0.00522,-0.00385,-0.03025,,,,
503.509,0.10800,3.37800,9.13005,-0.00949,-0.00811,-0.02599,,,,
503.611,0.30405,3.31095,9.48900,-0.03080,-0.04634,0.00921,,,,
503.720,0.26100,3.35700,9.31605,0.03424,0.00467,-0.02379,,,,
503.832,0.04800,3.28500,9.06495,-0.00949,-0.01664,-0.01430,,,,
503.934,0.36195,3.27495,9.16095,-0.01155,-0.03149,0.10395,,,,
504.036,0.40995,3.35205,9.64200,0.01389,-0.05280,0.01237,,,,
504.140,0.34995,3.31800,9.35700,0.08003,-0.03465,-0.06531,,,,
504.248,0.06495,3.22005,8.91900,0.06614,-0.12953,0.00495,,,,
504.353,0.34005,3.31605,9.23505,-0.01801,-0.05170,-0.07288,,,,
504.457,0.27495,3.45705,9.26895,-0.05418,-0.03685,-0.13145,,,,
504.563,0.48900,3.40905,10.08495,0.33784,-0.02406,-0.12609,,,,
504.665,0.16305,3.75705,9.31605,0.05651,0.09103,-0.35723,,,,
504.767,-0.11400,3.34005,9.26400,0.06834,0.19649,-0.28476,,,,
504.874,-0.86100,3.83295,8.93295,0.01925,0.66096,0.05500,,,,
504.982,0.20100,3.99405,8.83800,-0.12884,0.08250,-0.05582,,,,
505.099,-0.87795,3.51195,8.98395,-0.18947,-0.16885,-0.03878,,,,
505.202,-0.34800,3.37800,9.19200,-0.27046,-0.15936,-0.05362,,,,
505.306,-0.03000,3.06705,9.32100,-0.20982,-0.06669,-0.14314,,,,
505.412,-0.32505,2.99505,9.86205,-0.05418,0.12292,-0.10794,,,,
505.517,-0.25695,2.98605,9.64005,-0.01911,-0.08264,-0.12072,,,,
505.648,-0.29295,2.76105,9.31200,-0.04991,-0.07191,-0.11976,,,,
505.754,-0.04905,3.01395,9.99405,-0.04249,-0.10601,-0.09735,,,,
505.861,-0.32700,2.98095,9.69705,0.14492,-0.02832,-0.05789,,,,
505.968,-0.39195,2.88705,9.26595,0.05019,0.00797,0.00605,,,,
506.076,-0.27195,3.04305,9.42405,0.01719,0.00894,0.07631,,,,
506.180,-0.22200,3.11295,9.46305,0.02998,0.01650,0.07948,,,,
506.284,-0.25005,3.13200,9.21405,0.03094,0.03561,0.09020,,,,
506.390,-0.14700,3.08895,9.40305,0.00866,0.02929,0.05926,,,,
506.496,-0.33900,3.05295,9.45495,-0.01581,-0.05486,0.00275,,,,
506.638,-0.16605,2.99805,9.40005,-0.07879,-0.15290,-0.04840,,,,
506.760,-0.03705,3.01905,9.44295,-0.03712,-0.11990,-0.05266,,,,
506.869,0.01005,2.88300,9.53700,-0.02544,-0.02929,-0.02805,,,,
506.973,0.01200,2.87295,9.42405,-0.02434,-0.03039,-0.04936,,,,
507.097,-0.11400,2.75595,9.49800,-0.07879,0.10697,-0.08456,,,,
507.200,0.01695,2.63100,9.59205,-0.04895,-0.02929,-0.13461,,,,
507.333,0.01200,2.68905,9.35505,-0.09900,-0.05816,-0.23691,,,,
507.437,0.18705,2.59500,9.77400,-0.00096,-0.16679,-0.29329,,,,
507.546,0.12495,2.65800,9.50595,0.04482,-0.15084,-0.34347,,,,
507.647,0.35895,2.70105,9.24195,0.04056,-0.17215,-0.38280,,,,
507.749,0.36600,2.73405,9.47700,-0.11921,-0.06985,-0.36465,,,,
507.874,0.63000,2.74905,9.48600,-0.09474,-0.12636,-0.32959,,,,
507.984,0.51495,2.58600,9.65205,-0.11495,-0.13901,-0.23898,,,,
508.086,0.46695,2.53095,9.53400,0.00220,-0.03575,-0.10271,,,,
508.189,0.49800,2.44200,9.82200,-0.01375,-0.01760,-0.06751,,,,
508.296,0.63195,2.47305,9.50805,-0.01059,-0.00055,-0.02709,,,,
508.403,0.60795,2.46600,9.29295,-0.04675,0.03355,-0.01430,,,,
508.517,0.53595,2.34405,9.61095,-0.04675,-0.04538,0.01884,,,,
508.620,0.33300,2.38500,9.54600,-0.01265,0.04098,0.07521,,,,
508.727,0.02895,2.11905,9.80700,0.02998,0.17201,0.18920,,,,
508.834,-0.31305,2.10195,9.90300,0.01182,0.27211,0.50243,,,,
508.941,0.28005,2.61705,10.15905,0.12581,0.14424,0.62177,,,,
509.048,0.34200,2.96895,9.58905,0.52209,-0.10079,0.73356,,,,
509.150,1.15200,3.59595,9.72105,0.06614,0.29769,0.43422,,,,
509.252,0.40695,3.23895,10.17105,-0.00206,0.39573,0.41511,,,,
509.354,-0.20700,3.22305,8.84205,0.43147,0.09955,0.48221,,,,
509.458,0.00195,3.18000,8.63895,0.10876,0.09103,0.32670,,,,
509.566,-0.35100,3.17700,10.20195,0.22055,-0.52154,0.35970,,,,
509.670,0.83595,3.91500,9.26895,0.14066,-0.23279,0.36176,,,,
509.776,0.79695,4.00605,8.97900,-0.05954,0.30305,0.30539,,,,
509.885,0.64395,3.86400,8.94795,0.01389,0.11660,0.23182,,,,
510.000,0.41895,3.61500,9.13200,-0.23210,0.29122,0.27129,,,,
510.125,0.59595,3.61305,9.13905,-0.12457,0.18480,0.23609,,,,
510.230,0.33495,3.43305,9.20205,-0.17243,0.17517,0.13805,,,,
510.346,-0.29100,3.04800,8.77995,-0.42391,0.22633,0.07205,,,,
510.453,0.02595,2.57400,10.19295,-0.07232,0.14218,0.22220,,,,
510.560,0.26595,2.55705,9.46500,-0.13942,0.08360,0.04428,,,,
510.666,0.28305,2.31495,9.56100,-0.06600,0.02709,0.01980,,,,
510.774,0.34695,2.39400,9.28500,0.04592,0.02076,-0.00467,,,,
510.882,0.17700,2.30595,9.35205,-0.06064,-0.02406,-0.10904,,,,
510.996,0.09795,2.11395,9.70905,-0.02764,0.01224,-0.10794,,,,
511.104,0.07200,2.12895,9.73800,-0.04249,0.02172,-0.09309,,,,
511.211,0.16095,2.28405,9.26895,-0.00632,-0.06875,-0.13778,,,,
511.319,0.24195,1.84605,10.60695,-0.14259,-0.08044,-0.25602,,,,
511.426,-0.18105,2.05395,9.46500,0.01719,0.03561,-0.11014,,,,
511.529,0.18195,2.22405,9.85995,-0.06490,-0.03355,-0.08140,,,,
511.633,0.19605,2.16000,9.76200,0.04592,-0.06875,-0.07494,,,,
511.740,0.13200,2.05695,9.59895,0.02998,-0.07617,-0.10477,,,,
511.843,0.04800,2.06895,9.81900,-0.06806,-0.05170,-0.09199,,,,
511.947,0.25905,2.15205,9.48195,-0.02860,-0.05170,-0.06751,,,,
512.054,0.45495,2.19300,9.64200,0.07040,-0.06449,-0.07384,,,,
512.159,0.49995,2.18100,9.56295,-0.01059,-0.05486,-0.17298,,,,
512.262,0.48900,2.22705,9.48900,0.01609,-0.05280,-0.19965,,,,
512.368,0.37800,2.17905,9.67605,0.00866,-0.06339,-0.29122,,,,
512.475,0.25095,2.14500,9.69705,-0.04675,-0.09116,-0.22412,,,,
512.581,0.39000,2.20995,9.48195,-0.00096,-0.08264,-0.10904,,,,
512.688,0.78300,2.13300,9.78300,-0.04785,-0.09432,-0.22729,,,,
512.795,0.74505,2.29395,9.48600,-0.04675,-0.04428,-0.37648,,,,
512.914,-0.26700,1.98705,9.91305,-0.06696,-0.02516,-0.29013,,,,
513.018,0.32595,2.23395,9.33300,0.01292,0.05912,-0.09309,,,,
513.124,0.38595,2.07795,9.75705,0.03204,0.06339,-0.04304,,,,
513.228,0.34500,2.13105,9.62805,0.04592,0.04730,-0.02805,,,,
513.332,0.30195,2.12595,9.62505,0.04702,0.02929,0.00179,,,,
513.440,0.28305,1.99200,9.85800,0.00110,-0.01127,0.04854,,,,
513.546,0.24900,2.27205,9.40005,0.02998,0.01320,0.11468,,,,
513.653,0.31095,2.20500,9.65895,-0.01155,0.01650,0.17105,,,,
513.760,0.38595,2.02305,9.45795,-0.02338,-0.09749,0.14451,,,,
513.865,0.20400,2.11200,9.30495,-0.12237,0.00041,0.09543,,,,
513.973,0.57495,1.94400,9.69000,-0.05101,0.04208,0.20941,,,,
514.081,0.49305,1.83195,9.80700,-0.08195,-0.02406,0.23719,,,,
514.188,0.40695,1.92705,9.65205,0.00756,0.06009,0.24571,,,,
514.297,0.65595,1.83195,9.99600,0.06930,0.09639,0.22440,,,,
514.405,0.43605,1.83600,9.78600,0.05445,0.05266,0.21904,,,,
514.513,0.40200,1.89600,9.70905,0.00330,0.08786,0.26166,,,,
514.621,0.30900,2.00205,9.90105,0.03630,0.12939,0.25424,,,,
514.728,0.07395,1.93500,9.59895,0.07576,0.13475,0.39476,,,,
514.836,0.08595,1.94895,9.57705,0.09281,0.18370,0.39806,,,,
514.943,-0.09195,2.20800,9.45795,0.10766,0.13681,0.38844,,,,
515.051,-0.03495,2.44905,9.50100,0.07260,0.23375,0.27555,,,,
515.159,0.03600,2.52600,9.31200,0.03424,0.14424,0.14135,,,,
515.263,-0.61695,2.60505,9.47700,-0.11605,0.04950,0.01884,,,,
515.368,-0.33405,2.40105,10.12095,-0.05321,-0.02186,0.03479,,,,
515.472,-0.19500,2.45205,9.91305,0.11839,-0.19662,0.07741,,,,
515.578,-0.33900,2.72505,9.75000,0.19401,-0.08690,0.09116,,,,
515.682,-0.00105,2.92095,9.91305,0.27706,0.08992,-0.01856,,,,
515.788,0.32295,3.37605,8.84700,0.48263,-0.29136,-0.10161,,,,
515.895,0.37800,3.03795,8.91195,0.38995,-0.25726,0.12100,,,,
516.002,0.99105,2.89905,10.55205,-0.20873,-0.52690,-0.31790,,,,
516.109,1.82895,3.60600,9.72105,0.16734,-0.31488,-0.27954,,,,
516.233,0.98400,4.05795,9.39795,0.23664,-0.27968,-0.25602,,,,
516.339,2.10000,4.15905,7.87500,-0.18947,-0.06242,-0.09625,,,,
516.447,1.21395,3.50505,9.40005,-0.06806,-0.24667,-0.17298,,,,
516.554,1.71900,3.79200,9.16800,-0.08937,-0.21367,-0.02709,,,,
516.661,1.94205,3.56295,9.15795,-0.00096,-0.18164,-0.04510,,,,
516.775,2.22000,3.78105,8.92605,0.02035,-0.25726,-0.01210,,,,
516.881,2.18100,3.76905,8.90505,0.08539,-0.24131,-0.16019,,,,
516.990,2.13795,4.09200,8.36595,0.22165,-0.39160,-0.16871,,,,
517.097,3.08595,4.36905,9.28305,0.43477,-0.11028,-0.03878,,,,
517.205,3.18900,4.76895,7.84605,0.57214,0.01856,-0.44247,,,,
517.311,2.20500,5.24100,7.31295,0.09171,0.07824,-0.58836,,,,
517.418,2.02305,5.32005,8.19405,0.03520,0.09103,-0.59373,,,,
517.525,2.28195,5.59095,8.89305,0.27706,-0.00055,-0.19539,,,,
517.632,2.28195,6.18705,8.59800,0.23018,0.08360,-0.19209,,,,
517.739,1.08495,5.63595,8.52195,0.15675,0.14534,-0.13255,,,,
517.845,0.63495,5.98800,7.51800,0.18865,0.38720,-0.11440,,,,
517.953,0.71400,6.47205,7.63095,0.07783,0.21890,-0.00247,,,,
518.058,0.38595,6.29700,8.03595,0.16197,0.22206,0.19993,,,,
518.161,0.34005,6.37800,7.64100,0.09914,0.25726,0.22014,,,,
518.266,-0.15900,6.34005,7.49700,0.05651,0.13145,0.11577,,,,
518.371,0.07695,6.48795,7.59705,-0.05101,-0.23595,0.26166,,,,
518.479,1.07505,6.22500,7.95900,-0.05748,-0.05706,0.34471,,,,
518.587,1.61400,6.41895,7.97295,0.31116,-0.07095,0.14231,,,,
518.694,1.50105,6.84705,7.29600,0.51246,-0.26799,-0.00577,,,,
518.798,2.64600,7.36500,6.58200,0.44646,-0.24241,-0.38926,,,,
518.903,0.94800,7.68795,6.54405,-0.11605,0.24764,-0.92084,,,,
519.010,1.90095,7.89600,4.86795,-0.13090,-0.00591,-0.78650,,,,
519.118,-0.24300,6.80895,6.13695,-0.21615,-0.20721,-0.75034,,,,
519.226,-0.73395,6.88800,6.72600,-0.42391,-0.45444,-0.41484,,,,
519.331,-0.41805,7.20405,7.38405,-0.29920,-0.63016,-0.14424,,,,
519.438,-1.27005,6.90495,6.33600,-0.86707,-0.23925,-0.31460,,,,
519.553,-1.30395,5.86305,9.16305,-0.98959,-0.30841,-0.30511,,,,
519.658,-0.61905,4.84395,9.38805,-0.40892,-0.57585,-0.01636,,,,
519.766,0.24705,4.27605,8.61300,-0.43134,0.24654,0.29260,,,,
519.874,0.83595,3.87900,10.04205,-0.13200,-0.09749,0.65148,,,,
519.982,-0.70500,2.77500,3.90105,3.57294,-1.21179,2.40928,,,,
520.097,6.38100,6.83595,5.22000,1.00884,1.28947,2.38260,,,,
520.205,6.34500,7.69695,4.60695,0.70098,1.84979,0.99770,,,,
520.312,4.18500,7.05795,6.46305,0.27390,1.31395,0.67182,,,,
520.420,2.77500,6.68505,8.04300,0.10230,-0.32340,-0.49899,,,,
520.527,-1.00005,6.04500,6.65205,-0.11275,0.27637,-0.92716,,,,
520.635,-0.37695,5.45595,9.03600,0.10560,0.05692,-0.13681,,,,
520.742,0.37605,6.14400,7.02495,0.13970,0.29342,-0.07810,,,,
520.851,0.02400,7.18995,7.77900,-0.22578,-0.37977,-0.53405,,,,
520.959,1.56795,6.90300,7.85100,-0.21299,-0.73136,-0.93679,,,,
521.067,1.28805,6.16005,7.63095,-0.65931,-0.16679,-1.42464,,,,
521.174,2.03505,6.24705,8.70405,0.14822,-1.54632,-0.81001,,,,
521.282,1.55205,6.77805,7.49400,-0.24805,-0.66962,-0.40205,,,,
521.390,1.84395,7.57800,6.88905,0.71802,-1.12984,0.38844,,,,
521.497,2.34600,7.23495,6.20205,0.52209,-0.83889,0.05074,,,,
521.606,2.61000,6.70605,6.62295,-0.15647,0.01540,-0.09199,,,,
521.714,3.07905,6.98400,6.30195,0.31433,-0.00701,0.10725,,,,
521.822,2.97600,7.31895,6.34005,0.33358,0.04950,0.06463,,,,
521.930,2.53605,7.19505,6.16605,0.18012,0.08786,0.09116,,,,
522.036,3.20595,7.44795,5.21295,0.00962,0.15180,0.19993,,,,
522.145,3.71100,7.51995,5.50995,-0.16390,0.07081,0.00605,,,,
522.253,3.44805,7.52295,6.31695,-0.19594,-0.06559,-0.16555,,,,
522.361,2.91405,7.26900,6.07695,-0.27046,0.13997,-0.25506,,,,
522.469,3.49800,7.20195,6.81705,-0.46324,0.17311,-0.48716,,,,
522.575,1.71000,7.08000,6.41205,-0.32271,0.38390,-0.64914,,,,
522.683,2.65800,7.29795,6.31395,0.12581,0.85374,-0.52456,,,,
522.791,0.49095,7.71405,6.18000,0.10340,0.37964,-0.85264,,,,
522.899,-0.91800,7.36905,6.66600,-0.03080,0.29452,-0.41264,,,,
523.007,-1.11495,7.52295,5.33700,0.12045,-0.03149,0.19662,,,,
523.115,-0.30300,7.79595,6.53895,-0.21931,-0.27651,0.06036,,,,
523.223,-0.32700,8.13600,6.49395,-0.39724,-0.20515,0.20941,,,,
523.330,0.62505,7.14195,8.32305,-0.38335,-0.76230,0.38197,,,,
523.438,0.28995,6.18405,7.84395,-0.09048,-0.41607,0.54079,,,,
523.546,1.35000,6.96000,8.64600,-0.06174,-0.64185,0.34471,,,,
523.654,1.65000,6.07695,8.99805,-0.16390,0.09309,-0.18892,,,,
523.762,2.53995,6.64200,8.07600,0.48056,-0.25946,-0.29122,,,,
523.870,4.08495,6.86205,5.73000,0.85443,0.00797,-0.56072,,,,
523.992,-1.13100,7.16100,7.26000,0.12265,1.49710,-0.40095,,,,
524.100,-2.80695,7.51500,5.25105,0.33358,2.30780,0.36286,,,,
524.208,-1.07205,7.83600,4.97805,0.27170,1.09340,0.56636,,,,
524.317,4.93905,9.79200,7.50900,0.62329,1.16806,-0.02599,,,,
524.424,-3.33195,7.26405,5.38305,0.27074,-1.88609,-0.70345,,,,
524.531,-0.66705,9.03795,5.77095,1.00678,-3.56716,-0.21560,,,,
524.639,-1.67505,8.49705,3.04395,-0.53254,0.30085,0.35118,,,,
524.747,1.57095,8.88495,4.05600,-0.57722,-0.39050,0.31061,,,,
524.852,1.93005,8.63595,5.12895,-1.05765,-0.00165,-0.46695,,,,
524.957,0.66105,7.88700,7.71495,-0.26936,-0.57585,-0.64061,,,,
525.065,1.42500,7.28595,6.48900,-0.07452,-1.37156,-0.67677,,,,
525.171,1.46100,7.22595,7.32405,0.05019,-0.91891,-0.28696,,,,
525.278,1.96800,7.36500,5.21805,-0.24062,-0.50559,-0.13997,,,,
525.385,1.63995,6.77595,7.97595,-0.30030,-1.40566,-0.03451,,,,
525.491,4.68105,7.83900,6.37905,0.11509,-0.67389,0.30112,,,,
525.597,3.91200,8.49000,6.23295,0.09488,-1.68479,0.00179,,,,
525.701,2.70300,7.64700,4.12305,-0.35351,-0.45334,-0.41910,,,,
525.807,2.58795,7.62795,4.90905,-0.46544,-0.10395,-0.17188,,,,
525.912,2.61000,7.80495,7.01595,-0.83614,0.59056,0.06132,,,,
526.018,4.87005,6.28200,7.68795,0.34416,0.24874,0.16252,,,,
526.123,4.36995,6.30600,6.25395,0.14066,0.29342,0.06036,,,,
526.229,3.97695,6.57000,5.47605,-0.00206,0.74085,0.28724,,,,
526.337,4.10895,7.00305,5.71605,0.05335,0.34994,0.37029,,,,
526.443,3.95295,7.38900,5.97195,-0.23004,0.93472,0.16789,,,,
526.547,3.67500,7.20405,6.78300,-1.06095,2.30780,-0.33275,,,,
526.652,0.31905,6.29700,8.22705,0.23444,1.38847,-0.30827,,,,
526.756,0.22500,5.58795,10.10700,0.20254,-0.05280,-0.45842,,,,
526.858,-2.72400,4.99905,6.13695,0.50284,0.71101,0.55784,,,,
526.961,-2.42700,4.87500,10.09500,-0.24805,0.23059,0.80809,,,,
527.065,0.21105,6.51495,7.30995,0.28779,0.56512,0.90076,,,,
527.172,-0.07605,6.86700,7.99695,0.39847,0.70991,0.75171,,,,
527.280,-1.00005,7.82700,7.14000,0.56787,0.46283,0.92744,,,,
527.388,0.31395,6.91695,7.07505,0.72985,-0.01237,1.06164,,,,
527.496,0.49605,7.09905,4.53300,0.91946,-0.14974,1.19061,,,,
527.603,2.27205,7.18305,6.29700,0.34526,-0.32230,0.87519,,,,
527.711,3.29700,7.00995,5.15295,0.15771,1.26170,0.77509,,,,
527.818,2.55195,8.81805,6.01005,0.24612,1.48019,1.13094,,,,
527.925,2.69595,8.91105,4.76505,0.40810,1.42367,0.87093,,,,
528.032,3.34500,8.64105,5.01900,-0.14795,0.78347,0.07095,,,,
528.139,0.93405,7.81200,4.23105,-0.35351,1.95731,-0.29232,,,,
528.246,-0.19305,8.01300,6.16800,-0.35888,0.56939,0.12004,,,,
528.354,0.55800,7.74795,7.11600,-0.06916,0.58424,0.54079,,,,
528.462,0.79305,7.33095,6.78795,0.12691,0.20391,0.66536,,,,
528.569,1.66905,7.48200,7.50900,0.21849,0.33385,0.81565,,,,
528.677,1.94205,7.11300,6.65205,0.57750,0.49692,0.69204,,,,
528.784,1.67100,7.31895,5.54805,0.68722,0.21560,0.89870,,,,
528.891,4.43400,8.06100,5.57400,0.56581,0.11550,1.27366,,,,
528.998,4.35000,8.20995,3.00795,-0.30346,1.34063,-0.14740,,,,
529.106,0.72795,5.97600,8.57205,-1.31340,1.71229,-1.09862,,,,
529.213,-0.35295,7.44600,7.21695,-0.17036,0.71527,-0.36685,,,,
529.319,-0.63795,6.61005,7.08705,0.18755,0.65244,-0.05472,,,,
529.428,-0.50595,7.20705,7.57305,0.53597,0.64391,0.32670,,,,
529.535,-1.43505,8.13795,7.67595,0.57214,1.32358,0.15304,,,,
529.643,-3.19305,7.36200,5.23905,0.80327,1.24369,0.50449,,,,
529.750,-1.89495,7.94400,6.15600,0.89705,1.00389,1.55389,,,,
529.856,0.77295,8.91795,2.20095,0.95673,0.96566,0.91039,,,,
529.964,-0.09195,9.51195,2.10795,0.21203,-0.47465,0.53543,,,,
530.077,0.52005,9.23505,4.21695,0.06297,-0.11990,0.44069,,,,
530.185,1.72905,9.09300,2.85705,0.57640,0.18260,0.42996,,,,
530.293,1.66905,9.98100,0.92505,-0.08305,-0.39902,0.30209,,,,
530.399,1.45800,8.98995,2.28000,-0.18521,-1.15211,0.62274,,,,
530.507,2.67705,10.01700,3.17805,-0.25657,-0.30415,0.32024,,,,
530.630,1.52505,9.19095,2.73705,-0.08828,0.79200,-0.28696,,,,
530.735,2.30595,9.76605,3.63300,-0.04991,0.32533,0.10615,,,,
530.842,1.97505,10.32105,2.28000,0.63608,1.53766,-0.85800,,,,
530.949,0.51495,10.42395,3.72105,0.35379,1.50040,-0.31144,,,,
531.057,-2.52495,8.48295,2.40705,0.13434,0.04524,-0.58204,,,,
531.169,-0.42705,9.74400,1.62900,0.13117,-0.73879,-0.04840,,,,
531.275,0.01005,10.68495,2.68005,-0.11495,-0.40535,0.04758,,,,
531.379,-0.86295,9.99795,1.56405,0.60088,-0.66536,0.76656,,,,
531.486,0.68505,10.30005,1.32900,0.36341,-0.70895,0.54821,,,,
531.590,2.14305,10.51995,1.37505,0.49651,-0.29040,-0.03988,,,,
531.694,0.13905,9.06900,-0.49200,0.06504,-0.95934,-0.29865,,,,
531.801,-0.14295,10.21905,0.22995,0.06930,-0.48427,-0.19319,,,,
531.908,0.36405,9.70905,0.27795,-0.22578,-0.62054,-0.17504,,,,
532.015,0.46200,10.23000,1.14495,-0.45375,-0.41497,-0.35200,,,,
532.123,0.10095,10.36500,2.04000,-0.40576,-0.40645,-0.41800,,,,
532.230,-0.83700,10.28805,3.06495,-0.03190,-0.18700,-0.21244,,,,
532.337,-1.85895,9.43800,2.37105,0.22275,-0.32024,0.27225,,,,
532.444,0.89805,10.18995,2.46705,0.32285,0.03671,0.36066,,,,
532.551,1.45305,10.20195,0.53895,0.32395,0.33811,-0.40727,,,,
532.659,-2.79795,9.82800,0.19005,0.70428,1.19460,-0.02599,,,,
532.767,0.27495,9.68505,-2.58405,0.14713,-0.41497,0.69410,,,,
532.875,-0.01305,9.74700,-0.22305,0.01072,0.08676,-0.00577,,,,
532.983,0.33000,10.20900,-0.21600,0.06297,0.32862,-0.12609,,,,
533.090,-0.06795,9.85005,0.08700,-0.04895,-0.63869,-0.01320,,,,
533.197,-0.03000,9.99600,0.56295,0.01389,-0.07728,-0.00041,,,,
533.305,-0.02505,9.63705,-0.27600,0.02571,0.21780,-0.06325,,,,
533.412,-0.38700,10.10595,-0.38400,-0.14163,-0.03891,0.03052,,,,
533.520,0.46695,9.96495,0.62100,-0.07026,0.04950,-0.06009,,,,
533.629,-0.41295,9.80700,-0.36705,-0.08731,-0.17311,-0.04194,,,,
533.737,-0.25305,10.77900,-0.42495,-0.19484,0.02076,-0.10794,,,,
533.844,-0.26505,9.81600,1.00095,0.04166,-0.09006,0.24667,,,,
533.950,-0.27405,9.54795,0.46800,-0.05418,0.31584,-0.01100,,,,
534.058,0.29505,10.21395,0.43905,-0.02764,0.36905,0.14341,,,,
534.165,0.42405,9.89505,-0.84105,-0.05844,0.52346,-0.08663,,,,
534.273,-1.83000,9.44295,0.44595,-0.66041,1.00293,-0.63525,,,,
534.381,-1.04295,9.67500,2.27505,-0.92565,0.80053,-0.04620,,,,
534.494,-1.19400,9.41595,3.93900,-0.66894,0.24654,0.33729,,,,
534.601,0.20100,10.20195,3.31695,-0.30566,-0.13585,0.59290,,,,
534.709,0.85695,10.01700,4.00605,-0.16816,-0.39160,0.33619,,,,
534.817,0.13905,9.74700,3.14700,0.06614,0.19222,0.06132,,,,
534.925,0.50805,9.51900,2.53395,-0.01485,-0.01334,0.13915,,,,
535.034,1.35000,9.40395,3.52305,-0.07343,0.08566,0.04854,,,,
535.141,0.97905,10.08000,2.94105,0.27596,0.06009,-0.25919,,,,
535.247,0.26805,9.44505,3.26595,0.25259,0.31157,-0.44784,,,,
535.351,-0.85395,9.48405,2.13405,0.19924,0.11866,-0.30827,,,,
535.454,-0.56595,9.46905,2.29395,0.00220,-0.21367,0.06779,,,,
535.562,-0.77505,9.70395,2.94105,-0.11385,-0.10601,0.08374,,,,
535.670,-0.04905,9.38100,3.00495,0.00220,0.15180,0.01237,,,,
535.779,-0.40095,9.47895,3.52695,-0.07549,0.03781,-0.04084,,,,
535.887,-0.52800,9.49500,2.75400,0.09061,0.10697,-0.01526,,,,
535.995,-0.69600,9.55995,2.90205,-0.03712,0.00687,-0.01526,,,,
536.101,-0.54495,9.52395,3.34800,0.05871,0.02502,0.15194,,,,
536.209,-0.00600,9.62205,2.64405,0.08855,-0.04001,0.09872,,,,
536.317,0.37395,9.76605,2.12400,0.07040,-0.14658,0.10931,,,,
536.424,-0.19500,9.76800,2.61495,0.03630,0.03451,-0.01210,,,,
536.531,0.01695,9.39300,2.49300,-0.01265,0.01746,0.00495,,,,
536.635,0.04995,9.99795,2.72505,-0.10010,-0.05486,-0.06531,,,,
536.743,0.01905,10.14705,2.67300,0.09914,-0.00385,0.05074,,,,
536.851,-0.44205,9.66495,2.51700,0.07686,-0.01127,-0.12719,,,,
536.958,-0.36000,9.99300,2.57895,0.11083,0.10381,0.03259,,,,
537.065,0.54600,9.45000,2.20305,0.16844,0.05060,0.01554,,,,
537.173,-0.04905,9.72495,2.49795,-0.01485,-0.11564,0.12856,,,,
537.281,-0.68805,9.94995,2.59395,0.11619,0.04098,-0.18150,,,,
537.391,-0.36495,9.85500,1.50900,0.16734,0.14850,-0.03231,,,,
537.495,-0.02505,9.74205,1.87305,0.07356,0.06229,0.09446,,,,
537.603,-0.27900,9.98595,1.77000,0.00330,0.05912,-0.04414,,,,
537.711,-0.41805,9.77805,1.84395,-0.03712,0.03451,0.04015,,,,
537.818,-0.11895,10.04595,2.28495,-0.07123,-0.00055,0.01127,,,,
537.926,-0.42000,9.83100,2.28495,0.00440,0.02076,-0.03768,,,,
538.034,-0.30300,9.81405,1.98105,-0.00632,-0.01980,-0.01210,,,,
538.143,-0.40095,9.91395,2.17905,-0.04991,-0.01664,0.01237,,,,
538.251,-0.35100,9.94800,2.05005,-0.06806,0.00797,-0.00894,,,,
538.371,-0.25305,9.82095,1.97295,0.02778,0.07288,0.01774,,,,
538.481,-0.19005,9.78795,2.23695,0.03094,-0.00055,-0.00151,,,,
538.589,-0.51600,10.01505,2.17905,0.03850,0.04414,-0.05582,,,,
538.697,-0.61905,9.71100,1.91805,-0.00522,-0.02832,-0.00247,,,,
538.802,-0.47505,9.79005,2.31105,-0.04991,-0.05170,0.03589,,,,
538.910,-0.22395,9.90495,2.23695,0.02241,0.03451,-0.03658,,,,
539.018,-0.62400,9.78300,1.98795,0.01389,0.00894,-0.06435,,,,
539.125,-0.51795,9.78000,1.94700,-0.01059,0.03878,0.00811,,,,
539.231,-0.67200,9.84000,2.23695,-0.07879,0.00894,-0.01320,,,,
539.339,-0.37695,10.01295,2.37795,0.00962,-0.02406,0.01127,,,,
539.445,-0.34095,9.76605,2.11200,0.04056,0.00261,-0.06105,,,,
539.551,-0.76305,9.81900,2.04795,0.00220,0.03781,-0.07810,,,,
539.659,-0.73200,9.92400,2.05995,-0.02434,-0.04111,0.03259,,,,
539.767,-0.39195,9.97200,2.25600,0.00330,-0.04111,0.01884,,,,
539.875,-0.57105,9.81900,2.01900,0.02241,-0.01334,-0.01526,,,,
539.983,-0.70995,9.95505,2.07900,0.03424,0.00577,-0.00577,,,,
540.091,-0.57600,9.79500,1.74600,0.04592,0.02819,-0.01430,,,,
540.199,-0.51600,9.91395,1.89000,-0.00206,-0.03891,0.03479,,,,
540.307,-0.61695,9.76605,1.71000,-0.00412,0.05912,-0.02599,,,,
540.415,-0.52995,9.88095,1.99995,-0.06270,-0.01760,0.00921,,,,
540.523,-0.37995,9.89295,1.99305,0.00220,0.02709,-0.02379,,,,
540.630,-0.94500,9.82800,2.14305,-0.04249,0.01224,-0.04510,,,,
540.739,-0.58995,9.81195,2.18400,0.03520,0.02282,0.06463,,,,
540.847,-0.50895,9.70395,2.33295,0.00536,0.00041,0.00811,,,,
540.956,-0.83700,9.89100,1.93995,0.01719,0.08992,0.00069,,,,
541.063,-0.57600,10.10400,1.83195,0.07040,0.17724,0.09020,,,,
541.171,-0.43005,10.00995,2.01405,0.07260,0.16349,0.05074,,,,
541.279,-0.21900,9.71805,1.61400,0.04799,0.00687,0.14974,,,,
541.387,-0.07095,9.92895,1.72005,-0.00096,0.00261,0.01664,,,,
541.495,-0.20700,9.68700,1.85100,-0.01059,-0.07521,-0.03135,,,,
541.604,-0.57105,9.93600,1.62405,-0.11275,-0.18384,0.00275,,,,
541.711,-0.65700,10.23000,1.99005,-0.04895,-0.06132,-0.02915,,,,
541.819,-0.38700,9.93105,2.00205,0.04166,0.04098,0.07741,,,,
541.927,-0.41295,9.76605,1.80300,0.01292,0.04950,0.05926,,,,
542.035,-0.27195,9.74400,1.61205,-0.02338,0.06861,0.08910,,,,
542.143,-0.24795,10.11795,2.46405,-0.19374,-0.01444,0.03369,,,,
542.249,0.03795,9.78000,1.76805,0.08855,0.08566,0.14025,,,,
542.356,0.10305,9.88605,2.30400,-0.06270,-0.07837,0.04111,,,,
542.464,0.25395,10.08000,2.18700,0.04909,0.08566,-0.01320,,,,
542.572,-0.08700,9.92595,2.10495,0.03424,0.05912,-0.02379,,,,
542.681,0.09600,9.84705,1.66500,0.07466,0.08883,0.02200,,,,
542.787,-0.04005,9.76800,2.09595,0.02571,-0.01870,-0.03341,,,,
542.895,-0.18105,10.03200,1.90905,-0.04359,0.00467,-0.04304,,,,
543.002,-0.02805,9.91905,2.00505,0.02241,0.00577,-0.01856,,,,
543.109,-0.04395,10.10400,1.67700,-0.00522,-0.04854,0.01664,,,,
543.218,0.03105,10.02000,1.79595,-0.01691,-0.06242,0.01980,,,,
543.324,-0.15495,9.94605,1.67205,0.02351,0.03878,-0.04084,,,,
543.432,-0.17595,9.91395,1.90395,-0.00742,-0.03355,0.00701,,,,
543.540,-0.14505,9.92895,1.93005,0.02461,0.07934,-0.00357,,,,
543.647,-0.12300,9.96000,1.88505,0.07040,0.19222,-0.03135,,,,
543.755,-0.34095,9.74205,1.63305,0.05555,0.06009,0.00811,,,,
543.863,-0.21900,9.92595,1.79895,-0.06380,-0.08470,-0.03768,,,,
543.971,-0.28095,10.22100,2.08395,-0.03822,-0.10175,0.03162,,,,
544.079,-0.10395,9.74205,1.48305,0.05651,-0.02516,0.05390,,,,
544.183,-0.36300,10.08195,1.88205,-0.10326,-0.23169,0.17435,,,,
544.290,0.13200,10.06995,2.12205,-0.01691,-0.00811,-0.06325,,,,
544.397,-0.42705,9.67995,1.73400,-0.00839,-0.22110,0.11577,,,,
544.504,0.42600,9.97905,1.89405,-0.05954,-0.19346,0.16363,,,,
544.611,0.64200,10.16805,1.84695,-0.04469,-0.20199,0.10725,,,,
544.719,0.58695,10.23495,1.84200,-0.04675,-0.27225,0.01554,,,,
544.825,0.71595,10.33605,2.45700,0.00330,-0.36809,0.06559,,,,
544.933,1.03905,10.16295,1.65705,0.10450,-0.26799,0.10299,,,,
545.041,0.99600,10.27095,1.72695,-0.00316,-0.02406,-0.11866,,,,
545.148,0.79005,10.14705,1.99305,0.00962,-0.19869,0.12320,,,,
545.255,1.35795,10.11300,1.54005,0.01499,-0.10285,0.00495,,,,
545.359,0.88605,10.37895,1.77000,-0.01801,-0.03575,-0.06009,,,,
545.462,1.38195,10.06800,1.39395,0.05651,-0.04744,-0.05582,,,,
545.566,0.65595,10.33800,1.69605,-0.17462,-0.04964,-0.18040,,,,
545.670,1.04400,10.16295,1.91400,-0.10863,-0.22646,-0.23898,,,,
545.774,0.13200,10.24695,2.07195,-0.25767,-0.35104,-0.23265,,,,
545.876,0.53595,10.20195,2.55300,-0.18315,-0.56939,-0.04730,,,,
545.979,0.63900,10.30500,2.18895,-0.17779,-0.12953,-0.19319,,,,
546.081,0.02895,9.90495,2.90700,-0.34402,-0.45334,-0.12403,,,,
546.183,0.22995,10.35000,3.17100,0.08745,-0.59400,0.32876,,,,
546.287,0.61095,10.22595,2.54295,-0.08305,0.06765,0.08057,,,,
546.389,1.40805,10.56795,2.87805,0.16101,-0.30841,0.12320,,,,
546.491,0.57900,9.63405,3.21600,0.02241,-0.17531,0.03259,,,,
546.595,1.87995,10.39800,2.45895,0.08003,-0.40755,0.33413,,,,
546.699,2.02995,9.94800,1.44195,0.06408,-0.05706,-0.10271,,,,
546.803,1.22805,9.79200,2.93400,-0.15757,-0.05706,-0.09089,,,,
546.906,1.10400,9.73695,2.85195,-0.02434,0.05060,-0.04936,,,,
547.009,1.63995,9.72105,2.56695,-0.00742,0.01746,0.03162,,,,
547.113,1.36995,9.40905,2.62500,0.04276,-0.05170,-0.00247,,,,
547.217,1.03695,9.48405,2.60295,-0.02544,-0.02832,-0.00041,,,,
547.320,1.57500,9.90495,2.71995,-0.00949,-0.08044,0.08910,,,,
547.422,1.51800,9.40695,2.32095,0.07783,-0.15180,-0.12829,,,,
547.524,1.19205,9.56505,2.76105,-0.01485,-0.09652,0.01237,,,,
547.631,1.71195,9.66105,2.83305,0.08112,-0.09652,0.08374,,,,
547.735,1.46100,9.50295,2.34495,0.06297,0.01114,-0.05362,,,,
547.842,1.37400,9.59400,2.42400,0.00646,-0.00165,0.03685,,,,
547.949,1.65000,9.75900,2.33295,0.03424,-0.00481,0.00921,,,,
548.056,1.36695,9.56700,2.21505,0.06408,-0.03355,0.03052,,,,
548.163,1.59195,9.66495,2.40405,0.05981,-0.08800,0.02736,,,,
548.270,1.79100,9.76605,2.16300,0.02998,0.01114,0.03052,,,,
548.377,1.69305,9.69705,2.23005,0.02888,0.01004,0.01884,,,,
548.485,1.79295,9.74700,2.20605,-0.00316,-0.00055,0.01554,,,,
548.592,1.81995,9.73500,2.28495,0.01815,-0.03039,0.02516,,,,
548.699,1.68795,9.67305,2.07195,0.03850,0.00261,-0.00041,,,,
548.806,1.92705,9.74895,2.20995,0.05445,-0.02090,0.01031,,,,
548.914,1.65900,9.76095,1.85400,-0.04675,0.07604,-0.01746,,,,
549.019,1.75005,9.67695,2.14305,0.04702,0.05802,-0.00577,,,,
549.125,1.77195,9.71805,2.10495,0.01609,-0.01334,0.02832,,,,
549.229,1.72395,9.76605,2.12895,0.01609,-0.01980,0.01554,,,,
549.337,1.75695,9.63900,1.89195,0.00756,-0.00481,0.02090,,,,
549.444,1.69995,9.79200,1.89705,0.00646,-0.05390,0.00921,,,,
549.553,1.75500,9.74895,1.88505,-0.00742,-0.03781,0.02090,,,,
549.659,1.86495,9.70605,1.89195,0.05129,-0.04318,0.02626,,,,
549.767,1.75695,9.77595,2.00700,-0.00949,-0.02929,0.03162,,,,
549.875,1.96800,9.68895,1.85595,0.06614,-0.04318,0.01457,,,,
549.985,1.85100,9.74895,1.75095,0.00536,-0.00701,0.01237,,,,
550.093,1.97505,9.88095,1.78905,0.01182,-0.03891,0.04221,,,,
550.201,1.96800,9.72795,1.79400,0.02351,-0.01980,0.00385,,,,
550.308,1.96305,9.67005,1.58595,0.04909,-0.03259,0.01347,,,,
550.415,2.07600,9.72795,1.75995,0.04799,-0.08580,0.03052,,,,
550.539,1.84800,9.74895,1.43505,0.00014,0.01746,-0.03658,,,,
550.647,2.05695,9.70605,1.84200,0.01719,0.01966,-0.01746,,,,
550.753,1.86495,9.67995,1.75605,0.03204,0.04524,-0.01526,,,,
550.858,2.05695,9.83505,1.62195,0.01389,0.00797,0.00811,,,,
550.964,1.83405,9.63900,1.65000,0.02035,0.02172,-0.01004,,,,
551.080,2.18595,9.88095,1.74795,0.02571,-0.03149,0.00179,,,,
551.188,1.72905,9.77100,1.60005,0.03520,0.18150,-0.07714,,,,
551.294,2.02800,9.83100,1.11195,0.13640,0.02502,0.02626,,,,
551.400,1.98195,9.72795,1.31700,0.02241,0.03878,-0.01526,,,,
551.508,1.86495,9.80205,1.61700,0.01499,0.01004,0.00921,,,,
551.615,2.01105,9.80895,1.30500,0.03520,0.03355,0.03259,,,,
551.722,1.92495,9.87405,1.36500,-0.02338,0.01856,0.01884,,,,
551.829,1.89900,9.74205,1.28595,0.01389,0.03781,0.01031,,,,
551.936,2.06400,9.91395,1.56195,0.02351,0.07934,-0.03135,,,,
552.044,1.85595,9.77100,1.27905,0.05555,0.06229,-0.01856,,,,
552.152,1.87500,9.64395,1.34100,0.01292,0.05376,-0.06751,,,,
552.259,1.68795,9.79695,1.43205,-0.03932,0.03671,-0.01004,,,,
552.366,2.01405,9.88095,1.36305,0.03204,0.03135,0.00495,,,,
552.473,1.68600,9.85200,1.35105,-0.00206,0.05060,-0.03231,,,,
552.581,1.81005,9.97905,1.41300,0.05555,0.05376,0.01031,,,,
552.689,1.67595,9.84705,1.19505,-0.01911,0.16459,-0.05156,,,,
552.797,1.88400,10.09905,1.78200,-0.08195,0.01224,0.03162,,,,
552.904,1.62105,9.68700,1.60995,-0.00632,0.12086,-0.04194,,,,
553.012,1.62600,9.59400,1.22595,0.02888,0.05060,-0.03658,,,,
553.120,1.43895,9.80895,1.40595,0.01292,-0.04428,0.04331,,,,
553.228,1.76895,9.84000,1.52595,-0.03080,-0.00811,0.00069,,,,
553.337,1.73295,9.83505,1.44900,0.00866,-0.03465,0.01237,,,,
553.445,1.59195,9.70905,1.80105,-0.00096,-0.00275,-0.00674,,,,
553.553,1.62600,9.78000,1.50900,0.04482,0.05266,0.01457,,,,
553.660,1.83405,9.92895,1.46805,0.08635,-0.02516,0.02832,,,,
553.769,1.59495,9.72105,1.31700,0.07576,0.03451,0.00275,,,,
553.875,1.69800,9.91695,1.50705,0.05019,-0.03149,0.06036,,,,
553.983,1.75695,9.91200,1.27695,0.03314,0.03355,-0.01430,,,,
554.091,1.77405,9.75600,1.15500,0.07260,-0.00055,0.01031,,,,
554.199,1.85295,9.96000,1.09500,0.05129,0.00894,0.01237,,,,
554.306,1.66200,9.81405,0.99900,0.01719,-0.01554,-0.01856,,,,
554.418,1.68600,9.85695,0.89400,-0.02008,0.03561,-0.01004,,,,
554.525,1.91505,9.91905,1.17900,-0.02338,0.03025,-0.02282,,,,
554.632,1.59000,9.89805,1.35105,-0.00742,0.00371,-0.03768,,,,
554.739,1.62300,9.85695,1.08000,-0.02338,0.00797,-0.00894,,,,
554.847,1.78395,9.85200,1.17405,-0.01265,0.01856,-0.01526,,,,
554.957,1.61895,9.89805,1.31295,-0.05638,-0.01760,0.00495,,,,
555.065,1.71900,10.04100,1.35105,0.01292,0.03988,-0.03451,,,,
555.172,1.58700,9.76800,1.19295,-0.01059,-0.01870,-0.02805,,,,
555.279,1.48695,9.98895,1.34400,0.01072,-0.01760,-0.03451,,,,
555.386,1.42005,9.85695,1.16895,0.00536,-0.00385,0.00921,,,,
555.493,1.67595,9.97695,1.29405,-0.00949,-0.02090,-0.02062,,,,
555.599,1.66605,10.06995,1.11405,0.04482,-0.01237,-0.02915,,,,
555.708,1.36200,9.82305,1.29795,0.09171,0.02709,-0.11440,,,,
555.814,1.26405,9.87600,1.28400,0.03094,0.07191,-0.04084,,,,
555.922,1.51605,9.74895,1.06095,0.02145,0.03561,-0.02805,,,,
556.030,1.31205,9.67305,1.15695,-0.02970,0.03355,-0.00674,,,,
556.137,1.68300,10.23300,1.32705,-0.02228,-0.03465,0.11784,,,,
556.244,1.29300,9.99105,1.09695,0.03204,0.06229,-0.04414,,,,
556.352,1.25505,9.61995,0.97500,0.01389,0.02282,0.00605,,,,
556.461,1.56405,10.22100,1.26195,-0.00742,-0.00481,0.03589,,,,
556.567,1.25505,9.70095,1.15500,-0.01801,0.01856,-0.01952,,,,
556.674,1.54005,9.92400,1.10205,-0.05844,-0.04538,0.01127,,,,
556.779,1.45800,10.00305,1.38195,-0.02860,-0.03259,0.00385,,,,
556.881,1.37895,9.92205,1.35300,-0.03822,-0.03465,-0.02062,,,,
556.985,1.49400,10.07205,0.97005,0.03850,-0.02722,-0.01526,,,,
557.091,1.25205,9.82605,1.23105,0.00440,-0.01664,-0.00467,,,,
557.199,1.36500,9.96705,1.06395,0.01182,0.00797,-0.01636,,,,
557.307,1.42500,9.85005,1.27905,-0.04991,0.01320,-0.00357,,,,
557.415,1.44105,10.00800,1.09005,-0.00412,0.01650,-0.02062,,,,
557.522,1.38405,9.85005,1.27905,0.00962,-0.00481,0.02736,,,,
557.629,1.41495,9.91905,1.34895,-0.02118,-0.01017,0.00605,,,,
557.736,1.39605,10.01700,1.24305,-0.01801,0.00797,-0.00151,,,,
557.841,1.43205,9.86400,1.27695,0.02668,0.00577,-0.02282,,,,
557.949,1.33095,10.08900,1.24605,-0.02544,-0.04208,0.01237,,,,
558.053,1.28805,9.89505,1.32000,0.00330,0.01650,-0.02915,,,,
558.158,1.27905,9.83805,1.15905,0.00866,0.00467,0.01347,,,,
558.266,1.32195,9.99600,1.36800,0.00220,0.00577,-0.01004,,,,
558.372,1.28805,9.94605,1.22400,0.00330,0.02599,0.01347,,,,
558.479,1.44405,10.02000,1.21200,-0.01265,0.00687,0.00811,,,,
558.587,1.33395,9.94605,1.15905,-0.00949,0.00041,-0.00577,,,,
558.695,1.46100,9.92595,1.36305,-0.01059,0.00894,-0.03231,,,,
558.801,1.32405,9.89505,1.15500,0.00220,0.00151,-0.03451,,,,
558.908,1.26195,9.92595,1.27200,-0.00412,0.02282,-0.02062,,,,
559.014,1.29300,9.51195,1.12800,0.02241,0.06655,-0.04414,,,,
559.119,1.00095,9.68700,1.31295,0.00110,0.01746,-0.03768,,,,
559.224,1.19205,9.63000,1.17600,0.00756,0.01966,-0.00357,,,,
559.328,1.02495,9.35400,1.19100,0.00646,0.03671,-0.03561,,,,
559.436,1.11105,9.56505,1.06800,0.02461,0.03451,-0.01856,,,,
559.544,1.12095,9.45000,0.99705,0.01719,0.04098,-0.04414,,,,
559.652,1.03200,9.26595,1.18305,0.03094,0.05486,-0.04194,,,,
559.759,0.97005,9.34005,1.03005,0.03630,-0.00481,-0.01952,,,,
559.867,0.81195,9.23505,0.99405,0.02035,-0.03685,-0.03658,,,,
559.974,0.89805,9.22995,0.95400,-0.03616,-0.04208,-0.00247,,,,
560.082,0.98700,9.47205,1.50900,-0.02970,-0.03149,-0.03451,,,,
560.190,0.79695,9.47400,1.10895,-0.02764,0.00151,-0.02915,,,,
560.298,1.03905,9.46200,1.19805,-0.00096,0.01114,0.00069,,,,
560.405,0.76605,9.54300,1.15905,-0.01155,0.01114,0.01031,,,,
560.513,0.93900,9.74895,1.12605,0.02668,0.03451,0.00605,,,,
560.620,0.95100,9.66795,1.17105,0.01719,0.04730,-0.04936,,,,
560.728,0.52005,9.94605,1.19805,-0.01485,0.06765,-0.05899,,,,
560.836,0.74505,9.96705,1.23795,-0.01581,0.03025,0.00385,,,,
560.943,0.76605,10.05600,1.04700,0.02461,-0.01334,-0.00894,,,,
561.059,0.69195,10.02495,1.29600,0.03204,0.00797,-0.00674,,,,
561.167,0.89295,9.98595,1.14495,0.05445,0.02076,-0.01320,,,,
561.274,0.67800,9.83805,1.15500,0.01182,0.04098,0.00495,,,,
561.381,0.77805,10.13205,1.29405,-0.03822,-0.01554,0.00385,,,,
561.490,0.61500,9.86400,0.97005,-0.09900,0.06229,0.01237,,,,
561.596,0.84495,9.98100,1.44705,-0.07123,0.03451,0.04221,,,,
561.700,0.85695,9.99795,1.26705,-0.01911,0.03988,0.01884,,,,
561.808,0.82605,9.94605,1.27005,0.01719,0.06435,-0.00151,,,,
561.915,0.85995,9.93600,1.13100,0.01292,-0.09969,0.04648,,,,
562.023,0.77295,10.05300,1.31700,0.03630,-0.00907,0.02310,,,,
562.131,0.82395,10.13700,1.26705,-0.01375,-0.00907,0.01664,,,,
562.237,0.85695,9.92400,1.05405,0.02241,0.03025,0.00275,,,,
562.345,0.87900,9.99600,1.21005,0.03740,0.03561,-0.00784,,,,
562.452,0.91695,9.96195,1.21395,0.02778,0.01224,-0.00674,,,,
562.560,0.93900,9.91905,1.20705,0.02461,-0.03355,-0.00151,,,,
562.668,0.83295,9.92895,1.18305,0.00866,-0.01980,-0.02282,,,,
562.776,0.80895,9.94800,1.24305,0.00756,-0.01554,-0.02172,,,,
562.884,0.98700,10.01505,1.13805,0.00962,0.01224,-0.01320,,,,
562.992,0.69405,10.14900,1.19295,0.04276,-0.00055,0.00701,,,,
563.100,0.63195,9.80895,1.21200,-0.01155,0.04098,-0.03135,,,,
563.207,0.87600,10.14705,0.92505,0.04166,-0.00907,-0.03768,,,,
563.314,0.50805,9.97905,1.01595,-0.03396,0.03355,0.02516,,,,
563.419,0.61305,9.95505,1.01295,-0.01265,0.04524,-0.06435,,,,
563.525,0.67305,10.03200,0.93705,0.01499,0.03561,0.00069,,,,
563.633,0.73005,9.99795,1.15005,0.00866,0.06339,0.03685,,,,
563.740,0.88095,9.89100,1.13805,0.02461,-0.00811,0.01127,,,,
563.848,0.53400,10.01505,0.70200,0.05019,0.04304,-0.00784,,,,
563.954,0.92700,10.13505,0.99900,-0.00522,-0.02186,0.02406,,,,
564.062,0.65895,9.85500,0.93705,-0.01691,-0.01017,-0.03451,,,,
564.169,0.90495,10.16100,0.98700,-0.00206,-0.03575,0.01127,,,,
564.278,0.67305,9.87600,0.82200,0.00110,-0.01127,-0.01320,,,,
564.385,0.64905,9.76605,0.97695,-0.02008,0.02392,0.00811,,,,
564.493,0.63900,9.96000,0.87900,0.01609,0.02282,-0.01856,,,,
564.600,0.60105,9.74700,0.72105,-0.00096,-0.01334,0.01884,,,,
564.709,0.83100,10.01505,0.81900,0.03850,0.01004,0.02516,,,,
564.816,0.64200,9.94605,0.93900,0.01925,0.01320,0.00179,,,,
564.937,0.72105,9.84000,0.91500,0.01499,0.03451,0.01774,,,,
565.043,0.77595,10.08405,1.27905,-0.00839,0.03245,0.03479,,,,
565.151,0.66600,9.93795,0.94200,0.00440,0.03245,0.01031,,,,
565.257,0.69900,10.05300,0.56595,0.02778,0.04524,0.00069,,,,
565.364,0.70395,10.09395,0.93705,-0.03822,0.04730,0.00701,,,,
565.477,0.72300,9.93105,0.96795,-0.06806,-0.00591,0.02310,,,,
565.584,1.00305,9.79695,1.34400,-0.07879,-0.01017,-0.05362,,,,
565.691,0.82395,10.23495,0.71595,-0.05748,-0.05706,-0.08456,,,,
565.799,0.54105,9.97005,0.92700,0.02571,-0.02296,-0.06215,,,,
565.906,0.72105,10.01295,1.12605,0.04056,-0.07728,0.05926,,,,
566.013,0.48405,10.12305,0.91995,-0.00632,-0.00907,-0.03451,,,,
566.120,0.78495,10.05600,1.05600,0.01072,-0.01127,-0.00151,,,,
566.227,0.58395,9.99600,1.36305,-0.01581,-0.03685,0.00179,,,,
566.333,0.71100,10.02495,0.96795,0.00440,-0.03891,-0.01004,,,,
566.441,0.69405,10.04595,0.89100,-0.01375,-0.10175,-0.04304,,,,
566.549,0.61995,10.05600,1.61400,-0.04991,-0.07728,-0.08566,,,,
566.657,0.42900,10.11795,1.11405,0.01719,-0.03355,-0.03025,,,,
566.763,0.07395,10.17795,1.02795,-0.13310,0.13681,-0.10477,,,,
566.869,0.65400,10.33605,1.43505,-0.13200,0.09419,-0.12292,,,,
566.976,-0.23805,9.63705,1.42005,-0.46750,-0.06875,-0.12609,,,,
567.083,0.39300,9.60795,1.39605,-0.49954,-0.47781,-0.23375,,,,
567.191,0.38100,10.08000,3.38805,-0.10532,-0.56086,0.00385,,,,
567.298,-0.27195,9.74205,3.10605,-0.23526,0.03245,-0.39243,,,,
567.406,-0.25500,9.65295,3.11505,0.08635,-0.06339,0.02406,,,,
567.513,-0.31500,9.61995,2.44005,0.16954,-0.13379,0.04331,,,,
567.621,0.38805,9.63000,2.50695,0.06834,-0.25094,0.10615,,,,
567.729,0.08595,9.86205,2.89995,-0.07549,0.04950,-0.16445,,,,
567.837,-0.62400,9.77295,2.32305,0.07686,-0.03039,-0.06957,,,,
567.944,-0.47505,9.87105,2.47605,-0.03506,0.00577,-0.19635,,,,
568.048,0.11505,9.61005,2.55000,0.07040,-0.05486,-0.05472,,,,
568.150,-0.53295,9.57000,2.56995,-0.15647,-0.16252,-0.10271,,,,
568.258,-0.45405,9.85005,2.45700,0.01292,-0.17641,0.00811,,,,
568.362,-0.70800,9.62205,2.39205,-0.00522,-0.09116,-0.06957,,,,
568.465,-0.89895,9.82800,2.55495,-0.06380,-0.09652,0.03685,,,,
568.569,-0.68805,10.12995,2.59095,0.02035,-0.06449,0.07948,,,,
568.673,-0.69105,9.60600,2.31795,0.07356,0.05912,0.05184,,,,
568.780,-0.09705,10.02705,2.58195,0.09804,-0.09432,0.01031,,,,
568.884,0.54105,9.90000,2.26995,0.17160,0.04208,-0.19635,,,,
568.987,-0.58995,10.28100,2.66100,0.33564,0.25726,-0.31886,,,,
569.090,-1.60500,9.41400,0.90795,0.17806,1.01667,-0.48400,,,,
569.194,-2.21595,9.31395,1.46295,-0.06806,0.58424,0.01884,,,,
569.300,-2.65905,9.48600,1.25805,-0.24599,1.14249,-0.11550,,,,
569.405,-1.56495,9.70095,1.30305,-0.26414,1.89131,-0.13145,,,,
569.509,-1.31595,10.02495,0.31200,-0.21821,1.68259,-0.35516,,,,
569.612,-2.97000,9.15300,0.57300,-0.37813,0.94435,-0.31886,,,,
569.717,-0.31695,8.91105,2.60805,-0.97350,1.73690,-0.40631,,,,
569.821,-5.47395,8.20005,2.92605,0.07150,0.89100,-1.50136,,,,
569.925,-7.78500,8.26005,0.60900,0.39421,-0.95824,0.26166,,,,
570.032,-4.88100,8.34600,0.22995,-0.04895,-0.87519,0.42996,,,,
570.137,-3.98805,8.55705,2.36100,-0.16610,-1.20546,0.02200,,,,
570.245,-5.25195,8.55705,1.22400,0.05555,-1.07016,0.07521,,,,
570.352,-2.81895,8.43705,3.00105,-0.48455,-0.68448,0.09763,,,,
570.467,-4.50495,8.19795,2.40705,-0.27692,0.67691,-0.03658,,,,
570.573,-3.21405,8.54700,2.23200,-0.80424,0.26249,-0.25286,,,,
570.679,-4.87305,7.23795,4.27905,-1.61164,-0.11137,-1.68561,,,,
570.783,-7.07100,4.47000,6.85800,-2.06869,-1.81362,-1.43110,,,,
570.889,-4.57200,5.82795,7.35600,0.88000,-2.83209,0.90613,,,,
570.996,0.30405,5.64600,7.92495,0.88316,-2.22489,1.56558,,,,
571.103,1.72395,7.22295,7.19805,0.57214,-1.40250,1.36950,,,,
571.208,6.39000,7.80300,5.74695,-0.02544,-0.43629,1.21825,,,,
571.315,3.58395,5.89905,7.89000,1.93146,-0.76656,1.20010,,,,
571.423,6.79200,8.10900,3.52995,1.02163,0.20611,-0.24750,,,,
571.530,1.57095,8.39205,1.84200,-0.07769,0.27005,-1.71765,,,,
571.637,-2.02200,7.68300,2.66805,-1.14716,-0.98381,-1.39370,,,,
571.745,0.00195,7.20705,7.05600,0.06078,-1.53560,0.32134,,,,
571.852,-0.22395,7.06800,5.80395,0.02778,0.16555,0.05926,,,,
571.960,1.60395,6.45000,4.71000,-0.57516,-0.35104,0.59510,,,,
572.065,3.56505,5.03700,9.41895,-1.43907,1.10302,0.85814,,,,
572.171,2.59995,6.10005,8.70105,-0.43450,2.12561,0.82940,,,,
572.274,0.41205,5.24295,10.58805,-0.17243,1.63034,0.63662,,,,
572.381,2.33205,4.13205,9.14400,0.83627,0.18150,1.62525,,,,
572.484,6.04095,5.53095,6.90600,0.58066,-0.29040,1.65289,,,,
572.591,5.61000,5.72205,5.19405,0.83421,-0.14437,0.83366,,,,
572.697,4.92705,6.29895,4.61895,0.40067,-0.95081,0.61105,,,,
572.801,4.51800,7.06500,4.94505,0.39215,-1.07016,0.19772,,,,
572.904,3.40905,7.07295,8.22000,0.16101,0.58850,-0.06105,,,,
573.007,2.02800,7.59405,8.34900,0.57214,1.36826,0.49170,,,,
573.110,5.14305,5.67705,8.64105,0.80864,0.93789,1.03606,,,,
573.218,4.48200,4.83600,5.77500,1.32096,0.51178,0.96786,,,,
573.324,4.16805,4.29300,3.31905,0.86515,0.52250,0.65904,,,,
573.432,4.31400,5.44395,2.48595,-0.17462,0.07081,0.56953,,,,
573.540,5.66505,5.96595,5.84205,-0.82335,-0.13585,0.70909,,,,
573.648,7.66200,5.22900,13.00395,-0.79461,0.22839,0.54931,,,,
573.756,6.33795,4.44600,8.99295,1.27421,0.55550,0.92537,,,,
573.863,4.26195,5.40405,5.09295,0.74044,0.29659,0.37771,,,,
573.971,4.51305,5.88300,7.66005,0.41346,0.06545,-0.03341,,,,
574.079,5.87805,5.21505,8.68905,0.60404,0.11660,0.23925,,,,
574.186,5.40900,5.44395,4.43205,0.21739,0.35736,0.66852,,,,
574.293,5.08995,3.63195,5.61300,-0.91919,-0.02612,0.39050,,,,
574.400,4.20705,3.61800,5.83095,0.10876,-0.01444,0.09872,,,,
574.507,3.41895,3.76905,6.30000,-0.69767,-0.25410,-0.25712,,,,
574.611,6.55800,2.10705,13.30005,-1.90988,-0.05170,0.05280,,,,
574.717,8.02095,3.46005,6.68805,0.36437,0.12086,0.22014,,,,
574.824,5.50005,3.35700,6.26400,-0.01155,0.19429,-0.45526,,,,
574.930,4.49400,4.40505,5.84505,0.01072,-0.12526,-0.63429,,,,
575.038,4.39305,4.66605,7.78200,0.16101,0.00797,-0.45416,,,,
575.145,6.37605,4.40505,10.79595,-0.25561,-0.03039,-0.25822,,,,
575.252,3.15300,4.14000,7.89405,0.40590,1.56956,0.40233,,,,
575.355,3.18900,2.83695,9.50805,0.20034,1.05297,0.35214,,,,
575.458,1.81500,3.15795,7.24800,0.14822,1.15418,0.31817,,,,
575.562,1.04895,3.50505,7.49895,0.16197,0.39353,0.17641,,,,
575.665,1.16805,3.47595,8.89005,-0.34609,-0.16569,0.38101,,,,
575.767,1.01505,2.14500,10.36800,-0.28009,0.58534,0.91259,,,,
575.869,2.61900,2.82495,9.16305,0.27816,-0.39682,0.89980,,,,
575.972,4.01505,3.44295,8.62500,0.75969,-1.16916,0.61531,,,,
576.078,6.41400,4.12305,6.78600,0.57860,-1.01681,0.00605,,,,
576.180,5.99505,4.89105,7.14300,-0.21615,0.47987,-0.02805,,,,
576.283,3.14595,4.17105,7.30800,0.02351,1.05930,0.13709,,,,
576.386,3.23895,3.82395,9.01200,-0.27266,0.72380,0.10299,,,,
576.493,2.35800,3.14400,7.35300,0.42625,0.31157,0.01237,,,,
576.600,1.66905,2.85900,8.53800,0.04592,0.16665,-0.40205,,,,
576.707,3.03405,3.15795,8.72295,-0.63264,0.20391,-0.24007,,,,
576.813,2.77500,1.56795,11.66805,0.00110,0.67485,0.18384,,,,
576.918,2.60505,2.95200,8.03100,0.06930,-0.05912,-0.26771,,,,
577.022,0.99600,3.60600,6.84105,0.21739,0.24970,-0.38706,,,,
577.130,1.29795,3.85005,9.53700,0.24186,-0.42886,0.07095,,,,
577.239,4.17600,4.57800,10.63605,0.05335,0.08786,0.19140,,,,
577.345,2.38995,4.52805,7.94505,0.04702,0.39999,0.30209,,,,
577.450,1.56600,2.77500,9.96495,-0.10216,-0.75900,0.47685,,,,
577.557,2.03505,3.07695,7.27905,0.55619,-0.25836,0.50779,,,,
577.662,2.50695,3.07905,7.26705,-0.22674,-0.29466,0.01980,,,,
577.765,4.48200,2.91405,9.15795,-0.96401,-0.01980,0.16156,,,,
577.871,3.83805,2.58300,9.89295,0.24296,0.33605,0.23829,,,,
577.979,3.36195,2.53995,8.56200,0.26318,-0.14231,0.11894,,,,
578.087,2.57100,3.51195,6.29700,0.55303,0.27747,0.20199,,,,
578.194,4.19205,4.04400,8.69205,0.40164,-0.09006,0.16046,,,,
578.300,5.12100,4.89405,7.66905,0.45705,-0.66632,0.26276,,,,
578.407,5.03295,3.55800,8.76105,-0.12980,-1.31093,0.50985,,,,
578.514,4.59495,2.03805,9.22995,0.00440,0.13365,0.85814,,,,
578.621,3.93105,2.61495,6.37200,0.66481,0.22523,0.97322,,,,
578.728,5.98095,2.79195,7.23105,0.20034,-0.23499,0.66962,,,,
578.835,6.59595,2.46600,6.91005,-0.28751,-0.04428,0.39160,,,,
578.943,5.69400,1.47495,6.36195,0.23334,0.16665,0.95617,,,,
579.049,5.59500,1.87995,5.32305,-0.19058,-0.66000,1.28329,,,,
579.154,10.30695,0.18000,11.95695,-0.91492,0.63112,0.32766,,,,
579.258,7.63800,0.83595,7.93695,0.68612,0.89100,-0.33385,,,,
579.361,5.87100,1.02195,7.40400,0.63181,-0.31598,-0.46062,,,,
579.469,4.05600,1.29105,4.06605,0.69575,-0.38830,0.18714,,,,
579.574,4.80495,0.67800,7.46805,-0.80630,-0.20295,0.86460,,,,
579.682,7.96095,1.45800,8.36400,0.36437,-0.34361,0.57269,,,,
579.789,6.98400,1.18500,6.95805,0.37620,-0.50559,0.05926,,,,
579.896,6.47895,0.74505,4.80300,-0.28545,0.08250,-0.19539,,,,
580.004,5.72700,-0.48300,6.64005,0.01719,-0.22000,0.23182,,,,
580.110,7.74795,0.58200,7.63605,0.45389,-0.76230,0.61325,,,,
580.215,6.54300,1.18800,6.44295,0.42089,-0.03355,0.28297,,,,
580.322,7.14405,1.08000,7.28895,0.48263,0.21134,0.20309,,,,
580.432,8.46105,0.53205,8.67000,0.44646,0.40095,0.21477,,,,
580.541,7.24695,0.49995,8.56500,0.93857,0.91548,0.38844,,,,
580.649,5.71500,0.61800,7.22205,0.99825,0.88248,0.49706,,,,
580.754,3.79500,1.12305,5.02395,1.03441,0.48414,0.58864,,,,
580.861,6.00000,1.05405,7.04895,-0.28641,-1.53354,0.44495,,,,
580.990,8.10000,0.96705,9.87195,-1.05449,1.15418,0.23719,,,,
581.097,6.92400,0.18405,9.46500,0.83957,0.05266,0.26702,,,,
581.204,4.77900,1.63305,5.87805,0.57104,0.70359,0.17751,,,,
581.311,4.36995,2.41800,5.53605,0.90557,-0.14754,0.01031,,,,
581.418,5.31495,3.01200,8.60100,-0.02544,-0.03685,-0.11976,,,,
581.529,5.55900,3.38505,9.46995,0.53914,-0.10079,0.01457,,,,
581.635,4.18305,3.39495,8.68395,0.44000,0.27101,0.59620,,,,
581.740,5.71305,2.47305,8.51700,0.59978,-0.32450,0.48001,,,,
581.848,3.99600,2.59800,4.76295,0.85443,0.06009,0.23403,,,,
581.955,4.89105,2.59305,8.07600,-0.03712,-0.33935,0.21271,,,,
582.063,7.75005,3.84795,7.04895,-0.90750,1.24685,0.35118,,,,
582.170,4.93005,1.81695,9.55605,0.10024,1.64093,-0.09625,,,,
582.274,3.10095,2.52795,6.95805,0.13544,0.25932,-0.16981,,,,
582.377,2.88495,3.39300,7.06095,0.12788,0.28064,-0.06861,,,,
582.485,2.47800,3.67005,9.77100,-0.11179,0.82706,-0.15483,,,,
582.592,2.55705,3.79200,9.91500,0.03204,0.24021,-0.03231,,,,
582.699,0.76095,2.68605,10.31700,-0.02860,0.51068,0.46516,,,,
582.806,1.08000,2.14500,8.67195,0.30470,-0.32972,0.87093,,,,
582.912,1.32600,2.27895,7.73595,0.89815,-0.58121,0.89224,,,,
583.019,2.71800,3.28695,6.54405,0.80547,-0.44688,0.41717,,,,
583.128,4.28595,3.66105,8.11905,-0.70304,0.12086,0.24145,,,,
583.234,5.69595,2.99505,10.54200,0.04482,0.14644,-0.04084,,,,
583.339,4.28805,3.16005,6.46695,-0.03712,0.14534,-0.61614,,,,
583.446,2.66700,3.40695,6.15600,-0.03932,-0.27225,-0.73975,,,,
583.553,2.45895,3.97200,9.94395,-0.05418,-0.19016,-0.37964,,,,
583.661,4.38405,5.65800,11.37495,0.18865,-0.24874,0.10395,,,,
583.766,2.30595,5.26995,7.11405,0.39737,0.58204,0.22756,,,,
583.873,3.49305,3.10995,9.91500,0.42199,-0.49486,0.13709,,,,
583.981,2.82000,3.44505,5.28495,0.88743,0.35310,0.27129,,,,
584.089,2.37795,4.00800,6.83100,0.04372,-0.13159,0.09446,,,,
584.197,4.70700,4.24305,8.61705,-1.17494,0.23691,0.13805,,,,
584.306,4.76505,4.08195,9.18000,0.17160,-0.16363,0.37139,,,,
584.411,4.96800,3.87900,7.04895,-0.23210,0.12719,-0.49143,,,,
584.517,3.12495,3.96705,5.68005,-0.07659,-0.04111,-0.64914,,,,
584.623,3.23895,4.62795,8.28495,-0.14905,-0.17847,-0.50641,,,,
584.730,4.59705,5.54700,10.30500,-0.20873,-0.11454,-0.13997,,,,
584.837,2.97795,4.55595,8.74905,-0.13942,0.70785,-0.24434,,,,
584.945,1.51605,3.11505,7.68600,-0.35145,0.48730,-0.14314,,,,
585.052,1.40805,3.00195,6.04395,0.43904,-0.18067,0.19456,,,,
585.159,2.20800,3.28305,7.93995,-0.15015,-0.30209,0.16046,,,,
585.266,4.33605,3.42600,9.33795,-1.29841,-0.03259,0.16252,,,,
585.371,4.87905,2.73705,10.91100,0.18233,-0.16363,0.26799,,,,
585.480,4.16400,3.07395,7.60500,-0.01801,-0.05390,-0.56072,,,,
585.587,3.07695,2.92305,6.61095,0.34843,-0.37345,-0.68007,,,,
585.694,2.94300,4.06095,9.03600,-0.14052,-0.53955,-0.30937,,,,
585.801,4.42695,4.36905,9.40695,-0.36850,0.09103,0.08057,,,,
585.908,3.80400,4.33395,8.39895,-0.02654,-0.01334,0.50559,,,,
586.014,3.31395,3.19605,7.35300,0.08635,0.16033,0.42680,,,,
586.121,3.20100,3.35700,5.68005,0.33564,-0.03891,0.45664,,,,
586.228,4.69500,3.03795,8.89695,-0.07769,-0.31061,0.53433,,,,
586.333,6.23505,1.40505,12.56295,-1.22609,0.08883,-0.13778,,,,
586.440,6.17505,1.71405,8.44005,0.04482,-0.20625,0.07315,,,,
586.547,2.71995,2.26305,6.87000,-0.01155,0.46599,-0.22096,,,,
586.654,2.10705,4.17300,8.37105,0.41552,-0.14864,0.15194,,,,
586.761,3.92400,4.62105,11.61495,1.07814,0.31474,0.52580,,,,
586.866,6.26595,2.67705,8.91405,2.20949,-0.15510,0.85401,,,,
586.974,3.49095,2.42805,7.55400,0.74360,0.54698,0.58864,,,,
587.078,3.80400,2.89905,4.43895,0.56471,0.14108,0.32244,,,,
587.184,3.88800,3.85695,4.63800,-0.40260,-0.20405,-0.07494,,,,
587.292,7.00095,3.49800,7.59705,-2.04944,-0.15400,-0.06531,,,,
587.398,5.79195,2.82000,10.26900,-1.02781,0.16239,-0.26345,,,,
587.504,2.47605,2.84895,6.81900,-0.24379,0.03988,-0.48400,,,,
587.611,2.68905,3.57495,8.35200,0.66055,-0.63649,-0.20597,,,,
587.717,5.37495,4.66200,9.21105,0.49431,0.55330,-0.26771,,,,
587.826,5.96595,3.76905,11.73900,0.02241,-0.01664,-0.18892,,,,
587.934,3.22695,2.84895,8.87100,0.36974,0.11866,0.38844,,,,
588.041,2.56905,2.70600,6.06795,0.44110,0.26153,0.51727,,,,
588.148,2.72895,3.18000,6.02700,-0.15015,0.01114,0.17861,,,,
588.255,5.80095,3.04500,9.17805,-0.64762,-0.50985,0.00069,,,,
588.362,7.15905,1.32195,13.35795,-0.93940,-0.61848,-0.70345,,,,
588.469,5.96595,1.89900,8.30895,-0.58052,-0.32546,-0.80685,,,,
588.576,2.16900,2.80605,6.28305,-0.58905,0.30621,-0.80149,,,,
588.684,3.57000,3.16005,8.77995,-0.47396,-0.32450,-0.46269,,,,
588.791,5.32500,3.49605,10.26195,-0.01801,0.20281,-0.03561,,,,
588.897,2.54805,2.60700,13.04700,0.44756,0.12939,0.60046,,,,
589.004,5.59995,2.71695,7.90905,1.49682,-0.51411,0.54711,,,,
589.111,3.86400,2.05005,4.26705,0.86611,-0.19126,0.01347,,,,
589.218,3.72105,1.98195,3.37395,0.14492,-0.41497,-0.30827,,,,
589.325,4.24005,2.44500,5.35905,-0.58685,-0.31914,-0.29329,,,,
589.432,6.72105,5.15700,8.81595,-1.00017,0.76849,-0.07604,,,,
589.538,5.83995,2.42805,9.83100,-0.47602,0.19429,-0.42763,,,,
589.644,2.77005,2.87595,4.23105,-0.27582,0.20611,-0.41800,,,,
589.751,1.50795,2.60505,7.69605,-0.18315,-0.11454,-0.06215,,,,
589.857,4.18995,2.90205,11.34900,1.11334,0.17724,0.69520,,,,
589.964,4.14405,2.20500,10.53795,0.66908,0.80053,0.51205,,,,
590.071,3.85200,1.52805,8.26500,0.71376,0.42446,0.76230,,,,
590.180,3.43095,1.82700,5.40900,0.87367,0.12196,0.81565,,,,
590.288,4.62795,2.80095,5.69400,0.14176,-0.18384,0.37991,,,,
590.412,6.77805,2.27205,7.92795,-1.55512,-0.19236,-0.07920,,,,
590.519,7.25895,1.73100,9.25695,-0.55275,0.14424,-0.32106,,,,
590.627,5.09700,1.24005,7.96905,-0.34499,-0.31061,-0.86749,,,,
590.733,3.02595,1.72605,6.51300,-0.11605,-0.04001,-0.52979,,,,
590.840,3.98595,2.34600,8.20605,-0.38445,0.03988,-0.19539,,,,
590.954,5.27505,1.63995,10.09500,0.28133,-0.36809,0.29150,,,,
591.061,5.69805,0.81600,9.10800,0.31653,-0.16459,0.65794,,,,
591.166,5.72505,0.34500,10.89705,-0.16074,-0.25520,0.88481,,,,
591.273,5.82795,1.09200,6.80505,0.22907,0.14108,0.59194,,,,
591.381,5.44200,1.00605,7.27695,-0.31941,-0.12636,-0.00467,,,,
591.506,6.62205,0.67305,7.73205,-0.26194,-0.06559,-0.19003,,,,
591.611,6.99600,0.41700,8.39700,-0.52718,0.06765,-0.33165,,,,
591.719,6.35700,-0.07995,6.32895,-0.36314,-0.00481,-0.78224,,,,
591.827,4.95795,0.71100,8.10705,-0.56444,0.46062,-0.64914,,,,
591.933,4.61400,1.72905,7.58100,-0.31941,0.20611,-0.48620,,,,
592.041,4.16100,1.99200,8.31795,-0.07452,0.24654,-0.23471,,,,
592.149,4.78095,1.81500,9.89805,0.33358,0.10491,-0.01430,,,,
592.255,4.63500,1.31400,11.78505,0.12581,0.28380,0.11041,,,,
592.362,3.28695,0.73305,9.36195,0.93431,0.32216,0.69410,,,,
592.467,4.66200,0.96495,7.88505,1.02492,-0.38197,0.67705,,,,
592.575,3.32805,1.48905,7.11900,0.54656,0.13571,0.41717,,,,
592.683,3.57195,2.02605,7.40595,0.07576,0.13475,0.30209,,,,
592.791,4.30695,2.20305,10.12095,-0.15538,-0.30745,0.47795,,,,
592.898,5.60505,0.95505,13.32195,-0.59427,0.40425,0.17957,,,,
593.005,6.15795,1.44405,7.84605,0.52415,-0.27335,0.17957,,,,
593.112,3.43305,1.57800,7.81305,-0.06490,0.57461,-0.24750,,,,
593.219,4.04895,2.74605,7.53495,0.08635,-0.06985,-0.16225,,,,
593.326,3.91695,2.59095,9.60105,0.10560,0.15606,-0.26565,,,,
593.431,5.92800,2.91900,9.63000,0.03630,-0.46296,-0.05362,,,,
593.537,2.27700,2.26005,8.08095,0.35269,0.72270,0.46613,,,,
593.645,4.84605,1.59000,9.12000,0.76491,-0.60142,0.89760,,,,
593.753,3.16005,2.16195,7.21200,0.71912,0.08883,0.61421,,,,
593.860,3.59595,2.81295,7.47795,0.51246,0.16665,0.50669,,,,
593.967,5.87100,3.48600,8.31300,0.29838,-0.27858,0.53006,,,,
594.075,6.39000,2.08095,11.10705,-0.49527,0.86336,-0.06751,,,,
594.180,6.33495,2.55195,6.66795,0.47410,-0.30745,0.04538,,,,
594.286,4.26705,2.66205,6.97500,-0.24709,0.21986,-0.42859,,,,
594.394,3.52200,3.93405,7.00095,0.09061,-0.01444,-0.26991,,,,
594.501,4.07700,4.23795,9.87195,0.65519,-0.51081,0.02516,,,,
594.607,5.96895,2.58105,13.41795,0.24406,-0.55234,0.48744,,,,
594.715,4.72605,2.89905,8.13105,0.63718,0.47341,0.75914,,,,
594.831,5.13300,3.08400,6.32595,0.01389,0.32326,0.42570,,,,
594.939,4.60905,3.87405,6.81195,0.58919,-0.05060,0.29576,,,,
595.046,7.99395,5.27895,6.26400,1.54577,-0.41071,0.73356,,,,
595.153,7.58700,3.09600,7.83405,-0.45265,-0.84109,-0.43931,,,,
595.260,5.92305,3.26805,4.63800,-0.27582,0.17407,0.17957,,,,
595.371,6.76905,3.92205,7.01805,-0.48675,0.08030,0.08910,,,,
595.478,6.30900,3.66105,5.73000,-0.16500,-0.07521,0.07741,,,,
595.585,6.78495,3.95295,7.03500,-0.23746,-0.22426,0.18604,,,,
595.692,6.47895,3.59400,7.75305,0.31116,-0.32120,0.03162,,,,
595.801,6.83295,3.12000,7.65495,-0.14163,-0.14754,0.43216,,,,
595.908,4.74795,1.96095,6.48705,0.01609,0.91341,1.43454,,,,
596.015,8.51895,3.67995,7.11405,-0.49734,0.64501,0.52264,,,,
596.121,6.12000,2.66700,9.90300,0.47836,-0.22220,0.33193,,,,
596.229,7.41300,3.35700,7.26495,1.38710,-0.37235,0.39806,,,,
596.338,7.67100,3.84795,3.49395,1.05256,-0.32340,-0.05156,,,,
596.445,6.78795,1.36005,7.33905,0.12045,0.55330,0.24997,,,,
596.548,7.74105,2.46405,5.79195,0.36231,-0.03465,0.08910,,,,
596.655,6.19605,2.32500,6.87405,-0.01485,0.33289,0.13805,,,,
596.762,7.24500,2.76495,6.17295,0.17476,0.04208,0.22866,,,,
596.869,8.29800,3.37800,5.39505,0.42515,-0.29783,0.04331,,,,
596.976,8.31795,3.72495,4.74105,0.43367,-0.34361,-0.55866,,,,
597.084,8.86095,3.00705,5.42805,-0.42171,-0.60459,-0.80781,,,,
597.190,7.33395,2.15700,4.42005,-1.06521,-0.63552,-0.65450,,,,
597.297,8.20005,2.67000,5.26800,-1.19515,-0.31488,-0.81634,,,,
597.404,6.82395,3.16500,4.83705,-1.23874,-0.92414,-0.86859,,,,
597.509,9.78495,2.62200,6.47505,-2.14101,-1.01475,-1.11567,,,,
597.615,7.69995,1.81005,5.16300,-1.69799,-0.52896,-1.43426,,,,
597.722,6.40905,2.18595,3.88905,-2.12616,-0.64501,-1.14029,,,,
597.828,8.58300,2.99295,5.59605,-2.03459,-1.13616,-0.82390,,,,
597.935,7.11795,3.30600,7.46295,-1.15885,-0.51411,-0.74401,,,,
598.044,6.91200,4.36200,6.22305,-0.15111,-0.26799,-0.30718,,,,
598.150,3.01695,8.98995,6.99195,0.82775,0.29342,0.30855,,,,
598.257,10.75200,4.13505,4.24605,2.46730,0.53102,1.19914,,,,
598.365,5.89500,2.44200,3.37395,0.45609,0.90695,-0.41800,,,,
598.472,5.69595,3.76395,4.92600,0.18439,-0.06765,0.23925,,,,
598.580,8.53500,5.30100,3.87405,-0.27362,-0.17957,0.57695,,,,
598.692,8.81595,4.73595,4.63605,-1.00980,-0.53322,-0.29755,,,,
598.799,10.15605,2.83695,4.90905,-1.42093,-0.91135,-0.83449,,,,
598.906,8.69100,2.15505,4.22595,-1.24204,-0.41497,-1.12640,,,,
599.013,8.32200,2.55495,4.44900,-1.21000,-0.31267,-0.98257,,,,
599.121,7.36200,3.14595,4.75605,-1.04706,-0.77082,-0.75680,,,,
599.230,8.10000,3.56700,4.91595,-1.24300,-0.76863,-0.47767,,,,
599.335,8.29605,3.78105,5.21295,-1.10674,-0.44591,-0.66083,,,,
599.439,8.56395,3.51705,5.70795,-1.08543,-0.59716,-0.70345,,,,
599.545,8.92995,3.13395,5.33505,-1.06095,0.09639,-1.20835,,,,
599.651,10.46805,3.80205,8.50200,-0.96497,0.99330,-2.65719,,,,
599.758,2.64600,3.18900,6.96105,-0.30456,1.44609,-3.69160,,,,
599.866,-3.77205,4.02705,6.85995,-0.13736,-0.23705,-2.42385,,,,
599.973,-2.70195,5.36100,7.27695,-0.52181,-0.56196,-0.74071,,,,
600.079,-3.61695,5.72205,7.79595,-0.84782,1.67186,-0.06641,,,,
600.187,0.88605,5.37300,8.38995,-0.86488,2.30670,0.11674,,,,
600.295,-4.23900,4.63305,8.53605,-0.17462,1.73264,0.32560,,,,
600.402,-3.96795,5.88000,7.01595,0.19717,1.04761,0.44701,,,,
600.509,-4.36395,5.47995,6.10095,0.09708,-1.45365,0.50875,,,,
600.615,-3.04200,5.82300,7.28400,0.00962,-1.52927,-0.21670,,,,
600.719,-3.18600,5.71305,7.80795,-0.06696,-0.32340,-0.40521,,,,
600.823,-3.05205,5.72205,8.07600,0.08745,-0.20721,-0.12403,,,,
600.928,-2.67600,5.65500,7.94205,0.31433,-0.42460,0.22646,,,,
601.035,-1.03605,6.10500,7.43505,0.16197,-1.15101,0.46516,,,,
601.143,2.07795,6.48105,7.92795,0.04799,-2.10238,0.40659,,,,
601.249,1.76205,6.19605,7.48695,-0.21299,-1.01791,-0.69383,,,,
601.357,1.09695,6.39300,7.79100,-0.13310,-0.80809,-0.97941,,,,
601.465,1.69305,5.88300,7.88700,0.05019,-1.32041,-1.18181,,,,
601.573,-0.40605,6.75195,6.60900,0.31226,0.16459,-1.46726,,,,
601.680,1.31505,7.57305,6.80505,-0.01265,-0.67705,-0.55756,,,,
601.787,0.34005,6.95805,7.41795,-0.11385,-0.46613,-0.79406,,,,
601.893,-0.85605,6.64605,7.46295,-0.00206,-0.48744,-0.21134,,,,
602.001,0.30705,7.13505,6.90600,-0.14259,-0.67169,-0.07604,,,,
602.109,-0.04395,6.51000,7.83705,-0.18095,-0.53529,-0.13778,,,,
602.216,1.32600,7.05600,6.91005,-0.18741,-0.44907,-0.54368,,,,
602.324,-0.12795,7.06305,7.48005,-0.47932,-0.37661,-0.59056,,,,
602.431,1.93200,6.20805,7.87305,0.01925,-0.42350,0.01554,,,,
602.554,2.03805,5.24805,8.64795,-0.02338,-0.49280,-0.27954,,,,
602.661,3.20595,5.35800,8.02800,0.00536,-0.61628,-0.37964,,,,
602.767,2.67195,5.47305,7.40400,-0.15111,-0.81867,-0.58946,,,,
602.870,1.85100,5.95200,6.89400,-0.21299,-0.39050,-0.90475,,,,
602.977,1.78095,6.38100,7.20195,-0.31735,-0.37455,-0.70139,,,,
603.108,2.14800,6.42900,7.85400,-0.27266,-0.78361,-0.34018,,,,
603.215,2.16195,6.14595,7.94205,-0.24599,-0.42996,-0.55646,31.2519917,75.7047800,0.000,77.15
603.319,2.22705,6.09300,7.34100,-0.09364,-0.34787,-0.41264,31.2519917,75.7047800,0.000,77.15
603.422,2.10195,6.40005,7.62405,-0.18521,-0.10821,-0.44564,31.2519917,75.7047800,0.000,77.15
603.525,1.88205,6.06195,8.03805,-0.20652,0.00797,-0.29659,31.2519917,75.7047800,0.000,77.15
603.628,2.27895,5.19105,7.87305,0.12265,-0.12100,0.25740,31.2519917,75.7047800,0.000,77.15
603.736,2.57595,5.33205,7.25700,-0.20873,-0.22330,-0.21024,31.2519917,75.7047800,0.000,77.15
603.846,1.95900,4.39305,9.52200,-0.24283,-0.13269,-0.22729,31.2519917,75.7047800,0.000,77.15
603.953,3.84495,5.00205,8.60100,-0.15538,-0.30841,-0.66935,31.2519917,75.7047800,0.000,77.15
604.057,3.48105,4.95600,8.05995,-0.05321,-0.42350,-1.01021,31.2519917,75.7047800,0.000,77.15
604.166,3.27795,5.46105,7.57095,-0.15015,-0.84851,-1.23819,31.2520500,75.7047933,0.000,77.15
604.273,2.18100,5.36295,8.32305,-0.14685,-0.86350,-1.49916,31.2520500,75.7047933,0.000,77.15
604.381,1.64700,5.54295,8.86905,-0.27266,-1.00086,-1.51731,31.2520500,75.7047933,0.000,77.15
604.488,1.01505,5.78205,7.21200,-0.03396,-0.79530,-1.08804,31.2520500,75.7047933,0.000,77.15
604.595,1.10595,6.40200,7.17405,-0.29714,-0.75804,-0.92826,31.2520500,75.7047933,0.000,77.15
604.704,1.31505,6.33795,8.60805,-0.25231,-0.89966,-0.71734,31.2520500,75.7047933,0.000,77.15
604.812,0.67500,6.49605,7.24800,-0.21189,-0.37771,-0.67361,31.2520500,75.7047933,0.000,77.15
604.919,0.98400,6.58905,6.80295,-0.18947,-0.07521,-0.50325,31.2520500,75.7047933,0.000,77.15
605.026,1.23795,6.88095,6.76200,-0.21079,-0.21477,-0.52236,31.2520500,75.7047933,0.000,77.15
605.134,1.51305,6.87900,7.50900,-0.21931,-0.19979,-0.40947,31.2520500,75.7047933,0.000,77.15
605.242,1.74300,6.51195,7.69095,-0.24379,-0.20515,-0.20391,31.2517100,75.7046717,0.000,77.15
605.350,2.57400,5.31300,10.08300,-0.30882,-0.55454,-0.42336,31.2517100,75.7046717,0.000,77.15
605.458,2.57895,5.31795,7.15200,0.27706,-0.32340,-0.40631,31.2517100,75.7046717,0.000,77.15
605.565,2.30295,5.31495,7.22595,-0.02118,-0.01444,-0.48290,31.2517100,75.7046717,0.000,77.15
605.673,2.79405,6.27300,5.88600,-0.09900,0.03671,-0.20487,31.2517100,75.7046717,0.000,77.15
605.782,2.46600,6.16500,8.68200,-0.05954,-0.46722,0.15510,31.2517100,75.7046717,0.000,77.15
605.889,2.30100,6.80700,7.99005,-0.01059,-0.60349,0.48537,31.2517100,75.7046717,0.000,77.15
605.997,2.29905,5.98995,7.88700,-0.06174,-0.77399,1.00622,31.2517100,75.7046717,0.000,77.15
606.105,3.54405,6.04995,7.32900,0.11729,0.18686,0.80712,31.2517100,75.7046717,0.000,77.15
606.212,2.96400,5.61705,7.22205,0.51136,0.28174,0.74951,31.2516883,75.7046750,1.156,117.94
606.319,3.58395,5.92605,6.93705,0.46035,0.13901,0.50779,31.2516883,75.7046750,1.156,117.94
606.430,3.52200,6.11700,7.66395,0.27596,0.29026,0.42144,31.2516883,75.7046750,1.156,117.94
606.538,5.06400,6.08895,8.69895,-0.04042,0.19965,0.42460,31.2516883,75.7046750,1.156,117.94
606.646,4.86795,4.36695,7.83000,0.53267,-0.00165,0.74525,31.2516883,75.7046750,1.156,117.94
606.754,3.13395,4.43400,6.58005,0.44962,0.53102,0.50023,31.2516883,75.7046750,1.156,117.94
606.859,3.01695,5.33700,6.42195,0.55935,0.79943,0.74745,31.2516883,75.7046750,1.156,117.94
606.969,3.40005,6.25905,8.53605,0.71170,0.75254,1.04362,31.2516883,75.7046750,1.156,117.94
607.076,2.90205,5.75805,9.82605,0.30580,0.79200,1.02231,31.2516883,75.7046750,1.156,117.94
607.186,2.45895,5.58600,8.45895,0.38569,0.65024,1.14799,31.2517200,75.7046717,0.000,117.94
607.294,2.68200,5.43705,6.57795,0.71802,0.78031,0.81991,31.2517200,75.7046717,0.000,117.94
607.401,2.59995,5.71995,6.55095,0.50284,0.67801,0.60362,31.2517200,75.7046717,0.000,117.94
607.526,4.34100,5.84205,6.86205,0.04166,0.37015,0.46090,31.2517200,75.7046717,0.000,117.94
607.635,3.85500,5.75295,7.94895,-0.60280,0.56939,0.16679,31.2517200,75.7046717,0.000,117.94
607.742,2.98800,4.51095,8.26305,-0.05321,-0.18067,0.80383,31.2517200,75.7046717,0.000,117.94
607.849,3.71400,3.74505,8.32995,-0.56664,-0.16679,0.45127,31.2517200,75.7046717,0.000,117.94
607.953,3.77295,3.31395,7.43700,-0.54106,-0.13379,0.53969,31.2517200,75.7046717,0.000,117.94
608.082,3.85005,1.90095,9.18705,-0.43670,0.00797,0.31391,31.2517200,75.7046717,0.000,117.94
608.190,4.30695,1.15395,10.16205,-0.31941,-0.35750,0.20625,31.2517250,75.7046683,0.770,353.71
608.297,5.24100,1.26705,8.40195,-0.14905,-0.10711,-0.03341,31.2517250,75.7046683,0.770,353.71
608.405,4.37205,0.18195,10.26705,-0.56348,-0.25204,-0.74717,31.2517250,75.7046683,0.770,353.71
608.514,4.21395,1.43700,8.18205,-0.42818,-0.18274,-1.14345,31.2517250,75.7046683,0.770,353.71
608.622,4.57500,1.46295,8.65605,-0.33646,-0.22852,-0.88990,31.2517250,75.7046683,0.770,353.71
608.731,4.18005,2.18100,8.01600,-0.36630,0.11866,-0.60225,31.2517250,75.7046683,0.770,353.71
608.839,5.49495,2.09505,7.95195,-0.16074,-0.12526,-0.21134,31.2517250,75.7046683,0.770,353.71
608.947,4.96305,2.37795,8.56500,-0.14685,0.03355,-0.35943,31.2517250,75.7046683,0.770,353.71
609.055,5.03505,2.86605,8.20305,0.00536,0.00371,-0.17298,31.2517250,75.7046683,0.770,353.71
609.173,5.30595,3.24705,7.58295,0.35063,0.10381,0.11674,31.2517050,75.7046500,0.626,335.87
609.278,5.06895,3.09105,7.64295,0.28875,0.06861,0.27871,31.2517050,75.7046500,0.626,335.87
609.386,5.57895,2.95005,7.81095,0.40164,0.29342,0.28297,31.2517050,75.7046500,0.626,335.87
609.494,5.57895,2.63100,7.90605,0.49761,0.20818,0.36603,31.2517050,75.7046500,0.626,335.87
609.601,4.92000,2.89005,8.36805,0.26647,0.18480,0.42144,31.2517050,75.7046500,0.626,335.87
609.708,4.86795,3.18000,8.04300,0.45499,0.14108,0.65794,31.2517050,75.7046500,0.626,335.87
609.814,5.25495,2.69100,8.17395,0.39957,0.11550,0.41181,31.2517050,75.7046500,0.626,335.87
609.922,4.13700,3.10500,7.34805,0.20680,0.27431,0.07837,31.2517050,75.7046500,0.626,335.87
610.029,3.11505,3.41400,8.36805,-0.04675,0.13997,0.16789,31.2517050,75.7046500,0.626,335.87
610.137,4.34100,3.78795,9.40695,-0.05101,0.11124,0.07521,31.2517050,75.7046500,0.626,335.87
610.244,4.27395,3.87405,8.20800,0.22481,0.18576,-0.10161,31.2517200,75.7046567,0.000,335.87
610.352,4.16100,3.65595,8.59605,-0.00316,-0.01870,-0.15593,31.2517200,75.7046567,0.000,335.87
610.460,3.95805,3.96000,7.92300,0.17380,0.15606,0.13172,31.2517200,75.7046567,0.000,335.87
610.567,3.77805,4.18500,8.17695,0.04482,0.13255,0.16156,31.2517200,75.7046567,0.000,335.87
610.675,3.67500,3.83805,8.27700,0.25575,0.18686,0.44907,31.2517200,75.7046567,0.000,335.87
610.783,4.04595,3.60600,8.22705,0.28352,0.20075,0.57805,31.2517200,75.7046567,0.000,335.87
610.891,4.24005,3.35700,8.31600,0.28985,0.25300,0.64089,31.2517200,75.7046567,0.000,335.87
610.999,4.32900,3.18405,8.04300,0.20254,0.16129,0.65904,31.2517200,75.7046567,0.000,335.87
611.106,4.96095,3.25095,8.17005,0.15881,0.07604,0.53433,31.2517200,75.7046567,0.000,335.87
611.214,4.56795,3.10305,8.12205,0.12898,0.10491,0.22976,31.2517283,75.7046667,0.000,335.87
611.322,4.93005,3.02205,8.28000,0.07576,-0.10395,0.12856,31.2517283,75.7046667,0.000,335.87
611.430,4.82400,2.91600,7.79895,-0.01581,-0.04744,-0.10477,31.2517283,75.7046667,0.000,335.87
611.538,4.57305,2.87595,7.75305,-0.15331,-0.12210,-0.16555,31.2517283,75.7046667,0.000,335.87
611.645,4.65900,3.34200,8.95695,-0.23320,-0.20515,-0.34018,31.2517283,75.7046667,0.000,335.87
611.750,4.66605,3.39495,8.36805,0.04702,-0.11028,-0.26991,31.2517283,75.7046667,0.000,335.87
611.857,4.46505,3.41895,7.49205,-0.05528,-0.02832,-0.31570,31.2517283,75.7046667,0.000,335.87
611.965,4.55400,3.66105,8.52900,-0.15331,-0.21574,-0.14314,31.2517283,75.7046667,0.000,335.87
612.072,4.30200,3.81195,7.69995,-0.04359,0.09419,-0.20391,31.2517283,75.7046667,0.000,335.87
612.179,4.38600,3.74895,8.20995,-0.09680,-0.04111,-0.03231,31.2517050,75.7046683,0.000,335.87
612.283,4.96095,3.61500,8.04300,-0.04359,-0.01760,-0.03341,31.2517050,75.7046683,0.000,335.87
612.388,3.97395,3.76095,7.94505,-0.04991,0.09639,-0.02062,31.2517050,75.7046683,0.000,335.87
612.500,4.83405,3.56700,8.48595,0.02888,-0.09323,0.17861,31.2517050,75.7046683,0.000,335.87
612.607,4.45095,3.46395,7.88700,0.07576,0.26675,0.02832,31.2517050,75.7046683,0.000,335.87
612.716,4.35795,3.49800,8.99100,0.07466,-0.21684,0.27445,31.2517050,75.7046683,0.000,335.87
612.824,5.32200,2.85405,8.10495,0.27596,0.00797,0.03795,31.2517050,75.7046683,0.000,335.87
612.931,5.26005,2.63100,7.33395,-0.09364,-0.13269,-0.31460,31.2517050,75.7046683,0.000,335.87
613.039,4.69500,3.41205,7.09905,-0.33866,-0.16363,-0.40521,31.2517050,75.7046683,0.000,335.87
613.146,4.44900,4.08705,8.50995,-0.51549,-0.30415,-0.38596,31.2517050,75.7046683,0.000,335.87
613.253,4.98195,3.72300,8.30895,-0.08621,-0.11028,-0.38596,31.2517067,75.7046783,0.000,335.87
613.361,4.12305,3.61095,7.89000,-0.10959,-0.06449,-0.33811,31.2517067,75.7046783,0.000,335.87
613.469,3.96705,3.83295,8.00700,-0.25231,0.15070,-0.32849,31.2517067,75.7046783,0.000,335.87
613.576,3.71400,4.18005,8.23905,-0.14589,0.00467,0.28724,31.2517067,75.7046783,0.000,335.87
613.682,4.26705,3.95805,9.10800,0.05019,0.02392,0.39050,31.2517067,75.7046783,0.000,335.87
613.790,5.52600,2.89005,8.11905,0.44000,0.05692,0.34045,31.2517067,75.7046783,0.000,335.87
613.898,4.96305,2.50395,7.59705,0.04592,-0.02406,-0.13681,31.2517067,75.7046783,0.000,335.87
614.007,4.52505,3.04995,7.66200,-0.22357,-0.05816,-0.12829,31.2517067,75.7046783,0.000,335.87
614.115,4.93005,3.36405,8.39895,-0.24379,-0.05706,-0.16555,31.2517067,75.7046783,0.000,335.87
614.224,4.51800,3.60300,8.07900,-0.15441,-0.00591,-0.29232,31.2517183,75.7046867,0.000,335.87
614.330,4.20000,3.18195,8.62005,-0.09680,0.01746,-0.28476,31.2517183,75.7046867,0.000,335.87
614.438,4.53705,3.11505,8.36595,-0.10959,-0.09969,-0.16129,31.2517183,75.7046867,0.000,335.87
614.546,3.88095,3.16500,8.03805,-0.20873,0.08883,-0.25822,31.2517183,75.7046867,0.000,335.87
614.653,4.69800,3.22995,8.76600,-0.18947,-0.17957,-0.00247,31.2517183,75.7046867,0.000,335.87
614.760,5.62200,2.93805,9.03195,-0.00949,-0.14231,-0.14740,31.2517183,75.7046867,0.000,335.87
614.867,4.76895,3.06195,7.32705,0.05761,-0.09969,-0.35090,31.2517183,75.7046867,0.000,335.87
614.973,3.76095,3.34995,8.39700,-0.17999,-0.31378,-0.25712,31.2517183,75.7046867,0.000,335.87
615.081,4.24695,3.33495,8.63400,-0.00839,-0.04208,-0.19319,31.2517183,75.7046867,0.000,335.87
615.191,4.25505,3.24195,7.87800,0.00756,0.06971,-0.11756,31.2516817,75.7046833,0.000,335.87
615.299,4.36695,3.44805,8.21505,-0.11605,0.03025,-0.00041,31.2516817,75.7046833,0.000,335.87
615.408,4.69500,3.61800,8.17905,0.05651,0.10065,0.10299,31.2516817,75.7046833,0.000,335.87
615.516,4.68795,3.68205,8.10000,0.03094,-0.01980,-0.13035,31.2516817,75.7046833,0.000,335.87
615.623,3.60300,3.62505,8.43795,0.11509,0.19429,-0.06009,31.2516817,75.7046833,0.000,335.87
615.732,3.66105,3.73500,8.65605,0.07576,0.16775,0.16363,31.2516817,75.7046833,0.000,335.87
615.840,4.13205,3.73500,8.55300,0.25149,0.22633,0.35640,31.2516817,75.7046833,0.000,335.87
615.948,3.95805,3.73695,8.33505,0.13434,-0.06875,0.24351,31.2516817,75.7046833,0.000,335.87
616.056,2.94705,4.05105,7.36005,0.19827,0.49156,0.24461,31.2516817,75.7046833,0.000,335.87
616.162,3.42105,4.09695,8.54100,0.07466,0.25080,0.62177,31.2516650,75.7046750,0.000,335.87
616.271,4.51605,3.68205,9.22095,0.36341,0.20818,0.64515,31.2516650,75.7046750,0.000,335.87
616.378,3.73695,4.20900,7.77900,0.26427,0.08566,0.20625,31.2516650,75.7046750,0.000,335.87
616.486,3.06495,4.33605,8.70105,0.09171,0.04304,0.02090,31.2516650,75.7046750,0.000,335.87
616.595,3.42900,4.85295,8.41905,0.11083,-0.04318,0.08168,31.2516650,75.7046750,0.000,335.87
616.703,4.18500,4.32600,8.40705,0.32931,-0.06132,0.10299,31.2516650,75.7046750,0.000,335.87
616.811,3.57495,4.35795,7.50900,0.21313,0.03988,-0.02282,31.2516650,75.7046750,0.000,335.87
616.933,4.09695,4.17600,8.20800,0.05651,-0.15606,0.13915,31.2516650,75.7046750,0.000,335.87
617.041,3.79305,4.18995,7.43205,0.02241,0.07081,0.24255,31.2516650,75.7046750,0.000,335.87
617.149,4.19700,3.79695,8.26305,-0.20336,-0.05170,0.32450,31.2516650,75.7046750,0.000,335.87
617.256,4.84800,3.34500,8.32995,-0.21299,-0.12100,0.17641,31.2516417,75.7046700,0.000,335.87
617.360,5.43705,2.77305,8.43795,-0.30346,-0.20089,-0.17930,31.2516417,75.7046700,0.000,335.87
617.473,4.71405,3.10095,7.59495,-0.31515,-0.17215,-0.38074,31.2516417,75.7046700,0.000,335.87
617.581,4.74495,3.33495,7.73595,-0.29287,-0.42034,-0.07177,31.2516417,75.7046700,0.000,335.87
617.687,4.73100,3.05295,7.67205,-0.11069,-0.47039,0.32986,31.2516417,75.7046700,0.000,335.87
617.795,5.98605,2.50005,8.04795,0.13324,-0.37771,0.73576,31.2516417,75.7046700,0.000,335.87
617.904,7.05105,2.39205,7.51095,0.29947,-0.27651,0.55357,31.2516417,75.7046700,0.000,335.87
618.030,7.45305,2.71695,7.42995,0.39737,0.21244,-0.10904,31.2516417,75.7046700,0.000,335.87
618.139,5.78895,3.54105,7.23105,0.61476,0.44151,-0.24970,31.2516417,75.7046700,0.000,335.87
618.246,5.03700,4.04895,6.79800,0.81716,0.71637,-0.11756,31.2516317,75.7046783,0.000,335.87
618.353,5.00400,5.74395,7.51800,0.60734,0.86652,-0.28050,31.2516317,75.7046783,0.000,335.87
618.455,3.18705,6.49095,7.57095,0.54876,0.76643,-0.40205,31.2516317,75.7046783,0.000,335.87
618.586,2.46405,6.16800,7.09200,0.26647,0.27321,-0.65986,31.2516317,75.7046783,0.000,335.87
618.694,0.99600,5.53800,8.08605,-0.39408,0.18686,-0.92716,31.2516317,75.7046783,0.000,335.87
618.802,1.07295,5.74095,7.33905,0.04056,0.14850,-0.18892,31.2516317,75.7046783,0.000,335.87
618.911,1.54905,5.85900,8.10705,-0.27582,0.37441,-0.30181,31.2516317,75.7046783,0.000,335.87
619.019,1.26405,5.39400,7.86600,-0.43876,0.12829,-0.30511,31.2516317,75.7046783,0.000,335.87
619.128,1.22100,5.09505,8.50005,-0.36630,0.01540,-0.11124,31.2516317,75.7046783,0.000,335.87
619.236,1.17105,4.75500,8.40705,-0.41003,0.03135,-0.23375,31.2516267,75.7046733,0.000,335.87
619.345,0.24000,4.42905,9.06495,-0.09584,0.29232,-0.09199,31.2516267,75.7046733,0.000,335.87
619.453,-0.63105,4.39605,9.27300,0.02571,0.23169,0.34898,31.2516267,75.7046733,0.000,335.87
619.561,0.00000,4.61805,8.20605,0.31323,-0.90393,1.41322,31.2516267,75.7046733,0.000,335.87
619.683,4.09395,5.03700,8.42295,0.55193,0.17311,1.16077,31.2516267,75.7046733,0.000,335.87
619.791,3.56700,5.61195,7.46595,0.40810,0.25300,0.48001,31.2516267,75.7046733,0.000,335.87
619.899,3.75900,4.72395,7.48305,0.07686,-0.06449,-0.29975,31.2516267,75.7046733,0.000,335.87
620.006,2.49000,4.79100,8.43105,-0.17146,0.14534,-0.56072,31.2516267,75.7046733,0.000,335.87
620.111,1.99905,4.82895,8.79900,-0.47712,0.10271,-0.55014,31.2516267,75.7046733,0.000,335.87
620.238,2.67405,4.48695,9.09405,-0.01265,-2.30257,0.02942,31.2516067,75.7046683,0.000,335.87
620.346,8.12400,4.90800,9.50295,0.14919,-1.26610,-0.60335,31.2516067,75.7046683,0.000,335.87
620.454,3.57705,4.78605,7.22895,0.21532,0.53419,-1.55141,31.2516067,75.7046683,0.000,335.87
620.561,0.36195,6.24705,5.81595,0.36974,1.43536,-0.28696,31.2516067,75.7046683,0.000,335.87
620.668,0.73995,6.75900,6.45495,0.12691,0.82500,0.64941,31.2516067,75.7046683,0.000,335.87
620.775,3.11700,6.86700,7.05405,-0.56238,0.53199,0.35008,31.2516067,75.7046683,0.000,335.87
620.878,3.32595,6.37605,8.10705,-0.17669,-0.02929,0.02200,31.2516067,75.7046683,0.000,335.87
620.984,2.71500,6.15105,7.44900,-0.10959,-0.02406,-0.24750,31.2516067,75.7046683,0.000,335.87
621.092,2.61000,6.21495,6.96300,-0.11701,-0.14121,-0.21244,31.2516067,75.7046683,0.000,335.87
621.199,2.30595,6.16500,7.75095,-0.28325,-0.09749,-0.22302,31.2515867,75.7046550,0.000,335.87
621.303,1.72605,6.37800,7.78395,-0.21395,-0.13585,-0.17724,31.2515867,75.7046550,0.000,335.87
621.411,1.89600,5.85600,7.80105,0.02035,-0.11564,0.01457,31.2515867,75.7046550,0.000,335.87
621.519,2.43300,5.99295,7.46595,-0.02118,-0.05912,0.02626,31.2515867,75.7046550,0.000,335.87
621.627,2.39205,5.89500,7.62105,-0.01911,-0.02929,0.04331,31.2515867,75.7046550,0.000,335.87
621.735,2.46600,5.75595,7.63800,-0.05321,-0.06132,0.07315,31.2515867,75.7046550,0.000,335.87
621.843,2.69100,5.79900,7.74300,-0.06490,-0.15290,0.03589,31.2515867,75.7046550,0.000,335.87
621.950,2.73195,5.78400,7.76505,-0.11605,-0.11784,-0.04840,31.2515867,75.7046550,0.000,335.87
622.057,2.57895,5.76105,7.96905,-0.01911,-0.08580,-0.08236,31.2515867,75.7046550,0.000,335.87
622.165,2.36295,5.67900,7.38705,0.01182,-0.06339,-0.00894,31.2515800,75.7046617,0.000,335.87
622.270,3.36600,5.70300,8.35395,0.08429,-0.27761,-0.01952,31.2515800,75.7046617,0.000,335.87
622.377,4.20000,5.95695,8.95500,0.73838,-0.53116,-0.10477,31.2515800,75.7046617,0.000,335.87
622.485,4.26900,6.28695,6.88200,0.92373,-0.02090,-0.40727,31.2515800,75.7046617,0.000,335.87
622.593,2.91405,7.10100,4.95705,0.77880,0.07191,-0.13255,31.2515800,75.7046617,0.000,335.87
622.701,1.73100,7.86300,4.90605,0.41126,0.67375,-0.06531,31.2515800,75.7046617,0.000,335.87
622.809,2.26305,7.80495,5.29905,-0.00206,-0.05170,-0.16019,31.2515800,75.7046617,0.000,335.87
622.916,2.20005,8.31300,5.85000,-0.29067,-0.25300,-0.38706,31.2515800,75.7046617,0.000,335.87
623.024,1.16100,8.34600,5.37600,-0.24805,0.12829,-0.31254,31.2515800,75.7046617,0.000,335.87
623.132,1.42005,7.82205,6.85305,-0.33976,-0.68668,-0.29975,31.2515800,75.7046617,0.000,335.87
623.240,2.84205,7.78095,6.44100,0.02145,-0.96140,-0.21876,31.2515717,75.7046667,0.000,335.87
623.348,1.48200,7.25205,5.68395,0.12045,-0.44165,-0.42859,31.2515717,75.7046667,0.000,335.87
623.456,2.78700,7.09605,5.92605,-0.18947,-1.05091,-0.75460,31.2515717,75.7046667,0.000,335.87
623.563,2.28195,7.56105,6.50100,-0.16926,-1.37692,-0.65230,31.2515717,75.7046667,0.000,335.87
623.671,1.84605,7.72395,5.66295,-0.45897,-0.61105,-0.84947,31.2515717,75.7046667,0.000,335.87
623.778,2.26005,8.03505,6.16095,-0.50806,-1.18511,-0.55014,31.2515717,75.7046667,0.000,335.87
623.884,2.19600,7.52505,5.61705,-0.52401,-0.53529,-0.50751,31.2515717,75.7046667,0.000,335.87
623.991,1.74795,7.22805,6.35205,-0.49307,-0.34045,-0.26345,31.2515717,75.7046667,0.000,335.87
624.099,1.95600,6.98895,7.34100,-0.30456,-0.00385,-0.07920,31.2515717,75.7046667,0.000,335.87
624.206,2.78700,6.89100,7.02000,-0.18425,-0.07837,-0.03451,31.2515517,75.7046567,0.000,335.87
624.311,2.47800,6.81900,7.22400,-0.02764,0.09529,0.03052,31.2515517,75.7046567,0.000,335.87
624.420,1.68795,6.57000,7.15005,0.02351,0.27527,0.00701,31.2515517,75.7046567,0.000,335.87
624.528,2.05695,6.57705,7.41105,0.12788,0.09845,0.12856,31.2515517,75.7046567,0.000,335.87
624.654,1.88400,6.94800,6.97305,-0.02434,0.04414,-0.03341,31.2515517,75.7046567,0.000,335.87
624.762,1.77405,7.09395,7.22595,-0.22894,0.16129,-0.14424,31.2515517,75.7046567,0.000,335.87
624.870,1.99695,6.70605,7.18995,-0.04469,-0.00907,-0.04414,31.2515517,75.7046567,0.000,335.87
624.978,2.02605,6.86700,6.97005,-0.05321,-0.13379,-0.02172,31.2515517,75.7046567,0.000,335.87
625.086,1.74300,6.73005,7.31295,-0.05844,-0.04634,-0.05156,31.2515517,75.7046567,0.000,335.87
625.194,1.79595,6.65100,7.29795,0.11412,0.06339,0.05074,31.2515483,75.7046517,0.000,335.87
625.301,1.92000,6.89100,6.97995,0.05981,-0.02406,0.14025,31.2515483,75.7046517,0.000,335.87
625.409,2.10000,7.02000,6.99600,-0.00949,0.07508,0.13062,31.2515483,75.7046517,0.000,335.87
625.517,1.80495,6.67005,7.19295,-0.12980,-0.04428,-0.00784,31.2515483,75.7046517,0.000,335.87
625.625,2.09295,6.63000,7.69095,-0.01155,0.00577,0.13709,31.2515483,75.7046517,0.000,335.87
625.751,2.54505,7.02495,6.70395,0.31969,0.41278,0.15510,31.2515483,75.7046517,0.000,335.87
625.858,2.60700,7.40805,7.10400,0.52841,0.38184,0.23829,31.2515483,75.7046517,0.000,335.87
625.966,0.71805,7.11795,6.84105,0.65849,0.81111,0.52580,31.2515483,75.7046517,0.000,335.87
626.073,1.58700,7.51095,6.01005,0.59551,0.91658,0.71541,31.2515483,75.7046517,0.000,335.87
626.179,1.23600,7.20900,6.01200,0.20776,1.01035,0.54505,31.2516117,75.7046717,0.000,335.87
626.306,0.83100,7.81995,5.61300,0.22165,0.69603,0.49816,31.2516117,75.7046717,0.000,335.87
626.415,0.64905,7.65000,7.27200,0.02668,0.32106,0.29893,31.2516117,75.7046717,0.000,335.87
626.523,1.88205,7.59705,7.19295,0.07040,0.06971,0.14341,31.2516117,75.7046717,0.000,335.87
626.630,1.55400,7.88205,4.16205,0.13117,0.41910,0.10725,31.2516117,75.7046717,0.000,335.87
626.737,0.92895,8.24295,5.15100,-0.40370,0.08140,-0.03451,31.2516117,75.7046717,0.000,335.87
626.841,1.25700,8.10195,6.92895,-0.30456,-0.03355,0.25520,31.2516117,75.7046717,0.000,335.87
626.946,2.40105,7.83900,7.09500,0.03424,-0.02296,0.34691,31.2516117,75.7046717,0.000,335.87
627.053,2.61705,7.98195,3.59205,0.44110,0.48730,-0.65450,31.2516117,75.7046717,0.000,335.87
627.157,2.50695,7.47195,6.68295,-0.11275,-0.59290,-0.02489,31.2516183,75.7046683,0.000,335.87
627.265,0.35895,4.84605,8.55300,-0.49307,-0.42240,-0.86322,31.2516183,75.7046683,0.000,335.87
627.372,-0.65700,7.59405,4.71705,0.68612,0.09103,0.19140,31.2516183,75.7046683,0.000,335.87
627.481,-0.47295,7.14405,7.93695,-0.71156,-0.79736,-0.56815,31.2516183,75.7046683,0.000,335.87
627.589,1.10100,8.05695,6.44295,0.08539,0.27101,0.33619,31.2516183,75.7046683,0.000,335.87
627.695,0.95100,7.97295,6.61800,0.02888,0.02709,0.18920,31.2516183,75.7046683,0.000,335.87
627.800,1.18995,7.53495,6.85995,-0.03190,0.04730,0.23403,31.2516183,75.7046683,0.000,335.87
627.907,1.65000,6.73695,6.00105,0.27074,0.19332,0.54395,31.2516183,75.7046683,0.000,335.87
628.015,2.03505,7.47495,6.26400,0.01292,0.32642,0.17325,31.2516183,75.7046683,0.000,335.87
628.121,1.89900,7.36005,6.80295,0.09488,0.42652,0.22220,31.2516183,75.7046683,0.000,335.87
628.228,2.06595,7.64505,6.67305,0.28023,0.32326,0.19883,31.2516350,75.7046767,0.000,335.87
628.336,1.17600,7.78095,5.75400,0.33564,0.60555,0.25850,31.2516350,75.7046767,0.000,335.87
628.444,1.32195,7.74105,6.77595,0.16734,0.45856,0.36919,31.2516350,75.7046767,0.000,335.87
628.552,1.44105,7.11600,5.66100,0.20034,0.62466,0.41827,31.2516350,75.7046767,0.000,335.87
628.657,1.85100,7.57995,5.85195,-0.24489,0.09735,0.47369,31.2516350,75.7046767,0.000,335.87
628.762,1.68105,7.67295,6.90600,-0.03190,-0.01017,0.51411,31.2516350,75.7046767,0.000,335.87
628.870,1.72395,7.68495,6.69000,0.11303,0.13791,0.19662,31.2516350,75.7046767,0.000,335.87
628.975,1.74495,7.46505,6.04800,0.04592,0.24227,-0.06957,31.2516350,75.7046767,0.000,335.87
629.082,1.56105,7.49400,5.89800,-0.06806,0.28380,0.00701,31.2516350,75.7046767,0.000,335.87
629.184,0.96705,7.45800,6.37395,-0.17779,0.28270,0.01237,31.2516450,75.7046833,0.000,335.87
629.288,0.80505,8.09205,6.47505,-0.07026,0.11440,0.19993,31.2516450,75.7046833,0.000,335.87
629.394,1.24005,7.43205,7.65705,-0.14905,-0.10711,-0.17504,31.2516450,75.7046833,0.000,335.87
629.498,1.09200,7.74300,6.40995,0.04592,0.09419,-0.23375,31.2516450,75.7046833,0.000,335.87
629.602,0.85695,6.99795,7.19295,-0.16390,0.25300,-0.25080,31.2516450,75.7046833,0.000,335.87
629.704,1.77195,7.26900,6.70695,0.05445,-0.08374,0.06132,31.2516450,75.7046833,0.000,335.87
629.812,0.80505,6.92205,7.30095,-0.05528,-0.02612,-0.05789,31.2516450,75.7046833,0.000,335.87
629.919,1.09905,7.12305,6.77595,-0.00206,-0.10601,0.04331,31.2516450,75.7046833,0.000,335.87
630.027,1.04895,7.12800,6.50595,0.01072,-0.08154,0.08800,31.2516450,75.7046833,0.000,335.87
630.134,1.29105,7.05300,6.74505,-0.06064,-0.08044,0.09020,31.2516450,75.7046833,0.000,335.87
630.242,1.69500,7.09605,7.03995,-0.03822,-0.09859,0.04964,31.2516450,75.7046750,0.000,335.87
630.348,1.36005,7.26405,6.79800,0.01925,-0.01444,-0.07920,31.2516450,75.7046750,0.000,335.87
630.452,1.15905,7.03695,7.12305,0.07356,0.05156,-0.10794,31.2516450,75.7046750,0.000,335.87
630.560,1.42200,7.09200,6.45105,0.17696,0.17834,-0.09309,31.2516450,75.7046750,0.000,335.87
630.668,0.87600,7.43400,6.87405,-0.00632,0.18260,-0.12499,31.2516450,75.7046750,0.000,335.87
630.775,1.07295,7.65000,6.65700,0.04056,0.28916,-0.10588,31.2516450,75.7046750,0.000,335.87
630.880,0.85200,7.52295,6.71400,0.05335,0.15923,-0.04936,31.2516450,75.7046750,0.000,335.87
630.983,0.78795,7.51995,6.56595,0.07892,0.05156,0.03259,31.2516450,75.7046750,0.000,335.87
631.086,0.65595,7.45095,6.87900,0.03520,0.00687,-0.06009,31.2516450,75.7046750,0.000,335.87
631.190,0.49095,7.53705,6.53205,0.07686,0.00041,-0.07288,31.2516317,75.7046683,0.000,335.87
631.297,0.37800,7.45800,6.50295,0.06724,0.01430,-0.05899,31.2516317,75.7046683,0.000,335.87
631.405,0.57705,7.51500,6.42705,0.01815,-0.10175,0.03685,31.2516317,75.7046683,0.000,335.87
631.513,0.64395,7.39305,6.95100,-0.03396,-0.18164,-0.00674,31.2516317,75.7046683,0.000,335.87
631.620,0.34695,7.31700,6.56805,-0.08937,-0.09749,-0.00894,31.2516317,75.7046683,0.000,335.87
631.729,0.29205,7.49205,6.51795,-0.14479,-0.15290,0.10395,31.2516317,75.7046683,0.000,335.87
631.837,0.28005,7.48695,6.78600,-0.12664,-0.06449,0.13172,31.2516317,75.7046683,0.000,335.87
631.945,0.74895,7.34100,6.43905,-0.11921,-0.11454,0.26056,31.2516317,75.7046683,0.000,335.87
632.049,1.69995,7.00995,6.94905,-0.07026,-0.54491,0.27871,31.2516317,75.7046683,0.000,335.87
632.157,1.96305,6.91905,7.38405,-0.29067,-0.20405,-0.00674,31.2516350,75.7046650,0.000,335.87
632.266,2.59995,6.81195,7.38405,-0.08305,-0.52154,-0.02709,31.2516350,75.7046650,0.000,335.87
632.375,2.52600,6.67500,6.99900,-0.04895,-0.36492,-0.15386,31.2516350,75.7046650,0.000,335.87
632.483,2.82795,6.85200,6.89805,-0.04785,-0.25946,-0.22193,31.2516350,75.7046650,0.000,335.87
632.587,2.50395,6.59805,7.44405,-0.07026,-0.22220,-0.37221,31.2516350,75.7046650,0.000,335.87
632.694,2.19300,6.56505,7.26705,0.04166,-0.08896,-0.27417,31.2516350,75.7046650,0.000,335.87
632.802,1.41705,6.54600,6.89100,0.04909,0.11866,-0.16129,31.2516350,75.7046650,0.000,335.87
632.931,1.38195,6.72105,7.18305,-0.03080,0.04208,0.02832,31.2516350,75.7046650,0.000,335.87
633.038,1.24995,6.80700,7.10400,-0.12457,0.38500,0.08594,31.2516350,75.7046650,0.000,335.87
633.144,0.23205,6.43605,6.98895,-0.31102,0.98794,0.36066,31.2516367,75.7046650,0.000,335.87
633.252,0.13695,5.97600,7.77705,-0.23856,1.12970,0.72298,31.2516367,75.7046650,0.000,335.87
633.360,0.77805,5.79195,7.42305,-0.33756,0.81221,0.63772,31.2516367,75.7046650,0.000,335.87
633.466,0.97005,5.42100,8.84205,-0.35571,1.15101,0.60569,31.2516367,75.7046650,0.000,335.87
633.569,-0.99195,5.12805,7.14000,-0.27266,0.51494,0.11468,31.2516367,75.7046650,0.000,335.87
633.676,-1.15305,4.45095,8.14800,-0.54739,-0.43945,0.36919,31.2516367,75.7046650,0.000,335.87
633.785,-1.91400,4.51095,9.45495,-0.59964,0.67581,0.00275,31.2516367,75.7046650,0.000,335.87
633.891,-1.48800,4.60395,9.01200,0.02778,-0.37881,0.18604,31.2516367,75.7046650,0.000,335.87
633.999,-1.07400,4.50600,8.92605,-0.02544,-0.31914,0.17105,31.2516367,75.7046650,0.000,335.87
634.107,-0.32205,3.67995,9.54195,0.12581,-0.05596,0.07631,31.2516367,75.7046650,0.000,335.87
634.213,0.36600,3.96000,9.45795,0.19291,0.00894,0.04428,31.2516567,75.7046717,0.000,335.87
634.322,0.55995,4.21605,9.39795,0.24723,-0.11564,-0.37964,31.2516567,75.7046717,0.000,335.87
634.430,-0.24105,4.59495,9.04605,0.52319,-0.34471,-0.80149,31.2516567,75.7046717,0.000,335.87
634.538,-1.49805,4.55895,8.52405,0.53171,-0.67815,-0.79722,31.2516567,75.7046717,0.000,335.87
634.646,-1.67700,4.93905,6.98205,0.24723,-0.29893,-0.21244,31.2516567,75.7046717,0.000,335.87
634.750,-1.06905,5.62395,6.55800,0.07260,-0.09006,0.20845,31.2516567,75.7046717,0.000,335.87
634.854,-1.32795,4.99695,7.74795,-0.54849,0.34457,0.64199,31.2516567,75.7046717,0.000,335.87
634.963,-0.98505,4.25505,9.05100,-0.82968,0.46915,0.81661,31.2516567,75.7046717,0.000,335.87
635.070,-1.09800,4.26705,9.44100,-0.15015,0.50435,1.04459,31.2516567,75.7046717,0.000,335.87
635.177,-1.93605,5.26305,9.37905,-0.06916,0.60239,0.92111,31.2516550,75.7046733,0.000,335.87
635.285,-3.40605,5.89200,7.40805,0.07686,0.93362,1.89255,31.2516550,75.7046733,0.000,335.87
635.393,-0.49200,3.09105,6.42195,0.92895,1.98619,1.00100,31.2516550,75.7046733,0.000,335.87
635.501,-0.78405,3.42600,5.31795,0.32285,2.28979,-0.55866,31.2516550,75.7046733,0.000,335.87
635.609,-3.93000,3.77295,7.53795,0.31006,2.61786,-1.64835,31.2516550,75.7046733,0.000,335.87
635.717,-9.84600,4.73100,6.44595,0.41236,1.56860,-2.01052,31.2516550,75.7046733,0.000,335.87
635.826,-10.54305,3.16500,4.38705,0.14919,1.24685,-1.53120,31.2516550,75.7046733,0.000,335.87
635.933,-11.37105,0.43095,3.11100,0.54766,1.90520,-1.43743,31.2516550,75.7046733,0.000,335.87
636.040,-10.03500,0.62295,1.32000,0.35695,0.68654,-0.71197,31.2516550,75.7046733,0.000,335.87
636.144,-11.08605,0.63900,0.83100,0.60624,0.19429,-0.22193,31.2516817,75.7046800,0.000,335.87
636.252,-10.14795,-0.30495,1.19295,-0.17146,-0.41607,0.09543,31.2516817,75.7046800,0.000,335.87
636.359,-9.79395,-0.02505,0.46305,0.39531,-0.03781,-0.08030,31.2516817,75.7046800,0.000,335.87
636.468,-10.14105,-0.07995,0.75195,0.38789,0.05266,-0.07288,31.2516817,75.7046800,0.000,335.87
636.576,-9.52500,-0.39900,0.26400,0.67870,0.38926,0.15194,31.2516817,75.7046800,0.000,335.87
636.684,-9.46095,-0.43695,-0.30705,0.17476,0.02502,0.04331,31.2516817,75.7046800,0.000,335.87
636.806,-9.40305,-0.97605,-0.12000,-0.61133,-0.47465,0.13489,31.2516817,75.7046800,0.000,335.87
636.914,-9.53295,-0.17805,-0.70695,-0.66894,-0.30635,-0.14108,31.2516817,75.7046800,0.000,335.87
637.022,-9.39405,-0.67395,0.03405,-0.81056,-0.12100,-0.09199,31.2516817,75.7046800,0.000,335.87
637.131,-9.94200,0.12900,1.47105,-0.72751,0.03355,-0.20391,31.2516817,75.7046800,0.000,335.87
637.239,-11.14200,-0.09000,1.85400,-1.09821,-0.75804,0.82197,31.2517083,75.7046783,0.000,335.87
637.349,-9.87495,1.14000,1.89000,-0.34925,-0.74621,0.97859,31.2517083,75.7046783,0.000,335.87
637.457,-8.72595,1.60905,2.87400,-0.16074,-0.53212,0.48964,31.2517083,75.7046783,0.000,335.87
637.566,-9.15195,2.12400,3.65205,0.33138,-0.25520,0.24351,31.2517083,75.7046783,0.000,335.87
637.675,-9.32205,2.62395,3.83595,0.84164,-0.42144,0.04758,31.2517083,75.7046783,0.000,335.87
637.784,-9.50895,3.31605,3.42195,0.87367,-0.33825,0.29686,31.2517083,75.7046783,0.000,335.87
637.903,-9.15000,3.96705,4.66695,0.77027,-0.48950,0.67182,31.2517083,75.7046783,0.000,335.87
638.010,-7.74405,4.33095,4.62405,0.59029,-0.82197,0.96580,31.2517083,75.7046783,0.000,335.87
638.118,-7.41105,4.84095,5.26095,0.73618,-1.10000,0.81565,31.2517083,75.7046783,0.000,335.87
638.226,-6.63795,5.65995,4.32900,0.64996,-1.56434,0.78251,31.2517167,75.7046817,0.000,335.87
638.332,-4.75605,5.96595,4.73595,0.60307,-1.27256,0.59716,31.2517167,75.7046817,0.000,335.87
638.460,-3.19995,6.85005,4.13805,0.38363,-1.06906,0.31171,31.2517167,75.7046817,0.000,335.87
638.570,-2.36205,7.29495,4.75800,0.45072,-0.18590,0.28724,31.2517167,75.7046817,0.000,335.87
638.677,-2.07900,7.86000,4.80300,0.16844,-0.34361,0.22220,31.2517167,75.7046817,0.000,335.87
638.782,-1.72500,8.21505,5.09805,-0.20556,-0.54175,0.31488,31.2517167,75.7046817,0.000,335.87
638.890,-1.62705,8.32200,4.72905,-0.24709,-0.50765,0.29150,31.2517167,75.7046817,0.000,335.87
638.998,-1.03095,7.87905,5.35905,-0.28545,-0.17105,0.12636,31.2517167,75.7046817,0.000,335.87
639.102,-1.39005,8.39700,6.29505,-0.23526,-0.05390,-0.07714,31.2517167,75.7046817,0.000,335.87
639.210,-1.46700,8.52600,5.37600,0.07040,-0.00165,-0.13145,31.2517617,75.7046867,0.000,335.87
639.318,-1.22505,8.29605,5.64405,-0.30140,-0.17421,0.17105,31.2517617,75.7046867,0.000,335.87
639.422,-0.58500,7.61400,6.32895,-0.02970,-0.06242,0.07741,31.2517617,75.7046867,0.000,335.87
639.530,-0.49005,7.59000,6.17295,-0.16610,-0.26482,-0.01952,31.2517617,75.7046867,0.000,335.87
639.638,-0.63105,7.66905,6.40305,-0.11495,-0.20405,-0.03658,31.2517617,75.7046867,0.000,335.87
639.746,-0.09705,7.43400,6.21105,-0.12884,-0.24351,-0.11756,31.2517617,75.7046867,0.000,335.87
639.853,-0.29805,7.24695,7.00095,-0.07123,-0.13585,-0.25822,31.2517617,75.7046867,0.000,335.87
639.961,-0.71205,7.64505,7.21005,0.00756,-0.04428,-0.17407,31.2517617,75.7046867,0.000,335.87
640.069,-0.27405,7.26405,6.91305,0.03424,-0.01554,-0.05266,31.2517617,75.7046867,0.000,335.87
640.174,-0.27405,7.20405,6.92700,-0.02338,0.09955,-0.01526,31.2518067,75.7047083,0.000,335.87
640.282,-0.55695,7.62300,6.80505,0.00866,0.10917,0.00179,31.2518067,75.7047083,0.000,335.87
640.390,-1.07595,7.92000,6.43605,-0.05528,0.07397,0.09446,31.2518067,75.7047083,0.000,335.87
640.498,-0.88695,7.47705,6.43605,-0.01691,0.12719,0.05390,31.2518067,75.7047083,0.000,335.87
640.608,-0.98100,7.51995,6.82200,0.03204,0.14644,0.06779,31.2518067,75.7047083,0.000,335.87
640.715,-0.76005,7.20405,6.35505,0.05335,0.09419,0.14025,31.2518067,75.7047083,0.000,335.87
640.825,-0.46605,7.37400,5.75595,-0.11921,0.07191,0.06669,31.2518067,75.7047083,0.000,335.87
640.932,-0.71205,7.56105,6.29505,-0.16184,-0.11137,-0.13461,31.2518067,75.7047083,0.000,335.87
641.037,-1.02600,8.47800,6.82905,-0.23856,-0.23705,-0.21560,31.2518067,75.7047083,0.000,335.87
641.144,-1.40700,8.35605,7.21905,0.19607,-0.75157,-0.43079,31.2518117,75.7047217,0.000,335.87
641.252,-0.98100,7.43205,6.98700,0.26537,-0.53639,-0.40947,31.2518117,75.7047217,0.000,335.87
641.359,-0.11595,6.79500,6.12300,0.37290,-0.55344,-0.38280,31.2518117,75.7047217,0.000,335.87
641.468,0.04305,6.64905,6.58905,-0.06064,-0.52896,-0.30291,31.2518117,75.7047217,0.000,335.87
641.575,0.22005,6.95505,6.80295,0.10134,-0.12100,-0.54368,31.2518117,75.7047217,0.000,335.87
641.684,-0.80805,7.59900,7.21395,-0.08195,-0.12526,-0.36575,31.2518117,75.7047217,0.000,335.87
641.793,-0.73395,7.31700,6.87000,0.02778,-0.00907,-0.03135,31.2518117,75.7047217,0.000,335.87
641.901,-0.51105,7.44795,6.86205,0.05651,0.10271,0.21161,31.2518117,75.7047217,0.000,335.87
642.009,-1.00395,7.61805,6.40005,-0.04785,0.05486,0.21051,31.2518117,75.7047217,0.000,335.87
642.116,-0.81105,7.62105,6.33600,0.02998,0.21464,0.06559,31.2518117,75.7047217,0.000,335.87
642.220,-0.89205,7.60605,6.37200,0.09597,0.37964,-0.03658,31.2518183,75.7047283,0.000,335.87
642.335,-1.13100,7.66395,6.61800,0.05225,0.28270,0.00385,31.2518183,75.7047283,0.000,335.87
642.442,-1.24605,7.62105,6.39795,0.02888,0.11344,0.00921,31.2518183,75.7047283,0.000,335.87
642.551,-1.36095,7.88205,5.61300,0.10230,0.10161,-0.00357,31.2518183,75.7047283,0.000,335.87
642.658,-1.06005,7.69695,5.99100,-0.03616,0.03671,-0.01430,31.2518183,75.7047283,0.000,335.87
642.766,-1.02600,7.73295,6.21105,0.00646,-0.04854,-0.14108,31.2518183,75.7047283,0.000,335.87
642.877,-1.29900,7.87005,5.95695,0.04702,-0.08470,-0.07810,31.2518183,75.7047283,0.000,335.87
642.984,-1.25100,7.52700,5.99805,0.05871,-0.04001,-0.09419,31.2518183,75.7047283,0.000,335.87
643.092,-1.75395,7.88700,6.04605,-0.03286,0.00577,-0.12925,31.2518183,75.7047283,0.000,335.87
643.200,-1.84500,7.68795,5.95695,-0.00096,0.02929,-0.16225,31.2518017,75.7047167,0.000,335.87
643.309,-2.01195,7.56600,5.70105,0.12045,0.18260,-0.13681,31.2518017,75.7047167,0.000,335.87
643.432,-1.90500,7.82895,4.98105,-0.13090,-0.04318,-0.13351,31.2518017,75.7047167,0.000,335.87
643.541,-2.01195,8.30100,5.48100,-0.13200,-0.06132,-0.29439,31.2518017,75.7047167,0.000,335.87
643.648,-1.97895,7.84605,6.82695,-0.11069,-0.45224,-0.50215,,,,
643.753,-3.14505,7.38405,6.47205,-0.00206,-0.41497,-0.48084,,,,
643.861,-2.17500,7.68495,7.52100,-0.13942,-0.41181,-0.26455,,,,
643.990,-1.39005,6.95805,8.50995,-0.59964,-0.62906,0.15510,,,,
644.097,-1.43505,6.56505,7.03995,-0.08401,-0.20831,0.45870,,,,
644.204,-0.48495,5.97600,6.43395,-0.60610,-0.08470,1.13836,31.2517867,75.7047083,0.000,335.87
644.313,-1.80900,6.97395,7.16400,-0.47286,0.48084,0.56306,31.2517867,75.7047083,0.000,335.87
644.420,-0.12795,6.38100,9.07695,0.15565,-0.72504,0.22550,31.2517867,75.7047083,0.000,335.87
644.529,0.05505,6.63705,7.53000,0.55825,-0.76436,0.06463,31.2517867,75.7047083,0.000,335.87
644.637,1.13700,6.69705,7.58100,0.04799,0.55440,0.07948,31.2517867,75.7047083,0.000,335.87
644.745,0.34695,6.82605,6.56100,0.25149,0.23059,-0.09089,31.2517867,75.7047083,0.000,335.87
644.853,0.54105,6.84705,6.66600,0.11935,0.03451,-0.10588,31.2517867,75.7047083,0.000,335.87
644.960,0.06000,6.83100,7.06800,-0.06380,0.13145,-0.11330,31.2517867,75.7047083,0.000,335.87
645.084,0.90495,7.24500,6.47205,0.13434,-0.18700,0.08374,31.2517867,75.7047083,0.000,335.87
645.194,-0.66195,7.48395,6.94605,-0.08085,0.12513,0.20309,31.2517683,75.7047033,0.000,335.87
645.300,-0.89205,8.64105,8.35395,-0.34073,-0.13379,0.03685,31.2517683,75.7047033,0.000,335.87
645.403,0.18195,6.52905,6.68505,0.93431,-0.16885,0.29040,31.2517683,75.7047033,0.000,335.87
645.506,-0.69795,8.90700,6.32595,0.26318,-0.03575,-0.15166,31.2517683,75.7047033,0.000,335.87
645.610,1.80300,6.98895,6.33105,0.05981,-0.12953,0.17435,31.2517683,75.7047033,0.000,335.87
645.717,1.16100,7.73100,6.64005,0.27926,-0.32450,-0.00467,31.2517683,75.7047033,0.000,335.87
645.825,1.64700,7.87500,5.99100,-0.12031,-0.30841,0.19236,31.2517683,75.7047033,0.000,335.87
645.933,1.87995,7.61595,6.60405,0.20350,0.19113,-0.16445,31.2517683,75.7047033,0.000,335.87
646.041,0.87900,8.32995,5.87400,0.41346,0.05802,-0.50531,31.2517683,75.7047033,0.000,335.87
646.150,0.32595,8.32500,5.15805,0.05871,0.15180,-0.13571,31.2517683,75.7047033,0.000,335.87
646.257,0.13695,8.18595,5.42805,0.08745,0.78554,0.56210,31.2518250,75.7047183,0.000,335.87
646.366,0.89295,7.26405,4.63305,0.11509,0.93679,0.85924,31.2518250,75.7047183,0.000,335.87
646.474,0.23205,8.05395,5.85405,-0.05321,1.16380,1.08721,31.2518250,75.7047183,0.000,335.87
646.581,2.19600,8.17095,5.53395,-0.12774,0.47341,0.49926,31.2518250,75.7047183,0.000,335.87
646.689,0.75195,8.68905,7.00095,0.54656,0.84411,0.26909,31.2518250,75.7047183,0.000,335.87
646.796,1.09395,8.74095,6.20205,0.61366,0.18480,-0.03658,31.2518250,75.7047183,0.000,335.87
646.902,1.36005,7.92705,3.97005,0.16527,-0.09969,-0.01856,31.2518250,75.7047183,0.000,335.87
647.009,2.61705,8.15700,4.46805,-0.09474,0.53309,0.05500,31.2518250,75.7047183,0.000,335.87
647.117,2.27700,8.16705,5.92095,-0.22784,0.32216,0.36492,31.2518250,75.7047183,0.000,335.87
647.225,2.14500,8.32200,6.21795,0.03314,0.21354,0.22756,31.2518517,75.7047300,0.000,335.87
647.331,1.03005,8.13105,6.37905,0.16624,0.19003,0.12856,31.2518517,75.7047300,0.000,335.87
647.438,1.16400,8.52300,4.57605,0.20144,-0.27431,-0.09845,31.2518517,75.7047300,0.000,335.87
647.547,1.12095,8.83500,5.12895,0.07783,-0.50023,-0.17614,31.2518517,75.7047300,0.000,335.87
647.655,1.30995,8.98305,5.19600,0.10560,-0.72078,-0.23801,31.2518517,75.7047300,0.000,335.87
647.763,1.38405,8.57400,4.84905,0.29618,-0.54491,-0.40837,31.2518517,75.7047300,0.000,335.87
647.870,0.93600,8.84205,4.15500,0.18549,-0.66742,-0.25712,31.2518517,75.7047300,0.000,335.87
647.977,1.25205,8.72505,3.99195,0.16197,-0.52264,-0.22949,31.2518517,75.7047300,0.000,335.87
648.086,0.67500,9.00900,3.99900,0.00866,-0.47355,-0.03341,31.2518517,75.7047300,0.000,335.87
648.193,1.11105,9.03795,4.30500,-0.02434,-0.16142,-0.03988,31.2518817,75.7047417,0.000,335.87
648.299,0.83595,9.29205,4.30305,-0.03506,-0.02929,0.14231,31.2518817,75.7047417,0.000,335.87
648.409,1.25895,9.20100,3.71895,-0.01485,0.11770,0.50875,31.2518817,75.7047417,0.000,335.87
648.517,2.27505,8.44005,3.90795,-0.06696,0.60129,0.67182,31.2518817,75.7047417,0.000,335.87
648.625,2.71500,8.62605,4.07295,-0.20020,0.83353,0.68351,31.2518817,75.7047417,0.000,335.87
648.733,2.93505,8.33205,5.30595,-0.08401,0.69603,0.51727,31.2518817,75.7047417,0.000,335.87
648.840,2.79195,8.48805,5.14605,0.17160,0.58204,0.47369,31.2518817,75.7047417,0.000,335.87
648.959,3.02400,8.03505,4.66005,0.32505,0.66949,0.31914,31.2518817,75.7047417,0.000,335.87
649.066,2.77305,8.17605,4.58595,0.25369,0.47245,0.49926,31.2518817,75.7047417,0.000,335.87
649.175,3.32595,8.26200,4.08795,0.13970,0.33605,0.51837,31.2519200,75.7047583,0.000,335.87
649.283,3.52395,8.47995,4.73400,0.10134,0.37331,0.35214,31.2519200,75.7047583,0.000,335.87
649.392,3.32595,9.09795,4.09200,0.15029,0.10161,0.12636,31.2519200,75.7047583,0.000,335.87
649.500,3.93900,8.55195,5.06400,0.22907,0.09103,0.07631,31.2519200,75.7047583,0.000,335.87
649.607,3.42405,8.59305,4.06395,0.64776,0.34567,0.24667,31.2519200,75.7047583,0.000,335.87
649.716,5.31795,7.40805,4.49895,0.30800,0.21986,0.34155,31.2519200,75.7047583,0.000,335.87
649.824,3.47895,8.72205,2.55000,0.32175,-0.24667,-0.49569,31.2519200,75.7047583,0.000,335.87
649.932,4.33395,7.39305,2.54805,-0.30030,-0.53529,-0.27844,31.2519200,75.7047583,0.000,335.87
650.058,4.06095,7.23300,2.19105,-1.18126,-0.35324,-0.22096,31.2519200,75.7047583,0.000,335.87
650.165,3.79695,7.53900,2.85195,-1.71504,-0.03685,-0.22729,31.2519433,75.7047667,0.000,335.87
650.268,3.20400,8.70795,7.18095,-1.34214,0.25506,-0.39022,31.2519433,75.7047667,0.000,335.87
650.377,1.25205,8.79900,8.63700,-0.43024,0.45856,-0.21024,31.2519433,75.7047667,0.000,335.87
650.485,-1.05195,6.38805,9.21105,0.07150,1.33100,0.80493,31.2519433,75.7047667,0.000,335.87
650.615,0.58695,6.58695,7.12305,-0.18741,0.82926,1.21289,31.2519433,75.7047667,0.000,335.87
650.723,0.51705,6.03600,7.57095,-0.54739,0.90915,1.33114,31.2519433,75.7047667,0.000,335.87
650.828,1.97295,3.56295,1.21695,-0.39944,0.80685,0.58657,31.2519433,75.7047667,0.000,335.87
650.935,2.14800,3.83100,11.19795,-1.13548,0.11770,0.15826,31.2519433,75.7047667,0.000,335.87
651.044,0.74205,3.26805,17.35905,2.59188,1.79327,0.13489,31.2519433,75.7047667,0.000,335.87
651.156,-0.34605,2.84205,10.74795,0.56251,0.05802,-0.70881,31.2519200,75.7047733,0.000,335.87
651.265,0.24000,4.66200,7.45095,0.69149,-1.52501,-0.63855,31.2519200,75.7047733,0.000,335.87
651.373,0.74895,5.09295,8.13900,0.49858,-0.45760,-0.57461,31.2519200,75.7047733,0.000,335.87
651.482,-0.51600,6.53595,7.92300,1.12819,-0.55660,-0.05472,31.2519200,75.7047733,0.000,335.87
651.591,1.20000,5.06400,8.74905,0.15881,-1.27779,-0.30511,31.2519200,75.7047733,0.000,335.87
651.710,-0.82995,7.06500,6.51495,0.00646,0.38816,0.55784,31.2519200,75.7047733,0.000,335.87
651.817,2.10195,6.42405,7.26900,0.47946,-0.32876,0.71115,31.2519200,75.7047733,0.000,335.87
651.926,2.15205,6.56505,6.83805,-0.01581,0.02709,0.06036,31.2519200,75.7047733,0.000,335.87
652.033,2.24295,6.73005,6.90795,-0.30773,-0.11248,-0.27954,31.2519200,75.7047733,0.000,335.87
652.141,2.90700,6.13200,8.27700,-0.51439,-0.43409,-0.21244,31.2519200,75.7047733,0.000,335.87
652.264,2.94300,5.54295,7.62600,-0.10216,-0.29466,-0.40947,31.2519450,75.7047833,0.000,335.87
652.372,2.83500,5.69295,7.97805,-0.23526,-0.22220,-0.40521,31.2519450,75.7047833,0.000,335.87
652.480,2.75595,6.40695,7.17600,-0.15331,-0.27225,-0.38280,31.2519450,75.7047833,0.000,335.87
652.589,2.55195,6.38505,7.83705,0.01389,-0.00701,-0.34870,31.2519450,75.7047833,0.000,335.87
652.697,1.56405,6.98895,7.25505,0.32601,-0.07521,-0.01856,31.2519450,75.7047833,0.000,335.87
652.806,1.42200,6.08400,7.96605,0.09804,0.02076,0.11468,31.2519450,75.7047833,0.000,335.87
652.915,1.11300,5.94705,7.72695,0.12045,0.22206,0.38734,31.2519450,75.7047833,0.000,335.87
653.025,1.89405,6.36900,8.70600,-0.29067,-0.06875,0.30855,31.2519450,75.7047833,0.000,335.87
653.132,1.85595,6.11205,7.24305,-0.09048,0.44894,0.06559,31.2519450,75.7047833,0.000,335.87
653.239,1.60695,6.24705,7.33200,-0.14259,-0.07301,0.10931,31.2519500,75.7047933,0.000,335.87
653.362,1.63995,6.66105,7.62900,0.07356,0.19332,-0.10368,31.2519500,75.7047933,0.000,335.87
653.467,1.57095,6.47400,8.28900,-0.04895,-0.18700,0.09226,31.2519500,75.7047933,0.000,335.87
653.576,2.24100,6.40905,7.91100,0.19401,-0.01664,-0.06105,31.2519500,75.7047933,0.000,335.87
653.684,1.92300,5.42805,7.49895,0.29728,-0.05912,0.14548,31.2519500,75.7047933,0.000,335.87
653.792,2.55900,5.78205,6.87405,-0.17572,0.14218,-0.02172,31.2519500,75.7047933,0.000,335.87
653.920,1.54200,5.79195,7.74300,-0.20226,0.45636,0.04854,31.2519500,75.7047933,0.000,335.87
654.028,1.66395,5.89005,7.38195,-0.28215,0.05692,0.16473,31.2519500,75.7047933,0.000,335.87
654.134,1.23600,5.21895,10.05105,-0.65615,0.17627,-0.06751,31.2519500,75.7047933,0.000,335.87
654.240,1.47705,5.78205,9.24705,0.23237,0.05060,0.33096,31.2519550,75.7048000,0.000,335.87
654.347,0.88605,5.11200,7.94895,0.26744,0.01650,0.31391,31.2519550,75.7048000,0.000,335.87
654.453,1.75995,5.11905,8.40705,-0.21079,0.04950,-0.07494,31.2519550,75.7048000,0.000,335.87
654.558,1.97295,4.56300,9.53895,-0.23100,-0.21904,-0.56389,31.2519550,75.7048000,0.000,335.87
654.667,1.69305,5.21895,7.50405,0.32505,-0.22000,-0.41580,31.2519550,75.7048000,0.000,335.87
654.775,1.74795,4.86300,8.18400,-0.24915,-0.43945,-0.12609,31.2519550,75.7048000,0.000,335.87
654.880,1.69500,5.89200,7.48695,-0.02860,-0.24874,-0.02915,31.2519550,75.7048000,0.000,335.87
654.989,1.73100,5.93100,8.26095,-0.03396,-0.03355,0.32876,31.2519550,75.7048000,0.000,335.87
655.096,2.03505,5.50200,8.92605,0.24516,0.24764,0.52910,31.2519550,75.7048000,0.000,335.87
655.204,2.68905,6.10005,8.47395,0.80644,0.62370,0.51837,31.2519817,75.7048083,0.000,335.87
655.310,2.33205,5.26695,8.76105,0.87464,-0.19236,0.27225,31.2519817,75.7048083,0.000,335.87
655.416,1.01295,5.21895,6.75495,0.86515,0.77495,0.50353,31.2519817,75.7048083,0.000,335.87
655.524,0.94305,6.82605,6.73305,-0.03080,0.35090,0.28930,31.2519817,75.7048083,0.000,335.87
655.632,1.06605,6.69900,8.40705,-0.50586,0.35736,-0.34554,31.2519817,75.7048083,0.000,335.87
655.740,0.44805,6.23895,7.09695,-0.46654,0.99536,-0.31254,31.2519817,75.7048083,0.000,335.87
655.848,-0.64095,5.64600,8.24595,0.02888,-0.30525,-0.21134,31.2519817,75.7048083,0.000,335.87
655.955,0.25905,6.22695,6.49095,1.18250,-0.41181,-1.13176,31.2519817,75.7048083,0.000,335.87
656.063,-0.18105,6.85695,5.80200,0.63718,-0.06765,-1.22444,31.2519817,75.7048083,0.000,335.87
656.172,-0.61395,8.21895,6.64200,0.38789,0.24021,-0.25396,31.2519967,75.7048200,0.000,335.87
656.279,-0.94905,7.94205,6.06000,-0.04359,-0.30319,-0.01952,31.2519967,75.7048200,0.000,335.87
656.388,-0.67395,7.75995,6.16305,-0.35351,-0.34141,0.01774,31.2519967,75.7048200,0.000,335.87
656.494,-0.59505,7.72395,6.11505,-0.51659,0.08566,-0.11976,31.2519967,75.7048200,0.000,335.87
656.602,-0.80805,7.03200,6.80505,-0.64433,0.16459,0.02406,31.2519967,75.7048200,0.000,335.87
656.709,-1.10295,6.33495,7.18995,-0.88509,-0.00165,0.14548,31.2519967,75.7048200,0.000,335.87
656.815,-0.65505,4.88895,8.21805,-1.45819,0.10491,0.32560,31.2519967,75.7048200,0.000,335.87
656.923,-1.23705,5.28405,9.71595,-0.73604,0.42226,0.67182,31.2519967,75.7048200,0.000,335.87
657.031,-0.56895,4.79295,9.71895,-1.04706,-0.19662,-0.05679,31.2519967,75.7048200,0.000,335.87
657.139,-1.00005,3.34005,10.11105,-0.61352,-0.45334,-0.21876,31.2519967,75.7048200,0.000,335.87
657.248,-0.92505,2.47095,9.97995,-0.35998,-0.12636,-0.95068,31.2521200,75.7048700,0.000,335.87
657.355,-1.50495,3.02595,9.41505,0.23664,0.05912,-0.16129,31.2521200,75.7048700,0.000,335.87
657.463,-1.16205,2.59095,8.09805,-0.40686,0.06119,-0.29329,31.2521200,75.7048700,0.000,335.87
657.570,-1.51695,2.38695,6.72405,-1.62869,0.16981,-0.51700,31.2521200,75.7048700,0.000,335.87
657.676,-2.57700,-0.58800,9.97695,-1.44334,0.74717,-0.66729,31.2521200,75.7048700,0.000,335.87
657.796,-2.13000,-2.38095,9.81195,-0.93308,0.52676,-0.65986,31.2521200,75.7048700,0.000,335.87
657.903,-1.95495,-3.65505,9.59895,-0.59648,0.77811,-1.04225,31.2521200,75.7048700,0.000,335.87
658.010,-2.31195,-4.27005,9.81900,-0.38335,0.26895,-1.09546,31.2521200,75.7048700,0.000,335.87
658.117,-2.56095,-3.96105,8.57700,-0.16610,0.25080,-0.74181,31.2521200,75.7048700,0.000,335.87
658.225,-2.94600,-4.08300,9.23700,0.29411,0.31047,-0.28586,31.2521967,75.7049067,0.000,335.87
658.334,-2.10105,-3.47805,8.58900,0.29301,-0.06242,-0.14424,31.2521967,75.7049067,0.000,335.87
658.442,-1.93095,-3.31305,8.35905,0.88426,0.59166,-0.14534,31.2521967,75.7049067,0.000,335.87
658.551,-2.85000,-2.24505,9.22095,0.52635,0.52140,-0.30827,31.2521967,75.7049067,0.000,335.87
658.659,-3.41100,-1.82805,8.86605,0.37290,0.51824,-0.04936,31.2521967,75.7049067,0.000,335.87
658.767,-4.00395,-1.79505,7.63605,-0.00206,0.36162,-0.00247,31.2521967,75.7049067,0.000,335.87
658.875,-4.87800,-2.17500,8.46705,-0.37056,0.31364,0.14974,31.2521967,75.7049067,0.000,335.87
658.983,-5.01705,-2.24505,8.85900,-0.22041,0.11014,0.31707,31.2521967,75.7049067,0.000,335.87
659.087,-4.91700,-2.45100,8.08305,0.17476,0.25822,0.39050,31.2521967,75.7049067,0.000,335.87
659.194,-5.11500,-2.34495,7.90095,0.80644,0.93582,-0.04840,31.2522100,75.7049133,0.000,335.87
659.301,-5.93700,-1.67205,7.39905,0.69465,0.59482,-0.33385,31.2522100,75.7049133,0.000,335.87
659.407,-6.89400,-1.24395,7.52100,0.48263,0.23265,0.04015,31.2522100,75.7049133,0.000,335.87
659.512,-6.82695,-0.94200,7.72395,0.36437,0.02819,0.46516,31.2522100,75.7049133,0.000,335.87
659.620,-6.98505,0.12000,8.21505,0.14286,0.30305,0.54615,31.2522100,75.7049133,0.000,335.87
659.727,-6.73605,1.41705,7.95705,0.11083,-0.05280,0.76876,31.2522100,75.7049133,0.000,335.87
659.835,-5.90805,2.52105,6.64005,0.17160,0.32326,0.52800,31.2522100,75.7049133,0.000,335.87
659.943,-6.09195,2.57400,6.99900,-0.13406,0.46062,0.45444,31.2522100,75.7049133,0.000,335.87
660.051,-7.70595,3.02895,8.39895,0.23870,-0.12416,0.48854,31.2522100,75.7049133,0.000,335.87
660.158,-7.36305,3.66600,6.46695,0.70428,-1.04129,1.05957,31.2522100,75.7049133,0.000,335.87
660.265,-4.59600,3.19605,5.25600,-0.21821,-0.83793,1.56131,31.2522217,75.7049283,0.000,335.87
660.368,-3.19305,3.18000,7.32000,-0.93940,-0.03685,1.33650,31.2522217,75.7049283,0.000,335.87
660.475,-2.74695,3.46695,8.59305,-1.07470,-0.10821,1.15857,31.2522217,75.7049283,0.000,335.87
660.583,-2.52000,3.91005,8.79000,-0.73604,-0.15510,0.96470,31.2522217,75.7049283,0.000,335.87
660.691,-1.94295,3.64395,8.65605,-0.23953,-0.39792,0.34787,31.2522217,75.7049283,0.000,335.87
660.798,-2.02200,3.36600,8.95695,0.04372,0.18150,0.20735,31.2522217,75.7049283,0.000,335.87
660.906,-2.12505,3.23895,8.56200,-0.23526,0.13997,0.28297,31.2522217,75.7049283,0.000,335.87
661.014,-3.00105,2.76105,6.46005,-0.45265,0.37758,0.40549,31.2522217,75.7049283,0.000,335.87
661.122,-3.07305,1.08900,4.03995,-1.28356,1.04651,0.77619,31.2522217,75.7049283,0.000,335.87
661.230,-5.49795,-1.02405,5.08800,-1.26651,3.20265,-0.18260,31.2522267,75.7049183,0.000,335.87
661.338,-9.80295,-3.24495,8.42295,-1.23874,3.99740,-1.42464,31.2522267,75.7049183,0.000,335.87
661.446,-12.68595,-4.79205,7.04895,-0.49417,2.67754,-2.53247,31.2522267,75.7049183,0.000,335.87
661.554,-12.36705,-3.74295,3.95595,0.25149,1.16806,-1.67502,31.2522267,75.7049183,0.000,335.87
661.661,-10.00200,-3.52995,2.65095,0.22165,-0.15716,-0.24324,31.2522267,75.7049183,0.000,335.87
661.770,-8.80200,-4.03305,2.06400,0.20996,-0.13805,0.29150,31.2522267,75.7049183,0.000,335.87
661.878,-8.24205,-4.99800,1.79400,0.33138,-0.03575,0.59620,31.2522267,75.7049183,0.000,335.87
661.985,-7.61700,-5.56800,1.89405,0.61476,0.19855,0.53226,31.2522267,75.7049183,0.000,335.87
662.093,-6.85605,-5.41200,1.25505,0.54450,0.05802,0.27129,31.2522267,75.7049183,0.000,335.87
662.210,-6.50595,-5.11995,1.45200,0.11083,0.10271,-0.35516,31.2522250,75.7049267,0.000,335.87
662.317,-7.20795,-5.25900,1.82295,-0.02338,0.19222,-0.87601,31.2522250,75.7049267,0.000,335.87
662.425,-9.16200,-5.57295,1.68600,0.13324,0.37964,-0.78334,31.2522250,75.7049267,0.000,335.87
662.533,-8.79300,-4.97205,2.12700,-0.13942,-0.32766,-0.01430,31.2522250,75.7049267,0.000,335.87
662.640,-7.69095,-5.39295,2.34195,-0.32904,-0.22646,0.23403,31.2522250,75.7049267,0.000,335.87
662.751,-7.79400,-5.39295,2.64405,-0.21189,-0.18164,0.25094,31.2522250,75.7049267,0.000,335.87
662.859,-6.84405,-5.47200,2.97900,-0.26194,-0.46819,0.21477,31.2522250,75.7049267,0.000,335.87
662.967,-6.99705,-5.30895,1.81995,0.04592,-0.20625,-0.03231,31.2522250,75.7049267,0.000,335.87
663.075,-7.89495,-5.10600,2.52900,-0.06380,-0.07728,-0.27527,31.2522250,75.7049267,0.000,335.87
663.182,-7.96005,-4.90500,2.52900,0.34100,0.18370,-0.29439,31.2522150,75.7049200,0.000,335.87
663.307,-8.81400,-4.76805,2.07600,0.61476,0.78237,-0.09309,31.2522150,75.7049200,0.000,335.87
663.414,-8.60400,-4.08105,3.15105,0.33358,0.43931,0.41938,31.2522150,75.7049200,0.000,335.87
663.522,-7.78005,-4.56705,3.37200,-0.17462,0.06655,0.47259,31.2522150,75.7049200,0.000,335.87
663.629,-7.90200,-4.21995,2.82795,0.47740,0.16459,0.41401,31.2522150,75.7049200,0.000,335.87
663.734,-9.57795,-4.49805,1.50705,0.94710,0.24764,0.74951,31.2522150,75.7049200,0.000,335.87
663.860,-9.04905,-3.88200,-0.22800,0.45815,0.04730,0.95837,31.2522150,75.7049200,0.000,335.87
663.966,-6.55905,-4.13895,-0.15195,-0.81593,-0.25726,0.79434,31.2522150,75.7049200,0.000,335.87
664.074,-6.60000,-4.30395,0.44805,-1.05449,0.03781,-0.39559,31.2522150,75.7049200,0.000,335.87
664.182,-7.70295,-5.12700,1.64805,-1.40071,-0.06449,-1.22114,31.2522217,75.7049283,0.000,335.87
664.289,-9.70005,-5.16105,2.78295,-1.22389,-0.17957,-1.76550,31.2522217,75.7049283,0.000,335.87
664.403,-10.79400,-3.87300,2.30100,-0.57832,-0.15716,-0.90901,31.2522217,75.7049283,0.000,335.87
664.511,-9.91605,-3.43695,2.05005,-0.19704,-0.46393,0.05390,31.2522217,75.7049283,0.000,335.87
664.618,-8.76600,-4.37595,1.34595,0.16527,-0.04744,0.68351,31.2522217,75.7049283,0.000,335.87
664.723,-8.04300,-5.03595,1.80105,0.49431,0.24654,0.70482,31.2522217,75.7049283,0.000,335.87
664.831,-7.56495,-5.44605,1.34895,0.73838,0.35310,0.48854,31.2522217,75.7049283,0.000,335.87
664.940,-7.69905,-5.50305,1.72005,0.27926,0.21560,0.07837,31.2522217,75.7049283,0.000,335.87
665.047,-7.22700,-4.73505,1.24800,0.04702,-0.01237,0.24667,31.2522217,75.7049283,0.000,335.87
665.153,-10.06395,-4.32000,1.67205,-0.00412,-0.05486,0.09020,31.2522167,75.7049317,0.000,335.87
665.255,-10.39695,-2.49405,3.06300,0.66701,-0.11357,0.82197,31.2522167,75.7049317,0.000,335.87
665.364,-9.35505,-1.78695,1.75995,1.48184,0.58534,0.88907,31.2522167,75.7049317,0.000,335.87
665.471,-9.94695,-0.49905,1.05600,1.37857,0.86762,0.79324,31.2522167,75.7049317,0.000,335.87
665.580,-9.93495,-0.12105,1.01295,0.28985,-0.15180,1.09794,31.2522167,75.7049317,0.000,335.87
665.687,-8.72100,-0.13095,1.14000,0.09488,-0.35750,1.03510,31.2522167,75.7049317,0.000,335.87
665.792,-8.60595,0.47700,1.03695,0.28352,-0.13269,0.50985,31.2522167,75.7049317,0.000,335.87
665.900,-9.10905,1.20900,1.28400,0.12691,-0.14437,0.21367,31.2522167,75.7049317,0.000,335.87
666.007,-9.58005,2.14500,1.42500,-0.04895,-0.13695,0.24255,31.2522167,75.7049317,0.000,335.87
666.116,-8.95305,2.32500,1.99305,-0.18315,-0.34045,0.24255,31.2522167,75.7049317,0.000,335.87
666.223,-9.30795,2.58795,2.19105,0.12898,-0.13049,0.05184,31.2521983,75.7049267,0.000,335.87
666.329,-9.28395,2.76795,1.59300,0.09708,-0.12416,0.16899,31.2521983,75.7049267,0.000,335.87
666.437,-8.58195,2.97405,2.39505,-0.13310,-0.20405,0.14658,31.2521983,75.7049267,0.000,335.87
666.544,-9.28605,3.58395,3.13695,0.01815,-0.28614,0.08690,31.2521983,75.7049267,0.000,335.87
666.652,-8.82405,3.76605,3.26205,0.10230,-0.39902,0.25850,31.2521983,75.7049267,0.000,335.87
666.759,-8.35905,3.62205,3.47895,0.19717,-0.28284,0.29686,31.2521983,75.7049267,0.000,335.87
666.866,-8.16300,3.60105,3.47505,0.28559,-0.27335,0.25424,31.2521983,75.7049267,0.000,335.87
666.973,-7.72695,3.74700,3.55095,0.21739,-0.20199,0.18384,31.2521983,75.7049267,0.000,335.87
667.081,-7.48800,3.83295,4.22400,0.05019,-0.24874,-0.04194,31.2521983,75.7049267,0.000,335.87
667.189,-8.36700,4.06305,3.80505,0.34100,-0.02296,-0.05472,31.2521700,75.7049183,0.000,335.87
667.295,-7.69095,4.03005,3.99705,0.22701,-0.20089,-0.02489,31.2521700,75.7049183,0.000,335.87
667.402,-7.07100,4.07700,3.58995,0.12691,-0.28394,-0.11646,31.2521700,75.7049183,0.000,335.87
667.511,-8.45805,4.66395,4.48995,0.05871,-0.04001,-0.31460,31.2521700,75.7049183,0.000,335.87
667.619,-8.34300,4.54395,4.06800,-0.10643,-0.14011,-0.08772,31.2521700,75.7049183,0.000,335.87
667.727,-8.24700,4.18500,3.91800,-0.23856,-0.07191,-0.06435,31.2521700,75.7049183,0.000,335.87
667.835,-7.77000,3.85500,5.05995,-0.22467,-0.22426,0.09543,31.2521700,75.7049183,0.000,335.87
667.943,-6.25995,3.13395,3.89100,0.44000,0.32959,-0.22729,31.2521700,75.7049183,0.000,335.87
668.049,-7.79205,3.64395,3.89595,0.01182,0.11124,-0.68434,31.2521700,75.7049183,0.000,335.87
668.156,-8.24205,3.22995,4.60695,1.02383,-0.28284,-0.50958,31.2521700,75.7049183,0.000,335.87
668.280,-10.36605,3.53595,5.31795,0.82349,-0.74841,-0.12829,31.2521800,75.7049117,0.000,335.87
668.386,-7.45695,2.80605,4.53300,0.66798,-0.20941,-0.01746,31.2521800,75.7049117,0.000,335.87
668.494,-7.53300,3.22995,4.75305,0.62645,0.06119,-0.11756,31.2521800,75.7049117,0.000,335.87
668.601,-7.95195,3.86700,3.99195,0.62645,0.01746,-0.21766,31.2521800,75.7049117,0.000,335.87
668.709,-7.63395,3.94095,3.81900,0.02571,-0.36382,-0.11330,31.2521800,75.7049117,0.000,335.87
668.836,-8.57295,3.82395,4.00095,0.54972,-0.02406,-0.22839,31.2521800,75.7049117,0.000,335.87
668.943,-7.81800,3.65400,3.68295,0.15881,-0.17531,-0.17504,31.2521800,75.7049117,0.000,335.87
669.047,-8.38605,3.60600,4.11405,0.31006,0.07934,-0.26881,31.2521800,75.7049117,0.000,335.87
669.155,-8.27100,3.23700,3.27105,0.06408,0.07508,-0.15799,31.2521800,75.7049117,0.000,335.87
669.263,-8.56500,2.84205,3.76695,-0.17146,0.37331,-0.29975,31.2521783,75.7049017,0.000,335.87
669.373,-8.22300,2.30805,3.37905,-0.28861,0.27527,-0.28586,31.2521783,75.7049017,0.000,335.87
669.481,-9.75300,2.82495,2.82300,0.05335,0.55234,-0.53089,31.2521783,75.7049017,0.000,335.87
669.589,-8.66805,2.55195,2.43105,-0.33124,0.01430,-0.04510,31.2521783,75.7049017,0.000,335.87
669.697,-8.38095,2.45400,2.13600,0.07466,0.01430,-0.25602,31.2521783,75.7049017,0.000,335.87
669.805,-8.13900,1.72200,0.14700,1.06961,0.60555,-0.37221,31.2521783,75.7049017,0.000,335.87
669.913,-7.52100,-0.70995,-0.51795,0.16418,0.68544,-0.93252,31.2521783,75.7049017,0.000,335.87
670.020,-9.39405,-1.27005,-0.29805,0.34953,1.11045,-1.84759,31.2521783,75.7049017,0.000,335.87
670.128,-11.42895,-2.58195,3.43395,-1.25799,-0.82294,-2.01795,31.2521783,75.7049017,0.000,335.87
670.236,-9.90900,-4.61295,3.31200,-1.37514,-1.52075,-1.33196,31.2521883,75.7048967,0.000,335.87
670.340,-9.57105,-4.54605,3.65205,0.27706,0.14218,-1.01874,31.2521883,75.7048967,0.000,335.87
670.444,-9.54705,-4.29195,2.22000,0.68296,0.28490,-0.47974,31.2521883,75.7048967,0.000,335.87
670.552,-8.46495,-4.40895,1.99695,0.27596,-0.13475,0.27981,31.2521883,75.7048967,0.000,335.87
670.660,-8.34300,-4.96200,1.88700,0.16624,0.02392,0.35970,31.2521883,75.7048967,0.000,335.87
670.768,-7.90200,-5.12700,2.35395,0.03424,-0.06875,0.41291,31.2521883,75.7048967,0.000,335.87
670.877,-7.57695,-4.99095,1.92795,0.03314,0.02076,0.26166,31.2521883,75.7048967,0.000,335.87
670.986,-7.20300,-5.05800,2.26095,-0.27046,-0.09323,0.06352,31.2521883,75.7048967,0.000,335.87
671.093,-7.78200,-5.05800,2.55795,-0.15868,0.01004,-0.33811,31.2521883,75.7048967,0.000,335.87
671.198,-8.38305,-4.73700,2.22705,-0.14052,-0.02406,-0.37964,31.2521517,75.7048767,0.000,335.87
671.308,-8.04795,-4.83000,2.15805,-0.29177,-0.04428,-0.24860,31.2521517,75.7048767,0.000,335.87
671.414,-8.52000,-4.97205,2.67495,-0.40370,-0.07521,-0.08456,31.2521517,75.7048767,0.000,335.87
671.523,-8.25705,-4.99305,2.26800,-0.19594,-0.03575,0.07205,31.2521517,75.7048767,0.000,335.87
671.629,-8.05095,-5.13900,2.00505,-0.13090,-0.07617,0.22866,31.2521517,75.7048767,0.000,335.87
671.737,-7.83795,-5.10300,1.14495,-0.05528,0.09419,0.11674,31.2521517,75.7048767,0.000,335.87
671.844,-8.14395,-4.66005,0.62295,0.20460,0.36272,0.18178,31.2521517,75.7048767,0.000,335.87
671.952,-7.54305,-4.84200,0.17505,-0.11385,0.22633,0.26276,31.2521517,75.7048767,0.000,335.87
672.060,-7.12905,-4.80900,-0.13695,-0.10106,0.12829,0.00605,31.2521517,75.7048767,0.000,335.87
672.167,-7.67700,-4.45005,-0.94200,0.00440,0.23801,-0.27417,31.2520983,75.7048600,0.000,335.87
672.273,-8.80995,-4.60305,0.53205,-0.06174,0.11124,-0.35626,31.2520983,75.7048600,0.000,335.87
672.380,-9.07305,-4.42605,0.28800,0.30374,0.11660,0.22014,31.2520983,75.7048600,0.000,335.87
672.489,-7.94505,-5.13000,2.22705,0.17270,-0.47039,0.31598,31.2520983,75.7048600,0.000,335.87
672.596,-7.65600,-6.00795,1.04505,0.63498,0.12086,0.43312,31.2520983,75.7048600,0.000,335.87
672.704,-7.76805,-5.11305,2.16495,-0.31199,-0.23815,-0.10051,31.2520983,75.7048600,0.000,335.87
672.811,-7.29405,-4.91895,2.56695,-0.10106,-0.31694,-0.20391,31.2520983,75.7048600,0.000,335.87
672.919,-7.29405,-5.25705,2.47905,0.20254,0.06009,-0.69809,31.2520983,75.7048600,0.000,335.87
673.027,-8.95605,-4.89300,2.50500,0.18012,0.16349,-0.84728,31.2520983,75.7048600,0.000,335.87
673.135,-9.18300,-4.77795,2.85000,0.13214,-0.17531,-0.27734,31.2520983,75.7048600,0.000,335.87
673.243,-8.83395,-4.95705,1.73400,0.38789,0.18480,-0.04304,31.2520600,75.7048417,0.000,335.87
673.346,-8.89305,-5.14905,1.01595,0.16308,0.57681,0.33522,31.2520600,75.7048417,0.000,335.87
673.453,-6.56100,-3.95700,1.10895,0.25465,0.47561,0.72188,31.2520600,75.7048417,0.000,335.87
673.562,-7.22505,-7.45200,1.22400,-0.01485,0.11440,0.35544,31.2520600,75.7048417,0.000,335.87
673.669,-8.75700,-4.69605,3.10395,0.45705,0.72064,-0.45746,31.2520600,75.7048417,0.000,335.87
673.777,-8.13000,-5.16105,1.67700,0.85236,0.50861,0.04648,31.2520600,75.7048417,0.000,335.87
673.885,-8.04600,-5.14605,2.34495,0.07783,0.02502,0.12953,31.2520600,75.7048417,0.000,335.87
673.993,-8.13900,-5.25900,1.46595,0.27390,0.01540,-0.00894,31.2520600,75.7048417,0.000,335.87
674.101,-8.11800,-4.21995,0.76005,0.63388,0.27431,0.01457,31.2520600,75.7048417,0.000,335.87
674.209,-8.01900,-4.97400,-0.00795,0.08635,0.17311,0.07521,31.2518733,75.7047800,0.000,335.87
674.316,-8.00805,-5.10795,1.47795,-0.11495,-0.00907,0.02736,31.2518733,75.7047800,0.000,335.87
674.424,-7.82100,-5.03205,1.41105,-0.03712,0.01650,0.03685,31.2518733,75.7047800,0.000,335.87
674.532,-7.53600,-5.13405,1.45605,-0.05418,0.00894,-0.13461,31.2518733,75.7047800,0.000,335.87
674.640,-8.12205,-4.77300,1.39395,0.08429,0.03561,-0.26249,31.2518733,75.7047800,0.000,335.87
674.749,-8.49795,-4.90905,1.32195,0.00536,-0.03355,-0.13351,31.2518733,75.7047800,0.000,335.87
674.857,-8.25195,-5.01705,1.02300,0.02145,-0.01664,-0.03658,31.2518733,75.7047800,0.000,335.87
674.964,-8.09595,-4.98795,1.03005,-0.04785,0.06861,-0.02805,31.2518733,75.7047800,0.000,335.87
675.068,-8.07705,-5.11800,1.36095,0.00756,0.11344,-0.04304,31.2518733,75.7047800,0.000,335.87
675.176,-7.87800,-4.93800,1.25805,0.08209,0.10917,-0.01210,31.2518667,75.7047833,0.000,335.87
675.284,-7.72005,-4.81605,0.97005,0.17806,0.08360,0.00385,31.2518667,75.7047833,0.000,335.87
675.391,-7.98795,-4.98795,0.68805,0.18975,0.08566,-0.20597,31.2518667,75.7047833,0.000,335.87
675.499,-7.75395,-5.38305,1.16205,0.07356,0.06655,-0.13145,31.2518667,75.7047833,0.000,335.87
675.608,-7.76805,-5.04105,0.75000,0.37716,0.19113,-0.18466,31.2518667,75.7047833,0.000,335.87
675.716,-7.56195,-5.53395,1.86105,0.20034,0.08786,-0.15386,31.2518667,75.7047833,0.000,335.87
675.824,-7.57200,-5.40300,2.23200,0.32505,0.07397,-0.08992,31.2518667,75.7047833,0.000,335.87
675.932,-7.87305,-6.06300,1.14300,-0.14589,0.07508,0.03369,31.2518667,75.7047833,0.000,335.87
676.041,-6.88905,-5.52495,2.19900,-0.49954,-0.28614,0.11674,31.2518667,75.7047833,0.000,335.87
676.150,-7.65300,-7.39695,2.22195,-0.92771,-0.22963,0.13599,31.2518667,75.7047833,0.000,335.87
676.258,-6.70305,-5.54595,1.18305,-0.20763,-0.32766,0.16252,31.2518483,75.7047733,0.000,335.87
676.366,-8.15805,-5.60100,1.29795,-0.33014,-0.41607,-0.06009,31.2518483,75.7047733,0.000,335.87
676.473,-7.81395,-5.44800,-0.00600,-0.20446,-0.31061,0.33729,31.2518483,75.7047733,0.000,335.87
676.581,-7.17705,-5.79105,0.90600,-0.44729,-0.29040,0.01347,31.2518483,75.7047733,0.000,335.87
676.689,-8.06505,-5.52705,0.08205,-0.23856,0.08456,-0.03658,31.2518483,75.7047733,0.000,335.87
676.791,-7.37505,-5.70405,0.86295,-0.08828,-0.15510,0.01554,31.2518483,75.7047733,0.000,335.87
676.900,-7.67505,-5.47395,0.95100,-0.02764,-0.21477,0.05816,31.2518483,75.7047733,0.000,335.87
677.007,-7.47600,-5.73795,1.27695,0.14396,-0.02406,-0.12719,31.2518483,75.7047733,0.000,335.87
677.113,-8.06700,-5.95095,1.23795,0.23554,0.16885,-0.41484,31.2518483,75.7047733,0.000,335.87
677.221,-7.96200,-5.05095,0.96105,0.43684,0.44578,-0.08566,31.2518200,75.7047650,0.000,335.87
677.327,-8.08695,-6.27705,1.66005,0.09171,0.52140,0.06036,31.2518200,75.7047650,0.000,335.87
677.434,-6.91095,-5.35200,2.55000,-0.30456,-0.10601,0.47149,31.2518200,75.7047650,0.000,335.87
677.541,-6.90405,-6.64995,1.43205,-0.54642,-0.14658,0.37455,31.2518200,75.7047650,0.000,335.87
677.649,-7.17195,-5.05500,1.28205,-0.09364,-0.20089,0.23403,31.2518200,75.7047650,0.000,335.87
677.757,-8.17500,-5.94105,0.85305,-0.27789,-0.24557,0.09763,31.2518200,75.7047650,0.000,335.87
677.865,-7.81605,-5.52000,0.11100,0.10024,-0.15826,0.06036,31.2518200,75.7047650,0.000,335.87
677.972,-7.61505,-5.63205,0.26595,-0.06916,-0.23279,0.13062,31.2518200,75.7047650,0.000,335.87
678.076,-7.79895,-5.67795,0.75000,-0.21395,-0.25300,0.03905,31.2518200,75.7047650,0.000,335.87
678.184,-8.08200,-5.13705,0.95400,-0.08621,-0.07521,-0.26455,31.2517950,75.7047550,0.000,335.87
678.291,-8.32095,-5.09100,1.08300,-0.40892,-0.19346,-0.03561,31.2517950,75.7047550,0.000,335.87
678.399,-7.70295,-5.36205,1.53105,-0.25987,-0.19553,0.06779,31.2517950,75.7047550,0.000,335.87
678.507,-8.02395,-5.24505,0.71400,0.03520,0.00894,-0.01320,31.2517950,75.7047550,0.000,335.87
678.614,-7.43805,-5.35200,1.15200,0.01182,0.09735,-0.14960,31.2517950,75.7047550,0.000,335.87
678.722,-7.87800,-5.38605,1.34595,0.02571,0.13365,-0.19855,31.2517950,75.7047550,0.000,335.87
678.831,-8.28300,-5.27100,1.07805,0.17270,0.16981,-0.04304,31.2517950,75.7047550,0.000,335.87
678.938,-8.01000,-5.40495,1.05900,0.13214,0.12829,0.21904,31.2517950,75.7047550,0.000,335.87
679.045,-7.60800,-5.52195,1.18305,0.07892,0.05266,0.34787,31.2517950,75.7047550,0.000,335.87
679.148,-7.35105,-5.59695,1.21005,0.00962,-0.00481,0.27445,31.2517183,75.7047417,0.000,335.87
679.254,-7.35600,-5.65200,1.16400,-0.02118,-0.03575,0.09116,31.2517183,75.7047417,0.000,335.87
679.363,-7.47600,-5.56800,0.99705,-0.07975,-0.07095,-0.03768,31.2517183,75.7047417,0.000,335.87
679.470,-7.73505,-5.35200,1.09200,-0.12884,-0.06669,-0.22523,31.2517183,75.7047417,0.000,335.87
679.579,-7.86105,-5.30895,1.35105,-0.23430,-0.14548,-0.18466,31.2517183,75.7047417,0.000,335.87
679.686,-10.44000,-4.25805,1.83000,-0.19594,-0.50655,0.21051,31.2517183,75.7047417,0.000,335.87
679.794,-11.73000,-3.59295,2.94795,0.05445,-0.83793,1.61136,31.2517183,75.7047417,0.000,335.87
679.903,-10.13100,-3.33405,3.91005,0.23980,-1.81582,2.27081,31.2517183,75.7047417,0.000,335.87
680.011,-7.71795,-2.25900,4.02795,-0.09157,-3.30825,1.78709,31.2517183,75.7047417,0.000,335.87
680.117,-4.77795,-1.03605,5.49105,-0.10643,-2.99186,0.99990,31.2517183,75.7047417,0.000,335.87
680.224,-3.72195,-0.13500,6.44805,-0.03080,-1.12448,0.40549,31.2517017,75.7047450,0.000,335.87
680.330,-3.67200,0.17700,7.77900,-0.24283,-0.46613,0.20735,31.2517017,75.7047450,0.000,335.87
680.448,-3.43005,0.15600,9.06000,-0.47712,0.14424,0.03589,31.2517017,75.7047450,0.000,335.87
680.557,-3.76695,0.08595,9.57495,-0.07343,0.54381,-0.15056,31.2517017,75.7047450,0.000,335.87
680.664,-3.86595,-0.48705,6.99195,-0.16720,0.45320,-0.05046,31.2517017,75.7047450,0.000,335.87
680.772,-4.82295,-2.26395,4.62900,-0.74553,1.30006,-0.40205,31.2517017,75.7047450,0.000,335.87
680.880,-7.07400,-5.33295,5.59800,-1.80661,1.84979,-0.82280,31.2517017,75.7047450,0.000,335.87
680.987,-8.84295,-6.44895,8.10705,-1.95992,1.97656,-1.12530,31.2517017,75.7047450,0.000,335.87
681.095,-9.22605,-4.19595,5.80395,-0.47932,2.07776,-0.53941,31.2517017,75.7047450,0.000,335.87
681.202,-8.10795,-4.25805,4.07595,-0.19484,0.38720,0.10299,31.2517283,75.7047550,0.000,335.87
681.311,-8.23500,-4.38795,3.52005,0.33454,0.19003,0.20941,31.2517283,75.7047550,0.000,335.87
681.416,-7.50195,-4.67505,2.93100,0.97267,0.24227,0.12746,31.2517283,75.7047550,0.000,335.87
681.524,-8.26605,-4.92900,2.50695,1.30611,0.62686,-0.15799,31.2517283,75.7047550,0.000,335.87
681.632,-8.42895,-5.15100,2.48805,1.40525,0.83779,0.07095,31.2517283,75.7047550,0.000,335.87
681.740,-8.71095,-5.50800,2.34195,0.93857,0.19759,0.55357,31.2517283,75.7047550,0.000,335.87
681.847,-7.40895,-5.47695,1.50705,0.59139,-0.08154,0.56953,31.2517283,75.7047550,0.000,335.87
681.952,-7.03095,-5.12295,1.22895,0.09281,0.01540,0.10821,31.2517283,75.7047550,0.000,335.87
682.059,-7.75395,-4.95300,1.16400,-0.32271,0.05266,-0.25822,31.2517283,75.7047550,0.000,335.87
682.164,-8.07900,-5.03205,1.74405,-0.61352,0.17627,-0.57241,31.2517150,75.7047550,0.000,335.87
682.271,-8.50605,-4.84695,1.70295,-0.86914,0.04730,-0.54794,31.2517150,75.7047550,0.000,335.87
682.379,-8.20395,-4.73505,2.56500,-0.90640,-0.04744,-0.51068,31.2517150,75.7047550,0.000,335.87
682.488,-8.94105,-4.35900,2.95695,-0.46654,-0.01127,-0.40095,31.2517150,75.7047550,0.000,335.87
682.595,-8.83800,-4.14795,1.78005,-0.15015,-0.26056,0.14658,31.2517150,75.7047550,0.000,335.87
682.704,-8.32095,-4.45200,1.81500,-0.07452,-0.31267,0.41181,31.2517150,75.7047550,0.000,335.87
682.812,-8.37405,-4.78500,1.75605,0.18439,-0.18067,0.45554,31.2517150,75.7047550,0.000,335.87
682.920,-7.84905,-4.96905,1.63800,0.37620,-0.07728,0.38528,31.2517150,75.7047550,0.000,335.87
683.027,-7.70805,-4.81095,1.27395,0.44220,0.17517,0.09336,31.2517150,75.7047550,0.000,335.87
683.136,-7.72005,-4.80195,1.45605,0.19924,0.16033,-0.08566,31.2517150,75.7047550,0.000,335.87
683.241,-8.62995,-4.70805,1.67400,0.12471,0.22633,-0.25080,31.2517017,75.7047533,0.000,335.87
683.347,-8.05500,-4.91895,1.72005,-0.08401,-0.15510,0.11357,31.2517017,75.7047533,0.000,335.87
683.453,-8.15100,-4.53105,1.36800,-0.08195,-0.00481,-0.05472,31.2517017,75.7047533,0.000,335.87
683.561,-8.02905,-4.71600,1.73400,-0.12554,-0.04001,-0.07920,31.2517017,75.7047533,0.000,335.87
683.668,-8.28000,-4.57395,1.59000,-0.13942,-0.01237,-0.11124,31.2517017,75.7047533,0.000,335.87
683.777,-8.33595,-4.55295,1.75095,-0.11179,-0.00165,-0.09941,31.2517017,75.7047533,0.000,335.87
683.884,-8.30700,-4.52205,1.89405,-0.05418,-0.01554,-0.03561,31.2517017,75.7047533,0.000,335.87
683.992,-8.34000,-4.52205,1.64805,0.06078,-0.02186,0.02832,31.2517017,75.7047533,0.000,335.87
684.097,-8.08200,-4.66005,1.80300,0.09377,0.01224,0.04854,31.2517017,75.7047533,0.000,335.87
684.202,-8.07195,-4.63605,1.72695,0.14176,0.01320,0.07631,31.2516833,75.7047550,0.000,335.87
684.326,-8.06700,-4.75905,1.81995,0.13324,0.01320,0.04758,31.2516833,75.7047550,0.000,335.87
684.433,-8.07495,-4.72305,1.62900,0.18659,0.06229,-0.02489,31.2516833,75.7047550,0.000,335.87
684.541,-8.07495,-4.67505,1.79400,0.13860,0.10161,-0.07177,31.2516833,75.7047550,0.000,335.87
684.649,-8.35695,-4.50195,1.83900,0.12691,0.11976,-0.03878,31.2516833,75.7047550,0.000,335.87
684.756,-8.28300,-4.56195,1.91595,0.07356,0.02502,0.08690,31.2516833,75.7047550,0.000,335.87
684.866,-7.96005,-4.78500,1.92600,0.05981,-0.03259,0.09763,31.2516833,75.7047550,0.000,335.87
684.974,-8.01900,-4.77495,1.75995,0.08745,0.02502,-0.02805,31.2516833,75.7047550,0.000,335.87
685.081,-8.30895,-4.55295,1.60695,-0.00632,-0.01237,-0.02599,31.2516833,75.7047550,0.000,335.87
685.187,-8.16300,-4.59795,1.74405,-0.11605,-0.04318,-0.00894,31.2516917,75.7047567,0.000,335.87
685.291,-8.07000,-4.57695,2.02905,-0.12554,-0.03781,-0.03231,31.2516917,75.7047567,0.000,335.87
685.396,-8.37900,-4.33695,2.27805,-0.01691,-0.04001,-0.01430,31.2516917,75.7047567,0.000,335.87
685.503,-8.84805,-3.94905,2.42595,0.16418,-0.11784,0.11784,31.2516917,75.7047567,0.000,335.87
685.612,-8.80695,-3.56895,2.36100,0.17696,-0.24984,0.35214,31.2516917,75.7047567,0.000,335.87
685.720,-8.80995,-3.04200,2.55495,0.34526,-0.15826,0.43422,31.2516917,75.7047567,0.000,335.87
685.829,-8.88105,-2.45100,2.38800,0.44000,0.05060,0.50669,31.2516917,75.7047567,0.000,335.87
685.936,-8.66595,-2.58900,2.95995,0.33248,0.08030,0.35640,31.2516917,75.7047567,0.000,335.87
686.040,-8.33100,-3.07500,2.99595,0.34526,-0.06765,0.20089,31.2516917,75.7047567,0.000,335.87
686.142,-7.84905,-3.25005,2.40000,0.34100,0.18480,-0.22729,31.2516533,75.7047450,0.000,335.87
686.246,-8.44995,-3.39600,2.17200,0.26647,0.24447,-0.52552,31.2516533,75.7047450,0.000,335.87
686.352,-8.58000,-3.71205,1.91805,0.60404,0.68434,-0.67581,31.2516533,75.7047450,0.000,335.87
686.460,-9.02505,-3.62895,1.62405,0.87367,1.02946,-0.75460,31.2516533,75.7047450,0.000,335.87
686.567,-8.69895,-3.57105,1.14495,0.43051,0.50119,-0.37648,31.2516533,75.7047450,0.000,335.87
686.672,-8.81400,-4.14795,2.14800,0.17160,0.35846,-0.28903,,,,
686.775,-9.07800,-4.09800,1.56405,0.62012,0.42652,-0.07494,,,,
686.881,-8.76405,-4.61505,0.89100,0.33248,0.18054,0.14658,,,,
686.988,-7.74900,-4.15800,0.97995,0.16844,0.04304,0.04538,,,,
687.093,-8.95995,-4.34205,1.20705,-0.01801,0.13997,-0.01856,,,,
687.201,-9.52500,-4.16505,1.24995,-0.80204,-0.54711,0.40123,31.2516417,75.7047417,0.000,335.87
687.303,-9.05895,-2.92905,2.05695,-0.39834,-0.33825,0.32766,31.2516417,75.7047417,0.000,335.87
687.408,-9.63600,-3.15405,0.65895,-0.17146,-0.12306,0.84645,31.2516417,75.7047417,0.000,335.87
687.510,-7.95705,-2.06295,1.59000,-0.05748,-0.29989,0.32134,31.2516417,75.7047417,0.000,335.87
687.613,-8.21100,-2.79495,0.57495,0.23980,0.17311,-0.11014,31.2516417,75.7047417,0.000,335.87
687.720,-9.11595,-2.99400,1.87095,0.03520,0.09639,-0.43615,31.2516417,75.7047417,0.000,335.87
687.826,-8.92905,-3.57795,1.42800,-0.03286,-0.08374,-0.06435,31.2516417,75.7047417,0.000,335.87
687.933,-8.40000,-3.44205,1.21695,0.04702,-0.02612,-0.30291,31.2516417,75.7047417,0.000,335.87
688.041,-9.17805,-3.46305,1.32705,-0.01801,0.07714,-0.38390,31.2516417,75.7047417,0.000,335.87
688.149,-9.30795,-3.40605,1.51605,0.00646,0.01856,-0.17614,31.2516417,75.7047417,0.000,335.87
688.257,-9.04695,-3.38700,1.62195,0.00536,-0.05280,-0.04840,31.2515983,75.7047200,0.000,335.87
688.362,-9.24795,-2.95605,2.43600,-0.10863,-0.34471,0.26799,31.2515983,75.7047200,0.000,335.87
688.470,-8.55105,-3.04395,2.41905,0.15991,-0.17421,0.30855,31.2515983,75.7047200,0.000,335.87
688.579,-8.51295,-3.21195,1.99305,0.36121,0.12622,0.07315,31.2515983,75.7047200,0.000,335.87
688.686,-8.87205,-3.46095,1.93005,0.21739,0.22316,-0.12719,31.2515983,75.7047200,0.000,335.87
688.793,-9.03900,-3.47100,1.61895,0.06188,0.07604,-0.13255,31.2515983,75.7047200,0.000,335.87
688.901,-9.11595,-3.58095,1.65000,-0.06174,-0.22852,0.07521,31.2515983,75.7047200,0.000,335.87
689.009,-8.66805,-3.71205,1.65705,-0.28009,-0.17105,0.09543,31.2515983,75.7047200,0.000,335.87
689.117,-8.68500,-4.05195,2.36100,-0.20982,0.09212,-0.05899,31.2515983,75.7047200,0.000,335.87
689.226,-8.77395,-2.76405,1.77195,-0.04895,-0.10175,0.04538,31.2515900,75.7047067,0.000,335.87
689.334,-8.18700,-3.80805,2.16495,-0.12774,-0.04634,-0.01320,31.2515900,75.7047067,0.000,335.87
689.444,-8.70900,-3.25995,2.12400,0.00756,-0.05486,-0.14424,31.2515900,75.7047067,0.000,335.87
689.552,-9.21195,-2.77395,1.87800,-0.06490,-0.14864,-0.07177,31.2515900,75.7047067,0.000,335.87
689.660,-9.50400,-2.21100,1.97805,-0.02008,0.03671,0.11151,31.2515900,75.7047067,0.000,335.87
689.768,-8.92695,-2.83605,2.27295,0.08635,0.07824,0.23499,31.2515900,75.7047067,0.000,335.87
689.876,-7.83495,-2.86695,1.72695,0.20996,0.08992,-0.14850,31.2515900,75.7047067,0.000,335.87
689.983,-9.67395,-3.52995,1.55205,0.38046,0.57461,-0.46172,31.2515900,75.7047067,0.000,335.87
690.092,-8.03400,-3.88695,1.58805,0.09914,-0.19979,-0.04194,31.2515900,75.7047067,0.000,335.87
690.201,-7.92900,-4.77795,1.48995,0.33138,0.11660,-0.18466,31.2515750,75.7047000,0.000,335.87
690.309,-8.69505,-4.70595,1.82505,0.20886,0.04304,-0.20597,31.2515750,75.7047000,0.000,335.87
690.417,-8.24205,-4.60800,1.86300,0.05651,-0.17641,-0.11646,31.2515750,75.7047000,0.000,335.87
690.525,-7.87800,-4.51005,2.15100,0.05981,-0.10821,-0.22619,31.2515750,75.7047000,0.000,335.87
690.633,-8.60595,-4.11495,3.10605,0.23018,0.16239,-0.41690,31.2515750,75.7047000,0.000,335.87
690.741,-8.83605,-4.07100,2.64105,0.39215,-0.01017,-0.20707,31.2515750,75.7047000,0.000,335.87
690.848,-8.05095,-4.47105,2.52705,0.70318,0.25506,-0.18892,31.2515750,75.7047000,0.000,335.87
690.956,-8.16600,-4.62000,1.91100,0.74690,0.50119,-0.32849,31.2515750,75.7047000,0.000,335.87
691.066,-8.32800,-4.74405,2.50500,0.36121,0.28270,-0.26675,31.2515750,75.7047000,0.000,335.87
691.173,-7.96200,-4.88805,2.82300,0.35915,0.28916,-0.12499,31.2515550,75.7046950,0.000,335.87
691.282,-7.94295,-4.91400,2.25795,0.50820,0.45540,-0.04936,31.2515550,75.7046950,0.000,335.87
691.387,-7.64805,-4.96005,2.14800,0.00962,0.03451,0.06132,31.2515550,75.7046950,0.000,335.87
691.510,-7.71300,-4.91895,2.46195,-0.01485,-0.02186,0.00069,31.2515550,75.7046950,0.000,335.87
691.618,-7.79700,-4.92600,2.50995,0.02145,-0.04538,-0.04620,31.2515550,75.7046950,0.000,335.87
691.725,-7.99995,-4.83795,2.44800,0.01719,-0.06669,-0.03768,31.2515550,75.7046950,0.000,335.87
691.833,-7.97400,-4.82100,2.30895,0.03424,-0.01554,-0.05472,31.2515550,75.7046950,0.000,335.87
691.942,-7.97595,-4.73700,2.21805,0.02351,0.01320,-0.03025,31.2515550,75.7046950,0.000,335.87
692.064,-8.03100,-4.71300,2.32995,-0.00096,0.06339,-0.01856,31.2515550,75.7046950,0.000,335.87
692.171,-7.96005,-4.72305,2.30400,-0.01911,0.06765,0.02200,31.2515250,75.7046983,0.000,335.87
692.279,-7.97205,-4.70805,2.42595,-0.03080,0.07824,0.05184,31.2515250,75.7046983,0.000,335.87
692.388,-7.86405,-4.90695,2.60805,-0.00632,0.02502,0.05926,31.2515250,75.7046983,0.000,335.87
692.496,-7.68705,-4.97595,2.26605,0.05335,0.00894,0.01774,31.2515250,75.7046983,0.000,335.87
692.604,-7.87605,-4.98600,2.12400,0.00646,-0.03575,-0.01100,31.2515250,75.7046983,0.000,335.87
692.711,-7.82295,-4.85700,2.02605,-0.02544,-0.04208,-0.06215,31.2515250,75.7046983,0.000,335.87
692.819,-8.11995,-4.77495,2.05995,-0.00949,0.04730,-0.11976,31.2515250,75.7046983,0.000,335.87
692.927,-8.06505,-4.78500,2.25105,-0.01911,0.03025,-0.05266,31.2515250,75.7046983,0.000,335.87
693.035,-8.06505,-4.81395,2.36400,-0.00412,0.02502,0.01457,31.2515250,75.7046983,0.000,335.87
693.161,-8.01495,-4.95705,2.18205,0.02888,0.07824,0.05184,31.2515250,75.7046983,0.000,335.87
693.269,-7.83795,-5.02395,2.10495,0.02035,0.09955,0.03905,31.2514950,75.7047000,0.000,335.87
693.376,-8.06700,-4.92900,1.92105,-0.04565,0.13571,-0.01320,31.2514950,75.7047000,0.000,335.87
693.481,-8.40495,-4.82100,1.80300,-0.05954,0.14218,0.01127,31.2514950,75.7047000,0.000,335.87
693.587,-8.49405,-4.45905,1.40805,-0.16926,0.07508,0.12210,31.2514950,75.7047000,0.000,335.87
693.714,-7.88100,-3.28395,0.38400,0.04166,0.32959,0.21794,31.2514950,75.7047000,0.000,335.87
693.822,-8.43795,-4.85205,1.62600,-0.60390,-0.52470,0.22646,31.2514950,75.7047000,0.000,335.87
693.930,-8.49795,-3.83400,2.31600,0.21629,0.12513,-0.06215,31.2514950,75.7047000,0.000,335.87
694.039,-8.23500,-4.69395,2.28195,0.41979,0.17311,0.13283,31.2514950,75.7047000,0.000,335.87
694.147,-7.41105,-5.22495,2.17695,0.30264,-0.08154,0.15826,31.2514950,75.7047000,0.000,335.87
694.255,-7.69605,-4.87605,1.55205,0.12898,-0.22220,-0.16225,31.2514583,75.7047100,0.000,335.87
694.363,-8.68695,-4.27005,1.70295,0.07150,-0.04208,-0.23691,31.2514583,75.7047100,0.000,335.87
694.471,-8.60595,-4.30605,1.84200,0.00220,-0.01554,-0.07920,31.2514583,75.7047100,0.000,335.87
694.578,-8.46705,-4.28205,2.01195,-0.12980,-0.03039,-0.01004,31.2514583,75.7047100,0.000,335.87
694.687,-8.42205,-4.34205,2.17005,-0.09900,-0.03781,0.05390,31.2514583,75.7047100,0.000,335.87
694.795,-8.07900,-3.76500,3.17100,-0.56238,0.02599,0.23073,31.2514583,75.7047100,0.000,335.87
694.904,-7.96695,-4.66305,5.04495,-0.14369,-0.42350,0.08800,31.2514583,75.7047100,0.000,335.87
695.012,-8.84505,-3.66000,-2.52705,0.82143,0.84205,0.44591,31.2514583,75.7047100,0.000,335.87
695.120,-7.58100,-5.23995,3.24000,-0.65079,-0.25410,0.26592,31.2514583,75.7047100,0.000,335.87
695.227,-9.01800,-3.43905,0.10395,-0.30676,-0.28614,0.01554,31.2514367,75.7047033,0.000,335.87
695.335,-9.06300,-3.60495,1.75605,-0.67636,-0.64405,-0.00247,31.2514367,75.7047033,0.000,335.87
695.444,-8.72295,-3.57300,1.70805,-0.10106,-0.35530,0.05390,31.2514367,75.7047033,0.000,335.87
695.552,-9.68100,-3.04005,2.01405,-0.05528,-0.49706,0.16473,31.2514367,75.7047033,0.000,335.87
695.660,-8.28495,-3.16905,2.76795,-0.17889,-1.21921,0.42364,31.2514367,75.7047033,0.000,335.87
695.768,-7.44000,-3.63795,3.64695,-0.40796,-1.90850,0.34691,31.2514367,75.7047033,0.000,335.87
695.876,-7.09095,-3.28905,4.97295,-0.21725,-1.02864,0.00605,31.2514367,75.7047033,0.000,335.87
695.985,-6.92805,-3.27405,5.32095,-0.07026,-0.27431,-0.07177,31.2514367,75.7047033,0.000,335.87
696.093,-6.17595,-3.73395,3.92205,-0.27362,0.77495,-0.24227,31.2514367,75.7047033,0.000,335.87
696.199,-7.10295,-4.74705,4.50405,0.06724,2.06498,-0.99962,31.2514167,75.7046850,0.000,335.87
696.308,-8.57295,-4.90695,3.38400,0.67980,1.51745,-1.01558,31.2514167,75.7046850,0.000,335.87
696.416,-8.77095,-4.58595,2.47905,0.39105,0.35846,-0.29232,31.2514167,75.7046850,0.000,335.87
696.524,-8.07495,-5.22495,2.03295,-0.15868,-0.03355,0.14135,31.2514167,75.7046850,0.000,335.87
696.633,-8.07495,-4.89300,2.74695,-0.37483,-0.12306,0.24035,31.2514167,75.7046850,0.000,335.87
696.741,-7.84200,-5.13405,2.95995,-0.51122,-0.13585,0.37565,31.2514167,75.7046850,0.000,335.87
696.849,-7.86405,-5.17500,3.22605,-0.27266,0.08676,0.14974,31.2514167,75.7046850,0.000,335.87
696.954,-7.92105,-4.49805,2.43105,-0.11701,-0.10505,0.25850,31.2514167,75.7046850,0.000,335.87
697.063,-7.35600,-4.95300,2.47095,-0.07659,0.03781,-0.00151,31.2514167,75.7046850,0.000,335.87
697.171,-8.46705,-4.44000,1.90905,0.16844,0.06765,-0.03768,31.2514117,75.7046633,0.000,335.87
697.277,-8.10105,-4.60800,1.21395,0.07686,0.01540,0.09336,31.2514117,75.7046633,0.000,335.87
697.384,-8.12505,-4.50195,1.13295,-0.03190,0.22949,0.06352,31.2514117,75.7046633,0.000,335.87
697.492,-7.41105,-3.63300,1.05195,-0.09680,0.19855,-0.20818,31.2514117,75.7046633,0.000,335.87
697.600,-7.69395,-4.78500,1.03995,-0.43876,0.08566,-0.47011,31.2514117,75.7046633,0.000,335.87
697.708,-9.46095,-5.38095,1.41105,0.03850,0.27101,-0.60541,31.2514117,75.7046633,0.000,335.87
697.816,-7.43295,-5.64900,1.18095,0.58919,0.08140,-0.49569,31.2514117,75.7046633,0.000,335.87
697.925,-6.15405,-6.84405,1.79400,0.08539,0.03561,-0.36795,31.2514117,75.7046633,0.000,335.87
698.033,-6.17595,-7.08795,2.45700,0.38473,0.25616,-0.65134,31.2514117,75.7046633,0.000,335.87
698.141,-6.33405,-7.03095,3.08400,0.65945,1.15198,-0.71624,31.2514117,75.7046633,0.000,335.87
698.248,-6.55395,-7.05900,0.88605,0.67334,0.30937,-0.59373,31.2513950,75.7046483,0.000,335.87
698.356,-6.80100,-6.85395,1.39605,-0.13310,-0.44591,-0.00467,31.2513950,75.7046483,0.000,335.87
698.464,-6.26700,-6.89205,1.78395,-0.31845,-0.55454,0.27871,31.2513950,75.7046483,0.000,335.87
698.573,-6.59295,-6.64500,1.75995,-0.16390,-0.27858,0.41938,31.2513950,75.7046483,0.000,335.87
698.688,-6.53295,-6.95895,2.13105,-0.28971,-0.33935,0.54395,31.2513950,75.7046483,0.000,335.87
698.796,-6.94200,-6.44400,2.21505,-0.17669,-0.16569,0.66000,31.2513950,75.7046483,0.000,335.87
698.904,-6.40095,-6.30795,2.25105,0.08745,-0.12843,0.40123,31.2513950,75.7046483,0.000,335.87
699.013,-7.25805,-5.86695,2.23200,0.38046,0.21890,0.27651,31.2513950,75.7046483,0.000,335.87
699.120,-7.32300,-5.59395,2.06205,0.30470,0.11344,0.20199,31.2513950,75.7046483,0.000,335.87
699.227,-7.54500,-5.61795,2.16300,0.18755,0.24117,0.13172,31.2513783,75.7046367,0.000,335.87
699.333,-7.67700,-5.24700,1.73895,0.28985,0.60665,0.03369,31.2513783,75.7046367,0.000,335.87
699.441,-8.89095,-4.73700,1.99500,-0.06806,0.51398,-0.05362,31.2513783,75.7046367,0.000,335.87
699.547,-8.18205,-4.60095,1.75995,-0.33220,0.12292,0.23499,31.2513783,75.7046367,0.000,335.87
699.654,-8.69505,-4.51905,0.19905,0.13434,0.67581,0.21367,31.2513783,75.7046367,0.000,335.87
699.761,-8.70195,-4.51905,0.58005,-0.26936,0.03671,0.41291,31.2513783,75.7046367,0.000,335.87
699.870,-8.17005,-4.75395,1.08300,0.50187,0.26043,0.38528,31.2513783,75.7046367,0.000,335.87
699.978,-8.08395,-4.13595,0.25200,0.06614,0.00261,-0.03878,31.2513783,75.7046367,0.000,335.87
700.085,-8.44800,-4.13400,-0.13500,0.47740,-0.02929,-0.13351,31.2513783,75.7046367,0.000,335.87
700.194,-8.49795,-4.23195,0.61800,0.16308,-0.11564,-0.15276,31.2513683,75.7046167,0.000,335.87
700.302,-8.56500,-4.14600,1.02495,0.00220,0.03245,-0.06105,31.2513683,75.7046167,0.000,335.87
700.410,-8.72805,-4.19595,1.18095,-0.00522,-0.00385,-0.00151,31.2513683,75.7046167,0.000,335.87
700.518,-8.54595,-4.30395,1.24995,0.19827,0.12829,0.02516,31.2513683,75.7046167,0.000,335.87
700.626,-8.38305,-4.53795,0.34305,0.54024,0.37331,0.05610,31.2513683,75.7046167,0.000,335.87
700.734,-8.81700,-4.15800,0.11595,-0.05844,0.09845,-0.03025,31.2513683,75.7046167,0.000,335.87
700.842,-8.96805,-4.29705,0.71595,-0.20336,0.06765,0.07631,31.2513683,75.7046167,0.000,335.87
700.949,-8.40300,-4.10700,0.68805,-0.05748,0.11866,0.14025,31.2513683,75.7046167,0.000,335.87
701.053,-8.57295,-4.27005,0.01005,0.08951,0.31584,0.06242,31.2513683,75.7046167,0.000,335.87
701.160,-8.18700,-3.72900,-0.06300,-0.09048,0.04634,0.05074,31.2513600,75.7045967,0.000,335.87
701.266,-8.05800,-4.21800,0.68805,0.08209,0.09529,-0.18466,31.2513600,75.7045967,0.000,335.87
701.371,-9.52305,-3.38895,-0.41295,0.28023,0.26579,-0.41058,31.2513600,75.7045967,0.000,335.87
701.479,-9.05100,-4.15995,-0.18300,0.12045,0.04414,-0.00151,31.2513600,75.7045967,0.000,335.87
701.585,-8.66595,-4.51200,-0.39795,0.18012,0.11660,0.18178,31.2513600,75.7045967,0.000,335.87
701.693,-7.87305,-4.85700,-0.81705,0.12691,0.07081,0.13599,31.2513600,75.7045967,0.000,335.87
701.800,-7.77300,-4.96500,-0.21600,-0.12774,-0.07948,-0.20914,31.2513600,75.7045967,0.000,335.87
701.906,-8.20095,-4.83495,-0.12300,-0.13090,-0.08896,-0.33165,31.2513600,75.7045967,0.000,335.87
702.014,-8.50800,-4.65105,-0.05595,-0.12128,-0.11028,-0.19003,31.2513600,75.7045967,0.000,335.87
702.122,-8.43405,-4.58595,0.00300,-0.20873,-0.11990,-0.04510,31.2513600,75.7045967,0.000,335.87
702.229,-8.46195,-4.57905,-0.01005,-0.16610,-0.15716,0.09020,31.2513600,75.7045967,0.000,335.87
702.337,-8.23995,-4.74405,0.03405,-0.13736,-0.14121,0.05390,31.2513600,75.7045967,0.000,335.87
702.445,-8.52495,-4.52205,0.04395,-0.08731,-0.09116,0.06889,31.2513600,75.7045967,0.000,335.87
702.565,-8.20905,-4.70400,0.14895,-0.05418,-0.05596,0.08690,31.2513600,75.7045967,0.000,335.87
702.672,-8.30895,-4.61295,0.11595,0.04056,0.07288,-0.04840,31.2513600,75.7045967,0.000,335.87
702.780,-8.46495,-4.52895,0.03900,-0.03396,0.03878,-0.06751,31.2513600,75.7045967,0.000,335.87
702.889,-8.27805,-4.71600,-0.05100,-0.06806,-0.02296,-0.01004,31.2513600,75.7045967,0.000,335.87
702.996,-8.21595,-4.85400,0.03900,-0.14259,-0.04318,0.00069,31.2513600,75.7045967,0.000,335.87
703.104,-8.27295,-4.84500,-0.21405,0.07466,0.08883,-0.04936,31.2513600,75.7045967,0.000,335.87
703.212,-8.25900,-4.62495,-0.19200,-0.11701,-0.04538,0.02200,,,,
703.320,-8.42595,-4.69605,-0.14400,-0.08731,-0.04854,0.09872,,,,
703.428,-8.36400,-4.55700,-1.60200,0.00646,-0.01664,-0.01100,,,,
703.536,-8.33595,-4.54305,-0.32595,-0.22041,0.05060,-0.06009,,,,
703.643,-7.66305,-4.54800,-0.31005,-0.29604,-0.11564,0.00605,,,,
703.750,-8.07705,-5.05800,-0.40305,-0.02860,0.00467,-0.46379,,,,
703.858,-8.24895,-4.42095,-0.34800,-0.37276,-0.55880,-0.28586,,,,
703.965,-7.95495,-5.80200,-0.38400,-1.09931,-1.07222,-0.16225,,,,
704.073,-8.96505,-5.03205,0.00495,-1.20368,-0.32450,-0.03341,,,,
704.181,-8.38095,-5.97195,-0.94605,-0.06270,0.13791,0.11248,31.2513017,75.7045517,0.000,335.87
704.289,-7.80195,-5.13195,-0.04395,-0.26730,-0.32450,0.09116,31.2513017,75.7045517,0.000,335.87
704.397,-8.59905,-5.38095,-0.02205,-0.15331,-0.25204,0.22756,31.2513017,75.7045517,0.000,335.87
704.505,-8.14395,-4.96905,-0.31395,-0.15441,-0.24021,0.29040,31.2513017,75.7045517,0.000,335.87
704.613,-7.18395,-5.32605,-0.00600,-0.06696,0.01320,-0.03231,31.2513017,75.7045517,0.000,335.87
704.721,-7.27500,-5.59200,0.05100,-0.72847,-0.33715,-0.19209,31.2513017,75.7045517,0.000,335.87
704.829,-7.78005,-5.21100,-0.32400,-0.21931,-0.04318,-0.31570,31.2513017,75.7045517,0.000,335.87
704.936,-7.84695,-5.24895,-0.06795,-0.45375,-0.48950,-0.31364,31.2513017,75.7045517,0.000,335.87
705.044,-8.20095,-4.93800,0.31200,-0.15111,-0.44688,-0.20487,31.2513017,75.7045517,0.000,335.87
705.151,-7.99095,-5.21100,0.32595,-0.29287,-0.33619,-0.01856,31.2512967,75.7045600,0.000,335.87
705.260,-7.73205,-5.59395,0.35700,-0.15757,-0.19553,0.03589,31.2512967,75.7045600,0.000,335.87
705.367,-8.02200,-5.38095,0.25695,-0.15964,-0.23169,-0.01430,31.2512967,75.7045600,0.000,335.87
705.473,-7.85895,-5.47005,0.07695,-0.03080,-0.09969,0.07411,31.2512967,75.7045600,0.000,335.87
705.581,-7.72305,-5.39100,0.03195,-0.13516,-0.08800,0.06559,31.2512967,75.7045600,0.000,335.87
705.689,-7.68000,-5.44800,0.48900,0.02998,0.07191,-0.06105,31.2512967,75.7045600,0.000,335.87
705.796,-7.65600,-5.89800,0.29295,0.11509,0.17201,-0.10794,31.2512967,75.7045600,0.000,335.87
705.903,-7.97595,-5.95995,0.38100,-0.04249,0.19222,-0.16129,31.2512967,75.7045600,0.000,335.87
706.012,-8.08695,-5.34795,0.55095,-0.32587,-0.09006,0.01031,31.2512967,75.7045600,0.000,335.87
706.119,-7.95705,-5.52000,1.37700,-0.60926,-0.45444,0.14974,31.2512967,75.7045600,0.000,335.87
706.229,-7.55295,-5.48205,-0.12000,0.02998,-0.08690,0.19883,31.2512967,75.7045600,0.000,335.87
706.336,-7.43805,-5.75895,-0.40095,-0.29177,-0.20405,0.17009,31.2512967,75.7045600,0.000,335.87
706.444,-7.24395,-5.53905,-0.77205,-0.21299,-0.15084,0.06132,31.2512967,75.7045600,0.000,335.87
706.552,-7.57395,-5.48205,-0.55095,-0.33330,-0.11674,-0.16871,31.2512967,75.7045600,0.000,335.87
706.654,-7.63905,-5.25900,0.05295,-0.27156,-0.11880,-0.22839,31.2512967,75.7045600,0.000,335.87
706.756,-8.14200,-5.19000,-0.02700,-0.22041,-0.12636,-0.18040,31.2512967,75.7045600,0.000,335.87
706.860,-8.53200,-5.22795,0.25695,-0.28545,-0.25726,0.10725,31.2512967,75.7045600,0.000,335.87
706.963,-7.36800,-5.48595,0.13500,-0.24062,-0.29783,0.23719,31.2512967,75.7045600,0.000,335.87
707.067,-7.37805,-5.41005,-0.09705,-0.05418,-0.11454,-0.04194,31.2512967,75.7045600,0.000,335.87
707.171,-8.11005,-5.44095,-0.02205,-0.09048,-0.10079,-0.08030,,,,
707.275,-8.01195,-5.30700,-0.24705,-0.02434,-0.03149,-0.06531,,,,
707.378,-8.34300,-5.25900,-0.07305,-0.03506,-0.01664,-0.04304,,,,
707.484,-7.96905,-5.37195,0.01500,-0.19800,-0.13901,0.23829,,,,
707.587,-7.69095,-5.54400,-0.08205,-0.11495,-0.08800,0.19346,,,,
707.690,-7.39005,-5.65200,0.11595,-0.03080,-0.01017,0.00179,,,,
707.793,-7.69905,-5.35995,-0.21600,-0.02970,0.04840,-0.13145,,,,
707.896,-8.05095,-5.23500,-0.07500,0.02998,0.09309,-0.19539,,,,
707.998,-8.22495,-5.13000,0.05295,0.02668,0.04524,-0.06215,,,,
708.101,-7.95705,-5.33295,0.02205,0.01815,-0.02296,0.03589,,,,
708.202,-7.90200,-5.36700,-0.14700,0.01719,-0.05060,0.10821,,,,
708.306,-7.61205,-5.50305,-0.12495,0.03204,-0.05486,0.05706,,,,
708.410,-7.63200,-5.49405,0.03195,0.03424,-0.00811,-0.03561,,,,
708.514,-7.82100,-5.42895,0.04395,0.06504,0.02709,-0.09735,,,,
708.616,-8.00805,-5.35005,-0.01305,0.09377,0.07604,-0.11550,,,,
708.719,-8.21595,-5.27295,0.12495,0.09377,0.02502,0.03259,,,,
708.822,-7.90500,-5.49600,0.30195,0.02668,-0.09652,0.14974,,,,
708.924,-7.52100,-5.67300,0.28095,0.11083,-0.19869,0.10505,,,,
709.029,-7.59600,-5.62800,-0.13695,0.00110,-0.05170,0.12953,,,,
709.134,-7.27500,-5.83095,0.35295,0.09597,0.13997,-0.15909,,,,
709.238,-8.37405,-5.28795,-0.00300,0.23760,0.26675,-0.29439,,,,
709.343,-8.10300,-5.02905,0.28800,-0.04785,0.03561,0.09446,,,,
709.447,-7.57200,-5.40000,0.65700,-0.19277,-0.06765,0.17215,,,,
709.551,-7.58595,-5.44305,0.52695,-0.05954,-0.02516,0.00495,,,,
709.657,-7.92900,-5.32095,0.19905,-0.02860,-0.04744,0.00069,,,,
709.762,-7.94505,-5.16105,0.20400,0.04592,-0.01980,-0.03341,,,,
709.865,-7.95705,-5.28300,0.27795,0.07040,0.01004,-0.02709,,,,
709.969,-8.01900,-5.32395,0.30900,0.18865,0.10917,-0.06531,,,,
710.074,-8.05500,-5.74005,0.38595,0.20680,0.22523,-0.02915,,,,
710.177,-8.72100,-6.33405,-1.01805,0.11729,0.58424,-0.11866,,,,
710.301,-7.42800,-4.25595,-0.42705,0.41236,0.68970,-0.11014,,,,
710.408,-6.88005,-5.34000,-0.63795,0.09804,0.40521,-0.01746,,,,
710.515,-8.18505,-6.14700,0.39300,0.83957,0.71527,-0.15276,,,,
710.621,-7.02105,-5.83800,-1.15005,0.14066,0.10381,0.20845,,,,
710.727,-7.14105,-6.17100,-0.32595,0.07686,0.10808,0.01237,,,,
710.831,-7.53795,-6.17805,-0.49200,0.43477,0.24764,-0.11756,,,,
710.937,-7.30800,-6.40305,-0.76005,0.07576,-0.08580,-0.04840,,,,
711.045,-7.76595,-5.17005,-1.82505,0.12361,0.15180,-0.10051,,,,
711.153,-7.12395,-5.81895,-0.84600,-1.43261,-0.96992,0.53653,,,,
711.257,-6.97305,-4.36800,0.11295,-0.79145,-0.83793,0.47369,,,,
711.365,-8.04600,-7.03305,-0.17805,-1.08652,-0.74621,0.54079,,,,
711.473,-7.28700,-5.44605,0.76395,-0.18315,-0.33399,-0.52772,,,,
711.581,-8.85000,-4.91400,-1.16400,0.47630,0.43299,-0.47231,,,,
711.689,-8.21805,-5.50605,0.37905,-0.01581,-0.06339,-0.13351,,,,
711.795,-8.13405,-5.20905,0.20895,0.17586,0.02392,-0.11014,,,,
711.902,-8.05095,-5.21595,0.07200,0.06834,-0.06985,0.07411,,,,
712.007,-7.66500,-5.53395,0.42705,0.08745,-0.06339,0.17641,,,,
712.113,-7.81395,-5.54205,0.03195,0.26537,0.09955,0.04854,,,,
712.219,-7.75095,-5.51805,0.20895,0.18329,0.13145,-0.02282,,,,
712.324,-7.74705,-5.65200,0.64695,0.14713,0.06971,-0.01100,,,,
712.431,-8.09400,-5.62095,0.66600,0.20570,0.12086,-0.07714,,,,
712.538,-7.32300,-5.19405,0.27795,0.32601,0.27211,-0.00577,,,,
712.645,-8.55600,-5.65200,0.25395,-0.24489,0.11234,0.07837,,,,
712.752,-7.79895,-6.21195,1.21905,-0.68805,-0.34141,0.45444,,,,
712.858,-6.92100,-5.44095,0.94605,-0.58149,-0.47465,0.34375,,,,
712.963,-7.00905,-5.62995,0.17100,-0.20652,-0.17311,-0.16445,,,,
713.067,-7.66995,-5.10795,-0.20700,-0.15868,-0.19662,-0.37317,,,,
713.172,-9.20895,-4.48305,-0.77400,0.38569,0.59482,-0.74181,,,,
713.280,-9.79605,-4.18200,0.87195,-0.54642,-0.33715,0.18384,,,,
713.387,-8.30895,-5.07495,-0.39300,-0.25767,-0.29673,0.68241,,,,
713.495,-7.56000,-5.45805,0.54195,-0.11275,-0.31804,0.47149,,,,
713.605,-7.42605,-5.10300,0.22605,0.01499,-0.18274,0.23925,,,,
713.711,-7.84905,-4.95000,0.19500,0.09281,0.08676,-0.03025,,,,
713.818,-8.44605,-4.77105,0.39600,-0.28545,-0.28504,-0.05046,,,,
713.926,-8.46195,-4.72005,0.84105,-0.35571,-0.55770,-0.10697,,,,
714.033,-8.44305,-4.52595,1.54695,-0.26936,-0.31804,-0.12183,,,,
714.136,-8.41905,-4.40400,1.78200,-0.06696,-0.07191,0.05184,,,,
714.241,-7.60005,-4.93095,1.30800,0.21629,0.56829,0.23292,,,,
714.347,-8.55795,-4.36395,0.95100,0.48056,0.65560,-0.01746,,,,
714.456,-8.48895,-4.51395,-0.01800,0.18755,0.23595,0.20089,,,,
714.565,-8.64705,-4.25805,0.30000,0.24296,0.21244,-0.04084,,,,
714.670,-8.28300,-4.74900,0.22305,0.24723,0.24970,-0.09309,,,,
714.777,-7.89000,-4.71105,-0.13995,0.05445,0.19759,0.05390,,,,
714.885,-8.13000,-4.39695,-0.18000,-0.23526,0.07397,-0.01004,,,,
714.992,-7.97205,-3.94005,-0.46005,-0.02544,0.12403,-0.04084,,,,
715.098,-8.67795,-4.20600,-0.68595,-0.02008,-0.14011,0.09116,,,,
715.202,-8.42595,-4.36395,-0.47205,-0.24915,-0.65354,-0.07177,,,,
715.308,-8.87895,-4.22205,0.82200,-0.29494,-0.90076,-0.00041,,,,
715.416,-8.10300,-5.02005,1.35600,-0.28009,-0.72600,0.15304,,,,
715.521,-8.56500,-4.18905,1.59495,-0.38019,-0.66206,-0.04510,,,,
715.625,-8.15100,-4.29705,1.73400,-0.17036,-0.17105,-0.04084,,,,
715.732,-7.88100,-4.76805,2.01195,-0.25231,-0.00591,-0.05472,,,,
715.840,-7.68900,-4.87095,2.09100,-0.00316,0.07824,-0.25919,,,,
715.946,-8.17500,-4.98600,1.96905,0.19498,0.26043,-0.29013,,,,
716.053,-8.25900,-4.89495,1.58805,0.10340,0.01856,-0.08456,,,,
716.161,-8.01900,-4.98105,1.61895,0.08003,0.01224,-0.04730,,,,
716.269,-7.95705,-5.11800,1.65495,0.06614,0.01224,0.00275,,,,
716.386,-7.80900,-5.08395,1.72395,0.03520,0.00797,0.02626,,,,
716.493,-7.68000,-5.19705,1.91595,-0.04469,-0.04854,0.05390,,,,
716.599,-7.62705,-5.22495,2.10000,0.24833,0.14534,-0.03988,,,,
716.706,-7.93800,-5.22105,1.68600,-0.43670,-0.24241,0.17957,,,,
716.813,-7.82805,-5.05800,1.77195,-0.12348,-0.06022,0.06242,,,,
716.942,-8.08905,-4.88295,1.83705,-0.03506,-0.03355,-0.04510,,,,
717.049,-8.13195,-4.82595,1.77195,-0.01801,-0.03685,-0.00577,,,,
717.156,-8.09400,-4.89300,1.78200,-0.03080,-0.02929,0.01884,,,,
717.264,-8.04600,-4.87800,1.74105,-0.00096,0.00797,0.03795,,,,
717.373,-7.87305,-4.97895,1.84200,-0.00412,0.00894,0.02310,,,,
717.483,-8.02395,-4.92600,1.81305,0.01292,0.02282,0.01347,,,,
717.589,-7.89000,-5.01195,1.75605,0.03946,0.04730,0.02200,,,,
717.697,-7.95000,-5.01000,1.80105,0.01719,0.01004,0.01980,,,,
717.804,-8.04795,-4.94505,1.62600,0.01499,0.00261,0.00605,,,,
717.911,-7.99605,-4.95000,1.47795,0.00756,0.03671,-0.00357,,,,
718.018,-8.14905,-4.85400,1.52295,0.00536,0.04208,-0.03025,,,,
718.125,-7.99305,-4.93095,1.55700,-0.03506,0.03781,0.01457,,,,
718.231,-8.04300,-4.77795,1.64505,0.04056,0.06009,-0.03878,,,,
718.340,-7.94805,-4.85205,1.85400,0.01815,0.02502,-0.00894,,,,
718.447,-8.01195,-4.86600,1.80600,0.05129,0.01004,0.02310,,,,
718.555,-8.16105,-4.79700,1.66695,0.10656,0.00797,0.01774,,,,
718.661,-8.03400,-4.83300,1.65300,0.08112,-0.01334,0.06242,,,,
718.769,-8.11800,-5.20200,1.84200,0.07466,-0.00701,0.04015,,,,
718.876,-8.23005,-4.47105,1.09200,0.14176,0.07397,-0.04414,,,,
718.984,-8.17695,-4.80600,1.89405,-0.00316,0.05582,0.01884,,,,
719.091,-8.17305,-4.80600,1.82505,-0.00412,-0.03259,0.17009,,,,
719.198,-7.79400,-4.78695,1.66905,-0.00949,0.04950,0.03905,,,,
719.305,-8.03400,-4.73205,2.08395,-0.01581,-0.00385,0.00275,,,,
719.413,-8.05500,-4.78305,1.81305,-0.05211,-0.05486,0.02310,,,,
719.520,-7.87800,-4.75395,1.62405,-0.03822,-0.07837,-0.02599,,,,
719.626,-7.99800,-4.68900,1.76295,-0.05748,-0.03575,-0.15386,,,,
719.733,-8.18205,-4.70100,1.97100,-0.15868,-0.04744,-0.18150,,,,
719.841,-8.55300,-4.48305,1.75305,0.06724,0.06435,-0.19855,,,,
719.947,-8.34000,-4.69200,1.80600,-0.09157,-0.05912,0.07411,,,,
720.054,-8.22105,-4.79700,1.95195,-0.05844,-0.07728,0.14974,,,,
720.158,-7.96200,-5.08395,1.94205,-0.00522,-0.11564,0.20089,,,,
720.264,-7.66800,-5.41005,1.26000,-0.05528,0.06435,0.12636,,,,
720.372,-7.87605,-5.07705,1.07295,-0.29494,-0.08896,0.06779,,,,
720.479,-7.88295,-4.89000,1.85100,-0.17572,0.07824,-0.13778,,,,
720.585,-8.15805,-4.73505,1.84200,-0.10532,0.10491,-0.15799,,,,
720.693,-8.33595,-4.60095,2.06895,-0.01059,0.02929,-0.06435,,,,
720.803,-8.15100,-4.75395,1.77495,0.04592,-0.06875,0.11894,,,,
720.911,-8.12205,-4.81800,1.56195,0.12471,-0.05170,0.12746,,,,
721.018,-7.99605,-4.98600,1.37505,0.09597,-0.04538,0.11357,,,,
721.123,-7.97895,-4.91400,1.44000,0.06078,-0.02186,0.05816,,,,
721.229,-7.91895,-4.87605,1.36995,-0.00316,0.02282,-0.00784,,,,
721.337,-7.97895,-4.84005,1.71705,-0.03616,0.03135,-0.08346,,,,
721.445,-8.05305,-4.75605,1.83495,-0.04565,0.02929,-0.11550,,,,
721.552,-8.22300,-4.74405,1.84905,-0.02860,-0.03685,-0.04414,,,,
721.659,-8.16105,-4.72305,1.76805,0.02035,-0.04001,-0.01100,,,,
721.765,-8.11500,-4.77105,1.60005,0.06614,-0.03039,0.01237,,,,
721.869,-8.04600,-4.85895,1.53495,0.01389,-0.01444,0.03162,,,,
721.977,-7.94805,-4.89705,1.71705,0.03520,-0.00165,-0.02805,,,,
722.086,-8.08200,-4.87395,1.66200,0.02571,0.01540,-0.00894,,,,
722.190,-8.05305,-4.80900,1.74795,0.02778,0.02282,-0.02599,,,,
722.297,-8.09100,-4.91895,1.90200,0.02241,0.00797,-0.02489,,,,
722.405,-7.95705,-4.84200,1.86300,0.02145,0.02172,-0.00041,,,,
722.512,-7.92105,-4.95705,1.87800,0.01925,0.00577,0.00069,,,,
722.620,-7.96695,-4.92405,1.88700,0.07260,0.01430,-0.02172,,,,
722.728,-8.10795,-4.82100,1.82505,0.06408,0.01224,-0.01526,,,,
722.836,-7.91205,-4.99305,1.82505,0.05129,0.00577,0.00179,,,,
722.943,-8.01495,-4.97895,1.74405,0.00110,0.03451,0.01031,,,,
723.050,-8.10300,-4.86405,1.67700,-0.02338,-0.01980,0.01457,,,,
723.155,-8.00295,-4.83495,1.78905,-0.03506,0.00261,0.02626,,,,
723.260,-7.95195,-4.91400,2.01195,-0.05748,-0.00165,-0.00247,,,,
723.368,-7.93605,-4.83000,1.91595,-0.04785,-0.01870,0.01457,,,,
723.474,-8.04105,-4.84005,1.94505,-0.03190,-0.02406,0.01127,,,,
723.581,-8.00805,-4.79205,1.86795,-0.01691,-0.01444,-0.00041,,,,
723.688,-8.05305,-4.83000,1.80105,-0.03190,-0.02090,0.01457,,,,
723.795,-7.99605,-4.82295,1.84905,-0.01801,-0.02516,0.01237,,,,
723.902,-7.94295,-4.92600,1.95000,0.00962,-0.02406,0.01127,,,,
724.009,-8.08905,-4.84500,1.80300,0.01389,-0.00591,-0.00577,,,,
724.116,-7.99800,-4.89300,1.87800,-0.02338,-0.01980,0.02310,,,,
724.221,-8.04600,-4.82100,1.71705,0.00110,0.02282,-0.00784,,,,
724.329,-7.99305,-4.89705,1.93005,0.01609,0.03781,-0.00247,,,,
724.437,-8.11800,-4.69905,1.63605,0.10876,0.09955,-0.04414,,,,
724.545,-8.05800,-4.79895,1.96095,-0.02008,0.01856,0.03905,,,,
724.653,-7.93305,-4.93305,1.90200,0.02145,0.01746,-0.01856,,,,
724.760,-7.89300,-5.02395,1.87305,-0.01059,-0.01980,-0.01430,,,,
724.868,-8.05500,-4.90695,1.69800,-0.01801,-0.01870,-0.03341,,,,
724.975,-8.05305,-4.81800,1.67205,-0.03822,0.00467,-0.02599,,,,
725.081,-8.01900,-4.84995,1.73400,-0.04565,0.01224,-0.00041,,,,
725.187,-8.05995,-4.77105,1.80795,-0.03080,0.01430,-0.00357,,,,
725.295,-8.06700,-4.79700,1.88205,-0.00316,-0.00701,0.03685,,,,
725.402,-8.12205,-4.85895,1.89195,0.04482,0.03135,0.01457,,,,
725.508,-8.21100,-4.65795,1.46100,0.12691,0.07081,0.02200,,,,
725.617,-7.95000,-4.96695,1.71000,-0.00522,0.04950,0.05706,,,,
725.725,-7.95495,-4.84695,1.70100,0.05129,0.06435,0.00275,,,,
725.832,-8.11305,-4.77300,1.78200,0.02241,0.04098,-0.00784,,,,
725.939,-7.90500,-4.83000,1.75605,0.01499,0.00041,0.00385,,,,
726.047,-8.12205,-4.77300,1.72005,0.02351,-0.01334,-0.01526,,,,
726.154,-8.06295,-4.78695,1.66005,0.00014,-0.01444,-0.01856,,,,
726.261,-8.04300,-4.87800,1.67895,-0.03190,-0.02406,-0.03025,,,,
726.368,-8.14905,-4.72305,1.61700,-0.01581,-0.03149,0.00385,,,,
726.476,-8.20095,-4.71600,1.88700,0.00440,0.00371,-0.03561,,,,
726.584,-8.08200,-4.79895,1.86795,0.01815,0.01746,-0.02062,,,,
726.691,-8.03895,-4.81800,1.83195,0.02241,-0.01664,0.03369,,,,
726.798,-7.94805,-4.87605,1.76505,0.03520,-0.02296,0.02516,,,,
726.905,-7.87605,-4.96695,1.78200,-0.00096,-0.01554,-0.02489,,,,
727.010,-8.02395,-4.80195,1.68600,-0.01155,-0.00385,-0.02915,,,,
727.116,-8.19405,-4.78695,1.84695,-0.00632,-0.00907,-0.01100,,,,
727.224,-8.08200,-4.79700,1.89405,0.00962,0.01224,-0.02915,,,,
727.329,-7.85700,-4.90500,1.75800,-0.00949,-0.03781,0.02832,,,,
727.433,-7.96905,-4.86405,1.84695,0.02145,0.00894,-0.04194,,,,
727.541,-7.95705,-4.92105,1.83900,0.01072,-0.03259,-0.01636,,,,
727.647,-8.08395,-4.86900,1.88505,0.01182,-0.00275,-0.03561,,,,
727.755,-8.02200,-4.96500,1.78200,-0.03286,-0.05170,0.04538,,,,
727.862,-7.97400,-5.08200,1.76295,-0.02008,-0.04111,0.05184,,,,
727.966,-7.69395,-5.09100,1.59300,-0.02434,-0.01664,0.00495,,,,
728.072,-7.81395,-5.08395,1.82505,-0.00412,0.05486,-0.09089,,,,
728.175,-8.17695,-4.80405,2.04495,0.03424,0.08883,-0.13145,,,,
728.278,-8.05800,-4.80405,2.03805,-0.04469,0.01004,-0.00674,,,,
728.382,-7.99605,-4.92405,2.17200,-0.02544,-0.00591,0.05390,,,,
728.485,-7.89000,-4.92405,1.85895,-0.00412,-0.05912,0.08910,,,,
728.589,-7.78500,-5.00295,1.77705,0.03094,0.01004,0.02406,,,,
728.696,-7.94505,-5.02395,1.84395,0.03424,0.01540,0.01237,,,,
728.801,-7.99305,-5.01705,1.68405,0.03424,0.03451,-0.01746,,,,
728.906,-7.96395,-4.88805,1.68600,0.02461,0.03561,-0.04510,,,,
729.013,-8.05095,-4.89495,1.74105,0.00646,0.03878,-0.03451,,,,
729.128,-7.89300,-4.82295,1.84200,0.00962,-0.00165,0.02310,,,,
729.233,-7.76805,-4.83000,2.06700,0.06834,-0.01017,-0.01100,,,,
729.338,-7.94805,-4.70595,1.81800,0.13750,-0.04111,-0.03561,,,,
729.441,-8.14395,-4.86600,1.64505,0.24516,0.16349,-0.13571,,,,
729.545,-8.14605,-4.84995,1.83900,0.29095,0.16981,-0.07810,,,,
729.651,-8.04795,-4.94505,1.88205,0.29838,0.25506,-0.09515,,,,
729.758,-7.62405,-5.52195,2.04495,0.28023,0.30401,-0.19209,,,,
729.866,-7.75095,-5.27295,2.19900,0.56045,0.42873,-0.33495,,,,
729.969,-8.11305,-4.88295,1.35600,0.48799,0.42873,-0.14534,,,,
730.076,-8.50095,-5.77905,2.45205,-0.42061,0.00894,0.32450,,,,
730.184,-7.05900,-5.81895,2.43105,-0.64336,-0.39050,0.41181,,,,
730.290,-7.97895,-5.03595,1.06395,-0.81593,-0.24021,0.38418,,,,
730.392,-8.10105,-6.68400,2.19600,-1.53175,-0.58328,0.64831,,,,
730.495,-7.02300,-5.32605,2.69400,-1.18016,-0.73769,0.24997,,,,
730.602,-8.42205,-3.56595,0.99705,-0.46117,-0.22756,-0.31460,,,,
730.708,-9.55200,-2.86695,1.71495,-0.76367,-0.38307,-0.24750,,,,
730.815,-9.63795,-3.42300,0.94395,-0.36534,-0.23815,0.05500,,,,
730.921,-8.40300,-4.00395,0.73095,-0.34183,-0.43093,0.39476,,,,
731.028,-8.13705,-5.32395,0.39300,0.05445,0.04414,-0.03658,,,,
731.136,-9.00600,-5.58705,1.59000,0.07576,0.42763,-0.58314,,,,
731.241,-9.03195,-4.49295,0.99900,0.06504,0.13997,-0.12072,,,,
731.347,-6.83700,-4.58595,0.84600,-0.30882,-0.08896,0.27445,,,,
731.454,-6.99195,-5.16105,1.03695,-0.37056,-0.10079,0.24255,,,,
731.560,-7.96395,-5.02200,1.31700,-0.27156,-0.03891,0.01884,,,,
731.667,-7.79700,-4.61505,0.71400,-0.03932,0.01540,-0.06435,,,,
731.773,-8.27595,-4.87095,1.20000,-0.15111,-0.02722,-0.11014,,,,
731.893,-8.67795,-4.48995,0.54900,0.20570,0.07191,-0.07810,,,,
732.001,-8.16795,-4.62705,0.25395,-0.02008,-0.16142,0.11784,,,,
732.108,-8.07495,-4.72695,0.34800,-0.08511,-0.04744,0.06463,,,,
732.215,-8.31600,-4.88505,0.76200,-0.08401,-0.01760,0.03589,,,,
732.322,-8.10105,-4.79700,0.99900,0.02571,-0.01127,-0.01636,,,,
732.449,-8.22495,-4.87800,0.84105,-0.03822,-0.06022,0.01554,,,,
732.556,-8.13000,-4.74900,0.66405,0.02145,-0.02832,-0.00357,,,,
732.664,-8.32095,-4.89000,0.88200,-0.03396,-0.01017,0.00811,,,,
732.770,-8.34300,-4.77495,0.72405,0.08319,0.01430,-0.04084,,,,
732.877,-7.98105,-5.08905,0.62595,0.00440,0.03561,-0.04730,,,,
732.990,-8.17500,-5.46495,0.30000,-0.08305,0.07081,-0.12292,,,,
733.098,-7.98405,-5.69700,0.13695,-0.23100,-0.02186,-0.08030,,,,
733.205,-7.63200,-5.19405,0.36900,-0.25657,0.06229,-0.26345,,,,
733.311,-7.71795,-5.47695,0.51105,-0.38239,0.08250,-0.25396,,,,
733.416,-7.14105,-5.80695,0.60405,-0.08828,0.18370,-0.47121,,,,
733.519,-6.61605,-6.46095,1.32900,-0.03822,0.23059,-0.67677,,,,
733.622,-5.97705,-7.10505,2.29905,0.15565,-0.12953,-1.05710,,,,
733.725,-6.36300,-6.69795,1.63095,0.80644,-0.16252,-1.18607,,,,
733.828,-7.20795,-7.03800,0.78795,1.03345,0.22949,-0.46172,,,,
733.932,-6.87495,-7.80900,-0.29505,0.76917,0.11976,-0.04084,,,,
734.034,-5.74005,-7.70805,0.33795,0.33027,0.22316,0.15510,,,,
734.137,-5.18700,-8.56305,1.13295,-0.07123,0.16555,0.32024,,,,
734.241,-4.39905,-8.24700,1.99695,-0.07549,0.07824,0.05074,,,,
734.344,-5.05800,-7.54305,2.33295,-0.05211,0.02929,-0.08883,,,,
734.447,-4.86405,-8.10300,2.55795,-0.08731,0.08250,-0.32533,,,,
734.550,-6.27705,-6.88500,1.52805,0.49761,0.20927,-0.49789,,,,
734.653,-6.63600,-7.00200,1.14705,0.01182,-0.18920,0.07948,,,,
734.757,-5.69895,-8.05995,1.83495,0.01925,-0.05486,0.20419,,,,
734.859,-5.01705,-7.71495,1.16400,0.03424,0.10271,0.36066,,,,
734.962,-4.53105,-8.14905,1.96605,-0.15964,0.13255,0.27225,,,,
735.064,-4.96200,-7.85400,1.89405,-0.02654,0.03355,0.07837,,,,
735.167,-5.49405,-7.53600,2.21505,-0.20873,-0.12732,0.09226,,,,
735.269,-5.45100,-7.41600,1.85895,-0.20873,-0.25204,0.07741,,,,
735.371,-5.95305,-7.23195,1.78005,-0.12128,-0.22852,0.00811,,,,
735.473,-6.03900,-7.09500,1.54500,-0.08937,-0.17215,0.05926,,,,
735.577,-6.10905,-7.22205,1.78695,-0.06490,-0.04538,0.11674,,,,
735.684,-6.01995,-7.20795,1.58100,-0.13406,-0.08690,0.18714,,,,
735.791,-5.92200,-7.22895,1.66005,-0.13090,-0.08470,0.18384,,,,
735.896,-5.98200,-7.15800,1.63800,-0.10863,-0.05170,0.11248,,,,
736.003,-6.05895,-7.11000,1.71195,-0.10216,-0.07191,0.07948,,,,
736.110,-6.27195,-6.88500,1.60995,-0.04469,-0.04428,0.04331,,,,
736.218,-6.27195,-6.89400,1.53495,-0.09157,-0.10505,0.08264,,,,
736.326,-6.36495,-6.84900,1.59300,-0.11605,-0.10931,0.06985,,,,
736.434,-6.39900,-6.90600,1.61205,-0.10326,-0.07837,0.10931,,,,
736.539,-6.35100,-6.91800,1.55895,-0.11275,-0.07411,0.11784,,,,
736.646,-6.33195,-6.93300,1.52100,-0.13516,-0.09323,0.11784,,,,
736.754,-6.33195,-6.88695,1.53495,-0.08828,-0.07411,0.01774,,,,
736.866,-6.48195,-6.84600,1.46295,-0.07123,-0.08374,0.00605,,,,
736.972,-6.48195,-6.79605,1.41795,-0.08401,-0.09226,-0.03341,,,,
737.080,-6.67905,-6.63795,1.41300,-0.02338,-0.05486,-0.04730,,,,
737.187,-6.15705,-6.81000,1.95705,0.04056,-0.02406,-0.10697,,,,
737.295,-6.49905,-6.72705,1.90395,0.21106,0.12622,-0.19429,,,,
737.420,-6.37200,-7.07100,1.90905,0.37510,0.47025,-0.27101,,,,
737.525,-6.75105,-6.28605,0.44595,0.65312,0.76216,-0.39559,,,,
737.633,-6.48705,-7.77300,1.44705,-0.24062,0.48840,0.09116,,,,
737.740,-5.47005,-7.85895,1.24305,-0.55069,0.00261,0.38954,,,,
737.848,-5.22795,-7.82805,1.95000,-0.50586,-0.51411,0.24461,,,,
737.960,-7.03500,-6.35100,0.61095,0.60307,-0.05170,-0.11976,,,,
738.067,-6.89400,-7.13400,1.35300,0.09708,-0.08154,0.05074,,,,
738.175,-6.33900,-6.14505,1.12605,0.59029,0.44041,-0.03341,,,,
738.283,-6.83205,-6.43500,0.61800,-0.28861,0.07604,0.23182,,,,
738.391,-5.86695,-6.91305,0.98505,-0.53460,-0.21367,0.36066,,,,
738.498,-5.99595,-7.64805,1.36995,-0.46970,-0.22000,0.01554,,,,
738.605,-6.88005,-6.38895,0.78795,0.20776,0.20501,0.06669,,,,
738.712,-6.30795,-6.43200,-0.17595,0.30044,0.33495,-0.01952,,,,
738.818,-7.33695,-6.26505,0.19695,0.02145,-0.45334,-0.12609,,,,
738.925,-6.26505,-6.15405,0.42900,-0.13090,-0.15716,0.03685,,,,
739.033,-7.43505,-6.42705,1.28400,0.07686,-0.03891,-0.22729,,,,
739.140,-6.82200,-6.35100,0.13500,0.09171,0.08250,-0.09735,,,,
739.247,-7.40895,-6.80100,0.84600,-0.04469,0.15386,0.04331,,,,
739.354,-7.04505,-6.72405,0.61095,-0.05844,0.07397,0.03685,,,,
739.462,-7.01205,-6.70500,0.76395,-0.04139,0.03671,0.14658,,,,
739.569,-5.70900,-7.11705,1.95000,0.19607,0.18906,0.00069,,,,
739.675,-6.51795,-6.66705,1.19100,0.17380,0.13997,-0.13461,,,,
739.783,-6.70305,-6.92505,0.89595,0.17586,0.04950,-0.03768,,,,
739.888,-6.45405,-6.70995,1.01100,0.16527,-0.02090,0.01347,,,,
739.996,-6.85395,-6.62805,0.84600,0.27706,0.00797,-0.10904,,,,
740.102,-6.68400,-6.64800,1.09695,0.05129,0.00797,0.01554,,,,
740.208,-6.48195,-6.76695,1.01805,0.26854,0.11124,0.01031,,,,
740.316,-6.32205,-6.96105,1.61700,0.13544,0.03245,-0.13681,,,,
740.423,-6.30300,-6.96795,1.30800,0.11509,0.16459,-0.13255,,,,
740.530,-6.14700,-7.03995,0.86700,-0.00632,0.19649,-0.28380,,,,
740.637,-5.64000,-7.60305,0.87495,-0.02338,0.39889,-0.42859,,,,
740.745,-6.00600,-7.53795,-0.07695,0.39105,0.62150,-0.48716,,,,
740.853,-6.12300,-6.56400,2.46195,0.39847,1.31175,-0.55330,,,,
740.959,-3.29595,-8.86500,-3.90300,-0.25561,-0.04964,0.07315,,,,
741.067,-5.14905,-8.18205,-0.86505,0.22481,0.39146,-0.51700,,,,
741.175,-5.24505,-7.89000,0.31905,-0.06806,0.47135,-0.20597,,,,
741.286,-3.89400,-8.67105,0.07200,-0.00949,0.29659,-0.20707,,,,
741.393,-4.89705,-8.47395,-0.47205,-0.10643,0.13255,-0.35626,,,,
741.500,-4.35195,-8.63205,-0.15405,-0.53996,0.11866,-0.18686,,,,
741.606,-4.25595,-8.32605,-1.89900,-0.04785,0.34664,-0.24227,,,,
741.713,-3.24795,-8.19195,-1.08795,0.25795,0.63965,0.02200,,,,
741.820,-4.33995,-8.39100,-0.83895,0.16418,0.21244,0.06132,,,,
741.927,-4.24605,-8.34795,-1.24800,0.07260,0.71211,0.14877,,,,
742.034,-4.52205,-8.29200,-1.11600,-0.58052,-0.49913,0.12210,,,,
742.141,-3.59295,-8.31900,-1.28895,-1.25262,-2.00860,0.14877,,,,
742.243,-5.47395,-7.54500,-1.87995,-0.96291,-1.61343,-0.07604,,,,
742.347,-5.66595,-7.70595,-1.70100,-0.04565,-0.27335,0.67279,,,,
742.454,-5.17995,-7.74195,-1.94505,-0.22894,-0.09859,0.48964,,,,
742.561,-4.71495,-7.94805,1.15905,-0.31845,-0.51411,0.02942,,,,
742.668,-6.65205,-7.22700,-1.02105,0.86831,-0.45760,-0.19855,,,,
742.775,-6.11100,-7.11900,-1.51905,0.92469,-0.27335,-0.21134,,,,
742.883,-6.49395,-7.08105,-0.39105,0.66481,0.66522,0.03795,,,,
742.991,-5.70705,-7.56705,-0.21105,0.58286,0.64707,-0.04194,,,,
743.101,-5.77395,-7.79895,-0.40305,0.28449,0.30195,-0.03135,,,,
743.209,-6.11805,-7.58100,0.85095,0.29411,0.57145,-0.20707,,,,
743.315,-5.10300,-7.44000,1.27905,0.39421,1.29374,0.00179,,,,
743.423,-5.32800,-7.68405,0.68100,0.74786,1.24149,-0.20061,,,,
743.530,-4.70805,-7.99995,-0.65895,0.67760,0.74937,-0.42652,,,,
743.637,-4.99605,-8.21100,-0.71700,-0.02970,-0.32546,0.00921,,,,
743.743,-5.22105,-7.82100,0.08400,0.19717,-1.14895,0.07741,,,,
743.851,-5.79795,-7.47600,0.89400,-0.31102,-0.32340,-0.08456,,,,
743.958,-5.92200,-7.55700,1.71195,-0.19910,-0.13379,-0.00041,,,,
744.064,-6.60495,-7.60995,1.40100,-0.27472,-0.69190,0.15304,,,,
744.167,-5.77905,-8.00295,1.07100,-0.22357,-0.21051,0.36713,,,,
744.269,-5.36895,-7.88505,0.43200,-0.49101,-0.35214,0.38954,,,,
744.373,-5.03595,-7.74705,0.97500,-0.05748,-0.10505,0.24997,,,,
744.481,-5.34300,-7.56900,0.60600,0.01292,-0.03891,0.11894,,,,
744.587,-5.79000,-7.27005,1.07595,0.01609,-0.14974,0.06985,,,,
744.694,-5.82600,-7.36800,0.65700,-0.17036,-0.31488,-0.06435,,,,
744.802,-6.34095,-6.18300,0.93405,0.16101,0.04414,-0.13887,,,,
744.910,-6.31500,-7.80600,0.97695,0.27074,0.39353,0.01554,,,,
745.018,-5.87895,-7.37505,0.23805,0.40920,0.39146,0.01980,,,,
745.125,-6.71700,-7.40895,1.24305,0.15771,0.18260,0.24571,,,,
745.233,-3.37695,-8.88600,0.18300,-2.53632,-2.54760,-0.67251,,,,
745.339,-7.51005,-6.88005,3.18705,0.62329,1.66980,-0.36369,,,,
745.444,-7.28400,-6.82200,2.10000,0.13544,-0.48208,0.44275,,,,
745.552,-5.02695,-8.50305,0.33105,0.48056,-0.43202,0.69094,,,,
745.659,-6.12105,-7.12395,0.71595,0.44330,0.06765,0.12636,,,,
745.767,-6.33405,-7.15305,1.17405,0.12045,0.16349,0.06889,,,,
745.874,-6.04200,-7.16700,2.15505,0.32079,0.26785,0.01237,,,,
745.981,-6.69300,-6.41505,1.17600,0.28669,0.12196,-0.16555,,,,
746.085,-6.88005,-6.46995,0.42000,-0.08828,-0.10285,-0.01320,,,,
746.191,-6.93000,-6.89895,1.12095,-0.17146,0.00041,0.26056,,,,
746.299,-6.58095,-6.83700,2.69205,-0.23953,0.20707,0.21367,,,,
746.407,-6.55395,-6.42000,2.06895,0.01072,-0.20199,0.27225,,,,
746.514,-6.91305,-6.08700,2.50305,0.30374,0.12513,0.12526,,,,
746.622,-8.76405,-4.99800,1.05600,0.21532,-0.00165,0.18920,,,,
746.729,-9.27900,-5.28495,2.57700,0.24296,0.15923,0.63882,,,,
746.835,-7.15995,-6.04005,1.45605,0.50710,0.55550,0.12746,,,,
746.940,-8.09400,-5.70405,2.18895,0.42515,0.55550,0.29356,,,,
747.045,-11.12205,-2.97705,2.14605,1.05146,1.53450,0.73892,,,,
747.153,-9.95400,-2.09400,1.62405,1.26459,1.28947,1.60064,,,,
747.259,-7.34895,-3.13500,1.50705,0.32079,-0.75267,1.08515,,,,
747.384,-6.67200,-2.52705,3.18000,1.39136,-0.52044,0.29040,,,,
747.492,-6.54000,-3.60195,1.32000,1.44994,-0.31694,-0.42006,,,,
747.599,-9.75795,-4.23195,0.79095,2.01877,-0.19662,-1.20202,,,,
747.706,-8.53200,-4.67505,3.28095,0.90557,0.15070,-1.10509,,,,
747.813,-10.14600,-3.57795,0.24195,2.03266,0.60129,-1.15087,,,,
747.923,-10.38000,-2.69205,-0.24705,1.01956,0.23801,-0.26771,,,,
748.031,-11.67300,-1.82595,2.23905,0.19291,-0.19772,0.46832,,,,
748.138,-9.31500,-2.20200,4.22400,0.48056,-0.42144,0.91891,,,,
748.245,-7.54800,-2.03895,3.34500,0.84480,-0.02612,0.40329,,,,
748.351,-7.74900,-1.80705,3.34995,0.35269,0.13365,-0.01856,,,,
748.458,-10.54500,-0.88995,5.89800,0.41869,-0.20089,-0.08140,,,,
748.566,-9.73095,0.01200,4.04895,1.28700,-0.43202,0.46296,,,,
748.675,-6.08295,-0.34395,2.36595,0.08855,-0.57475,0.39160,,,,
748.782,-7.91895,0.36900,3.56595,0.22385,0.20391,-0.44894,,,,
748.888,-9.65505,0.67005,4.65000,-0.14259,0.13049,-0.26771,,,,
748.996,-9.12795,0.63705,4.59000,-0.10010,-0.02186,0.05390,,,,
749.105,-8.66100,0.50505,4.44405,-0.06380,-0.06449,0.20845,,,,
749.212,-8.04795,0.16005,4.45605,-0.03190,-0.11784,0.10725,,,,
749.319,-8.56500,-0.05205,4.58805,0.08745,0.09309,-0.17724,,,,
749.427,-8.79795,0.03405,4.11405,0.08209,0.04098,-0.17077,,,,
749.535,-8.31900,-0.12300,3.80295,-0.03506,0.19429,-0.19635,,,,
749.640,-8.40300,-0.19005,4.71705,-0.01801,0.17407,-0.34980,,,,
749.745,-8.68995,-0.08295,4.14300,0.30580,0.31900,-0.49046,,,,
749.852,-9.62400,-0.36300,4.03995,0.27170,0.49266,-0.36149,,,,
749.959,-9.47805,-1.04295,3.53205,-0.07452,-0.01664,0.17861,,,,
750.067,-8.57295,-1.27500,3.22995,-0.25657,-0.12953,0.32244,,,,
750.174,-7.25100,-0.99705,3.70905,0.26647,0.10588,-0.35090,,,,
750.281,-10.02600,-0.69300,2.56500,0.64776,0.82816,-1.04335,,,,
750.389,-10.42305,-1.00200,4.07805,-0.00096,-0.05280,0.00701,,,,
750.495,-8.39805,-1.59600,3.19395,0.57104,0.14218,-0.23265,,,,
750.603,-9.69300,-1.61700,3.16800,0.33358,0.11440,-0.02709,,,,
750.707,-9.04395,-1.58400,2.95695,0.11509,-0.18590,0.32450,,,,
750.815,-8.42895,-1.77495,3.13695,0.16418,0.00577,0.12004,,,,
750.922,-9.31995,-1.23405,2.31795,0.25795,0.10917,-0.03878,,,,
751.028,-8.99400,-1.61700,3.16605,-0.09900,-0.03781,0.06242,,,,
751.135,-8.98695,-0.95205,2.68200,-0.13310,-0.05486,0.06352,,,,
751.262,-9.05895,-1.33200,3.34305,-0.16074,-0.02406,-0.00674,,,,
751.369,-9.21405,-0.89205,2.91195,-0.10532,0.01966,-0.06531,,,,
751.476,-9.00600,-1.21305,3.50100,-0.11495,0.05912,-0.06751,,,,
751.583,-9.24795,-1.11705,3.30000,0.02778,0.04208,-0.06105,,,,
751.691,-8.95095,-1.33995,3.17505,0.00646,0.00261,-0.03231,,,,
751.801,-8.92395,-1.51695,3.14700,0.02778,0.00041,-0.04936,,,,
751.909,-9.15705,-1.37595,2.81895,0.02351,0.06119,-0.09625,,,,
752.018,-9.11400,-1.50195,2.94600,-0.10436,-0.00055,0.03162,,,,
752.126,-9.12105,-1.67205,3.08205,-0.04469,0.02502,-0.04936,,,,
752.234,-8.81895,-1.55505,2.97195,-0.09680,-0.02832,-0.03025,,,,
752.355,-9.16605,-1.34700,2.75205,0.02668,0.01540,-0.05266,,,,
752.463,-9.35805,-1.61505,3.35700,-0.07026,-0.03039,0.04111,,,,
752.571,-9.07995,-1.63200,2.81895,0.03520,-0.06765,0.11784,,,,
752.678,-8.75205,-1.60995,3.01500,-0.00522,-0.09116,0.05610,,,,
752.786,-9.03705,-1.47105,2.93100,-0.03822,-0.16252,0.07095,,,,
752.911,-8.77095,-1.53405,3.28500,-0.07549,-0.14864,-0.01210,,,,
753.018,-9.21405,-1.24200,3.33600,0.08745,0.02392,-0.15909,,,,
753.126,-9.18495,-1.16295,3.70005,0.07576,-0.04111,-0.01004,,,,
753.233,-9.23100,-1.14300,3.82695,0.20886,-0.06022,0.02626,,,,
753.341,-8.49795,-0.83205,4.05195,0.20776,-0.35324,0.18714,,,,
753.451,-8.90805,-1.43100,4.18095,0.63071,-0.10821,0.10079,,,,
753.559,-8.61795,-1.11705,3.95100,0.42515,-0.25836,0.19236,,,,
753.666,-7.65600,-0.86100,5.71095,0.27074,-0.40535,0.13062,,,,
753.774,-8.52000,0.23700,4.84200,0.74264,0.19855,-0.18040,,,,
753.881,-7.84905,0.23895,5.51400,0.34636,0.05802,-0.20061,,,,
753.988,-7.48605,0.79500,5.09505,0.51563,-0.10285,-0.57351,,,,
754.095,-8.62305,0.92895,5.77800,1.06219,0.31790,-0.92606,,,,
754.202,-9.20700,0.90495,4.67895,1.35410,0.25396,-0.48194,,,,
754.309,-9.41100,0.31095,4.55205,0.90984,0.05692,0.09652,,,,
754.416,-8.72295,-0.28395,4.98495,0.82033,-0.04208,0.21367,,,,
754.523,-8.10795,0.15300,3.73095,1.36785,0.06009,-0.11646,,,,
754.631,-7.87305,0.82800,3.52005,1.09312,-0.14231,-0.35516,,,,
754.739,-8.42595,1.69800,4.40595,1.15596,-0.11880,-0.57778,,,,
754.847,-8.47005,1.87200,5.64105,1.34984,-0.21477,-0.54478,,,,
754.953,-9.10605,1.48395,6.44805,1.71298,-0.00591,-0.69919,,,,
755.059,-8.75700,1.67100,5.56005,1.22732,-0.71651,-0.33275,,,,
755.166,-9.18495,1.84605,4.47300,1.75464,-0.06765,-0.27734,,,,
755.273,-6.13005,0.97695,2.73705,0.57007,-0.53749,-0.01526,,,,
755.381,-8.45295,1.24695,3.99705,-0.07343,-0.01664,-0.15386,,,,
755.490,-10.59795,1.49895,3.63495,-0.90860,-0.32766,0.24145,,,,
755.597,-8.94600,1.48005,4.98105,-1.20684,-0.30841,0.98065,,,,
755.704,-8.45295,2.00595,5.20605,-0.91492,0.04098,0.84975,,,,
755.811,-7.88295,3.07200,6.48195,-0.72641,-1.36414,1.11595,,,,
755.918,-4.91205,3.69195,6.96105,-0.53680,-2.17580,1.08405,,,,
756.025,-2.73105,4.01295,7.76295,-0.05954,-1.73168,0.70482,,,,
756.130,-1.36095,3.92700,5.16300,-0.55495,-1.45571,0.68984,,,,
756.237,-0.55905,-0.39195,10.26000,-1.12489,0.10161,0.44165,,,,
756.343,-2.32395,-1.15500,11.35395,-0.02118,0.06971,-0.18260,,,,
756.450,-3.47295,0.21600,5.81595,0.72132,1.24891,-0.82596,,,,
756.557,-5.03595,0.61800,8.18595,-0.21299,1.17549,-0.63209,,,,
756.664,-5.77605,1.21200,10.96605,-0.70194,0.83353,0.01554,,,,
756.787,-5.74500,1.82895,8.86905,-0.27789,0.47767,0.86996,,,,
756.895,-3.76005,1.59195,7.28595,-0.45691,0.10065,1.18099,,,,
757.001,-4.30800,2.55195,6.91500,0.06504,0.36479,0.63552,,,,
757.109,-4.54305,3.06900,10.25505,-0.04249,-1.01049,0.29893,,,,
757.216,-5.06295,2.55495,11.34900,0.46241,-1.28631,-0.07920,,,,
757.343,-2.57700,2.41305,6.80295,0.91300,-1.03180,-0.46172,,,,
757.449,-2.79300,2.15505,8.57895,-0.72009,-1.10633,-0.37317,,,,
757.556,0.69405,1.87200,6.91995,1.07498,-0.25836,0.04111,,,,
757.663,-1.40700,2.56905,8.93100,-0.00096,-0.35214,-0.08236,,,,
757.764,-0.78195,2.70795,9.65400,-0.34073,-0.35640,0.12210,,,,
757.865,-0.87000,2.89695,10.52595,-0.45897,-0.07095,0.03479,,,,
757.966,-1.53405,2.91600,9.20595,0.10766,0.10917,0.01664,,,,
758.067,-0.31005,2.86800,9.21405,-0.10436,-0.15180,0.06559,,,,
758.169,-0.85800,3.76605,8.71095,0.01182,0.14960,-0.08346,,,,
758.273,-1.73895,4.14900,8.91195,0.30800,0.05582,-0.13461,,,,
758.381,-1.11705,4.16100,10.01595,0.46984,0.13049,-0.14850,,,,
758.489,-0.32205,4.19205,10.46100,0.08429,-0.07948,-0.47974,,,,
758.595,-0.16905,4.40805,8.55000,0.52319,0.01224,-0.39132,,,,
758.703,-1.65105,4.03695,9.11295,0.30154,0.11014,-0.09845,,,,
758.811,-0.32895,3.32100,8.16195,0.38569,0.06339,-0.05679,,,,
758.918,-0.98505,3.14805,8.86395,0.09377,0.13145,-0.17188,,,,
759.026,-1.16700,2.88705,9.07200,-0.03822,0.11440,-0.56815,,,,
759.133,-0.45900,3.48795,7.40100,-0.74773,-0.20089,-1.04335,,,,
759.237,-1.50705,3.40005,10.14195,-0.45897,-0.07948,-1.54083,,,,
759.345,-2.62800,4.18500,10.30800,-0.05418,-0.39160,-1.27229,,,,
759.451,-2.86695,3.19395,9.81900,0.69355,-0.41924,-1.01021,,,,
759.557,-1.58100,2.64300,9.07200,0.37510,-0.31488,-0.44247,,,,
759.665,-0.66705,2.76495,9.19200,-0.01485,-0.19126,-0.40521,,,,
759.772,-0.21195,2.72505,9.08400,-0.20446,-0.42996,-0.27527,,,,
759.876,-1.51005,3.68700,8.85405,0.04482,-0.22220,-0.49046,,,,
759.982,-2.15595,3.49305,9.06300,-0.09790,-0.33289,-0.33591,,,,
760.088,-3.16200,2.34405,9.19905,0.11083,0.05802,-0.28476,,,,
760.195,-2.65395,1.67100,9.68805,-0.12554,-0.22110,0.25850,,,,
760.303,-2.49405,1.89405,9.99405,-0.48455,-0.05390,0.53226,,,,
760.410,-1.31100,3.12495,8.06205,-0.11811,0.08566,0.55564,,,,
760.516,-0.72000,2.75295,8.80395,-0.31419,0.19649,0.70909,,,,
760.625,-0.19800,1.85595,10.45905,-0.35888,-0.02296,0.42886,,,,
760.732,-1.41405,1.04400,14.41095,-0.41113,0.51398,0.10189,,,,
760.840,-1.48800,2.38695,9.12495,0.22275,0.10271,0.14974,,,,
760.947,-1.18200,1.35795,9.36000,0.27816,0.02076,0.23292,,,,
761.055,-1.81800,1.43400,7.62105,0.43147,0.07604,0.41607,,,,
761.176,-2.14695,1.46100,8.73705,-0.15111,0.24021,0.90406,31.2515367,75.7045933,0.000,335.87
761.282,-1.44000,0.56295,12.30900,-0.92661,-0.56086,1.48995,31.2515367,75.7045933,0.000,335.87
761.385,-3.41505,2.16405,8.89005,0.12898,0.41910,1.36524,31.2515367,75.7045933,0.000,335.87
761.486,-0.16905,1.84800,8.71095,-0.45897,-0.14121,1.20010,31.2515367,75.7045933,0.000,335.87
761.603,-0.31005,3.22305,9.15600,-0.15647,0.40315,0.22976,31.2515367,75.7045933,0.000,335.87
761.706,-0.46305,2.47800,11.30805,0.09377,0.22316,-0.08456,31.2515367,75.7045933,0.000,335.87
761.813,-0.40095,1.73295,11.98800,0.11083,-0.21477,-0.27307,31.2515367,75.7045933,0.000,335.87
761.921,0.39795,1.43700,9.25905,0.29191,0.08566,-0.93032,31.2515367,75.7045933,0.000,335.87
762.029,-1.08105,1.11300,10.80795,0.40274,0.09212,-1.09230,31.2515367,75.7045933,0.000,335.87
762.136,-0.72405,1.55895,7.95405,0.45499,0.04208,-0.99110,31.2515750,75.7046233,0.000,335.87
762.241,-1.16505,1.89105,9.13200,0.13434,0.01540,-0.63635,31.2515750,75.7046233,0.000,335.87
762.345,-1.57395,2.10000,9.49800,-0.26730,-0.16142,-0.37648,31.2515750,75.7046233,0.000,335.87
762.454,-2.46705,1.74795,11.49795,-0.81372,-0.16459,-0.17724,31.2515750,75.7046233,0.000,335.87
762.562,-3.01800,1.98000,9.40005,0.31749,0.13571,-0.51178,31.2515750,75.7046233,0.000,335.87
762.669,-1.88295,1.51995,9.58500,-0.19058,-0.20721,0.11248,31.2515750,75.7046233,0.000,335.87
762.775,-1.20795,2.47995,7.76700,0.12691,0.19003,0.02516,31.2515750,75.7046233,0.000,335.87
762.884,-1.28505,2.57595,9.70395,-0.04991,-0.02296,-0.03341,31.2515750,75.7046233,0.000,335.87
762.992,-1.13595,2.10495,10.55205,0.28352,-0.22536,-0.21244,31.2515750,75.7046233,0.000,335.87
763.100,-0.01305,1.15605,11.17005,0.29947,-0.72600,-0.34554,31.2515750,75.7046233,0.000,335.87
763.208,-0.23400,1.35795,10.06095,0.14286,-0.23389,-0.64061,31.2515700,75.7046417,1.752,65.77
763.315,-1.12905,1.56105,7.42695,0.67650,-0.19236,-0.96772,31.2515700,75.7046417,1.752,65.77
763.430,-1.90200,1.88895,7.35105,0.15029,0.05802,-0.37111,31.2515700,75.7046417,1.752,65.77
763.537,-3.08295,1.79595,9.95805,-0.20130,0.11866,0.04538,31.2515700,75.7046417,1.752,65.77
763.643,-2.15805,0.94800,12.19200,-0.89788,-0.27431,0.60362,31.2515700,75.7046417,1.752,65.77
763.751,-3.13800,1.90800,8.89695,-0.37166,0.24338,0.64309,31.2515700,75.7046417,1.752,65.77
763.859,-1.04805,1.97295,8.28495,-0.09254,0.17834,0.52154,31.2515700,75.7046417,1.752,65.77
763.983,-1.20300,2.18805,9.60405,-0.23100,-0.00165,0.30319,31.2515700,75.7046417,1.752,65.77
764.088,-0.90405,1.80495,11.30595,0.31433,0.01540,-0.16019,31.2515700,75.7046417,1.752,65.77
764.193,0.00705,0.72600,11.98395,0.47630,-0.39902,-0.43189,31.2516033,75.7046850,0.000,65.77
764.300,-1.05495,1.44405,10.78905,0.34732,-0.01664,-0.43505,31.2516033,75.7046850,0.000,65.77
764.409,-1.13595,1.67100,7.91805,0.57956,-0.03259,-0.37744,31.2516033,75.7046850,0.000,65.77
764.527,-1.41105,1.77195,7.82700,0.23334,0.02599,-0.04840,31.2516033,75.7046850,0.000,65.77
764.635,-2.23500,1.81695,9.28305,-0.22357,0.19649,0.14767,31.2516033,75.7046850,0.000,65.77
764.743,-1.91895,1.99695,9.75705,-0.64006,0.43835,0.24461,31.2516033,75.7046850,0.000,65.77
764.850,-2.05995,1.98705,10.01595,-0.22578,0.17091,0.14451,31.2516033,75.7046850,0.000,65.77
764.957,-1.35900,2.05005,9.64905,-0.33756,-0.17531,0.43422,31.2516033,75.7046850,0.000,65.77
765.065,-1.08300,2.13300,9.04800,-0.06696,0.15606,0.09116,31.2516033,75.7046850,0.000,65.77
765.172,-1.52595,1.82205,9.94395,0.13544,-0.00385,-0.18892,31.2516867,75.7047300,1.833,71.41
765.275,-2.20395,1.74105,10.38900,0.26111,-0.05486,-0.34664,31.2516867,75.7047300,1.833,71.41
765.378,-0.60705,1.08705,11.19795,-0.26304,-0.53006,-0.62040,31.2516867,75.7047300,1.833,71.41
765.482,-1.60995,0.85005,11.14995,0.12045,0.31900,-0.87711,31.2516867,75.7047300,1.833,71.41
765.591,-2.06700,0.83295,9.67605,0.08539,-0.02516,-0.62673,31.2516867,75.7047300,1.833,71.41
765.699,-2.11095,1.13700,8.40900,0.16954,0.10588,-0.24117,31.2516867,75.7047300,1.833,71.41
765.807,-2.72100,1.07505,9.43095,0.34636,0.01540,0.09652,31.2516867,75.7047300,1.833,71.41
765.915,-2.43900,1.36500,10.53300,-0.38129,-0.08470,0.48221,31.2516867,75.7047300,1.833,71.41
766.023,-2.18700,1.41495,10.36305,0.26221,0.28490,0.22124,31.2516867,75.7047300,1.833,71.41
766.131,-2.06505,1.97805,8.56500,0.30374,0.24544,0.24997,31.2516867,75.7047300,1.833,71.41
766.238,-1.65795,2.94495,8.36595,0.28449,0.16981,-0.29439,31.2517083,75.7047333,1.690,155.26
766.346,-1.42305,2.87805,8.68395,0.28669,-0.46076,-0.64171,31.2517083,75.7047333,1.690,155.26
766.454,-1.47900,2.40900,9.43095,-0.31309,-0.79104,-0.88770,31.2517083,75.7047333,1.690,155.26
766.562,-0.46095,2.13600,9.01695,-0.28215,-0.84535,-1.05078,31.2517083,75.7047333,1.690,155.26
766.669,0.34200,1.52805,9.58500,0.18439,0.94861,-1.40552,31.2517083,75.7047333,1.690,155.26
766.777,-0.86805,0.48105,7.95405,-0.14052,0.19113,-1.43110,31.2517083,75.7047333,1.690,155.26
766.881,-2.46705,0.28995,7.61895,1.00458,-0.87835,-0.68324,31.2517083,75.7047333,1.690,155.26
766.987,-3.33405,1.27395,8.52900,-0.94696,0.82390,-0.59592,31.2517083,75.7047333,1.690,155.26
767.095,-2.61600,0.85995,10.45095,-0.74773,-0.56842,-0.17834,31.2517083,75.7047333,1.690,155.26
767.203,-1.96200,0.30705,10.19805,-0.49637,0.30085,-0.80781,31.2517117,75.7047333,1.404,231.01
767.309,-1.81395,-0.04905,8.90505,0.20144,0.24970,-1.04225,31.2517117,75.7047333,1.404,231.01
767.416,-3.06600,0.34005,9.32100,0.21532,0.41594,-1.18278,31.2517117,75.7047333,1.404,231.01
767.523,-3.05205,-1.42605,9.75195,0.35585,0.91878,-0.80259,31.2517117,75.7047333,1.404,231.01
767.631,-3.50595,-1.09800,10.46805,0.32821,0.61187,-0.81854,31.2517117,75.7047333,1.404,231.01
767.739,-4.78695,-0.85095,12.98895,-0.15111,-1.69757,-1.05710,31.2517117,75.7047333,1.404,231.01
767.847,-5.11500,-0.19005,12.66795,0.40920,-1.99045,-1.46946,31.2517117,75.7047333,1.404,231.01
767.955,2.08305,-0.68400,-2.48400,0.07040,-1.46534,-0.03025,31.2517117,75.7047333,1.404,231.01
768.063,-0.92805,1.03005,10.03500,-0.01485,0.21464,-0.00674,31.2517117,75.7047333,1.404,231.01
768.170,-0.28095,0.23205,10.25295,0.00962,-0.02929,0.00701,31.2517100,75.7047367,1.108,111.24
768.278,0.37605,0.21795,9.88905,0.02351,-0.01870,0.00069,31.2517100,75.7047367,1.108,111.24
768.398,-0.36300,0.67800,10.32195,-0.01581,0.01746,0.00495,31.2517100,75.7047367,1.108,111.24
768.501,1.05105,-3.68400,13.43505,0.25039,0.12086,0.04854,31.2517100,75.7047367,1.108,111.24
768.609,-1.03095,-0.56400,9.76905,-0.00839,0.01114,-0.00041,31.2517100,75.7047367,1.108,111.24
768.717,-0.10200,0.54600,9.77400,-0.00316,-0.00165,0.00275,31.2517100,75.7047367,1.108,111.24
768.825,0.49800,-0.31005,10.25505,-0.00839,-0.01554,0.00385,31.2517100,75.7047367,1.108,111.24
768.933,0.55305,-0.33405,9.66405,0.04592,-0.02722,0.00069,31.2517100,75.7047367,1.108,111.24
769.041,1.45095,-0.72405,10.60200,-0.02654,-0.02090,0.00921,31.2517100,75.7047367,1.108,111.24
769.149,0.09300,0.43305,9.57000,0.02461,0.01224,-0.00467,31.2517100,75.7047367,1.108,111.24
769.256,-0.19500,0.40200,10.21200,-0.00522,0.01650,0.00275,31.2517050,75.7047367,0.885,341.79
769.363,-0.17595,0.55305,9.67800,-0.00632,0.01224,-0.00151,31.2517050,75.7047367,0.885,341.79
769.471,0.43095,0.14595,9.93195,-0.01375,0.00041,0.00275,31.2517050,75.7047367,0.885,341.79
769.579,0.61305,0.03105,9.80505,-0.01059,0.00151,0.00069,31.2517050,75.7047367,0.885,341.79
769.688,0.07200,0.34500,9.94605,0.00756,0.00371,0.00069,31.2517050,75.7047367,0.885,341.79
769.795,0.00195,0.44100,9.82395,0.00014,0.00261,0.00179,31.2517050,75.7047367,0.885,341.79
769.903,0.16800,0.18195,9.73305,0.00014,-0.00591,0.00179,31.2517050,75.7047367,0.885,341.79
770.011,0.48105,0.11295,9.80700,0.00014,-0.00275,0.00275,31.2517050,75.7047367,0.885,341.79
770.120,0.38805,0.14100,9.85500,-0.00316,-0.00481,0.00179,31.2517050,75.7047367,0.885,341.79
770.227,0.16800,0.41400,9.77595,0.00330,0.00261,0.00069,31.2516983,75.7047400,0.693,285.85
770.336,0.31905,0.20100,9.72105,-0.00096,-0.00165,0.00069,31.2516983,75.7047400,0.693,285.85
770.444,0.27795,0.22800,9.79500,0.00014,0.00041,0.00179,31.2516983,75.7047400,0.693,285.85
770.552,0.14595,0.32805,9.85995,0.00110,0.00467,-0.00041,31.2516983,75.7047400,0.693,285.85
770.660,0.24000,-0.01800,9.86700,0.00220,-0.00385,0.00069,31.2516983,75.7047400,0.693,285.85
770.768,0.24705,0.32100,9.62805,0.00110,-0.00275,0.00179,31.2516983,75.7047400,0.693,285.85
770.876,0.26805,0.20400,9.82905,-0.00206,-0.00275,0.00179,31.2516983,75.7047400,0.693,285.85
770.985,0.24405,0.26295,9.73800,-0.00096,0.00041,0.00179,31.2516983,75.7047400,0.693,285.85
771.091,0.25395,0.26595,9.79305,0.00014,0.00041,0.00069,31.2516983,75.7047400,0.693,285.85
771.198,0.25605,0.26295,9.81195,-0.00096,0.00151,0.00069,31.2516833,75.7047300,0.571,261.60
771.305,0.25605,0.28500,9.95295,0.00110,0.00041,0.00069,31.2516833,75.7047300,0.571,261.60
771.410,0.25395,0.23895,9.76905,0.00110,0.00151,0.00179,31.2516833,75.7047300,0.571,261.60
771.514,0.24195,0.26595,9.85500,-0.00096,-0.00165,0.00069,31.2516833,75.7047300,0.571,261.60
771.623,0.30405,0.24405,9.70395,0.00220,0.00151,0.00069,31.2516833,75.7047300,0.571,261.60
771.731,0.21300,0.26805,9.81195,0.00014,0.00151,0.00179,31.2516833,75.7047300,0.571,261.60
771.840,0.27105,0.22305,9.77400,0.00110,0.00151,0.00069,31.2516833,75.7047300,0.571,261.60
771.949,0.21105,0.26595,9.81900,0.00014,0.00041,0.00069,31.2516833,75.7047300,0.571,261.60
772.057,0.26595,0.25605,9.71595,0.00014,0.00261,0.00069,31.2516833,75.7047300,0.571,261.60
772.165,0.19605,0.25095,9.85305,0.00014,0.00261,0.00069,31.2516817,75.7047317,0.480,269.25
772.276,0.21795,0.25605,9.70200,-0.00096,-0.00165,0.00069,31.2516817,75.7047317,0.480,269.25
772.381,0.27105,0.22500,9.82200,-0.00206,0.00041,0.00069,,,,
772.485,0.27105,0.24195,9.83400,-0.00206,0.00261,0.00069,,,,
772.589,0.29205,0.21795,9.85005,-0.00206,0.00151,0.00069,,,,
772.695,0.21105,0.23700,9.89595,-0.00096,0.00041,0.00069,,,,
772.804,0.27795,0.19200,9.85800,-0.00316,-0.00055,0.00179,,,,
772.912,0.22305,0.26595,9.76200,0.00110,0.00041,0.00179,,,,
773.019,0.25095,0.22800,9.82200,0.00014,-0.00055,0.00069,,,,
773.127,0.24000,0.26805,9.77100,0.00014,0.00261,0.00069,,,,
773.231,0.22005,0.28500,9.73305,0.00220,0.00261,0.00069,31.2516833,75.7047383,0.000,269.25
773.339,0.26595,0.23700,9.78600,0.00110,0.00151,0.00069,31.2516833,75.7047383,0.000,269.25
773.446,0.23700,0.27105,9.76395,0.00110,0.00041,0.00069,31.2516833,75.7047383,0.000,269.25
773.554,0.28305,0.22995,9.81705,0.00110,0.00151,0.00069,31.2516833,75.7047383,0.000,269.25
773.662,0.22305,0.27495,9.82605,0.00014,0.00151,0.00179,31.2516833,75.7047383,0.000,269.25
773.771,0.30195,0.23505,9.79500,0.00014,0.00151,0.00069,31.2516833,75.7047383,0.000,269.25
773.879,0.22800,0.24705,9.85800,0.00110,0.00261,0.00069,31.2516833,75.7047383,0.000,269.25
773.987,0.27495,0.22800,9.87900,-0.00096,0.00151,0.00069,31.2516833,75.7047383,0.000,269.25
774.095,0.24705,0.22500,9.89595,-0.00206,-0.00055,0.00179,31.2516833,75.7047383,0.000,269.25
774.204,0.26100,0.21600,9.86205,-0.00096,-0.00055,0.00179,31.2516817,75.7047333,0.000,269.25
774.312,0.25905,0.24405,9.85800,0.00110,-0.00165,0.00069,31.2516817,75.7047333,0.000,269.25
774.420,0.25605,0.27795,9.75495,0.00014,0.00371,0.00069,31.2516817,75.7047333,0.000,269.25
774.527,0.24405,0.26100,9.77100,0.00110,0.00261,0.00069,31.2516817,75.7047333,0.000,269.25
774.633,0.20595,0.27495,9.79095,0.00110,0.00261,0.00069,31.2516817,75.7047333,0.000,269.25
774.737,0.27105,0.22995,9.77595,0.00014,0.00151,0.00179,31.2516817,75.7047333,0.000,269.25
774.845,0.23205,0.26805,9.82395,0.00110,0.00041,0.00069,31.2516817,75.7047333,0.000,269.25
774.954,0.28005,0.24900,9.75495,0.00014,0.00151,0.00069,31.2516817,75.7047333,0.000,269.25
775.061,0.21300,0.27495,9.79800,0.00220,0.00151,0.00069,31.2516817,75.7047333,0.000,269.25
775.167,0.28995,0.23505,9.72600,0.00110,0.00261,0.00069,31.2516817,75.7047350,0.000,269.25
775.276,0.24405,0.28500,9.81900,0.00110,0.00151,0.00179,31.2516817,75.7047350,0.000,269.25
775.384,0.28305,0.23505,9.82605,-0.00096,0.00151,0.00069,31.2516817,75.7047350,0.000,269.25
775.491,0.31605,0.25395,9.80700,-0.00206,-0.00275,0.00179,31.2516817,75.7047350,0.000,269.25
775.598,0.24705,0.29505,9.81900,0.00110,0.00151,-0.00041,31.2516817,75.7047350,0.000,269.25
775.705,0.28305,0.22500,9.87195,0.00014,0.00041,0.00069,31.2516817,75.7047350,0.000,269.25
775.813,0.22800,0.27105,9.86205,-0.00096,0.00151,0.00179,31.2516817,75.7047350,0.000,269.25
775.922,0.28995,0.21795,9.82605,0.00014,-0.00055,0.00179,31.2516817,75.7047350,0.000,269.25
776.030,0.20805,0.25395,9.84300,0.00014,0.00041,0.00179,31.2516817,75.7047350,0.000,269.25
776.138,0.28305,0.21600,9.84105,-0.00096,0.00041,0.00069,31.2516817,75.7047350,0.000,269.25
776.247,0.22305,0.27495,9.80205,0.00014,0.00151,0.00069,31.2516817,75.7047350,0.000,269.25
776.352,0.26805,0.23205,9.79095,0.00014,0.00041,0.00069,31.2516817,75.7047350,0.000,269.25
776.462,0.21300,0.29505,9.74505,0.00110,0.00151,0.00069,31.2516817,75.7047350,0.000,269.25
776.570,0.28995,0.26595,9.71205,0.00014,0.00151,0.00069,31.2516817,75.7047350,0.000,269.25
776.694,0.30195,0.21300,9.96105,-0.00522,-0.00591,0.00179,31.2516817,75.7047350,0.000,269.25
776.802,0.26805,0.24705,9.75495,0.00110,0.00371,0.00069,31.2516817,75.7047350,0.000,269.25
776.910,0.21105,0.26805,9.79995,-0.00096,0.00151,-0.00041,31.2516817,75.7047350,0.000,269.25
777.019,0.26100,0.22500,9.84600,-0.00096,0.00151,0.00069,31.2516817,75.7047350,0.000,269.25
777.127,0.21105,0.25605,9.87705,-0.00096,0.00041,0.00179,31.2516817,75.7047350,0.000,269.25
777.248,0.22800,0.23895,9.81705,0.00014,0.00151,0.00069,31.2516817,75.7047350,0.000,269.25
777.353,0.22500,0.26595,9.76905,0.00014,0.00151,0.00069,31.2516817,75.7047350,0.000,269.25
777.461,0.25605,0.23205,9.87900,-0.00096,0.00151,0.00069,31.2516817,75.7047350,0.000,269.25
777.569,0.22800,0.27300,9.82605,-0.00096,-0.00165,0.00069,31.2516817,75.7047350,0.000,269.25
777.677,0.28005,0.22500,9.86205,0.00014,0.00041,0.00069,31.2516817,75.7047350,0.000,269.25
777.791,0.22800,0.26595,9.79095,0.00110,0.00261,0.00069,31.2516817,75.7047350,0.000,269.25
777.899,0.28005,0.22995,9.82395,0.00014,0.00151,0.00069,31.2516817,75.7047350,0.000,269.25
778.008,0.26295,0.28005,9.82395,0.00014,0.00151,0.00069,31.2516817,75.7047350,0.000,269.25
778.116,0.28500,0.23895,9.81405,-0.00096,0.00041,0.00069,31.2516817,75.7047350,0.000,269.25
778.225,0.22005,0.26295,9.83100,0.00014,0.00151,0.00069,31.2516817,75.7047350,0.000,269.25
778.346,0.24900,0.26805,9.84795,-0.00096,-0.00055,0.00275,31.2516817,75.7047350,0.000,269.25
778.454,0.28305,0.24195,9.75000,0.00041,0.00151,-0.00027,31.2516817,75.7047350,0.000,269.25
778.562,0.26295,0.24705,9.76200,0.00041,0.00151,-0.00027,31.2516817,75.7047350,0.000,269.25
778.670,0.24000,0.26100,9.79500,-0.00069,0.00055,-0.00027,31.2516817,75.7047350,0.000,269.25
778.779,0.29505,0.23895,9.78300,0.00137,0.00151,-0.00027,31.2516817,75.7047350,0.000,269.25
778.903,0.31605,0.27105,9.79995,0.00041,-0.00055,-0.00027,31.2516817,75.7047350,0.000,269.25
779.011,0.24195,0.32805,9.92505,-0.00069,-0.00165,0.00082,31.2516817,75.7047350,0.000,269.25
779.119,0.26805,0.26100,9.87000,-0.00069,0.00151,-0.00027,31.2516817,75.7047350,0.000,269.25
779.227,0.24705,0.28305,9.85305,-0.00069,0.00055,0.00082,31.2516817,75.7047350,0.000,269.25
779.335,0.20595,0.26295,9.83595,0.00247,-0.00055,-0.00027,31.2516817,75.7047350,0.000,269.25
779.443,0.21105,0.33300,9.80505,0.00137,-0.00055,-0.00027,31.2516817,75.7047350,0.000,269.25
779.551,0.18705,-0.25305,9.69705,-0.01237,0.00687,-0.00454,31.2516817,75.7047350,0.000,269.25
779.659,0.09600,0.50805,10.33200,-0.00605,-0.02296,0.00082,31.2516817,75.7047350,0.000,269.25
779.768,0.21300,0.06495,9.86505,-0.00495,-0.00055,-0.00247,31.2516817,75.7047350,0.000,269.25
779.875,0.40005,0.14595,9.73500,0.00041,0.00055,-0.00027,31.2516817,75.7047350,0.000,269.25
779.983,0.15300,0.39495,9.88605,0.00041,0.00151,-0.00027,31.2516817,75.7047350,0.000,269.25
780.090,0.38295,0.18405,9.77400,-0.00069,-0.00275,-0.00137,31.2516817,75.7047350,0.000,269.25
780.198,0.24195,0.31905,9.87405,0.00137,0.00055,0.00082,31.2516817,75.7047350,0.000,269.25
780.308,0.32805,0.21105,9.82395,-0.00069,-0.00165,-0.00027,31.2516817,75.7047350,0.000,269.25
780.416,0.26595,0.24705,9.87405,-0.00069,-0.00165,-0.00027,31.2516817,75.7047350,0.000,269.25
780.524,0.24705,0.25395,9.84105,-0.00179,-0.00165,-0.00027,31.2516817,75.7047350,0.000,269.25
780.632,0.23205,0.22305,9.82395,-0.00179,-0.00055,-0.00027,31.2516817,75.7047350,0.000,269.25
780.740,0.27795,0.21795,9.85005,0.00041,-0.00055,0.00082,31.2516817,75.7047350,0.000,269.25
780.848,0.24900,0.26595,9.87705,-0.00069,-0.00165,0.00082,31.2516817,75.7047350,0.000,269.25
780.956,0.28005,0.22500,9.73500,0.00041,-0.00055,-0.00027,31.2516817,75.7047350,0.000,269.25
781.064,0.24705,0.20595,9.81900,0.00041,0.00055,-0.00027,31.2516817,75.7047350,0.000,269.25
781.169,0.24405,0.31395,9.84795,0.00041,0.00151,-0.00027,31.2516817,75.7047350,0.000,269.25
781.276,0.47205,0.35205,9.50595,0.01100,0.01540,-0.00344,31.2516817,75.7047350,0.000,269.25
781.383,0.10500,0.41205,9.64005,0.00467,0.00261,-0.00027,31.2516817,75.7047350,0.000,269.25
781.492,0.08205,0.34200,9.82395,-0.00069,0.00261,-0.00027,31.2516817,75.7047350,0.000,269.25
781.601,0.40500,0.12000,9.87000,-0.00275,-0.00275,-0.00137,31.2516817,75.7047350,0.000,269.25
781.708,0.19605,0.34005,9.86505,0.00041,0.00055,0.00082,31.2516817,75.7047350,0.000,269.25
781.816,0.24900,0.25095,9.84105,-0.00069,0.00055,-0.00027,31.2516817,75.7047350,0.000,269.25
781.926,0.31095,0.16005,9.82905,-0.00069,-0.00165,0.00082,31.2516817,75.7047350,0.000,269.25
782.035,0.09300,0.63495,9.33600,0.01842,0.01114,-0.00454,31.2516817,75.7047350,0.000,269.25
782.141,0.29505,0.21600,9.88605,-0.00069,0.00055,-0.00027,31.2516817,75.7047350,0.000,269.25
782.248,0.30195,0.18900,9.85995,-0.00069,-0.00701,-0.00137,31.2516817,75.7047350,0.000,269.25
782.355,0.13200,0.15600,9.75900,-0.33193,-0.05816,-0.44344,31.2516817,75.7047350,0.000,269.25
782.463,-1.52205,0.46500,10.26195,-0.14658,-0.40109,-0.89293,31.2516817,75.7047350,0.000,269.25
782.570,-3.06300,-2.12700,8.04300,-0.22756,-0.44371,-0.84081,31.2516817,75.7047350,0.000,269.25
782.678,-1.45695,0.06705,7.79895,0.08772,0.01650,-0.35186,31.2516817,75.7047350,0.000,269.25
782.784,1.06305,-1.01595,10.65195,-0.27981,0.20185,0.92015,31.2516817,75.7047350,0.000,269.25
782.893,0.19605,-0.80805,5.33295,0.19539,-0.21037,0.68145,31.2516817,75.7047350,0.000,269.25
783.001,4.90800,-0.16200,8.73495,0.39243,0.15070,-0.14946,31.2516817,75.7047350,0.000,269.25
783.109,2.22405,0.15105,12.61800,0.02379,0.01856,0.00715,31.2516817,75.7047350,0.000,269.25
783.217,3.65400,0.18900,9.19200,0.08883,0.31364,-0.44344,31.2516817,75.7047350,0.000,269.25
783.325,0.19605,0.24900,9.78300,0.01100,0.03025,0.00082,31.2516817,75.7047350,0.000,269.25
783.432,-1.19595,0.78495,10.45095,0.12499,0.27954,0.00179,31.2516817,75.7047350,0.000,269.25
783.537,-1.38300,1.09200,10.00605,0.01746,0.07617,0.00289,31.2516817,75.7047350,0.000,269.25
783.644,1.16400,0.27795,9.93705,-0.01980,-0.05912,0.00509,31.2516817,75.7047350,0.000,269.25
783.752,1.12095,0.04305,9.89295,-0.01554,-0.00481,-0.00137,31.2516817,75.7047350,0.000,269.25
783.861,0.04095,0.22800,9.84300,0.00247,-0.00275,0.00082,31.2516817,75.7047350,0.000,269.25
783.969,-0.07305,0.28500,9.90495,0.00137,-0.00275,-0.00247,31.2516817,75.7047350,0.000,269.25
784.075,0.50505,0.18195,9.83100,-0.00605,-0.01650,-0.00137,31.2516817,75.7047350,0.000,269.25
784.183,0.39795,0.04095,9.73995,0.00564,0.01114,-0.00027,31.2516817,75.7047350,0.000,269.25
784.291,-0.03195,0.42900,9.94395,0.00674,0.01334,0.00179,31.2516817,75.7047350,0.000,269.25
784.399,0.24405,0.18405,9.76905,-0.00385,-0.00907,-0.00027,31.2516817,75.7047350,0.000,269.25
784.507,0.29700,0.10305,9.78795,-0.00179,-0.00165,-0.00027,31.2516817,75.7047350,0.000,269.25
784.615,0.06195,0.38100,9.83595,0.00247,0.00481,0.00082,31.2516817,75.7047350,0.000,269.25
784.723,0.17205,0.29505,9.78600,0.00137,0.00577,-0.00027,31.2516817,75.7047350,0.000,269.25
784.830,0.23700,0.20100,9.82905,-0.00275,-0.00701,-0.00027,31.2516817,75.7047350,0.000,269.25
784.938,0.18900,0.22005,9.82605,0.00041,0.00055,-0.00027,31.2516817,75.7047350,0.000,269.25
785.047,0.21795,0.23895,9.80205,0.00041,0.00055,-0.00027,31.2516817,75.7047350,0.000,269.25
785.156,0.24195,0.58905,10.20495,0.03341,0.04208,0.00509,31.2516817,75.7047350,0.000,269.25
785.264,-0.86295,0.64395,9.68805,0.02489,0.06339,-0.00137,31.2516817,75.7047350,0.000,269.25
785.372,0.05505,0.30900,9.85800,-0.01237,-0.02406,0.00179,31.2516817,75.7047350,0.000,269.25
785.480,0.52695,-0.00900,9.72600,-0.00385,-0.00797,-0.00027,31.2516817,75.7047350,0.000,269.25
785.587,0.04995,0.32805,9.81000,0.00564,0.01334,-0.00027,31.2516817,75.7047350,0.000,269.25
785.696,0.20100,0.19905,9.80205,-0.00179,-0.00055,-0.00027,31.2516817,75.7047350,0.000,269.25
785.804,0.19395,0.04995,9.78600,-0.00069,-0.00371,-0.00027,31.2516817,75.7047350,0.000,269.25
785.910,0.22500,0.31395,9.83100,0.00784,-0.00165,0.00082,31.2516817,75.7047350,0.000,269.25
786.018,0.19905,0.15300,9.79095,0.00564,-0.00055,-0.00027,31.2516817,75.7047350,0.000,269.25
786.127,0.19605,0.29700,9.83805,0.00357,-0.00165,-0.00027,31.2516817,75.7047350,0.000,269.25
786.236,0.27300,0.24195,9.81900,-0.00179,-0.00591,-0.00137,31.2516817,75.7047350,0.000,269.25
786.344,0.27105,0.16005,9.79305,-0.00275,-0.00275,-0.00027,31.2516817,75.7047350,0.000,269.25
786.452,0.23505,0.22305,9.83595,-0.00069,0.00151,0.00082,31.2516817,75.7047350,0.000,269.25
786.560,0.15795,0.27105,9.77595,0.00357,0.00151,-0.00027,31.2516817,75.7047350,0.000,269.25
786.669,0.17205,0.23700,9.78600,0.00564,-0.00055,-0.00027,31.2516817,75.7047350,0.000,269.25
786.777,0.17700,0.23505,9.81000,0.00894,-0.00275,-0.00027,31.2516817,75.7047350,0.000,269.25
786.879,0.67500,0.47895,9.71595,-0.01237,-0.04854,-0.00027,31.2516817,75.7047350,0.000,269.25
786.986,0.10095,-0.26700,9.72600,0.01416,-0.00481,-0.00027,31.2516817,75.7047350,0.000,269.25
787.094,-0.07305,0.58200,9.80205,-0.00069,-0.01870,0.00715,31.2516817,75.7047350,0.000,269.25
787.202,0.50505,0.38100,9.84600,0.00041,0.00055,-0.00027,31.2516817,75.7047350,0.000,269.25
787.310,0.22500,0.14595,9.75495,0.00041,-0.00275,-0.00027,31.2516817,75.7047350,0.000,269.25
787.415,0.13395,0.30195,9.83400,0.00247,0.00481,0.00082,31.2516817,75.7047350,0.000,269.25
787.521,0.21300,0.21600,9.75495,-0.00069,0.00055,-0.00027,31.2516817,75.7047350,0.000,269.25
787.629,0.25905,0.22305,9.76395,0.00041,-0.00165,-0.00137,31.2516817,75.7047350,0.000,269.25
787.736,0.19905,0.23205,9.83100,-0.00179,-0.00481,-0.00027,31.2516817,75.7047350,0.000,269.25
787.842,0.20100,0.21795,9.81405,0.00137,0.00261,0.00179,31.2516817,75.7047350,0.000,269.25
787.950,0.15795,0.29700,9.85005,-0.00275,-0.00591,-0.00027,31.2516817,75.7047350,0.000,269.25
788.057,0.25605,0.29205,9.84600,-0.00069,-0.00055,0.00082,31.2516817,75.7047350,0.000,269.25
788.161,0.27795,0.21105,9.82200,0.00041,-0.00275,-0.00027,31.2516817,75.7047350,0.000,269.25
788.293,0.25095,0.25095,9.86505,-0.00069,-0.00055,-0.00137,31.2516817,75.7047350,0.000,269.25
788.401,0.16800,0.27105,9.79305,0.00247,0.00261,-0.00027,31.2516817,75.7047350,0.000,269.25
788.508,0.24705,0.30405,9.79995,0.00041,0.00261,0.00082,31.2516817,75.7047350,0.000,269.25
788.613,0.19605,0.22800,9.79095,-0.00069,0.00055,-0.00027,31.2516817,75.7047350,0.000,269.25
788.716,0.21300,0.22995,9.78795,0.00041,-0.00165,-0.00027,31.2516817,75.7047350,0.000,269.25
788.830,0.20595,0.23505,9.77895,0.00041,0.00055,-0.00027,31.2516817,75.7047350,0.000,269.25
788.936,0.25395,0.26805,9.81705,0.00041,-0.00055,0.00082,31.2516817,75.7047350,0.000,269.25
789.044,0.15300,0.30900,9.82200,0.00041,0.00055,-0.00027,31.2516817,75.7047350,0.000,269.25
789.152,0.24000,0.27495,9.83805,-0.00179,0.00055,-0.00027,31.2516817,75.7047350,0.000,269.25
789.260,0.16095,0.31095,9.81195,-0.00069,0.00151,-0.00027,31.2516817,75.7047350,0.000,77.68
789.368,0.24705,0.35895,9.85800,-0.01031,0.00261,-0.00027,31.2516817,75.7047350,0.000,77.68
789.476,0.25605,0.21300,9.80700,-0.01664,0.00371,-0.00027,31.2516817,75.7047350,0.000,77.68
789.585,0.15300,0.20805,9.81705,-0.01127,0.00577,0.00082,31.2516817,75.7047350,0.000,77.68
789.693,0.17205,0.16995,9.81405,-0.00701,0.00261,0.00082,31.2516817,75.7047350,0.000,77.68
789.801,0.22995,0.25905,9.86505,0.00137,0.00151,-0.00027,31.2516817,75.7047350,0.000,77.68
789.909,0.18000,0.30705,9.85800,-0.00069,-0.00165,-0.00027,31.2516817,75.7047350,0.000,77.68
790.017,0.16305,0.24405,9.80205,0.00137,-0.00055,-0.00027,31.2516817,75.7047350,0.000,77.68
790.125,0.24900,0.22800,9.82605,0.00467,-0.00165,0.00082,31.2516817,75.7047350,0.000,77.68
790.233,0.23205,0.33000,9.85305,-0.00069,0.00151,-0.00027,31.2516817,75.7047350,0.000,77.68
790.340,0.12000,0.60795,9.78300,0.00674,-0.00371,0.00289,31.2516817,75.7047350,0.000,77.68
790.448,0.52695,0.22800,9.66600,-0.00385,-0.01017,-0.00027,31.2516817,75.7047350,0.000,77.68
790.557,0.11295,0.40695,9.88200,0.00467,0.00371,0.00179,31.2516817,75.7047350,0.000,77.68
790.665,0.16995,0.25395,9.86205,-0.00069,-0.00165,-0.00027,31.2516817,75.7047350,0.000,77.68
790.773,0.25605,0.15600,9.80205,0.00041,-0.00055,-0.00027,31.2516817,75.7047350,0.000,77.68
790.877,0.17505,0.20595,9.82605,0.00041,-0.00055,0.00082,31.2516817,75.7047350,0.000,77.68
790.982,0.16305,0.22500,9.83595,-0.00069,-0.00055,-0.00027,31.2516817,75.7047350,0.000,77.68
791.089,0.23205,0.17700,9.84105,-0.00069,-0.00165,-0.00027,31.2516817,75.7047350,0.000,77.68
791.198,0.14595,0.27795,9.84600,0.00137,0.00151,0.00082,31.2516817,75.7047350,0.000,77.68
791.306,0.21105,0.21795,9.78300,-0.00069,-0.00055,-0.00027,31.2516817,75.7047350,0.000,77.68
791.414,0.21795,0.21600,9.82395,0.00137,0.00055,0.00082,31.2516817,75.7047350,0.000,77.68
791.522,0.17205,0.25095,9.82395,-0.00069,-0.00055,-0.00027,31.2516817,75.7047350,0.000,77.68
791.631,0.19905,0.20595,9.81000,0.00137,0.00055,-0.00027,31.2516817,75.7047350,0.000,77.68
791.739,0.14595,0.25395,9.81195,0.00041,0.00151,-0.00027,31.2516817,75.7047350,0.000,77.68
791.847,0.23205,0.20400,9.79500,-0.00069,0.00055,-0.00027,31.2516817,75.7047350,0.000,77.68
791.955,0.15105,0.24705,9.80205,0.00137,0.00055,0.00082,31.2516817,75.7047350,0.000,77.68
792.061,0.24405,0.18195,9.77100,-0.00069,-0.00055,-0.00027,31.2516817,75.7047350,0.000,77.68
792.169,0.04095,0.39495,9.87705,0.00137,0.00261,0.00082,31.2516817,75.7047350,0.000,77.68
792.279,0.29505,0.09300,9.79995,-0.00179,-0.00055,-0.00137,31.2516817,75.7047350,0.000,77.68
792.386,0.07905,0.33795,9.89295,0.00041,0.00151,0.00082,31.2516817,75.7047350,0.000,77.68
792.490,0.14400,0.24405,9.85995,-0.00179,-0.00165,-0.00027,31.2516817,75.7047350,0.000,77.68
792.594,0.31395,0.16005,9.73500,-0.00069,-0.00055,-0.00027,31.2516817,75.7047350,0.000,77.68
792.710,0.14895,0.23895,9.78600,-0.00069,0.00055,-0.00027,31.2516817,75.7047350,0.000,77.68
792.818,0.24195,0.18405,9.73995,0.00041,-0.00055,-0.00027,31.2516817,75.7047350,0.000,77.68
792.927,0.11700,0.25095,9.79800,-0.00069,0.00055,-0.00027,31.2516817,75.7047350,0.000,77.68
793.035,0.19200,0.13905,9.78795,0.00041,-0.00055,0.00082,31.2516817,75.7047350,0.000,77.68
793.143,0.14400,0.25395,9.80505,0.00041,0.00055,0.00082,31.2516817,75.7047350,0.000,77.68
793.251,0.24405,0.16995,9.77895,0.00041,-0.00055,-0.00027,31.2516817,75.7047350,0.000,77.68
793.355,0.15105,0.27795,9.80700,0.00137,-0.00055,-0.00027,31.2516817,75.7047350,0.000,77.68
793.464,0.21600,0.22500,9.75705,0.00041,0.00055,-0.00137,31.2516817,75.7047350,0.000,77.68
793.572,0.16800,0.25395,9.83595,-0.00179,0.00055,-0.00027,31.2516817,75.7047350,0.000,77.68
793.681,0.20595,0.23505,9.76695,-0.00069,-0.00055,-0.00027,31.2516817,75.7047350,0.000,77.68
793.799,0.17505,0.23700,9.77400,0.00041,0.00055,0.00082,,,,
793.903,0.19200,0.22995,9.74295,0.00041,0.00055,-0.00137,,,,
794.009,0.24000,0.24195,9.80505,-0.00069,0.00055,-0.00027,,,,
794.117,0.16995,0.27300,9.77400,0.00041,-0.00055,0.00082,,,,
794.224,0.22305,0.21795,9.81195,-0.00069,-0.00055,-0.00027,31.2516817,75.7047350,0.000,77.68
794.332,0.15795,0.25095,9.81405,-0.00069,0.00055,-0.00027,31.2516817,75.7047350,0.000,77.68
794.440,0.23505,0.21105,9.78300,-0.00069,0.00055,0.00082,31.2516817,75.7047350,0.000,77.68
794.545,0.15795,0.27105,9.81000,0.00041,0.00151,-0.00027,31.2516817,75.7047350,0.000,77.68
794.653,0.20805,0.20805,9.78105,0.00041,-0.00055,0.00082,31.2516817,75.7047350,0.000,77.68
794.761,0.18000,0.22800,9.84600,0.00041,0.00055,0.00082,31.2516817,75.7047350,0.000,77.68
794.869,0.18900,0.22800,9.84600,-0.00069,0.00055,-0.00137,31.2516817,75.7047350,0.000,77.68
794.977,0.18405,0.21105,9.85005,-0.00069,0.00055,0.00082,31.2516817,75.7047350,0.000,77.68
795.086,0.16500,0.20400,9.75195,-0.00069,-0.00055,0.00082,31.2516817,75.7047350,0.000,77.68
795.194,0.21300,0.24405,9.81000,0.00041,-0.00055,-0.00027,31.2516817,75.7047350,0.000,77.68
795.302,0.19605,0.25095,9.78795,0.00041,-0.00055,0.00082,31.2516817,75.7047350,0.000,77.68
795.409,0.21105,0.21795,9.80205,-0.00179,-0.00055,0.00082,31.2516817,75.7047350,0.000,77.68
795.517,0.18705,0.22800,9.80505,0.00041,0.00055,-0.00027,31.2516817,75.7047350,0.000,77.68
795.625,0.23700,0.21105,9.81195,-0.00069,0.00055,-0.00027,31.2516817,75.7047350,0.000,77.68
795.733,0.16305,0.24705,9.80700,0.00137,0.00055,0.00082,31.2516817,75.7047350,0.000,77.68
795.841,0.23700,0.19395,9.80205,-0.00069,-0.00055,-0.00137,31.2516817,75.7047350,0.000,77.68
795.948,0.16800,0.24705,9.80700,0.00137,0.00055,-0.00027,31.2516817,75.7047350,0.000,77.68
796.057,0.21300,0.21600,9.78795,-0.00069,-0.00055,-0.00027,31.2516817,75.7047350,0.000,77.68
796.165,0.15600,0.25095,9.85800,0.00041,-0.00055,0.00082,31.2516817,75.7047350,0.000,77.68
796.273,0.20100,0.21600,9.84105,-0.00069,-0.00055,0.00082,31.2516817,75.7047350,0.000,77.68
796.382,0.18000,0.24900,9.84105,0.00041,0.00151,-0.00027,31.2516817,75.7047350,0.000,77.68
796.490,0.21300,0.22005,9.78795,-0.00069,0.00055,-0.00027,31.2516817,75.7047350,0.000,77.68
796.598,0.21600,0.25095,9.81405,0.00041,-0.00055,-0.00027,31.2516817,75.7047350,0.000,77.68
796.706,0.20400,0.23700,9.82395,0.00041,-0.00055,0.00082,31.2516817,75.7047350,0.000,77.68
796.814,0.22500,0.22995,9.81405,0.00041,0.00055,0.00082,31.2516817,75.7047350,0.000,77.68
796.923,0.16095,0.25095,9.79500,0.00137,0.00055,-0.00137,31.2516817,75.7047350,0.000,77.68
797.029,0.22800,0.22500,9.85005,0.00041,0.00055,-0.00137,31.2516817,75.7047350,0.000,77.68
797.136,0.18405,0.26805,9.83595,-0.00069,-0.00055,-0.00027,31.2516817,75.7047350,0.000,77.68
797.242,0.21600,0.22500,9.80205,-0.00069,0.00055,0.00082,31.2516817,75.7047350,0.000,77.68
797.349,0.15300,0.18900,9.81900,0.00137,-0.00055,0.00082,31.2516817,75.7047350,0.000,77.68
797.458,0.19395,0.17205,9.79500,0.01210,-0.00481,-0.00137,31.2516817,75.7047350,0.000,77.68
797.566,0.23205,0.26595,9.84300,0.00990,-0.00481,-0.00027,31.2516817,75.7047350,0.000,77.68
797.681,0.22500,0.23205,9.80700,0.00564,-0.00165,-0.00027,31.2516817,75.7047350,0.000,77.68
797.789,0.16500,0.27300,9.79800,0.00784,-0.00275,0.00082,31.2516817,75.7047350,0.000,77.68
797.897,0.17205,0.45300,9.75000,0.00137,0.00687,0.00399,31.2516817,75.7047350,0.000,77.68
798.006,0.04095,0.22305,9.78795,0.00137,0.00055,-0.00137,31.2516817,75.7047350,0.000,77.68
798.113,0.05805,0.27105,9.79305,-0.00055,0.00151,-0.00027,31.2516817,75.7047350,0.000,77.68
798.222,0.22800,0.32100,9.84300,-0.00055,-0.00055,0.00082,31.2516817,75.7047350,0.000,77.68
798.329,0.20100,0.21300,9.81000,-0.00055,0.00151,0.00082,31.2516817,75.7047350,0.000,77.68
798.437,0.16095,0.27495,9.79995,0.00151,-0.00055,-0.00027,31.2516817,75.7047350,0.000,77.68
798.543,0.24195,0.25905,9.80505,0.00041,-0.00055,-0.00027,31.2516817,75.7047350,0.000,77.68
798.651,0.20595,0.31905,9.85305,0.00151,-0.00055,0.00082,31.2516817,75.7047350,0.000,77.68
798.759,0.24900,0.24900,9.80700,-0.00055,0.00041,-0.00027,31.2516817,75.7047350,0.000,77.68
798.867,0.21795,0.30405,9.83100,-0.00055,0.00041,0.00082,31.2516817,75.7047350,0.000,77.68
798.976,0.25395,0.34695,9.90495,0.00151,0.00041,0.00082,31.2516817,75.7047350,0.000,77.68
799.083,0.20400,0.28305,9.80205,0.00041,0.00041,0.00082,31.2516817,75.7047350,0.000,77.68
799.192,0.21600,0.24705,9.79500,-0.00055,-0.00055,-0.00027,31.2516817,75.7047350,0.000,77.68
799.299,0.21105,0.26100,9.83100,0.00041,-0.00055,0.00082,31.2516817,75.7047350,0.000,77.68
799.407,0.18705,0.25605,9.81900,-0.00055,-0.00055,-0.00027,31.2516817,75.7047350,0.000,77.68
799.515,0.23205,0.25605,9.79500,-0.00055,0.00041,0.00082,31.2516817,75.7047350,0.000,77.68
799.623,0.23205,0.40500,9.86700,-0.00055,0.00041,0.00082,31.2516817,75.7047350,0.000,77.68
799.731,0.24900,0.25395,9.81900,-0.00055,0.00041,-0.00027,31.2516817,75.7047350,0.000,77.68
799.839,0.15600,0.22500,9.79800,0.00151,0.00041,-0.00027,31.2516817,75.7047350,0.000,77.68
799.947,0.06495,0.24705,9.76200,-0.00165,0.00261,-0.00137,31.2516817,75.7047350,0.000,77.68
800.055,0.15300,0.31395,9.81000,0.00261,-0.00055,0.00082,31.2516817,75.7047350,0.000,77.68
800.163,0.26805,0.18405,9.79305,-0.00275,0.00151,-0.00027,31.2516817,75.7047350,0.000,77.68
800.270,0.25395,0.24705,9.81705,0.00151,-0.00055,0.00082,31.2516817,75.7047350,0.000,77.68
800.378,0.19200,0.25095,9.78600,0.00041,-0.00055,-0.00027,31.2516817,75.7047350,0.000,77.68
800.486,0.24195,0.53205,9.84300,0.00041,0.00151,-0.00027,31.2516817,75.7047350,0.000,77.68
800.593,0.21600,0.20100,9.82905,-0.00385,0.00261,-0.00027,31.2516817,75.7047350,0.000,77.68
800.702,0.22500,0.25905,9.82200,0.00371,-0.00055,0.00192,31.2516817,75.7047350,0.000,77.68
800.811,0.22800,0.27795,9.80505,-0.00275,0.00041,-0.00027,31.2516817,75.7047350,0.000,77.68
800.919,0.19605,0.23205,9.81195,-0.00165,0.00041,0.00082,31.2516817,75.7047350,0.000,77.68
801.027,0.19200,0.17700,9.78600,0.00687,-0.00385,-0.00137,31.2516817,75.7047350,0.000,77.68
801.135,0.09600,0.22995,9.82605,0.00151,-0.00055,0.00082,31.2516817,75.7047350,0.000,77.68
801.243,0.12705,0.31095,9.78105,0.00261,0.00041,0.00192,31.2516817,75.7047350,0.000,77.68
801.350,0.26595,0.19905,9.77595,0.00041,-0.00055,-0.00137,31.2516817,75.7047350,0.000,77.68
801.459,0.20400,0.36900,9.88605,0.00041,0.00041,0.00082,31.2516817,75.7047350,0.000,77.68
801.567,0.25905,0.22800,9.77895,-0.00055,-0.00055,-0.00027,31.2516817,75.7047350,0.000,77.68
801.675,0.20400,0.25605,9.79995,0.00041,0.00041,-0.00027,31.2516817,75.7047350,0.000,77.68
801.784,0.22995,0.25905,9.78105,-0.00055,0.00041,0.00082,31.2516817,75.7047350,0.000,77.68
801.892,0.20100,0.29895,9.85995,0.00041,0.00041,-0.00027,31.2516817,75.7047350,0.000,77.68
802.000,0.22995,0.29205,9.86700,0.00041,-0.00165,0.00082,31.2516817,75.7047350,0.000,77.68
802.108,0.20400,0.32805,9.87900,0.00151,0.00261,-0.00027,31.2516817,75.7047350,0.000,77.68
802.217,0.16800,0.29505,9.85995,-0.00055,-0.00055,0.00082,31.2516817,75.7047350,0.000,77.68
802.327,0.34500,0.20805,9.81405,0.00041,-0.00055,0.00082,31.2516817,75.7047350,0.000,77.68
802.435,0.10500,0.38805,9.85800,0.00151,0.00041,0.00192,31.2516817,75.7047350,0.000,77.68
802.544,0.22305,0.31905,9.79500,-0.00275,-0.00055,-0.00027,31.2516817,75.7047350,0.000,77.68
802.648,0.22800,0.27795,9.81900,-0.00701,0.00261,-0.00137,31.2516817,75.7047350,0.000,77.68
802.756,0.25395,0.23700,9.78795,-0.00811,0.00371,0.00082,31.2516817,75.7047350,0.000,77.68
802.865,0.11700,0.30405,9.82200,-0.00701,0.00371,0.00082,31.2516817,75.7047350,0.000,77.68
802.973,0.16095,0.17505,9.79500,-0.00591,0.00041,0.00082,31.2516817,75.7047350,0.000,77.68
803.081,0.23700,0.21105,9.82605,0.00041,0.00151,-0.00027,31.2516817,75.7047350,0.000,77.68
803.193,0.15300,0.19905,9.84105,0.00151,-0.00165,-0.00027,31.2516817,75.7047350,0.000,77.68
803.298,0.16995,0.29205,9.87405,0.00371,-0.00275,0.00082,31.2516817,75.7047350,0.000,77.68
803.401,0.22305,0.25905,9.81195,-0.00481,0.00041,0.00192,31.2516817,75.7047350,0.000,77.68
803.503,0.19200,0.23505,9.81195,-0.00481,0.00151,-0.00027,31.2516817,75.7047350,0.000,77.68
803.607,0.17505,0.22800,9.82200,-0.00275,0.00041,-0.00027,31.2516817,75.7047350,0.000,77.68
803.714,0.22005,0.22005,9.78600,-0.00055,0.00041,0.00082,31.2516817,75.7047350,0.000,77.68
803.818,0.20400,0.24195,9.82605,-0.00055,0.00041,0.00082,31.2516817,75.7047350,0.000,77.68
803.928,0.18000,0.22005,9.79995,0.00151,0.00151,-0.00027,31.2516817,75.7047350,0.000,77.68
804.036,0.20805,0.26595,9.82905,0.00041,-0.00055,-0.00027,31.2516817,75.7047350,0.000,77.68
804.144,0.20805,0.23505,9.79305,-0.00165,0.00041,0.00082,31.2516817,75.7047350,0.000,77.68
804.251,0.24000,0.20100,9.78600,0.00041,-0.00165,0.00082,31.2516817,75.7047350,0.000,77.68
804.359,0.18705,0.22500,9.81405,0.00261,-0.00055,0.00082,31.2516817,75.7047350,0.000,77.68
804.467,0.21600,0.24705,9.84105,-0.00275,0.00151,0.00082,31.2516817,75.7047350,0.000,77.68
804.575,0.12195,0.18000,9.81405,0.00261,-0.00055,0.00082,31.2516817,75.7047350,0.000,77.68
804.683,0.21795,0.21105,9.82605,0.01114,-0.00481,-0.00027,31.2516817,75.7047350,0.000,77.68
804.791,0.19605,0.30900,9.82395,0.00687,-0.00055,-0.00027,31.2516817,75.7047350,0.000,77.68
804.898,0.19200,0.26295,9.83400,0.00371,-0.00165,-0.00027,31.2516817,75.7047350,0.000,77.68
805.006,0.20100,0.31605,9.80205,-0.00385,0.00261,0.00082,31.2516817,75.7047350,0.000,77.68
805.113,0.22995,0.34200,9.82605,-0.01444,0.00467,0.00082,31.2516817,75.7047350,0.000,77.68
805.221,-0.04395,0.21300,9.82395,-0.01980,0.00687,-0.00027,31.2516817,75.7047350,0.000,77.68
805.329,-0.00795,0.26595,9.66405,0.00151,-0.00385,-0.00344,31.2516817,75.7047350,0.000,77.68
805.436,-0.15900,0.36600,9.78300,-0.00275,0.00261,0.00192,31.2516817,75.7047350,0.000,77.68
805.545,0.53595,0.17505,9.75705,-0.00275,-0.00385,-0.00027,31.2516817,75.7047350,0.000,77.68
805.653,0.29700,0.19905,9.80205,0.00261,-0.00055,0.00082,31.2516817,75.7047350,0.000,77.68
805.761,0.00000,0.46695,9.80700,0.00151,-0.00055,-0.00027,31.2516817,75.7047350,0.000,77.68
805.870,0.30195,0.20100,9.73800,-0.00165,0.00041,-0.00027,31.2516817,75.7047350,0.000,77.68
805.978,0.21600,0.16995,9.79800,0.00577,-0.00275,-0.00027,31.2516817,75.7047350,0.000,77.68
806.087,0.12900,0.26295,9.82905,0.01004,-0.00275,-0.00027,31.2516817,75.7047350,0.000,77.68
806.195,0.16500,0.36900,9.87000,0.00577,-0.00165,-0.00027,31.2516817,75.7047350,0.000,77.68
806.303,0.26295,0.21105,9.81405,-0.00591,0.00151,0.00082,31.2516817,75.7047350,0.000,77.68
806.411,0.11295,0.22800,9.79995,-0.00165,0.00151,-0.00027,31.2516817,75.7047350,0.000,77.68
806.519,0.18705,0.30195,9.79995,0.00041,0.00151,-0.00027,31.2516817,75.7047350,0.000,77.68
806.628,0.26595,0.20595,9.83400,-0.00165,0.00041,-0.00027,31.2516817,75.7047350,0.000,77.68
806.737,0.15105,0.19905,9.77400,-0.00055,0.00261,-0.00027,31.2516817,75.7047350,0.000,77.68
806.845,0.21600,0.24405,9.84795,0.00151,0.00151,-0.00027,31.2516817,75.7047350,0.000,77.68
806.951,0.79305,0.99795,9.80205,-0.00165,0.01004,0.44082,31.2516817,75.7047350,0.000,77.68
807.058,-0.20505,0.06495,9.73800,0.04304,0.11344,1.21302,31.2516817,75.7047350,0.000,77.68
807.165,0.16095,0.33495,9.88395,0.00687,0.00687,0.00082,31.2516817,75.7047350,0.000,77.68
807.268,0.23505,0.20805,9.78300,0.00577,-0.00481,-0.00137,31.2516817,75.7047350,0.000,77.68
807.370,0.39495,0.15105,9.79305,0.00371,-0.00385,0.00082,31.2516817,75.7047350,0.000,77.68
807.473,0.24195,0.28695,9.79800,0.00467,0.00151,0.00082,31.2516817,75.7047350,0.000,77.68
807.577,0.17505,0.28305,9.81000,0.00467,-0.00165,-0.00027,31.2516817,75.7047350,0.000,77.68
807.679,0.18405,0.21300,9.81405,0.00261,-0.00275,-0.00027,31.2516817,75.7047350,0.000,77.68
807.781,0.21300,0.26595,9.81900,0.00151,-0.00481,-0.00027,31.2516817,75.7047350,0.000,77.68
807.883,0.35400,0.52005,9.92505,0.00151,-0.00055,-0.00137,31.2516817,75.7047350,0.000,77.68
807.986,0.27300,0.18900,9.79305,-0.00275,-0.00055,-0.00027,31.2516817,75.7047350,0.000,77.68
808.089,0.24405,0.21300,9.77595,0.00151,-0.00055,-0.00027,31.2516817,75.7047350,0.000,77.68
808.193,0.24195,0.29895,9.82395,0.00041,0.00151,0.00082,31.2516817,75.7047350,0.000,77.68
808.302,0.17205,0.27300,9.81000,-0.00165,0.00151,-0.00027,31.2516817,75.7047350,0.000,77.68
808.409,0.26295,0.26295,9.82200,0.00041,0.00041,0.00082,31.2516817,75.7047350,0.000,77.68
808.518,0.21795,0.30900,9.81900,-0.00055,0.00261,-0.00027,31.2516817,75.7047350,0.000,77.68
808.626,0.22500,0.25905,9.77400,-0.00165,0.00261,-0.00027,31.2516817,75.7047350,0.000,77.68
808.742,0.23505,0.24195,9.85800,0.00041,0.01114,-0.00027,31.2516817,75.7047350,0.000,77.68
808.843,0.28695,0.22005,9.79095,-0.00055,-0.00055,-0.00027,31.2516817,75.7047350,0.000,77.68
808.955,0.21300,0.24705,9.84300,0.00041,0.00151,-0.00027,31.2516817,75.7047350,0.000,77.68
809.058,0.20595,0.21300,9.81405,0.00371,0.00261,-0.00137,31.2516817,75.7047350,0.000,77.68
809.172,0.40200,0.24405,9.69495,-0.00165,-0.00701,-0.00027,31.2516817,75.7047350,0.000,77.68
809.295,0.10995,0.34695,9.82395,0.00151,0.00041,-0.00027,31.2516817,75.7047350,0.000,77.68
809.398,0.23505,0.29895,9.87195,0.00041,0.00371,0.00082,31.2516817,75.7047350,0.000,77.68
809.505,0.29895,0.26100,9.82395,0.00151,0.00261,-0.00027,31.2516817,75.7047350,0.000,77.68
809.611,0.22500,0.30195,9.82395,-0.00055,-0.00055,-0.00027,31.2516817,75.7047350,0.000,77.68
809.720,0.28500,0.22995,9.81705,-0.00055,-0.00165,-0.00027,31.2516817,75.7047350,0.000,77.68
809.841,0.26295,0.26805,9.82605,-0.00165,0.00041,-0.00027,31.2516817,75.7047350,0.000,77.68
809.974,0.25605,0.25905,9.81405,-0.00055,-0.00055,-0.00027,31.2516817,75.7047350,0.000,77.68
810.082,0.26295,0.23700,9.80700,0.00041,0.00041,0.00082,31.2516817,75.7047350,0.000,77.68
810.191,0.18195,0.26805,9.79995,0.00041,-0.00165,-0.00027,31.2516817,75.7047350,0.000,77.68
810.296,0.22995,0.22995,9.80505,-0.00055,-0.00055,0.00082,31.2516817,75.7047350,0.000,77.68
810.405,0.22800,0.30405,9.82395,0.00151,-0.00055,-0.00027,31.2516817,75.7047350,0.000,77.68
810.513,0.27105,0.25905,9.81195,-0.00165,0.00151,-0.00027,31.2516817,75.7047350,0.000,77.68
810.618,0.22005,0.29505,9.84300,-0.00481,0.00371,0.00082,31.2516817,75.7047350,0.000,77.68
810.725,0.23205,0.25905,9.79800,-0.00591,0.00371,0.00082,31.2516817,75.7047350,0.000,77.68
810.833,0.19395,0.21600,9.79500,-0.00701,0.00577,-0.00027,31.2516817,75.7047350,0.000,77.68
810.940,0.23700,0.27300,9.80505,-0.00701,0.00577,0.00192,31.2516817,75.7047350,0.000,77.68
811.048,0.22305,0.21105,9.78600,-0.00701,0.00371,0.00082,31.2516817,75.7047350,0.000,77.68
811.156,0.34005,0.26595,9.87405,0.00041,-0.00165,-0.00027,31.2516817,75.7047350,0.000,77.68
811.265,0.25605,0.19605,9.77595,-0.00055,0.00151,-0.00027,31.2516817,75.7047350,0.000,77.68
811.372,0.18405,0.23205,9.83400,0.00041,-0.00055,-0.00027,31.2516817,75.7047350,0.000,77.68
811.487,0.22305,0.23205,9.82395,0.00261,-0.00055,0.00082,31.2516817,75.7047350,0.000,77.68
811.596,0.22995,0.23700,9.79500,-0.00055,-0.00055,0.00082,31.2516817,75.7047350,0.000,77.68
811.704,0.18900,0.28500,9.84300,0.00151,0.00261,-0.00027,31.2516817,75.7047350,0.000,77.68
811.810,0.17505,0.24900,9.85800,-0.00055,0.00261,0.00082,31.2516817,75.7047350,0.000,77.68
811.918,0.21600,0.20400,9.77400,0.00151,0.00041,0.00082,31.2516817,75.7047350,0.000,77.68
812.026,0.17700,0.23505,9.78600,0.00261,0.00151,0.00082,31.2516817,75.7047350,0.000,77.68
812.136,0.20400,0.19200,9.80505,0.00041,-0.00055,-0.00027,31.2516817,75.7047350,0.000,77.68
812.261,0.21795,0.18900,9.79800,0.00577,-0.00481,-0.00027,31.2516817,75.7047350,0.000,77.68
812.372,0.24705,0.26805,9.81705,0.00797,-0.00591,-0.00027,31.2516817,75.7047350,0.000,77.68
812.490,0.22305,0.31605,9.75900,0.00577,-0.00385,-0.00027,31.2516817,75.7047350,0.000,77.68
812.607,0.22800,0.22995,9.84105,0.00577,-0.00275,0.00082,31.2516817,75.7047350,0.000,77.68
812.710,0.20100,0.22305,9.80505,0.00894,-0.00591,-0.00027,31.2516817,75.7047350,0.000,77.68
812.813,0.31395,0.07395,9.84795,0.00577,0.03781,0.00192,31.2516817,75.7047350,0.000,77.68
812.916,0.28305,0.21600,9.85800,0.00261,0.00261,0.00082,31.2516817,75.7047350,0.000,77.68
813.023,0.14895,0.26595,9.78300,-0.00055,0.00041,0.00082,31.2516817,75.7047350,0.000,77.68
813.137,0.30405,0.22005,9.81705,-0.00165,-0.00055,-0.00027,31.2516817,75.7047350,0.000,77.68
813.245,0.21300,0.29205,9.81195,0.00041,0.00041,0.00082,31.2516817,75.7047350,0.000,77.68
813.353,0.27300,0.23895,9.82905,0.00041,0.00041,-0.00027,31.2516817,75.7047350,0.000,77.68
813.461,0.21300,0.32100,9.84105,0.00041,0.00151,-0.00137,31.2516817,75.7047350,0.000,77.68
813.568,0.28005,0.22500,9.83100,0.00041,-0.00055,0.00082,31.2516817,75.7047350,0.000,77.68
813.674,0.20400,0.28695,9.82200,0.00041,0.00041,-0.00137,31.2516817,75.7047350,0.000,77.68
813.782,0.25905,0.25395,9.84300,-0.00165,-0.00055,-0.00027,31.2516817,75.7047350,0.000,77.68
813.886,0.24195,0.26805,9.82605,0.00151,0.00151,-0.00027,31.2516817,75.7047350,0.000,77.68
813.990,0.22305,0.28995,9.83595,-0.00055,0.00041,-0.00027,31.2516817,75.7047350,0.000,77.68
814.095,0.29505,0.24900,9.79995,0.00151,-0.00055,-0.00027,31.2516817,75.7047350,0.000,77.68
814.203,0.23205,0.27300,9.80205,-0.00165,-0.00165,-0.00027,31.2516817,75.7047350,0.000,77.68
814.311,0.24705,0.30705,9.82395,-0.00385,0.00151,-0.00027,31.2516817,75.7047350,0.000,77.68
814.418,0.28995,0.16800,9.79095,-0.00591,0.00151,-0.00137,31.2516817,75.7047350,0.000,77.68
814.526,0.17205,0.22800,9.77895,-0.00165,0.00041,0.00082,31.2516817,75.7047350,0.000,77.68
814.633,0.25395,0.21795,9.79800,0.00261,-0.00275,-0.00027,31.2516817,75.7047350,0.000,77.68
814.737,0.25395,0.29205,9.81405,0.00261,-0.00165,-0.00137,31.2516817,75.7047350,0.000,77.68
814.846,0.23700,0.24195,9.76200,-0.00385,0.00041,0.00082,31.2516817,75.7047350,0.000,77.68
814.955,0.18195,0.22800,9.81000,0.00371,-0.00275,-0.00027,31.2516817,75.7047350,0.000,77.68
815.064,0.22500,0.25095,9.73800,0.00797,-0.00481,-0.00027,31.2516817,75.7047350,0.000,77.68
815.172,0.44295,0.21795,9.59205,0.00577,0.00041,-0.00344,31.2516817,75.7047350,0.000,77.68
815.279,0.10800,0.32295,9.85305,-0.00275,-0.00811,0.00192,,,,
815.382,0.29205,0.18195,9.77400,-0.00055,-0.00165,0.00192,,,,
815.487,0.15300,0.31905,9.82395,0.00041,0.00151,-0.00137,,,,
815.593,0.29505,0.21600,9.81900,0.00041,0.00041,0.00082,,,,
815.699,0.21795,0.29505,9.82395,0.00151,0.00041,-0.00137,,,,
815.808,0.27105,0.22800,9.80700,0.00041,-0.00055,-0.00027,,,,
815.920,0.22005,0.31095,9.82905,0.00041,0.00151,-0.00027,,,,
816.028,0.28500,0.23205,9.77595,-0.00275,-0.00055,0.00082,,,,
816.135,0.21105,0.27495,9.77895,0.00041,-0.00055,-0.00027,,,,
816.242,0.27495,0.20100,9.77100,-0.00055,-0.00055,-0.00027,31.2516817,75.7047350,0.000,77.68
816.349,0.22500,0.27300,9.79995,0.00041,-0.00055,0.00082,31.2516817,75.7047350,0.000,77.68
816.476,0.24195,0.25395,9.80505,0.00041,-0.00055,-0.00137,31.2516817,75.7047350,0.000,77.68
816.583,0.26595,0.24900,9.81195,-0.00055,-0.00165,-0.00137,31.2516817,75.7047350,0.000,77.68
816.693,0.27495,0.23700,9.79995,0.00041,-0.00055,-0.00027,31.2516817,75.7047350,0.000,77.68
816.801,0.24195,0.28305,9.83400,-0.00055,-0.00055,-0.00027,31.2516817,75.7047350,0.000,77.68
816.909,0.26805,0.29205,9.86205,-0.00055,-0.00055,-0.00027,31.2516817,75.7047350,0.000,77.68
817.033,0.27105,0.24900,9.80700,0.00041,-0.00055,-0.00027,31.2516817,75.7047350,0.000,77.68
817.141,0.19905,0.32100,9.85500,-0.00055,0.00151,-0.00137,31.2516817,75.7047350,0.000,77.68
817.250,0.25095,0.24900,9.84795,-0.00055,0.00151,-0.00027,31.2516817,75.7047350,0.000,77.68
817.357,0.21105,0.27495,9.82200,-0.00055,0.00151,-0.00027,31.2516817,75.7047350,0.000,77.68
817.465,0.24405,0.25095,9.85005,-0.00055,-0.00165,-0.00027,31.2516817,75.7047350,0.000,77.68
817.573,0.21105,0.28005,9.81000,0.00041,0.00041,0.00082,31.2516817,75.7047350,0.000,77.68
817.681,0.22995,0.26295,9.87000,-0.00055,0.00041,-0.00027,31.2516817,75.7047350,0.000,77.68
817.788,0.21600,0.24195,9.78300,0.00041,0.00151,-0.00027,31.2516817,75.7047350,0.000,77.68
817.897,0.19200,0.26100,9.81000,-0.00055,-0.00165,-0.00027,31.2516817,75.7047350,0.000,77.68
818.005,0.22995,0.22305,9.78600,-0.00055,-0.00055,-0.00027,31.2516817,75.7047350,0.000,77.68
818.127,0.24705,0.25905,9.81405,-0.00055,0.00041,0.00082,31.2516817,75.7047350,0.000,77.68
818.233,0.22305,0.26100,9.80505,0.00041,-0.00055,-0.00027,31.2516817,75.7047350,0.000,77.68
818.340,0.24405,0.24705,9.82905,0.00151,-0.00055,-0.00027,31.2516817,75.7047350,0.000,77.68
818.448,0.25905,0.24405,9.79995,0.00151,0.00041,-0.00027,31.2516817,75.7047350,0.000,77.68
818.556,0.21795,0.25905,9.80700,-0.00055,-0.00055,-0.00027,31.2516817,75.7047350,0.000,77.68
818.682,0.20100,0.29895,9.81000,0.00041,0.00041,-0.00027,31.2516817,75.7047350,0.000,77.68
818.787,0.24705,0.21600,9.80700,-0.00165,0.00041,0.00082,31.2516817,75.7047350,0.000,77.68
818.895,0.19905,0.29505,9.81000,-0.00055,-0.00055,-0.00027,31.2516817,75.7047350,0.000,77.68
819.004,0.26805,0.20805,9.79800,0.00041,-0.00055,-0.00027,31.2516817,75.7047350,0.000,77.68
819.111,0.22500,0.31905,9.83400,0.00041,0.00151,-0.00027,31.2516817,75.7047350,0.000,77.68
819.223,0.27105,0.23895,9.81705,-0.00055,-0.00055,0.00082,31.2516817,75.7047350,0.000,77.68
819.331,0.23700,0.29895,9.81705,-0.00055,-0.00055,0.00082,31.2516817,75.7047350,0.000,77.68
819.439,0.27300,0.24195,9.83100,-0.00055,0.00041,-0.00027,31.2516817,75.7047350,0.000,77.68
819.546,0.22500,0.29700,9.81195,0.00041,0.00151,-0.00027,31.2516817,75.7047350,0.000,77.68
819.655,0.27105,0.26805,9.85995,-0.00055,-0.00055,0.00082,31.2516817,75.7047350,0.000,77.68
819.778,0.22005,0.27105,9.83100,-0.00055,-0.00055,0.00082,31.2516817,75.7047350,0.000,77.68
819.886,0.25095,0.23700,9.80700,0.00041,0.00041,-0.00027,31.2516817,75.7047350,0.000,77.68
819.994,0.22305,0.29505,9.85800,-0.00055,0.00041,-0.00027,31.2516817,75.7047350,0.000,77.68
820.102,0.25905,0.22995,9.81405,0.00041,-0.00055,-0.00027,31.2516817,75.7047350,0.000,77.68
820.210,0.20400,0.30195,9.83400,0.00041,-0.00055,0.00082,31.2516817,75.7047350,0.000,77.68
820.334,0.22500,0.28005,9.80700,0.00261,0.00041,-0.00027,31.2516817,75.7047350,0.000,77.68
820.442,0.28305,0.23895,9.81900,-0.00055,0.00041,0.00082,31.2516817,75.7047350,0.000,77.68
820.550,0.22305,0.28005,9.83595,0.00041,0.00041,-0.00137,31.2516817,75.7047350,0.000,77.68
820.657,0.24405,0.24405,9.83100,-0.00165,-0.00055,0.00082,31.2516817,75.7047350,0.000,77.68
820.766,0.24195,0.23205,9.78795,0.00041,0.00041,0.00082,31.2516817,75.7047350,0.000,77.68
820.875,0.21300,0.25095,9.83595,-0.00165,-0.00055,-0.00027,31.2516817,75.7047350,0.000,77.68
820.984,0.25395,0.25095,9.78795,-0.00055,0.00041,-0.00027,31.2516817,75.7047350,0.000,77.68
821.093,0.23700,0.25905,9.81195,-0.00055,-0.00055,-0.00027,31.2516817,75.7047350,0.000,77.68
821.199,0.25905,0.24705,9.81000,-0.00055,0.00041,-0.00027,31.2516817,75.7047350,0.000,77.68
821.305,0.21795,0.28005,9.80205,0.00041,-0.00055,-0.00027,31.2516817,75.7047350,0.000,77.68
821.411,0.27300,0.22500,9.75195,-0.00055,-0.00055,-0.00027,31.2516817,75.7047350,0.000,77.68
821.519,0.21795,0.31095,9.83805,0.00041,0.00041,-0.00027,31.2516817,75.7047350,0.000,77.68
821.627,0.26595,0.27495,9.81405,0.00041,-0.00055,0.00082,31.2516817,75.7047350,0.000,77.68
821.734,0.23205,0.29895,9.85005,0.00261,0.00041,-0.00137,31.2516817,75.7047350,0.000,77.68
821.839,0.26100,0.28005,9.82605,-0.00055,-0.00055,-0.00027,31.2516817,75.7047350,0.000,77.68
821.941,0.26805,0.19905,9.76395,-0.00055,-0.00055,-0.00027,31.2516817,75.7047350,0.000,77.68
822.049,0.18195,0.30900,9.77100,0.00151,-0.00055,-0.00027,31.2516817,75.7047350,0.000,77.68
822.155,0.25395,0.20805,9.79095,-0.00055,-0.00165,0.00082,31.2516817,75.7047350,0.000,77.68
822.264,0.20595,0.29700,9.80700,0.00041,0.00041,-0.00027,31.2516817,75.7047350,0.000,77.68
822.371,0.28500,0.19605,9.80505,0.00041,-0.00055,0.00082,31.2516817,75.7047350,0.000,77.68
822.480,0.21105,0.28695,9.76395,0.00261,0.00041,-0.00027,31.2516817,75.7047350,0.000,77.68
822.588,0.26805,0.25905,9.83100,-0.00165,-0.00055,0.00082,31.2516817,75.7047350,0.000,77.68
822.696,0.24900,0.25605,9.82200,0.00041,0.00041,-0.00027,31.2516817,75.7047350,0.000,77.68
822.803,0.22995,0.26295,9.81405,-0.00055,-0.00055,0.00082,31.2516817,75.7047350,0.000,77.68
822.911,0.25605,0.23205,9.81195,-0.00055,0.00041,-0.00027,31.2516817,75.7047350,0.000,77.68
823.019,0.21300,0.28995,9.85005,0.00041,-0.00055,0.00082,31.2516817,75.7047350,0.000,77.68
823.127,0.26595,0.21105,9.81195,0.00041,-0.00055,-0.00027,31.2516817,75.7047350,0.000,77.68
823.231,0.16995,0.28500,9.82395,0.00041,0.00041,-0.00027,31.2516817,75.7047350,0.000,77.68
823.340,0.25605,0.19200,9.79800,0.00041,-0.00055,0.00082,31.2516817,75.7047350,0.000,77.68
823.449,0.18900,0.27300,9.80205,0.00151,0.00151,-0.00027,31.2516817,75.7047350,0.000,77.68
823.555,0.27795,0.22305,9.79095,-0.00055,-0.00055,0.00082,31.2516817,75.7047350,0.000,77.68
823.664,0.19395,0.27105,9.79095,0.00151,0.00041,-0.00137,31.2516817,75.7047350,0.000,77.68
823.771,0.26100,0.21600,9.80700,-0.00165,0.00041,0.00082,31.2516817,75.7047350,0.000,77.68
823.878,0.24900,0.25395,9.79995,0.00151,-0.00069,-0.00027,31.2516817,75.7047350,0.000,77.68
823.987,0.22500,0.24195,9.81195,-0.00069,0.00041,0.00082,31.2516817,75.7047350,0.000,77.68
824.094,0.26100,0.20100,9.79995,0.00041,0.00041,-0.00027,31.2516817,75.7047350,0.000,77.68
824.212,0.25605,0.25605,9.81900,-0.00069,-0.00069,0.00082,31.2516817,75.7047350,0.000,77.68
824.320,0.20805,0.26295,9.81195,0.00151,0.00041,-0.00137,31.2516817,75.7047350,0.000,77.68
824.428,0.22005,0.26595,9.85500,-0.00069,-0.00069,-0.00027,31.2516817,75.7047350,0.000,77.68
824.536,0.13905,-0.19995,9.58005,-0.03052,0.00357,0.00605,31.2516817,75.7047350,0.000,77.68
824.644,0.71595,-0.38700,9.64905,0.02172,-0.01774,-0.00247,31.2516817,75.7047350,0.000,77.68
824.769,-0.30795,-0.40605,9.02895,0.00467,-0.02090,-0.00564,31.2516817,75.7047350,0.000,77.68
824.877,0.43095,0.14895,9.81195,-0.00179,0.00674,-0.00454,31.2516817,75.7047350,0.000,77.68
824.985,0.31905,0.28500,9.85305,0.00151,-0.00179,-0.00137,31.2516817,75.7047350,0.000,77.68
825.093,0.00195,0.28695,9.82395,0.00041,0.00151,-0.00027,31.2516817,75.7047350,0.000,77.68
825.202,0.22005,0.19905,9.81405,-0.00069,0.00041,0.00082,31.2516817,75.7047350,0.000,77.68
825.308,0.11295,0.29205,9.82395,0.00151,0.00357,-0.00027,31.2516817,75.7047350,0.000,77.68
825.416,0.25605,0.22800,9.82200,0.00041,0.00041,0.00082,31.2516817,75.7047350,0.000,77.68
825.520,0.19395,0.28995,9.79305,0.00041,0.00151,-0.00137,31.2516817,75.7047350,0.000,77.68
825.628,0.28500,0.24705,9.80505,-0.00179,0.00041,-0.00027,31.2516817,75.7047350,0.000,77.68
825.737,0.20595,0.28995,9.84600,0.00041,0.00041,-0.00027,31.2516817,75.7047350,0.000,77.68
825.844,0.28305,0.23895,9.86205,-0.00069,-0.00069,0.00082,31.2516817,75.7047350,0.000,77.68
825.952,0.21300,0.28995,9.83595,0.00041,0.00151,-0.00027,31.2516817,75.7047350,0.000,77.68
826.061,0.28305,0.22995,9.82905,-0.00069,0.00041,-0.00027,31.2516817,75.7047350,0.000,77.68
826.168,0.20595,0.29505,9.83400,0.00151,0.00041,-0.00027,31.2516817,75.7047350,0.000,77.68
826.275,0.27795,0.22500,9.81705,-0.00179,-0.00069,0.00082,31.2516817,75.7047350,0.000,77.68
826.384,0.20400,0.26805,9.79095,0.00041,0.00041,-0.00027,31.2516817,75.7047350,0.000,77.68
826.492,0.24000,0.23205,9.79095,-0.00179,-0.00179,0.00082,31.2516817,75.7047350,0.000,77.68
826.600,0.20100,0.29505,9.83100,0.00151,0.00041,0.00082,31.2516817,75.7047350,0.000,77.68
826.709,0.24705,0.26295,9.81405,-0.00069,0.00041,0.00082,31.2516817,75.7047350,0.000,77.68
826.817,0.23505,0.27300,9.81000,0.00041,0.00041,-0.00027,31.2516817,75.7047350,0.000,77.68
826.926,0.21600,0.26805,9.80205,0.00041,-0.00069,-0.00027,31.2516817,75.7047350,0.000,77.68
827.033,0.26100,0.23505,9.80205,-0.00069,-0.00069,-0.00137,31.2516817,75.7047350,0.000,77.68
827.142,0.21105,0.27495,9.84300,-0.00179,0.00041,-0.00027,31.2516817,75.7047350,0.000,77.68
827.249,0.27795,0.19395,9.82200,-0.00069,-0.00069,0.00082,31.2516817,75.7047350,0.000,77.68
827.357,0.19395,0.30195,9.84600,0.00041,0.00151,-0.00027,31.2516817,75.7047350,0.000,77.68
827.465,0.28005,0.22800,9.83400,0.00041,0.00041,-0.00027,31.2516817,75.7047350,0.000,77.68
827.573,0.19200,0.33000,9.82395,-0.00069,0.00041,-0.00027,31.2516817,75.7047350,0.000,77.68
827.681,0.27105,0.19905,9.80205,-0.00069,-0.00069,0.00082,31.2516817,75.7047350,0.000,77.68
827.789,0.18705,0.28500,9.78795,0.00041,-0.00179,0.00082,31.2516817,75.7047350,0.000,77.68
827.897,0.27795,0.23505,9.78300,-0.00179,-0.00069,0.00082,31.2516817,75.7047350,0.000,77.68
828.005,0.20100,0.30405,9.78300,0.00041,0.00151,-0.00027,31.2516817,75.7047350,0.000,77.68
828.113,0.25095,0.25905,9.80505,-0.00069,-0.00069,0.00082,31.2516817,75.7047350,0.000,77.68
828.221,0.22800,0.28305,9.82200,0.00151,0.00041,-0.00027,31.2516817,75.7047350,0.000,77.68
828.330,0.23700,0.29505,9.83400,-0.00069,-0.00179,0.00082,31.2516817,75.7047350,0.000,77.68
828.438,0.26595,0.26295,9.81195,0.00041,0.00041,-0.00027,31.2516817,75.7047350,0.000,77.68
828.546,0.24195,0.25605,9.85005,-0.00069,0.00041,0.00082,31.2516817,75.7047350,0.000,77.68
828.655,0.28500,0.28005,9.82605,-0.00069,0.00041,-0.00137,31.2516817,75.7047350,0.000,77.68
828.764,0.21795,0.27795,9.81900,-0.00179,-0.00069,0.00082,31.2516817,75.7047350,0.000,77.68
828.872,0.24705,0.22500,9.82605,0.00151,0.00151,-0.00027,31.2516817,75.7047350,0.000,77.68
828.981,0.18000,0.29895,9.83805,0.00041,0.00151,0.00082,31.2516817,75.7047350,0.000,77.68
829.089,0.28500,0.19395,9.78795,-0.00069,-0.00069,-0.00027,31.2516817,75.7047350,0.000,77.68
829.198,0.17505,0.31905,9.80205,0.00041,0.00041,0.00082,31.2516817,75.7047350,0.000,77.68
829.306,0.29700,0.22005,9.76905,0.00041,-0.00179,-0.00027,31.2516817,75.7047350,0.000,77.68
829.415,0.18195,0.31605,9.81000,-0.00069,-0.00069,-0.00027,31.2516817,75.7047350,0.000,77.68
829.523,0.31395,0.21795,9.81195,-0.00069,-0.00275,-0.00027,31.2516817,75.7047350,0.000,77.68
829.631,0.18705,0.32805,9.89295,0.00151,0.00151,-0.00027,31.2516817,75.7047350,0.000,77.68
829.739,0.29205,0.22995,9.82605,-0.00069,-0.00069,0.00082,31.2516817,75.7047350,0.000,77.68
829.847,0.19905,0.31095,9.80505,0.00041,0.00041,-0.00027,31.2516817,75.7047350,0.000,77.68
829.955,0.24405,0.24195,9.83805,-0.00069,-0.00069,0.00082,31.2516817,75.7047350,0.000,77.68
830.064,0.21600,0.28695,9.84300,0.00041,0.00041,-0.00027,31.2516817,75.7047350,0.000,77.68
830.172,0.25905,0.21300,9.81000,-0.00179,-0.00179,0.00082,31.2516817,75.7047350,0.000,77.68
830.281,0.23505,0.22500,9.79095,0.00151,0.00041,-0.00137,31.2516817,75.7047350,0.000,77.68
830.389,0.23205,0.23895,9.79500,-0.00069,0.00041,-0.00027,31.2516817,75.7047350,0.000,77.68
830.498,0.22800,0.23505,9.79305,0.00151,0.00041,-0.00027,31.2516817,75.7047350,0.000,77.68
830.606,0.22995,0.26805,9.79095,-0.00069,-0.00069,0.00082,31.2516817,75.7047350,0.000,77.68
830.713,0.30900,0.19905,9.78300,-0.00069,-0.00179,-0.00027,31.2516817,75.7047350,0.000,77.68
830.836,0.28695,0.19605,9.79800,-0.00179,-0.00069,0.00082,31.2516817,75.7047350,0.000,77.68
830.944,0.15600,0.32295,9.82395,0.00041,0.00041,-0.00027,31.2516817,75.7047350,0.000,77.68
831.052,0.28695,0.22305,9.80205,-0.00179,-0.00275,0.00179,31.2516817,75.7047350,0.000,77.68
831.159,0.22995,0.31905,9.82200,0.00247,0.00151,-0.00027,31.2516817,75.7047350,0.000,77.68
831.267,0.22800,0.28695,9.78600,-0.00385,0.00247,-0.00027,31.2516817,75.7047350,0.000,77.68
831.393,0.21600,0.30195,9.82605,-0.01347,0.01100,0.00082,31.2516817,75.7047350,0.000,77.68
831.501,0.18405,0.14595,9.76395,-0.01347,0.00674,-0.00027,31.2516817,75.7047350,0.000,77.68
831.609,0.46500,0.08100,9.69705,0.00467,-0.00701,-0.00137,31.2516817,75.7047350,0.000,77.68
831.716,0.12000,0.42105,9.87900,-0.00495,0.00467,-0.00027,31.2516817,75.7047350,0.000,77.68
831.824,0.36405,0.21105,9.89295,-0.00179,-0.00495,0.00082,31.2516817,75.7047350,0.000,77.68
831.932,0.18195,0.21300,9.80700,0.00151,-0.00069,0.00082,31.2516817,75.7047350,0.000,77.68
832.040,0.22800,0.21600,9.81900,-0.00069,0.00041,-0.00027,31.2516817,75.7047350,0.000,77.68
832.149,0.20805,0.23895,9.84600,0.00041,0.00041,0.00082,31.2516817,75.7047350,0.000,77.68
832.257,0.23205,0.20100,9.81705,0.00041,-0.00179,0.00082,31.2516817,75.7047350,0.000,77.68
832.365,0.19605,0.23895,9.83400,0.00041,-0.00069,0.00082,31.2516817,75.7047350,0.000,77.68
832.488,0.20595,0.23505,9.81195,0.00041,0.00041,-0.00027,31.2516817,75.7047350,0.000,77.68
832.597,0.22995,0.17700,9.78795,0.00041,-0.00179,-0.00137,31.2516817,75.7047350,0.000,77.68
832.705,0.17505,0.26595,9.83400,0.00151,0.00151,-0.00027,31.2516817,75.7047350,0.000,77.68
832.814,0.24900,0.19395,9.76200,-0.00069,-0.00179,-0.00027,31.2516817,75.7047350,0.000,77.68
832.923,0.19605,0.23205,9.81000,-0.00041,0.00137,-0.00027,31.2516817,75.7047350,0.000,77.68
833.044,0.24405,0.21105,9.84105,-0.00041,-0.00069,0.00069,31.2516817,75.7047350,0.000,77.68
833.151,0.15600,0.27495,9.85005,0.00275,0.00247,0.00069,31.2516817,75.7047350,0.000,77.68
833.257,0.17700,0.16800,9.77895,0.00701,-0.00399,-0.00027,31.2516817,75.7047350,0.000,77.68
833.363,0.15300,0.18405,9.78795,0.02090,-0.01031,-0.00027,31.2516817,75.7047350,0.000,77.68
833.469,1.44600,1.84095,10.14000,-0.02599,-0.13599,0.00289,31.2516817,75.7047350,0.000,77.68
833.585,0.36900,-0.50400,9.78795,0.01334,0.05252,-0.00784,31.2516817,75.7047350,0.000,77.68
833.693,0.01905,0.63705,10.05600,-0.00577,-0.02736,0.00289,31.2516817,75.7047350,0.000,77.68
833.801,0.17700,0.19905,9.81705,0.00055,0.00247,0.00289,31.2516817,75.7047350,0.000,77.68
833.910,0.17505,0.26805,9.84105,-0.00041,0.00027,0.00069,31.2516817,75.7047350,0.000,77.68
834.018,0.19605,0.26805,9.84600,-0.00041,0.00137,-0.00027,31.2516817,75.7047350,0.000,77.68
834.137,0.21105,0.22995,9.80205,0.00055,0.00027,-0.00027,31.2516817,75.7047350,0.000,77.68
834.241,0.18900,0.27105,9.79500,0.00055,0.00137,-0.00027,31.2516817,75.7047350,0.000,77.68
834.350,0.24705,0.22800,9.79095,0.00055,-0.00069,-0.00027,31.2516817,75.7047350,0.000,77.68
834.458,0.18900,0.38100,9.85500,-0.00041,0.00357,0.00179,31.2516817,75.7047350,0.000,77.68
834.567,0.31095,0.32805,9.83805,-0.01004,0.00564,-0.00027,31.2516817,75.7047350,0.000,77.68
834.696,0.24000,0.29505,9.81405,-0.02599,0.01622,-0.00027,31.2516817,75.7047350,0.000,77.68
834.805,-0.39195,1.62300,10.44900,0.00591,-0.00605,0.00605,31.2516817,75.7047350,0.000,77.68
834.914,0.50805,-0.20700,9.60900,-0.01320,-0.01568,-0.00247,31.2516817,75.7047350,0.000,77.68
835.022,0.26805,0.18195,9.77100,0.00385,-0.00179,-0.00027,31.2516817,75.7047350,0.000,77.68
835.131,-0.01095,0.34995,9.84105,0.00275,0.00137,-0.00027,31.2516817,75.7047350,0.000,77.68
835.249,0.35700,0.18195,9.81000,-0.00151,-0.00179,0.00069,31.2516817,75.7047350,0.000,77.68
835.356,0.19200,0.20595,9.78600,0.00275,0.00137,-0.00027,31.2516817,75.7047350,0.000,77.68
835.463,0.16995,0.22995,9.81195,0.00275,-0.00179,0.00069,31.2516817,75.7047350,0.000,77.68
835.572,0.23700,0.23895,9.82395,0.00055,-0.00179,-0.00027,31.2516817,75.7047350,0.000,77.68
835.681,0.21300,0.20100,9.81000,-0.00041,-0.00069,-0.00027,31.2516817,75.7047350,0.000,77.68
835.793,0.22305,0.23700,9.81405,0.00165,-0.00289,0.00069,31.2516817,75.7047350,0.000,77.68
835.901,0.23700,0.25095,9.80700,0.00275,0.00027,0.00069,31.2516817,75.7047350,0.000,77.68
836.009,0.17700,0.23895,9.78795,0.00165,-0.00069,-0.00027,31.2516817,75.7047350,0.000,77.68
836.118,0.22005,0.26805,9.81195,0.00481,-0.00069,-0.00027,31.2516817,75.7047350,0.000,77.68
836.226,0.20400,0.25095,9.76395,0.00165,-0.00179,0.00069,31.2516817,75.7047350,0.000,77.68
836.350,0.23205,0.28995,9.79995,0.00165,0.00027,-0.00027,31.2516817,75.7047350,0.000,77.68
836.458,0.23700,0.29205,9.79500,-0.00687,0.00564,0.00069,31.2516817,75.7047350,0.000,77.68
836.567,0.13200,0.14400,9.73305,0.00055,-0.00179,0.00069,31.2516817,75.7047350,0.000,77.68
836.672,0.16800,0.11505,9.73095,0.01554,-0.00921,-0.00027,31.2516817,75.7047350,0.000,77.68
836.776,0.83295,4.32195,11.44005,0.02942,-0.01031,-0.00357,,,,
836.905,-0.03495,0.85005,9.83100,0.00907,0.00247,0.00179,,,,
837.010,0.19605,0.16995,9.65595,0.00055,0.01732,0.00069,,,,
837.119,0.41205,0.21105,9.79500,0.00165,0.00357,-0.00137,,,,
837.225,0.12000,0.38595,9.78300,-0.00041,0.00137,-0.00027,31.2516817,75.7047350,0.000,77.68
837.331,0.40695,0.16305,9.80205,-0.00151,-0.00179,0.00069,31.2516817,75.7047350,0.000,77.68
837.444,0.13200,0.35895,9.81195,0.00055,0.00027,-0.00137,31.2516817,75.7047350,0.000,77.68
837.551,0.35700,0.18000,9.81405,-0.00151,-0.00179,-0.00027,31.2516817,75.7047350,0.000,77.68
837.658,0.17205,0.30900,9.81705,0.00055,0.00027,-0.00027,31.2516817,75.7047350,0.000,77.68
837.767,0.32595,0.21300,9.83400,-0.00151,-0.00179,0.00069,31.2516817,75.7047350,0.000,77.68
837.876,0.16995,0.35205,9.84300,0.00275,0.00027,-0.00027,31.2516817,75.7047350,0.000,77.68
838.001,0.22005,0.32595,9.87405,0.00055,0.00137,-0.00027,31.2516817,75.7047350,0.000,77.68
838.109,0.26595,0.27300,9.86505,-0.00041,-0.00069,-0.00027,31.2516817,75.7047350,0.000,77.68
838.217,0.22995,0.29505,9.84105,0.00165,0.00247,-0.00027,31.2516817,75.7047350,0.000,77.68
838.323,0.23700,0.27795,9.86505,-0.00041,0.00027,0.00069,31.2516817,75.7047350,0.000,77.68
838.432,0.22005,0.26100,9.81000,0.00165,0.00027,-0.00027,31.2516817,75.7047350,0.000,77.68
838.556,0.28005,0.22995,9.82905,0.00055,0.00027,0.00069,31.2516817,75.7047350,0.000,77.68
838.663,0.15300,0.30900,9.84600,0.00055,0.00027,-0.00027,31.2516817,75.7047350,0.000,77.68
838.772,0.28305,0.22995,9.83400,-0.00041,-0.00069,0.00069,31.2516817,75.7047350,0.000,77.68
838.880,0.15105,0.32100,9.82200,0.00275,0.00137,-0.00027,31.2516817,75.7047350,0.000,77.68
838.988,0.26295,0.19605,9.81405,-0.00041,-0.00069,-0.00027,31.2516817,75.7047350,0.000,77.68
839.096,0.16305,0.27795,9.81000,0.00165,0.00137,-0.00027,31.2516817,75.7047350,0.000,77.68
839.205,0.28500,0.20400,9.81195,-0.00151,-0.00179,0.00069,31.2516817,75.7047350,0.000,77.68
839.313,0.16995,0.29205,9.82395,0.00165,0.00137,-0.00027,31.2516817,75.7047350,0.000,77.68
839.421,0.28005,0.21600,9.77100,-0.00151,-0.00179,0.00069,31.2516817,75.7047350,0.000,77.68
839.529,0.22995,0.28305,9.76395,-0.00041,-0.00069,-0.00027,31.2516817,75.7047350,0.000,77.68
839.653,0.24195,0.24405,9.77895,-0.00041,-0.00069,-0.00027,31.2516817,75.7047350,0.000,77.68
839.761,0.18000,0.30405,9.81405,0.00055,0.00027,-0.00027,31.2516817,75.7047350,0.000,77.68
839.869,0.28305,0.22800,9.81900,0.00055,-0.00069,-0.00027,31.2516817,75.7047350,0.000,77.68
839.978,0.18900,0.30705,9.81195,0.00055,0.00027,-0.00027,31.2516817,75.7047350,0.000,77.68
840.085,0.29205,0.19395,9.80700,-0.00041,-0.00069,-0.00027,31.2516817,75.7047350,0.000,77.68
840.209,0.29700,0.23505,9.83805,-0.00151,-0.00069,0.00179,31.2516817,75.7047350,0.000,11.92
840.318,0.19395,0.32595,9.83805,0.00275,0.00137,-0.00137,31.2516817,75.7047350,0.000,11.92
840.424,0.28005,0.22500,9.81405,-0.00151,0.00027,-0.00027,31.2516817,75.7047350,0.000,11.92
840.532,0.23700,0.24405,9.81000,0.00055,0.00137,-0.00027,31.2516817,75.7047350,0.000,11.92
840.640,0.25095,0.23700,9.84600,-0.00151,-0.00069,0.00179,31.2516817,75.7047350,0.000,11.92
840.748,0.25905,0.21600,9.79305,-0.00041,-0.00069,-0.00027,31.2516817,75.7047350,0.000,11.92
840.857,0.22005,0.28005,9.83805,-0.00041,-0.00179,0.00069,31.2516817,75.7047350,0.000,11.92
840.965,0.29700,0.22800,9.83595,-0.00041,-0.00069,-0.00027,31.2516817,75.7047350,0.000,11.92
841.073,0.20100,0.32805,9.85800,0.00055,0.00137,0.00069,31.2516817,75.7047350,0.000,11.92
841.182,0.25395,0.22500,9.79800,-0.00041,-0.00069,-0.00027,31.2516817,75.7047350,0.000,11.92
841.306,0.29700,0.22995,9.82605,-0.00041,0.00027,-0.00027,31.2516817,75.7047350,0.000,11.92
841.414,0.16995,0.32295,9.84300,0.00055,0.00137,-0.00027,31.2516817,75.7047350,0.000,11.92
841.521,0.27495,0.22500,9.85305,-0.00151,-0.00069,0.00069,31.2516817,75.7047350,0.000,11.92
841.629,0.17505,0.30195,9.81000,0.00055,-0.00069,-0.00027,31.2516817,75.7047350,0.000,11.92
841.735,0.24705,0.23700,9.79995,-0.00151,0.00027,0.00069,31.2516817,75.7047350,0.000,11.92
841.861,0.18705,0.29205,9.79800,-0.00041,0.00027,-0.00027,31.2516817,75.7047350,0.000,11.92
841.969,0.25905,0.23895,9.81900,0.00165,-0.00069,-0.00027,31.2516817,75.7047350,0.000,11.92
842.077,0.15300,0.31605,9.85005,-0.00041,0.00137,-0.00027,31.2516817,75.7047350,0.000,11.92
842.185,0.26100,0.22995,9.81705,-0.00041,-0.00069,0.00069,31.2516817,75.7047350,0.000,11.92
842.291,0.16095,0.31095,9.82200,0.00055,0.00137,-0.00027,31.2516817,75.7047350,0.000,11.92
842.417,0.26100,0.22995,9.78105,0.00165,0.00027,-0.00027,31.2516817,75.7047350,0.000,11.92
842.525,0.27105,0.25395,9.86205,-0.00151,-0.00069,0.00069,31.2516817,75.7047350,0.000,11.92
842.633,0.18705,0.28995,9.82200,0.00055,0.00027,-0.00027,31.2516817,75.7047350,0.000,11.92
842.741,0.30900,0.20100,9.76200,-0.00151,-0.00179,0.00179,31.2516817,75.7047350,0.000,11.92
842.850,0.20100,0.31395,9.82605,0.00055,0.00137,-0.00027,31.2516817,75.7047350,0.000,11.92
842.955,0.20400,0.23895,9.79095,0.00055,0.00027,0.00069,31.2516817,75.7047350,0.000,11.92
843.062,0.24405,0.25605,9.79095,0.00055,-0.00069,-0.00137,31.2516817,75.7047350,0.000,11.92
843.171,0.20100,0.27300,9.79305,-0.00041,0.00027,-0.00027,31.2516817,75.7047350,0.000,11.92
843.278,0.27105,0.28305,9.85800,0.00055,0.00137,-0.00137,31.2516817,75.7047350,0.000,11.92
843.387,0.17700,0.31395,9.83805,0.00055,-0.00069,-0.00027,31.2516817,75.7047350,0.000,11.92
843.495,0.27300,0.22305,9.83100,0.00165,-0.00069,-0.00137,31.2516817,75.7047350,0.000,11.92
843.601,0.15600,0.32295,9.82395,-0.00041,0.00027,0.00069,31.2516817,75.7047350,0.000,11.92
843.709,0.28305,0.24195,9.84300,-0.00151,0.00027,-0.00027,31.2516817,75.7047350,0.000,11.92
843.817,0.17505,0.32100,9.81900,0.00055,0.00247,-0.00027,31.2516817,75.7047350,0.000,11.92
843.925,0.32295,0.19605,9.83595,-0.00041,-0.00069,-0.00027,31.2516817,75.7047350,0.000,11.92
844.033,0.18705,0.32100,9.83400,0.00055,0.00137,-0.00027,31.2516817,75.7047350,0.000,11.92
844.140,0.15300,0.23700,9.83805,-0.00261,-0.00069,-0.00027,31.2516817,75.7047350,0.000,11.92
844.248,0.30195,0.28500,9.91005,0.00055,0.00247,-0.00027,31.2516817,75.7047350,0.000,11.92
844.356,0.18195,0.28695,9.78795,0.00275,0.00357,-0.00027,31.2516817,75.7047350,0.000,11.92
844.464,0.29700,0.26805,9.79500,0.00055,-0.00289,-0.00027,31.2516817,75.7047350,0.000,11.92
844.571,0.16800,0.25605,9.81000,0.00165,0.00357,0.00069,31.2516817,75.7047350,0.000,11.92
844.677,0.26295,0.29505,9.84600,-0.00041,0.00137,0.00069,31.2516817,75.7047350,0.000,11.92
844.785,0.19605,0.29895,9.81195,-0.00151,0.00027,-0.00027,31.2516817,75.7047350,0.000,11.92
844.893,0.22995,0.24705,9.79995,-0.00151,0.00137,0.00069,31.2516817,75.7047350,0.000,11.92
845.002,0.18900,0.23700,9.80505,0.00467,-0.00069,-0.00027,31.2516817,75.7047350,0.000,11.92
845.110,0.11700,0.27495,9.64695,-0.00275,-0.00811,-0.00027,31.2516817,75.7047350,0.000,11.92
845.217,0.20595,0.28695,9.83100,0.00041,0.00041,0.00082,31.2516817,75.7047350,0.000,11.92
845.321,0.13695,0.21105,9.69495,0.00041,-0.00289,-0.00027,31.2516817,75.7047350,0.000,11.92
845.424,0.14595,0.33795,9.92205,0.00041,0.00467,0.00082,31.2516817,75.7047350,0.000,11.92
845.526,0.23205,0.35205,9.86700,-0.00069,-0.00069,-0.00027,31.2516817,75.7047350,0.000,11.92
845.628,0.28500,0.27795,9.81195,-0.00165,-0.00069,0.00082,31.2516817,75.7047350,0.000,11.92
845.731,0.28695,0.25905,9.83805,-0.00701,0.00247,-0.00027,31.2516817,75.7047350,0.000,11.92
845.836,0.22500,0.25395,9.82905,-0.00921,0.00564,-0.00027,31.2516817,75.7047350,0.000,11.92
845.943,0.19905,0.24705,9.84600,-0.01017,0.00467,0.00082,31.2516817,75.7047350,0.000,11.92
846.051,0.18195,0.16005,9.81195,-0.00385,0.00041,-0.00027,31.2516817,75.7047350,0.000,11.92
846.161,0.22005,0.15300,9.80505,0.00151,-0.00289,-0.00027,31.2516817,75.7047350,0.000,11.92
846.278,0.18900,0.21105,9.78300,0.00784,-0.00495,0.00082,31.2516817,75.7047350,0.000,11.92
846.387,0.26595,0.29895,9.84795,0.00894,-0.00495,-0.00027,31.2516817,75.7047350,0.000,11.92
846.495,0.21600,0.24405,9.77400,0.00357,-0.00385,-0.00027,31.2516817,75.7047350,0.000,11.92
846.603,0.22995,0.36900,9.85800,0.00041,0.00137,0.00082,31.2516817,75.7047350,0.000,11.92
846.707,0.20595,0.22305,9.81900,-0.00275,0.00247,0.00082,31.2516817,75.7047350,0.000,11.92
846.816,0.24900,0.24705,9.78600,0.00041,-0.00179,-0.00027,31.2516817,75.7047350,0.000,11.92
846.924,0.23700,0.26295,9.84795,0.00041,-0.00069,-0.00027,31.2516817,75.7047350,0.000,11.92
847.032,0.21105,0.22995,9.82395,-0.00069,0.00137,-0.00027,31.2516817,75.7047350,0.000,11.92
847.140,0.19605,0.16500,9.77400,0.00577,-0.00495,-0.00027,31.2516817,75.7047350,0.000,11.92
847.248,0.45705,1.14405,10.23795,0.00894,-0.00289,-0.00027,31.2516817,75.7047350,0.000,11.92
847.357,0.30195,-0.04200,9.69495,-0.00495,-0.00495,-0.00137,31.2516817,75.7047350,0.000,11.92
847.465,0.30705,0.23700,9.85305,0.00357,0.00041,0.00179,31.2516817,75.7047350,0.000,11.92
847.575,0.28995,0.85005,10.14495,0.00357,0.00674,0.00179,31.2516817,75.7047350,0.000,11.92
847.683,0.21300,0.34995,9.90795,0.00577,-0.00179,0.00082,31.2516817,75.7047350,0.000,11.92
847.790,0.14595,-0.02295,9.65400,0.00261,0.00990,-0.00247,31.2516817,75.7047350,0.000,11.92
847.898,0.31395,0.17700,9.77400,-0.00165,-0.00385,0.00082,31.2516817,75.7047350,0.000,11.92
848.007,0.18195,0.28995,9.85995,0.00151,-0.00179,0.00082,31.2516817,75.7047350,0.000,11.92
848.115,0.30900,0.23895,9.81195,-0.00165,-0.00069,0.00082,31.2516817,75.7047350,0.000,11.92
848.223,0.19200,0.30705,9.82395,0.00041,0.00247,-0.00137,31.2516817,75.7047350,0.000,11.92
848.333,0.25395,0.23895,9.81195,-0.00165,-0.00289,0.00082,31.2516817,75.7047350,0.000,11.92
848.441,0.23205,0.23205,9.82395,0.00151,0.00041,-0.00027,31.2516817,75.7047350,0.000,11.92
848.548,0.22005,0.29505,9.81405,-0.00069,-0.00069,0.00082,31.2516817,75.7047350,0.000,11.92
848.656,0.29895,0.22500,9.81900,-0.00591,0.00137,-0.00027,31.2516817,75.7047350,0.000,11.92
848.764,0.21105,0.20100,9.82200,-0.00385,0.00247,-0.00027,31.2516817,75.7047350,0.000,11.92
848.872,0.17205,0.21600,9.81405,0.00261,-0.00179,0.00082,31.2516817,75.7047350,0.000,11.92
848.981,0.21795,0.28500,9.83400,0.00467,-0.00289,-0.00027,31.2516817,75.7047350,0.000,11.92
849.089,0.30195,0.27495,9.81405,-0.00069,-0.00069,-0.00027,31.2516817,75.7047350,0.000,11.92
849.194,0.21600,0.28500,9.84795,-0.00495,0.00357,-0.00027,31.2516817,75.7047350,0.000,11.92
849.302,0.24405,0.31605,9.82905,-0.01347,0.00784,0.00082,31.2516817,75.7047350,0.000,11.92
849.408,0.21105,0.27495,9.82605,-0.01444,0.01100,-0.00027,31.2516817,75.7047350,0.000,11.92
849.516,0.31095,1.10100,9.66405,0.01540,-0.03589,0.00935,31.2516817,75.7047350,0.000,11.92
849.623,0.60795,-0.23805,9.59400,-0.00811,-0.00495,-0.00454,31.2516817,75.7047350,0.000,11.92
849.729,0.04800,0.34695,9.93405,0.00577,0.00247,0.00082,31.2516817,75.7047350,0.000,11.92
849.836,-0.00405,0.51495,9.79500,0.00151,0.00041,-0.00137,31.2516817,75.7047350,0.000,11.92
849.944,0.49305,-0.05595,9.73095,-0.00275,-0.00385,0.00082,31.2516817,75.7047350,0.000,11.92
850.051,0.07005,0.26595,9.91500,0.00577,0.00564,0.00179,31.2516817,75.7047350,0.000,11.92
850.155,0.08595,0.32295,9.85500,-0.00385,-0.00069,-0.00027,31.2516817,75.7047350,0.000,11.92
850.262,0.39000,-0.03705,9.73800,-0.00165,-0.00179,-0.00137,31.2516817,75.7047350,0.000,11.92
850.370,0.02895,0.48105,9.89295,0.00261,0.00357,0.00082,31.2516817,75.7047350,0.000,11.92
850.478,0.31095,0.05505,9.76200,-0.00385,-0.00289,-0.00137,31.2516817,75.7047350,0.000,11.92
850.587,0.10800,0.35895,9.85500,0.00357,0.00247,0.00082,31.2516817,75.7047350,0.000,11.92
850.694,0.21105,0.20595,9.78105,-0.00165,-0.00289,-0.00137,31.2516817,75.7047350,0.000,11.92
850.802,0.19395,0.22005,9.77400,0.00261,0.00137,0.00082,31.2516817,75.7047350,0.000,11.92
850.910,0.13905,0.27105,9.77595,-0.00069,0.00137,-0.00027,31.2516817,75.7047350,0.000,11.92
851.017,0.20100,0.16500,9.81405,0.00041,0.00137,0.00082,31.2516817,75.7047350,0.000,11.92
851.125,0.16305,0.26805,9.80700,0.00041,0.00137,-0.00027,31.2516817,75.7047350,0.000,11.92
851.236,0.16500,0.18000,9.83805,-0.00069,0.00041,-0.00027,31.2516817,75.7047350,0.000,11.92
851.343,0.22500,0.16005,9.82605,-0.00165,-0.00179,-0.00137,31.2516817,75.7047350,0.000,11.92
851.452,0.18000,0.17505,9.79995,0.00041,0.00041,-0.00027,31.2516817,75.7047350,0.000,11.92
851.560,0.19905,0.21300,9.81000,-0.00069,0.00041,-0.00027,31.2516817,75.7047350,0.000,11.92
851.669,0.24405,0.17700,9.80205,0.00041,0.00041,0.00082,31.2516817,75.7047350,0.000,11.92
851.790,0.23205,0.14595,9.80700,-0.00069,-0.00069,-0.00027,31.2516817,75.7047350,0.000,11.92
851.898,0.21105,0.24195,9.85305,-0.00069,0.00041,-0.00027,31.2516817,75.7047350,0.000,11.92
852.005,0.24195,0.20100,9.82200,-0.00069,-0.00069,-0.00027,31.2516817,75.7047350,0.000,11.92
852.114,0.19200,0.22995,9.85800,0.00041,0.00041,-0.00027,31.2516817,75.7047350,0.000,11.92
852.223,0.24195,0.20805,9.81195,-0.00069,0.00137,-0.00027,31.2516817,75.7047350,0.000,11.92
852.347,0.22500,0.22800,9.81900,-0.00069,0.00041,0.00082,31.2516817,75.7047350,0.000,11.92
852.457,0.18195,0.28305,9.83100,0.00261,0.00137,-0.00027,31.2516817,75.7047350,0.000,11.92
852.565,0.21795,0.22305,9.82200,0.00041,-0.00179,-0.00027,31.2516817,75.7047350,0.000,11.92
852.672,0.26805,0.15795,9.81405,-0.00069,-0.00179,-0.00027,31.2516817,75.7047350,0.000,11.92
852.781,0.18405,0.25605,9.83100,-0.00069,-0.00069,0.00082,31.2516817,75.7047350,0.000,11.92
852.890,0.24405,0.21105,9.78600,0.00151,0.00041,-0.00027,31.2516817,75.7047350,0.000,11.92
852.998,0.14595,0.30705,9.85005,0.00151,0.00137,0.00082,31.2516817,75.7047350,0.000,11.92
853.106,0.26295,0.17205,9.73305,0.00041,-0.00069,-0.00027,31.2516817,75.7047350,0.000,11.92
853.213,0.16800,0.26805,9.79500,0.00151,0.00041,0.00082,31.2516817,75.7047350,0.000,11.92
853.320,0.27300,0.18405,9.79095,-0.00165,-0.00069,-0.00027,31.2516817,75.7047350,0.000,11.92
853.444,0.23505,0.19905,9.75195,0.00041,-0.00069,-0.00137,31.2516817,75.7047350,0.000,11.92
853.552,0.17505,0.23505,9.81900,0.00261,0.00041,-0.00027,31.2516817,75.7047350,0.000,11.92
853.657,0.19395,0.19395,9.79800,0.00041,-0.00179,-0.00027,31.2516817,75.7047350,0.000,11.92
853.766,0.20595,0.22500,9.82395,0.00041,0.00041,0.00082,31.2516817,75.7047350,0.000,11.92
853.874,0.15600,0.23700,9.82605,0.00041,0.00137,-0.00027,31.2516817,75.7047350,0.000,11.92
854.002,0.17700,0.35205,9.83595,0.00261,0.00041,0.00082,31.2516817,75.7047350,0.000,11.92
854.110,0.33300,0.15795,9.76905,-0.00069,-0.00069,0.00082,31.2516817,75.7047350,0.000,11.92
854.218,0.14400,0.36405,9.85500,0.00041,0.00137,0.00082,31.2516817,75.7047350,0.000,11.92
854.326,0.28995,0.10095,9.75495,-0.00165,-0.00289,-0.00027,31.2516817,75.7047350,0.000,11.92
854.435,0.12900,0.32100,9.89595,0.00357,0.00137,-0.00027,31.2516817,75.7047350,0.000,11.92
854.544,0.24705,0.15600,9.80505,-0.00275,-0.00069,-0.00027,31.2516817,75.7047350,0.000,11.92
854.652,0.14895,0.27495,9.85305,0.00151,0.00137,-0.00027,31.2516817,75.7047350,0.000,11.92
854.761,0.25095,0.16005,9.81195,-0.00165,-0.00069,-0.00027,31.2516817,75.7047350,0.000,11.92
854.870,0.16305,0.33000,9.86700,0.00357,0.00247,0.00082,31.2516817,75.7047350,0.000,11.92
854.978,0.19605,0.23505,9.82395,-0.00069,-0.00069,-0.00137,31.2516817,75.7047350,0.000,11.92
855.098,0.09795,0.38100,9.90495,0.00261,0.00247,-0.00027,31.2516817,75.7047350,0.000,11.92
855.205,0.31095,0.08595,9.78105,-0.00165,-0.00179,-0.00027,31.2516817,75.7047350,0.000,11.92
855.313,0.14100,0.31095,9.89100,0.00261,0.00247,0.00082,31.2516817,75.7047350,0.000,11.92
855.419,0.18900,0.25095,9.87405,-0.00165,-0.00069,-0.00027,31.2516817,75.7047350,0.000,11.92
855.527,0.24900,0.15795,9.82605,0.00041,0.00247,0.00082,31.2516817,75.7047350,0.000,11.92
855.653,0.31905,0.08400,9.78105,-0.00165,-0.00289,0.00082,31.2516817,75.7047350,0.000,11.92
855.761,0.09795,0.35895,9.84600,0.00261,0.00041,-0.00027,31.2516817,75.7047350,0.000,11.92
855.867,0.22800,0.18000,9.84105,-0.00165,-0.00289,-0.00137,31.2516817,75.7047350,0.000,11.92
855.974,0.20805,0.23205,9.85800,0.00151,0.00041,0.00082,31.2516817,75.7047350,0.000,11.92
856.078,0.12195,0.30405,9.87000,-0.00069,0.00137,0.00082,31.2516817,75.7047350,0.000,11.92
856.192,0.27795,0.16305,9.79800,-0.00069,0.00041,0.00082,31.2516817,75.7047350,0.000,11.92
856.298,0.14595,0.32295,9.87405,0.00041,0.00137,-0.00137,31.2516817,75.7047350,0.000,11.92
856.407,0.28305,0.14895,9.79800,-0.00069,-0.00069,-0.00137,31.2516817,75.7047350,0.000,11.92
856.514,0.14400,0.32805,9.79800,0.00151,0.00137,-0.00027,31.2516817,75.7047350,0.000,11.92
856.622,0.26100,0.14400,9.77100,-0.00069,-0.00069,-0.00027,31.2516817,75.7047350,0.000,11.92
856.730,0.12195,0.30705,9.83805,0.00261,0.00137,-0.00027,31.2516817,75.7047350,0.000,11.92
856.839,0.24195,0.19605,9.76695,-0.00165,-0.00179,-0.00027,31.2516817,75.7047350,0.000,11.92
856.948,0.20595,0.25095,9.82200,0.00151,0.00137,0.00082,31.2516817,75.7047350,0.000,11.92
857.053,0.18405,0.23895,9.78300,0.00151,-0.00069,-0.00027,31.2516817,75.7047350,0.000,11.92
857.156,0.27300,0.19200,9.79800,0.00041,0.00137,0.00082,31.2516817,75.7047350,0.000,11.92
857.265,0.16305,0.18900,9.76395,0.00577,-0.00179,-0.00027,31.2516817,75.7047350,0.000,11.92
857.374,0.20805,0.26100,9.77400,0.00784,-0.00495,-0.00027,31.2516817,75.7047350,0.000,11.92
857.480,0.23700,0.24705,9.78105,0.00467,-0.00289,-0.00027,31.2516817,75.7047350,0.000,11.92
857.588,0.24000,0.23700,9.79500,0.00687,-0.00289,-0.00027,31.2516817,75.7047350,0.000,11.92
857.696,0.23505,0.25905,9.76905,0.00784,-0.00495,0.00082,31.2516817,75.7047350,0.000,11.92
857.804,0.24195,0.33300,9.79095,0.00261,-0.00179,0.00082,31.2516817,75.7047350,0.000,11.92
857.912,0.28995,0.23895,9.76905,-0.00275,0.00041,-0.00027,31.2516817,75.7047350,0.000,11.92
858.019,0.18405,0.25395,9.81195,0.00041,-0.00069,-0.00027,31.2516817,75.7047350,0.000,11.92
858.129,0.26100,0.26295,9.78795,-0.00069,-0.00069,-0.00027,31.2516817,75.7047350,0.000,11.92
858.236,0.20805,0.26100,9.80505,-0.00165,0.00041,-0.00027,31.2516817,75.7047350,0.000,11.92
858.341,0.22995,0.16305,9.79800,0.00041,-0.00289,-0.00027,,,,
858.444,0.40995,-0.09495,9.58005,0.00041,0.00894,-0.00454,,,,
858.550,0.46005,-0.01800,9.55095,-0.00385,-0.01980,-0.00247,,,,
858.657,0.16305,0.03795,9.71400,-0.00275,-0.01237,0.00082,,,,
858.762,0.11700,0.30705,9.75900,0.00041,0.00357,-0.00137,,,,
858.868,0.34005,0.19905,9.81000,-0.00069,-0.00069,0.00082,,,,
858.974,0.22800,0.31605,9.80505,0.00151,0.00041,-0.00027,,,,
859.081,0.25395,0.27495,9.82200,-0.00069,-0.00179,0.00082,,,,
859.188,0.22800,0.25605,9.80700,0.00041,0.00137,-0.00027,31.2516817,75.7047350,0.000,11.92
859.296,0.19200,0.28005,9.78795,0.00041,-0.00069,-0.00027,31.2516817,75.7047350,0.000,11.92
859.405,0.30705,0.15795,9.79305,-0.00275,-0.00385,-0.00027,31.2516817,75.7047350,0.000,11.92
859.528,0.24000,0.29895,9.83805,-0.00069,0.00137,0.00082,31.2516817,75.7047350,0.000,11.92
859.633,0.32595,0.21105,9.80700,-0.00385,0.00137,-0.00027,31.2516817,75.7047350,0.000,11.92
859.741,0.21105,0.38595,9.85500,-0.00921,0.00674,-0.00027,31.2516817,75.7047350,0.000,11.92
859.850,0.24000,0.35700,9.86505,-0.01980,0.01416,0.00082,31.2516817,75.7047350,0.000,11.92
859.958,1.06095,-0.56205,9.80505,-0.01017,-0.03795,-0.01196,31.2516817,75.7047350,0.000,11.92
860.073,-0.13095,1.15395,10.16595,-0.00165,0.02269,0.00715,31.2516817,75.7047350,0.000,11.92
860.181,0.38295,-1.36095,9.41505,-0.01237,0.01842,-0.00770,31.2516817,75.7047350,0.000,11.92
860.288,0.26805,0.35895,9.79305,0.00577,0.01416,0.00082,31.2516817,75.7047350,0.000,11.92
860.396,0.17700,0.54795,9.91500,0.00041,-0.00179,0.00082,31.2516817,75.7047350,0.000,11.92
860.505,0.42405,0.12195,9.80505,0.00041,-0.00069,-0.00027,31.2516817,75.7047350,0.000,11.92
860.628,0.19605,0.07905,9.78105,-0.00495,-0.00289,-0.00027,31.2516817,75.7047350,0.000,11.92
860.736,0.14100,0.24195,9.84795,0.00151,0.00137,-0.00027,31.2516817,75.7047350,0.000,11.92
860.845,0.17505,0.14400,9.81405,-0.00275,-0.00179,-0.00137,31.2516817,75.7047350,0.000,11.92
860.953,0.25095,0.12705,9.82395,0.00041,0.00041,0.00082,31.2516817,75.7047350,0.000,11.92
861.061,0.16305,0.27495,9.83805,-0.00165,0.00041,-0.00027,31.2516817,75.7047350,0.000,11.92
861.186,0.14895,0.34500,9.87405,0.00041,0.00137,-0.00137,31.2516817,75.7047350,0.000,11.92
861.295,0.27795,0.12900,9.79995,-0.00275,-0.00069,0.00082,31.2516817,75.7047350,0.000,11.92
861.403,0.17700,0.27300,9.84600,0.00151,0.00041,0.00082,31.2516817,75.7047350,0.000,11.92
861.510,0.22305,0.15105,9.77895,-0.00069,-0.00179,-0.00137,31.2516817,75.7047350,0.000,11.92
861.619,0.24000,0.23700,9.85005,0.00151,0.00137,-0.00027,31.2516817,75.7047350,0.000,11.92
861.728,0.18195,0.24900,9.82905,-0.00069,-0.00069,-0.00137,31.2516817,75.7047350,0.000,11.92
861.836,0.27105,0.16800,9.78795,0.00041,-0.00069,-0.00027,31.2516817,75.7047350,0.000,11.92
861.944,0.16305,0.29700,9.80700,0.00041,0.00137,-0.00027,31.2516817,75.7047350,0.000,11.92
862.053,0.26100,0.18195,9.76695,-0.00069,0.00041,-0.00027,31.2516817,75.7047350,0.000,11.92
862.160,0.14895,0.31095,9.83595,0.00151,0.00247,-0.00137,31.2516817,75.7047350,0.000,11.92
862.281,0.24195,0.18900,9.81405,0.00151,0.00041,-0.00027,31.2516817,75.7047350,0.000,11.92
862.388,0.16800,0.28500,9.79995,0.00041,0.00041,0.00082,31.2516817,75.7047350,0.000,11.92
862.496,0.25905,0.16995,9.79095,0.00041,0.00041,0.00082,31.2516817,75.7047350,0.000,11.92
862.603,0.15600,0.28695,9.85305,0.00261,0.00137,-0.00027,31.2516817,75.7047350,0.000,11.92
862.711,0.27495,0.12705,9.78300,-0.00069,-0.00069,-0.00027,31.2516817,75.7047350,0.000,11.92
862.831,0.17205,0.23895,9.81405,-0.00069,-0.00179,-0.00027,31.2516817,75.7047350,0.000,11.92
862.935,0.25905,0.17205,9.77895,-0.00069,-0.00179,-0.00027,31.2516817,75.7047350,0.000,11.92
863.042,0.18000,0.24900,9.82200,0.00041,0.00247,-0.00027,31.2516817,75.7047350,0.000,11.92
863.150,0.23700,0.19200,9.81195,-0.00069,-0.00289,0.00082,31.2516817,75.7047350,0.000,11.92
863.257,0.22005,0.19605,9.83400,-0.00069,0.00137,-0.00027,31.2516817,75.7047350,0.000,11.92
863.378,0.26595,0.17505,9.77895,-0.00165,-0.00069,-0.00027,31.2516817,75.7047350,0.000,11.92
863.485,0.19395,0.27105,9.80700,0.00261,0.00137,-0.00027,31.2516817,75.7047350,0.000,11.92
863.592,0.23505,0.20595,9.77400,-0.00069,-0.00069,-0.00137,31.2516817,75.7047350,0.000,11.92
863.697,0.24900,0.16995,9.78600,-0.00069,0.00041,-0.00027,31.2516817,75.7047350,0.000,11.92
863.805,0.16305,0.28695,9.78795,0.00151,0.00041,0.00082,31.2516817,75.7047350,0.000,11.92
863.913,0.26295,0.19200,9.81195,0.00041,-0.00069,0.00082,31.2516817,75.7047350,0.000,11.92
864.021,0.17700,0.26100,9.84105,0.00041,0.00247,-0.00027,31.2516817,75.7047350,0.000,11.92
864.129,0.23700,0.18000,9.81705,0.00041,-0.00069,-0.00027,31.2516817,75.7047350,0.000,11.92
864.237,0.22005,0.28305,9.82395,0.00151,0.00041,0.00082,31.2516817,75.7047350,0.000,11.92
864.344,0.21600,0.25095,9.79095,-0.00275,0.00137,-0.00137,31.2516817,75.7047350,0.000,11.92
864.453,0.18195,0.11700,9.75000,-0.00495,-0.00069,-0.00137,31.2516817,75.7047350,0.000,11.92
864.562,0.27300,0.32295,9.81405,0.00151,-0.00179,-0.00027,31.2516817,75.7047350,0.000,11.92
864.670,0.18405,0.22995,9.78795,0.00041,-0.00385,0.00082,31.2516817,75.7047350,0.000,11.92
864.777,0.24900,0.18000,9.78795,0.00467,-0.00605,-0.00027,31.2516817,75.7047350,0.000,11.92
864.885,0.06195,-0.08805,9.71205,0.02819,-0.01554,-0.00027,31.2516817,75.7047350,0.000,11.92
864.993,-0.55395,-1.00395,10.95705,-0.01664,0.02062,-0.00137,31.2516817,75.7047350,0.000,11.92
865.101,1.83600,-0.01800,8.76600,-0.00921,-0.07095,-0.00344,31.2516817,75.7047350,0.000,11.92
865.207,-0.54000,0.69405,9.72300,0.01004,0.00137,-0.00247,31.2516817,75.7047350,0.000,11.92
865.315,0.47895,0.10095,9.88200,-0.00811,-0.01774,0.00399,31.2516817,75.7047350,0.000,11.92
865.422,0.00000,0.35400,9.78105,0.00467,0.00467,-0.00247,31.2516817,75.7047350,0.000,11.92
865.529,0.29205,0.20805,9.88605,-0.00385,-0.00385,0.00179,31.2516817,75.7047350,0.000,11.92
865.637,0.23205,0.24405,9.84105,0.00261,0.00137,-0.00137,31.2516817,75.7047350,0.000,11.92
865.745,0.20400,0.25395,9.83805,-0.00165,-0.00069,0.00179,31.2516817,75.7047350,0.000,11.92
865.853,0.31905,0.17700,9.84600,-0.00069,0.00041,-0.00027,31.2516817,75.7047350,0.000,11.92
865.961,0.13695,0.46695,9.90105,-0.00275,0.00467,-0.00027,31.2516817,75.7047350,0.000,11.92
866.070,0.35205,0.18405,9.82605,-0.01444,0.00564,-0.00027,31.2516817,75.7047350,0.000,11.92
866.178,0.29205,0.15600,9.81195,-0.00811,0.00467,-0.00027,31.2516817,75.7047350,0.000,11.92
866.287,0.06705,0.24900,9.80505,-0.00165,0.00247,-0.00027,31.2516817,75.7047350,0.000,11.92
866.395,0.23205,0.21105,9.82605,0.00151,-0.00289,-0.00027,31.2516817,75.7047350,0.000,11.92
866.504,0.21795,0.19200,9.79305,0.00687,-0.00385,0.00082,31.2516817,75.7047350,0.000,11.92
866.611,0.22800,0.37395,9.83100,0.00467,-0.00179,0.00082,31.2516817,75.7047350,0.000,11.92
866.719,0.19905,0.35700,9.85995,-0.00069,0.00137,0.00082,31.2516817,75.7047350,0.000,11.92
866.826,0.24705,0.22305,9.80505,-0.00385,0.00137,-0.00027,31.2516817,75.7047350,0.000,11.92
866.929,0.27795,0.22500,9.84600,-0.00385,0.00137,-0.00027,31.2516817,75.7047350,0.000,11.92
867.036,0.17700,0.22995,9.82200,0.00041,0.00247,-0.00027,31.2516817,75.7047350,0.000,11.92
867.145,0.20805,0.22305,9.83595,0.00151,-0.00289,0.00082,31.2516817,75.7047350,0.000,11.92
867.252,0.25905,0.24705,9.85500,0.00041,-0.00179,-0.00137,31.2516817,75.7047350,0.000,11.92
867.360,0.22305,0.30900,9.83595,-0.00275,0.00247,-0.00027,31.2516817,75.7047350,0.000,11.92
867.468,0.18900,0.22005,9.80505,-0.00275,0.00247,-0.00027,31.2516817,75.7047350,0.000,11.92
867.576,0.18705,0.21795,9.79095,0.00041,-0.00069,-0.00027,31.2516817,75.7047350,0.000,11.92
867.684,0.24900,0.22500,9.81900,0.00577,-0.00495,0.00082,31.2516817,75.7047350,0.000,11.92
867.792,0.22305,0.36405,9.83100,0.00687,-0.00289,-0.00027,31.2516817,75.7047350,0.000,11.92
867.900,0.31095,0.28005,9.75705,0.00151,-0.00179,0.00082,31.2516817,75.7047350,0.000,11.92
868.009,0.22995,0.31905,9.80205,-0.00165,0.00357,-0.00027,31.2516817,75.7047350,0.000,11.92
868.116,0.18405,0.23205,9.79500,-0.00701,0.00357,-0.00027,31.2516817,75.7047350,0.000,11.92
868.222,0.22500,0.08595,9.73305,-0.00165,0.00247,0.00082,31.2516817,75.7047350,0.000,11.92
868.330,0.18900,0.20805,9.75495,0.00261,-0.00069,-0.00027,31.2516817,75.7047350,0.000,11.92
868.437,0.25395,0.25095,9.82200,0.00041,-0.00069,0.00082,31.2516817,75.7047350,0.000,11.92
868.545,0.21300,0.23505,9.78795,0.00357,-0.00179,0.00082,31.2516817,75.7047350,0.000,11.92
868.653,0.22305,0.21795,9.80700,0.00261,-0.00179,-0.00027,31.2516817,75.7047350,0.000,11.92
868.761,0.21105,0.31395,9.84600,-0.00165,0.00357,0.00082,31.2516817,75.7047350,0.000,11.92
868.869,0.23505,0.30405,9.81705,-0.00921,0.00674,-0.00027,31.2516817,75.7047350,0.000,11.92
868.976,0.18705,0.12705,9.77100,-0.00495,0.00247,0.00082,31.2516817,75.7047350,0.000,11.92
869.084,0.15600,0.28995,9.81000,0.00041,0.00247,0.00082,31.2516817,75.7047350,0.000,11.92
869.192,0.28005,0.22500,9.82395,-0.00495,0.00357,-0.00137,31.2516817,75.7047350,0.000,11.92
869.297,0.25395,0.18705,9.74295,-0.00275,-0.00385,-0.00027,31.2516817,75.7047350,0.000,11.92
869.405,0.29205,-0.02805,9.70695,-0.00165,-0.00179,-0.00027,31.2516817,75.7047350,0.000,11.92
869.513,0.10095,0.37800,9.82200,0.00151,0.00247,-0.00027,31.2516817,75.7047350,0.000,11.92
869.621,0.26295,0.21600,9.74295,-0.00275,-0.00289,-0.00027,31.2516817,75.7047350,0.000,11.92
869.729,0.20100,0.25095,9.81405,0.00357,0.00041,-0.00027,31.2516817,75.7047350,0.000,11.92
869.834,0.15600,0.24705,9.79095,-0.00165,-0.00069,-0.00027,31.2516817,75.7047350,0.000,11.92
869.942,0.24705,0.14895,9.80505,0.00041,-0.00069,-0.00027,31.2516817,75.7047350,0.000,11.92
870.051,0.14400,0.27795,9.80505,0.00151,0.00137,0.00082,31.2516817,75.7047350,0.000,11.92
870.159,0.23505,0.12705,9.77100,-0.00165,-0.00179,-0.00027,31.2516817,75.7047350,0.000,11.92
870.267,0.18705,0.26295,9.80700,0.00041,0.00041,0.00082,31.2516817,75.7047350,0.000,11.92
870.375,0.23505,0.15300,9.79305,-0.00275,-0.00179,-0.00027,31.2516817,75.7047350,0.000,11.92
870.483,0.14895,0.25395,9.84600,0.00041,0.00137,-0.00027,31.2516817,75.7047350,0.000,11.92
870.590,0.22800,0.16005,9.79500,-0.00069,-0.00179,-0.00027,31.2516817,75.7047350,0.000,11.92
870.698,0.22995,0.21300,9.81195,0.00041,0.00041,-0.00027,31.2516817,75.7047350,0.000,11.92
870.805,0.18405,0.22005,9.84600,-0.00165,-0.00179,-0.00027,31.2516817,75.7047350,0.000,11.92
870.913,0.25095,0.13695,9.81705,0.00041,-0.00069,-0.00027,31.2516817,75.7047350,0.000,11.92
871.020,0.16095,0.27495,9.89595,0.00041,0.00041,-0.00027,31.2516817,75.7047350,0.000,11.92
871.131,0.25905,0.10305,9.83805,-0.00165,-0.00069,-0.00027,31.2516817,75.7047350,0.000,11.92
871.239,0.12195,0.28005,9.85995,0.00041,0.00041,0.00082,31.2516817,75.7047350,0.000,11.92
871.346,0.26295,0.12705,9.78300,-0.00069,-0.00069,-0.00027,31.2516817,75.7047350,0.000,11.92
871.454,0.17700,0.26805,9.85500,0.00151,0.00137,0.00082,31.2516817,75.7047350,0.000,11.92
871.562,0.17700,0.23895,9.78795,0.00041,-0.00179,-0.00027,31.2516817,75.7047350,0.000,11.92
871.673,0.21300,0.18705,9.84795,0.00041,0.00041,0.00082,31.2516817,75.7047350,0.000,11.92
871.781,0.16305,0.20100,9.80205,0.00041,-0.00069,0.00082,31.2516817,75.7047350,0.000,11.92
871.888,0.22995,0.18000,9.78795,0.00041,0.00041,-0.00027,31.2516817,75.7047350,0.000,11.92
871.996,0.16095,0.29205,9.83595,0.00041,0.00041,0.00082,31.2516817,75.7047350,0.000,11.92
872.104,0.27495,0.17505,9.80205,-0.00069,0.00041,-0.00027,31.2516817,75.7047350,0.000,11.92
872.227,0.21600,0.23205,9.79995,0.00041,0.00041,-0.00027,31.2516817,75.7047350,0.000,11.92
872.334,0.25395,0.20400,9.82200,-0.00165,0.00041,-0.00027,31.2516817,75.7047350,0.000,11.92
872.442,0.17700,0.27105,9.84600,-0.00069,-0.00069,-0.00027,31.2516817,75.7047350,0.000,11.92
872.550,0.26295,0.20400,9.82395,0.00041,0.00041,0.00082,31.2516817,75.7047350,0.000,11.92
872.659,0.15795,0.27795,9.86205,0.00041,0.00041,0.00082,31.2516817,75.7047350,0.000,11.92
872.786,0.19395,0.26100,9.87705,0.00151,0.00137,-0.00027,31.2516817,75.7047350,0.000,11.92
872.894,0.22305,0.21795,9.80205,-0.00069,-0.00069,0.00082,31.2516817,75.7047350,0.000,11.92
873.002,0.19605,0.30900,9.83100,0.00261,-0.00069,-0.00027,31.2516817,75.7047350,0.000,11.92
873.110,0.22995,0.22800,9.76905,0.00041,-0.00069,-0.00137,31.2516817,75.7047350,0.000,11.92
873.217,0.21105,0.22305,9.82395,0.00041,0.00137,-0.00027,31.2516600,75.7047783,0.000,11.92
873.323,0.15105,0.28995,9.82395,-0.00165,0.00041,-0.00027,31.2516600,75.7047783,0.000,11.92
873.430,0.25395,0.16995,9.77895,0.00041,-0.00069,-0.00027,31.2516600,75.7047783,0.000,11.92
873.539,0.15105,0.29505,9.81405,0.00151,0.00247,0.00082,31.2516600,75.7047783,0.000,11.92
873.649,0.25095,0.14895,9.78300,-0.00069,-0.00069,-0.00027,31.2516600,75.7047783,0.000,11.92
873.757,0.21300,0.24900,9.79995,0.00041,0.00041,-0.00027,31.2516600,75.7047783,0.000,11.92
873.881,0.22500,0.19395,9.77100,0.00041,0.00041,0.00082,31.2516600,75.7047783,0.000,11.92
873.987,0.12195,0.26100,9.82200,0.00151,0.00137,-0.00027,31.2516600,75.7047783,0.000,11.92
874.094,0.25605,0.14100,9.74295,-0.00165,-0.00179,-0.00027,31.2516600,75.7047783,0.000,11.92
874.200,0.14895,0.28500,9.81195,0.00041,0.00137,0.00082,31.2516583,75.7047750,0.000,11.92
874.306,0.20400,0.19605,9.82905,-0.00165,-0.00069,-0.00027,31.2516583,75.7047750,0.000,11.92
874.411,0.25605,0.15600,9.83595,0.00041,-0.00069,0.00082,31.2516583,75.7047750,0.000,11.92
874.520,0.15300,0.31095,9.88395,-0.00069,0.00041,0.00082,31.2516583,75.7047750,0.000,11.92
874.628,0.28995,0.12900,9.78600,-0.00069,-0.00069,-0.00027,31.2516583,75.7047750,0.000,11.92
874.736,0.14595,0.30195,9.88395,0.00151,0.00041,0.00082,31.2516583,75.7047750,0.000,11.92
874.845,0.25905,0.17205,9.80205,-0.00165,-0.00069,-0.00027,31.2516583,75.7047750,0.000,11.92
874.954,0.16995,0.31905,9.79095,0.00261,0.00041,0.00082,31.2516583,75.7047750,0.000,11.92
875.062,0.20595,0.22005,9.78795,-0.00069,-0.00069,-0.00027,31.2516583,75.7047750,0.000,11.92
875.169,0.20805,0.23505,9.79995,0.00151,0.00137,-0.00027,31.2516583,75.7047750,0.000,11.92
875.276,0.14595,0.31095,9.81405,0.00041,0.00041,0.00082,31.2516583,75.7047750,0.000,11.92
875.384,0.26295,0.13200,9.77595,0.00041,-0.00069,0.00082,31.2516583,75.7047750,0.000,11.92
875.494,0.19395,0.23205,9.80205,-0.00069,0.00041,0.00082,31.2516583,75.7047750,0.000,11.92
875.602,0.27795,0.14895,9.77895,-0.00165,-0.00289,-0.00137,31.2516583,75.7047750,0.000,11.92
875.711,0.14400,0.31395,9.79995,0.00151,0.00041,-0.00027,31.2516583,75.7047750,0.000,11.92
875.819,0.23505,0.15105,9.78600,-0.00165,-0.00069,-0.00027,31.2516583,75.7047750,0.000,11.92
875.926,0.16995,0.28305,9.81900,0.00041,0.00247,0.00082,31.2516583,75.7047750,0.000,11.92
876.035,0.19905,0.26295,9.77595,-0.00069,-0.00069,-0.00137,31.2516583,75.7047750,0.000,11.92
876.143,0.23700,0.22800,9.80205,0.00151,0.00041,-0.00027,31.2516583,75.7047750,0.000,11.92
876.252,0.17700,0.26595,9.88605,-0.00069,-0.00179,0.00082,31.2516583,75.7047800,0.000,11.92
876.360,0.25095,0.15600,9.80505,-0.00069,-0.00179,0.00082,31.2516583,75.7047800,0.000,11.92
876.467,0.16095,0.27105,9.84600,0.00041,0.00041,0.00082,31.2516583,75.7047800,0.000,11.92
876.575,0.26805,0.18000,9.82605,-0.00165,-0.00179,0.00082,31.2516583,75.7047800,0.000,11.92
876.683,0.17505,0.24195,9.85800,0.00041,0.00041,-0.00027,31.2516583,75.7047800,0.000,11.92
876.792,0.21600,0.23895,9.79995,-0.00069,-0.00179,-0.00027,31.2516583,75.7047800,0.000,11.92
876.899,0.21300,0.19200,9.82200,0.00041,0.00041,-0.00027,31.2516583,75.7047800,0.000,11.92
877.008,0.16095,0.27300,9.83805,0.00041,-0.00179,-0.00027,31.2516583,75.7047800,0.000,11.92
877.117,0.26595,0.15600,9.83400,-0.00165,0.00041,-0.00027,31.2516583,75.7047800,0.000,11.92
877.225,0.14895,0.29700,9.90300,0.00151,0.00137,-0.00027,31.2516583,75.7047800,0.000,11.92
877.333,0.24900,0.13395,9.82395,-0.00165,0.00041,-0.00027,31.2516583,75.7047800,0.000,11.92
877.439,0.15300,0.24900,9.87705,0.00041,0.00137,0.00082,31.2516583,75.7047800,0.000,11.92
877.545,0.18195,0.20595,9.83100,-0.00165,-0.00289,-0.00027,31.2516583,75.7047800,0.000,11.92
877.652,0.20595,0.20100,9.82395,0.00151,0.00137,0.00082,,,,
877.777,0.28500,0.16005,9.79500,-0.00165,0.00041,0.00082,,,,
877.885,0.19395,0.33495,9.84105,0.00261,0.00137,0.00082,,,,
877.993,0.26805,0.14400,9.81705,-0.00165,-0.00069,0.00082,,,,
878.100,0.22005,0.24405,9.84600,0.00041,0.00137,-0.00027,,,,
878.208,0.17205,0.26595,9.82605,-0.00069,-0.00069,-0.00027,31.2516583,75.7047800,0.000,11.92
878.317,0.26295,0.14400,9.81405,-0.00069,0.00041,-0.00027,31.2516583,75.7047800,0.000,11.92
878.427,0.16095,0.27105,9.87900,-0.00165,-0.00069,-0.00137,31.2516583,75.7047800,0.000,11.92
878.535,0.26805,0.13395,9.81405,-0.00165,-0.00069,-0.00027,31.2516583,75.7047800,0.000,11.92
878.642,0.13200,0.31095,9.85305,0.00151,0.00151,-0.00027,31.2516583,75.7047800,0.000,11.92
878.751,0.24195,0.18000,9.81405,-0.00165,-0.00069,-0.00027,31.2516583,75.7047800,0.000,11.92
878.874,0.16800,0.23895,9.83100,-0.00069,0.00041,-0.00027,31.2516583,75.7047800,0.000,11.92
878.981,0.22995,0.18405,9.82605,0.00041,-0.00069,0.00082,31.2516583,75.7047800,0.000,11.92
879.089,0.16800,0.28500,9.84300,-0.00165,0.00041,-0.00027,31.2516583,75.7047800,0.000,11.92
879.198,0.27105,0.14400,9.81000,-0.00165,-0.00069,-0.00027,31.2516583,75.7047800,0.000,11.92
879.306,0.15795,0.27105,9.86205,0.00041,0.00041,-0.00027,31.2516583,75.7047800,0.000,11.92
879.431,0.21300,0.24705,9.83805,0.00041,0.00041,0.00082,31.2516583,75.7047800,0.000,11.92
879.539,0.22005,0.21795,9.81405,-0.00165,-0.00069,-0.00027,31.2516583,75.7047800,0.000,11.92
879.646,0.26595,0.18900,9.78795,-0.00069,-0.00069,-0.00137,31.2516583,75.7047800,0.000,11.92
879.754,0.15105,0.24195,9.84795,-0.00165,-0.00069,-0.00027,31.2516583,75.7047800,0.000,11.92
879.859,0.29205,0.15600,9.80505,-0.00165,-0.00165,-0.00027,31.2516583,75.7047800,0.000,11.92
879.970,0.12000,0.29700,9.88200,0.00041,0.00151,-0.00027,31.2516583,75.7047800,0.000,11.92
880.078,0.26595,0.15300,9.81195,-0.00069,-0.00165,0.00082,31.2516583,75.7047800,0.000,11.92
880.187,0.14895,0.26805,9.86700,0.00151,0.00151,0.00082,31.2516583,75.7047800,0.000,11.92
880.293,0.18000,0.22305,9.83400,-0.00069,-0.00165,-0.00027,31.2516583,75.7047800,0.000,11.92
880.400,0.21795,0.19395,9.82605,0.00261,0.00041,-0.00027,31.2516583,75.7047800,0.000,11.92
880.526,0.29505,0.12495,9.80505,-0.00069,-0.00069,-0.00137,31.2516583,75.7047800,0.000,11.92
880.632,0.15105,0.30705,9.87195,0.00151,0.00041,-0.00027,31.2516583,75.7047800,0.000,11.92
880.741,0.26805,0.13395,9.81405,-0.00165,-0.00069,-0.00027,31.2516583,75.7047800,0.000,11.92
880.850,0.16800,0.29205,9.87000,0.00151,0.00041,-0.00027,31.2516583,75.7047800,0.000,11.92
880.958,0.24000,0.16305,9.85305,-0.00275,-0.00069,0.00082,31.2516583,75.7047800,0.000,11.92
881.083,0.18900,0.25905,9.83400,-0.00069,-0.00165,-0.00027,31.2516583,75.7047800,0.000,11.92
881.190,0.27495,0.15600,9.81000,-0.00069,-0.00165,0.00082,31.2516583,75.7047800,0.000,11.92
881.298,0.15795,0.31605,9.87000,-0.00165,0.00041,-0.00027,31.2516583,75.7047800,0.000,11.92
881.407,0.26100,0.15300,9.76905,-0.00069,-0.00165,-0.00137,31.2516583,75.7047800,0.000,11.92
881.515,0.16305,0.27105,9.86505,-0.00069,0.00041,0.00082,31.2516583,75.7047800,0.000,11.92
881.624,0.19200,0.25605,9.84600,-0.00069,0.00041,-0.00027,31.2516583,75.7047800,0.000,11.92
881.731,0.22500,0.20595,9.82395,0.00151,0.00041,-0.00027,31.2516583,75.7047800,0.000,11.92
881.840,0.17700,0.25395,9.82605,-0.00069,0.00041,-0.00027,31.2516583,75.7047800,0.000,11.92
881.949,0.25395,0.14595,9.83400,-0.00165,-0.00069,0.00179,31.2516583,75.7047800,0.000,11.92
882.057,0.15600,0.30195,9.85305,0.00151,0.00041,0.00082,31.2516583,75.7047800,0.000,11.92
882.180,0.21300,0.23205,9.85305,-0.00069,0.00151,0.00082,31.2516583,75.7047800,0.000,11.92
882.288,0.20805,0.19395,9.84795,-0.00165,-0.00069,0.00082,31.2516583,75.7047800,0.000,11.92
882.395,0.24900,0.16005,9.83595,0.00041,0.00041,-0.00027,31.2516583,75.7047800,0.000,11.92
882.504,0.16095,0.24195,9.83400,-0.00069,0.00041,-0.00027,31.2516583,75.7047800,0.000,11.92
882.611,0.28500,0.15795,9.78600,-0.00275,-0.00069,-0.00027,31.2516583,75.7047800,0.000,11.92
882.736,0.23700,0.18195,9.77595,-0.00165,-0.00069,-0.00027,31.2516583,75.7047800,0.000,11.92
882.843,0.19605,0.06705,9.79095,0.00467,-0.00385,-0.00027,31.2516583,75.7047800,0.000,11.92
882.951,0.17205,0.29895,9.83805,0.01526,-0.00811,-0.00027,31.2516583,75.7047800,0.000,11.92
883.060,0.29505,0.29700,9.85005,0.00687,-0.00495,-0.00027,31.2516583,75.7047800,0.000,11.92
883.167,0.29700,0.30405,9.83805,-0.00069,0.00151,-0.00027,31.2516583,75.7047800,0.000,11.92
883.275,0.20805,0.18900,9.82200,-0.00495,0.00261,0.00082,31.2516583,75.7047800,0.000,11.92
883.379,0.18000,0.17205,9.80700,0.00357,-0.00385,-0.00027,31.2516583,75.7047800,0.000,11.92
883.489,0.20805,0.26595,9.81000,0.01004,-0.00591,-0.00027,31.2516583,75.7047800,0.000,11.92
883.595,0.30195,0.23700,9.94395,-0.00591,0.01210,0.00179,31.2516583,75.7047800,0.000,11.92
883.698,0.34695,0.18705,9.81705,-0.00275,0.00041,0.00082,31.2516583,75.7047800,0.000,11.92
883.802,0.32805,0.12495,9.73095,0.00784,-0.00495,-0.00137,31.2516583,75.7047800,0.000,11.92
883.906,-0.01995,0.55605,9.89805,0.00261,0.00467,0.00082,31.2516583,75.7047800,0.000,11.92
884.014,0.16995,0.37395,9.86700,-0.00165,0.00357,0.00082,31.2516583,75.7047800,0.000,11.92
884.122,0.41700,0.07200,9.79800,-0.00275,-0.00591,-0.00137,31.2516583,75.7047800,0.000,11.92
884.230,0.15105,0.37395,9.88395,0.00261,0.00261,-0.00027,31.2516583,75.7047800,0.000,11.92
884.337,0.15600,0.32100,9.82905,-0.00165,0.00151,-0.00027,31.2516583,75.7047800,0.000,11.92
884.445,0.31605,0.24195,9.81405,0.00151,-0.00069,-0.00027,31.2516583,75.7047800,0.000,11.92
884.548,0.24195,0.32295,9.85305,-0.00069,0.00151,0.00082,31.2516583,75.7047800,0.000,11.92
884.652,0.22995,0.21105,9.78105,-0.00385,0.00151,0.00082,31.2516583,75.7047800,0.000,11.92
884.758,0.18705,0.26805,9.84600,-0.00165,0.00041,-0.00027,31.2516583,75.7047800,0.000,11.92
884.864,0.23700,0.22305,9.79500,-0.00385,0.00041,-0.00027,31.2516583,75.7047800,0.000,11.92
884.972,0.28500,0.25395,9.84105,-0.00275,0.00041,0.00082,31.2516583,75.7047800,0.000,11.92
885.080,0.22800,0.27495,9.83805,-0.00811,0.00357,0.00082,31.2516583,75.7047800,0.000,11.92
885.188,0.27105,0.28995,9.83595,-0.01444,0.00784,0.00082,31.2516583,75.7047800,0.000,11.92
885.295,0.45300,1.27395,10.78395,0.01320,0.00151,0.00715,31.2516583,75.7047800,0.000,11.92
885.403,0.82605,-0.20205,9.52695,-0.01347,-0.01870,-0.00454,31.2516583,75.7047800,0.000,11.92
885.511,0.58200,0.01005,9.81000,0.00687,-0.01980,-0.00137,31.2516583,75.7047800,0.000,11.92
885.621,0.03105,0.54600,9.62805,0.00151,-0.00701,-0.00137,31.2516583,75.7047800,0.000,11.92
885.729,0.42600,-0.01995,9.90300,-0.00811,-0.00495,-0.00027,31.2516583,75.7047800,0.000,11.92
885.836,0.19395,0.15105,9.79095,0.00467,0.00261,0.00179,31.2516583,75.7047800,0.000,11.92
885.940,0.05805,0.39000,9.89595,-0.00069,-0.00069,-0.00027,31.2516583,75.7047800,0.000,11.92
886.047,0.29505,0.01695,9.74700,-0.00165,-0.00275,-0.00027,31.2516583,75.7047800,0.000,11.92
886.156,0.14100,0.32805,9.85800,0.00151,0.00041,-0.00027,31.2516583,75.7047800,0.000,11.92
886.264,0.24000,0.15105,9.82605,0.00041,-0.00069,-0.00027,31.2516583,75.7047800,0.000,11.92
886.372,0.21300,0.19200,9.82905,-0.00069,0.00041,-0.00027,31.2516583,75.7047800,0.000,11.92
886.480,0.19395,0.23505,9.85005,0.00041,-0.00069,0.00082,31.2516583,75.7047800,0.000,11.92
886.588,0.21600,0.18705,9.83805,0.00041,-0.00069,0.00082,31.2516583,75.7047800,0.000,11.92
886.695,0.18705,0.22800,9.84600,0.00041,0.00041,0.00082,31.2516583,75.7047800,0.000,11.92
886.804,0.15795,0.24705,9.84300,0.00151,0.00041,-0.00027,31.2516583,75.7047800,0.000,11.92
886.911,0.24900,0.14595,9.80700,0.00151,0.00041,-0.00027,31.2516583,75.7047800,0.000,11.92
887.019,0.11700,0.28005,9.88200,0.00041,0.00151,-0.00027,31.2516583,75.7047800,0.000,11.92
887.133,0.28005,0.13200,9.80505,0.00041,-0.00069,-0.00027,31.2516583,75.7047800,0.000,11.92
887.238,0.12705,0.31095,9.85005,0.00151,0.00151,0.00082,31.2516583,75.7047800,0.000,11.92
887.341,0.24000,0.18705,9.80700,-0.00165,0.00041,-0.00027,31.2516583,75.7047800,0.000,11.92
887.444,0.28695,0.15105,9.81405,-0.00069,-0.00165,-0.00027,31.2516583,75.7047800,0.000,11.92
887.548,0.15105,0.29700,9.81405,0.00151,0.00151,0.00082,31.2516583,75.7047800,0.000,11.92
887.654,0.26100,0.14895,9.76695,-0.00069,-0.00275,-0.00027,31.2516583,75.7047800,0.000,11.92
887.759,0.21300,0.25605,9.78300,0.00261,0.00151,-0.00027,31.2516583,75.7047800,0.000,11.92
887.866,0.14895,0.26295,9.81000,0.00041,-0.00069,-0.00137,31.2516583,75.7047800,0.000,11.92
887.974,0.25395,0.18195,9.76395,0.00151,0.00041,0.00082,31.2516583,75.7047800,0.000,11.92
888.082,0.14595,0.30900,9.82395,0.00041,0.00151,-0.00027,31.2516583,75.7047800,0.000,11.92
888.191,0.25605,0.12705,9.77100,-0.00165,-0.00165,-0.00027,31.2516583,75.7047800,0.000,11.92
888.297,0.14895,0.29895,9.82395,0.00261,0.00151,-0.00027,31.2516583,75.7047800,0.000,11.92
888.405,0.21300,0.19605,9.79500,-0.00069,-0.00069,-0.00027,31.2516583,75.7047800,0.000,11.92
888.513,0.21105,0.23205,9.80505,0.00041,0.00151,0.00082,31.2516583,75.7047800,0.000,11.92
888.621,0.15105,0.26595,9.79800,0.00041,-0.00069,-0.00027,31.2516583,75.7047800,0.000,11.92
888.730,0.27105,0.16005,9.75195,0.00041,-0.00069,-0.00027,31.2516583,75.7047800,0.000,11.92
888.837,0.11700,0.29895,9.82905,0.00261,0.00151,0.00082,31.2516583,75.7047800,0.000,11.92
888.945,0.21600,0.18405,9.79095,0.00041,-0.00165,-0.00027,31.2516583,75.7047800,0.000,11.92
889.053,0.24000,0.23505,9.83805,0.00261,-0.00165,-0.00027,31.2516583,75.7047800,0.000,11.92
889.161,0.17700,0.26100,9.79995,0.00357,-0.00069,-0.00027,31.2516583,75.7047800,0.000,11.92
889.268,0.23205,0.24195,9.84300,0.00151,-0.00165,-0.00027,31.2516583,75.7047800,0.000,11.92
889.375,0.22995,0.25095,9.81405,-0.00165,0.00151,0.00082,31.2516583,75.7047800,0.000,11.92
889.478,0.22995,0.21600,9.78300,0.00041,0.00041,-0.00027,31.2516583,75.7047800,0.000,11.92
889.582,0.20595,0.26595,9.81900,0.00357,-0.00069,0.00179,31.2516583,75.7047800,0.000,11.92
889.690,0.22800,0.30705,9.79305,-0.00275,0.00041,0.00082,31.2516583,75.7047800,0.000,11.92
889.797,0.24705,0.24195,9.83595,-0.00385,0.00261,-0.00027,31.2516583,75.7047800,0.000,11.92
889.906,0.04995,-0.52095,9.51300,-0.00591,0.00357,-0.00660,31.2516583,75.7047800,0.000,11.92
890.014,0.26595,0.56700,9.83100,0.00261,-0.00811,0.00082,31.2516583,75.7047800,0.000,11.92
890.121,0.33495,0.22800,9.81900,-0.00165,-0.00165,-0.00027,31.2516583,75.7047800,0.000,11.92
890.231,0.23700,0.27795,9.83805,0.00261,0.00151,0.00082,31.2516583,75.7047800,0.000,11.92
890.339,0.23205,0.26295,9.81900,-0.00069,0.00041,0.00082,31.2516583,75.7047800,0.000,11.92
890.446,0.25905,0.21600,9.79500,0.00151,-0.00069,-0.00027,31.2516583,75.7047800,0.000,11.92
890.551,0.16305,0.30900,9.83805,0.00041,0.00151,-0.00027,31.2516583,75.7047800,0.000,11.92
890.659,0.27300,0.14400,9.77595,-0.00069,-0.00069,-0.00027,31.2516583,75.7047800,0.000,11.92
890.766,0.19200,0.30405,9.86205,0.00261,0.00151,0.00082,31.2516583,75.7047800,0.000,11.92
890.873,0.22995,0.19905,9.78600,-0.00069,-0.00069,-0.00137,31.2516583,75.7047800,0.000,11.92
890.996,0.14400,0.30195,9.88395,-0.00069,0.00041,-0.00027,31.2516583,75.7047800,0.000,11.92
891.104,0.27300,0.15105,9.81705,-0.00069,-0.00069,-0.00027,31.2516583,75.7047800,0.000,11.92
891.212,0.16500,0.32100,9.87705,0.00041,0.00151,-0.00027,31.2516583,75.7047800,0.000,11.92
891.321,0.27105,0.15105,9.78300,-0.00165,-0.00069,0.00082,31.2516583,75.7047800,0.000,11.92
891.429,0.19200,0.25605,9.83805,0.00261,0.00041,0.00082,31.2516583,75.7047800,0.000,11.92
891.555,0.28005,0.17700,9.83400,0.00041,0.00041,-0.00137,31.2516583,75.7047800,0.000,11.92
891.664,0.14595,0.30405,9.84795,-0.00069,0.00041,-0.00027,31.2516583,75.7047800,0.000,11.92
891.771,0.28005,0.13905,9.81195,-0.00165,-0.00069,-0.00027,31.2516583,75.7047800,0.000,11.92
891.879,0.15795,0.30195,9.86700,0.00151,0.00151,-0.00027,31.2516583,75.7047800,0.000,11.92
891.987,0.27105,0.14100,9.77595,-0.00069,-0.00069,-0.00027,31.2516583,75.7047800,0.000,11.92
892.108,0.18000,0.23700,9.82395,-0.00165,-0.00069,-0.00027,31.2516583,75.7047800,0.000,11.92
892.216,0.26595,0.12705,9.81705,-0.00165,-0.00069,-0.00027,31.2516583,75.7047800,0.000,11.92
892.325,0.15105,0.30705,9.86700,-0.00069,0.00151,-0.00027,31.2516583,75.7047800,0.000,11.92
892.435,0.27300,0.13200,9.79500,-0.00069,-0.00069,0.00082,31.2516583,75.7047800,0.000,11.92
892.544,0.13200,0.32100,9.85500,0.00041,0.00041,-0.00027,31.2516583,75.7047800,0.000,11.92
892.652,0.27795,0.10500,9.82605,-0.00165,-0.00275,0.00082,31.2516583,75.7047800,0.000,11.92
892.759,0.13200,0.33495,9.85305,0.00151,0.00151,0.00082,31.2516583,75.7047800,0.000,11.92
892.865,0.24405,0.15795,9.83100,-0.00165,-0.00165,-0.00027,31.2516583,75.7047800,0.000,11.92
892.972,0.21105,0.22005,9.84105,0.00041,0.00151,-0.00027,31.2516583,75.7047800,0.000,11.92
893.080,0.15300,0.28305,9.83805,-0.00069,0.00041,0.00082,31.2516583,75.7047800,0.000,11.92
893.203,0.15105,0.35205,9.82395,0.00151,0.00261,0.00082,31.2516583,75.7047800,0.000,11.92
893.309,0.26595,0.16500,9.76905,-0.00275,-0.00275,-0.00027,31.2516583,75.7047800,0.000,11.92
893.414,0.23505,0.22500,9.79305,0.00261,0.00151,-0.00027,31.2516583,75.7047800,0.000,11.92
893.521,0.19905,0.26295,9.78300,-0.00165,0.00041,-0.00027,31.2516583,75.7047800,0.000,11.92
893.629,0.27105,0.15795,9.78300,0.00151,0.00041,-0.00027,31.2516583,75.7047800,0.000,11.92
893.736,0.10500,0.30705,9.81900,0.00261,0.00261,-0.00027,31.2516583,75.7047800,0.000,11.92
893.845,0.26295,0.13395,9.78795,-0.00069,-0.00275,-0.00027,31.2516583,75.7047800,0.000,11.92
893.953,0.15600,0.31605,9.84300,0.00261,0.00041,0.00082,31.2516583,75.7047800,0.000,11.92
894.060,0.25605,0.15600,9.77595,-0.00165,-0.00069,-0.00137,31.2516583,75.7047800,0.000,11.92
894.168,0.22995,0.21795,9.81000,0.00261,0.00151,0.00082,31.2516583,75.7047800,0.000,11.92
894.276,0.18900,0.20805,9.77895,-0.00165,-0.00069,-0.00027,31.2516583,75.7047800,0.000,11.92
894.384,0.27795,0.11700,9.74700,0.00041,0.00041,-0.00027,31.2516583,75.7047800,0.000,11.92
894.491,0.15105,0.33300,9.82395,-0.00165,0.00151,-0.00137,31.2516583,75.7047800,0.000,11.92
894.597,0.29205,0.12195,9.74700,-0.00069,-0.00165,0.00082,31.2516583,75.7047800,0.000,11.92
894.705,0.18705,0.32805,9.81900,0.00151,0.00151,0.00082,31.2516583,75.7047800,0.000,11.92
894.813,0.25095,0.16995,9.79800,0.00041,0.00041,-0.00027,31.2516583,75.7047800,0.000,11.92
894.921,0.19395,0.32295,9.85005,0.00151,0.00151,0.00179,31.2516583,75.7047800,0.000,11.92
895.028,0.20100,0.22305,9.77595,-0.00165,-0.00069,-0.00027,31.2516583,75.7047800,0.000,11.92
895.137,0.26100,0.15105,9.81705,-0.00069,-0.00069,0.00082,31.2516583,75.7047800,0.000,11.92
895.245,0.17205,0.28995,9.81705,0.00041,0.00041,-0.00027,31.2516583,75.7047800,0.000,11.92
895.353,0.26295,0.15795,9.76695,0.00041,-0.00165,-0.00027,31.2516583,75.7047800,0.000,11.92
895.461,0.16500,0.29895,9.82905,0.00041,0.00151,0.00082,31.2516583,75.7047800,0.000,11.92
895.569,0.24195,0.18000,9.78600,-0.00069,-0.00069,-0.00027,31.2516583,75.7047800,0.000,11.92
895.675,0.21795,0.22995,9.81900,0.00151,0.00041,-0.00027,31.2516583,75.7047800,0.000,11.92
895.782,0.14895,0.27300,9.84600,0.00041,0.00151,-0.00027,31.2516583,75.7047800,0.000,11.92
895.891,0.25095,0.15795,9.78600,0.00041,0.00041,-0.00027,31.2516583,75.7047800,0.000,11.92
895.999,0.16500,0.30705,9.81900,0.00041,0.00041,-0.00027,31.2516583,75.7047800,0.000,11.92
896.108,0.25905,0.14895,9.73995,-0.00165,-0.00069,-0.00137,31.2516583,75.7047800,0.000,11.92
896.215,0.16995,0.32295,9.81900,0.00261,0.00151,0.00082,31.2516583,75.7047800,0.000,11.92
896.318,0.18195,0.21600,9.78105,0.00041,-0.00165,-0.00027,31.2516583,75.7047800,0.000,11.92
896.426,0.25605,0.19605,9.79305,0.00041,-0.00069,-0.00027,31.2516583,75.7047800,0.000,11.92
896.533,0.15300,0.33495,9.83100,0.00151,0.00151,-0.00027,31.2516583,75.7047800,0.000,11.92
896.640,0.25605,0.15795,9.75000,-0.00069,-0.00165,-0.00027,31.2516583,75.7047800,0.000,11.92
896.749,0.16095,0.33795,9.82905,0.00151,0.00151,0.00179,31.2516583,75.7047800,0.000,11.92
896.857,0.22005,0.23205,9.79305,-0.00069,-0.00069,-0.00027,31.2516583,75.7047800,0.000,11.92
896.965,0.22800,0.21600,9.80205,0.00041,0.00151,0.00082,31.2516583,75.7047800,0.000,11.92
897.080,0.23700,0.15105,9.79305,-0.00069,-0.00069,-0.00027,31.2516583,75.7047800,0.000,11.92
897.189,0.19605,0.30900,9.85005,0.00041,0.00041,0.00082,31.2516583,75.7047583,0.000,11.92
897.295,0.21795,0.23700,9.81405,-0.00069,-0.00165,0.00082,31.2516583,75.7047583,0.000,11.92
897.403,0.26295,0.22995,9.79305,0.00041,-0.00165,-0.00027,31.2516583,75.7047583,0.000,11.92
897.512,0.20805,0.30705,9.85305,0.00041,-0.00069,-0.00027,31.2516583,75.7047583,0.000,11.92
897.620,0.24900,0.15300,9.84600,-0.00165,0.00041,0.00082,31.2516583,75.7047583,0.000,11.92
897.727,0.19905,0.24900,9.87900,0.00151,0.00151,0.00082,,,,
897.834,0.20805,0.20805,9.83100,0.00041,-0.00069,-0.00027,,,,
897.937,0.23205,0.18900,9.80205,0.00041,0.00041,-0.00027,,,,
898.042,0.16995,0.27105,9.82605,0.00041,0.00041,-0.00027,,,,
898.145,0.22305,0.16800,9.78795,-0.00069,-0.00069,-0.00137,31.2516583,75.7047533,0.000,11.92
898.250,0.24000,0.18705,9.82605,-0.00069,0.00041,0.00082,31.2516583,75.7047533,0.000,11.92
898.353,0.15795,0.24195,9.85800,0.00041,0.00151,-0.00027,31.2516583,75.7047533,0.000,11.92
898.454,0.19200,0.22500,9.79995,-0.00275,-0.00069,-0.00027,31.2516583,75.7047533,0.000,11.92
898.556,0.27105,0.17505,9.75495,-0.00165,-0.00179,0.00082,31.2516583,75.7047533,0.000,11.92
898.659,0.18000,0.27300,9.85500,0.00151,0.00151,0.00192,31.2516583,75.7047533,0.000,11.92
898.762,0.18405,0.21795,9.83400,-0.00165,-0.00069,-0.00027,31.2516583,75.7047533,0.000,11.92
898.865,0.26595,0.14595,9.74295,-0.00069,-0.00069,-0.00027,31.2516583,75.7047533,0.000,11.92
898.967,0.21300,0.24195,9.84795,0.00151,0.00247,0.00082,31.2516583,75.7047533,0.000,11.92
899.071,0.12000,0.34500,9.85500,0.00151,0.00151,0.00082,31.2516583,75.7047533,0.000,11.92
899.175,0.23505,0.15795,9.80505,-0.00165,-0.00385,-0.00027,31.2516600,75.7047550,0.000,11.92
899.279,0.23505,0.11700,9.82395,0.00357,-0.00385,0.00082,31.2516600,75.7047550,0.000,11.92
899.383,0.19200,0.20805,9.80505,0.01114,-0.00605,-0.00027,31.2516600,75.7047550,0.000,11.92
899.486,0.21105,0.25095,9.78300,0.01114,-0.00605,-0.00137,31.2516600,75.7047550,0.000,11.92
899.589,0.22995,0.28695,9.83100,0.01114,-0.00605,-0.00027,31.2516600,75.7047550,0.000,11.92
899.692,0.42105,0.39495,9.76395,-0.01017,-0.00275,0.00289,31.2516600,75.7047550,0.000,11.92
899.795,0.39000,-0.09195,9.68805,-0.00811,-0.00069,-0.00137,31.2516600,75.7047550,0.000,11.92
899.900,0.26295,0.09795,9.72300,0.00151,0.00247,-0.00027,31.2516600,75.7047550,0.000,11.92
900.005,0.03405,0.44505,9.82605,0.00894,0.00357,-0.00027,31.2516600,75.7047550,0.000,11.92
900.109,0.18000,0.30705,9.76905,0.00357,-0.00275,-0.00027,31.2516600,75.7047550,0.000,11.92
900.213,0.32805,0.26805,9.80700,-0.00275,0.00151,0.00082,31.2516600,75.7047533,0.000,11.92
900.317,0.26100,0.19605,9.78795,-0.00165,0.00151,-0.00027,31.2516600,75.7047533,0.000,11.92
900.421,0.25395,0.15795,9.77100,-0.00069,-0.00069,-0.00027,31.2516600,75.7047533,0.000,11.92
900.524,0.17700,0.28305,9.80700,0.00357,-0.00069,-0.00027,31.2516600,75.7047533,0.000,11.92
900.627,0.15795,0.36195,9.78795,0.00357,0.00151,-0.00027,31.2516600,75.7047533,0.000,11.92
900.729,0.21795,0.26595,9.79500,-0.00275,0.00041,0.00082,31.2516600,75.7047533,0.000,11.92
900.837,0.24705,0.23895,9.81900,-0.00069,0.00041,-0.00137,31.2516600,75.7047533,0.000,11.92
900.943,0.20595,0.22500,9.75900,0.00261,-0.00069,0.00082,31.2516600,75.7047533,0.000,11.92
901.050,0.24000,0.26805,9.81705,0.00357,-0.00179,-0.00027,31.2516600,75.7047533,0.000,11.92
901.157,0.24195,0.29700,9.80205,-0.00069,0.00151,-0.00137,31.2516600,75.7047533,0.000,11.92
901.264,0.24705,0.20595,9.81405,-0.00385,0.00041,-0.00137,31.2516600,75.7047533,0.000,11.92
901.373,0.21795,0.14895,9.80700,0.00151,0.00041,-0.00027,31.2516600,75.7047533,0.000,11.92
901.482,0.18705,0.24195,9.86505,0.00467,-0.00179,-0.00027,31.2516600,75.7047533,0.000,11.92
901.591,0.26295,0.28305,9.83805,-0.00165,-0.00069,-0.00027,31.2516600,75.7047533,0.000,11.92
901.699,0.21105,0.26595,9.80205,-0.00165,0.00041,-0.00027,31.2516600,75.7047533,0.000,11.92
901.807,0.24195,0.22305,9.79500,0.00041,-0.00179,-0.00027,31.2516600,75.7047533,0.000,11.92
901.916,0.21600,0.29895,9.79800,0.00357,-0.00069,-0.00027,31.2516600,75.7047533,0.000,11.92
902.038,0.26805,0.25095,9.82395,-0.00275,0.00151,-0.00027,31.2516600,75.7047533,0.000,11.92
902.145,0.19395,0.18900,9.79500,-0.00275,0.00041,-0.00027,31.2516600,75.7047533,0.000,11.92
902.253,0.27105,0.22005,9.79095,0.00041,-0.00179,-0.00027,31.2516600,75.7047583,0.000,11.92
902.360,0.19905,0.28995,9.82395,0.00041,-0.00069,-0.00027,31.2516600,75.7047583,0.000,11.92
902.468,0.21795,0.23700,9.80505,-0.00069,0.00041,-0.00027,31.2516600,75.7047583,0.000,11.92
902.578,0.27300,0.25395,9.72300,-0.00069,0.00041,0.00082,31.2516600,75.7047583,0.000,11.92
902.686,0.23505,0.22800,9.82395,0.00041,-0.00179,0.00082,31.2516600,75.7047583,0.000,11.92
902.795,0.24195,0.29505,9.85800,-0.00069,-0.00069,0.00082,31.2516600,75.7047583,0.000,11.92
902.902,0.26100,0.21105,9.81405,-0.00275,0.00041,-0.00027,31.2516600,75.7047583,0.000,11.92
903.010,0.23700,0.18900,9.83805,0.00041,-0.00069,-0.00027,31.2516600,75.7047583,0.000,11.92
903.132,0.24405,0.28500,9.82605,0.00041,0.00041,0.00082,31.2516600,75.7047583,0.000,11.92
903.237,0.24195,0.26805,9.79095,0.00041,0.00151,0.00082,31.2516600,75.7047667,0.000,11.92
903.345,0.22305,0.30405,9.78795,0.00041,0.00041,-0.00027,31.2516600,75.7047667,0.000,11.92
903.453,0.25095,0.29205,9.81900,-0.00275,0.00357,0.00082,31.2516600,75.7047667,0.000,11.92
903.560,0.19395,0.24195,9.82905,-0.00495,0.00357,-0.00027,31.2516600,75.7047667,0.000,11.92
903.665,0.24900,0.29895,9.79500,-0.00591,0.00357,0.00082,31.2516600,75.7047667,0.000,11.92
903.772,0.22995,0.24705,9.82905,-0.00921,0.00894,0.00082,31.2516600,75.7047667,0.000,11.92
903.879,0.46200,1.04400,10.29600,0.00894,0.01210,0.00399,31.2516600,75.7047667,0.000,11.92
903.988,0.55605,0.72300,9.72300,0.01004,-0.01031,0.00619,31.2516600,75.7047667,0.000,11.92
904.095,0.45495,0.18705,10.02000,0.00041,-0.00385,0.00082,31.2516600,75.7047667,0.000,11.92
904.204,-0.00600,0.19200,9.72795,0.00357,0.00357,0.00082,31.2516600,75.7047700,0.000,11.92
904.311,0.18705,0.01695,9.65400,-0.00069,-0.00179,-0.00137,31.2516600,75.7047700,0.000,11.92
904.420,0.13905,0.16995,9.75705,0.00151,0.00151,0.00082,31.2516600,75.7047700,0.000,11.92
904.528,0.14400,0.22995,9.78600,0.00261,-0.00069,-0.00027,31.2516600,75.7047700,0.000,11.92
904.637,0.22500,0.14595,9.76695,-0.00069,0.00041,-0.00027,31.2516600,75.7047700,0.000,11.92
904.745,0.18405,0.28305,9.82395,0.00151,0.00041,-0.00027,31.2516600,75.7047700,0.000,11.92
904.852,0.25905,0.19605,9.80205,-0.00069,-0.00069,-0.00027,31.2516600,75.7047700,0.000,11.92
904.958,0.25095,0.25095,9.81405,0.00151,0.00041,0.00082,31.2516600,75.7047700,0.000,11.92
905.067,0.19200,0.28005,9.85005,0.00041,-0.00069,-0.00027,31.2516600,75.7047700,0.000,11.92
905.175,0.25605,0.20400,9.77595,-0.00069,0.00041,0.00082,31.2516600,75.7047700,0.000,11.92
905.280,0.16095,0.28005,9.81000,0.00041,0.00151,0.00082,31.2516600,75.7047700,0.000,11.92
905.389,0.22995,0.22305,9.79500,-0.00069,0.00041,0.00082,31.2516600,75.7047700,0.000,11.92
905.498,0.20805,0.27795,9.78105,0.00151,0.00041,-0.00027,31.2516600,75.7047700,0.000,11.92
905.607,0.21795,0.22305,9.78795,-0.00165,-0.00069,-0.00137,31.2516600,75.7047700,0.000,11.92
905.715,0.27105,0.18405,9.80205,0.00041,-0.00069,0.00082,31.2516600,75.7047700,0.000,11.92
905.824,0.15600,0.29700,9.81405,-0.00069,0.00041,-0.00027,31.2516600,75.7047700,0.000,11.92
905.931,0.28305,0.15105,9.79800,-0.00069,-0.00069,-0.00027,31.2516600,75.7047700,0.000,11.92
906.039,0.15795,0.29895,9.82905,0.00041,0.00151,-0.00027,31.2516600,75.7047700,0.000,11.92
906.147,0.26805,0.16500,9.79995,-0.00165,-0.00179,0.00082,31.2516600,75.7047700,0.000,11.92
906.256,0.18405,0.24705,9.85305,0.00041,0.00151,-0.00027,31.2516600,75.7047700,0.000,11.92
906.365,0.21600,0.19605,9.79500,-0.00069,-0.00069,0.00082,31.2516600,75.7047700,0.000,11.92
906.473,0.25095,0.18000,9.80700,0.00041,0.00041,0.00082,31.2516600,75.7047700,0.000,11.92
906.581,0.13395,0.25095,9.81195,0.00041,0.00151,-0.00027,31.2516600,75.7047700,0.000,11.92
906.688,0.27495,0.18405,9.82395,-0.00069,-0.00069,0.00082,31.2516600,75.7047700,0.000,11.92
906.795,0.22500,0.22005,9.82200,0.00041,0.00041,-0.00027,31.2516600,75.7047700,0.000,11.92
906.901,0.16995,0.24195,9.78795,0.00151,0.00151,-0.00027,31.2516600,75.7047700,0.000,11.92
907.009,0.22800,0.25905,9.83100,0.00041,0.00041,-0.00027,31.2516600,75.7047700,0.000,11.92
907.113,0.18000,0.32295,9.85005,0.00151,0.00041,0.00082,31.2516600,75.7047700,0.000,11.92
907.219,0.18900,0.20805,9.81405,-0.00069,0.00041,-0.00027,31.2516600,75.7047700,0.000,11.92
907.328,0.16500,0.25095,9.82905,0.00041,0.00151,-0.00027,31.2516600,75.7047700,0.000,11.92
907.436,0.27105,0.20400,9.76395,0.00041,-0.00179,-0.00027,31.2516600,75.7047700,0.000,11.92
907.544,0.19605,0.21600,9.82905,0.00261,0.00247,0.00082,31.2516600,75.7047700,0.000,11.92
907.652,0.19395,0.25095,9.79995,-0.00069,-0.00069,-0.00027,31.2516600,75.7047700,0.000,11.92
907.760,0.23505,0.20100,9.81900,0.00151,0.00151,-0.00027,31.2516600,75.7047700,0.000,11.92
907.867,0.14895,0.27105,9.82395,0.00151,0.00151,-0.00027,31.2516600,75.7047700,0.000,11.92
907.975,0.24000,0.20595,9.81195,-0.00165,-0.00069,0.00082,31.2516600,75.7047700,0.000,11.92
908.083,0.16800,0.25905,9.78600,0.00357,0.00041,-0.00027,31.2516600,75.7047700,0.000,11.92
908.191,0.18405,0.24405,9.79500,0.00261,-0.00069,0.00082,31.2516600,75.7047700,0.000,11.92
908.294,0.22305,0.25605,9.82200,0.00467,-0.00275,0.00082,31.2516600,75.7047700,0.000,11.92
908.400,0.21105,0.27300,9.81405,0.00467,-0.00179,-0.00027,31.2516600,75.7047700,0.000,11.92
908.508,0.21300,0.26595,9.84600,0.00041,-0.00275,0.00082,31.2516600,75.7047700,0.000,11.92
908.613,0.22800,0.14895,9.77895,0.00687,-0.00701,-0.00137,31.2516600,75.7047700,0.000,11.92
908.722,0.50295,1.65900,10.40595,0.01636,-0.00921,-0.00027,31.2516600,75.7047700,0.000,11.92
908.830,0.22995,0.33495,9.78105,-0.01774,-0.00385,0.00082,31.2516600,75.7047700,0.000,11.92
908.938,0.49095,-0.01095,9.81405,-0.00385,0.00041,-0.00027,31.2516600,75.7047700,0.000,11.92
909.045,0.19200,0.37605,9.93705,0.01114,0.00041,0.00192,31.2516600,75.7047700,0.000,11.92
909.150,0.03405,0.22305,9.75900,0.01004,-0.00605,-0.00234,31.2516600,75.7047700,0.000,11.92
909.257,0.07200,0.20595,9.69495,-0.00811,-0.00069,-0.00137,31.2516600,75.7047700,0.000,11.92
909.365,0.39000,0.13200,9.81195,-0.00385,-0.00275,0.00192,31.2516600,75.7047700,0.000,11.92
909.473,0.30195,0.17700,9.82605,0.00577,-0.00495,-0.00027,31.2516600,75.7047700,0.000,11.92
909.580,0.23700,0.16005,9.84300,-0.00275,0.00467,-0.00137,31.2516600,75.7047700,0.000,11.92
909.688,0.06705,0.41400,9.87705,0.00467,0.00041,0.00082,31.2516600,75.7047700,0.000,11.92
909.795,0.30705,0.08400,9.81195,-0.00495,-0.00179,-0.00027,31.2516600,75.7047700,0.000,11.92
909.904,0.22305,0.28500,9.85500,0.00151,0.00041,-0.00027,31.2516600,75.7047700,0.000,11.92
910.012,0.16800,0.33000,9.84105,-0.00069,0.00151,-0.00027,31.2516600,75.7047700,0.000,11.92
910.119,0.25095,0.16005,9.77100,-0.00069,-0.00275,0.00082,31.2516600,75.7047700,0.000,11.92
910.227,0.12900,0.21300,9.71595,-0.00275,-0.00495,-0.00137,31.2516600,75.7047700,0.000,11.92
910.350,0.28500,0.29505,9.89805,-0.00069,-0.00069,-0.00027,31.2516600,75.7047700,0.000,11.92
910.458,0.21600,0.38295,9.83595,0.00151,0.00247,-0.00027,31.2516600,75.7047700,0.000,11.92
910.566,0.28305,0.25095,9.81705,-0.00069,0.00041,0.00082,31.2516600,75.7047700,0.000,11.92
910.674,0.24195,0.23700,9.75495,-0.00069,0.00041,-0.00027,31.2516600,75.7047700,0.000,11.92
910.782,0.21300,0.20400,9.82395,-0.00165,-0.00179,-0.00027,31.2516600,75.7047700,0.000,11.92
910.887,0.20595,0.30900,9.82395,0.00041,0.00151,0.00082,31.2516600,75.7047700,0.000,11.92
910.992,0.24900,0.27300,9.79995,-0.00069,-0.00069,-0.00027,31.2516600,75.7047700,0.000,11.92
911.100,0.25395,0.27795,9.83805,0.00041,0.00247,-0.00027,31.2516600,75.7047700,0.000,11.92
911.208,0.25095,0.34005,9.81405,-0.00701,0.00674,0.00192,31.2516600,75.7047700,0.000,11.92
911.317,0.23205,0.31395,9.86205,-0.01347,0.01004,0.00082,31.2516600,75.7047700,0.000,11.92
911.427,0.22305,0.22305,9.80205,-0.01444,0.00894,0.00082,31.2516600,75.7047700,0.000,11.92
911.535,0.55800,0.04305,9.59895,-0.00275,-0.01127,0.00192,31.2516600,75.7047700,0.000,11.92
911.644,0.33495,0.63000,10.29795,0.00894,0.02269,0.00082,31.2516600,75.7047700,0.000,11.92
911.753,0.15105,0.35895,9.93705,0.00261,0.01320,-0.00027,31.2516600,75.7047700,0.000,11.92
911.861,0.39300,0.21795,9.75000,-0.00275,-0.00701,-0.00234,31.2516600,75.7047700,0.000,11.92
911.970,0.31395,0.20595,9.81705,0.00357,-0.00069,0.00082,31.2516600,75.7047700,0.000,11.92
912.079,0.16800,0.35895,9.88200,-0.00069,-0.00179,0.00082,31.2516600,75.7047700,0.000,11.92
912.187,0.31395,0.09795,9.80700,0.00041,-0.00069,-0.00027,31.2516600,75.7047700,0.000,11.92
912.295,0.13200,0.38295,9.91305,0.00151,0.00151,0.00082,31.2516600,75.7047700,0.000,11.92
912.404,0.31095,0.08595,9.78300,-0.00165,-0.00275,-0.00027,31.2516600,75.7047700,0.000,11.92
912.513,0.16995,0.36600,9.85995,0.00261,0.00151,-0.00027,31.2516600,75.7047700,0.000,11.92
912.620,0.20805,0.15300,9.79995,-0.00165,-0.00275,-0.00137,31.2516600,75.7047700,0.000,11.92
912.729,0.19200,0.24900,9.86505,0.00261,0.00247,0.00192,31.2516600,75.7047700,0.000,11.92
912.839,0.14595,0.28005,9.85995,-0.00069,-0.00069,-0.00027,31.2516600,75.7047700,0.000,11.92
912.948,0.21600,0.22800,9.81405,0.00261,0.00151,0.00082,31.2516600,75.7047700,0.000,11.92
913.057,0.13200,0.32595,9.86700,-0.00069,0.00041,-0.00027,31.2516600,75.7047700,0.000,11.92
913.165,0.29700,0.09105,9.79500,-0.00275,-0.00179,-0.00027,31.2516600,75.7047700,0.000,11.92
913.274,0.14595,0.36405,9.84600,0.00041,0.00041,-0.00137,31.2516600,75.7047700,0.000,11.92
913.383,0.30705,0.13695,9.79500,-0.00275,-0.00069,-0.00137,31.2516600,75.7047700,0.000,11.92
913.490,0.18000,0.32595,9.89805,0.00151,0.00151,0.00082,31.2516600,75.7047700,0.000,11.92
913.599,0.25395,0.19200,9.78105,-0.00165,-0.00179,-0.00027,31.2516600,75.7047700,0.000,11.92
913.708,0.18000,0.27795,9.82395,0.00261,0.00151,0.00082,31.2516600,75.7047700,0.000,11.92
913.814,0.17505,0.28500,9.81000,-0.00165,0.00041,-0.00027,31.2516600,75.7047700,0.000,11.92
913.922,0.24900,0.19200,9.81000,-0.00069,0.00041,-0.00027,31.2516600,75.7047700,0.000,11.92
914.030,0.09795,0.36600,9.85305,-0.00069,0.00151,-0.00027,31.2516600,75.7047700,0.000,11.92
914.139,0.32100,0.07695,9.75900,-0.00165,-0.00069,-0.00027,31.2516600,75.7047700,0.000,11.92
914.247,0.10095,0.36900,9.82200,0.00151,0.00247,-0.00027,31.2516600,75.7047700,0.000,11.92
914.355,0.29895,0.12000,9.74505,-0.00165,-0.00179,-0.00027,31.2516600,75.7047700,0.000,11.92
914.465,0.12495,0.32295,9.83400,0.00151,0.00151,-0.00027,31.2516600,75.7047700,0.000,11.92
914.574,0.26595,0.14100,9.78600,-0.00275,-0.00179,-0.00027,31.2516600,75.7047700,0.000,11.92
914.683,0.22500,0.19200,9.82395,0.00151,0.00151,0.00082,31.2516600,75.7047700,0.000,11.92
914.791,0.20400,0.20595,9.79995,0.00041,-0.00069,-0.00027,31.2516600,75.7047700,0.000,11.92
914.900,0.23505,0.20805,9.81705,0.00041,0.00041,0.00082,31.2516600,75.7047700,0.000,11.92
915.009,0.16500,0.28305,9.82200,0.00041,-0.00069,-0.00027,31.2516600,75.7047700,0.000,11.92
915.117,0.28695,0.14895,9.81705,-0.00165,-0.00069,-0.00027,31.2516600,75.7047700,0.000,11.92
915.225,0.14895,0.32100,9.84795,0.00041,0.00041,0.00082,31.2516600,75.7047700,0.000,11.92
915.331,0.29205,0.11295,9.78600,-0.00165,-0.00179,-0.00027,31.2516600,75.7047700,0.000,11.92
915.439,0.18000,0.29205,9.81405,0.00151,0.00151,-0.00027,31.2516600,75.7047700,0.000,11.92
915.547,0.25095,0.13200,9.76395,-0.00165,-0.00179,-0.00027,31.2516600,75.7047700,0.000,11.92
915.654,0.20805,0.23205,9.82395,0.00041,0.00151,0.00082,31.2516600,75.7047700,0.000,11.92
915.762,0.21105,0.22500,9.79995,-0.00275,-0.00179,-0.00027,31.2516600,75.7047700,0.000,11.92
915.870,0.27495,0.16305,9.78600,0.00041,-0.00069,-0.00027,31.2516600,75.7047700,0.000,11.92
915.975,0.14100,0.33300,9.84300,0.00041,0.00151,-0.00027,31.2516600,75.7047700,0.000,11.92
916.083,0.25395,0.14595,9.76695,-0.00069,-0.00179,-0.00027,31.2516600,75.7047700,0.000,11.92
916.191,0.16800,0.29505,9.86505,0.00151,0.00151,0.00192,31.2516600,75.7047700,0.000,11.92
916.299,0.25905,0.14400,9.78105,-0.00275,-0.00179,-0.00027,31.2516600,75.7047700,0.000,11.92
916.419,0.13905,0.30405,9.86505,0.00261,0.00151,-0.00027,31.2516600,75.7047700,0.000,11.92
916.528,0.27300,0.13200,9.79500,-0.00069,-0.00069,-0.00027,31.2516600,75.7047700,0.000,11.92
916.634,0.18405,0.24405,9.88200,0.00041,0.00151,0.00192,31.2516600,75.7047700,0.000,11.92
916.741,0.18195,0.22305,9.81195,-0.00069,0.00041,-0.00027,31.2516600,75.7047700,0.000,11.92
916.849,0.27300,0.14895,9.79995,0.00041,-0.00179,-0.00027,31.2516600,75.7047700,0.000,11.92
916.975,0.26595,0.16005,9.78105,-0.00165,-0.00069,-0.00027,31.2516600,75.7047700,0.000,11.92
917.083,0.14100,0.29895,9.87900,0.00151,0.00041,0.00082,31.2516600,75.7047700,0.000,11.92
917.191,0.21600,0.19395,9.85305,-0.00165,0.00041,-0.00027,31.2516600,75.7047700,0.000,11.92
917.298,0.21105,0.22305,9.85800,0.00151,0.00041,-0.00027,31.2516600,75.7047700,0.000,11.92
917.405,0.16305,0.27300,9.86205,-0.00069,-0.00069,-0.00027,31.2516600,75.7047700,0.000,11.92
917.531,0.17700,0.24195,9.81900,0.00151,0.00151,-0.00027,31.2516600,75.7047700,0.000,11.92
917.638,0.19605,0.17700,9.79305,-0.00165,-0.00275,-0.00027,31.2516600,75.7047700,0.000,11.92
917.746,0.25905,0.13200,9.79800,0.00467,-0.00385,-0.00027,31.2516600,75.7047700,0.000,11.92
917.854,0.21600,0.23505,9.81000,0.00894,-0.00605,-0.00027,,,,
917.961,0.24195,0.31095,9.83595,0.00261,-0.00179,0.00082,,,,
918.071,0.21600,0.25905,9.82200,-0.00165,0.00151,-0.00027,,,,
918.179,0.24900,0.18705,9.78105,-0.00069,-0.00069,0.00192,31.2516533,75.7047567,0.000,11.92
918.286,0.19605,0.24405,9.82605,0.00261,0.00041,0.00082,31.2516533,75.7047567,0.000,11.92
918.393,0.18195,0.23505,9.78795,0.00577,-0.00275,0.00082,31.2516533,75.7047567,0.000,11.92
918.501,0.24900,0.21300,9.84300,0.00784,-0.00495,-0.00137,31.2516533,75.7047567,0.000,11.92
918.628,-0.04005,0.31605,9.83805,0.00041,0.01842,-0.00234,31.2516533,75.7047567,0.000,11.92
918.736,0.01200,0.20595,9.67605,-0.00069,0.00041,0.00082,31.2516533,75.7047567,0.000,11.92
918.845,0.43095,0.13695,9.77400,0.00041,-0.00275,-0.00137,31.2516533,75.7047567,0.000,11.92
918.953,0.17505,0.36195,9.86700,0.00687,0.00041,0.00082,31.2516533,75.7047567,0.000,11.92
919.061,0.06195,0.39000,9.80505,-0.00069,0.00247,0.00082,31.2516533,75.7047567,0.000,11.92
919.184,0.31905,0.33000,9.81405,0.00151,0.00357,-0.00027,31.2516517,75.7047583,0.000,11.92
919.292,0.16995,0.31395,9.77595,0.00151,0.00151,-0.00027,31.2516517,75.7047583,0.000,11.92
919.401,0.19395,0.27495,9.82905,-0.00069,0.00041,-0.00027,31.2516517,75.7047583,0.000,11.92
919.509,0.31605,0.19905,9.81405,-0.00069,-0.00069,0.00082,31.2516517,75.7047583,0.000,11.92
919.617,0.19905,0.31095,9.81705,0.00041,0.00151,-0.00027,31.2516517,75.7047583,0.000,11.92
919.725,0.17505,0.34695,9.84105,-0.00165,0.00247,-0.00027,31.2516517,75.7047583,0.000,11.92
919.833,0.26100,0.25905,9.81405,-0.00275,0.00357,0.00082,31.2516517,75.7047583,0.000,11.92
919.941,0.21105,0.24705,9.79305,0.00151,0.00151,0.00082,31.2516517,75.7047583,0.000,11.92
920.049,0.21795,0.28995,9.83400,0.00261,-0.00069,0.00192,31.2516517,75.7047583,0.000,11.92
920.158,0.22500,0.30195,9.81000,0.00151,-0.00179,-0.00027,31.2516517,75.7047583,0.000,11.92
920.278,0.23205,0.27300,9.86505,-0.00069,0.00151,-0.00027,31.2516517,75.7047583,0.000,11.92
920.385,0.20805,0.26595,9.83400,-0.00165,0.00041,-0.00027,31.2516517,75.7047583,0.000,11.92
920.493,0.24195,0.21300,9.83595,0.00041,-0.00069,0.00082,31.2516517,75.7047583,0.000,11.92
920.599,0.22995,0.26295,9.83805,0.00151,-0.00179,-0.00027,31.2516517,75.7047583,0.000,11.92
920.705,0.27300,0.24405,9.82200,-0.00275,0.00041,-0.00027,31.2516517,75.7047583,0.000,11.92
920.810,0.24195,0.25095,9.85995,-0.00495,0.00467,0.00082,31.2516517,75.7047583,0.000,11.92
920.918,0.20100,0.26100,9.79305,-0.00811,0.00467,0.00082,31.2516517,75.7047583,0.000,11.92
921.026,0.27795,0.26595,9.82905,-0.01347,0.00784,-0.00137,31.2516517,75.7047583,0.000,11.92
921.134,-0.94695,-0.41100,10.05105,0.00467,0.00467,0.00935,31.2516533,75.7047583,0.000,11.92
921.236,-0.12300,0.32595,9.72795,-0.00701,0.00041,0.00399,31.2516533,75.7047583,0.000,11.92
921.339,0.10095,-0.69300,9.83100,-0.00385,0.01100,-0.00234,31.2516533,75.7047583,0.000,11.92
921.447,0.42405,0.16500,9.98205,-0.00069,0.01210,-0.00027,31.2516533,75.7047583,0.000,11.92
921.555,0.18195,0.49305,9.96300,0.00261,0.00247,0.00082,31.2516533,75.7047583,0.000,11.92
921.664,0.34695,0.16305,9.80700,-0.00069,-0.00179,-0.00027,31.2516533,75.7047583,0.000,11.92
921.773,0.21105,0.34995,9.83400,0.00041,0.00041,0.00082,31.2516533,75.7047583,0.000,11.92
921.881,0.19605,0.26100,9.80700,0.00041,0.00151,0.00082,31.2516533,75.7047583,0.000,11.92
921.989,0.20100,0.20400,9.79995,0.00041,-0.00069,-0.00027,31.2516533,75.7047583,0.000,11.92
922.097,0.17205,0.26100,9.83400,-0.00069,0.00151,-0.00137,31.2516533,75.7047583,0.000,11.92
922.205,0.20595,0.16305,9.77595,0.00151,-0.00069,-0.00027,31.2516533,75.7047583,0.000,11.92
922.313,0.21105,0.23205,9.80505,0.00041,0.00041,-0.00027,31.2516533,75.7047583,0.000,11.92
922.421,0.18405,0.26295,9.78300,0.00041,0.00041,0.00082,31.2516533,75.7047583,0.000,11.92
922.529,0.22005,0.20400,9.79500,0.00261,0.00151,-0.00027,31.2516533,75.7047583,0.000,11.92
922.637,0.13200,0.32100,9.81195,0.00151,0.00151,0.00082,31.2516533,75.7047583,0.000,11.92
922.744,0.24705,0.15795,9.79095,-0.00165,-0.00069,0.00082,31.2516533,75.7047583,0.000,11.92
922.852,0.17205,0.28995,9.84795,0.00151,0.00041,0.00082,31.2516533,75.7047583,0.000,11.92
922.959,0.19605,0.20805,9.80205,-0.00069,-0.00069,-0.00027,31.2516533,75.7047583,0.000,11.92
923.066,0.19605,0.26295,9.81000,0.00151,0.00151,-0.00027,31.2516533,75.7047583,0.000,11.92
923.173,0.16995,0.27300,9.79800,0.00041,-0.00069,0.00082,31.2516533,75.7047583,0.000,11.92
923.281,0.24900,0.15300,9.76905,0.00041,-0.00069,0.00082,31.2516533,75.7047583,0.000,11.92
923.391,0.14100,0.31395,9.84600,0.00041,0.00151,0.00082,31.2516533,75.7047583,0.000,11.92
923.500,0.29895,0.15300,9.78300,-0.00069,-0.00069,0.00082,31.2516533,75.7047583,0.000,11.92
923.618,0.18195,0.23895,9.85995,-0.00165,0.00041,-0.00137,31.2516533,75.7047583,0.000,11.92
923.726,0.27300,0.12000,9.81000,-0.00165,-0.00069,0.00082,31.2516533,75.7047583,0.000,11.92
923.834,0.15105,0.28995,9.87900,0.00151,0.00041,-0.00027,31.2516533,75.7047583,0.000,11.92
923.942,0.26295,0.09600,9.79500,-0.00165,-0.00179,-0.00027,31.2516533,75.7047583,0.000,11.92
924.051,0.14595,0.27105,9.85500,0.00261,0.00041,0.00082,31.2516533,75.7047583,0.000,11.92
924.174,0.26805,0.18195,9.80700,0.00041,0.00151,0.00082,31.2516533,75.7047583,0.000,11.92
924.281,0.20100,0.29205,9.83805,0.00041,0.00041,-0.00027,31.2516533,75.7047583,0.000,11.92
924.390,0.28995,0.16500,9.80205,-0.00069,-0.00179,-0.00027,31.2516533,75.7047583,0.000,11.92
924.497,0.15600,0.34200,9.84300,0.00041,0.00151,0.00082,31.2516533,75.7047583,0.000,11.92
924.605,0.26805,0.16800,9.76200,-0.00069,-0.00179,-0.00027,31.2516533,75.7047583,0.000,11.92
924.713,0.19395,0.30405,9.83805,0.00261,0.00151,-0.00027,31.2516533,75.7047583,0.000,11.92
924.820,0.20400,0.23505,9.78300,-0.00069,-0.00069,-0.00027,31.2516533,75.7047583,0.000,11.92
924.928,0.22995,0.21600,9.82605,-0.00069,0.00041,0.00082,31.2516533,75.7047583,0.000,11.92
925.036,0.17205,0.31395,9.82905,0.00041,0.00151,-0.00027,31.2516533,75.7047583,0.000,11.92
925.145,0.24900,0.15105,9.79095,-0.00069,0.00041,-0.00027,31.2516533,75.7047583,0.000,11.92
925.269,0.24900,0.16005,9.79305,-0.00069,-0.00069,0.00082,31.2516533,75.7047583,0.000,11.92
925.378,0.18000,0.29895,9.83100,0.00261,0.00041,0.00082,31.2516533,75.7047583,0.000,11.92
925.487,0.20805,0.22995,9.76395,-0.00165,-0.00069,-0.00027,31.2516533,75.7047583,0.000,11.92
925.595,0.22800,0.19200,9.77895,-0.00069,0.00041,-0.00027,31.2516533,75.7047583,0.000,11.92
925.704,0.17505,0.20805,9.81000,-0.00165,-0.00069,-0.00137,31.2516533,75.7047583,0.000,11.92
925.826,0.11700,0.18900,9.83400,0.01004,-0.00179,0.00082,31.2516533,75.7047583,0.000,11.92
925.935,0.13905,0.31905,9.83400,0.01430,-0.00811,-0.00027,31.2516533,75.7047583,0.000,11.92
926.044,0.29895,0.27300,9.84105,0.00577,-0.00495,0.00082,31.2516533,75.7047583,0.000,11.92
926.153,0.24405,0.25905,9.80505,0.00151,-0.00069,0.00082,31.2516533,75.7047583,0.000,11.92
926.261,0.17205,0.25095,9.79800,0.00467,-0.00069,0.00082,31.2516533,75.7047583,0.000,11.92
926.368,0.64905,0.85200,9.99600,-0.00701,-0.02942,0.00192,31.2516533,75.7047583,0.000,11.92
926.476,0.40200,0.07395,9.71895,0.00151,0.00151,0.00192,31.2516533,75.7047583,0.000,11.92
926.585,0.06495,0.30705,9.78795,0.00467,0.00151,-0.00137,31.2516533,75.7047583,0.000,11.92
926.693,0.14595,0.28500,9.77100,-0.00165,-0.00275,0.00082,31.2516533,75.7047583,0.000,11.92
926.801,0.43800,0.16305,9.78105,-0.00275,-0.00385,0.00192,31.2516533,75.7047583,0.000,11.92
926.919,0.06000,0.37800,9.81405,0.00151,0.00041,0.00082,31.2516533,75.7047583,0.000,11.92
927.025,0.21105,0.28305,9.84105,-0.00165,-0.00179,-0.00027,31.2516533,75.7047583,0.000,11.92
927.134,0.32100,0.20400,9.79995,-0.00275,-0.00069,0.00082,31.2516533,75.7047583,0.000,11.92
927.242,0.22995,0.19395,9.82395,-0.00069,-0.00069,0.00082,31.2516533,75.7047583,0.000,11.92
927.349,0.18705,0.31905,9.85500,-0.00275,-0.00069,0.00082,31.2516533,75.7047583,0.000,11.92
927.478,0.24705,0.30195,9.84600,-0.00701,0.00577,-0.00027,31.2516533,75.7047583,0.000,11.92
927.585,0.21105,0.33795,9.83400,-0.01664,0.01100,0.00082,31.2516533,75.7047583,0.000,11.92
927.693,0.24195,1.12800,10.36305,0.01746,-0.05500,0.01251,31.2516533,75.7047583,0.000,11.92
927.800,0.70905,0.10500,9.88905,-0.01774,-0.00811,-0.00234,31.2516533,75.7047583,0.000,11.92
927.908,0.14400,-0.49005,9.28800,-0.00385,-0.00069,-0.00344,31.2516533,75.7047583,0.000,11.92
928.017,0.08595,0.50505,9.83100,-0.00275,0.00467,-0.00137,31.2516533,75.7047583,0.000,11.92
928.125,0.45495,0.09795,9.73800,-0.00275,-0.00495,-0.00027,31.2516533,75.7047583,0.000,11.92
928.233,0.12000,0.43305,9.92505,0.00151,0.00247,-0.00027,31.2516533,75.7047583,0.000,11.92
928.341,0.28995,0.12705,9.82395,-0.00275,-0.00179,-0.00027,31.2516533,75.7047583,0.000,11.92
928.448,0.16305,0.26100,9.85995,0.00151,0.00151,-0.00027,31.2516533,75.7047583,0.000,11.92
928.556,0.15600,0.28695,9.83805,-0.00165,0.00041,-0.00027,31.2516533,75.7047583,0.000,11.92
928.664,0.24405,0.09105,9.79500,0.00041,-0.00069,0.00082,31.2516533,75.7047583,0.000,11.92
928.773,0.10095,0.34200,9.83595,0.00041,0.00151,0.00082,31.2516533,75.7047583,0.000,11.92
928.881,0.28500,0.01200,9.77595,-0.00165,-0.00275,-0.00137,31.2516533,75.7047583,0.000,11.92
928.988,0.12900,0.32595,9.88395,0.00151,0.00041,0.00192,31.2516533,75.7047583,0.000,11.92
929.094,0.27495,0.12195,9.82200,-0.00385,-0.00275,0.00082,31.2516533,75.7047583,0.000,11.92
929.201,0.24000,0.22005,9.86205,0.00151,0.00151,-0.00027,31.2516533,75.7047583,0.000,11.92
929.308,0.17505,0.31395,9.86700,-0.00069,-0.00069,0.00082,31.2516533,75.7047583,0.000,11.92
929.411,0.32295,0.11700,9.75900,-0.00165,-0.00385,-0.00027,31.2516533,75.7047583,0.000,11.92
929.513,0.24405,0.20805,9.82200,0.00261,0.00041,0.00082,31.2516533,75.7047583,0.000,11.92
929.616,0.13395,0.33300,9.89100,-0.00069,0.00151,0.00082,31.2516533,75.7047583,0.000,11.92
929.723,0.31605,0.07005,9.77100,-0.00275,-0.00179,0.00082,31.2516533,75.7047583,0.000,11.92
929.832,0.11505,0.36405,9.90105,0.00261,0.00151,0.00082,31.2516533,75.7047583,0.000,11.92
929.940,0.22995,0.13695,9.84105,-0.00275,-0.00069,0.00082,31.2516533,75.7047583,0.000,11.92
930.048,0.20805,0.27300,9.83100,0.00261,0.00247,0.00082,31.2516533,75.7047583,0.000,11.92
930.155,0.16500,0.29700,9.85800,-0.00069,0.00041,-0.00027,31.2516533,75.7047583,0.000,11.92
930.263,0.26295,0.17205,9.85005,0.00151,-0.00069,0.00082,31.2516533,75.7047583,0.000,11.92
930.371,0.11505,0.34200,9.87705,0.00151,0.00151,-0.00027,31.2516533,75.7047583,0.000,11.92
930.479,0.29895,0.10500,9.80205,-0.00165,-0.00069,-0.00027,31.2516533,75.7047583,0.000,11.92
930.589,0.19395,0.29205,9.88905,0.00357,0.00247,0.00082,31.2516533,75.7047583,0.000,11.92
930.697,0.23205,0.22305,9.83595,-0.00165,-0.00179,-0.00137,31.2516533,75.7047583,0.000,11.92
930.805,0.22500,0.26595,9.81405,0.00261,0.00151,-0.00137,31.2516533,75.7047583,0.000,11.92
930.913,0.15105,0.32100,9.83100,0.00041,-0.00069,-0.00027,31.2516533,75.7047583,0.000,11.92
931.021,0.27495,0.14895,9.80205,0.00041,0.00041,-0.00027,31.2516533,75.7047583,0.000,11.92
931.128,0.13905,0.33795,9.84600,0.00041,0.00041,-0.00027,31.2516533,75.7047583,0.000,11.92
931.236,0.27495,0.14100,9.80505,-0.00165,-0.00179,0.00082,31.2516533,75.7047583,0.000,11.92
931.345,0.17700,0.22995,9.84600,0.00151,-0.00069,-0.00027,31.2516533,75.7047583,0.000,11.92
931.453,0.16500,0.23895,9.82605,0.00261,0.00041,-0.00027,31.2516533,75.7047583,0.000,11.92
931.561,0.25905,0.17700,9.84300,0.00467,-0.00385,0.00082,31.2516533,75.7047583,0.000,11.92
931.670,0.21105,0.27300,9.79305,0.00687,-0.00275,-0.00027,31.2516533,75.7047583,0.000,11.92
931.777,0.20595,0.25605,9.83595,0.00357,-0.00385,-0.00027,31.2516533,75.7047583,0.000,11.92
931.895,0.24900,0.24900,9.82200,0.00151,-0.00179,-0.00027,31.2516533,75.7047583,0.000,11.92
932.003,0.24900,0.27300,9.80505,-0.00069,0.00151,-0.00027,31.2516533,75.7047583,0.000,11.92
932.106,0.16800,0.31605,9.82905,-0.00385,0.00467,-0.00027,31.2516533,75.7047583,0.000,11.92
932.213,0.18195,0.22500,9.80505,-0.00495,0.00151,0.00082,31.2516533,75.7047583,0.000,11.92
932.321,0.19395,0.23205,9.77895,-0.00069,0.00151,0.00082,31.2516533,75.7047583,0.000,11.92
932.448,0.22800,0.23205,9.82395,-0.00165,-0.00069,-0.00027,31.2516533,75.7047583,0.000,11.92
932.553,0.20805,0.24195,9.80505,-0.00165,0.00041,-0.00027,31.2516533,75.7047583,0.000,11.92
932.662,0.20805,0.22500,9.82605,-0.00385,0.00247,0.00082,31.2516533,75.7047583,0.000,11.92
932.770,0.18405,0.18705,9.82395,-0.00275,0.00041,-0.00027,31.2516533,75.7047583,0.000,11.92
932.878,0.22800,0.19605,9.82605,0.00261,-0.00179,-0.00027,31.2516533,75.7047583,0.000,11.92
932.991,0.18405,0.29895,9.86700,0.00261,0.00041,-0.00027,31.2516533,75.7047583,0.000,11.92
933.099,0.21600,0.22800,9.78600,-0.00165,0.00247,-0.00027,31.2516533,75.7047583,0.000,11.92
933.207,0.24705,0.26805,9.85005,0.00151,0.00041,0.00082,31.2516533,75.7047583,0.000,11.92
933.317,0.18705,0.24900,9.81195,0.00261,-0.00069,0.00082,31.2516533,75.7047583,0.000,11.92
933.425,0.23205,0.28005,9.85995,0.00041,0.00357,0.00082,31.2516533,75.7047583,0.000,11.92
933.547,0.18195,0.07005,9.75495,-0.00069,-0.00179,0.00082,31.2516533,75.7047583,0.000,11.92
933.656,0.15300,0.28695,9.86700,0.00151,0.00041,0.00082,31.2516533,75.7047583,0.000,11.92
933.765,0.22305,0.18000,9.78300,0.00357,-0.00275,-0.00027,31.2516533,75.7047583,0.000,11.92
933.872,0.22005,0.22800,9.79095,0.00357,-0.00069,-0.00027,31.2516533,75.7047583,0.000,11.92
933.980,0.16995,0.26595,9.84105,0.00357,-0.00179,0.00082,31.2516533,75.7047583,0.000,11.92
934.103,0.24195,0.27105,9.85005,0.00261,-0.00069,0.00082,31.2516533,75.7047583,0.000,11.92
934.211,0.21795,0.22500,9.79305,0.00151,-0.00179,-0.00027,31.2516533,75.7047583,0.000,11.92
934.319,0.25095,0.23700,9.84300,-0.00165,0.00041,0.00082,31.2516533,75.7047583,0.000,11.92
934.428,0.21105,0.21795,9.82200,-0.00385,0.00041,-0.00027,31.2516533,75.7047583,0.000,11.92
934.537,0.23700,0.20100,9.85005,-0.00275,0.00041,0.00082,31.2516533,75.7047583,0.000,11.92
934.645,0.24405,0.27105,9.85005,-0.00591,0.00151,-0.00027,31.2516533,75.7047583,0.000,11.92
934.750,0.57000,0.19200,9.82605,0.00151,-0.00385,-0.00137,31.2516533,75.7047583,0.000,11.92
934.858,-0.08505,0.28995,9.94905,0.00151,0.00151,0.00082,31.2516533,75.7047583,0.000,11.92
934.965,0.21300,0.36195,9.88395,-0.00591,-0.00275,-0.00137,31.2516533,75.7047583,0.000,11.92
935.073,0.40500,0.08400,9.79095,-0.00069,-0.00069,0.00082,31.2516533,75.7047583,0.000,11.92
935.181,0.11505,0.41895,9.90105,-0.00069,0.00041,-0.00027,31.2516533,75.7047583,0.000,11.92
935.289,0.33000,0.02595,9.76395,-0.00069,-0.00179,-0.00137,31.2516533,75.7047583,0.000,11.92
935.397,0.10095,0.38805,9.84795,0.00151,0.00151,-0.00027,31.2516533,75.7047583,0.000,11.92
935.506,0.30195,0.06195,9.78300,-0.00165,-0.00179,0.00082,31.2516533,75.7047583,0.000,11.92
935.609,0.16095,0.32595,9.83400,0.00261,0.00041,-0.00027,31.2516533,75.7047583,0.000,11.92
935.711,0.18000,0.27495,9.82395,-0.00069,0.00041,0.00082,31.2516533,75.7047583,0.000,11.92
935.814,0.24705,0.13905,9.82605,-0.00165,-0.00069,-0.00027,31.2516533,75.7047583,0.000,11.92
935.919,0.19200,0.22995,9.85800,0.00041,0.00041,0.00082,31.2516533,75.7047583,0.000,11.92
936.020,0.19605,0.28995,9.85500,-0.00165,-0.00179,0.00082,31.2516533,75.7047583,0.000,11.92
936.122,0.22305,0.17700,9.77895,-0.00069,-0.00179,-0.00027,31.2516533,75.7047583,0.000,11.92
936.224,0.24705,0.18195,9.82605,-0.00069,-0.00179,-0.00027,31.2516533,75.7047583,0.000,11.92
936.325,0.18900,0.28695,9.81705,0.00151,-0.00069,-0.00027,31.2516533,75.7047583,0.000,11.92
936.429,0.21600,0.22800,9.76695,-0.00069,-0.00179,-0.00027,31.2516533,75.7047583,0.000,11.92
936.531,0.24900,0.15795,9.79095,-0.00069,0.00041,-0.00027,31.2516533,75.7047583,0.000,11.92
936.634,0.17505,0.28305,9.85305,0.00151,0.00041,0.00082,31.2516533,75.7047583,0.000,11.92
936.736,0.16095,0.25095,9.82395,-0.00165,0.00041,-0.00027,31.2516533,75.7047583,0.000,11.92
936.845,0.27105,0.16800,9.78600,0.00041,-0.00179,-0.00027,31.2516533,75.7047583,0.000,11.92
936.949,0.18000,0.28005,9.81405,0.00151,0.00151,0.00082,31.2516533,75.7047583,0.000,11.92
937.054,0.22005,0.20100,9.76695,-0.00165,-0.00069,-0.00027,31.2516533,75.7047583,0.000,11.92
937.156,0.26100,0.19605,9.79305,0.00041,-0.00069,0.00082,31.2516533,75.7047583,0.000,11.92
937.259,0.16995,0.24195,9.83400,0.00151,0.00151,-0.00027,31.2516533,75.7047583,0.000,11.92
937.362,0.19200,0.26805,9.79995,0.00041,-0.00069,-0.00137,31.2516533,75.7047583,0.000,11.92
937.464,0.24705,0.25095,9.78300,-0.00069,0.00041,-0.00027,31.2516533,75.7047583,0.000,11.92
937.567,0.23205,0.19905,9.79095,0.00041,0.00151,0.00082,31.2516533,75.7047583,0.000,11.92
937.671,0.16095,0.27300,9.82905,0.00041,0.00151,0.00082,31.2516533,75.7047583,0.000,11.92
937.776,0.24195,0.14895,9.73800,-0.00165,-0.00179,-0.00027,31.2516533,75.7047583,0.000,11.92
937.879,0.21600,0.21105,9.79095,-0.00069,0.00151,-0.00027,,,,
937.982,0.14895,0.29895,9.78795,0.00151,0.00151,0.00192,,,,
938.086,0.25095,0.19200,9.78600,-0.00165,-0.00179,-0.00027,,,,
938.190,0.22305,0.20805,9.82395,0.00041,-0.00069,-0.00027,31.2516533,75.7047583,0.000,11.92
938.296,0.18195,0.23205,9.78795,0.00151,-0.00069,0.00082,31.2516533,75.7047583,0.000,11.92
938.403,0.23205,0.25095,9.79095,-0.00069,-0.00069,0.00082,31.2516533,75.7047583,0.000,11.92
938.508,0.24705,0.21105,9.78105,-0.00069,0.00151,0.00082,31.2516533,75.7047583,0.000,11.92
938.615,0.19605,0.22800,9.80205,0.00041,0.00041,0.00082,31.2516533,75.7047583,0.000,11.92
938.723,0.18000,0.09600,9.72600,-0.00069,-0.00179,-0.00027,31.2516533,75.7047583,0.000,11.92
938.831,0.20400,0.29895,9.77895,0.00151,0.00151,0.00082,31.2516533,75.7047583,0.000,11.92
938.939,0.24195,0.21105,9.75900,-0.00165,0.00041,-0.00027,31.2516533,75.7047583,0.000,11.92
939.059,0.19200,0.24705,9.78300,-0.00069,-0.00069,0.00082,31.2516533,75.7047583,0.000,11.92
939.163,0.24000,0.22500,9.88200,0.00151,-0.00179,0.00082,31.2516583,75.7047583,0.000,11.92
939.267,0.18195,0.17205,9.78300,-0.00165,-0.00179,0.00082,31.2516583,75.7047583,0.000,11.92
939.374,0.19605,0.20595,9.79800,-0.00165,0.00041,0.00082,31.2516583,75.7047583,0.000,11.92
939.481,0.24405,0.19395,9.79095,0.00041,-0.00179,-0.00027,31.2516583,75.7047583,0.000,11.92
939.588,0.14595,0.17505,9.75195,0.00467,-0.00275,-0.00027,31.2516583,75.7047583,0.000,11.92
939.696,0.15795,0.17505,9.75705,0.01856,-0.01127,-0.00027,31.2516583,75.7047583,0.000,11.92
939.804,1.45605,2.78505,12.08205,-0.00069,-0.00069,0.01045,31.2516583,75.7047583,0.000,11.92
939.909,0.66600,-0.43500,9.82905,0.00687,-0.00385,0.00192,31.2516583,75.7047583,0.000,11.92
940.016,0.03105,0.61500,9.70695,0.00467,0.00151,0.00619,31.2516583,75.7047583,0.000,11.92
940.125,0.10800,0.44295,9.90795,0.00041,0.00357,-0.00027,31.2516583,75.7047583,0.000,11.92
940.234,0.32100,0.24405,9.77400,0.00261,-0.00275,0.00192,31.2516550,75.7047567,0.000,11.92
940.341,0.19905,0.52395,9.87405,0.00577,0.00357,-0.00027,31.2516550,75.7047567,0.000,11.92
940.447,0.12900,0.28305,9.78300,-0.00069,0.00151,0.00192,31.2516550,75.7047567,0.000,11.92
940.554,0.35400,0.21105,9.78300,-0.00069,-0.00179,0.00082,31.2516550,75.7047567,0.000,11.92
940.661,0.18195,0.33000,9.83400,0.00151,0.00041,-0.00027,31.2516550,75.7047567,0.000,11.92
940.768,0.28995,0.24405,9.81900,-0.00069,0.00041,-0.00027,31.2516550,75.7047567,0.000,11.92
940.875,0.20805,0.30195,9.82605,0.00041,0.00151,0.00082,31.2516550,75.7047567,0.000,11.92
940.981,0.25095,0.28305,9.85800,-0.00069,-0.00069,0.00082,31.2516550,75.7047567,0.000,11.92
941.089,0.20100,0.26805,9.82905,-0.00069,0.00041,0.00192,31.2516550,75.7047567,0.000,11.92
941.197,0.22995,0.28305,9.87000,-0.00069,0.00041,0.00082,31.2516533,75.7047567,0.000,11.92
941.302,0.25905,0.28005,9.83400,-0.00069,0.00151,-0.00027,31.2516533,75.7047567,0.000,11.92
941.405,0.21105,0.26805,9.79995,-0.00165,-0.00069,0.00082,31.2516533,75.7047567,0.000,11.92
941.511,0.26100,0.19905,9.76395,-0.00165,-0.00179,0.00192,31.2516533,75.7047567,0.000,11.92
941.618,0.20805,0.28695,9.79995,-0.00069,-0.00069,0.00082,31.2516533,75.7047567,0.000,11.92
941.726,0.25095,0.24705,9.79995,0.00041,-0.00069,-0.00027,31.2516533,75.7047567,0.000,11.92
941.834,0.22800,0.28695,9.79800,0.00151,0.00041,0.00082,31.2516533,75.7047567,0.000,11.92
941.941,0.21795,0.24195,9.82200,-0.00069,0.00151,0.00082,31.2516533,75.7047567,0.000,11.92
942.048,0.22305,0.24195,9.79095,0.00151,0.00041,0.00082,31.2516533,75.7047567,0.000,11.92
942.152,0.22305,0.26295,9.85005,-0.00165,0.00151,0.00082,31.2516533,75.7047483,0.000,11.92
942.256,0.24900,0.27105,9.82905,-0.00069,0.00041,-0.00027,31.2516533,75.7047483,0.000,11.92
942.366,0.23505,0.27300,9.85800,-0.00069,0.00151,-0.00027,31.2516533,75.7047483,0.000,11.92
942.475,0.24900,0.26100,9.81900,0.00041,-0.00069,0.00082,31.2516533,75.7047483,0.000,11.92
942.583,0.24195,0.27105,9.81705,0.00151,-0.00069,0.00082,31.2516533,75.7047483,0.000,11.92
942.690,0.23505,0.27795,9.84600,0.00041,0.00247,-0.00027,31.2516533,75.7047483,0.000,11.92
942.796,0.24195,0.26295,9.82395,-0.00069,0.00041,0.00082,31.2516533,75.7047483,0.000,11.92
942.920,0.24405,0.24705,9.78300,0.00041,-0.00069,0.00082,31.2516533,75.7047483,0.000,11.92
943.028,0.25095,0.26295,9.79095,-0.00069,0.00041,0.00192,31.2516533,75.7047483,0.000,11.92
943.137,0.24705,0.26805,9.79305,-0.00069,0.00041,-0.00137,31.2516533,75.7047483,0.000,11.92
943.244,0.23700,0.24195,9.84300,0.00041,-0.00069,-0.00027,31.2516550,75.7047383,0.000,11.92
943.350,0.24900,0.28500,9.79995,0.00041,0.00151,-0.00027,31.2516550,75.7047383,0.000,11.92
943.458,0.24900,0.22995,9.70200,0.00041,0.00041,-0.00027,31.2516550,75.7047383,0.000,11.92
943.565,0.24705,0.28500,9.78600,0.00041,-0.00179,0.00082,31.2516550,75.7047383,0.000,11.92
943.672,0.22005,0.24405,9.82605,0.00041,-0.00069,0.00082,31.2516550,75.7047383,0.000,11.92
943.780,0.22995,0.22305,9.80700,0.00041,0.00041,-0.00027,31.2516550,75.7047383,0.000,11.92
943.886,0.22005,0.26595,9.81405,-0.00069,-0.00069,-0.00027,31.2516550,75.7047383,0.000,11.92
943.993,0.24405,0.24705,9.77895,-0.00069,-0.00179,-0.00027,31.2516550,75.7047383,0.000,11.92
944.100,0.22995,0.26100,9.81900,-0.00069,-0.00069,0.00082,31.2516550,75.7047383,0.000,11.92
944.207,0.22995,0.23700,9.79995,-0.00069,0.00041,0.00082,31.2516567,75.7047333,0.000,11.92
944.311,0.22500,0.26595,9.82200,-0.00069,0.00151,-0.00027,31.2516567,75.7047333,0.000,11.92
944.418,0.21300,0.28695,9.84600,0.00041,0.00041,0.00082,31.2516567,75.7047333,0.000,11.92
944.527,0.23700,0.24195,9.81705,-0.00069,-0.00069,0.00082,31.2516567,75.7047333,0.000,11.92
944.631,0.24000,0.23205,9.79095,-0.00069,-0.00069,-0.00027,31.2516567,75.7047333,0.000,11.92
944.734,0.21300,0.27795,9.78600,-0.00069,-0.00069,-0.00027,31.2516567,75.7047333,0.000,11.92
944.840,0.22995,0.24405,9.80205,0.00041,0.00041,0.00082,31.2516567,75.7047333,0.000,11.92
944.948,0.19905,0.27495,9.81195,0.00041,0.00151,-0.00027,31.2516567,75.7047333,0.000,11.92
945.055,0.21105,0.19395,9.77100,-0.00069,-0.00069,-0.00027,31.2516567,75.7047333,0.000,11.92
945.163,0.20100,0.26595,9.81195,0.00041,0.00041,-0.00027,31.2516550,75.7047267,0.000,11.92
945.270,0.21795,0.24195,9.80505,0.00151,-0.00069,0.00082,31.2516550,75.7047267,0.000,11.92
945.376,0.25395,0.26100,9.83805,0.00041,0.00041,0.00082,31.2516550,75.7047267,0.000,11.92
945.483,0.22995,0.30705,9.84600,-0.00069,-0.00069,0.00082,31.2516550,75.7047267,0.000,11.92
945.592,0.24900,0.22995,9.82395,0.00041,-0.00069,-0.00027,31.2516550,75.7047267,0.000,11.92
945.699,0.22800,0.28305,9.84795,0.00151,0.00041,-0.00027,31.2516550,75.7047267,0.000,11.92
945.807,0.22995,0.27105,9.87000,0.00041,0.00151,0.00082,31.2516550,75.7047267,0.000,11.92
945.915,0.21300,0.26595,9.83100,0.00041,0.00041,0.00082,31.2516550,75.7047267,0.000,11.92
946.023,0.23700,0.26295,9.81705,0.00041,0.00041,-0.00027,31.2516550,75.7047267,0.000,11.92
946.132,0.23505,0.28695,9.85995,0.00041,0.00151,-0.00027,31.2516550,75.7047267,0.000,11.92
946.244,0.22800,0.27300,9.82905,0.00041,-0.00069,-0.00027,31.2516567,75.7047267,0.000,11.92
946.351,0.24195,0.26595,9.82200,-0.00069,-0.00069,-0.00027,31.2516567,75.7047267,0.000,11.92
946.458,0.20400,0.25905,9.83595,0.00151,-0.00069,-0.00137,31.2516567,75.7047267,0.000,11.92
946.564,0.22005,0.30900,9.83805,0.00041,0.00041,-0.00027,31.2516567,75.7047267,0.000,11.92
946.671,0.21300,0.27105,9.83805,-0.00069,0.00041,0.00082,31.2516567,75.7047267,0.000,11.92
946.798,0.23505,0.23205,9.81195,-0.00069,0.00041,-0.00027,31.2516567,75.7047267,0.000,11.92
946.903,0.19200,0.27795,9.80700,0.00151,0.00151,-0.00027,31.2516567,75.7047267,0.000,11.92
947.011,0.20595,0.26295,9.82905,-0.00069,0.00041,-0.00027,31.2516567,75.7047267,0.000,11.92
947.119,0.20805,0.25905,9.79995,0.00041,-0.00069,-0.00027,31.2516567,75.7047267,0.000,11.92
947.227,0.22305,0.24900,9.79995,-0.00069,-0.00069,0.00082,31.2516567,75.7047217,0.000,11.92
947.335,0.25395,0.24195,9.78300,0.00041,-0.00179,-0.00137,31.2516567,75.7047217,0.000,11.92
947.441,0.23205,0.27300,9.79995,0.00041,-0.00069,-0.00137,31.2516567,75.7047217,0.000,11.92
947.549,0.24705,0.24705,9.77100,0.00041,-0.00069,-0.00027,31.2516567,75.7047217,0.000,11.92
947.657,0.22800,0.23505,9.78600,0.00041,-0.00069,-0.00027,31.2516567,75.7047217,0.000,11.92
947.764,0.21600,0.25605,9.79995,0.00041,0.00041,0.00082,31.2516567,75.7047217,0.000,11.92
947.873,0.23700,0.27105,9.80205,-0.00179,0.00137,0.00055,31.2516567,75.7047217,0.000,11.92
947.977,0.25905,0.35700,9.84300,-0.00715,0.00564,0.00055,31.2516567,75.7047217,0.000,11.92
948.085,0.25095,0.38100,9.85800,-0.02090,0.01306,-0.00151,31.2516567,75.7047217,0.000,11.92
948.193,-0.04695,1.42905,12.05505,0.00990,-0.02310,0.01554,31.2516567,75.7047183,0.000,11.92
948.301,0.81405,-0.32700,9.45300,-0.00605,-0.02104,-0.00577,31.2516567,75.7047183,0.000,11.92
948.409,0.15795,0.24900,9.79995,0.00247,0.00880,0.00165,31.2516567,75.7047183,0.000,11.92
948.516,-0.39405,0.44100,10.03995,0.00137,0.01100,0.00275,31.2516567,75.7047183,0.000,11.92
948.625,0.14595,-0.28605,9.71595,-0.01031,-0.00289,-0.00371,31.2516567,75.7047183,0.000,11.92
948.732,0.30195,-0.07800,9.91695,-0.00069,0.00454,0.00055,31.2516567,75.7047183,0.000,11.92
948.840,0.00495,0.54600,9.84300,0.00467,0.00137,0.00055,31.2516567,75.7047183,0.000,11.92
948.949,0.30195,0.14100,9.86205,-0.00385,-0.00289,-0.00055,31.2516567,75.7047183,0.000,11.92
949.056,0.25095,0.17205,9.82200,0.00137,0.00027,0.00165,31.2516567,75.7047183,0.000,11.92
949.161,0.12705,0.32295,9.88605,-0.00069,0.00137,-0.00055,31.2516567,75.7047200,0.000,11.92
949.263,0.26595,0.13200,9.79800,-0.00179,-0.00179,0.00165,31.2516567,75.7047200,0.000,11.92
949.366,0.21105,0.22305,9.80205,0.00041,0.00137,-0.00055,31.2516567,75.7047200,0.000,11.92
949.474,0.23700,0.23505,9.81195,-0.00069,0.00027,0.00055,31.2516567,75.7047200,0.000,11.92
949.582,0.19395,0.24900,9.84300,0.00137,-0.00082,-0.00055,31.2516567,75.7047200,0.000,11.92
949.690,0.24705,0.20400,9.79500,-0.00069,-0.00179,-0.00055,31.2516567,75.7047200,0.000,11.92
949.797,0.19395,0.28305,9.88605,0.00137,0.00137,0.00055,31.2516567,75.7047200,0.000,11.92
949.906,0.21795,0.25605,9.79095,-0.00069,-0.00082,-0.00055,31.2516567,75.7047200,0.000,11.92
950.014,0.23205,0.21600,9.85005,0.00137,0.00027,0.00055,31.2516567,75.7047200,0.000,11.92
950.125,0.16500,0.31395,9.78105,0.00041,0.00027,0.00055,31.2516567,75.7047200,0.000,11.92
950.233,0.25395,0.16800,9.79095,0.00137,0.00027,0.00055,31.2516583,75.7047200,0.000,11.92
950.341,0.16305,0.32595,9.83805,0.00137,0.00027,0.00165,31.2516583,75.7047200,0.000,11.92
950.450,0.26100,0.18195,9.79305,0.00041,-0.00082,-0.00055,31.2516583,75.7047200,0.000,11.92
950.558,0.15600,0.30405,9.80700,0.00137,0.00137,0.00055,31.2516583,75.7047200,0.000,11.92
950.667,0.15105,0.28305,9.81000,0.00137,0.00027,0.00055,31.2516583,75.7047200,0.000,11.92
950.776,0.28305,0.20595,9.81000,-0.00069,-0.00082,0.00055,31.2516583,75.7047200,0.000,11.92
950.884,0.16305,0.21300,9.79995,0.00247,0.00027,-0.00055,31.2516583,75.7047200,0.000,11.92
950.992,0.19395,0.25095,9.81405,0.00357,-0.00179,-0.00055,31.2516583,75.7047200,0.000,11.92
951.099,0.25905,0.28005,9.82905,0.00041,-0.00082,-0.00055,31.2516583,75.7047200,0.000,11.92
951.217,0.20595,0.22800,9.84105,-0.00289,0.00137,-0.00055,31.2516583,75.7047217,0.000,11.92
951.325,0.20595,0.23505,9.79095,0.00041,-0.00082,0.00055,31.2516583,75.7047217,0.000,11.92
951.432,0.22800,0.16305,9.79500,0.00041,-0.00082,-0.00055,31.2516583,75.7047217,0.000,11.92
951.539,0.16095,0.11295,9.76695,0.01320,-0.00715,0.00055,31.2516583,75.7047217,0.000,11.92
951.648,0.20400,0.28695,9.82200,0.01636,-0.01031,0.00055,31.2516583,75.7047217,0.000,11.92
951.774,0.74895,1.36695,10.23105,0.00041,-0.03382,-0.00055,31.2516583,75.7047217,0.000,11.92
951.882,0.47400,0.33795,9.93900,-0.00289,-0.01141,-0.00151,31.2516583,75.7047217,0.000,11.92
951.990,0.38805,0.22800,9.80505,0.00041,-0.00179,-0.00055,31.2516583,75.7047217,0.000,11.92
952.098,0.23505,0.31395,9.79305,-0.00069,-0.00289,-0.00055,31.2516583,75.7047217,0.000,11.92
952.207,0.30405,0.23700,9.81705,-0.00179,-0.00179,0.00055,31.2516567,75.7047217,0.000,11.92
952.315,0.19905,0.28305,9.78300,0.00041,0.00027,0.00055,31.2516567,75.7047217,0.000,11.92
952.423,0.26595,0.23700,9.81705,-0.00069,-0.00082,0.00055,31.2516567,75.7047217,0.000,11.92
952.529,0.13200,0.26595,9.78795,0.00247,0.00137,-0.00055,31.2516567,75.7047217,0.000,11.92
952.637,0.22500,0.24195,9.80505,-0.00069,-0.00082,0.00055,31.2516567,75.7047217,0.000,11.92
952.745,0.18405,0.28500,9.82200,0.00041,0.00027,-0.00055,31.2516567,75.7047217,0.000,11.92
952.853,0.24195,0.23205,9.78795,0.00041,-0.00082,-0.00055,31.2516567,75.7047217,0.000,11.92
952.961,0.20805,0.29700,9.79305,-0.00069,0.00027,-0.00055,31.2516567,75.7047217,0.000,11.92
953.069,0.22995,0.23505,9.82605,-0.00179,0.00027,0.00055,31.2516567,75.7047217,0.000,11.92
953.179,0.20400,0.28695,9.80700,0.00041,0.00027,-0.00055,31.2516550,75.7047167,0.000,11.92
953.288,0.25605,0.24405,9.82605,-0.00179,-0.00082,0.00165,31.2516550,75.7047167,0.000,11.92
953.396,0.24195,0.26100,9.80700,-0.00069,0.00027,0.00055,31.2516550,75.7047167,0.000,11.92
953.501,0.24405,0.29205,9.84105,0.00041,0.00027,0.00055,31.2516550,75.7047167,0.000,11.92
953.604,0.24705,0.25395,9.81705,0.00041,0.00027,-0.00055,31.2516550,75.7047167,0.000,11.92
953.712,0.24405,0.28305,9.82200,-0.00179,0.00027,-0.00055,31.2516550,75.7047167,0.000,11.92
953.820,0.23205,0.27300,9.85800,0.00137,0.00027,0.00055,31.2516550,75.7047167,0.000,11.92
953.928,0.24705,0.25395,9.83400,0.00041,0.00027,0.00055,31.2516550,75.7047167,0.000,11.92
954.036,0.23205,0.28695,9.87195,0.00041,0.00137,-0.00055,31.2516550,75.7047167,0.000,11.92
954.145,0.22005,0.26100,9.87000,-0.00179,0.00027,0.00055,31.2516550,75.7047167,0.000,11.92
954.252,0.25905,0.30405,9.85500,-0.00069,-0.00082,0.00055,31.2516533,75.7047150,0.000,11.92
954.361,0.21795,0.27795,9.84300,0.00041,0.00027,-0.00055,31.2516533,75.7047150,0.000,11.92
954.469,0.22995,0.24405,9.82200,0.00041,0.00027,-0.00055,31.2516533,75.7047150,0.000,11.92
954.577,0.22800,0.27105,9.86700,0.00137,0.00137,-0.00055,31.2516533,75.7047150,0.000,11.92
954.686,0.22305,0.24195,9.79500,-0.00069,-0.00082,-0.00055,31.2516533,75.7047150,0.000,11.92
954.795,0.24000,0.28005,9.80205,-0.00069,0.00027,0.00055,31.2516533,75.7047150,0.000,11.92
954.902,0.24705,0.25095,9.83805,0.00041,0.00137,0.00055,31.2516533,75.7047150,0.000,11.92
955.011,0.22995,0.27495,9.82395,0.00041,0.00027,0.00055,31.2516533,75.7047150,0.000,11.92
955.119,0.24000,0.28500,9.87900,-0.00069,0.00137,-0.00055,31.2516533,75.7047150,0.000,11.92
955.228,0.24000,0.28695,9.85005,-0.00069,-0.00082,-0.00055,31.2516583,75.7047117,0.000,11.92
955.337,0.26100,0.29895,9.82605,-0.00069,-0.00082,0.00055,31.2516583,75.7047117,0.000,11.92
955.445,0.24705,0.26295,9.80205,-0.00069,-0.00082,-0.00055,31.2516583,75.7047117,0.000,11.92
955.553,0.26595,0.27795,9.81000,0.00137,0.00027,-0.00055,31.2516583,75.7047117,0.000,11.92
955.661,0.20400,0.26805,9.82605,0.00041,0.00137,0.00055,31.2516583,75.7047117,0.000,11.92
955.769,0.22995,0.25905,9.81405,0.00041,0.00027,-0.00055,31.2516583,75.7047117,0.000,11.92
955.877,0.20400,0.30900,9.80205,0.00041,0.00137,0.00055,31.2516583,75.7047117,0.000,11.92
955.985,0.23700,0.24195,9.78300,0.00137,-0.00082,0.00055,31.2516583,75.7047117,0.000,11.92
956.093,0.23700,0.28500,9.86505,0.00041,0.00027,-0.00055,31.2516583,75.7047117,0.000,11.92
956.201,0.22800,0.25605,9.82905,-0.00069,0.00027,0.00055,31.2516617,75.7047067,0.000,11.92
956.309,0.24195,0.25605,9.83805,-0.00179,0.00137,-0.00055,31.2516617,75.7047067,0.000,11.92
956.417,0.22800,0.26805,9.78600,-0.00069,0.00027,-0.00055,31.2516617,75.7047067,0.000,11.92
956.524,0.24705,0.24195,9.81195,0.00041,0.00247,-0.00055,31.2516617,75.7047067,0.000,11.92
956.632,0.24900,0.23895,9.79800,-0.00069,-0.00082,0.00055,31.2516617,75.7047067,0.000,11.92
956.740,0.24195,0.22995,9.79500,-0.00069,0.00027,0.00055,31.2516617,75.7047067,0.000,11.92
956.848,0.20805,0.26295,9.78600,0.00041,0.00027,0.00055,31.2516617,75.7047067,0.000,11.92
956.957,0.24900,0.24705,9.78105,-0.00179,-0.00082,0.00055,31.2516617,75.7047067,0.000,11.92
957.066,0.23205,0.26595,9.81195,0.00041,0.00027,-0.00055,31.2516617,75.7047067,0.000,11.92
957.174,0.25605,0.24900,9.83805,-0.00069,0.00137,0.00055,31.2516583,75.7047083,0.000,11.92
957.287,0.22305,0.28695,9.87405,0.00041,0.00137,-0.00055,31.2516583,75.7047083,0.000,11.92
957.395,0.23700,0.27300,9.82605,-0.00069,-0.00179,0.00055,31.2516583,75.7047083,0.000,11.92
957.504,0.22800,0.24195,9.82200,0.00041,-0.00082,-0.00055,31.2516583,75.7047083,0.000,11.92
957.612,0.23505,0.28695,9.85305,-0.00069,0.00027,0.00055,31.2516583,75.7047083,0.000,11.92
957.719,0.23700,0.24900,9.82200,0.00041,0.00027,0.00055,31.2516583,75.7047083,0.000,11.92
957.847,0.24405,0.23700,9.79995,0.00041,-0.00082,0.00055,31.2516583,75.7047083,0.000,11.92
957.955,0.20805,0.24195,9.76395,0.00137,0.00027,-0.00055,,,,
958.061,0.19905,0.27495,9.82200,0.00041,0.00027,0.00055,,,,
958.169,0.25095,0.23895,9.78105,0.00137,-0.00082,-0.00055,31.2516583,75.7047083,0.000,11.92
958.278,0.23205,0.29895,9.79995,0.00041,-0.00082,0.00055,31.2516583,75.7047083,0.000,11.92
958.400,0.23700,0.32595,9.84600,-0.00069,-0.00399,-0.00151,31.2516583,75.7047083,0.000,11.92
958.508,0.20595,0.27105,9.85005,-0.00069,0.00027,-0.00055,31.2516583,75.7047083,0.000,11.92
958.616,0.21795,0.25395,9.84600,-0.00069,0.00027,-0.00055,31.2516583,75.7047083,0.000,11.92
958.725,0.21300,0.23700,9.81705,-0.00069,0.00027,-0.00055,31.2516583,75.7047083,0.000,11.92
958.833,0.24000,0.24705,9.81000,0.00041,-0.00082,0.00165,31.2516583,75.7047083,0.000,11.92
958.941,0.23700,0.28500,9.84105,-0.00069,0.00027,0.00055,31.2516583,75.7047083,0.000,11.92
959.049,0.21300,0.27105,9.85800,0.00041,0.00027,-0.00055,31.2516583,75.7047083,0.000,11.92
959.157,0.22005,0.28995,9.85800,0.00041,0.00027,-0.00055,31.2516583,75.7047083,0.000,11.92
959.265,0.22305,0.27105,9.86205,-0.00069,0.00027,0.00165,31.2516583,75.7047050,0.000,11.92
959.371,0.24405,0.26100,9.85005,0.00041,0.00137,-0.00055,31.2516583,75.7047050,0.000,11.92
959.495,0.19605,0.25905,9.80505,-0.00069,0.00027,0.00055,31.2516583,75.7047050,0.000,11.92
959.604,0.24195,0.24900,9.82605,0.00137,0.00027,-0.00055,31.2516583,75.7047050,0.000,11.92
959.713,0.24405,0.21600,9.79095,0.00041,-0.00082,0.00055,31.2516583,75.7047050,0.000,11.92
959.821,0.23205,0.25395,9.78300,0.00137,-0.00082,-0.00055,31.2516583,75.7047050,0.000,11.92
959.926,0.22500,0.24900,9.80700,-0.00055,-0.00082,0.00055,31.2516583,75.7047050,0.000,11.92
960.054,0.22005,0.25605,9.78600,-0.00055,-0.00082,0.00055,31.2516583,75.7047050,0.000,11.92
960.163,0.23505,0.24195,9.76200,-0.00055,-0.00082,0.00055,31.2516583,75.7047050,0.000,11.92
960.272,0.22995,0.25095,9.79995,0.00041,0.00027,-0.00151,31.2516550,75.7047033,0.000,11.92
960.381,0.23205,0.24195,9.78300,0.00041,-0.00082,0.00055,31.2516550,75.7047033,0.000,11.92
960.489,0.21795,0.22800,9.77595,0.00151,0.00027,-0.00041,31.2516550,75.7047033,0.000,11.92
960.595,0.21795,0.23505,9.78795,0.00041,-0.00082,0.00055,31.2516550,75.7047033,0.000,11.92
960.702,0.23205,0.24405,9.78795,-0.00055,-0.00082,-0.00041,31.2516550,75.7047033,0.000,11.92
960.809,0.22995,0.30405,9.84105,0.00041,0.00027,-0.00041,31.2516550,75.7047033,0.000,11.92
960.917,0.23700,0.23895,9.79995,0.00041,0.00137,-0.00041,31.2516550,75.7047033,0.000,11.92
961.025,0.24000,0.28005,9.82200,0.00041,0.00027,0.00055,31.2516550,75.7047033,0.000,11.92
961.150,0.24405,0.28995,9.82200,0.00041,0.00027,-0.00041,31.2516550,75.7047033,0.000,11.92
961.257,0.22800,0.33000,9.87900,0.00041,0.00027,-0.00041,31.2516517,75.7047000,0.000,11.92
961.362,0.23505,0.25095,9.77595,-0.00165,-0.00082,0.00055,31.2516517,75.7047000,0.000,11.92
961.471,0.20805,0.28005,9.81405,0.00151,-0.00082,-0.00041,31.2516517,75.7047000,0.000,11.92
961.578,0.21795,0.27495,9.83400,-0.00055,0.00027,-0.00041,31.2516517,75.7047000,0.000,11.92
961.706,0.22800,0.28005,9.83400,-0.00055,0.00137,-0.00041,31.2516517,75.7047000,0.000,11.92
961.814,0.23700,0.27495,9.82395,0.00041,0.00027,-0.00041,31.2516517,75.7047000,0.000,11.92
961.922,0.22005,0.27795,9.79995,0.00151,-0.00082,0.00055,31.2516517,75.7047000,0.000,11.92
962.029,0.24900,0.28995,9.80205,0.00041,-0.00082,0.00165,31.2516517,75.7047000,0.000,11.92
962.137,0.25395,0.27795,9.81195,0.00041,0.00027,-0.00151,31.2516517,75.7047000,0.000,11.92
962.243,0.22305,0.25095,9.79095,-0.00055,0.00027,0.00055,31.2516500,75.7047017,0.000,11.92
962.346,0.22005,0.28305,9.83595,0.00041,0.00027,0.00055,31.2516500,75.7047017,0.000,11.92
962.451,0.22800,0.28500,9.83100,-0.00055,0.00027,0.00055,31.2516500,75.7047017,0.000,11.92
962.559,0.24000,0.25905,9.82905,0.00151,0.00027,0.00055,31.2516500,75.7047017,0.000,11.92
962.667,0.22500,0.28695,9.85305,0.00041,0.00137,0.00055,31.2516500,75.7047017,0.000,11.92
962.774,0.22305,0.25905,9.81405,0.00151,0.00027,0.00055,31.2516500,75.7047017,0.000,11.92
962.882,0.24405,0.24900,9.81705,0.00151,0.00027,0.00055,31.2516500,75.7047017,0.000,11.92
962.991,0.23205,0.27495,9.81000,0.00041,0.00027,0.00055,31.2516500,75.7047017,0.000,11.92
963.098,0.24195,0.22800,9.78105,0.00041,-0.00082,0.00165,31.2516500,75.7047017,0.000,11.92
963.206,0.27300,0.30705,9.78600,0.00041,0.00027,-0.00041,31.2516467,75.7047033,0.000,11.92
963.314,0.25905,0.23505,9.80505,0.00041,-0.00192,0.00055,31.2516467,75.7047033,0.000,11.92
963.422,0.24195,0.25395,9.78105,0.00151,-0.00192,0.00055,31.2516467,75.7047033,0.000,11.92
963.529,0.24195,0.26595,9.81405,0.00041,-0.00082,0.00055,31.2516467,75.7047033,0.000,11.92
963.637,0.21795,0.25395,9.79500,-0.00055,0.00137,0.00055,31.2516467,75.7047033,0.000,11.92
963.745,0.22995,0.26595,9.80700,-0.00055,0.00027,0.00055,31.2516467,75.7047033,0.000,11.92
963.854,0.23505,0.24405,9.80505,0.00041,0.00027,-0.00041,31.2516467,75.7047033,0.000,11.92
963.962,0.23505,0.28005,9.81900,-0.00055,-0.00082,0.00055,31.2516467,75.7047033,0.000,11.92
964.070,0.22800,0.27105,9.81195,0.00041,0.00027,0.00055,31.2516467,75.7047033,0.000,11.92
964.178,0.24705,0.28005,9.81195,-0.00055,0.00027,-0.00151,31.2516467,75.7047033,0.000,11.92
964.286,0.22800,0.26100,9.81900,0.00151,0.00027,0.00055,31.2516450,75.7047033,0.000,11.92
964.391,0.23505,0.27795,9.82905,-0.00055,0.00137,-0.00041,31.2516450,75.7047033,0.000,11.92
964.498,0.26805,0.24705,9.81000,-0.00055,-0.00082,-0.00041,31.2516450,75.7047033,0.000,11.92
964.602,0.25095,0.28500,9.81195,-0.00055,-0.00082,-0.00041,31.2516450,75.7047033,0.000,11.92
964.709,0.25395,0.27795,9.86505,-0.00055,-0.00082,-0.00041,31.2516450,75.7047033,0.000,11.92
964.818,0.23505,0.27495,9.83805,-0.00055,0.00027,0.00055,31.2516450,75.7047033,0.000,11.92
964.926,0.26295,0.25395,9.82395,0.00041,0.00137,-0.00041,31.2516450,75.7047033,0.000,11.92
965.034,0.22800,0.26295,9.81000,0.00041,0.00027,-0.00041,31.2516450,75.7047033,0.000,11.92
965.142,0.25905,0.24405,9.79800,-0.00055,-0.00082,-0.00041,31.2516450,75.7047033,0.000,11.92
965.250,0.23700,0.26595,9.81405,0.00041,0.00027,-0.00041,31.2516450,75.7047033,0.000,11.92
965.357,0.24000,0.26805,9.80205,-0.00055,-0.00082,-0.00041,31.2516450,75.7047033,0.000,11.92
965.464,0.22005,0.27300,9.82395,0.00041,-0.00192,-0.00041,31.2516450,75.7047033,0.000,11.92
965.571,0.22500,0.26100,9.81195,0.00041,0.00027,-0.00041,31.2516450,75.7047033,0.000,11.92
965.679,0.22500,0.24900,9.80205,0.00041,0.00027,-0.00151,31.2516450,75.7047033,0.000,11.92
965.788,0.22005,0.25905,9.81195,0.00041,0.00027,0.00055,31.2516450,75.7047033,0.000,11.92
965.896,0.21300,0.25395,9.80700,-0.00055,0.00027,-0.00041,31.2516450,75.7047033,0.000,11.92
966.002,0.22800,0.24195,9.78600,0.00041,0.00027,0.00055,31.2516450,75.7047033,0.000,11.92
966.124,0.22005,0.28305,9.87405,0.00041,0.00027,-0.00041,31.2516450,75.7047033,0.000,11.92
966.233,0.22500,0.29700,9.85500,0.00151,0.00137,-0.00041,31.2516450,75.7047033,0.000,11.92
966.341,0.21795,0.25395,9.82200,0.00041,0.00137,0.00055,31.2516450,75.7047033,0.000,11.92
966.449,0.24900,0.26100,9.84600,0.00151,0.00027,-0.00041,31.2516450,75.7047033,0.000,11.92
966.557,0.24000,0.28995,9.82905,-0.00055,0.00137,0.00055,31.2516450,75.7047033,0.000,11.92
966.664,0.24000,0.26100,9.81195,-0.00055,0.00137,0.00055,31.2516450,75.7047033,0.000,11.92
966.771,0.24900,0.28305,9.82395,-0.00165,-0.00082,0.00055,31.2516450,75.7047033,0.000,11.92
966.879,0.24195,0.28995,9.81195,0.00041,-0.00082,-0.00041,31.2516450,75.7047033,0.000,11.92
966.985,0.22995,0.28305,9.81000,0.00041,-0.00192,-0.00041,31.2516450,75.7047033,0.000,11.92
967.093,0.24195,0.23895,9.76200,0.00041,-0.00082,0.00055,31.2516450,75.7047033,0.000,11.92
967.201,0.21300,0.24900,9.79500,-0.00055,-0.00082,-0.00041,31.2516417,75.7047050,0.000,11.92
967.308,0.22305,0.24705,9.79995,-0.00055,0.00027,0.00055,31.2516417,75.7047050,0.000,11.92
967.416,0.24195,0.24405,9.80700,-0.00055,0.00137,0.00055,31.2516417,75.7047050,0.000,11.92
967.525,0.22995,0.28305,9.81195,0.00041,0.00027,-0.00041,31.2516417,75.7047050,0.000,11.92
967.632,0.24405,0.26805,9.81195,-0.00179,0.00027,0.00069,31.2516417,75.7047050,0.000,11.92
967.741,0.22800,0.26595,9.81000,0.00151,0.00137,-0.00041,31.2516417,75.7047050,0.000,11.92
967.847,0.22005,0.23895,9.79800,0.00041,0.00027,0.00069,31.2516417,75.7047050,0.000,11.92
967.953,0.24000,0.25605,9.83595,0.00041,0.00027,0.00069,31.2516417,75.7047050,0.000,11.92
968.061,0.21600,0.28005,9.83100,0.00151,-0.00069,-0.00041,31.2516417,75.7047050,0.000,11.92
968.168,0.22500,0.28305,9.86700,-0.00069,0.00137,0.00069,31.2516383,75.7047067,0.000,11.92
968.272,0.22005,0.27300,9.82605,0.00041,0.00027,0.00069,31.2516383,75.7047067,0.000,11.92
968.380,0.18900,0.27795,9.82395,-0.00069,0.00137,-0.00041,31.2516383,75.7047067,0.000,11.92
968.489,0.22500,0.25395,9.78105,-0.00069,-0.00069,-0.00041,31.2516383,75.7047067,0.000,11.92
968.597,0.22995,0.26295,9.82200,0.00041,-0.00069,-0.00041,31.2516383,75.7047067,0.000,11.92
968.705,0.23700,0.24195,9.77595,-0.00069,-0.00179,0.00069,31.2516383,75.7047067,0.000,11.92
968.813,0.24195,0.25395,9.82395,0.00041,0.00027,-0.00041,31.2516383,75.7047067,0.000,11.92
968.921,0.16995,0.26100,9.82200,0.00041,0.00027,0.00069,31.2516383,75.7047067,0.000,11.92
969.023,0.25095,0.26805,9.79995,-0.00069,-0.00069,-0.00041,31.2516383,75.7047067,0.000,11.92
969.131,0.21105,0.25905,9.81405,0.00041,0.00027,-0.00041,31.2516383,75.7047067,0.000,11.92
969.238,0.22995,0.22800,9.77595,0.00041,-0.00069,-0.00151,31.2516383,75.7047083,0.000,11.92
969.345,0.22800,0.25095,9.80505,0.00041,0.00027,-0.00151,31.2516383,75.7047083,0.000,11.92
969.454,0.22800,0.24705,9.78600,-0.00069,-0.00179,0.00069,31.2516383,75.7047083,0.000,11.92
969.561,0.24195,0.26805,9.79995,-0.00069,-0.00069,-0.00041,31.2516383,75.7047083,0.000,11.92
969.670,0.21600,0.24900,9.81900,-0.00069,0.00027,-0.00041,31.2516383,75.7047083,0.000,11.92
969.778,0.23505,0.30705,9.89295,-0.00069,-0.00069,0.00069,31.2516383,75.7047083,0.000,11.92
969.887,0.23205,0.28305,9.83805,0.00151,0.00137,-0.00041,31.2516383,75.7047083,0.000,11.92
970.004,0.23505,0.23205,9.78105,0.00041,-0.00069,-0.00151,31.2516383,75.7047083,0.000,11.92
970.110,0.23700,0.27300,9.84795,0.00151,-0.00179,-0.00041,31.2516383,75.7047083,0.000,11.92
970.219,0.22800,0.29700,9.84600,-0.00179,0.00027,-0.00041,31.2516400,75.7047117,0.000,11.92
970.323,0.22305,0.27105,9.82395,0.00041,0.00027,-0.00041,31.2516400,75.7047117,0.000,11.92
970.431,0.22995,0.26100,9.81900,-0.00069,0.00027,-0.00041,31.2516400,75.7047117,0.000,11.92
970.542,0.23505,0.28695,9.83595,-0.00069,-0.00069,-0.00041,31.2516400,75.7047117,0.000,11.92
970.651,0.21300,0.25095,9.79305,0.00041,0.00027,-0.00041,31.2516400,75.7047117,0.000,11.92
970.760,0.23700,0.24900,9.80205,0.00041,0.00027,-0.00041,31.2516400,75.7047117,0.000,11.92
970.863,0.22005,0.29895,9.84600,0.00041,-0.00069,-0.00151,31.2516400,75.7047117,0.000,11.92
970.968,0.23505,0.25395,9.85800,-0.00179,0.00137,-0.00041,31.2516400,75.7047117,0.000,11.92
971.071,0.26295,0.24405,9.79995,0.00041,-0.00069,-0.00041,31.2516400,75.7047117,0.000,11.92
971.173,0.22305,0.29700,9.80205,-0.00069,0.00027,0.00069,31.2516417,75.7047117,0.000,11.92
971.275,0.24705,0.25095,9.82395,0.00041,-0.00069,0.00069,31.2516417,75.7047117,0.000,11.92
971.378,0.21795,0.26595,9.84105,-0.00069,0.00027,-0.00041,31.2516417,75.7047117,0.000,11.92
971.482,0.24705,0.25395,9.79500,-0.00069,-0.00069,-0.00041,31.2516417,75.7047117,0.000,11.92
971.589,0.22800,0.26595,9.78795,-0.00069,0.00027,-0.00041,31.2516417,75.7047117,0.000,11.92
971.697,0.23505,0.22800,9.78105,0.00041,-0.00069,-0.00041,31.2516417,75.7047117,0.000,11.92
971.806,0.25605,0.25905,9.78105,-0.00069,-0.00069,0.00069,31.2516417,75.7047117,0.000,11.92
971.913,0.24705,0.25905,9.79305,-0.00179,-0.00069,0.00069,31.2516417,75.7047117,0.000,11.92
972.021,0.22800,0.27105,9.80505,-0.00069,0.00027,0.00069,31.2516417,75.7047117,0.000,11.92
972.130,0.23505,0.22995,9.77100,-0.00069,-0.00069,0.00165,31.2516417,75.7047117,0.000,11.92
972.239,0.24405,0.24900,9.80205,-0.00069,0.00027,-0.00041,31.2516417,75.7047117,0.000,11.92
972.347,0.24405,0.26595,9.79995,0.00041,0.00027,-0.00041,31.2516417,75.7047117,0.000,11.92
972.453,0.24705,0.27300,9.79995,0.00041,0.00027,0.00069,31.2516417,75.7047117,0.000,11.92
972.561,0.24705,0.28305,9.83100,0.00041,0.00027,-0.00041,31.2516417,75.7047117,0.000,11.92
972.669,0.22500,0.25395,9.78600,0.00151,0.00027,-0.00041,31.2516417,75.7047117,0.000,11.92
972.777,0.25095,0.28995,9.81705,0.00041,0.00027,-0.00041,31.2516417,75.7047117,0.000,11.92
972.885,0.25395,0.25395,9.76905,0.00041,-0.00069,0.00069,31.2516417,75.7047117,0.000,11.92
972.992,0.28695,0.27300,9.79500,-0.00179,-0.00069,-0.00041,31.2516417,75.7047117,0.000,11.92
973.098,0.24900,0.25095,9.80205,-0.00069,0.00027,0.00069,31.2516417,75.7047117,0.000,11.92
973.205,0.24405,0.26100,9.82395,0.00041,-0.00069,-0.00041,31.2516417,75.7047150,0.000,11.92
973.326,0.22305,0.28500,9.82395,0.00041,-0.00069,-0.00041,31.2516417,75.7047150,0.000,11.92
973.434,0.23505,0.26100,9.80205,-0.00069,0.00027,-0.00041,31.2516417,75.7047150,0.000,11.92
973.543,0.21300,0.28695,9.80505,0.00151,-0.00069,-0.00041,31.2516417,75.7047150,0.000,11.92
973.651,0.26805,0.24195,9.80205,0.00041,-0.00069,0.00069,31.2516417,75.7047150,0.000,11.92
973.759,0.21105,0.24705,9.79305,-0.00069,-0.00069,-0.00041,31.2516417,75.7047150,0.000,11.92
973.867,0.22500,0.22995,9.77100,0.00041,-0.00069,-0.00041,31.2516417,75.7047150,0.000,11.92
973.972,0.20805,0.31395,9.85500,0.00151,0.00027,-0.00041,31.2516417,75.7047150,0.000,11.92
974.080,0.21600,0.26100,9.81900,0.00041,0.00137,0.00069,31.2516417,75.7047150,0.000,11.92
974.187,0.23505,0.23205,9.81900,-0.00069,0.00027,0.00069,31.2516417,75.7047150,0.000,11.92
974.294,0.22500,0.28305,9.83805,-0.00069,-0.00069,-0.00041,31.2516417,75.7047150,0.000,11.92
974.422,0.22305,0.23700,9.76695,-0.00069,-0.00069,-0.00041,31.2516417,75.7047150,0.000,11.92
974.530,0.24195,0.23700,9.76395,0.00041,-0.00289,0.00069,31.2516417,75.7047150,0.000,11.92
974.637,0.22800,0.21600,9.77100,-0.00069,0.00027,-0.00041,31.2516417,75.7047150,0.000,11.92
974.746,0.21795,0.27105,9.85305,0.00151,-0.00069,0.00069,31.2516417,75.7047150,0.000,11.92
974.854,0.24405,0.27795,9.81705,-0.00069,0.00027,0.00069,31.2516417,75.7047150,0.000,11.92
974.977,0.22500,0.26295,9.81405,0.00041,0.00027,-0.00041,31.2516417,75.7047150,0.000,11.92
975.085,0.22005,0.27495,9.83595,-0.00069,0.00137,-0.00041,31.2516417,75.7047150,0.000,11.92
975.193,0.23505,0.26295,9.85005,-0.00069,0.00027,-0.00041,31.2516400,75.7047117,0.000,11.92
975.300,0.25905,0.26295,9.82605,0.00151,0.00027,-0.00041,31.2516400,75.7047117,0.000,11.92
975.409,0.22995,0.27495,9.81405,-0.00069,0.00027,0.00069,31.2516400,75.7047117,0.000,11.92
975.518,0.24405,0.23895,9.82605,-0.00069,0.00027,0.00069,31.2516400,75.7047117,0.000,11.92
975.627,0.24000,0.30405,9.86700,0.00041,-0.00082,-0.00041,31.2516400,75.7047117,0.000,11.92
975.735,0.25395,0.24405,9.81705,0.00151,0.00027,-0.00041,31.2516400,75.7047117,0.000,11.92
975.844,0.25605,0.22995,9.76905,0.00041,0.00027,-0.00041,31.2516400,75.7047117,0.000,11.92
975.951,0.24405,0.24705,9.82905,0.00041,-0.00082,0.00069,31.2516400,75.7047117,0.000,11.92
976.074,0.24405,0.29700,9.84300,0.00041,0.00027,0.00069,31.2516400,75.7047117,0.000,11.92
976.183,0.23205,0.24405,9.80205,-0.00069,0.00027,-0.00041,31.2516383,75.7047100,0.000,11.92
976.289,0.22005,0.27495,9.79800,-0.00069,-0.00082,-0.00041,31.2516383,75.7047100,0.000,11.92
976.397,0.22995,0.24900,9.79500,-0.00069,0.00027,-0.00041,31.2516383,75.7047100,0.000,11.92
976.505,0.23505,0.25095,9.78300,0.00041,-0.00082,-0.00041,31.2516383,75.7047100,0.000,11.92
976.630,0.24195,0.22995,9.76905,-0.00179,0.00027,-0.00041,31.2516383,75.7047100,0.000,11.92
976.739,0.24195,0.28995,9.80205,0.00041,-0.00192,-0.00041,31.2516383,75.7047100,0.000,11.92
976.848,0.24705,0.25395,9.81000,-0.00179,-0.00082,0.00069,31.2516383,75.7047100,0.000,11.92
976.956,0.22305,0.26100,9.82605,0.00041,0.00137,-0.00041,31.2516383,75.7047100,0.000,11.92
977.065,0.24405,0.23505,9.79500,0.00041,0.00027,-0.00041,31.2516383,75.7047100,0.000,11.92
977.170,0.20595,0.26100,9.84795,-0.00069,0.00027,0.00069,31.2516367,75.7047067,0.000,11.92
977.277,0.22500,0.27300,9.87405,-0.00179,0.00027,0.00069,31.2516367,75.7047067,0.000,11.92
977.385,0.21300,0.25605,9.81405,-0.00069,0.00137,-0.00041,31.2516367,75.7047067,0.000,11.92
977.493,0.22500,0.31605,9.83400,-0.00069,0.00027,0.00069,31.2516367,75.7047067,0.000,11.92
977.601,0.24405,0.29205,9.86505,0.00041,0.00027,0.00069,31.2516367,75.7047067,0.000,11.92
977.707,0.25905,0.26805,9.80205,-0.00069,0.00027,0.00069,31.2516367,75.7047067,0.000,11.92
977.815,0.21795,0.28305,9.84600,-0.00069,0.00027,-0.00041,31.2516367,75.7047067,0.000,11.92
977.923,0.22800,0.26595,9.81405,0.00041,0.00027,-0.00041,31.2516367,75.7047067,0.000,11.92
978.031,0.21795,0.27795,9.82905,0.00041,0.00027,-0.00041,,,,
978.138,0.21300,0.24405,9.81900,-0.00179,0.00027,0.00069,,,,
978.245,0.20595,0.23505,9.78105,0.00041,0.00027,-0.00041,31.2516367,75.7047067,0.000,11.92
978.353,0.22005,0.23205,9.76905,-0.00069,-0.00082,-0.00041,31.2516367,75.7047067,0.000,11.92
978.462,0.24000,0.25905,9.81405,0.00151,-0.00082,-0.00041,31.2516367,75.7047067,0.000,11.92
978.571,0.22800,0.26805,9.82905,-0.00069,-0.00192,0.00069,31.2516367,75.7047067,0.000,11.92
978.679,0.22995,0.23700,9.78795,-0.00069,0.00027,0.00069,31.2516367,75.7047067,0.000,11.92
978.787,0.19395,0.27105,9.81000,0.00151,-0.00082,-0.00041,31.2516367,75.7047067,0.000,11.92
978.895,0.19395,0.22995,9.76905,0.00041,0.00027,0.00069,31.2516367,75.7047067,0.000,11.92
979.004,0.22500,0.26595,9.78105,0.00041,-0.00082,-0.00151,31.2516367,75.7047067,0.000,11.92
979.112,0.24195,0.23895,9.78795,-0.00179,0.00027,-0.00151,31.2516367,75.7047067,0.000,11.92
979.221,0.22305,0.27105,9.79095,-0.00069,-0.00082,0.00069,31.2516367,75.7047083,0.000,11.92
979.329,0.25395,0.22305,9.81900,-0.00069,-0.00082,0.00069,31.2516367,75.7047083,0.000,11.92
979.437,0.22305,0.28695,9.80505,-0.00069,0.00027,0.00069,31.2516367,75.7047083,0.000,11.92
979.545,0.21795,0.27105,9.79305,-0.00069,-0.00082,0.00069,31.2516367,75.7047083,0.000,11.92
979.653,0.23205,0.25605,9.81705,0.00041,0.00137,0.00069,31.2516367,75.7047083,0.000,11.92
979.761,0.22500,0.22305,9.77595,-0.00069,-0.00192,-0.00041,31.2516367,75.7047083,0.000,11.92
979.870,0.22005,0.24705,9.75900,0.00041,-0.00192,0.00069,31.2516367,75.7047083,0.000,11.92
979.978,0.23700,0.30195,9.77895,-0.00069,-0.00082,-0.00041,31.2516367,75.7047083,0.000,11.92
980.086,0.21300,0.25095,9.81000,-0.00069,0.00137,-0.00041,31.2516367,75.7047083,0.000,11.92
980.193,0.22305,0.26805,9.79995,0.00041,-0.00082,-0.00041,31.2516367,75.7047083,0.000,11.92
980.300,0.22800,0.27105,9.83100,-0.00069,0.00027,-0.00041,31.2516367,75.7047083,0.000,11.92
980.408,0.20400,0.26595,9.83400,-0.00069,0.00027,0.00069,31.2516367,75.7047083,0.000,11.92
980.516,0.24000,0.25905,9.82605,0.00041,-0.00082,-0.00041,31.2516367,75.7047083,0.000,11.92
980.623,0.22005,0.30405,9.85995,0.00151,0.00027,0.00069,31.2516367,75.7047083,0.000,11.92
980.731,0.22305,0.28695,9.82200,0.00041,-0.00082,0.00069,31.2516367,75.7047083,0.000,11.92
980.838,0.22800,0.28305,9.85995,-0.00069,0.00027,-0.00041,31.2516367,75.7047083,0.000,11.92
980.943,0.22800,0.28695,9.83805,-0.00069,0.00027,-0.00151,31.2516367,75.7047083,0.000,11.92
981.047,0.23700,0.25395,9.79095,-0.00069,0.00137,-0.00041,31.2516367,75.7047083,0.000,11.92
981.155,0.23700,0.28005,9.79095,0.00041,0.00027,0.00069,31.2516367,75.7047083,0.000,11.92
981.260,0.24900,0.24405,9.79095,-0.00179,-0.00082,0.00069,31.2516367,75.7047083,0.000,11.92
981.365,0.24000,0.26295,9.81705,-0.00069,-0.00082,-0.00041,31.2516367,75.7047083,0.000,11.92
981.473,0.21795,0.28995,9.84105,0.00041,0.00027,0.00069,31.2516367,75.7047083,0.000,11.92
981.581,0.24405,0.26805,9.85995,-0.00069,0.00027,-0.00041,31.2516367,75.7047083,0.000,11.92
981.689,0.24405,0.29700,9.86505,0.00041,-0.00082,0.00069,31.2516367,75.7047083,0.000,11.92
981.795,0.23700,0.24195,9.82200,0.00041,0.00137,0.00069,31.2516367,75.7047083,0.000,11.92
981.903,0.24705,0.29505,9.81705,0.00041,0.00027,-0.00041,31.2516367,75.7047083,0.000,11.92
982.010,0.24405,0.30195,9.84795,-0.00069,0.00137,0.00179,31.2516367,75.7047083,0.000,11.92
982.119,0.25095,0.26295,9.83100,0.00041,0.00027,-0.00041,31.2516367,75.7047083,0.000,11.92
982.227,0.24195,0.27105,9.84105,0.00041,0.00027,-0.00041,31.2516367,75.7047083,0.000,11.92
982.332,0.23700,0.25395,9.77895,0.00041,-0.00082,-0.00041,31.2516367,75.7047083,0.000,11.92
982.436,0.23700,0.28695,9.81000,0.00041,0.00027,-0.00041,31.2516367,75.7047083,0.000,11.92
982.546,0.22500,0.25395,9.76200,0.00041,-0.00082,0.00069,31.2516367,75.7047083,0.000,11.92
982.654,0.23505,0.23895,9.77595,0.00041,-0.00179,-0.00041,31.2516367,75.7047083,0.000,11.92
982.762,0.22800,0.25095,9.79800,0.00041,0.00027,0.00069,31.2516367,75.7047083,0.000,11.92
982.871,0.22800,0.24900,9.77895,0.00151,0.00027,-0.00041,31.2516367,75.7047083,0.000,11.92
982.979,0.23700,0.28005,9.81405,-0.00069,-0.00082,-0.00041,31.2516367,75.7047083,0.000,11.92
983.086,0.22500,0.24405,9.79500,0.00041,-0.00082,-0.00041,31.2516367,75.7047083,0.000,11.92
983.194,0.24195,0.24705,9.79305,0.00151,0.00027,0.00069,31.2516367,75.7047083,0.000,11.92
983.302,0.24000,0.26595,9.80205,0.00041,0.00027,-0.00041,31.2516367,75.7047083,0.000,11.92
983.411,0.23700,0.22500,9.78105,0.00041,-0.00082,-0.00041,31.2516367,75.7047083,0.000,11.92
983.520,0.22305,0.25095,9.80505,-0.00069,0.00027,-0.00041,31.2516367,75.7047083,0.000,11.92
983.627,0.23205,0.24900,9.84300,0.00041,0.00027,-0.00041,31.2516367,75.7047083,0.000,11.92
983.734,0.22005,0.27105,9.85800,-0.00069,0.00027,0.00069,31.2516367,75.7047083,0.000,11.92
983.842,0.22995,0.27300,9.84300,-0.00069,0.00027,0.00069,31.2516367,75.7047083,0.000,11.92
983.948,0.22500,0.29700,9.85500,-0.00069,0.00027,-0.00041,31.2516367,75.7047083,0.000,11.92
984.056,0.22005,0.29205,9.87900,-0.00069,0.00137,0.00069,31.2516367,75.7047083,0.000,11.92
984.166,0.25095,0.25605,9.81900,-0.00069,-0.00082,-0.00041,31.2516367,75.7047083,0.000,11.92
984.274,0.26100,0.27105,9.81900,0.00041,0.00027,-0.00041,31.2516367,75.7047083,0.000,11.92
984.388,0.24000,0.21600,9.77595,-0.00069,0.00027,-0.00041,31.2516367,75.7047083,0.000,11.92
984.493,0.22500,0.26295,9.81705,0.00151,0.00137,0.00069,31.2516367,75.7047083,0.000,11.92
984.601,0.24900,0.28995,9.85005,-0.00165,-0.00082,0.00069,31.2516367,75.7047083,0.000,11.92
984.709,0.26295,0.26595,9.84795,-0.00069,0.00027,0.00069,31.2516367,75.7047083,0.000,11.92
984.817,0.21300,0.27495,9.84105,-0.00275,0.00027,-0.00041,31.2516367,75.7047083,0.000,11.92
984.924,-0.22200,-0.65505,9.19695,-0.01017,-0.00825,-0.02282,31.2516367,75.7047083,0.000,11.92
985.029,-0.79605,0.14400,9.44100,0.00577,0.00247,-0.00261,31.2516367,75.7047083,0.000,11.92
985.138,0.32100,0.09795,9.83805,-0.00701,0.00137,0.00275,31.2516367,75.7047083,0.000,11.92
985.247,0.65895,-0.31305,9.46995,-0.00165,-0.01141,-0.00261,31.2516367,75.7047083,0.000,11.92
985.353,-0.12300,0.49605,9.64395,0.00041,-0.01678,-0.00151,31.2516367,75.7047083,0.000,11.92
985.461,0.60300,0.00195,9.78105,-0.00495,-0.00715,0.00069,31.2516367,75.7047083,0.000,11.92
985.563,0.33000,-0.26205,10.09200,0.00261,0.00247,-0.00261,31.2516367,75.7047083,0.000,11.92
985.670,-0.02805,0.48405,9.85500,-0.00165,-0.00082,0.00069,31.2516367,75.7047083,0.000,11.92
985.779,0.42900,-0.17595,9.36000,0.00357,0.00674,0.00385,31.2516367,75.7047083,0.000,11.92
985.886,0.00195,0.24705,9.82200,0.00261,0.00564,-0.00041,31.2516367,75.7047083,0.000,11.92
985.991,0.07005,0.39000,9.85995,0.00041,-0.00082,0.00069,31.2516367,75.7047083,0.000,11.92
986.099,0.25395,0.22800,9.80505,-0.00165,0.00137,0.00069,31.2516367,75.7047083,0.000,11.92
986.206,0.01695,0.24705,9.80205,0.00151,-0.00509,-0.00151,31.2516367,75.7047083,0.000,11.92
986.314,0.43800,-1.62195,6.57795,0.00674,0.03658,-0.00687,31.2516367,75.7047083,0.000,11.92
986.422,0.17205,0.19905,9.98700,-0.00275,0.00564,-0.00151,31.2516367,75.7047083,0.000,11.92
986.530,0.16995,0.27105,9.84105,0.00151,0.00137,-0.00041,31.2516367,75.7047083,0.000,11.92
986.635,0.24000,0.27300,9.79995,0.00041,-0.00082,0.00069,31.2516367,75.7047083,0.000,11.92
986.743,0.24405,0.24195,9.78300,-0.00069,-0.00082,-0.00041,31.2516367,75.7047083,0.000,11.92
986.851,0.22500,0.22500,9.74700,-0.00069,-0.00179,-0.00041,31.2516367,75.7047083,0.000,11.92
986.958,0.20400,0.34995,9.84300,0.00151,0.00247,0.00069,31.2516367,75.7047083,0.000,11.92
987.065,0.23205,0.29895,9.81900,-0.00591,0.00454,-0.00041,31.2516367,75.7047083,0.000,11.92
987.173,0.20595,0.24705,9.81900,-0.00385,0.00344,-0.00041,31.2516367,75.7047083,0.000,11.92
987.281,0.20595,0.24405,9.78600,-0.00385,0.00344,-0.00041,31.2516367,75.7047083,0.000,11.92
987.389,0.18405,0.14100,9.78105,0.00674,-0.00399,-0.00041,31.2516367,75.7047083,0.000,11.92
987.495,0.54795,3.35400,10.95705,0.01952,-0.00825,-0.00041,31.2516367,75.7047083,0.000,11.92
987.602,0.28305,-0.33705,9.38400,-0.01017,-0.00289,-0.00577,31.2516367,75.7047083,0.000,11.92
987.710,0.27795,0.20100,9.86505,-0.00069,-0.00509,0.00275,31.2516367,75.7047083,0.000,11.92
987.817,0.15300,0.29895,9.84105,0.00151,0.00027,-0.00151,31.2516367,75.7047083,0.000,11.92
987.925,0.16095,0.32295,9.83400,0.00151,0.00027,-0.00041,31.2516367,75.7047083,0.000,11.92
988.033,0.26295,0.25395,9.84600,-0.00069,0.00027,-0.00041,31.2516367,75.7047083,0.000,11.92
988.141,0.24000,0.26595,9.82605,-0.00069,0.00027,-0.00041,31.2516367,75.7047083,0.000,11.92
988.250,0.21600,0.30195,9.85500,0.00041,0.00137,0.00069,31.2516367,75.7047083,0.000,11.92
988.357,0.22305,0.26805,9.79095,-0.00069,0.00027,0.00069,31.2516367,75.7047083,0.000,11.92
988.463,0.26100,0.23505,9.79800,-0.00069,-0.00082,-0.00041,31.2516367,75.7047083,0.000,11.92
988.569,0.23205,0.24705,9.79095,-0.00069,0.00027,-0.00041,31.2516367,75.7047083,0.000,11.92
988.677,0.23205,0.22995,9.78795,-0.00069,-0.00082,0.00069,31.2516367,75.7047083,0.000,11.92
988.784,0.22995,0.25605,9.80700,-0.00165,0.00027,0.00069,31.2516367,75.7047083,0.000,11.92
988.892,0.21795,0.26295,9.79500,0.00151,0.00027,0.00069,31.2516367,75.7047083,0.000,11.92
989.001,0.25605,0.24195,9.80205,-0.00069,-0.00082,-0.00041,31.2516367,75.7047083,0.000,11.92
989.108,0.22995,0.28695,9.83400,-0.00069,0.00027,-0.00041,31.2516367,75.7047083,0.000,11.92
989.216,0.24405,0.25605,9.76395,-0.00069,0.00027,-0.00041,31.2516367,75.7047083,0.000,11.92
989.320,0.24000,0.26100,9.84300,0.00041,0.00027,-0.00041,31.2516367,75.7047083,0.000,11.92
989.429,0.22995,0.26100,9.81405,-0.00069,0.00027,-0.00041,31.2516367,75.7047083,0.000,11.92
989.538,0.23505,0.28005,9.83805,0.00041,0.00137,0.00069,31.2516367,75.7047083,0.000,11.92
989.646,0.21600,0.29895,9.87705,-0.00069,0.00137,0.00069,31.2516367,75.7047083,0.000,11.92
989.755,0.22305,0.23895,9.81705,0.00041,0.00137,-0.00041,31.2516367,75.7047083,0.000,11.92
989.863,0.22005,0.28500,9.84105,0.00041,0.00027,-0.00041,31.2516367,75.7047083,0.000,11.92
989.971,0.21600,0.27300,9.82200,0.00041,0.00027,-0.00041,31.2516367,75.7047083,0.000,11.92
990.079,0.23505,0.30900,9.72105,0.00261,-0.00289,0.00069,31.2516367,75.7047083,0.000,11.92
990.185,0.20805,0.27495,9.85995,-0.00069,-0.00082,0.00165,31.2516367,75.7047083,0.000,11.92
990.293,0.22500,0.25605,9.85800,0.00041,0.00027,0.00069,31.2516367,75.7047083,0.000,11.92
990.400,0.21795,0.29700,9.83805,0.00041,0.00137,0.00069,31.2516367,75.7047083,0.000,11.92
990.508,0.24405,0.27105,9.79800,-0.00069,-0.00082,-0.00041,31.2516367,75.7047083,0.000,11.92
990.615,0.25095,0.27300,9.82395,0.00041,-0.00082,-0.00041,31.2516367,75.7047083,0.000,11.92
990.724,0.22005,0.26805,9.81000,-0.00069,-0.00082,-0.00041,31.2516367,75.7047083,0.000,11.92
990.831,0.23700,0.25395,9.78600,0.00041,0.00027,-0.00041,31.2516367,75.7047083,0.000,11.92
990.940,0.24000,0.26100,9.79995,0.00041,0.00027,0.00069,31.2516367,75.7047083,0.000,11.92
991.047,0.23205,0.26295,9.83100,0.00151,-0.00082,-0.00041,31.2516367,75.7047083,0.000,11.92
991.150,0.22995,0.24900,9.82200,0.00041,-0.00082,0.00069,31.2516367,75.7047083,0.000,11.92
991.258,0.21105,0.27300,9.80205,0.00041,0.00027,-0.00041,31.2516367,75.7047083,0.000,11.92
991.365,0.24900,0.26595,9.82200,0.00041,0.00027,-0.00041,31.2516367,75.7047083,0.000,11.92
991.473,0.24000,0.27795,9.81705,0.00151,-0.00082,-0.00041,31.2516367,75.7047083,0.000,11.92
991.581,0.22995,0.26805,9.81405,-0.00069,-0.00082,-0.00041,31.2516367,75.7047083,0.000,11.92
991.689,0.23205,0.27300,9.87705,-0.00069,0.00027,0.00069,31.2516367,75.7047083,0.000,11.92
991.797,0.23700,0.27300,9.83400,-0.00069,0.00027,0.00069,31.2516367,75.7047083,0.000,11.92
991.905,0.23700,0.27495,9.82200,0.00151,0.00027,0.00069,31.2516367,75.7047083,0.000,11.92
992.013,0.22800,0.28305,9.83100,0.00151,0.00027,-0.00041,31.2516367,75.7047083,0.000,11.92
992.127,0.24900,0.26100,9.84105,-0.00069,0.00027,0.00069,31.2516367,75.7047083,0.000,11.92
992.235,0.19905,0.27300,9.82605,0.00041,0.00027,-0.00041,31.2516367,75.7047083,0.000,11.92
992.343,0.22995,0.25395,9.82905,0.00041,0.00027,0.00069,31.2516367,75.7047083,0.000,11.92
992.451,0.22800,0.26295,9.83100,-0.00069,0.00027,-0.00041,31.2516367,75.7047083,0.000,11.92
992.559,0.23505,0.25095,9.81405,-0.00069,-0.00082,0.00069,31.2516367,75.7047083,0.000,11.92
992.687,0.21300,0.27495,9.84105,0.00041,0.00027,0.00069,31.2516367,75.7047083,0.000,11.92
992.795,0.24195,0.27795,9.88905,0.00041,0.00027,0.00069,31.2516367,75.7047083,0.000,11.92
992.903,0.22995,0.29205,9.85005,-0.00069,0.00027,-0.00151,31.2516367,75.7047083,0.000,11.92
993.011,0.24195,0.25095,9.83400,0.00041,0.00027,-0.00041,31.2516367,75.7047083,0.000,11.92
993.119,0.21600,0.27300,9.86505,0.00041,0.00027,-0.00151,31.2516367,75.7047083,0.000,11.92
993.228,0.22500,0.26595,9.84105,-0.00165,-0.00082,-0.00041,31.2516367,75.7047083,0.000,11.92
993.335,0.24705,0.28005,9.87000,-0.00069,0.00027,0.00069,31.2516367,75.7047083,0.000,11.92
993.443,0.20595,0.25095,9.81705,0.00041,-0.00082,0.00069,31.2516367,75.7047083,0.000,11.92
993.551,0.24000,0.25605,9.84600,0.00041,0.00247,0.00069,31.2516367,75.7047083,0.000,11.92
993.658,0.20100,0.28500,9.86505,0.00041,0.00027,-0.00041,31.2516367,75.7047083,0.000,11.92
993.781,0.24195,0.28995,9.83100,-0.00069,-0.00082,-0.00041,31.2516367,75.7047083,0.000,11.92
993.889,0.20805,0.25905,9.80505,-0.00069,-0.00082,0.00069,31.2516367,75.7047083,0.000,11.92
993.996,0.24405,0.25605,9.79095,-0.00069,-0.00082,0.00165,31.2516367,75.7047083,0.000,11.92
994.104,0.22500,0.28005,9.83805,0.00041,0.00027,-0.00041,31.2516367,75.7047083,0.000,11.92
994.212,0.24195,0.25395,9.79305,-0.00069,0.00027,-0.00041,31.2516367,75.7047083,0.000,11.92
994.338,0.24195,0.27300,9.82605,-0.00069,0.00027,-0.00041,31.2516367,75.7047083,0.000,11.92
994.446,0.25605,0.28695,9.83595,-0.00069,-0.00179,-0.00041,31.2516367,75.7047083,0.000,11.92
994.555,0.21795,0.28695,9.85995,-0.00165,0.00027,0.00069,31.2516367,75.7047083,0.000,11.92
994.664,0.22500,0.25395,9.83100,0.00041,0.00137,0.00069,31.2516367,75.7047083,0.000,11.92
994.772,0.21105,0.27795,9.83100,-0.00069,0.00137,0.00069,31.2516367,75.7047083,0.000,11.92
994.879,0.24000,0.25095,9.81195,-0.00069,0.00027,0.00069,31.2516367,75.7047083,0.000,11.92
994.987,0.23505,0.24900,9.82605,0.00041,0.00027,-0.00041,31.2516367,75.7047083,0.000,11.92
995.095,0.22995,0.25905,9.81900,-0.00069,0.00027,0.00069,31.2516367,75.7047083,0.000,11.92
995.203,0.24405,0.24900,9.81900,-0.00069,-0.00082,0.00069,31.2516367,75.7047083,0.000,11.92
995.307,0.20805,0.24900,9.79995,-0.00069,0.00027,-0.00041,31.2516367,75.7047083,0.000,11.92
995.433,0.22500,0.25905,9.83595,0.00151,-0.00082,-0.00041,31.2516367,75.7047083,0.000,11.92
995.540,0.20805,0.26595,9.81705,-0.00069,-0.00082,-0.00041,31.2516367,75.7047083,0.000,11.92
995.649,0.22005,0.20400,9.77895,0.00151,0.00137,-0.00041,31.2516367,75.7047083,0.000,11.92
995.755,0.21300,0.26595,9.81705,0.00041,-0.00082,-0.00041,31.2516367,75.7047083,0.000,11.92
995.859,0.24405,0.24705,9.81900,-0.00069,-0.00179,0.00069,31.2516367,75.7047083,0.000,11.92
995.987,0.22005,0.25095,9.79800,-0.00069,0.00027,0.00069,31.2516367,75.7047083,0.000,11.92
996.095,0.24405,0.25905,9.82395,-0.00069,-0.00179,0.00069,31.2516367,75.7047083,0.000,11.92
996.205,0.21300,0.29895,9.83100,-0.00165,0.00027,-0.00151,31.2516367,75.7047083,0.000,11.92
996.312,0.30900,-0.00600,9.74700,0.00357,0.00990,-0.00467,31.2516367,75.7047083,0.000,11.92
996.420,0.11505,0.15600,9.75495,0.00041,0.00674,-0.00041,31.2516367,75.7047083,0.000,11.92
996.528,0.25905,0.29505,9.84600,-0.00069,-0.00715,0.00069,31.2516367,75.7047083,0.000,11.92
996.635,0.19605,0.27795,9.83400,0.00151,0.00247,0.00069,31.2516367,75.7047083,0.000,11.92
996.743,0.21795,0.32295,9.79995,0.00041,0.00137,0.00069,31.2516367,75.7047083,0.000,11.92
996.848,0.29505,0.37395,9.85800,-0.00811,0.00564,0.00069,31.2516367,75.7047083,0.000,11.92
996.955,0.24405,0.30900,9.82905,-0.01774,0.01100,0.00069,31.2516367,75.7047083,0.000,11.92
997.063,0.46200,1.25895,10.07295,0.01636,0.02269,0.00495,31.2516367,75.7047083,0.000,11.92
997.171,0.50805,-0.08505,9.72600,-0.00385,-0.01031,-0.00261,31.2516367,75.7047083,0.000,11.92
997.278,0.21600,0.13395,9.80205,0.01746,-0.00605,0.00165,31.2516367,75.7047083,0.000,11.92
997.386,0.10800,0.48795,9.94905,0.02172,-0.00715,-0.00041,31.2516367,75.7047083,0.000,11.92
997.494,-0.29595,1.06095,10.21395,0.00357,0.00674,0.00275,31.2516367,75.7047083,0.000,11.92
997.601,0.28995,-0.48705,9.36705,0.00041,0.04084,0.00275,31.2516367,75.7047083,0.000,11.92
997.709,0.55800,0.35700,9.81405,0.00151,-0.00825,-0.00151,31.2516367,75.7047083,0.000,11.92
997.816,0.11700,0.32595,9.81900,0.00467,0.00344,-0.00261,31.2516367,75.7047083,0.000,11.92
997.924,0.33300,0.20400,9.86205,-0.00165,-0.00289,0.00069,31.2516367,75.7047083,0.000,11.92
998.032,0.29700,0.20100,9.81000,0.00151,-0.00082,0.00069,31.2516367,75.7047083,0.000,11.92
998.139,0.13395,0.28995,9.79500,0.00261,0.00137,-0.00041,,,,
998.247,0.24900,0.24900,9.81900,-0.00165,-0.00082,0.00069,31.2516367,75.7047083,0.000,11.92
998.354,0.27105,0.22995,9.79800,0.00041,0.00027,-0.00041,31.2516367,75.7047083,0.000,11.92
998.463,0.19905,0.29205,9.80700,0.00151,-0.00082,-0.00151,31.2516367,75.7047083,0.000,11.92
998.572,0.23700,0.24900,9.81705,-0.00069,-0.00082,0.00069,31.2516367,75.7047083,0.000,11.92
998.680,0.27105,0.23700,9.81405,0.00041,0.00027,0.00069,31.2516367,75.7047083,0.000,11.92
998.788,0.18705,0.27795,9.81195,-0.00069,0.00137,0.00069,31.2516367,75.7047083,0.000,11.92
998.896,0.24195,0.25095,9.79800,-0.00165,-0.00082,-0.00041,31.2516367,75.7047083,0.000,11.92
999.004,0.24000,0.26100,9.82200,0.00041,-0.00179,0.00069,31.2516367,75.7047083,0.000,11.92
999.113,0.23205,0.26595,9.85305,0.00041,-0.00179,-0.00041,31.2516367,75.7047083,0.000,11.92
999.221,0.25605,0.25095,9.81000,-0.00069,0.00027,-0.00041,31.2516367,75.7047083,0.000,11.92
999.328,0.25395,0.26295,9.83595,0.00151,0.00247,-0.00041,31.2516367,75.7047083,0.000,11.92
999.438,0.24000,0.25095,9.77595,0.00041,-0.00082,0.00069,31.2516367,75.7047083,0.000,11.92
999.546,0.25095,0.28305,9.80505,0.00041,0.00137,0.00165,31.2516367,75.7047083,0.000,11.92
999.653,0.24195,0.28995,9.81405,0.00041,0.00027,0.00069,31.2516367,75.7047083,0.000,11.92
999.761,0.21300,0.26805,9.81000,-0.00069,0.00137,-0.00151,31.2516367,75.7047083,0.000,11.92
999.870,0.21795,0.24405,9.79095,-0.00069,0.00027,0.00069,31.2516367,75.7047083,0.000,11.92
999.978,0.22305,0.26100,9.81000,0.00041,-0.00082,-0.00041,31.2516367,75.7047083,0.000,11.92
1000.087,0.24705,0.23700,9.78300,-0.00069,0.00027,-0.00041,31.2516367,75.7047083,0.000,11.92
1000.194,0.24195,0.23505,9.80700,0.00041,-0.00082,-0.00041,31.2516367,75.7047083,0.000,11.92
1000.299,0.21795,0.28005,9.82905,0.00151,0.00027,0.00069,31.2516367,75.7047083,0.000,11.92
1000.407,0.28500,0.27795,9.84300,-0.00069,-0.00179,-0.00041,31.2516367,75.7047083,0.000,11.92
1000.516,0.23205,0.28005,9.84105,0.00041,0.00137,0.00069,31.2516367,75.7047083,0.000,11.92
1000.624,0.22500,0.26595,9.80505,-0.00069,-0.00082,-0.00041,31.2516367,75.7047083,0.000,11.92
1000.732,0.23505,0.27795,9.86205,-0.00069,0.00027,0.00069,31.2516367,75.7047083,0.000,11.92
1000.840,0.21300,0.26295,9.84600,0.00041,0.00137,0.00069,31.2516367,75.7047083,0.000,11.92
1000.948,0.24705,0.27300,9.85500,0.00041,0.00137,-0.00041,31.2516367,75.7047083,0.000,11.92
1001.056,0.22005,0.28695,9.82905,0.00041,0.00137,0.00069,31.2516367,75.7047083,0.000,11.92
1001.164,0.24405,0.25095,9.81405,-0.00069,-0.00082,0.00069,31.2516367,75.7047083,0.000,11.92
1001.272,0.23505,0.28005,9.87195,0.00041,0.00137,0.00069,31.2516367,75.7047083,0.000,11.92
1001.380,0.26100,0.26295,9.79800,-0.00069,-0.00082,-0.00041,31.2516367,75.7047083,0.000,11.92
1001.488,0.24705,0.27795,9.85500,-0.00165,-0.00179,-0.00041,31.2516367,75.7047083,0.000,11.92
1001.596,0.22800,0.27105,9.84105,0.00151,0.00027,0.00069,31.2516367,75.7047083,0.000,11.92
1001.704,0.24195,0.24405,9.80505,-0.00069,0.00027,-0.00041,31.2516367,75.7047083,0.000,11.92
1001.811,0.22800,0.29505,9.82200,-0.00069,0.00027,0.00069,31.2516367,75.7047083,0.000,11.92
1001.920,0.24900,0.26100,9.80700,0.00041,0.00027,-0.00041,31.2516367,75.7047083,0.000,11.92
1002.025,0.25905,0.24900,9.79500,0.00151,0.00027,-0.00041,31.2516367,75.7047083,0.000,11.92
1002.134,0.23700,0.27105,9.80205,-0.00069,-0.00179,0.00069,31.2516367,75.7047083,0.000,11.92
1002.242,0.24705,0.28305,9.83595,-0.00069,0.00027,0.00069,31.2516367,75.7047083,0.000,11.92
1002.350,0.22305,0.30195,9.79500,0.00151,0.00027,-0.00041,31.2516367,75.7047083,0.000,11.92
1002.458,0.24195,0.23700,9.75705,0.00041,-0.00179,-0.00041,31.2516367,75.7047083,0.000,11.92
1002.567,0.22800,0.22995,9.75000,0.00151,-0.00082,0.00069,31.2516367,75.7047083,0.000,11.92
1002.676,0.24900,0.25395,9.79305,-0.00069,-0.00082,-0.00041,31.2516367,75.7047083,0.000,11.92
1002.785,0.23700,0.27105,9.81405,-0.00069,-0.00082,-0.00041,31.2516367,75.7047083,0.000,11.92
1002.891,0.24705,0.28500,9.82395,-0.00069,-0.00179,-0.00041,31.2516367,75.7047083,0.000,11.92
1003.000,0.24705,0.23205,9.79305,-0.00069,-0.00179,-0.00041,31.2516367,75.7047083,0.000,11.92
1003.108,0.21105,0.30195,9.80700,-0.00069,0.00027,0.00069,31.2516367,75.7047083,0.000,11.92
1003.216,0.25395,0.25095,9.80505,0.00041,0.00027,-0.00041,31.2516367,75.7047083,0.000,11.92
1003.321,0.23505,0.28995,9.77595,0.00041,0.00027,-0.00041,31.2516367,75.7047083,0.000,11.92
1003.429,0.21300,0.25905,9.79800,0.00041,0.00027,-0.00041,31.2516367,75.7047083,0.000,11.92
1003.537,0.24000,0.26295,9.85800,-0.00069,-0.00082,-0.00041,31.2516367,75.7047083,0.000,11.92
1003.645,0.20805,0.27495,9.84300,0.00041,0.00027,-0.00041,31.2516367,75.7047083,0.000,11.92
1003.753,0.23205,0.28005,9.84600,0.00041,0.00027,-0.00041,31.2516367,75.7047083,0.000,11.92
1003.861,0.21105,0.28305,9.90495,-0.00069,0.00247,-0.00151,31.2516367,75.7047083,0.000,11.92
1003.968,0.22800,0.25905,9.83805,-0.00069,0.00027,-0.00041,31.2516367,75.7047083,0.000,11.92
1004.076,0.24000,0.31905,9.87405,-0.00275,0.00137,0.00069,31.2516367,75.7047083,0.000,11.92
1004.183,0.23505,0.25095,9.83100,-0.00811,0.00454,-0.00041,31.2516367,75.7047083,0.000,11.92
1004.292,0.22005,0.19395,9.79500,-0.00591,0.00344,0.00069,31.2516367,75.7047083,0.000,11.92
1004.401,0.18000,0.15795,9.78795,0.00041,-0.00082,-0.00041,31.2516367,75.7047083,0.000,11.92
1004.509,0.20595,0.18405,9.79995,0.00674,-0.00509,0.00069,31.2516367,75.7047083,0.000,11.92
1004.617,0.23505,0.24195,9.83400,0.00784,-0.00605,-0.00041,31.2516367,75.7047083,0.000,11.92
1004.725,0.13395,0.05805,9.67800,-0.01127,-0.01568,-0.00151,31.2516367,75.7047083,0.000,11.92
1004.837,0.21300,0.35700,9.88905,-0.00385,0.00247,0.00165,31.2516367,75.7047083,0.000,11.92
1004.941,0.25395,0.30405,9.86700,-0.00069,-0.00179,0.00165,31.2516367,75.7047083,0.000,11.92
1005.045,0.36900,0.16305,9.77895,-0.00165,-0.00289,-0.00041,31.2516367,75.7047083,0.000,11.92
1005.147,0.31605,0.23895,9.82905,-0.00275,0.00247,-0.00041,31.2516367,75.7047083,0.000,11.92
1005.250,0.24000,0.18705,9.82905,-0.00385,0.00344,-0.00041,31.2516367,75.7047083,0.000,11.92
1005.352,0.21300,0.20100,9.82200,0.00151,0.00027,-0.00041,31.2516367,75.7047083,0.000,11.92
1005.454,0.14895,0.21300,9.79800,0.00894,-0.00289,-0.00041,31.2516367,75.7047083,0.000,11.92
1005.557,0.40695,0.68205,10.38900,-0.02516,-0.08814,0.00921,31.2516367,75.7047083,0.000,11.92
1005.659,0.06195,-0.14295,9.90795,-0.00385,-0.00935,-0.00357,31.2516367,75.7047083,0.000,11.92
1005.762,0.25605,0.47895,9.81000,0.00261,-0.00289,-0.00041,31.2516367,75.7047083,0.000,11.92
1005.865,0.26805,0.36900,9.81000,-0.00069,-0.00605,-0.00041,31.2516367,75.7047083,0.000,11.92
1005.967,0.23505,0.19200,9.82395,-0.00165,0.00137,0.00069,31.2516367,75.7047083,0.000,11.92
1006.074,0.24405,0.24900,9.85500,0.00041,0.00137,-0.00041,31.2516367,75.7047083,0.000,11.92
1006.182,0.18405,0.28995,9.79095,-0.00069,0.00027,0.00069,31.2516367,75.7047083,0.000,11.92
1006.289,0.24405,0.26100,9.79095,-0.00069,0.00027,0.00069,31.2516367,75.7047083,0.000,11.92
1006.396,0.20595,0.25095,9.79800,-0.00069,0.00027,-0.00041,31.2516367,75.7047083,0.000,11.92
1006.505,0.24000,0.25605,9.77595,-0.00165,-0.00082,0.00069,31.2516367,75.7047083,0.000,11.92
1006.613,0.22995,0.23700,9.79500,0.00041,0.00137,-0.00041,31.2516367,75.7047083,0.000,11.92
1006.722,0.24195,0.25395,9.81195,-0.00165,0.00027,-0.00041,31.2516367,75.7047083,0.000,11.92
1006.830,0.26595,0.26100,9.78600,0.00041,-0.00179,-0.00041,31.2516367,75.7047083,0.000,11.92
1006.937,0.22995,0.25095,9.77400,-0.00069,-0.00082,-0.00041,31.2516367,75.7047083,0.000,11.92
1007.045,0.22800,0.23895,9.77895,0.00041,0.00027,-0.00041,31.2516367,75.7047083,0.000,11.92
1007.153,0.21105,0.27105,9.79095,0.00151,-0.00082,-0.00041,31.2516367,75.7047083,0.000,11.92
1007.261,0.22995,0.25395,9.79305,0.00041,-0.00082,-0.00041,31.2516167,75.7047200,0.000,11.92
1007.369,0.21795,0.26295,9.77595,0.00151,0.00027,-0.00041,31.2516167,75.7047200,0.000,11.92
1007.478,0.24900,0.27795,9.80700,-0.00165,0.00027,-0.00041,31.2516167,75.7047200,0.000,11.92
1007.588,0.22995,0.24405,9.77895,-0.00069,-0.00082,0.00069,31.2516167,75.7047200,0.000,11.92
1007.695,0.24195,0.28005,9.81405,-0.00165,-0.00179,-0.00041,31.2516167,75.7047200,0.000,11.92
1007.804,0.26595,0.25605,9.79095,0.00041,-0.00082,-0.00041,31.2516167,75.7047200,0.000,11.92
1007.912,0.21600,-0.88695,9.59205,-0.01017,-0.01457,0.00165,31.2516167,75.7047200,0.000,11.92
1008.020,0.39795,0.06495,9.77595,0.00151,0.00247,-0.00041,31.2516167,75.7047200,0.000,11.92
1008.146,0.35205,0.23895,9.79095,-0.00069,-0.00082,-0.00041,31.2516167,75.7047200,0.000,11.92
1008.253,0.29505,0.24705,9.81195,0.00151,0.00027,0.00069,31.2516200,75.7047183,0.000,11.92
1008.361,0.16995,0.33300,9.81195,0.00151,0.00027,-0.00041,31.2516200,75.7047183,0.000,11.92
1008.468,0.25095,0.23205,9.84795,-0.00069,-0.00179,-0.00041,31.2516200,75.7047183,0.000,11.92
1008.573,0.27105,0.23505,9.77100,-0.00069,-0.00082,-0.00041,31.2516200,75.7047183,0.000,11.92
1008.687,0.20595,0.27300,9.81705,0.00041,0.00027,-0.00041,31.2516200,75.7047183,0.000,11.92
1008.795,0.21795,0.27795,9.82200,-0.00069,0.00027,0.00165,31.2516200,75.7047183,0.000,11.92
1008.903,0.24195,0.27495,9.82905,0.00041,-0.00082,-0.00041,31.2516200,75.7047183,0.000,11.92
1009.011,0.20400,0.24705,9.79305,0.00041,-0.00082,-0.00041,31.2516200,75.7047183,0.000,11.92
1009.119,0.22305,0.24705,9.80700,-0.00069,-0.00082,-0.00041,31.2516200,75.7047183,0.000,11.92
1009.243,0.20805,0.24195,9.77100,0.00041,-0.00082,0.00069,31.2516317,75.7047250,0.000,11.92
1009.350,0.25605,0.24405,9.83400,0.00041,0.00027,-0.00041,31.2516317,75.7047250,0.000,11.92
1009.459,0.21600,0.25605,9.81705,0.00041,0.00137,-0.00041,31.2516317,75.7047250,0.000,11.92
1009.568,0.23205,0.22500,9.87900,-0.00069,0.00137,-0.00041,31.2516317,75.7047250,0.000,11.92
1009.675,0.21600,0.23505,9.80700,0.00041,0.00137,0.00165,31.2516317,75.7047250,0.000,11.92
1009.799,0.22305,0.27105,9.82200,0.00041,0.00027,0.00069,31.2516317,75.7047250,0.000,11.92
1009.906,0.18900,0.25095,9.83595,0.00041,0.00027,-0.00041,31.2516317,75.7047250,0.000,11.92
1010.014,0.24405,0.26805,9.80700,-0.00069,-0.00082,-0.00041,31.2516317,75.7047250,0.000,11.92
1010.121,0.20595,0.26805,9.81705,0.00151,0.00027,-0.00041,31.2516317,75.7047250,0.000,11.92
1010.230,0.22995,0.26100,9.82200,0.00041,-0.00082,0.00069,31.2516400,75.7047250,0.000,11.92
1010.339,0.20400,0.26100,9.84300,-0.00069,0.00027,-0.00041,31.2516400,75.7047250,0.000,11.92
1010.448,0.21795,0.27105,9.79095,0.00041,0.00137,0.00069,31.2516400,75.7047250,0.000,11.92
1010.556,0.22800,0.26295,9.83595,-0.00069,0.00027,0.00069,31.2516400,75.7047250,0.000,11.92
1010.665,0.19905,0.29505,9.55095,-0.00069,0.00027,0.00069,31.2516400,75.7047250,0.000,11.92
1010.773,0.23205,0.24405,9.83400,-0.00069,0.00027,-0.00041,31.2516400,75.7047250,0.000,11.92
1010.894,0.23205,0.24705,9.79995,0.00151,-0.00179,0.00069,31.2516400,75.7047250,0.000,11.92
1011.002,0.21300,0.24705,9.80205,-0.00069,0.00137,0.00069,31.2516400,75.7047250,0.000,11.92
1011.111,0.22995,0.23505,9.79500,-0.00069,-0.00179,-0.00041,31.2516400,75.7047250,0.000,11.92
1011.220,0.24000,0.24195,9.76200,0.00041,0.00027,-0.00041,31.2516383,75.7047233,0.000,11.92
1011.328,0.22800,0.26100,9.78300,-0.00069,-0.00082,0.00069,31.2516383,75.7047233,0.000,11.92
1011.451,0.23205,0.26595,9.79800,0.00151,0.00137,-0.00041,31.2516383,75.7047233,0.000,11.92
1011.560,0.37395,0.15795,9.72300,0.00151,-0.00399,0.00069,31.2516383,75.7047233,0.000,11.92
1011.669,0.22500,0.27495,9.81405,-0.00069,-0.00082,-0.00041,31.2516383,75.7047233,0.000,11.92
1011.778,0.21300,0.23895,9.92205,-0.00165,0.00027,-0.00041,31.2516383,75.7047233,0.000,11.92
1011.886,0.25905,0.28305,9.76395,0.00151,-0.00179,-0.00041,31.2516383,75.7047233,0.000,11.92
1011.992,0.19200,0.28695,9.76200,-0.00069,-0.00082,-0.00041,31.2516383,75.7047233,0.000,11.92
1012.099,0.22995,0.23205,9.82605,0.00041,0.00137,0.00069,31.2516383,75.7047233,0.000,11.92
1012.208,0.20805,0.28995,9.86505,0.00041,0.00027,0.00069,31.2516417,75.7047233,0.000,11.92
1012.312,0.24000,0.26100,9.82200,0.00041,0.00027,0.00069,31.2516417,75.7047233,0.000,11.92
1012.420,0.23700,0.25905,9.81000,0.00041,-0.00082,-0.00041,31.2516417,75.7047233,0.000,11.92
1012.528,0.24405,0.29205,9.82395,-0.00069,0.00027,0.00069,31.2516417,75.7047233,0.000,11.92
1012.635,0.24900,0.25605,9.81000,-0.00069,0.00027,-0.00041,31.2516417,75.7047233,0.000,11.92
1012.744,0.22995,0.28305,9.81705,0.00041,0.00027,-0.00041,31.2516417,75.7047233,0.000,11.92
1012.852,0.26295,0.27105,9.84600,0.00041,0.00027,-0.00041,31.2516417,75.7047233,0.000,11.92
1012.960,0.24195,0.27495,9.82905,0.00151,0.00027,-0.00041,31.2516417,75.7047233,0.000,11.92
1013.067,0.24705,0.25605,9.78795,-0.00069,-0.00082,0.00069,31.2516417,75.7047233,0.000,11.92
1013.177,0.24000,0.25395,9.79095,0.00041,-0.00082,-0.00041,31.2516400,75.7047233,0.000,11.92
1013.284,0.23700,0.24405,9.76200,-0.00069,-0.00289,-0.00041,31.2516400,75.7047233,0.000,11.92
1013.387,0.29700,0.21600,9.79305,-0.00069,-0.00082,-0.00041,31.2516400,75.7047233,0.000,11.92
1013.491,0.26100,0.26595,9.82605,0.00041,-0.00082,-0.00041,31.2516400,75.7047233,0.000,11.92
1013.594,0.21600,0.26805,9.82605,0.00041,0.00027,-0.00041,31.2516400,75.7047233,0.000,11.92
1013.700,0.31905,0.27495,9.87705,-0.00275,-0.00289,0.00069,31.2516400,75.7047233,0.000,11.92
1013.808,0.22800,0.21600,9.82395,0.00041,-0.00082,-0.00041,31.2516400,75.7047233,0.000,11.92
1013.913,0.24195,0.27495,9.79800,0.00151,-0.00399,0.00069,31.2516400,75.7047233,0.000,11.92
1014.021,0.26100,0.27300,9.81405,-0.00069,-0.00082,-0.00041,31.2516400,75.7047233,0.000,11.92
1014.130,0.22800,0.25905,9.78795,-0.00069,-0.00082,-0.00041,31.2516400,75.7047233,0.000,11.92
1014.237,0.23505,0.23700,9.78300,0.00041,-0.00082,-0.00041,31.2516417,75.7047233,0.000,11.92
1014.346,0.22005,0.25095,9.76905,0.00041,-0.00082,0.00069,31.2516417,75.7047233,0.000,11.92
1014.452,0.24405,0.22995,9.77895,0.00041,-0.00082,0.00165,31.2516417,75.7047233,0.000,11.92
1014.560,0.21300,0.25095,9.78105,0.00151,0.00137,-0.00041,31.2516417,75.7047233,0.000,11.92
1014.669,0.24705,0.26595,9.79800,-0.00165,-0.00082,-0.00041,31.2516417,75.7047233,0.000,11.92
1014.777,0.24405,0.24705,9.82200,0.00041,0.00137,-0.00041,31.2516417,75.7047233,0.000,11.92
1014.887,0.23205,0.26100,9.83100,0.00041,-0.00082,-0.00041,31.2516417,75.7047233,0.000,11.92
1014.994,0.22305,0.27105,9.79305,-0.00069,-0.00082,-0.00041,31.2516417,75.7047233,0.000,11.92
1015.103,0.22305,0.24900,9.80505,0.00151,0.00027,-0.00041,31.2516417,75.7047233,0.000,11.92
1015.210,0.21300,0.25905,9.82395,0.00041,-0.00082,-0.00041,31.2516417,75.7047233,0.000,11.92
1015.329,0.24195,0.25395,9.79995,-0.00069,0.00027,-0.00041,31.2516417,75.7047233,0.000,11.92
1015.437,0.21105,0.26805,9.81705,-0.00069,-0.00082,0.00165,31.2516417,75.7047233,0.000,11.92
1015.546,0.28005,0.25605,9.82905,0.00041,0.00027,0.00069,31.2516417,75.7047233,0.000,11.92
1015.655,0.21795,0.28695,9.84600,0.00041,0.00137,-0.00041,31.2516417,75.7047233,0.000,11.92
1015.764,0.22995,0.24900,9.79305,-0.00069,-0.00082,0.00069,31.2516417,75.7047233,0.000,11.92
1015.873,0.26100,0.23700,9.80505,0.00041,0.00027,-0.00041,31.2516417,75.7047233,0.000,11.92
1015.981,0.21300,0.26805,9.78600,0.00041,-0.00082,0.00069,31.2516417,75.7047233,0.000,11.92
1016.089,0.22800,0.25605,9.82200,0.00041,0.00027,-0.00041,31.2516417,75.7047233,0.000,11.92
1016.197,0.21600,0.26100,9.81405,-0.00069,0.00027,0.00069,31.2516417,75.7047233,0.000,11.92
1016.305,0.23505,0.21795,9.78795,0.00041,-0.00082,0.00069,31.2516417,75.7047233,0.000,11.92
1016.424,0.20805,0.26295,9.81705,0.00041,-0.00082,-0.00041,31.2516417,75.7047233,0.000,11.92
1016.531,0.22500,0.24405,9.83400,0.00041,0.00027,-0.00041,31.2516417,75.7047233,0.000,11.92
1016.639,0.22005,0.28005,9.83100,-0.00069,0.00027,-0.00041,31.2516417,75.7047233,0.000,11.92
1016.747,0.22995,0.26805,9.86700,-0.00069,0.00027,-0.00041,31.2516417,75.7047233,0.000,11.92
1016.854,0.20805,0.27105,9.82605,-0.00069,0.00027,-0.00041,31.2516417,75.7047233,0.000,11.92
1016.981,0.21795,0.23895,9.81405,0.00151,0.00027,0.00069,31.2516417,75.7047233,0.000,11.92
1017.089,0.24900,0.24405,9.77895,-0.00069,-0.00082,-0.00041,31.2516417,75.7047233,0.000,11.92
1017.197,0.22800,0.26595,9.81405,0.00041,0.00027,0.00069,31.2516417,75.7047233,0.000,11.92
1017.304,0.23700,0.25395,9.77895,-0.00069,-0.00179,-0.00041,31.2516417,75.7047233,0.000,11.92
1017.409,0.25605,0.25095,9.79305,0.00041,-0.00179,0.00069,31.2516417,75.7047233,0.000,11.92
1017.521,0.21795,0.27495,9.79500,-0.00069,-0.00082,0.00069,31.2516417,75.7047233,0.000,11.92
1017.629,0.23505,0.24195,9.77595,0.00151,0.00027,-0.00041,31.2516417,75.7047233,0.000,11.92
1017.736,0.20805,0.25905,9.77895,0.00041,0.00027,0.00069,31.2516417,75.7047233,0.000,11.92
1017.844,0.24000,0.25605,9.81705,0.00041,-0.00082,0.00069,31.2516417,75.7047233,0.000,11.92
1017.951,0.19605,0.26100,9.79995,-0.00069,-0.00082,-0.00041,31.2516417,75.7047233,0.000,11.92
1018.077,0.21795,0.27795,9.85005,0.00151,0.00027,-0.00151,31.2516417,75.7047233,0.000,11.92
1018.184,0.23700,0.26100,9.83595,0.00041,0.00027,-0.00041,31.2516417,75.7047233,0.000,11.92
1018.289,0.24195,0.27300,9.83805,-0.00069,0.00137,-0.00041,31.2516417,75.7047233,0.000,11.92
1018.397,0.22305,0.28005,9.87195,0.00041,0.00027,-0.00041,31.2516417,75.7047233,0.000,11.92
1018.505,0.26295,0.25905,9.83400,-0.00069,-0.00082,0.00069,31.2516417,75.7047233,0.000,11.92
1018.635,0.26100,0.22995,9.78795,0.00041,0.00027,-0.00041,31.2516417,75.7047233,0.000,11.92
1018.744,0.20595,0.28995,9.83805,0.00041,0.00137,0.00069,31.2516417,75.7047233,0.000,11.92
1018.852,0.24705,0.26100,9.85005,0.00041,0.00027,0.00069,31.2516417,75.7047233,0.000,11.92
1018.961,0.22800,0.28305,9.81195,-0.00069,0.00027,0.00165,31.2516417,75.7047233,0.000,11.92
1019.069,0.25605,0.25605,9.84300,-0.00069,-0.00082,0.00069,31.2516417,75.7047233,0.000,11.92
1019.177,0.26295,0.29895,9.84105,-0.00165,0.00027,-0.00041,31.2516417,75.7047233,0.000,11.92
1019.285,0.10500,0.08595,9.73500,0.00357,-0.00289,-0.00041,31.2516417,75.7047233,0.000,11.92
1019.394,0.35205,-0.05895,9.79095,0.00357,-0.00605,-0.00357,31.2516417,75.7047233,0.000,11.92
1019.503,-0.23100,0.63195,9.88395,-0.00069,-0.01361,0.00165,31.2516417,75.7047233,0.000,11.92
1019.612,0.29205,0.28995,9.85995,-0.00495,-0.00289,0.00275,31.2516417,75.7047233,0.000,11.92
1019.731,0.18195,0.30900,9.81195,0.00261,0.00137,-0.00151,31.2516417,75.7047233,0.000,11.92
1019.838,0.26100,0.33300,9.82395,-0.00069,-0.00082,-0.00041,31.2516417,75.7047233,0.000,11.92
1019.944,0.30195,0.19605,9.83100,-0.00165,-0.00179,0.00069,31.2516417,75.7047233,0.000,11.92
1020.053,0.21300,0.28500,9.83400,0.00041,0.00027,-0.00151,31.2516417,75.7047233,0.000,11.92
1020.161,0.16500,0.27495,9.81000,0.00041,0.00027,-0.00041,31.2516417,75.7047233,0.000,11.92
1020.288,0.19395,0.25605,9.82395,0.00041,0.00137,-0.00041,31.2516417,75.7047233,0.000,11.92
1020.397,0.23505,0.29205,9.84105,-0.00069,-0.00082,0.00069,31.2516417,75.7047233,0.000,11.92
1020.505,0.22005,0.25905,9.84105,0.00151,0.00027,0.00069,31.2516417,75.7047233,0.000,11.92
1020.613,0.24000,0.28005,9.84300,-0.00069,-0.00082,-0.00041,31.2516417,75.7047233,0.000,11.92
1020.721,0.21600,0.28005,9.81405,0.00151,0.00027,-0.00041,31.2516417,75.7047233,0.000,11.92
1020.829,0.24405,0.24195,9.80700,-0.00069,0.00027,-0.00041,31.2516417,75.7047233,0.000,11.92
1020.935,0.25395,0.28995,9.80700,-0.00069,-0.00179,0.00069,31.2516417,75.7047233,0.000,11.92
1021.043,0.25095,0.24195,9.77895,-0.00069,-0.00082,0.00069,31.2516417,75.7047233,0.000,11.92
1021.151,0.26100,0.25095,9.77400,-0.00069,-0.00082,-0.00041,31.2516417,75.7047233,0.000,11.92
1021.258,0.27795,0.25395,9.80505,-0.00069,-0.00179,-0.00041,31.2516417,75.7047233,0.000,11.92
1021.366,0.22800,0.26295,9.78795,0.00041,-0.00082,0.00069,31.2516417,75.7047233,0.000,11.92
1021.474,0.22800,0.23505,9.75900,-0.00069,-0.00179,0.00069,31.2516417,75.7047233,0.000,11.92
1021.582,0.24195,0.27300,9.79995,-0.00069,0.00027,-0.00041,31.2516417,75.7047233,0.000,11.92
1021.689,0.20805,0.28005,9.80505,0.00041,0.00027,-0.00041,31.2516417,75.7047233,0.000,11.92
1021.796,0.24195,0.24195,9.77400,-0.00069,-0.00082,-0.00041,31.2516417,75.7047233,0.000,11.92
1021.904,0.22995,0.28500,9.84105,-0.00165,-0.00082,0.00069,31.2516417,75.7047233,0.000,11.92
1022.013,0.24000,0.25605,9.79800,0.00041,0.00027,0.00069,31.2516417,75.7047233,0.000,11.92
1022.120,0.21600,0.26595,9.78600,0.00041,0.00027,-0.00041,31.2516417,75.7047233,0.000,11.92
1022.224,0.23700,0.26595,9.83400,-0.00069,0.00027,-0.00041,31.2516417,75.7047233,0.000,11.92
1022.331,0.24900,0.24705,9.83805,0.00041,0.00137,0.00069,31.2516417,75.7047233,0.000,11.92
1022.435,0.22500,0.26100,9.81195,0.00041,-0.00082,0.00069,31.2516417,75.7047233,0.000,11.92
1022.542,0.24405,0.25395,9.81195,-0.00069,-0.00082,-0.00041,31.2516417,75.7047233,0.000,11.92
1022.651,0.20400,0.26805,9.79500,0.00041,0.00137,-0.00041,31.2516417,75.7047233,0.000,11.92
1022.760,0.22800,0.24900,9.82395,-0.00069,0.00027,-0.00041,31.2516417,75.7047233,0.000,11.92
1022.865,0.25095,0.28005,9.81900,-0.00069,0.00027,0.00069,31.2516417,75.7047233,0.000,11.92
1022.972,0.23505,0.27495,9.81195,0.00041,-0.00082,0.00069,31.2516417,75.7047233,0.000,11.92
1023.081,0.23505,0.25095,9.83400,-0.00069,0.00027,0.00069,31.2516417,75.7047233,0.000,11.92
1023.190,0.24000,0.26595,9.79800,0.00041,-0.00082,-0.00041,31.2516417,75.7047233,0.000,11.92
1023.298,0.24900,0.25905,9.79500,0.00041,-0.00082,-0.00041,31.2516417,75.7047233,0.000,11.92
1023.407,0.21795,0.24705,9.78795,-0.00069,0.00027,0.00069,31.2516417,75.7047233,0.000,11.92
1023.515,0.25095,0.25905,9.79500,0.00041,-0.00082,0.00069,31.2516417,75.7047233,0.000,11.92
1023.620,0.20100,0.26100,9.84300,0.00041,0.00027,-0.00041,31.2516417,75.7047233,0.000,11.92
1023.727,0.23505,0.23205,9.80205,0.00041,0.00027,-0.00041,31.2516417,75.7047233,0.000,11.92
1023.837,0.21795,0.28500,9.78105,0.00041,0.00027,0.00069,31.2516417,75.7047233,0.000,11.92
1023.945,0.22800,0.27300,9.82905,-0.00069,0.00027,0.00069,31.2516417,75.7047233,0.000,11.92
1024.053,0.22500,0.29205,9.82605,0.00151,0.00027,-0.00041,31.2516417,75.7047233,0.000,11.92
1024.162,0.22305,0.25605,9.82905,0.00041,0.00027,0.00069,31.2516417,75.7047233,0.000,11.92
1024.271,0.20595,0.28995,9.85500,0.00041,0.00137,-0.00041,31.2516417,75.7047233,0.000,11.92
1024.380,0.24000,0.24195,9.79995,0.00041,0.00027,0.00069,31.2516417,75.7047233,0.000,11.92
1024.488,0.23505,0.25095,9.82200,0.00041,0.00137,0.00069,31.2516417,75.7047233,0.000,11.92
1024.595,0.24705,0.26805,9.82605,-0.00069,0.00027,-0.00041,31.2516417,75.7047233,0.000,11.92
1024.706,0.24195,0.24195,9.79500,0.00041,0.00137,0.00069,31.2516417,75.7047233,0.000,11.92
1024.814,0.21105,0.25605,9.82605,-0.00069,0.00027,0.00069,31.2516417,75.7047233,0.000,11.92
1024.923,0.23205,0.26805,9.84600,-0.00069,0.00137,-0.00041,31.2516417,75.7047233,0.000,11.92
1025.031,0.24000,0.28695,9.84105,0.00041,0.00137,-0.00041,31.2516417,75.7047233,0.000,11.92
1025.139,0.24405,0.29700,9.87000,0.00041,0.00027,0.00069,31.2516417,75.7047233,0.000,11.92
1025.249,0.20805,0.30195,9.84300,-0.00069,0.00027,0.00069,31.2516417,75.7047233,0.000,11.92
1025.357,0.22500,0.22500,9.75900,-0.00069,0.00027,0.00165,31.2516417,75.7047233,0.000,11.92
1025.465,0.19605,0.26805,9.83595,0.00151,0.00027,-0.00041,31.2516417,75.7047233,0.000,11.92
1025.574,0.22005,0.28305,9.85005,-0.00069,0.00027,-0.00041,31.2516417,75.7047233,0.000,11.92
1025.682,0.22005,0.28500,9.85305,-0.00069,0.00027,-0.00041,31.2516417,75.7047233,0.000,11.92
1025.799,0.23505,0.26805,9.78795,0.00041,-0.00082,-0.00041,31.2516417,75.7047233,0.000,11.92
1025.907,0.23205,0.27300,9.79305,0.00041,-0.00179,-0.00041,31.2516417,75.7047233,0.000,11.92
1026.015,0.24705,0.25905,9.81195,0.00041,-0.00082,-0.00041,31.2516417,75.7047233,0.000,11.92
1026.121,0.24000,0.27105,9.82905,0.00041,0.00027,-0.00041,31.2516417,75.7047233,0.000,11.92
1026.228,0.22995,0.26805,9.82200,0.00041,0.00027,0.00069,31.2516417,75.7047233,0.000,11.92
1026.335,0.22500,0.26295,9.80505,0.00151,0.00027,-0.00041,31.2516417,75.7047233,0.000,11.92
1026.445,0.22995,0.26100,9.83805,-0.00069,0.00137,-0.00041,31.2516417,75.7047233,0.000,11.92
1026.553,0.19905,0.27795,9.74295,0.00151,0.00137,-0.00041,31.2516417,75.7047233,0.000,11.92
1026.659,0.22995,0.23895,9.77895,-0.00069,-0.00082,-0.00041,31.2516417,75.7047233,0.000,11.92
1026.768,0.23700,0.22995,9.80205,0.00041,0.00027,-0.00041,31.2516417,75.7047233,0.000,11.92
1026.873,0.21105,0.26805,9.84600,0.00041,-0.00082,-0.00041,31.2516417,75.7047233,0.000,11.92
1026.980,0.25095,0.24705,9.81195,0.00041,-0.00082,-0.00151,31.2516417,75.7047233,0.000,11.92
1027.085,0.22800,0.27105,9.77100,-0.00069,-0.00082,-0.00041,31.2516417,75.7047233,0.000,11.92
1027.193,0.25395,0.24405,9.80505,-0.00069,-0.00082,-0.00041,31.2516417,75.7047233,0.000,11.92
1027.301,0.20805,0.27105,9.81705,0.00041,-0.00082,0.00069,31.2516417,75.7047233,0.000,11.92
1027.411,0.24000,0.27105,9.78300,-0.00069,0.00027,-0.00041,31.2516417,75.7047233,0.000,11.92
1027.518,0.21300,0.26295,9.81195,-0.00069,0.00027,-0.00041,31.2516417,75.7047233,0.000,11.92
1027.626,0.21795,0.24900,9.77100,-0.00069,-0.00082,0.00069,31.2516417,75.7047233,0.000,11.92
1027.730,0.23700,0.26805,9.84105,0.00041,0.00247,-0.00041,31.2516417,75.7047233,0.000,11.92
1027.838,0.22800,0.26295,9.83100,0.00041,0.00137,0.00069,31.2516417,75.7047233,0.000,11.92
1027.946,0.25395,0.28500,9.85800,-0.00069,0.00027,0.00055,31.2516417,75.7047233,0.000,11.92
1028.054,0.25095,0.28995,9.87000,-0.00069,0.00137,0.00055,31.2516417,75.7047233,0.000,11.92
1028.160,0.27300,0.28500,9.84600,-0.00069,0.00027,0.00055,31.2516417,75.7047233,0.000,11.92
1028.268,0.21300,0.26805,9.81705,-0.00179,0.00137,0.00055,31.2516417,75.7047233,0.000,11.92
1028.375,0.26295,0.24195,9.81405,0.00041,0.00027,-0.00055,31.2516417,75.7047233,0.000,11.92
1028.483,0.23205,0.27300,9.82905,0.00151,0.00137,0.00055,31.2516417,75.7047233,0.000,11.92
1028.591,0.23505,0.25095,9.78105,0.00151,0.00027,0.00165,31.2516417,75.7047233,0.000,11.92
1028.699,0.23205,0.26805,9.82605,-0.00179,0.00027,0.00055,31.2516417,75.7047233,0.000,11.92
1028.807,0.23700,0.26295,9.78105,-0.00179,0.00027,-0.00055,31.2516417,75.7047233,0.000,11.92
1028.915,0.26295,0.25605,9.76395,0.00041,-0.00179,-0.00055,31.2516417,75.7047233,0.000,11.92
1029.022,0.22800,0.25605,9.77595,-0.00069,0.00027,-0.00055,31.2516417,75.7047233,0.000,11.92
1029.142,0.23700,0.27495,9.85305,0.00041,0.00027,-0.00055,31.2516417,75.7047233,0.000,11.92
1029.250,0.25605,0.25605,9.79995,-0.00069,0.00027,-0.00055,31.2516417,75.7047233,0.000,11.92
1029.358,0.30705,0.34995,9.85500,-0.01237,0.00770,0.00055,31.2516417,75.7047233,0.000,11.92
1029.466,0.21795,0.30705,9.85995,-0.02090,0.01526,-0.00055,31.2516417,75.7047233,0.000,11.92
1029.575,-0.17805,0.92895,10.65195,0.01856,-0.00179,0.00797,31.2516417,75.7047233,0.000,11.92
1029.682,-0.25005,1.00095,10.12605,0.01100,0.00344,0.00055,31.2516417,75.7047233,0.000,11.92
1029.790,0.04095,0.17700,9.70695,-0.00701,-0.00495,-0.00371,31.2516417,75.7047233,0.000,11.92
1029.898,0.37605,0.29505,9.86700,-0.01127,0.00454,0.00275,31.2516417,75.7047233,0.000,11.92
1030.006,0.38295,0.73695,10.07100,0.01100,-0.03272,0.00797,31.2516417,75.7047233,0.000,11.92
1030.113,0.37800,0.63195,10.07505,0.00151,-0.00082,0.00055,31.2516417,75.7047233,0.000,11.92
1030.218,0.48105,-0.02805,9.67605,-0.01347,-0.00289,-0.00261,31.2516417,75.7047233,0.000,11.92
1030.326,0.24405,0.49305,9.89805,0.00577,-0.00605,0.00055,31.2516417,75.7047233,0.000,11.92
1030.433,0.03795,0.23205,9.72300,-0.00495,0.00344,-0.00055,31.2516417,75.7047233,0.000,11.92
1030.541,-0.11595,0.53895,9.91695,0.00247,0.00344,-0.00055,31.2516417,75.7047233,0.000,11.92
1030.647,0.01695,0.21795,9.77100,-0.00385,-0.00289,-0.00151,31.2516417,75.7047233,0.000,11.92
1030.754,0.43305,0.16500,9.85995,-0.00385,-0.00399,0.00165,31.2516417,75.7047233,0.000,11.92
1030.863,0.52905,0.04605,9.81705,-0.00495,-0.00399,-0.00055,31.2516417,75.7047233,0.000,11.92
1030.971,0.26595,0.31095,9.75195,0.00467,0.00247,0.00165,31.2516417,75.7047233,0.000,11.92
1031.079,0.02895,0.41700,9.88395,0.00357,0.00344,0.00055,31.2516417,75.7047233,0.000,11.92
1031.188,0.27795,0.11505,9.84600,-0.00179,0.00344,-0.00151,31.2516417,75.7047233,0.000,11.92
1031.295,0.25905,0.19905,9.83100,-0.00495,-0.01994,0.00055,31.2516417,75.7047233,0.000,11.92
1031.404,0.08895,0.40905,9.90795,-0.00069,-0.01031,0.00055,31.2516417,75.7047233,0.000,11.92
1031.511,0.23205,0.13695,9.80700,0.00247,0.01622,-0.00151,31.2516417,75.7047233,0.000,11.92
1031.619,0.31905,0.17205,9.84105,-0.00069,0.00137,-0.00055,31.2516417,75.7047233,0.000,11.92
1031.726,0.15105,0.29205,9.79995,0.01004,0.03231,0.00165,31.2516417,75.7047233,0.000,11.92
1031.832,0.17700,0.29205,9.79500,-0.00179,-0.00495,0.00055,31.2516417,75.7047233,0.000,11.92
1031.940,0.27300,0.13905,9.73305,0.00041,-0.00179,0.00055,31.2516417,75.7047233,0.000,11.92
1032.048,0.16500,0.25095,9.77895,0.00151,0.00137,0.00055,31.2516417,75.7047233,0.000,11.92
1032.156,0.19905,0.23505,9.79095,-0.00179,0.00027,-0.00055,31.2516417,75.7047233,0.000,11.92
1032.263,0.20100,0.19605,9.76395,0.00151,-0.00179,0.00055,31.2516417,75.7047233,0.000,11.92
1032.373,0.20595,0.25395,9.79800,0.00041,0.00027,-0.00055,31.2516417,75.7047233,0.000,11.92
1032.481,0.20100,0.24195,9.79095,0.00151,0.00247,-0.00055,31.2516417,75.7047233,0.000,11.92
1032.589,0.22305,0.23505,9.81000,-0.00179,-0.00082,0.00055,31.2516417,75.7047233,0.000,11.92
1032.694,0.22005,0.23895,9.79500,0.00041,-0.00082,0.00055,31.2516417,75.7047233,0.000,11.92
1032.798,0.16995,0.25095,9.82200,-0.00069,0.00027,-0.00055,31.2516417,75.7047233,0.000,11.92
1032.906,0.22995,0.18405,9.83400,-0.00179,-0.00082,0.00055,31.2516417,75.7047233,0.000,11.92
1033.013,0.20805,0.21795,9.81900,0.00041,0.00027,0.00055,31.2516417,75.7047233,0.000,11.92
1033.121,0.21795,0.22800,9.82605,-0.00179,0.00027,-0.00055,31.2516417,75.7047233,0.000,11.92
1033.230,0.20595,0.23505,9.81195,-0.00069,0.00027,-0.00055,31.2516417,75.7047233,0.000,11.92
1033.338,0.24405,0.17700,9.83805,-0.00179,-0.00179,-0.00055,31.2516417,75.7047233,0.000,11.92
1033.447,0.22305,0.23700,9.84795,0.00041,0.00027,-0.00055,31.2516417,75.7047233,0.000,11.92
1033.559,0.23505,0.20400,9.81405,-0.00069,-0.00082,-0.00055,31.2516417,75.7047233,0.000,11.92
1033.668,0.24000,0.19395,9.83595,-0.00069,-0.00179,0.00055,31.2516417,75.7047233,0.000,11.92
1033.776,0.21600,0.23895,9.85305,-0.00069,0.00027,-0.00055,31.2516417,75.7047233,0.000,11.92
1033.883,0.21600,0.23205,9.85995,-0.00069,-0.00082,0.00055,31.2516417,75.7047233,0.000,11.92
1033.991,0.22995,0.22800,9.79305,-0.00069,-0.00179,-0.00055,31.2516417,75.7047233,0.000,11.92
1034.099,0.22005,0.22800,9.84300,0.00041,-0.00082,0.00055,31.2516417,75.7047233,0.000,11.92
1034.208,0.21795,0.26595,9.79800,-0.00069,0.00027,0.00055,31.2516417,75.7047233,0.000,11.92
1034.316,0.22995,0.18000,9.81705,-0.00069,0.00027,-0.00055,31.2516417,75.7047233,0.000,11.92
1034.425,0.20100,0.25605,9.81195,0.00041,0.00137,-0.00055,31.2516417,75.7047233,0.000,11.92
1034.533,0.23205,0.21600,9.79095,-0.00179,-0.00082,0.00055,31.2516417,75.7047233,0.000,11.92
1034.655,0.19395,0.23700,9.83595,-0.00069,0.00137,0.00055,31.2516417,75.7047233,0.000,11.92
1034.763,0.16800,0.25395,9.83100,0.00041,0.00137,0.00055,31.2516417,75.7047233,0.000,11.92
1034.870,0.21600,0.19395,9.81405,-0.00179,-0.00082,0.00055,31.2516417,75.7047233,0.000,11.92
1034.979,0.18405,0.24195,9.87195,-0.00069,0.00137,0.00055,31.2516417,75.7047233,0.000,11.92
1035.087,0.19395,0.24195,9.84105,-0.00069,0.00027,0.00055,31.2516417,75.7047233,0.000,11.92
1035.210,0.19200,0.27300,9.81000,0.00041,0.00027,-0.00055,31.2516417,75.7047233,0.000,11.92
1035.318,0.24000,0.22305,9.76395,-0.00069,0.00027,-0.00055,31.2516417,75.7047233,0.000,11.92
1035.425,0.20595,0.21600,9.80700,0.00041,0.00027,-0.00055,31.2516417,75.7047233,0.000,11.92
1035.534,0.22995,0.22800,9.79800,0.00041,-0.00082,0.00055,31.2516417,75.7047233,0.000,11.92
1035.641,0.22005,0.25095,9.77400,0.00041,0.00027,-0.00055,31.2516417,75.7047233,0.000,11.92
1035.750,0.26100,0.22995,9.76395,0.00151,-0.00082,-0.00151,31.2516417,75.7047233,0.000,11.92
1035.859,0.21105,0.28005,9.76905,0.00151,-0.00082,-0.00055,31.2516417,75.7047233,0.000,11.92
1035.969,0.25905,0.22995,9.75195,0.00041,-0.00082,0.00055,31.2516417,75.7047233,0.000,11.92
1036.077,0.22005,0.27495,9.81195,0.00151,0.00137,0.00055,31.2516417,75.7047233,0.000,11.92
1036.182,0.21600,0.25395,9.81705,-0.00069,0.00027,-0.00055,31.2516433,75.7047817,0.000,11.92
1036.307,0.21300,0.23700,9.81900,0.00247,0.00027,-0.00055,31.2516433,75.7047817,0.000,11.92
1036.414,0.25905,0.22305,9.82605,-0.00069,0.00027,-0.00055,31.2516433,75.7047817,0.000,11.92
1036.522,0.21795,0.28500,9.83595,0.00041,-0.00082,0.00055,31.2516433,75.7047817,0.000,11.92
1036.631,0.26805,0.19395,9.81405,-0.00069,-0.00179,-0.00055,31.2516433,75.7047817,0.000,11.92
1036.740,0.19905,0.26595,9.86505,0.00041,0.00137,-0.00055,31.2516433,75.7047817,0.000,11.92
1036.863,0.22995,0.20400,9.79800,0.00041,0.00027,0.00055,31.2516433,75.7047817,0.000,11.92
1036.972,0.20400,0.27795,9.79095,0.00151,0.00137,0.00055,31.2516433,75.7047817,0.000,11.92
1037.080,0.21105,0.20400,9.81195,-0.00069,0.00027,-0.00055,31.2516433,75.7047817,0.000,11.92
1037.186,0.19905,0.24900,9.81195,0.00041,0.00027,-0.00055,31.2516433,75.7047850,0.000,11.92
1037.293,0.22800,0.20595,9.84105,0.00041,0.00027,-0.00055,31.2516433,75.7047850,0.000,11.92
1037.401,0.21105,0.25095,9.84105,0.00041,0.00137,0.00055,31.2516433,75.7047850,0.000,11.92
1037.505,0.22800,0.21795,9.84300,-0.00179,-0.00082,0.00165,31.2516433,75.7047850,0.000,11.92
1037.614,0.21600,0.23505,9.88605,-0.00069,0.00027,-0.00055,31.2516433,75.7047850,0.000,11.92
1037.719,0.22500,0.24195,9.85995,-0.00179,-0.00082,-0.00055,31.2516433,75.7047850,0.000,11.92
1037.826,0.22005,0.22005,9.86205,0.00151,0.00137,-0.00055,31.2516433,75.7047850,0.000,11.92
1037.934,0.20400,0.28500,9.86205,-0.00069,-0.00082,-0.00055,31.2516433,75.7047850,0.000,11.92
1038.041,0.24405,0.18405,9.83595,-0.00069,0.00027,0.00055,31.2516433,75.7047850,0.000,11.92
1038.145,0.19200,0.24900,9.82905,-0.00069,0.00027,0.00055,31.2516383,75.7047800,0.000,11.92
1038.252,0.20100,0.25095,9.87900,-0.00069,0.00027,-0.00055,,,,
1038.359,0.20595,0.23505,9.82200,0.00151,0.00137,-0.00055,,,,
1038.467,0.20805,0.22995,9.83595,0.00041,0.00027,0.00055,,,,
1038.574,0.20100,0.22005,9.78795,0.00041,0.00027,0.00055,,,,
1038.678,0.19395,0.22500,9.80700,0.00041,0.00027,-0.00055,,,,
1038.785,0.22995,0.18195,9.81405,0.00151,-0.00082,0.00055,,,,
1038.889,0.19200,0.28005,9.80505,0.00041,0.00027,0.00055,,,,
1038.993,0.22305,0.26805,9.80205,0.00041,0.00027,0.00055,,,,
1039.100,0.21600,0.25095,9.79800,0.00151,0.00137,-0.00055,,,,
1039.208,0.20100,0.26295,9.82395,0.00041,0.00027,0.00055,31.2516350,75.7047767,0.000,11.92
1039.316,0.22500,0.21105,9.84300,-0.00069,0.00027,0.00055,31.2516350,75.7047767,0.000,11.92
1039.425,0.20805,0.26100,9.85500,-0.00179,-0.00082,-0.00055,31.2516350,75.7047767,0.000,11.92
1039.531,0.23205,0.20595,9.85005,-0.00069,0.00027,0.00165,31.2516350,75.7047767,0.000,11.92
1039.639,0.21105,0.24900,9.85500,-0.00069,0.00027,-0.00055,31.2516350,75.7047767,0.000,11.92
1039.747,0.23700,0.20805,9.83400,-0.00069,0.00027,-0.00055,31.2516350,75.7047767,0.000,11.92
1039.857,0.20595,0.23205,9.81705,0.00151,-0.00179,-0.00055,31.2516350,75.7047767,0.000,11.92
1039.964,0.26595,0.18195,9.82605,-0.00069,0.00027,-0.00055,31.2516350,75.7047767,0.000,11.92
1040.072,0.20805,0.27795,9.82200,0.00137,-0.00082,0.00055,31.2516350,75.7047767,0.000,11.92
1040.185,0.19905,0.22800,9.80505,-0.00069,-0.00082,0.00055,31.2516350,75.7047783,0.000,11.92
1040.293,0.20595,0.23505,9.88605,0.00041,-0.00082,0.00165,31.2516350,75.7047783,0.000,11.92
1040.401,0.23505,0.23505,9.87000,-0.00179,-0.00082,0.00055,31.2516350,75.7047783,0.000,11.92
1040.509,0.24000,0.21795,9.82200,-0.00069,-0.00082,-0.00055,31.2516350,75.7047783,0.000,11.92
1040.617,0.25095,0.21600,9.83400,-0.00069,-0.00082,0.00055,31.2516350,75.7047783,0.000,11.92
1040.726,0.22005,0.24900,9.85005,0.00041,0.00027,-0.00055,31.2516350,75.7047783,0.000,11.92
1040.833,0.24000,0.23895,9.83400,-0.00069,-0.00192,0.00165,31.2516350,75.7047783,0.000,11.92
1040.942,0.24705,0.23895,9.83100,-0.00069,-0.00082,-0.00055,31.2516350,75.7047783,0.000,11.92
1041.050,0.21105,0.28500,9.79800,0.00041,-0.00082,-0.00055,31.2516350,75.7047783,0.000,11.92
1041.158,0.23700,0.19395,9.83100,-0.00069,0.00027,-0.00055,31.2516350,75.7047783,0.000,11.92
1041.279,0.21795,0.23700,9.83805,-0.00179,-0.00082,0.00055,31.2516350,75.7047783,0.000,11.92
1041.386,0.21105,0.19605,9.83805,-0.00069,-0.00082,-0.00055,31.2516350,75.7047783,0.000,11.92
1041.495,0.20595,0.24195,9.82395,-0.00069,-0.00082,0.00055,31.2516350,75.7047783,0.000,11.92
1041.603,0.20400,0.21300,9.86205,0.00041,0.00124,-0.00055,31.2516350,75.7047783,0.000,11.92
1041.711,0.20805,0.26295,9.84795,-0.00069,0.00027,0.00055,31.2516350,75.7047783,0.000,11.92
1041.838,0.15600,0.27300,9.79995,0.00041,0.00027,-0.00055,31.2516350,75.7047783,0.000,11.92
1041.946,0.20400,0.14895,9.81405,-0.00179,-0.00192,-0.00055,31.2516350,75.7047783,0.000,11.92
1042.054,0.17505,0.18195,9.77595,0.00041,0.00027,-0.00055,31.2516350,75.7047783,0.000,11.92
1042.162,0.18705,0.21795,9.82395,0.00041,-0.00082,-0.00055,31.2516367,75.7047800,0.000,11.92
1042.270,0.18000,0.20400,9.78105,-0.00179,0.00027,0.00055,31.2516367,75.7047800,0.000,11.92
1042.378,0.18900,0.20100,9.79800,-0.00069,0.00027,0.00055,31.2516367,75.7047800,0.000,11.92
1042.486,0.16800,0.23700,9.83400,0.00137,0.00027,0.00055,31.2516367,75.7047800,0.000,11.92
1042.595,0.20100,0.22305,9.78300,0.00041,-0.00082,-0.00151,31.2516367,75.7047800,0.000,11.92
1042.704,0.19200,0.22305,9.78600,-0.00069,0.00027,0.00055,31.2516367,75.7047800,0.000,11.92
1042.813,0.16995,0.22995,9.78600,-0.00069,0.00027,0.00055,31.2516367,75.7047800,0.000,11.92
1042.934,0.21300,0.22995,9.82905,0.00041,0.00027,-0.00055,31.2516367,75.7047800,0.000,11.92
1043.043,0.21600,0.22500,9.85995,-0.00069,-0.00192,-0.00055,31.2516367,75.7047800,0.000,11.92
1043.151,0.19605,0.24405,9.85305,-0.00069,-0.00082,-0.00055,31.2516367,75.7047800,0.000,11.92
1043.258,0.23205,0.20805,9.85995,-0.00069,0.00124,-0.00055,31.2516367,75.7047783,0.000,11.92
1043.365,0.16095,0.24705,9.84300,0.00247,0.00027,0.00055,31.2516367,75.7047783,0.000,11.92
1043.491,0.22995,0.22800,9.83400,0.00137,-0.00082,0.00055,31.2516367,75.7047783,0.000,11.92
1043.599,0.20595,0.27300,9.80205,0.00041,-0.00082,0.00055,31.2516367,75.7047783,0.000,11.92
1043.708,0.24900,0.20805,9.79800,0.00041,0.00027,0.00055,31.2516367,75.7047783,0.000,11.92
1043.813,0.20595,0.23895,9.79305,0.00041,0.00027,-0.00055,31.2516367,75.7047783,0.000,11.92
1043.921,0.21600,0.23205,9.80205,0.00041,-0.00082,0.00055,31.2516367,75.7047783,0.000,11.92
1044.029,0.18705,0.27795,9.81705,0.00041,0.00124,0.00055,31.2516367,75.7047783,0.000,11.92
1044.134,0.21795,0.20400,9.83100,-0.00069,0.00027,0.00055,31.2516367,75.7047783,0.000,11.92
1044.243,0.18000,0.25905,9.82605,0.00041,0.00027,-0.00055,31.2516350,75.7047783,0.000,11.92
1044.351,0.21600,0.23205,9.84105,-0.00069,-0.00082,0.00055,31.2516350,75.7047783,0.000,11.92
1044.460,0.20595,0.23205,9.83400,0.00041,0.00124,0.00055,31.2516350,75.7047783,0.000,11.92
1044.567,0.22800,0.23205,9.84600,-0.00069,0.00027,0.00055,31.2516350,75.7047783,0.000,11.92
1044.676,0.21105,0.21795,9.84300,0.00041,0.00027,0.00055,31.2516350,75.7047783,0.000,11.92
1044.783,0.22005,0.25095,9.82395,-0.00069,0.00027,-0.00055,31.2516350,75.7047783,0.000,11.92
1044.891,0.21795,0.18900,9.83400,-0.00069,0.00027,-0.00055,31.2516350,75.7047783,0.000,11.92
1044.999,0.21105,0.23205,9.84105,-0.00069,0.00124,0.00055,31.2516350,75.7047783,0.000,11.92
1045.106,0.22500,0.21105,9.82605,-0.00069,0.00027,-0.00055,31.2516350,75.7047783,0.000,11.92
1045.211,0.21300,0.24705,9.81000,0.00041,0.00027,0.00055,31.2516350,75.7047767,0.000,11.92
1045.318,0.24000,0.22005,9.78300,0.00041,0.00027,-0.00055,31.2516350,75.7047767,0.000,11.92
1045.425,0.21105,0.26100,9.81195,0.00137,0.00027,0.00055,31.2516350,75.7047767,0.000,11.92
1045.534,0.22995,0.22305,9.82605,-0.00069,0.00124,-0.00055,31.2516350,75.7047767,0.000,11.92
1045.642,0.20400,0.22995,9.81195,-0.00069,0.00027,0.00055,31.2516350,75.7047767,0.000,11.92
1045.749,0.22305,0.24900,9.84795,0.00041,0.00124,-0.00055,31.2516350,75.7047767,0.000,11.92
1045.857,0.21795,0.25095,9.83100,0.00041,0.00234,-0.00055,31.2516350,75.7047767,0.000,11.92
1045.965,0.22305,0.22305,9.81705,0.00041,0.00027,-0.00055,31.2516350,75.7047767,0.000,11.92
1046.073,0.22995,0.22305,9.84105,0.00041,0.00027,0.00165,31.2516350,75.7047767,0.000,11.92
1046.179,0.22305,0.23205,9.83400,-0.00179,0.00027,0.00055,31.2516350,75.7047750,0.000,11.92
1046.285,0.25605,0.20100,9.82395,-0.00069,0.00027,0.00055,31.2516350,75.7047750,0.000,11.92
1046.393,0.20805,0.25605,9.86205,0.00041,0.00027,-0.00055,31.2516350,75.7047750,0.000,11.92
1046.501,0.25095,0.21105,9.81900,-0.00069,-0.00082,-0.00055,31.2516350,75.7047750,0.000,11.92
1046.609,0.23505,0.24195,9.79800,0.00357,0.00027,0.00055,31.2516350,75.7047750,0.000,11.92
1046.717,0.25095,0.26595,9.79095,0.00041,-0.00082,0.00055,31.2516350,75.7047750,0.000,11.92
1046.824,0.22500,0.26100,9.79800,0.00041,0.00027,-0.00055,31.2516350,75.7047750,0.000,11.92
1046.928,0.23700,0.25905,9.81000,-0.00069,0.00027,0.00055,31.2516350,75.7047750,0.000,11.92
1047.036,0.23700,0.26595,9.83595,0.00137,-0.00082,-0.00055,31.2516350,75.7047750,0.000,11.92
1047.143,0.19905,0.27105,9.83595,0.00041,0.00027,0.00055,31.2516350,75.7047750,0.000,11.92
1047.251,0.22995,0.18195,9.82605,-0.00069,-0.00192,-0.00055,31.2516367,75.7047767,0.000,11.92
1047.367,0.19395,0.27495,9.82395,0.00137,0.00027,0.00055,31.2516367,75.7047767,0.000,11.92
1047.474,0.24900,0.21105,9.80505,0.00041,-0.00082,0.00055,31.2516367,75.7047767,0.000,11.92
1047.582,0.21600,0.26805,9.79995,0.00041,0.00027,-0.00055,31.2516367,75.7047767,0.000,11.92
1047.690,0.24405,0.21105,9.84105,-0.00179,0.00027,0.00055,31.2516367,75.7047767,0.000,11.92
1047.798,0.22500,0.26805,9.81405,0.00041,0.00027,-0.00055,31.2516367,75.7047767,0.000,11.92
1047.910,0.23700,0.23895,9.81705,0.00041,0.00027,0.00055,31.2516367,75.7047767,0.000,11.92
1048.019,0.21300,0.28005,9.80700,0.00041,-0.00082,-0.00055,31.2516367,75.7047767,0.000,11.92
1048.128,0.24000,0.23700,9.83595,-0.00069,0.00027,-0.00055,31.2516367,75.7047767,0.000,11.92
1048.233,0.21300,0.25905,9.84795,0.00041,0.00027,0.00165,31.2516367,75.7047767,0.000,11.92
1048.341,0.22995,0.22305,9.85995,0.00151,-0.00179,-0.00055,31.2516367,75.7047767,0.000,11.92
1048.466,0.19395,0.24195,9.83805,-0.00069,0.00137,-0.00055,31.2516367,75.7047767,0.000,11.92
1048.574,0.22305,0.22305,9.82200,-0.00069,0.00137,0.00055,31.2516367,75.7047767,0.000,11.92
1048.682,0.22305,0.21105,9.79500,0.00041,0.00027,0.00055,31.2516367,75.7047767,0.000,11.92
1048.790,0.22005,0.23205,9.78600,-0.00069,0.00027,0.00055,31.2516367,75.7047767,0.000,11.92
1048.896,0.19605,0.26100,9.76200,0.00041,-0.00179,0.00055,31.2516367,75.7047767,0.000,11.92
1049.021,0.18705,0.22800,9.82395,0.00041,0.00027,0.00055,31.2516367,75.7047767,0.000,11.92
1049.130,0.20805,0.20805,9.81900,-0.00069,-0.00082,0.00055,31.2516367,75.7047767,0.000,11.92
1049.233,0.19905,0.19395,9.81000,0.00041,0.00027,0.00055,31.2516417,75.7047800,0.000,11.92
1049.336,0.19200,0.24195,9.78300,0.00041,0.00027,0.00055,31.2516417,75.7047800,0.000,11.92
1049.443,0.22500,0.22800,9.79995,-0.00069,0.00137,0.00055,31.2516417,75.7047800,0.000,11.92
1049.561,0.21300,0.22005,9.81405,0.00041,-0.00082,-0.00055,31.2516417,75.7047800,0.000,11.92
1049.669,0.21105,0.18195,9.79995,0.00041,-0.00082,-0.00055,31.2516417,75.7047800,0.000,11.92
1049.777,0.18195,0.26100,9.84300,0.00041,0.00137,0.00055,31.2516417,75.7047800,0.000,11.92
1049.886,0.21300,0.18405,9.81705,-0.00069,-0.00082,0.00055,31.2516417,75.7047800,0.000,11.92
1049.994,0.19605,0.22995,9.75495,-0.00069,-0.00179,-0.00055,31.2516417,75.7047800,0.000,11.92
1050.117,0.21300,0.23895,9.79800,0.00041,0.00027,-0.00055,31.2516417,75.7047800,0.000,11.92
1050.225,0.22005,0.23700,9.80700,0.00041,-0.00082,0.00055,31.2516467,75.7047850,0.000,11.92
1050.333,0.21105,0.25905,9.84300,0.00041,0.00027,-0.00055,31.2516467,75.7047850,0.000,11.92
1050.441,0.22500,0.22500,9.80700,-0.00069,-0.00082,-0.00055,31.2516467,75.7047850,0.000,11.92
1050.549,0.20595,0.22005,9.83595,0.00041,0.00137,0.00055,31.2516467,75.7047850,0.000,11.92
1050.674,0.24195,0.17205,9.84795,-0.00069,0.00027,0.00055,31.2516467,75.7047850,0.000,11.92
1050.783,0.19200,0.25905,9.84300,0.00041,0.00027,0.00055,31.2516467,75.7047850,0.000,11.92
1050.890,0.23205,0.23205,9.81195,-0.00069,-0.00082,0.00055,31.2516467,75.7047850,0.000,11.92
1050.998,0.21105,0.23505,9.81705,-0.00069,0.00137,-0.00055,31.2516467,75.7047850,0.000,11.92
1051.107,0.23505,0.25605,9.78600,-0.00069,0.00027,-0.00055,31.2516467,75.7047850,0.000,11.92
1051.214,0.19605,0.23700,9.80205,0.00041,0.00137,-0.00055,31.2516483,75.7047867,0.000,11.92
1051.321,0.24705,0.21795,9.76695,0.00041,0.00027,-0.00055,31.2516483,75.7047867,0.000,11.92
1051.426,0.22005,0.23505,9.81900,0.00151,0.00027,0.00055,31.2516483,75.7047867,0.000,11.92
1051.534,0.20805,0.27300,9.83595,0.00041,0.00027,-0.00055,31.2516483,75.7047867,0.000,11.92
1051.642,0.24705,0.18900,9.82905,0.00041,0.00027,0.00055,31.2516483,75.7047867,0.000,11.92
1051.751,0.19395,0.27495,9.81900,0.00041,0.00027,-0.00055,31.2516483,75.7047867,0.000,11.92
1051.859,0.21795,0.21300,9.85995,-0.00069,-0.00082,-0.00055,31.2516483,75.7047867,0.000,11.92
1051.966,0.19200,0.25605,9.82200,0.00151,0.00027,0.00055,31.2516483,75.7047867,0.000,11.92
1052.075,0.24000,0.25605,9.84795,-0.00069,0.00027,-0.00055,31.2516483,75.7047867,0.000,11.92
1052.184,0.19395,0.23700,9.83595,0.00041,0.00137,-0.00055,31.2516483,75.7047867,0.000,11.92
1052.291,0.24705,0.22995,9.84300,-0.00069,-0.00082,-0.00055,31.2516483,75.7047867,0.000,11.92
1052.398,0.21105,0.22800,9.83400,0.00041,0.00027,0.00165,31.2516483,75.7047867,0.000,11.92
1052.505,0.22500,0.25605,9.81000,-0.00069,0.00027,-0.00055,31.2516483,75.7047867,0.000,11.92
1052.613,0.20595,0.22500,9.82905,0.00041,-0.00082,-0.00165,31.2516483,75.7047867,0.000,11.92
1052.717,0.22305,0.27105,9.82395,-0.00069,0.00027,0.00055,31.2516483,75.7047867,0.000,11.92
1052.825,0.25905,0.20805,9.80205,-0.00069,0.00027,0.00055,31.2516483,75.7047867,0.000,11.92
1052.933,0.22005,0.27495,9.85800,0.00041,0.00027,-0.00055,31.2516483,75.7047867,0.000,11.92
1053.041,0.24195,0.24900,9.82605,0.00041,0.00027,0.00055,31.2516483,75.7047867,0.000,11.92
1053.149,0.22305,0.22005,9.84105,-0.00069,0.00027,-0.00055,31.2516483,75.7047867,0.000,11.92
1053.257,0.22995,0.24705,9.82905,0.00041,0.00027,0.00165,31.2516483,75.7047867,0.000,11.92
1053.365,0.22305,0.24900,9.84300,0.00041,0.00027,0.00055,31.2516483,75.7047867,0.000,11.92
1053.474,0.22800,0.23505,9.85800,-0.00069,0.00027,0.00055,31.2516483,75.7047867,0.000,11.92
1053.583,0.20100,0.22995,9.85800,0.00151,0.00027,-0.00055,31.2516483,75.7047867,0.000,11.92
1053.690,0.19200,0.23895,9.84795,-0.00069,0.00137,-0.00055,31.2516483,75.7047867,0.000,11.92
1053.799,0.24405,0.16500,9.83100,-0.00069,0.00027,0.00055,31.2516483,75.7047867,0.000,11.92
1053.907,0.19395,0.25905,9.84105,0.00041,0.00027,-0.00055,31.2516483,75.7047867,0.000,11.92
1054.015,0.23205,0.22500,9.83400,0.00041,0.00027,0.00055,31.2516483,75.7047867,0.000,11.92
1054.123,0.21105,0.20400,9.84300,-0.00069,-0.00082,-0.00055,31.2516483,75.7047867,0.000,11.92
1054.231,0.22995,0.19905,9.83100,-0.00069,0.00027,-0.00055,31.2516483,75.7047867,0.000,11.92
1054.339,0.20100,0.24900,9.83805,-0.00069,0.00027,-0.00055,31.2516483,75.7047867,0.000,11.92
1054.447,0.25605,0.20805,9.79995,-0.00069,0.00027,-0.00055,31.2516483,75.7047867,0.000,11.92
1054.550,0.21600,0.23700,9.80700,0.00041,-0.00082,-0.00055,31.2516483,75.7047867,0.000,11.92
1054.658,0.20805,0.27300,9.82605,0.00041,-0.00179,0.00055,31.2516483,75.7047867,0.000,11.92
1054.767,0.22005,0.20100,9.81405,-0.00069,0.00027,-0.00055,31.2516483,75.7047867,0.000,11.92
1054.874,0.19605,0.26805,9.86505,0.00041,0.00027,-0.00055,31.2516483,75.7047867,0.000,11.92
1054.983,0.19200,0.23895,9.85800,0.00041,0.00137,-0.00055,31.2516483,75.7047867,0.000,11.92
1055.092,0.20805,0.22005,9.84105,0.00151,0.00027,0.00055,31.2516483,75.7047867,0.000,11.92
1055.199,0.20805,0.25095,9.87900,0.00041,0.00027,-0.00055,31.2516483,75.7047867,0.000,11.92
1055.301,0.19605,0.26805,9.87900,0.00041,0.00027,-0.00055,31.2516483,75.7047867,0.000,11.92
1055.404,0.24405,0.19605,9.79305,-0.00179,-0.00082,-0.00055,31.2516483,75.7047867,0.000,11.92
1055.506,0.24195,0.15300,9.83805,-0.00179,-0.00082,0.00055,31.2516483,75.7047867,0.000,11.92
1055.609,0.18000,0.25395,9.84600,0.00137,0.00137,-0.00055,31.2516483,75.7047867,0.000,11.92
1055.717,0.18195,0.25605,9.83400,0.00041,-0.00082,0.00055,31.2516483,75.7047867,0.000,11.92
1055.826,0.22500,0.17205,9.81000,-0.00069,-0.00082,-0.00055,31.2516483,75.7047867,0.000,11.92
1055.934,0.22005,0.23205,9.75900,-0.00069,0.00234,-0.00055,31.2516483,75.7047867,0.000,11.92
1056.043,0.19395,0.23700,9.80505,-0.00069,0.00027,-0.00055,31.2516483,75.7047867,0.000,11.92
1056.150,0.22500,0.18405,9.79095,-0.00069,-0.00192,-0.00055,31.2516483,75.7047867,0.000,11.92
1056.257,0.19905,0.18195,9.78795,0.00041,-0.00082,0.00055,31.2516483,75.7047867,0.000,11.92
1056.365,0.19605,0.25905,9.79800,0.00041,0.00027,-0.00055,31.2516483,75.7047867,0.000,11.92
1056.473,0.20805,0.18000,9.81195,-0.00069,-0.00082,-0.00055,31.2516483,75.7047867,0.000,11.92
1056.581,0.17700,0.26595,9.79500,0.00041,0.00027,0.00055,31.2516483,75.7047867,0.000,11.92
1056.690,0.17700,0.20805,9.81000,0.00041,0.00137,-0.00055,31.2516483,75.7047867,0.000,11.92
1056.799,0.18000,0.21105,9.80505,-0.00069,0.00027,0.00055,31.2516483,75.7047867,0.000,11.92
1056.907,0.19905,0.20100,9.81900,-0.00069,0.00027,0.00055,31.2516483,75.7047867,0.000,11.92
1057.015,0.16095,0.21300,9.83595,-0.00069,0.00137,-0.00055,31.2516483,75.7047867,0.000,11.92
1057.125,0.20400,0.13905,9.80205,-0.00179,0.00137,-0.00055,31.2516483,75.7047867,0.000,11.92
1057.232,0.17700,0.21105,9.85305,0.00041,0.00027,-0.00055,31.2516483,75.7047867,0.000,11.92
1057.341,0.18900,0.21795,9.84795,-0.00069,0.00027,-0.00055,31.2516483,75.7047867,0.000,11.92
1057.449,0.16800,0.19395,9.82200,0.00041,0.00137,0.00055,31.2516483,75.7047867,0.000,11.92
1057.557,0.17205,0.22005,9.81195,-0.00069,0.00027,0.00055,31.2516483,75.7047867,0.000,11.92
1057.666,0.17700,0.19395,9.82395,-0.00069,0.00027,-0.00055,31.2516483,75.7047867,0.000,11.92
1057.774,0.18195,0.20595,9.79305,0.00041,-0.00082,-0.00055,31.2516483,75.7047867,0.000,11.92
1057.883,0.19395,0.19605,9.81705,-0.00069,-0.00082,-0.00055,31.2516483,75.7047867,0.000,11.92
1057.990,0.14400,0.21795,9.81705,-0.00069,0.00137,-0.00055,31.2516483,75.7047867,0.000,11.92
1058.098,0.18705,0.13695,9.79305,-0.00069,-0.00082,-0.00055,31.2516483,75.7047867,0.000,11.92
1058.207,0.16500,0.21600,9.81195,-0.00179,-0.00082,-0.00055,31.2516483,75.7047867,0.000,11.92
1058.315,0.20400,0.18000,9.78795,-0.00069,0.00027,-0.00055,,,,
1058.422,0.17700,0.22305,9.80700,0.00041,-0.00082,-0.00055,,,,
1058.529,0.20100,0.21105,9.79305,-0.00069,-0.00082,-0.00055,,,,
1058.634,0.20595,0.21300,9.81405,0.00041,0.00027,-0.00055,,,,
1058.742,0.19605,0.24195,9.87705,-0.00179,0.00027,-0.00055,,,,
1058.850,0.21105,0.20400,9.85500,-0.00179,0.00027,0.00055,,,,
1058.957,0.18900,0.22305,9.84600,-0.00069,0.00027,0.00055,,,,
1059.065,0.22005,0.16500,9.85305,-0.00179,-0.00082,0.00055,,,,
1059.172,0.18000,0.23505,9.84105,0.00041,0.00027,-0.00055,31.2516483,75.7047867,0.000,11.92
1059.279,0.21600,0.19200,9.78300,0.00041,-0.00082,0.00165,31.2516483,75.7047867,0.000,11.92
1059.382,0.19605,0.19200,9.76905,0.00041,-0.00082,-0.00055,31.2516483,75.7047867,0.000,11.92
1059.491,0.17700,0.25395,9.79995,-0.00069,0.00027,0.00055,31.2516483,75.7047867,0.000,11.92
1059.599,0.20805,0.22800,9.78600,0.00041,0.00027,-0.00055,31.2516483,75.7047867,0.000,11.92
1059.706,0.20595,0.23505,9.79305,0.00041,0.00027,-0.00055,31.2516483,75.7047867,0.000,11.92
1059.814,0.21105,0.22005,9.82200,0.00137,0.00027,-0.00055,31.2516483,75.7047867,0.000,11.92
1059.922,0.18900,0.22500,9.82200,0.00041,0.00027,-0.00055,31.2516483,75.7047867,0.000,11.92
1060.030,0.19605,0.19905,9.82605,-0.00069,-0.00082,-0.00055,31.2516483,75.7047867,0.000,11.92
1060.137,0.17505,0.26100,9.84105,0.00041,0.00137,-0.00055,31.2516483,75.7047867,0.000,11.92
1060.245,0.21600,0.19200,9.83805,-0.00069,-0.00082,-0.00055,31.2516483,75.7047867,0.000,11.92
1060.353,0.22800,0.22500,9.79800,0.00041,0.00027,-0.00055,31.2516483,75.7047867,0.000,11.92
1060.460,0.20400,0.23205,9.83400,0.00041,0.00027,0.00055,31.2516483,75.7047867,0.000,11.92
1060.564,0.21600,0.23505,9.81195,-0.00179,-0.00082,0.00055,31.2516483,75.7047867,0.000,11.92
1060.672,0.23505,0.24705,9.77895,-0.00069,-0.00082,0.00055,31.2516483,75.7047867,0.000,11.92
1060.779,0.22800,0.23505,9.82905,0.00041,0.00027,0.00055,31.2516483,75.7047867,0.000,11.92
1060.887,0.20805,0.33300,9.84105,0.00041,-0.00082,0.00055,31.2516483,75.7047867,0.000,11.92
1060.995,0.27300,0.17700,9.82605,-0.00179,-0.00082,-0.00055,31.2516483,75.7047867,0.000,11.92
1061.103,0.20400,0.26295,9.85500,0.00137,0.00137,0.00055,31.2516483,75.7047867,0.000,11.92
1061.210,0.22305,0.26295,9.85305,-0.00069,-0.00082,0.00055,31.2516483,75.7047867,0.000,11.92
1061.316,0.23205,0.21300,9.87000,-0.00069,0.00027,0.00055,31.2516483,75.7047867,0.000,11.92
1061.425,0.22005,0.22005,9.84105,-0.00069,-0.00082,0.00055,31.2516483,75.7047867,0.000,11.92
1061.533,0.21795,0.24405,9.81000,-0.00069,-0.00082,-0.00055,31.2516483,75.7047867,0.000,11.92
1061.641,0.24000,0.20100,9.77400,-0.00069,-0.00082,-0.00055,31.2516483,75.7047867,0.000,11.92
1061.750,0.22500,0.24195,9.83100,0.00041,0.00027,-0.00055,31.2516483,75.7047867,0.000,11.92
1061.858,0.19200,0.28005,9.82605,-0.00179,-0.00082,0.00055,31.2516483,75.7047867,0.000,11.92
1061.967,0.25905,0.13395,9.78300,-0.00179,-0.00192,0.00055,31.2516483,75.7047867,0.000,11.92
1062.075,0.19605,0.28500,9.83805,0.00041,0.00027,0.00055,31.2516483,75.7047867,0.000,11.92
1062.183,0.23205,0.24705,9.80205,-0.00069,-0.00082,-0.00055,31.2516483,75.7047867,0.000,11.92
1062.291,0.24195,0.21795,9.77100,0.00041,0.00027,-0.00151,31.2516483,75.7047867,0.000,11.92
1062.399,0.21795,0.26295,9.81195,0.00041,-0.00082,-0.00055,31.2516483,75.7047867,0.000,11.92
1062.508,0.20400,0.24405,9.78600,-0.00069,0.00137,-0.00055,31.2516483,75.7047867,0.000,11.92
1062.615,0.24195,0.22500,9.78795,-0.00179,0.00137,-0.00151,31.2516483,75.7047867,0.000,11.92
1062.724,0.21105,0.23700,9.81900,0.00247,0.00027,0.00055,31.2516483,75.7047867,0.000,11.92
1062.832,0.20400,0.25395,9.81000,-0.00069,-0.00069,-0.00055,31.2516483,75.7047867,0.000,11.92
1062.939,0.22005,0.19905,9.80505,-0.00069,-0.00069,-0.00055,31.2516483,75.7047867,0.000,11.92
1063.045,0.06195,0.28005,9.84300,0.03451,0.11220,-0.00261,31.2516483,75.7047867,0.000,11.92
1063.152,1.42005,-0.51795,10.30305,-0.74525,-0.34375,1.28205,31.2516483,75.7047867,0.000,11.92
1063.260,-0.64995,-1.22700,7.17405,-0.35860,0.30071,1.07855,31.2516483,75.7047867,0.000,11.92
1063.370,5.00895,-3.97605,13.44405,-0.76560,-1.77760,1.90850,31.2516483,75.7047867,0.000,11.92
1063.478,6.01695,-1.43295,11.81805,2.97357,-0.58987,0.21258,31.2516483,75.7047867,0.000,11.92
1063.587,6.96495,1.27095,8.46405,0.49362,-1.91496,-0.72174,31.2516483,75.7047867,0.000,11.92
1063.694,3.59100,2.38200,6.52995,0.32959,-1.16834,-1.16476,31.2516483,75.7047867,0.000,11.92
1063.803,0.85005,3.58395,7.52805,-0.45980,-0.52704,-1.36620,31.2516483,75.7047867,0.000,11.92
1063.927,2.26995,2.93295,6.30495,-0.88701,-0.10189,-1.14139,31.2516483,75.7047867,0.000,11.92
1064.034,4.50405,3.57495,6.75705,0.28160,-0.00605,-0.34677,31.2516483,75.7047867,0.000,11.92
1064.141,3.93900,2.77005,8.44305,-0.39476,-0.11468,0.29136,31.2516483,75.7047867,0.000,11.92
1064.249,3.10500,2.31000,8.77305,-0.24035,0.33797,0.98065,31.2516483,75.7047867,0.000,11.92
1064.357,9.26295,4.11105,7.42695,-0.35544,-0.97873,0.53529,31.2516483,75.7047867,0.000,11.92
1064.484,5.02800,1.81005,8.13105,-0.10395,-0.50146,1.14579,31.2516483,75.7047867,0.000,11.92
1064.590,3.02595,1.54905,10.35300,0.42116,2.89355,0.52250,31.2516483,75.7047867,0.000,11.92
1064.698,-1.26105,3.79005,10.99005,1.64945,2.62405,-0.98271,31.2516483,75.7047867,0.000,11.92
1064.807,0.12000,3.30195,8.81100,0.28270,1.05600,-0.07714,31.2516483,75.7047867,0.000,11.92
1064.915,-1.54305,3.00705,10.36305,0.00467,0.67884,-0.37125,31.2516483,75.7047867,0.000,11.92
1065.022,-0.98805,2.96595,9.28095,-0.37565,0.21120,-0.28600,31.2516483,75.7047867,0.000,11.92
1065.126,-3.46095,3.94095,8.68395,0.45100,0.42859,-0.64501,31.2516533,75.7047917,0.000,11.92
1065.230,-2.83395,2.77005,9.96495,-0.14658,0.28366,-0.38074,31.2516533,75.7047917,0.000,11.92
1065.334,-2.38395,3.03600,8.25795,0.13351,0.03011,-0.17627,31.2516533,75.7047917,0.000,11.92
1065.440,-2.61600,3.49305,9.08400,-0.08168,0.32092,0.03685,31.2516533,75.7047917,0.000,11.92
1065.557,-2.46300,2.73705,9.13005,-0.34265,-0.17119,0.03685,31.2516533,75.7047917,0.000,11.92
1065.660,-1.82595,2.33205,9.78105,-0.11248,-0.17119,-0.03355,31.2516533,75.7047917,0.000,11.92
1065.764,-1.47405,2.00595,9.74295,-0.19030,-0.25328,-0.06119,31.2516533,75.7047917,0.000,11.92
1065.877,-1.56000,2.60295,8.70405,-0.34581,-0.24791,-0.08896,31.2516533,75.7047917,0.000,11.92
1065.982,-1.29405,1.65195,9.90105,-0.09446,-0.12650,-0.01650,31.2516533,75.7047917,0.000,11.92
1066.182,-1.39695,1.58700,9.90105,0.01856,0.01416,-0.16885,31.2516517,75.7047933,0.000,239.70
1066.357,-0.65295,1.08000,9.60600,-0.03795,-0.03589,-0.22316,31.2516517,75.7047933,0.000,239.70
1066.484,-2.01195,2.31795,8.91195,0.01952,0.02159,-0.07617,31.2516517,75.7047933,0.000,239.70
1066.617,-1.27500,1.39800,9.58905,-0.05816,-0.47479,-0.20391,31.2516517,75.7047933,0.000,239.70
1066.751,-0.86805,1.51095,9.91500,0.16651,-0.08168,-0.11880,31.2516517,75.7047933,0.000,239.70
1066.869,-0.58500,1.84395,9.88395,0.23265,-0.30332,-0.12306,31.2516517,75.7047933,0.000,239.70
1066.991,0.01005,1.72395,9.43905,0.23471,-0.09872,-0.16459,31.2516517,75.7047933,0.000,239.70
1067.106,-0.21000,1.91805,10.43505,0.11976,-0.08814,-0.16885,31.2516517,75.7047933,0.000,239.70
1067.219,-0.16395,2.31300,9.49095,0.20281,-0.20529,-0.24984,31.2516500,75.7047883,0.000,125.51
1067.339,-0.07095,2.36805,9.30900,0.17188,-0.07645,-0.24654,31.2516500,75.7047883,0.000,125.51
1067.488,-0.05895,2.48295,9.46005,0.07714,0.06421,-0.18480,31.2516500,75.7047883,0.000,125.51
1067.646,-0.31305,2.77005,9.42900,-0.04868,-0.04235,-0.07824,31.2516500,75.7047883,0.000,125.51
1067.797,-0.16200,2.66505,9.79095,0.04304,-0.03272,0.00797,31.2516500,75.7047883,0.000,125.51
1067.965,0.03105,2.72700,9.51300,-0.02406,-0.04331,0.00275,31.2516500,75.7047883,0.000,125.51
1068.108,0.16800,2.59995,9.46995,-0.06669,-0.06256,-0.05376,31.2516500,75.7047883,0.000,125.51
1068.266,0.13695,2.67195,9.63705,0.01952,-0.01678,-0.05266,31.2516483,75.7047917,0.000,307.37
1068.416,0.00195,2.88300,9.13200,0.01526,-0.00399,-0.04634,31.2516483,75.7047917,0.000,307.37
1068.535,0.07200,2.78895,9.33795,0.03025,-0.01141,-0.07288,31.2516483,75.7047917,0.000,307.37
1068.676,0.00705,2.85405,9.45795,0.03548,-0.04331,-0.07288,31.2516483,75.7047917,0.000,307.37
1068.824,0.02205,2.79405,9.37605,-0.00275,0.04290,-0.07824,31.2516483,75.7047917,0.000,307.37
1068.973,0.05295,2.83005,9.62805,0.00577,0.02159,-0.11660,31.2516483,75.7047917,0.000,307.37
1069.124,0.04305,2.85405,9.58500,0.09735,-0.01141,-0.08566,31.2516483,75.7047917,0.000,307.37
1069.243,-0.01995,2.87100,9.38805,0.11014,0.07810,-0.12403,31.2516500,75.7047883,0.466,278.66
1069.362,-0.18600,2.98605,9.51495,0.03548,-0.00495,-0.08896,31.2516500,75.7047883,0.466,278.66
1069.522,-0.41100,3.28005,9.15795,-0.01457,-0.11041,-0.05266,31.2516500,75.7047883,0.466,278.66
1069.637,-0.02295,3.14400,9.21795,-0.06669,-0.04868,0.06449,31.2516500,75.7047883,0.466,278.66
1069.755,0.04800,2.96595,9.59895,-0.01347,0.04180,0.04111,31.2516500,75.7047883,0.466,278.66
1069.888,0.06705,3.00705,9.37395,0.03878,-0.05404,-0.04744,31.2516500,75.7047883,0.466,278.66
1069.998,0.30705,2.81805,9.40695,0.03658,0.00880,-0.06861,31.2516500,75.7047883,0.466,278.66
1070.118,0.18405,2.84205,9.35205,0.07177,0.04510,-0.12403,31.2516500,75.7047883,0.466,278.66
1070.265,-0.07995,3.05295,9.15405,0.07604,0.06105,-0.11550,31.2516517,75.7047867,0.577,282.46
1070.383,0.18000,2.96400,9.52005,-0.03795,-0.11468,-0.07508,31.2516517,75.7047867,0.577,282.46
1070.531,0.24195,3.04500,9.33300,0.02695,-0.00495,-0.24874,31.2516517,75.7047867,0.577,282.46
1070.684,0.36600,3.05505,8.90895,-0.10189,-0.01031,-0.20185,31.2516517,75.7047867,0.577,282.46
1070.833,0.76605,2.54805,9.87900,-0.09969,0.05459,-0.41594,31.2516517,75.7047867,0.577,282.46
1070.952,0.50295,2.77305,9.72105,0.00467,-0.05720,-0.58534,31.2516517,75.7047867,0.577,282.46
1071.095,0.12495,2.36805,10.04700,0.11014,-0.03382,-0.63649,31.2516517,75.7047867,0.577,282.46
1071.250,0.29895,2.30595,9.84300,0.05679,-0.13502,-0.78664,31.2516533,75.7047833,0.680,288.52
1071.369,-0.43500,2.58795,9.77400,0.24640,-0.57283,-0.85374,31.2516533,75.7047833,0.680,288.52
1071.489,-0.45600,2.73705,9.18195,0.16555,-0.45884,-0.97515,31.2516533,75.7047833,0.680,288.52
1071.644,-1.18605,2.91105,9.96795,-0.07521,0.23251,-1.18718,31.2516533,75.7047833,0.680,288.52
1071.794,-0.66000,2.96400,8.93100,0.04194,0.09721,-0.91025,31.2516533,75.7047833,0.680,288.52
1071.917,-0.79605,3.21795,8.65605,0.12389,-0.13283,-0.58108,31.2516533,75.7047833,0.680,288.52
1072.035,-1.45005,3.04305,9.53205,0.08346,0.26029,-0.71101,31.2516533,75.7047833,0.680,288.52
1072.184,-1.56705,2.49705,10.67595,0.59689,0.51796,-0.58314,31.2516567,75.7047817,0.790,286.79
1072.330,-2.54205,1.78605,8.75895,0.02915,0.99426,-0.62576,31.2516567,75.7047817,0.790,286.79
1072.478,-3.41505,2.63100,8.57205,0.76423,0.31776,-0.61724,31.2516567,75.7047817,0.790,286.79
1072.597,-1.87800,2.45700,5.68695,0.26029,0.01306,-1.12227,31.2516567,75.7047817,0.790,286.79
1072.745,-9.02700,-2.95095,3.23295,-0.62700,5.73567,-3.15260,31.2516567,75.7047817,0.790,286.79
1072.894,-9.27600,-3.85800,-1.10700,-0.28614,-0.38747,-2.34190,31.2516567,75.7047817,0.790,286.79
1073.013,-15.99195,-4.15995,1.82700,-3.68335,-0.17655,-1.86904,31.2516567,75.7047817,0.790,286.79
1073.132,-13.76100,-0.89700,-0.86295,2.19381,3.28446,0.28930,31.2516600,75.7047867,0.828,277.93
1073.251,-6.16905,-2.32800,-3.12495,0.64061,0.33797,0.69616,31.2516600,75.7047867,0.828,277.93
1073.371,-5.31405,-4.19400,0.59400,-0.48964,0.08869,-0.55866,31.2516600,75.7047867,0.828,277.93
1073.528,-11.03595,-9.44595,1.57095,0.89196,0.70551,-2.31426,31.2516600,75.7047867,0.828,277.93
1073.665,-2.64195,-6.97305,2.14605,1.98289,-0.50999,-4.31269,31.2516600,75.7047867,0.828,277.93
1073.819,-0.39195,-5.06295,0.59400,0.28903,-0.43326,0.68654,31.2516600,75.7047867,0.828,277.93
1073.980,-4.70400,-15.94200,12.99600,-0.88055,1.17425,-0.68338,31.2516600,75.7047867,0.828,277.93
1074.133,7.75305,-6.14700,12.49395,0.37854,1.68988,-0.27431,31.2516600,75.7047800,0.868,274.15
1074.253,-3.34800,-10.23900,2.29200,-2.00021,0.45939,-0.46599,31.2516600,75.7047800,0.868,274.15
1074.398,-1.85895,-8.08200,-0.71205,-0.75598,-0.14561,-0.42983,31.2516600,75.7047800,0.868,274.15
1074.545,-1.97700,-9.67605,-0.15405,-0.49074,0.01196,-0.79090,31.2516600,75.7047800,0.868,274.15
1074.694,-4.44495,-9.09195,0.87000,0.81964,-0.54835,0.73879,31.2516600,75.7047800,0.868,274.15
1074.813,0.57000,-15.41295,-1.66500,2.16604,-1.31202,1.68575,31.2516600,75.7047800,0.868,274.15
1074.948,-0.74595,-8.62500,2.58195,0.00467,-0.62604,1.49407,31.2516600,75.7047800,0.868,274.15
1075.099,2.35605,-6.05895,2.24595,-1.21509,-0.58767,-0.84631,31.2516600,75.7047800,0.868,274.15
1075.250,-2.27595,-9.31995,2.83995,0.16129,-0.66124,0.91561,31.2516650,75.7047967,0.869,295.81
1075.371,3.18705,-8.93400,-5.43600,-1.21935,-1.60078,-0.92730,31.2516650,75.7047967,0.869,295.81
1075.521,0.53205,-9.77400,1.23105,-0.73040,-2.67561,-0.02612,31.2516650,75.7047967,0.869,295.81
1075.669,0.95100,-9.22905,0.43605,-0.96154,0.03658,-0.26675,31.2516650,75.7047967,0.869,295.81
1075.822,-3.31995,-9.39105,1.40100,-0.15084,-0.77206,-0.39889,31.2516650,75.7047967,0.869,295.81
1075.938,-2.70405,-12.03000,2.54595,2.59861,-1.11073,1.50466,31.2516650,75.7047967,0.869,295.81
1076.083,-1.34400,-8.15595,-0.87000,0.73439,2.60590,0.42034,31.2516650,75.7047967,0.869,295.81
1076.233,4.11105,-4.50705,-1.13805,0.20597,-1.62525,0.26799,31.2516667,75.7047850,0.995,285.89
1076.381,-14.42895,-17.32605,12.90495,0.56705,-1.35259,0.83573,31.2516667,75.7047850,0.995,285.89
1076.530,7.60605,-7.44300,3.13695,0.02062,2.30560,-0.09529,31.2516667,75.7047850,0.995,285.89
1076.680,-1.96905,-9.84600,6.20595,-2.17814,3.23235,0.09749,31.2516667,75.7047850,0.995,285.89
1076.800,-0.80805,-8.55795,-1.50405,-0.96580,-0.62604,-0.28174,31.2516667,75.7047850,0.995,285.89
1076.946,-0.57795,-9.25695,0.48705,-0.83586,0.43711,-0.89746,31.2516667,75.7047850,0.995,285.89
1077.103,-4.77105,-9.16905,2.22000,1.09340,0.74704,0.80699,31.2516667,75.7047850,0.995,285.89
1077.226,1.90095,-16.15305,-2.17005,2.49095,-2.17388,1.01365,31.2516717,75.7047933,0.000,285.89
1077.345,-0.52605,-7.15995,1.81995,0.49569,-0.19360,0.74415,31.2516717,75.7047933,0.000,285.89
1077.464,3.73995,-4.31595,-0.34095,-0.78581,-0.52594,-0.50435,31.2516717,75.7047933,0.000,285.89
1077.583,-5.69505,-11.15400,11.05500,0.55853,0.57241,0.78031,31.2516717,75.7047933,0.000,285.89
1077.726,6.08400,-2.47905,-4.71300,-0.57269,1.94232,-0.07934,31.2516717,75.7047933,0.000,285.89
1077.886,-1.38300,-9.82500,1.82295,-0.90503,2.06154,0.41814,31.2516717,75.7047933,0.000,285.89
1078.036,-0.19005,-8.56500,-0.47505,-0.99247,0.25809,-0.38926,31.2516717,75.7047933,0.000,285.89
1078.155,-2.09400,-9.00600,1.66905,-0.44275,1.06342,-0.85910,31.2516617,75.7047733,0.000,285.89
1078.277,-0.99195,-10.29405,3.44595,0.68530,1.18387,1.00293,31.2516617,75.7047733,0.000,285.89
1078.426,4.07295,-12.45405,-1.73895,2.22681,1.41185,-0.07081,,,,
1078.576,0.42900,-7.41405,-1.31505,0.13461,0.18782,0.28820,,,,
1078.712,-3.04695,-13.36800,12.48600,-1.23214,0.23471,-0.23375,,,,
1078.832,1.57995,-5.12505,-3.27405,-0.45444,0.39875,-0.13049,,,,
1078.985,0.50805,-10.62900,-2.46000,-0.14341,0.92276,-0.25932,,,,
1079.121,0.69195,-10.07895,0.67095,-0.13709,1.88155,-0.58424,,,,
1079.239,0.82800,-8.77095,-0.68100,0.26455,1.57162,-0.42556,31.2516533,75.7047683,0.000,285.89
1079.358,2.79900,-9.67395,3.40995,-0.28187,2.53674,-0.71844,31.2516533,75.7047683,0.000,285.89
1079.476,-0.29100,-9.12105,1.70505,-0.18494,1.71435,-0.74731,31.2516533,75.7047683,0.000,285.89
1079.626,4.34100,-8.29200,2.46900,0.07714,0.12925,-0.64818,31.2516533,75.7047683,0.000,285.89
1079.746,0.96495,-8.45505,2.67300,-0.48221,1.53752,-0.11028,31.2516533,75.7047683,0.000,285.89
1079.890,2.52405,-11.29005,4.73895,-0.80176,-0.22014,0.14327,31.2516533,75.7047683,0.000,285.89
1080.037,-1.15800,-9.93495,-0.07500,-0.71335,1.44375,0.06339,31.2516533,75.7047683,0.000,285.89
1080.156,0.07905,-8.98905,-0.22095,-0.80493,1.28081,0.47245,31.2516350,75.7047783,0.000,285.89
1080.275,-0.34095,-8.91000,0.46305,-0.53336,1.01338,0.08470,31.2516350,75.7047783,0.000,285.89
1080.394,-1.30095,-9.41505,0.16605,-0.38211,1.06879,-0.21574,31.2516350,75.7047783,0.000,285.89
1080.535,-1.57695,-9.95205,1.46100,-0.58121,1.92734,-0.25616,31.2516350,75.7047783,0.000,285.89
1080.655,-1.32495,-9.43395,4.84395,1.38311,0.17284,0.63016,31.2516350,75.7047783,0.000,285.89
1080.810,-1.00395,-10.62900,5.03805,0.48510,2.06484,0.32972,31.2516350,75.7047783,0.000,285.89
1080.929,1.82205,-5.56995,0.50100,1.31381,-0.57063,0.46929,31.2516350,75.7047783,0.000,285.89
1081.081,-8.22105,-20.05005,16.41495,-0.66866,0.58946,0.01224,31.2516350,75.7047783,0.000,285.89
1081.202,1.84095,-10.62195,-4.72905,0.02915,-0.18824,0.61848,31.2516217,75.7047867,0.000,285.89
1081.347,-0.95700,-11.37900,-6.25695,-0.57695,0.67361,-0.37867,31.2516217,75.7047867,0.000,285.89
1081.467,0.88800,-9.11100,-0.81705,-1.01049,-1.93628,-0.15606,31.2516217,75.7047867,0.000,285.89
1081.587,1.81305,-9.03195,-1.14000,-1.35891,0.83765,-0.52360,,,,
1081.717,-3.64995,-10.82805,0.63705,0.07494,-0.50036,-0.01540,,,,
1081.844,-0.68595,-10.70295,2.75400,2.56974,-0.14671,1.62291,,,,
1081.960,1.88205,-9.89700,-1.32495,1.22760,0.75446,-0.58314,,,,
1082.081,2.59800,-6.43500,0.31200,0.63635,-1.85969,0.87835,,,,
1082.222,1.36695,-8.50800,3.25200,-2.10348,1.38517,-1.57383,31.2516100,75.7047733,0.000,285.89
1082.343,1.13505,-13.45395,0.22995,0.40095,-0.08814,0.30415,31.2516100,75.7047733,0.000,285.89
1082.491,1.17105,-10.04505,-3.83400,0.20281,0.27307,-0.99550,31.2516100,75.7047733,0.000,285.89
1082.613,1.41705,-9.11595,2.18400,-0.34375,-0.41401,-0.28600,31.2516100,75.7047733,0.000,285.89
1082.763,-0.52095,-9.49200,3.41505,-0.79750,1.75697,-0.38720,31.2516100,75.7047733,0.000,285.89
1082.884,-0.83205,-12.37200,1.92105,1.12640,0.72889,1.01571,31.2516100,75.7047733,0.000,285.89
1083.039,-2.69505,-10.31805,-0.10395,1.04225,-0.32354,0.19332,31.2516100,75.7047733,0.000,285.89
1083.159,1.40100,-7.20300,2.07195,-0.01774,-0.00495,0.00797,31.2516033,75.7048167,1.097,112.53
1083.279,-0.82995,-9.94005,3.51300,-1.05311,1.34145,-0.92084,31.2516033,75.7048167,1.097,112.53
1083.399,-3.67605,-11.69700,6.07005,0.19745,-0.44715,0.96456,31.2516033,75.7048167,1.097,112.53
1083.550,-1.58400,-10.45200,1.25505,0.42749,0.98780,0.90599,31.2516033,75.7048167,1.097,112.53
1083.670,-4.04505,-10.54095,-4.33905,-0.66646,-2.07378,-0.21354,31.2516033,75.7048167,1.097,112.53
1083.790,0.08400,-8.99595,-0.38895,-0.43959,-0.32670,-0.48098,31.2516033,75.7048167,1.097,112.53
1083.911,-0.74595,-8.70705,0.67605,-0.75488,0.61284,-0.41594,31.2516033,75.7048167,1.097,112.53
1084.069,-2.41695,-9.91800,0.61605,-0.47575,0.61504,-0.78237,31.2516033,75.7048167,1.097,112.53
1084.182,0.06195,-11.00505,3.23805,1.12846,1.39370,1.26404,31.2516083,75.7048400,1.064,70.53
1084.303,4.93200,-14.15805,-1.51395,2.32801,1.44911,0.55137,31.2516083,75.7048400,1.064,70.53
1084.423,-0.55200,-7.80900,0.08895,0.53941,-0.03699,0.30635,31.2516083,75.7048400,1.064,70.53
1084.575,2.03505,-4.82295,1.34100,-1.25881,0.10904,-0.90172,31.2516083,75.7048400,1.064,70.53
1084.726,3.49800,-11.07900,2.64900,0.58314,-1.02025,0.37345,31.2516083,75.7048400,1.064,70.53
1084.883,-2.30895,-12.34305,-4.15500,-0.75281,0.52649,-0.22523,31.2516083,75.7048400,1.064,70.53
1085.031,-0.46605,-9.09495,-1.28895,-0.93596,0.74168,-0.51604,31.2516083,75.7048400,1.064,70.53
1085.185,1.76700,-9.73095,-1.36800,-0.85291,0.43065,-0.58314,31.2516183,75.7048367,1.094,69.50
1085.305,-1.19400,-10.37100,0.12300,-0.28504,0.01732,-0.37221,31.2516183,75.7048367,1.094,69.50
1085.452,2.79705,-8.87895,1.83705,1.36070,0.16335,1.02328,31.2516183,75.7048367,1.094,69.50
1085.573,3.45705,-12.35805,-2.15100,1.62704,1.41708,0.43312,31.2516183,75.7048367,1.094,69.50
1085.693,0.76395,-7.45395,-1.74600,0.41580,1.52474,-0.29232,31.2516183,75.7048367,1.094,69.50
1085.815,2.26695,-9.60705,2.88600,-0.38101,-0.32037,-0.35310,31.2516183,75.7048367,1.094,69.50
1085.932,1.01505,-9.53505,0.79995,-0.47795,2.51542,-0.20721,31.2516183,75.7048367,1.094,69.50
1086.052,3.53895,-9.63300,3.52305,-0.60046,1.37665,0.01650,31.2516183,75.7048367,1.094,69.50
1086.201,0.30900,-9.39900,2.12700,-0.44165,1.01021,-0.15386,31.2516217,75.7048417,0.000,69.50
1086.337,0.79305,-9.50400,1.18605,-0.25740,0.70015,-0.01760,31.2516217,75.7048417,0.000,69.50
1086.472,0.05805,-10.03995,0.22305,0.12815,0.78430,-0.04840,31.2516217,75.7048417,0.000,69.50
1086.593,-2.17005,-9.60405,0.49905,0.02915,1.24451,-0.01650,31.2516217,75.7048417,0.000,69.50
1086.740,-0.37500,-9.34800,0.77400,0.37111,0.28586,-0.05376,31.2516217,75.7048417,0.000,69.50
1086.887,0.58695,-9.07095,1.91400,0.16335,-0.37249,-0.21464,31.2516217,75.7048417,0.000,69.50
1087.003,-0.33405,-9.14205,2.69895,-0.01347,0.08869,-0.07508,31.2516217,75.7048417,0.000,69.50
1087.148,0.09300,-9.07500,2.18895,0.01856,-0.12650,-0.07617,31.2516233,75.7048483,0.000,69.50
1087.290,0.75705,-9.27405,1.93995,0.00357,-0.10945,-0.01650,31.2516233,75.7048483,0.000,69.50
1087.426,0.33795,-9.31200,2.00505,0.00467,-0.12320,-0.00907,31.2516233,75.7048483,0.000,69.50
1087.540,0.33000,-9.30300,1.93005,0.03878,-0.14781,0.08154,31.2516233,75.7048483,0.000,69.50
1087.690,0.15300,-9.35100,2.13600,0.08030,-0.31707,0.13805,31.2516233,75.7048483,0.000,69.50
1087.839,0.09600,-9.34095,2.56200,-0.01554,-0.33096,0.09323,31.2516233,75.7048483,0.000,69.50
1087.989,0.43605,-9.27195,2.26995,-0.13172,-0.44385,-0.03135,31.2516233,75.7048483,0.000,69.50
1088.110,0.32295,-9.28605,1.47105,-0.29686,-0.47699,-0.14864,31.2516233,75.7048483,0.000,69.50
1088.230,-0.05400,-9.25305,0.85500,-0.31598,-0.33413,0.04854,31.2516200,75.7048533,1.001,82.12
1088.351,0.04605,-9.23100,0.40800,-0.13599,-1.77760,0.01760,31.2516200,75.7048533,1.001,82.12
1088.501,0.00000,-9.21705,-0.75000,-0.37881,-1.12997,0.10711,31.2516200,75.7048533,1.001,82.12
1088.627,-0.25695,-9.37005,-0.13005,-0.45127,-0.61435,-0.39146,31.2516200,75.7048533,1.001,82.12
1088.747,-1.27005,-10.12905,-0.03195,-0.08057,-0.68255,-0.07081,31.2516200,75.7048533,1.001,82.12
1088.898,0.63000,-10.26000,1.42995,1.43852,-1.52295,0.15180,31.2516200,75.7048533,1.001,82.12
1089.049,0.88395,-10.37295,0.06495,1.12846,-0.62714,0.42460,31.2516200,75.7048533,1.001,82.12
1089.170,1.25895,-8.99205,1.75305,-0.30855,-1.55925,0.71637,31.2516200,75.7048483,0.000,82.12
1089.292,1.37895,-8.51700,2.47395,-0.39586,-1.14056,0.53102,31.2516200,75.7048483,0.000,82.12
1089.438,-3.38205,-9.84105,4.10205,-0.17641,-1.55389,0.27651,31.2516200,75.7048483,0.000,82.12
1089.593,3.15300,-12.53505,1.79895,-0.27761,-0.19456,0.13379,31.2516200,75.7048483,0.000,82.12
1089.744,-0.21000,-9.81495,-1.67895,-0.39270,2.25968,-0.78554,31.2516200,75.7048483,0.000,82.12
1089.865,1.30695,-8.86695,-0.65400,-0.39806,-1.04583,0.31804,31.2516200,75.7048483,0.000,82.12
1090.024,1.25205,-9.39105,1.16205,-0.65794,0.22715,-0.14437,31.2516200,75.7048483,0.000,82.12
1090.157,-1.04295,-9.56100,0.57795,-0.55041,0.27734,-0.54381,31.2516200,75.7048483,0.000,82.12
1090.305,-1.79895,-10.08600,0.96105,0.69809,0.10051,0.55564,31.2516200,75.7048417,0.891,312.49
1090.427,2.37000,-10.56900,-2.00700,2.20124,0.54890,0.35736,31.2516200,75.7048417,0.891,312.49
1090.582,1.42905,-7.52400,-0.64005,0.49253,0.67457,-0.02076,31.2516200,75.7048417,0.891,312.49
1090.734,1.07505,-10.09800,3.34305,-1.03400,-1.44732,-0.05692,31.2516200,75.7048417,0.891,312.49
1090.854,-0.16905,-9.68595,-2.22000,-0.06572,0.37317,-0.00577,31.2516200,75.7048417,0.891,312.49
1090.976,0.99600,-9.21705,1.77000,-0.07948,1.04101,-0.04414,31.2516200,75.7048417,0.891,312.49
1091.132,0.42105,-9.34095,1.28595,-0.08910,0.43381,-0.05802,31.2516267,75.7048350,0.764,303.63
1091.252,0.55095,-9.51105,1.15005,-0.12526,0.05885,-0.03465,31.2516267,75.7048350,0.764,303.63
1091.372,0.79995,-9.37005,0.88605,-0.14988,0.04826,-0.00055,31.2516267,75.7048350,0.764,303.63
1091.493,0.48900,-9.35805,0.99405,-0.09872,0.18136,-0.04098,31.2516267,75.7048350,0.764,303.63
1091.614,0.37395,-9.34305,0.77400,-0.02200,0.11852,-0.03355,31.2516267,75.7048350,0.764,303.63
1091.757,0.87195,-9.44895,0.71895,-0.01457,0.05362,0.00907,31.2516267,75.7048350,0.764,303.63
1091.909,0.57900,-9.45795,0.78600,-0.01664,0.04826,-0.01540,31.2516267,75.7048350,0.764,303.63
1092.029,0.72795,-9.47295,0.81195,0.00357,0.03864,-0.00261,31.2516267,75.7048350,0.764,303.63
1092.150,0.79995,-9.40305,0.70905,0.01004,0.04826,-0.00907,31.2516267,75.7048350,0.764,303.63
1092.299,0.80505,-9.46095,0.80505,0.01210,0.02269,-0.00151,31.2516317,75.7048317,0.715,242.02
1092.447,0.87600,-9.41295,0.81000,0.03768,0.06641,-0.00261,31.2516317,75.7048317,0.715,242.02
1092.569,0.74895,-9.39105,0.78600,0.03025,0.06641,-0.01540,31.2516317,75.7048317,0.715,242.02
1092.724,0.79695,-9.45105,0.99195,0.02172,-0.01678,-0.00797,31.2516317,75.7048317,0.715,242.02
1092.870,0.78795,-9.39105,0.98700,0.04194,0.12925,-0.02076,31.2516317,75.7048317,0.715,242.02
1093.032,0.90705,-9.35505,1.04505,0.01952,0.01952,0.00481,31.2516317,75.7048317,0.715,242.02
1093.152,0.68700,-9.41100,0.99195,0.04730,0.01732,-0.00687,31.2516317,75.7048317,0.715,242.02
1093.274,0.86205,-9.31200,1.11405,0.02269,0.00784,0.00165,31.2516367,75.7048233,0.722,246.43
1093.426,0.78495,-9.24795,1.15005,-0.00275,0.05789,-0.03465,31.2516367,75.7048233,0.722,246.43
1093.581,0.75705,-9.38400,1.15695,0.05472,0.03974,-0.01114,31.2516367,75.7048233,0.722,246.43
1093.703,0.89805,-9.41295,1.03005,0.07177,-0.07961,0.00055,31.2516367,75.7048233,0.722,246.43
1093.824,1.07700,-9.43695,1.11600,0.13997,0.03011,0.04634,31.2516367,75.7048233,0.722,246.43
1093.966,0.92700,-9.19995,1.47300,0.22509,0.58726,-0.05802,31.2516367,75.7048233,0.722,246.43
1094.119,0.32295,-9.34305,1.92795,0.24970,0.18782,0.01650,31.2516367,75.7048233,0.722,246.43
1094.241,0.73005,-9.20700,1.91100,0.11220,-0.06792,-0.06971,31.2516367,75.7048183,0.702,225.74
1094.362,0.68700,-9.13800,2.16300,-0.13172,0.02695,-0.05486,31.2516367,75.7048183,0.702,225.74
1094.483,0.69195,-9.12795,2.67000,0.02269,0.18782,-0.07714,31.2516367,75.7048183,0.702,225.74
1094.663,0.99795,-9.24105,2.30895,-0.01664,0.08126,-0.00481,31.2516367,75.7048183,0.702,225.74
1094.807,0.77295,-9.21405,2.24205,0.01526,0.05789,-0.03245,31.2516367,75.7048183,0.702,225.74
1094.929,0.92895,-9.15195,2.20800,0.00784,0.08772,-0.00371,31.2516367,75.7048183,0.702,225.74
1095.084,0.89595,-9.24300,2.23200,0.01952,-0.01774,0.03575,31.2516367,75.7048183,0.702,225.74
1095.205,0.90705,-9.22605,2.20095,0.01430,-0.00399,0.01017,31.2516367,75.7048133,0.657,117.10
1095.330,0.78795,-9.26895,2.23395,-0.03369,-0.02104,0.01017,31.2516367,75.7048133,0.657,117.10
1095.450,0.77805,-9.20700,2.26605,0.01100,-0.00495,0.02722,31.2516367,75.7048133,0.657,117.10
1095.605,0.77805,-9.17400,2.19900,0.01100,-0.05720,0.05060,31.2516367,75.7048133,0.657,117.10
1095.752,0.71595,-9.21705,2.16705,-0.00275,-0.05830,0.02296,31.2516367,75.7048133,0.657,117.10
1095.893,0.65595,-9.24495,2.26605,-0.01127,-0.02956,0.02612,31.2516367,75.7048133,0.657,117.10
1096.023,0.53400,-9.19005,2.25795,0.01746,-0.02846,0.03465,31.2516367,75.7048133,0.657,117.10
1096.145,0.45300,-9.20205,2.26995,0.03231,-0.09872,0.02929,31.2516367,75.7048133,0.657,117.10
1096.301,0.76095,-9.23805,2.20305,0.01526,-0.18824,0.05486,31.2516350,75.7048117,0.599,315.88
1096.423,0.97695,-9.28395,2.22705,0.00151,0.03121,0.02186,31.2516350,75.7048117,0.599,315.88
1096.550,0.52695,-9.22605,2.32500,-0.00701,0.17820,-0.01966,31.2516350,75.7048117,0.599,315.88
1096.692,0.35700,-9.18105,2.31600,0.02269,0.12072,0.00797,31.2516350,75.7048117,0.599,315.88
1096.853,0.37605,-9.19305,2.33505,-0.00179,-0.02530,-0.01114,31.2516350,75.7048117,0.599,315.88
1097.009,0.53895,-9.19695,2.32800,0.02269,-0.09130,0.01650,31.2516350,75.7048117,0.599,315.88
1097.132,0.61800,-9.17400,2.37600,0.00784,-0.02310,0.01760,31.2516350,75.7048117,0.599,315.88
1097.284,0.25395,-9.11100,2.46900,0.00784,-0.09446,0.00481,31.2516417,75.7047917,0.611,329.73
1097.404,0.46500,-9.13005,2.37600,0.01856,-0.17229,0.04001,31.2516417,75.7047917,0.611,329.73
1097.525,0.64200,-9.26205,2.32995,0.01636,-0.12004,0.01760,31.2516417,75.7047917,0.611,329.73
1097.646,0.52905,-9.11805,2.37300,0.01746,-0.07961,-0.00797,31.2516417,75.7047917,0.611,329.73
1097.773,0.68205,-9.19995,2.41605,0.02695,-0.10615,0.02296,31.2516417,75.7047917,0.611,329.73
1097.930,0.69195,-9.20895,2.45505,0.00357,-0.00921,-0.02612,31.2516417,75.7047917,0.611,329.73
1098.042,0.55995,-9.07095,2.45700,-0.00275,0.04400,-0.02612,31.2516417,75.7047917,0.611,329.73
1098.164,0.65100,-9.17100,2.45700,0.00577,0.01306,-0.01224,31.2516400,75.7047750,0.583,295.40
1098.288,0.76395,-9.17595,2.44500,-0.01347,0.05032,-0.01224,31.2516400,75.7047750,0.583,295.40
1098.441,0.65400,-9.09000,2.44500,-0.00275,0.11852,-0.02502,31.2516400,75.7047750,0.583,295.40
1098.592,0.54795,-9.11400,2.42400,0.00247,0.04716,-0.00371,,,,
1098.713,0.66600,-9.13995,2.45700,-0.00495,0.00564,-0.00151,,,,
1098.868,0.60300,-9.07995,2.46705,-0.01554,0.00027,-0.00577,,,,
1098.990,0.60795,-9.14205,2.42595,0.01636,-0.01568,0.01444,,,,
1099.138,0.70395,-9.19305,2.47905,-0.00495,-0.01347,0.00481,31.2516450,75.7047767,0.554,227.81
1099.259,0.74700,-9.10395,2.37795,-0.01884,0.02585,-0.00481,31.2516450,75.7047767,0.554,227.81
1099.381,0.52005,-9.18300,2.46405,0.00357,0.01306,-0.00055,31.2516450,75.7047767,0.554,227.81
1099.537,0.60600,-9.18105,2.46900,-0.01031,-0.01457,0.01224,31.2516450,75.7047767,0.554,227.81
1099.663,0.53895,-9.10200,2.44305,-0.01031,-0.00605,0.01554,31.2516450,75.7047767,0.554,227.81
1099.790,0.58395,-9.17100,2.40405,-0.00921,-0.01031,0.01334,31.2516450,75.7047767,0.554,227.81
1099.941,0.56295,-9.17595,2.47905,-0.00701,-0.04125,0.02296,31.2516450,75.7047767,0.554,227.81
1100.097,0.65400,-9.19500,2.47605,-0.01884,0.07590,0.02832,31.2516450,75.7047767,0.554,227.81
1100.219,0.61305,-9.17400,2.48805,-0.02090,0.17710,0.04428,31.2516517,75.7047600,0.513,289.49
1100.342,0.33795,-9.16605,2.50005,-0.04221,0.12279,0.03575,31.2516517,75.7047600,0.513,289.49
1100.492,0.39795,-9.11400,2.36805,-0.11151,0.07920,0.06655,31.2516517,75.7047600,0.513,289.49
1100.614,0.54405,-9.32400,2.35395,-0.14658,0.12279,0.00591,31.2516517,75.7047600,0.513,289.49
1100.773,0.01200,-9.38205,1.49700,-0.26482,0.25066,-0.04414,31.2516517,75.7047600,0.513,289.49
1100.895,0.56295,-9.35505,1.05195,-0.42790,0.67567,-0.01224,31.2516517,75.7047600,0.513,289.49
1101.051,0.05295,-9.52500,0.11100,-0.41401,0.57667,-0.12829,31.2516517,75.7047600,0.513,289.49
1101.203,0.01005,-9.50895,-0.00300,-0.24145,-0.24791,-0.16555,31.2516583,75.7047633,0.000,289.49
1101.325,-0.06405,-9.59700,0.05295,-0.33729,0.06737,-0.09323,31.2516583,75.7047633,0.000,289.49
1101.458,-0.75105,-9.58500,-0.37695,-0.02310,0.14520,-0.07617,31.2516583,75.7047633,0.000,289.49
1101.605,-0.11895,-9.54705,-0.81495,0.06325,-0.17435,-0.11880,31.2516583,75.7047633,0.000,289.49
1101.726,0.84000,-9.27600,-0.03705,0.04826,0.33481,-0.06765,31.2516583,75.7047633,0.000,289.49
1101.846,0.89100,-9.39105,-0.52995,0.01526,0.00357,0.07617,31.2516583,75.7047633,0.000,289.49
1101.972,0.88605,-9.34095,-0.49395,0.13668,-0.19566,-0.02819,31.2516583,75.7047633,0.000,289.49
1102.094,1.10100,-9.44400,-0.05100,0.08236,0.05362,-0.06119,31.2516583,75.7047633,0.000,289.49
1102.245,1.19700,-9.41295,0.15900,0.08992,0.04180,-0.02502,31.2516583,75.7047683,0.000,289.49
1102.393,0.84000,-9.40095,0.22800,0.12389,-0.05514,-0.02186,31.2516583,75.7047683,0.000,289.49
1102.515,0.99795,-9.31995,0.44805,0.11124,0.07700,-0.01540,31.2516583,75.7047683,0.000,289.49
1102.666,1.17300,-9.46605,0.54195,0.14630,0.21546,-0.02929,31.2516583,75.7047683,0.000,289.49
1102.817,1.41300,-9.36705,0.50805,0.17077,0.32945,-0.04098,31.2516583,75.7047683,0.000,289.49
1102.937,0.83295,-9.40605,1.58805,0.21986,0.18466,-0.06229,31.2516583,75.7047683,0.000,289.49
1103.059,1.10100,-9.30000,1.75095,0.14204,0.00027,-0.08250,,,,
1103.179,1.16595,-9.27195,1.53105,0.08772,0.03548,-0.03465,31.2516600,75.7047650,0.000,289.49
1103.322,1.51095,-9.49695,1.62405,0.02379,0.04180,0.03355,31.2516600,75.7047650,0.000,289.49
1103.442,1.63095,-9.28800,1.64295,0.05252,0.27830,-0.00907,31.2516600,75.7047650,0.000,289.49
1103.587,0.85695,-9.19695,1.94700,-0.05390,0.22193,-0.06971,31.2516600,75.7047650,0.000,289.49
1103.714,1.04400,-9.31200,1.63095,-0.14877,0.40507,-0.00481,31.2516600,75.7047650,0.000,289.49
1103.835,0.84495,-9.37905,1.61700,-0.04964,0.34966,-0.04744,31.2516600,75.7047650,0.000,289.49
1103.987,0.91905,-9.35295,1.33695,-0.08374,0.25383,-0.01004,31.2516600,75.7047650,0.000,289.49
1104.107,1.13505,-9.21405,1.07805,-0.11248,0.22509,-0.04524,31.2516600,75.7047650,0.000,289.49
1104.227,0.57195,-9.40605,1.50900,0.01746,0.06848,-0.07824,31.2516517,75.7047567,0.000,289.49
1104.348,0.79995,-9.23595,1.29795,-0.01980,0.03231,0.03685,31.2516517,75.7047567,0.000,289.49
1104.469,1.48200,-9.46095,1.42800,-0.02736,0.19635,-0.03465,31.2516517,75.7047567,0.000,289.49
1104.618,0.13905,-9.49905,1.55895,0.01210,-0.00715,0.03259,31.2516517,75.7047567,0.000,289.49
1104.756,0.85995,-9.27405,1.53495,0.05899,-0.26923,-0.09955,31.2516517,75.7047567,0.000,289.49
1104.877,0.94605,-9.33405,1.44900,-0.00275,-0.00605,0.06132,31.2516517,75.7047567,0.000,289.49
1105.035,1.25700,-9.52305,1.45605,0.10697,0.24750,-0.09639,31.2516517,75.7047567,0.000,289.49
1105.185,0.21105,-8.99595,1.73205,0.07810,0.50531,0.01870,31.2516583,75.7047567,0.000,289.49
1105.302,1.35000,-9.59205,2.08800,-0.10615,-0.26070,0.02296,31.2516583,75.7047567,0.000,289.49
1105.448,0.21600,-9.20700,1.25295,0.42006,-1.27696,-0.24447,31.2516583,75.7047567,0.000,289.49
1105.599,0.82395,-9.22605,1.99500,-0.08057,0.07494,-0.00481,31.2516583,75.7047567,0.000,289.49
1105.721,1.15605,-9.18105,1.05195,0.01856,-0.03052,0.02296,31.2516583,75.7047567,0.000,289.49
1105.835,1.31700,-9.20895,2.17200,0.10794,-0.05940,-0.00687,31.2516583,75.7047567,0.000,289.49
1105.987,1.26405,-9.21195,2.08395,-0.02626,-0.10092,0.02612,31.2516583,75.7047567,0.000,289.49
1106.133,1.47300,-9.36705,1.67700,0.05046,0.06311,-0.00687,31.2516483,75.7047617,0.000,289.49
1106.269,1.23105,-9.14700,2.09295,0.00894,0.04936,-0.02502,31.2516483,75.7047617,0.000,289.49
1106.420,0.45705,-9.12105,2.14800,-0.04964,0.08126,-0.02186,31.2516483,75.7047617,0.000,289.49
1106.584,1.42695,-9.15195,1.92600,0.06009,-0.07109,0.06229,31.2516483,75.7047617,0.000,289.49
1106.704,1.62600,-9.20505,2.08605,0.11646,-0.26386,0.00907,31.2516483,75.7047617,0.000,289.49
1106.852,1.00305,-9.12300,2.15505,0.06325,-0.27129,0.04538,31.2516483,75.7047617,0.000,289.49
1106.972,1.49895,-9.29805,2.25795,0.09735,-0.21587,0.12622,31.2516483,75.7047617,0.000,289.49
1107.119,1.22400,-9.04695,1.89900,-0.12856,-0.12650,0.17738,31.2516483,75.7047617,0.000,289.49
1107.241,0.55995,-9.22095,2.20095,-0.34375,0.02695,0.29989,31.2516467,75.7047667,0.000,289.49
1107.397,1.51800,-10.13400,2.71095,-0.20309,-0.15730,-0.01334,31.2516467,75.7047667,0.000,289.49
1107.521,1.06095,-9.00105,0.92205,-0.29783,0.22509,0.06132,31.2516467,75.7047667,0.000,289.49
1107.642,0.45705,-9.27600,0.20205,-0.50353,0.23251,-0.10697,31.2516467,75.7047667,0.000,289.49
1107.791,0.79695,-9.30795,-0.41505,-0.38418,-0.10725,-0.09323,31.2516467,75.7047667,0.000,289.49
1107.941,0.85995,-10.15005,0.98895,-0.06036,-0.00495,0.15084,31.2516467,75.7047667,0.000,289.49
1108.063,0.14895,-9.10200,-1.77705,0.02599,-0.50669,0.00165,31.2516467,75.7047667,0.000,289.49
1108.183,-0.15000,-9.66195,0.30900,0.05156,-0.10615,-0.00481,31.2516483,75.7047683,0.000,289.49
1108.304,0.40200,-9.32400,-0.48405,0.02805,-0.19044,0.06875,31.2516483,75.7047683,0.000,289.49
1108.449,0.20595,-9.55395,-0.26400,0.13778,0.13241,-0.02076,31.2516483,75.7047683,0.000,289.49
1108.600,0.38295,-9.49695,-0.71400,0.12292,0.12389,-0.03781,31.2516483,75.7047683,0.000,289.49
1108.722,0.17205,-9.49695,-0.46800,0.19635,0.38706,-0.20721,31.2516483,75.7047683,0.000,289.49
1108.872,0.69900,-9.47295,-0.09405,0.25822,0.54684,-0.03781,31.2516483,75.7047683,0.000,289.49
1108.993,1.56405,-9.28800,0.38595,0.35516,0.39449,-0.12732,31.2516483,75.7047683,0.000,289.49
1109.150,-1.01400,-9.33195,1.40400,0.24970,0.94944,0.23815,31.2516450,75.7047833,0.000,289.49
1109.278,1.13505,-9.27600,2.00205,0.14204,0.60541,-0.45224,31.2516450,75.7047833,0.000,289.49
1109.419,1.03905,-8.97195,2.07600,0.15799,0.98147,-0.44151,31.2516450,75.7047833,0.000,289.49
1109.539,0.32100,-9.13995,2.74395,-0.11674,1.07841,-0.32752,31.2516450,75.7047833,0.000,289.49
1109.680,0.33000,-8.99400,2.93595,-0.18178,0.53831,-0.12622,31.2516450,75.7047833,0.000,289.49
1109.801,0.05505,-9.29100,2.52195,-0.38101,0.70345,0.28600,31.2516450,75.7047833,0.000,289.49
1109.949,1.11105,-9.04200,1.02300,-0.14341,0.41786,-0.16033,31.2516450,75.7047833,0.000,289.49
1110.095,0.54600,-9.50895,1.02795,-0.58451,0.44770,0.03781,31.2516450,75.7047833,0.000,289.49
1110.243,0.66105,-9.13995,0.09600,-0.42680,0.14410,0.07837,31.2516450,75.7047917,0.000,289.49
1110.364,-0.48000,-9.60405,-1.28895,-0.21051,-0.63030,-0.08896,31.2516450,75.7047917,0.000,289.49
1110.512,-0.08505,-9.14205,-0.49905,-0.01554,0.15909,0.10175,31.2516450,75.7047917,0.000,289.49
1110.633,0.70905,-9.48195,-0.47700,-0.20735,0.11743,-0.15070,31.2516450,75.7047917,0.000,289.49
1110.792,0.45705,-9.34605,-0.34305,-0.13709,0.00137,0.03355,31.2516450,75.7047917,0.000,289.49
1110.940,0.83595,-9.31200,-1.48005,0.05789,-0.23513,0.14548,31.2516450,75.7047917,0.000,289.49
1111.081,0.86700,-9.72900,-0.66405,0.06861,-0.53130,-0.05266,31.2516450,75.7047917,0.000,289.49
1111.202,0.12705,-9.28095,0.18495,0.25822,-0.29796,-0.10065,31.2516400,75.7047833,0.000,289.49
1111.313,0.26805,-9.64305,0.70200,0.41800,-0.43643,0.09639,31.2516400,75.7047833,0.000,289.49
1111.434,1.03005,-9.67605,2.74395,1.60256,-0.03589,0.18700,31.2516400,75.7047833,0.000,289.49
1111.588,-1.05495,-8.38605,-0.00105,-0.15730,-0.61009,0.40219,31.2516400,75.7047833,0.000,289.49
1111.731,2.70300,-10.15995,0.60405,-1.45049,-1.31202,0.31488,31.2516400,75.7047833,0.000,289.49
1111.868,0.90000,-9.97995,-1.81605,-0.39586,0.30387,-0.16555,31.2516400,75.7047833,0.000,289.49
1111.988,1.39800,-9.48195,2.56995,-0.54821,0.07920,0.57681,31.2516400,75.7047833,0.000,289.49
1112.135,-0.42705,-9.05895,-0.46005,-0.42680,-0.05404,-0.12086,31.2516383,75.7047883,0.000,289.49
1112.254,0.62700,-9.92295,0.66105,-0.35434,-0.32354,-0.07934,31.2516383,75.7047883,0.000,289.49
1112.404,-0.73905,-9.34305,-1.55205,0.24544,-0.40123,0.07508,31.2516383,75.7047883,0.000,289.49
1112.529,0.37605,-9.40800,0.37200,0.02172,-0.29480,0.07191,31.2516383,75.7047883,0.000,289.49
1112.649,-0.32700,-9.45600,-0.42900,0.03658,-0.29480,0.01870,31.2516383,75.7047883,0.000,289.49
1112.806,-0.23595,-9.43200,-0.24300,0.07494,-0.50573,-0.08140,31.2516383,75.7047883,0.000,289.49
1112.953,0.10995,-9.46605,-0.13995,0.17298,-0.84659,-0.07288,31.2516383,75.7047883,0.000,289.49
1113.073,0.97695,-9.57600,0.28800,0.18150,-0.64625,-0.12732,31.2516383,75.7047883,0.000,289.49
1113.194,0.29205,-9.55200,0.18000,0.17614,-0.21807,-0.10491,31.2516383,75.7048100,0.000,289.49
1113.324,-0.11595,-9.48195,-0.17595,0.29232,-0.46942,-0.01430,31.2516383,75.7048100,0.000,289.49
1113.481,0.37395,-9.22395,1.14495,0.38170,-0.98079,-0.09323,31.2516383,75.7048100,0.000,289.49
1113.618,0.79695,-9.57300,2.86395,0.44784,-1.09368,0.07411,31.2516383,75.7048100,0.000,289.49
1113.768,1.76505,-9.62595,3.20895,0.70881,-0.78485,0.05280,31.2516383,75.7048100,0.000,289.49
1113.888,-1.30395,-9.37905,2.21505,0.10794,-0.64529,0.60885,31.2516383,75.7048100,0.000,289.49
1114.045,1.09200,-8.90295,1.18605,-0.14341,0.12169,0.76973,31.2516383,75.7048100,0.000,289.49
1114.180,1.36500,-8.04105,3.53400,-0.49500,-0.12650,-0.17738,31.2516317,75.7048150,0.000,289.49
1114.301,-1.40895,-10.31595,3.65205,-0.15936,0.44137,-0.30937,31.2516317,75.7048150,0.000,289.49
1114.455,-1.19400,-10.35900,3.65205,-0.38211,1.05916,-0.10381,31.2516317,75.7048150,0.000,289.49
1114.609,0.30900,-9.31995,0.97005,-0.41827,0.15799,0.00165,31.2516317,75.7048150,0.000,289.49
1114.730,-0.42300,-9.79095,-0.87705,-0.37029,-1.24066,-0.27858,31.2516317,75.7048150,0.000,289.49
1114.851,0.14400,-9.32205,0.33795,0.29865,0.51164,0.04318,31.2516317,75.7048150,0.000,289.49
1115.006,0.90300,-9.43395,0.09405,-0.16692,0.03328,-0.23485,31.2516317,75.7048150,0.000,289.49
1115.155,-0.47295,-9.56100,-0.13995,0.14946,0.25699,-0.19965,31.2516350,75.7048150,0.490,2.95
1115.276,1.27095,-9.27195,-0.22605,-0.02200,-0.05294,0.05486,31.2516350,75.7048150,0.490,2.95
1115.414,3.59895,-10.51695,-1.07100,0.41264,0.57131,-0.19649,31.2516350,75.7048150,0.490,2.95
1115.563,1.07295,-9.28800,0.74505,0.42749,0.73425,-0.55014,31.2516350,75.7048150,0.490,2.95
1115.721,2.75295,-8.71395,1.14705,-0.20309,0.12705,-0.22426,31.2516350,75.7048150,0.490,2.95
1115.842,2.40600,-8.79000,1.43505,-0.12526,0.18782,-0.12829,31.2516350,75.7048150,0.490,2.95
1115.995,3.54600,-8.75505,0.76005,-0.08594,0.12815,0.01554,31.2516350,75.7048150,0.490,2.95
1116.142,2.98995,-8.78295,1.04895,-0.07521,0.62453,-0.03245,31.2516433,75.7047900,0.000,2.95
1116.285,3.02205,-8.38605,1.50900,-0.07851,0.75776,0.07301,31.2516433,75.7047900,0.000,2.95
1116.406,2.87295,-8.78595,1.70100,-0.39902,1.27655,0.33289,31.2516433,75.7047900,0.000,2.95
1116.561,1.59495,-9.45795,1.40400,-0.09872,1.01654,0.40535,31.2516433,75.7047900,0.000,2.95
1116.707,-1.39005,-9.66900,2.42400,-1.03400,2.07433,0.44055,31.2516433,75.7047900,0.000,2.95
1116.827,-1.31805,-9.69300,0.55395,-1.05531,2.27040,0.20831,31.2516433,75.7047900,0.000,2.95
1116.947,0.27105,-9.24495,-0.23295,-0.24887,1.78571,0.19869,31.2516433,75.7047900,0.000,2.95
1117.093,-1.77105,-9.68100,0.52695,-0.92001,1.42354,-0.47341,31.2516433,75.7047900,0.000,2.95
1117.246,-3.15195,-10.30605,3.78795,1.01351,0.83655,-0.06339,31.2516467,75.7047733,0.000,2.95
1117.366,5.90400,-16.81800,-5.07900,2.94484,0.64377,0.33289,31.2516467,75.7047733,0.000,2.95
1117.489,-0.99705,-9.28395,-0.81195,0.66193,-2.09715,1.00086,31.2516467,75.7047733,0.000,2.95
1117.643,2.46600,-3.73095,1.16400,-1.06494,-0.40879,-0.39779,31.2516467,75.7047733,0.000,2.95
1117.794,0.76905,-6.43200,3.33300,0.98368,-2.86096,0.76643,31.2516467,75.7047733,0.000,2.95
1117.958,1.91805,-11.91000,-2.92905,-1.59857,3.93855,-2.09261,31.2516467,75.7047733,0.000,2.95
1118.110,-2.26605,-9.66405,1.72395,-1.16710,1.01447,0.24021,31.2516467,75.7047733,0.000,2.95
1118.233,1.52505,-10.03800,-1.66005,-1.15541,0.68104,-0.73549,31.2516417,75.7047617,0.000,2.95
1118.354,-4.75095,-12.94395,-0.02205,0.27417,-1.65509,0.34361,31.2516417,75.7047617,0.000,2.95
1118.508,4.80000,-19.18095,-1.94700,3.00341,-1.12571,1.35341,31.2516417,75.7047617,0.000,2.95
1118.628,-0.58995,-9.15000,0.53505,0.75666,-1.01805,1.82009,31.2516417,75.7047617,0.000,2.95
1118.786,4.41000,-5.98695,3.80700,-2.47211,0.20914,-1.16586,31.2516417,75.7047617,0.000,2.95
1118.936,-1.70595,-14.77800,-5.82300,-0.58231,-0.45884,-0.54491,31.2516417,75.7047617,0.000,2.95
1119.057,4.57995,-13.52100,-5.27295,-1.62621,3.32503,-1.72948,31.2516417,75.7047617,0.000,2.95
1119.207,-0.38205,-8.68500,3.13695,-1.29924,-0.97543,-0.11660,31.2516417,75.7047617,0.000,2.95
1119.328,0.79695,-9.93705,-1.27695,-1.65605,0.59469,-0.79090,31.2516417,75.7047617,0.000,2.95
1119.482,-1.77300,-9.89895,4.28100,1.27971,1.19020,1.25015,31.2516417,75.7047617,0.000,2.95
1119.634,4.57800,-10.39500,2.78505,1.56626,0.95164,-0.51288,31.2516417,75.7047617,0.000,2.95
1119.757,1.99695,-5.62995,-0.07995,0.91864,-1.14373,1.01571,31.2516417,75.7047617,0.000,2.95
1119.904,-5.43105,-20.71395,15.49095,-2.46895,1.11567,-1.42794,31.2516417,75.7047617,0.000,2.95
1120.025,2.50905,-12.85305,-8.96205,0.64804,0.62246,0.06875,31.2516417,75.7047617,0.000,2.95
1120.183,-1.19100,-12.63600,-4.99995,-0.46090,0.71940,-1.40772,31.2516417,75.7047617,0.000,2.95
1120.304,1.49595,-7.62900,5.47095,-0.37991,-0.07851,-0.33715,31.2516417,75.7047617,0.000,2.95
1120.425,-0.92295,-9.78600,-1.43205,-0.72820,1.19983,-0.46489,31.2516417,75.7047617,0.000,2.95
1120.576,-9.61395,-22.38705,14.53305,2.99159,-1.50384,2.90235,31.2516417,75.7047617,0.000,2.95
1120.730,-0.37500,-8.18895,11.13405,-0.35434,3.27167,1.25551,31.2516417,75.7047617,0.000,2.95
1120.851,0.59595,-8.52195,1.27395,-0.03685,0.17077,0.48414,31.2516417,75.7047617,0.000,2.95
1121.008,-4.94505,-10.51905,0.50805,-0.25314,-0.80506,-0.07934,31.2516417,75.7047617,0.000,2.95
1121.163,5.47095,-9.70695,2.88105,0.95480,2.07336,-0.14327,31.2516383,75.7047467,0.000,2.95
1121.302,-5.94600,-10.13100,0.74505,-1.38339,3.39212,-1.60476,31.2516383,75.7047467,0.000,2.95
1121.423,-0.63795,-8.50095,-0.87705,-0.06036,-2.08120,-0.51507,31.2516383,75.7047467,0.000,2.95
1121.575,-0.13305,-8.68005,-0.42900,-0.80286,-0.92111,-0.37758,31.2516383,75.7047467,0.000,2.95
1121.694,-0.27705,-11.32800,2.35200,-0.15730,-0.53446,-0.56719,31.2516383,75.7047467,0.000,2.95
1121.844,-1.97700,-10.23705,-1.52295,1.84855,-1.02768,1.87014,31.2516383,75.7047467,0.000,2.95
1121.969,1.30695,-9.71895,-1.71705,1.57809,-0.24571,0.16679,31.2516383,75.7047467,0.000,2.95
1122.117,4.32405,-2.78595,-1.87800,0.71844,-1.91496,0.33399,31.2516383,75.7047467,0.000,2.95
1122.250,-9.27195,-20.97195,14.50500,0.32423,0.76299,0.07191,31.2516400,75.7047500,0.000,2.95
1122.406,8.27895,-1.46205,-1.77195,0.13461,-0.09020,-0.01760,31.2516400,75.7047500,0.000,2.95
1122.527,-1.62900,-12.74805,-4.18605,-1.85419,0.35723,-1.57286,31.2516400,75.7047500,0.000,2.95
1122.679,0.82605,-8.33100,-0.80295,-0.86996,-0.21807,-0.39889,31.2516400,75.7047500,0.000,2.95
1122.826,-3.74595,-10.44000,1.76805,0.31570,1.73346,-0.95288,31.2516400,75.7047500,0.000,2.95
1122.965,-0.18105,-10.59300,0.90600,2.52299,0.25066,2.25143,31.2516400,75.7047500,0.000,2.95
1123.114,3.05295,-8.65395,-1.30605,1.06562,-0.73466,0.56829,31.2516400,75.7047500,0.000,2.95
1123.241,3.12900,-3.60000,-2.92395,0.63415,-2.07487,0.19016,31.2516350,75.7047483,0.000,2.95
1123.354,-6.50400,-23.71305,12.87705,-1.77224,1.03153,-1.47056,31.2516350,75.7047483,0.000,2.95
1123.494,0.07395,-7.66305,-5.12400,-0.11151,0.10148,0.71321,31.2516350,75.7047483,0.000,2.95
1123.615,-1.86195,-11.14605,-5.10795,-0.42034,-0.39284,-0.80259,31.2516350,75.7047483,0.000,2.95
1123.763,-0.07995,-9.37200,-0.91095,-0.68035,-0.78581,-0.53309,31.2516350,75.7047483,0.000,2.95
1123.928,-0.23595,-9.31005,0.96795,-0.74635,-0.04125,-0.62906,31.2516350,75.7047483,0.000,2.95
1124.082,0.31605,-10.82805,3.67305,0.30085,0.83119,0.90282,31.2516350,75.7047483,0.000,2.95
1124.231,2.34195,-13.34700,-1.34400,1.87742,1.34365,0.69933,31.2516417,75.7047383,0.000,2.95
1124.389,0.22500,-7.64100,-0.18795,0.06435,-0.62920,0.68131,31.2516417,75.7047383,0.000,2.95
1124.555,-1.53105,-11.29500,6.16995,-0.73466,-0.39916,-0.35846,31.2516417,75.7047383,0.000,2.95
1124.690,4.06305,-7.73205,-1.25295,-0.35970,1.35960,0.26263,,,,
1124.843,-0.28095,-11.44605,-2.22495,-0.02200,-0.73040,-0.92510,,,,
1124.996,1.43700,-9.53505,1.18800,-0.37881,0.81414,-0.19649,,,,
1125.117,0.19395,-9.13800,-0.58695,-0.35227,0.39229,-0.19222,,,,
1125.267,0.82800,-9.64995,0.78105,0.18150,0.23471,0.20515,31.2516600,75.7047383,0.000,2.95
1125.388,0.80205,-8.86005,-0.69495,0.35186,0.40507,-0.04950,31.2516600,75.7047383,0.000,2.95
1125.542,2.80800,-9.89400,0.90600,0.74181,0.24104,-0.32216,31.2516600,75.7047383,0.000,2.95
1125.688,-0.44205,-8.82600,1.80600,0.13571,0.72889,-0.48950,31.2516600,75.7047383,0.000,2.95
1125.809,1.27095,-8.51505,3.29700,-0.13283,0.34540,-0.25822,31.2516600,75.7047383,0.000,2.95
1125.967,1.96305,-9.34605,3.50100,-0.19236,0.45086,-0.08250,31.2516600,75.7047383,0.000,2.95
1126.088,1.00800,-9.42495,0.59895,-0.35860,0.68846,0.36272,31.2516600,75.7047383,0.000,2.95
1126.235,0.10800,-9.30495,-0.14895,-0.41717,1.34997,0.08154,31.2516883,75.7047300,0.000,2.95
1126.355,-0.68595,-9.61605,0.22800,-0.37785,0.77907,0.10917,31.2516883,75.7047300,0.000,2.95
1126.503,-0.28605,-9.36495,0.63495,-0.36286,0.92276,0.05912,31.2516883,75.7047300,0.000,2.95
1126.625,0.30405,-9.46800,-0.37395,-0.18714,0.79392,-0.16129,31.2516883,75.7047300,0.000,2.95
1126.777,-1.30605,-9.66900,0.24000,-0.53006,0.77798,-0.30195,31.2516883,75.7047300,0.000,2.95
1126.897,0.39000,-9.68595,-0.36000,0.23471,-0.32780,0.25726,31.2516883,75.7047300,0.000,2.95
1127.038,1.76700,-9.32700,-0.82695,1.25950,-0.16692,-0.24557,31.2516883,75.7047300,0.000,2.95
1127.183,2.35395,-9.28800,1.47300,0.35943,1.48528,-0.13365,31.2517283,75.7047633,0.000,2.95
1127.332,1.39395,-9.31500,0.77595,-0.10615,0.74387,-0.18796,31.2517283,75.7047633,0.000,2.95
1127.461,1.93500,-9.23805,0.65205,-0.11784,0.95686,-0.27527,31.2517283,75.7047633,0.000,2.95
1127.609,0.78105,-8.95800,1.08795,-0.04015,0.78430,-0.28806,31.2517283,75.7047633,0.000,2.95
1127.735,1.70205,-9.15000,0.68805,-0.63456,1.01984,0.13269,31.2517283,75.7047633,0.000,2.95
1127.888,0.37605,-9.28395,1.06800,-0.12953,1.61095,0.30525,31.2517283,75.7047633,0.000,2.95
1128.009,2.01600,-9.24495,1.05600,-0.76766,0.80671,0.26579,31.2517283,75.7047633,0.000,2.95
1128.161,-1.25295,-9.73905,-3.59700,-0.52580,1.07511,0.08044,31.2517383,75.7047600,0.000,2.95
1128.281,1.61400,-9.24795,-2.59095,0.00151,1.67915,0.24984,31.2517383,75.7047600,0.000,2.95
1128.419,-1.35600,-9.43905,-0.27600,-0.23073,2.45575,0.05802,31.2517383,75.7047600,0.000,2.95
1128.560,-1.62495,-9.52500,-0.57300,-0.57063,1.71971,-0.21244,31.2517383,75.7047600,0.000,2.95
1128.710,-0.15705,-10.55700,1.69305,0.12389,0.88234,-0.01540,31.2517383,75.7047600,0.000,2.95
1128.860,0.66105,-14.89095,-1.77195,2.66145,0.59263,0.66632,31.2517383,75.7047600,0.000,2.95
1128.985,1.61895,-8.57295,4.61205,1.09546,2.40680,0.22963,31.2517383,75.7047600,0.000,2.95
1129.105,2.60505,-4.50495,-0.18795,0.55853,-0.92647,-0.03561,31.2517383,75.7047600,0.000,2.95
1129.245,-8.91705,-16.47105,14.47095,-0.51205,0.87065,0.18700,31.2517550,75.7047717,0.000,2.95
1129.367,0.49305,-11.68995,-1.15200,0.27954,0.12925,0.19016,31.2517550,75.7047717,0.000,2.95
1129.521,-3.42495,-10.90005,0.98505,-1.13204,3.17584,-0.51398,31.2517550,75.7047717,0.000,2.95
1129.647,-1.12905,-9.14700,-0.25005,-0.88055,-0.97763,-0.30937,31.2517550,75.7047717,0.000,2.95
1129.779,-1.02795,-9.09000,1.24095,-0.81139,-0.61325,-0.50655,31.2517550,75.7047717,0.000,2.95
1129.925,0.09795,-11.20905,3.03900,2.13304,-1.91826,0.51934,31.2517550,75.7047717,0.000,2.95
1130.089,2.41605,-8.01000,2.05695,0.83655,2.16068,0.03781,31.2517550,75.7047717,0.000,2.95
1130.245,2.88495,-6.39405,2.79705,-0.43849,-0.95095,-0.59166,31.2517717,75.7047767,0.000,2.95
1130.365,2.41305,-8.14905,4.67700,0.52236,-0.29796,0.38940,31.2517717,75.7047767,0.000,2.95
1130.513,1.09695,-11.42205,0.13500,-1.24919,2.04985,0.02296,31.2517717,75.7047767,0.000,2.95
1130.633,1.54395,-10.18095,1.40400,-1.13836,1.02396,0.27005,31.2517717,75.7047767,0.000,2.95
1130.783,0.40995,-9.09495,-0.26205,-0.90406,0.94737,-0.06545,31.2517717,75.7047767,0.000,2.95
1130.905,-1.38795,-9.56100,-0.18300,-0.72078,1.28604,-0.44151,31.2517717,75.7047767,0.000,2.95
1131.057,-1.59300,-11.29005,1.99005,0.20281,1.00801,0.03575,31.2517717,75.7047767,0.000,2.95
1131.212,1.46805,-15.89400,-2.99400,2.45162,-3.15604,0.89650,31.2517800,75.7047800,0.000,2.95
1131.333,-1.14300,-8.75895,3.45495,0.80465,1.54179,0.63222,31.2517800,75.7047800,0.000,2.95
1131.486,-2.15595,-15.80295,3.75000,-0.55564,-2.70765,-0.56292,31.2517800,75.7047800,0.000,2.95
1131.607,0.54795,-9.33600,-2.44005,0.09625,-1.14593,0.25726,31.2517800,75.7047800,0.000,2.95
1131.727,2.74095,-9.23100,2.14305,-0.72078,-2.07804,0.50655,31.2517800,75.7047800,0.000,2.95
1131.869,-0.06600,-9.53295,0.34095,-0.42144,-1.05861,0.13049,31.2517800,75.7047800,0.000,2.95
1132.018,-0.90900,-9.47505,-0.77595,-0.23719,-0.63346,-0.24447,31.2517800,75.7047800,0.000,2.95
1132.138,-2.05095,-10.60800,2.28195,0.05899,-1.10440,-0.18686,31.2517800,75.7047800,0.000,2.95
1132.293,2.64600,-11.50500,1.09005,1.53326,0.29961,0.65038,31.2517867,75.7047800,0.000,2.95
1132.414,-1.91205,-9.27600,-2.05305,0.47657,-0.36080,0.39999,31.2517867,75.7047800,0.000,2.95
1132.565,0.42600,-8.29200,1.40100,-0.20309,-1.48569,1.22458,31.2517867,75.7047800,0.000,2.95
1132.686,1.76505,-7.69905,2.51895,-0.55137,-0.68791,-0.18054,31.2517867,75.7047800,0.000,2.95
1132.842,-0.46800,-11.17695,1.35105,0.21134,-1.98426,0.35214,31.2517867,75.7047800,0.000,2.95
1132.964,5.16195,-5.51295,-1.91895,-1.00100,0.74924,-0.53419,31.2517867,75.7047800,0.000,2.95
1133.120,-2.90805,-10.05900,1.30800,-0.43849,0.21024,-0.18686,31.2517867,75.7047800,0.000,2.95
1133.254,0.04305,-8.79495,-0.58695,-0.84122,-0.21807,-0.18054,31.2517700,75.7047683,0.000,2.95
1133.379,0.33795,-10.57200,0.08895,-1.01805,0.08869,-0.69823,31.2517700,75.7047683,0.000,2.95
1133.525,-2.31600,-10.49295,1.80795,0.32313,-0.39174,0.56829,31.2517700,75.7047683,0.000,2.95
1133.646,3.96000,-13.67895,-2.01705,2.94057,0.17710,0.43093,31.2517700,75.7047683,0.000,2.95
1133.767,0.11295,-8.34495,0.52995,0.12292,-1.19171,0.23925,31.2517700,75.7047683,0.000,2.95
1133.911,3.13695,-5.03895,-0.20400,-0.27239,-0.56430,-0.39889,31.2517700,75.7047683,0.000,2.95
1134.051,-9.04695,-12.32205,10.37505,-0.30855,-0.94669,1.33636,31.2517700,75.7047683,0.000,2.95
1134.167,2.47800,-9.98505,0.98205,0.24117,1.71215,-0.43519,31.2517767,75.7047717,0.000,2.95
1134.305,-0.24795,-11.47905,-2.65095,-0.82844,0.67361,-0.80685,31.2517767,75.7047717,0.000,2.95
1134.468,-0.82005,-9.30795,-0.32400,-0.29150,-0.29370,-0.31584,31.2517767,75.7047717,0.000,2.95
1134.604,0.76905,-9.37695,-0.06105,-0.46626,0.20694,-0.37867,31.2517767,75.7047717,0.000,2.95
1134.726,-2.81895,-10.54095,0.19500,-0.30112,0.47011,-0.37015,31.2517767,75.7047717,0.000,2.95
1134.881,3.41400,-10.00005,3.77400,2.43774,0.70661,1.01571,31.2517767,75.7047717,0.000,2.95
1135.001,-2.16600,-10.85895,1.98795,0.09515,1.74199,0.17105,31.2517767,75.7047717,0.000,2.95
1135.122,0.60105,-5.96295,0.12795,0.87821,-0.05088,0.39476,31.2517767,75.7047717,0.000,2.95
1135.242,-1.60095,-10.06695,3.96495,-1.49105,1.30955,-1.19996,31.2517833,75.7047767,0.000,2.95
1135.364,-1.10295,-15.35805,1.58805,1.01984,-1.39838,0.33935,31.2517833,75.7047767,0.000,2.95
1135.519,-0.85800,-10.19100,-5.66805,-0.37675,1.04747,-1.41941,31.2517833,75.7047767,0.000,2.95
1135.649,1.57305,-8.83395,2.11500,-0.21698,0.30814,-0.21574,31.2517833,75.7047767,0.000,2.95
1135.770,-0.18300,-8.86005,-0.98505,-0.27239,1.05380,-0.53529,31.2517833,75.7047767,0.000,2.95
1135.926,-1.85400,-10.21005,0.37395,-0.01237,1.39370,-0.53212,31.2517833,75.7047767,0.000,2.95
1136.050,6.54105,-9.18105,2.83305,0.19635,2.56547,0.00481,31.2517833,75.7047767,0.000,2.95
1136.202,1.06305,-8.69895,1.51395,0.07288,1.20725,0.39999,31.2517883,75.7047833,0.000,2.95
1136.324,2.42100,-8.29995,-0.02895,-0.12636,-0.03162,0.56086,31.2517883,75.7047833,0.000,2.95
1136.478,-0.25995,-9.23595,0.51795,0.22729,-1.35575,0.45966,31.2517883,75.7047833,0.000,2.95
1136.629,3.28995,-8.78595,-0.67395,0.13668,-2.20481,0.49596,31.2517883,75.7047833,0.000,2.95
1136.748,-1.21800,-9.18105,0.45300,-0.17325,-0.74002,0.24667,31.2517883,75.7047833,0.000,2.95
1136.868,2.56395,-4.17000,-2.34195,0.27844,-0.04235,-0.02392,31.2517883,75.7047833,0.000,2.95
1136.989,-2.57505,-8.28795,0.77400,-0.38844,-0.33522,-0.05376,31.2517883,75.7047833,0.000,2.95
1137.148,-0.02295,-9.89400,0.91500,-0.02090,1.47895,-0.28806,31.2517917,75.7047850,0.000,2.95
1137.269,0.72795,-9.41505,-0.45795,0.34334,0.68420,-0.24557,31.2517917,75.7047850,0.000,2.95
1137.389,1.89405,-9.36000,0.12495,0.12292,2.07969,-0.09323,31.2517917,75.7047850,0.000,2.95
1137.537,2.29095,-9.21405,1.75305,-0.16156,1.89007,-0.43835,31.2517917,75.7047850,0.000,2.95
1137.686,0.05805,-8.03400,1.56900,0.15799,0.57557,-0.42873,31.2517917,75.7047850,0.000,2.95
1137.808,1.14195,-8.90100,2.57400,-0.27871,0.62136,-0.14534,31.2517917,75.7047850,0.000,2.95
1137.947,3.37605,-9.23100,2.05995,-0.46626,0.72256,-0.15606,31.2517917,75.7047850,0.000,2.95
1138.068,0.73800,-9.34095,0.40800,-0.63772,0.86322,0.12196,31.2517917,75.7047850,0.000,2.95
1138.225,3.71100,-9.09900,0.41505,-0.28407,0.84824,0.19759,31.2518200,75.7047850,0.000,2.95
1138.369,1.42500,-9.33900,0.67605,-0.33096,1.21371,0.22852,31.2518200,75.7047850,0.000,2.95
1138.490,-1.87605,-9.33405,-0.39600,-0.47795,1.21894,0.05596,31.2518200,75.7047850,0.000,2.95
1138.645,-0.06105,-9.63105,-0.16095,-0.16692,1.42244,0.10065,31.2518200,75.7047850,0.000,2.95
1138.766,-0.19995,-9.57795,-0.88395,-0.07095,1.50659,-0.02929,31.2518200,75.7047850,0.000,2.95
1138.908,-0.95205,-9.57600,-0.04905,-0.25424,1.39480,-0.12306,31.2518200,75.7047850,0.000,2.95
1139.027,-0.68400,-9.41505,0.57795,-0.22124,1.00485,-0.15923,31.2518200,75.7047850,0.000,2.95
1139.182,1.35495,-8.84100,3.36405,2.03404,1.05064,0.36492,31.2518200,75.7047900,0.000,2.95
1139.303,-1.41405,-10.14600,-1.16700,1.15294,0.90365,0.11028,31.2518200,75.7047900,0.000,2.95
1139.425,0.46695,-7.72305,1.27005,0.35943,-1.36111,0.27541,31.2518200,75.7047900,0.000,2.95
1139.545,1.00605,-8.16105,3.96495,-0.19662,-0.22770,-0.40535,31.2518200,75.7047900,0.000,2.95
1139.665,-1.37805,-10.33500,7.75800,0.43711,-0.70276,-0.01856,31.2518200,75.7047900,0.000,2.95
1139.807,1.39605,-9.78195,1.66005,-0.26702,-0.60362,-0.05376,31.2518200,75.7047900,0.000,2.95
1139.953,0.76095,-11.29200,-2.69205,-0.74319,2.19051,-0.55124,31.2518200,75.7047900,0.000,2.95
1140.074,1.60695,-8.76405,0.29805,-0.62604,0.03121,-0.40205,31.2518200,75.7047900,0.000,2.95
1140.223,1.54005,-8.85300,0.08400,-0.99454,0.51700,-0.22523,31.2518267,75.7047967,0.000,2.95
1140.343,-2.80005,-9.73605,0.91305,-0.35227,0.55206,-0.56182,31.2518267,75.7047967,0.000,2.95
1140.466,-2.59695,-11.10300,1.11600,0.54368,-0.41938,-0.02076,31.2518267,75.7047967,0.000,2.95
1140.621,0.22995,-12.80295,-2.21505,2.12561,-1.49641,0.81015,31.2518267,75.7047967,0.000,2.95
1140.741,-0.12300,-9.40800,2.08605,-0.19140,-0.72724,1.57932,31.2518267,75.7047967,0.000,2.95
1140.867,4.89600,-5.76705,-0.08505,-0.66110,-1.46864,-0.35846,31.2518267,75.7047967,0.000,2.95
1141.025,-6.51795,-10.70100,1.09500,0.42226,-1.38022,1.12337,31.2518267,75.7047967,0.000,2.95
1141.175,1.89600,-10.44195,-1.49505,-0.09226,-0.48978,-0.68117,31.2518333,75.7047983,0.000,2.95
1141.297,0.15300,-9.14205,-2.56005,-0.52690,-0.40975,0.17531,31.2518333,75.7047983,0.000,2.95
1141.420,1.32600,-8.60100,-2.23005,-0.74855,-0.04661,-0.11770,31.2518333,75.7047983,0.000,2.95
1141.573,-3.26700,-9.07800,0.51795,-0.56953,-0.31281,-0.65986,31.2518333,75.7047983,0.000,2.95
1141.692,-3.67200,-9.86100,0.62805,0.61724,-0.55041,0.46819,31.2518333,75.7047983,0.000,2.95
1141.813,2.63595,-13.73895,-1.23600,2.54430,-0.51095,1.08391,31.2518333,75.7047983,0.000,2.95
1141.954,-3.97095,-10.42305,2.35395,-0.17215,-1.31959,2.19079,31.2518333,75.7047983,0.000,2.95
1142.098,3.03600,-5.45295,1.39395,-0.86034,-0.80080,-0.08044,31.2518333,75.7047983,0.000,2.95
1142.248,-5.70195,-10.83705,8.52600,0.38500,-0.76450,1.37583,31.2518383,75.7047983,0.000,2.95
1142.372,8.44200,0.15795,-1.38900,0.01004,1.13273,0.25094,31.2518383,75.7047983,0.000,2.95
1142.492,-3.31995,-13.84200,-1.19100,-1.93944,1.06136,-1.70170,31.2518383,75.7047983,0.000,2.95
1142.639,1.75005,-8.03595,-1.10700,-0.64625,-1.35259,-0.09955,31.2518383,75.7047983,0.000,2.95
1142.770,-0.09195,-9.65505,6.25905,-1.57520,0.07590,-0.97419,31.2518383,75.7047983,0.000,2.95
1142.909,-0.42000,-8.98005,2.59095,1.96474,0.49033,1.34392,31.2518383,75.7047983,0.000,2.95
1143.029,3.77805,-11.81400,-0.64500,2.04889,0.39765,0.54065,31.2518383,75.7047983,0.000,2.95
1143.177,1.99395,-7.52895,-1.00605,0.18782,-1.75739,1.36194,31.2518433,75.7047983,0.000,2.95
1143.301,4.29300,-6.67395,2.45700,-1.96075,0.26029,-1.05187,31.2518433,75.7047983,0.000,2.95
1143.432,-0.52800,-7.79700,3.53205,-0.19883,-0.59304,0.63016,31.2518433,75.7047983,0.000,2.95
1143.585,0.77805,-12.19995,-5.02605,-0.15620,1.58441,-1.38751,31.2518433,75.7047983,0.000,2.95
1143.730,0.73005,-9.28395,-1.45605,-0.95837,-1.23860,-0.16349,31.2518433,75.7047983,0.000,2.95
1143.877,1.39395,-8.89605,0.55395,-1.11389,0.47328,-0.65354,31.2518433,75.7047983,0.000,2.95
1144.014,-2.20605,-11.34300,0.97305,0.24434,-0.82954,0.14548,31.2518433,75.7047983,0.000,2.95
1144.135,1.14900,-13.56900,0.12795,2.56658,0.41676,2.11516,31.2518433,75.7047983,0.000,2.95
1144.273,-3.39105,-9.94905,3.91005,0.35612,0.10257,1.12448,31.2518450,75.7048017,0.000,2.95
1144.390,3.29700,-4.47795,-2.21100,0.22509,-1.20986,0.08470,31.2518450,75.7048017,0.000,2.95
1144.511,-1.15500,-15.60705,6.29505,-1.18745,1.48528,-1.66554,31.2518450,75.7048017,0.000,2.95
1144.652,2.74395,-8.07195,-3.63000,0.55000,-1.22361,-0.28380,31.2518450,75.7048017,0.000,2.95
1144.773,-0.04395,-9.96600,-5.09595,0.46269,-1.69345,-1.04335,31.2518450,75.7048017,0.000,2.95
1144.893,2.61900,-9.35100,2.67300,-0.57599,0.05679,0.14548,31.2518450,75.7048017,0.000,2.95
1145.049,-0.08505,-9.17805,0.05805,-1.17782,0.52759,-0.30415,31.2518450,75.7048017,0.000,2.95
1145.189,-2.05095,-9.84600,-1.05900,-0.12953,-0.17861,-0.48304,31.2518550,75.7048117,0.000,2.95
1145.330,-0.87495,-9.68295,0.57795,0.81318,0.14094,0.66426,31.2518550,75.7048117,0.000,2.95
1145.464,3.03600,-13.99305,-0.51600,2.32059,0.20597,0.75267,31.2518550,75.7048117,0.000,2.95
1145.615,0.43800,-7.39905,1.33695,0.38390,-0.94036,0.31488,31.2518550,75.7048117,0.000,2.95
1145.760,1.25205,-7.19805,2.62500,-0.84975,0.63621,-0.89100,31.2518550,75.7048117,0.000,2.95
1145.914,-1.05495,-7.41405,3.93900,0.85896,-0.86996,1.00402,31.2518550,75.7048117,0.000,2.95
1146.035,0.64200,-9.25005,3.36405,0.41800,0.71294,0.63759,,,,
1146.149,-4.19400,-10.83000,-2.33805,-0.69630,1.15926,-0.77495,31.2518650,75.7048200,0.000,2.95
1146.270,2.44695,-8.99205,-0.09705,-0.82734,0.35819,0.11028,31.2518650,75.7048200,0.000,2.95
1146.391,-1.64595,-9.20895,-0.26700,-0.90833,0.13668,-0.36272,31.2518650,75.7048200,0.000,2.95
1146.546,-2.07900,-9.55200,0.56295,-0.78045,0.41044,-0.85704,31.2518650,75.7048200,0.000,2.95
1146.698,-4.27995,-10.03800,0.73095,0.59056,-0.28738,0.28710,31.2518650,75.7048200,0.000,2.95
1146.817,-0.09000,-13.55295,-1.17900,2.37916,-1.89049,1.07333,31.2518650,75.7048200,0.000,2.95
1146.938,-2.84295,-9.54000,3.25905,0.05156,2.93837,1.15321,31.2518650,75.7048200,0.000,2.95
1147.069,4.76700,-4.41105,-1.03695,0.22096,-1.02451,0.11990,31.2518650,75.7048200,0.000,2.95
1147.213,-8.65395,-11.83305,10.35795,0.64487,-0.97116,0.71211,31.2518783,75.7048300,0.000,2.95
1147.334,3.66300,-10.05900,2.02605,0.62246,1.25620,-0.29879,31.2518783,75.7048300,0.000,2.95
1147.477,0.33495,-9.68595,5.66505,-1.39934,1.36386,0.72174,31.2518783,75.7048300,0.000,2.95
1147.634,0.91905,-9.03900,-0.28305,-0.61215,0.07810,-0.13475,31.2518783,75.7048300,0.000,2.95
1147.786,-1.17705,-9.38895,0.28605,-0.44275,-0.21161,-0.64281,31.2518783,75.7048300,0.000,2.95
1147.947,0.52005,-10.32300,1.29600,0.40521,1.50659,0.35640,31.2518783,75.7048300,0.000,2.95
1148.068,6.08100,-9.91605,-1.48305,1.21687,2.51323,-0.63965,31.2518783,75.7048300,0.000,2.95
1148.223,-1.21800,-8.48400,2.65800,-0.64089,3.01716,-0.55550,31.2518917,75.7048283,0.000,2.95
1148.348,0.49995,-9.26400,5.85900,-0.48001,2.30986,0.26895,31.2518917,75.7048283,0.000,2.95
1148.470,-1.61700,-9.45795,3.02700,0.27198,1.55031,-0.27637,31.2518917,75.7048283,0.000,2.95
1148.591,0.62505,-8.98905,3.45300,0.09089,0.62769,-0.17738,31.2518917,75.7048283,0.000,2.95
1148.748,-0.95895,-9.37500,2.17695,-0.02310,0.24640,-0.14218,31.2518917,75.7048283,0.000,2.95
1148.901,0.94095,-9.37005,2.31600,0.00674,0.20694,-0.04208,31.2518917,75.7048283,0.000,2.95
1149.052,0.17700,-9.00795,2.38800,0.07810,-0.18397,0.03891,31.2518917,75.7048283,0.000,2.95
1149.201,0.36195,-9.18300,2.64600,0.06861,-0.15634,0.04964,31.2519050,75.7048333,0.000,2.95
1149.322,-0.82995,-9.08505,3.08205,-0.01031,-0.35021,0.30635,31.2519050,75.7048333,0.000,2.95
1149.451,-0.39405,-9.04695,2.19405,-0.18714,-0.43010,0.57585,31.2519050,75.7048333,0.000,2.95
1149.572,1.22400,-9.19305,1.68600,-0.48537,-0.06036,0.06985,31.2519050,75.7048333,0.000,2.95
1149.693,-2.25900,-10.60005,3.31395,-0.44701,-0.72518,-0.10381,31.2519050,75.7048333,0.000,2.95
1149.801,-0.51105,-10.25805,2.02395,-0.42886,-0.70482,-0.54588,31.2519050,75.7048333,0.000,2.95
1149.916,-0.87000,-9.42000,2.42595,-0.22014,-0.48551,-0.10697,31.2519050,75.7048333,0.000,2.95
1150.043,0.23505,-9.65205,2.02905,-0.11894,-1.91290,-0.12196,31.2519050,75.7048333,0.000,2.95
1150.192,0.46500,-9.54000,0.54900,-0.30745,-0.25218,-0.15180,31.2519167,75.7048367,0.000,2.95
1150.314,-1.65300,-9.34305,-0.19905,-0.17215,-0.42158,-0.33289,31.2519167,75.7048367,0.000,2.95
1150.468,-2.49405,-10.27995,-0.89100,0.01636,-0.53446,-0.43299,31.2519167,75.7048367,0.000,2.95
1150.590,0.02205,-10.74195,1.96095,0.58410,-0.33096,-0.24764,31.2519167,75.7048367,0.000,2.95
1150.734,-0.90600,-9.76005,1.54995,1.38421,0.50627,0.26689,31.2519167,75.7048367,0.000,2.95
1150.856,-3.78195,-10.66305,0.01500,-0.24255,-2.36775,2.19505,31.2519167,75.7048367,0.000,2.95
1151.009,3.84300,-7.18200,0.27405,0.05362,-2.59792,0.75474,31.2519167,75.7048367,0.000,2.95
1151.130,-6.38400,-11.36700,4.51800,-0.34801,-0.94779,-0.39256,31.2519183,75.7048383,0.000,2.95
1151.252,2.00205,-19.57200,0.46305,-0.37675,0.79709,-0.24557,31.2519183,75.7048383,0.000,2.95
1151.378,2.20305,-13.41105,-2.97900,-1.45585,5.18595,-2.43031,31.2519183,75.7048383,0.000,2.95
1151.499,-2.09595,-8.59905,3.02205,-0.05294,-2.81834,-0.50229,31.2519183,75.7048383,0.000,2.95
1151.655,1.47300,-10.63395,-1.84200,-1.50796,0.94311,-0.54271,31.2519183,75.7048383,0.000,2.95
1151.777,-8.69505,-12.73800,-1.54005,0.70029,-1.02231,0.06655,31.2519183,75.7048383,0.000,2.95
1151.930,-0.21705,-15.12495,0.48195,2.88090,1.92101,1.08817,31.2519183,75.7048383,0.000,2.95
1152.049,0.50805,-12.18495,-0.43200,3.64897,-3.53953,3.43076,31.2519183,75.7048383,0.000,2.95
1152.177,2.24595,-2.07195,0.63300,-0.32670,-0.94243,0.87093,31.2519183,75.7048400,0.000,2.95
1152.299,1.05105,-5.42700,6.67605,-2.93012,0.16858,-0.87931,31.2519183,75.7048400,0.000,2.95
1152.421,-2.69205,-8.39295,13.99005,-1.94164,-0.85938,-0.62480,31.2519183,75.7048400,0.000,2.95
1152.569,1.61595,-13.85700,-6.28305,-1.64752,2.24276,-2.16727,31.2519183,75.7048400,0.000,2.95
1152.692,-0.13500,-9.27195,0.56295,-1.49201,-0.08594,-0.61518,31.2519183,75.7048400,0.000,2.95
1152.847,-0.24600,-5.97705,-2.60100,-0.44811,-0.50463,0.58438,31.2519183,75.7048400,0.000,2.95
1152.969,-2.99205,-9.91800,0.31905,-1.26307,-0.63456,-0.57365,31.2519183,75.7048400,0.000,2.95
1153.116,0.63705,-11.84295,3.93705,2.21292,0.93981,0.02406,31.2519183,75.7048400,0.000,2.95
1153.238,2.05395,-11.23005,-0.34995,1.18181,-1.24493,-0.39999,31.2519117,75.7048333,0.000,2.95
1153.360,-1.47105,-7.11195,-1.11900,2.59751,3.59343,0.92840,31.2519117,75.7048333,0.000,2.95
1153.515,-0.57105,-10.56000,6.49800,-2.18446,0.84081,-1.90726,31.2519117,75.7048333,0.000,2.95
1153.637,0.36600,-11.01900,3.97995,0.56389,-1.27160,0.14548,31.2519117,75.7048333,0.000,2.95
1153.786,-1.75605,-11.22795,-1.84200,-2.27604,-0.70909,-0.14864,31.2519117,75.7048333,0.000,2.95
1153.909,2.36805,-8.81205,-0.79095,-1.31519,-0.79860,-0.42446,31.2519117,75.7048333,0.000,2.95
1154.066,-1.24395,-10.70595,-2.41695,-1.25235,-0.47479,-0.24338,31.2519117,75.7048333,0.000,2.95
1154.187,-1.12905,-12.08700,1.76505,0.28270,0.99853,-0.60981,31.2519183,75.7048433,0.000,2.95
1154.312,4.58295,-14.37105,-6.26595,1.68135,0.69699,1.52501,31.2519183,75.7048433,0.000,2.95
1154.466,-2.30505,-8.75205,-0.55905,1.64189,-0.88385,1.50686,31.2519183,75.7048433,0.000,2.95
1154.617,9.34005,-5.75700,-1.72500,-0.71968,-1.43674,-0.21890,31.2519183,75.7048433,0.000,2.95
1154.740,-2.29995,-19.98300,9.74700,-1.07442,3.88960,-0.12829,31.2519183,75.7048433,0.000,2.95
1154.891,3.42900,-8.77395,3.89400,-1.62195,1.79960,-0.12403,31.2519183,75.7048433,0.000,2.95
1155.045,-1.33005,-9.70695,0.96105,-1.87660,1.20092,-0.76533,31.2519183,75.7048433,0.000,2.95
1155.190,-0.82995,-8.77605,-0.98700,-0.77302,-0.94559,-0.47135,31.2519183,75.7048433,0.000,2.95
1155.311,-1.28505,-10.20795,0.71400,-0.10299,-1.19914,-0.29769,31.2519183,75.7048433,0.000,2.95
1155.457,2.16405,-15.85305,-5.65800,3.39433,0.17504,1.52391,31.2519183,75.7048433,0.000,2.95
1155.613,-4.47405,-8.28000,-0.99705,0.77798,-0.13599,1.44609,31.2519183,75.7048433,0.000,2.95
1155.735,0.05505,-6.71700,0.45105,-0.36506,-0.24791,-0.38500,31.2519183,75.7048433,0.000,2.95
1155.857,-5.16105,-9.57600,11.42295,-0.65904,-0.36300,-0.01430,31.2519183,75.7048433,0.000,2.95
1155.978,-4.30095,-8.33595,1.61205,0.80891,-1.07236,1.26816,31.2519183,75.7048433,0.000,2.95
1156.099,-5.50995,-2.91495,-0.13995,0.05252,-0.50889,0.90599,31.2519183,75.7048433,0.000,2.95
1156.230,-7.40205,-10.15995,1.12095,-1.11073,0.01306,-0.70359,,,,
1156.384,-2.40705,-10.86105,4.13295,-1.07553,-0.57063,0.05376,,,,
1156.505,0.10995,-7.51200,10.52595,-0.01347,-0.81029,0.12526,,,,
1156.626,-6.28095,-6.38205,10.24305,2.58253,-2.03857,-0.46819,,,,
1156.773,-2.09895,-5.54895,4.51605,3.84065,-2.04078,0.52250,,,,
1156.916,1.55895,-2.26905,9.64695,3.17914,0.79612,-0.61408,,,,
1157.037,0.50295,1.74105,8.83305,1.82201,-0.05088,0.08896,,,,
1157.159,2.30295,2.51895,2.46900,-0.06146,-1.92349,-0.89100,,,,
1157.316,1.16400,2.26305,9.65400,-0.88481,-0.51851,1.18195,,,,
1157.433,2.69595,1.89105,9.11805,0.41154,0.77907,0.42776,,,,
1157.555,1.79100,2.52105,8.40195,0.58314,0.45416,0.07301,,,,
1157.677,1.96605,2.92095,8.32305,-0.42034,-0.09763,0.31914,,,,
1157.835,1.29105,1.89105,11.09505,-0.30855,0.23045,0.26263,,,,
1157.984,1.42500,1.21605,9.62295,0.28476,-0.48551,-0.10697,,,,
1158.133,0.29505,1.65705,8.74905,0.49679,-0.79434,-1.02314,,,,
1158.256,0.69900,2.90400,9.04395,-0.47795,-0.31075,-0.34994,,,,
1158.408,0.88395,4.21095,8.65605,-0.27871,1.07511,0.72916,,,,
1158.556,0.73500,4.63800,9.01695,-0.56416,-0.29686,-0.44041,,,,
1158.678,-1.07400,3.39495,11.72700,0.01430,0.61600,0.41814,,,,
1158.826,1.27395,0.80895,10.85400,0.84838,0.42529,0.32656,,,,
1158.948,1.09395,1.45305,8.59305,0.19965,0.68846,-0.45966,,,,
1159.107,-1.29195,2.58300,7.07100,0.68860,-0.21381,-0.48950,,,,
1159.229,-0.46095,3.47205,11.09295,0.47547,-0.83064,0.02722,,,,
1159.364,0.61800,3.41895,10.85400,-0.37565,-0.49404,0.19979,,,,
1159.486,0.64200,3.59895,8.79195,-0.29466,-0.43643,0.41814,,,,
1159.640,1.23795,3.09300,7.78905,0.21340,-0.24145,-0.18164,,,,
1159.762,0.08400,2.91900,8.97195,-0.19662,-0.00289,-0.27858,,,,
1159.909,2.12100,1.90305,13.36305,-1.23956,-1.54110,0.14231,,,,
1160.031,4.99905,2.20005,8.46900,0.61820,0.08772,0.44261,,,,
1160.176,0.59400,2.98095,6.79305,-0.04221,0.74924,-0.26785,,,,
1160.297,1.59705,3.42405,9.77100,-0.08264,-0.13076,0.27321,,,,
1160.419,2.71305,4.15605,11.61300,-0.29466,-0.58987,0.32546,,,,
1160.567,0.57495,3.04995,9.73305,0.40301,0.03864,0.37441,,,,
1160.693,2.00400,2.50200,7.78395,0.66619,0.33481,0.18810,,,,
1160.821,0.94605,2.66505,7.45095,-0.06572,-0.01141,-0.29026,,,,
1160.978,1.81995,2.39895,11.88495,-0.68668,-0.65271,0.02929,,,,
1161.142,2.76105,3.22500,7.83900,0.06641,0.03011,0.13585,,,,
1161.264,0.70395,3.22695,8.55795,-0.04868,0.23045,0.01444,,,,
1161.410,0.03600,3.26100,9.11805,-0.06999,0.27734,0.54711,,,,
1161.558,0.98400,3.22005,11.62200,0.10051,0.26881,0.74525,,,,
1161.680,-0.30795,2.59800,8.52195,0.27307,0.26345,1.07855,,,,
1161.802,1.69305,1.96995,9.28800,0.26881,0.34224,0.63869,,,,
1161.923,-0.49905,3.23895,9.19200,-0.31707,0.63099,0.26689,,,,
1162.072,-0.24300,2.84400,9.78105,0.35612,0.40411,0.37345,,,,
1162.228,0.18405,5.28900,7.33605,0.03341,-1.01915,0.06229,,,,
1162.354,0.48600,2.30295,10.70505,0.24117,0.71624,0.12100,,,,
1162.503,1.83900,2.40405,8.88300,-0.22646,0.22083,0.22646,,,,
1162.643,1.38195,3.81600,9.08205,-0.21051,0.02475,0.77825,,,,
1162.804,0.61305,3.27300,9.13005,0.07177,0.18892,0.09749,,,,
1162.978,0.18900,3.02595,10.45905,-0.02942,0.49885,0.23279,,,,
1163.127,0.93105,2.30100,8.95500,0.45952,-0.11041,1.16696,,,,
1163.248,2.17605,2.18400,8.39700,0.43711,0.36781,0.89114,,,,
1163.397,1.98000,3.18900,6.65400,0.08456,-0.31075,0.23169,,,,
1163.518,1.53495,2.89200,9.09900,-0.75281,0.00564,-0.14864,,,,
1163.638,3.08400,1.55895,13.30305,-0.69520,-0.15304,-0.30305,,,,
1163.794,3.67800,2.40600,8.58900,0.01100,0.44660,-0.59166,,,,
1163.915,1.86300,2.69400,7.24995,0.14204,0.17710,-0.45430,,,,
1164.057,2.75805,2.70105,10.60500,-0.06999,-0.29260,-0.48730,,,,
1164.178,3.22500,0.67800,13.70505,-0.01237,-0.01994,-1.41199,,,,
1164.298,2.29095,0.96000,9.88605,0.04194,-0.93816,-1.66554,,,,
1164.437,-0.78195,2.89905,5.82600,-0.31171,-0.17339,-0.84851,,,,
1164.579,-0.67200,3.39000,9.66795,-0.90723,0.10904,-0.09212,,,,
1164.701,2.64300,2.58795,12.67995,0.05156,1.53216,0.26689,,,,
1164.857,3.92400,-0.14295,8.48295,0.97295,-0.26070,-1.75821,,,,
1164.979,2.23605,0.71595,7.26900,0.30181,-0.76670,-2.36967,,,,
1165.129,0.79305,1.62300,9.74700,-0.81991,-0.80932,-2.46551,,,,
1165.251,-1.73700,2.29095,10.97805,-0.22550,-0.11151,-1.48968,,,,
1165.388,-1.27500,3.19395,11.50995,0.46585,-0.29480,-0.25080,,,,
1165.529,0.26805,2.81100,9.38595,0.77481,0.10904,-0.29989,,,,
1165.676,1.24500,3.03600,8.36400,0.25602,0.16225,-0.42873,,,,
1165.799,0.07200,2.46600,10.46805,-0.16692,-0.40343,-0.91658,,,,
1165.921,-0.99705,2.25495,10.65705,-0.33303,-0.20639,-0.69616,,,,
1166.069,-1.90695,2.67000,7.42305,-0.03369,0.31240,0.68654,,,,
1166.190,-3.73395,1.84800,9.84105,0.15483,0.62343,2.45176,,,,
1166.339,-2.45295,1.71705,10.40805,0.08992,0.85140,2.75852,,,,
1166.479,-2.31405,2.03505,9.47400,0.24007,0.89306,2.71274,,,,
1166.628,-1.48995,2.67405,10.65000,0.02379,0.78114,2.24194,,,,
1166.760,-0.59505,2.76495,7.96095,0.10051,0.95480,1.65605,,,,
1166.874,-1.22205,2.44005,9.91005,-0.17641,0.89196,1.37472,,,,
1166.992,-0.14505,2.84700,11.59095,-0.44811,0.26978,1.33320,,,,
1167.144,0.74205,3.35400,8.45895,0.11440,0.46901,1.28631,,,,
1167.266,0.28005,4.72905,8.16495,0.13571,0.35296,1.31505,,,,
1167.422,-0.86100,5.50005,10.14195,0.27844,0.00674,0.84645,,,,
1167.578,-1.29900,3.66795,8.56500,-0.15620,0.79612,1.18195,,,,
1167.694,0.67800,3.09600,8.37105,-0.23829,0.60747,1.00086,,,,
1167.833,0.62295,4.93695,8.13900,-0.36933,0.16431,0.58218,,,,
1167.980,1.04205,3.99600,10.90905,-0.38734,-0.25534,-0.40961,,,,
1168.136,-0.21195,1.16400,9.58695,0.36039,-0.28834,-0.96236,,,,
1168.259,0.44505,2.34195,8.99295,-0.22124,-0.11371,-1.18291,,,,
1168.375,-0.00105,3.35895,7.30095,0.03878,0.24846,-0.69823,,,,
1168.523,0.15105,4.25505,11.03805,0.33055,-0.47479,0.10491,,,,
1168.646,-1.24605,4.03695,10.01100,0.36039,0.40301,0.34677,,,,
1168.796,0.26805,2.84205,8.19405,0.11866,0.24956,0.27747,,,,
1168.919,0.78105,3.78300,6.33795,0.27527,-0.18397,0.31157,,,,
1169.075,1.39095,3.92895,10.57605,-0.27129,-0.49720,0.13805,,,,
1169.197,0.53205,1.66395,11.63205,0.01320,0.57764,-0.42336,,,,
1169.351,0.38100,2.98095,7.33905,0.09515,0.67251,-0.79626,,,,
1169.471,0.23205,4.38900,7.86300,-0.10079,-0.13076,-0.50971,,,,
1169.592,-0.78405,4.52805,11.52405,0.26565,0.18563,-0.18054,,,,
1169.735,-1.76100,3.96705,9.85800,0.34870,0.33687,0.52044,,,,
1169.890,-0.56205,2.88705,7.46805,0.11124,0.43711,0.56622,,,,
1170.043,0.17505,4.25700,7.59000,0.06861,0.11220,0.36919,,,,
1170.163,0.94305,4.26405,11.82105,-0.57379,-0.35118,-0.02502,,,,
1170.284,1.11300,2.52795,10.63800,0.07384,0.41786,-0.30841,,,,
1170.406,0.94800,3.19395,7.79100,-0.04648,0.21656,-0.65670,,,,
1170.543,-0.13800,4.21605,7.95900,-0.08057,-0.09556,-0.60239,,,,
1170.699,-0.73200,5.19495,10.46100,0.18782,-0.30759,0.04001,,,,
1170.821,-1.82805,3.60600,9.12000,0.08236,0.36575,0.34787,,,,
1170.960,-0.05595,2.68905,9.12300,-0.13379,-0.21587,0.34471,,,,
1171.105,0.19605,3.81600,7.12095,0.04400,0.15689,0.10175,,,,
1171.245,0.48105,3.63705,11.53395,-0.20515,-0.16376,-0.01760,,,,
1171.365,0.83805,1.84605,11.44500,0.05252,0.18136,-0.32216,,,,
1171.486,0.65595,2.91900,7.98300,-0.18810,0.07590,-0.51934,,,,
1171.638,-0.38700,3.63900,7.92495,-0.10725,0.13447,-0.30731,,,,
1171.788,-0.30495,3.32805,12.16095,-0.03479,-0.27129,0.11137,,,,
1171.909,-1.54095,2.90895,10.34805,0.12183,0.30181,0.70895,,,,
1172.029,0.91005,2.06595,9.48600,0.14314,0.07384,0.55137,,,,
1172.182,-0.01095,3.27300,7.52295,-0.03369,-0.11041,0.28284,,,,
1172.339,0.28005,3.56295,11.14305,-0.53763,-0.52374,0.03355,,,,
1172.461,1.34595,2.07300,12.04095,-0.09226,0.24530,-0.32546,,,,
1172.608,0.51000,2.39205,9.19200,0.05899,0.23471,-0.44371,,,,
1172.729,-0.04200,4.02000,6.59400,0.28380,0.00564,-0.10917,,,,
1172.879,-0.62100,4.83600,10.24500,0.10477,-0.08594,-0.11234,,,,
1173.006,-2.00295,3.47595,11.34705,-0.38307,0.23141,0.25094,,,,
1173.157,0.36195,3.02895,8.59305,-0.13283,-0.00399,0.39366,,,,
1173.278,-0.75105,3.46695,7.35600,0.12609,0.19099,0.49803,,,,
1173.435,-0.15900,4.41495,10.01595,-0.19662,-0.52484,0.07934,,,,
1173.555,1.82205,2.22405,12.80205,-0.58451,-0.41401,-0.53212,,,,
1173.678,2.00205,3.11700,9.02895,-0.21051,-0.35447,-0.24984,,,,
1173.826,0.14400,3.99600,6.88200,0.00674,0.01526,-0.48730,,,,
1173.947,-0.34605,4.19700,10.31205,0.05679,0.22289,-0.30841,,,,
1174.099,-1.42095,2.72700,12.07695,-0.18920,0.12279,0.03891,,,,
1174.251,0.35205,2.47095,9.15600,0.20818,-0.10945,0.09639,,,,
1174.404,-3.09900,2.76795,6.68805,1.08584,0.65546,0.03355,,,,
1174.552,-2.01195,5.60295,11.66505,0.60761,-0.11261,1.02534,,,,
1174.673,-0.48000,3.13395,11.39895,-1.14909,0.17930,-0.25080,,,,
1174.788,0.41895,3.30900,8.83305,0.20281,-0.18397,-0.05060,,,,
1174.900,-0.80595,3.70200,7.99500,-0.03589,0.09625,-0.28806,,,,
1175.007,-0.78900,4.10100,8.18595,-0.02626,-0.01251,-0.19443,,,,
1175.127,-0.71505,4.57095,10.09500,-0.32244,-0.13076,0.00275,,,,
1175.258,-1.79895,3.02895,11.23695,-0.03369,0.06737,0.36589,,,,
1175.377,-0.69105,2.69805,9.07500,0.11440,-0.00289,0.36272,,,,
1175.498,-1.37100,3.19200,6.91500,0.16981,-0.07645,0.21464,,,,
1175.613,-0.82305,3.65100,8.60295,-0.09652,-0.14025,-0.07617,,,,
1175.725,0.26100,3.08400,11.26305,-0.45870,-0.43216,-0.42556,,,,
1175.839,0.72795,2.49000,10.48200,0.06325,0.06641,-0.01856,,,,
1175.953,-0.87495,2.75595,8.08800,-0.06352,0.20061,-0.41814,,,,
1176.073,-0.47295,3.48105,7.84395,0.11330,0.02269,-0.20611,,,,
1176.188,-1.27500,3.78105,10.20495,-0.03589,-0.25534,-0.11234,,,,
1176.303,-2.10300,2.90895,11.33700,-0.18178,-0.18397,-0.14437,,,,
1176.425,-0.81300,1.71405,10.50405,-0.95191,-0.16266,-0.40851,,,,
1176.581,-0.89700,1.57095,7.94700,0.22729,-0.36396,0.32340,,,,
1176.737,-1.12200,2.28405,9.88200,0.37427,0.36245,0.10821,,,,
1176.892,-1.82100,2.00595,11.46600,-0.18287,0.25493,-0.20611,,,,
1177.011,0.85500,1.75305,9.51795,-0.14231,0.15579,-0.14011,,,,
1177.130,-0.57105,2.29395,8.29200,0.37648,0.03011,-0.23595,,,,
1177.250,-0.62400,2.94495,8.96700,0.31790,0.28903,-0.14754,,,,
1177.371,-0.05400,3.22305,11.29605,0.59166,-0.44495,-0.00371,,,,
1177.491,-1.54095,3.67500,9.24900,0.50215,0.09515,0.23705,,,,
1177.612,-0.75795,2.84400,8.83500,-0.03905,-0.09240,-0.10381,,,,
1177.731,-0.70005,3.54105,7.48500,0.12072,0.18136,0.09323,,,,
1177.856,-0.86100,3.89505,9.30195,-0.10821,-0.03699,0.20185,,,,
1177.976,-0.53805,3.91905,11.05695,-0.12746,-0.23513,-0.09323,,,,
1178.088,-0.26505,3.58395,9.03900,0.20914,-0.17655,0.06765,,,,
1178.201,-1.36605,3.73500,8.47905,-0.28614,0.18673,-0.09529,,,,
1178.321,-0.78405,4.10400,8.33700,-0.16473,0.21546,0.12100,,,,
1178.447,-1.15095,4.65900,9.80700,0.11440,0.11852,0.41181,,,,
1178.556,-2.13195,3.91500,10.73595,-0.22330,0.19319,0.43945,,,,
1178.668,-2.64405,3.91200,8.93595,-0.19993,-0.28834,0.54381,,,,
1178.779,-1.02105,2.87100,8.00400,-0.21161,0.05885,0.63979,,,,
1178.901,-1.02105,3.41700,8.49795,0.14204,0.00357,0.45114,,,,
1179.055,-0.76305,4.55400,10.69995,-0.25424,0.02159,-0.08140,,,,
1179.166,-0.12300,3.21300,11.71995,-0.06572,0.27734,-0.02392,,,,
1179.277,0.55800,3.32295,8.46900,-0.14341,-0.37249,0.05280,,,,
1179.392,-0.21405,3.36405,7.62600,-0.12746,0.01306,-0.07397,,,,
1179.509,-0.48000,4.51800,7.56405,0.18040,0.55110,0.08044,,,,
1179.630,-0.42495,4.53900,10.36995,0.20487,-0.08071,0.30951,,,,
1179.752,-2.51805,3.94095,11.43795,-0.39476,0.08236,0.26373,,,,
1179.865,-1.13100,3.09105,8.23395,-0.24255,-0.27981,0.61848,,,,
1179.985,-0.72705,2.63100,8.37105,-0.09116,0.12279,0.61518,,,,
1180.105,-0.95700,3.79995,8.29905,0.20281,-0.19786,0.31378,,,,
1180.218,-0.39405,3.97905,10.43895,0.26675,-0.24145,0.08470,,,,
1180.329,0.48900,2.58795,11.34900,-0.30855,0.26881,-0.07934,,,,
1180.440,1.48005,3.20595,8.96505,0.12609,0.03754,-0.05266,,,,
1180.559,-0.16605,3.91695,7.96095,0.10588,0.39449,0.12953,,,,
1180.682,-0.42300,4.42200,8.02095,0.17930,-0.09020,0.04964,,,,
1180.802,-0.15195,4.84095,10.03995,0.02172,-0.22344,0.02612,,,,
1180.921,-2.37900,3.79005,9.60600,-0.47685,0.41786,0.35956,,,,
1181.042,-0.68100,2.92305,8.81805,-0.01347,-0.19140,0.55660,,,,
1181.167,-0.66000,3.67800,8.05695,0.09845,-0.00715,0.51934,,,,
1181.307,-0.36300,4.20405,9.53205,0.04826,-0.11041,0.21367,,,,
1181.428,0.40005,2.65305,11.46600,-0.50133,-0.23513,-0.37441,,,,
1181.582,1.07505,3.52200,7.92105,0.48826,0.13984,0.12416,,,,
1181.704,0.14400,3.87600,8.00700,-0.27871,0.35929,0.05706,,,,
1181.841,0.01395,4.51095,8.78700,0.17834,0.10574,0.06655,,,,
1181.977,-0.85800,3.98400,10.27395,-0.15194,-0.09240,-0.35420,,,,
1182.127,-1.51005,2.70105,9.90300,-0.17751,-0.39174,0.14011,,,,
1182.247,-0.32205,3.12705,8.27700,0.19635,0.15262,0.54175,,,,
1182.367,-0.45900,3.85995,7.99695,0.12815,-0.05720,0.17738,,,,
1182.488,-0.06600,3.55995,9.58005,-0.11784,-0.29164,-0.22742,,,,
1182.642,0.66300,1.81995,11.08605,-0.50985,0.35296,-0.08470,,,,
1182.787,0.18195,3.08100,7.52100,-0.03589,0.19841,-0.11028,,,,
1182.908,-0.00405,3.29700,8.23695,-0.03905,0.00027,-0.29452,,,,
1183.030,-0.35805,4.15200,10.17795,-0.06146,0.10904,-0.02502,,,,
1183.185,-0.16905,3.08895,10.21395,-0.33303,0.24104,0.18274,,,,
1183.328,0.42900,2.29905,10.15905,0.13571,-0.37785,0.28284,,,,
1183.449,0.10500,2.83005,9.00300,0.11330,0.12072,-0.01966,,,,
1183.580,-0.38895,2.69100,8.74695,0.35406,0.18892,-0.16981,,,,
1183.708,-0.36795,2.18805,11.34405,-0.40755,-0.32134,-0.21670,,,,
1183.829,1.81695,2.48505,10.11405,0.53405,0.28256,0.50545,,,,
1183.961,-0.27405,3.18000,7.89900,-0.32450,0.01842,-0.27211,,,,
1184.080,-0.27405,3.53205,8.30895,0.25602,0.20914,-0.05266,,,,
1184.199,-0.54705,3.95295,9.84600,-0.00179,0.23251,0.08154,,,,
1184.320,-1.78500,3.49800,10.52805,-0.02516,0.10477,0.08264,,,,
1184.474,-1.07595,1.88895,10.86105,0.14094,-0.14877,0.61848,,,,
1184.624,0.55095,3.85995,7.98795,0.17188,-0.07535,0.04964,,,,
1184.747,0.17205,4.23300,9.47700,0.19539,0.28366,-0.44261,,,,
1184.869,0.63495,5.05905,9.55095,0.36891,-0.45237,-0.35200,,,,
1185.014,0.73800,3.41895,9.61095,-0.36603,-0.33206,-1.16806,,,,
1185.162,-1.00395,3.61800,7.94505,0.17407,0.49679,-0.58740,,,,
1185.283,-1.31595,4.74300,7.82205,0.62040,-0.19786,-0.34031,,,,
1185.437,-1.12695,4.98705,7.88700,0.05582,0.03121,0.40329,,,,
1185.584,-2.25405,4.72905,9.48600,-0.19566,0.59263,0.27747,,,,
1185.704,-1.92600,3.96705,8.51700,-0.12100,0.38376,0.77495,,,,
1185.826,-1.21800,3.54795,8.33205,-0.62067,0.15372,0.29026,,,,
1185.979,-0.15900,2.32995,4.66005,-1.54963,0.67787,-0.32326,,,,
1186.100,-0.47805,-2.11995,5.69205,-2.59999,1.53959,-0.92084,,,,
1186.257,-9.49695,-13.05195,10.08000,-4.19567,1.88265,-3.19523,,,,
1186.379,-12.39600,-12.60900,8.00895,-2.99626,0.69273,-0.98368,,,,
1186.534,1.42500,-7.46895,4.44900,0.15483,1.92211,2.35483,,,,
1186.655,-4.83000,-5.58705,0.35700,-0.35227,-1.09051,1.63790,,,,
1186.806,-8.39295,-4.81800,2.11995,-0.20735,-0.05404,0.87945,,,,
1186.924,-9.54705,-4.82295,1.47795,-0.39160,-0.82734,1.28851,,,,
1187.040,-7.97205,-2.66595,-0.95100,-1.01585,-1.04789,1.54303,,,,
1187.160,-5.62005,-2.16105,1.11405,-1.27586,-2.40295,0.01127,,,,
1187.281,-10.72005,-9.09000,-0.56100,-1.95113,0.33481,-2.73927,,,,
1187.437,-7.06395,-8.05500,1.38900,-0.05184,0.39449,-0.63855,,,,
1187.596,-8.50800,-7.51005,0.33105,-0.27555,0.02695,-0.13049,,,,
1187.716,-5.82900,-6.29595,0.27600,0.14630,0.80355,-0.72380,,,,
1187.837,-3.89205,-7.17405,1.07100,-0.14877,0.93885,-1.93284,,,,
1187.987,-2.41695,-3.55200,0.06300,-0.79530,-0.17119,-3.14517,,,,
1188.108,-0.68805,-8.03400,1.35795,-0.22440,0.22289,-0.32120,,,,
1188.258,-2.07195,-10.10205,-1.52100,0.01004,-0.73892,-0.12513,,,,
1188.380,1.80300,-9.53700,0.34500,1.18387,0.10368,-0.17517,,,,
1188.530,1.09200,-9.08295,-0.86295,0.97941,-0.58135,-0.23801,,,,
1188.655,0.73005,-8.82195,-1.07595,-0.61531,-0.38431,0.29452,,,,
1188.781,3.52200,-9.95895,4.05600,-0.13379,-1.97794,-0.24131,,,,
1188.907,-0.00600,-10.06395,-1.40100,0.09199,-0.12224,0.42130,,,,
1189.038,-0.21195,-9.66900,-1.44195,0.12292,-0.24681,-0.06655,,,,
1189.176,-0.96405,-9.38400,-0.06495,-0.06669,-0.17861,0.08264,,,,
1189.303,-1.46400,-9.22905,-0.09195,-0.07205,-0.10519,-0.08786,,,,
1189.430,1.34100,-9.31995,-1.47795,-0.10931,-0.80822,0.06985,,,,
1189.538,0.07200,-9.33195,-1.75605,-0.09872,-0.31501,-0.04950,,,,
1189.647,0.30195,-9.39600,-1.49205,-0.13915,-0.18714,-0.02502,,,,
1189.773,0.35400,-9.39900,-1.44000,0.00247,-0.03809,-0.02186,,,,
1189.899,0.01395,-9.36495,-1.24095,0.02379,0.08443,-0.00907,,,,
1190.025,0.02400,-9.37200,-1.17405,0.10368,0.23994,-0.00907,,,,
1190.133,0.16500,-9.23295,-1.26495,0.14520,0.33797,-0.03135,,,,
1190.241,0.78300,-9.46605,-1.48500,0.13035,0.57447,-0.03891,,,,
1190.367,0.57900,-9.40305,-1.15695,0.08663,1.23915,-0.23911,,,,
1190.480,-0.83205,-9.32700,-0.46305,-0.25960,0.51480,-0.25190,,,,
1190.601,0.24900,-9.35295,-0.00600,0.00151,-0.02310,-0.00797,,,,
1190.723,0.90705,-9.37200,-1.77000,0.00577,0.00137,0.06559,,,,
1190.831,1.82895,-9.50205,-1.46595,-0.07315,-0.41195,-0.00151,,,,
1190.958,1.29795,-9.49005,-1.09500,0.09309,0.22509,-0.05376,,,,
1191.078,0.25395,-9.55395,-0.02700,0.11330,-0.05294,-0.01430,,,,
1191.200,-0.00600,-9.16395,0.66600,0.18892,-0.61435,0.02076,,,,
1191.320,0.00000,-9.79605,0.71205,0.63841,-1.51236,0.31378,,,,
1191.441,1.17300,-9.14700,-2.03100,0.25066,-1.80208,0.34677,,,,
1191.561,2.28900,-9.94005,-2.07195,-0.33413,-2.00351,0.36272,,,,
1191.683,1.25205,-9.70500,0.04905,0.06325,0.69493,-0.03039,,,,
1191.802,-1.40400,-9.39105,0.26595,0.60335,-0.17861,0.43312,,,,
1191.924,-1.36095,-9.54195,2.00700,0.18686,0.72366,0.57255,,,,
1192.044,-2.15805,-9.02700,0.85095,-0.11357,-0.12746,0.16033,,,,
1192.164,-1.29705,-9.05595,1.06605,-0.19346,-0.42048,-0.11770,,,,
1192.286,-1.78305,-9.27195,1.57095,-0.02310,-0.06256,-0.41910,,,,
1192.406,-2.49405,-9.93000,1.24305,0.10588,0.06105,-0.45224,,,,
1192.517,-1.71300,-9.17805,-1.13595,-0.30002,-2.16219,-0.25616,,,,
1192.636,0.20595,-9.81795,-0.01005,-0.08910,-1.73924,-0.31267,,,,
1192.755,-0.92805,-9.30795,-1.61205,0.29013,-0.63456,-0.11880,,,,
1192.881,2.44695,-9.58995,2.97705,0.63209,-0.48125,-0.27101,,,,
1192.993,2.50695,-10.07895,2.49105,0.62893,0.60431,-0.06765,,,,
1193.113,0.61500,-8.61600,1.64805,0.20391,-0.06999,0.38087,,,,
1193.234,-0.78405,-9.21900,0.40995,-0.58974,-0.67609,0.30635,,,,
1193.354,6.92400,-8.26095,3.27795,0.29975,-0.92537,-0.42873,,,,
1193.478,-2.83800,-9.74595,0.30000,0.28270,1.46190,-0.36905,,,,
1193.602,2.11395,-9.54195,1.25805,-0.14561,0.86212,0.21794,,,,
1193.722,-0.41805,-10.36305,0.12495,-0.42790,0.62769,0.13585,,,,
1193.842,-1.46700,-9.45405,0.37905,0.00041,-0.14781,-0.06655,,,,
1193.962,0.08895,-9.40800,0.77895,-0.06352,-0.52704,0.11770,,,,
1194.089,0.12495,-9.36705,0.83100,-0.14231,-0.90090,0.08580,,,,
1194.208,0.07395,-9.51300,0.44100,-0.09336,-0.49074,0.10065,,,,
1194.315,0.80205,-9.33900,-0.24705,-0.12746,-0.18287,0.10711,,,,
1194.440,-0.60900,-9.32205,-0.62595,-0.14231,-0.15840,-0.00577,,,,
1194.568,1.02195,-9.26205,-0.07695,0.00894,0.20694,0.04538,,,,
1194.687,-0.36495,-9.55695,-0.19905,-0.05720,0.13021,0.04111,,,,
1194.809,0.23700,-9.10200,0.21105,-0.05390,0.11220,0.04964,,,,
1194.928,-0.17805,-9.55695,-0.60195,-0.05294,0.36891,0.04208,,,,
1195.049,0.48105,-9.49905,-0.95805,-0.05184,0.12389,0.00371,,,,
1195.179,-0.52605,-9.19005,-0.58695,0.25919,0.99743,-0.14108,,,,
1195.306,-1.16205,-9.65205,1.34100,0.04510,1.27545,-0.02819,,,,
1195.426,-0.37695,-9.82005,3.70005,0.61930,0.58616,0.02186,,,,
1195.545,0.14595,-10.39695,3.44805,2.28222,2.23850,0.00275,,,,
1195.665,-0.02295,-7.22895,2.52405,2.07130,-0.24255,0.92097,,,,
1195.798,0.75900,-6.31005,3.32100,0.87711,-0.40233,-0.13255,,,,
1195.918,-0.16905,-6.93705,5.26800,-0.12856,0.15579,-0.60775,,,,
1196.033,-1.00005,-6.39600,4.74405,-0.66646,0.42322,-0.26579,,,,
1196.153,-3.45105,-12.62595,9.71595,-0.42570,0.14836,0.10821,,,,
1196.273,0.00495,-8.31900,6.23295,-0.33522,-0.67402,-0.15606,,,,
1196.394,0.29505,-8.10600,4.77195,-0.41401,-0.31707,0.07934,,,,
1196.514,0.87600,-8.86905,3.42405,-0.63346,-0.45774,0.08690,,,,
1196.634,0.46005,-8.54595,3.22995,-0.61215,-0.46310,0.02296,,,,
1196.760,-0.81495,-9.71205,2.12400,-0.68984,-0.46516,0.07081,,,,
1196.871,-0.69600,-8.98905,1.84200,-0.82418,0.37427,0.26799,,,,
1196.991,0.72300,-9.86505,2.01405,-0.39270,0.02159,-0.04098,,,,
1197.111,-0.16605,-9.61605,0.69705,-0.04538,-0.24255,-0.05486,,,,
1197.231,0.02895,-9.47505,-0.31005,-0.02200,-0.75708,-0.13791,,,,
1197.352,0.61995,-9.07500,-0.26700,-0.19662,-1.02768,-0.24874,,,,
1197.472,0.41895,-9.10395,0.66105,-0.51727,-0.30332,-0.31694,,,,
1197.592,0.11505,-9.88200,0.69000,-0.10615,0.11963,-0.30841,,,,
1197.712,-2.56800,-9.44895,0.46005,0.86749,-0.51947,-0.56829,,,,
1197.832,-0.17400,-8.84805,1.08495,0.19113,-1.62525,-0.53845,,,,
1197.952,1.68300,-7.79895,5.14800,2.54526,-0.59414,-0.02186,,,,
1198.078,1.90095,-12.43395,1.72905,0.89622,1.29456,1.39178,,,,
1198.187,-1.05705,-7.57695,0.66405,-1.18841,-0.38101,1.22774,,,,
1198.308,-0.82500,-8.19405,6.30000,-1.28439,-1.92569,-0.46393,,,,
1198.430,-0.43500,-18.93495,-13.59705,1.07841,-0.41511,0.62480,,,,
1198.545,-2.54205,-16.04205,-6.21900,-2.95364,5.58442,-1.63460,,,,
1198.665,-2.01195,-8.83395,-0.27105,-0.30002,-1.12777,-0.54588,,,,
1198.785,-3.04200,-7.15800,2.63895,-0.43959,1.39796,-0.39036,,,,
1198.905,6.19905,-13.06200,-0.22605,2.02331,-1.64766,-0.25506,,,,
1199.025,1.69500,-8.71395,3.30495,0.92510,0.39875,-0.23485,,,,
1199.145,1.51800,-7.11900,1.20000,-0.13709,-0.94669,-0.35626,,,,
1199.266,1.09200,-8.35695,4.79595,-0.65904,-1.03510,-0.10381,,,,
1199.386,0.00705,-11.46195,-2.79495,-0.15194,-0.28517,0.50339,,,,
1199.505,0.57195,-8.87895,0.43905,-0.80383,-1.01695,0.50765,,,,
1199.637,-0.17100,-9.54000,-0.54705,-0.61641,-0.19786,0.35530,,,,
1199.757,0.32805,-9.25695,-0.21405,-0.79434,-0.06999,0.01334,,,,
1199.876,-0.15000,-9.41505,1.38705,-0.34471,0.49885,0.06985,,,,
1199.997,-1.89795,-9.37695,-0.13695,-0.17119,0.11110,-0.18796,,,,
1200.120,-2.26395,-10.88100,2.99595,0.63635,-1.15225,0.24021,,,,
1200.230,1.72200,-11.81700,-1.81995,2.38769,-0.98079,0.08786,,,,
1200.350,-1.52205,-8.40300,1.08300,0.89196,-0.49926,0.63869,,,,
1200.470,2.16195,-6.11895,0.54705,0.14850,-1.34833,0.17847,,,,
1200.590,-3.93300,-11.17695,9.50805,-1.12984,-1.90548,0.08154,,,,
1200.712,-4.00200,-5.02005,-2.65605,-0.95411,-1.79891,0.28504,,,,
1200.831,2.94300,-9.29805,4.32195,-1.06384,-1.73181,0.29246,,,,
1200.951,-0.89400,-9.70305,0.52005,-0.52484,0.00137,0.38294,,,,
1201.073,-0.09495,-9.28095,-0.04905,-0.47795,-0.73260,0.11990,,,,
1201.194,-0.84600,-9.77700,-0.46005,-0.24255,-1.18855,-0.09103,,,,
1201.316,0.10995,-10.05495,1.27695,0.38170,-1.79149,0.18164,,,,
1201.437,3.17205,-10.40895,0.93000,1.61425,-0.60266,0.16142,,,,
1201.558,1.67805,-8.53200,1.55205,0.63415,-0.00715,-0.20501,,,,
1201.680,2.66505,-8.21595,2.27295,-0.26482,-0.45141,-0.42446,,,,
1201.801,2.27205,-7.90695,5.18205,0.15799,0.70977,-0.17311,,,,
1201.921,1.29495,-8.84295,-0.78795,-0.33729,1.46616,-0.03135,,,,
1202.044,-2.96505,-9.25500,0.16305,-1.41006,1.79960,0.29783,,,,
1202.168,-0.35100,-9.08700,1.41300,-0.66330,1.11567,0.13049,,,,
1202.290,-0.64800,-9.19305,-0.37905,-0.54931,1.35424,-0.23485,,,,
1202.412,-1.92900,-10.07895,0.67305,-0.59400,1.16463,-0.27954,,,,
1202.534,-1.99995,-11.25900,1.35795,0.41374,0.57241,-0.16981,,,,
1202.656,1.88205,-14.30205,-0.98700,2.63698,0.00454,0.61091,,,,
1202.778,1.97295,-8.81700,3.53895,1.06989,1.98921,0.26373,,,,
1202.900,2.87805,-6.10905,-0.44805,-0.15084,-0.76450,-0.19539,,,,
1203.021,-2.33805,-11.65395,11.71500,-0.75488,-1.13204,0.28710,,,,
1203.145,2.30805,-4.43295,-4.47795,-0.04441,-0.29576,0.76753,,,,
1203.266,-1.88100,-8.29005,-3.19005,-0.72394,0.00564,-0.15812,,,,
1203.387,1.37895,-10.02300,0.60195,-0.74745,0.33797,0.25836,,,,
1203.509,-1.44300,-8.81700,0.84795,-0.44069,0.46159,-0.27101,,,,
1203.635,-2.69700,-10.39905,2.89995,-0.10821,0.02159,-0.30195,,,,
1203.757,-0.21900,-11.34495,1.14495,3.00767,-2.22283,0.56829,,,,
1203.878,-0.43005,-8.07000,5.68695,0.99646,1.99980,0.59716,,,,
1204.001,2.42100,-6.26700,-0.45300,0.01004,-1.66581,0.33619,,,,
1204.115,-2.46705,-11.69700,11.44005,-0.27665,-1.34516,0.29356,,,,
1204.237,1.06095,-8.83095,-0.09900,-0.02942,-0.07645,0.50765,,,,
1204.359,-0.73605,-8.54400,-0.97500,-0.81455,0.64377,-0.20185,,,,
1204.481,0.53205,-9.47805,0.83595,-1.06384,1.03249,0.37441,,,,
1204.601,-1.56000,-9.28800,0.13905,-1.05215,1.24987,-0.23169,,,,
1204.722,-0.62400,-9.83700,-0.64005,-0.84122,0.92703,-0.57255,,,,
1204.843,0.39795,-10.93095,1.99995,-0.16156,0.80781,-0.17407,,,,
1204.964,0.02400,-8.37405,4.49505,2.50594,0.74814,1.21811,,,,
1205.089,1.22805,-10.07895,-3.70005,1.56846,0.20914,-0.16885,,,,
1205.200,0.98205,-7.08105,-1.95195,0.54684,-2.27081,0.55660,,,,
1205.321,2.15700,-5.70000,1.56195,-0.71651,-0.08924,-0.91341,,,,
1205.441,-1.79700,-11.81205,6.58695,1.21261,-0.23939,1.31505,,,,
1205.551,-0.31305,-14.13900,0.68295,0.52869,-3.02830,0.27858,,,,
1205.675,-4.71495,-16.36095,-1.14495,-1.28439,0.32519,-0.51081,,,,
1205.793,2.29095,-9.94200,1.24095,-1.36318,1.30639,0.22536,,,,
1205.915,-2.10300,-8.47200,-0.33600,-0.97226,1.12310,-0.46062,,,,
1206.036,1.10595,-9.68100,-0.29805,-0.89760,0.66825,-0.61091,,,,
1206.157,0.95505,-10.94505,2.71605,-0.24571,0.04606,0.15400,,,,
1206.283,-1.32495,-9.95400,5.50695,1.58331,0.09405,1.28205,,,,
1206.404,1.71705,-11.52495,-2.09595,1.86986,1.14758,-0.29563,,,,
1206.527,0.74205,-6.76995,-0.87900,0.73109,-0.51521,0.77825,,,,
1206.648,4.11795,-3.79095,0.30705,-1.38985,-0.17339,-0.86336,,,,
1206.770,-1.76295,-6.79395,2.05500,1.08584,-2.39759,1.16600,,,,
1206.897,9.44805,-1.68405,-0.24300,-0.24778,2.81586,-0.00907,,,,
1207.015,-0.77205,-12.07500,-3.97500,-0.71225,0.24324,-0.28380,,,,
1207.137,-1.81800,-9.27600,3.34800,-1.14482,0.56485,-0.40425,,,,
1207.259,0.54405,-9.60405,-2.29395,-0.96690,0.54037,-0.47245,,,,
1207.380,-5.41200,-12.07800,0.00300,0.00577,-0.97653,-0.35626,,,,
1207.502,2.37000,-12.16905,3.04095,2.84886,1.32866,1.73264,,,,
1207.625,1.81695,-10.00395,3.75000,1.85185,0.41580,-1.59514,,,,
1207.746,1.99695,-3.58095,-1.77195,1.45131,-2.05026,0.27541,,,,
1207.868,-4.29405,-11.11305,14.30595,-1.96391,0.36891,-1.05517,,,,
1207.984,8.17905,-8.38605,-1.01805,0.37648,0.24750,-0.37441,,,,
1208.107,-1.11495,-18.26400,0.47700,-1.76688,1.75904,-1.07002,,,,
1208.233,2.72895,-9.16395,-0.26400,-1.00526,-0.90723,-0.02502,,,,
1208.353,0.83595,-7.89300,0.01500,-1.13726,1.13905,-0.32862,,,,
1208.473,-2.22300,-10.72695,3.13500,-0.38844,1.02190,-0.74085,,,,
1208.593,-1.65600,-7.89705,3.08895,1.95827,-0.28517,1.47056,,,,
1208.721,3.65805,-12.62100,-3.58695,2.02441,1.14441,-0.44467,,,,
1208.841,1.38600,-5.85795,-0.60195,0.34980,-0.86680,1.03276,,,,
1208.968,1.30995,-3.88995,3.15600,-1.46644,-0.33949,-1.27449,,,,
1209.081,2.65995,-5.51805,4.03695,1.30103,-3.18161,0.74525,,,,
1209.201,10.56300,-3.12600,0.07500,-0.87423,1.54811,0.29783,,,,
1209.317,-2.51505,-12.22095,0.05805,-1.41859,4.04827,-0.13475,,,,
1209.442,-0.87495,-9.06600,0.93195,-1.02974,1.00705,-0.46489,,,,
1209.562,0.11700,-10.33695,-0.85995,-1.85322,0.93459,-0.69286,,,,
1209.682,-4.38495,-12.96105,1.53795,-0.08057,-1.29401,0.55454,,,,
1209.802,-0.13305,-14.43600,-1.36800,2.85959,-0.74539,2.04476,,,,
1209.929,3.40500,-8.71395,0.94200,1.18814,-0.18824,1.28631,,,,
1210.050,3.41700,-1.15995,-3.71700,0.45733,-1.28549,0.01650,,,,
1210.170,-10.65300,-29.52900,18.10305,0.21134,2.98086,0.07191,,,,
1210.290,-0.93300,-8.04300,-4.04895,0.47121,2.64646,0.87615,,,,
1210.411,0.80205,-12.30795,-1.54005,-1.00306,3.43475,-0.91025,,,,
1210.532,-2.00295,-9.69495,1.89195,-1.35671,0.37001,-0.20185,,,,
1210.653,0.10800,-10.30800,-1.42305,-1.18745,0.69699,-0.76106,,,,
1210.773,-6.58995,-12.66900,0.24195,0.46159,-2.25170,0.63126,,,,
1210.893,2.45895,-19.59795,-1.44405,2.82439,-1.16614,2.48476,,,,
1211.015,-0.55005,-7.95705,-0.17295,0.70565,-1.21413,1.12448,,,,
1211.137,4.80300,-0.53295,-3.05100,-0.37785,-0.83696,0.06655,,,,
1211.258,-9.01095,-14.67495,11.67000,0.46805,-1.59761,0.70689,,,,
1211.378,8.70795,-8.24505,1.89405,1.01984,2.73377,0.76436,,,,
1211.498,-0.01800,-12.73395,-3.81000,-0.53969,1.18910,-0.53529,,,,
1211.625,0.59100,-8.43405,0.37395,-1.04789,-1.13520,-0.06119,,,,
1211.749,0.22500,-10.57200,8.95695,-1.84250,0.93239,-0.96346,,,,
1211.861,-3.26895,-12.89595,4.09695,0.70881,0.11852,0.76326,,,,
1211.982,2.18595,-18.48900,-1.44000,2.28319,-2.13235,2.03198,,,,
1212.104,0.35895,-7.78695,1.00395,0.46695,-2.26023,1.46107,,,,
1212.219,4.10895,-2.02005,-1.30305,-0.75804,-0.59304,-0.11454,,,,
1212.339,-5.56995,-12.66405,9.81195,0.36039,-1.93737,0.96882,,,,
1212.459,9.25800,-2.13900,1.19505,0.01210,1.79314,0.28174,,,,
1212.580,-3.06300,-11.62500,-0.90105,-2.03431,1.01227,-0.35104,,,,
1212.709,-0.02295,-8.32605,-0.68100,-0.95521,-1.33444,-0.58534,,,,
1212.844,0.01695,-10.92405,9.60600,-2.03005,0.94737,-0.80685,,,,
1212.957,-2.24505,-8.43105,4.72200,1.66430,0.67361,0.98588,,,,
1213.078,3.55305,-15.52500,-2.86695,2.19381,-1.26307,0.67059,,,,
1213.200,-0.05895,-7.09095,-1.57605,0.46269,-3.08151,1.52281,,,,
1213.321,4.68600,-3.64800,0.78405,-1.44086,-0.30539,-0.85057,,,,
1213.442,2.38500,-9.23100,4.62105,0.43505,-2.39442,0.25204,,,,
1213.562,11.89395,-7.25100,-8.31300,-1.72219,-1.62415,-0.87299,,,,
1213.683,-7.09800,-9.44595,4.77705,-2.60631,3.58916,-1.21591,,,,
1213.810,0.47895,-8.02905,-0.87195,-0.87739,-0.69217,-0.27321,,,,
1213.930,-1.75905,-10.97205,6.27105,0.34760,1.62277,-1.15844,,,,
1214.052,-1.97205,-9.01305,4.97595,2.62735,0.37854,1.47592,,,,
1214.173,5.55705,-12.48705,0.14895,2.27260,1.22746,-0.50325,,,,
1214.295,1.24500,-4.62495,-1.54305,1.30859,-2.20797,0.89224,,,,
1214.415,1.69305,-6.74805,7.00605,-2.06085,-0.04331,-1.15638,,,,
1214.536,1.46805,-13.37505,-3.15900,0.65876,0.12705,0.11454,,,,
1214.657,1.39800,-14.11305,-3.21900,-1.83508,2.43980,-1.70706,,,,
1214.772,-0.55005,-7.62705,0.60600,-0.73246,0.09941,-0.30305,,,,
1214.893,-0.03705,-8.59695,-0.55605,-1.19804,0.93775,-0.65134,,,,
1215.014,-3.78705,-10.09995,0.29805,0.39985,-0.02310,-0.63222,,,,
1215.134,0.71595,-9.67905,3.49095,2.80954,0.71197,1.57712,,,,
1215.254,4.19505,-11.05095,-2.40900,1.74845,0.28683,-0.30305,,,,
1215.375,1.40100,-5.83605,-2.00205,0.34444,-2.30381,1.05517,,,,
1215.497,3.28995,-7.21305,3.70695,-1.72851,-0.01884,-1.18938,,,,
1215.618,3.16305,-8.87895,2.23200,0.63099,-0.84342,0.19443,,,,
1215.734,2.63100,-9.95595,-6.08205,-1.54536,0.54780,-1.44292,,,,
1215.855,-1.31805,-9.39600,2.69205,-2.02469,0.40617,-0.22000,,,,
1215.980,1.14900,-8.31600,1.53795,-1.41432,0.01526,-0.86542,,,,
1216.101,-0.33405,-10.79700,2.28000,-0.84755,0.16335,-0.39889,,,,
1216.223,-1.53600,-12.12600,4.61895,1.83164,-0.17861,1.26720,,,,
1216.343,4.87005,-13.50900,-5.24595,2.26614,-0.86254,1.36304,,,,
1216.467,1.13505,-6.49905,-1.86600,0.33055,-2.72470,1.40772,,,,
1216.588,3.15300,-4.36800,0.68295,-1.67846,-1.02657,-1.09244,,,,
1216.709,4.74105,-8.71605,1.31505,0.25822,-1.78503,1.20216,,,,
1216.821,8.70300,-5.78295,-2.82795,-1.08199,-1.53478,-0.39353,,,,
1216.948,-2.29305,-10.08600,0.08205,-2.44654,-0.12540,0.09432,,,,
1217.066,0.33495,-8.09895,0.43200,-0.89224,2.57716,0.05596,,,,
1217.188,-0.70005,-10.83000,-0.58500,-1.51552,-0.18934,-0.52786,,,,
1217.311,-3.31995,-10.91895,1.23795,0.46379,-0.03589,0.31488,,,,
1217.434,0.33795,-15.65700,-4.47600,2.97674,-0.80396,1.00622,,,,
1217.554,1.39095,-7.59300,8.46900,0.47974,1.18167,1.79768,,,,
1217.683,2.91600,-4.34700,-2.06505,-0.92537,-0.62604,-0.60349,,,,
1217.807,-0.47295,-9.05595,9.35505,1.07841,-3.83996,1.95113,,,,
1217.921,6.10095,-7.10505,-1.25505,1.29044,1.46286,0.15826,,,,
1218.033,-2.92005,-10.43295,-1.90395,-0.91259,2.46854,-0.30621,,,,
1218.143,-2.13705,-8.10795,0.42405,-1.37912,0.72366,-0.21354,,,,
1218.251,1.40505,-9.25995,0.20700,-0.81565,-0.39490,-0.11454,,,,
1218.381,-2.88195,-11.95800,-0.20700,-1.22678,1.82724,1.18305,,,,
1218.512,0.82095,-12.66705,-3.06795,2.34932,1.40332,0.93376,,,,
1218.634,2.77995,-8.64900,0.41505,1.76550,-1.52515,0.14327,,,,
1218.748,0.98895,-6.96795,0.65895,-0.02310,-1.32481,0.90819,,,,
1218.872,-0.49005,-10.69395,10.55895,-0.55137,-0.25107,0.76326,,,,
1219.022,0.41895,-7.93800,0.08895,-1.17782,-0.85938,0.65038,,,,
1219.148,-4.60305,-10.01400,2.33700,-1.98853,1.06342,-0.21464,,,,
1219.271,-4.78995,-8.34495,3.07200,-0.60046,1.09546,-0.04634,,,,
1219.394,-8.56305,-8.17500,-1.89900,-1.44196,0.43918,0.06229,,,,
1219.516,-5.60895,-10.10700,1.44000,-0.56953,0.29961,0.55454,,,,
1219.635,-5.83605,-11.61600,-2.93100,1.32027,-2.58404,-0.82294,,,,
1219.777,-8.22795,-7.72305,5.09805,3.85880,-2.42110,-0.31474,,,,
1219.900,-0.52605,-6.10200,1.24995,4.43300,-2.01204,0.34677,,,,
1220.051,3.06195,-2.69505,7.24995,1.24987,-1.46341,0.38294,,,,
1220.165,1.91295,-0.36795,10.80600,1.86560,-0.63346,0.00907,,,,
1220.311,1.51305,0.70395,8.96895,0.83655,-0.03699,-0.62370,,,,
1220.454,1.38900,3.37395,6.49395,0.68956,0.92386,-0.93582,,,,
1220.579,-0.91095,3.35895,13.05105,-1.30556,-1.02231,-1.52804,,,,
1220.698,2.32995,2.93505,11.41395,0.37648,-0.01568,-0.63112,,,,
1220.832,1.78605,2.12895,9.71400,0.14946,0.86102,-0.08992,,,,
1220.953,0.31905,2.90205,6.37605,-0.18920,0.39022,-0.51824,,,,
1221.074,1.13700,3.33300,10.33905,-0.22866,-0.05720,-0.31694,,,,
1221.195,0.61095,3.14805,13.05405,-0.29150,-1.18539,-0.03135,,,,
1221.317,-1.39500,3.69705,9.00495,-0.44385,-0.02420,0.50875,,,,
1221.464,0.16305,2.55495,7.30500,0.81001,0.10148,0.79626,,,,
1221.586,0.36600,2.82495,7.87995,0.10477,0.12705,0.20721,,,,
1221.737,2.90205,2.34600,14.03100,-1.25978,-0.67402,-0.71954,,,,
1221.875,2.58300,3.04995,7.21005,0.46379,0.41470,-0.28806,,,,
1222.012,0.11295,3.60300,7.10895,0.14946,0.23677,-0.42873,,,,
1222.134,0.31395,4.67400,10.02795,0.17077,-0.08704,-0.23485,,,,
1222.256,0.60300,4.19505,11.15805,-0.31488,-0.38211,-0.26249,,,,
1222.411,1.11795,2.80605,9.48900,0.31254,-0.69644,0.45444,,,,
1222.570,1.52805,3.49095,6.67095,1.22018,0.21546,0.24021,,,,
1222.693,2.43300,5.63805,7.67400,0.11646,-0.41938,-0.15070,,,,
1222.849,3.41895,4.61100,11.29605,0.16981,-0.03809,-0.76216,,,,
1222.972,1.78905,4.13205,6.65895,0.30718,-0.31501,-0.75680,,,,
1223.114,2.47095,5.55195,6.22800,0.53405,-0.38638,-0.29879,,,,
1223.236,2.15505,6.18000,8.69595,0.09941,-0.13172,-0.25932,,,,
1223.384,1.78095,5.73195,8.97600,-0.19772,0.26455,0.20611,,,,
1223.505,1.65405,4.73595,7.67400,-0.07315,0.34760,0.34994,,,,
1223.621,1.59900,5.29605,5.71305,0.35723,-0.03052,0.21147,,,,
1223.775,3.96300,5.66700,9.44805,-0.11784,0.03548,0.05280,,,,
1223.897,3.79305,4.93695,9.22800,-0.52910,0.20378,-0.23801,,,,
1224.047,1.91295,4.87695,6.56100,0.35090,0.02049,-0.57035,,,,
1224.169,1.54005,5.75595,7.25295,-0.13599,-0.37359,-0.35310,,,,
1224.296,2.19795,6.75405,7.88505,0.57351,-0.43959,-0.18164,,,,
1224.418,2.15700,5.28405,9.09405,0.28380,-0.00495,0.03465,,,,
1224.544,2.37795,4.81005,7.17405,0.23787,-0.09763,0.19759,,,,
1224.656,2.68905,5.71005,5.63700,0.09419,0.10148,-0.12403,,,,
1224.777,2.49000,5.73900,8.86395,-0.28297,-0.11041,-0.08470,,,,
1224.901,3.49995,5.46405,9.27795,-0.55674,-0.26606,-0.19539,,,,
1225.020,3.07200,5.02800,7.57095,-0.38954,-0.41305,-0.57791,,,,
1225.144,1.54005,5.05395,6.06495,0.14630,-0.03162,-0.66632,,,,
1225.271,1.76505,5.91900,9.36900,-0.19236,-0.05610,-0.33289,,,,
1225.392,2.01105,6.41895,8.66295,0.17834,-0.14988,-0.21037,,,,
1225.513,0.29205,5.47800,9.03900,0.25286,-0.23403,0.33825,,,,
1225.639,2.32695,4.56105,8.36805,0.02599,0.40411,0.32766,,,,
1225.761,1.37895,5.18400,6.42705,0.30827,0.26125,-0.01650,,,,
1225.882,1.35795,5.44695,7.99500,-0.25850,0.00027,-0.20611,,,,
1226.004,2.31105,5.39895,10.00800,-0.62700,-0.13502,-0.40961,,,,
1226.125,2.41800,4.44795,7.84200,-0.19883,-0.48441,-0.49582,,,,
1226.246,0.47205,4.51605,7.50405,-0.38624,-0.22660,-0.48194,,,,
1226.367,0.34995,4.79295,8.36100,-0.15304,-0.12320,-0.42336,,,,
1226.489,0.45705,5.23905,10.20705,0.28380,-0.03589,0.05802,,,,
1226.609,-1.19805,3.85005,10.75095,-0.26056,0.60541,0.36809,,,,
1226.752,1.52295,4.01295,10.97595,-0.10505,-0.43216,0.81661,,,,
1226.865,1.51605,3.97695,6.92700,0.54478,0.10574,0.17847,,,,
1226.978,1.35495,3.69195,7.42995,0.10697,0.02379,-0.24764,,,,
1227.101,2.53800,4.60695,8.47395,-0.20199,0.53075,-0.35846,,,,
1227.226,2.38500,4.08000,8.67705,0.17930,-0.27349,-0.08566,,,,
1227.349,0.83295,3.55800,8.25105,-0.31488,0.12705,-0.57998,,,,
1227.471,0.83100,4.10895,8.83005,-0.48647,-0.08594,-0.23169,,,,
1227.594,1.89405,4.41495,10.37205,0.30401,0.11963,0.22316,,,,
1227.717,0.65100,3.21105,10.43700,-0.22440,0.52442,-0.00261,,,,
1227.848,1.13295,3.54105,8.59800,0.14630,-0.27555,0.45856,,,,
1227.961,1.47000,2.50905,10.66905,0.00674,-0.15730,0.24778,,,,
1228.085,1.24005,2.93805,8.24100,-0.03369,0.02379,0.04744,,,,
1228.207,2.12100,3.19905,10.33605,-0.27129,0.08772,-0.05802,,,,
1228.330,2.39895,4.23300,8.76300,-0.18384,0.12169,-0.08786,,,,
1228.452,2.25105,3.48600,10.30995,-0.06146,-0.12224,0.06022,,,,
1228.570,1.95105,3.77100,8.14800,0.23581,-0.01568,-0.07934,,,,
1228.693,1.26195,3.78495,8.88105,-0.18178,0.11646,-0.39999,,,,
1228.815,1.71195,4.09200,8.91900,-0.07631,-0.09666,-0.34677,,,,
1228.945,1.17600,3.96195,8.75400,-0.04648,-0.04125,-0.45966,,,,
1229.067,0.79695,3.77295,9.33600,-0.03685,-0.06792,-0.30841,,,,
1229.190,0.53400,3.76605,9.39795,-0.02516,0.00137,-0.18164,,,,
1229.313,0.29700,3.83805,9.28500,0.01210,0.18892,-0.09212,,,,
1229.435,0.34005,4.21905,9.35505,0.00577,0.21230,0.05802,,,,
1229.558,0.27300,4.38405,9.00300,0.17298,0.11316,0.15716,,,,
1229.682,0.18900,4.27095,9.09105,0.16981,0.09515,0.21794,,,,
1229.799,0.14895,4.40100,8.72700,0.11220,0.08016,0.31157,,,,
1229.921,0.19605,4.52505,8.94105,0.09625,0.17504,0.33193,,,,
1230.058,0.22995,4.66905,8.81100,0.06861,0.25383,0.30209,,,,
1230.174,0.27495,4.65195,8.80905,0.10697,0.22399,0.23925,,,,
1230.297,0.74505,5.18400,8.68905,0.07288,-0.06792,0.08044,,,,
1230.428,0.15600,4.67805,8.61495,0.14204,0.04400,-0.08250,,,,
1230.552,0.07200,4.57500,8.83500,0.08663,0.06421,0.00591,,,,
1230.681,0.03795,4.84395,7.47795,-0.06352,0.09625,0.03465,,,,
1230.800,-0.18795,4.79595,8.06700,-0.25424,0.04826,0.48318,,,,
1230.920,0.52695,4.82400,8.42805,-0.29576,-0.22124,0.79530,,,,
1231.042,0.93900,5.32500,8.36595,-0.24145,-0.01457,0.63332,,,,
1231.166,-0.08700,4.40805,9.14595,-0.69630,0.41786,0.48840,,,,
1231.279,0.07905,4.45095,9.94605,-0.07741,0.11646,1.07855,,,,
1231.399,7.31700,4.59195,14.54295,0.52346,0.48496,0.83366,,,,
1231.520,2.66700,4.53000,9.32400,0.63525,1.33609,0.24984,,,,
1231.641,0.00495,3.76905,7.84395,0.43395,0.55853,0.37345,,,,
1231.762,0.41895,4.65705,8.74905,0.03768,-0.23513,0.50449,,,,
1231.882,0.48105,4.07505,8.09805,0.19539,0.32313,-0.03355,,,,
1232.004,-0.11895,4.81695,7.69605,-0.52580,-0.43436,-0.32862,,,,
1232.125,0.08400,4.42695,12.27300,-0.26276,0.12925,-0.34884,,,,
1232.267,0.32805,4.88700,8.76300,0.00784,-0.14451,-0.62150,,,,
1232.392,0.95295,4.15605,9.30495,0.16651,-0.46200,-0.50325,,,,
1232.513,0.60600,3.52905,8.31795,0.19745,-0.24571,-0.68338,,,,
1232.634,0.58395,3.71100,7.98495,-0.17971,-0.23086,-0.87725,,,,
1232.762,-0.07800,4.45800,8.62500,-0.50669,-0.43863,-0.66729,,,,
1232.883,-0.25995,4.69005,9.78600,-0.42144,-0.39064,-0.43615,,,,
1233.005,0.16305,4.81995,9.56805,0.01746,-0.06146,-0.14754,,,,
1233.126,0.29205,4.88700,9.78300,0.39449,0.09625,-0.32546,,,,
1233.243,-0.79605,3.96705,10.05105,0.16555,0.45416,-0.35516,,,,
1233.365,-0.33405,4.30695,7.96605,0.42116,0.15689,0.06022,,,,
1233.476,-0.36300,4.00995,8.26500,0.00674,0.22935,0.00907,,,,
1233.596,-0.85800,4.02000,8.12400,-0.03052,0.12499,0.06655,,,,
1233.721,-1.39695,4.56105,9.24900,0.03878,-0.22124,0.30731,,,,
1233.842,-0.53805,4.28100,9.01695,-0.04868,0.22083,-0.14534,,,,
1233.964,-1.06395,4.43400,8.62695,0.39449,-0.39696,-1.10839,,,,
1234.086,-0.82305,5.75100,8.92605,-0.51205,-0.04551,-0.04098,,,,
1234.212,-1.72500,4.75305,10.16400,0.13351,-0.13929,-0.52360,,,,
1234.333,-0.76005,5.17395,8.65305,0.62246,-0.40343,-0.27527,,,,
1234.456,-0.47295,4.63005,8.99100,-0.20515,-0.05830,-0.54381,,,,
1234.568,-0.44400,4.62600,8.65800,0.13571,-0.18507,-0.43189,,,,
1234.679,-0.09900,4.66200,9.07200,0.00894,-0.32037,-0.61628,,,,
1234.789,-0.87495,4.60905,7.94700,0.06861,-0.32134,-0.75900,,,,
1234.911,-1.66500,4.74795,8.89500,-0.13283,-0.47369,-0.48194,,,,
1235.025,-1.71300,4.69695,8.77995,-0.02516,-0.38747,0.11344,,,,
1235.150,-1.41105,4.70895,8.75100,0.00577,-0.01141,0.44591,,,,
1235.284,-0.89700,4.42905,8.95500,-0.09116,0.12705,0.73879,,,,
1235.396,-0.47505,3.71295,9.15795,-0.19236,0.25699,0.86873,,,,
1235.518,-0.71505,3.55305,8.53800,0.00151,0.33055,1.02850,,,,
1235.674,-0.80805,2.92605,10.07805,-0.17435,0.30071,1.21179,,,,
1235.796,0.11505,3.29700,9.39495,0.02695,0.41470,1.27999,,,,
1235.952,-0.31995,3.07395,8.58105,-0.15840,0.49033,1.25867,,,,
1236.097,1.06995,3.29700,10.17600,0.06957,0.11963,1.33966,,,,
1236.220,2.67705,3.71805,9.49800,0.15593,0.23471,0.74305,,,,
1236.342,2.49195,3.28305,8.63895,0.34128,0.16967,0.06339,,,,
1236.486,1.44105,3.53400,8.43795,-0.12100,-0.12856,-0.21464,,,,
1236.615,0.96495,3.75405,9.21105,-0.18494,-0.32037,-0.28600,,,,
1236.775,0.76095,3.51000,9.52695,-0.16046,-0.16156,-0.31900,,,,
1236.921,1.27095,3.47595,9.47700,-0.05720,-0.13393,-0.27005,,,,
1237.042,0.81405,3.25395,9.10605,-0.06036,-0.18397,-0.36369,,,,
1237.164,0.23700,3.25605,8.54100,-0.12320,-0.19250,-0.12403,,,,
1237.316,0.70395,3.02205,10.38900,-0.08264,-0.08071,0.19662,,,,
1237.439,1.26900,2.91600,10.10205,0.14520,0.06531,0.35640,,,,
1237.590,1.29795,2.97795,8.62695,0.16445,0.35392,0.19979,,,,
1237.712,0.95805,2.64105,10.30305,-0.10299,0.17820,0.23169,,,,
1237.836,1.46100,3.01395,9.00795,0.07384,0.18466,0.32120,,,,
1237.959,1.71195,3.27795,8.86395,0.13351,0.06957,0.03891,,,,
1238.135,1.00095,3.07905,9.13500,0.13241,0.02475,-0.04414,,,,
1238.260,0.97200,3.15105,9.24900,-0.12746,-0.11371,-0.14437,,,,
1238.385,1.07700,2.99505,9.69195,-0.05390,-0.05830,-0.11454,,,,
1238.503,1.18305,3.17205,9.13200,-0.01347,-0.03809,-0.11028,,,,
1238.619,1.25205,3.02595,9.36195,-0.07315,-0.08814,-0.19965,,,,
1238.742,0.70395,3.16800,9.00000,-0.12320,-0.12856,-0.24021,,,,
1238.889,0.47400,2.96205,9.94395,0.06325,-0.03699,0.05486,,,,
1239.011,1.23300,3.12000,9.79305,0.14424,0.05362,0.16033,,,,
1239.160,1.55895,3.18195,8.80695,0.18576,0.04290,-0.04098,,,,
1239.282,1.61400,3.12495,8.85405,-0.02310,-0.09983,-0.20391,,,,
1239.430,1.87995,3.19200,9.16605,-0.07315,-0.16156,-0.46915,,,,
1239.551,1.79100,2.83995,9.39795,-0.19772,-0.16582,-0.73233,,,,
1239.672,1.37700,3.03105,8.72505,-0.32450,-0.19456,-0.76106,,,,
1239.819,0.90495,3.47895,9.52995,-0.31707,-0.20102,-0.36699,,,,
1239.942,1.26900,3.27300,10.52595,-0.02310,-0.18714,-0.29136,,,,
1240.088,1.64505,3.17700,9.67605,0.42226,0.20487,-0.41910,,,,
1240.209,1.26195,2.95005,9.39300,0.36685,0.53075,-0.44261,,,,
1240.332,0.04995,3.25095,8.54595,0.38074,0.60115,-0.19222,,,,
1240.482,-0.11100,3.38100,8.70795,0.04826,0.00784,-0.22633,,,,
1240.638,-0.95205,3.85995,9.27105,0.11756,-0.21587,-0.14534,,,,
1240.758,-0.96105,3.57705,9.28305,-0.08594,-0.23622,-0.26895,,,,
1240.907,-0.56205,4.30200,8.61705,0.01952,-0.10519,-0.32010,,,,
1241.029,-0.47805,3.82095,9.72795,-0.04221,0.30924,-0.08470,,,,
1241.182,0.21300,3.73005,9.32805,-0.04868,-0.06792,-0.08676,,,,
1241.305,0.01200,4.19205,8.70795,0.28050,-0.30759,0.05280,,,,
1241.426,0.05805,4.43400,8.87805,-0.15730,-0.06366,-0.00055,,,,
1241.549,0.39495,4.30200,9.15405,-0.09652,-0.07741,0.12622,,,,
1241.699,0.57495,4.34295,9.01005,0.04936,-0.32244,0.14011,,,,
1241.817,0.83100,4.40505,8.86200,0.22193,-0.34169,0.25204,,,,
1241.940,1.77900,4.36905,8.88300,-0.06242,-0.48125,0.32010,,,,
1242.097,2.39700,4.15605,8.77305,-0.00701,-0.14025,0.21367,,,,
1242.247,2.30805,4.20705,8.55300,0.04730,0.18989,0.32546,,,,
1242.369,2.25495,4.16100,8.80200,-0.00495,0.14300,0.34567,,,,
1242.491,2.32200,4.17795,8.78295,0.02269,0.05885,0.29783,,,,
1242.641,2.36595,4.10895,8.75595,0.11756,0.07590,0.23705,,,,
1242.763,2.31105,4.05795,8.83800,0.13571,0.13874,0.20405,,,,
1242.915,2.29395,4.25700,8.72295,0.04304,0.10684,0.20295,,,,
1243.037,2.18100,4.32600,8.70405,0.07810,0.09295,0.18164,,,,
1243.159,2.23095,4.25895,8.68200,0.02915,0.10148,0.13379,,,,
1243.313,2.08800,4.31400,8.68395,-0.01980,0.06848,0.10711,,,,
1243.434,1.79595,4.31700,8.70600,0.10588,0.10684,0.09543,,,,
1243.556,1.22805,4.12800,8.81805,-0.01457,0.21230,0.22852,,,,
1243.679,1.63095,4.48200,9.15795,0.03658,0.18466,0.47465,,,,
1243.825,1.77900,4.28295,8.74200,0.27844,0.35819,0.42886,,,,
1243.962,1.97100,4.33095,8.56695,0.19209,0.31886,0.36919,,,,
1244.110,1.88700,4.51095,8.50995,0.05362,0.18136,0.29246,,,,
1244.231,1.64505,4.48395,8.78505,0.03231,0.17710,0.22852,,,,
1244.353,1.95900,4.50795,9.15795,0.08456,0.14300,0.23499,,,,
1244.511,1.16595,4.89405,8.04495,0.09941,0.15909,0.23925,,,,
1244.633,1.32600,4.72605,8.72700,-0.01031,0.18356,0.29673,,,,
1244.755,1.52805,4.57800,8.69895,-0.02406,0.09295,0.15826,,,,
1244.906,1.30500,4.67100,8.51205,0.02805,0.15262,0.09639,,,,
1245.028,1.12995,4.58505,8.91900,-0.04015,0.11536,0.11454,,,,
1245.182,0.90495,4.73805,8.48595,-0.00701,0.25176,0.24447,,,,
1245.305,0.68700,4.56300,9.30900,-0.09336,0.35296,0.47465,,,,
1245.459,1.11600,4.58505,9.03405,-0.00179,-0.07741,0.19016,,,,
1245.569,1.42695,4.73805,8.68005,0.09941,0.05885,0.17105,,,,
1245.687,1.60905,4.71405,8.63700,0.06215,-0.21065,-0.01540,,,,
1245.803,1.11105,4.59195,8.38305,-0.04868,-0.19250,-0.02612,,,,
1245.926,1.20195,4.76505,8.47905,0.04620,0.02379,-0.04524,,,,
1246.041,1.11105,4.76895,9.14595,0.01100,0.04290,0.02502,,,,
1246.155,1.19505,4.69695,8.71605,-0.01127,0.04826,-0.01004,,,,
1246.278,1.06605,4.66200,8.63895,-0.02942,-0.01141,-0.04098,,,,
1246.386,1.17105,4.84395,8.49300,-0.01884,0.01100,-0.08140,,,,
1246.498,1.02000,4.72605,8.94795,0.18466,-0.27129,0.01334,,,,
1246.639,1.45800,4.75995,8.97900,0.08883,-0.00069,-0.07397,,,,
1246.764,1.19205,5.05905,8.39505,0.10794,-0.02736,-0.05376,,,,
1246.880,1.19700,4.99695,8.52405,0.00894,-0.03905,-0.06435,,,,
1247.004,1.16400,4.98495,8.64600,-0.01774,0.01622,-0.06861,,,,
1247.136,1.03695,4.99005,8.54595,-0.03589,-0.04125,-0.02282,,,,
1247.255,1.10400,4.95405,8.43300,-0.07521,-0.00921,0.00701,,,,
1247.389,1.32405,4.92495,8.39895,-0.23925,-0.01568,-0.06435,,,,
1247.497,1.31700,4.38900,8.81595,-0.61531,0.48606,-0.34774,,,,
1247.612,1.25700,4.25700,8.98095,-0.23499,-0.45774,-0.56829,,,,
1247.727,0.69405,4.04100,9.87900,0.09199,-0.51315,-0.39573,,,,
1247.849,1.53705,3.84000,9.09405,-0.00701,-0.52910,-0.71954,,,,
1247.962,1.24995,4.04100,8.54595,-0.06889,-0.21381,-0.68117,,,,
1248.071,1.29795,3.73500,9.20595,-0.27871,-0.16803,-0.78127,,,,
1248.193,0.86895,3.91200,9.55800,0.25919,-0.35021,-0.70042,,,,
1248.314,1.03200,3.93900,8.46405,0.08456,-0.05404,-0.39573,,,,
1248.459,1.32405,4.22805,8.91705,0.09089,-0.14451,-0.17834,,,,
1248.585,1.31895,4.39305,8.80395,-0.07741,-0.17339,-0.19332,,,,
1248.707,1.21395,4.35000,8.80695,0.05679,-0.00069,-0.06765,,,,
1248.830,1.30695,4.34295,8.58600,0.03658,-0.03589,-0.01540,,,,
1248.992,1.92705,4.21905,8.72295,-0.06999,-0.06999,-0.06229,,,,
1249.104,1.24695,4.03395,8.50005,-0.26812,-0.03162,-0.18480,,,,
1249.227,1.37205,4.05300,8.92395,0.04194,0.10794,0.10491,,,,
1249.349,1.22100,3.95100,9.24000,-0.17641,0.00564,-0.02709,,,,
1249.502,1.57500,3.80400,9.49095,-0.08800,-0.00825,-0.04950,,,,
1249.631,1.49895,3.79995,8.81400,-0.02832,-0.08388,-0.07397,,,,
1249.774,0.99105,3.55800,9.10800,-0.01980,0.03231,-0.07508,,,,
1249.918,1.30005,3.63705,9.22500,-0.04758,0.06531,-0.00261,,,,
1250.041,1.26405,3.78300,9.03900,-0.02626,0.02695,-0.03135,,,,
1250.210,1.23795,3.55500,9.50295,0.05582,-0.16156,0.13585,,,,
1250.336,1.95105,3.58695,8.88300,0.11014,-0.26923,0.08044,,,,
1250.471,2.63400,3.40500,8.52900,-0.02200,-0.19786,-0.42556,,,,
1250.605,2.28900,3.53595,8.14095,-0.42886,-0.17229,-0.61834,,,,
1250.719,0.81405,3.25395,9.46500,-0.52800,-0.26923,-0.19965,,,,
1250.841,1.37700,3.23895,10.66005,0.08030,-0.14988,0.39050,,,,
1250.962,2.15700,2.88705,10.00605,0.31790,0.22509,0.51081,,,,
1251.107,2.06595,2.75295,8.71800,0.20391,0.31240,0.52360,,,,
1251.244,2.61000,2.85195,9.01500,0.12925,0.38280,0.40109,,,,
1251.391,2.40105,3.24405,8.65305,0.01004,0.17504,0.26895,,,,
1251.514,1.86000,3.18000,9.53700,-0.13379,0.04084,0.13805,,,,
1251.663,1.51095,2.98095,9.56805,-0.06669,-0.00289,0.24131,,,,
1251.782,0.85200,2.85600,9.81705,-0.05610,0.11316,0.48744,,,,
1251.925,2.50200,2.80395,10.72905,0.39353,0.05885,0.69300,,,,
1252.046,2.59800,2.81295,8.16495,0.62466,0.24324,0.24351,,,,
1252.169,1.65900,3.51495,8.44695,-0.03052,0.01306,0.19332,,,,
1252.287,1.56795,4.28595,9.62100,0.07920,0.07384,-0.01334,,,,
1252.408,1.60200,4.04400,10.70505,0.25712,0.13131,-0.19113,,,,
1252.530,1.58295,3.92895,8.10300,0.51384,-0.04015,-0.25822,,,,
1252.652,1.14705,4.35795,7.78200,0.13241,0.06105,-0.16981,,,,
1252.796,0.75705,4.67805,8.04300,0.05472,-0.07741,-0.19443,,,,
1252.918,0.91005,4.87905,8.50500,-0.04964,-0.13502,-0.21890,,,,
1253.039,0.79500,5.03295,8.71995,-0.15414,-0.14988,-0.19016,,,,
1253.194,0.24405,4.92000,9.10605,0.17930,0.10148,0.09859,,,,
1253.317,0.24000,4.81200,8.78295,0.09309,0.23787,0.32546,,,,
1253.470,0.57900,4.74300,8.25795,0.18150,0.22509,0.61311,,,,
1253.593,0.85995,4.87500,8.61000,0.03121,0.19635,0.55344,,,,
1253.742,1.90605,4.98000,8.38995,0.31790,0.21436,0.62164,,,,
1253.869,1.76205,5.04000,8.22705,-0.00701,0.20171,0.42240,,,,
1254.022,1.84095,5.22195,8.28900,0.07604,0.11646,0.22316,,,,
1254.145,1.54695,5.20500,8.14095,-0.01237,0.11110,0.19016,,,,
1254.296,1.66395,5.29095,8.24895,-0.02832,0.09089,0.06022,,,,
1254.419,1.27095,5.21505,8.26500,-0.03589,0.06421,0.04964,,,,
1254.563,1.34595,5.20005,8.53395,0.01210,0.05142,0.04428,,,,
1254.685,1.67100,5.15505,8.30400,0.02805,0.07384,0.04318,,,,
1254.828,1.17105,4.75305,7.81095,-0.17325,-0.04235,-0.02819,,,,
1254.953,0.85200,4.85805,9.30195,-0.44165,0.07384,0.11564,,,,
1255.105,0.95805,4.72095,9.55095,0.13241,0.07920,0.20941,,,,
1255.250,1.66605,4.64205,7.88205,0.25919,-0.09336,0.26895,,,,
1255.373,2.08095,4.78095,8.82300,0.07494,-0.12430,0.14864,,,,
1255.522,1.67805,4.95105,8.59305,-0.09872,0.05032,-0.01650,,,,
1255.670,1.64700,5.00400,8.45505,-0.02090,-0.00179,-0.02612,,,,
1255.793,1.42695,4.93905,8.45895,0.00357,-0.04331,-0.03671,,,,
1255.950,1.42500,4.88400,8.55495,-0.00701,-0.02956,-0.06229,,,,
1256.072,1.51995,4.94400,8.54805,0.00894,0.04290,-0.00577,,,,
1256.194,1.48695,4.89600,8.49495,-0.00701,-0.00289,-0.03039,,,,
1256.339,1.38405,4.84605,8.43105,-0.02516,-0.04125,-0.07824,,,,
1256.462,1.71900,4.80300,9.02700,-0.03162,-0.04661,-0.04414,,,,
1256.618,1.10400,4.73805,8.70600,-0.13062,-0.01347,0.00797,,,,
1256.750,1.44600,4.85805,8.55795,-0.11577,-0.15207,0.15826,,,,
1256.887,1.62600,4.59495,8.65800,0.08030,0.28586,-0.09419,,,,
1257.010,1.42695,4.58505,8.56200,0.26455,0.23045,0.05170,,,,
1257.167,1.02705,4.84800,8.49495,-0.12210,0.13668,0.07837,,,,
1257.291,0.78495,4.95105,8.77500,0.04510,0.09405,0.12100,,,,
1257.431,0.89100,4.79100,8.71995,-0.07205,0.05995,0.11564,,,,
1257.556,1.03395,4.93905,8.82600,-0.06572,0.25602,0.12622,,,,
1257.703,0.11505,4.46295,8.87805,0.12609,0.49569,0.24557,,,,
1257.836,-0.48000,4.65195,8.36595,0.14850,-0.12966,0.23279,,,,
1257.956,0.61800,4.91295,8.77800,0.09309,-0.16803,0.21464,,,,
1258.066,1.27605,5.14995,8.01405,-0.00605,0.05679,0.07301,,,,
1258.181,0.62295,5.04495,8.74905,-0.02942,-0.14245,0.05376,,,,
1258.292,1.00305,5.23905,8.10495,-0.19346,-0.31501,-0.15180,,,,
1258.401,0.99600,4.77405,8.85405,-0.12636,-0.25960,-0.10175,,,,
1258.515,0.49995,4.73595,8.87100,-0.20735,-0.00495,-0.20721,,,,
1258.633,0.79005,4.35795,9.02700,-0.12100,-0.06036,-0.01004,,,,
1258.744,1.10895,3.86400,8.37105,0.18686,0.03658,0.10175,,,,
1258.868,1.94700,3.65595,7.52100,-0.24778,-0.17971,0.30951,,,,
1259.001,2.81595,3.59595,8.61705,-0.86996,-0.57599,-0.08470,,,,
1259.115,2.81595,3.19395,10.20705,-0.70482,-0.61009,-0.49376,,,,
1259.239,2.56905,2.79195,11.62905,-0.36080,-0.43959,-0.48194,,,,
1259.393,1.88700,2.19300,9.51495,0.06531,0.12925,-0.51178,,,,
1259.517,2.14500,2.43495,8.46900,0.10477,0.20061,-0.26579,,,,
1259.639,1.27095,2.50200,8.37300,-0.15194,0.12499,-0.15276,,,,
1259.763,1.59900,2.75295,9.74700,-0.30965,0.13241,0.01224,,,,
1259.915,0.86700,2.95200,9.97500,-0.17545,0.17188,0.07508,,,,
1260.037,1.50405,2.44905,9.98400,0.29439,0.07590,0.02076,,,,
1260.154,1.99905,2.16000,9.65595,0.32533,-0.16803,-0.12086,,,,
1260.277,1.00995,1.79595,9.12705,0.23581,0.03658,-0.12196,,,,
1260.429,0.57000,1.95105,9.61305,-0.13283,-0.21161,0.28820,,,,
1260.551,2.22405,2.90400,9.55605,0.14520,-0.04868,0.76120,,,,
1260.700,1.87200,2.66700,8.41605,0.03548,0.22715,0.80053,,,,
1260.824,3.05505,2.90205,10.01100,0.01320,-0.27033,0.81235,,,,
1260.947,2.79405,2.87100,9.96795,0.17407,0.27624,0.32340,,,,
1261.069,2.44695,2.74905,8.35395,0.30401,0.14094,0.27115,,,,
1261.218,2.55495,2.61195,8.75400,0.20391,0.17930,0.34898,,,,
1261.350,2.69595,2.78205,8.96505,-0.01031,0.00137,0.03465,,,,
1261.478,2.40105,2.74395,9.28500,-0.03795,0.03658,-0.14011,,,,
1261.613,1.98705,2.76105,9.26595,-0.08374,-0.03052,-0.20501,,,,
1261.730,1.91295,2.87595,9.72105,-0.03162,-0.04551,-0.20721,,,,
1261.844,1.98195,2.96205,9.34995,0.10904,0.04290,-0.20818,,,,
1261.964,1.71900,2.72895,9.38595,0.02489,0.03011,-0.19332,,,,
1262.087,1.93500,2.91105,9.25200,0.02915,-0.00069,-0.09639,,,,
1262.235,2.27895,3.06195,9.24705,0.02599,-0.05088,-0.18906,,,,
1262.358,2.20800,3.12000,8.94105,-0.00811,-0.14561,-0.28916,,,,
1262.480,2.24100,3.13605,8.95305,-0.10725,-0.26386,-0.37867,,,,
1262.637,2.10000,3.13605,9.28500,-0.40329,-0.14025,-0.39353,,,,
1262.767,2.17605,3.21495,9.26100,-0.08594,-0.17861,-0.39889,,,,
1262.917,2.63595,2.73900,10.36005,-0.14451,-0.25960,-0.35200,,,,
1263.041,2.52405,2.56395,8.88795,0.00151,0.06215,-0.46709,,,,
1263.165,0.99795,2.33205,8.22705,-0.31488,0.66399,-0.38720,,,,
1263.319,0.82095,3.00495,10.88505,-0.70262,1.96570,-0.62260,,,,
1263.443,-1.00695,1.50600,9.56100,-0.21794,1.51195,-0.61834,,,,
1263.568,-2.39505,2.80395,8.49495,0.89306,1.47675,-1.02850,,,,
1263.719,-2.43105,2.85600,9.13005,1.56310,-2.45080,-0.92840,,,,
1263.843,-1.02795,2.62395,8.23005,1.39590,-2.65856,-0.14218,,,,
1263.999,3.54105,2.89905,8.74695,-0.92744,-2.78424,-1.81679,,,,
1264.122,3.44295,3.90300,8.32500,-0.52057,-2.90675,-1.52377,,,,
1264.247,4.55100,4.33395,7.14495,-0.98079,-2.13771,-0.69190,,,,
1264.405,7.37700,3.95505,7.79400,-1.38339,-1.51126,0.31694,,,,
1264.529,8.84400,3.47595,6.76395,-1.02121,0.50848,-0.02502,,,,
1264.653,7.51995,2.84205,6.31395,-0.97749,0.58410,-1.11471,,,,
1264.793,4.30500,3.88095,5.67705,-0.09020,0.00454,-0.94971,,,,
1264.916,1.38195,3.09300,2.44305,-0.11784,-0.34485,0.06985,,,,
1265.071,11.44005,-1.48095,6.42195,-1.86491,-1.38133,1.45571,,,,
1265.212,11.83005,-4.43100,10.77000,-1.77004,-0.74319,0.86336,,,,
1265.335,7.00095,-5.29995,6.37905,1.37569,-1.64876,1.05517,,,,
1265.482,6.39495,-4.67700,3.96495,1.99458,-1.32481,1.32578,,,,
1265.604,9.00900,-4.38300,2.92395,1.32660,-1.19914,1.02644,,,,
1265.750,8.03700,-4.06695,2.70795,0.39669,0.26029,0.12416,,,,
1265.874,8.27205,-4.22700,3.03600,0.28586,-0.13709,0.24447,,,,
1265.993,8.47800,-4.86900,3.21105,0.22096,0.06215,-0.02709,,,,
1266.149,7.08000,-5.19900,3.10605,-0.27871,0.21230,-0.27211,,,,
1266.261,6.35400,-3.27705,3.12705,0.15799,-0.52484,0.61848,,,,
1266.384,8.10900,-4.35195,4.60200,0.03548,-0.49816,0.58218,,,,
1266.539,8.35605,-5.36700,3.98700,0.06435,-0.23829,-0.09419,,,,
1266.662,6.55500,-5.43405,4.20195,0.05362,0.08346,-0.02819,,,,
1266.788,8.10405,-5.02905,2.95995,-0.12004,-0.25328,0.17421,,,,
1266.908,8.38005,-4.47405,2.67705,-0.13283,0.02805,-0.00577,,,,
1267.049,7.12305,-4.10505,3.76005,-0.22976,0.20914,0.02832,,,,
1267.172,8.56695,-4.22895,1.68900,0.20061,0.11963,-0.27858,,,,
1267.329,7.63800,-4.17000,2.43300,-0.01774,0.36575,-0.33179,,,,
1267.452,9.22500,-3.26205,2.39700,0.69066,-0.43326,0.12622,,,,
1267.602,8.27205,-3.59505,3.02895,0.90805,-0.52594,0.52250,,,,
1267.723,8.21505,-4.06395,2.52195,1.20092,-0.49500,0.58534,,,,
1267.846,7.76700,-5.05800,4.09995,1.28727,-0.78581,0.93156,,,,
1267.971,8.12400,-4.43295,4.01595,1.52268,-1.06810,0.98065,,,,
1268.094,7.64205,-4.24905,4.81500,0.42116,-0.63882,0.32436,,,,
1268.251,7.48200,-4.76100,5.26995,0.31886,-0.20419,0.01554,,,,
1268.376,7.98495,-4.83795,3.79500,0.70881,-0.14355,0.03259,,,,
1268.489,8.50695,-4.66305,3.42195,0.21766,0.05679,-0.08044,,,,
1268.612,7.96305,-4.11495,1.93305,0.71514,-0.32780,-0.03988,,,,
1268.766,8.00895,-3.74805,2.94105,-0.18384,0.02805,-0.52140,,,,
1268.890,8.83500,-2.77395,4.70805,-0.07521,0.00880,-0.18590,,,,
1269.042,10.57005,-0.74595,5.77995,0.96442,0.33055,-0.78347,,,,
1269.165,9.28500,-1.38795,6.87405,1.45557,1.12626,-0.91135,,,,
1269.314,5.39700,-0.77895,8.30100,1.85281,2.05411,0.23925,,,,
1269.444,3.81195,0.54105,8.66295,1.21165,3.01716,1.11911,,,,
1269.591,2.18400,1.55895,8.22000,0.26675,2.24909,1.90314,,,,
1269.714,-4.17705,0.66795,9.67800,-0.07741,0.14726,0.06022,,,,
1269.867,0.95805,2.73900,3.23295,2.20234,2.41532,1.74020,,,,
1269.990,-0.31695,3.23700,9.02400,0.47341,1.01874,0.40851,,,,
1270.111,-0.89895,3.95295,9.41505,0.70345,0.82912,-0.01430,,,,
1270.233,-2.52705,5.43000,8.09295,-0.18287,0.57131,0.25946,,,,
1270.379,-2.78595,5.15700,8.09100,-0.06779,1.01984,0.60569,,,,
1270.502,-1.77495,5.03700,9.20205,-0.69204,0.34966,1.01791,,,,
1270.646,-2.50995,4.38405,8.45205,0.05789,0.01196,0.18384,,,,
1270.788,-4.64595,5.90700,5.43495,1.31807,0.64804,-0.19443,,,,
1270.911,-4.22895,5.82495,7.02795,0.01320,0.03548,0.18590,,,,
1271.068,-3.28395,5.56695,6.98700,-0.18810,0.34966,0.39476,,,,
1271.189,-3.15705,5.93805,7.77195,-0.27129,0.20914,0.22536,,,,
1271.329,-3.23805,5.93100,7.37700,0.21986,0.24214,-0.04950,,,,
1271.451,-3.32205,5.72205,7.56405,0.22935,0.18246,0.01224,,,,
1271.574,-3.36300,5.75100,7.36995,0.09089,0.07590,0.12526,,,,
1271.731,-3.17595,6.51900,7.41795,-0.32340,-0.31611,0.36382,,,,
1271.843,-2.81205,6.23895,8.11695,-0.63662,-0.75391,0.68448,,,,
1271.996,-0.93000,4.63005,8.52405,-0.52800,-0.55577,0.58864,,,,
1272.118,-0.05205,4.05600,8.68695,-0.43422,-0.37359,0.46709,,,,
1272.241,0.52905,3.64905,8.80695,-0.09763,0.05569,0.25204,,,,
1272.364,-0.04905,3.92895,9.06705,0.14850,0.21120,0.12306,,,,
1272.487,0.04095,4.07700,8.32995,-0.11041,-0.13929,0.34471,,,,
1272.644,0.69405,4.44405,9.20895,-0.35227,0.07810,0.19016,,,,
1272.767,0.63495,4.14000,9.53700,0.03451,0.19099,0.01334,,,,
1272.914,0.09300,4.14405,9.12705,0.06325,0.05679,0.14754,,,,
1273.042,0.35400,3.70200,8.82600,-0.05500,0.10148,0.16885,,,,
1273.165,0.25605,3.57195,9.24000,-0.09226,0.10574,0.06875,,,,
1273.288,-0.04695,3.35895,9.45795,0.03548,0.28903,-0.06435,,,,
1273.437,-1.14600,3.68505,8.79000,-0.54931,-0.08814,0.49060,,,,
1273.565,-1.41105,3.91695,8.77995,-0.47575,0.03548,1.01475,,,,
1273.687,-0.10200,2.55195,8.73705,-1.39824,-0.74855,1.30652,,,,
1273.810,2.47095,-0.61905,10.93500,0.11646,-0.08704,0.89224,,,,
1273.932,2.44005,0.23505,9.70695,-0.08594,-0.45237,0.11028,,,,
1274.055,1.29105,0.92400,9.43905,-0.12004,-0.35764,0.23279,,,,
1274.177,2.87295,-1.12695,10.02300,-1.04142,-1.25771,0.89856,,,,
1274.300,5.39205,-1.77495,8.87595,-0.02310,-0.65697,0.49170,,,,
1274.424,5.79195,-1.85205,9.44100,0.13997,-0.64845,0.65464,,,,
1274.576,6.09795,-1.88595,6.88200,0.92290,-0.51205,0.04318,,,,
1274.699,5.49495,-1.50195,6.83805,1.37995,1.42560,-0.47025,,,,
1274.823,2.36805,1.90800,9.58005,0.97611,2.25871,-1.17659,,,,
1274.946,3.00000,2.66505,8.12400,0.39669,0.17820,-0.24021,,,,
1275.098,0.94800,4.05600,9.32100,0.38706,0.28050,-0.24338,,,,
1275.222,1.46295,4.35795,9.11100,0.29013,-0.47273,-0.24764,,,,
1275.335,2.09505,4.52805,9.27105,0.43601,-0.41085,-0.88358,,,,
1275.461,1.65705,4.48695,8.44005,0.08236,-0.27349,-0.61834,,,,
1275.616,2.27895,5.67195,9.17295,0.16445,-0.22344,-0.48840,,,,
1275.762,1.84800,4.74495,8.71800,-0.25314,-0.58987,-0.74937,,,,
1275.885,0.93900,4.85805,7.40595,0.03658,-0.63772,-0.44894,,,,
1276.050,1.57500,5.78205,8.50500,0.30718,-0.16913,-0.36699,,,,
1276.174,1.38405,5.88705,8.31600,0.01210,-0.34265,-0.11880,,,,
1276.316,2.21205,5.36100,7.08300,-0.08800,0.01732,-0.27101,,,,
1276.437,1.48905,5.92800,8.31600,-0.04964,0.11110,-0.20927,,,,
1276.583,1.04400,5.90700,7.44900,0.30608,0.05789,-0.09955,,,,
1276.714,1.31205,5.95695,8.13105,-0.12004,0.06421,-0.03988,,,,
1276.858,0.59895,6.14805,8.25105,0.00577,0.03438,-0.07508,,,,
1276.983,1.48005,6.00705,8.10300,-0.09872,-0.30112,-0.08992,,,,
1277.123,1.29105,5.83200,7.75800,0.00894,-0.12430,-0.09212,,,,
1277.277,1.31700,6.12000,7.87800,-0.00179,0.00880,-0.07824,,,,
1277.394,1.31700,6.07395,7.70295,-0.00385,0.01100,-0.08676,,,,
1277.518,1.11795,6.01005,7.94700,-0.06146,0.01306,-0.05582,,,,
1277.658,1.04595,5.89005,7.68795,-0.03052,0.00027,-0.01856,,,,
1277.781,1.00095,5.98305,7.94505,-0.07521,-0.00179,-0.03135,,,,
1277.903,1.04205,5.79600,7.85400,0.01100,0.01842,-0.02612,,,,
1278.028,1.06995,5.86800,7.87005,-0.01664,0.02475,-0.00907,,,,
1278.180,0.86205,5.72895,7.56900,0.07714,0.08979,0.02296,,,,
1278.303,0.80205,5.82000,7.78395,-0.08484,-0.00289,0.02186,,,,
1278.431,1.01295,5.67900,7.60005,-0.09226,-0.06036,0.06229,,,,
1278.555,1.01295,5.59800,7.80300,0.06435,0.17710,0.06985,,,,
1278.679,-0.33600,5.23395,7.81305,-0.41607,0.22509,0.33399,,,,
1278.829,0.60600,5.16195,7.85400,0.04620,0.20378,0.43312,,,,
1278.953,0.97500,4.85100,9.29295,-1.24176,0.52979,0.62480,,,,
1279.078,0.55305,4.36200,8.43495,0.37427,0.02695,-0.26359,,,,
1279.204,0.41700,4.62105,7.77495,0.09941,0.01196,-0.17834,,,,
1279.354,0.26295,4.84095,8.35905,-0.02626,0.01732,-0.06009,,,,
1279.497,-0.12105,4.83900,8.02605,0.11014,0.07274,-0.04840,,,,
1279.641,0.00000,4.69305,8.35605,0.16871,0.03864,-0.14960,,,,
1279.766,-0.01800,5.05695,8.02605,0.00894,0.00674,-0.03039,,,,
1279.917,-0.16905,4.85295,8.86605,-0.13379,-0.16156,-0.07397,,,,
1280.042,-0.07800,4.42905,7.47105,0.17188,0.02269,-0.11550,,,,
1280.160,0.00000,4.78800,8.44500,0.12183,-0.00495,0.01554,,,,
1280.285,-0.05595,4.74300,8.17905,-0.08800,-0.15950,-0.00687,,,,
1280.407,0.49995,4.81200,8.89500,-0.14877,-0.44605,-0.00481,,,,
1280.538,1.00305,4.45305,9.64395,-0.53653,0.02049,-0.06229,,,,
1280.664,0.26805,4.27095,8.88795,0.26455,0.09405,0.06022,,,,
1280.808,0.49800,4.65705,9.96300,0.23898,0.08663,-0.11124,,,,
1280.934,-0.21405,4.71705,8.20095,-0.14877,0.02049,0.08044,,,,
1281.083,1.14705,4.97505,7.64505,0.75570,-0.48125,-0.06655,,,,
1281.208,0.60795,5.21700,8.50695,0.35516,0.21656,0.11990,,,,
1281.334,0.11505,6.07200,8.13900,-0.01031,0.00357,-0.04318,,,,
1281.486,0.63000,5.65995,8.31300,0.10697,0.02901,-0.06339,,,,
1281.611,2.03505,6.34005,9.30900,-0.00701,-0.58245,0.10285,,,,
1281.737,0.28305,6.20805,6.91995,0.57888,0.54574,-0.17738,,,,
1281.863,0.76395,5.65995,7.97100,-0.56100,-0.10615,-0.13255,,,,
1282.012,-0.31695,5.36100,9.12300,-0.66962,0.29961,0.04208,,,,
1282.138,0.30195,5.12400,8.31600,-0.02736,-0.00605,0.16569,,,,
1282.262,0.28995,5.17905,8.38995,-0.08374,-0.02200,0.23279,,,,
1282.387,1.05795,5.26005,9.15795,-0.00811,0.16761,0.01224,,,,
1282.515,0.66300,5.09295,8.41095,0.01746,0.01526,-0.07824,,,,
1282.636,0.69705,4.68300,8.42805,-0.13379,-0.01568,-0.08470,,,,
1282.761,0.11505,4.57095,8.63700,-0.32876,-0.26606,0.08044,,,,
1282.919,0.46500,4.48695,9.92700,-0.29356,-0.18824,0.31488,,,,
1283.046,-0.05400,4.17795,8.88795,-0.01347,0.17077,0.08044,,,,
1283.194,-0.34800,3.82095,9.52995,0.07384,0.45086,0.53322,,,,
1283.337,-0.33195,4.64700,7.54200,-0.36176,-0.05940,1.09560,,,,
1283.462,1.28295,3.12900,9.91005,0.10904,0.17284,1.18511,,,,
1283.589,2.15505,3.62700,8.93805,-0.25204,-0.13819,0.74731,,,,
1283.713,2.72895,3.23895,9.23700,0.49046,-0.56114,0.60032,,,,
1283.838,1.67595,3.58695,9.43605,-0.21367,0.18782,0.49596,,,,
1283.958,2.39400,3.62505,8.65800,0.11124,0.04084,-0.06861,,,,
1284.087,1.77705,2.86095,8.84700,0.01636,-0.30429,-0.33069,,,,
1284.212,2.92605,3.98595,9.22500,-0.24461,-0.73796,-0.26895,,,,
1284.366,2.74605,3.87900,7.89000,-0.23073,0.78430,-0.51178,,,,
1284.505,1.66905,2.71005,9.00000,0.04826,0.13241,-0.33289,,,,
1284.652,1.84605,3.52905,9.65400,-0.06463,-0.61215,-0.16349,,,,
1284.776,2.58300,3.73695,8.63205,0.18782,-0.18618,-0.20501,,,,
1284.902,2.71500,3.56700,8.30895,-0.15620,-0.33206,-0.21574,,,,
1285.035,2.43300,3.71100,8.82795,-0.28504,-0.06792,-0.47987,,,,
1285.161,1.51995,3.81195,8.79495,-0.38624,-0.02736,-0.51288,,,,
1285.285,1.19700,3.43605,9.60405,-0.21367,0.06215,-0.31157,,,,
1285.410,1.84395,3.21300,9.81000,0.27527,0.09941,0.16349,,,,
1285.532,2.46600,3.97200,9.62505,0.54684,0.13131,0.23073,,,,
1285.656,3.22500,4.56600,8.73495,0.49899,0.11000,-0.01114,,,,
1285.781,2.12100,4.61805,8.82600,0.26565,0.15056,-0.51714,,,,
1285.936,0.70395,4.52805,7.71705,0.11220,-0.00179,-0.25080,,,,
1286.061,-0.09900,4.48695,8.20305,-0.26592,0.44234,0.45017,,,,
1286.210,1.67400,3.99600,8.54295,-0.44701,0.48606,1.48871,,,,
1286.334,3.51495,3.65100,7.84200,-0.34801,-0.54615,1.52927,,,,
1286.459,6.40200,2.75805,11.24100,-0.40975,-0.07219,1.17549,,,,
1286.613,4.36200,2.21700,9.37905,-0.17971,-0.14988,0.37441,,,,
1286.762,4.10400,1.66605,8.56905,0.04826,0.26661,0.12306,,,,
1286.887,4.15605,1.72200,8.71095,0.03025,-0.14988,-0.08786,,,,
1287.007,3.92895,1.56795,9.07500,0.06435,0.05032,0.21037,,,,
1287.132,3.32805,1.51995,8.90205,0.06751,-0.17009,0.07934,,,,
1287.286,3.31095,1.50105,8.27505,0.03974,-0.14671,0.04428,,,,
1287.398,3.97695,1.23495,7.51395,-0.27871,0.09199,0.24351,,,,
1287.524,5.29800,2.06400,7.63095,-0.74429,0.07274,-0.26895,,,,
1287.670,5.26695,0.72300,10.79595,0.29755,-0.28627,-1.16696,,,,
1287.796,4.31895,1.99905,9.06300,0.46159,0.77371,-1.12544,,,,
1287.920,2.53605,2.83695,8.34405,0.20171,-0.20529,-1.01888,,,,
1288.051,2.58600,3.63195,8.79000,0.09309,0.16225,-0.84425,,,,
1288.177,1.30005,4.14705,8.19405,0.25602,0.04510,-0.61518,,,,
1288.301,1.90095,4.05600,8.30595,-0.02736,-0.22344,-0.28490,,,,
1288.422,2.16195,3.95805,8.92395,0.00577,-0.09240,-0.32752,,,,
1288.552,2.19600,4.74795,8.57205,0.09515,-0.12746,-0.11234,,,,
1288.670,2.89695,5.07795,8.56695,0.22839,-0.18714,-0.02502,,,,
1288.794,2.32005,5.50005,8.32995,0.53721,-0.36726,-0.12306,,,,
1288.918,2.29395,5.61000,6.85305,0.09089,-0.05514,-0.30195,,,,
1289.041,1.35000,5.45895,7.16400,-0.06779,0.03754,-0.15812,,,,
1289.164,1.94895,5.53095,7.88505,-0.17545,0.00784,0.05706,,,,
1289.289,2.11905,5.63805,8.72295,-0.25534,0.05252,0.07728,,,,
1289.413,1.59705,5.65005,8.70795,-0.00811,0.21340,0.02722,,,,
1289.534,2.00895,5.73705,7.93005,0.32313,0.30291,0.08360,,,,
1289.663,1.48905,5.02095,8.02395,0.10904,0.36671,0.13159,,,,
1289.788,1.42905,5.11905,7.67205,-0.04331,0.24530,0.44481,,,,
1289.912,1.58295,5.24805,7.98495,-0.22866,0.31776,0.26579,,,,
1290.035,1.30305,5.07795,8.56005,-0.16692,0.05789,0.28600,,,,
1290.160,1.16805,4.94595,8.97900,-0.19883,-0.02626,-0.02076,,,,
1290.284,1.18005,4.94895,8.69595,0.04304,-0.08071,0.11344,,,,
1290.408,2.54295,4.50795,8.79900,0.09419,-0.11577,0.21147,,,,
1290.533,1.82400,4.73295,8.65605,-0.02942,-0.04978,0.19759,,,,
1290.658,1.57800,5.18100,8.24895,0.06641,-0.05610,0.06449,,,,
1290.783,2.31300,4.89405,8.47905,-0.05926,-0.08071,0.04001,,,,
1290.904,2.01405,4.90800,8.69205,0.08663,-0.01568,-0.02929,,,,
1291.055,2.43000,4.81500,8.35200,0.04194,-0.08704,-0.15180,,,,
1291.185,1.81695,5.45400,7.94895,-0.03052,-0.07851,-0.18054,,,,
1291.299,1.45605,5.14005,8.02605,-0.12953,-0.06463,-0.13159,,,,
1291.425,1.90800,5.08095,7.98795,0.14850,-0.11894,0.12622,,,,
1291.557,2.18595,5.07300,9.05100,-0.05184,0.07700,0.01127,,,,
1291.680,1.11300,5.24100,7.91805,-0.09763,0.09405,0.14658,,,,
1291.829,2.12400,5.65995,8.58900,0.24117,0.02585,0.12953,,,,
1291.953,1.68300,4.06995,8.52600,-0.50243,0.23567,0.28284,,,,
1292.076,3.46905,4.14900,9.02400,0.04400,0.01526,0.49486,,,,
1292.200,2.75805,3.83805,7.87995,-0.31914,0.24640,0.06339,,,,
1292.350,2.41800,3.30900,9.06300,-0.41401,0.33797,-0.13365,,,,
1292.466,2.86395,3.41400,9.73095,-0.48001,0.22083,-0.17517,,,,
1292.589,2.05005,3.66105,9.08400,-0.10931,0.30498,-0.30937,,,,
1292.711,2.37300,2.86800,11.11200,-0.40012,0.26978,-0.43945,,,,
1292.834,2.06595,3.15600,10.22400,0.23581,-0.05088,-0.55124,,,,
1292.984,1.00800,2.90895,10.14195,-0.08264,-0.25218,-1.00719,,,,
1293.106,-0.09000,2.55495,10.49895,0.10051,-0.25424,-1.07539,,,,
1293.229,-0.36495,3.69195,9.33600,-0.03369,-0.45237,-0.73549,,,,
1293.384,0.60795,2.96595,10.32705,-0.27239,-0.34265,-0.78774,,,,
1293.507,0.50295,2.65800,10.58505,-0.16899,-0.19044,-0.59812,,,,
1293.630,1.25700,3.22005,9.76905,-0.09336,-0.41085,-0.37977,,,,
1293.757,0.34695,3.19200,9.68805,-0.08168,-0.14988,-0.25616,,,,
1293.880,1.19205,2.87805,9.87195,0.05252,0.04290,0.00055,,,,
1294.019,1.99200,2.96400,9.47895,0.18466,-0.25107,0.30099,,,,
1294.135,2.92095,2.96895,9.07005,0.17504,0.00784,-0.15180,,,,
1294.257,2.48505,3.48405,7.90605,-0.05074,-0.33632,-0.35626,,,,
1294.379,1.86000,3.32100,9.64695,-0.22014,-0.10092,-0.41168,,,,
1294.507,2.20005,3.67305,8.94495,-0.12100,-0.28944,-0.21574,,,,
1294.631,2.26305,3.14100,9.78795,-0.06669,-0.07741,-0.30085,,,,
1294.754,2.49195,3.08400,8.38005,0.07714,-0.17655,-0.13585,,,,
1294.877,2.56200,3.04800,8.43300,-0.12526,0.01622,-0.36795,,,,
1295.001,2.43300,3.12705,8.39895,-0.32986,-0.26276,-0.26153,,,,
1295.123,2.24295,2.83695,9.44100,-0.07205,-0.10945,0.02612,,,,
1295.234,2.93295,2.86605,9.15405,-0.01457,-0.11041,0.20515,,,,
1295.357,3.59400,3.04305,9.12495,-0.21271,0.05569,0.14121,,,,
1295.486,3.69405,3.32100,8.88105,0.17077,0.08016,0.34787,,,,
1295.609,4.30200,2.96205,9.19695,0.17504,0.03328,0.12306,,,,
1295.757,2.90700,3.21105,8.89500,0.02599,0.10148,-0.16885,,,,
1295.881,2.59500,2.92605,8.51205,0.52979,0.04400,0.00797,,,,
1296.019,1.92705,3.22500,8.01600,-0.09652,0.13131,-0.30511,,,,
1296.156,0.98205,2.50905,10.26195,-0.06999,0.28256,0.20941,,,,
1296.309,2.43300,3.47205,9.02205,-0.28724,0.17710,0.07081,,,,
1296.431,1.89405,3.41400,9.25395,-0.35324,-0.01251,0.05596,,,,
1296.554,1.75005,2.77005,10.99995,-0.10079,0.06215,0.13805,,,,
1296.677,2.80605,3.17205,9.17295,0.46695,-0.04331,0.16775,,,,
1296.816,2.02605,3.02895,7.97295,0.26881,0.01526,-0.16665,,,,
1296.954,1.41300,3.09105,8.90895,-0.15084,0.18040,-0.12306,,,,
1297.077,2.43705,2.62695,10.70805,-0.00605,-0.10409,0.17201,,,,
1297.200,2.63595,2.72895,8.11695,0.18356,-0.13709,0.01224,,,,
1297.324,2.71005,3.01905,7.96395,-0.22220,-0.05610,-0.07714,,,,
1297.470,2.76795,3.22500,9.98700,-0.39160,0.11316,0.03355,,,,
1297.593,2.77305,3.59595,9.15405,0.03121,0.13874,0.25946,,,,
1297.717,3.66105,2.72895,10.75995,0.43395,0.07494,0.21890,,,,
1297.843,2.19600,2.77005,7.70505,0.19319,0.00247,-0.01650,,,,
1297.966,1.48005,2.58795,9.42405,-0.20625,0.02049,0.03575,,,,
1298.080,1.52805,2.83695,9.30000,0.12389,0.17504,0.14974,,,,
1298.220,1.41300,3.34500,9.58905,-0.03479,0.12169,0.37125,,,,
1298.344,1.13700,3.36900,10.02300,0.20171,0.62673,0.24778,,,,
1298.502,1.30995,3.30600,9.76905,0.34870,0.34334,0.18700,,,,
1298.616,0.99405,3.53400,9.49800,0.46695,0.08979,0.42776,,,,
1298.765,0.72105,4.20405,8.17005,0.40947,0.48496,0.25616,,,,
1298.888,-0.08295,4.91805,7.72005,-0.45870,0.97295,0.05706,,,,
1299.074,-0.86295,4.45095,9.67995,-0.79750,-0.21271,-0.49376,,,,
1299.229,-1.06695,3.95295,8.33205,0.33481,-0.71239,-0.76533,,,,
1299.352,-1.07400,3.01905,9.70695,-0.84122,0.18356,0.62164,,,,
1299.503,-1.39200,3.33000,9.51300,-0.16899,0.83655,0.27651,,,,
1299.626,-1.27305,2.97795,9.70395,-0.17435,0.30498,0.18590,,,,
1299.750,-0.88005,2.62695,10.00095,-0.16789,0.22509,0.25726,,,,
1299.872,-1.48095,2.52105,10.12305,0.21986,0.16225,-0.05266,,,,
1299.996,-2.02200,2.77305,9.22500,0.46695,0.21436,-0.19222,,,,
1300.154,-2.52705,3.30600,8.68200,0.04194,0.03011,-0.12306,,,,
1300.266,-2.75895,3.48105,8.83995,0.11220,0.10051,-0.09639,,,,
1300.391,-2.62995,3.64395,8.93100,-0.01127,0.01196,-0.05156,,,,
1300.544,-2.25900,3.67800,8.50695,-0.00069,0.07164,0.03781,,,,
1300.667,-2.65605,3.67305,9.32100,-0.18604,0.17077,0.13585,,,,
1300.818,-2.95095,3.66600,8.41395,-0.24351,0.23567,0.35956,,,,
1300.941,-3.55005,3.20595,8.52600,-0.17215,0.15372,0.56196,,,,
1301.091,-4.06905,3.42900,9.29505,-0.65587,0.54037,0.53955,,,,
1301.215,-3.69105,3.88800,9.01995,0.20597,0.39132,-0.18164,,,,
1301.343,-3.72195,4.02705,9.12495,0.95384,0.06641,-0.73343,,,,
1301.467,-5.08395,3.73305,8.04000,1.87522,0.78004,-1.14785,,,,
1301.591,-5.04300,4.08705,5.87400,1.69304,0.46585,-0.63222,,,,
1301.740,-6.73095,5.14500,4.95405,0.59482,0.03121,-0.51178,,,,
1301.863,-7.00395,5.71695,4.22205,-0.03589,-0.23829,-0.15923,,,,
1301.987,-7.59600,6.07905,4.34100,-0.23073,0.28586,0.15400,,,,
1302.151,-6.57600,6.55305,4.06800,-0.46406,0.91438,0.85167,,,,
1302.314,-4.63605,5.61195,4.38900,-0.59936,0.70551,0.57791,,,,
1302.438,-8.69895,5.26695,8.31795,-0.32024,0.17188,0.11564,,,,
1302.561,-6.41505,4.71405,4.16895,0.68007,0.05252,-0.14437,,,,
1302.686,-5.82405,6.09795,3.09600,0.76629,-0.26070,-0.43189,,,,
1302.842,-7.67505,6.99405,4.78395,1.23612,-0.51521,0.00275,,,,
1302.965,-6.00600,6.47205,3.26205,1.07099,-0.39916,-0.07617,,,,
1303.088,-7.09800,6.40905,2.95005,0.35296,-0.26496,-0.10917,,,,
1303.211,-5.12205,6.09795,1.14300,-0.20089,-0.09872,0.07081,,,,
1303.331,-6.07095,7.11105,1.69800,-0.81565,0.13984,-0.09323,,,,
1303.462,-7.89705,6.85500,4.08000,-1.78076,-0.57819,0.55976,,,,
1303.585,-7.33500,5.60505,7.00605,-1.52075,0.63621,1.03386,,,,
1303.709,-4.99605,4.41495,5.29695,-0.89650,0.14630,0.72820,,,,
1303.831,-5.21295,5.19105,4.27200,-0.13599,0.67141,0.22536,,,,
1303.955,-6.79395,6.12405,6.41700,-0.51947,0.18673,0.00797,,,,
1304.078,-9.56400,6.32295,6.75900,0.13887,0.56815,0.04428,,,,
1304.190,-4.91400,4.06500,5.11200,-0.20199,-0.12540,0.26373,,,,
1304.322,-4.91700,3.60105,5.18595,0.44454,-0.22770,-0.23595,,,,
1304.444,-6.91800,4.43400,4.60200,-0.01980,0.02049,-0.12513,,,,
1304.584,-8.06505,4.66605,6.82200,-0.75708,0.05142,0.26579,,,,
1304.742,-6.83895,4.81005,5.47905,-0.44701,-0.13172,-0.01224,,,,
1304.866,-4.44300,4.66605,6.22605,0.26881,-0.45141,-0.58960,,,,
1305.012,-2.61300,3.68205,8.44695,0.88248,-1.22361,-1.73044,,,,
1305.137,-4.78005,2.83995,11.04495,1.88595,-1.11499,-2.20770,,,,
1305.261,-5.96505,2.82300,9.38100,2.56974,-1.33664,-1.93710,,,,
1305.385,-7.02600,4.35795,5.64600,2.44626,-1.05751,-1.02424,,,,
1305.507,-6.87705,4.63305,6.18000,1.11141,-1.03400,-0.46062,,,,
1305.659,-5.77905,4.69995,6.64200,0.70565,-0.62714,-0.95288,,,,
1305.822,-2.68005,4.61595,7.38195,0.92290,-1.08419,-0.94861,,,,
1305.945,-4.86195,7.67100,10.19295,0.64267,-0.70386,-1.60586,,,,
1306.091,-2.73300,5.18595,5.35200,0.51920,-1.62525,-0.60981,,,,
1306.214,-4.46400,5.38200,3.73800,0.67471,-0.27129,-0.41484,,,,
1306.337,-5.96505,5.34900,6.00300,-1.02328,0.26125,-0.29769,,,,
1306.454,-6.80805,4.43700,8.47395,-2.05659,-0.48551,-0.15606,,,,
1306.577,-8.19195,4.29000,8.64105,-0.32876,0.55743,0.42556,,,,
1306.724,-3.21900,4.48395,4.87305,-0.43532,-0.01774,0.73343,,,,
1306.855,-4.09995,5.21895,8.59800,-0.05720,0.10257,0.27541,,,,
1306.969,-5.79795,4.75305,12.20400,0.03451,-0.49404,-0.01224,,,,
1307.092,-4.52895,3.43800,6.66600,1.45228,-0.11371,-0.13901,,,,
1307.216,-3.33900,2.94000,5.99100,0.11550,-0.33949,0.15826,,,,
1307.364,-3.04905,3.76605,5.07195,0.07920,-0.21807,-0.21354,,,,
1307.487,-5.82195,4.90800,10.10205,-1.30034,-0.30429,-0.14754,,,,
1307.610,-4.52205,3.18000,11.65995,-0.46832,-0.73040,0.66426,,,,
1307.750,-1.74705,2.76105,5.72295,-0.11357,-0.61861,1.07965,,,,
1307.892,-0.34095,4.24695,7.80300,0.04826,0.13447,0.90282,,,,
1308.016,-1.00905,4.46505,11.26800,-0.33522,0.36245,0.01444,,,,
1308.167,2.16000,1.79100,10.05405,0.81001,0.11110,-0.83146,,,,
1308.290,-2.61300,3.72795,5.60505,-0.78265,-0.75708,-0.78457,,,,
1308.414,-0.38700,3.62505,8.28705,0.19635,-0.22550,-0.50435,,,,
1308.566,-2.01195,4.05300,10.55895,0.48194,-0.32670,0.20611,,,,
1308.684,-1.77105,3.39705,10.51395,-0.19140,0.16967,0.70262,,,,
1308.807,0.30405,2.43300,7.26495,0.51810,-0.01457,0.52044,,,,
1308.930,-0.07095,2.94300,6.94095,-0.15084,-0.06146,0.61848,,,,
1309.091,1.42500,3.24900,12.46500,-0.66962,0.53721,-0.13475,,,,
1309.203,1.51605,2.08095,10.72695,0.13461,0.14520,0.05170,,,,
1309.326,0.70200,2.71695,4.77900,0.30511,0.09721,-0.06861,,,,
1309.450,0.44805,3.77100,10.30995,-0.32766,-0.44385,-0.50751,,,,
1309.599,0.53895,4.19205,13.08300,0.16129,-0.36823,-0.26785,,,,
1309.722,-0.46605,3.42600,9.22800,0.23265,-0.36726,0.36589,,,,
1309.847,-0.18600,1.95105,7.48695,0.34980,0.06848,0.42556,,,,
1309.970,0.87900,2.28900,6.29295,0.36039,-0.05184,0.12100,,,,
1310.095,0.68205,2.37000,11.55000,-0.48537,0.33481,-0.06861,,,,
1310.251,2.90205,3.16005,10.59300,-0.16156,-0.31817,-0.01334,,,,
1310.375,0.26295,2.69595,7.04400,0.13778,-0.03905,-0.18906,,,,
1310.499,0.86400,3.67305,8.86395,0.29232,-0.41938,-0.22523,,,,
1310.623,0.94305,3.72105,11.19405,0.37744,-0.05294,0.28504,,,,
1310.746,-0.24600,2.87100,9.58200,-0.34691,-0.09763,0.32546,,,,
1310.858,0.81405,1.50600,9.42195,-0.19346,-0.08388,0.82610,,,,
1310.982,1.39800,2.42100,6.93195,1.02520,0.13778,0.92524,,,,
1311.138,2.60700,2.61000,11.25300,0.06531,1.11031,0.38940,,,,
1311.262,3.01005,2.57595,10.64295,0.38170,0.03658,-0.14218,,,,
1311.414,0.51000,3.67005,6.13005,-0.34265,0.22825,-0.38926,,,,
1311.538,1.21200,3.70605,9.79800,0.23361,-0.29906,-0.38500,,,,
1311.689,1.76505,4.30695,9.83100,-0.04538,0.10368,-0.27858,,,,
1311.813,0.31395,3.96000,9.55800,-0.42254,-0.50889,0.36699,,,,
1311.957,1.38600,2.61495,7.96095,0.11330,0.56815,-0.09639,,,,
1312.080,0.27495,2.98800,7.68600,0.22509,0.10051,-0.19869,,,,
1312.204,0.61995,2.99505,10.50195,-1.18525,0.36671,-0.41910,,,,
1312.329,-0.32205,1.47300,12.67305,-0.06669,0.17394,0.36382,,,,
1312.471,-1.30095,2.01795,6.83805,0.22096,-0.15840,-0.04414,,,,
1312.601,1.29105,3.10800,9.18195,0.38816,-0.21917,0.06765,,,,
1312.743,-1.27500,2.79600,12.16605,0.08772,0.42859,-0.08250,,,,
1312.866,-1.40400,2.68905,9.08400,0.11440,-0.28944,0.59290,,,,
1313.014,0.10995,2.16705,7.33605,0.27527,-0.17971,1.14895,,,,
1313.161,0.67500,2.62395,8.79705,-0.04964,-0.31185,0.07508,,,,
1313.285,1.89600,1.33395,12.52695,-1.56874,0.10148,-0.60239,,,,
1313.440,3.29700,2.08995,7.45395,0.85264,-0.37469,-0.29232,,,,
1313.570,0.98205,2.48805,8.42100,-0.25960,-0.15840,-0.52992,,,,
1313.702,-0.33195,3.31095,10.47300,0.37854,0.14630,-0.13255,,,,
1313.826,-0.82695,2.57400,11.19105,-0.42364,0.45513,-0.24338,,,,
1313.950,0.33300,1.82400,10.05900,0.06531,-0.19044,0.59386,,,,
1314.098,1.41495,2.20800,7.30305,0.72586,-0.30539,0.69726,,,,
1314.210,0.91695,2.26995,8.80905,-0.01884,0.01952,0.02832,,,,
1314.334,2.39700,1.44105,13.49205,-1.35149,-0.03809,-0.68007,,,,
1314.490,1.90095,1.82205,7.43700,0.29232,-0.06146,-0.43409,,,,
1314.615,1.03200,2.43705,7.82505,0.13571,-0.08924,-0.21037,,,,
1314.738,0.70200,2.84400,10.41795,0.14314,0.05142,-0.13791,,,,
1314.862,2.06895,2.88300,11.50995,-0.35227,0.12389,-0.22206,,,,
1314.987,0.65400,2.26500,10.93500,0.04936,-0.74002,0.15180,,,,
1315.137,0.94305,1.59705,7.22400,0.50958,0.20804,0.47465,,,,
1315.267,0.81705,2.44005,7.86105,0.07288,-0.58341,-0.22852,,,,
1315.392,2.65500,2.61195,11.05500,-0.82087,0.40411,-0.12306,,,,
1315.543,4.05795,2.33205,8.38800,0.50958,-0.02104,0.20295,,,,
1315.669,1.52805,2.70795,7.57605,0.10794,0.13874,-0.15923,,,,
1315.816,1.44405,3.41400,9.43395,0.13035,-0.53653,-0.44578,,,,
1315.940,2.53605,2.71500,11.79000,-0.21904,-0.14988,-0.33825,,,,
1316.091,1.34805,2.25105,10.37505,-0.26056,-0.44605,0.32436,,,,
1316.218,2.20005,2.35095,7.08300,0.57241,0.03328,0.29246,,,,
1316.342,1.86300,1.98000,9.22995,-0.71335,-0.34375,-0.32642,,,,
1316.479,2.57595,2.07795,12.30900,-0.79324,0.04716,-0.44894,,,,
1316.634,2.20500,1.59900,8.11200,-0.24681,-0.13502,-0.94215,,,,
1316.781,1.89900,2.59095,7.94505,0.27624,-0.48647,-0.47135,,,,
1316.903,1.46295,2.95005,10.11405,0.04730,0.09515,0.06339,,,,
1317.034,0.84795,2.31495,8.66805,0.11550,0.22083,0.35640,,,,
1317.159,1.57995,1.21905,8.31105,-0.84219,-0.07425,-0.36369,,,,
1317.311,1.32600,1.53000,7.77000,0.26455,-0.26923,-0.68764,,,,
1317.432,1.63995,2.27700,11.97900,0.08236,0.14410,-0.47245,,,,
1317.575,2.06400,0.96705,10.20195,-0.96580,0.54464,0.19662,,,,
1317.700,1.86000,1.66200,7.29300,0.16445,-0.19250,0.12732,,,,
1317.824,1.15605,1.53705,9.75195,0.59592,-0.28201,0.21464,,,,
1317.949,1.20195,2.28900,11.06895,0.66303,0.60005,0.40755,,,,
1318.072,2.97600,2.30595,9.27795,-0.35860,-0.65161,0.09639,,,,
1318.195,-0.38895,1.93005,6.00795,-0.06999,-0.05514,-0.02502,,,,
1318.318,1.56600,1.98000,10.70505,0.08140,-0.51315,-0.21037,,,,
1318.454,2.74095,3.17205,10.83000,0.10271,-0.32560,-0.11770,,,,
1318.578,1.78905,2.20800,9.45795,-0.59084,0.32519,-0.09323,,,,
1318.703,0.58905,2.37000,6.06000,0.53295,-0.08497,0.20295,,,,
1318.828,0.40005,1.91295,11.29200,0.67471,0.45306,0.94765,,,,
1318.972,1.20000,1.62300,12.53205,-0.81565,0.03658,0.06022,,,,
1319.118,0.34005,2.42295,5.74005,-0.50243,0.10684,-0.09103,,,,
1319.268,1.67400,2.09505,12.96795,0.31254,0.32519,0.02296,,,,
1319.392,1.47705,1.43205,11.38995,0.04826,0.10051,-0.28710,,,,
1319.516,2.44905,1.79805,7.08000,0.09515,-0.05610,0.14011,,,,
1319.667,1.90095,1.91805,9.22995,0.14314,-0.28407,0.27858,,,,
1319.787,1.60905,0.91695,11.72700,0.22193,0.16858,-0.01966,,,,
1319.911,2.62200,1.57095,8.28195,-0.49500,-0.41827,-0.07397,,,,
1320.042,0.05295,1.54200,9.40995,0.27417,-0.24901,0.26263,,,,
1320.160,2.74095,2.80605,9.15600,0.88248,0.17820,0.35846,,,,
1320.290,0.07695,1.74795,11.63595,-0.69946,0.89196,1.09670,,,,
1320.413,1.68105,2.25795,6.60600,1.08584,-0.21587,1.60806,,,,
1320.537,3.09300,0.78105,11.02800,1.33086,-0.22440,0.76010,,,,
1320.660,2.05695,1.20405,11.59305,-0.12430,0.12279,-0.16555,,,,
1320.784,2.28900,2.59095,7.71195,-0.87849,0.06421,-0.43519,,,,
1320.895,1.11795,2.97405,6.04800,-0.46722,-0.31391,-0.26579,,,,
1321.018,0.99795,2.51595,10.03500,-0.06036,-0.13819,-0.47877,,,,
1321.142,1.48695,3.29895,13.47300,-0.39050,-0.31927,-0.47561,,,,
1321.265,1.40100,2.57595,9.28800,0.32959,0.69383,-0.06119,,,,
1321.388,1.03695,3.26295,6.09405,-0.01980,0.02695,-0.22316,,,,
1321.511,0.16095,2.75100,9.60900,0.51810,-0.01678,-0.45430,,,,
1321.634,2.68905,3.19905,13.63995,0.26565,-0.73150,0.04854,,,,
1321.764,1.77405,3.25095,10.36005,-0.64089,-0.50463,0.02076,,,,
1321.893,0.30195,3.13905,7.26705,0.08456,-0.19250,0.15716,,,,
1322.017,2.37000,3.45495,10.90905,-0.13709,-0.10092,-0.20391,,,,
1322.140,2.56695,2.41095,16.95195,-0.85717,-0.63882,-0.85594,,,,
1322.264,3.40695,2.22405,9.73500,0.21766,-0.18714,-0.13049,,,,
1322.393,2.53995,2.95500,6.17805,-0.10299,-0.17861,-0.53955,,,,
1322.516,5.04705,2.91105,12.49095,0.78554,-1.15225,-0.44151,,,,
1322.641,1.05105,2.51400,8.14305,-0.29040,-0.23829,-1.12750,,,,
1322.755,1.43205,1.31400,8.51205,-0.15304,-0.44715,0.01127,,,,
1322.883,3.47205,0.86700,10.35105,-0.58121,-0.17339,-0.73453,,,,
1323.006,2.72895,2.43705,8.38305,-0.89224,-0.16913,-1.07539,,,,
1323.129,2.46900,2.41095,8.97405,-0.35860,-0.06889,-0.50009,,,,
1323.253,1.44105,2.71995,9.59895,-0.15936,-0.23939,-0.31694,,,,
1323.374,2.71005,1.63095,11.99595,0.26345,-0.59414,0.09432,,,,
1323.498,3.82800,1.27905,9.28995,-0.66440,-0.81139,0.21147,,,,
1323.620,1.47000,0.88800,7.53000,-0.17435,0.32092,0.05170,,,,
1323.743,2.04495,1.58505,7.06095,0.09625,0.11743,0.00481,,,,
1323.873,3.03795,2.25495,12.18705,0.48716,0.85566,0.01980,,,,
1323.996,3.32595,1.06800,17.07105,-1.07442,1.08267,-0.96772,,,,
1324.119,2.25105,3.57195,4.37205,0.31254,0.04400,0.40425,,,,
1324.241,0.72300,2.93505,8.07405,-0.01457,-1.16188,-0.40205,,,,
1324.364,-1.89795,3.94605,5.88600,0.28586,1.99347,0.79626,,,,
1324.489,1.38900,2.34405,20.50200,-0.32766,-2.25486,0.42666,,,,
1324.613,1.73805,2.92305,7.69995,0.17504,-0.58135,-0.38294,,,,
1324.738,-1.29405,2.63400,2.12700,-0.57805,-0.28738,0.41181,,,,
1324.863,2.59500,1.02705,14.87100,1.14441,-0.24571,0.32862,,,,
1324.990,2.41305,-0.13500,18.47205,-0.59400,0.65863,-1.94136,,,,
1325.115,2.65305,3.12705,4.75800,-0.29576,-1.95126,-0.29136,,,,
1325.241,3.85200,1.14405,16.50600,0.11440,-0.86680,0.04208,,,,
1325.366,3.33495,3.76905,15.03405,-0.08057,-1.09368,-0.48840,,,,
1325.491,2.16900,2.25300,8.41605,0.33701,0.61600,-0.59702,,,,
1325.617,2.75595,2.54805,5.86395,0.96333,0.00880,-0.12306,,,,
1325.743,2.00595,3.55095,8.27700,-0.53116,-0.10615,-0.18686,,,,
1325.870,3.97695,2.49705,13.85100,-0.97006,0.23471,-0.62686,,,,
1325.995,2.27700,3.16500,7.69800,-0.28724,0.14094,-0.56402,,,,
1326.121,1.77195,3.64605,7.19505,-0.03052,-0.19360,-0.44041,,,,
1326.249,1.72905,4.85595,10.85595,0.30511,0.12595,-0.19016,,,,
1326.374,2.28195,3.76605,13.07505,0.26345,0.34650,-0.37125,,,,
1326.496,1.80105,3.23505,8.87400,0.17724,-0.09983,-0.15070,,,,
1326.622,1.07700,3.26295,5.26305,0.52030,0.15483,0.08154,,,,
1326.748,0.89595,4.06500,8.17395,-0.43849,0.22399,-0.41910,,,,
1326.872,2.38005,3.97695,9.86505,-1.10110,0.29109,-0.43409,,,,
1326.989,2.51895,2.57595,10.84200,0.04194,-0.57063,-0.04208,,,,
1327.114,0.65400,3.25095,6.52200,0.32739,0.29439,-0.33289,,,,
1327.239,1.44405,4.38900,8.32005,0.14850,-0.33742,-0.22000,,,,
1327.365,0.15600,5.95695,10.45905,0.12499,0.03011,-0.20075,,,,
1327.489,0.25605,3.33000,10.28100,-0.43849,-0.62604,0.10395,,,,
1327.613,0.89805,2.38200,8.39895,-0.38418,0.01416,0.24447,,,,
1327.738,1.90095,3.05700,7.11405,0.47341,-0.40975,0.04634,,,,
1327.863,1.57095,4.28100,9.59700,-0.42460,0.52869,-0.23059,,,,
1327.991,0.66600,1.16100,13.29795,-0.68035,0.95796,-0.31157,,,,
1328.117,1.41000,2.66700,7.44900,0.41484,0.14836,-0.33495,,,,
1328.242,0.14595,3.99105,6.66600,0.29232,0.04290,-0.40535,,,,
1328.369,0.00495,4.39305,10.94700,0.10588,-0.11577,-0.05692,,,,
1328.501,-1.21995,3.15795,10.74600,-0.48221,0.05032,-0.06765,,,,
1328.627,-0.04695,2.02605,10.21005,-0.22866,-0.08924,0.38720,,,,
1328.751,0.41700,2.62695,6.78105,0.55962,-0.14355,0.48524,,,,
1328.877,0.30705,3.72105,8.80905,0.11220,-0.02530,0.13269,,,,
1329.003,1.54905,3.03795,11.07105,-0.62384,0.08126,-0.13365,,,,
1329.128,2.98095,2.18400,10.50900,0.22509,-0.41938,0.00165,,,,
1329.255,0.51705,3.40005,7.77495,0.18782,0.27940,-0.31790,,,,
1329.380,0.34995,3.90300,7.40595,0.32629,0.14946,-0.34347,,,,
1329.506,-0.00405,4.82205,9.51795,0.13571,-0.16156,-0.07081,,,,
1329.631,-1.84005,3.22305,11.54805,-0.91781,0.19841,0.11248,,,,
1329.756,-0.16905,2.44005,9.41505,0.04194,-0.19140,0.40851,,,,
1329.883,0.18900,3.17505,7.24095,0.31364,-0.28407,0.36382,,,,
1330.010,0.30705,3.41205,9.49800,0.08456,-0.23829,-0.05692,,,,
1330.137,1.10595,2.26500,12.94800,-0.82307,0.03974,-0.43945,,,,
1330.253,3.92700,2.78505,8.98095,0.17930,-0.70276,-0.25506,,,,
1330.364,0.56295,3.00000,6.49395,0.49362,0.12595,-0.45746,,,,
1330.490,-0.07800,3.73695,8.86905,-0.07425,0.10574,-0.33605,,,,
1330.616,0.62700,4.39305,11.45205,-0.15194,-0.00605,-0.01966,,,,
1330.743,-1.92105,3.64200,9.94605,-0.00275,0.34018,0.60995,,,,
1330.905,0.60105,2.73195,5.86200,0.62989,0.17077,0.69616,,,,
1331.030,0.17700,2.38200,8.11005,-0.11577,0.05252,0.27225,,,,
1331.174,0.78300,3.86400,11.35200,-0.08374,0.12499,-0.08786,,,,
1331.301,1.05105,2.69100,9.89805,0.81537,-0.37042,-0.02819,,,,
1331.427,-0.00405,3.58695,6.39300,0.40205,-0.00825,-0.70895,,,,
1331.560,-0.17805,4.68600,8.35905,0.22509,0.04716,-0.44688,,,,
1331.713,-0.00795,5.26995,10.58805,0.24434,-0.14561,-0.01430,,,,
1331.839,-2.51505,4.43205,9.18495,-0.18067,0.09089,0.44165,,,,
1331.965,-0.59700,3.21795,7.74600,0.09089,0.11110,0.45444,,,,
1332.099,-0.60900,3.95805,7.78695,0.32216,-0.16156,0.12732,,,,
1332.226,0.35700,5.58600,9.43905,-0.10299,-0.21491,-0.05582,31.2517617,75.7044283,0.000,2.95
1332.353,0.18705,3.18000,11.13600,0.20707,0.63525,0.01980,31.2517617,75.7044283,0.000,2.95
1332.470,0.30705,3.34500,8.17905,0.10161,0.16761,-0.46172,31.2517617,75.7044283,0.000,2.95
1332.592,0.02895,4.45800,5.74395,0.44880,-0.15950,-0.18054,31.2517617,75.7044283,0.000,2.95
1332.711,-0.66900,5.40105,9.42195,0.07604,0.28256,-0.14960,31.2517617,75.7044283,0.000,2.95
1332.860,-1.07895,4.00095,12.10800,-0.56416,0.10148,-0.11124,31.2517617,75.7044283,0.000,2.95
1333.009,-0.50205,3.22305,8.11200,0.04620,0.02585,0.64075,31.2517617,75.7044283,0.000,2.95
1333.165,0.56295,4.02495,6.97995,-0.05720,0.00027,0.27115,31.2517033,75.7044033,1.312,353.55
1333.283,1.84605,4.79805,9.96795,0.29232,-0.32037,-0.24447,31.2517033,75.7044033,1.312,353.55
1333.426,1.18305,2.71305,12.84600,-0.53859,0.23471,-1.05834,31.2517033,75.7044033,1.312,353.55
1333.571,1.14195,3.54600,8.25795,-0.04868,0.00990,-0.75364,31.2517033,75.7044033,1.312,353.55
1333.721,1.27905,5.48805,7.12800,0.11330,-0.19786,-0.48840,31.2517033,75.7044033,1.312,353.55
1333.840,0.15300,6.22995,9.28095,0.45733,0.19099,-0.38926,31.2517033,75.7044033,1.312,353.55
1333.981,-1.23195,4.77705,10.05105,-0.34898,0.61174,-0.41910,31.2517033,75.7044033,1.312,353.55
1334.131,-0.01305,3.70200,8.91705,-0.42886,0.07494,-0.10601,31.2517033,75.7044033,1.312,353.55
1334.284,0.03405,5.13600,7.34100,0.02599,-0.33632,0.01870,31.2516817,75.7043300,1.184,345.84
1334.413,0.04605,5.45205,9.64395,0.16225,-0.49816,-0.20818,31.2516817,75.7043300,1.184,345.84
1334.531,0.43095,3.97395,11.05200,-0.22124,0.11852,-0.46283,31.2516817,75.7043300,1.184,345.84
1334.683,-0.25695,4.19205,8.18595,-0.36823,0.24214,-0.66522,31.2516817,75.7043300,1.184,345.84
1334.800,-0.02805,5.31495,6.53205,0.00467,0.04936,-0.22000,31.2516817,75.7043300,1.184,345.84
1334.919,-1.11000,5.86605,9.48600,0.20707,-0.04015,0.39792,31.2516817,75.7043300,1.184,345.84
1335.082,-1.85700,4.32195,9.87705,-0.01774,0.89402,0.65464,31.2516817,75.7043300,1.184,345.84
1335.200,-1.03800,2.77005,9.28500,-0.36603,0.40301,0.48950,31.2516800,75.7043317,1.061,111.31
1335.318,-0.27405,3.81405,7.99005,0.26029,0.10904,0.83146,31.2516800,75.7043317,1.061,111.31
1335.427,-0.92100,4.33395,9.21405,0.27527,0.12279,0.67485,31.2516800,75.7043317,1.061,111.31
1335.575,1.14000,4.43205,9.45795,-0.17751,-0.03699,0.44798,31.2516800,75.7043317,1.061,111.31
1335.716,2.80095,3.98595,9.38100,0.16129,-0.07535,0.55564,31.2516800,75.7043317,1.061,111.31
1335.873,0.54600,4.63995,6.74295,0.33591,0.28903,0.30099,31.2516800,75.7043317,1.061,111.31
1336.013,0.25395,5.50695,9.79305,0.05252,0.10904,0.31488,31.2516800,75.7043317,1.061,111.31
1336.160,-0.58800,5.29395,9.69195,-0.77509,0.21120,-0.01224,31.2516417,75.7043333,0.921,136.40
1336.279,-0.88005,4.47000,9.53895,-0.20419,-0.22234,0.51727,31.2516417,75.7043333,0.921,136.40
1336.427,0.08895,3.82800,7.14705,0.08140,-0.21587,0.75474,31.2516417,75.7043333,0.921,136.40
1336.538,0.28995,5.01405,9.46305,0.04620,-0.09872,0.30951,31.2516417,75.7043333,0.921,136.40
1336.689,1.98495,4.93500,9.13005,-0.65794,-0.48647,-0.11550,31.2516417,75.7043333,0.921,136.40
1336.839,2.86605,3.33300,8.99595,-0.10189,-0.28517,-0.33921,31.2516417,75.7043333,0.921,136.40
1337.010,0.85995,4.60695,6.30195,0.38074,-0.12114,-0.41278,31.2516417,75.7043333,0.921,136.40
1337.141,-0.16200,6.17505,9.94395,0.29865,0.14630,-0.33825,31.2516500,75.7043067,0.741,70.96
1337.291,-1.98600,4.09395,11.05500,-0.18604,0.49349,-0.26785,31.2516500,75.7043067,0.741,70.96
1337.434,-0.46605,3.46695,7.40595,-0.12430,0.13021,0.25410,31.2516500,75.7043067,0.741,70.96
1337.551,0.30705,4.12500,6.13005,0.26771,-0.16486,0.30305,31.2516500,75.7043067,0.741,70.96
1337.670,0.37800,4.99695,9.87195,0.01746,-0.27239,0.15826,31.2516500,75.7043067,0.741,70.96
1337.822,0.73800,3.11700,11.62395,-0.15414,0.70015,-0.29879,31.2516500,75.7043067,0.741,70.96
1337.941,1.72200,3.55800,7.60695,-0.22866,0.15579,-0.32752,31.2516500,75.7043067,0.741,70.96
1338.076,0.41895,4.60695,6.75900,0.32959,0.07810,-0.18164,31.2516500,75.7043067,0.741,70.96
1338.201,0.45000,5.68200,11.06400,0.26029,0.03658,0.19662,31.2516617,75.7042917,0.602,2.37
1338.319,0.00495,3.97695,12.13695,-0.62810,-0.11797,-0.24874,31.2516617,75.7042917,0.602,2.37
1338.456,0.25605,2.80800,8.87805,-0.03905,-0.17229,0.28394,31.2516617,75.7042917,0.602,2.37
1338.574,-0.14295,3.35895,7.20000,0.08566,0.10904,0.61944,31.2516617,75.7042917,0.602,2.37
1338.727,-0.05400,5.05695,8.94495,-0.08168,0.00027,0.18590,31.2516617,75.7042917,0.602,2.37
1338.874,0.52905,3.15105,11.81595,0.09625,0.69699,-0.09639,31.2516617,75.7042917,0.602,2.37
1338.992,1.04895,3.20595,8.19105,-0.41401,0.24420,-0.20818,31.2516617,75.7042917,0.602,2.37
1339.145,0.60300,4.27395,7.58805,-0.02200,-0.17971,-0.19332,31.2516717,75.7042883,0.598,358.12
1339.263,-0.49905,5.30595,10.17600,0.34128,0.13447,0.02076,31.2516717,75.7042883,0.598,358.12
1339.382,-1.20795,4.54395,11.65995,-0.16789,0.35296,0.06132,31.2516717,75.7042883,0.598,358.12
1339.537,-0.00795,3.29400,7.83900,-0.09543,0.20267,0.29452,31.2516717,75.7042883,0.598,358.12
1339.684,0.14595,3.43095,6.61095,0.10904,0.06311,0.12306,31.2516717,75.7042883,0.598,358.12
1339.810,-0.23400,4.50600,8.47605,-0.30002,-0.23939,0.12732,,,,
1339.925,0.15795,1.71000,17.45895,-1.37280,0.74071,-0.41058,,,,
1340.052,0.97005,3.19395,8.86200,0.27624,0.22083,-0.45636,,,,
1340.179,0.17700,4.28295,5.32095,0.85360,-0.45994,-0.36479,31.2516783,75.7042850,0.597,23.05
1340.303,0.12705,5.05695,9.67305,0.42336,-0.11261,-0.31364,31.2516783,75.7042850,0.597,23.05
1340.415,0.15795,6.17700,8.83800,0.13241,0.23787,-0.29452,31.2516783,75.7042850,0.597,23.05
1340.532,-1.35600,5.25795,8.50995,0.04510,0.05789,0.04111,31.2516783,75.7042850,0.597,23.05
1340.651,-0.47805,3.74205,8.04495,-0.03795,0.22289,0.01127,31.2516783,75.7042850,0.597,23.05
1340.804,-0.30300,4.69995,7.35795,0.02379,-0.17765,-0.06119,31.2516783,75.7042850,0.597,23.05
1340.945,0.87600,5.38695,9.83100,-0.31914,-0.02200,-0.16885,31.2516783,75.7042850,0.597,23.05
1341.063,1.82205,3.96195,10.54500,0.09735,-0.05088,-0.11344,31.2516783,75.7042850,0.597,23.05
1341.209,1.17600,4.20195,7.65000,0.37964,-0.07109,-0.52992,31.2516817,75.7042900,0.576,8.41
1341.355,0.81195,5.06895,7.02300,0.16335,-0.02530,-0.55344,31.2516817,75.7042900,0.576,8.41
1341.469,0.57900,6.58695,9.55305,0.25396,-0.34265,-0.19869,31.2516817,75.7042900,0.576,8.41
1341.588,-1.48995,4.90800,11.32005,-0.71115,0.19525,-0.12513,31.2516817,75.7042900,0.576,8.41
1341.738,-0.78405,3.24195,8.40195,-0.34471,0.18356,-0.15702,31.2516817,75.7042900,0.576,8.41
1341.857,-0.64995,3.48600,6.46005,0.24324,-0.35654,0.33399,31.2516817,75.7042900,0.576,8.41
1341.998,-0.57795,4.94400,8.93805,-0.15510,-0.25960,0.22110,31.2516817,75.7042900,0.576,8.41
1342.114,1.14495,3.43605,14.23395,-1.35575,0.17284,0.07301,31.2516817,75.7042900,0.576,8.41
1342.265,2.60295,3.65100,7.93500,0.43285,-0.06146,0.12843,31.2516750,75.7042933,0.569,261.52
1342.383,0.85200,4.44600,5.49300,0.65546,0.21340,0.24021,31.2516750,75.7042933,0.569,261.52
1342.502,0.29700,5.09505,8.27505,0.09941,0.14630,0.11248,31.2516750,75.7042933,0.569,261.52
1342.650,-0.57795,6.30195,8.64105,0.10368,0.60115,0.29879,31.2516750,75.7042933,0.569,261.52
1342.797,-2.25405,5.27895,8.29695,-0.41717,0.06105,1.42807,31.2516750,75.7042933,0.569,261.52
1342.951,-0.10695,4.31400,7.13505,0.34444,0.21766,1.04033,31.2516750,75.7042933,0.569,261.52
1343.069,-0.29805,3.77100,7.69605,0.50641,0.34760,0.22426,31.2516750,75.7042933,0.569,261.52
1343.187,0.01395,5.15700,9.36195,-0.21367,0.61174,0.08264,31.2516800,75.7043050,0.565,58.58
1343.306,1.04895,4.70895,10.86300,-0.12100,0.59153,0.06339,31.2516800,75.7043050,0.565,58.58
1343.456,1.39095,4.25700,7.23600,-0.02310,0.24324,-0.17627,31.2516800,75.7043050,0.565,58.58
1343.604,0.08205,4.62300,8.22705,-0.26482,-0.30222,-0.23595,31.2516800,75.7043050,0.565,58.58
1343.721,-0.44205,5.18595,10.93695,0.27417,0.22619,0.15496,31.2516800,75.7043050,0.565,58.58
1343.838,-0.50205,4.44795,11.07600,0.08883,0.00137,0.70042,31.2516800,75.7043050,0.565,58.58
1343.956,1.06800,3.43800,10.26900,-0.38954,-0.12540,0.17201,31.2516800,75.7043050,0.565,58.58
1344.074,0.34695,3.00000,6.67800,0.33907,-0.32037,-0.12939,31.2516800,75.7043050,0.565,58.58
1344.226,0.12705,3.51705,8.73195,-0.16266,-0.18507,-0.28380,31.2516933,75.7043233,0.607,38.34
1344.337,2.89200,5.83005,10.05405,-0.68241,-0.27981,-0.26675,31.2516933,75.7043233,0.607,38.34
1344.455,2.69595,4.20705,11.37105,0.63319,-0.20212,-0.16349,31.2516933,75.7043233,0.607,38.34
1344.606,1.36005,4.10400,5.83500,0.55756,-0.47699,-0.84315,31.2516933,75.7043233,0.607,38.34
1344.757,0.69195,4.79595,10.24800,0.08883,-0.49404,-0.81221,31.2516933,75.7043233,0.607,38.34
1344.902,1.55895,5.82495,10.45395,-0.30855,-0.48551,-0.79090,31.2516933,75.7043233,0.607,38.34
1345.020,-1.68405,4.62600,8.47095,0.13351,-0.00289,0.07411,31.2516933,75.7043233,0.607,38.34
1345.175,0.60795,3.90300,6.41205,0.37744,0.34114,0.73136,31.2517050,75.7043283,0.609,14.84
1345.294,1.20900,4.42005,7.10400,-0.31914,-0.22014,0.02076,31.2517050,75.7043283,0.609,14.84
1345.411,1.35000,4.85100,8.84700,-0.40329,-0.39174,-0.00151,31.2517050,75.7043283,0.609,14.84
1345.529,3.74700,3.16800,14.52105,-0.81565,-0.29796,0.05280,31.2517050,75.7043283,0.609,14.84
1345.680,2.26305,3.33000,7.43505,-0.23403,0.24750,-0.85374,31.2517050,75.7043283,0.609,14.84
1345.797,1.24695,4.40100,5.60100,0.26139,-0.27885,-0.68764,31.2517050,75.7043283,0.609,14.84
1345.937,0.20595,5.69595,10.29600,0.13997,0.07068,-0.26469,31.2517050,75.7043283,0.609,14.84
1346.070,1.64505,4.76505,12.56805,-0.14561,0.05032,-0.28174,31.2517050,75.7043283,0.609,14.84
1346.187,1.03395,4.23495,8.14605,0.13351,-0.26276,0.31378,31.2517067,75.7043233,0.602,281.88
1346.324,1.42500,3.72495,6.19905,1.19776,-0.35337,0.43739,31.2517067,75.7043233,0.602,281.88
1346.461,0.81705,5.10705,6.47700,-0.25630,-0.12114,-0.32972,31.2517067,75.7043233,0.602,281.88
1346.612,1.94400,6.01005,12.08895,-1.34296,0.12279,-0.36162,31.2517067,75.7043233,0.602,281.88
1346.754,3.43800,4.28595,8.85000,-0.06352,-0.13283,-0.25506,31.2517067,75.7043233,0.602,281.88
1346.873,1.02495,4.33800,3.96795,0.42859,-0.07645,-0.24131,31.2517067,75.7043233,0.602,281.88
1347.011,0.17700,5.38695,9.75705,-0.25850,0.01842,-0.22523,31.2517067,75.7043233,0.602,281.88
1347.152,1.73295,6.63900,10.59495,0.23898,-0.01884,0.16142,31.2517067,75.7043233,0.602,281.88
1347.271,-1.07895,5.67405,8.86605,0.19113,0.04290,0.74099,31.2517067,75.7043133,0.595,200.49
1347.418,0.49095,3.67305,7.25700,0.51384,0.54684,0.86762,31.2517067,75.7043133,0.595,200.49
1347.537,0.98205,4.48395,4.78200,0.03341,-0.14877,0.18384,31.2517067,75.7043133,0.595,200.49
1347.688,1.04205,5.51895,10.70505,-0.75171,0.71294,0.09116,31.2517067,75.7043133,0.595,200.49
1347.805,2.69400,3.88305,12.10800,0.31996,0.44770,-0.12622,31.2517067,75.7043133,0.595,200.49
1347.924,1.65195,4.05795,4.44405,0.15483,0.10684,-0.40109,31.2517067,75.7043133,0.595,200.49
1348.064,0.61305,4.58295,7.79400,-0.42886,-0.47369,-0.58644,31.2517067,75.7043133,0.595,200.49
1348.189,-0.24600,6.17205,11.35200,0.25602,-0.03162,0.08360,31.2517000,75.7043083,0.561,177.66
1348.299,-2.00295,5.38200,11.05905,0.09515,0.49885,0.24241,31.2517000,75.7043083,0.561,177.66
1348.417,0.78495,4.22595,10.62105,0.05899,-0.33949,0.67279,31.2517000,75.7043083,0.561,177.66
1348.535,0.37800,3.97905,5.27505,0.36149,0.12595,0.55027,31.2517000,75.7043083,0.561,177.66
1348.687,0.31905,4.29000,8.13105,0.05156,-0.04661,0.03465,31.2517000,75.7043083,0.561,177.66
1348.833,1.59000,3.18705,18.54900,-1.72219,0.51274,-0.60019,31.2517000,75.7043083,0.561,177.66
1348.952,4.36200,4.69500,6.96300,1.09436,-0.22234,0.16033,31.2517000,75.7043083,0.561,177.66
1349.097,0.74205,4.39605,4.72005,0.06957,-0.44495,-0.67059,31.2517000,75.7043083,0.561,177.66
1349.255,-0.66195,6.66300,9.06705,0.10161,0.03864,-0.26469,31.2517033,75.7043217,0.517,98.15
1349.373,0.47400,6.39705,9.73995,-0.35544,-0.12966,-0.24227,31.2517033,75.7043217,0.517,98.15
1349.491,-0.09000,5.53800,7.89000,-0.45664,-0.30222,0.35420,31.2517033,75.7043217,0.517,98.15
1349.609,0.07395,3.44805,9.04605,-0.21587,0.28256,0.35104,31.2517033,75.7043217,0.517,98.15
1349.757,0.62505,4.00995,7.48305,-0.02516,-0.08277,0.03259,31.2517033,75.7043217,0.517,98.15
1349.873,0.27495,4.45095,10.56105,-0.24887,0.38376,-0.08250,31.2517033,75.7043217,0.517,98.15
1350.008,1.57500,3.23205,10.63305,0.32313,0.03121,0.06985,31.2517033,75.7043217,0.517,98.15
1350.126,0.24705,3.80700,7.43205,-0.08484,-0.12430,-0.19649,31.2517033,75.7043217,0.517,98.15
1350.274,0.28005,3.98595,7.86300,0.23691,-0.11371,-0.34774,31.2517083,75.7043300,0.000,98.15
1350.421,0.99600,5.13795,10.22400,0.21450,-0.25107,-0.07934,31.2517083,75.7043300,0.000,98.15
1350.552,-1.02600,4.15395,10.14495,-0.26592,0.39229,0.15496,31.2517083,75.7043300,0.000,98.15
1350.670,0.20400,3.54300,7.99695,0.26675,-0.01251,0.36589,31.2517083,75.7043300,0.000,98.15
1350.818,0.55305,3.76605,7.81500,0.11220,-0.01994,0.01224,31.2517083,75.7043300,0.000,98.15
1350.987,0.59400,4.65195,9.68505,-0.21271,-0.14988,-0.30841,31.2517083,75.7043300,0.000,98.15
1351.130,2.03295,3.77295,10.80300,-0.08168,-0.31185,-0.44798,31.2517067,75.7043317,0.000,198.76
1351.247,1.53195,3.59100,8.34900,-0.00701,-0.03272,-0.51288,31.2517067,75.7043317,0.000,198.76
1351.394,0.49800,4.30995,7.13295,0.07604,-0.18824,-0.37221,31.2517067,75.7043317,0.000,198.76
1351.544,0.75195,5.28600,9.40500,0.06531,0.05679,-0.02502,31.2517067,75.7043317,0.000,198.76
1351.663,-1.02600,4.62600,10.00095,-0.35544,0.07810,-0.78031,31.2517067,75.7043317,0.000,198.76
1351.796,0.04800,4.06305,8.91900,-0.08168,-0.40659,0.35420,31.2517067,75.7043317,0.000,198.76
1351.948,0.23700,3.85005,6.85500,0.25712,-0.15207,0.19016,31.2517067,75.7043317,0.000,198.76
1352.097,0.36900,4.51095,9.20895,0.18782,-0.35654,0.01650,31.2517067,75.7043317,0.000,198.76
1352.215,1.76205,3.52395,10.32195,-1.03826,-0.06366,-0.27101,31.2517067,75.7043333,0.000,198.76
1352.361,2.83500,2.83995,10.15695,-0.15936,-0.48441,-0.11880,31.2517067,75.7043333,0.000,198.76
1352.506,1.02705,4.24305,6.46695,0.10271,-0.02626,-0.06119,31.2517067,75.7043333,0.000,198.76
1352.654,0.69405,4.42200,10.56600,0.02599,0.13668,-0.13901,31.2517067,75.7043333,0.000,198.76
1352.779,1.03395,3.87105,11.69595,-0.22976,-0.13172,-0.05266,31.2517067,75.7043333,0.000,198.76
1352.897,-0.71505,2.94705,8.71995,0.30511,0.26661,0.72284,31.2517067,75.7043333,0.000,198.76
1353.040,-0.05400,2.38905,7.37505,0.30401,0.29645,0.73989,31.2517067,75.7043333,0.000,198.76
1353.186,0.46500,3.29895,8.64795,0.12815,0.05142,0.23595,31.2517117,75.7043217,0.000,198.76
1353.304,1.62105,3.52905,10.33395,-0.17119,0.12815,0.10395,31.2517117,75.7043217,0.000,198.76
1353.422,2.31495,1.64700,12.14205,0.39669,0.22935,0.37125,31.2517117,75.7043217,0.000,198.76
1353.560,1.17105,2.89500,8.14605,0.07068,0.28586,-0.15070,31.2517117,75.7043217,0.000,198.76
1353.678,1.05795,3.53895,7.44195,0.16555,-0.18824,-0.18260,31.2517117,75.7043217,0.000,198.76
1353.829,1.03005,3.40500,11.88795,0.06105,0.30498,0.16569,31.2517117,75.7043217,0.000,198.76
1353.985,-0.59700,2.61495,10.17795,0.18150,0.57241,0.41387,31.2517117,75.7043217,0.000,198.76
1354.103,0.49995,2.12895,9.87900,-0.21161,-0.08071,0.18700,31.2517117,75.7043217,0.000,198.76
1354.222,0.17205,2.91405,7.19805,0.11756,0.01306,0.20611,31.2517117,75.7043217,0.000,198.76
1354.371,0.86895,3.12195,9.73995,0.00894,-0.27981,0.05802,31.2517117,75.7043217,0.000,198.76
1354.489,1.59195,4.02000,9.72600,-0.17545,-0.20735,-0.07288,31.2517117,75.7043217,0.000,198.76
1354.613,0.96705,3.64200,9.18705,0.50421,-0.00495,0.19443,31.2517117,75.7043217,0.000,198.76
1354.766,0.82605,3.33795,7.57605,0.08663,0.35929,0.14011,31.2517117,75.7043217,0.000,198.76
1354.915,-0.03195,3.49095,9.01695,-0.09226,0.32313,0.35104,31.2517117,75.7043217,0.000,198.76
1355.040,0.94605,4.19205,10.72200,0.04730,-0.08497,0.84741,31.2517117,75.7043217,0.000,198.76
1355.187,0.06495,3.89295,7.79400,-0.01980,-0.00179,1.21715,31.2517217,75.7042867,0.000,198.76
1355.305,0.12000,3.58200,8.09100,0.29659,0.20597,0.99976,31.2517217,75.7042867,0.000,198.76
1355.422,0.41205,3.35400,9.45795,-0.12210,-0.03905,0.35640,31.2517217,75.7042867,0.000,198.76
1355.532,0.21105,3.28005,10.83195,-0.50133,-0.18618,0.30415,31.2517217,75.7042867,0.000,198.76
1355.678,1.08495,2.73195,11.58600,-0.59400,0.18673,0.63332,31.2517217,75.7042867,0.000,198.76
1355.830,1.63095,2.46600,8.75895,0.07288,0.06531,0.06765,31.2517217,75.7042867,0.000,198.76
1355.976,1.67400,3.03795,7.81995,0.27734,-0.42680,0.14121,31.2517217,75.7042867,0.000,198.76
1356.120,1.52505,3.63195,10.13295,-0.23829,-0.10945,0.08154,31.2517217,75.7042867,0.000,198.76
1356.238,0.73995,2.73705,13.08495,-0.88907,0.09831,0.64831,31.2517250,75.7042667,0.000,198.76
1356.357,1.50600,2.53800,9.60405,1.11141,-0.18824,1.25015,31.2517250,75.7042667,0.000,198.76
1356.508,0.37395,2.04000,7.53795,0.88454,0.09831,0.78884,31.2517250,75.7042667,0.000,198.76
1356.644,1.44600,2.72205,9.30900,0.28806,0.13131,0.51398,31.2517250,75.7042667,0.000,198.76
1356.763,2.55195,2.78700,10.71705,-0.28724,0.48826,0.54065,31.2517250,75.7042667,0.000,198.76
1356.910,3.04995,2.20500,11.63400,-0.73782,0.80988,0.46929,31.2517250,75.7042667,0.000,198.76
1357.027,3.90495,2.63400,7.66395,0.74924,-0.15950,0.09432,31.2517250,75.7042667,0.000,198.76
1357.146,2.64105,2.65305,6.12495,0.49253,-0.15207,-0.64075,31.2517250,75.7042667,0.000,198.76
1357.276,0.70605,3.20805,8.61705,-0.20419,-0.59304,-0.76533,31.2517300,75.7042650,0.000,198.76
1357.425,0.43800,4.29000,9.44805,-0.32876,0.76725,0.04001,31.2517300,75.7042650,0.000,198.76
1357.573,2.67195,3.62505,12.85005,0.96759,-0.55357,0.88371,31.2517300,75.7042650,0.000,198.76
1357.691,1.75005,2.54505,8.12895,0.78760,0.75666,0.13901,31.2517300,75.7042650,0.000,198.76
1357.810,1.00995,3.25095,4.39905,0.44027,0.10368,0.41497,31.2517300,75.7042650,0.000,198.76
1357.962,2.10000,4.27395,8.40195,-0.59620,-0.55467,0.59070,31.2517300,75.7042650,0.000,198.76
1358.081,3.54405,3.16305,13.44600,-1.87234,-0.04758,-0.34347,31.2517300,75.7042650,0.000,198.76
1358.198,4.75695,3.21105,9.13500,0.34334,-0.07961,0.09006,31.2517217,75.7042400,0.000,198.76
1358.319,2.28705,3.08895,6.84600,-0.12636,0.29645,-0.62686,31.2517217,75.7042400,0.000,198.76
1358.438,2.21700,3.52695,9.29505,0.04826,-0.08071,-0.44467,31.2517217,75.7042400,0.000,198.76
1358.584,1.68105,4.45095,10.87695,0.00894,-0.14988,-0.23705,31.2517217,75.7042400,0.000,198.76
1358.705,0.61305,2.98605,10.86300,0.34980,-0.19250,0.30525,31.2517217,75.7042400,0.000,198.76
1358.850,0.57900,2.80095,7.05900,0.52346,0.55743,0.45760,31.2517217,75.7042400,0.000,198.76
1359.023,1.40505,3.79200,9.40305,0.18782,0.17820,-0.07397,31.2517217,75.7042400,0.000,198.76
1359.181,1.82400,1.93500,11.38305,-0.50875,0.67884,-0.53102,31.2517233,75.7042267,0.000,198.76
1359.331,1.20705,3.47895,7.27200,-0.47052,0.27404,-0.51934,31.2517233,75.7042267,0.000,198.76
1359.442,0.31395,4.57500,7.67895,-0.17751,-0.15304,-0.36699,31.2517233,75.7042267,0.000,198.76
1359.590,0.53595,5.00895,10.87995,0.13571,0.05362,-0.15180,31.2517233,75.7042267,0.000,198.76
1359.708,-1.06905,3.70200,9.83400,-0.35970,0.38486,0.04208,31.2517233,75.7042267,0.000,198.76
1359.850,-0.15195,1.96095,9.19905,0.20487,0.16225,0.35736,31.2517233,75.7042267,0.000,198.76
1359.965,0.89805,2.77005,6.92505,0.23691,-0.16156,0.45224,31.2517233,75.7042267,0.000,198.76
1360.083,0.46005,2.80605,9.48600,-0.23403,-0.14245,-0.11880,31.2517233,75.7042267,0.000,198.76
1360.233,1.10895,1.32600,14.63895,-0.48537,0.30814,-0.11028,31.2517433,75.7042117,0.000,198.76
1360.351,2.84400,2.73195,8.05005,0.09845,-0.30855,-0.48098,31.2517433,75.7042117,0.000,198.76
1360.501,-0.21705,3.34695,6.72795,0.11330,-0.18507,-0.13255,31.2517433,75.7042117,0.000,198.76
1360.620,0.80505,3.50805,8.76795,-0.42680,-0.23513,-0.20075,31.2517433,75.7042117,0.000,198.76
1360.770,0.11505,0.77805,11.88795,-0.31488,-0.24255,-0.30415,31.2517433,75.7042117,0.000,198.76
1360.916,1.43700,1.12800,9.84105,0.16871,-0.20845,0.53749,31.2517433,75.7042117,0.000,198.76
1361.063,2.36595,1.35000,7.57605,0.82486,0.81208,0.20941,31.2517433,75.7042117,0.000,198.76
1361.206,1.58700,2.53995,9.78105,0.06641,-0.45141,-0.35943,31.2517433,75.7042117,0.000,198.76
1361.338,2.21700,0.42900,14.25600,-0.19662,0.35076,-0.99124,,,,
1361.457,2.65500,2.23605,7.52805,-0.42570,-0.48978,-1.90204,,,,
1361.594,2.35800,1.84095,11.32800,-0.16473,-1.32385,-1.94893,,,,
1361.709,-0.49695,3.01695,8.54295,0.34980,-0.68571,-1.96914,,,,
1361.828,-2.56500,3.68505,10.43205,0.35723,0.14300,-1.28411,,,,
1361.979,0.49800,3.15795,11.14305,0.35833,1.14647,-0.88151,,,,
1362.127,-1.70595,4.03905,5.95305,0.61504,-1.40264,-0.11880,,,,
1362.245,2.02605,3.06000,7.72005,-0.95521,-1.54000,-1.14991,,,,
1362.387,0.12900,2.98995,10.23105,-0.23829,-0.37469,-0.57681,,,,
1362.505,1.40505,4.21095,8.99100,-0.67389,0.93555,0.70042,,,,
1362.664,1.82700,3.82800,9.37200,0.36259,0.21436,1.28947,,,,
1362.802,2.09295,3.93105,8.48295,0.80891,-0.55687,0.78141,,,,
1362.920,1.21395,4.29000,7.99500,0.42432,-0.01994,0.34471,,,,
1363.063,0.98205,3.04305,12.21795,-0.75804,0.65326,0.49692,,,,
1363.209,1.32405,2.45205,8.33205,-0.22440,0.69273,0.04854,,,,
1363.318,0.99795,2.21895,8.95305,-0.57489,0.83861,0.90819,,,,
1363.459,-0.21405,2.59095,9.11805,0.54794,-0.13709,0.64611,,,,
1363.577,0.10500,2.55195,11.00700,-0.38734,0.48070,0.65574,,,,
1363.726,1.91505,1.96095,9.98400,0.31254,0.81414,0.96456,,,,
1363.845,0.34200,2.97795,8.15505,0.22619,0.17930,0.42460,,,,
1363.994,-0.56205,3.71295,7.66905,0.26345,0.06421,0.40425,,,,
1364.140,-0.98295,4.14705,9.61305,0.28476,0.22083,0.45540,,,,
1364.258,-0.45405,4.23300,10.61400,-0.45237,-0.26180,0.44907,,,,
1364.375,-0.15495,2.80800,10.55400,0.06435,-0.16486,0.86666,,,,
1364.492,0.64395,3.14100,7.76295,0.43285,0.01622,0.78774,,,,
1364.611,0.22800,3.69705,7.75500,0.25919,-0.19250,0.12732,,,,
1364.761,2.01600,3.23505,11.68200,-0.88385,-0.19044,-0.21037,,,,
1364.909,2.88495,3.08400,8.17695,0.70991,-0.05514,-0.27747,,,,
1365.027,0.09105,3.64605,7.42695,-0.03369,0.36149,-0.40315,,,,
1365.144,0.07395,4.08495,8.66295,0.19429,-0.02956,-0.38294,,,,
1365.262,0.18705,4.30500,10.71705,-0.05816,-0.09872,-0.05912,,,,
1365.435,-0.19995,3.57900,9.81900,0.14424,-0.25754,0.28710,,,,
1365.580,-0.11100,2.91105,8.11200,0.18466,0.12925,0.26373,,,,
1365.726,-0.12105,4.22295,9.18000,-0.12526,-0.34595,-0.15496,,,,
1365.876,0.79305,3.27105,10.76505,-0.66110,-0.50889,-1.13602,,,,
1366.052,1.03905,2.56200,10.39905,-0.06999,-0.25850,-0.90599,,,,
1366.170,-0.23100,3.68505,7.92495,0.20281,0.00990,-0.72380,,,,
1366.288,-0.26700,4.10595,9.17295,0.03548,-0.19566,-0.42983,,,,
1366.407,0.45705,4.22295,9.28800,0.23265,-0.26606,-0.38294,,,,
1366.549,-1.57200,3.31095,10.06305,0.00467,0.08869,0.06765,,,,
1366.693,-0.86295,3.12900,9.34005,-0.05390,0.37950,0.81551,,,,
1366.811,0.44100,3.63900,8.62200,0.05899,-0.02736,0.41924,,,,
1366.929,0.39000,3.66300,8.31105,0.26881,0.00027,0.03149,,,,
1367.070,0.69405,3.69000,9.14400,-0.30209,-0.07741,0.22220,,,,
1367.213,0.99795,3.18900,9.78105,0.03231,0.08663,0.12306,,,,
1367.356,0.57705,3.41700,8.17395,0.11976,0.17820,-0.05582,,,,
1367.497,0.35205,3.98205,8.87805,0.26029,0.11536,-0.05156,,,,
1367.614,-0.19500,4.42200,9.12495,0.51068,0.43175,0.03355,,,,
1367.765,-2.43105,4.09200,8.90700,0.11550,0.25699,0.24447,,,,
1367.916,-0.58800,2.80800,9.25695,0.14204,0.05459,0.38940,,,,
1368.041,-0.00405,3.06705,8.08095,-0.04441,-0.28738,0.11674,,,,
1368.189,0.39300,3.63195,9.97995,-0.20309,-0.28311,0.02186,,,,
1368.336,1.53705,3.41700,8.77500,0.12925,0.08663,-0.03781,,,,
1368.458,-0.53295,3.36600,9.14205,-0.16692,0.12279,-0.38184,,,,
1368.576,-0.39195,3.62205,9.01005,0.20171,-0.00605,-0.13791,,,,
1368.695,-0.98295,3.89805,9.98700,-0.18494,0.04400,-0.14437,,,,
1368.837,-1.39005,2.01795,10.60500,-0.23499,-0.29260,-0.33289,,,,
1368.954,0.18405,1.82400,9.35700,0.03548,0.12499,0.63126,,,,
1369.072,-0.09495,2.20500,7.93695,0.11756,0.23361,0.67059,,,,
1369.222,-0.45405,2.94705,8.40195,-0.17119,0.21972,0.19869,,,,
